test_region,val_region,run_ID,patch_size,loop,epoch,train_loss,val_loss,val_accuracy,val_f1,val_precision,val_recall,val_auroc,train_accuracy,train_f1,train_precision,train_recall,train_auroc,AWEIp95,best_epoch
Hartbeespoort,Rodman,T-Har_V-Rod_15px_2026-07-22,15,inner,1,0.3248613070196914,1.0758310516130445,0.7022526860237122,0.636798083782196,0.8174846768379211,0.5215263962745667,0.7658742666244507,0.8650433421134949,0.860791802406311,0.8840503692626953,0.838725745677948,0.9347804188728333,True,17.0
Hartbeespoort,Rodman,T-Har_V-Rod_15px_2026-07-22,15,inner,2,0.2261202507302183,0.6824699662457951,0.6885406374931335,0.552742600440979,0.9825000166893004,0.3845401108264923,0.8447805643081665,0.9195212721824646,0.918457806110382,0.925969660282135,0.9110668897628784,0.9688812494277954,True,17.0
Hartbeespoort,Rodman,T-Har_V-Rod_15px_2026-07-22,15,inner,3,0.1822639399196213,0.5888400104090236,0.8207639455795288,0.820588231086731,0.8222004175186157,0.8189823627471924,0.8656737804412842,0.9370202422142028,0.9364113807678224,0.9407233595848083,0.9321386814117432,0.9794694185256958,True,17.0
Hartbeespoort,Rodman,T-Har_V-Rod_15px_2026-07-22,15,inner,4,0.1666779369669318,1.017317366354846,0.6390793323516846,0.4528582096099853,0.9384615421295166,0.2984344363212585,0.8925338983535767,0.9460998773574828,0.9457595944404602,0.9469394683837892,0.94458270072937,0.982160210609436,True,17.0
Hartbeespoort,Rodman,T-Har_V-Rod_15px_2026-07-22,15,inner,5,0.156015091136965,0.3722194217211119,0.8966699242591858,0.8970229625701904,0.894839346408844,0.8992172479629517,0.92982280254364,0.9498968124389648,0.949446141719818,0.953177273273468,0.9457441568374634,0.9834973812103271,True,17.0
Hartbeespoort,Rodman,T-Har_V-Rod_15px_2026-07-22,15,inner,6,0.1279230978805764,0.510509390788961,0.7727717757225037,0.7107232213020325,0.9793814420700072,0.557729959487915,0.96441912651062,0.9595542550086976,0.95932936668396,0.9598073363304138,0.9588518142700196,0.9884446263313292,True,17.0
Hartbeespoort,Rodman,T-Har_V-Rod_15px_2026-07-22,15,inner,7,0.1373204920436299,0.3425553321663243,0.8731635808944702,0.865174412727356,0.9243603944778442,0.8131115436553955,0.9464410543441772,0.9565827250480652,0.9562031626701356,0.959719181060791,0.9527127742767334,0.987158179283142,True,17.0
Hartbeespoort,Rodman,T-Har_V-Rod_15px_2026-07-22,15,inner,8,0.1283378880334156,0.386242459499871,0.8300685882568359,0.8096544146537781,0.9213483333587646,0.7221134901046753,0.95647132396698,0.958728849887848,0.9584924578666688,0.9591294527053832,0.957856297492981,0.9886776208877563,True,17.0
Hartbeespoort,Rodman,T-Har_V-Rod_15px_2026-07-22,15,inner,9,0.1273165821549423,0.424076787492554,0.8751224279403687,0.8751835823059082,0.8756121397018433,0.8747553825378418,0.9360908269882202,0.9584811925888062,0.9582746028900146,0.9581950902938844,0.9583540558815002,0.9887176752090454,True,17.0
Hartbeespoort,Rodman,T-Har_V-Rod_15px_2026-07-22,15,inner,10,0.1221328008681646,0.4966576619841793,0.8197845220565796,0.8012958765029907,0.8939759135246277,0.7260273694992065,0.9378726482391356,0.9610400199890136,0.9607908129692078,0.9620695114135742,0.9595155119895936,0.9892832040786744,True,17.0
Hartbeespoort,Rodman,T-Har_V-Rod_15px_2026-07-22,15,inner,11,0.1123241199179715,0.4403087962765418,0.8315377235412598,0.8054298758506775,0.9544236063957214,0.6966732144355774,0.9205143451690674,0.9648369550704956,0.9646238088607788,0.965586006641388,0.9636635184288024,0.9906071424484252,True,17.0
Hartbeespoort,Rodman,T-Har_V-Rod_15px_2026-07-22,15,inner,12,0.117226741019847,0.6886693649614243,0.7100881338119507,0.6005398035049438,0.967391312122345,0.4354207515716553,0.958673894405365,0.9635162949562072,0.963392436504364,0.9617992639541626,0.9649908542633056,0.9899808764457704,True,17.0
Hartbeespoort,Rodman,T-Har_V-Rod_15px_2026-07-22,15,inner,13,0.114036636922264,0.3108550004522434,0.8981390595436096,0.9008579850196838,0.8782528042793274,0.9246575236320496,0.9330475330352784,0.9633511900901794,0.963098406791687,0.964862585067749,0.961340606212616,0.990950345993042,True,17.0
Hartbeespoort,Rodman,T-Har_V-Rod_15px_2026-07-22,15,inner,14,0.1085965067394203,0.2883733033579314,0.872184157371521,0.86080002784729,0.9460726976394652,0.7896282076835632,0.9695627689361572,0.965910017490387,0.965757429599762,0.965197205543518,0.9663182497024536,0.9913100600242616,True,17.0
Hartbeespoort,Rodman,T-Har_V-Rod_15px_2026-07-22,15,inner,15,0.1102549789005254,0.276827282860627,0.8917727470397949,0.8864920139312744,0.9329729676246644,0.8444226980209351,0.9605080485343932,0.9653322100639344,0.9652087688446044,0.9637717008590698,0.9666500687599182,0.9912047386169434,True,17.0
Hartbeespoort,Rodman,T-Har_V-Rod_15px_2026-07-22,15,inner,16,0.103831820542341,0.2735104826621047,0.8834475874900818,0.8766839504241943,0.9317180514335632,0.8277886509895325,0.9635154008865356,0.969294250011444,0.969149112701416,0.9688277244567872,0.969470739364624,0.9916770458221436,True,17.0
Hartbeespoort,Rodman,T-Har_V-Rod_15px_2026-07-22,15,inner,17,0.1003332427185869,0.25340482043823,0.9314397573471068,0.9312376976013184,0.9349112510681152,0.927592933177948,0.9640027284622192,0.9684688448905944,0.9683513045310974,0.9670693278312684,0.969636619091034,0.9930107593536376,True,17.0
Hartbeespoort,Rodman,T-Har_V-Rod_15px_2026-07-22,15,inner,18,0.1019383951790978,0.4392672684207836,0.8310480117797852,0.802744448184967,0.9656121134757996,0.6868884563446045,0.8947584629058838,0.969376802444458,0.9692397117614746,0.9686775207519532,0.9698025584220886,0.9922854900360109,True,17.0
Hartbeespoort,Rodman,T-Har_V-Rod_15px_2026-07-22,15,inner,19,0.1033808664858857,0.3074519854626389,0.8682664036750793,0.8586442470550537,0.9273552894592284,0.7994129061698914,0.9595986604690552,0.965910017490387,0.9657971262931824,0.964120388031006,0.967479646205902,0.9923880100250244,True,17.0
Hartbeespoort,Rodman,T-Har_V-Rod_15px_2026-07-22,15,inner,20,0.0996422390227124,0.2736684858186004,0.8834475874900818,0.8757829070091248,0.9384787678718568,0.8209393620491028,0.9686226844787598,0.9684688448905944,0.9683669805526732,0.9666060209274292,0.9701343774795532,0.9932695031166076,True,17.0
Hartbeespoort,Rodman,T-Har_V-Rod_15px_2026-07-22,15,inner,21,0.0963034414732771,0.2623513475366951,0.8898138999938965,0.8840803503990173,0.9336234927177428,0.839530348777771,0.9673064947128296,0.9707800149917604,0.9706953763961792,0.9686105847358704,0.9727891087532043,0.9931297302246094,True,17.0
Hartbeespoort,Rodman,T-Har_V-Rod_15px_2026-07-22,15,inner,22,0.09489547888688,0.344825940518608,0.848188042640686,0.8318871855735779,0.9330900311470032,0.7504892349243164,0.9626750946044922,0.9701197147369384,0.9700480103492736,0.9674863815307616,0.9726231694221495,0.993257999420166,True,17.0
Hartbeespoort,Rodman,T-Har_V-Rod_15px_2026-07-22,15,inner,23,0.0942941805608401,0.4070808568004296,0.8285993933677673,0.7995418310165405,0.9640883803367616,0.6829745769500732,0.9622788429260254,0.9702847599983216,0.9701887965202332,0.9684245586395264,0.9719595313072203,0.9936991930007936,True,17.0
Hartbeespoort,Rodman,T-Har_V-Rod_15px_2026-07-22,15,inner,24,0.0944113076917036,0.3775917639432294,0.8281096816062927,0.8048915863037109,0.9317889213562012,0.7084148526191711,0.9552434682846068,0.9699546098709106,0.9698824882507324,0.9673213362693788,0.9724572896957396,0.9936036467552184,True,17.0
Hartbeespoort,Rodman,T-Har_V-Rod_15px_2026-07-22,15,inner,25,0.0911239488372441,0.2552380562996187,0.8937316536903381,0.8884318470954895,0.9360780119895936,0.8454011678695679,0.9685622453689576,0.9722657799720764,0.9721808433532716,0.9702528715133668,0.9741165041923524,0.9935513734817504,True,17.0
Hartbeespoort,Rodman,T-Har_V-Rod_15px_2026-07-22,15,inner,26,0.0912593706146196,0.2557186506082916,0.901077389717102,0.8988988995552063,0.9200819730758668,0.878669261932373,0.9644766449928284,0.971275269985199,0.9711442589759828,0.9706613421440125,0.9716276526451112,0.993768036365509,True,17.0
Hartbeespoort,Rodman,T-Har_V-Rod_15px_2026-07-22,15,inner,27,0.0873892554277619,0.2781017772656346,0.8868756294250488,0.8824427723884583,0.9194061756134032,0.8483365774154663,0.9548511505126952,0.9735039472579956,0.9734337329864502,0.971103012561798,0.97577565908432,0.9943416714668274,True,17.0
Hartbeespoort,Mula,T-Har_V-Mul_15px_2026-07-22,15,inner,1,0.3576803285546869,0.583617992727913,0.7287644743919373,0.6278145909309387,0.9349112510681152,0.4725822508335113,0.8295431733131409,0.8375672101974487,0.8357184529304504,0.845841109752655,0.8258352875709534,0.9207911491394044,True,6.0
Hartbeespoort,Mula,T-Har_V-Mul_15px_2026-07-22,15,inner,2,0.3032263550030381,0.4391311326542416,0.8334941864013672,0.8117839694023132,0.8963855504989624,0.7417746782302856,0.8970832824707031,0.8791890740394592,0.8770215511322021,0.8935804963111877,0.861065149307251,0.943448543548584,True,6.0
Hartbeespoort,Mula,T-Har_V-Mul_15px_2026-07-22,15,inner,3,0.2082486884365606,0.3446617972494092,0.84555983543396,0.8179749846458435,0.9523178935050964,0.7168494462966919,0.9596197605133056,0.9251965284347534,0.9250290393829346,0.9276447296142578,0.9224280714988708,0.9729732275009156,True,6.0
Hartbeespoort,Mula,T-Har_V-Mul_15px_2026-07-22,15,inner,4,0.1786116554957063,0.4293222959552492,0.8209459185600281,0.7808623909950256,0.9579710364341736,0.6590229272842407,0.9238766431808472,0.9392635226249696,0.939117431640625,0.9419301152229308,0.9363215565681458,0.979739546775818,True,6.0
Hartbeespoort,Mula,T-Har_V-Mul_15px_2026-07-22,15,inner,5,0.1637649449241225,0.3656734282215589,0.8687258958816528,0.8599382042884827,0.8892439007759094,0.8325024843215942,0.9218145608901978,0.9488622546195984,0.9488580226898192,0.9494866132736206,0.9482302069664,0.981471061706543,True,6.0
Hartbeespoort,Mula,T-Har_V-Mul_15px_2026-07-22,15,inner,6,0.1378453542374731,0.2458195091444553,0.9140926599502563,0.908717930316925,0.9355860352516174,0.8833499550819397,0.9608564376831056,0.955068290233612,0.9549489617347716,0.958048939704895,0.951869010925293,0.9874318838119508,True,6.0
Hartbeespoort,Mula,T-Har_V-Mul_15px_2026-07-22,15,inner,7,0.1280224887174074,1.2374363077901531,0.5637065768241882,0.1855855882167816,0.962616801261902,0.102691926062107,0.9116998910903932,0.9596193432807922,0.959649384021759,0.9594907164573668,0.959808111190796,0.9884296655654908,True,6.0
Hartbeespoort,Mula,T-Har_V-Mul_15px_2026-07-22,15,inner,8,0.1256146372751751,0.2811821183642825,0.8894787430763245,0.8773433566093445,0.9479166865348816,0.8165503740310669,0.957156538963318,0.961853563785553,0.961903989315033,0.9611890912055968,0.9626199007034302,0.9884372353553772,True,6.0
Hartbeespoort,Mula,T-Har_V-Mul_15px_2026-07-22,15,inner,9,0.127869139800991,0.3399965913254322,0.8812741041183472,0.8707982897758484,0.9200887680053712,0.8265204429626465,0.9406187534332277,0.959122896194458,0.9591262340545654,0.9596026539802552,0.9586503505706788,0.9884939193725586,True,6.0
Hartbeespoort,Mula,T-Har_V-Mul_15px_2026-07-22,15,inner,10,0.1344467565577583,0.488663361281962,0.7799227833747864,0.7167701721191406,0.9505766034126282,0.5752741694450378,0.9376174807548524,0.9571369290351868,0.9570552110671996,0.9594414830207824,0.9546808004379272,0.987693727016449,True,6.0
Hartbeespoort,Mula,T-Har_V-Mul_15px_2026-07-22,15,inner,11,0.1163295662792744,0.3068384852936369,0.8880308866500854,0.8763326406478882,0.9415807723999025,0.8195413947105408,0.9524857997894288,0.96359121799469,0.9636303782463074,0.9631526470184326,0.9641085267066956,0.9900676012039183,True,6.0
Hartbeespoort,Mula,T-Har_V-Mul_15px_2026-07-22,15,inner,12,0.1093795920132259,0.433181949463245,0.8281853199005127,0.7932636737823486,0.9499304294586182,0.6809571385383606,0.9310245513916016,0.9659909009933472,0.9660527110099792,0.964857280254364,0.9672510623931884,0.9913442134857178,True,6.0
Hartbeespoort,Mula,T-Har_V-Mul_15px_2026-07-22,15,inner,13,0.1074319590072667,0.2648396979312639,0.90444016456604,0.902270495891571,0.8934506177902222,0.9112662076950072,0.9556652903556824,0.9665701389312744,0.9666115641593932,0.965972900390625,0.9672510623931884,0.9917795658111572,True,6.0
Hartbeespoort,Mula,T-Har_V-Mul_15px_2026-07-22,15,inner,14,0.1088301692483195,0.3762804379679521,0.8571428656578064,0.8355555534362793,0.943538248538971,0.7497507333755493,0.9516809582710266,0.9656599164009094,0.965710997581482,0.9648340940475464,0.9665895104408264,0.9912553429603576,True,6.0
Hartbeespoort,Mula,T-Har_V-Mul_15px_2026-07-22,15,inner,15,0.1125609215584775,0.3587176874279976,0.8614864945411682,0.841873288154602,0.9408866763114928,0.7617148756980896,0.9453276991844176,0.9649151563644408,0.964929699897766,0.9650893211364746,0.9647700786590576,0.9905734062194824,True,6.0
Hartbeespoort,Mula,T-Har_V-Mul_15px_2026-07-22,15,inner,16,0.0969086364185977,0.2991350956088557,0.8832046389579773,0.8687635660171509,0.9524375796318054,0.7986041903495789,0.9640824794769288,0.9689698219299316,0.9690057039260864,0.9684454202651978,0.9695666432380676,0.993491530418396,True,6.0
Hartbeespoort,Inle,T-Har_V-Inl_15px_2026-07-22,15,inner,1,0.3548433229632408,0.3131088654994964,0.8634999990463257,0.868686854839325,0.8368859887123108,0.902999997138977,0.9609509706497192,0.8518549203872681,0.8483113050460815,0.8646978139877319,0.8325343132019043,0.9233783483505248,True,49.0
Hartbeespoort,Inle,T-Har_V-Inl_15px_2026-07-22,15,inner,2,0.2588380132006257,0.4821870205253362,0.7415000200271606,0.7945967316627502,0.6591957807540894,1.0,0.9898369312286376,0.9065558910369872,0.9057886600494384,0.9088034629821776,0.902793824672699,0.9591598510742188,True,49.0
Hartbeespoort,Inle,T-Har_V-Inl_15px_2026-07-22,15,inner,3,0.2051485135319045,0.1849282764196395,0.9350000023841858,0.9316508769989014,0.9822616577148438,0.8859999775886536,0.9931780099868774,0.9276959896087646,0.9274932146072388,0.9255844354629515,0.9294098019599916,0.9734039902687072,True,49.0
Hartbeespoort,Inle,T-Har_V-Inl_15px_2026-07-22,15,inner,4,0.1990102459267094,0.2534818747639656,0.8880000114440918,0.8869828581809998,0.8951120376586914,0.8790000081062317,0.9626865386962892,0.9302459359169006,0.9299636483192444,0.9291962385177612,0.9307323694229126,0.9751673936843872,True,49.0
Hartbeespoort,Inle,T-Har_V-Inl_15px_2026-07-22,15,inner,5,0.1960763513963454,0.3053442276120185,0.859499990940094,0.8372901082038879,0.9944979548454284,0.7229999899864197,0.9934579730033876,0.9327136874198914,0.9325972199440002,0.9296861886978148,0.9355265498161316,0.9757530093193054,True,49.0
Hartbeespoort,Inle,T-Har_V-Inl_15px_2026-07-22,15,inner,6,0.1601938219474238,0.1737660729512572,0.9639999866485596,0.9651162624359132,0.9360902309417723,0.9959999918937684,0.9955139756202698,0.9435716271400452,0.943418025970459,0.9413991570472716,0.9454455375671388,0.9835212230682372,True,49.0
Hartbeespoort,Inle,T-Har_V-Inl_15px_2026-07-22,15,inner,7,0.1560976453884814,0.3484054989516735,0.8575000166893005,0.8351648449897766,0.990397810935974,0.722000002861023,0.9890400171279908,0.9463683366775512,0.946275532245636,0.9433218240737916,0.9492478370666504,0.9841054677963256,True,49.0
Hartbeespoort,Inle,T-Har_V-Inl_15px_2026-07-22,15,inner,8,0.1587946872094592,0.1564414917826652,0.9399999976158142,0.938524603843689,0.9621848464012146,0.9160000085830688,0.9907019734382628,0.9471086859703064,0.9469603300094604,0.9450114965438844,0.9489171504974364,0.9835586547851562,True,49.0
Hartbeespoort,Inle,T-Har_V-Inl_15px_2026-07-22,15,inner,9,0.1506731787813997,0.1796191459819674,0.949999988079071,0.9519692659378052,0.915896475315094,0.99099999666214,0.9917330741882324,0.9502344131469728,0.9500783681869508,0.9484349489212036,0.951727569103241,0.9848064184188844,True,49.0
Hartbeespoort,Inle,T-Har_V-Inl_15px_2026-07-22,15,inner,10,0.1476222051607402,0.118243004143238,0.9679999947547911,0.9680638909339904,0.9661354422569276,0.9700000286102296,0.9934459924697876,0.951550543308258,0.9514787197113036,0.948275864124298,0.9547032713890076,0.9855805039405824,True,49.0
Hartbeespoort,Inle,T-Har_V-Inl_15px_2026-07-22,15,inner,11,0.1419272518593337,0.1714307241439819,0.9210000038146972,0.9155982732772828,0.982798159122467,0.8569999933242798,0.9929929971694946,0.9506457448005676,0.950511395931244,0.9484773874282836,0.952554166316986,0.9864131212234496,True,49.0
Hartbeespoort,Inle,T-Har_V-Inl_15px_2026-07-22,15,inner,12,0.1289577984889302,0.1102488131225109,0.962000012397766,0.9617705941200256,0.9676113128662108,0.9559999704360962,0.9932560324668884,0.9587069153785706,0.9586217999458312,0.9559428095817566,0.961315929889679,0.9884060621261596,True,49.0
Hartbeespoort,Inle,T-Har_V-Inl_15px_2026-07-22,15,inner,13,0.1289600017684712,0.1026106791496276,0.968500018119812,0.968133509159088,0.9795291423797609,0.9570000171661376,0.9957159757614136,0.9573085308074952,0.9572170376777648,0.9546201825141908,0.9598280787467957,0.988611936569214,True,49.0
Hartbeespoort,Inle,T-Har_V-Inl_15px_2026-07-22,15,inner,14,0.1286255066698492,0.1059651633799076,0.9629999995231628,0.9623218178749084,0.9802904725074768,0.9449999928474426,0.9955960512161256,0.9586246609687804,0.9585359692573548,0.955935537815094,0.961150586605072,0.9886974096298218,True,49.0
Hartbeespoort,Inle,T-Har_V-Inl_15px_2026-07-22,15,inner,15,0.1345782315477568,0.1123030866682529,0.9545000195503236,0.953213393688202,0.9809523820877076,0.9269999861717224,0.9948650598526,0.956979513168335,0.9569724202156068,0.9525057077407836,0.9614812135696412,0.9874385595321656,True,49.0
Hartbeespoort,Inle,T-Har_V-Inl_15px_2026-07-22,15,inner,16,0.1170071270845433,0.0828917792402207,0.9785000085830688,0.9788489937782288,0.9632139205932616,0.9950000047683716,0.9965260028839112,0.962572991847992,0.9624680280685424,0.9604873061180116,0.9644569158554076,0.9899357557296752,True,49.0
Hartbeespoort,Inle,T-Har_V-Inl_15px_2026-07-22,15,inner,17,0.118934928272016,0.0827441201508045,0.9804999828338624,0.980548620223999,0.9781094789505004,0.9829999804496764,0.996641993522644,0.960187554359436,0.9601514935493468,0.9563719630241394,0.9639610052108764,0.9904519319534302,True,49.0
Hartbeespoort,Inle,T-Har_V-Inl_15px_2026-07-22,15,inner,18,0.1201950031288009,0.1072818473577499,0.968500018119812,0.9693132042884828,0.9449192881584167,0.9950000047683716,0.9958540201187134,0.9621617197990416,0.9621211886405944,0.958490550518036,0.9657794833183287,0.9898180961608888,True,49.0
Hartbeespoort,Inle,T-Har_V-Inl_15px_2026-07-22,15,inner,19,0.1119034697769836,0.0880392944440245,0.9745000004768372,0.9749138951301576,0.9593417048454284,0.99099999666214,0.9961740374565125,0.9635601043701172,0.9634337425231934,0.9620837569236756,0.9647875428199768,0.9913174510002136,True,49.0
Hartbeespoort,Inle,T-Har_V-Inl_15px_2026-07-22,15,inner,20,0.1145740257344905,0.1367749595791101,0.9660000205039978,0.966958224773407,0.9404537081718444,0.9950000047683716,0.9948669672012328,0.9638891220092772,0.9638474583625792,0.9602888226509094,0.9674326181411744,0.9905809760093688,True,49.0
Hartbeespoort,Inle,T-Har_V-Inl_15px_2026-07-22,15,inner,21,0.1108607523602326,0.0816201535165309,0.9760000109672546,0.9763079881668092,0.9639376401901244,0.9890000224113464,0.996182918548584,0.9639713764190674,0.9639090299606324,0.9609003067016602,0.9669367074966432,0.9916402101516724,True,49.0
Hartbeespoort,Inle,T-Har_V-Inl_15px_2026-07-22,15,inner,22,0.1037130499958987,0.0752697353512048,0.9785000085830688,0.978681206703186,0.9705014824867249,0.9869999885559082,0.9966399669647216,0.9663568139076232,0.9663734436035156,0.9612364768981934,0.9715655446052552,0.9925199151039124,True,49.0
Hartbeespoort,Inle,T-Har_V-Inl_15px_2026-07-22,15,inner,23,0.1075333123307307,0.0682939790487289,0.977500021457672,0.9775336980819702,0.9760717749595642,0.9789999723434448,0.9970059394836426,0.9651229977607728,0.9651200771331788,0.9605370759963988,0.9697470664978028,0.9918356537818908,True,49.0
Hartbeespoort,Inle,T-Har_V-Inl_15px_2026-07-22,15,inner,24,0.1075464471925821,0.1175323224812746,0.9660000205039978,0.967086136341095,0.9371482133865356,0.9990000128746032,0.9963669776916504,0.9638068675994872,0.9637800455093384,0.9598295092582704,0.9677632451057434,0.992059051990509,True,49.0
Hartbeespoort,Inle,T-Har_V-Inl_15px_2026-07-22,15,inner,25,0.1053153611495913,0.0702664864659309,0.9769999980926514,0.9770687818527222,0.974155068397522,0.9800000190734864,0.996733009815216,0.9676729440689088,0.9676196575164796,0.9645203948020936,0.97073894739151,0.9921165108680724,True,49.0
Hartbeespoort,Inle,T-Har_V-Inl_15px_2026-07-22,15,inner,26,0.0981854211247613,0.0697666478157043,0.9815000295639038,0.981637716293335,0.9743842482566832,0.9890000224113464,0.996994972229004,0.969071328639984,0.9690279960632324,0.965687096118927,0.9723921418190002,0.9930896759033204,True,49.0
Hartbeespoort,Inle,T-Har_V-Inl_15px_2026-07-22,15,inner,27,0.0965547036436878,0.0751068087220191,0.9804999828338624,0.9807976484298706,0.9660523533821106,0.9959999918937684,0.9975419640541076,0.9696471095085144,0.96960711479187,0.9661851525306702,0.9730533957481384,0.9930741786956788,True,49.0
Hartbeespoort,Inle,T-Har_V-Inl_15px_2026-07-22,15,inner,28,0.0962254788919313,0.0669758905470371,0.9819999933242798,0.9822134375572203,0.970703125,0.9940000176429749,0.9974780082702636,0.9693180918693542,0.9693180918693542,0.9646365642547609,0.9740452766418456,0.9935283064842224,True,49.0
Hartbeespoort,Inle,T-Har_V-Inl_15px_2026-07-22,15,inner,29,0.0933071226157365,0.069473774805665,0.9794999957084656,0.9796929359436036,0.9705593585968018,0.9890000224113464,0.996836006641388,0.9717035293579102,0.971691906452179,0.9673931002616882,0.976029098033905,0.9937405586242676,True,49.0
Hartbeespoort,Inle,T-Har_V-Inl_15px_2026-07-22,15,inner,30,0.0988549698029898,0.0723869574218988,0.9825000166893004,0.9827160239219666,0.9707317352294922,0.9950000047683716,0.9974029660224916,0.9679197072982788,0.967869520187378,0.9646904468536376,0.9710695743560792,0.9928866624832152,True,49.0
Hartbeespoort,Inle,T-Har_V-Inl_15px_2026-07-22,15,inner,31,0.0953965393742556,0.0629047615677118,0.9815000295639038,0.981637716293335,0.9743842482566832,0.9890000224113464,0.9974960088729858,0.9694003462791444,0.9693927764892578,0.964946746826172,0.9738799929618835,0.9936373233795166,True,49.0
Hartbeespoort,Inle,T-Har_V-Inl_15px_2026-07-22,15,inner,32,0.0955732517717229,0.0645499356240034,0.9815000295639038,0.9816194772720336,0.9753208160400392,0.9879999756813048,0.9972219467163086,0.9696471095085144,0.9695770740509032,0.967105269432068,0.9720615148544312,0.9934870004653932,True,49.0
Hartbeespoort,Inle,T-Har_V-Inl_15px_2026-07-22,15,inner,33,0.0945375045091759,0.0662712471485137,0.9850000143051147,0.9851190447807312,0.9773622155189514,0.9929999709129332,0.9971259832382202,0.9704697132110596,0.9704745411872864,0.9656301140785216,0.9753678441047668,0.9931249022483826,True,49.0
Hartbeespoort,Inle,T-Har_V-Inl_15px_2026-07-22,15,inner,34,0.0925518412434408,0.0621874119937419,0.9835000038146972,0.9835411310195924,0.9810945391654968,0.9860000014305116,0.9973869919776917,0.9698938727378844,0.9699062705039978,0.9648290276527404,0.9750372171401978,0.9938902854919434,True,49.0
Hartbeespoort,Inle,T-Har_V-Inl_15px_2026-07-22,15,inner,35,0.0934030017141763,0.0668517144247889,0.9819999933242798,0.9821958541870116,0.9716242551803588,0.9929999709129332,0.9973999857902528,0.9699761271476746,0.9699068069458008,0.9674342274665833,0.9723921418190002,0.9938921928405762,True,49.0
Hartbeespoort,Inle,T-Har_V-Inl_15px_2026-07-22,15,inner,36,0.0902808947198934,0.0612642921954393,0.9860000014305116,0.9860835075378418,0.9802371263504028,0.9919999837875366,0.9975370168685912,0.9718680381774902,0.9718425869941713,0.968017041683197,0.975698471069336,0.9940699934959412,True,49.0
Hartbeespoort,Inle,T-Har_V-Inl_15px_2026-07-22,15,inner,37,0.0894850840547067,0.0616281300336122,0.9850000143051147,0.9850597381591796,0.9811508059501648,0.9890000224113464,0.9974279999732972,0.97153902053833,0.9714803695678712,0.9687654376029968,0.9742106199264526,0.9944305419921876,True,49.0
Hartbeespoort,Inle,T-Har_V-Inl_15px_2026-07-22,15,inner,38,0.0893687387868459,0.0645526741296052,0.9810000061988832,0.9811320900917052,0.9743589758872986,0.9879999756813048,0.9972389936447144,0.9721971154212952,0.9721627235412598,0.9686525464057922,0.975698471069336,0.994200587272644,True,49.0
Hartbeespoort,Inle,T-Har_V-Inl_15px_2026-07-22,15,inner,39,0.0931956602954997,0.0631500202938914,0.984499990940094,0.9846458435058594,0.9754661321640016,0.9940000176429749,0.99720299243927,0.9703874588012696,0.970370352268219,0.9662350416183472,0.9745412468910216,0.9937561750411988,True,49.0
Hartbeespoort,Inle,T-Har_V-Inl_15px_2026-07-22,15,inner,40,0.0888429764298768,0.0637279665321111,0.9835000038146972,0.9835739135742188,0.979187309741974,0.9879999756813048,0.997161030769348,0.9726083874702454,0.9725767970085144,0.968985915184021,0.976194441318512,0.9943731427192688,True,49.0
Hartbeespoort,Inle,T-Har_V-Inl_15px_2026-07-22,15,inner,41,0.0922238292558502,0.0633824042528867,0.984000027179718,0.9840795993804932,0.9792079329490662,0.9890000224113464,0.9972320199012756,0.9732664227485656,0.9732179641723632,0.9702596068382264,0.976194441318512,0.9937262535095216,True,49.0
Hartbeespoort,Inle,T-Har_V-Inl_15px_2026-07-22,15,inner,42,0.0880294476435884,0.06260759113729,0.9819999933242798,0.9821251034736632,0.9753451943397522,0.9890000224113464,0.9973369836807252,0.9718680381774902,0.9717915058135986,0.96971195936203,0.9738799929618835,0.9947016835212708,True,49.0
Hartbeespoort,Inle,T-Har_V-Inl_15px_2026-07-22,15,inner,43,0.0902815681201234,0.0624342697113752,0.984000027179718,0.9841740727424622,0.9735811948776244,0.9950000047683716,0.997353971004486,0.9726906418800354,0.9726207852363586,0.9703801274299622,0.9748718738555908,0.9937610626220704,True,49.0
Hartbeespoort,Inle,T-Har_V-Inl_15px_2026-07-22,15,inner,44,0.0894106772362921,0.0631958942785859,0.9819999933242798,0.9821782112121582,0.9725490212440492,0.9919999837875366,0.9973779916763306,0.9721148014068604,0.9721056818962096,0.9677260518074036,0.976525068283081,0.9942408800125122,True,49.0
Hartbeespoort,Inle,T-Har_V-Inl_15px_2026-07-22,15,inner,45,0.0879176840199295,0.0601211367696523,0.9829999804496764,0.983134925365448,0.9753937125205994,0.99099999666214,0.997473955154419,0.9717035293579102,0.9716732501983644,0.9680065512657166,0.9753678441047668,0.9946059584617616,True,49.0
Hartbeespoort,Inle,T-Har_V-Inl_15px_2026-07-22,15,inner,46,0.0854377384413457,0.0625100863724947,0.9835000038146972,0.9836552739143372,0.9744848012924194,0.9929999709129332,0.9974675178527832,0.9734309315681458,0.9733959436416626,0.969960629940033,0.97685569524765,0.9951083064079284,True,49.0
Hartbeespoort,Inle,T-Har_V-Inl_15px_2026-07-22,15,inner,47,0.0905554114839469,0.0621502042859792,0.9815000295639038,0.981674075126648,0.9725220799446106,0.99099999666214,0.9974409937858582,0.9721148014068604,0.9720596671104432,0.9692636132240297,0.9748718738555908,0.9941403865814208,True,49.0
Hartbeespoort,Inle,T-Har_V-Inl_15px_2026-07-22,15,inner,48,0.0851529282754832,0.0610879157483577,0.984000027179718,0.9841269850730896,0.9763779640197754,0.9919999837875366,0.9974719285964966,0.9742535352706908,0.9742535352706908,0.9695481061935424,0.9790048003196716,0.9949784278869628,True,49.0
Hartbeespoort,Inle,T-Har_V-Inl_15px_2026-07-22,15,inner,49,0.0912271422280619,0.0597795166820287,0.9850000143051147,0.9850746393203736,0.9801980257034302,0.9900000095367432,0.9975410103797911,0.9717857837677002,0.97175794839859,0.9680117964744568,0.975533127784729,0.9939945340156556,True,49.0
Hartbeespoort,Inle,T-Har_V-Inl_15px_2026-07-22,15,inner,50,0.0887185070227638,0.0610090372115373,0.9850000143051147,0.9850894808769226,0.9792490005493164,0.99099999666214,0.9974519610404968,0.97129225730896,0.9712686538696288,0.967366337776184,0.97520250082016,0.994392156600952,True,49.0
Hartbeespoort,Inle,T-Har_V-Inl_15px_2026-07-22,15,inner,51,0.0878410357085607,0.0611000018790364,0.984499990940094,0.9846001267433168,0.9782823324203492,0.99099999666214,0.9974379539489746,0.9734309315681458,0.9733871817588806,0.9702693819999696,0.976525068283081,0.9945703148841858,True,49.0
Hartbeespoort,Inle,T-Har_V-Inl_15px_2026-07-22,15,inner,52,0.0908729462493129,0.0617027969583868,0.9835000038146972,0.9836390614509584,0.9754179120063782,0.9919999837875366,0.9973940253257751,0.9717857837677002,0.9717950820922852,0.9667866230010986,0.97685569524765,0.993842840194702,True,49.0
Hartbeespoort,Inle,T-Har_V-Inl_15px_2026-07-22,15,inner,53,0.0846754488866707,0.0618019747212529,0.984000027179718,0.9841740727424622,0.9735811948776244,0.9950000047683716,0.9974180459976196,0.9732664227485656,0.9732179641723632,0.9702596068382264,0.976194441318512,0.9949978590011596,True,49.0
Hartbeespoort,Inle,T-Har_V-Inl_15px_2026-07-22,15,inner,54,0.0867747809289611,0.0598008295968174,0.9854999780654908,0.9855793118476868,0.9802176356315612,0.99099999666214,0.9975450038909912,0.9717035293579102,0.9716312289237976,0.9693927764892578,0.9738799929618835,0.99482661485672,True,49.0
Hartbeespoort,Inle,T-Har_V-Inl_15px_2026-07-22,15,inner,55,0.0879704620840224,0.0607629712522029,0.984000027179718,0.9840637445449828,0.9801587462425232,0.9879999756813048,0.9974139928817748,0.9731841683387756,0.9731731414794922,0.9688677787780762,0.9775169491767884,0.994622766971588,True,49.0
Hartbeespoort,Inle,T-Har_V-Inl_15px_2026-07-22,15,inner,56,0.0880685638284873,0.0611435140147805,0.9819999933242798,0.9821251034736632,0.9753451943397522,0.9890000224113464,0.9974139928817748,0.973677694797516,0.9736321568489076,0.9705930948257446,0.9766903519630432,0.9940875172615052,True,49.0
Hartbeespoort,Inle,T-Har_V-Inl_15px_2026-07-22,15,inner,57,0.0864800628419621,0.0601744675040245,0.9854999780654908,0.985622227191925,0.9773844480514526,0.9940000176429749,0.9974870085716248,0.9727728962898254,0.9727190136909484,0.9699211120605468,0.975533127784729,0.994621992111206,True,49.0
Hartbeespoort,Inle,T-Har_V-Inl_15px_2026-07-22,15,inner,58,0.0905934857152309,0.0623449264019727,0.9835000038146972,0.9836390614509584,0.9754179120063782,0.9919999837875366,0.9974139928817748,0.9725261330604552,0.972523868083954,0.9679057002067566,0.9771863222122192,0.9940308928489684,True,49.0
Hartbeespoort,Inle,T-Har_V-Inl_15px_2026-07-22,15,inner,59,0.0879575199738452,0.0611881296187639,0.9825000166893004,0.9826130270957948,0.9763079881668092,0.9890000224113464,0.9973919987678528,0.9717857837677002,0.9717486500740052,0.9683191180229188,0.97520250082016,0.994617223739624,True,49.0
Hartbeespoort,Vembanad,T-Har_V-Vem_15px_2026-07-22,15,inner,1,0.3622401624488909,0.4278730228692144,0.8771228790283203,0.8690096139907837,0.931506872177124,0.8143712282180786,0.9588103890419006,0.8415467143058777,0.8378514647483826,0.8533698916435242,0.8228873610496521,0.9195995330810548,True,23.0
Hartbeespoort,Vembanad,T-Har_V-Vem_15px_2026-07-22,15,inner,2,0.2543202711127511,0.3128256434825929,0.8301698565483093,0.8533218502998352,0.7515197396278381,0.9870259761810304,0.9710099697113036,0.9046483039855956,0.9039210677146912,0.90625,0.9016041159629822,0.9610297679901124,True,23.0
Hartbeespoort,Vembanad,T-Har_V-Vem_15px_2026-07-22,15,inner,3,0.2014167325516778,0.2139948680978287,0.9435564279556274,0.9441975355148317,0.934506356716156,0.9540917873382568,0.9766477346420288,0.9308926463127136,0.9302209615707396,0.9345685243606568,0.9259136915206908,0.974657654762268,True,23.0
Hartbeespoort,Vembanad,T-Har_V-Vem_15px_2026-07-22,15,inner,4,0.1918179819511317,0.5853818350831618,0.8331668376922607,0.8110859990119934,0.9360313415527344,0.7155688405036926,0.8773303627967834,0.933525323867798,0.9330793619155884,0.9346275329589844,0.9315363168716432,0.9769819974899292,True,23.0
Hartbeespoort,Vembanad,T-Har_V-Vem_15px_2026-07-22,15,inner,5,0.1897432554551526,0.3063087963334449,0.8611388802528381,0.8776408433914185,0.7850393652915955,0.9950099587440492,0.9741347432136536,0.9344303011894226,0.9339082837104796,0.9366267323493958,0.9312055706977844,0.97713303565979,True,23.0
Hartbeespoort,Vembanad,T-Har_V-Vem_15px_2026-07-22,15,inner,6,0.1558906074244021,0.2178443369123485,0.9290709495544434,0.9301868081092834,0.9166666865348816,0.9441117644309998,0.970114767551422,0.9456191062927246,0.9454755187034608,0.9432192444801332,0.9477427005767822,0.98406720161438,True,23.0
Hartbeespoort,Vembanad,T-Har_V-Vem_15px_2026-07-22,15,inner,7,0.158853731743596,0.3207776839440162,0.8086913228034973,0.8391432166099548,0.7244380116462708,0.9970059990882874,0.9930908679962158,0.9454545378684998,0.9451658129692078,0.9454004168510436,0.9449313879013062,0.9836474657058716,True,23.0
Hartbeespoort,Vembanad,T-Har_V-Vem_15px_2026-07-22,15,inner,8,0.1548692117308403,0.1884496083425415,0.931568443775177,0.9296353459358216,0.9576719403266908,0.9031935930252076,0.9825289249420166,0.9487453699111938,0.9486185312271118,0.9461994171142578,0.951050102710724,0.9842886924743652,True,23.0
Hartbeespoort,Vembanad,T-Har_V-Vem_15px_2026-07-22,15,inner,9,0.1521524389110833,0.379129895845523,0.8591408729553223,0.8399546146392822,0.9736841917037964,0.7385229468345642,0.9669201374053956,0.9494035243988036,0.9493201375007628,0.9461235404014589,0.9525384306907654,0.9846786260604858,True,23.0
Hartbeespoort,Vembanad,T-Har_V-Vem_15px_2026-07-22,15,inner,10,0.1489880210489758,0.1274487596902099,0.9770230054855348,0.9770458936691284,0.9770458936691284,0.9770458936691284,0.9926018118858336,0.9509666562080384,0.9508332014083862,0.9486419558525084,0.9530345797538756,0.9852300882339478,True,23.0
Hartbeespoort,Vembanad,T-Har_V-Vem_15px_2026-07-22,15,inner,11,0.1318759415618974,0.2551992812941035,0.9155844449996948,0.9131105542182922,0.9416754841804504,0.886227548122406,0.9654910564422609,0.9568901658058168,0.9567442536354064,0.955167293548584,0.9583264589309692,0.9882172346115112,True,23.0
Hartbeespoort,Vembanad,T-Har_V-Vem_15px_2026-07-22,15,inner,12,0.1360930163188022,0.1515281071754304,0.9445554614067078,0.9432805180549622,0.9664921760559082,0.9211576581001282,0.988423228263855,0.9551624655723572,0.9550737738609314,0.9521695971488952,0.9579957127571106,0.9876155853271484,True,23.0
Hartbeespoort,Vembanad,T-Har_V-Vem_15px_2026-07-22,15,inner,13,0.1405859371686315,0.137632868037774,0.9520479440689088,0.9519038200378418,0.9557344317436218,0.9481037855148317,0.9857594966888428,0.9535993337631226,0.9533807039260864,0.9530656337738036,0.953696072101593,0.986649751663208,True,23.0
Hartbeespoort,Vembanad,T-Har_V-Vem_15px_2026-07-22,15,inner,14,0.1312063025440124,0.1096184382905493,0.9650349617004396,0.9654491543769836,0.955078125,0.976047933101654,0.9916707277297974,0.9569724202156068,0.9567804336547852,0.9562273025512696,0.9573342204093932,0.9880924820899964,True,23.0
Hartbeespoort,Vembanad,T-Har_V-Vem_15px_2026-07-22,15,inner,15,0.1293485100317864,0.1222862908123554,0.953046977519989,0.9536945819854736,0.941634237766266,0.9660678505897522,0.9912325143814088,0.9576306343078612,0.957455575466156,0.9565863609313964,0.9583264589309692,0.9889307022094728,True,23.0
Hartbeespoort,Vembanad,T-Har_V-Vem_15px_2026-07-22,15,inner,16,0.1195036624547926,0.1071674776422632,0.9655344486236572,0.9654482007026672,0.96884423494339,0.9620758295059204,0.993124783039093,0.9602632522583008,0.9602567553520204,0.9556174278259276,0.9649413228034972,0.9903913140296936,True,23.0
Hartbeespoort,Vembanad,T-Har_V-Vem_15px_2026-07-22,15,inner,17,0.1156265122048995,0.1414948315969059,0.953046977519989,0.9545454382896424,0.9258911609649658,0.985029935836792,0.9904381036758424,0.9607568979263306,0.9606792330741882,0.9577580690383912,0.9636183381080629,0.9907525181770324,True,23.0
Hartbeespoort,Vembanad,T-Har_V-Vem_15px_2026-07-22,15,inner,18,0.121587343918522,0.133251776261912,0.9535464644432068,0.953891932964325,0.9477832317352296,0.9600798487663268,0.9872775077819824,0.9606746435165404,0.9606325030326844,0.9568498730659484,0.964445173740387,0.9896621704101562,True,23.0
Hartbeespoort,Vembanad,T-Har_V-Vem_15px_2026-07-22,15,inner,19,0.1188440910488036,0.1402527971917039,0.9525474309921264,0.9522852897644044,0.9585439562797546,0.946107804775238,0.985055923461914,0.9613327980041504,0.9612210988998412,0.95916348695755,0.963287591934204,0.9903726577758788,True,23.0
Hartbeespoort,Vembanad,T-Har_V-Vem_15px_2026-07-22,15,inner,20,0.1171289354384999,0.121706211628703,0.9590409398078918,0.9588353633880616,0.9646464586257936,0.9530938267707824,0.9877814650535583,0.96306049823761,0.9630239605903624,0.9591535329818726,0.9669257402420044,0.990393042564392,True,23.0
Hartbeespoort,Vembanad,T-Har_V-Vem_15px_2026-07-22,15,inner,21,0.1103160520607137,0.1297862085622626,0.9515484571456908,0.9512807726860046,0.9575328826904296,0.9451097846031188,0.9886377453804016,0.96264910697937,0.962578296661377,0.959572732448578,0.9656027555465698,0.9917970895767212,True,23.0
Hartbeespoort,Vembanad,T-Har_V-Vem_15px_2026-07-22,15,inner,22,0.1105396107197764,0.1277745481688421,0.9575424790382384,0.9583537578582764,0.941289722919464,0.976047933101654,0.9910998344421388,0.9663512706756592,0.9662290215492249,0.9648746848106384,0.9675872325897216,0.9914482831954956,True,23.0
Hartbeespoort,Vembanad,T-Har_V-Vem_15px_2026-07-22,15,inner,23,0.1069654942466025,0.093432571776174,0.9715284705162048,0.9715426564216614,0.9720279574394226,0.9710578918457032,0.9933573007583618,0.9638831615447998,0.963775873184204,0.9617918133735656,0.9657681584358216,0.992313027381897,True,23.0
Hartbeespoort,Vembanad,T-Har_V-Vem_15px_2026-07-22,15,inner,24,0.1085588556468021,0.1168479560078917,0.9600399732589722,0.9607072472572328,0.945841372013092,0.976047933101654,0.9903013706207277,0.9654462933540344,0.9653922319412231,0.9620627164840698,0.9687448143959044,0.991673231124878,True,23.0
Hartbeespoort,Vembanad,T-Har_V-Vem_15px_2026-07-22,15,inner,25,0.10569970183525,0.1006738359236961,0.964035987854004,0.9643917083740234,0.9558823704719543,0.9730538725852966,0.9931756854057312,0.9653640389442444,0.9653069376945496,0.9620565176010132,0.9685794711112976,0.9924498796463012,True,23.0
Hartbeespoort,Vembanad,T-Har_V-Vem_15px_2026-07-22,15,inner,26,0.1012997033305126,0.108809149731974,0.964035987854004,0.9642857313156128,0.9585798978805542,0.970059871673584,0.991410195827484,0.9681612253189088,0.968103528022766,0.96500164270401,0.971225380897522,0.9925767183303832,True,23.0
Hartbeespoort,Vembanad,T-Har_V-Vem_15px_2026-07-22,15,inner,27,0.1026293768957778,0.1012602885170922,0.9665334820747375,0.966683268547058,0.9633300304412842,0.970059871673584,0.9919221997261048,0.967173993587494,0.9671198725700378,0.9638633131980896,0.9703985452651978,0.9927639961242676,True,23.0
Hartbeespoort,Vembanad,T-Har_V-Vem_15px_2026-07-22,15,inner,28,0.1010555876038144,0.0986910685115344,0.9660339951515198,0.966269850730896,0.9605522751808168,0.9720559120178224,0.9925559163093568,0.9686548709869384,0.9686135649681092,0.9650360941886902,0.972217619419098,0.9929081201553344,True,23.0
Hartbeespoort,Vembanad,T-Har_V-Vem_15px_2026-07-22,15,inner,29,0.1022136027794078,0.0968514754140115,0.9665334820747375,0.9668808579444884,0.9578844308853148,0.976047933101654,0.9928373098373412,0.967091739177704,0.9670184850692748,0.9643150568008424,0.9697370529174804,0.9929859638214112,True,23.0
Hartbeespoort,Vembanad,T-Har_V-Vem_15px_2026-07-22,15,inner,30,0.1032578383623352,0.1053517719974497,0.9635364413261414,0.9636996388435364,0.9603567719459534,0.9670658707618712,0.9902385473251344,0.9670094847679138,0.9668950438499452,0.9653807878494264,0.968414068222046,0.9926164150238036,True,23.0
Hartbeespoort,Vembanad,T-Har_V-Vem_15px_2026-07-22,15,inner,31,0.1015097532867282,0.0983440032643782,0.9670329689979552,0.9672619104385376,0.9615384340286256,0.9730538725852966,0.9926457405090332,0.9666804075241088,0.9666309356689452,0.96321839094162,0.9700677990913392,0.9924389719963074,True,23.0
Hartbeespoort,Vembanad,T-Har_V-Vem_15px_2026-07-22,15,inner,32,0.1002504509890927,0.1062740424478596,0.9655344486236572,0.9656545519828796,0.9632571935653688,0.9680638909339904,0.9913054704666138,0.9683257937431335,0.968226432800293,0.9663920998573304,0.9700677990913392,0.9930742383003236,True,23.0
Hartbeespoort,Vembanad,T-Har_V-Vem_15px_2026-07-22,15,inner,33,0.1018152640127978,0.0997438641287364,0.9670329689979552,0.9672619104385376,0.9615384340286256,0.9730538725852966,0.992114782333374,0.9667626619338988,0.96671062707901,0.9633765816688538,0.9700677990913392,0.9929987192153932,True,23.0
Hartbeespoort,Valsequillo,T-Har_V-Val_15px_2026-07-22,15,inner,1,0.3746510154639985,0.486829979279462,0.759313702583313,0.771946132183075,0.7334510087966919,0.8147059082984924,0.8465657234191895,0.836428165435791,0.832318127155304,0.849421501159668,0.8158898949623108,0.9141465425491332,True,6.0
Hartbeespoort,Valsequillo,T-Har_V-Val_15px_2026-07-22,15,inner,2,0.2532491698581963,0.2767636501321606,0.8946078419685364,0.8994857668876648,0.8596961498260498,0.943137228488922,0.962200164794922,0.9070727229118348,0.9059314727783204,0.9126409888267516,0.8993199467658997,0.96145761013031,True,6.0
Hartbeespoort,Valsequillo,T-Har_V-Val_15px_2026-07-22,15,inner,3,0.2033990159565597,0.4053944762430939,0.8406862616539001,0.8177229166030884,0.955439031124115,0.7147058844566345,0.9183189272880554,0.9315837025642396,0.9309569597244264,0.934928059577942,0.9270194172859192,0.973718762397766,True,6.0
Hartbeespoort,Valsequillo,T-Har_V-Val_15px_2026-07-22,15,inner,4,0.1706971369030118,0.3221742017304196,0.8715686202049255,0.8569868803024292,0.9667487740516664,0.7696078419685364,0.9707987308502196,0.942890167236328,0.9425535202026368,0.9434934258461,0.9416155219078064,0.9813192486763,True,6.0
Hartbeespoort,Valsequillo,T-Har_V-Val_15px_2026-07-22,15,inner,5,0.1772814077010266,0.1952089204507715,0.9382352828979492,0.9381746649742126,0.9390962719917296,0.9372549057006836,0.9752845168113708,0.940414309501648,0.9400631189346312,0.941000521183014,0.9391275644302368,0.9802900552749634,True,6.0
Hartbeespoort,Valsequillo,T-Har_V-Val_15px_2026-07-22,15,inner,6,0.1389603691053063,0.1619942767362968,0.9465686082839966,0.9474192261695862,0.9325736165046692,0.9627450704574584,0.988788902759552,0.955021858215332,0.9548803567886353,0.9532231688499452,0.9565433859825134,0.986881136894226,True,6.0
Hartbeespoort,Valsequillo,T-Har_V-Val_15px_2026-07-22,15,inner,7,0.1538064983407686,0.2672589858080826,0.911764681339264,0.9056603908538818,0.9729729890823364,0.8470588326454163,0.975273847579956,0.9495750069618224,0.9492987990379332,0.9498505592346193,0.94874769449234,0.9846811890602112,True,6.0
Hartbeespoort,Valsequillo,T-Har_V-Val_15px_2026-07-22,15,inner,8,0.1434546828201091,0.2923924121202207,0.8887255191802979,0.8791910409927368,0.9615832567214966,0.8098039031028748,0.9596309065818788,0.953371286392212,0.9532632827758788,0.9508250951766968,0.9557140469551086,0.9857409000396729,True,6.0
Hartbeespoort,Valsequillo,T-Har_V-Val_15px_2026-07-22,15,inner,9,0.1366375119226978,0.2330747005840142,0.9176470637321472,0.9133126735687256,0.9640522599220276,0.8676470518112183,0.976982831954956,0.9549393653869628,0.954651176929474,0.9560804963111876,0.9532260894775392,0.9878419637680054,True,6.0
Hartbeespoort,Valsequillo,T-Har_V-Val_15px_2026-07-22,15,inner,10,0.1323308875429027,0.7373371029857034,0.7078431248664856,0.5989232659339905,0.954935610294342,0.4362744987010956,0.9468281269073486,0.9587356448173524,0.9586024284362792,0.9570176601409912,0.9601923823356628,0.9877141118049622,True,6.0
Hartbeespoort,Valsequillo,T-Har_V-Val_15px_2026-07-22,15,inner,11,0.1247470916962971,0.2152685124865349,0.9196078181266784,0.9162410497665404,0.9562900066375732,0.8794117569923401,0.9777085781097412,0.9609639644622804,0.9608799815177916,0.9582645893096924,0.9635096788406372,0.9890354871749878,True,6.0
Hartbeespoort,Valsequillo,T-Har_V-Val_15px_2026-07-22,15,inner,12,0.120480687015224,0.2503517528959349,0.9210784435272216,0.9203364849090576,0.9290709495544434,0.911764681339264,0.9600133895874025,0.9603037238121032,0.9602117538452148,0.9577558040618896,0.9626803994178772,0.9902222156524658,True,6.0
Hartbeespoort,Valsequillo,T-Har_V-Val_15px_2026-07-22,15,inner,13,0.1124147398522917,0.2708755750574317,0.9029411673545836,0.8985655903816223,0.9409871101379396,0.8598039150238037,0.9618454575538636,0.9645126461982728,0.9644745588302612,0.9608230590820312,0.9681538939476012,0.9909542798995972,True,6.0
Hartbeespoort,Valsequillo,T-Har_V-Val_15px_2026-07-22,15,inner,14,0.1195973641137419,0.4455171362807353,0.8279411792755127,0.800000011920929,0.9551020264625548,0.6882352828979492,0.952954649925232,0.9605512619018556,0.9604501128196716,0.9582301378250122,0.9626803994178772,0.9901667833328248,True,6.0
Hartbeespoort,Valsequillo,T-Har_V-Val_15px_2026-07-22,15,inner,15,0.1169870214912943,0.4759166780274872,0.8053921461105347,0.7660577297210693,0.9601181745529176,0.6372548937797546,0.9681497812271118,0.9635223150253296,0.9635012149810792,0.9593816995620728,0.9676563143730164,0.9893999099731444,True,6.0
Hartbeespoort,Valsequillo,T-Har_V-Val_15px_2026-07-22,15,inner,16,0.1025607934018866,0.2274446865068931,0.9205882549285888,0.9173469543457032,0.9563829898834229,0.8813725709915161,0.9732535481452942,0.9677312970161438,0.967725932598114,0.9631941914558412,0.9723005294799804,0.9922385215759276,True,6.0
Hartbeespoort,RawaPening,T-Har_V-Raw_15px_2026-07-22,15,inner,1,0.3578562451703516,0.3085727352243322,0.9130868911743164,0.9194444417953492,0.8575129508972168,0.9910179376602172,0.9860090017318726,0.8397367596626282,0.8365497589111328,0.849088728427887,0.8243757486343384,0.9214043617248536,True,18.0
Hartbeespoort,RawaPening,T-Har_V-Raw_15px_2026-07-22,15,inner,2,0.2301796447073467,0.3555760144532381,0.8646353483200073,0.8807743191719055,0.7875688672065735,0.9990019798278807,0.9906497001647948,0.9166598320007324,0.9157167673110962,0.921466827392578,0.9100380539894104,0.9682868719100952,True,18.0
Hartbeespoort,RawaPening,T-Har_V-Raw_15px_2026-07-22,15,inner,3,0.190693901379331,0.187622819017697,0.9335664510726928,0.9374117851257324,0.886910080909729,0.9940119981765748,0.983924150466919,0.9320444464683532,0.93167906999588,0.9319874048233032,0.9313709139823914,0.9770363569259644,True,18.0
Hartbeespoort,RawaPening,T-Har_V-Raw_15px_2026-07-22,15,inner,4,0.1775948091244217,0.3051437085920518,0.8961039185523987,0.9058823585510254,0.8286423683166504,0.9990019798278807,0.9894391298294068,0.9382969737052916,0.9380779266357422,0.9366859197616576,0.9394741058349608,0.9798868894577026,True,18.0
Hartbeespoort,RawaPening,T-Har_V-Raw_15px_2026-07-22,15,inner,5,0.1754155440371696,0.223757612300324,0.9145854115486144,0.9212344288825988,0.8554319739341736,0.9980040192604064,0.9942435026168824,0.9415055513381958,0.9411959052085876,0.9414294958114624,0.9409624338150024,0.9795379638671876,True,18.0
Hartbeespoort,RawaPening,T-Har_V-Raw_15px_2026-07-22,15,inner,6,0.1514285503420404,0.1174482480956838,0.9590409398078918,0.9590818285942078,0.9590818285942078,0.9590818285942078,0.9898402690887452,0.9504730701446532,0.9502890110015868,0.949035108089447,0.9515461921691896,0.984433650970459,True,18.0
Hartbeespoort,RawaPening,T-Har_V-Raw_15px_2026-07-22,15,inner,7,0.1457255923162022,0.1181509593551928,0.9580419659614564,0.958167314529419,0.9562624096870422,0.9600798487663268,0.9893044233322144,0.9524475336074828,0.952215611934662,0.95205819606781,0.9523730874061584,0.9856432676315308,True,18.0
Hartbeespoort,RawaPening,T-Har_V-Raw_15px_2026-07-22,15,inner,8,0.144879168553982,0.1217334999458177,0.9625374674797058,0.9636451601982116,0.9368520379066468,0.9920159578323364,0.9940189719200134,0.9526121020317078,0.9524752497673036,0.9504363536834716,0.9545229077339172,0.9855077862739564,True,18.0
Hartbeespoort,RawaPening,T-Har_V-Raw_15px_2026-07-22,15,inner,9,0.1373930753699451,0.2820829784908852,0.901098906993866,0.9097538590431212,0.8372483253479004,0.9960079789161682,0.9913762211799622,0.9532702565193176,0.9531739354133606,0.9503534436225892,0.9560112357139589,0.987451672554016,True,18.0
Hartbeespoort,RawaPening,T-Har_V-Raw_15px_2026-07-22,15,inner,10,0.1359264796381377,0.1072113293629664,0.9705294966697692,0.9710925817489624,0.9538017511367798,0.9890219569206238,0.9943273067474364,0.9580419659614564,0.9579901099205016,0.9543738961219788,0.9616338610649108,0.987109363079071,True,18.0
Hartbeespoort,RawaPening,T-Har_V-Raw_15px_2026-07-22,15,inner,11,0.134557955909148,0.1163594323200183,0.9630369544029236,0.9641125202178956,0.9377358555793762,0.9920159578323364,0.9956995248794556,0.9549979567527772,0.9548195004463196,0.9537953734397888,0.9558458924293518,0.9879383444786072,True,18.0
Hartbeespoort,RawaPening,T-Har_V-Raw_15px_2026-07-22,15,inner,12,0.1288624006870203,0.0964409430231247,0.9715284705162048,0.9716840386390686,0.9673590660095216,0.976047933101654,0.9945937395095824,0.9580419659614564,0.9579554796218872,0.9551208019256592,0.9608070254325868,0.9881163835525512,True,18.0
Hartbeespoort,RawaPening,T-Har_V-Raw_15px_2026-07-22,15,inner,13,0.1214917566671704,0.164831987501203,0.949550449848175,0.9518359303474426,0.9114155173301696,0.9960079789161682,0.9906137585639954,0.9596050977706908,0.9594650268554688,0.9579623937606812,0.9609723687171936,0.9898747205734252,True,18.0
Hartbeespoort,RawaPening,T-Har_V-Raw_15px_2026-07-22,15,inner,14,0.1210141890520227,0.1295778285321239,0.958541452884674,0.959571361541748,0.9372026920318604,0.9830339550971984,0.9898782968521118,0.960016429424286,0.959967076778412,0.9563433527946472,0.9636183381080629,0.989682912826538,True,18.0
Hartbeespoort,RawaPening,T-Har_V-Raw_15px_2026-07-22,15,inner,15,0.1216253826373989,0.1374428976665843,0.9545454382896424,0.956396758556366,0.9198156595230104,0.9960079789161682,0.9906237125396729,0.958617866039276,0.9585564732551576,0.9551724195480348,0.9619646072387696,0.9900119304656982,True,18.0
Hartbeespoort,RawaPening,T-Har_V-Raw_15px_2026-07-22,15,inner,16,0.110488234148355,0.0991317474922457,0.9660339951515198,0.9666339755058287,0.950772225856781,0.9830339550971984,0.9945439100265504,0.9642122387886048,0.9641827940940856,0.9601508975028992,0.968248724937439,0.991281509399414,True,18.0
Hartbeespoort,RawaPening,T-Har_V-Raw_15px_2026-07-22,15,inner,17,0.1060985071498001,0.1119676607918667,0.962037980556488,0.9631068110466005,0.9376181364059448,0.9900199770927428,0.993820309638977,0.9647058844566344,0.9645893573760986,0.9629202485084534,0.9662642478942872,0.9922823905944824,True,18.0
Hartbeespoort,RawaPening,T-Har_V-Raw_15px_2026-07-22,15,inner,18,0.107475163595439,0.0931707546375431,0.9715284705162048,0.9721271395683287,0.95302015542984,0.9920159578323364,0.996112823486328,0.9644590616226196,0.9643505811691284,0.9624444246292114,0.9662642478942872,0.991916298866272,True,18.0
Hartbeespoort,RawaPening,T-Har_V-Raw_15px_2026-07-22,15,inner,19,0.1097118569877426,0.0943463515494015,0.969530463218689,0.9699950814247132,0.9563530683517456,0.9840319156646729,0.9946037530899048,0.9636363387107848,0.9635854363441468,0.9601050615310668,0.967091143131256,0.991680383682251,True,18.0
Hartbeespoort,RawaPening,T-Har_V-Raw_15px_2026-07-22,15,inner,20,0.1065191969637123,0.1418600369628135,0.9510489702224731,0.9531548619270324,0.9146788716316224,0.9950099587440492,0.9938502907752992,0.9661045074462892,0.9661017060279846,0.9613558053970336,0.9708946347236632,0.9919975399971008,True,18.0
Hartbeespoort,RawaPening,T-Har_V-Raw_15px_2026-07-22,15,inner,21,0.1029239506424331,0.0963366177048418,0.9690309762954712,0.9696078300476074,0.952793836593628,0.9870259761810304,0.9946826696395874,0.9661867618560792,0.96615332365036,0.9622703194618224,0.9700677990913392,0.9928110241889954,True,18.0
Hartbeespoort,RawaPening,T-Har_V-Raw_15px_2026-07-22,15,inner,22,0.1015627951380011,0.1068283024278435,0.9650349617004396,0.9660523533821106,0.9396226406097412,0.9940119981765748,0.9950419664382936,0.966433584690094,0.9664031863212584,0.962440550327301,0.9703985452651978,0.9927618503570556,True,18.0
Hartbeespoort,RawaPening,T-Har_V-Raw_15px_2026-07-22,15,inner,23,0.0981884071564341,0.0955161758355208,0.9665334820747375,0.9672691822052002,0.9473684430122375,0.9880239367485046,0.9952335357666016,0.9681612253189088,0.968103528022766,0.96500164270401,0.971225380897522,0.9936132431030272,True,18.0
Hartbeespoort,RawaPening,T-Har_V-Raw_15px_2026-07-22,15,inner,24,0.0984815533350692,0.1049003741228497,0.962037980556488,0.9630350470542908,0.9392789602279664,0.9880239367485046,0.995381236076355,0.9673385620117188,0.9673224091529846,0.9629629850387572,0.9717215299606324,0.9932103157043456,True,18.0
Hartbeespoort,RawaPening,T-Har_V-Raw_15px_2026-07-22,15,inner,25,0.0997100997726915,0.114184049347957,0.9630369544029236,0.9641472697257996,0.9369114637374878,0.9930139780044556,0.995310366153717,0.9675030708312988,0.9675191044807434,0.9622178673744202,0.9728791117668152,0.9931372404098512,True,18.0
Hartbeespoort,RawaPening,T-Har_V-Raw_15px_2026-07-22,15,inner,26,0.0969232330733932,0.1001754249525177,0.9680319428443908,0.968780517578125,0.947519063949585,0.9910179376602172,0.9944630861282348,0.9680789709091188,0.9680290222167968,0.9646904468536376,0.9713907837867736,0.9934552907943726,True,18.0
Hartbeespoort,RawaPening,T-Har_V-Raw_15px_2026-07-22,15,inner,27,0.0955786141831656,0.0995091500279905,0.9675324559211732,0.96830815076828,0.9466158151626588,0.9910179376602172,0.9948552846908568,0.9696421027183532,0.96960711479187,0.9658680558204652,0.9733752012252808,0.9937645196914672,True,18.0
Hartbeespoort,RawaPening,T-Har_V-Raw_15px_2026-07-22,15,inner,28,0.0957522516067211,0.1040323972292653,0.964035987854004,0.9650824666023254,0.9386792182922364,0.9930139780044556,0.9951217770576476,0.9684080481529236,0.968400239944458,0.9638001918792723,0.9730445146560668,0.9935461282730104,True,18.0
Hartbeespoort,Winam,T-Har_V-Win_15px_2026-07-22,15,inner,1,0.3571675363477662,0.3439119523125568,0.8674337267875671,0.8676984310150146,0.8664007782936096,0.8690000176429749,0.929072082042694,0.8463563323020935,0.8405598998069763,0.8688900470733643,0.8140188455581665,0.921422004699707,True,39.0
Hartbeespoort,Winam,T-Har_V-Win_15px_2026-07-22,15,inner,2,0.2462826493265284,0.2843484264379623,0.9099549651145936,0.915572226047516,0.8621907830238342,0.9760000109672546,0.9407838582992554,0.9099358320236206,0.9090455770492554,0.9135225415229796,0.904612362384796,0.963745892047882,True,39.0
Hartbeespoort,Winam,T-Har_V-Win_15px_2026-07-22,15,inner,3,0.2150471177069171,0.2718942818996413,0.916458249092102,0.921263575553894,0.871543288230896,0.9769999980926514,0.945529043674469,0.925727903842926,0.924843966960907,0.9312772154808044,0.9184989333152772,0.9712754487991332,True,39.0
Hartbeespoort,Winam,T-Har_V-Win_15px_2026-07-22,15,inner,4,0.204201367653834,0.3837053356240277,0.862931489944458,0.8783303499221802,0.7899361252784729,0.9890000224113464,0.9099118709564208,0.9303339123725892,0.9295985102653505,0.9348044395446776,0.9244503378868104,0.9740089178085328,True,39.0
Hartbeespoort,Winam,T-Har_V-Win_15px_2026-07-22,15,inner,5,0.1965100226908809,0.5482200496867784,0.8349174857139587,0.8578811287879944,0.7534039616584778,0.9959999918937684,0.9172012209892272,0.9337062239646912,0.9330342411994934,0.9378653764724731,0.9282525777816772,0.9755882620811462,True,39.0
Hartbeespoort,Winam,T-Har_V-Win_15px_2026-07-22,15,inner,6,0.1604869430062017,0.4325332094194473,0.8404201865196228,0.8622030019760132,0.7589353322982788,0.9980000257492064,0.9276471138000488,0.945550262928009,0.9452168345451356,0.946313202381134,0.9441229701042176,0.9837422370910645,True,39.0
Hartbeespoort,Winam,T-Har_V-Win_15px_2026-07-22,15,inner,7,0.163754218555944,0.292506699983297,0.907453715801239,0.913104772567749,0.8609389066696167,0.972000002861023,0.939257264137268,0.945468008518219,0.9452292323112488,0.9446829557418824,0.9457761645317078,0.9821479320526124,True,39.0
Hartbeespoort,Winam,T-Har_V-Win_15px_2026-07-22,15,inner,8,0.1465201487880844,0.435845648266539,0.8889444470405579,0.8999098539352417,0.8193760514259338,0.9980000257492064,0.9482212066650392,0.9524592757225036,0.95230233669281,0.950733244419098,0.9538766741752625,0.9856961965560912,True,39.0
Hartbeespoort,Winam,T-Har_V-Win_15px_2026-07-22,15,inner,9,0.1534552746174327,0.2764599867921701,0.9234617352485656,0.9281352758407592,0.8751107454299927,0.9879999756813048,0.9466866850852966,0.9494982957839966,0.9492813348770142,0.9486544728279114,0.9499090909957886,0.9846750497817992,True,39.0
Hartbeespoort,Winam,T-Har_V-Win_15px_2026-07-22,15,inner,10,0.1489061001963395,0.2644999815666374,0.9114557504653932,0.909739911556244,0.9281997680664062,0.8920000195503235,0.9577372074127196,0.951636791229248,0.9514049291610718,0.9512477517127992,0.951562225818634,0.9854018092155457,True,39.0
Hartbeespoort,Winam,T-Har_V-Win_15px_2026-07-22,15,inner,11,0.1299752026421299,0.2647415988968164,0.9309654831886292,0.9349056482315063,0.8848214149475098,0.99099999666214,0.96590393781662,0.9570652842521667,0.9569448828697203,0.9548971056938172,0.9590014815330504,0.9890257120132446,True,39.0
Hartbeespoort,Winam,T-Har_V-Win_15px_2026-07-22,15,inner,12,0.1258965666174673,0.2695610420210003,0.9284642338752748,0.9326424598693848,0.8815672397613525,0.9900000095367432,0.9634929895401,0.959121584892273,0.9589967727661132,0.9571805000305176,0.9608199596405028,0.9893457889556884,True,39.0
Hartbeespoort,Winam,T-Har_V-Win_15px_2026-07-22,15,inner,13,0.1331122071984901,0.2588163087183629,0.927463710308075,0.9280397295951844,0.9211822748184204,0.9350000023841858,0.9581596851348876,0.9564073085784912,0.9561983346939088,0.9560403227806092,0.956356406211853,0.9884057641029358,True,39.0
Hartbeespoort,Winam,T-Har_V-Win_15px_2026-07-22,15,inner,14,0.1296949455256249,0.2418664087410485,0.9289644956588744,0.9299802780151368,0.9173151850700378,0.9430000185966492,0.9545079469680786,0.9562427997589112,0.956025779247284,0.956025779247284,0.956025779247284,0.988929033279419,True,39.0
Hartbeespoort,Winam,T-Har_V-Win_15px_2026-07-22,15,inner,15,0.1299464691624592,0.2483869843527846,0.9349674582481384,0.9382129311561584,0.89402174949646,0.9869999885559082,0.9507367610931396,0.955913782119751,0.9556951522827148,0.9556951522827148,0.9556951522827148,0.988511562347412,True,39.0
Hartbeespoort,Winam,T-Har_V-Win_15px_2026-07-22,15,inner,16,0.1158501625276745,0.2222368978406524,0.9439719915390016,0.9456310868263244,0.9188679456710817,0.9739999771118164,0.9601611495018004,0.9624115824699402,0.9622906446456908,0.9606260061264038,0.9639610052108764,0.991046905517578,True,39.0
Hartbeespoort,Winam,T-Har_V-Win_15px_2026-07-22,15,inner,17,0.1177832771311427,0.2641831343653907,0.9284642338752748,0.9306161999702454,0.9038642644882202,0.9589999914169312,0.9509484767913818,0.9619180560112,0.9618647694587708,0.958470106124878,0.9652835130691528,0.9902374744415284,True,39.0
Hartbeespoort,Winam,T-Har_V-Win_15px_2026-07-22,15,inner,18,0.1194610785037833,0.245313072695456,0.9379689693450928,0.9409523606300354,0.8981817960739136,0.9879999756813048,0.9570740461349488,0.9610133171081544,0.9609297513961792,0.958244264125824,0.9636303782463074,0.9903774261474608,True,39.0
Hartbeespoort,Winam,T-Har_V-Win_15px_2026-07-22,15,inner,19,0.1121983296757398,0.4720125093652199,0.8784392476081848,0.891566276550293,0.8049959540367126,0.9990000128746032,0.9525685906410216,0.963892102241516,0.9637938141822816,0.961652398109436,0.965944766998291,0.99152410030365,True,39.0
Hartbeespoort,Winam,T-Har_V-Win_15px_2026-07-22,15,inner,20,0.1166731007164305,0.2308661303822586,0.9339669942855836,0.9349112510681152,0.9221789836883544,0.9480000138282776,0.9558699131011964,0.9617536067962646,0.9615607261657716,0.961640238761902,0.9614812135696412,0.9910604953765868,True,39.0
Hartbeespoort,Winam,T-Har_V-Win_15px_2026-07-22,15,inner,21,0.1067610994694675,0.2608988862950587,0.9334667325019836,0.937056303024292,0.8894878625869751,0.9900000095367432,0.9556677341461182,0.9647145867347716,0.9645776748657228,0.9635433554649352,0.965614140033722,0.9924246072769164,True,39.0
Hartbeespoort,Winam,T-Har_V-Win_15px_2026-07-22,15,inner,22,0.1071519327300476,0.2145394432130621,0.9394697546958924,0.939890682697296,0.9338598251342772,0.9459999799728394,0.9631611108779908,0.9647968411445618,0.9647794365882874,0.9605112075805664,0.9690858125686646,0.9922090768814088,True,39.0
Hartbeespoort,Winam,T-Har_V-Win_15px_2026-07-22,15,inner,23,0.1052243013849853,0.2483581053225855,0.9429714679718018,0.9452449679374696,0.9094269871711732,0.984000027179718,0.9607868194580078,0.9660305976867676,0.965977430343628,0.9627257585525512,0.9692510962486268,0.9925651550292968,True,39.0
Hartbeespoort,Winam,T-Har_V-Win_15px_2026-07-22,15,inner,24,0.1018227034664052,0.1859312348236414,0.9544772505760192,0.9556313753128052,0.9324452877044678,0.9800000190734864,0.9711772203445436,0.9664418697357178,0.9663865566253662,0.9632123708724976,0.9695817232131958,0.9933423399925232,True,39.0
Hartbeespoort,Winam,T-Har_V-Win_15px_2026-07-22,15,inner,25,0.1057397852146051,0.215903844818307,0.92696350812912,0.9259634613990784,0.9393004179000854,0.912999987602234,0.965934991836548,0.9668530821800232,0.9667409658432008,0.9652274250984192,0.9682592153549194,0.992479920387268,True,39.0
Hartbeespoort,Winam,T-Har_V-Win_15px_2026-07-22,15,inner,26,0.0981266144997078,0.1880276653705525,0.9549775123596193,0.9558390378952026,0.9383429884910583,0.9739999771118164,0.9688158631324768,0.9685803651809692,0.9684662222862244,0.9671887755393982,0.9697470664978028,0.9934414625167848,True,39.0
Hartbeespoort,Winam,T-Har_V-Win_15px_2026-07-22,15,inner,27,0.0982567047463433,0.1788885391572618,0.9514757394790648,0.9520039558410645,0.942213535308838,0.962000012397766,0.9705665707588196,0.9685803651809692,0.9685544967651368,0.9645843505859376,0.9725574254989624,0.993546187877655,True,39.0
Hartbeespoort,Winam,T-Har_V-Win_15px_2026-07-22,15,inner,28,0.1033491748059574,0.1863111178868223,0.9489744901657104,0.9495549201965332,0.9393346309661864,0.959999978542328,0.9695355296134948,0.9675933718681335,0.9675453305244446,0.9642094969749452,0.9709042906761168,0.9927077293395996,True,39.0
Hartbeespoort,Winam,T-Har_V-Win_15px_2026-07-22,15,inner,29,0.0989908658606595,0.1787135364611695,0.955977976322174,0.9568204283714294,0.939306378364563,0.975000023841858,0.970554530620575,0.9694028496742249,0.96932715177536,0.9669353365898132,0.971730887889862,0.9932458400726318,True,39.0
Hartbeespoort,Winam,T-Har_V-Win_15px_2026-07-22,15,inner,30,0.0962068958023814,0.1865260030654049,0.9544772505760192,0.9555447101593018,0.934097409248352,0.977999985218048,0.9700990915298462,0.9685803651809692,0.9684714674949646,0.9670347571372986,0.9699124097824096,0.9939506649971008,True,39.0
Hartbeespoort,Winam,T-Har_V-Win_15px_2026-07-22,15,inner,31,0.0947466293635739,0.1763357610754825,0.9589794874191284,0.9598039388656616,0.9413461685180664,0.9789999723434448,0.971302330493927,0.9701431393623352,0.9700223207473756,0.9691419005393982,0.9709042906761168,0.99363374710083,True,39.0
Hartbeespoort,Winam,T-Har_V-Win_15px_2026-07-22,15,inner,32,0.0987499462360025,0.1734550511809238,0.9514757394790648,0.952098786830902,0.940487802028656,0.9639999866485596,0.9714274406433104,0.968004584312439,0.9679334163665771,0.9653074741363524,0.970573663711548,0.993475079536438,True,39.0
Hartbeespoort,Winam,T-Har_V-Win_15px_2026-07-22,15,inner,33,0.0958789868118202,0.1719826627191922,0.9534767270088196,0.9540740847587584,0.9424390196800232,0.9660000205039978,0.9723994135856628,0.9674288630485536,0.967332124710083,0.9654207229614258,0.9692510962486268,0.9942058324813844,True,39.0
Hartbeespoort,Winam,T-Har_V-Win_15px_2026-07-22,15,inner,34,0.0952094574974426,0.1768154812929662,0.956478238105774,0.957373857498169,0.9385206699371338,0.9769999980926514,0.9711111187934875,0.9687448740005492,0.9686313271522522,0.9673536419868468,0.9699124097824096,0.9936597943305968,True,39.0
Hartbeespoort,Winam,T-Har_V-Win_15px_2026-07-22,15,inner,35,0.0948458191134228,0.1791893118725024,0.9469735026359558,0.9471057653427124,0.945219099521637,0.9490000009536744,0.9733463525772096,0.9694851040840148,0.9693869352340698,0.9677100777626038,0.9710695743560792,0.993924617767334,True,39.0
Hartbeespoort,Winam,T-Har_V-Win_15px_2026-07-22,15,inner,36,0.0936849370419851,0.1791949156185369,0.9519760012626648,0.9525691866874696,0.94140625,0.9639999866485596,0.972153663635254,0.9688271284103394,0.9687061309814452,0.9676674604415894,0.9697470664978028,0.994103193283081,True,39.0
Hartbeespoort,Winam,T-Har_V-Win_15px_2026-07-22,15,inner,37,0.0928774913085058,0.1830796068054384,0.9544772505760192,0.9552825689315796,0.939130425453186,0.972000002861023,0.97072172164917,0.9698963761329652,0.9698417782783508,0.9668145179748536,0.9728880524635316,0.9944814443588256,True,39.0
Hartbeespoort,Winam,T-Har_V-Win_15px_2026-07-22,15,inner,38,0.0920759913699861,0.1680610926829748,0.956478238105774,0.957121729850769,0.943634569644928,0.9710000157356262,0.9738178253173828,0.9705543518066406,0.9704474210739136,0.9691673517227172,0.971730887889862,0.9944463968276978,True,39.0
Hartbeespoort,Winam,T-Har_V-Win_15px_2026-07-22,15,inner,39,0.0956662716829653,0.1594451023051408,0.9584792256355286,0.959173619747162,0.9438528418540956,0.975000023841858,0.9763193130493164,0.969814121723175,0.9697369337081908,0.9674234986305236,0.9720615148544312,0.9935123920440674,True,39.0
Hartbeespoort,Winam,T-Har_V-Win_15px_2026-07-22,15,inner,40,0.0898712756141939,0.1691636723145216,0.9569784998893738,0.9577603340148926,0.94111967086792,0.975000023841858,0.9741771817207336,0.9700608849525452,0.9699422121047974,0.9689820408821106,0.9709042906761168,0.994747519493103,True,39.0
Hartbeespoort,Winam,T-Har_V-Win_15px_2026-07-22,15,inner,41,0.0910029354863583,0.1677910558846297,0.9569784998893738,0.957635462284088,0.9436893463134766,0.972000002861023,0.9750781059265136,0.9703075885772704,0.970246434211731,0.9674556255340576,0.9730533957481384,0.9946491718292236,True,39.0
Hartbeespoort,Winam,T-Har_V-Win_15px_2026-07-22,15,inner,42,0.0907237857241912,0.1694547754801854,0.9579789638519288,0.958742618560791,0.9420849680900574,0.9760000109672546,0.9747958183288574,0.9717058539390564,0.9716778993606568,0.96785306930542,0.975533127784729,0.9943151473999025,True,39.0
Hartbeespoort,Winam,T-Har_V-Win_15px_2026-07-22,15,inner,43,0.0918380230953841,0.1695328559104507,0.9584792256355286,0.9592137336730956,0.9429951906204224,0.9760000109672546,0.9749879837036132,0.9698963761329652,0.9697870016098022,0.9685078263282776,0.9710695743560792,0.9941128492355348,True,39.0
Hartbeespoort,Winam,T-Har_V-Win_15px_2026-07-22,15,inner,44,0.093653827741421,0.170446551701435,0.9574787616729736,0.9582309722900392,0.9420289993286132,0.975000023841858,0.9747948050498962,0.9690738320350648,0.9690076112747192,0.966299533843994,0.971730887889862,0.994269073009491,True,39.0
Hartbeespoort,Winam,T-Har_V-Win_15px_2026-07-22,15,inner,45,0.0922971727692055,0.1702151550185038,0.955977976322174,0.9566502571105956,0.9427184462547302,0.9710000157356262,0.9743924140930176,0.9721993803977966,0.9721351861953736,0.9695773720741272,0.9747065901756288,0.9943525195121764,True,39.0
Hartbeespoort,Winam,T-Har_V-Win_15px_2026-07-22,15,inner,46,0.0921464844751287,0.1698870143341576,0.9549775123596193,0.955621302127838,0.9426069855690002,0.968999981880188,0.9747798442840576,0.9705543518066406,0.9704717993736268,0.9683950543403624,0.9725574254989624,0.9941218495368958,True,39.0
Hartbeespoort,Winam,T-Har_V-Win_15px_2026-07-22,15,inner,47,0.0883932421402155,0.1681612853325154,0.9569784998893738,0.9575936794281006,0.9445525407791138,0.9710000157356262,0.9750715494155884,0.9716235995292664,0.971583902835846,0.9681549668312072,0.9750372171401978,0.9951114058494568,True,39.0
Hartbeespoort,Winam,T-Har_V-Win_15px_2026-07-22,15,inner,48,0.0916329804776647,0.1713656850970756,0.955977976322174,0.9566075205802916,0.9435797929763794,0.9700000286102296,0.9743603467941284,0.9711301326751708,0.9710754156112672,0.9681235551834106,0.9740452766418456,0.9942403435707092,True,39.0
Hartbeespoort,Winam,T-Har_V-Win_15px_2026-07-22,15,inner,49,0.092546988666538,0.1709178949600498,0.9549775123596193,0.9555774927139282,0.943469762802124,0.9679999947547911,0.9749975204467772,0.9707188606262208,0.9706318974494934,0.9687139987945556,0.9725574254989624,0.9941752552986144,True,39.0
Hartbeespoort,,Test_Har_outer_15px_2026-07-22,15,outer,1,0.3562051063330991,,,,,,,0.8495444059371948,0.845045804977417,0.8672540187835693,0.8239466547966003,0.923027276992798,True,
Hartbeespoort,,Test_Har_outer_15px_2026-07-22,15,outer,2,0.2334323348850485,,,,,,,0.9165077209472656,0.916015326976776,0.9175800681114196,0.9144559502601624,0.966802179813385,True,
Hartbeespoort,,Test_Har_outer_15px_2026-07-22,15,outer,3,0.203005453138152,,,,,,,0.9329660534858704,0.9323351383209229,0.9372133016586304,0.92750746011734,0.9735698699951172,True,
Hartbeespoort,,Test_Har_outer_15px_2026-07-22,15,outer,4,0.1897505387393332,,,,,,,0.9352263808250428,0.9349045157432556,0.9356351494789124,0.9341750741004944,0.9770885109901428,True,
Hartbeespoort,,Test_Har_outer_15px_2026-07-22,15,outer,5,0.1772713876096022,,,,,,,0.9415130615234376,0.9412599205970764,0.941393494606018,0.9411264061927797,0.9795970916748048,True,
Hartbeespoort,,Test_Har_outer_15px_2026-07-22,15,outer,6,0.1429466728841786,,,,,,,0.9523910284042358,0.9523000717163086,0.9501482844352722,0.954461634159088,0.9867940545082092,True,
Hartbeespoort,,Test_Har_outer_15px_2026-07-22,15,outer,7,0.145260469628406,,,,,,,0.9497774839401244,0.9496850967407228,0.9474724531173706,0.9519080519676208,0.9866876602172852,True,
Hartbeespoort,,Test_Har_outer_15px_2026-07-22,15,outer,8,0.1475978399738548,,,,,,,0.9510489702224731,0.9508893489837646,0.9500141739845276,0.9517661929130554,0.9857544898986816,True,
Hartbeespoort,,Test_Har_outer_15px_2026-07-22,15,outer,9,0.139676468241469,,,,,,,0.9539450407028198,0.953863561153412,0.951574206352234,0.956164002418518,0.986880898475647,True,
Hartbeespoort,,Test_Har_outer_15px_2026-07-22,15,outer,10,0.1466743882953123,,,,,,,0.952320396900177,0.9522664546966552,0.949379563331604,0.9551709294319152,0.9852437376976012,True,
Hartbeespoort,,Test_Har_outer_15px_2026-07-22,15,outer,11,0.1342183419765031,,,,,,,0.956205427646637,0.9561030864715576,0.9543462991714478,0.957866370677948,0.9883038997650146,True,
Hartbeespoort,,Test_Har_outer_15px_2026-07-22,15,outer,12,0.1344365959236697,,,,,,,0.9557815790176392,0.955583930015564,0.9558551907539368,0.9553127884864808,0.98768550157547,True,
Hartbeespoort,,Test_Har_outer_15px_2026-07-22,15,outer,13,0.1250477161642908,,,,,,,0.9587483406066896,0.9586870670318604,0.9561168551445008,0.961271107196808,0.9896610379219056,True,
Hartbeespoort,,Test_Har_outer_15px_2026-07-22,15,outer,14,0.1327428674568621,,,,,,,0.9572649598121644,0.9570891261100768,0.9570212960243224,0.957157015800476,0.9880155324935912,True,
Hartbeespoort,,Test_Har_outer_15px_2026-07-22,15,outer,15,0.1273008804935944,,,,,,,0.9591014981269836,0.9590436220169068,0.9564051628112792,0.9616966843605042,0.9888877868652344,True,
Hartbeespoort,,Test_Har_outer_15px_2026-07-22,15,outer,16,0.1179045320037159,,,,,,,0.9619975686073304,0.961978793144226,0.958456575870514,0.9655269980430604,0.9903792142868042,True,
Hartbeespoort,,Test_Har_outer_15px_2026-07-22,15,outer,17,0.1156120807018759,,,,,,,0.9633396863937378,0.9632826447486876,0.9607676863670348,0.965810775756836,0.9907981157302856,True,
Hartbeespoort,,Test_Har_outer_15px_2026-07-22,15,outer,18,0.1145230662536846,,,,,,,0.9623507857322692,0.96230286359787,0.95952045917511,0.965101420879364,0.9909054040908812,True,
Rodman,Hartbeespoort,T-Rod_V-Har_15px_2026-07-22,15,inner,1,0.2911990614208957,0.4721937418042675,0.7253937125205994,0.71875,0.7260692715644836,0.7115768194198608,0.8657558560371399,0.8786628246307373,0.875634491443634,0.8933195471763611,0.8586361408233643,0.949428915977478,True,6.0
Rodman,Hartbeespoort,T-Rod_V-Har_15px_2026-07-22,15,inner,2,0.1774712594196022,0.242172620633221,0.8882874250411987,0.8738188147544861,0.9861982464790344,0.7844311594963074,0.9888572096824646,0.9342963099479676,0.9339309334754944,0.934396266937256,0.9334660768508912,0.9810968637466432,True,6.0
Rodman,Hartbeespoort,T-Rod_V-Har_15px_2026-07-22,15,inner,3,0.1372277898996072,0.3671994924501288,0.8331692814826965,0.7992895245552063,0.9825327396392822,0.673652708530426,0.9685134291648864,0.9508047699928284,0.9506867527961732,0.9481762647628784,0.9532105326652528,0.9879907369613647,True,6.0
Rodman,Hartbeespoort,T-Rod_V-Har_15px_2026-07-22,15,inner,4,0.1206444272504726,0.2701732672633617,0.8695865869522095,0.850872278213501,0.9754838943481444,0.7544910311698914,0.98453289270401,0.9581510424613952,0.9580263495445251,0.9560475945472716,0.9600132703781128,0.9904592037200928,True,6.0
Rodman,Hartbeespoort,T-Rod_V-Har_15px_2026-07-22,15,inner,5,0.1026119826612913,0.2989656978000806,0.8700787425041199,0.8523489832878113,0.969465672969818,0.7604790329933167,0.9622899293899536,0.9647544622421264,0.9646728038787842,0.962046205997467,0.9673137664794922,0.9926376342773438,True,6.0
Rodman,Hartbeespoort,T-Rod_V-Har_15px_2026-07-22,15,inner,6,0.0872195963064009,0.2039193879724956,0.8946850299835205,0.8826754093170166,0.9793187379837036,0.8033931851387024,0.9913842678070068,0.971275269985199,0.9711586236953736,0.9701937437057496,0.9721254110336304,0.9943944811820984,True,6.0
Rodman,Hartbeespoort,T-Rod_V-Har_15px_2026-07-22,15,inner,7,0.0852959019874941,0.2182765880005625,0.8873031735420227,0.8729894757270813,0.9825218319892884,0.7854291200637817,0.991640031337738,0.9711101651191713,0.9710168838500975,0.9692510962486268,0.9727891087532043,0.9947855472564696,True,6.0
Rodman,Hartbeespoort,T-Rod_V-Har_15px_2026-07-22,15,inner,8,0.0778941302852004,0.2817987635398034,0.8700787425041199,0.8500000238418579,0.9868074059486388,0.7465069890022278,0.990670084953308,0.973256289958954,0.9732054471969604,0.9701566100120544,0.9762734174728394,0.9956676959991456,True,6.0
Rodman,Hartbeespoort,T-Rod_V-Har_15px_2026-07-22,15,inner,9,0.0785352136520034,0.2628705298645407,0.8754921555519104,0.8585802316665649,0.975857675075531,0.7664670944213867,0.9804391264915466,0.974494457244873,0.9744310975074768,0.9719379544258118,0.9769371151924132,0.995375394821167,True,6.0
Rodman,Hartbeespoort,T-Rod_V-Har_15px_2026-07-22,15,inner,10,0.0738855443744191,0.3213225627523355,0.8553149700164795,0.831228494644165,0.9783783555030824,0.7225548624992371,0.9861751794815063,0.9743293523788452,0.974197268486023,0.9742781519889832,0.9741165041923524,0.9962364435195924,True,6.0
Rodman,Hartbeespoort,T-Rod_V-Har_15px_2026-07-22,15,inner,11,0.0663808644820332,0.2225113165579501,0.8941929340362549,0.8819330334663391,0.980463981628418,0.8013972043991089,0.9892011880874634,0.9768881797790528,0.9768211841583252,0.9747232794761658,0.9789281487464904,0.9969252943992616,True,6.0
Rodman,Hartbeespoort,T-Rod_V-Har_15px_2026-07-22,15,inner,12,0.0650269703362237,0.4122298617414602,0.8459645509719849,0.8179174065589905,0.9804741740226746,0.7015967965126038,0.953656792640686,0.9762278199195862,0.976170778274536,0.97359299659729,0.9787622094154358,0.9970680475234984,True,6.0
Rodman,Hartbeespoort,T-Rod_V-Har_15px_2026-07-22,15,inner,13,0.0648375153510815,0.2647845640147882,0.8725393414497375,0.8539199233055115,0.9818417429924012,0.7554890513420105,0.9889812469482422,0.976392924785614,0.9763166904449464,0.9745412468910216,0.9780985713005066,0.9970790147781372,True,6.0
Rodman,Hartbeespoort,T-Rod_V-Har_15px_2026-07-22,15,inner,14,0.0638330711204031,0.5262684818580893,0.7957677245140076,0.7433518767356873,0.9772357940673828,0.5998004078865051,0.9727118611335754,0.9773834347724916,0.9773178696632384,0.9752188920974731,0.9794259071350098,0.997126281261444,True,6.0
Rodman,Hartbeespoort,T-Rod_V-Har_15px_2026-07-22,15,inner,15,0.0626187765261283,0.3319077341318658,0.8558070659637451,0.8317059278488159,0.9797022938728333,0.7225548624992371,0.9752204418182372,0.9781262874603271,0.9780647158622742,0.975883722305298,0.9802555441856384,0.9970788955688475,True,6.0
Rodman,Hartbeespoort,T-Rod_V-Har_15px_2026-07-22,15,inner,16,0.0592949374274089,0.2698468804748098,0.8715550899505615,0.8526256084442139,0.981794536113739,0.7534930109977722,0.9883592128753662,0.9795295000076294,0.9794633984565736,0.9776822328567504,0.981251060962677,0.9974827170372008,True,6.0
Rodman,Mula,T-Rod_V-Mul_15px_2026-07-22,15,inner,1,0.2521220368208599,0.4632000591764119,0.7779922485351562,0.7268408536911011,0.8986784219741821,0.6101694703102112,0.9206767082214355,0.9024430513381958,0.9004226326942444,0.9176430106163024,0.8838366866111755,0.9640774130821228,True,13.0
Rodman,Mula,T-Rod_V-Mul_15px_2026-07-22,15,inner,2,0.1490905032123344,0.4784603584054354,0.7799227833747864,0.7233009934425354,0.9240310192108154,0.5942173600196838,0.936037540435791,0.9469979405403136,0.946826159954071,0.9480865001678468,0.9455692172050476,0.9861916899681092,True,13.0
Rodman,Mula,T-Rod_V-Mul_15px_2026-07-22,15,inner,3,0.101681611262123,0.2536676026967041,0.90250962972641,0.8989999890327454,0.9017050862312316,0.8963110446929932,0.9599554538726808,0.9677018523216248,0.9676777720451356,0.9665563106536864,0.9688018560409546,0.9931644201278688,True,13.0
Rodman,Mula,T-Rod_V-Mul_15px_2026-07-22,15,inner,4,0.0919851382079825,0.3985370124319863,0.8426640629768372,0.8117783069610596,0.9643347263336182,0.7008973360061646,0.9621118307113647,0.9701863527297974,0.9701393246650696,0.969817578792572,0.9704613089561462,0.9938907027244568,True,13.0
Rodman,Mula,T-Rod_V-Mul_15px_2026-07-22,15,inner,5,0.0782919980064188,0.2789940686472134,0.8904440402984619,0.8810895681381226,0.928256094455719,0.838484525680542,0.9600375890731812,0.9751552939414978,0.9751573204994202,0.9732231497764589,0.9770992398262024,0.9954296350479126,True,13.0
Rodman,Mula,T-Rod_V-Mul_15px_2026-07-22,15,inner,6,0.0637526093232088,0.3057510213689109,0.8759652376174927,0.8587135672569275,0.9571078419685364,0.7786639928817749,0.9691859483718872,0.9790475964546204,0.9790406823158264,0.9775020480155944,0.9805841445922852,0.9969260096549988,True,13.0
Rodman,Mula,T-Rod_V-Mul_15px_2026-07-22,15,inner,7,0.0618130118418369,0.2860622375800803,0.8836872577667236,0.8707774877548218,0.94199538230896,0.8095712661743164,0.9670567512512208,0.9798758029937744,0.979839026927948,0.9797577857971193,0.9799203276634216,0.997092068195343,True,13.0
Rodman,Mula,T-Rod_V-Mul_15px_2026-07-22,15,inner,8,0.060438986241077,0.2330864419923325,0.9083011746406556,0.9028629660606384,0.9265477657318116,0.8803589344024658,0.9708414673805236,0.9809523820877076,0.9809476733207704,0.9793251752853394,0.982575535774231,0.9970475435256958,True,13.0
Rodman,Mula,T-Rod_V-Mul_15px_2026-07-22,15,inner,9,0.056831970605575,0.2691466021980788,0.8870656490325928,0.8757961988449097,0.936435878276825,0.8225324153900146,0.9665045738220216,0.981532096862793,0.981544315814972,0.9790325164794922,0.984069049358368,0.9973912239074708,True,13.0
Rodman,Mula,T-Rod_V-Mul_15px_2026-07-22,15,inner,10,0.0535768331562633,0.2497133795589093,0.8996139168739319,0.892004132270813,0.9306609034538268,0.85643070936203,0.9689294695854188,0.9829399585723876,0.9829328656196594,0.9814692139625548,0.9844009280204772,0.997687816619873,True,13.0
Rodman,Mula,T-Rod_V-Mul_15px_2026-07-22,15,inner,11,0.046699065537834,0.2539855162738948,0.9010617733001708,0.8929504156112671,0.9375,0.8524426817893982,0.9709375500679016,0.9845962524414062,0.9845771193504332,0.9839244484901428,0.9852306842803956,0.9984898567199708,True,13.0
Rodman,Mula,T-Rod_V-Mul_15px_2026-07-22,15,inner,12,0.047713261364533,0.3664664668120932,0.834942102432251,0.8029953837394714,0.9508867859840392,0.694915235042572,0.9674596786499025,0.983768105506897,0.9837560057640076,0.982615888118744,0.9848987460136414,0.9982726573944092,True,13.0
Rodman,Mula,T-Rod_V-Mul_15px_2026-07-22,15,inner,13,0.0466206042221737,0.228539627045393,0.9126448035240172,0.9079816937446594,0.9263485670089722,0.8903290033340454,0.9699227809906006,0.9855072498321532,0.9854879975318908,0.9849162697792052,0.986060380935669,0.9983059167861938,True,13.0
Rodman,Mula,T-Rod_V-Mul_15px_2026-07-22,15,inner,14,0.0416830900545168,0.3415363410336746,0.8614864945411682,0.841873288154602,0.9408866763114928,0.7617148756980896,0.9666351675987244,0.9867494702339172,0.986743986606598,0.9852746725082396,0.9882177114486694,0.998603105545044,True,13.0
Rodman,Mula,T-Rod_V-Mul_15px_2026-07-22,15,inner,15,0.0484380115695128,0.2664765251448026,0.8899613618850708,0.8792372941970825,0.9378530979156494,0.8275174498558044,0.9692848324775696,0.9840165376663208,0.9840139150619508,0.9823052883148192,0.9857285022735596,0.9982132911682128,True,13.0
Rodman,Mula,T-Rod_V-Mul_15px_2026-07-22,15,inner,16,0.0415329223863132,0.2740827385897111,0.885617733001709,0.8749340176582336,0.9293721914291382,0.8265204429626465,0.9648472666740416,0.9873291850090028,0.9873186945915222,0.9862560033798218,0.988383650779724,0.998507022857666,True,13.0
Rodman,Mula,T-Rod_V-Mul_15px_2026-07-22,15,inner,17,0.0400830713420427,0.2562907596036043,0.8991312980651855,0.8904037475585938,0.9391592741012572,0.8464606404304504,0.9707425832748412,0.9865838289260864,0.9865849614143372,0.9846280813217164,0.9885495901107788,0.9987333416938782,True,13.0
Rodman,Mula,T-Rod_V-Mul_15px_2026-07-22,15,inner,18,0.0382476128967899,0.2543536884760534,0.9039575457572936,0.8965158462524414,0.936956524848938,0.8594217300415039,0.9682729244232178,0.9872463941574096,0.9872262477874756,0.9868988394737244,0.9875539541244508,0.9990086555480956,True,13.0
Rodman,Mula,T-Rod_V-Mul_15px_2026-07-22,15,inner,19,0.036552585496974,0.2874881166130534,0.8778957724571228,0.8637587428092957,0.9391100406646729,0.7996011972427368,0.9681208729743958,0.9876604676246644,0.9876502156257628,0.9865871667861938,0.9887155890464784,0.9990005493164062,True,13.0
Rodman,Mula,T-Rod_V-Mul_15px_2026-07-22,15,inner,20,0.0398068865430281,0.2956372582889431,0.876447856426239,0.861920177936554,0.9388954043388368,0.7966101765632629,0.9682216644287108,0.9876604676246644,0.9876399636268616,0.9873942732810974,0.98788583278656,0.9986915588378906,True,13.0
Rodman,Mula,T-Rod_V-Mul_15px_2026-07-22,15,inner,21,0.0363602372484115,0.2926244060347094,0.8807914853096008,0.8675603270530701,0.9385150671005248,0.8065802454948425,0.9674521684646606,0.9882401823997498,0.9882236123085022,0.9877321124076844,0.9887155890464784,0.9990217089653016,True,13.0
Rodman,Mula,T-Rod_V-Mul_15px_2026-07-22,15,inner,22,0.0360663500280113,0.2903478506945332,0.8807914853096008,0.86698979139328,0.9426229596138,0.8025922179222107,0.970671772956848,0.9884058237075806,0.988399088382721,0.9870903491973876,0.9897112250328064,0.9990509152412416,True,13.0
Rodman,Mula,T-Rod_V-Mul_15px_2026-07-22,15,inner,23,0.0353610576949936,0.2968500737589873,0.8730695247650146,0.8577609658241272,0.9373522400856018,0.7906281352043152,0.9687280654907228,0.9884058237075806,0.9883971214294434,0.98725163936615,0.9895452857017516,0.9991998672485352,True,13.0
Rodman,Inle,T-Rod_V-Inl_15px_2026-07-22,15,inner,1,0.2767074647053402,0.4131476200819015,0.8220000267028809,0.8024417161941528,0.9014962315559388,0.7229999899864197,0.9123910069465636,0.8899316787719727,0.8891468644142151,0.8889257311820984,0.8893680572509766,0.954629361629486,True,17.0
Rodman,Inle,T-Rod_V-Inl_15px_2026-07-22,15,inner,2,0.1768858068625485,0.2296989286541939,0.9045000076293944,0.9012919664382936,0.9326203465461732,0.871999979019165,0.9701650142669678,0.9355396628379822,0.9351015090942384,0.9345592856407166,0.9356443881988524,0.980960726737976,True,17.0
Rodman,Inle,T-Rod_V-Inl_15px_2026-07-22,15,inner,3,0.1355747726853319,0.2017856389284134,0.921999990940094,0.919003129005432,0.955723524093628,0.8849999904632568,0.9788509607315063,0.9533218145370485,0.9531288743019104,0.9500659108161926,0.9562116265296936,0.988092601299286,True,17.0
Rodman,Inle,T-Rod_V-Inl_15px_2026-07-22,15,inner,4,0.1173258420578921,0.1253063300102949,0.9660000205039978,0.966369926929474,0.9559686779975892,0.9769999980926514,0.99194598197937,0.9594962000846864,0.9593186974525452,0.9564715623855592,0.9621827602386476,0.9909728765487672,True,17.0
Rodman,Inle,T-Rod_V-Inl_15px_2026-07-22,15,inner,5,0.101272884314395,0.1232793664932251,0.968999981880188,0.9694581031799316,0.955339789390564,0.984000027179718,0.9944379925727844,0.9659175276756288,0.9657681584358216,0.9629018902778624,0.968651533126831,0.9930487275123596,True,17.0
Rodman,Inle,T-Rod_V-Inl_15px_2026-07-22,15,inner,6,0.0880092184313179,0.0991444085985422,0.9660000205039978,0.966269850730896,0.9586614370346068,0.9739999771118164,0.9944964647293092,0.9685519337654114,0.9683460593223572,0.9675443172454834,0.969149112701416,0.9949125051498412,True,17.0
Rodman,Inle,T-Rod_V-Inl_15px_2026-07-22,15,inner,7,0.0835923223076258,0.0864931397885084,0.9700000286102296,0.9701195359230042,0.966269850730896,0.9739999771118164,0.9953619837760924,0.9720918536186218,0.9719672799110411,0.9691622853279114,0.9747885465621948,0.995005428791046,True,17.0
Rodman,Inle,T-Rod_V-Inl_15px_2026-07-22,15,inner,8,0.0806125351528753,0.0911311172172427,0.9649999737739564,0.9650698900222778,0.9631474018096924,0.9670000076293944,0.9948070049285888,0.9745616316795348,0.9744141697883606,0.9728835821151732,0.9759495854377748,0.9952541589736938,True,17.0
Rodman,Inle,T-Rod_V-Inl_15px_2026-07-22,15,inner,9,0.0757849444666264,0.0803810930848121,0.9735000133514404,0.9736186861991882,0.969276487827301,0.977999985218048,0.9959449768066406,0.9740676879882812,0.9739604592323304,0.9708305597305298,0.9771106243133544,0.996124267578125,True,17.0
Rodman,Inle,T-Rod_V-Inl_15px_2026-07-22,15,inner,10,0.0776417221433293,0.1133139385730028,0.9585000276565552,0.9582704901695251,0.9635996222496032,0.953000009059906,0.9919790029525756,0.9725034832954408,0.9724012613296508,0.9688786268234252,0.9759495854377748,0.9958666563034058,True,17.0
Rodman,Inle,T-Rod_V-Inl_15px_2026-07-22,15,inner,11,0.0683237477576398,0.1197523160055279,0.9570000171661376,0.9570000171661376,0.9570000171661376,0.9570000171661376,0.9913349747657776,0.9772783517837524,0.9771295785903932,0.9763205647468568,0.9779399633407592,0.9966003894805908,True,17.0
Rodman,Inle,T-Rod_V-Inl_15px_2026-07-22,15,inner,12,0.0683845285526507,0.0909341896213591,0.9645000100135804,0.9648340940475464,0.9558390378952026,0.9739999771118164,0.994979977607727,0.9766197204589844,0.976490080356598,0.9747149348258972,0.9782716631889344,0.9967550039291382,True,17.0
Rodman,Inle,T-Rod_V-Inl_15px_2026-07-22,15,inner,13,0.0636552383339168,0.0869705412127077,0.9670000076293944,0.9672943353652954,0.958742618560791,0.9760000109672546,0.995252013206482,0.978513240814209,0.9783671498298644,0.9777998924255372,0.9789351224899292,0.9970868825912476,True,17.0
Rodman,Inle,T-Rod_V-Inl_15px_2026-07-22,15,inner,14,0.0638537729483929,0.0956526541374623,0.965499997138977,0.9654827117919922,0.965965986251831,0.9649999737739564,0.9936950206756592,0.9785955548286438,0.9785194993019104,0.9748148322105408,0.9822524189949036,0.99710875749588,True,17.0
Rodman,Inle,T-Rod_V-Inl_15px_2026-07-22,15,inner,15,0.0609501672753328,0.0850219497084617,0.968999981880188,0.9693675637245178,0.9580078125,0.9810000061988832,0.9956769347190856,0.9795834422111512,0.9794600009918212,0.9781637787818908,0.9807596802711488,0.9973188638687134,True,17.0
Rodman,Inle,T-Rod_V-Inl_15px_2026-07-22,15,inner,16,0.0587646814506809,0.0821491456031799,0.9700000286102296,0.9701789021492004,0.9644268751144408,0.9760000109672546,0.9952739477157592,0.9799127578735352,0.9798180460929872,0.977231502532959,0.9824182987213136,0.9974733591079712,True,17.0
Rodman,Inle,T-Rod_V-Inl_15px_2026-07-22,15,inner,17,0.0562086937049097,0.0735163802932947,0.9725000262260436,0.9727857708930968,0.9627816081047058,0.9829999804496764,0.9966509342193604,0.9811475872993468,0.9810383319854736,0.9794973731040956,0.9825841784477234,0.9978713989257812,True,17.0
Rodman,Inle,T-Rod_V-Inl_15px_2026-07-22,15,inner,18,0.0546586517595117,0.0886094250455498,0.9670000076293944,0.9672293663024902,0.9605522751808168,0.9739999771118164,0.9949389696121216,0.9808183312416076,0.9807358384132384,0.9777448177337646,0.9837452173233032,0.9979333877563475,True,17.0
Rodman,Inle,T-Rod_V-Inl_15px_2026-07-22,15,inner,19,0.0567317475082747,0.087901058062911,0.9670000076293944,0.9674876928329468,0.953398048877716,0.9819999933242798,0.9956239461898804,0.9809006452560424,0.9808074235916138,0.978379249572754,0.9832476377487184,0.9977781176567078,True,17.0
Rodman,Inle,T-Rod_V-Inl_15px_2026-07-22,15,inner,20,0.0541086815120646,0.0923238685689866,0.9639999866485596,0.9645320177078248,0.9504854083061218,0.9789999723434448,0.9950459599494934,0.9805713295936584,0.9804797172546388,0.977891445159912,0.9830817580223083,0.9981013536453248,True,17.0
Rodman,Inle,T-Rod_V-Inl_15px_2026-07-22,15,inner,21,0.0539065112574577,0.0936413628682494,0.9674999713897704,0.967837691307068,0.9578844308853148,0.977999985218048,0.9944549798965454,0.9820531606674194,0.9819566011428832,0.980009913444519,0.9839110970497132,0.9978966116905212,True,17.0
Rodman,Inle,T-Rod_V-Inl_15px_2026-07-22,15,inner,22,0.0533086986028653,0.0858587084189057,0.9704999923706056,0.9709502458572388,0.9563530683517456,0.9860000014305116,0.9961569905281068,0.981476902961731,0.9813849329948424,0.9790359735488892,0.9837452173233032,0.9979491233825684,True,17.0
Rodman,Inle,T-Rod_V-Inl_15px_2026-07-22,15,inner,23,0.0516425914184697,0.0891871160529553,0.9664999842643738,0.9669787883758544,0.9533527493476868,0.9810000061988832,0.995392084121704,0.9827117919921876,0.9826187491416932,0.9806707501411438,0.984574556350708,0.9980505108833312,True,17.0
Rodman,Inle,T-Rod_V-Inl_15px_2026-07-22,15,inner,24,0.051484723035726,0.0965914216935634,0.965499997138977,0.9657227993011476,0.9595261812210084,0.972000002861023,0.9940309524536132,0.9822178483009338,0.9821221828460692,0.9801751375198364,0.984076976776123,0.9981189966201782,True,17.0
Rodman,Inle,T-Rod_V-Inl_15px_2026-07-22,15,inner,25,0.0523291491024178,0.0938916816711425,0.9674999713897704,0.968058943748474,0.9516907930374146,0.9850000143051147,0.995085060596466,0.9831234216690063,0.983039617538452,0.9806867241859436,0.9854038953781128,0.997971534729004,True,17.0
Rodman,Inle,T-Rod_V-Inl_15px_2026-07-22,15,inner,26,0.0516451635886594,0.0994229556210339,0.9645000100135804,0.9649035930633544,0.954056680202484,0.9760000109672546,0.9938169717788696,0.983288049697876,0.9832078814506532,0.9806930422782898,0.9857355952262878,0.9981709122657776,True,17.0
Rodman,Inle,T-Rod_V-Inl_15px_2026-07-22,15,inner,27,0.0504514923480383,0.0953122509308159,0.9674999713897704,0.9680275321006776,0.952565371990204,0.984000027179718,0.9946099519729614,0.9826294779777528,0.9825345873832704,0.980667531490326,0.984408676624298,0.9982327222824096,True,17.0
Rodman,Vembanad,T-Rod_V-Vem_15px_2026-07-22,15,inner,1,0.2731186399223285,0.262110651964759,0.881118893623352,0.8753926753997803,0.9207048416137696,0.8343313336372375,0.9656357169151306,0.8864553570747375,0.883303701877594,0.9013816714286804,0.8659366369247437,0.9562783241271972,True,16.0
Rodman,Vembanad,T-Rod_V-Vem_15px_2026-07-22,15,inner,2,0.1782210325724846,0.1790027987569213,0.9460539221763612,0.9463220834732056,0.9425742626190186,0.9500998258590698,0.9823282957077026,0.9342116117477416,0.9336544275283812,0.9345079660415648,0.9328023791313172,0.980208933353424,True,16.0
Rodman,Vembanad,T-Rod_V-Vem_15px_2026-07-22,15,inner,3,0.1399827541000512,0.1296002062206918,0.962037980556488,0.9627816081047058,0.9451923370361328,0.9810379147529602,0.990321397781372,0.9506793022155762,0.9503522515296936,0.9494866132736206,0.9512194991111756,0.9873801469802856,True,16.0
Rodman,Vembanad,T-Rod_V-Vem_15px_2026-07-22,15,inner,4,0.1134180098403967,0.1349353472591488,0.9505494236946106,0.9495155811309814,0.970802903175354,0.9291417002677916,0.9915398955345154,0.9599012136459352,0.9597021341323853,0.9572466015815736,0.9621702432632446,0.9913477301597596,True,16.0
Rodman,Vembanad,T-Rod_V-Vem_15px_2026-07-22,15,inner,5,0.1016272868551605,0.2269039044526966,0.9255744218826294,0.9229177236557008,0.9581095576286316,0.8902195692062378,0.9757834076881408,0.9641827940940856,0.964076280593872,0.9597172141075134,0.9684752225875854,0.9928056001663208,True,16.0
Rodman,Vembanad,T-Rod_V-Vem_15px_2026-07-22,15,inner,6,0.0864972363386001,0.1051134109593831,0.9595404863357544,0.9598413705825806,0.9536945819854736,0.9660678505897522,0.9929890632629396,0.9709345698356628,0.9708240628242492,0.9672266244888306,0.9744483232498168,0.9945573806762696,True,16.0
Rodman,Vembanad,T-Rod_V-Vem_15px_2026-07-22,15,inner,7,0.0801456022042951,0.0873909524160918,0.9710289835929872,0.9712586998939514,0.9645669460296632,0.9780439138412476,0.9943224191665648,0.9722519516944884,0.9721326231956482,0.9690076112747192,0.9752779006958008,0.9954736828804016,True,16.0
Rodman,Vembanad,T-Rod_V-Vem_15px_2026-07-22,15,inner,8,0.0819388213337768,0.1017195469058759,0.9630369544029236,0.9631106853485109,0.9621514081954956,0.9640718698501588,0.9927394986152648,0.9728283286094666,0.9727362990379332,0.9687345623970032,0.9767711758613586,0.9950358271598816,True,16.0
Rodman,Vembanad,T-Rod_V-Vem_15px_2026-07-22,15,inner,9,0.076435967921726,0.1319851987091796,0.9565434455871582,0.955949366092682,0.9701952934265136,0.9421157836914062,0.9905529022216796,0.9752161502838136,0.975101351737976,0.9722864031791688,0.977932631969452,0.99574476480484,True,16.0
Rodman,Vembanad,T-Rod_V-Vem_15px_2026-07-22,15,inner,10,0.0735596122158044,0.0812359497541437,0.9680319428443908,0.9678068161010742,0.9756592512130736,0.9600798487663268,0.9955718517303468,0.9749691486358644,0.9748718738555908,0.9713391661643982,0.9784303903579712,0.9959802627563475,True,16.0
Rodman,Vembanad,T-Rod_V-Vem_15px_2026-07-22,15,inner,11,0.0654359224557987,0.119939737887653,0.9590409398078918,0.9585019946098328,0.9722792506217957,0.9451097846031188,0.992644727230072,0.9772745966911316,0.9771674275398254,0.9744266867637634,0.979923665523529,0.9969205856323242,True,16.0
Rodman,Vembanad,T-Rod_V-Vem_15px_2026-07-22,15,inner,12,0.0657364784125292,0.1119561362406843,0.9630369544029236,0.9626639485359192,0.973469376564026,0.9520958065986632,0.9932944774627686,0.9772745966911316,0.9771636724472046,0.9745832681655884,0.9797577857971193,0.996817946434021,True,16.0
Rodman,Vembanad,T-Rod_V-Vem_15px_2026-07-22,15,inner,13,0.0635964623316907,0.0715596621770497,0.976523458957672,0.97648823261261,0.9789367914199828,0.9740518927574158,0.9961277842521667,0.9794154167175292,0.9793320298194884,0.9759433269500732,0.9827443361282348,0.9969545602798462,True,16.0
Rodman,Vembanad,T-Rod_V-Vem_15px_2026-07-22,15,inner,14,0.0612545871564995,0.0951480214669184,0.9700299501419068,0.9696356058120728,0.9835729002952576,0.9560878276824952,0.9949061870574952,0.978592038154602,0.9784910678863524,0.9757465720176696,0.981251060962677,0.9971432089805604,True,16.0
Rodman,Vembanad,T-Rod_V-Vem_15px_2026-07-22,15,inner,15,0.0601936383498775,0.0690534572227747,0.9775224924087524,0.9773527979850768,0.98578679561615,0.9690618515014648,0.9966647028923036,0.9788390398025512,0.978737473487854,0.9760726094245912,0.9814169406890868,0.9972940683364868,True,16.0
Rodman,Vembanad,T-Rod_V-Vem_15px_2026-07-22,15,inner,16,0.0555314794162839,0.0650573728329778,0.9770230054855348,0.9770458936691284,0.9770458936691284,0.9770458936691284,0.9967774152755736,0.9812268614768982,0.9811383485794068,0.978386402130127,0.9839057326316832,0.9978063106536864,True,16.0
Rodman,Vembanad,T-Rod_V-Vem_15px_2026-07-22,15,inner,17,0.0563289057787012,0.076083708845719,0.9735264778137208,0.9734867215156556,0.9759277701377868,0.9710578918457032,0.9961975812911988,0.9810621738433838,0.9809697270393372,0.978379249572754,0.9835739135742188,0.9975953102111816,True,16.0
Rodman,Vembanad,T-Rod_V-Vem_15px_2026-07-22,15,inner,18,0.0533372057992129,0.0761026411161913,0.9750249981880188,0.9748995900154114,0.9808080792427064,0.9690618515014648,0.9963053464889526,0.9823795557022096,0.9823082089424132,0.978909194469452,0.9857308864593506,0.9975649118423462,True,16.0
Rodman,Vembanad,T-Rod_V-Vem_15px_2026-07-22,15,inner,19,0.0546444654993838,0.0781726189149352,0.9735264778137208,0.973380208015442,0.9797775745391846,0.9670658707618712,0.9961576461791992,0.9810621738433838,0.9809728860855104,0.9782214164733888,0.9837398529052734,0.9977083802223206,True,16.0
Rodman,Vembanad,T-Rod_V-Vem_15px_2026-07-22,15,inner,20,0.0539320266997681,0.0895443837708243,0.9700299501419068,0.9698492288589478,0.9767206311225892,0.9630738496780396,0.9950568675994872,0.9817208647727966,0.9816468358039856,0.9782501459121704,0.9850671887397766,0.9978160858154296,True,16.0
Rodman,Vembanad,T-Rod_V-Vem_15px_2026-07-22,15,inner,21,0.0546264540818172,0.0701438417596803,0.9750249981880188,0.9750249981880188,0.9760000109672546,0.9740518927574158,0.9964830875396729,0.9829559326171876,0.9828798174858092,0.9798812866210938,0.9858968257904052,0.9975783824920654,True,16.0
Rodman,Vembanad,T-Rod_V-Vem_15px_2026-07-22,15,inner,22,0.053702783430614,0.0808841820655541,0.9720279574394226,0.9719157218933104,0.9768145084381104,0.9670658707618712,0.9957634806632996,0.9817208647727966,0.9816133975982666,0.9799900650978088,0.9832420945167542,0.9977777004241944,True,16.0
Rodman,Vembanad,T-Rod_V-Vem_15px_2026-07-22,15,inner,23,0.0500868347828871,0.0805547370423714,0.9745254516601562,0.9744104146957396,0.9798183441162108,0.9690618515014648,0.995886206626892,0.9829559326171876,0.982885479927063,0.979564905166626,0.98622864484787,0.998080313205719,True,16.0
Rodman,Vembanad,T-Rod_V-Vem_15px_2026-07-22,15,inner,24,0.0511377508102154,0.0829074732488492,0.9725274443626404,0.9723479151725768,0.9797365665435792,0.9650698900222778,0.995894193649292,0.982544243335724,0.9824764132499696,0.9789161682128906,0.9860627055168152,0.99807870388031,True,16.0
Rodman,Vembanad,T-Rod_V-Vem_15px_2026-07-22,15,inner,25,0.0512163036037811,0.0810304904499879,0.9735264778137208,0.9732458591461182,0.9846782684326172,0.9620758295059204,0.9962554574012756,0.9826266169548036,0.9825258851051332,0.9808201193809508,0.9842376112937928,0.9980802536010742,True,16.0
Rodman,Vembanad,T-Rod_V-Vem_15px_2026-07-22,15,inner,26,0.0511791643000657,0.0752919347850712,0.9750249981880188,0.9748491048812866,0.982758641242981,0.9670658707618712,0.9962984323501588,0.9822972416877748,0.982206404209137,0.979854702949524,0.9845694303512572,0.998112678527832,True,16.0
Rodman,Valsequillo,T-Rod_V-Val_15px_2026-07-22,15,inner,1,0.2779971110042419,0.2077787799870266,0.9186274409294128,0.9151329398155212,0.9561966061592102,0.8774510025978088,0.979129195213318,0.880399763584137,0.879534125328064,0.8793877959251404,0.8796804547309875,0.954745352268219,True,2.0
Rodman,Valsequillo,T-Rod_V-Val_15px_2026-07-22,15,inner,2,0.1667747251400814,0.1412315098678364,0.9460784196853638,0.9460254907608032,0.9469547867774964,0.945098042488098,0.9885611534118652,0.9385479688644408,0.9379276037216188,0.9404383301734924,0.9354301691055298,0.98342365026474,True,2.0
Rodman,Valsequillo,T-Rod_V-Val_15px_2026-07-22,15,inner,3,0.1274106103957359,0.1773063246599015,0.9348039031028748,0.9317598938941956,0.9773950576782228,0.8901960849761963,0.9880738258361816,0.9573800563812256,0.9570214748382568,0.9579789638519288,0.9560658931732178,0.989683985710144,True,2.0
Rodman,Valsequillo,T-Rod_V-Val_15px_2026-07-22,15,inner,4,0.104685139156705,0.2091933703890033,0.9313725233078004,0.9304174780845642,0.9435483813285828,0.9176470637321472,0.972253918647766,0.9649789333343506,0.9647723436355592,0.963331699371338,0.9662173390388488,0.9924214482307434,True,2.0
Rodman,Valsequillo,T-Rod_V-Val_15px_2026-07-22,15,inner,5,0.0975239300434055,0.1743047255767034,0.9313725233078004,0.928205132484436,0.9731183052062988,0.8872548937797546,0.9906381964683532,0.9659700989723206,0.9657977819442748,0.9635580778121948,0.9680479168891908,0.993066906929016,True,2.0
Rodman,Valsequillo,T-Rod_V-Val_15px_2026-07-22,15,inner,6,0.080934445662257,0.2096391333449705,0.9196078181266784,0.9155510067939758,0.9642082452774048,0.8715686202049255,0.9822827577590942,0.973403811454773,0.973277986049652,0.970700204372406,0.9758695363998412,0.9950757622718812,True,2.0
Rodman,Valsequillo,T-Rod_V-Val_15px_2026-07-22,15,inner,7,0.0751977896448149,0.1674848763345211,0.943137228488922,0.9413549304008484,0.9718163013458252,0.9127451181411744,0.9893954396247864,0.9752209186553956,0.97508305311203,0.973304569721222,0.9768680334091188,0.9958716630935668,True,2.0
Rodman,Valsequillo,T-Rod_V-Val_15px_2026-07-22,15,inner,8,0.0804697025016207,0.155873125513979,0.9460784196853638,0.9451645016670228,0.9614604711532592,0.929411768913269,0.9869434833526612,0.9732386469841005,0.9731388092041016,0.96960186958313,0.9767016172409058,0.9952549934387208,True,2.0
Rodman,Valsequillo,T-Rod_V-Val_15px_2026-07-22,15,inner,9,0.0671072447918798,0.1422584016095189,0.949999988079071,0.9491018056869508,0.9664633870124816,0.9323529601097108,0.9904007911682128,0.977285861968994,0.9771689772605896,0.9749834537506104,0.979364275932312,0.9968870878219604,True,2.0
Rodman,Valsequillo,T-Rod_V-Val_15px_2026-07-22,15,inner,10,0.0681590142721305,0.20466729769958,0.927450954914093,0.9244897961616516,0.9638298153877258,0.8882352709770203,0.9847500920295716,0.9773684740066528,0.9772576093673706,0.9748302698135376,0.9796971082687378,0.996684432029724,True,2.0
Rodman,Valsequillo,T-Rod_V-Val_15px_2026-07-22,15,inner,11,0.060977029226375,0.1999864219633095,0.934313714504242,0.9317023158073424,0.9702759981155396,0.8960784077644348,0.9872894883155824,0.9794333577156068,0.9793583750724792,0.9757185578346252,0.9830254912376404,0.9972896575927734,True,2.0
Rodman,Valsequillo,T-Rod_V-Val_15px_2026-07-22,15,inner,12,0.062517226395889,0.147889399061016,0.949999988079071,0.9493041634559632,0.9627016186714172,0.936274528503418,0.9881901144981384,0.9784422516822816,0.9783312678337096,0.9761431217193604,0.9805291891098022,0.9971268177032472,True,2.0
Rodman,RawaPening,T-Rod_V-Raw_15px_2026-07-22,15,inner,1,0.2870077189838704,0.2216820195093974,0.922577440738678,0.9278062582015992,0.8698689937591553,0.9940119981765748,0.9867974519729614,0.879209578037262,0.8768985271453857,0.8870967626571655,0.8669321537017822,0.9509472846984864,True,7.0
Rodman,RawaPening,T-Rod_V-Raw_15px_2026-07-22,15,inner,2,0.1790784884218131,0.2368890547252201,0.9250749349594116,0.930232584476471,0.8710801601409912,0.9980040192604064,0.990157186985016,0.9324824810028076,0.9314495921134948,0.9386689066886902,0.9243404865264891,0.9805878400802612,True,7.0
Rodman,RawaPening,T-Rod_V-Raw_15px_2026-07-22,15,inner,3,0.133033070246125,0.1820705524840197,0.9340659379959106,0.9380863308906556,0.8849557638168335,0.9980040192604064,0.9945559501647948,0.9550432562828064,0.9547188878059388,0.9544022679328918,0.95503568649292,0.9886311888694764,True,7.0
Rodman,RawaPening,T-Rod_V-Raw_15px_2026-07-22,15,inner,4,0.1113164952675861,0.1542793761317308,0.942557454109192,0.94552344083786,0.8999098539352417,0.9960079789161682,0.9925858974456788,0.9625360369682312,0.9622688293457032,0.961870014667511,0.962668001651764,0.9915253520011902,True,7.0
Rodman,RawaPening,T-Rod_V-Raw_15px_2026-07-22,15,inner,5,0.103599478197029,0.1904429591127804,0.9340659379959106,0.937911570072174,0.8870106935501099,0.9950099587440492,0.9933473467826844,0.9645121693611144,0.964282751083374,0.9632450342178344,0.965322732925415,0.992555856704712,True,7.0
Rodman,RawaPening,T-Rod_V-Raw_15px_2026-07-22,15,inner,6,0.0862007972983334,0.1206408048441241,0.9560439586639404,0.957773506641388,0.9223659634590148,0.9960079789161682,0.9955808520317078,0.9704405069351196,0.9702494144439696,0.9692053198814392,0.9712958335876464,0.9948339462280272,True,7.0
Rodman,RawaPening,T-Rod_V-Raw_15px_2026-07-22,15,inner,7,0.0789532462272221,0.0991174739252377,0.9665334820747375,0.9674282670021056,0.943127989768982,0.9930139780044556,0.9957734942436218,0.9737340211868286,0.973542332649231,0.9733001589775084,0.9737846255302428,0.9953877925872804,True,7.0
Rodman,RawaPening,T-Rod_V-Raw_15px_2026-07-22,15,inner,8,0.0765665350384479,0.1653425935488361,0.942057967185974,0.9451277256011964,0.8983812928199768,0.9970059990882874,0.9945449233055116,0.9740633964538574,0.9738870859146118,0.9731610417366028,0.9746142625808716,0.9957980513572692,True,7.0
Rodman,RawaPening,T-Rod_V-Raw_15px_2026-07-22,15,inner,9,0.0729629199710333,0.1340120577371561,0.9520479440689088,0.9541109204292296,0.9155963063240052,0.9960079789161682,0.9922146201133728,0.9759571552276612,0.9758437871932985,0.9731067419052124,0.978596329689026,0.9958789944648744,True,7.0
Rodman,RawaPening,T-Rod_V-Raw_15px_2026-07-22,15,inner,10,0.0754868621812552,0.1238926470644407,0.9565434455871582,0.9582332968711852,0.9232192635536194,0.9960079789161682,0.9951611757278442,0.9740633964538574,0.9739000797271729,0.9726911783218384,0.9751120209693908,0.9955989122390748,True,7.0
Rodman,RawaPening,T-Rod_V-Raw_15px_2026-07-22,15,inner,11,0.0638700942145779,0.1445843982161371,0.9485514760017396,0.9509757161140442,0.9090082049369812,0.9970059990882874,0.9939301013946532,0.9790037274360656,0.978868007659912,0.977814555168152,0.979923665523529,0.997018575668335,True,7.0
Rodman,RawaPening,T-Rod_V-Raw_15px_2026-07-22,15,inner,12,0.065835888967832,0.136608868591733,0.9520479440689088,0.9540669918060304,0.916360318660736,0.9950099587440492,0.995920181274414,0.9770275950431824,0.9769020676612854,0.9748843312263488,0.9789281487464904,0.9968051314353944,True,7.0
Rodman,RawaPening,T-Rod_V-Raw_15px_2026-07-22,15,inner,13,0.0632889916058269,0.1235889082850812,0.9560439586639404,0.9577329754829408,0.9231481552124025,0.9950099587440492,0.9950249791145324,0.9788390398025512,0.9787022471427916,0.9776490330696106,0.9797577857971193,0.9970734119415284,True,7.0
Rodman,RawaPening,T-Rod_V-Raw_15px_2026-07-22,15,inner,14,0.0612762106802604,0.1262951546695667,0.9575424790382384,0.9590755701065063,0.9265116453170776,0.9940119981765748,0.9912285208702089,0.9804857969284058,0.9803694486618042,0.9788289666175842,0.9819146990776062,0.9971148371696472,True,7.0
Rodman,RawaPening,T-Rod_V-Raw_15px_2026-07-22,15,inner,15,0.0559763453946824,0.1168556965545162,0.9560439586639404,0.9576516151428224,0.9247211813926696,0.9930139780044556,0.9956656694412231,0.981309175491333,0.9812101721763612,0.9790221452713012,0.983407974243164,0.9978045225143432,True,7.0
Rodman,RawaPening,T-Rod_V-Raw_15px_2026-07-22,15,inner,16,0.0574352606020625,0.101926248889048,0.9650349617004396,0.9660523533821106,0.9396226406097412,0.9940119981765748,0.9944041967391968,0.981309175491333,0.9812070727348328,0.9791804552078248,0.9832420945167542,0.9972498416900636,True,7.0
Rodman,RawaPening,T-Rod_V-Raw_15px_2026-07-22,15,inner,17,0.0526917651197506,0.1241407409555964,0.957042932510376,0.9586538672447203,0.9248608350753784,0.9950099587440492,0.9944082498550416,0.9828736186027528,0.9827786087989808,0.9808295965194702,0.984735369682312,0.9981016516685486,True,7.0
Rodman,Winam,T-Rod_V-Win_15px_2026-07-22,15,inner,1,0.3037397808391953,0.3767577462255201,0.8659329414367676,0.8761552572250366,0.8144329786300659,0.9480000138282776,0.9337277412414552,0.8708429336547852,0.8682509064674377,0.8792517185211182,0.8575219511985779,0.9455016255378724,True,9.0
Rodman,Winam,T-Rod_V-Win_15px_2026-07-22,15,inner,2,0.1797404916644842,0.3578683618561417,0.8934467434883118,0.8955370187759399,0.878729522228241,0.912999987602234,0.936945915222168,0.9330754280090332,0.9324582815170288,0.934087872505188,0.9308342933654784,0.9805153608322144,True,9.0
Rodman,Winam,T-Rod_V-Win_15px_2026-07-22,15,inner,3,0.1326188940430967,0.2982986520506381,0.9114557504653932,0.9168623685836792,0.8644818663597107,0.9760000109672546,0.9565075635910034,0.9529963731765748,0.9526180624961852,0.953171730041504,0.9520649909973145,0.9887460470199584,True,9.0
Rodman,Winam,T-Rod_V-Win_15px_2026-07-22,15,inner,4,0.1106773226763863,0.2394197127591257,0.9079539775848388,0.9090909361839294,0.8984375,0.9200000166893004,0.968297839164734,0.9619690775871276,0.9617549777030944,0.960006594657898,0.9635096788406372,0.9917876720428468,True,9.0
Rodman,Winam,T-Rod_V-Win_15px_2026-07-22,15,inner,5,0.0979414854271065,0.2065441731723314,0.9339669942855836,0.9351670145988464,0.9189189076423644,0.9520000219345092,0.9729079008102416,0.9671550989151,0.9669564962387084,0.9655970931053162,0.9683197736740112,0.9932217597961426,True,9.0
Rodman,Winam,T-Rod_V-Win_15px_2026-07-22,15,inner,6,0.081255056881516,0.1537692349156532,0.9444722533226012,0.9444722533226012,0.9449449181556702,0.944000005722046,0.9855304956436156,0.974152147769928,0.9739980101585388,0.9725483655929564,0.9754520058631896,0.9950610399246216,True,9.0
Rodman,Winam,T-Rod_V-Win_15px_2026-07-22,15,inner,7,0.0774462455077109,0.2505546904329043,0.9249624609947203,0.9263984560966492,0.9094412326812744,0.944000005722046,0.970282793045044,0.9736582040786744,0.9735187292099,0.9714285731315612,0.9756178259849548,0.9956267476081848,True,9.0
Rodman,Winam,T-Rod_V-Win_15px_2026-07-22,15,inner,8,0.0757454773475553,0.214622663286509,0.9244622588157654,0.9229984879493712,0.941727340221405,0.9049999713897704,0.9772952795028688,0.9764570593833924,0.9763401746749878,0.9739230871200562,0.978769302368164,0.9955594539642334,True,9.0
Rodman,Winam,T-Rod_V-Win_15px_2026-07-22,15,inner,9,0.0761571213845893,0.1489364235492192,0.9544772505760192,0.9545227289199828,0.9540459513664246,0.9549999833106996,0.986143171787262,0.9748929738998412,0.9747495651245116,0.9730578660964966,0.9764471650123596,0.9954370260238647,True,9.0
Rodman,Winam,T-Rod_V-Win_15px_2026-07-22,15,inner,10,0.0685275668547582,0.2471366234353975,0.92646324634552,0.9236363768577576,0.961081087589264,0.8889999985694885,0.976414442062378,0.9767040014266968,0.9765709042549132,0.9748760461807252,0.9782716631889344,0.996713638305664,True,9.0
Rodman,Winam,T-Rod_V-Win_15px_2026-07-22,15,inner,11,0.064477610703868,0.2314062185023572,0.9239619970321656,0.9215686321258544,0.952025592327118,0.8930000066757202,0.97855806350708,0.978268027305603,0.978156566619873,0.9758956432342528,0.9804279208183287,0.9969839453697203,True,9.0
Rodman,Winam,T-Rod_V-Win_15px_2026-07-22,15,inner,12,0.0591561325485666,0.2184006000025547,0.9299649596214294,0.926931083202362,0.969432294368744,0.8880000114440918,0.9846066236495972,0.9805729389190674,0.9804441332817078,0.9796323776245116,0.9812572598457336,0.997324287891388,True,9.0
Rodman,Winam,T-Rod_V-Win_15px_2026-07-22,15,inner,13,0.0622774302826965,0.276567757973986,0.9114557504653932,0.906596302986145,0.9597765207290648,0.859000027179718,0.9786056280136108,0.9785149693489076,0.9783743619918824,0.9774834513664246,0.979266881942749,0.9972289204597472,True,9.0
Rodman,Winam,T-Rod_V-Win_15px_2026-07-22,15,inner,14,0.0594257021265807,0.2078793615238328,0.9254627227783204,0.9231562614440918,0.9531416296958924,0.8949999809265137,0.9820541143417358,0.9809845089912416,0.9808695912361144,0.9794905781745912,0.9822524189949036,0.997368574142456,True,9.0
Rodman,Winam,T-Rod_V-Win_15px_2026-07-22,15,inner,15,0.0599873366443379,0.3294471187761336,0.912956476211548,0.9070512652397156,0.9736238718032836,0.8489999771118164,0.9769660234451294,0.9796674251556396,0.9795513153076172,0.9778512120246888,0.9812572598457336,0.9973490238189696,True,9.0
Rodman,Winam,T-Rod_V-Win_15px_2026-07-22,15,inner,16,0.0555955311679058,0.2856814219631524,0.9179589748382568,0.9132274985313416,0.96966290473938,0.8629999756813049,0.9796667098999025,0.9808198809623718,0.9807103276252748,0.9790082573890686,0.9824182987213136,0.9978040456771852,True,9.0
Rodman,Winam,T-Rod_V-Win_15px_2026-07-22,15,inner,17,0.0567971178142499,0.2427490714773927,0.9259629845619202,0.923711359500885,0.9531915187835692,0.8960000276565552,0.979800283908844,0.9810668230056764,0.980966567993164,0.9788604378700256,0.9830817580223083,0.997552752494812,True,9.0
Rodman,Winam,T-Rod_V-Win_15px_2026-07-22,15,inner,18,0.054424058439889,0.240166643460245,0.9239619970321656,0.9205020666122437,0.9649122953414916,0.8799999952316284,0.982738733291626,0.98156076669693,0.9814507961273192,0.9799900650978088,0.9829158782958984,0.997830331325531,True,9.0
Rodman,Winam,T-Rod_V-Win_15px_2026-07-22,15,inner,19,0.0530579808730218,0.2909484406390283,0.9104552268981934,0.904533326625824,0.9691428542137146,0.8479999899864197,0.981833815574646,0.9818900227546692,0.981791079044342,0.9798446893692015,0.9837452173233032,0.9980661869049072,True,9.0
Rodman,,Test_Rod_outer_15px_2026-07-22,15,outer,1,0.2747978650877701,,,,,,,0.8871845602989197,0.8857224583625793,0.8915957808494568,0.8799260258674622,0.9557653069496156,True,
Rodman,,Test_Rod_outer_15px_2026-07-22,15,outer,2,0.1607015843787504,,,,,,,0.9421785473823548,0.9417296051979064,0.9430732131004332,0.9403898119926452,0.9840693473815918,True,
Rodman,,Test_Rod_outer_15px_2026-07-22,15,outer,3,0.1248175693757375,,,,,,,0.9573054313659668,0.9571934938430786,0.9536788463592528,0.9607341289520264,0.989627242088318,True,
Rodman,,Test_Rod_outer_15px_2026-07-22,15,outer,4,0.1062279319389469,,,,,,,0.9631017446517944,0.9629419445991516,0.9610316157341005,0.9648598432540894,0.9920835494995116,True,
Rodman,,Test_Rod_outer_15px_2026-07-22,15,outer,5,0.0966287443401559,,,,,,,0.9677670001983644,0.9676090478897096,0.9662363529205322,0.9689856171607972,0.9932116270065308,True,
Rodman,,Test_Rod_outer_15px_2026-07-22,15,outer,6,0.0829916941882182,,,,,,,0.9739167094230652,0.9738168120384216,0.9714043140411376,0.9762412905693054,0.9947084188461304,True,
Rodman,,Test_Rod_outer_15px_2026-07-22,15,outer,7,0.0779238299505444,,,,,,,0.9744115471839904,0.9743152856826782,0.9718329906463624,0.976810336112976,0.995529055595398,True,
Rodman,,Test_Rod_outer_15px_2026-07-22,15,outer,8,0.0768018530562837,,,,,,,0.9732098579406738,0.9730804562568665,0.9716312289237976,0.9745340943336488,0.9956637620925904,True,
Rodman,,Test_Rod_outer_15px_2026-07-22,15,outer,9,0.0718389289483776,,,,,,,0.9755425453186036,0.9754748940467834,0.9720299243927002,0.9789443612098694,0.9961692094802856,True,
Mula,Hartbeespoort,T-Mul_V-Har_15px_2026-07-22,15,inner,1,0.2677254369104012,0.2370353217977355,0.9035432934761048,0.892307698726654,0.9926650524139404,0.8103792667388916,0.9933453798294068,0.8867190480232239,0.8860780596733093,0.8916429281234741,0.8805822134017944,0.956668734550476,True,3.0
Mula,Hartbeespoort,T-Mul_V-Har_15px_2026-07-22,15,inner,2,0.1346650704365403,0.1804862381509087,0.9340550899505616,0.9293248653411864,0.9854586124420166,0.8792415261268616,0.9912446737289428,0.9564749598503112,0.9566221237182616,0.953947365283966,0.9593119621276855,0.9878027439117432,True,3.0
Mula,Hartbeespoort,T-Mul_V-Har_15px_2026-07-22,15,inner,3,0.1146714881648196,0.1320254510583898,0.9493110179901124,0.9470437169075012,0.9766702055931092,0.9191616773605348,0.9922029376029968,0.9603641033172609,0.9604033827781676,0.960006594657898,0.9608005285263062,0.9910048246383668,True,3.0
Mula,Hartbeespoort,T-Mul_V-Har_15px_2026-07-22,15,inner,4,0.0955838122506451,0.2750827853135236,0.8848425149917603,0.8692737221717834,0.9873096346855164,0.7764471173286438,0.9838138818740844,0.969466269016266,0.9695016145706176,0.9689410328865052,0.9700628519058228,0.993228316307068,True,3.0
Mula,Hartbeespoort,T-Mul_V-Har_15px_2026-07-22,15,inner,5,0.0898581630627774,0.2531841391437195,0.9045275449752808,0.8946797251701355,0.9809523820877076,0.8223552703857422,0.9776621460914612,0.9702937602996826,0.9703330397605896,0.969611883163452,0.971055269241333,0.9940752983093262,True,3.0
Mula,Hartbeespoort,T-Mul_V-Har_15px_2026-07-22,15,inner,6,0.0729500801887796,0.284662688228001,0.8838582634925842,0.8696132302284241,0.9740098714828492,0.7854291200637817,0.9705947637557985,0.9766652584075928,0.9766826629638672,0.976521134376526,0.9768441915512084,0.9961221218109132,True,3.0
Mula,Hartbeespoort,T-Mul_V-Har_15px_2026-07-22,15,inner,7,0.0710545301582259,0.272913925761291,0.8873031735420227,0.873550534248352,0.977750301361084,0.7894211411476135,0.9713360071182252,0.9767480492591858,0.9767672419548036,0.976525068283081,0.9770095944404602,0.9962376356124878,True,3.0
Mula,Hartbeespoort,T-Mul_V-Har_15px_2026-07-22,15,inner,8,0.0688580420843865,0.2723205780214446,0.9025590419769288,0.8923913240432739,0.9797136187553406,0.8193612694740295,0.9836715459823608,0.9778237342834472,0.977858543395996,0.9768900871276855,0.9788289666175842,0.9962987303733826,True,3.0
Mula,Hartbeespoort,T-Mul_V-Har_15px_2026-07-22,15,inner,9,0.0612231552002841,0.1943085766819078,0.9315944910049438,0.9269574284553528,0.9789122939109802,0.8802395462989807,0.9878127574920654,0.9808026552200316,0.9808454513549804,0.9792284965515136,0.982467770576477,0.9970871210098268,True,3.0
Mula,Hartbeespoort,T-Mul_V-Har_15px_2026-07-22,15,inner,10,0.0625165537566896,0.2805225803410473,0.9015747904777528,0.8908296823501587,0.983132541179657,0.8143712282180786,0.9884610176086426,0.9803889393806458,0.9803824424743652,0.9812759160995485,0.9794905781745912,0.9966195821762084,True,3.0
Mula,Hartbeespoort,T-Mul_V-Har_15px_2026-07-22,15,inner,11,0.0511823982040424,0.1503304866120571,0.9488189220428468,0.9462254643440248,0.9817596673965454,0.9131736755371094,0.9901905059814452,0.983616054058075,0.9836336374282836,0.983146071434021,0.9841217398643494,0.9979107975959778,True,3.0
Mula,Hartbeespoort,T-Mul_V-Har_15px_2026-07-22,15,inner,12,0.0469820999721875,0.1568648837778101,0.94242125749588,0.939283847808838,0.9783783555030824,0.9031935930252076,0.9905741810798644,0.9853537678718568,0.9853513240814208,0.986085832118988,0.9846179485321044,0.9980785846710204,True,3.0
Mula,Hartbeespoort,T-Mul_V-Har_15px_2026-07-22,15,inner,13,0.051496036361516,0.1840418875510767,0.9379921555519104,0.9347150325775146,0.9719827771186828,0.9001995921134949,0.9872003793716432,0.9843607544898988,0.9843763113021852,0.9839695692062378,0.9847833514213562,0.9977835416793824,True,3.0
Mula,Rodman,T-Mul_V-Rod_15px_2026-07-22,15,inner,1,0.2670215138564692,0.3201962987601348,0.8472086191177368,0.83934086561203,0.885869562625885,0.7974559664726257,0.9516384601593018,0.8871221542358398,0.8854333162307739,0.8971214294433594,0.8740457892417908,0.9565529823303224,True,14.0
Mula,Rodman,T-Mul_V-Rod_15px_2026-07-22,15,inner,2,0.1446681232229029,0.4405303700780542,0.8545543551445007,0.8651838302612305,0.8069432973861694,0.9324853420257568,0.9205566048622132,0.9496480226516724,0.9495267868041992,0.949999988079071,0.9490541219711304,0.9863409996032716,True,14.0
Mula,Rodman,T-Mul_V-Rod_15px_2026-07-22,15,inner,3,0.1136990495243613,0.2562669545382874,0.9387854933738708,0.9413421154022216,0.904418408870697,0.9814090132713318,0.9741491079330444,0.961987555027008,0.962006449699402,0.959702730178833,0.9643212556838988,0.9910992383956908,True,14.0
Mula,Rodman,T-Mul_V-Rod_15px_2026-07-22,15,inner,4,0.0939913518840975,0.2692841745613838,0.928991198539734,0.9317004084587096,0.898274302482605,0.9677103757858276,0.9660244584083556,0.9707660675048828,0.9707660675048828,0.9689204692840576,0.9726186394691468,0.993047058582306,True,14.0
Mula,Rodman,T-Mul_V-Rod_15px_2026-07-22,15,inner,5,0.084460415866681,0.3461082891782747,0.9260528683662416,0.9301895499229432,0.8816827535629272,0.9843444228172302,0.9490253925323486,0.9734989404678344,0.9734572172164916,0.9731343388557434,0.9737802743911744,0.994558572769165,True,14.0
Mula,Rodman,T-Mul_V-Rod_15px_2026-07-22,15,inner,6,0.072032555585137,0.2386187532447811,0.9412341117858888,0.9436089992523192,0.9077757596969604,0.9823874831199646,0.9782530069351196,0.9785507321357728,0.978540062904358,0.9771636724472046,0.9799203276634216,0.9954187870025636,True,14.0
Mula,Rodman,T-Mul_V-Rod_15px_2026-07-22,15,inner,7,0.0619735884771337,0.1720051720928141,0.9387854933738708,0.9405611157417296,0.914893627166748,0.9677103757858276,0.9834877252578736,0.9795445203781128,0.9795411229133606,0.97784024477005,0.981247901916504,0.9971519708633424,True,14.0
Mula,Rodman,T-Mul_V-Rod_15px_2026-07-22,15,inner,8,0.0619019383349403,0.2047081474984661,0.9368266463279724,0.9390647411346436,0.9077625274658204,0.9726027250289916,0.9788899421691896,0.9802070260047911,0.980190634727478,0.9791356325149536,0.981247901916504,0.9968767762184144,True,14.0
Mula,Rodman,T-Mul_V-Rod_15px_2026-07-22,15,inner,9,0.053390570743854,0.1772621132426117,0.947110652923584,0.9486203789711,0.9231481552124025,0.97553813457489,0.986797332763672,0.9832712411880492,0.9832642674446106,0.981800138950348,0.9847328066825868,0.9975578784942628,True,14.0
Mula,Rodman,T-Mul_V-Rod_15px_2026-07-22,15,inner,10,0.0599509525842825,0.2274656006509947,0.934867799282074,0.9372937083244324,0.9044585824012756,0.9726027250289916,0.9747899770736694,0.9811180233955384,0.9811227321624756,0.9790152311325072,0.9832392930984496,0.9970425367355348,True,14.0
Mula,Rodman,T-Mul_V-Rod_15px_2026-07-22,15,inner,11,0.0478112893450935,0.1977823615716323,0.9407443404197692,0.9420775771141052,0.9222118258476256,0.9628180265426636,0.9773531556129456,0.9848447442054749,0.984839677810669,0.9832919836044312,0.9863923192024232,0.9981341361999512,True,14.0
Mula,Rodman,T-Mul_V-Rod_15px_2026-07-22,15,inner,12,0.0451288770888903,0.2051911669893666,0.9382957816123962,0.9401140809059144,0.9140480756759644,0.9677103757858276,0.97957581281662,0.9858385324478148,0.9858291149139404,0.9846051931381226,0.9870560765266418,0.9982463717460632,True,14.0
Mula,Rodman,T-Mul_V-Rod_15px_2026-07-22,15,inner,13,0.0446968974287218,0.171513138931832,0.9446620941162108,0.94631826877594,0.9196676015853882,0.9745596647262572,0.9830446243286132,0.9864182472229004,0.9864171147346495,0.9846230149269104,0.9882177114486694,0.9980822801589966,True,14.0
Mula,Rodman,T-Mul_V-Rod_15px_2026-07-22,15,inner,14,0.0441789360973775,0.1398366019056779,0.9510284066200256,0.9518304467201232,0.937381386756897,0.9667319059371948,0.9897202849388124,0.9852588176727296,0.9852502346038818,0.9839457273483276,0.9865582585334778,0.9983789920806884,True,14.0
Mula,Rodman,T-Mul_V-Rod_15px_2026-07-22,15,inner,15,0.0427416301770116,0.1923327482835436,0.9441723823547364,0.9455066919326782,0.9242990612983704,0.9677103757858276,0.9811064004898072,0.9873291850090028,0.9873334169387816,0.9851313233375548,0.9895452857017516,0.9981874227523804,True,14.0
Mula,Rodman,T-Mul_V-Rod_15px_2026-07-22,15,inner,16,0.0364253967320141,0.2605555416408645,0.9466209411621094,0.9488982558250428,0.9108911156654358,0.9902152419090272,0.9747170209884644,0.9888198971748352,0.9888180494308472,0.9871010184288024,0.9905409812927246,0.9988353252410888,True,14.0
Mula,Rodman,T-Mul_V-Rod_15px_2026-07-22,15,inner,17,0.0365174491698111,0.2466669945642862,0.9407443404197692,0.9432724118232728,0.9054905772209167,0.9843444228172302,0.977080225944519,0.989068329334259,0.989063799381256,0.987591028213501,0.9905409812927246,0.9987701177597046,True,14.0
Mula,Rodman,T-Mul_V-Rod_15px_2026-07-22,15,inner,18,0.0345712145827864,0.1979283052665363,0.9407443404197692,0.9423534870147704,0.9182915687561036,0.9677103757858276,0.9799696207046508,0.9895651936531068,0.9895660877227784,0.9876033067703248,0.9915366768836976,0.998981237411499,True,14.0
Mula,Rodman,T-Mul_V-Rod_15px_2026-07-22,15,inner,19,0.0331976992749526,0.1836400830590993,0.9417238235473632,0.943894386291504,0.9108280539512634,0.9794520735740662,0.9837069511413574,0.9893996119499208,0.9893881678581238,0.9885686039924622,0.9902091026306152,0.9990684986114502,True,14.0
Mula,Rodman,T-Mul_V-Rod_15px_2026-07-22,15,inner,20,0.0337724519613551,0.207775368336059,0.9343780875205994,0.9366130828857422,0.906593382358551,0.9686888456344604,0.9815222024917604,0.9899792671203612,0.9899726510047911,0.9887436032295228,0.991204798221588,0.9989445805549622,True,14.0
Mula,Rodman,T-Mul_V-Rod_15px_2026-07-22,15,inner,21,0.0305826141961366,0.1783990836414954,0.9412341117858888,0.942802667617798,0.9191449880599976,0.9677103757858276,0.9831721782684326,0.9896480441093444,0.9896445870399476,0.9880893230438232,0.991204798221588,0.999287724494934,True,14.0
Mula,Rodman,T-Mul_V-Rod_15px_2026-07-22,15,inner,22,0.0300266302347676,0.1976896041199696,0.9461312294006348,0.9473180174827576,0.9277673363685608,0.9677103757858276,0.9810905456542968,0.9905589818954468,0.9905519485473632,0.9894039630889891,0.9917026162147522,0.9993396401405334,True,14.0
Mula,Rodman,T-Mul_V-Rod_15px_2026-07-22,15,inner,23,0.0290457115610232,0.2284966354129743,0.9353575110435486,0.938144326210022,0.9001798629760742,0.9794520735740662,0.9795053005218506,0.991304337978363,0.9913014769554138,0.9897435903549194,0.9928642511367798,0.999229907989502,True,14.0
Mula,Rodman,T-Mul_V-Rod_15px_2026-07-22,15,inner,24,0.0310101810350674,0.2430840674149242,0.9363369345664978,0.9386792182922364,0.9061930775642396,0.9735811948776244,0.9774135947227478,0.9896480441093444,0.989642858505249,0.9882508516311646,0.9910388588905334,0.9992161989212036,True,14.0
Mula,Inle,T-Mul_V-Inl_15px_2026-07-22,15,inner,1,0.2361280916842373,0.2239771836400032,0.9110000133514404,0.9055201411247252,0.964932143688202,0.8529999852180481,0.9774129986763,0.9050920009613036,0.9037495851516724,0.915084719657898,0.8926917910575867,0.9667212963104248,True,16.0
Mula,Inle,T-Mul_V-Inl_15px_2026-07-22,15,inner,2,0.1440427777397905,0.1055312006324529,0.9660000205039978,0.966369926929474,0.9559686779975892,0.9769999980926514,0.994592010974884,0.9509779810905457,0.9508928656578064,0.9508928656578064,0.9508928656578064,0.9862854480743408,True,16.0
Mula,Inle,T-Mul_V-Inl_15px_2026-07-22,15,inner,3,0.1205656612072878,0.1171376383006572,0.9539999961853028,0.9530612230300904,0.9729166626930236,0.9340000152587892,0.9926850199699402,0.9595609307289124,0.9595709443092346,0.9576745629310608,0.9614748954772948,0.9900606870651244,True,16.0
Mula,Inle,T-Mul_V-Inl_15px_2026-07-22,15,inner,4,0.108702560899807,0.2321713405484333,0.8169999718666077,0.8445199728012085,0.7341211438179016,0.9940000176429749,0.9946894645690918,0.9652554392814636,0.9651979804039,0.9651182293891908,0.9652777910232544,0.9914600849151612,True,16.0
Mula,Inle,T-Mul_V-Inl_15px_2026-07-22,15,inner,5,0.0989444590234919,0.0729346597697585,0.975000023841858,0.9748995900154114,0.978830635547638,0.9710000157356262,0.9967790246009828,0.9664108157157898,0.9663997292518616,0.9650453329086304,0.9677579402923584,0.9931254386901855,True,16.0
Mula,Inle,T-Mul_V-Inl_15px_2026-07-22,15,inner,6,0.0789349945687114,0.0686127291955053,0.9794999957084656,0.9797330498695374,0.9687194228172302,0.99099999666214,0.9978360533714294,0.9744986295700072,0.9744986295700072,0.9728126525878906,0.976190447807312,0.9953213930130004,True,16.0
Mula,Inle,T-Mul_V-Inl_15px_2026-07-22,15,inner,7,0.0824479235434105,0.0808243004232645,0.9714999794960022,0.9714285731315612,0.9738693237304688,0.968999981880188,0.9952430129051208,0.9740859866142272,0.9740667343139648,0.973102331161499,0.9750330448150636,0.9947723150253296,True,16.0
Mula,Inle,T-Mul_V-Inl_15px_2026-07-22,15,inner,8,0.0728326389953288,0.0655518481121398,0.9804999828338624,0.9807217121124268,0.9696969985961914,0.9919999837875366,0.9973649978637696,0.9754889607429504,0.9754647016525269,0.9747399687767028,0.976190447807312,0.99615216255188,True,16.0
Mula,Inle,T-Mul_V-Inl_15px_2026-07-22,15,inner,9,0.0709109780167041,0.0699421461923048,0.9735000133514404,0.9737233519554138,0.9655850529670716,0.9819999933242798,0.9969459772109984,0.9773871302604676,0.9773703217506408,0.9764026403427124,0.9783399701118468,0.9960745573043824,True,16.0
Mula,Inle,T-Mul_V-Inl_15px_2026-07-22,15,inner,10,0.0696061068050224,0.0545419885404407,0.9804999828338624,0.9805097579956056,0.980019986629486,0.9810000061988832,0.9977359771728516,0.9778823256492616,0.9778475761413574,0.9776859283447266,0.9780092835426332,0.996237576007843,True,16.0
Mula,Inle,T-Mul_V-Inl_15px_2026-07-22,15,inner,11,0.0571347188598899,0.0657905560005456,0.9804999828338624,0.9807976484298706,0.9660523533821106,0.9959999918937684,0.9983020424842834,0.9816786050796508,0.9816498756408693,0.9814876317977904,0.9818121790885924,0.9975084066390992,True,16.0
Mula,Inle,T-Mul_V-Inl_15px_2026-07-22,15,inner,12,0.0550406148082744,0.0565472109396942,0.9835000038146972,0.9836714267730712,0.973555326461792,0.9940000176429749,0.9984430074691772,0.9833292365074158,0.9833223223686218,0.9820250868797302,0.9846230149269104,0.99756920337677,True,16.0
Mula,Inle,T-Mul_V-Inl_15px_2026-07-22,15,inner,13,0.0520687323230246,0.0730083387866616,0.9735000133514404,0.973433554172516,0.9758793711662292,0.9710000157356262,0.9964660406112672,0.981926202774048,0.9819172620773317,0.9807026386260986,0.983134925365448,0.9979192018508912,True,16.0
Mula,Inle,T-Mul_V-Inl_15px_2026-07-22,15,inner,14,0.0533714610958754,0.0633202497055754,0.9794999957084656,0.9796727895736694,0.9714847803115844,0.9879999756813048,0.9976285099983216,0.9841545224189758,0.9841296076774596,0.9839669466018676,0.9842923283576964,0.9977326989173888,True,16.0
Mula,Inle,T-Mul_V-Inl_15px_2026-07-22,15,inner,15,0.0517453543507955,0.057463844448328,0.984000027179718,0.9841583967208862,0.9745097756385804,0.9940000176429749,0.9983140230178832,0.9834942817687988,0.9834792613983154,0.9826675653457642,0.9842923283576964,0.997999668121338,True,16.0
Mula,Inle,T-Mul_V-Inl_15px_2026-07-22,15,inner,16,0.0446181844895631,0.0535109581402502,0.9829999804496764,0.9831516146659852,0.974459707736969,0.9919999837875366,0.998570442199707,0.985805094242096,0.9857991933822632,0.9844986796379088,0.9871031641960144,0.9984168410301208,True,16.0
Mula,Inle,T-Mul_V-Inl_15px_2026-07-22,15,inner,17,0.0455536527408975,0.0591030890513211,0.9794999957084656,0.9796323776245116,0.973346471786499,0.9860000014305116,0.9979439973831176,0.985062301158905,0.9850549101829528,0.9838364124298096,0.9862764477729796,0.9984851479530334,True,16.0
Mula,Inle,T-Mul_V-Inl_15px_2026-07-22,15,inner,18,0.0393142326442658,0.0701095732711255,0.977999985218048,0.978217840194702,0.9686274528503418,0.9879999756813048,0.9976199865341188,0.9872905611991882,0.9872621893882751,0.987752377986908,0.9867724776268004,0.9987462162971495,True,16.0
Mula,Inle,T-Mul_V-Inl_15px_2026-07-22,15,inner,19,0.041812461714866,0.0656735807126387,0.977500021457672,0.9777117371559144,0.9685966372489928,0.9869999885559082,0.9981164932250975,0.985970139503479,0.9859550595283508,0.9853038191795348,0.9866071343421936,0.9986763596534728,True,16.0
Mula,Inle,T-Mul_V-Inl_15px_2026-07-22,15,inner,20,0.040706093912595,0.0755549014918506,0.9729999899864196,0.9733201861381532,0.9619140625,0.9850000143051147,0.997240960597992,0.986630380153656,0.9866027235984802,0.986929178237915,0.9862764477729796,0.9987788200378418,True,16.0
Mula,Inle,T-Mul_V-Inl_15px_2026-07-22,15,inner,21,0.0365682546605598,0.0639666268792934,0.977500021457672,0.9777117371559144,0.9685966372489928,0.9869999885559082,0.9979910254478456,0.9887760877609252,0.9887695908546448,0.9876278638839722,0.9899140000343324,0.9989625811576844,True,16.0
Mula,Inle,T-Mul_V-Inl_15px_2026-07-22,15,inner,22,0.0357369505149679,0.0636377795520238,0.9815000295639038,0.981637716293335,0.9743842482566832,0.9890000224113464,0.998097002506256,0.9889411330223083,0.9889329075813292,0.987953782081604,0.9899140000343324,0.9989871978759766,True,16.0
Mula,Inle,T-Mul_V-Inl_15px_2026-07-22,15,inner,23,0.0348226854533773,0.065919554837048,0.977500021457672,0.9777337908744812,0.967678725719452,0.9879999756813048,0.9983639717102052,0.9891062378883362,0.9890944957733154,0.9884412288665771,0.9897486567497252,0.9990209341049194,True,16.0
Mula,Inle,T-Mul_V-Inl_15px_2026-07-22,15,inner,24,0.0356845430813971,0.0633369525969028,0.9794999957084656,0.9796727895736694,0.9714847803115844,0.9879999756813048,0.9980989694595336,0.9885284900665284,0.9885076284408568,0.9885894060134888,0.98842591047287,0.9989629983901978,True,16.0
Mula,Inle,T-Mul_V-Inl_15px_2026-07-22,15,inner,25,0.0329330708903644,0.058824762128992,0.9810000061988832,0.9811694622039796,0.9724950790405272,0.9900000095367432,0.9980905055999756,0.9904266595840454,0.9904179573059082,0.9896005392074584,0.9912367463111876,0.999089539051056,True,16.0
Mula,Inle,T-Mul_V-Inl_15px_2026-07-22,15,inner,26,0.0294780817150977,0.0669362114060204,0.977999985218048,0.978217840194702,0.9686274528503418,0.9879999756813048,0.9978939890861512,0.9912519454956056,0.991245448589325,0.9902639985084534,0.992228865623474,0.9993338584899902,True,16.0
Mula,Vembanad,T-Mul_V-Vem_15px_2026-07-22,15,inner,1,0.2655719318322982,0.2193994504938294,0.9345654249191284,0.9359413385391236,0.9175455570220948,0.955089807510376,0.9732574820518494,0.8937680721282959,0.8938031196594238,0.891816258430481,0.8957988619804382,0.9574132561683656,True,26.0
Mula,Vembanad,T-Mul_V-Vem_15px_2026-07-22,15,inner,2,0.1454152651773815,0.1398934606094281,0.9435564279556274,0.9438090324401855,0.9405351877212524,0.9471057653427124,0.9879331588745116,0.9503920674324036,0.9502853751182556,0.9505212903022766,0.950049638748169,0.9861217737197876,True,26.0
Mula,Vembanad,T-Mul_V-Vem_15px_2026-07-22,15,inner,3,0.1136864661266377,0.2224667924963362,0.9165834188461304,0.9141387939453124,0.9427359700202942,0.8872255682945251,0.9773353338241576,0.9626908898353576,0.9626075625419616,0.9629262089729308,0.9622890949249268,0.9912610054016112,True,26.0
Mula,Vembanad,T-Mul_V-Vem_15px_2026-07-22,15,inner,4,0.1078204670408221,0.2170996804583025,0.9345654249191284,0.9344672560691832,0.9368104338645936,0.9321357011795044,0.9779016971588136,0.9661576747894288,0.9661380648612976,0.9648630619049072,0.9674164652824402,0.9919568300247192,True,26.0
Mula,Vembanad,T-Mul_V-Vem_15px_2026-07-22,15,inner,5,0.094845073195378,0.1502195644572928,0.9510489702224731,0.9509509801864624,0.9538152813911438,0.9481037855148317,0.9833713173866272,0.967478334903717,0.9674863815307616,0.9654150009155272,0.9695666432380676,0.9935184121131896,True,26.0
Mula,Vembanad,T-Mul_V-Vem_15px_2026-07-22,15,inner,6,0.0804925874607453,0.0920888902777647,0.9655344486236572,0.9659595489501952,0.95512193441391,0.9770458936691284,0.9930428862571716,0.9751547574996948,0.9751670360565186,0.9728395342826844,0.9775058031082152,0.99495267868042,True,26.0
Mula,Vembanad,T-Mul_V-Vem_15px_2026-07-22,15,inner,7,0.07718201212053,0.1101280413761076,0.9610389471054076,0.9614243507385254,0.9529411792755128,0.970059871673584,0.990691602230072,0.9750722050666808,0.97505784034729,0.973771035671234,0.9763479828834534,0.9953656196594238,True,26.0
Mula,Vembanad,T-Mul_V-Vem_15px_2026-07-22,15,inner,8,0.069885093749824,0.118976218988756,0.9580419659614564,0.9582089781761168,0.9553571343421936,0.961077868938446,0.9909820556640624,0.9773834347724916,0.9773890376091005,0.975296437740326,0.9794905781745912,0.996527373790741,True,26.0
Mula,Vembanad,T-Mul_V-Vem_15px_2026-07-22,15,inner,9,0.0731635079224445,0.1095949161098107,0.96053946018219,0.9609490633010864,0.9520078301429749,0.970059871673584,0.9914281368255616,0.9781262874603271,0.978115439414978,0.9767441749572754,0.9794905781745912,0.995735228061676,True,26.0
Mula,Vembanad,T-Mul_V-Vem_15px_2026-07-22,15,inner,10,0.063213189827525,0.0985088708757475,0.9630369544029236,0.9633300304412842,0.9566929340362548,0.970059871673584,0.9941396713256836,0.9810978174209596,0.9810884594917296,0.9797130227088928,0.982467770576477,0.9967061281204224,True,26.0
Mula,Vembanad,T-Mul_V-Vem_15px_2026-07-22,15,inner,11,0.0570338862757089,0.1092602341446549,0.9650349617004396,0.964753270149231,0.9735772609710692,0.9560878276824952,0.9929011464118958,0.981675624847412,0.981674075126648,0.979894518852234,0.9834601283073424,0.9974923133850098,True,26.0
Mula,Vembanad,T-Mul_V-Vem_15px_2026-07-22,15,inner,12,0.0530793939031786,0.0940696129592351,0.9675324559211732,0.9676455855369568,0.9652432799339294,0.970059871673584,0.9938293695449828,0.9825835824012756,0.9825576543807985,0.9821516871452332,0.9829639196395874,0.9978348016738892,True,26.0
Mula,Vembanad,T-Mul_V-Vem_15px_2026-07-22,15,inner,13,0.0555763761708578,0.0889752982863477,0.969530463218689,0.9693004488945008,0.9776649475097656,0.961077868938446,0.9944911003112792,0.9829137325286864,0.9829081296920776,0.9813684821128844,0.9844525456428528,0.9973904490470886,True,26.0
Mula,Vembanad,T-Mul_V-Vem_15px_2026-07-22,15,inner,14,0.0521968033996511,0.1171942116761511,0.9610389471054076,0.960804045200348,0.9676113128662108,0.9540917873382568,0.992268443107605,0.9831613898277284,0.9831432700157166,0.9823315739631652,0.9839563369750975,0.9978888034820556,True,26.0
Mula,Vembanad,T-Mul_V-Vem_15px_2026-07-22,15,inner,15,0.049837047198662,0.0991613627409099,0.9660339951515198,0.9658291339874268,0.9726720452308656,0.9590818285942078,0.9937115907669068,0.9845646023750304,0.9845620393753052,0.9828580617904664,0.9862719178199768,0.9979651570320128,True,26.0
Mula,Vembanad,T-Mul_V-Vem_15px_2026-07-22,15,inner,16,0.0453807263766937,0.08046409782961,0.9740259647369384,0.973816692829132,0.982723593711853,0.9650698900222778,0.9946696758270264,0.9860503673553468,0.98602956533432,0.985622227191925,0.9864373207092284,0.9984105229377748,True,26.0
Mula,Vembanad,T-Mul_V-Vem_15px_2026-07-22,15,inner,17,0.041109360077388,0.0890357370537656,0.9715284705162048,0.9713999032974244,0.9767911434173584,0.9660678505897522,0.9944959878921508,0.9874535799026488,0.9874463081359864,0.986143171787262,0.9887529015541076,0.9984933733940125,True,26.0
Mula,Vembanad,T-Mul_V-Vem_15px_2026-07-22,15,inner,18,0.0440910920396207,0.0832949943954941,0.9750249981880188,0.9749498963356018,0.9788732528686525,0.9710578918457032,0.9941446781158448,0.9858027100563048,0.9857968688011168,0.9843337535858154,0.9872643351554872,0.998406171798706,True,26.0
Mula,Vembanad,T-Mul_V-Vem_15px_2026-07-22,15,inner,19,0.0416115586386453,0.0825681672110543,0.9740259647369384,0.9740259647369384,0.975000023841858,0.9730538725852966,0.9940140247344972,0.987123429775238,0.9871138334274292,0.985973596572876,0.9882566928863524,0.9985426664352416,True,26.0
Mula,Vembanad,T-Mul_V-Vem_15px_2026-07-22,15,inner,20,0.0395231793771043,0.0767534668078193,0.9750249981880188,0.9751737713813782,0.970355749130249,0.9800398945808412,0.9948941469192504,0.987123429775238,0.9871138334274292,0.985973596572876,0.9882566928863524,0.9988481402397156,True,26.0
Mula,Vembanad,T-Mul_V-Vem_15px_2026-07-22,15,inner,21,0.0366151356318557,0.0726489298879266,0.9770230054855348,0.9771371483802797,0.9732673168182372,0.9810379147529602,0.9952829480171204,0.9880313873291016,0.9880135655403136,0.9876053333282472,0.9884220957756042,0.998929500579834,True,26.0
Mula,Vembanad,T-Mul_V-Vem_15px_2026-07-22,15,inner,22,0.0324852549901837,0.0796947487984429,0.9745254516601562,0.9745127558708192,0.9759759902954102,0.9730538725852966,0.9949710369110109,0.9895171523094176,0.9895154237747192,0.9878028631210328,0.9912338852882384,0.9992169141769408,True,26.0
Mula,Vembanad,T-Mul_V-Vem_15px_2026-07-22,15,inner,23,0.0349945051195249,0.0828047570038389,0.9700299501419068,0.9699699878692628,0.9728915691375732,0.9670658707618712,0.9950180053710938,0.9886091351509094,0.9886006712913512,0.9874587655067444,0.9897452592849731,0.9989498853683472,True,26.0
Mula,Vembanad,T-Mul_V-Vem_15px_2026-07-22,15,inner,24,0.0349699578782619,0.0769963204306173,0.9750249981880188,0.9750996232032776,0.9731610417366028,0.9770458936691284,0.9952574968338012,0.9894345998764038,0.989425003528595,0.9884450435638428,0.99040687084198,0.99904203414917,True,26.0
Mula,Vembanad,T-Mul_V-Vem_15px_2026-07-22,15,inner,25,0.0340682498320054,0.0760198985128761,0.9740259647369384,0.974103569984436,0.9721670150756836,0.976047933101654,0.9950029850006104,0.9878662824630736,0.9878662824630736,0.9859943985939026,0.9897452592849731,0.9992302656173706,True,26.0
Mula,Vembanad,T-Mul_V-Vem_15px_2026-07-22,15,inner,26,0.0305785460147762,0.0680622711608355,0.9790209531784058,0.979062795639038,0.9780876636505128,0.9800398945808412,0.9955259561538696,0.9902600049972534,0.9902495741844176,0.9894319772720336,0.9910684823989868,0.9993073344230652,True,26.0
Mula,Vembanad,T-Mul_V-Vem_15px_2026-07-22,15,inner,27,0.0311499892887353,0.083138663178453,0.9740259647369384,0.9738956093788148,0.9797979593276978,0.9680638909339904,0.9947445392608644,0.9911679625511168,0.9911679625511168,0.9892898201942444,0.9930532574653624,0.999159336090088,True,26.0
Mula,Vembanad,T-Mul_V-Vem_15px_2026-07-22,15,inner,28,0.0308795577347942,0.0731352605837416,0.9750249981880188,0.9751243591308594,0.9722222089767456,0.9780439138412476,0.9954994916915894,0.9903425574302672,0.9903313517570496,0.989595353603363,0.9910684823989868,0.9992812871932985,True,26.0
Mula,Vembanad,T-Mul_V-Vem_15px_2026-07-22,15,inner,29,0.028786342932135,0.0732534391680857,0.9775224924087524,0.9774887561798096,0.9799398183822632,0.9750499129295348,0.9956247806549072,0.9911679625511168,0.9911606907844543,0.9900974035263062,0.992226243019104,0.9993658065795898,True,26.0
Mula,Vembanad,T-Mul_V-Vem_15px_2026-07-22,15,inner,30,0.0285176230233979,0.0692659774460233,0.9760239720344543,0.9760956168174744,0.974155068397522,0.9780439138412476,0.9955987930297852,0.990755259990692,0.9907514452934264,0.9892809987068176,0.992226243019104,0.9993914365768432,True,26.0
Mula,Vembanad,T-Mul_V-Vem_15px_2026-07-22,15,inner,31,0.0297892404129029,0.0714643324886287,0.9770230054855348,0.9770687818527222,0.9760956168174744,0.9780439138412476,0.9955798387527466,0.9903425574302672,0.9903361797332764,0.9891107082366944,0.991564691066742,0.9993115067481996,True,26.0
Mula,Vembanad,T-Mul_V-Vem_15px_2026-07-22,15,inner,32,0.0306568679114972,0.0756283601695722,0.9735264778137208,0.9736449718475342,0.9702675938606262,0.9770458936691284,0.9951417446136476,0.989269495010376,0.989266872406006,0.9876360297203064,0.9909030795097352,0.9992408752441406,True,26.0
Mula,Vembanad,T-Mul_V-Vem_15px_2026-07-22,15,inner,33,0.0302111538994966,0.0730863895070005,0.976523458957672,0.9765352010726928,0.9770230054855348,0.976047933101654,0.9951746463775636,0.991002917289734,0.990995466709137,0.9899323582649232,0.9920608401298524,0.9992867112159728,True,26.0
Mula,Vembanad,T-Mul_V-Vem_15px_2026-07-22,15,inner,34,0.0282635251979535,0.0713937236703225,0.9770230054855348,0.97695392370224,0.9808853268623352,0.9730538725852966,0.9956976175308228,0.9905076622962952,0.9905060529708862,0.988791823387146,0.992226243019104,0.9994512796401978,True,26.0
Mula,Vembanad,T-Mul_V-Vem_15px_2026-07-22,15,inner,35,0.0314303054624581,0.0741990637499373,0.9750249981880188,0.9750499129295348,0.9750499129295348,0.9750499129295348,0.9948452711105348,0.9901774525642396,0.990170955657959,0.988945722579956,0.9913992881774902,0.999217689037323,True,26.0
Mula,Vembanad,T-Mul_V-Vem_15px_2026-07-22,15,inner,36,0.0273124539513591,0.0760820476267557,0.976523458957672,0.9764646887779236,0.979899525642395,0.9730538725852966,0.9950398206710817,0.9917457699775696,0.9917437434196472,0.9901087880134584,0.993384063243866,0.9994446039199828,True,26.0
Mula,Valsequillo,T-Mul_V-Val_15px_2026-07-22,15,inner,1,0.2506270007766062,0.3830204563397987,0.8622549176216125,0.8506113886833191,0.9291521310806274,0.7843137383460999,0.924842357635498,0.8977395296096802,0.8965054750442505,0.9058424830436708,0.8873589634895325,0.9620662927627563,True,15.0
Mula,Valsequillo,T-Mul_V-Val_15px_2026-07-22,15,inner,2,0.1296016254679073,0.4379175010265088,0.8588235378265381,0.8441558480262756,0.9420289993286132,0.7647058963775635,0.9451422691345216,0.9543761014938354,0.9542852640151978,0.9545228481292723,0.9540477991104126,0.989067792892456,True,15.0
Mula,Valsequillo,T-Mul_V-Val_15px_2026-07-22,15,inner,3,0.101549132742124,0.3090669775710386,0.9029411673545836,0.8968750238418579,0.9566666483879088,0.8441176414489746,0.9609659910202026,0.9672104120254515,0.9671696424484252,0.9666887521743774,0.9676509499549866,0.9926469326019288,True,15.0
Mula,Valsequillo,T-Mul_V-Val_15px_2026-07-22,15,inner,4,0.0864519670400841,0.4290104721289347,0.8700980544090271,0.8554282784461975,0.9643296599388124,0.7686274647712708,0.9672423601150512,0.9724269509315492,0.9724406003952026,0.9702724814414978,0.974618434906006,0.9943989515304564,True,15.0
Mula,Valsequillo,T-Mul_V-Val_15px_2026-07-22,15,inner,5,0.0879131418106778,0.3409636443371281,0.8936274647712708,0.8858495354652405,0.9557321071624756,0.8254901766777039,0.9528431296348572,0.9720129370689392,0.9719362258911132,0.9729055762290956,0.970968782901764,0.9941422343254088,True,15.0
Mula,Valsequillo,T-Mul_V-Val_15px_2026-07-22,15,inner,6,0.0638395475281188,0.5080713597546314,0.8779411911964417,0.8653326034545898,0.965018093585968,0.7843137383460999,0.9374961853027344,0.980044722557068,0.9800182580947876,0.979612112045288,0.980424702167511,0.9967143535614014,True,15.0
Mula,Valsequillo,T-Mul_V-Val_15px_2026-07-22,15,inner,7,0.0606493657073744,0.458381493636133,0.8882352709770203,0.8788523077964783,0.9593967795372008,0.8107843399047852,0.9536350965499878,0.9812867641448976,0.9812759160995485,0.9801390171051024,0.9824153780937196,0.9970461130142212,True,15.0
Mula,Valsequillo,T-Mul_V-Val_15px_2026-07-22,15,inner,8,0.0667663580771399,0.2984100943120817,0.9122549295425416,0.9071094989776612,0.9636163115501404,0.8568627238273621,0.9715791940689088,0.9778918623924256,0.9778698682785034,0.9771409630775452,0.9785998463630676,0.9965209364891052,True,15.0
Mula,Valsequillo,T-Mul_V-Val_15px_2026-07-22,15,inner,9,0.0592888109560248,0.2817896717684526,0.9215686321258544,0.9179487228393556,0.9623655676841736,0.8774510025978088,0.970544934272766,0.9808727502822876,0.9808663725852966,0.9794871807098388,0.9822494983673096,0.9970574378967284,True,15.0
Mula,Valsequillo,T-Mul_V-Val_15px_2026-07-22,15,inner,10,0.0528219400972085,0.4403989647569902,0.8720588088035583,0.8580750226974487,0.9633699655532836,0.7735294103622437,0.9688648581504822,0.9839364290237428,0.9839404225349426,0.9819894433021544,0.9858991503715516,0.9977598190307616,True,15.0
Mula,Valsequillo,T-Mul_V-Val_15px_2026-07-22,15,inner,11,0.0463549590536085,0.432828583619466,0.8999999761581421,0.8927444815635681,0.9625850319862366,0.8323529362678528,0.9561985731124878,0.9856752753257751,0.98566335439682,0.9847657084465028,0.986562728881836,0.9983475208282472,True,15.0
Mula,Valsequillo,T-Mul_V-Val_15px_2026-07-22,15,inner,12,0.0453848582141454,0.4482849300893791,0.8774510025978088,0.8651564121246338,0.9616307020187378,0.7862744927406311,0.9661158919334412,0.9854268431663512,0.9854159951210022,0.984437108039856,0.9863967895507812,0.9983351230621338,True,15.0
Mula,Valsequillo,T-Mul_V-Val_15px_2026-07-22,15,inner,13,0.044352647287567,0.2852184435790952,0.929901957511902,0.9272264838218688,0.9640211462974548,0.8931372761726379,0.9688658118247986,0.9845988154411316,0.9845924377441406,0.9832892417907716,0.9858991503715516,0.998414158821106,True,15.0
Mula,Valsequillo,T-Mul_V-Val_15px_2026-07-22,15,inner,14,0.041483314466504,0.352336070825364,0.8901960849761963,0.8807241916656494,0.9638694524765016,0.8107843399047852,0.9728450775146484,0.986586093902588,0.9865827560424804,0.9851140975952148,0.9880557656288148,0.9985268115997314,True,15.0
Mula,Valsequillo,T-Mul_V-Val_15px_2026-07-22,15,inner,15,0.0422598136774162,0.2605763847738797,0.9308823347091676,0.9286075830459596,0.9602094292640686,0.8990195989608765,0.9748952388763428,0.9841848015785216,0.984169065952301,0.9834354519844056,0.9849037528038024,0.998754382133484,True,15.0
Mula,Valsequillo,T-Mul_V-Val_15px_2026-07-22,15,inner,16,0.0374317533939082,0.3850823065302535,0.9014706015586852,0.8941548466682434,0.9658703207969666,0.8323529362678528,0.964224338531494,0.9874969124794006,0.9874865412712096,0.9865871667861938,0.9883875250816344,0.9988264441490172,True,15.0
Mula,Valsequillo,T-Mul_V-Val_15px_2026-07-22,15,inner,17,0.0364467774752187,0.3433039170160305,0.911764681339264,0.9065420627593994,0.9635761380195618,0.8558823466300964,0.9695006608963012,0.9884905219078064,0.9884828925132751,0.9874193072319032,0.9895487427711488,0.9989149570465088,True,15.0
Mula,Valsequillo,T-Mul_V-Val_15px_2026-07-22,15,inner,18,0.0351143632250083,0.3446276370308124,0.9014706015586852,0.8943772912025452,0.9637598991394044,0.8343137502670288,0.9733938574790956,0.9891529083251952,0.9891565442085266,0.9871138334274292,0.991207718849182,0.9989348649978638,True,15.0
Mula,Valsequillo,T-Mul_V-Val_15px_2026-07-22,15,inner,19,0.0317476992067753,0.3943178026699552,0.8906862735748291,0.8816975951194763,0.960693657398224,0.8147059082984924,0.9686481356620787,0.9905605912208556,0.9905598163604736,0.9889219403266908,0.9922030568122864,0.9991724491119384,True,15.0
Mula,Valsequillo,T-Mul_V-Val_15px_2026-07-22,15,inner,20,0.0314556414473065,0.2778585271544608,0.931862771511078,0.9294058084487916,0.9641728401184082,0.8970588445663452,0.975414216518402,0.9905605912208556,0.9905582070350648,0.9890837073326112,0.9920371770858764,0.9991925954818726,True,15.0
Mula,Valsequillo,T-Mul_V-Val_15px_2026-07-22,15,inner,21,0.0322836719607874,0.4129951654805564,0.8897058963775635,0.8802554607391357,0.9627473950386048,0.8107843399047852,0.9682598114013672,0.989815354347229,0.9898035526275636,0.9892295002937316,0.9903782606124878,0.9990719556808472,True,15.0
Mula,Valsequillo,T-Mul_V-Val_15px_2026-07-22,15,inner,22,0.0311512327235177,0.4366932318491094,0.8833333253860474,0.8725910186767578,0.9610849022865297,0.7990196347236633,0.9644550085067748,0.990477740764618,0.9904698729515076,0.9895678162574768,0.991373598575592,0.9989910125732422,True,15.0
Mula,Valsequillo,T-Mul_V-Val_15px_2026-07-22,15,inner,23,0.0287805664592284,0.3698176016118012,0.9004902243614197,0.8934383392333984,0.9615819454193116,0.8343137502670288,0.969029664993286,0.990477740764618,0.9904746413230896,0.989081859588623,0.9918712377548218,0.9994283318519592,True,15.0
Mula,Valsequillo,T-Mul_V-Val_15px_2026-07-22,15,inner,24,0.0302598020936339,0.3532615240937208,0.895588219165802,0.8872418999671936,0.964326798915863,0.8215686082839966,0.9729459881782532,0.9907261729240416,0.990722358226776,0.9894109964370728,0.9920371770858764,0.9992119669914246,True,15.0
Mula,Valsequillo,T-Mul_V-Val_15px_2026-07-22,15,inner,25,0.0280836376814139,0.3833003226667643,0.8995097875595093,0.8920484185218811,0.9635949730873108,0.8303921818733215,0.9690013527870178,0.9911401867866516,0.9911342859268188,0.9900678992271424,0.9922030568122864,0.9993873834609984,True,15.0
Mula,RawaPening,T-Mul_V-Raw_15px_2026-07-22,15,inner,1,0.2605498106062436,0.1788451982425762,0.9330669045448304,0.9367924332618712,0.8881931900978088,0.9910179376602172,0.9914700388908386,0.8926950097084045,0.8916847109794617,0.8984217643737793,0.885047972202301,0.958844780921936,True,11.0
Mula,RawaPening,T-Mul_V-Raw_15px_2026-07-22,15,inner,2,0.1485100175258275,0.1447013971748409,0.9435564279556274,0.94631826877594,0.9029918313026428,0.9940119981765748,0.9951447248458862,0.9507222175598145,0.9506325721740724,0.9505540132522584,0.950711190700531,0.9853518009185792,True,11.0
Mula,RawaPening,T-Mul_V-Raw_15px_2026-07-22,15,inner,3,0.1111979313336199,0.1348534247407189,0.9450549483299256,0.9476689100265504,0.9054545164108276,0.9940119981765748,0.9942635297775269,0.9636813998222352,0.9636183381080629,0.963459014892578,0.963777720928192,0.9914196729660034,True,11.0
Mula,RawaPening,T-Mul_V-Raw_15px_2026-07-22,15,inner,4,0.097479403707738,0.1188086935772107,0.953046977519989,0.9546769261360168,0.9235074520111084,0.9880239367485046,0.9946377277374268,0.967560887336731,0.9675555229187012,0.9658809900283812,0.9692358374595642,0.9929429292678832,True,11.0
Mula,RawaPening,T-Mul_V-Raw_15px_2026-07-22,15,inner,5,0.0892135773962605,0.1051948634864805,0.9580419659614564,0.9591041803359984,0.9363117814064026,0.9830339550971984,0.9952914714813232,0.97317373752594,0.9731693267822266,0.9714850783348083,0.9748594164848328,0.9938974380493164,True,11.0
Mula,RawaPening,T-Mul_V-Raw_15px_2026-07-22,15,inner,6,0.0736795523920754,0.1464949745710913,0.939060926437378,0.9421252608299256,0.8978300094604492,0.9910179376602172,0.9950548410415648,0.976970672607422,0.9769478440284728,0.9760607481002808,0.9778366088867188,0.9956930875778198,True,11.0
Mula,RawaPening,T-Mul_V-Raw_15px_2026-07-22,15,inner,7,0.0694919673997326,0.1168342950427299,0.9565434455871582,0.9580318331718444,0.9271708726882936,0.9910179376602172,0.995927095413208,0.9783739447593688,0.9784042239189148,0.975188970565796,0.9816407561302184,0.9960674047470092,True,11.0
Mula,RawaPening,T-Mul_V-Raw_15px_2026-07-22,15,inner,8,0.0669042819653519,0.1483318774879991,0.940559446811676,0.9435216188430786,0.8995475172996521,0.9920159578323364,0.9941048622131348,0.978538990020752,0.978544294834137,0.9764492511749268,0.9806483387947084,0.9962581992149352,True,11.0
Mula,RawaPening,T-Mul_V-Raw_15px_2026-07-22,15,inner,9,0.060975832381569,0.1354832590672073,0.949550449848175,0.9516052007675172,0.9152073860168456,0.9910179376602172,0.9950872659683228,0.9809327125549316,0.9809452891349792,0.9784433245658876,0.9834601283073424,0.9968334436416626,True,11.0
Mula,RawaPening,T-Mul_V-Raw_15px_2026-07-22,15,inner,10,0.0612455224396535,0.1128886286336761,0.9595404863357544,0.9601573944091796,0.9466537237167358,0.9740518927574158,0.9934850335121156,0.9815930724143982,0.9815961122512816,0.9795750379562378,0.9836255311965942,0.996556520462036,True,11.0
Mula,RawaPening,T-Mul_V-Raw_15px_2026-07-22,15,inner,11,0.0519954370649157,0.0918475523866437,0.9665334820747375,0.9669787883758544,0.9552093744277954,0.9790419340133668,0.995635747909546,0.9834089875221252,0.983403503894806,0.9818631410598756,0.984948754310608,0.9975656270980836,True,11.0
Mula,RawaPening,T-Mul_V-Raw_15px_2026-07-22,15,inner,12,0.0515006301327279,0.1264935268636245,0.953046977519989,0.9548510909080504,0.9203703999519348,0.9920159578323364,0.9959620237350464,0.983904242515564,0.9839016199111938,0.9821987748146056,0.98561030626297,0.9977502226829528,True,11.0
Mula,RawaPening,T-Mul_V-Raw_15px_2026-07-22,15,inner,13,0.049181194247365,0.1244553620354844,0.9575424790382384,0.958957016468048,0.9289055466651917,0.9910179376602172,0.995585799217224,0.9851424098014832,0.9851436018943788,0.9831960201263428,0.9870989322662354,0.9978641271591188,True,11.0
Mula,RawaPening,T-Mul_V-Raw_15px_2026-07-22,15,inner,14,0.0464296535624931,0.1138238706770208,0.9600399732589722,0.9612778425216676,0.9332706928253174,0.9910179376602172,0.995243489742279,0.9846471548080444,0.9846433401107788,0.9830201268196106,0.9862719178199768,0.9981167316436768,True,11.0
Mula,RawaPening,T-Mul_V-Raw_15px_2026-07-22,15,inner,15,0.0458945052440728,0.119558531132254,0.9540459513664246,0.955726683139801,0.922862470149994,0.9910179376602172,0.995740532875061,0.9853074550628662,0.9853013753890992,0.9838390350341796,0.986768126487732,0.9980484247207642,True,11.0
Mula,RawaPening,T-Mul_V-Raw_15px_2026-07-22,15,inner,16,0.0397560281047902,0.1114323296929364,0.9590409398078918,0.960038959980011,0.938095211982727,0.9830339550971984,0.9956237077713012,0.9875361323356628,0.9875361323356628,0.9856648445129396,0.9894145131111144,0.998685359954834,True,11.0
Mula,RawaPening,T-Mul_V-Raw_15px_2026-07-22,15,inner,17,0.0391050004385322,0.1071455542828057,0.9630369544029236,0.963761031627655,0.9461538195610046,0.9820359349250792,0.9952215552330016,0.9877837300300598,0.9877625107765198,0.9875991940498352,0.9879258871078492,0.99878191947937,True,11.0
Mula,RawaPening,T-Mul_V-Raw_15px_2026-07-22,15,inner,18,0.0385444248849283,0.0998031435384099,0.9655344486236572,0.9661930203437804,0.9489893913269044,0.9840319156646729,0.9962505102157592,0.9884440898895264,0.9884355068206788,0.9872937202453612,0.9895799160003662,0.9987667798995972,True,11.0
Mula,RawaPening,T-Mul_V-Raw_15px_2026-07-22,15,inner,19,0.0378420809832345,0.0986935283275103,0.9670329689979552,0.9677734375,0.947418749332428,0.9890219569206238,0.996324360370636,0.9880313873291016,0.9880195260047911,0.987122356891632,0.9889183044433594,0.9988305568695068,True,11.0
Mula,RawaPening,T-Mul_V-Raw_15px_2026-07-22,15,inner,20,0.0366087777731502,0.1214543766105783,0.96053946018219,0.9613692164421082,0.9424736499786376,0.9810379147529602,0.993826389312744,0.987701177597046,0.9876971244812012,0.9861500263214112,0.9892491102218628,0.9988737106323242,True,11.0
Mula,RawaPening,T-Mul_V-Raw_15px_2026-07-22,15,inner,21,0.0316391907980491,0.1188533863403483,0.9615384340286256,0.9625304341316224,0.9392212629318236,0.9870259761810304,0.9949461221694946,0.9902600049972534,0.9902527928352356,0.9891089200973512,0.9913992881774902,0.9990124106407166,True,11.0
Mula,Winam,T-Mul_V-Win_15px_2026-07-22,15,inner,1,0.2729497760273596,0.4828328589530006,0.8984492421150208,0.9033793210983276,0.8619436621665955,0.9490000009536744,0.9179299473762512,0.886449933052063,0.885428786277771,0.8918148279190063,0.8791335821151733,0.95485258102417,True,14.0
Mula,Winam,T-Mul_V-Win_15px_2026-07-22,15,inner,2,0.1652748115148003,0.4394527379128964,0.8929464817047119,0.8947886228561401,0.8800773620605469,0.9100000262260436,0.9172652959823608,0.9405017495155334,0.940526247024536,0.9384362101554872,0.9426256418228148,0.9828301668167114,True,14.0
Mula,Winam,T-Mul_V-Win_15px_2026-07-22,15,inner,3,0.1226000557440719,0.4118838728056595,0.921460747718811,0.9241912364959716,0.8935574293136597,0.9570000171661376,0.93956857919693,0.9592341780662536,0.959261119365692,0.9568937420845032,0.961640238761902,0.9896169900894164,True,14.0
Mula,Winam,T-Mul_V-Win_15px_2026-07-22,15,inner,4,0.1071092365504806,0.3516393572082971,0.9169584512710572,0.9214015007019044,0.875,0.9729999899864196,0.9413623809814452,0.9658359289169312,0.9658359289169312,0.9640856385231018,0.9675925970077516,0.9915860891342164,True,14.0
Mula,Winam,T-Mul_V-Win_15px_2026-07-22,15,inner,5,0.0958373355782967,0.2894508119168439,0.897448718547821,0.8937273025512695,0.9278794527053832,0.8619999885559082,0.9599089026451112,0.9692193269729614,0.9691964387893676,0.9681570529937744,0.9702380895614624,0.993230164051056,True,14.0
Mula,Winam,T-Mul_V-Win_15px_2026-07-22,15,inner,6,0.0793236110025574,0.3773515206417689,0.907453715801239,0.9085516333580016,0.8983381986618042,0.9190000295639038,0.9504604339599608,0.9740881323814392,0.9740838408470154,0.9724785685539246,0.9756944179534912,0.9949776530265808,True,14.0
Mula,Winam,T-Mul_V-Win_15px_2026-07-22,15,inner,7,0.0738735627933271,0.3001063872221787,0.907453715801239,0.9062341451644896,0.9188078045845032,0.8939999938011169,0.9561882019042968,0.975656032562256,0.9756379723548888,0.9745916724205016,0.9766865372657776,0.9958935976028442,True,14.0
Mula,Winam,T-Mul_V-Win_15px_2026-07-22,15,inner,8,0.0693604196842196,0.2359177929997069,0.9234617352485656,0.9239184260368348,0.9188922047615052,0.9290000200271606,0.9645145535469056,0.9779666662216188,0.9779539108276368,0.9767441749572754,0.9791666865348816,0.996319055557251,True,14.0
Mula,Winam,T-Mul_V-Win_15px_2026-07-22,15,inner,9,0.0658481891587792,0.2087888170915747,0.9209604859352112,0.9197154641151428,0.9349173307418824,0.9049999713897704,0.9741151332855223,0.97870934009552,0.9786706566810608,0.9786706566810608,0.9786706566810608,0.996544599533081,True,14.0
Mula,Winam,T-Mul_V-Win_15px_2026-07-22,15,inner,10,0.0615025718508429,0.2724123059393358,0.936468243598938,0.937958002090454,0.9169054627418518,0.959999978542328,0.9615725874900818,0.9788743853569032,0.9788464903831482,0.978361427783966,0.9793320298194884,0.9970187544822692,True,14.0
Mula,Winam,T-Mul_V-Win_15px_2026-07-22,15,inner,11,0.0513345659502191,0.34608000469189,0.9109554886817932,0.9095528721809388,0.9245867729187012,0.8949999809265137,0.9621506929397584,0.9847334623336792,0.9847296476364136,0.983187735080719,0.9862764477729796,0.997715711593628,True,14.0
Mula,Winam,T-Mul_V-Win_15px_2026-07-22,15,inner,12,0.0530528804066895,0.2032477309021514,0.9429714679718018,0.9427710771560668,0.9465726017951964,0.9390000104904176,0.9798629283905028,0.9824228286743164,0.9824155569076538,0.9810387492179872,0.9837962985038756,0.9977667331695556,True,14.0
Mula,Winam,T-Mul_V-Win_15px_2026-07-22,15,inner,13,0.0492234424003763,0.2180857561799367,0.9429714679718018,0.9437869787216188,0.9309338331222534,0.9570000171661376,0.974380373954773,0.9834956526756288,0.9834792613983154,0.9826675653457642,0.9842923283576964,0.9980981349945068,True,14.0
Mula,Winam,T-Mul_V-Win_15px_2026-07-22,15,inner,14,0.0487112690717532,0.1338634267084816,0.9569784998893738,0.9572139382362366,0.9524752497673036,0.962000012397766,0.9883723855018616,0.983908236026764,0.9839016199111938,0.9825226664543152,0.985284388065338,0.998211145401001,True,14.0
Mula,Winam,T-Mul_V-Win_15px_2026-07-22,15,inner,15,0.0484409876677165,0.2355256883233921,0.941470742225647,0.9407594799995422,0.9528205394744872,0.9290000200271606,0.9760580062866212,0.9856411814689636,0.985612690448761,0.9857757091522216,0.9854497313499452,0.9979931712150574,True,14.0
Mula,Winam,T-Mul_V-Win_15px_2026-07-22,15,inner,16,0.0419970043009707,0.2663154336379763,0.9249624609947203,0.9243188500404358,0.932790219783783,0.9160000085830688,0.9705575704574584,0.9862188696861268,0.9861972332000732,0.9859527349472046,0.9864417910575868,0.9986120462417604,True,14.0
Mula,Winam,T-Mul_V-Win_15px_2026-07-22,15,inner,17,0.0385856424845825,0.1964726270945749,0.9384692311286926,0.9372768998146056,0.9562955498695374,0.9190000295639038,0.9806381464004515,0.9883643984794616,0.9883519411087036,0.9876176118850708,0.9890872836112976,0.99873024225235,True,14.0
Mula,Winam,T-Mul_V-Win_15px_2026-07-22,15,inner,18,0.0383878980655199,0.2636129342992436,0.927463710308075,0.9258311986923218,0.9476439952850342,0.9049999713897704,0.9746426343917848,0.9881993532180786,0.988182783126831,0.987774670124054,0.9885912537574768,0.998751163482666,True,14.0
Mula,Winam,T-Mul_V-Win_15px_2026-07-22,15,inner,19,0.0394378919071402,0.2236648149949302,0.941470742225647,0.9412355422973632,0.9455096125602722,0.9369999766349792,0.9755696058273317,0.9878692626953124,0.9878522157669068,0.9874442219734192,0.9882605671882628,0.9986244440078736,True,14.0
Mula,Winam,T-Mul_V-Win_15px_2026-07-22,15,inner,20,0.0409802258262765,0.2448415464762444,0.9334667325019836,0.9329299330711364,0.9409969449043274,0.925000011920929,0.9741190671920776,0.986631453037262,0.986611545085907,0.9862855076789856,0.9869378209114076,0.9985128045082092,True,14.0
Mula,Winam,T-Mul_V-Win_15px_2026-07-22,15,inner,21,0.0311751997087643,0.2210265974020455,0.9344672560691832,0.9325785040855408,0.9607635140419006,0.906000018119812,0.9825364947319032,0.9900974035263062,0.9900858998298644,0.9894319772720336,0.9907407164573668,0.9992260932922364,True,14.0
Mula,Winam,T-Mul_V-Win_15px_2026-07-22,15,inner,22,0.0318101075719067,0.2501956178302566,0.9319660067558287,0.9311043620109558,0.9435318112373352,0.9190000295639038,0.9748218059539796,0.9899323582649232,0.9899206757545472,0.989266872406006,0.99057537317276,0.9991989135742188,True,14.0
Mula,Winam,T-Mul_V-Win_15px_2026-07-22,15,inner,23,0.0317333370107385,0.2677935261192775,0.932466208934784,0.9311575889587402,0.95005202293396,0.912999987602234,0.97579026222229,0.9902624487876892,0.9902544021606444,0.9892739057540894,0.9912367463111876,0.9991586208343506,True,14.0
Mula,Winam,T-Mul_V-Win_15px_2026-07-22,15,inner,24,0.0312312782123711,0.3118878550652509,0.9189594984054564,0.9166666865348816,0.9438559412956238,0.890999972820282,0.971081018447876,0.9906750321388244,0.9906572699546814,0.9907392263412476,0.99057537317276,0.9991486668586732,True,14.0
Mula,,Test_Mul_outer_15px_2026-07-22,15,outer,1,0.2625202157303692,,,,,,,0.8950909972190857,0.893781840801239,0.9036983251571656,0.8840805888175964,0.9579172134399414,True,
Mula,,Test_Mul_outer_15px_2026-07-22,15,outer,2,0.1424689326040025,,,,,,,0.951051950454712,0.951224684715271,0.946481227874756,0.9560158848762512,0.9866414070129396,True,
Mula,,Test_Mul_outer_15px_2026-07-22,15,outer,3,0.1140429785545988,,,,,,,0.9630941152572632,0.963073194026947,0.962186634540558,0.96396142244339,0.9909311532974244,True,
Mula,,Test_Mul_outer_15px_2026-07-22,15,outer,4,0.1029517090264326,,,,,,,0.9666359424591064,0.9666925668716432,0.9636260867118835,0.9697786569595336,0.992432415485382,True,
Mula,,Test_Mul_outer_15px_2026-07-22,15,outer,5,0.096757072861822,,,,,,,0.9689027667045592,0.9689379334449768,0.9664078950881958,0.9714812636375428,0.9931433200836182,True,
Mula,,Test_Mul_outer_15px_2026-07-22,15,outer,6,0.0800520631466809,,,,,,,0.9740029573440552,0.9740324020385742,0.9714890718460084,0.9765890836715698,0.9950891137123108,True,
Mula,,Test_Mul_outer_15px_2026-07-22,15,outer,7,0.0710664903590021,,,,,,,0.9784656763076782,0.9784793853759766,0.9764057397842408,0.9805618524551392,0.9960269331932068,True,
Mula,,Test_Mul_outer_15px_2026-07-22,15,outer,8,0.0703741276077675,,,,,,,0.9776864647865297,0.9777243733406068,0.9746228456497192,0.9808456301689148,0.9958063960075378,True,
Mula,,Test_Mul_outer_15px_2026-07-22,15,outer,9,0.0665491044290694,,,,,,,0.978182315826416,0.97815603017807,0.9778786301612854,0.9784336090087892,0.9966703653335572,True,
Mula,,Test_Mul_outer_15px_2026-07-22,15,outer,10,0.0652641404440984,,,,,,,0.9792448878288268,0.9792683720588684,0.9767113327980042,0.9818388223648072,0.9966417551040648,True,
Mula,,Test_Mul_outer_15px_2026-07-22,15,outer,11,0.0568458784726278,,,,,,,0.981653332710266,0.9816429018974304,0.9807392954826356,0.9825482368469238,0.997441291809082,True,
Mula,,Test_Mul_outer_15px_2026-07-22,15,outer,12,0.0527612765607216,,,,,,,0.9831408858299256,0.983122944831848,0.9827048778533936,0.9835414290428162,0.997819185256958,True,
Mula,,Test_Mul_outer_15px_2026-07-22,15,outer,13,0.0499012698258091,,,,,,,0.9839200973510742,0.9839178323745728,0.982595145702362,0.9852440357208252,0.9979947805404664,True,
Mula,,Test_Mul_outer_15px_2026-07-22,15,outer,14,0.0497391825145891,,,,,,,0.984628438949585,0.9846306443214417,0.9830292463302612,0.9862372279167176,0.9979066848754884,True,
Inle,Hartbeespoort,T-Inl_V-Har_15px_2026-07-22,15,inner,1,0.366018006647801,0.3213444820891215,0.8917322754859924,0.8791208863258362,0.9779950976371764,0.7984032034873962,0.9793142080307008,0.8445340394973755,0.8398033380508423,0.8617150783538818,0.8189783692359924,0.9176642298698424,True,11.0
Inle,Hartbeespoort,T-Inl_V-Har_15px_2026-07-22,15,inner,2,0.2646264429742336,0.3735917016101165,0.8080708384513855,0.7607361674308777,0.987261176109314,0.6187624931335449,0.9859862923622132,0.9014559388160706,0.9000667333602905,0.9084020853042604,0.8918829560279846,0.9570906758308412,True,11.0
Inle,Hartbeespoort,T-Inl_V-Har_15px_2026-07-22,15,inner,3,0.2086216189108799,0.213580012908132,0.914370059967041,0.9056398868560792,0.991686463356018,0.8333333134651184,0.994639813899994,0.92909437417984,0.928345799446106,0.9336231350898744,0.9231277704238892,0.972381830215454,True,11.0
Inle,Hartbeespoort,T-Inl_V-Har_15px_2026-07-22,15,inner,4,0.2059050765223455,0.1195102170344412,0.9808070659637452,0.980548620223999,0.980059802532196,0.9810379147529602,0.9959750175476074,0.9296701550483704,0.9288626313209534,0.9350083470344543,0.92279714345932,0.9724465608596802,True,11.0
Inle,Hartbeespoort,T-Inl_V-Har_15px_2026-07-22,15,inner,5,0.1903893453241169,0.1712227044260408,0.9547244310379028,0.9527720808982848,0.9809725284576416,0.9261476993560792,0.9942600131034852,0.934276521205902,0.933588206768036,0.9388164281845092,0.9284179210662842,0.9764853715896606,True,11.0
Inle,Hartbeespoort,T-Inl_V-Har_15px_2026-07-22,15,inner,6,0.1645187966441592,0.6588962704592245,0.6983267664909363,0.7363440990447998,0.6470143795013428,0.8542914390563965,0.8793238997459412,0.9456280469894408,0.9452497363090516,0.9472111463546752,0.9432964324951172,0.9816963076591492,True,11.0
Inle,Hartbeespoort,T-Inl_V-Har_15px_2026-07-22,15,inner,7,0.1609783228083818,0.2368614061141577,0.8897637724876404,0.8785249590873718,0.961995244026184,0.8083832263946533,0.9806774854660034,0.9468618631362916,0.9466468691825868,0.9458656311035156,0.9474292993545532,0.9822461009025574,True,11.0
Inle,Hartbeespoort,T-Inl_V-Har_15px_2026-07-22,15,inner,8,0.1689110058459775,0.582303478976521,0.7736220359802246,0.7028423547744751,0.9963369965553284,0.5429141521453857,0.9777677059173584,0.9455457925796508,0.9451805353164672,0.9469056129455566,0.9434617161750792,0.9805797934532166,True,11.0
Inle,Hartbeespoort,T-Inl_V-Har_15px_2026-07-22,15,inner,9,0.1594847964582998,0.0930028106929279,0.9822834730148317,0.9821782112121582,0.974459707736969,0.9900199770927428,0.9963083863258362,0.9476022124290466,0.9473248720169068,0.9477167725563048,0.946933388710022,0.9825823307037354,True,11.0
Inle,Hartbeespoort,T-Inl_V-Har_15px_2026-07-22,15,inner,10,0.156879220926086,0.3219285328161176,0.8459645509719849,0.815339207649231,0.9971140027046204,0.6896207332611084,0.997365415096283,0.9464505910873412,0.94620281457901,0.9459682703018188,0.946437418460846,0.9840904474258424,True,11.0
Inle,Hartbeespoort,T-Inl_V-Har_15px_2026-07-22,15,inner,11,0.134446356514498,0.0856454624669758,0.9822834730148317,0.9822310209274292,0.9716796875,0.9930139780044556,0.9980117082595824,0.953771471977234,0.9535306692123412,0.9538461565971376,0.9532154202461244,0.988106369972229,True,11.0
Inle,Hartbeespoort,T-Inl_V-Har_15px_2026-07-22,15,inner,12,0.1365998185165346,0.4716048455415806,0.8011810779571533,0.7478152513504028,0.9983333349227904,0.5978043675422668,0.9959973096847534,0.9531956911087036,0.9531185626983644,0.9500657320022584,0.9561911225318908,0.9875524640083312,True,11.0
Inle,Hartbeespoort,T-Inl_V-Har_15px_2026-07-22,15,inner,13,0.1351808665591929,0.1702521411540705,0.9128937125205994,0.903960943222046,0.9904875159263612,0.8313373327255249,0.9964972734451294,0.9553343653678894,0.9552828669548036,0.9517558217048644,0.9588361978530884,0.987227201461792,True,11.0
Inle,Hartbeespoort,T-Inl_V-Har_15px_2026-07-22,15,inner,14,0.1422161815064885,0.0928321526803838,0.9773622155189514,0.9770916104316713,0.9751490950584412,0.9790419340133668,0.9969565868377686,0.9529489278793336,0.9529218077659608,0.9488608241081238,0.9570176601409912,0.9857510924339294,True,11.0
Inle,Hartbeespoort,T-Inl_V-Har_15px_2026-07-22,15,inner,15,0.136313878603453,0.1968824717062195,0.9045275449752808,0.8954741358757019,0.9730679392814636,0.8293412923812866,0.9880273342132568,0.954511821269989,0.9543992877006532,0.9521223902702332,0.956687033176422,0.9870442152023317,True,11.0
Inle,Hartbeespoort,T-Inl_V-Har_15px_2026-07-22,15,inner,16,0.1293747231818995,0.3656397283546568,0.8474409580230713,0.8185011744499207,0.9900850057601928,0.697604775428772,0.9736090898513794,0.9559101462364196,0.955892026424408,0.9516631364822388,0.9601587057113647,0.988275110721588,True,11.0
Inle,Hartbeespoort,T-Inl_V-Har_15px_2026-07-22,15,inner,17,0.122990877434588,0.3190725274479354,0.8503937125205994,0.822429895401001,0.99154931306839,0.7025948166847229,0.991948127746582,0.9592004418373108,0.959062397480011,0.9576396942138672,0.9604893326759338,0.9894319176673888,True,11.0
Inle,Hartbeespoort,T-Inl_V-Har_15px_2026-07-22,15,inner,18,0.1237417163413596,0.1299010175243606,0.9443897604942322,0.9412987232208252,0.9815818071365356,0.9041916131973268,0.994364619255066,0.9592004418373108,0.959143340587616,0.9558364748954772,0.9624731540679932,0.9894051551818848,True,11.0
Inle,Hartbeespoort,T-Inl_V-Har_15px_2026-07-22,15,inner,19,0.1268654473446462,0.1887204713356776,0.9202755689620972,0.9136460423469543,0.9805492162704468,0.8552893996238708,0.9895461797714232,0.9582956433296204,0.9581510424613952,0.9568084478378296,0.9594974517822266,0.9885929226875304,True,11.0
Inle,Hartbeespoort,T-Inl_V-Har_15px_2026-07-22,15,inner,20,0.1233357058051552,0.3983455017267719,0.8494094610214233,0.8220930099487305,0.984679639339447,0.7055888175964355,0.9820290803909302,0.9588714241981506,0.958820641040802,0.955358624458313,0.9623078107833862,0.989579141139984,True,11.0
Inle,Hartbeespoort,T-Inl_V-Har_15px_2026-07-22,15,inner,21,0.1171113737647623,0.4468466404561452,0.8385826945304871,0.8068315386772156,0.9841954112052916,0.6836327314376831,0.9728455543518066,0.9615036845207214,0.9613861441612244,0.9596441984176636,0.9631344079971312,0.9901788234710692,True,11.0
Inle,Rodman,T-Inl_V-Rod_15px_2026-07-22,15,inner,1,0.3105732757358028,0.7327237721171365,0.7399608492851257,0.6963979601860046,0.8376891613006592,0.5958904027938843,0.8249515891075134,0.872725784778595,0.8699747920036316,0.8824432492256165,0.8578537106513977,0.94163978099823,True,17.0
Inle,Rodman,T-Inl_V-Rod_15px_2026-07-22,15,inner,2,0.2355616979795963,0.4430311903080207,0.8383937478065491,0.8421052694320679,0.8239700198173523,0.8610567450523376,0.8925918936729431,0.9142175316810608,0.9138273000717164,0.9112650752067566,0.9164040684700012,0.9653196930885316,True,17.0
Inle,Rodman,T-Inl_V-Rod_15px_2026-07-22,15,inner,3,0.1926359969264167,0.5187127573249622,0.8305583000183105,0.8192267417907715,0.878923773765564,0.767123281955719,0.9193320274353028,0.9358689188957214,0.9356783032417296,0.9316014647483826,0.9397910237312316,0.975399374961853,True,17.0
Inle,Rodman,T-Inl_V-Rod_15px_2026-07-22,15,inner,4,0.1671298759603555,0.4905558028253822,0.8991184830665588,0.9041860699653624,0.8617021441459656,0.951076328754425,0.9201594591140748,0.9423726201057434,0.9423298835754396,0.9361597895622252,0.948581874370575,0.981373369693756,True,17.0
Inle,Rodman,T-Inl_V-Rod_15px_2026-07-22,15,inner,5,0.1744071748535496,0.3929512676482803,0.8643486499786377,0.8662481904029846,0.8551000952720642,0.8776907920837402,0.9152095317840576,0.9394912123680116,0.9392009377479552,0.9367986917495728,0.9416155219078064,0.9795572757720948,True,17.0
Inle,Rodman,T-Inl_V-Rod_15px_2026-07-22,15,inner,6,0.1505050875759913,0.6980607431750456,0.6332027316093445,0.7318295836448669,0.5770751237869263,1.0,0.9357373118400574,0.9510167241096495,0.9507490992546082,0.948942482471466,0.9525626301765442,0.983802080154419,True,17.0
Inle,Rodman,T-Inl_V-Rod_15px_2026-07-22,15,inner,7,0.1402154993730493,0.5193053264751023,0.8442703485488892,0.8436577916145325,0.8478260636329651,0.839530348777771,0.9045710563659668,0.9542273879051208,0.9541632533073424,0.9485329985618592,0.9598606824874878,0.9858301877975464,True,17.0
Inle,Rodman,T-Inl_V-Rod_15px_2026-07-22,15,inner,8,0.1357877669625786,0.5376952940289818,0.8197845220565796,0.8093264102935791,0.8601321578025818,0.7641878724098206,0.8969254493713379,0.9536511301994324,0.9535670280456544,0.9483267664909364,0.9588654637336732,0.9867222309112548,True,17.0
Inle,Rodman,T-Inl_V-Rod_15px_2026-07-22,15,inner,9,0.141035892641612,0.4931788302804767,0.842311441898346,0.8353783488273621,0.8747323155403137,0.7994129061698914,0.9281771183013916,0.9529101848602296,0.9528286457061768,0.9475151896476746,0.9582020044326782,0.9861465692520142,True,17.0
Inle,Rodman,T-Inl_V-Rod_15px_2026-07-22,15,inner,10,0.1371501266068172,0.5194907162728902,0.8658178448677063,0.8729128241539001,0.8298059701919556,0.9207436442375184,0.8947076201438904,0.9553799033164978,0.9552952647209167,0.9501230716705322,0.9605241417884828,0.9865214228630066,True,17.0
Inle,Rodman,T-Inl_V-Rod_15px_2026-07-22,15,inner,11,0.1182713028596459,0.2567350874626671,0.902546525001526,0.9028794765472412,0.9006816148757935,0.9050880670547484,0.9676029682159424,0.9609780311584472,0.960910439491272,0.9555519223213196,0.9663293957710266,0.9894406795501708,True,17.0
Inle,Rodman,T-Inl_V-Rod_15px_2026-07-22,15,inner,12,0.1208120418105722,0.3679352837024543,0.8672869801521301,0.8715030550956726,0.8454461693763733,0.8992172479629517,0.9393692016601562,0.9591668844223022,0.959075927734375,0.954194724559784,0.9640073180198668,0.989782214164734,True,17.0
Inle,Rodman,T-Inl_V-Rod_15px_2026-07-22,15,inner,13,0.11611585250529,0.3809541171666574,0.8775709867477417,0.8762376308441162,0.8867735266685486,0.8659490942955017,0.9455997347831726,0.9630361199378968,0.9629995822906494,0.9569275975227356,0.969149112701416,0.9895436763763428,True,17.0
Inle,Rodman,T-Inl_V-Rod_15px_2026-07-22,15,inner,14,0.1204372816854439,0.6845908043842241,0.8212536573410034,0.8017382025718689,0.901098906993866,0.7221134901046753,0.9211259484291076,0.9594962000846864,0.9594393968582152,0.953778088092804,0.9651683568954468,0.9893203973770142,True,17.0
Inle,Rodman,T-Inl_V-Rod_15px_2026-07-22,15,inner,15,0.1308768538032391,0.6527716855752946,0.7972576022148132,0.7827911972999573,0.8438913822174072,0.7299413084983826,0.905739426612854,0.9558739066123962,0.955833911895752,0.9497298002243042,0.9620169401168824,0.9873309135437012,True,17.0
Inle,Rodman,T-Inl_V-Rod_15px_2026-07-22,15,inner,16,0.1171797962763127,0.4676204319974,0.85553377866745,0.8538880348205566,0.8645938038825989,0.8434442281723022,0.9219706058502196,0.9618836045265198,0.961827039718628,0.9562295079231262,0.9674904346466064,0.989521861076355,True,17.0
Inle,Rodman,T-Inl_V-Rod_15px_2026-07-22,15,inner,17,0.1068425926293911,0.223557238801803,0.926542580127716,0.9285714030265808,0.9044526815414428,0.9540117383003236,0.9708434343338012,0.9647649526596068,0.9646981358528136,0.9594749808311462,0.9699784517288208,0.9917684197425842,True,17.0
Inle,Rodman,T-Inl_V-Rod_15px_2026-07-22,15,inner,18,0.1083073346093793,0.4388822442345708,0.8550440669059753,0.8489795923233032,0.8869935870170593,0.8140900135040283,0.9339012503623962,0.9646003246307372,0.9646090269088744,0.9573599100112916,0.9719688296318054,0.9911343455314636,True,17.0
Inle,Rodman,T-Inl_V-Rod_15px_2026-07-22,15,inner,19,0.1056371557240997,0.3358437197098652,0.874632716178894,0.8672199249267578,0.9227373003959656,0.8180038928985596,0.96171772480011,0.9664937853813172,0.9665103554725648,0.9590137004852296,0.9741250872612,0.9911444187164308,True,17.0
Inle,Rodman,T-Inl_V-Rod_15px_2026-07-22,15,inner,20,0.1093734156840562,0.3004244278156792,0.9054847955703736,0.9071668982505798,0.8921476006507874,0.922700583934784,0.9513612389564514,0.9650119543075562,0.9649484753608704,0.959645688533783,0.9703101515769958,0.9903125166893004,True,17.0
Inle,Rodman,T-Inl_V-Rod_15px_2026-07-22,15,inner,21,0.0991347849876917,0.3030973029971473,0.9000979661941528,0.9005848169326782,0.8970873951911926,0.9041095972061156,0.9588978886604308,0.9693751335144044,0.9693018794059752,0.9645261764526368,0.9741250872612,0.992622137069702,True,17.0
Inle,Rodman,T-Inl_V-Rod_15px_2026-07-22,15,inner,22,0.1019431674467925,0.4113075583005628,0.8751224279403687,0.8762736320495605,0.8691049218177795,0.8835616707801819,0.9328786134719848,0.966905415058136,0.9668590426445008,0.9611539244651794,0.9726322889328004,0.9918755292892456,True,17.0
Inle,Rodman,T-Inl_V-Rod_15px_2026-07-22,15,inner,23,0.1035936433066554,0.2919417858474051,0.910871684551239,0.914069890975952,0.8832116723060608,0.9471624493598938,0.9529968500137328,0.964353322982788,0.964282751083374,0.959140121936798,0.9694808721542358,0.992323875427246,True,17.0
Inle,Rodman,T-Inl_V-Rod_15px_2026-07-22,15,inner,24,0.1019975635922866,0.3950319934370002,0.8726738691329956,0.8735408782958984,0.8684719800949097,0.878669261932373,0.9384401440620422,0.9680579304695128,0.9679338932037354,0.9645857214927672,0.9713053703308104,0.9917266368865968,True,17.0
Inle,Rodman,T-Inl_V-Rod_15px_2026-07-22,15,inner,25,0.0941410955678629,0.3436015377899342,0.8927522301673889,0.8949640393257141,0.8777046203613281,0.912915825843811,0.9403524398803712,0.969045877456665,0.9690178036689758,0.9628295302391052,0.9752861261367798,0.9931816458702089,True,17.0
Inle,Rodman,T-Inl_V-Rod_15px_2026-07-22,15,inner,26,0.0943822895667479,0.2852157797157239,0.9089128375053406,0.910662829875946,0.8943396210670471,0.927592933177948,0.9534908533096312,0.9697044491767884,0.9696670174598694,0.9637883305549622,0.9756178259849548,0.9930614233016968,True,17.0
Inle,Rodman,T-Inl_V-Rod_15px_2026-07-22,15,inner,27,0.0947543369911134,0.2485871371629772,0.9245837330818176,0.927221179008484,0.8967093229293823,0.9598825573921204,0.963212251663208,0.9697044491767884,0.9696369767189026,0.964702010154724,0.9746226668357848,0.9932629466056824,True,17.0
Inle,Mula,T-Inl_V-Mul_15px_2026-07-22,15,inner,1,0.3481301243297139,0.6481847503298038,0.6409266591072083,0.420560747385025,0.9608541131019592,0.2691924273967743,0.9049885272979736,0.8545844554901123,0.8511573076248169,0.8701208829879761,0.8330026268959045,0.92594975233078,True,13.0
Inle,Mula,T-Inl_V-Mul_15px_2026-07-22,15,inner,2,0.2674134285422484,0.4490840967356238,0.7857142686843872,0.7225000262260437,0.9681742191314696,0.5762711763381958,0.968102216720581,0.8994800448417664,0.89952152967453,0.8975962996482849,0.9014550447463988,0.9561989903450012,True,13.0
Inle,Mula,T-Inl_V-Mul_15px_2026-07-22,15,inner,3,0.2134165607600004,0.3163616738379232,0.8803088665008545,0.8655097484588623,0.9488704204559326,0.795613169670105,0.9598556756973268,0.9286952018737792,0.9283700585365297,0.9309943318367004,0.9257605671882628,0.97015118598938,True,13.0
Inle,Mula,T-Inl_V-Mul_15px_2026-07-22,15,inner,4,0.1788369739059077,0.2435717591907987,0.9078185558319092,0.902897834777832,0.9211618304252625,0.8853439688682556,0.9662126898765564,0.940826952457428,0.9406800866127014,0.94138103723526,0.939980149269104,0.9789174795150756,True,13.0
Inle,Mula,T-Inl_V-Mul_15px_2026-07-22,15,inner,5,0.1801114788004851,0.2698272067665133,0.9020270109176636,0.8926494121551514,0.9504504799842834,0.8414755463600159,0.9590825438499452,0.9417347311973572,0.9415175318717957,0.9433931112289428,0.93964946269989,0.9780284762382508,True,13.0
Inle,Mula,T-Inl_V-Mul_15px_2026-07-22,15,inner,6,0.1470306450466497,0.2666177437802539,0.90444016456604,0.8952381014823914,0.9537767767906188,0.8434696197509766,0.9644527435302734,0.9522984027862548,0.9521918892860411,0.9526646733283995,0.9517195820808412,0.9852874279022216,True,13.0
Inle,Mula,T-Inl_V-Mul_15px_2026-07-22,15,inner,7,0.1457825502928131,0.3443259888231524,0.864382266998291,0.8621873259544373,0.8484556078910828,0.876370906829834,0.9292291402816772,0.9513906240463256,0.9512457847595216,0.9524282813072203,0.9500661492347716,0.98549485206604,True,13.0
Inle,Mula,T-Inl_V-Mul_15px_2026-07-22,15,inner,8,0.142521720539154,0.3415474040167672,0.8614864945411682,0.8456159234046936,0.918224275112152,0.7836490273475647,0.93852961063385,0.9537014365196228,0.9536172151565552,0.953696072101593,0.9535383582115172,0.9852557182312012,True,13.0
Inle,Mula,T-Inl_V-Mul_15px_2026-07-22,15,inner,9,0.1395431680047882,0.4458946491588036,0.8301158547401428,0.794152021408081,0.9603960514068604,0.6769691109657288,0.9580920934677124,0.9541140794754028,0.9540268182754515,0.954184591770172,0.9538690447807312,0.9861515760421752,True,13.0
Inle,Mula,T-Inl_V-Mul_15px_2026-07-22,15,inner,10,0.1575561311808299,0.4614465480317941,0.79777991771698,0.7449787259101868,0.956250011920929,0.6101694703102112,0.9402363300323486,0.9483370184898376,0.9482473731040956,0.9482473731040956,0.9482473731040956,0.9825373888015748,True,13.0
Inle,Mula,T-Inl_V-Mul_15px_2026-07-22,15,inner,11,0.1316995340425346,0.2521965202505064,0.9194015264511108,0.9169567227363586,0.9146825671195984,0.919242262840271,0.9573757648468018,0.957002580165863,0.9569029808044434,0.9574573636054992,0.9563491940498352,0.9877790212631226,True,13.0
Inle,Mula,T-Inl_V-Mul_15px_2026-07-22,15,inner,12,0.1289307073224758,0.2642549118134966,0.9073359370231628,0.8989473581314087,0.9520624279975892,0.8514456748962402,0.9632384181022644,0.9568374752998352,0.956979513168335,0.9522016644477844,0.9618055820465088,0.9883423447608948,True,13.0
Inle,Mula,T-Inl_V-Mul_15px_2026-07-22,15,inner,13,0.1225046125675886,0.2286879636606194,0.9324324131011964,0.9306243658065796,0.9251231551170348,0.9361914396286012,0.9686599969863892,0.9614591002464294,0.961566925048828,0.9572341442108154,0.965939164161682,0.9888749122619628,True,13.0
Inle,Mula,T-Inl_V-Mul_15px_2026-07-22,15,inner,14,0.1269792969779546,0.2612336718955556,0.9049227833747864,0.8973423838615417,0.9399563074111938,0.858424723148346,0.9615960121154784,0.9594784379005432,0.9594650268554688,0.958120346069336,0.9608134627342224,0.9886146783828736,True,13.0
Inle,Mula,T-Inl_V-Mul_15px_2026-07-22,15,inner,15,0.1185380360902492,0.2732190060569512,0.8918918967247009,0.8794402480125427,0.9555555582046508,0.814556360244751,0.9714905619621276,0.9622018933296204,0.9622423648834229,0.959552764892578,0.9649471044540404,0.9899784326553344,True,13.0
Inle,Mula,T-Inl_V-Mul_15px_2026-07-22,15,inner,16,0.1193701604037943,0.2711386116775306,0.8991312980651855,0.8898260593414307,0.9440715909004213,0.8414755463600159,0.96153724193573,0.9626970291137696,0.9627062678337096,0.9608036875724792,0.9646164178848268,0.9894000887870787,True,13.0
Inle,Mula,T-Inl_V-Mul_15px_2026-07-22,15,inner,17,0.1076061772310941,0.2678268251501915,0.9039575457572936,0.8954282999038696,0.946666657924652,0.8494516611099243,0.9662303924560548,0.9658331274986268,0.9658809900283812,0.9628655910491944,0.9689153432846068,0.9914976358413696,True,13.0
Inle,Mula,T-Inl_V-Mul_15px_2026-07-22,15,inner,18,0.1168830004783808,0.2527629718414605,0.9131274223327636,0.9077869057655334,0.9336143136024476,0.8833499550819397,0.9628961086273192,0.9617892503738404,0.9619086980819702,0.95726215839386,0.96660053730011,0.9900548458099364,True,13.0
Inle,Mula,T-Inl_V-Mul_15px_2026-07-22,15,inner,19,0.11392725817398,0.2724359850453133,0.9039575457572936,0.8954282999038696,0.946666657924652,0.8494516611099243,0.9616053700447084,0.9612115025520324,0.9612467288970948,0.9587171077728271,0.963789701461792,0.9909127950668336,True,13.0
Inle,Mula,T-Inl_V-Mul_15px_2026-07-22,15,inner,20,0.1086176512308656,0.2342786109182825,0.9155405163764954,0.9095607399940492,0.9442059993743896,0.8773679137229919,0.9716994762420654,0.9631922245025636,0.9632377028465272,0.960387885570526,0.9661045074462892,0.9919449090957642,True,13.0
Inle,Mula,T-Inl_V-Mul_15px_2026-07-22,15,inner,21,0.1059880651837357,0.2993987452339481,0.8889961242675781,0.8762109875679016,0.952046811580658,0.8115652799606323,0.9630780220031738,0.9660807251930236,0.966136634349823,0.9628838896751404,0.9694113731384276,0.9915372133255004,True,13.0
Inle,Mula,T-Inl_V-Mul_15px_2026-07-22,15,inner,22,0.0979943936073495,0.2442254985909204,0.915057897567749,0.9089027047157288,0.9451022744178772,0.875373899936676,0.968647837638855,0.9683915376663208,0.968407154083252,0.9662551283836364,0.9705687761306764,0.9929917454719543,True,13.0
Inle,Mula,T-Inl_V-Mul_15px_2026-07-22,15,inner,23,0.1029398567486347,0.2417884502977017,0.9097490310668944,0.903954803943634,0.9322034120559692,0.8773679137229919,0.9659552574157716,0.9665758609771729,0.9666913151741028,0.96170836687088,0.9717261791229248,0.9925681948661804,True,13.0
Inle,Vembanad,T-Inl_V-Vem_15px_2026-07-22,15,inner,1,0.3399090042084521,0.3533990488096432,0.8456543684005737,0.8372827768325806,0.8862876296043396,0.7934131622314453,0.9287505149841307,0.8591942191123962,0.8552631735801697,0.8730841875076294,0.8381550908088684,0.9288493990898132,True,11.0
Inle,Vembanad,T-Inl_V-Vem_15px_2026-07-22,15,inner,2,0.2537584260553598,0.2630237648551995,0.9195803999900818,0.924731194972992,0.8698328733444214,0.9870259761810304,0.970906138420105,0.9107245206832886,0.9098442196846008,0.9121116399765016,0.907588005065918,0.9596450328826904,True,11.0
Inle,Vembanad,T-Inl_V-Vem_15px_2026-07-22,15,inner,3,0.2094348828212225,0.3181051932960064,0.8696303963661194,0.8605024218559265,0.9263521432876588,0.8033931851387024,0.9592056274414062,0.9268072247505188,0.9260855317115784,0.9283934235572816,0.923789083957672,0.972159743309021,True,11.0
Inle,Vembanad,T-Inl_V-Vem_15px_2026-07-22,15,inner,4,0.190655670920085,0.1769938216610745,0.9340659379959106,0.9334677457809448,0.942973494529724,0.9241517186164856,0.9836376905441284,0.9343562722206116,0.934015154838562,0.9320164322853088,0.9360224604606628,0.9761462211608888,True,11.0
Inle,Vembanad,T-Inl_V-Vem_15px_2026-07-22,15,inner,5,0.1872393040583632,0.4617847759168703,0.8191808462142944,0.7819277048110962,0.9863221645355223,0.6477046012878418,0.9730238914489746,0.9370641112327576,0.9366586804389954,0.9358085989952089,0.937510311603546,0.9771133661270142,True,11.0
Inle,Vembanad,T-Inl_V-Vem_15px_2026-07-22,15,inner,6,0.1663309570909025,0.1670309334684472,0.9345654249191284,0.9320186972618104,0.9708108305931092,0.8962075710296631,0.98890620470047,0.9425617456436156,0.9422442317008972,0.9405369758605956,0.9439576864242554,0.9811451435089112,True,11.0
Inle,Vembanad,T-Inl_V-Vem_15px_2026-07-22,15,inner,7,0.1571393698937485,0.1635854737786622,0.942557454109192,0.9421238303184508,0.9502537846565248,0.9341317415237428,0.9833422899246216,0.94871586561203,0.948291540145874,0.949155330657959,0.9474292993545532,0.9830105900764464,True,11.0
Inle,Vembanad,T-Inl_V-Vem_15px_2026-07-22,15,inner,8,0.1494674447893636,0.191437577814809,0.9290709495544434,0.9282828569412231,0.939672827720642,0.9171656966209412,0.9810119867324828,0.9499466419219972,0.9496200680732728,0.9488364458084106,0.9504050016403198,0.9851521849632264,True,11.0
Inle,Vembanad,T-Inl_V-Vem_15px_2026-07-22,15,inner,9,0.1531306920099162,0.5564235638069747,0.8621378540992737,0.8461538553237915,0.9583333134651184,0.757485032081604,0.935096800327301,0.9485517144203186,0.948365330696106,0.9448637962341307,0.9518928527832032,0.9835482239723206,True,11.0
Inle,Vembanad,T-Inl_V-Vem_15px_2026-07-22,15,inner,10,0.1477824065580877,0.2410061133431864,0.9090909361839294,0.9021505117416382,0.9778555035591124,0.8373253345489502,0.9868083596229552,0.951587736606598,0.9513843059539796,0.94841468334198,0.9543726444244384,0.9846271872520448,True,11.0
Inle,Vembanad,T-Inl_V-Vem_15px_2026-07-22,15,inner,11,0.1306575989940481,0.1181903124864136,0.958541452884674,0.959293782711029,0.9431051015853882,0.976047933101654,0.9922804832458496,0.9580700993537904,0.957987368106842,0.9528949856758118,0.9631344079971312,0.987503707408905,True,11.0
Inle,Vembanad,T-Inl_V-Vem_15px_2026-07-22,15,inner,12,0.1389265447033335,0.1560873030587197,0.942057967185974,0.9421157836914062,0.9421157836914062,0.9421157836914062,0.9854511022567748,0.9535570740699768,0.9533003568649292,0.9515730738639832,0.9550338983535768,0.9865853786468506,True,11.0
Inle,Vembanad,T-Inl_V-Vem_15px_2026-07-22,15,inner,13,0.1305225718091821,0.2068037668263519,0.9250749349594116,0.921135663986206,0.9733333587646484,0.8742514848709106,0.9861836433410645,0.9577418565750122,0.9577210545539856,0.9512394070625304,0.9642916321754456,0.9875118732452391,True,11.0
Inle,Vembanad,T-Inl_V-Vem_15px_2026-07-22,15,inner,14,0.1335575480102426,0.176911593893995,0.9410589337348938,0.942829430103302,0.9161958694458008,0.9710578918457032,0.986469030380249,0.9568392634391784,0.9566721320152284,0.9533738493919371,0.9599933624267578,0.987390637397766,True,11.0
Inle,Vembanad,T-Inl_V-Vem_15px_2026-07-22,15,inner,15,0.1298364960852391,0.2429469483155575,0.9085913896560668,0.9025039672851562,0.9679999947547911,0.8453093767166138,0.9845738410949708,0.9568392634391784,0.95672208070755,0.95233416557312,0.961150586605072,0.9880255460739136,True,11.0
Inle,Vembanad,T-Inl_V-Vem_15px_2026-07-22,15,inner,16,0.1223514555186422,0.1803464958728937,0.9360639452934264,0.935742974281311,0.9414141178131104,0.9301397204399108,0.9805458784103394,0.9606958031654358,0.9605988264083862,0.9559593796730042,0.9652835130691528,0.988544464111328,True,11.0
Inle,Vembanad,T-Inl_V-Vem_15px_2026-07-22,15,inner,17,0.1193042865656227,0.1608772002194043,0.9450549483299256,0.9441056847572328,0.9616976976394652,0.9271457195281982,0.9875169396400452,0.9606958031654358,0.960618257522583,0.9555119276046752,0.9657794833183287,0.9898210763931274,True,11.0
Inle,Vembanad,T-Inl_V-Vem_15px_2026-07-22,15,inner,18,0.1259948876660793,0.1472852286956199,0.9445554614067078,0.9443609118461608,0.9486404657363892,0.940119743347168,0.98728746175766,0.9574956893920898,0.9573802947998048,0.9529893398284912,0.9618118405342102,0.9888803958892822,True,11.0
Inle,Vembanad,T-Inl_V-Vem_15px_2026-07-22,15,inner,19,0.1208489690896982,0.1335571670595865,0.9515484571456908,0.9509357810020448,0.964102566242218,0.9381237626075744,0.9903942346572876,0.9602034687995912,0.9601446390151978,0.9545751810073853,0.9657794833183287,0.9891636371612548,True,11.0
Inle,Vembanad,T-Inl_V-Vem_15px_2026-07-22,15,inner,20,0.120651325324488,0.2158001140615978,0.9235764145851136,0.9229995012283324,0.930964469909668,0.9151696562767028,0.9731876254081726,0.9605317115783693,0.9604992866516112,0.9543080925941468,0.966771364212036,0.9894235730171204,True,11.0
Inle,Vembanad,T-Inl_V-Vem_15px_2026-07-22,15,inner,21,0.1171640215435929,0.1388995809858287,0.953046977519989,0.9534192085266112,0.9468504190444946,0.9600798487663268,0.9854651093482972,0.962501049041748,0.9624022841453552,0.9579102396965028,0.9669367074966432,0.989661693572998,True,11.0
Inle,Valsequillo,T-Inl_V-Val_15px_2026-07-22,15,inner,1,0.3785009862773359,0.5929458840220583,0.727450966835022,0.7710049152374268,0.6647727489471436,0.9176470637321472,0.8798216581344604,0.841303825378418,0.8375463485717773,0.8514648079872131,0.8240755796432495,0.91259765625,True,5.0
Inle,Valsequillo,T-Inl_V-Val_15px_2026-07-22,15,inner,2,0.2895848979191168,0.3036671538563336,0.8813725709915161,0.8871268630027771,0.8460854291915894,0.9323529601097108,0.9566608667373656,0.8859988451004028,0.8851861357688904,0.8851127028465271,0.8852595090866089,0.948551058769226,True,5.0
Inle,Valsequillo,T-Inl_V-Val_15px_2026-07-22,15,inner,3,0.2173817989936394,0.270050265917591,0.8950980305671692,0.8864119052886963,0.9664351940155028,0.8186274766921997,0.9723577499389648,0.925837516784668,0.92546945810318,0.9234070777893066,0.9275410175323486,0.9695225954055786,True,5.0
Inle,Valsequillo,T-Inl_V-Val_15px_2026-07-22,15,inner,4,0.2044028999351829,0.6027240844918232,0.6495097875595093,0.484498918056488,0.9155313372612,0.3294117748737335,0.9321030378341676,0.9317639470100404,0.931345760822296,0.9303441643714904,0.9323495030403136,0.9719293117523192,True,5.0
Inle,Valsequillo,T-Inl_V-Val_15px_2026-07-22,15,inner,5,0.1898478262794293,0.1447024327428901,0.947549045085907,0.9470034837722778,0.95695698261261,0.9372549057006836,0.9858083724975586,0.9364556670188904,0.9361138939857484,0.9344126582145692,0.9378212690353394,0.9765214323997498,True,5.0
Inle,Valsequillo,T-Inl_V-Val_15px_2026-07-22,15,inner,6,0.1572385757556863,0.2123249430282443,0.9328431487083436,0.9342294931411744,0.9153339862823486,0.9539215564727784,0.9719030857086182,0.9450160264968872,0.9448935985565186,0.9402397274971008,0.9495937824249268,0.983703911304474,True,5.0
Inle,Valsequillo,T-Inl_V-Val_15px_2026-07-22,15,inner,7,0.1484060600112962,0.5220879252123483,0.8088235259056091,0.7716627717018127,0.957848846912384,0.6460784077644348,0.9521097540855408,0.9506955146789552,0.9504426121711732,0.9484808444976808,0.9524125456809998,0.9854641556739808,True,5.0
Inle,Valsequillo,T-Inl_V-Val_15px_2026-07-22,15,inner,8,0.1460507413669372,0.1516902534546805,0.9480392336845398,0.9481915831565856,0.9454191327095032,0.9509803652763368,0.9823163747787476,0.9499547481536864,0.949685513973236,0.9479596614837646,0.9514176845550536,0.985833466053009,True,5.0
Inle,Valsequillo,T-Inl_V-Val_15px_2026-07-22,15,inner,9,0.1347376419022324,0.6139366380194677,0.7666666507720947,0.7021276354789734,0.970588207244873,0.550000011920929,0.970605492591858,0.9550580382347108,0.954972803592682,0.9499589800834656,0.9600397944450378,0.9877068996429444,True,5.0
Inle,Valsequillo,T-Inl_V-Val_15px_2026-07-22,15,inner,10,0.148655522729705,0.2166725699223724,0.9426470398902892,0.9430102109909058,0.937076449394226,0.9490196108818054,0.973360240459442,0.9506955146789552,0.950606107711792,0.94553804397583,0.9557287096977234,0.9845942854881288,True,5.0
Inle,Valsequillo,T-Inl_V-Val_15px_2026-07-22,15,inner,11,0.1290136514654256,0.2060532039652268,0.92254900932312,0.9189743399620056,0.9634408354759216,0.8784313797950745,0.9827104806900024,0.956786572933197,0.9566652774810792,0.9524983763694764,0.9608688354492188,0.988338828086853,True,5.0
Inle,Valsequillo,T-Inl_V-Val_15px_2026-07-22,15,inner,12,0.1265089668511991,0.3857084568863844,0.845588207244873,0.8207171559333801,0.9782903790473938,0.70686274766922,0.982598066329956,0.9588443636894226,0.9587458968162536,0.9541796445846558,0.9633560180664062,0.9887137413024902,True,5.0
Inle,Valsequillo,T-Inl_V-Val_15px_2026-07-22,15,inner,13,0.1225113669193098,0.1861913378916534,0.9397059082984924,0.9390183687210084,0.949849545955658,0.9284313917160034,0.976961612701416,0.959091305732727,0.9590710401535034,0.9527159929275512,0.9655115008354188,0.9895524978637696,True,5.0
Inle,Valsequillo,T-Inl_V-Val_15px_2026-07-22,15,inner,14,0.1307667577089581,0.154395231648403,0.9485294222831726,0.9486050009727478,0.9472140669822692,0.949999988079071,0.9831833839416504,0.9580212235450744,0.957913875579834,0.9535074830055236,0.9623611569404602,0.9879482984542848,True,5.0
Inle,Valsequillo,T-Inl_V-Val_15px_2026-07-22,15,inner,15,0.1298429053995833,0.213862611630968,0.9254902005195618,0.922764241695404,0.9578059315681458,0.8901960849761963,0.976370096206665,0.95777428150177,0.9576697945594788,0.953186571598053,0.9621953368186952,0.9881107807159424,True,5.0
Inle,RawaPening,T-Inl_V-Raw_15px_2026-07-22,15,inner,1,0.3665165573962554,0.3153087377965033,0.8806194067001343,0.8905176520347595,0.8230313062667847,0.970059871673584,0.9635698795318604,0.8408139944076538,0.8373574614524841,0.8494641780853271,0.8255910277366638,0.917405128479004,True,13.0
Inle,RawaPening,T-Inl_V-Raw_15px_2026-07-22,15,inner,2,0.2651091711871528,0.4202543390499842,0.7832167744636536,0.7385542392730713,0.931610941886902,0.6117764711380005,0.9559920430183412,0.901124119758606,0.9002235531806946,0.9017916321754456,0.8986609578132629,0.9571391344070436,True,13.0
Inle,RawaPening,T-Inl_V-Raw_15px_2026-07-22,15,inner,3,0.2097806555231298,0.302098833954894,0.9030969142913818,0.9114155173301696,0.8400673270225525,0.9960079789161682,0.9915668964385986,0.9292688965797424,0.9285358786582948,0.9313154816627502,0.9257728457450868,0.9716918468475342,True,13.0
Inle,RawaPening,T-Inl_V-Raw_15px_2026-07-22,15,inner,4,0.1907779549450951,0.1768721661918408,0.9395604133605956,0.9417428970336914,0.90976744890213,0.976047933101654,0.9823083877563475,0.9354230165481568,0.9346508383750916,0.9389389157295228,0.9304017424583436,0.9769160151481628,True,13.0
Inle,RawaPening,T-Inl_V-Raw_15px_2026-07-22,15,inner,5,0.1890197045898735,0.3015786295851597,0.9230769276618958,0.9273585081100464,0.8792486786842346,0.9810379147529602,0.9744226932525636,0.938541054725647,0.9381349682807922,0.9374380707740784,0.9388328790664672,0.975695252418518,True,13.0
Inle,RawaPening,T-Inl_V-Raw_15px_2026-07-22,15,inner,6,0.1650066175501507,0.2984974759441989,0.9050949215888976,0.9130832552909852,0.8429054021835327,0.9960079789161682,0.9935604333877563,0.945597767829895,0.9451839327812196,0.9454184770584106,0.9449495673179626,0.981436252593994,True,13.0
Inle,RawaPening,T-Inl_V-Raw_15px_2026-07-22,15,inner,7,0.1569980782623061,0.1630345574774584,0.942057967185974,0.945075750350952,0.8990991115570068,0.9960079789161682,0.9903258085250854,0.9490440487861632,0.9486819505691528,0.948446810245514,0.9489171504974364,0.9827572107315063,True,13.0
Inle,RawaPening,T-Inl_V-Raw_15px_2026-07-22,15,inner,8,0.1518226064710432,0.298894333121898,0.8951048851013184,0.904891312122345,0.8283582329750061,0.9970059990882874,0.9945648908615112,0.9520800709724426,0.9518628716468812,0.9492027163505554,0.9545379281044006,0.9834405779838562,True,13.0
Inle,RawaPening,T-Inl_V-Raw_15px_2026-07-22,15,inner,9,0.1541258188226982,0.2105158844462165,0.9535464644432068,0.9527679085731506,0.9700103402137756,0.9361277222633362,0.98974347114563,0.9500287175178528,0.9496652483940125,0.9495867490768432,0.9497437477111816,0.9835153818130492,True,13.0
Inle,RawaPening,T-Inl_V-Raw_15px_2026-07-22,15,inner,10,0.1566559448113778,0.2372001381693305,0.942557454109192,0.9403836131095886,0.9784250259399414,0.9051896333694458,0.9892963767051696,0.9494543075561525,0.9491329193115234,0.948193371295929,0.9500743746757508,0.9833176136016846,True,13.0
Inle,RawaPening,T-Inl_V-Raw_15px_2026-07-22,15,inner,11,0.1283842784558092,0.163324056533756,0.9500499367713928,0.9488752484321594,0.9727463126182556,0.9261476993560792,0.9911067485809326,0.9560186862945556,0.955717146396637,0.9552435874938964,0.9561911225318908,0.9890326261520386,True,13.0
Inle,RawaPening,T-Inl_V-Raw_15px_2026-07-22,15,inner,12,0.1287973527847385,0.4027606494553558,0.8656343817710876,0.881445586681366,0.7892659902572632,0.9980040192604064,0.9919865131378174,0.957413613796234,0.9571605324745178,0.955819308757782,0.9585055112838744,0.9886727333068848,True,13.0
Inle,RawaPening,T-Inl_V-Raw_15px_2026-07-22,15,inner,13,0.1297790489982637,0.0989668108039088,0.9655344486236572,0.9660266041755676,0.9533527493476868,0.9790419340133668,0.9939860105514526,0.958972692489624,0.9586981534957886,0.9580650329589844,0.9593321084976196,0.9879339933395386,True,13.0
Inle,RawaPening,T-Inl_V-Raw_15px_2026-07-22,15,inner,14,0.12651771089227,0.1530656274054553,0.942557454109192,0.9454200267791748,0.9013574719429016,0.9940119981765748,0.9937036037445068,0.959382951259613,0.9591415524482728,0.9577975869178772,0.9604893326759338,0.9891268610954284,True,13.0
Inle,RawaPening,T-Inl_V-Raw_15px_2026-07-22,15,inner,15,0.1267613432307997,0.1239493451900891,0.9540459513664246,0.9558117389678956,0.9212962985038756,0.9930139780044556,0.9941726922988892,0.9574956893920898,0.9572466015815736,0.9558265805244446,0.9586708545684814,0.989138126373291,True,13.0
Inle,RawaPening,T-Inl_V-Raw_15px_2026-07-22,15,inner,16,0.1154358841609043,0.1218365629414816,0.9525474309921264,0.9529935717582704,0.9450441598892212,0.961077868938446,0.9915987849235536,0.9615163803100586,0.9613323211669922,0.9588815569877625,0.9637956619262696,0.9908454418182372,True,13.0
Inle,RawaPening,T-Inl_V-Raw_15px_2026-07-22,15,inner,17,0.1226480960664986,0.2269592383107939,0.9165834188461304,0.9227924346923828,0.859603762626648,0.9960079789161682,0.993737518787384,0.959793210029602,0.9595709443092346,0.9578323364257812,0.961315929889679,0.9893795251846312,True,13.0
Inle,RawaPening,T-Inl_V-Raw_15px_2026-07-22,15,inner,18,0.1122337170293712,0.1368955969959348,0.9520479440689088,0.9539788961410522,0.9178966879844666,0.9930139780044556,0.993382215499878,0.9632394909858704,0.9631397128105164,0.9587223529815674,0.9675979614257812,0.990983247756958,True,13.0
Inle,RawaPening,T-Inl_V-Raw_15px_2026-07-22,15,inner,19,0.1147096092105303,0.230131823476497,0.9110888838768004,0.918273627758026,0.8503401279449463,0.9980040192604064,0.99200701713562,0.962583065032959,0.9623762369155884,0.9606325030326844,0.9641262888908386,0.9908540844917296,True,13.0
Inle,RawaPening,T-Inl_V-Raw_15px_2026-07-22,15,inner,20,0.1122364996543243,0.121633313402727,0.9580419659614564,0.9582919478416444,0.953557312488556,0.9630738496780396,0.9917355179786682,0.9640600681304932,0.96391499042511,0.9607489109039308,0.9671019911766052,0.9908831119537354,True,13.0
Inle,RawaPening,T-Inl_V-Raw_15px_2026-07-22,15,inner,21,0.1122289828774554,0.1528373562194012,0.948051929473877,0.9504289627075196,0.9096715450286864,0.9950099587440492,0.9932624697685242,0.9641421437263488,0.9639111161231996,0.963036298751831,0.9647875428199768,0.9911098480224608,True,13.0
Inle,RawaPening,T-Inl_V-Raw_15px_2026-07-22,15,inner,22,0.1086585136189906,0.1070735120436885,0.964035987854004,0.9648093581199646,0.9454023241996764,0.985029935836792,0.9935099482536316,0.9664396643638612,0.9663069248199464,0.9630541801452636,0.9695817232131958,0.9915965795516968,True,13.0
Inle,RawaPening,T-Inl_V-Raw_15px_2026-07-22,15,inner,23,0.1087666186236216,0.1646540497506891,0.9410589337348938,0.9441816210746764,0.8974820375442505,0.9960079789161682,0.9920963048934937,0.9647164940834044,0.9645506739616394,0.9620128273963928,0.9671019911766052,0.9914935827255248,True,13.0
Inle,Winam,T-Inl_V-Win_15px_2026-07-22,15,inner,1,0.3414922508428681,0.3648410133866984,0.8824412226676941,0.8832588195800781,0.8775913119316101,0.8889999985694885,0.9184624552726746,0.8543888330459595,0.8504255414009094,0.8676065802574158,0.8339117765426636,0.9289219975471495,True,15.0
Inle,Winam,T-Inl_V-Win_15px_2026-07-22,15,inner,2,0.2347897388487198,0.3760655388541672,0.877938985824585,0.8905829787254333,0.8073170781135559,0.9929999709129332,0.939050018787384,0.9169811606407166,0.9159886837005616,0.92026686668396,0.9117501378059388,0.9651862382888794,True,15.0
Inle,Winam,T-Inl_V-Win_15px_2026-07-22,15,inner,3,0.212370716938726,0.4520623999433019,0.907453715801239,0.915331780910492,0.8438818454742432,1.0,0.9223017692565918,0.926086962223053,0.9255310297012328,0.9257605671882628,0.9253016114234924,0.9710842967033386,True,15.0
Inle,Winam,T-Inl_V-Win_15px_2026-07-22,15,inner,4,0.1971198786370963,0.2733588823391727,0.9229614734649658,0.9236111044883728,0.9163385629653932,0.930999994277954,0.938721239566803,0.9301886558532716,0.9296287298202516,0.9303210973739624,0.9289373755455016,0.9752097725868224,True,15.0
Inle,Winam,T-Inl_V-Win_15px_2026-07-22,15,inner,5,0.1950000700107649,0.392941737739407,0.8884442448616028,0.8984979391098022,0.8245614171028137,0.9869999885559082,0.9412533044815063,0.9337161779403688,0.9335635304450988,0.9289805293083192,0.9381920099258424,0.9751166105270386,True,15.0
Inle,Winam,T-Inl_V-Win_15px_2026-07-22,15,inner,6,0.1679806670734782,0.4139666471231063,0.9244622588157654,0.9272989630699158,0.89415043592453,0.9629999995231628,0.936042070388794,0.9425758719444276,0.9423773288726808,0.9388223886489868,0.9459593296051024,0.981825351715088,True,15.0
Inle,Winam,T-Inl_V-Win_15px_2026-07-22,15,inner,7,0.1618257895466536,0.3182141687264437,0.9154577255249025,0.9218677878379822,0.8572657108306885,0.996999979019165,0.9328508377075196,0.9449548721313475,0.944421410560608,0.9466954469680786,0.942158341407776,0.9828106164932252,True,15.0
Inle,Winam,T-Inl_V-Win_15px_2026-07-22,15,inner,8,0.1592462423006172,0.5333562141098921,0.9299649596214294,0.934272289276123,0.8805309534072876,0.9950000047683716,0.9399089813232422,0.9461854100227356,0.9459815621376038,0.9427211284637452,0.9492645859718324,0.9831705093383788,True,15.0
Inle,Winam,T-Inl_V-Win_15px_2026-07-22,15,inner,9,0.1523292513877471,0.231561994930173,0.941470742225647,0.9419354796409608,0.9349753856658936,0.9490000009536744,0.9505595564842224,0.9495487809181212,0.9493201375007628,0.9467455744743348,0.9519087672233582,0.9843186140060424,True,15.0
Inle,Winam,T-Inl_V-Win_15px_2026-07-22,15,inner,10,0.1614849385470029,0.276412543564897,0.9384692311286926,0.9413447976112366,0.8997265100479126,0.9869999885559082,0.9608218669891356,0.9442986249923706,0.9440184831619264,0.9419217109680176,0.9461246132850648,0.9827734231948853,True,15.0
Inle,Winam,T-Inl_V-Win_15px_2026-07-22,15,inner,11,0.1425610097854033,0.2135659706745745,0.9539769887924194,0.9548577070236206,0.9373795986175536,0.9729999899864196,0.960668683052063,0.9511895179748536,0.9510086178779602,0.9476534128189088,0.9543877243995668,0.9860589504241944,True,15.0
Inle,Winam,T-Inl_V-Win_15px_2026-07-22,15,inner,12,0.1393315267083682,0.2465738197099072,0.9469735026359558,0.9490874409675598,0.9131238460540771,0.9879999756813048,0.961251735687256,0.9511895179748536,0.9509682655334472,0.9483892321586608,0.9535613656044006,0.9873019456863404,True,15.0
Inle,Winam,T-Inl_V-Win_15px_2026-07-22,15,inner,13,0.1370244667850819,0.2402267787044587,0.9469735026359558,0.9493792057037354,0.9085923433303832,0.9940000176429749,0.9531571865081788,0.952912211418152,0.9528037905693054,0.9481263160705566,0.9575276970863342,0.9874531030654908,True,15.0
Inle,Winam,T-Inl_V-Win_15px_2026-07-22,15,inner,14,0.1382816628416216,0.2456731729033781,0.9479739665985109,0.9498553276062012,0.9171321988105774,0.9850000143051147,0.9559990167617798,0.9543888568878174,0.9542387127876282,0.9504836797714232,0.958023488521576,0.9867167472839355,True,15.0
Inle,Winam,T-Inl_V-Win_15px_2026-07-22,15,inner,15,0.1371045101926012,0.1893565166954057,0.9509754776954652,0.9522417187690736,0.928707242012024,0.9769999980926514,0.964919924736023,0.953404426574707,0.953150749206543,0.9514243602752686,0.9548835158348083,0.9871116876602172,True,15.0
Inle,Winam,T-Inl_V-Win_15px_2026-07-22,15,inner,16,0.1271510848923723,0.2333358755836514,0.9499750137329102,0.9510284066200256,0.9318618178367616,0.9710000157356262,0.9639529585838318,0.9594749808311462,0.9593214988708496,0.9560151100158693,0.9626507759094238,0.988596498966217,True,15.0
Inle,Winam,T-Inl_V-Win_15px_2026-07-22,15,inner,17,0.1272445992979972,0.2356010058673686,0.9289644956588744,0.927845537662506,0.943181812763214,0.912999987602234,0.9591912031173706,0.9573420882225036,0.9572086930274964,0.953286349773407,0.9611634612083436,0.988484263420105,True,15.0
Inle,Winam,T-Inl_V-Win_15px_2026-07-22,15,inner,18,0.1266454498185008,0.2238779048178682,0.9429714679718018,0.9438976645469666,0.9292635917663574,0.9589999914169312,0.9536596536636353,0.9579983353614808,0.9578808546066284,0.9536445736885072,0.9621550440788268,0.9891370534896852,True,15.0
Inle,Winam,T-Inl_V-Win_15px_2026-07-22,15,inner,19,0.1260822475421027,0.2374667649370724,0.9504752159118652,0.952197015285492,0.920634925365448,0.9860000014305116,0.9606311321258544,0.957177996635437,0.9569875001907348,0.95431387424469,0.9596760869026184,0.9890350103378296,True,15.0
Inle,Winam,T-Inl_V-Win_15px_2026-07-22,15,inner,20,0.127645961151835,0.2005706001669466,0.9514757394790648,0.9526598453521729,0.9304099082946776,0.9760000109672546,0.9681971669197084,0.9586546421051024,0.9584706425666808,0.9557929039001464,0.9611634612083436,0.9885428547859192,True,15.0
Inle,Winam,T-Inl_V-Win_15px_2026-07-22,15,inner,21,0.119621520677094,0.1963385788455005,0.9554777145385742,0.9563938975334167,0.9375600218772888,0.9760000109672546,0.9659249782562256,0.9601312279701232,0.9599406719207764,0.9575727581977844,0.9623202681541444,0.9897620677947998,True,15.0
Inle,Winam,T-Inl_V-Win_15px_2026-07-22,15,inner,22,0.1188255957702909,0.2145104160043865,0.9524762630462646,0.9536359310150146,0.9313632249832152,0.9769999980926514,0.9655795693397522,0.9604594111442566,0.9603292346000672,0.9565502405166626,0.9641381502151488,0.9900304079055786,True,15.0
Inle,Winam,T-Inl_V-Win_15px_2026-07-22,15,inner,23,0.1153944529183483,0.230905703740896,0.9489744901657104,0.9505813717842102,0.9219924807548524,0.9810000061988832,0.96415114402771,0.9638227820396424,0.9636528491973876,0.9611969590187072,0.9661213159561156,0.9906632900238036,True,15.0
Inle,Winam,T-Inl_V-Win_15px_2026-07-22,15,inner,24,0.1112781300395115,0.2301323913324768,0.9399699568748474,0.9406528472900392,0.9305284023284912,0.9509999752044678,0.9567287564277648,0.9630024433135986,0.962797999382019,0.961133062839508,0.9644686579704284,0.9917539358139038,True,15.0
Inle,Winam,T-Inl_V-Win_15px_2026-07-22,15,inner,25,0.1179277537615207,0.2141752466114481,0.9479739665985109,0.9496611952781676,0.9202626347541808,0.9810000061988832,0.9615875482559204,0.9592288732528688,0.9591047763824464,0.9550966620445251,0.9631465673446656,0.9906718730926514,True,15.0
Inle,,Test_Inl_outer_15px_2026-07-22,15,outer,1,0.3543128467404705,,,,,,,0.852702796459198,0.8498347401618958,0.8612203001976013,0.8387462496757507,0.9234598278999328,True,
Inle,,Test_Inl_outer_15px_2026-07-22,15,outer,2,0.222290090374836,,,,,,,0.9216294288635254,0.9212129712104796,0.9204304218292236,0.9219968914985656,0.9686542749404908,True,
Inle,,Test_Inl_outer_15px_2026-07-22,15,outer,3,0.2023841765344214,,,,,,,0.929804801940918,0.9295116662979126,0.9276733994483948,0.9313572645187378,0.9730267524719238,True,
Inle,,Test_Inl_outer_15px_2026-07-22,15,outer,4,0.1937571566325345,,,,,,,0.935513436794281,0.9351845383644104,0.934191882610321,0.9361792802810668,0.975029468536377,True,
Inle,,Test_Inl_outer_15px_2026-07-22,15,outer,5,0.1912646257526691,,,,,,,0.9370639324188232,0.9369750618934632,0.9325653314590454,0.9414267539978028,0.9750739336013794,True,
Inle,,Test_Inl_outer_15px_2026-07-22,15,outer,6,0.1566581400562243,,,,,,,0.9477764368057252,0.947576940059662,0.945369839668274,0.949794352054596,0.983595073223114,True,
Inle,,Test_Inl_outer_15px_2026-07-22,15,outer,7,0.1590943863078877,,,,,,,0.9470716714859008,0.946944534778595,0.943412184715271,0.9505034685134888,0.9824841022491456,True,
Inle,,Test_Inl_outer_15px_2026-07-22,15,outer,8,0.1547633834722489,,,,,,,0.948269784450531,0.9480611085891724,0.9460527896881104,0.950078010559082,0.983381986618042,True,
Inle,,Test_Inl_outer_15px_2026-07-22,15,outer,9,0.1510194413339254,,,,,,,0.9517231583595276,0.951586663722992,0.948436200618744,0.9547581672668456,0.98396098613739,True,
Inle,,Test_Inl_outer_15px_2026-07-22,15,outer,10,0.1525830814981277,,,,,,,0.951300323009491,0.9511695504188538,0.9478873014450072,0.9544745683670044,0.9834871888160706,True,
Inle,,Test_Inl_outer_15px_2026-07-22,15,outer,11,0.1335819307723889,,,,,,,0.95750230550766,0.9573278427124025,0.9553672075271606,0.9592965245246888,0.9874078035354614,True,
Inle,,Test_Inl_outer_15px_2026-07-22,15,outer,12,0.1392920370489953,,,,,,,0.9535555839538574,0.9533781409263612,0.9511575102806092,0.955609142780304,0.9867708086967468,True,
Inle,,Test_Inl_outer_15px_2026-07-22,15,outer,13,0.1347785721809266,,,,,,,0.9553879499435424,0.9552871584892272,0.9515901803970336,0.9590129256248474,0.9875614643096924,True,
Vembanad,Hartbeespoort,T-Vem_V-Har_15px_2026-07-22,15,inner,1,0.281225449464685,0.1752654907154286,0.9645669460296632,0.964143455028534,0.962226629257202,0.9660678505897522,0.9866645336151124,0.8848210573196411,0.8839330077171326,0.8862842917442322,0.881594181060791,0.9526339769363404,True,12.0
Vembanad,Hartbeespoort,T-Vem_V-Har_15px_2026-07-22,15,inner,2,0.1609672907618817,0.1517720908571885,0.9311023354530334,0.926931083202362,0.9715536236763,0.886227548122406,0.990083873271942,0.9424927830696106,0.9422838687896729,0.940963089466095,0.9436084032058716,0.9835327863693236,True,12.0
Vembanad,Hartbeespoort,T-Vem_V-Har_15px_2026-07-22,15,inner,3,0.1392761961808669,0.2376132493354673,0.9015747904777528,0.893048107624054,0.9619815945625304,0.8333333134651184,0.9722719192504884,0.9526121020317078,0.9523730874061584,0.9523730874061584,0.9523730874061584,0.9869927167892456,True,12.0
Vembanad,Hartbeespoort,T-Vem_V-Har_15px_2026-07-22,15,inner,4,0.1225083284126,0.1845860550048079,0.9379921555519104,0.9341003894805908,0.9813186526298524,0.8912175893783569,0.9871102571487428,0.9573014974594116,0.9571393132209778,0.9559551477432252,0.9583264589309692,0.9897850155830384,True,12.0
Vembanad,Hartbeespoort,T-Vem_V-Har_15px_2026-07-22,15,inner,5,0.1085822845182022,0.1639504252280306,0.938484251499176,0.934657633304596,0.9813392162322998,0.8922155499458313,0.9917030334472656,0.9618263840675354,0.9616782069206238,0.9605675339698792,0.9627914428710938,0.9919509887695312,True,12.0
Vembanad,Hartbeespoort,T-Vem_V-Har_15px_2026-07-22,15,inner,6,0.0950990215912369,0.1083395330998019,0.9566929340362548,0.9551478028297424,0.9760416746139526,0.9351297616958618,0.9920411705970764,0.9679144620895386,0.967795193195343,0.966518223285675,0.9690755605697632,0.9935569763183594,True,12.0
Vembanad,Hartbeespoort,T-Vem_V-Har_15px_2026-07-22,15,inner,7,0.0889521797085338,0.1025894872668221,0.9680117964744568,0.9674837589263916,0.9699097275733948,0.9650698900222778,0.9905199408531188,0.969724416732788,0.969606876373291,0.968487024307251,0.9707292914390564,0.9944201707839966,True,12.0
Vembanad,Hartbeespoort,T-Vem_V-Har_15px_2026-07-22,15,inner,8,0.083173488397404,0.09701965872554,0.9611220359802246,0.9599187970161438,0.9762641787528992,0.9441117644309998,0.9934431314468384,0.9729329347610474,0.972843587398529,0.9711601734161376,0.9745328426361084,0.994990348815918,True,12.0
Vembanad,Hartbeespoort,T-Vem_V-Har_15px_2026-07-22,15,inner,9,0.0826255300122492,0.0996442415795516,0.9665354490280152,0.9655521512031556,0.9804526567459106,0.9510977864265442,0.9927746057510376,0.9719457030296326,0.9718298316001892,0.9709475040435792,0.9727137684822084,0.9951956272125244,True,12.0
Vembanad,Hartbeespoort,T-Vem_V-Har_15px_2026-07-22,15,inner,10,0.0837334033112524,0.1103184185335486,0.9586614370346068,0.957317054271698,0.9751552939414978,0.940119743347168,0.9918628334999084,0.9722747802734376,0.9721832275390624,0.9705010056495668,0.9738713502883912,0.9947060346603394,True,12.0
Vembanad,Hartbeespoort,T-Vem_V-Har_15px_2026-07-22,15,inner,11,0.0712326168192604,0.1127906107145735,0.9571850299835204,0.9558151364326476,0.97311270236969,0.9391217827796936,0.9908609986305236,0.9751542806625366,0.9750413298606871,0.9745580554008484,0.9755250811576844,0.9963717460632324,True,12.0
Vembanad,Hartbeespoort,T-Vem_V-Har_15px_2026-07-22,15,inner,12,0.0658524996916338,0.0752504307421026,0.9763779640197754,0.9760000109672546,0.9779559373855592,0.9740518927574158,0.994442105293274,0.9773755669593812,0.9772708415985109,0.976867139339447,0.9776749014854432,0.9967933893203736,True,12.0
Vembanad,Hartbeespoort,T-Vem_V-Har_15px_2026-07-22,15,inner,13,0.0666601589000897,0.1267572290568399,0.9630905389785768,0.9625561833381652,0.9630369544029236,0.9620758295059204,0.9873834848403932,0.9789386987686156,0.9788604378700256,0.9775688648223876,0.9801554679870604,0.996577262878418,True,12.0
Vembanad,Hartbeespoort,T-Vem_V-Har_15px_2026-07-22,15,inner,14,0.065562849132944,0.1121120395993183,0.9601377844810486,0.9584828019142152,0.9852476119995116,0.9331337213516236,0.9933792352676392,0.9758124351501464,0.9757145047187804,0.9747483134269714,0.9766826629638672,0.9970729947090148,True,12.0
Vembanad,Hartbeespoort,T-Vem_V-Har_15px_2026-07-22,15,inner,15,0.0622849171837935,0.1064274162351975,0.9640747904777528,0.9632241725921632,0.9725330471992492,0.9540917873382568,0.9920799732208252,0.9790209531784058,0.9789273738861084,0.978361427783966,0.9794939756393432,0.997090220451355,True,12.0
Vembanad,Hartbeespoort,T-Vem_V-Har_15px_2026-07-22,15,inner,16,0.0565700752261439,0.142738824064924,0.9488189220428468,0.94644695520401,0.9776595830917358,0.9171656966209412,0.9898310303688048,0.9800082445144652,0.9799422025680542,0.9782465100288392,0.981643795967102,0.9977164268493652,True,12.0
Vembanad,Hartbeespoort,T-Vem_V-Har_15px_2026-07-22,15,inner,17,0.0562032088171499,0.1219524075020486,0.9591535329818726,0.9576746821403505,0.9791449308395386,0.9371257424354552,0.9912350177764891,0.981242299079895,0.9811819195747375,0.979403555393219,0.9829667806625366,0.997600257396698,True,12.0
Vembanad,Hartbeespoort,T-Vem_V-Har_15px_2026-07-22,15,inner,18,0.0523932473878833,0.0985905084718664,0.9680117964744568,0.9672213792800904,0.9775739312171936,0.9570858478546144,0.9926864504814148,0.9824763536453248,0.9824039936065674,0.9815120697021484,0.9832975268363952,0.9978941679000854,True,12.0
Vembanad,Hartbeespoort,T-Vem_V-Har_15px_2026-07-22,15,inner,19,0.0523157196978343,0.1112732245040485,0.9640747904777528,0.9631870985031128,0.973496437072754,0.9530938267707824,0.990353226661682,0.9820650219917296,0.9819775223731996,0.9818151593208312,0.9821398854255676,0.9980040192604064,True,12.0
Vembanad,Hartbeespoort,T-Vem_V-Har_15px_2026-07-22,15,inner,20,0.0550431760537531,0.1290773762267185,0.9557086825370787,0.9538934230804444,0.9800000190734864,0.9291417002677916,0.9913183450698853,0.98091322183609,0.9808105826377868,0.9811351895332336,0.9804862141609192,0.9976819753646852,True,12.0
Vembanad,Hartbeespoort,T-Vem_V-Har_15px_2026-07-22,15,inner,21,0.0495030384500028,0.1035181897450385,0.9645669460296632,0.9635258316993712,0.9783950448036194,0.9491018056869508,0.9929733276367188,0.9838749766349792,0.9838097095489502,0.9828354716300964,0.9847858548164368,0.9981176853179932,True,12.0
Vembanad,Hartbeespoort,T-Vem_V-Har_15px_2026-07-22,15,inner,22,0.0499929385594579,0.1288335140305021,0.9581692814826964,0.9567869901657104,0.9751295447349548,0.9391217827796936,0.9899550676345824,0.9834635853767396,0.9833815693855286,0.9833002686500548,0.9834628701210022,0.9980162382125854,True,12.0
Vembanad,Rodman,T-Vem_V-Rod_15px_2026-07-22,15,inner,1,0.2627337483539655,0.2611462509188432,0.9231145977973938,0.9280806183815002,0.8725236654281616,0.99119371175766,0.9825966358184814,0.8910662531852722,0.8893164992332458,0.8968950510025024,0.8818649649620056,0.9579691886901855,True,20.0
Vembanad,Rodman,T-Vem_V-Rod_15px_2026-07-22,15,inner,2,0.1507398674092012,0.3740612394910718,0.9020568132400512,0.906454622745514,0.8682795763015747,0.9481409192085266,0.953920602798462,0.9462330341339112,0.9459481835365297,0.9438387751579284,0.9480670094490052,0.9850128889083862,True,20.0
Vembanad,Rodman,T-Vem_V-Rod_15px_2026-07-22,15,inner,3,0.1210996641058546,0.2668068845638682,0.9309500455856324,0.9304390549659728,0.9383084774017334,0.922700583934784,0.9611287117004396,0.9580073952674866,0.9578582048416138,0.9540740847587584,0.9616724848747252,0.9898474216461182,True,20.0
Vembanad,Rodman,T-Vem_V-Rod_15px_2026-07-22,15,inner,4,0.1107117223673369,0.2895961859784327,0.8981390595436096,0.8997107148170471,0.8868821263313293,0.912915825843811,0.9508394002914428,0.9630300402641296,0.962815761566162,0.961144208908081,0.9644930958747864,0.991229772567749,True,20.0
Vembanad,Rodman,T-Vem_V-Rod_15px_2026-07-22,15,inner,5,0.1037627902444791,0.2731112484600355,0.9138100147247314,0.9160305261611938,0.8938547372817993,0.9393346309661864,0.9584887623786926,0.9647591710090636,0.9645754098892212,0.9623451828956604,0.9668160080909728,0.9924710392951964,True,20.0
Vembanad,Rodman,T-Vem_V-Rod_15px_2026-07-22,15,inner,6,0.086245000366077,0.2497589615895162,0.9226248860359192,0.9246901869773864,0.9014869928359984,0.9491193890571594,0.9705450534820556,0.971181571483612,0.9710168838500975,0.9692510962486268,0.9727891087532043,0.99430513381958,True,20.0
Vembanad,Rodman,T-Vem_V-Rod_15px_2026-07-22,15,inner,7,0.079403247645285,0.2145096571508514,0.9280117750167848,0.9295639395713806,0.9107981324195862,0.9491193890571594,0.9749280214309692,0.9734047055244446,0.9732682108879088,0.9709379076957704,0.9756097793579102,0.9952916502952576,True,20.0
Vembanad,Rodman,T-Vem_V-Rod_15px_2026-07-22,15,inner,8,0.0780684992471635,0.1983764749841288,0.928991198539734,0.929025948047638,0.9294809103012084,0.9285714030265808,0.9751358032226562,0.973898708820343,0.973786473274231,0.9706560969352722,0.9769371151924132,0.9954577684402466,True,20.0
Vembanad,Rodman,T-Vem_V-Rod_15px_2026-07-22,15,inner,9,0.0735218840120946,0.2364035074350065,0.9294809103012084,0.93213951587677,0.8990908861160278,0.9677103757858276,0.9777368307113647,0.97628653049469,0.9761589169502258,0.974062442779541,0.9782644510269164,0.995780110359192,True,20.0
Vembanad,Rodman,T-Vem_V-Rod_15px_2026-07-22,15,inner,10,0.0737999115334022,0.1463555018622774,0.9520078301429749,0.9524272084236144,0.9450867176055908,0.9598825573921204,0.9891332387924194,0.9760395288467408,0.975956380367279,0.9720210433006288,0.979923665523529,0.995984435081482,True,20.0
Vembanad,Rodman,T-Vem_V-Rod_15px_2026-07-22,15,inner,11,0.0626579884481116,0.1850324767576959,0.9382957816123962,0.938953459262848,0.9299424290657043,0.9481409192085266,0.9784755110740662,0.9795800447463988,0.9794837832450868,0.9767364859580994,0.9822465777397156,0.9969838857650756,True,20.0
Vembanad,Rodman,T-Vem_V-Rod_15px_2026-07-22,15,inner,12,0.0619566907898395,0.2888801993763878,0.9094025492668152,0.9091801643371582,0.9123152494430542,0.9060665369033812,0.9705191850662231,0.9784273505210876,0.978325605392456,0.9755815863609314,0.9810851216316224,0.9970218539237976,True,20.0
Vembanad,Rodman,T-Vem_V-Rod_15px_2026-07-22,15,inner,13,0.0605113881796954,0.2215552794857427,0.9363369345664978,0.9386792182922364,0.9061930775642396,0.9735811948776244,0.9771550893783568,0.9802387952804564,0.9801751375198364,0.975982904434204,0.9844034910202026,0.9971261620521544,True,20.0
Vembanad,Rodman,T-Vem_V-Rod_15px_2026-07-22,15,inner,14,0.058413931086641,0.1625800751565602,0.9485798478126526,0.9495434761047364,0.9329556226730348,0.9667319059371948,0.9856135845184326,0.9794154167175292,0.9793183207511902,0.9765715003013612,0.9820806384086608,0.9973437786102296,True,20.0
Vembanad,Rodman,T-Vem_V-Rod_15px_2026-07-22,15,inner,15,0.0581718055762967,0.1988840995467725,0.9412341117858888,0.9423630833625792,0.9254717230796814,0.9598825573921204,0.9748350381851196,0.9792507290840148,0.9791804552078248,0.9751521944999696,0.9832420945167542,0.997397780418396,True,20.0
Vembanad,Rodman,T-Vem_V-Rod_15px_2026-07-22,15,inner,16,0.054482837916402,0.1898585521159046,0.947110652923584,0.948960304260254,0.917733073234558,0.9823874831199646,0.9826464653015136,0.9809798002243042,0.9808663725852966,0.9793251752853394,0.9824124574661256,0.9976588487625122,True,20.0
Vembanad,Rodman,T-Vem_V-Rod_15px_2026-07-22,15,inner,17,0.0516347589381514,0.1576333288668885,0.9495592713356018,0.9507412910461426,0.9298409819602966,0.9726027250289916,0.9872711896896362,0.9822149276733398,0.9821310639381408,0.9793763160705566,0.984901249408722,0.9979708790779114,True,20.0
Vembanad,Rodman,T-Vem_V-Rod_15px_2026-07-22,15,inner,18,0.0514482645429103,0.2033770400209828,0.9329088926315308,0.9341029524803162,0.9186376333236694,0.9500978589057922,0.9788525104522704,0.9823795557022096,0.9822994470596312,0.9793831706047058,0.9852331280708312,0.9978710412979126,True,20.0
Vembanad,Rodman,T-Vem_V-Rod_15px_2026-07-22,15,inner,19,0.0507197238336182,0.1732074693939945,0.9441723823547364,0.945349931716919,0.926691710948944,0.9647749662399292,0.984971821308136,0.98369699716568,0.9836309552192688,0.9802274107933044,0.9870582222938538,0.997976541519165,True,20.0
Vembanad,Rodman,T-Vem_V-Rod_15px_2026-07-22,15,inner,20,0.0493724978622854,0.1418821758697362,0.950538694858551,0.951325297355652,0.937321960926056,0.965753436088562,0.988322615623474,0.9833676218986512,0.9832975268363952,0.9800560474395752,0.9865604639053344,0.9979897737503052,True,20.0
Vembanad,Rodman,T-Vem_V-Rod_15px_2026-07-22,15,inner,21,0.0452873165391388,0.1655001413518604,0.9456415176391602,0.947016716003418,0.9245107173919678,0.970645785331726,0.9847713708877563,0.9845203757286072,0.9844499826431274,0.9815272688865662,0.9873901009559632,0.9983237981796264,True,20.0
Vembanad,Rodman,T-Vem_V-Rod_15px_2026-07-22,15,inner,22,0.0478037460031161,0.163140995159789,0.9436826705932616,0.944949746131897,0.9250234365463256,0.965753436088562,0.985302209854126,0.9828736186027528,0.982792854309082,0.9800363183021544,0.985564947128296,0.9982503652572632,True,20.0
Vembanad,Rodman,T-Vem_V-Rod_15px_2026-07-22,15,inner,23,0.0444574810236312,0.1620039921782976,0.9456415176391602,0.9466089606285096,0.930936634540558,0.9628180265426636,0.984735369682312,0.9841910004615784,0.9841296076774596,0.9805633425712584,0.9877219200134276,0.9985283613204956,True,20.0
Vembanad,Rodman,T-Vem_V-Rod_15px_2026-07-22,15,inner,24,0.0469372951560958,0.1704738212203886,0.9461312294006348,0.9474689364433287,0.9253731369972228,0.970645785331726,0.9829232692718506,0.9836146831512452,0.9835360050201416,0.9808580875396729,0.98622864484787,0.9983065128326416,True,20.0
Vembanad,Rodman,T-Vem_V-Rod_15px_2026-07-22,15,inner,25,0.0439249629025206,0.2120602277128516,0.9324191808700562,0.93416029214859,0.9115456342697144,0.9579256176948548,0.9746825098991394,0.9855907559394836,0.9855072498321532,0.9837962985038756,0.9872241616249084,0.9985356330871582,True,20.0
Vembanad,Rodman,T-Vem_V-Rod_15px_2026-07-22,15,inner,26,0.0440897812096792,0.1600276804168824,0.9456415176391602,0.9464544057846068,0.9333967566490172,0.9598825573921204,0.984919011592865,0.9850967526435852,0.985022783279419,0.9825024604797364,0.987555980682373,0.9985390901565552,True,20.0
Vembanad,Rodman,T-Vem_V-Rod_15px_2026-07-22,15,inner,27,0.0439377225690071,0.1420344494202928,0.9500489830970764,0.951055645942688,0.933144986629486,0.9696673154830932,0.9881911873817444,0.9845203757286072,0.9844267964363098,0.982961118221283,0.9858968257904052,0.9984513521194458,True,20.0
Vembanad,Rodman,T-Vem_V-Rod_15px_2026-07-22,15,inner,28,0.0428306600040598,0.1561262704337145,0.948090136051178,0.9492822885513306,0.9288389682769777,0.970645785331726,0.98527592420578,0.9844380617141724,0.9843581914901732,0.9820013046264648,0.9867264032363892,0.9986462593078612,True,20.0
Vembanad,Rodman,T-Vem_V-Rod_15px_2026-07-22,15,inner,29,0.0453289471238471,0.1556798933652192,0.9466209411621094,0.9472665786743164,0.9368420839309692,0.9579256176948548,0.9856461882591248,0.98517906665802,0.9851140975952148,0.9820280075073242,0.988219678401947,0.9983128309249878,True,20.0
Vembanad,Rodman,T-Vem_V-Rod_15px_2026-07-22,15,inner,30,0.0441291276682988,0.1633248846981597,0.9431929588317872,0.9441233277320862,0.929791271686554,0.9589040875434875,0.9845117926597596,0.984849750995636,0.9847480058670044,0.9839324355125428,0.985564947128296,0.9984966516494752,True,20.0
Vembanad,Mula,T-Vem_V-Mul_15px_2026-07-22,15,inner,1,0.2476240234831567,0.4516275143358698,0.8045367002487183,0.7668393850326538,0.9073569774627686,0.6640079617500305,0.9099483489990234,0.8998761773109436,0.8988407850265503,0.9064760208129884,0.8913331031799316,0.9630146026611328,True,9.0
Vembanad,Mula,T-Vem_V-Mul_15px_2026-07-22,15,inner,2,0.1417694292553584,0.3269168863425383,0.8619691133499146,0.8433734774589539,0.9356014728546144,0.7676969170570374,0.962109923362732,0.951382577419281,0.9512941241264344,0.9512155055999756,0.9513728022575378,0.986522614955902,True,9.0
Vembanad,Mula,T-Vem_V-Mul_15px_2026-07-22,15,inner,3,0.102582005874165,0.4458850710778623,0.79777991771698,0.7459065914154053,0.9520123600959778,0.6131604909896851,0.9569756984710692,0.965910017490387,0.9658931493759156,0.9645389914512634,0.9672510623931884,0.9927269220352172,True,9.0
Vembanad,Mula,T-Vem_V-Mul_15px_2026-07-22,15,inner,4,0.0908807691216647,0.3128754249180606,0.873552143573761,0.8591398000717163,0.9323220252990724,0.7966101765632629,0.9607706069946288,0.971027672290802,0.9709653258323668,0.9712063670158386,0.9707244634628296,0.9938368797302246,True,9.0
Vembanad,Mula,T-Vem_V-Mul_15px_2026-07-22,15,inner,5,0.0822371058199467,0.270451683507923,0.8967181444168091,0.8905930519104004,0.9139559268951416,0.8683947920799255,0.9585080146789552,0.9719356298446656,0.971947193145752,0.9697069525718688,0.974197804927826,0.9952662587165833,True,9.0
Vembanad,Mula,T-Vem_V-Mul_15px_2026-07-22,15,inner,6,0.0692229978369685,0.2615753074237739,0.8918918967247009,0.8808510899543762,0.9441276788711548,0.8255234360694885,0.970250129699707,0.976970672607422,0.9769554734230042,0.9757465720176696,0.9781673550605774,0.9965672492980956,True,9.0
Vembanad,Mula,T-Vem_V-Mul_15px_2026-07-22,15,inner,7,0.0632326413427214,0.3272050840053779,0.8740347623825073,0.8576104640960693,0.9469879269599916,0.7836490273475647,0.9670370817184448,0.9806851148605348,0.9806483387947084,0.9806483387947084,0.9806483387947084,0.9969444274902344,True,9.0
Vembanad,Mula,T-Vem_V-Mul_15px_2026-07-22,15,inner,8,0.062750537768529,0.3957180112715393,0.8209459185600281,0.7821491360664368,0.9514285922050476,0.6640079617500305,0.968966782093048,0.9795295000076294,0.9795210361480712,0.9780672788619996,0.9809791445732116,0.9968163967132568,True,9.0
Vembanad,Mula,T-Vem_V-Mul_15px_2026-07-22,15,inner,9,0.0602218723818629,0.2394409642544032,0.9068532586097716,0.8986876606941223,0.949002206325531,0.8534396886825562,0.975403904914856,0.9805200099945068,0.9805280566215516,0.978268027305603,0.9827985167503356,0.9972068667411804,True,9.0
Vembanad,Mula,T-Vem_V-Mul_15px_2026-07-22,15,inner,10,0.0578820099711289,0.2949840042121622,0.9005791544914246,0.8899572491645813,0.958573043346405,0.8305084705352783,0.9717265367507936,0.980189859867096,0.9801620244979858,0.9796761274337769,0.9806483387947084,0.9975119829177856,True,9.0
Vembanad,Mula,T-Vem_V-Mul_15px_2026-07-22,15,inner,11,0.0480025211906462,0.2832755894044191,0.9034749269485474,0.8942917585372925,0.9516310691833496,0.8434696197509766,0.972062349319458,0.9831613898277284,0.983140468597412,0.98249089717865,0.983790934085846,0.9983187913894652,True,9.0
Vembanad,Mula,T-Vem_V-Mul_15px_2026-07-22,15,inner,12,0.0450594444582765,0.2502369796389778,0.9160231947898864,0.9110429286956788,0.9349423050880432,0.8883349895477295,0.967462420463562,0.9844820499420166,0.9844730496406556,0.9831738471984864,0.9857757091522216,0.9984620809555054,True,9.0
Vembanad,Mula,T-Vem_V-Mul_15px_2026-07-22,15,inner,13,0.042784678814237,0.3186213761625603,0.8706563711166382,0.8535519242286682,0.9443772435188292,0.7786639928817749,0.9674270153045654,0.9862979650497437,0.9862945675849916,0.9846686720848083,0.9879258871078492,0.9984797239303588,True,9.0
Vembanad,Mula,T-Vem_V-Mul_15px_2026-07-22,15,inner,14,0.0439214996798283,0.2755322032050736,0.8972007632255554,0.887835681438446,0.9408482313156128,0.8404785394668579,0.9679492712020874,0.9852249026298524,0.9852054119110109,0.9846357107162476,0.9857757091522216,0.9985934495925904,True,9.0
Vembanad,Mula,T-Vem_V-Mul_15px_2026-07-22,15,inner,15,0.0409681693020803,0.3850655597436842,0.8344594836235046,0.8045583963394165,0.938829779624939,0.7038883566856384,0.9605337381362916,0.987040877342224,0.9870387315750122,0.9853304624557496,0.9887529015541076,0.9986394047737122,True,9.0
Vembanad,Mula,T-Vem_V-Mul_15px_2026-07-22,15,inner,16,0.0387732692985336,0.3314897208025096,0.8803088665008545,0.8643326163291931,0.9575757384300232,0.7876371145248413,0.9716202020645142,0.9881964325904846,0.9881847500801086,0.98728746175766,0.9890837073326112,0.9988146424293518,True,9.0
Vembanad,Mula,T-Vem_V-Mul_15px_2026-07-22,15,inner,17,0.0371859565475633,0.2509647183781885,0.91361004114151,0.9069162607192992,0.947826087474823,0.8693917989730835,0.9724512100219728,0.987701177597046,0.9877032041549684,0.9856695532798768,0.9897452592849731,0.9988198280334472,True,9.0
Vembanad,Mula,T-Vem_V-Mul_15px_2026-07-22,15,inner,18,0.0348944766200184,0.3404261180160128,0.8687258958816528,0.849723756313324,0.9529120326042176,0.7666999101638794,0.969857096672058,0.987618625164032,0.987591028213501,0.9879179000854492,0.9872643351554872,0.9991406202316284,True,9.0
Vembanad,Mula,T-Vem_V-Mul_15px_2026-07-22,15,inner,19,0.0360985298725971,0.3084781615487857,0.8996139168739319,0.8895965814590454,0.9511918425559998,0.8354935050010681,0.9695767164230348,0.9881138801574708,0.9880991578102112,0.9874463081359864,0.9887529015541076,0.998964548110962,True,9.0
Vembanad,Inle,T-Vem_V-Inl_15px_2026-07-22,15,inner,1,0.2741580117327885,0.3717325649261475,0.8519999980926514,0.8302752375602722,0.9731183052062988,0.7239999771118164,0.9703580141067504,0.8895544409751892,0.8874582052230835,0.8978176116943359,0.8773350715637207,0.954473614692688,True,26.0
Vembanad,Inle,T-Vem_V-Inl_15px_2026-07-22,15,inner,2,0.1627363643136028,0.1876668239533901,0.9185000061988832,0.913802206516266,0.9696969985961914,0.8640000224113464,0.9867839813232422,0.9431361556053162,0.9429394602775574,0.9393044710159302,0.9466027617454528,0.9828982353210448,True,26.0
Vembanad,Inle,T-Vem_V-Inl_15px_2026-07-22,15,inner,3,0.1355466423261994,0.0949866444543004,0.9810000061988832,0.9811320900917052,0.9743589758872986,0.9879999756813048,0.9961979389190674,0.954295575618744,0.9539783596992492,0.9535844326019288,0.9543726444244384,0.9875296950340272,True,26.0
Vembanad,Inle,T-Vem_V-Inl_15px_2026-07-22,15,inner,4,0.120802132791067,0.1288099529147148,0.9449999928474426,0.9473684430122375,0.9082568883895874,0.9900000095367432,0.9956459999084472,0.957823932170868,0.9575977325439452,0.9557055830955504,0.9594974517822266,0.9901423454284668,True,26.0
Vembanad,Inle,T-Vem_V-Inl_15px_2026-07-22,15,inner,5,0.1195299321284411,0.1367025012075901,0.9484999775886536,0.9474221467971802,0.9676746726036072,0.9279999732971193,0.9895020127296448,0.9602855443954468,0.960066020488739,0.9583264589309692,0.9618118405342102,0.9897124767303468,True,26.0
Vembanad,Inle,T-Vem_V-Inl_15px_2026-07-22,15,inner,6,0.0953660125975545,0.1375854584276676,0.9470000267028807,0.9455851912498474,0.9715189933776855,0.9210000038146972,0.9911490082740784,0.966111421585083,0.9659437537193298,0.9636393785476683,0.9682592153549194,0.9938591122627258,True,26.0
Vembanad,Inle,T-Vem_V-Inl_15px_2026-07-22,15,inner,7,0.0910739037093248,0.0674151748307049,0.9810000061988832,0.9811320900917052,0.9743589758872986,0.9879999756813048,0.9974550008773804,0.969229519367218,0.9690670371055604,0.9670727849006652,0.9710695743560792,0.9939731359481812,True,26.0
Vembanad,Inle,T-Vem_V-Inl_15px_2026-07-22,15,inner,8,0.0849946897219836,0.0739330780804157,0.9725000262260436,0.9725685715675354,0.9701492786407472,0.975000023841858,0.9961749911308287,0.9715270400047302,0.9713672995567322,0.9696869850158693,0.9730533957481384,0.9947046041488647,True,26.0
Vembanad,Inle,T-Vem_V-Inl_15px_2026-07-22,15,inner,9,0.0828205264995949,0.0780303314216434,0.9700000286102296,0.9700299501419068,0.9690618515014648,0.9710000157356262,0.9959400296211244,0.9732502102851868,0.9731112122535706,0.9710288047790528,0.97520250082016,0.9949976205825806,True,26.0
Vembanad,Inle,T-Vem_V-Inl_15px_2026-07-22,15,inner,10,0.0847977815388342,0.1011574680358171,0.9635000228881836,0.9634085297584534,0.9658291339874268,0.9610000252723694,0.993466019630432,0.9714449644088744,0.9713296890258788,0.9681392908096312,0.9745412468910216,0.9948543310165404,True,26.0
Vembanad,Inle,T-Vem_V-Inl_15px_2026-07-22,15,inner,11,0.0728367940227216,0.0753172207996249,0.9735000133514404,0.9735660552978516,0.9711442589759828,0.9760000109672546,0.9959110021591188,0.976778507232666,0.9766520857810974,0.9748023748397828,0.9785088300704956,0.9958987236022948,True,26.0
Vembanad,Inle,T-Vem_V-Inl_15px_2026-07-22,15,inner,12,0.0709620389539133,0.0785489143915474,0.975000023841858,0.9752230048179626,0.9666011929512024,0.984000027179718,0.9954659938812256,0.9751374125480652,0.9749938249588012,0.9734673500061036,0.976525068283081,0.996307611465454,True,26.0
Vembanad,Inle,T-Vem_V-Inl_15px_2026-07-22,15,inner,13,0.0678533025619638,0.0710748775247484,0.975499987602234,0.9757065176963806,0.9675516486167908,0.984000027179718,0.9968330264091492,0.976368248462677,0.9762532711029052,0.9738444089889526,0.9786741733551024,0.996780812740326,True,26.0
Vembanad,Inle,T-Vem_V-Inl_15px_2026-07-22,15,inner,14,0.0692055477441528,0.0803935506269335,0.9735000133514404,0.9735660552978516,0.9711442589759828,0.9760000109672546,0.995329976081848,0.9758759140968324,0.9757665395736694,0.9730396270751952,0.9785088300704956,0.9964708089828492,True,26.0
Vembanad,Inle,T-Vem_V-Inl_15px_2026-07-22,15,inner,15,0.0670817869574704,0.0783191526802256,0.972000002861023,0.9722772240638732,0.9627450704574584,0.9819999933242798,0.9964960217475892,0.975547730922699,0.9754490256309508,0.9722450375556946,0.9786741733551024,0.9969809651374816,True,26.0
Vembanad,Inle,T-Vem_V-Inl_15px_2026-07-22,15,inner,16,0.0632372764523427,0.0616054854337126,0.977999985218048,0.9781962633132936,0.9695481061935424,0.9869999885559082,0.9980469942092896,0.9778452515602112,0.9776933193206788,0.9772089123725892,0.9781782031059264,0.9971734285354614,True,26.0
Vembanad,Inle,T-Vem_V-Inl_15px_2026-07-22,15,inner,17,0.060392876893656,0.0622053962908685,0.9800000190734864,0.9802371263504028,0.96875,0.9919999837875366,0.9975569844245912,0.9803889393806458,0.9802560806274414,0.9796895384788512,0.980823278427124,0.9972692728042604,True,26.0
Vembanad,Inle,T-Vem_V-Inl_15px_2026-07-22,15,inner,18,0.0574430192972725,0.0634495107531547,0.9794999957084656,0.9797130227088928,0.9696376323699952,0.9900000095367432,0.99771648645401,0.9800606966018676,0.9799620509147644,0.977624237537384,0.9823111295700072,0.9975767731666564,True,26.0
Vembanad,Inle,T-Vem_V-Inl_15px_2026-07-22,15,inner,19,0.0572894502144123,0.0612806055247783,0.9804999828338624,0.9807217121124268,0.9696969985961914,0.9919999837875366,0.997357964515686,0.9805530309677124,0.9804374575614928,0.9790636301040648,0.9818151593208312,0.9974421262741088,True,26.0
Vembanad,Inle,T-Vem_V-Inl_15px_2026-07-22,15,inner,20,0.0544610323609535,0.0662253945097327,0.9785000085830688,0.978828191757202,0.9641125202178956,0.9940000176429749,0.9976600408554076,0.9813736081123352,0.981259822845459,0.9800461530685424,0.9824764132499696,0.997822105884552,True,26.0
Vembanad,Inle,T-Vem_V-Inl_15px_2026-07-22,15,inner,21,0.0496772220334944,0.0679226716607809,0.9764999747276306,0.9766980409622192,0.9685348868370056,0.9850000143051147,0.9965749979019164,0.982604444026947,0.9824995994567872,0.9812036156654358,0.9837989807128906,0.998335599899292,True,26.0
Vembanad,Inle,T-Vem_V-Inl_15px_2026-07-22,15,inner,22,0.0523490424011102,0.07072742427513,0.9769999980926514,0.9772051572799684,0.968565821647644,0.9860000014305116,0.9960839748382568,0.9828505516052246,0.982751488685608,0.9812129139900208,0.9842949509620668,0.9980568289756776,True,26.0
Vembanad,Inle,T-Vem_V-Inl_15px_2026-07-22,15,inner,23,0.0506570741878578,0.0747074455600231,0.9769999980926514,0.9772727489471436,0.9658203125,0.9890000224113464,0.9965949654579164,0.9829326272010804,0.9828580617904664,0.9799507260322572,0.98578280210495,0.9980560541152954,True,26.0
Vembanad,Inle,T-Vem_V-Inl_15px_2026-07-22,15,inner,24,0.0501848600460613,0.0657238885816186,0.9794999957084656,0.9796929359436036,0.9705593585968018,0.9890000224113464,0.9967390298843384,0.9827685356140136,0.9826647043228148,0.9813684821128844,0.9839642643928528,0.9980387687683104,True,26.0
Vembanad,Inle,T-Vem_V-Inl_15px_2026-07-22,15,inner,25,0.0494721064805162,0.0632721962155774,0.9800000190734864,0.9801784157752992,0.9715127944946288,0.9890000224113464,0.9974040389060974,0.9827685356140136,0.9826761484146118,0.980734407901764,0.9846255779266356,0.9981958866119384,True,26.0
Vembanad,Inle,T-Vem_V-Inl_15px_2026-07-22,15,inner,26,0.0489901687148715,0.0598857522830367,0.9819999933242798,0.9821605682373048,0.9734774231910706,0.99099999666214,0.9970720410346984,0.9835070371627808,0.9834144711494446,0.9817133545875548,0.985121488571167,0.9982751607894896,True,26.0
Vembanad,Inle,T-Vem_V-Inl_15px_2026-07-22,15,inner,27,0.0492616714270042,0.0669842445030808,0.9785000085830688,0.9787444472312928,0.9677419066429138,0.9900000095367432,0.9969159364700316,0.9825223684310912,0.9824243187904358,0.9807248711586,0.9841296076774596,0.998337984085083,True,26.0
Vembanad,Inle,T-Vem_V-Inl_15px_2026-07-22,15,inner,28,0.0478281864736394,0.0676364313457161,0.9810000061988832,0.981225311756134,0.9697265625,0.9929999709129332,0.9967960119247437,0.984163463115692,0.984074592590332,0.9823723435401917,0.98578280210495,0.9983137845993042,True,26.0
Vembanad,Inle,T-Vem_V-Inl_15px_2026-07-22,15,inner,29,0.0462362719061256,0.0723877146318554,0.9769999980926514,0.977227747440338,0.9676470756530762,0.9869999885559082,0.9959479570388794,0.9843275547027588,0.984224021434784,0.983492910861969,0.9849562048912048,0.9984300136566162,True,26.0
Vembanad,Inle,T-Vem_V-Inl_15px_2026-07-22,15,inner,30,0.0463467963107353,0.0681948662307113,0.9794999957084656,0.9797330498695374,0.9687194228172302,0.99099999666214,0.9967390298843384,0.984163463115692,0.9840850830078124,0.9817374348640442,0.986444056034088,0.9984886646270752,True,26.0
Vembanad,Inle,T-Vem_V-Inl_15px_2026-07-22,15,inner,31,0.0477300591316265,0.066082820687443,0.9800000190734864,0.9802176356315612,0.9696673154830932,0.99099999666214,0.9967700242996216,0.9843275547027588,0.984252631664276,0.9817433953285216,0.9867746829986572,0.9982119798660278,True,26.0
Vembanad,Inle,T-Vem_V-Inl_15px_2026-07-22,15,inner,32,0.0455177642623286,0.065543854560703,0.9815000295639038,0.9816922545433044,0.9715964794158936,0.9919999837875366,0.9968330264091492,0.9847378134727478,0.9846686720848083,0.981916844844818,0.9874359369277954,0.998475968837738,True,26.0
Vembanad,Inle,T-Vem_V-Inl_15px_2026-07-22,15,inner,33,0.0465617213920009,0.0650381961651146,0.9810000061988832,0.9811694622039796,0.9724950790405272,0.9900000095367432,0.9966540336608888,0.983835220336914,0.9837525486946106,0.981566846370697,0.985948085784912,0.9984697699546814,True,26.0
Vembanad,Inle,T-Vem_V-Inl_15px_2026-07-22,15,inner,34,0.045079497548782,0.0656241960339248,0.9810000061988832,0.9811881184577942,0.9715686440467834,0.99099999666214,0.9966429471969604,0.9836711287498474,0.9835795164108276,0.981878101825714,0.985286831855774,0.9985908269882202,True,26.0
Vembanad,Inle,T-Vem_V-Inl_15px_2026-07-22,15,inner,35,0.0443396176328228,0.0652512405589222,0.9815000295639038,0.9816922545433044,0.9715964794158936,0.9919999837875366,0.9967580437660216,0.983835220336914,0.9837310910224916,0.9828382730484008,0.9846255779266356,0.9986612796783448,True,26.0
Vembanad,Inle,T-Vem_V-Inl_15px_2026-07-22,15,inner,36,0.0440643932781162,0.0656073002684861,0.9794999957084656,0.9797130227088928,0.9696376323699952,0.9900000095367432,0.9968299865722656,0.9852301478385924,0.9851460456848145,0.9835228323936462,0.9867746829986572,0.9986774921417236,True,26.0
Vembanad,Valsequillo,T-Vem_V-Val_15px_2026-07-22,15,inner,1,0.2666297904969812,0.1815679249810237,0.938725471496582,0.9377179741859436,0.9533941149711608,0.92254900932312,0.9785207509994508,0.8935539722442627,0.892723798751831,0.8930943012237549,0.8923536539077759,0.9569681286811828,True,1.0
Vembanad,Valsequillo,T-Vem_V-Val_15px_2026-07-22,15,inner,2,0.1501041229829932,0.2194300650746799,0.924509823322296,0.9215885996818542,0.9586864113807678,0.8872548937797546,0.981824278831482,0.9494525194168092,0.9491637945175172,0.9475946426391602,0.9507380723953248,0.9852713942527772,True,1.0
Vembanad,Valsequillo,T-Vem_V-Val_15px_2026-07-22,15,inner,3,0.1140040537698029,0.2095076478944689,0.9161764979362488,0.9110764265060424,0.970099687576294,0.8588235378265381,0.9875394105911256,0.964353322982788,0.9641467332839966,0.9626322984695436,0.9656659364700316,0.99018657207489,True,1.0
Vembanad,Valsequillo,T-Vem_V-Val_15px_2026-07-22,15,inner,4,0.1081814533242906,0.2996946648493701,0.8926470875740051,0.8844327330589294,0.9577142596244812,0.8215686082839966,0.966037094593048,0.9660821557044984,0.9658997058868408,0.9639847874641418,0.9678221940994264,0.99131041765213,True,1.0
Vembanad,Valsequillo,T-Vem_V-Val_15px_2026-07-22,15,inner,5,0.1028294889599077,0.2523647275552446,0.936274528503418,0.9346733689308168,0.9587628841400146,0.911764681339264,0.9691070318222046,0.9652588963508606,0.9651297330856324,0.9616334438323976,0.968651533126831,0.9923954606056212,True,1.0
Vembanad,Valsequillo,T-Vem_V-Val_15px_2026-07-22,15,inner,6,0.0793273218366808,0.3579993167453829,0.8848039507865906,0.8743987083435059,0.9612221121788024,0.8019607663154602,0.9735188484191896,0.9739853739738464,0.9739015698432922,0.9698963761329652,0.9779399633407592,0.9952541589736938,True,1.0
Vembanad,Valsequillo,T-Vem_V-Val_15px_2026-07-22,15,inner,7,0.07715688863892,0.2561050830628065,0.9078431129455566,0.9022868871688844,0.9601770043373108,0.8509804010391235,0.9807045459747314,0.974150002002716,0.9740281105041504,0.9714568257331848,0.9766130447387696,0.9956210851669312,True,1.0
Vembanad,Valsequillo,T-Vem_V-Val_15px_2026-07-22,15,inner,8,0.0778177279711868,0.2142779306526862,0.9372549057006836,0.9359999895095824,0.9551020264625548,0.9176470637321472,0.9750577211380004,0.9739853739738464,0.9738410711288452,0.9720707535743712,0.9756178259849548,0.9954941868782043,True,1.0
Vembanad,Valsequillo,T-Vem_V-Val_15px_2026-07-22,15,inner,9,0.0717734637183128,0.3142293675857431,0.9014706015586852,0.894819438457489,0.9595959782600404,0.8382353186607361,0.9772250652313232,0.975714147090912,0.9755976796150208,0.973102331161499,0.9781058430671692,0.9960145950317384,True,1.0
Vembanad,Valsequillo,T-Vem_V-Val_15px_2026-07-22,15,inner,10,0.0724425791922474,0.3281950763043235,0.9186274409294128,0.9147843718528748,0.9601293206214904,0.8735294342041016,0.9615830183029176,0.9762904644012452,0.9761786460876464,0.9736016988754272,0.978769302368164,0.9959415793418884,True,1.0
Vembanad,Valsequillo,T-Vem_V-Val_15px_2026-07-22,15,inner,11,0.0625204192045893,0.3282317068793026,0.9024509787559508,0.8960835337638855,0.9586592316627502,0.841176450252533,0.9702931642532348,0.9797480702400208,0.9796559810638428,0.9769091010093688,0.9824182987213136,0.9968910217285156,True,1.0
Vembanad,RawaPening,T-Vem_V-Raw_15px_2026-07-22,15,inner,1,0.2703018445544523,0.194884943586963,0.9325674176216124,0.9364107251167296,0.8867083191871643,0.9920159578323364,0.9911566972732544,0.8895363211631775,0.8881130218505859,0.8928630948066711,0.8834132552146912,0.9557496309280396,True,18.0
Vembanad,RawaPening,T-Vem_V-Raw_15px_2026-07-22,15,inner,2,0.1642163765157741,0.2305100982809638,0.9240759015083312,0.9293023347854614,0.8702090382575989,0.9970059990882874,0.9890264868736268,0.9405006170272828,0.9402652978897096,0.9369457960128784,0.9436084032058716,0.9827723503112792,True,18.0
Vembanad,RawaPening,T-Vem_V-Raw_15px_2026-07-22,15,inner,3,0.1219523295689837,0.1376915808048817,0.9515484571456908,0.9536107182502748,0.9155188202857972,0.9950099587440492,0.9938453435897828,0.9582273364067078,0.9580137133598328,0.9557274580001832,0.9603108763694764,0.9898393154144288,True,18.0
Vembanad,RawaPening,T-Vem_V-Raw_15px_2026-07-22,15,inner,4,0.1085457529999532,0.1191882545335011,0.9590409398078918,0.9603481888771056,0.9315196871757508,0.9910179376602172,0.9956437349319458,0.962002456188202,0.961845874786377,0.9586070775985718,0.9651066660881042,0.9917991757392884,True,18.0
Vembanad,RawaPening,T-Vem_V-Raw_15px_2026-07-22,15,inner,5,0.1069809281540469,0.124304173910594,0.9510489702224731,0.9529750347137452,0.9177449345588684,0.9910179376602172,0.9962255358695984,0.9652851819992064,0.96502685546875,0.9649471044540404,0.9651066660881042,0.991373896598816,True,18.0
Vembanad,RawaPening,T-Vem_V-Raw_15px_2026-07-22,15,inner,6,0.0860434572350357,0.1406703078905334,0.953046977519989,0.9549376964569092,0.9188191890716552,0.9940119981765748,0.9916157722473145,0.9722609519958496,0.9721351861953736,0.9692586064338684,0.975028932094574,0.9944029450416564,True,18.0
Vembanad,RawaPening,T-Vem_V-Raw_15px_2026-07-22,15,inner,7,0.076250933608897,0.1293207389343489,0.9580419659614564,0.9594202637672424,0.9297752976417542,0.9910179376602172,0.9940997958183287,0.9736561179161072,0.9735650420188904,0.9696522355079652,0.9775094985961914,0.9955137968063354,True,18.0
Vembanad,RawaPening,T-Vem_V-Raw_15px_2026-07-22,15,inner,8,0.0780710289275421,0.1088220644323574,0.9610389471054076,0.9621726274490356,0.9358490705490112,0.9900199770927428,0.994456112384796,0.9736561179161072,0.9735257625579834,0.9710431098937988,0.97602117061615,0.995252788066864,True,18.0
Vembanad,RawaPening,T-Vem_V-Raw_15px_2026-07-22,15,inner,9,0.0739074614236821,0.1415002651188846,0.948051929473877,0.9501915574073792,0.9134438037872314,0.9900199770927428,0.9920200109481812,0.974640965461731,0.974515438079834,0.9720302820205688,0.9770134091377258,0.9957394599914552,True,18.0
Vembanad,RawaPening,T-Vem_V-Raw_15px_2026-07-22,15,inner,10,0.0786022152728754,0.1603889725227783,0.9445554614067078,0.9472684264183044,0.9038984775543212,0.9950099587440492,0.9932066202163696,0.9744768142700196,0.9743716716766356,0.9710906744003296,0.9776749014854432,0.9951428174972534,True,18.0
Vembanad,RawaPening,T-Vem_V-Raw_15px_2026-07-22,15,inner,11,0.0636281669031328,0.1222554524722216,0.962037980556488,0.963178277015686,0.935969889163971,0.9920159578323364,0.9927994012832642,0.9791547060012816,0.979060173034668,0.97616308927536,0.9819745421409608,0.996750831604004,True,18.0
Vembanad,RawaPening,T-Vem_V-Raw_15px_2026-07-22,15,inner,12,0.0610074180502797,0.1266026074163519,0.958541452884674,0.9598063230514526,0.9322671890258788,0.9890219569206238,0.9937424659729004,0.9789905548095704,0.978870928287506,0.9770967364311218,0.980651557445526,0.9972113966941832,True,18.0
Vembanad,RawaPening,T-Vem_V-Raw_15px_2026-07-22,15,inner,13,0.0612328376812087,0.1575617613336006,0.9505494236946106,0.952563464641571,0.9161290526390076,0.9920159578323364,0.9915593862533568,0.9785802364349364,0.9784529209136964,0.9769205451011658,0.9799900650978088,0.997196078300476,True,18.0
Vembanad,RawaPening,T-Vem_V-Raw_15px_2026-07-22,15,inner,14,0.0598365314460749,0.1322545712933755,0.957042932510376,0.9585342407226562,0.9272388219833374,0.9920159578323364,0.992928683757782,0.9798933267593384,0.9798004627227784,0.976981282234192,0.982636034488678,0.9970502257347108,True,18.0
Vembanad,RawaPening,T-Vem_V-Raw_15px_2026-07-22,15,inner,15,0.0613623471767823,0.1373058270409956,0.957042932510376,0.9580078125,0.937858521938324,0.9790419340133668,0.9870359301567078,0.9805498719215392,0.9804697036743164,0.9771682024002076,0.9837936162948608,0.9969919919967652,True,18.0
Vembanad,RawaPening,T-Vem_V-Raw_15px_2026-07-22,15,inner,16,0.0565322149382918,0.1354522095927103,0.9575424790382384,0.9589173793792723,0.929709494113922,0.9900199770927428,0.9924495816230774,0.9802215695381165,0.980107307434082,0.9784113168716432,0.981809139251709,0.9973939657211304,True,18.0
Vembanad,RawaPening,T-Vem_V-Raw_15px_2026-07-22,15,inner,17,0.0541590435990653,0.1228523926174902,0.9615384340286256,0.96267569065094,0.9359095096588136,0.9910179376602172,0.992136776447296,0.9818629622459412,0.9817731976509094,0.9792695045471193,0.9842897057533264,0.9975531101226808,True,18.0
Vembanad,RawaPening,T-Vem_V-Raw_15px_2026-07-22,15,inner,18,0.0500941596741057,0.1081451474950387,0.964035987854004,0.9649805426597596,0.9411764740943908,0.9900199770927428,0.994255542755127,0.9832581281661988,0.9831544160842896,0.981857180595398,0.984455108642578,0.9981431365013124,True,18.0
Vembanad,RawaPening,T-Vem_V-Raw_15px_2026-07-22,15,inner,19,0.049296302253294,0.1198320888414547,0.9625374674797058,0.9636098742485046,0.9376770257949828,0.9910179376602172,0.993800401687622,0.9824374318122864,0.9823461771011353,0.9800823330879213,0.9846204519271852,0.9981536865234376,True,18.0
Vembanad,RawaPening,T-Vem_V-Raw_15px_2026-07-22,15,inner,20,0.0485894322438126,0.1440930060282178,0.9600399732589722,0.9613152742385864,0.9324578046798706,0.9920159578323364,0.9915409088134766,0.983832597732544,0.9837418794631958,0.981878101825714,0.985612690448761,0.998153805732727,True,18.0
Vembanad,RawaPening,T-Vem_V-Raw_15px_2026-07-22,15,inner,21,0.0466581802358136,0.1199721059102293,0.9610389471054076,0.9622092843055724,0.9350282549858092,0.9910179376602172,0.9938892126083374,0.983832597732544,0.9837445616722108,0.9817193746566772,0.9857780933380128,0.998391330242157,True,18.0
Vembanad,RawaPening,T-Vem_V-Raw_15px_2026-07-22,15,inner,22,0.0444225190597929,0.141681448144319,0.9580419659614564,0.9594594836235046,0.9289719462394714,0.9920159578323364,0.991464138031006,0.9848994612693788,0.9848084449768066,0.9833470582962036,0.9862741827964784,0.9984525442123412,True,18.0
Vembanad,RawaPening,T-Vem_V-Raw_15px_2026-07-22,15,inner,23,0.0454372249889139,0.1399556443585524,0.9590409398078918,0.9603481888771056,0.9315196871757508,0.9910179376602172,0.9905529022216796,0.9848994612693788,0.9848159551620485,0.9828693866729736,0.9867702722549438,0.998343825340271,True,18.0
Vembanad,RawaPening,T-Vem_V-Raw_15px_2026-07-22,15,inner,24,0.0448023117831069,0.1165221458176275,0.9615384340286256,0.9626395106315612,0.9367327690124512,0.9900199770927428,0.9951736330986024,0.9846532344818116,0.9845594763755798,0.9831793904304504,0.9859434366226196,0.9983941316604614,True,18.0
Vembanad,RawaPening,T-Vem_V-Raw_15px_2026-07-22,15,inner,25,0.0442097238938342,0.1519256878107391,0.957042932510376,0.9584941864013672,0.928037405014038,0.9910179376602172,0.992043912410736,0.9836684465408324,0.9835713505744934,0.982030987739563,0.9851166009902954,0.9985960721969604,True,18.0
Vembanad,RawaPening,T-Vem_V-Raw_15px_2026-07-22,15,inner,26,0.0433872896149161,0.1157392349692394,0.9615384340286256,0.96267569065094,0.9359095096588136,0.9910179376602172,0.9940658807754515,0.9848994612693788,0.9848184585571288,0.9827103614807128,0.9869356751441956,0.9985535144805908,True,18.0
Vembanad,RawaPening,T-Vem_V-Raw_15px_2026-07-22,15,inner,27,0.0442431036155146,0.1317972147069242,0.9580419659614564,0.9594202637672424,0.9297752976417542,0.9910179376602172,0.9921517372131348,0.98506361246109,0.984976053237915,0.983352541923523,0.9866049289703368,0.9984071254730223,True,18.0
Vembanad,RawaPening,T-Vem_V-Raw_15px_2026-07-22,15,inner,28,0.0401833119897334,0.1312127284953123,0.9590409398078918,0.9603481888771056,0.9315196871757508,0.9910179376602172,0.9925538897514344,0.9860484004020692,0.9859620332717896,0.9846610426902772,0.9872664213180542,0.9988774657249452,True,18.0
Vembanad,Winam,T-Vem_V-Win_15px_2026-07-22,15,inner,1,0.27927870864081,0.403321309098084,0.8669334650039673,0.8821966052055359,0.791732907295227,0.9959999918937684,0.9364734292030334,0.8818510174751282,0.8791743516921997,0.8926563262939453,0.8660935759544373,0.9529566764831544,True,14.0
Vembanad,Winam,T-Vem_V-Win_15px_2026-07-22,15,inner,2,0.1732475020365516,0.3128217820333517,0.9139569997787476,0.9167473316192628,0.8883677124977112,0.9470000267028807,0.9487608075141908,0.9382999539375304,0.9380356073379515,0.9351075887680054,0.9409819841384888,0.9809776544570924,True,14.0
Vembanad,Winam,T-Vem_V-Win_15px_2026-07-22,15,inner,3,0.1317044873735652,0.2921283024595235,0.9289644956588744,0.9335206151008606,0.8776408433914185,0.996999979019165,0.9649779796600342,0.9530686140060424,0.9528985619544984,0.9493027329444884,0.95652174949646,0.9884033203125,True,14.0
Vembanad,Winam,T-Vem_V-Win_15px_2026-07-22,15,inner,4,0.130998208922003,0.3066013810542105,0.9294647574424744,0.9335845708847046,0.8824576735496521,0.99099999666214,0.951919436454773,0.95282244682312,0.9524754285812378,0.9523966908454896,0.952554166316986,0.9883928894996644,True,14.0
Vembanad,Winam,T-Vem_V-Win_15px_2026-07-22,15,inner,5,0.1045839260294079,0.2825650393055327,0.9334667325019836,0.9356555342674256,0.9062792658805848,0.9670000076293944,0.9582207202911376,0.9644732475280762,0.9643415808677672,0.9607810974121094,0.9679285883903505,0.9920374155044556,True,14.0
Vembanad,Winam,T-Vem_V-Win_15px_2026-07-22,15,inner,6,0.0870146007959593,0.1468516789329447,0.9514757394790648,0.952098786830902,0.940487802028656,0.9639999866485596,0.982409417629242,0.9700525403022766,0.9699018597602844,0.9675880074501038,0.9722267985343932,0.9945531487464904,True,14.0
Vembanad,Winam,T-Vem_V-Win_15px_2026-07-22,15,inner,7,0.0835811854463925,0.1727409712814939,0.956478238105774,0.957828402519226,0.9294449687004088,0.9879999756813048,0.9820230007171632,0.9714473485946656,0.9712966084480286,0.969218134880066,0.9733840227127076,0.9949404001235962,True,14.0
Vembanad,Winam,T-Vem_V-Win_15px_2026-07-22,15,inner,8,0.0825096797350883,0.1603839497356216,0.9549775123596193,0.9561830759048462,0.9316887855529784,0.9819999933242798,0.979234218597412,0.9716114401817322,0.971461534500122,0.9693827033042908,0.9735493659973145,0.99504154920578,True,14.0
Vembanad,Winam,T-Vem_V-Win_15px_2026-07-22,15,inner,9,0.0807743839966026,0.2261415796020774,0.9334667325019836,0.9350268840789796,0.9140400886535645,0.9570000171661376,0.9680590629577636,0.9720216393470764,0.971857726573944,0.9703361988067628,0.9733840227127076,0.9953151345252992,True,14.0
Vembanad,Winam,T-Vem_V-Win_15px_2026-07-22,15,inner,10,0.0809119300189949,0.2086780325302517,0.9254627227783204,0.9253132939338684,0.9276381731033324,0.9229999780654908,0.972289264202118,0.9722678065299988,0.972112238407135,0.9703508615493774,0.9738799929618835,0.9952836036682128,True,14.0
Vembanad,Winam,T-Vem_V-Win_15px_2026-07-22,15,inner,11,0.0704416851890568,0.1403368758436317,0.9439719915390016,0.9432048797607422,0.9567901492118835,0.9300000071525574,0.9869710206985474,0.976206123828888,0.976064682006836,0.974616765975952,0.9775169491767884,0.9964231252670288,True,14.0
Vembanad,Winam,T-Vem_V-Win_15px_2026-07-22,15,inner,12,0.0672745765023322,0.1510552062042596,0.9399699568748474,0.9396378397941588,0.9453441500663756,0.9340000152587892,0.9842697978019714,0.9759599566459656,0.9758470058441162,0.9731996059417723,0.9785088300704956,0.9967511892318726,True,14.0
Vembanad,Winam,T-Vem_V-Win_15px_2026-07-22,15,inner,13,0.061529840854668,0.1117663321096281,0.9604802131652832,0.9598780870437622,0.975232183933258,0.9449999928474426,0.9912482500076294,0.97842139005661,0.978298544883728,0.9766062498092652,0.9799966812133788,0.9970554113388062,True,14.0
Vembanad,Winam,T-Vem_V-Win_15px_2026-07-22,15,inner,14,0.066781314131463,0.0954477470965656,0.970985472202301,0.9710578918457032,0.9691234827041626,0.9729999899864196,0.9913233518600464,0.9767804145812988,0.9766520857810974,0.9748023748397828,0.9785088300704956,0.996741533279419,True,14.0
Vembanad,Winam,T-Vem_V-Win_15px_2026-07-22,15,inner,15,0.0645954651659654,0.1335540616391212,0.9554777145385742,0.9552088379859924,0.9614995121955872,0.9490000009536744,0.98777574300766,0.9785854816436768,0.9784741997718812,0.9763001799583436,0.9806579351425172,0.996695041656494,True,14.0
Vembanad,Winam,T-Vem_V-Win_15px_2026-07-22,15,inner,16,0.0570187234146441,0.1503376849909202,0.9419710040092468,0.9401444792747498,0.9712153673171996,0.9110000133514404,0.988414466381073,0.9800623655319214,0.9799389243125916,0.9787269234657288,0.9811539053916932,0.997677743434906,True,14.0
Vembanad,Winam,T-Vem_V-Win_15px_2026-07-22,15,inner,17,0.0550270027110874,0.1552532150961414,0.9374687075614928,0.9351995587348938,0.9709364771842957,0.9020000100135804,0.9888208508491516,0.9798982739448548,0.9797738194465636,0.9785619974136353,0.980988621711731,0.9977823495864868,True,14.0
Vembanad,Winam,T-Vem_V-Win_15px_2026-07-22,15,inner,18,0.0541868844152983,0.142654662995723,0.9419710040092468,0.9400206804275512,0.97323340177536,0.9089999794960022,0.990145206451416,0.9808828234672546,0.9807612895965576,0.9797096848487854,0.9818151593208312,0.9979565739631652,True,14.0
Vembanad,Winam,T-Vem_V-Win_15px_2026-07-22,15,inner,19,0.0548206320210367,0.2111624256820226,0.9089545011520386,0.902360498905182,0.973379611968994,0.8410000205039978,0.9873893857002258,0.982031524181366,0.9819083213806152,0.9813408255577089,0.9824764132499696,0.9976098537445068,True,14.0
Vembanad,Winam,T-Vem_V-Win_15px_2026-07-22,15,inner,20,0.0526349003713126,0.1901420641051722,0.9219610095024108,0.917460322380066,0.9741572737693788,0.8669999837875366,0.9880365133285522,0.9821956157684326,0.9820972084999084,0.9802371263504028,0.9839642643928528,0.9978497624397278,True,14.0
Vembanad,Winam,T-Vem_V-Win_15px_2026-07-22,15,inner,21,0.0498958422017167,0.2018311896332568,0.9144572019577026,0.9089941382408142,0.9715585708618164,0.8539999723434448,0.9871331453323364,0.9831801652908324,0.9830871820449828,0.981225311756134,0.9849562048912048,0.9980546236038208,True,14.0
Vembanad,Winam,T-Vem_V-Win_15px_2026-07-22,15,inner,22,0.0446966160070438,0.1622089477347416,0.9334667325019836,0.9303300380706788,0.9768977165222168,0.8880000114440918,0.989612638950348,0.9848211407661438,0.984727144241333,0.9835092425346376,0.985948085784912,0.9985482096672058,True,14.0
Vembanad,Winam,T-Vem_V-Win_15px_2026-07-22,15,inner,23,0.0437357127010849,0.2444500639222556,0.9004502296447754,0.8916711807250977,0.9784946441650392,0.8190000057220459,0.9879308938980104,0.9851493239402772,0.9850499629974364,0.9843182563781738,0.98578280210495,0.9986295700073242,True,14.0
Vembanad,Winam,T-Vem_V-Win_15px_2026-07-22,15,inner,24,0.0478942696247182,0.2046533831511253,0.916458249092102,0.9109333157539368,0.9760000109672546,0.8539999723434448,0.9880480766296388,0.9834263324737548,0.9833306074142456,0.9817103147506714,0.9849562048912048,0.9982045888900756,True,14.0
Vembanad,,Test_Vem_outer_15px_2026-07-22,15,outer,1,0.2485011640397575,,,,,,,0.9019525051116944,0.9004651308059692,0.9084608554840088,0.8926088809967041,0.9626950025558472,True,
Vembanad,,Test_Vem_outer_15px_2026-07-22,15,outer,2,0.1398189210468752,,,,,,,0.9509410262107848,0.9508474469184875,0.9467023015022278,0.95502907037735,0.9871024489402772,True,
Vembanad,,Test_Vem_outer_15px_2026-07-22,15,outer,3,0.1194586570660819,,,,,,,0.9615140557289124,0.9613314270973206,0.959835946559906,0.9628316164016724,0.989850640296936,True,
Vembanad,,Test_Vem_outer_15px_2026-07-22,15,outer,4,0.1063325713484662,,,,,,,0.9644744992256165,0.9643614888191224,0.9613703489303588,0.9673712849617004,0.9918534755706788,True,
Vembanad,,Test_Vem_outer_15px_2026-07-22,15,outer,5,0.0968164587312658,,,,,,,0.9678578972816468,0.9677373766899108,0.9652787446975708,0.9702085256576538,0.9930788278579712,True,
Vembanad,,Test_Vem_outer_15px_2026-07-22,15,outer,6,0.082858870780778,,,,,,,0.9723690748214722,0.972288966178894,0.9690009951591492,0.9755993485450744,0.9950309991836548,True,
Vembanad,,Test_Vem_outer_15px_2026-07-22,15,outer,7,0.0814837702177977,,,,,,,0.9726510047912598,0.9724978804588318,0.9718090295791626,0.9731876850128174,0.9950827360153198,True,
Vembanad,,Test_Vem_outer_15px_2026-07-22,15,outer,8,0.0780814013500277,,,,,,,0.973990261554718,0.9738909006118774,0.9714850187301636,0.9763087034225464,0.9954243898391724,True,
Vembanad,,Test_Vem_outer_15px_2026-07-22,15,outer,9,0.0797507420797726,,,,,,,0.9744836688041688,0.9744133353233336,0.9709818363189696,0.9778692126274108,0.9952450394630432,True,
Vembanad,,Test_Vem_outer_15px_2026-07-22,15,outer,10,0.0788897861160514,,,,,,,0.9718051552772522,0.9716914296150208,0.9694958329200744,0.9738969802856444,0.9954847097396852,True,
Vembanad,,Test_Vem_outer_15px_2026-07-22,15,outer,11,0.0701295880420545,,,,,,,0.9763868451118468,0.9762999415397644,0.9737510681152344,0.9788622260093688,0.9963552951812744,True,
Vembanad,,Test_Vem_outer_15px_2026-07-22,15,outer,12,0.0662414296508852,,,,,,,0.9767392873764038,0.9766454100608826,0.9744386672973632,0.9788622260093688,0.9965661764144896,True,
Vembanad,,Test_Vem_outer_15px_2026-07-22,15,outer,13,0.0618195450460548,,,,,,,0.979347288608551,0.9792654514312744,0.976983904838562,0.9815576672554016,0.9969886541366576,True,
Vembanad,,Test_Vem_outer_15px_2026-07-22,15,outer,14,0.0600198105220761,,,,,,,0.9792063236236572,0.9791238903999328,0.9768427014350892,0.9814158082008362,0.9973543286323548,True,
Valsequillo,Hartbeespoort,T-Val_V-Har_15px_2026-07-22,15,inner,1,0.3228935065273504,0.1957267799422027,0.94242125749588,0.9388394951820374,0.985729992389679,0.8962075710296631,0.989836812019348,0.8600313663482666,0.8575986623764038,0.8683897256851196,0.8470724821090698,0.9368239045143129,True,5.0
Valsequillo,Hartbeespoort,T-Val_V-Har_15px_2026-07-22,15,inner,2,0.1970118589307585,0.2010849913816869,0.9010826945304872,0.8929142355918884,0.9577142596244812,0.8363273739814758,0.9844233989715576,0.9283651113510132,0.9281813502311708,0.92603600025177,0.9303367137908936,0.9755496978759766,True,5.0
Valsequillo,Hartbeespoort,T-Val_V-Har_15px_2026-07-22,15,inner,3,0.1508466140169942,0.1270195980827639,0.9689960479736328,0.9688581228256226,0.9598432779312134,0.9780439138412476,0.9893785715103148,0.9477593302726746,0.9476643204689026,0.9447741508483888,0.9505722522735596,0.9851168394088744,True,5.0
Valsequillo,Hartbeespoort,T-Val_V-Har_15px_2026-07-22,15,inner,4,0.1336862372819067,0.0883121887060601,0.976870059967041,0.9765586256980896,0.9760717749595642,0.9770458936691284,0.9925633668899536,0.955517053604126,0.9553844928741456,0.9535690546035768,0.9572068452835084,0.9875999689102172,True,5.0
Valsequillo,Hartbeespoort,T-Val_V-Har_15px_2026-07-22,15,inner,5,0.1353043208812303,0.0876741067297375,0.9827755689620972,0.9826818704605104,0.9744848012924194,0.9910179376602172,0.9900587201118468,0.953948974609375,0.9537926316261292,0.9523730874061584,0.9552164673805236,0.9875329732894896,True,5.0
Valsequillo,Hartbeespoort,T-Val_V-Har_15px_2026-07-22,15,inner,6,0.0988220118070441,0.1633730780435946,0.9453740119934082,0.943911075592041,0.9559876918792723,0.9321357011795044,0.9822723865509032,0.9664108157157898,0.9663775563240052,0.96263986825943,0.9701443314552308,0.992956042289734,True,5.0
Valsequillo,Hartbeespoort,T-Val_V-Har_15px_2026-07-22,15,inner,7,0.0965864792333348,0.1077755852717004,0.9630905389785768,0.962063729763031,0.9753845930099488,0.9491018056869508,0.992948055267334,0.9683089852333068,0.9682119488716124,0.9664518237113952,0.9699784517288208,0.992993950843811,True,5.0
Valsequillo,Hartbeespoort,T-Val_V-Har_15px_2026-07-22,15,inner,8,0.0943589652229395,0.2849551513209007,0.875984251499176,0.860310435295105,0.967581033706665,0.7744510769844055,0.9815689325332642,0.969794511795044,0.969717025756836,0.967475652694702,0.9719688296318054,0.9933396577835084,True,5.0
Valsequillo,Hartbeespoort,T-Val_V-Har_15px_2026-07-22,15,inner,9,0.0964500560804376,0.2009813013435231,0.8966535329818726,0.8852459192276001,0.97826087474823,0.8083832263946533,0.9895005822181702,0.9666584134101868,0.9665949940681458,0.963726282119751,0.9694808721542358,0.9931268692016602,True,5.0
Valsequillo,Hartbeespoort,T-Val_V-Har_15px_2026-07-22,15,inner,10,0.0888830252760971,0.1763871394860462,0.9271653294563292,0.9228363037109376,0.9661571979522704,0.8832335472106934,0.9855047464370728,0.968969225883484,0.9688844680786132,0.966804265975952,0.9709736108779908,0.9943441152572632,True,5.0
Valsequillo,Hartbeespoort,T-Val_V-Har_15px_2026-07-22,15,inner,11,0.0784173738747881,0.1341483047265031,0.9453740119934082,0.9426356554031372,0.9774919748306274,0.910179615020752,0.9909665584564208,0.9744986295700072,0.974452257156372,0.9714803695678712,0.9774423837661744,0.9954419136047364,True,5.0
Valsequillo,Hartbeespoort,T-Val_V-Har_15px_2026-07-22,15,inner,12,0.0742104030193113,0.171613083565681,0.934547245502472,0.9316897988319396,0.9597883820533752,0.9051896333694458,0.9836831092834472,0.9744986295700072,0.9744226336479188,0.972571074962616,0.9762812852859496,0.9960654973983764,True,5.0
Valsequillo,Hartbeespoort,T-Val_V-Har_15px_2026-07-22,15,inner,13,0.0740999074927491,0.1297742241599842,0.9537401795387268,0.952187180519104,0.9709543585777284,0.9341317415237428,0.98993182182312,0.9756540656089784,0.975545048713684,0.9751408696174622,0.9759495854377748,0.9959158301353456,True,5.0
Valsequillo,Hartbeespoort,T-Val_V-Har_15px_2026-07-22,15,inner,14,0.0754192645987499,0.1750610738582029,0.9315944910049438,0.9277170896530152,0.96851247549057,0.8902195692062378,0.9848604202270508,0.9753239154815674,0.9752627015113832,0.9729283452033995,0.9776082038879396,0.9956859350204468,True,5.0
Valsequillo,Hartbeespoort,T-Val_V-Har_15px_2026-07-22,15,inner,15,0.0739556561317394,0.175136488400341,0.9429134130477904,0.9405128359794616,0.9672995805740356,0.9151696562767028,0.986868977546692,0.9760667085647584,0.9759854078292848,0.9745328426361084,0.9774423837661744,0.9957871437072754,True,5.0
Valsequillo,Rodman,T-Val_V-Rod_15px_2026-07-22,15,inner,1,0.2810341127040198,0.4355359875198443,0.8222330808639526,0.8076311349868774,0.8809248805046082,0.7455968856811523,0.943269670009613,0.8842818140983582,0.8810998797416687,0.8990301489830017,0.8638708591461182,0.951752781867981,True,12.0
Valsequillo,Rodman,T-Val_V-Rod_15px_2026-07-22,15,inner,2,0.1659733264422332,0.2990864098042862,0.8893241882324219,0.8896484375,0.88791424036026,0.8913894295692444,0.9599487781524658,0.944825291633606,0.9444259405136108,0.9442688226699828,0.9445831179618835,0.9819302558898926,True,12.0
Valsequillo,Rodman,T-Val_V-Rod_15px_2026-07-22,15,inner,3,0.1330595758719045,0.217127167075201,0.9333986043930054,0.9348658919334412,0.915572226047516,0.9549902081489564,0.9768217206001282,0.9566366672515868,0.9564279317855836,0.9539735317230223,0.9588949680328368,0.9874770641326904,True,12.0
Valsequillo,Rodman,T-Val_V-Rod_15px_2026-07-22,15,inner,4,0.1264934979223482,0.2429516217384002,0.9054847955703736,0.9038365483283995,0.92081218957901,0.8874755501747131,0.9733845591545104,0.9582059979438782,0.9579524397850036,0.9566804766654968,0.9592278003692628,0.9884835481643676,True,12.0
Valsequillo,Rodman,T-Val_V-Rod_15px_2026-07-22,15,inner,5,0.1181374629654074,0.2014145387316544,0.92164546251297,0.9201596975326538,0.9389002323150636,0.90215265750885,0.9809504747390748,0.961179494857788,0.9609829187393188,0.9587543606758118,0.9632218480110168,0.9898581504821776,True,12.0
Valsequillo,Rodman,T-Val_V-Rod_15px_2026-07-22,15,inner,6,0.0930119923225094,0.1626716309704112,0.942213535308838,0.9436485171318054,0.921641767024994,0.9667319059371948,0.9887039065361024,0.9688609838485718,0.9687215089797974,0.965916633605957,0.9715426564216614,0.9933937788009644,True,12.0
Valsequillo,Rodman,T-Val_V-Rod_15px_2026-07-22,15,inner,7,0.090750580562316,0.1633135638145929,0.9368266463279724,0.937530279159546,0.9280920624732972,0.9471624493598938,0.9854408502578736,0.9692739844322203,0.9691132307052612,0.9670256972312928,0.9712098240852356,0.9938640594482422,True,12.0
Valsequillo,Rodman,T-Val_V-Rod_15px_2026-07-22,15,inner,8,0.0890417297166805,0.1580065629799849,0.9412341117858888,0.9405940771102904,0.9519038200378418,0.9295498728752136,0.9839414954185486,0.9710084795951844,0.97092205286026,0.9666776657104492,0.9752038717269896,0.9938037395477296,True,12.0
Valsequillo,Rodman,T-Val_V-Rod_15px_2026-07-22,15,inner,9,0.0904968238242682,0.1429193472885595,0.9451518058776855,0.9448275566101074,0.9513888955116272,0.9383561611175536,0.9874736070632936,0.9702651500701904,0.9701343774795532,0.967245638370514,0.9730404615402222,0.993760585784912,True,12.0
Valsequillo,Rodman,T-Val_V-Rod_15px_2026-07-22,15,inner,10,0.0889915759123119,0.2384585868311821,0.926542580127716,0.9258893132209778,0.9351297616958618,0.9168297648429872,0.9768840074539183,0.9696869850158693,0.9695764183998108,0.965972900390625,0.9732068777084352,0.9938956499099731,True,12.0
Valsequillo,Rodman,T-Val_V-Rod_15px_2026-07-22,15,inner,11,0.0766698784078192,0.0941503017732142,0.9666993021965028,0.967117965221405,0.9560229182243348,0.9784736037254332,0.9958980679512024,0.9749731421470642,0.9749109745025636,0.9701713919639589,0.9796971082687378,0.995222508907318,True,12.0
Valsequillo,Rodman,T-Val_V-Rod_15px_2026-07-22,15,inner,12,0.0686435337164793,0.0867563525796753,0.966209590435028,0.9667149186134338,0.9533777236938475,0.980430543422699,0.9963815808296204,0.9767903089523317,0.976682424545288,0.9740152359008788,0.979364275932312,0.9963096380233764,True,12.0
Valsequillo,Rodman,T-Val_V-Rod_15px_2026-07-22,15,inner,13,0.0709048025496965,0.1822843124668582,0.9451518058776855,0.945365846157074,0.9426069855690002,0.9481409192085266,0.9872592091560364,0.9780292510986328,0.977932631969452,0.975020706653595,0.980862021446228,0.995807409286499,True,12.0
Valsequillo,Rodman,T-Val_V-Rod_15px_2026-07-22,15,inner,14,0.0710277849490022,0.1206206371542522,0.9510284066200256,0.9510284066200256,0.9519608020782472,0.9500978589057922,0.9913232326507568,0.9758816957473756,0.97577565908432,0.972870111465454,0.9786986112594604,0.9960747361183168,True,12.0
Valsequillo,Rodman,T-Val_V-Rod_15px_2026-07-22,15,inner,15,0.0669876384991003,0.159903072689119,0.9485798478126526,0.9487555027008056,0.9464459419250488,0.951076328754425,0.9849161505699158,0.9762120842933656,0.9761075377464294,0.9732009768486024,0.9790314435958862,0.9966223239898682,True,12.0
Valsequillo,Rodman,T-Val_V-Rod_15px_2026-07-22,15,inner,16,0.062169025845729,0.0978550147648306,0.9642507433891296,0.9645459055900574,0.9575698971748352,0.9716242551803588,0.9940255880355836,0.978607416152954,0.9785364866256714,0.974579095840454,0.9825261831283568,0.996880292892456,True,12.0
Valsequillo,Rodman,T-Val_V-Rod_15px_2026-07-22,15,inner,17,0.0571719911386398,0.152403779211112,0.9632713198661804,0.9643027186393738,0.9388322234153748,0.99119371175766,0.988673210144043,0.9804245233535768,0.980349898338318,0.976867139339447,0.9838575720787048,0.9975569248199464,True,12.0
Valsequillo,Rodman,T-Val_V-Rod_15px_2026-07-22,15,inner,18,0.0579452935465931,0.154740697526383,0.9686581492424012,0.9693779945373536,0.9485018849372864,0.99119371175766,0.9910565614700316,0.9814983010292052,0.9814261794090272,0.978020191192627,0.9848560690879822,0.9974054098129272,True,12.0
Valsequillo,Rodman,T-Val_V-Rod_15px_2026-07-22,15,inner,19,0.0565040618026764,0.1652487745831458,0.948090136051178,0.9474727511405944,0.9598393440246582,0.9354207515716552,0.9836057424545288,0.9803419709205629,0.9802522659301758,0.9774945974349976,0.9830254912376404,0.9976568222045898,True,12.0
Valsequillo,Rodman,T-Val_V-Rod_15px_2026-07-22,15,inner,20,0.0559441722598549,0.1755088643033156,0.9456415176391602,0.9456681609153748,0.9461312294006348,0.9452054500579834,0.9848010540008544,0.9804245233535768,0.9803466200828552,0.977024793624878,0.983691155910492,0.9975814819335938,True,12.0
Valsequillo,Rodman,T-Val_V-Rod_15px_2026-07-22,15,inner,21,0.0509883165704117,0.1196106039133583,0.9686581492424012,0.9692603349685668,0.951886773109436,0.9872798323631288,0.9920787215232848,0.982572078704834,0.9825026988983154,0.9791735410690308,0.9858545660972596,0.9981541633605956,True,12.0
Valsequillo,Rodman,T-Val_V-Rod_15px_2026-07-22,15,inner,22,0.0508483801158767,0.1176590133279591,0.9632713198661804,0.963890254497528,0.9488151669502258,0.9794520735740662,0.9914402961730956,0.9830676317214966,0.9829946160316468,0.9799867868423462,0.9860209822654724,0.9979425668716432,True,12.0
Valsequillo,Mula,T-Val_V-Mul_15px_2026-07-22,15,inner,1,0.3046257973625396,0.4601656785342684,0.8132239580154419,0.784880518913269,0.8869346976280212,0.7038883566856384,0.8909351825714111,0.8705804347991943,0.867867112159729,0.8848474621772766,0.8515262007713318,0.9431262612342834,True,12.0
Valsequillo,Mula,T-Val_V-Mul_15px_2026-07-22,15,inner,2,0.1687160249322299,0.3138340268010798,0.8870656490325928,0.8785046935081482,0.9165763854980468,0.8434696197509766,0.950199007987976,0.9432806372642516,0.9432241916656494,0.9425210952758788,0.943928360939026,0.98188316822052,True,12.0
Valsequillo,Mula,T-Val_V-Mul_15px_2026-07-22,15,inner,3,0.1296710388054316,0.3512770728600071,0.873552143573761,0.8636836409568787,0.9031556248664856,0.8275174498558044,0.9394491910934448,0.9587646126747132,0.9586309790611268,0.960066556930542,0.95719975233078,0.9880411624908448,True,12.0
Valsequillo,Mula,T-Val_V-Mul_15px_2026-07-22,15,inner,4,0.1088529633841017,0.4834263160191908,0.7968146800994873,0.7592910528182983,0.890080451965332,0.6620139479637146,0.8930187821388245,0.9656371474266052,0.9656485319137572,0.963654398918152,0.9676509499549866,0.9909657835960388,True,12.0
Valsequillo,Mula,T-Val_V-Mul_15px_2026-07-22,15,inner,5,0.1008597731151021,0.2309901453698463,0.9198841452598572,0.9144330024719238,0.9466382265090942,0.8843469619750977,0.9661548137664796,0.9691976308822632,0.9691132307052612,0.970079779624939,0.9681486487388612,0.9923491477966307,True,12.0
Valsequillo,Mula,T-Val_V-Mul_15px_2026-07-22,15,inner,6,0.0835874992519693,0.3588580078369862,0.86583012342453,0.8455555438995361,0.9548305869102478,0.7587238550186157,0.9676088094711304,0.9728409647941588,0.9727755784988404,0.9734219312667848,0.9721300601959229,0.994650661945343,True,12.0
Valsequillo,Mula,T-Val_V-Mul_15px_2026-07-22,15,inner,7,0.0791617234342291,0.4744960238517021,0.7847490310668945,0.726044237613678,0.9455999732017516,0.589232325553894,0.9513983726501464,0.9740829467773438,0.9740054607391356,0.9752203822135924,0.9727936387062072,0.9951586723327636,True,12.0
Valsequillo,Mula,T-Val_V-Mul_15px_2026-07-22,15,inner,8,0.0785816779340587,0.2972647693856802,0.8904440402984619,0.8788040280342102,0.9459770321846008,0.8205384016036987,0.9684100151062012,0.9747453927993774,0.974674105644226,0.9757273197174072,0.9736230969429016,0.9951367974281312,True,12.0
Valsequillo,Mula,T-Val_V-Mul_15px_2026-07-22,15,inner,9,0.0775270776457173,0.2591224431588843,0.9010617733001708,0.8907831907272339,0.95652174949646,0.8334994912147522,0.9757015705108644,0.9760702252388,0.9760225415229796,0.976265549659729,0.9757797122001648,0.9950430393218994,True,12.0
Valsequillo,Mula,T-Val_V-Mul_15px_2026-07-22,15,inner,10,0.070075131812721,0.301399413424339,0.8986486196517944,0.8903966546058655,0.9342826008796692,0.8504486680030823,0.9623309373855592,0.97648423910141,0.9764510989189148,0.9761273264884948,0.976775050163269,0.9961860179901124,True,12.0
Valsequillo,Mula,T-Val_V-Mul_15px_2026-07-22,15,inner,11,0.058858436576043,0.3230515415258849,0.8832046389579773,0.8714134097099304,0.9328782558441162,0.8175473809242249,0.96038818359375,0.9801275134086608,0.9801225662231444,0.9786635637283324,0.9815859198570251,0.9971546530723572,True,12.0
Valsequillo,Mula,T-Val_V-Mul_15px_2026-07-22,15,inner,12,0.0608568722421516,0.2279054410899468,0.921332061290741,0.916538655757904,0.942105233669281,0.8923230171203613,0.9711049795150756,0.979547917842865,0.979530930519104,0.9786388278007508,0.980424702167511,0.9969419240951538,True,12.0
Valsequillo,Mula,T-Val_V-Mul_15px_2026-07-22,15,inner,13,0.05160525885632,0.3483919352868349,0.8774131536483765,0.8612021803855896,0.952841579914093,0.7856430411338806,0.9677571058273317,0.98302561044693,0.9830086827278136,0.9822759628295898,0.9837425351142884,0.997735321521759,True,12.0
Valsequillo,Mula,T-Val_V-Mul_15px_2026-07-22,15,inner,14,0.0561511740390755,0.350216281431292,0.876447856426239,0.863101601600647,0.9307958483695984,0.8045862317085266,0.9519897103309632,0.9812867641448976,0.981282114982605,0.9798213839530944,0.982747197151184,0.9975053071975708,True,12.0
Valsequillo,Mula,T-Val_V-Mul_15px_2026-07-22,15,inner,15,0.0582119973383025,0.2748639856296156,0.9126448035240172,0.90597403049469,0.9457700848579408,0.8693917989730835,0.9680136442184448,0.9814523458480836,0.9814354181289672,0.9806227087974548,0.9822494983673096,0.9972045421600342,True,12.0
Valsequillo,Mula,T-Val_V-Mul_15px_2026-07-22,15,inner,16,0.0488849176996031,0.3466099643051394,0.8817567825317383,0.8679245114326477,0.9448356628417968,0.8025922179222107,0.9624260663986206,0.9855924248695374,0.985600769519806,0.9833223223686218,0.98788982629776,0.9979275465011596,True,12.0
Valsequillo,Mula,T-Val_V-Mul_15px_2026-07-22,15,inner,17,0.045925265302857,0.2829193159017323,0.9029922485351562,0.8943772912025452,0.945555567741394,0.8484546542167664,0.9674129486083984,0.9851784110069276,0.985163688659668,0.9844293594360352,0.9858991503715516,0.9981096982955932,True,12.0
Valsequillo,Mula,T-Val_V-Mul_15px_2026-07-22,15,inner,18,0.0451510787896094,0.3327746513267281,0.8851351141929626,0.8727272748947144,0.9411764740943908,0.8135592937469482,0.9635844826698304,0.9859236478805542,0.9859341382980348,0.983492910861969,0.9883875250816344,0.9983522295951844,True,12.0
Valsequillo,Mula,T-Val_V-Mul_15px_2026-07-22,15,inner,19,0.0455471885597171,0.3650620477310018,0.8663127422332764,0.8492106795310974,0.935251772403717,0.7776669859886169,0.9593446254730223,0.9855096340179444,0.9854976534843444,0.9846001267433168,0.9863967895507812,0.998065948486328,True,12.0
Valsequillo,Mula,T-Val_V-Mul_15px_2026-07-22,15,inner,20,0.0455327107444364,0.3490344845333845,0.8798262476921082,0.863860011100769,0.9564164876937866,0.7876371145248413,0.96796977519989,0.9841848015785216,0.984192669391632,0.981998324394226,0.9863967895507812,0.998309314250946,True,12.0
Valsequillo,Mula,T-Val_V-Mul_15px_2026-07-22,15,inner,21,0.040985207965307,0.3645832044464396,0.8822394013404846,0.8676789402961731,0.9512485265731812,0.7976071834564209,0.9674614667892456,0.9875797033309937,0.9875848293304444,0.9854641556739808,0.9897146821022034,0.998635470867157,True,12.0
Valsequillo,Mula,T-Val_V-Mul_15px_2026-07-22,15,inner,22,0.0399674395245955,0.369374937446191,0.875,0.8588556051254272,0.9471153616905212,0.7856430411338806,0.964964747428894,0.986586093902588,0.986598253250122,0.983993411064148,0.9892169833183287,0.998679518699646,True,12.0
Valsequillo,Inle,T-Val_V-Inl_15px_2026-07-22,15,inner,1,0.2740064797830518,0.2175078894346952,0.9610000252723694,0.9622458815574646,0.9324578046798706,0.9940000176429749,0.987875998020172,0.8909375071525574,0.8890935182571411,0.8977349400520325,0.8806167840957642,0.9542831182479858,True,8.0
Valsequillo,Inle,T-Val_V-Inl_15px_2026-07-22,15,inner,2,0.1798306218344534,0.1729873371124267,0.9259999990463256,0.9221052527427672,0.9733333587646484,0.8759999871253967,0.9853509664535522,0.9390073418617249,0.9386538863182068,0.9373346567153932,0.9399768114089966,0.9787317514419556,True,8.0
Valsequillo,Inle,T-Val_V-Inl_15px_2026-07-22,15,inner,3,0.1439378811862892,0.1660642210543155,0.9279999732971193,0.9238900542259216,0.9798206090927124,0.8740000128746033,0.9905909299850464,0.9527533054351808,0.95242041349411,0.9522625803947448,0.9525783658027648,0.9858309030532836,True,8.0
Valsequillo,Inle,T-Val_V-Inl_15px_2026-07-22,15,inner,4,0.1283215627844505,0.1193909285366535,0.962000012397766,0.9616161584854126,0.9714285731315612,0.9520000219345092,0.9911190271377563,0.9573627710342408,0.9571475982666016,0.955093264579773,0.9592107534408568,0.9885556101799012,True,8.0
Valsequillo,Inle,T-Val_V-Inl_15px_2026-07-22,15,inner,5,0.1233831231611649,0.1323305651247501,0.9470000267028807,0.9461929202079772,0.960824728012085,0.9319999814033508,0.9907180070877076,0.9592559337615968,0.9589381814002992,0.9594953656196594,0.958381712436676,0.9891550540924072,True,8.0
Valsequillo,Inle,T-Val_V-Inl_15px_2026-07-22,15,inner,6,0.1006868980344759,0.1087405551290139,0.9735000133514404,0.9737233519554138,0.9655850529670716,0.9819999933242798,0.9935779571533204,0.9679809212684632,0.9677472710609436,0.967827558517456,0.967667043209076,0.992325484752655,True,8.0
Valsequillo,Inle,T-Val_V-Inl_15px_2026-07-22,15,inner,7,0.0941455419034965,0.1252297122180461,0.9520000219345092,0.9507187008857728,0.9767932295799256,0.9259999990463256,0.9922630190849304,0.9692155718803406,0.9690294861793518,0.9679073691368104,0.9701542258262634,0.9934848546981812,True,8.0
Valsequillo,Inle,T-Val_V-Inl_15px_2026-07-22,15,inner,8,0.0935611111258433,0.0729989985227584,0.9789999723434448,0.979104459285736,0.9742574095726012,0.984000027179718,0.9956850409507751,0.9677339792251588,0.9675443172454834,0.9662642478942872,0.9688277244567872,0.9939448237419128,True,8.0
Valsequillo,Inle,T-Val_V-Inl_15px_2026-07-22,15,inner,9,0.0930771697390785,0.0825463435780257,0.9760000109672546,0.9762845635414124,0.96484375,0.9879999756813048,0.9958280324935912,0.9698740839958192,0.9696919322013856,0.968569040298462,0.9708174467086792,0.9935764074325562,True,8.0
Valsequillo,Inle,T-Val_V-Inl_15px_2026-07-22,15,inner,10,0.0937041780074353,0.0821339465565979,0.9725000262260436,0.9725959300994872,0.9692155122756958,0.9760000109672546,0.9950234889984132,0.9679809212684632,0.9678539037704468,0.9647446274757384,0.9709832668304444,0.9937385320663452,True,8.0
Valsequillo,Inle,T-Val_V-Inl_15px_2026-07-22,15,inner,11,0.0831380742714354,0.2247793961167335,0.9070000052452089,0.899784505367279,0.9754672646522522,0.8349999785423279,0.9863810539245604,0.9730018973350524,0.9728791117668152,0.97031170129776,0.9754601120948792,0.9945252537727356,True,8.0
Valsequillo,Inle,T-Val_V-Inl_15px_2026-07-22,15,inner,12,0.0729471773543282,0.0911206904947757,0.9670000076293944,0.9670987129211426,0.9642146825790404,0.9700000286102296,0.9935380220413208,0.976952850818634,0.9768211841583252,0.9753678441047668,0.978278875350952,0.9958943128585817,True,8.0
Valsequillo,Inle,T-Val_V-Inl_15px_2026-07-22,15,inner,13,0.0768690915104145,0.0922399021089077,0.9695000052452089,0.9699655175209044,0.9553831219673156,0.9850000143051147,0.9937410354614258,0.9744011759757996,0.9742528200149536,0.9728835821151732,0.9756259322166444,0.9954955577850342,True,8.0
Valsequillo,Inle,T-Val_V-Inl_15px_2026-07-22,15,inner,14,0.0764194095482886,0.0856681450493633,0.9725000262260436,0.9727587699890136,0.9636898636817932,0.9819999933242798,0.9943410158157348,0.9748950600624084,0.9747745990753174,0.9724422693252563,0.977118194103241,0.9953577518463136,True,8.0
Valsequillo,Inle,T-Val_V-Inl_15px_2026-07-22,15,inner,15,0.0695056956451815,0.0917767593520693,0.9714999794960022,0.971990168094635,0.9555555582046508,0.9890000224113464,0.9953889846801758,0.9772821068763732,0.977174997329712,0.97475665807724,0.9796053767204284,0.9962948560714722,True,8.0
Valsequillo,Inle,T-Val_V-Inl_15px_2026-07-22,15,inner,16,0.0607560159462516,0.0849653914012014,0.9729999899864196,0.9731610417366028,0.967391312122345,0.9789999723434448,0.9944444894790648,0.9794221520423888,0.9793012142181396,0.9780056476593018,0.9806002378463744,0.9971486330032348,True,8.0
Valsequillo,Inle,T-Val_V-Inl_15px_2026-07-22,15,inner,17,0.0609966601438361,0.0904136925414204,0.968500018119812,0.9683893918991088,0.9718025922775269,0.9649999737739564,0.9932000041007996,0.9789283275604248,0.9787868857383728,0.9783004522323608,0.9792737364768982,0.9973767995834352,True,8.0
Valsequillo,Inle,T-Val_V-Inl_15px_2026-07-22,15,inner,18,0.0631711276042499,0.0803094062712043,0.9739999771118164,0.974103569984436,0.9702380895614624,0.977999985218048,0.9949679970741272,0.9781875014305116,0.978050172328949,0.977159857749939,0.9789421558380128,0.9970113039016724,True,8.0
Valsequillo,Vembanad,T-Val_V-Vem_15px_2026-07-22,15,inner,1,0.3080154608171781,0.2448792440014762,0.9075924158096312,0.9066128134727478,0.9172624945640564,0.8962075710296631,0.9687933921813964,0.8713262677192688,0.8701072335243225,0.8719187378883362,0.8683031797409058,0.942245364189148,True,24.0
Valsequillo,Vembanad,T-Val_V-Vem_15px_2026-07-22,15,inner,2,0.192021698629384,0.2360694031691649,0.906593382358551,0.9034589529037476,0.9358288645744324,0.8732534646987915,0.97469162940979,0.9365275502204896,0.9362757205963136,0.933113694190979,0.939459264278412,0.9757659435272216,True,24.0
Valsequillo,Vembanad,T-Val_V-Vem_15px_2026-07-22,15,inner,3,0.1673402648504706,0.1545236994113241,0.939060926437378,0.9378185272216796,0.9583333134651184,0.9181636571884156,0.9875000715255736,0.9455832839012146,0.9452950358390808,0.943343222141266,0.9472549557685852,0.9809758067131042,True,24.0
Valsequillo,Vembanad,T-Val_V-Vem_15px_2026-07-22,15,inner,4,0.1431280751220776,0.1572132907160274,0.9490509629249572,0.949404776096344,0.9437869787216188,0.955089807510376,0.9846776127815248,0.951675295829773,0.951427400112152,0.9493064880371094,0.953557789325714,0.9860408306121826,True,24.0
Valsequillo,Vembanad,T-Val_V-Vem_15px_2026-07-22,15,inner,5,0.1283901473607724,0.1055911983736417,0.9590409398078918,0.9599217772483826,0.9406130313873292,0.9800398945808412,0.993266463279724,0.9570264220237732,0.9567379355430604,0.956104040145874,0.9573727250099182,0.9886473417282104,True,24.0
Valsequillo,Vembanad,T-Val_V-Vem_15px_2026-07-22,15,inner,6,0.1030306385492232,0.1030571443386018,0.964035987854004,0.964035987854004,0.9649999737739564,0.9630738496780396,0.9930399060249328,0.966576099395752,0.9663628935813904,0.9654030799865724,0.9673246145248412,0.99227112531662,True,24.0
Valsequillo,Vembanad,T-Val_V-Vem_15px_2026-07-22,15,inner,7,0.0963151447976078,0.1002219408735647,0.9735264778137208,0.9734069108963012,0.9788092970848083,0.9680638909339904,0.9942196011543274,0.9686342477798462,0.9685825109481812,0.963102638721466,0.9741250872612,0.99315345287323,True,24.0
Valsequillo,Vembanad,T-Val_V-Vem_15px_2026-07-22,15,inner,8,0.0977521684568802,0.0801594363824165,0.9670329689979552,0.9674234986305236,0.95703125,0.9780439138412476,0.9955259561538696,0.9659175276756288,0.965762495994568,0.9630545973777772,0.9684856534004213,0.9932342767715454,True,24.0
Valsequillo,Vembanad,T-Val_V-Vem_15px_2026-07-22,15,inner,9,0.0961398015111118,0.0792306559183611,0.9680319428443908,0.9685039520263672,0.955339789390564,0.9820359349250792,0.9959351420402528,0.9684695601463318,0.968344509601593,0.9650741219520568,0.9716370701789856,0.9930213689804076,True,24.0
Valsequillo,Vembanad,T-Val_V-Vem_15px_2026-07-22,15,inner,10,0.0903934868052755,0.0985695207672943,0.9665334820747375,0.9669787883758544,0.9552093744277954,0.9790419340133668,0.992870271205902,0.9692105054855348,0.969080686569214,0.9660457968711852,0.9721347093582152,0.9938569068908693,True,24.0
Valsequillo,Vembanad,T-Val_V-Vem_15px_2026-07-22,15,inner,11,0.0808633904438887,0.086922003870614,0.9685314893722534,0.9690417647361756,0.954501450061798,0.9840319156646729,0.9958393573760986,0.9717625975608826,0.971655249595642,0.968214750289917,0.97512024641037,0.9951977133750916,True,24.0
Valsequillo,Vembanad,T-Val_V-Vem_15px_2026-07-22,15,inner,12,0.0791020386673603,0.1112332693665157,0.9575424790382384,0.9577744603157043,0.953511357307434,0.9620758295059204,0.9923363924026488,0.9735737442970276,0.9734600782394408,0.9704912900924684,0.9764471650123596,0.9951143264770508,True,24.0
Valsequillo,Vembanad,T-Val_V-Vem_15px_2026-07-22,15,inner,13,0.0731039586900742,0.0792722050319207,0.9625374674797058,0.9631087183952332,0.9495635032653807,0.9770458936691284,0.9962105751037598,0.9743969440460204,0.9742869138717652,0.9713155031204224,0.9772765040397644,0.9960617423057556,True,24.0
Valsequillo,Vembanad,T-Val_V-Vem_15px_2026-07-22,15,inner,14,0.07766550897738,0.0666896363256962,0.9730269908905028,0.9735034108161926,0.9575289487838744,0.9900199770927428,0.9973812699317932,0.973491370677948,0.9734147787094116,0.969094216823578,0.9777740836143494,0.9954018592834472,True,24.0
Valsequillo,Vembanad,T-Val_V-Vem_15px_2026-07-22,15,inner,15,0.0777225020864701,0.0602621401064228,0.9780219793319702,0.9783677458763124,0.9641472697257996,0.9930139780044556,0.9976816177368164,0.9743969440460204,0.9742613434791564,0.9722497463226318,0.9762812852859496,0.995558738708496,True,24.0
Valsequillo,Vembanad,T-Val_V-Vem_15px_2026-07-22,15,inner,16,0.0649857760672388,0.0748158255466385,0.9675324559211732,0.967837691307068,0.9597644805908204,0.976047933101654,0.9965688586235046,0.976702094078064,0.9766212105751038,0.9728440046310424,0.9804279208183287,0.9967080354690552,True,24.0
Valsequillo,Vembanad,T-Val_V-Vem_15px_2026-07-22,15,inner,17,0.0623323371549702,0.0681416715519013,0.9705294966697692,0.9709216356277466,0.9591041803359984,0.9830339550971984,0.9972774386405944,0.9768667221069336,0.9767826199531556,0.9731643199920654,0.9804279208183287,0.9970598220825196,True,24.0
Valsequillo,Vembanad,T-Val_V-Vem_15px_2026-07-22,15,inner,18,0.0637137927941476,0.0708696554045329,0.9690309762954712,0.9694581031799316,0.957198441028595,0.9820359349250792,0.996954083442688,0.9787601828575134,0.978656530380249,0.976233720779419,0.9810913801193236,0.9968692660331726,True,24.0
Valsequillo,Vembanad,T-Val_V-Vem_15px_2026-07-22,15,inner,19,0.0664335567722833,0.0761263702338287,0.9655344486236572,0.9661266803741456,0.9507246613502502,0.9820359349250792,0.996907114982605,0.9776076674461364,0.9774983525276184,0.9750784039497375,0.979930341243744,0.9966089725494384,True,24.0
Valsequillo,Vembanad,T-Val_V-Vem_15px_2026-07-22,15,inner,20,0.0622349138724869,0.0887000310903677,0.9665334820747375,0.9671407341957092,0.9508196711540222,0.9840319156646729,0.9959760904312134,0.97810161113739,0.9779983162879944,0.9754166007041932,0.9805938005447388,0.997175395488739,True,24.0
Valsequillo,Vembanad,T-Val_V-Vem_15px_2026-07-22,15,inner,21,0.0591978853254237,0.0711308555285838,0.9700299501419068,0.9705304503440856,0.9555125832557678,0.9860279560089112,0.9973852038383484,0.9801596999168396,0.980044722557068,0.978505313396454,0.9815889596939088,0.997340202331543,True,24.0
Valsequillo,Vembanad,T-Val_V-Vem_15px_2026-07-22,15,inner,22,0.0579397403000632,0.0652675420821799,0.9760239720344543,0.976401150226593,0.9622092843055724,0.9910179376602172,0.9976576566696168,0.9804890155792236,0.9803791642189026,0.9786776900291444,0.9820865988731384,0.9973020553588868,True,24.0
Valsequillo,Vembanad,T-Val_V-Vem_15px_2026-07-22,15,inner,23,0.0567675357785852,0.0595193886673533,0.9780219793319702,0.978239357471466,0.9696078300476074,0.9870259761810304,0.9976797103881836,0.9801596999168396,0.9800711274147034,0.9772427678108216,0.9829158782958984,0.9976505637168884,True,24.0
Valsequillo,Vembanad,T-Val_V-Vem_15px_2026-07-22,15,inner,24,0.0555211916868592,0.0594602496385086,0.9775224924087524,0.9777777791023254,0.9677419066429138,0.9880239367485046,0.9978822469711304,0.9816415309906006,0.9815259575843812,0.9804700613021852,0.9825841784477234,0.997613787651062,True,24.0
Valsequillo,Vembanad,T-Val_V-Vem_15px_2026-07-22,15,inner,25,0.0547506572100432,0.0877981357413439,0.9660339951515198,0.9666011929512024,0.9516441226005554,0.9820359349250792,0.9962964057922364,0.9808183312416076,0.9807071089744568,0.9791666865348816,0.9822524189949036,0.9976958632469176,True,24.0
Valsequillo,Vembanad,T-Val_V-Vem_15px_2026-07-22,15,inner,26,0.0518214959171884,0.068813536018896,0.9740259647369384,0.9743083119392396,0.9647749662399292,0.9840319156646729,0.9974151849746704,0.9826294779777528,0.9825316667556764,0.9808264374732972,0.9842427968978882,0.997854232788086,True,24.0
Valsequillo,Vembanad,T-Val_V-Vem_15px_2026-07-22,15,inner,27,0.0528828802546071,0.0765082074750724,0.9685314893722534,0.9690113067626952,0.9553831219673156,0.9830339550971984,0.9969531297683716,0.9820531606674194,0.9819864630699158,0.9784291386604308,0.9855697751045228,0.9978040456771852,True,24.0
Valsequillo,Vembanad,T-Val_V-Vem_15px_2026-07-22,15,inner,28,0.0511267560209017,0.0680017395822617,0.9720279574394226,0.972332000732422,0.9628180265426636,0.9820359349250792,0.9975649118423462,0.9823001623153688,0.982203483581543,0.9803370833396912,0.984076976776123,0.9980355501174928,True,24.0
Valsequillo,Vembanad,T-Val_V-Vem_15px_2026-07-22,15,inner,29,0.0514883718697084,0.0623156889738351,0.9745254516601562,0.9747399687767028,0.9675516486167908,0.9820359349250792,0.9979201555252076,0.9815592169761658,0.9814845323562622,0.9782501459121704,0.984740436077118,0.9980459213256836,True,24.0
Valsequillo,Vembanad,T-Val_V-Vem_15px_2026-07-22,15,inner,30,0.0520266668357809,0.0674777552904142,0.9745254516601562,0.9748148322105408,0.9648093581199646,0.985029935836792,0.9974950551986694,0.9826294779777528,0.9825432300567628,0.9801914691925048,0.9849063158035278,0.9979376792907716,True,24.0
Valsequillo,Vembanad,T-Val_V-Vem_15px_2026-07-22,15,inner,31,0.048317308236575,0.0704089507163334,0.9705294966697692,0.970719575881958,0.9654491543769836,0.976047933101654,0.9973104000091552,0.9840289950370787,0.9839536547660828,0.9813562035560608,0.9865649342536926,0.9982188940048218,True,24.0
Valsequillo,Vembanad,T-Val_V-Vem_15px_2026-07-22,15,inner,32,0.0486124366533489,0.0678719951176679,0.9720279574394226,0.9721670150756836,0.9683168530464172,0.976047933101654,0.997463047504425,0.9825471043586732,0.982450306415558,0.9806643724441528,0.9842427968978882,0.9981945753097534,True,24.0
Valsequillo,Vembanad,T-Val_V-Vem_15px_2026-07-22,15,inner,33,0.0485893110524992,0.0676851518448446,0.9735264778137208,0.9735660552978516,0.9730807542800904,0.9740518927574158,0.997488021850586,0.9831234216690063,0.9830424189567566,0.9805280566215516,0.9855697751045228,0.9981300830841064,True,24.0
Valsequillo,Vembanad,T-Val_V-Vem_15px_2026-07-22,15,inner,34,0.047064747452347,0.0709570501889144,0.9720279574394226,0.9722222089767456,0.966469407081604,0.9780439138412476,0.997099757194519,0.9833703637123108,0.9832698106765748,0.9819685816764832,0.984574556350708,0.9983428716659546,True,24.0
Valsequillo,RawaPening,T-Val_V-Raw_15px_2026-07-22,15,inner,1,0.3065680600399145,0.2175496179800291,0.9265734553337096,0.9310829639434814,0.8779841065406799,0.9910179376602172,0.9852924346923828,0.8666337132453918,0.8648422956466675,0.8700688481330872,0.8596782088279724,0.9431400299072266,True,17.0
Valsequillo,RawaPening,T-Val_V-Raw_15px_2026-07-22,15,inner,2,0.1806393406541198,0.1944567612953834,0.9345654249191284,0.9383529424667358,0.8878005146980286,0.9950099587440492,0.9849061965942384,0.935621976852417,0.93535053730011,0.9324212670326232,0.938298225402832,0.9796167612075806,True,17.0
Valsequillo,RawaPening,T-Val_V-Raw_15px_2026-07-22,15,inner,3,0.1459386734385603,0.1683386566338839,0.9430569410324096,0.9458174705505372,0.9029037952423096,0.9930139780044556,0.9884231686592102,0.9511813521385192,0.95090651512146,0.949256181716919,0.9525626301765442,0.9857447147369384,True,17.0
Valsequillo,RawaPening,T-Val_V-Raw_15px_2026-07-22,15,inner,4,0.1262430780790878,0.1787198512116214,0.9400599598884584,0.9430739879608154,0.8987341523170471,0.9920159578323364,0.9928084015846252,0.959331512451172,0.9590245485305786,0.9591836929321288,0.9588654637336732,0.9887189865112304,True,17.0
Valsequillo,RawaPening,T-Val_V-Raw_15px_2026-07-22,15,inner,5,0.1206533665746337,0.2160134604879907,0.9305694103240968,0.9345882534980774,0.8842386603355408,0.9910179376602172,0.9895992875099182,0.9608957171440125,0.9607535600662231,0.9571946263313292,0.964339017868042,0.9898600578308104,True,17.0
Valsequillo,RawaPening,T-Val_V-Raw_15px_2026-07-22,15,inner,6,0.1043428028944054,0.1265617273561842,0.957042932510376,0.9584138989448548,0.9296435117721558,0.9890219569206238,0.9910279512405396,0.965094268321991,0.964877426624298,0.96375972032547,0.9659976959228516,0.9922775626182556,True,17.0
Valsequillo,RawaPening,T-Val_V-Raw_15px_2026-07-22,15,inner,7,0.0944660607346013,0.1263749993719778,0.9560439586639404,0.9577329754829408,0.9231481552124025,0.9950099587440492,0.9919551014900208,0.9673993587493896,0.967207670211792,0.9657681584358216,0.968651533126831,0.9935620427131652,True,17.0
Valsequillo,RawaPening,T-Val_V-Raw_15px_2026-07-22,15,inner,8,0.0865553447599027,0.1213402527642178,0.9560439586639404,0.9573230147361756,0.9311320781707764,0.985029935836792,0.9936686158180236,0.9701160788536072,0.9699826240539552,0.9671833515167236,0.9727981686592102,0.9942461252212524,True,17.0
Valsequillo,RawaPening,T-Val_V-Raw_15px_2026-07-22,15,inner,9,0.0878553350456135,0.1281291044333002,0.957042932510376,0.9582118391990662,0.933712124824524,0.9840319156646729,0.991234540939331,0.9713509678840636,0.9711777567863464,0.9698925018310548,0.9724664092063904,0.9940618276596068,True,17.0
Valsequillo,RawaPening,T-Val_V-Raw_15px_2026-07-22,15,inner,10,0.0916869096415635,0.1542113771686306,0.9595404863357544,0.9608127474784852,0.9323943853378296,0.9910179376602172,0.9856002926826476,0.9700337648391724,0.9698824882507324,0.96764075756073,0.9721347093582152,0.993657112121582,True,17.0
Valsequillo,RawaPening,T-Val_V-Raw_15px_2026-07-22,15,inner,11,0.0759205803728387,0.1188533458892222,0.958541452884674,0.9596499800682068,0.935545027256012,0.985029935836792,0.993587851524353,0.9753848910331726,0.9752708673477172,0.9726163148880004,0.9779399633407592,0.9953891038894652,True,17.0
Valsequillo,RawaPening,T-Val_V-Raw_15px_2026-07-22,15,inner,12,0.0727687853262671,0.112023774947558,0.962037980556488,0.9629990458488464,0.9401140809059144,0.9870259761810304,0.994381308555603,0.9762080907821656,0.9761176705360411,0.9726613759994508,0.979598581790924,0.9959908723831176,True,17.0
Valsequillo,RawaPening,T-Val_V-Raw_15px_2026-07-22,15,inner,13,0.0694306416428902,0.1318782978578583,0.9595404863357544,0.960774838924408,0.9332079291343688,0.9900199770927428,0.993554413318634,0.9780192375183104,0.9779028296470642,0.975883722305298,0.979930341243744,0.9962770938873292,True,17.0
Valsequillo,RawaPening,T-Val_V-Raw_15px_2026-07-22,15,inner,14,0.0751926218387746,0.1619123786159388,0.9445554614067078,0.9469660520553588,0.9083409905433656,0.9890219569206238,0.990387201309204,0.974150002002716,0.9740238189697266,0.9716124534606934,0.9764471650123596,0.9956152439117432,True,17.0
Valsequillo,RawaPening,T-Val_V-Raw_15px_2026-07-22,15,inner,15,0.0705279260265026,0.1332348121756261,0.9580419659614564,0.9591836929321288,0.9346590638160706,0.985029935836792,0.9881916046142578,0.9765374064445496,0.9764131307601928,0.97439706325531,0.9784375429153442,0.9961776733398438,True,17.0
Valsequillo,RawaPening,T-Val_V-Raw_15px_2026-07-22,15,inner,16,0.06162238173353,0.1130601068480418,0.9635364413261414,0.9643380641937256,0.9444975852966307,0.985029935836792,0.9929091930389404,0.9789248108863832,0.978814959526062,0.976713478565216,0.9809255003929138,0.9970426559448242,True,17.0
Valsequillo,RawaPening,T-Val_V-Raw_15px_2026-07-22,15,inner,17,0.0582393199814779,0.1099729151311484,0.9615384340286256,0.962493896484375,0.940057098865509,0.9860279560089112,0.9941656589508056,0.9808183312416076,0.9807167053222656,0.9786917567253112,0.9827500581741332,0.9973816871643066,True,17.0
Valsequillo,RawaPening,T-Val_V-Raw_15px_2026-07-22,15,inner,18,0.0578304950678123,0.1229783453691106,0.9615384340286256,0.9623839855194092,0.9425837397575378,0.9830339550971984,0.9910509586334229,0.9817239046096802,0.981637716293335,0.97904634475708,0.9842427968978882,0.997145652770996,True,17.0
Valsequillo,RawaPening,T-Val_V-Raw_15px_2026-07-22,15,inner,19,0.0579369626488471,0.1221073323909145,0.96053946018219,0.961519718170166,0.9391056299209596,0.985029935836792,0.992681622505188,0.9812299609184264,0.9811102151870728,0.98013573884964,0.9820865988731384,0.997300624847412,True,17.0
Valsequillo,RawaPening,T-Val_V-Raw_15px_2026-07-22,15,inner,20,0.0551727223557739,0.1348061309141161,0.9560439586639404,0.9573230147361756,0.9311320781707764,0.985029935836792,0.9927834272384644,0.9816415309906006,0.981544315814972,0.979517698287964,0.9835793375968932,0.9977075457572936,True,17.0
Valsequillo,RawaPening,T-Val_V-Raw_15px_2026-07-22,15,inner,21,0.051732387884714,0.1306694702865866,0.958541452884674,0.9596107006072998,0.9363722801208496,0.9840319156646729,0.9919012188911438,0.9826294779777528,0.9825432300567628,0.9801914691925048,0.9849063158035278,0.997864544391632,True,17.0
Valsequillo,RawaPening,T-Val_V-Raw_15px_2026-07-22,15,inner,22,0.0517382048342766,0.1160513552484455,0.9615384340286256,0.9624207019805908,0.9417383074760436,0.9840319156646729,0.9927394986152648,0.9818885326385498,0.9818061590194702,0.979053258895874,0.984574556350708,0.9978861808776855,True,17.0
Valsequillo,RawaPening,T-Val_V-Raw_15px_2026-07-22,15,inner,23,0.0500390208451637,0.1188272240015303,0.9590409398078918,0.9600778818130492,0.9372623562812804,0.9840319156646729,0.9933303594589232,0.9826294779777528,0.982549011707306,0.9798746109008788,0.9852380156517028,0.9979963898658752,True,17.0
Valsequillo,RawaPening,T-Val_V-Raw_15px_2026-07-22,15,inner,24,0.0465357533104872,0.1253352393866046,0.9600399732589722,0.9609375,0.9407265782356262,0.9820359349250792,0.9913492798805236,0.984358251094818,0.984284520149231,0.9816861748695374,0.9868966937065125,0.9984133243560792,True,17.0
Valsequillo,RawaPening,T-Val_V-Raw_15px_2026-07-22,15,inner,25,0.0470724814149213,0.1328326528901225,0.9550449848175048,0.9562256932258606,0.9326375722885132,0.9810379147529602,0.9905030131340028,0.9841936230659484,0.984105944633484,0.9823169708251952,0.9859014749526978,0.9980673789978028,True,17.0
Valsequillo,RawaPening,T-Val_V-Raw_15px_2026-07-22,15,inner,26,0.0436454131769009,0.1311551307274082,0.9595404863357544,0.9604299068450928,0.9406698346138,0.9810379147529602,0.990967094898224,0.985840141773224,0.9857662916183472,0.9836498498916626,0.9878918528556824,0.9983953237533568,True,17.0
Valsequillo,RawaPening,T-Val_V-Raw_15px_2026-07-22,15,inner,27,0.0474268734992419,0.1306316213953038,0.9590409398078918,0.960038959980011,0.938095211982727,0.9830339550971984,0.991008996963501,0.9838643074035645,0.9837613701820374,0.9827843308448792,0.984740436077118,0.9982690811157228,True,17.0
Valsequillo,Winam,T-Val_V-Win_15px_2026-07-22,15,inner,1,0.2953439047993946,0.5272436378567501,0.8894447088241577,0.8948119878768921,0.8537693023681641,0.9399999976158142,0.8999024033546448,0.8758024573326111,0.8729904890060425,0.8864957094192505,0.8598905801773071,0.9472330808639526,True,3.0
Valsequillo,Winam,T-Val_V-Win_15px_2026-07-22,15,inner,2,0.1769667299686635,0.455537554534947,0.9089545011520386,0.9147141575813292,0.8606702089309692,0.9760000109672546,0.9246561527252196,0.9394238591194152,0.9390122890472412,0.9385456442832948,0.9394793510437012,0.979803740978241,True,3.0
Valsequillo,Winam,T-Val_V-Win_15px_2026-07-22,15,inner,3,0.1473797562877827,0.2076653771079366,0.9449725151062012,0.9470644593238832,0.9128015041351318,0.984000027179718,0.9588898420333862,0.9493004083633424,0.9489474296569824,0.9486329555511476,0.9492621421813964,0.985526978969574,True,3.0
Valsequillo,Winam,T-Val_V-Win_15px_2026-07-22,15,inner,4,0.1307260912019039,0.3789439119816501,0.932466208934784,0.9359278678894044,0.8906955718994141,0.9860000014305116,0.948973536491394,0.9562963247299194,0.9560612440109252,0.954245150089264,0.9578842520713806,0.9882877469062804,True,3.0
Valsequillo,Winam,T-Val_V-Win_15px_2026-07-22,15,inner,5,0.1220655933267785,0.3299666825689379,0.9419710040092468,0.9445506930351256,0.9047619104385376,0.9879999756813048,0.9477552771568298,0.9586008191108704,0.958426296710968,0.955504298210144,0.9613662958145142,0.9896267056465148,True,3.0
Valsequillo,Winam,T-Val_V-Win_15px_2026-07-22,15,inner,6,0.1013318210325123,0.3571884670446703,0.9344672560691832,0.9364386200904846,0.9095193147659302,0.9649999737739564,0.9528338313102722,0.9679835438728333,0.967837929725647,0.9652044773101808,0.9704858064651488,0.9921770691871644,True,3.0
Valsequillo,Winam,T-Val_V-Win_15px_2026-07-22,15,inner,7,0.0947107320226759,0.3420081793131673,0.9259629845619202,0.928225040435791,0.901129961013794,0.9570000171661376,0.9449129104614258,0.968641996383667,0.9684524536132812,0.9672510623931884,0.969656765460968,0.9933542013168336,True,3.0
Valsequillo,Winam,T-Val_V-Win_15px_2026-07-22,15,inner,8,0.089771644248332,0.347217421498841,0.9304652214050292,0.9331409335136414,0.8989805579185486,0.9700000286102296,0.9472382068634032,0.9707819223403932,0.9706684350967408,0.967391312122345,0.9739678502082824,0.9938644766807556,True,3.0
Valsequillo,Winam,T-Val_V-Win_15px_2026-07-22,15,inner,9,0.0939640306923615,0.3174902451200864,0.945972979068756,0.9475218653678894,0.9215500950813292,0.975000023841858,0.9595395922660828,0.9711934328079224,0.9710408449172974,0.9691164493560792,0.9729729890823364,0.9932422637939452,True,3.0
Valsequillo,Winam,T-Val_V-Win_15px_2026-07-22,15,inner,10,0.0888616308385943,0.376229317629042,0.9279639720916748,0.930232584476471,0.902255654335022,0.959999978542328,0.951089084148407,0.9706172943115234,0.970483660697937,0.9678429961204528,0.9731388092041016,0.9939916729927064,True,3.0
Valsequillo,Winam,T-Val_V-Win_15px_2026-07-22,15,inner,11,0.0791658873402287,0.268666150079226,0.9254627227783204,0.925163209438324,0.9293642640113832,0.9210000038146972,0.9623964428901672,0.9734979271888732,0.9733355641365052,0.9722084403038024,0.9744652509689332,0.9952823519706726,True,3.0
Valsequillo,Winam,T-Val_V-Win_15px_2026-07-22,15,inner,12,0.076432104137086,0.3530182861549023,0.9089545011520386,0.9059917330741882,0.936965823173523,0.8769999742507935,0.9615365266799928,0.9746502041816713,0.974515974521637,0.9725846648216248,0.9764549732208252,0.9954879283905028,True,3.0
Valsequillo,Winam,T-Val_V-Win_15px_2026-07-22,15,inner,13,0.0793618883094424,0.2966327155590115,0.9179589748382568,0.918811857700348,0.9098039269447328,0.9279999732971193,0.9570580720901488,0.9746502041816713,0.9744948744773864,0.9733664393424988,0.9756259322166444,0.9947971105575562,True,3.0
Valsequillo,,Test_Val_outer_15px_2026-07-22,15,outer,1,0.3041368758617774,,,,,,,0.8782953023910522,0.8763819336891174,0.8847659230232239,0.868155300617218,0.943397045135498,True,
Valsequillo,,Test_Val_outer_15px_2026-07-22,15,outer,2,0.1901948415014135,,,,,,,0.9345536828041076,0.934008002281189,0.936009168624878,0.9320153594017028,0.97712641954422,True,
Valsequillo,,Test_Val_outer_15px_2026-07-22,15,outer,3,0.1467491831827672,,,,,,,0.9497491121292114,0.9493409395217896,0.9511707425117492,0.9475181102752686,0.9857420325279236,True,
Valsequillo,,Test_Val_outer_15px_2026-07-22,15,outer,4,0.1320333825507908,,,,,,,0.955827295780182,0.9554747939109802,0.9571795463562012,0.9537761211395264,0.9880395531654358,True,
Valsequillo,,Test_Val_outer_15px_2026-07-22,15,outer,5,0.1225638038656051,,,,,,,0.9595024585723876,0.9592431783676147,0.9594479203224182,0.9590385556221008,0.9891084432601928,True,
Valsequillo,,Test_Val_outer_15px_2026-07-22,15,outer,6,0.1034566972822559,,,,,,,0.9657926559448242,0.9655956625938416,0.9651840329170228,0.9660077095031738,0.992251992225647,True,
Valsequillo,,Test_Val_outer_15px_2026-07-22,15,outer,7,0.100135884809252,,,,,,,0.9660046696662904,0.9658405184745787,0.9645389914512634,0.9671455025672911,0.9927566051483154,True,
Valsequillo,,Test_Val_outer_15px_2026-07-22,15,outer,8,0.0903437040776227,,,,,,,0.9700332283973694,0.969882071018219,0.968781054019928,0.9709856510162354,0.9940013885498048,True,
Valsequillo,,Test_Val_outer_15px_2026-07-22,15,outer,9,0.0939272033056646,,,,,,,0.9684783220291138,0.9683732986450196,0.965634286403656,0.9711278676986694,0.9933524131774902,True,
Valsequillo,,Test_Val_outer_15px_2026-07-22,15,outer,10,0.0900086827533507,,,,,,,0.9699625372886658,0.9698217511177064,0.9683777689933776,0.9712700843811036,0.9938113689422609,True,
Valsequillo,,Test_Val_outer_15px_2026-07-22,15,outer,11,0.0755696742020611,,,,,,,0.9736377000808716,0.9735217094421388,0.9717970490455629,0.9752524495124816,0.9957072734832764,True,
Valsequillo,,Test_Val_outer_15px_2026-07-22,15,outer,12,0.0765497428160672,,,,,,,0.9749099016189576,0.9748137593269348,0.97253680229187,0.9771013855934144,0.9955463409423828,True,
RawaPening,Hartbeespoort,T-Raw_V-Har_15px_2026-07-22,15,inner,1,0.2676224580668265,0.1547921565764649,0.9537401795387268,0.9517948627471924,0.9789029359817504,0.9261476993560792,0.9935091733932496,0.8860551118850708,0.884187638759613,0.8942828178405762,0.8743178248405457,0.957361936569214,True,7.0
RawaPening,Hartbeespoort,T-Raw_V-Har_15px_2026-07-22,15,inner,2,0.1496531703721246,0.1391255256580555,0.959645688533783,0.9591633677482604,0.9572564363479614,0.961077868938446,0.98599112033844,0.9472644925117492,0.9471427202224731,0.944572389125824,0.9497271180152892,0.9856730699539183,True,7.0
RawaPening,Hartbeespoort,T-Raw_V-Har_15px_2026-07-22,15,inner,3,0.1210931084857022,0.0890383382921847,0.9739173054695128,0.9735660552978516,0.9730807542800904,0.9740518927574158,0.9913357496261596,0.9591114521026612,0.9589493870735168,0.957920789718628,0.9599801301956176,0.9899989366531372,True,7.0
RawaPening,Hartbeespoort,T-Raw_V-Har_15px_2026-07-22,15,inner,4,0.1210547007335306,0.0773372537801115,0.9832677245140076,0.983134925365448,0.9773175716400146,0.9890219569206238,0.9963471293449402,0.9615796208381652,0.9613762497901917,0.9616148471832277,0.9611377716064452,0.9897304773330688,True,7.0
RawaPening,Hartbeespoort,T-Raw_V-Har_15px_2026-07-22,15,inner,5,0.1156076183692019,0.150664450710742,0.959645688533783,0.9589589834213256,0.9618473649024964,0.9560878276824952,0.9838817119598388,0.9619909524917604,0.9618055820465088,0.961646556854248,0.9619646072387696,0.9907087087631226,True,7.0
RawaPening,Hartbeespoort,T-Raw_V-Har_15px_2026-07-22,15,inner,6,0.0910902567514295,0.0967079863020064,0.9783464670181274,0.978217840194702,0.9705304503440856,0.9860279560089112,0.9873030185699464,0.970053493976593,0.96995210647583,0.9683533906936646,0.9715561270713806,0.9940378069877625,True,7.0
RawaPening,Hartbeespoort,T-Raw_V-Har_15px_2026-07-22,15,inner,7,0.088630265069812,0.0759455920458316,0.9788385629653932,0.9786600470542908,0.973346471786499,0.9840319156646729,0.9944329857826232,0.970053493976593,0.9699769020080566,0.9675827026367188,0.9723830223083496,0.994484543800354,True,7.0
RawaPening,Hartbeespoort,T-Raw_V-Har_15px_2026-07-22,15,inner,8,0.0858683650494112,0.1276829388857943,0.9443897604942322,0.9420215487480164,0.9693769812583924,0.916167676448822,0.9922969341278076,0.9723570346832277,0.9722405672073364,0.9714379906654358,0.9730445146560668,0.9944905042648317,True,7.0
RawaPening,Hartbeespoort,T-Raw_V-Har_15px_2026-07-22,15,inner,9,0.0840349478805717,0.2074519072001154,0.9286417365074158,0.9239643216133118,0.9734806418418884,0.8792415261268616,0.9875433444976808,0.9720279574394226,0.9718915224075316,0.971730887889862,0.972052276134491,0.9952264428138732,True,7.0
RawaPening,Hartbeespoort,T-Raw_V-Har_15px_2026-07-22,15,inner,10,0.0789079997659416,0.108104257853555,0.9689960479736328,0.9687034487724304,0.9643917083740234,0.9730538725852966,0.9898983240127563,0.9739202260971068,0.973799467086792,0.9733971953392028,0.9742020964622498,0.9954906105995178,True,7.0
RawaPening,Hartbeespoort,T-Raw_V-Har_15px_2026-07-22,15,inner,11,0.0683903700791234,0.1915358782518567,0.9281495809555054,0.9237995743751526,0.9682713150978088,0.8832335472106934,0.9808131456375122,0.9785273671150208,0.9784741997718812,0.9759789109230042,0.9809823036193848,0.9962365627288818,True,7.0
RawaPening,Hartbeespoort,T-Raw_V-Har_15px_2026-07-22,15,inner,12,0.0689195855330263,0.1997792104233467,0.9251968264579772,0.9208333492279052,0.9629629850387572,0.8822355270385742,0.979145646095276,0.977540135383606,0.9774733781814576,0.9754611253738404,0.9794939756393432,0.9964382648468018,True,7.0
RawaPening,Hartbeespoort,T-Raw_V-Har_15px_2026-07-22,15,inner,13,0.0675063583488047,0.1268810335964727,0.9562007784843444,0.9552088379859924,0.9634518027305604,0.9471057653427124,0.988389253616333,0.978033721446991,0.977968454360962,0.9759551882743835,0.9799900650978088,0.996414601802826,True,7.0
RawaPening,Hartbeespoort,T-Raw_V-Har_15px_2026-07-22,15,inner,14,0.065565466903478,0.1911299193615284,0.9340550899505616,0.9298429489135742,0.9779735803604126,0.886227548122406,0.9901555776596068,0.9791855216026306,0.9791133403778076,0.977579951286316,0.980651557445526,0.9968799352645874,True,7.0
RawaPening,Hartbeespoort,T-Raw_V-Har_15px_2026-07-22,15,inner,15,0.0637000536278705,0.1517306992776809,0.936515748500824,0.932847499847412,0.9749727845191956,0.8942115902900696,0.9907863736152648,0.9789386987686156,0.9788534641265868,0.9778841137886048,0.979824721813202,0.996895670890808,True,7.0
RawaPening,Hartbeespoort,T-Raw_V-Har_15px_2026-07-22,15,inner,16,0.0573524217102531,0.1323704625109548,0.9493110179901124,0.9470980763435364,0.9756613969802856,0.9201596975326538,0.99177086353302,0.9820650219917296,0.9819924235343932,0.9810199737548828,0.9829667806625366,0.9976399540901184,True,7.0
RawaPening,Hartbeespoort,T-Raw_V-Har_15px_2026-07-22,15,inner,17,0.0565096436908942,0.1093956958502531,0.960629940032959,0.9597585797309875,0.9675456285476683,0.9520958065986632,0.9916496872901917,0.9813245534896852,0.9812536239624025,0.9800395965576172,0.9824706315994264,0.9976599812507628,True,7.0
RawaPening,Rodman,T-Raw_V-Rod_15px_2026-07-22,15,inner,1,0.2466946360651678,0.2561975242633894,0.9588638544082642,0.9604519605636596,0.9255898594856262,0.9980430603027344,0.9829822778701782,0.9033346772193908,0.9021666646003724,0.9062447547912598,0.8981251120567322,0.963524341583252,True,34.0
RawaPening,Rodman,T-Raw_V-Rod_15px_2026-07-22,15,inner,2,0.1476923072200687,0.2147495228209761,0.9118511080741882,0.9119373559951782,0.9119373559951782,0.9119373559951782,0.9724348783493042,0.9494442343711852,0.9491047859191896,0.9483187198638916,0.9498921632766724,0.9858013391494752,True,34.0
RawaPening,Rodman,T-Raw_V-Rod_15px_2026-07-22,15,inner,3,0.113051309721516,0.2665333903151091,0.8971596360206604,0.8978599309921265,0.8926498889923096,0.9031311273574828,0.966989040374756,0.9617949724197388,0.9615957736968994,0.9593724012374878,0.9638294577598572,0.9909889698028564,True,34.0
RawaPening,Rodman,T-Raw_V-Rod_15px_2026-07-22,15,inner,4,0.1047412033929359,0.3032103298810273,0.8873653411865234,0.8864758014678955,0.8944222927093506,0.878669261932373,0.9507271647453308,0.9644297957420348,0.9641553163528442,0.9643153548240662,0.9639953374862672,0.9922432899475098,True,34.0
RawaPening,Rodman,T-Raw_V-Rod_15px_2026-07-22,15,inner,5,0.1024520666631051,0.2131834354736896,0.9466209411621094,0.948316752910614,0.9199631810188292,0.9784736037254332,0.9821059107780457,0.9660765528678894,0.9658940434455872,0.9638196229934692,0.9679774641990662,0.9922702312469482,True,34.0
RawaPening,Rodman,T-Raw_V-Rod_15px_2026-07-22,15,inner,6,0.0898708021063503,0.222788801418579,0.9133203029632568,0.9151079058647156,0.8974600434303284,0.9334638118743896,0.9752417802810668,0.9712638854980468,0.9711116552352904,0.9689461588859558,0.9732868671417236,0.993583083152771,True,34.0
RawaPening,Rodman,T-Raw_V-Rod_15px_2026-07-22,15,inner,7,0.083162627302604,0.2228253752752102,0.9167482852935792,0.9159248471260072,0.9259999990463256,0.9060665369033812,0.9740819334983826,0.9746397733688354,0.9745286107063292,0.9714756608009338,0.9776008129119872,0.9945865273475648,True,34.0
RawaPening,Rodman,T-Raw_V-Rod_15px_2026-07-22,15,inner,8,0.0793408644830017,0.173961383296974,0.9333986043930054,0.9343629479408264,0.9219047427177428,0.9471624493598938,0.9818071126937866,0.9742280840873718,0.9741129875183104,0.9711411595344543,0.977103054523468,0.9951868653297424,True,34.0
RawaPening,Rodman,T-Raw_V-Rod_15px_2026-07-22,15,inner,9,0.0751934025974958,0.2030177578169498,0.9285014867782592,0.9290573596954346,0.92277991771698,0.9354207515716552,0.9729433059692384,0.975380837917328,0.9752871990203856,0.9716732501983644,0.9789281487464904,0.99561870098114,True,34.0
RawaPening,Rodman,T-Raw_V-Rod_15px_2026-07-22,15,inner,10,0.075177513440084,0.230929481527831,0.9524975419044496,0.9543958902359008,0.918552041053772,0.9931507110595704,0.9873796701431274,0.975380837917328,0.9752421975135804,0.9733884334564208,0.977103054523468,0.995610237121582,True,34.0
RawaPening,Rodman,T-Raw_V-Rod_15px_2026-07-22,15,inner,11,0.0687403017659616,0.1609440741004252,0.9500489830970764,0.951335906982422,0.9283053874969482,0.97553813457489,0.9850725531578064,0.9773569107055664,0.9772708415985109,0.973649561405182,0.9809191823005676,0.996219277381897,True,34.0
RawaPening,Rodman,T-Raw_V-Rod_15px_2026-07-22,15,inner,12,0.0634497925580873,0.148309539686104,0.960332989692688,0.9611137509346008,0.9434495568275452,0.9794520735740662,0.9882391691207886,0.9796624183654784,0.9795648455619812,0.9768977165222168,0.9822465777397156,0.9967272281646729,True,34.0
RawaPening,Rodman,T-Raw_V-Rod_15px_2026-07-22,15,inner,13,0.0607685102853033,0.2314864300140321,0.924094021320343,0.9261553287506104,0.902506947517395,0.951076328754425,0.9705508351325988,0.9805681109428406,0.9804797172546388,0.9775688648223876,0.983407974243164,0.9970206022262572,True,34.0
RawaPening,Rodman,T-Raw_V-Rod_15px_2026-07-22,15,inner,14,0.0582167060449934,0.256880241118729,0.9133203029632568,0.9156741499900818,0.892293393611908,0.9403131008148192,0.9732675552368164,0.9810621738433838,0.9809728860855104,0.9782214164733888,0.9837398529052734,0.9972648620605468,True,34.0
RawaPening,Rodman,T-Raw_V-Rod_15px_2026-07-22,15,inner,15,0.061979923185349,0.2302662954683051,0.9280117750167848,0.9297658801078796,0.9084967374801636,0.952054798603058,0.964961051940918,0.9805681109428406,0.9804603457450868,0.978515923023224,0.9824124574661256,0.9968069791793824,True,34.0
RawaPening,Rodman,T-Raw_V-Rod_15px_2026-07-22,15,inner,16,0.0552830807978157,0.1833708070868026,0.9539666771888732,0.9555345177650452,0.9249083995819092,0.9882583022117616,0.9827673435211182,0.9804857969284058,0.9803889393806458,0.9778804779052734,0.9829102158546448,0.997641623020172,True,34.0
RawaPening,Rodman,T-Raw_V-Rod_15px_2026-07-22,15,inner,17,0.0509549451615399,0.1764281280886064,0.9441723823547364,0.9454545378684998,0.9250936508178712,0.9667319059371948,0.9842954874038696,0.9836146831512452,0.9835360050201416,0.9808580875396729,0.98622864484787,0.9980915188789368,True,34.0
RawaPening,Rodman,T-Raw_V-Rod_15px_2026-07-22,15,inner,18,0.0517178450827247,0.1434278703576554,0.954456388950348,0.9546120166778564,0.9522882103919984,0.956947147846222,0.985422670841217,0.9834499955177308,0.9833678007125854,0.9808517694473268,0.9858968257904052,0.9977688789367676,True,34.0
RawaPening,Rodman,T-Raw_V-Rod_15px_2026-07-22,15,inner,19,0.0492523136960105,0.1682352152206988,0.9441723823547364,0.9451923370361328,0.9291115403175354,0.9618395566940308,0.9819270372390748,0.9830383062362672,0.98297518491745,0.9792524576187134,0.9867264032363892,0.998161554336548,True,34.0
RawaPening,Rodman,T-Raw_V-Rod_15px_2026-07-22,15,inner,20,0.0488547210752988,0.1811744010588564,0.937316358089447,0.9378036856651306,0.9314671754837036,0.9442269802093506,0.9796103239059448,0.9838616847991944,0.9837640523910522,0.9822994470596312,0.9852331280708312,0.9981240034103394,True,34.0
RawaPening,Rodman,T-Raw_V-Rod_15px_2026-07-22,15,inner,21,0.0428675490717134,0.1573757383457944,0.9520078301429749,0.9528846144676208,0.9366729855537416,0.9696673154830932,0.9851195812225342,0.9858378171920776,0.9857592582702636,0.9838043451309204,0.9877219200134276,0.998694896697998,True,34.0
RawaPening,Rodman,T-Raw_V-Rod_15px_2026-07-22,15,inner,22,0.0441976545106338,0.1601250569804058,0.9476003646850586,0.947779417037964,0.945472240447998,0.9500978589057922,0.9822474122047424,0.985426127910614,0.9853367805480956,0.9839510321617126,0.9867264032363892,0.9985887408256532,True,34.0
RawaPening,Rodman,T-Raw_V-Rod_15px_2026-07-22,15,inner,23,0.0424320168211939,0.164540938025999,0.9485798478126526,0.9490043520927428,0.942140817642212,0.9559686779975892,0.9858131408691406,0.985426127910614,0.9853561520576476,0.9826732873916626,0.9880537390708924,0.9987627267837524,True,34.0
RawaPening,Rodman,T-Raw_V-Rod_15px_2026-07-22,15,inner,24,0.042989468505547,0.2069586827606692,0.942213535308838,0.9432692527770996,0.927221179008484,0.9598825573921204,0.9754326343536376,0.9862495064735411,0.9861674904823304,0.9846179485321044,0.9877219200134276,0.9985596537590028,True,34.0
RawaPening,Rodman,T-Raw_V-Rod_15px_2026-07-22,15,inner,25,0.0430700095618099,0.1522020555733466,0.9549461603164672,0.955726683139801,0.9403409361839294,0.9716242551803588,0.985830307006836,0.9872375726699828,0.9871762990951538,0.9844884276390076,0.9898788928985596,0.9984290599822998,True,34.0
RawaPening,Rodman,T-Raw_V-Rod_15px_2026-07-22,15,inner,26,0.0386722372410785,0.1576533424690818,0.9515181183815002,0.9519184231758118,0.9450337290763856,0.9589040875434875,0.9845036268234252,0.9876492619514464,0.9875889420509338,0.9849810004234314,0.9902107119560242,0.9989417195320128,True,34.0
RawaPening,Rodman,T-Raw_V-Rod_15px_2026-07-22,15,inner,27,0.0384369725598418,0.1500092256781403,0.9520078301429749,0.9524733424186708,0.9442307949066162,0.9608610272407532,0.9861191511154176,0.9867435097694396,0.9866777062416076,0.9841532111167908,0.9892151951789856,0.998896300792694,True,34.0
RawaPening,Rodman,T-Raw_V-Rod_15px_2026-07-22,15,inner,28,0.0357821391517363,0.1363761183184578,0.9564152956008912,0.9571909308433532,0.9413434267044068,0.9735811948776244,0.9892022609710692,0.9884726405143738,0.9884105920791626,0.9862877726554872,0.9905425310134888,0.9989524483680724,True,34.0
RawaPening,Rodman,T-Raw_V-Rod_15px_2026-07-22,15,inner,29,0.0360789717301977,0.1620971921550422,0.9534769654273988,0.9543049335479736,0.938505232334137,0.970645785331726,0.9827107191085817,0.9884726405143738,0.9884048104286194,0.9867702722549438,0.9900447726249696,0.9990304112434388,True,34.0
RawaPening,Rodman,T-Raw_V-Rod_15px_2026-07-22,15,inner,30,0.0371996640669816,0.1502454235609785,0.9539666771888732,0.9544131755828856,0.9461538195610046,0.9628180265426636,0.984737753868103,0.9876492619514464,0.9875724911689758,0.9862651228904724,0.988883376121521,0.9990179538726808,True,34.0
RawaPening,Rodman,T-Raw_V-Rod_15px_2026-07-22,15,inner,31,0.0347745404901966,0.144940061533019,0.9520078301429749,0.9526569843292236,0.94083970785141,0.9647749662399292,0.9861263036727904,0.9888019561767578,0.988728642463684,0.9877462983131408,0.9897129535675048,0.999043345451355,True,34.0
RawaPening,Rodman,T-Raw_V-Rod_15px_2026-07-22,15,inner,32,0.0359457187259477,0.1485316675889737,0.9539666771888732,0.9546769261360168,0.9410646557807922,0.9686888456344604,0.986453413963318,0.9880609512329102,0.9879937171936036,0.9861156940460204,0.9898788928985596,0.9991339445114136,True,34.0
RawaPening,Rodman,T-Raw_V-Rod_15px_2026-07-22,15,inner,33,0.0342196315296911,0.1416395678459489,0.9534769654273988,0.9538162350654602,0.947826087474823,0.9598825573921204,0.986386775970459,0.988719642162323,0.9886523485183716,0.9870989322662354,0.9902107119560242,0.999158263206482,True,34.0
RawaPening,Rodman,T-Raw_V-Rod_15px_2026-07-22,15,inner,34,0.0348456080345005,0.1325547573440338,0.9564152956008912,0.95706707239151,0.9438629746437072,0.970645785331726,0.9896281957626344,0.9888019561767578,0.988734245300293,0.9872621893882751,0.9902107119560242,0.999121904373169,True,34.0
RawaPening,Rodman,T-Raw_V-Rod_15px_2026-07-22,15,inner,35,0.0362663972388206,0.1427071310368154,0.9569050073623656,0.957446813583374,0.9464626908302308,0.9686888456344604,0.9871752858161926,0.9885549545288086,0.9884867072105408,0.9869335293769836,0.9900447726249696,0.9990127086639404,True,34.0
RawaPening,Rodman,T-Raw_V-Rod_15px_2026-07-22,15,inner,36,0.0340077964092856,0.1550143156182404,0.954456388950348,0.9550941586494446,0.942802667617798,0.9677103757858276,0.9850494861602784,0.9897077083587646,0.989649772644043,0.9877685904502868,0.991538107395172,0.9991469383239746,True,34.0
RawaPening,Rodman,T-Raw_V-Rod_15px_2026-07-22,15,inner,37,0.0339221968983072,0.1526012041922531,0.952987253665924,0.9537126421928406,0.9401140809059144,0.9677103757858276,0.9858917593955994,0.9888843297958374,0.988805055618286,0.9883952140808104,0.9892151951789856,0.999222457408905,True,34.0
RawaPening,Rodman,T-Raw_V-Rod_15px_2026-07-22,15,inner,38,0.0335389733621248,0.1455553741167854,0.954456388950348,0.9551374912261964,0.9419600367546082,0.9686888456344604,0.9869277477264404,0.9882255792617798,0.9881592988967896,0.9862809777259828,0.9900447726249696,0.9992063045501708,True,34.0
RawaPening,Rodman,T-Raw_V-Rod_15px_2026-07-22,15,inner,39,0.0331958717921539,0.156513246657449,0.9524975419044496,0.9532530307769777,0.9392212629318236,0.9677103757858276,0.9852921962738036,0.9895430207252502,0.9894824028015136,0.987764537334442,0.9912062287330629,0.9992783665657043,True,34.0
RawaPening,Rodman,T-Raw_V-Rod_15px_2026-07-22,15,inner,40,0.0334341412647092,0.1496835225476107,0.9539666771888732,0.954501450061798,0.9444444179534912,0.9647749662399292,0.9858543872833252,0.9896253347396852,0.9895591735839844,0.9884124994277954,0.9907084703445436,0.9990894794464112,True,34.0
RawaPening,Rodman,T-Raw_V-Rod_15px_2026-07-22,15,inner,41,0.0350306178471123,0.1505497011714537,0.952987253665924,0.9537572264671326,0.9392789602279664,0.9686888456344604,0.9861114025115968,0.9890490174293518,0.98898184299469,0.987591028213501,0.9903766512870787,0.9991165399551392,True,34.0
RawaPening,Rodman,T-Raw_V-Rod_15px_2026-07-22,15,inner,42,0.0326063197445064,0.1452040301451603,0.9549461603164672,0.9555555582046508,0.9437022805213928,0.9677103757858276,0.9867407083511353,0.9894607067108154,0.9894057512283324,0.9871180653572084,0.991703987121582,0.9992753267288208,True,34.0
RawaPening,Rodman,T-Raw_V-Rod_15px_2026-07-22,15,inner,43,0.0338158517434867,0.1517849122625607,0.952987253665924,0.9536231756210328,0.9417939186096193,0.965753436088562,0.9859963655471802,0.9888019561767578,0.9887361526489258,0.9871010184288024,0.9903766512870787,0.9992306232452391,True,34.0
RawaPening,Rodman,T-Raw_V-Rod_15px_2026-07-22,15,inner,44,0.0349252550651466,0.1464926765376043,0.9549461603164672,0.955641269683838,0.9420152306556702,0.9696673154830932,0.9868404865264891,0.9890490174293518,0.9889873266220092,0.9871074557304382,0.990874409675598,0.999050796031952,True,34.0
RawaPening,Mula,T-Raw_V-Mul_15px_2026-07-22,15,inner,1,0.2666585440434949,0.4989201380479289,0.7968146800994873,0.7690619826316833,0.8548780679702759,0.6989032626152039,0.8722308874130249,0.891787052154541,0.8899336457252502,0.9036658406257628,0.876612663269043,0.9570260047912598,True,11.0
RawaPening,Mula,T-Raw_V-Mul_15px_2026-07-22,15,inner,2,0.1371154256869189,0.3458696353504557,0.8600386381149292,0.8381696343421936,0.9518377780914308,0.7487537264823914,0.963666558265686,0.95501446723938,0.954992175102234,0.9536533355712892,0.9563347697257996,0.9875824451446532,True,11.0
RawaPening,Mula,T-Raw_V-Mul_15px_2026-07-22,15,inner,3,0.1083177765796758,0.4098748401900516,0.8161196708679199,0.7752212285995483,0.9494219422340392,0.6550348997116089,0.9559264183044434,0.9638464450836182,0.9639030694961548,0.960578203201294,0.9672510623931884,0.9916642904281616,True,11.0
RawaPening,Mula,T-Raw_V-Mul_15px_2026-07-22,15,inner,4,0.1036204415340832,0.3900784487947534,0.8407335877418518,0.8116438388824463,0.9492656588554382,0.7088733911514282,0.9356999397277832,0.965579867362976,0.965505838394165,0.9657455086708068,0.9652662873268129,0.9923496246337892,True,11.0
RawaPening,Mula,T-Raw_V-Mul_15px_2026-07-22,15,inner,5,0.0937430015992291,0.2589281730670266,0.9078185558319092,0.9029964208602904,0.9202898740768432,0.8863409757614136,0.9603976011276244,0.9702022075653076,0.9701628088951112,0.96960186958313,0.9707244634628296,0.9931495189666748,True,11.0
RawaPening,Mula,T-Raw_V-Mul_15px_2026-07-22,15,inner,6,0.0695000559066968,0.2093283575186398,0.921332061290741,0.9171326756477356,0.935684621334076,0.899302065372467,0.9733726382255554,0.9780437350273132,0.9780383110046388,0.9764260053634644,0.9796559810638428,0.9961297512054444,True,11.0
RawaPening,Mula,T-Raw_V-Mul_15px_2026-07-22,15,inner,7,0.0692906795094943,0.3117189420581324,0.8865830302238464,0.8745328187942505,0.9413793087005616,0.8165503740310669,0.9633522033691406,0.9780437350273132,0.97804194688797,0.9762689471244812,0.9798213839530944,0.996233344078064,True,11.0
RawaPening,Mula,T-Raw_V-Mul_15px_2026-07-22,15,inner,8,0.0641022457854589,0.292570396107136,0.9102316498756408,0.903124988079071,0.94547438621521,0.8644067645072937,0.9649536609649658,0.98027241230011,0.980259358882904,0.97904634475708,0.9814753532409668,0.9967502355575562,True,11.0
RawaPening,Mula,T-Raw_V-Mul_15px_2026-07-22,15,inner,9,0.0627576274886493,0.2402421683073043,0.9184362888336182,0.9139949083328248,0.9334719181060792,0.8953140377998352,0.9675342440605164,0.9810152649879456,0.9810011386871338,0.9798679947853088,0.9821369647979736,0.996855080127716,True,11.0
RawaPening,Mula,T-Raw_V-Mul_15px_2026-07-22,15,inner,10,0.0629219784606993,0.22722528279403,0.9184362888336182,0.9139072895050048,0.934374988079071,0.8943170309066772,0.9714411497116088,0.980107307434082,0.9800941348075868,0.9788813591003418,0.9813099503517152,0.9968552589416504,True,11.0
RawaPening,Mula,T-Raw_V-Mul_15px_2026-07-22,15,inner,11,0.0545291830722536,0.2027016490064992,0.9266409277915956,0.9233871102333068,0.9337410926818848,0.9132602214813232,0.9738166332244872,0.9830788373947144,0.9830732345581056,0.981533408164978,0.9846179485321044,0.9973795413970948,True,11.0
RawaPening,Mula,T-Raw_V-Mul_15px_2026-07-22,15,inner,12,0.050084910184926,0.2217040790036378,0.9222972989082336,0.918891668319702,0.9287168979644777,0.9092721939086914,0.969322144985199,0.9847296476364136,0.9847095012664796,0.9841400980949402,0.9852795004844666,0.9978259801864624,True,11.0
RawaPening,Mula,T-Raw_V-Mul_15px_2026-07-22,15,inner,13,0.049212711567641,0.2086637083685536,0.9333977103233336,0.9305834770202636,0.9390863180160522,0.9222332835197448,0.9730947613716124,0.9841518998146056,0.984108567237854,0.984923779964447,0.9832947254180908,0.998195469379425,True,11.0
RawaPening,Mula,T-Raw_V-Mul_15px_2026-07-22,15,inner,14,0.0492502572729082,0.2141420283142664,0.9261583089828492,0.9229995012283324,0.9319105744361876,0.9142572283744812,0.9705970883369446,0.985637664794922,0.9856340885162354,0.9840092062950134,0.9872643351554872,0.9978820085525512,True,11.0
RawaPening,Mula,T-Raw_V-Mul_15px_2026-07-22,15,inner,15,0.0474785487303987,0.2342526120453728,0.92471045255661,0.9230769276618958,0.9131707549095154,0.9332004189491272,0.96375834941864,0.98539000749588,0.9853827953338624,0.9840013384819032,0.986768126487732,0.9980947971343994,True,11.0
RawaPening,Mula,T-Raw_V-Mul_15px_2026-07-22,15,inner,16,0.0403215671339454,0.2489280414167058,0.9145752787590028,0.9098318815231324,0.9302083253860474,0.8903290033340454,0.9645795822143556,0.9872059226036072,0.9871932864189148,0.9862968325614928,0.9880912899971008,0.9987007975578308,True,11.0
RawaPening,Mula,T-Raw_V-Mul_15px_2026-07-22,15,inner,17,0.039348032213809,0.2522407881484068,0.91361004114151,0.9072058200836182,0.9449244141578674,0.8723828792572021,0.9694033265113832,0.9878662824630736,0.9878602623939514,0.9864753484725952,0.9892491102218628,0.9988162517547609,True,11.0
RawaPening,Mula,T-Raw_V-Mul_15px_2026-07-22,15,inner,18,0.0394049628437475,0.2122896956315832,0.9251930713653564,0.9219929575920104,0.9308943152427672,0.9132602214813232,0.9729156494140624,0.989021897315979,0.9890127778053284,0.9879518151283264,0.9900760650634766,0.9984309077262878,True,11.0
RawaPening,Mula,T-Raw_V-Mul_15px_2026-07-22,15,inner,19,0.0388795735690399,0.217365839824253,0.9218146800994872,0.917849898338318,0.9339525103569032,0.9022931456565856,0.9722539782524108,0.9878662824630736,0.9878522157669068,0.9871180653572084,0.988587498664856,0.9987850189208984,True,11.0
RawaPening,Mula,T-Raw_V-Mul_15px_2026-07-22,15,inner,20,0.0366543152606713,0.2812411781961393,0.9073359370231628,0.8995816111564636,0.9460946321487428,0.857427716255188,0.965587854385376,0.9884440898895264,0.9884240031242372,0.9882605671882628,0.988587498664856,0.999019980430603,True,11.0
RawaPening,Mula,T-Raw_V-Mul_15px_2026-07-22,15,inner,21,0.034405820325226,0.2560163055722778,0.9184362888336182,0.9130210876464844,0.943617045879364,0.8843469619750977,0.968894064426422,0.9902600049972534,0.990247905254364,0.9895936846733092,0.9909030795097352,0.9991230964660645,True,11.0
RawaPening,Inle,T-Raw_V-Inl_15px_2026-07-22,15,inner,1,0.2744198146979157,0.1783560219705104,0.9539999961853028,0.954365074634552,0.9468504190444946,0.962000012397766,0.9893280267715454,0.8861081600189209,0.8846793174743652,0.8892600536346436,0.8801454901695251,0.9547746181488036,True,13.0
RawaPening,Inle,T-Raw_V-Inl_15px_2026-07-22,15,inner,2,0.1469868953781688,0.1792678865790367,0.9259999990463256,0.9222689270973206,0.971238911151886,0.878000020980835,0.9881229400634766,0.9497825503349304,0.9495049715042114,0.9477845430374146,0.9512315988540648,0.9858889579772948,True,13.0
RawaPening,Inle,T-Raw_V-Inl_15px_2026-07-22,15,inner,3,0.1322896500099201,0.1826122197508811,0.9355000257492064,0.9352084398269652,0.9394550919532776,0.930999994277954,0.9828710556030272,0.9541314244270324,0.9539424777030944,0.9508869647979736,0.9570176601409912,0.9881370067596436,True,13.0
RawaPening,Inle,T-Raw_V-Inl_15px_2026-07-22,15,inner,4,0.1221007799403088,0.1582402125597,0.9505000114440918,0.951683759689331,0.9294566512107848,0.975000023841858,0.9875015020370485,0.9583162665367126,0.958113431930542,0.9557492733001708,0.9604893326759338,0.989721417427063,True,13.0
RawaPening,Inle,T-Raw_V-Inl_15px_2026-07-22,15,inner,5,0.1117591526837093,0.1060275466814637,0.9614999890327454,0.9617105722427368,0.956478714942932,0.9670000076293944,0.9928849935531616,0.9620087146759032,0.9617955088615416,0.960131824016571,0.9634650349617004,0.9913098812103271,True,13.0
RawaPening,Inle,T-Raw_V-Inl_15px_2026-07-22,15,inner,6,0.091145356822231,0.0777887934446334,0.972000002861023,0.9720279574394226,0.9710578918457032,0.9729999899864196,0.9960789680480956,0.9693936109542848,0.9692370891571044,0.9670836329460144,0.971400260925293,0.9940574169158936,True,13.0
RawaPening,Inle,T-Raw_V-Inl_15px_2026-07-22,15,inner,7,0.0862442151921273,0.0867913942057639,0.9739999771118164,0.9745347499847412,0.9548944234848022,0.9950000047683716,0.9963814616203308,0.9725117087364196,0.9723437428474426,0.9711411595344543,0.9735493659973145,0.9947173595428468,True,13.0
RawaPening,Inle,T-Raw_V-Inl_15px_2026-07-22,15,inner,8,0.0833869954026869,0.0880242073126137,0.9800000190734864,0.9803536534309388,0.9633204340934752,0.9980000257492064,0.9973629713058472,0.972101390361786,0.971947193145752,0.9701861143112184,0.9737146496772766,0.9949008226394652,True,13.0
RawaPening,Inle,T-Raw_V-Inl_15px_2026-07-22,15,inner,9,0.0802392154293767,0.0641606315113604,0.9794999957084656,0.979612112045288,0.9742828607559204,0.9850000143051147,0.9962009787559508,0.9730860590934752,0.9729506969451904,0.9707092046737672,0.97520250082016,0.995117962360382,True,13.0
RawaPening,Inle,T-Raw_V-Inl_15px_2026-07-22,15,inner,10,0.0784989255512182,0.1087545064538717,0.9629999995231628,0.9627016186714172,0.970528483390808,0.9549999833106996,0.9931389689445496,0.9729219675064088,0.9727902412414552,0.9703898429870604,0.97520250082016,0.9957488775253296,True,13.0
RawaPening,Inle,T-Raw_V-Inl_15px_2026-07-22,15,inner,11,0.0686022311377522,0.0729527847170829,0.977500021457672,0.9777997136116028,0.964946448802948,0.99099999666214,0.9959805607795716,0.9769426584243774,0.9768170714378356,0.9749670624732972,0.9786741733551024,0.996525228023529,True,13.0
RawaPening,Inle,T-Raw_V-Inl_15px_2026-07-22,15,inner,12,0.0652112546429995,0.0646646348983049,0.977999985218048,0.978217840194702,0.9686274528503418,0.9879999756813048,0.9968439340591432,0.9788299202919006,0.9787269234657288,0.9763119220733644,0.9811539053916932,0.9966362118721008,True,13.0
RawaPening,Inle,T-Raw_V-Inl_15px_2026-07-22,15,inner,13,0.0658226276836452,0.0530061364136636,0.9835000038146972,0.9837037324905396,0.9717073440551758,0.9959999918937684,0.9980660080909728,0.9785837531089784,0.978431522846222,0.9781890511512756,0.9786741733551024,0.9968858957290648,True,13.0
RawaPening,Inle,T-Raw_V-Inl_15px_2026-07-22,15,inner,14,0.0618402674590004,0.0630677515827119,0.9825000166893004,0.9827160239219666,0.9707317352294922,0.9950000047683716,0.9970110058784484,0.9789119362831116,0.9788041114807128,0.976629376411438,0.980988621711731,0.9972748160362244,True,13.0
RawaPening,Inle,T-Raw_V-Inl_15px_2026-07-22,15,inner,15,0.0619636877670931,0.0829322551190853,0.9700000286102296,0.9699699878692628,0.9709419012069702,0.968999981880188,0.9951329827308656,0.9789940118789672,0.9788604378700256,0.977891445159912,0.9798313975334167,0.9972043037414552,True,13.0
RawaPening,Inle,T-Raw_V-Inl_15px_2026-07-22,15,inner,16,0.0548707438611295,0.0712659647464752,0.9760000109672546,0.976166844367981,0.96942800283432,0.9829999804496764,0.9954259991645812,0.9811274409294128,0.9810168147087096,0.9795615673065186,0.9824764132499696,0.9977681636810304,True,13.0
RawaPening,Inle,T-Raw_V-Inl_15px_2026-07-22,15,inner,17,0.0532690011633692,0.0797392906546592,0.9739999771118164,0.9740777611732484,0.9711729884147644,0.9769999980926514,0.9952759742736816,0.9827685356140136,0.9826704263687134,0.98105126619339,0.9842949509620668,0.9978134632110596,True,13.0
RawaPening,Inle,T-Raw_V-Inl_15px_2026-07-22,15,inner,18,0.05072489930368,0.0769605395011603,0.9804999828338624,0.9808542132377625,0.963355839252472,0.9990000128746032,0.9967939853668212,0.9829326272010804,0.9828354716300964,0.9812160134315492,0.9844602346420288,0.9980465173721312,True,13.0
RawaPening,Inle,T-Raw_V-Inl_15px_2026-07-22,15,inner,19,0.0519502096486727,0.0695130637623369,0.9794999957084656,0.9798129200935364,0.9650824666023254,0.9950000047683716,0.9969170093536376,0.9828505516052246,0.9827458262443542,0.9815303683280944,0.9839642643928528,0.9978548884391784,True,13.0
RawaPening,Inle,T-Raw_V-Inl_15px_2026-07-22,15,inner,20,0.0508926548659825,0.0732937509045004,0.9769999980926514,0.977406680583954,0.9604247212409972,0.9950000047683716,0.9970020055770874,0.9828505516052246,0.982720136642456,0.9829639196395874,0.9824764132499696,0.9981437921524048,True,13.0
RawaPening,Inle,T-Raw_V-Inl_15px_2026-07-22,15,inner,21,0.0461641874619725,0.0710854560798034,0.9794999957084656,0.9798129200935364,0.9650824666023254,0.9950000047683716,0.9974520206451416,0.9849839806556702,0.984897255897522,0.9833552837371826,0.986444056034088,0.998440146446228,True,13.0
RawaPening,Inle,T-Raw_V-Inl_15px_2026-07-22,15,inner,22,0.045171257909019,0.0606790301427245,0.9829999804496764,0.9832015633583068,0.9716796875,0.9950000047683716,0.9971150159835817,0.985066056251526,0.9849636554718018,0.9844756126403807,0.985452115535736,0.99835467338562,True,13.0
RawaPening,Inle,T-Raw_V-Inl_15px_2026-07-22,15,inner,23,0.04353993201829,0.0657077696388587,0.9804999828338624,0.9808353781700134,0.9642512202262878,0.9980000257492064,0.997588038444519,0.9862968921661376,0.9862131476402284,0.9849933981895448,0.9874359369277954,0.9985859394073486,True,13.0
RawaPening,Vembanad,T-Raw_V-Vem_15px_2026-07-22,15,inner,1,0.2647644513532379,0.376789857161703,0.7717282772064209,0.813393235206604,0.6883206367492676,0.9940119981765748,0.9777565002441406,0.8919983506202698,0.8898744583129883,0.9007284641265868,0.8792789578437805,0.9578132033348083,True,12.0
RawaPening,Vembanad,T-Raw_V-Vem_15px_2026-07-22,15,inner,2,0.1621314142747741,0.2803978633719843,0.9050949215888976,0.9030612111091614,0.9237995743751526,0.8832335472106934,0.947612762451172,0.943290948867798,0.9427838325500488,0.9441127777099608,0.9414585828781128,0.9832476377487184,True,12.0
RawaPening,Vembanad,T-Raw_V-Vem_15px_2026-07-22,15,inner,3,0.1269441692761627,0.1495482269023265,0.9475524425506592,0.9480968713760376,0.9392752051353456,0.9570858478546144,0.984554886817932,0.9578169584274292,0.9574854969978333,0.957802414894104,0.9571688175201416,0.9889571666717528,True,12.0
RawaPening,Vembanad,T-Raw_V-Vem_15px_2026-07-22,15,inner,4,0.1152311518916743,0.1355715800587508,0.9615384340286256,0.9621621370315552,0.9477250576019288,0.9770458936691284,0.9830559492111206,0.9615100622177124,0.9612172245979308,0.9612967371940612,0.9611377716064452,0.9908263683319092,True,12.0
RawaPening,Vembanad,T-Raw_V-Vem_15px_2026-07-22,15,inner,5,0.1091015679441517,0.1675745139045494,0.9525474309921264,0.9534541964530944,0.9364773631095886,0.9710578918457032,0.9720538854599,0.9643003940582277,0.9640525579452516,0.9634951949119568,0.9646105766296388,0.9915021657943726,True,12.0
RawaPening,Vembanad,T-Raw_V-Vem_15px_2026-07-22,15,inner,6,0.089657754647925,0.2138925628054172,0.928071916103363,0.9268292784690856,0.9440993666648864,0.910179615020752,0.9754121899604796,0.970209300518036,0.9700914621353148,0.9666666388511658,0.9735406041145324,0.994476079940796,True,12.0
RawaPening,Vembanad,T-Raw_V-Vem_15px_2026-07-22,15,inner,7,0.0884417071504381,0.1424798527902288,0.9500499367713928,0.9501991868019104,0.948310136795044,0.9520958065986632,0.9838044047355652,0.9725892543792723,0.9724240303039552,0.9709810614585876,0.9738713502883912,0.9940203428268432,True,12.0
RawaPening,Vembanad,T-Raw_V-Vem_15px_2026-07-22,15,inner,8,0.0838341912764491,0.1284639707410133,0.9545454382896424,0.9552385807037354,0.941804051399231,0.9690618515014648,0.9886406660079956,0.9719327092170716,0.9717589020729064,0.9704766869544984,0.9730445146560668,0.9950603246688844,True,12.0
RawaPening,Vembanad,T-Raw_V-Vem_15px_2026-07-22,15,inner,9,0.0855852153899731,0.1260679430387854,0.9665334820747375,0.9673011302947998,0.946513831615448,0.9890219569206238,0.9865778684616088,0.9718506336212158,0.9716973304748536,0.9696969985961914,0.9737059473991394,0.9947533011436462,True,12.0
RawaPening,Vembanad,T-Raw_V-Vem_15px_2026-07-22,15,inner,10,0.0828392235260299,0.1492212119769978,0.9505494236946106,0.9510143399238586,0.9430814385414124,0.9590818285942078,0.9823263883590698,0.9736561179161072,0.973530113697052,0.9708881378173828,0.9761865139007568,0.9947953820228576,True,12.0
RawaPening,Vembanad,T-Raw_V-Vem_15px_2026-07-22,15,inner,11,0.0708146933892686,0.0847203087340296,0.9675324559211732,0.9682462215423584,0.9483253359794616,0.9890219569206238,0.9949211478233336,0.977185070514679,0.9770627021789552,0.9749711751937866,0.9791632294654846,0.9961363673210144,True,12.0
RawaPening,Vembanad,T-Raw_V-Vem_15px_2026-07-22,15,inner,12,0.0657616523344789,0.0752245320312373,0.9745254516601562,0.9746142625808716,0.9721946120262146,0.9770458936691284,0.9951247572898864,0.9793188571929932,0.9791907668113708,0.9778987169265748,0.9804862141609192,0.9966331720352172,True,12.0
RawaPening,Vembanad,T-Raw_V-Vem_15px_2026-07-22,15,inner,13,0.0657700716483089,0.1072729460482897,0.962037980556488,0.962598443031311,0.9495145678520204,0.976047933101654,0.9919231534004213,0.9788264036178588,0.978740930557251,0.975365400314331,0.9821398854255676,0.9967440962791444,True,12.0
RawaPening,Vembanad,T-Raw_V-Vem_15px_2026-07-22,15,inner,14,0.064097730082123,0.0927294448807046,0.9635364413261414,0.9638076424598694,0.957635462284088,0.970059871673584,0.9938652515411376,0.978169858455658,0.97804194688797,0.9764298796653748,0.9796593189239502,0.9969345331192015,True,12.0
RawaPening,Vembanad,T-Raw_V-Vem_15px_2026-07-22,15,inner,15,0.0629540652758183,0.1462609187888724,0.9450549483299256,0.9441624283790588,0.96074378490448,0.9281437397003174,0.9882235527038574,0.9793188571929932,0.9792181849479676,0.9766408801078796,0.981809139251709,0.9969947934150696,True,12.0
RawaPening,Vembanad,T-Raw_V-Vem_15px_2026-07-22,15,inner,16,0.058758000905366,0.0892080807535965,0.9665334820747375,0.9667823314666748,0.9605911374092102,0.9730538725852966,0.9939550757408142,0.9811243414878844,0.9810356497764589,0.9782930612564088,0.9837936162948608,0.9973708987236024,True,12.0
RawaPening,Vembanad,T-Raw_V-Vem_15px_2026-07-22,15,inner,17,0.0587194375336096,0.0771487522523731,0.9710289835929872,0.9714847803115844,0.9573643207550048,0.9860279560089112,0.9956706762313844,0.9798933267593384,0.9797570705413818,0.9790290594100952,0.9804862141609192,0.997511625289917,True,12.0
RawaPening,Vembanad,T-Raw_V-Vem_15px_2026-07-22,15,inner,18,0.0526354983497898,0.0877941995375342,0.9700299501419068,0.9702675938606262,0.9635826945304872,0.9770458936691284,0.9938573241233826,0.982519507408142,0.9824126958847046,0.9810356497764589,0.9837936162948608,0.9979904294013976,True,12.0
RawaPening,Vembanad,T-Raw_V-Vem_15px_2026-07-22,15,inner,19,0.0547947051204591,0.0861231536112751,0.9705294966697692,0.9705735445022584,0.9700897336006165,0.9710578918457032,0.993812382221222,0.9815346598625184,0.981418788433075,0.9802045822143556,0.982636034488678,0.997769832611084,True,12.0
RawaPening,Vembanad,T-Raw_V-Vem_15px_2026-07-22,15,inner,20,0.0532331926499752,0.0913821946118737,0.9690309762954712,0.969337284564972,0.9607843160629272,0.9780439138412476,0.993199586868286,0.9821091294288636,0.981995403766632,0.980861246585846,0.9831321239471436,0.9980972409248352,True,12.0
RawaPening,Vembanad,T-Raw_V-Vem_15px_2026-07-22,15,inner,21,0.0486300535796605,0.0912499286647938,0.9665334820747375,0.9668808579444884,0.9578844308853148,0.976047933101654,0.993341863155365,0.9840787649154664,0.9839775562286376,0.98284113407135,0.9851166009902954,0.9981788396835328,True,12.0
RawaPening,Vembanad,T-Raw_V-Vem_15px_2026-07-22,15,inner,22,0.0464963696151054,0.0811460388923895,0.9720279574394226,0.9721670150756836,0.9683168530464172,0.976047933101654,0.9948374032974244,0.9844070672988892,0.98433119058609,0.981740415096283,0.9869356751441956,0.998386800289154,True,12.0
RawaPening,Valsequillo,T-Raw_V-Val_15px_2026-07-22,15,inner,1,0.2824450593527289,0.2672162793722807,0.897549033164978,0.8923235535621643,0.9402822852134703,0.8490195870399475,0.9642714262008668,0.8835926651954651,0.8828111886978149,0.882226288318634,0.8833969235420227,0.9522481560707092,True,2.0
RawaPening,Valsequillo,T-Raw_V-Val_15px_2026-07-22,15,inner,2,0.1470442491923868,0.198500780615152,0.9254902005195618,0.9238476753234864,0.9446721076965332,0.9039215445518494,0.979282021522522,0.9484646320343018,0.9480928778648376,0.9479356408119202,0.9482501149177552,0.986085832118988,True,2.0
RawaPening,Valsequillo,T-Raw_V-Val_15px_2026-07-22,15,inner,3,0.1254086781790288,0.2351818690697352,0.9073529243469238,0.904881715774536,0.9296793937683104,0.8813725709915161,0.9666493535041808,0.9586729407310486,0.9584712386131288,0.9560983777046204,0.9608558416366576,0.9889171719551086,True,2.0
RawaPening,Valsequillo,T-Raw_V-Val_15px_2026-07-22,15,inner,4,0.1061329986429944,0.4960938706409697,0.8426470756530762,0.8241096138954163,0.9341614842414856,0.7372549176216125,0.9275413155555724,0.9636947512626648,0.9635205268859864,0.961056113243103,0.9659976959228516,0.9923709630966188,True,2.0
RawaPening,Valsequillo,T-Raw_V-Val_15px_2026-07-22,15,inner,5,0.1028826731197567,0.2369134032039665,0.9264705777168274,0.9257425665855408,0.9350000023841858,0.9166666865348816,0.9674903750419616,0.966576099395752,0.9663628935813904,0.9654030799865724,0.9673246145248412,0.9918707013130188,True,2.0
RawaPening,Valsequillo,T-Raw_V-Val_15px_2026-07-22,15,inner,6,0.0799157303824899,0.3191248342833098,0.8965686559677124,0.8897020220756531,0.9529675245285034,0.8343137502670288,0.9657516479492188,0.9746439456939696,0.9744652509689332,0.9741421937942504,0.9747885465621948,0.9949626922607422,True,2.0
RawaPening,Valsequillo,T-Raw_V-Val_15px_2026-07-22,15,inner,7,0.0776963340336426,0.2710877208733091,0.8960784077644348,0.8911704421043396,0.9353448152542114,0.8509804010391235,0.9692829847335817,0.975714147090912,0.9756097793579102,0.9726343750953674,0.9786034226417542,0.9952451586723328,True,2.0
RawaPening,Valsequillo,T-Raw_V-Val_15px_2026-07-22,15,inner,8,0.080920377575248,0.3710958959717376,0.884313702583313,0.8761804699897766,0.9424379467964172,0.8186274766921997,0.945948600769043,0.9739030003547668,0.973786473274231,0.9709762334823608,0.9766130447387696,0.9948922991752625,True,2.0
RawaPening,Valsequillo,T-Raw_V-Val_15px_2026-07-22,15,inner,9,0.0776603449328616,0.3096568771802327,0.9147058725357056,0.9111338257789612,0.9509595036506652,0.8745098114013672,0.9597020149230956,0.9750555753707886,0.974906861782074,0.9735361933708192,0.9762812852859496,0.9953619241714478,True,2.0
RawaPening,Valsequillo,T-Raw_V-Val_15px_2026-07-22,15,inner,10,0.0704009980828151,0.3767543488492568,0.9029411673545836,0.8978328108787537,0.9477124214172364,0.8529411554336548,0.9480526447296144,0.9783485531806946,0.978237509727478,0.9760568141937256,0.9804279208183287,0.9961419701576232,True,2.0
RawaPening,Valsequillo,T-Raw_V-Val_15px_2026-07-22,15,inner,11,0.0638977268375986,0.3292100361968372,0.8990195989608765,0.8928200006484985,0.9512194991111756,0.841176450252533,0.9690542221069336,0.9776899814605712,0.9775531888008118,0.9763401746749878,0.978769302368164,0.9971837997436525,True,2.0
RawaPening,Valsequillo,T-Raw_V-Val_15px_2026-07-22,15,inner,12,0.0607396793200053,0.3938663925172067,0.8823529481887817,0.8730158805847168,0.948275864124298,0.8088235259056091,0.9546722173690796,0.981394588947296,0.9813284873962402,0.9776131510734558,0.985072135925293,0.9969999194145204,True,2.0
RawaPening,Winam,T-Raw_V-Win_15px_2026-07-22,15,inner,1,0.2673975813621609,0.3328986098136268,0.8879439830780029,0.8979963660240173,0.8244147300720215,0.9860000014305116,0.9235825538635254,0.8887430429458618,0.8859929442405701,0.901454210281372,0.8710530400276184,0.9571280479431152,True,26.0
RawaPening,Winam,T-Raw_V-Win_15px_2026-07-22,15,inner,2,0.1575097040461836,0.4420597872779746,0.8904452323913574,0.9008601307868958,0.8229942321777344,0.9950000047683716,0.9252132177352904,0.9468329548835754,0.946552276611328,0.944526731967926,0.9485865235328674,0.98377525806427,True,26.0
RawaPening,Winam,T-Raw_V-Win_15px_2026-07-22,15,inner,3,0.1242747847088632,0.2201614307136922,0.9344672560691832,0.9370495080947876,0.9019426703453064,0.975000023841858,0.9530810713768004,0.959140121936798,0.9588293433189392,0.9589879512786864,0.9586708545684814,0.9896584749221802,True,26.0
RawaPening,Winam,T-Raw_V-Win_15px_2026-07-22,15,inner,4,0.119128596510776,0.2646182792344463,0.9334667325019836,0.9371752738952636,0.888093113899231,0.9919999837875366,0.9617387056350708,0.9593042135238647,0.958994686603546,0.9591532945632936,0.9588361978530884,0.9904965162277222,True,26.0
RawaPening,Winam,T-Raw_V-Win_15px_2026-07-22,15,inner,5,0.1125164987353719,0.4719384278250781,0.9194597005844116,0.9250116348266602,0.865736722946167,0.9929999709129332,0.949402928352356,0.9630784392356871,0.9628835320472716,0.9608230590820312,0.9649528861045836,0.9905925393104552,True,26.0
RawaPening,Winam,T-Raw_V-Win_15px_2026-07-22,15,inner,6,0.0873477852988583,0.2655192681586573,0.9354677200317384,0.9372262954711914,0.9127961993217468,0.9629999995231628,0.9582772850990297,0.9714473485946656,0.9712823629379272,0.969681978225708,0.9728880524635316,0.994354009628296,True,26.0
RawaPening,Winam,T-Raw_V-Win_15px_2026-07-22,15,inner,7,0.0850843352445685,0.1978634103253043,0.9439719915390016,0.9457364082336426,0.9172932505607604,0.9760000109672546,0.974349319934845,0.9709550142288208,0.9707728028297424,0.969651997089386,0.9718961715698242,0.9947236776351928,True,26.0
RawaPening,Winam,T-Raw_V-Win_15px_2026-07-22,15,inner,8,0.0820313223573759,0.1998689774584105,0.9304652214050292,0.9320293664932252,0.9119617342948914,0.953000009059906,0.9755425453186036,0.972595989704132,0.9724103808403016,0.9717682003974916,0.9730533957481384,0.9951122999191284,True,26.0
RawaPening,Winam,T-Raw_V-Win_15px_2026-07-22,15,inner,9,0.086235524356013,0.2292239174299842,0.9304652214050292,0.9332693219184875,0.8975069522857666,0.972000002861023,0.967788815498352,0.9711191058158876,0.9709427356719972,0.9696620106697084,0.9722267985343932,0.99461829662323,True,26.0
RawaPening,Winam,T-Raw_V-Win_15px_2026-07-22,15,inner,10,0.077758740862354,0.2286916844931711,0.9179589748382568,0.9187313914299012,0.9106090664863586,0.9269999861717224,0.964551568031311,0.974811315536499,0.9746427536010742,0.9739187955856324,0.9753678441047668,0.9954902529716492,True,26.0
RawaPening,Winam,T-Raw_V-Win_15px_2026-07-22,15,inner,11,0.0672282515870652,0.2039252961128084,0.9374687075614928,0.9379652738571168,0.931034505367279,0.9449999928474426,0.976637601852417,0.9782572984695436,0.978115439414978,0.977227747440338,0.9790048003196716,0.9966052770614624,True,26.0
RawaPening,Winam,T-Raw_V-Win_15px_2026-07-22,15,inner,12,0.0617774895049722,0.1609736338981221,0.941470742225647,0.9415292143821716,0.9410589337348938,0.9419999718666076,0.981267273426056,0.9804726243019104,0.98035329580307,0.979060173034668,0.9816498756408693,0.9970541000366212,True,26.0
RawaPening,Winam,T-Raw_V-Win_15px_2026-07-22,15,inner,13,0.0647934573055448,0.1531993931628416,0.9439719915390016,0.9437751173973083,0.947580635547638,0.9399999976158142,0.9846746921539308,0.9790777564048768,0.9789621233940125,0.9771080613136292,0.980823278427124,0.9969601631164552,True,26.0
RawaPening,Winam,T-Raw_V-Win_15px_2026-07-22,15,inner,14,0.0621585938792209,0.1232868375452275,0.9574787616729736,0.9579415917396544,0.948090136051178,0.9679999947547911,0.9876476526260376,0.9791598320007324,0.9790325164794922,0.9777411222457886,0.980327308177948,0.9972133636474608,True,26.0
RawaPening,Winam,T-Raw_V-Win_15px_2026-07-22,15,inner,15,0.060211697996181,0.1388511574381506,0.9574787616729736,0.9579415917396544,0.948090136051178,0.9679999947547911,0.9874709844589232,0.97891366481781,0.9787796139717102,0.9777300953865052,0.9798313975334167,0.99749356508255,True,26.0
RawaPening,Winam,T-Raw_V-Win_15px_2026-07-22,15,inner,16,0.0546212465700078,0.1560160645609142,0.9534767270088196,0.9542548060417176,0.9390125870704652,0.9700000286102296,0.9839309453964232,0.981621265411377,0.981515109539032,0.9798978567123412,0.9831377267837524,0.9977737069129944,True,26.0
RawaPening,Winam,T-Raw_V-Win_15px_2026-07-22,15,inner,17,0.0521907789970729,0.1393403138198186,0.9539769887924194,0.9538615942001344,0.9567404389381408,0.9509999752044678,0.9872692823410034,0.982523798942566,0.9824039936065674,0.981836199760437,0.9829723834991456,0.998117446899414,True,26.0
RawaPening,Winam,T-Raw_V-Win_15px_2026-07-22,15,inner,18,0.0529464216072089,0.1582902967336989,0.945972979068756,0.9451219439506532,0.96074378490448,0.9300000071525574,0.9855505228042604,0.9830981492996216,0.983003318309784,0.9812222123146056,0.984790861606598,0.997832179069519,True,26.0
RawaPening,Winam,T-Raw_V-Win_15px_2026-07-22,15,inner,19,0.0505988394219855,0.1285981310605581,0.9644822478294371,0.9645885229110718,0.9621890783309937,0.9670000076293944,0.9868783950805664,0.9833442568778992,0.983232855796814,0.9825024604797364,0.9839642643928528,0.9984347224235536,True,26.0
RawaPening,Winam,T-Raw_V-Win_15px_2026-07-22,15,inner,20,0.0499636133136927,0.1232789038657774,0.9614807367324828,0.9616724848747252,0.9573835730552672,0.9660000205039978,0.9888193011283876,0.9836724400520324,0.9835740923881532,0.9821958541870116,0.9849562048912048,0.9982672929763794,True,26.0
RawaPening,Winam,T-Raw_V-Win_15px_2026-07-22,15,inner,21,0.0441844143244842,0.1337657096595878,0.9574787616729736,0.9570055603981018,0.9682702422142028,0.9459999799728394,0.9881125688552856,0.9851493239402772,0.9850400686264038,0.9849586486816406,0.985121488571167,0.998727560043335,True,26.0
RawaPening,Winam,T-Raw_V-Win_15px_2026-07-22,15,inner,22,0.04371411994272,0.1264121285031857,0.9669834971427916,0.9667338728904724,0.9745935201644896,0.9589999914169312,0.986462414264679,0.9853134155273438,0.9852224588394164,0.9840039610862732,0.986444056034088,0.998769223690033,True,26.0
RawaPening,Winam,T-Raw_V-Win_15px_2026-07-22,15,inner,23,0.0441258390853441,0.1236277246189447,0.966483235359192,0.9666168689727784,0.9632571935653688,0.9700000286102296,0.9871186017990112,0.985641598701477,0.985567033290863,0.98337721824646,0.9877665638923644,0.9986364841461182,True,26.0
RawaPening,Winam,T-Raw_V-Win_15px_2026-07-22,15,inner,24,0.0422103169988834,0.1441864166008162,0.9594797492027284,0.9593985080718994,0.9618090391159058,0.9570000171661376,0.9860635995864868,0.9850673079490662,0.9849562048912048,0.9849562048912048,0.9849562048912048,0.9988494515419006,True,26.0
RawaPening,Winam,T-Raw_V-Win_15px_2026-07-22,15,inner,25,0.041762441422388,0.1394057481122619,0.9644822478294371,0.9646238088607788,0.961271107196808,0.9679999947547911,0.9853813648223876,0.9867902994155884,0.9866974949836732,0.9862900376319884,0.9871053099632264,0.998850166797638,True,26.0
RawaPening,Winam,T-Raw_V-Win_15px_2026-07-22,15,inner,26,0.0413202156086886,0.1148383727016809,0.965982973575592,0.9660678505897522,0.964143455028534,0.9679999947547911,0.9886746406555176,0.9867082238197328,0.9866138100624084,0.9862877726554872,0.9869399666786194,0.9989641308784484,True,26.0
RawaPening,Winam,T-Raw_V-Win_15px_2026-07-22,15,inner,27,0.0394347073882573,0.1161336721913079,0.9654827117919922,0.9655172228813172,0.9650349617004396,0.9660000205039978,0.9888858795166016,0.9867082238197328,0.986624836921692,0.9854857325553894,0.9877665638923644,0.998912274837494,True,26.0
RawaPening,Winam,T-Raw_V-Win_15px_2026-07-22,15,inner,28,0.0397481194189631,0.1278152297725745,0.9614807367324828,0.9614421725273132,0.9628886580467224,0.959999978542328,0.987622618675232,0.986954391002655,0.9868627786636353,0.986455261707306,0.9872705936431884,0.9989385008811952,True,26.0
RawaPening,Winam,T-Raw_V-Win_15px_2026-07-22,15,inner,29,0.0380762550737776,0.1185961798385097,0.9629814624786376,0.9630738496780396,0.961155354976654,0.9649999737739564,0.9889569282531738,0.987036406993866,0.986961543560028,0.9853352904319764,0.9885931611061096,0.9990789890289308,True,26.0
RawaPening,Winam,T-Raw_V-Win_15px_2026-07-22,15,inner,30,0.0383386703475229,0.1223395979288289,0.9654827117919922,0.9656545519828796,0.9613478779792786,0.9700000286102296,0.9881821870803832,0.986954391002655,0.9868649244308472,0.9862945675849916,0.9874359369277954,0.9989765286445618,True,26.0
RawaPening,Winam,T-Raw_V-Win_15px_2026-07-22,15,inner,31,0.0389887201451535,0.1170149744246554,0.966483235359192,0.9663823246955872,0.9697884917259216,0.9629999995231628,0.9886380434036256,0.987446665763855,0.987368941307068,0.9861477613449096,0.9885931611061096,0.9988210201263428,True,26.0
RawaPening,Winam,T-Raw_V-Win_15px_2026-07-22,15,inner,32,0.0350264119761309,0.1231943465948267,0.9639819860458374,0.9638916850090028,0.9668008089065552,0.9610000252723694,0.9883743524551392,0.988349199295044,0.988278031349182,0.9869744181632996,0.9895850419998168,0.9992340803146362,True,26.0
RawaPening,Winam,T-Raw_V-Win_15px_2026-07-22,15,inner,33,0.0371195919760376,0.1289442131233416,0.9679840207099916,0.9679358601570128,0.9698795080184937,0.9660000205039978,0.986708641052246,0.9882671236991882,0.988182783126831,0.987937867641449,0.9884278178215028,0.9990041255950928,True,26.0
RawaPening,Winam,T-Raw_V-Win_15px_2026-07-22,15,inner,34,0.0362870637284641,0.1261357398011448,0.9694847464561462,0.9693928956985474,0.972809672355652,0.9660000205039978,0.9863873720169068,0.988841474056244,0.9887640476226808,0.9882741570472716,0.9892544150352478,0.999019205570221,True,26.0
RawaPening,Winam,T-Raw_V-Win_15px_2026-07-22,15,inner,35,0.0358631120451237,0.1274820407354032,0.9639819860458374,0.9636730551719666,0.9725050926208496,0.9549999833106996,0.9878307580947876,0.9890876412391664,0.9890182614326476,0.987957775592804,0.9900810122489928,0.9991461038589478,True,26.0
RawaPening,Winam,T-Raw_V-Win_15px_2026-07-22,15,inner,36,0.0358390974484244,0.1235571163219767,0.965982973575592,0.9657947421073914,0.9716598987579346,0.959999978542328,0.987845778465271,0.9880210161209106,0.9879498481750488,0.9864842295646667,0.9894197583198548,0.9990771412849426,True,26.0
RawaPening,,Test_Raw_outer_15px_2026-07-22,15,outer,1,0.2644702900163532,,,,,,,0.8911679983139038,0.8901849389076233,0.8925973176956177,0.8877854943275452,0.9582394361495972,True,
RawaPening,,Test_Raw_outer_15px_2026-07-22,15,outer,2,0.1645411092788243,,,,,,,0.9432579278945924,0.9429603815078736,0.9419592022895812,0.9439637064933776,0.982747197151184,True,
RawaPening,,Test_Raw_outer_15px_2026-07-22,15,outer,3,0.1384976118500526,,,,,,,0.9524917006492616,0.9523068070411682,0.9500211477279664,0.9546034932136536,0.9871217012405396,True,
RawaPening,,Test_Raw_outer_15px_2026-07-22,15,outer,4,0.1186859301659221,,,,,,,0.959963321685791,0.9597163200378418,0.9595801830291748,0.9598524570465088,0.990192711353302,True,
RawaPening,,Test_Raw_outer_15px_2026-07-22,15,outer,5,0.1174840085539798,,,,,,,0.9598928689956664,0.9596882462501526,0.9585338234901428,0.9608455300331116,0.9907116293907166,True,
RawaPening,,Test_Raw_outer_15px_2026-07-22,15,outer,6,0.0952840266008642,,,,,,,0.9690561890602112,0.9689379334449768,0.9665443301200868,0.971343457698822,0.9932760000228882,True,
RawaPening,,Test_Raw_outer_15px_2026-07-22,15,outer,7,0.0879436979323568,,,,,,,0.9713117480278016,0.9712021350860596,0.9688029289245604,0.9736132621765136,0.9942668080329896,True,
RawaPening,,Test_Raw_outer_15px_2026-07-22,15,outer,8,0.0840713981361241,,,,,,,0.9728624820709229,0.9727395176887512,0.9710206389427184,0.974464476108551,0.9945583939552308,True,
RawaPening,,Test_Raw_outer_15px_2026-07-22,15,outer,9,0.0812564370654144,,,,,,,0.9742017388343812,0.9740646481513976,0.9730992317199708,0.9750319123268129,0.9950771927833556,True,
RawaPening,,Test_Raw_outer_15px_2026-07-22,15,outer,10,0.0832049496214023,,,,,,,0.9731444120407104,0.973015069961548,0.9715700149536132,0.974464476108551,0.9947659373283386,True,
RawaPening,,Test_Raw_outer_15px_2026-07-22,15,outer,11,0.0671257805592575,,,,,,,0.9780080318450928,0.977919340133667,0.9757096171379088,0.9801390171051024,0.9964466094970704,True,
RawaPening,,Test_Raw_outer_15px_2026-07-22,15,outer,12,0.0660682956723489,,,,,,,0.9786424040794371,0.9785486459732056,0.9766817688941956,0.9804227352142334,0.9968348741531372,True,
Winam,Hartbeespoort,T-Win_V-Har_15px_2026-07-22,15,inner,1,0.2968494595543376,0.162236808469211,0.9399606585502625,0.9397233128547668,0.9305284023284912,0.9491018056869508,0.9826841354370116,0.8723474144935608,0.8711177706718445,0.8751876950263977,0.8670854568481445,0.9473558068275452,True,3.0
Winam,Hartbeespoort,T-Win_V-Har_15px_2026-07-22,15,inner,2,0.1825242788923239,0.1964249803471987,0.94242125749588,0.9427872896194458,0.9242569804191588,0.9620758295059204,0.979870855808258,0.933459460735321,0.9331238865852356,0.9332010746002196,0.9330467581748962,0.9792581796646118,True,3.0
Winam,Hartbeespoort,T-Win_V-Har_15px_2026-07-22,15,inner,3,0.140218508198948,0.1080908557275442,0.9729330539703368,0.9727047085762024,0.9674234986305236,0.9780439138412476,0.9881431460380554,0.9504852890968324,0.950198531150818,0.9509852528572084,0.9494131207466124,0.98751038312912,True,3.0
Winam,Hartbeespoort,T-Win_V-Har_15px_2026-07-22,15,inner,4,0.1198584058455758,0.2078806941404821,0.94242125749588,0.9428989887237548,0.922636091709137,0.9640718698501588,0.9766156673431396,0.959286093711853,0.9590469002723694,0.9599205255508424,0.9581748843193054,0.9902766942977904,True,3.0
Winam,Hartbeespoort,T-Win_V-Har_15px_2026-07-22,15,inner,5,0.1091646601061892,0.1252750471118822,0.9675197005271912,0.9677103757858276,0.9491362571716307,0.9870259761810304,0.98594069480896,0.9646323323249816,0.9644392728805542,0.9649180769920348,0.9639610052108764,0.99180006980896,True,3.0
Winam,Hartbeespoort,T-Win_V-Har_15px_2026-07-22,15,inner,6,0.0935610150359172,0.1084322665348707,0.9709645509719848,0.9710073471069336,0.9564375877380372,0.9860279560089112,0.989286482334137,0.9689093828201294,0.9687551856040956,0.9687551856040956,0.9687551856040956,0.993756115436554,True,3.0
Winam,Hartbeespoort,T-Win_V-Har_15px_2026-07-22,15,inner,7,0.0849583447466709,0.1583588661306985,0.9488189220428468,0.9469387531280518,0.968684732913971,0.9261476993560792,0.983030080795288,0.9691560864448548,0.9690466523170472,0.9676887392997742,0.9704083204269408,0.9952268600463868,True,3.0
Winam,Hartbeespoort,T-Win_V-Har_15px_2026-07-22,15,inner,8,0.0861673003115001,0.1091434800356633,0.9729330539703368,0.9729464054107666,0.9592628479003906,0.9870259761810304,0.9859184622764589,0.9692383408546448,0.9690499901771544,0.9701740145683287,0.9679285883903505,0.9950743913650512,True,3.0
Winam,Hartbeespoort,T-Win_V-Har_15px_2026-07-22,15,inner,9,0.0840802864484252,0.1387862595766196,0.961614191532135,0.961309552192688,0.955621302127838,0.9670658707618712,0.9845561385154724,0.9719526171684264,0.9718623757362366,0.9701812267303468,0.9735493659973145,0.9948081970214844,True,3.0
Winam,Hartbeespoort,T-Win_V-Har_15px_2026-07-22,15,inner,10,0.0764897765751378,0.1289064100926089,0.9640747904777528,0.9635910391807556,0.9631106853485109,0.9640718698501588,0.9844166040420532,0.9761474132537842,0.9760568141937256,0.974929928779602,0.9771863222122192,0.9955542087554932,True,3.0
Winam,Hartbeespoort,T-Win_V-Har_15px_2026-07-22,15,inner,11,0.0703460227959758,0.1212236944193709,0.9724409580230712,0.9724950790405272,0.957446813583374,0.9880239367485046,0.9866529107093812,0.975900650024414,0.975783109664917,0.975702464580536,0.975863754749298,0.9966285228729248,True,3.0
Winam,Hartbeespoort,T-Win_V-Har_15px_2026-07-22,15,inner,12,0.0671670707673457,0.1295432641398249,0.9665354490280152,0.9661354422569276,0.9642146825790404,0.9680638909339904,0.9844989776611328,0.9769698977470398,0.9769091010093688,0.9746585488319396,0.9791700839996338,0.9968369007110596,True,3.0
Winam,Hartbeespoort,T-Win_V-Har_15px_2026-07-22,15,inner,13,0.0638786984672229,0.1374036227682913,0.961614191532135,0.961309552192688,0.955621302127838,0.9670658707618712,0.9839495420455932,0.9781213998794556,0.9780346751213074,0.9770665168762208,0.9790048003196716,0.9970519542694092,True,3.0
Winam,Rodman,T-Win_V-Rod_15px_2026-07-22,15,inner,1,0.2826276693074845,0.3594816600307311,0.8702252507209778,0.871918797492981,0.8615090847015381,0.8825831413269043,0.934794306755066,0.8831906318664551,0.8794699907302856,0.9012883305549622,0.8586830496788025,0.9528274536132812,True,28.0
Winam,Rodman,T-Win_V-Rod_15px_2026-07-22,15,inner,2,0.1465339014404182,0.1720673548719908,0.93976491689682,0.940950572490692,0.9236569404602052,0.9589040875434875,0.980469822883606,0.95085608959198,0.9504770040512084,0.950713574886322,0.9502404928207396,0.9863154888153076,True,28.0
Winam,Rodman,T-Win_V-Rod_15px_2026-07-22,15,inner,3,0.1212986867984031,0.2933632213618683,0.8942213654518127,0.890577495098114,0.9233193397521972,0.8600782752037048,0.9559524059295654,0.959828794002533,0.9596293568611144,0.9572536945343018,0.9620169401168824,0.9895736575126648,True,28.0
Winam,Rodman,T-Win_V-Rod_15px_2026-07-22,15,inner,4,0.1069498029456234,0.1822051750486908,0.9319294691085817,0.9310173988342284,0.9446122646331788,0.91780823469162,0.9781301021575928,0.9638623595237732,0.9636920094490052,0.9610689282417296,0.9663293957710266,0.9919003248214722,True,28.0
Winam,Rodman,T-Win_V-Rod_15px_2026-07-22,15,inner,5,0.0923362699222919,0.2025068693016231,0.9436826705932616,0.9450023770332336,0.9242282509803772,0.9667319059371948,0.9735088348388672,0.9698715806007384,0.9696969985961914,0.9680938720703124,0.9713053703308104,0.9932116866111756,True,28.0
Winam,Rodman,T-Win_V-Rod_15px_2026-07-22,15,inner,6,0.0823129847017722,0.1882782947567604,0.9436826705932616,0.9456778168678284,0.9141552448272704,0.9794520735740662,0.9802722930908204,0.97341126203537,0.9732638001441956,0.9714143872261048,0.97512024641037,0.9945812821388244,True,28.0
Winam,Rodman,T-Win_V-Rod_15px_2026-07-22,15,inner,7,0.0773781611092553,0.1760755243777761,0.9329088926315308,0.9324124455451964,0.9402984976768494,0.9246575236320496,0.9791268706321716,0.9739874601364136,0.97385835647583,0.9714474081993104,0.9762812852859496,0.9952890872955322,True,28.0
Winam,Rodman,T-Win_V-Rod_15px_2026-07-22,15,inner,8,0.0718740729181476,0.1819121009222324,0.9358472228050232,0.9368065595626832,0.923882007598877,0.9500978589057922,0.9766212701797484,0.975880801677704,0.9757670760154724,0.9731112122535706,0.9784375429153442,0.9960533380508424,True,28.0
Winam,Rodman,T-Win_V-Rod_15px_2026-07-22,15,inner,9,0.0710990161738939,0.157417585972941,0.948090136051178,0.9484936594963074,0.9420849680900574,0.9549902081489564,0.9826973080635072,0.976621687412262,0.976501762866974,0.9742446541786194,0.978769302368164,0.9960520267486572,True,28.0
Winam,Rodman,T-Win_V-Rod_15px_2026-07-22,15,inner,10,0.0665174898350164,0.1591565804692837,0.9495592713356018,0.950169324874878,0.939712941646576,0.9608610272407532,0.9814176559448242,0.9789265990257264,0.9788009524345398,0.9773441553115844,0.980262041091919,0.9964886903762816,True,28.0
Winam,Rodman,T-Win_V-Rod_15px_2026-07-22,15,inner,11,0.059678873083725,0.1621746201794248,0.9476003646850586,0.947779417037964,0.945472240447998,0.9500978589057922,0.9820709228515624,0.9799966812133788,0.979922354221344,0.976292371749878,0.9835793375968932,0.9971540570259094,True,28.0
Winam,Rodman,T-Win_V-Rod_15px_2026-07-22,15,inner,12,0.0583165269903164,0.151405520452575,0.9515181183815002,0.9525179862976074,0.934148609638214,0.9716242551803588,0.984371304512024,0.98156076669693,0.9814600348472596,0.9795143008232116,0.9834135174751282,0.9973143935203552,True,28.0
Winam,Rodman,T-Win_V-Rod_15px_2026-07-22,15,inner,13,0.0574871128867204,0.1691745551600395,0.963761031627655,0.96472829580307,0.9405204653739928,0.9902152419090272,0.9914239645004272,0.9809845089912416,0.9809074997901917,0.9775947332382202,0.9842427968978882,0.9972764253616332,True,28.0
Winam,Rodman,T-Win_V-Rod_15px_2026-07-22,15,inner,14,0.0567502722838402,0.1528692774978137,0.947110652923584,0.9471624493598938,0.9471624493598938,0.9471624493598938,0.9823673963546752,0.9805729389190674,0.9804700613021852,0.9783650040626526,0.9825841784477234,0.9973569512367249,True,28.0
Winam,Rodman,T-Win_V-Rod_15px_2026-07-22,15,inner,15,0.0518586480665607,0.1605865004363886,0.9524975419044496,0.9536107182502748,0.9326473474502563,0.97553813457489,0.9834446310997008,0.9827955365180968,0.9827029705047609,0.9806739091873168,0.984740436077118,0.9978597164154052,True,28.0
Winam,Rodman,T-Win_V-Rod_15px_2026-07-22,15,inner,16,0.0508305820801127,0.1438994860964353,0.9524975419044496,0.953566312789917,0.9334582686424256,0.9745596647262572,0.9862783551216124,0.983207106590271,0.983104169368744,0.9818031191825868,0.984408676624298,0.9979920387268066,True,28.0
Winam,Rodman,T-Win_V-Rod_15px_2026-07-22,15,inner,17,0.0482592137685615,0.1329142519735332,0.954456388950348,0.9552669525146484,0.939451277256012,0.9716242551803588,0.988394558429718,0.9837833642959596,0.9836987853050232,0.9815059304237366,0.9859014749526978,0.9981900453567504,True,28.0
Winam,Rodman,T-Win_V-Rod_15px_2026-07-22,15,inner,18,0.0463623019682956,0.1308560571054053,0.955435872077942,0.955974817276001,0.9454545378684998,0.9667319059371948,0.988867461681366,0.9861705899238586,0.9860926866531372,0.984300136566162,0.9878918528556824,0.9982017874717712,True,28.0
Winam,Rodman,T-Win_V-Rod_15px_2026-07-22,15,inner,19,0.0471171787720704,0.1338856746529272,0.955435872077942,0.9564384818077089,0.9362699389457704,0.9774951338768004,0.9890832901000975,0.9837833642959596,0.9836879968643188,0.9821428656578064,0.9852380156517028,0.9983685612678528,True,28.0
Winam,Rodman,T-Win_V-Rod_15px_2026-07-22,15,inner,20,0.0459424759103994,0.133636580362376,0.9618021249771118,0.9626078605651855,0.9436089992523192,0.9823874831199646,0.9900224208831788,0.9849358201026917,0.9848522543907166,0.9829808473587036,0.9867308139801024,0.9982842206954956,True,28.0
Winam,Rodman,T-Win_V-Rod_15px_2026-07-22,15,inner,21,0.0457316580245987,0.1255718565506753,0.9583741426467896,0.9588776230812072,0.9483253359794616,0.9696673154830932,0.9886640906333924,0.9851004481315612,0.9850004315376282,0.9842663407325744,0.9857355952262878,0.9983596801757812,True,28.0
Winam,Rodman,T-Win_V-Rod_15px_2026-07-22,15,inner,22,0.04390994548383,0.1212525585343391,0.9583741426467896,0.9590755701065063,0.9440758228302002,0.9745596647262572,0.992009162902832,0.9847711324691772,0.9846765398979188,0.9834546446800232,0.9859014749526978,0.9985218048095704,True,28.0
Winam,Rodman,T-Win_V-Rod_15px_2026-07-22,15,inner,23,0.0437641502013028,0.1240801041349257,0.9598432779312134,0.9603481888771056,0.9493308067321776,0.9716242551803588,0.9894084930419922,0.984853446483612,0.9847657084465028,0.9831377267837524,0.9863990545272828,0.9985163807868958,True,28.0
Winam,Rodman,T-Win_V-Rod_15px_2026-07-22,15,inner,24,0.0450185600166498,0.1263675965098746,0.9666993021965028,0.9673076868057252,0.9508506655693054,0.9843444228172302,0.9916934967041016,0.985182762145996,0.9851092100143432,0.9826704263687134,0.9875601530075072,0.9985127449035645,True,28.0
Winam,Rodman,T-Win_V-Rod_15px_2026-07-22,15,inner,25,0.0409000838935316,0.1287896517412436,0.9627816081047058,0.9634966254234314,0.9462264180183412,0.9814090132713318,0.990977942943573,0.9866644740104676,0.9865827560424804,0.9852771162986756,0.9878918528556824,0.9986767172813416,True,28.0
Winam,Rodman,T-Win_V-Rod_15px_2026-07-22,15,inner,26,0.0418378315932845,0.1320565329476038,0.9573947191238404,0.9579100012779236,0.9473684430122375,0.9686888456344604,0.9879331588745116,0.9867467880249025,0.986675500869751,0.9846382737159728,0.9887211918830872,0.9986916780471802,True,28.0
Winam,Rodman,T-Win_V-Rod_15px_2026-07-22,15,inner,27,0.0425260256629978,0.1144460419395411,0.9642507433891296,0.9644768834114076,0.9593417048454284,0.9696673154830932,0.9914700388908386,0.9845241904258728,0.9844319224357604,0.9829667806625366,0.9859014749526978,0.9987211227416992,True,28.0
Winam,Rodman,T-Win_V-Rod_15px_2026-07-22,15,inner,28,0.0413104485981669,0.1139279127879894,0.9627816081047058,0.9630709290504456,0.9565637111663818,0.9696673154830932,0.9915621280670166,0.9860059022903442,0.9859225153923036,0.984455108642578,0.9873942732810974,0.998599410057068,True,28.0
Winam,Rodman,T-Win_V-Rod_15px_2026-07-22,15,inner,29,0.0407967476844591,0.1167562140277737,0.9622918963432312,0.9626032114028932,0.955641269683838,0.9696673154830932,0.9908488392829896,0.9865821599960328,0.9865077137947084,0.984633207321167,0.9883894324302672,0.9986976385116576,True,28.0
Winam,Rodman,T-Win_V-Rod_15px_2026-07-22,15,inner,30,0.0410182076320174,0.123536695754493,0.9608227014541626,0.9610515832901,0.9563953280448914,0.965753436088562,0.9897586107254028,0.986088216304779,0.9860087633132936,0.984297513961792,0.9877259731292723,0.9987379908561708,True,28.0
Winam,Rodman,T-Win_V-Rod_15px_2026-07-22,15,inner,31,0.040408399548525,0.1268078467784035,0.9593535661697388,0.959922730922699,0.9475691318511964,0.9726027250289916,0.989720344543457,0.9870760440826416,0.9869871735572816,0.9864148497581482,0.9875601530075072,0.998782992362976,True,28.0
Winam,Rodman,T-Win_V-Rod_15px_2026-07-22,15,inner,32,0.0417423869458946,0.1245646022413433,0.960332989692688,0.9609261751174928,0.9476689100265504,0.9745596647262572,0.9901098012924194,0.9863352179527284,0.9862696528434752,0.9836660623550416,0.9888870716094972,0.998580515384674,True,28.0
Winam,Rodman,T-Win_V-Rod_15px_2026-07-22,15,inner,33,0.0396538972768749,0.1330695063401155,0.9559255838394164,0.9567307829856871,0.9404537081718444,0.9735811948776244,0.9890885949134828,0.9865821599960328,0.9864920973777772,0.9857568740844728,0.9872283935546876,0.9987735748291016,True,28.0
Winam,Rodman,T-Win_V-Rod_15px_2026-07-22,15,inner,34,0.0400227577071961,0.1272056655744848,0.9573947191238404,0.958152949810028,0.9422894716262816,0.9745596647262572,0.989976406097412,0.9863352179527284,0.9862560033798218,0.9846255779266356,0.9878918528556824,0.9987918138504028,True,28.0
Winam,Rodman,T-Win_V-Rod_15px_2026-07-22,15,inner,35,0.0379395342695995,0.1322239806527138,0.9559255838394164,0.9568552374839784,0.9379699230194092,0.976516604423523,0.9898996353149414,0.9880638718605042,0.9879937171936036,0.9864417910575868,0.989550530910492,0.9988383054733276,True,28.0
Winam,Rodman,T-Win_V-Rod_15px_2026-07-22,15,inner,36,0.0353499300787725,0.1252729055434319,0.9598432779312134,0.9604247212409972,0.9476190209388732,0.9735811948776244,0.9901231527328492,0.9885578155517578,0.9884905219078064,0.9869378209114076,0.9900481104850768,0.9991054534912108,True,28.0
Winam,Rodman,T-Win_V-Rod_15px_2026-07-22,15,inner,37,0.0375274053158696,0.1302871461100256,0.9578844308853148,0.9586538672447203,0.942344069480896,0.97553813457489,0.9895265102386476,0.9870760440826416,0.9869979023933412,0.98561030626297,0.9883894324302672,0.998990535736084,True,28.0
Winam,Rodman,T-Win_V-Rod_15px_2026-07-22,15,inner,38,0.0403230367562646,0.1293176215262417,0.9613124132156372,0.9619277119636536,0.9477682709693908,0.976516604423523,0.9894670248031616,0.9863352179527284,0.9862605333328248,0.9843053221702576,0.9882236123085022,0.9986420273780824,True,28.0
Winam,Mula,T-Win_V-Mul_15px_2026-07-22,15,inner,1,0.270383994401062,0.5990194258312461,0.739382266998291,0.6556122303009033,0.9097344875335692,0.5124626159667969,0.8638835549354553,0.889008104801178,0.8887786269187927,0.8889991641044617,0.8885582089424133,0.9566538333892822,True,15.0
Winam,Mula,T-Win_V-Mul_15px_2026-07-22,15,inner,2,0.1571362002427319,0.3104501245219735,0.8696911334991455,0.8554604053497314,0.92369943857193,0.7966101765632629,0.9555832147598268,0.9439676403999328,0.94375878572464,0.9455601572990416,0.9419642686843872,0.9843984842300416,True,15.0
Winam,Mula,T-Win_V-Mul_15px_2026-07-22,15,inner,3,0.1155442481983178,0.428132259851487,0.8281853199005127,0.7949308753013611,0.941336989402771,0.6879361867904663,0.9372490644454956,0.960967183113098,0.9608541131019592,0.9618889689445496,0.9598214030265808,0.9912495017051696,True,15.0
Winam,Mula,T-Win_V-Mul_15px_2026-07-22,15,inner,4,0.1030517292875605,0.4094205337889406,0.8339768052101135,0.8009259104728699,0.9544827342033386,0.6899302005767822,0.9599704146385192,0.965753436088562,0.9656599164009094,0.9665396809577942,0.9647817611694336,0.9927308559417723,True,15.0
Winam,Mula,T-Win_V-Mul_15px_2026-07-22,15,inner,5,0.0898429476158771,0.2255119369311337,0.9029922485351562,0.8942661881446838,0.9465478658676147,0.8474576473236084,0.9760261178016664,0.970869779586792,0.9707515239715576,0.9729281067848206,0.9685846567153932,0.9942484498023988,True,15.0
Winam,Mula,T-Win_V-Mul_15px_2026-07-22,15,inner,6,0.0767008577769966,0.2598760168582316,0.8962355256080627,0.884594738483429,0.9581395387649536,0.8215354084968567,0.9761743545532228,0.9752434492111206,0.97520250082016,0.9750413298606871,0.9753637313842772,0.9956293106079102,True,15.0
Winam,Mula,T-Win_V-Mul_15px_2026-07-22,15,inner,7,0.0714516224258753,0.305581816878443,0.8880308866500854,0.8744588494300842,0.9562129974365234,0.8055832386016846,0.9721993803977966,0.976316213607788,0.9762750864028932,0.976194441318512,0.976355791091919,0.995881199836731,True,15.0
Winam,Mula,T-Win_V-Mul_15px_2026-07-22,15,inner,8,0.0623245076941153,0.3421128709228803,0.876447856426239,0.8607181906700134,0.9473053812980652,0.7886341214179993,0.9630192518234252,0.9806898832321168,0.9806291460990906,0.9819297194480896,0.9793320298194884,0.9970111846923828,True,15.0
Winam,Mula,T-Win_V-Mul_15px_2026-07-22,15,inner,9,0.0642582689032123,0.207677152259527,0.9184362888336182,0.9132888913154602,0.9408034086227416,0.8873379826545715,0.976607084274292,0.9793695211410522,0.979345679283142,0.9786987900733948,0.9799934029579164,0.9968154430389404,True,15.0
Winam,Mula,T-Win_V-Mul_15px_2026-07-22,15,inner,10,0.0605590693441433,0.3145723277307385,0.8846524953842163,0.8698965907096863,0.958033561706543,0.7966101765632629,0.972966969013214,0.981102466583252,0.981063425540924,0.9813068509101868,0.9808201193809508,0.9970386028289796,True,15.0
Winam,Mula,T-Win_V-Mul_15px_2026-07-22,15,inner,11,0.0541645278088978,0.2278166619924159,0.9155405163764954,0.9084249138832092,0.9559471607208252,0.8654037714004517,0.97800612449646,0.9831655621528624,0.9831377267837524,0.98297518491745,0.9833002686500548,0.9974532127380372,True,15.0
Winam,Mula,T-Win_V-Mul_15px_2026-07-22,15,inner,12,0.0503576199293848,0.270209962027471,0.8972007632255554,0.8850512504577637,0.9647058844566344,0.8175473809242249,0.9779351949691772,0.9837431907653807,0.9837068915367126,0.984113872051239,0.9833002686500548,0.9980078935623168,True,15.0
Winam,Mula,T-Win_V-Mul_15px_2026-07-22,15,inner,13,0.0498437571924479,0.2671456822125838,0.8996139168739319,0.8886509537696838,0.9595375657081604,0.8275174498558044,0.9779678583145142,0.9848159551620485,0.984805941581726,0.9836687445640564,0.985945761203766,0.9981536865234376,True,15.0
Winam,Mula,T-Win_V-Mul_15px_2026-07-22,15,inner,14,0.0483692308602248,0.2492315402779455,0.9107142686843872,0.9024776220321656,0.9574943780899048,0.8534396886825562,0.9730714559555054,0.9848159551620485,0.9848159551620485,0.9830312728881836,0.9866071343421936,0.9980248212814332,True,15.0
Winam,Mula,T-Win_V-Mul_15px_2026-07-22,15,inner,15,0.0520320100300007,0.2048713033695248,0.9285714030265808,0.9242579340934752,0.9495267868041992,0.9002991318702698,0.97752583026886,0.9830830097198486,0.9830536246299744,0.9829723834991456,0.983134925365448,0.9978220462799072,True,15.0
Winam,Mula,T-Win_V-Mul_15px_2026-07-22,15,inner,16,0.0421368310027861,0.2461206702709658,0.9102316498756408,0.9016913175582886,0.9595050811767578,0.8504486680030823,0.976880431175232,0.9865489602088928,0.9865233302116394,0.9866049289703368,0.9864417910575868,0.9986048936843872,True,15.0
Winam,Mula,T-Win_V-Mul_15px_2026-07-22,15,inner,17,0.0411060562689779,0.2564877838931949,0.9078185558319092,0.8989952206611633,0.957207202911377,0.8474576473236084,0.9744685292243958,0.986961543560028,0.986942172050476,0.9866160154342652,0.9872685074806212,0.9986196756362916,True,15.0
Winam,Mula,T-Win_V-Mul_15px_2026-07-22,15,inner,18,0.0404900966224757,0.2462649057730744,0.912162184715271,0.9043112397193908,0.9566184878349304,0.857427716255188,0.9777776002883912,0.9886944890022278,0.9886842370033264,0.9877867698669434,0.9895833134651184,0.9985306262969972,True,15.0
Winam,Mula,T-Win_V-Mul_15px_2026-07-22,15,inner,19,0.0397921916571441,0.2819048552360371,0.9010617733001708,0.8899624347686768,0.9639534950256348,0.8265204429626465,0.974643886089325,0.9888595342636108,0.9888567924499512,0.987308382987976,0.9904100298881532,0.998595654964447,True,15.0
Winam,Mula,T-Win_V-Mul_15px_2026-07-22,15,inner,20,0.0394497410749165,0.2983857420880822,0.8880308866500854,0.8756698966026306,0.9466975927352904,0.814556360244751,0.969756841659546,0.9873741269111632,0.9873522520065308,0.9872705936431884,0.9874338507652284,0.9987243413925172,True,15.0
Winam,Mula,T-Win_V-Mul_15px_2026-07-22,15,inner,21,0.0378162924893216,0.2694950824150363,0.9015443921089172,0.8917197585105896,0.95346200466156,0.837487518787384,0.9742605686187744,0.9875391721725464,0.9875134229660034,0.987758457660675,0.9872685074806212,0.9988543391227722,True,15.0
Winam,Mula,T-Win_V-Mul_15px_2026-07-22,15,inner,22,0.0351317067834868,0.2958094786032746,0.8885135054588318,0.8754717111587524,0.9530516266822816,0.8095712661743164,0.9725556373596193,0.9900974035263062,0.9900810122489928,0.9899173378944396,0.990244686603546,0.9989397525787354,True,15.0
Winam,Mula,T-Win_V-Mul_15px_2026-07-22,15,inner,23,0.0341383585745779,0.279443011903222,0.9015443921089172,0.891141951084137,0.9586681723594666,0.8325024843215942,0.9743090867996216,0.9887770414352416,0.9887584447860718,0.9885950684547424,0.9889219403266908,0.999077320098877,True,15.0
Winam,Mula,T-Win_V-Mul_15px_2026-07-22,15,inner,24,0.0360393700258903,0.2956632892978755,0.8943049907684326,0.8828250169754028,0.9526559114456176,0.8225324153900146,0.971885085105896,0.9891071319580078,0.9890854954719543,0.9892491102218628,0.9889219403266908,0.9989118576049804,True,15.0
Winam,Mula,T-Win_V-Mul_15px_2026-07-22,15,inner,25,0.035881558809762,0.275340634854834,0.9005791544914246,0.890774130821228,0.9513023495674132,0.837487518787384,0.9727776646614076,0.9891071319580078,0.9890909194946288,0.9887640476226808,0.9894179701805116,0.9989043474197388,True,15.0
Winam,Inle,T-Win_V-Inl_15px_2026-07-22,15,inner,1,0.2856044951866062,0.2804129173755645,0.8815000057220459,0.8712655901908875,0.9536266326904296,0.8019999861717224,0.9674860239028932,0.8803937435150146,0.8789438605308533,0.8831970691680908,0.8747314214706421,0.9511542916297911,True,16.0
Winam,Inle,T-Win_V-Inl_15px_2026-07-22,15,inner,2,0.1757824316828636,0.1987322463095188,0.9210000038146972,0.9165786504745485,0.9709172248840332,0.8679999709129333,0.983934998512268,0.9382280707359314,0.9380604028701782,0.9338355660438538,0.9423235654830932,0.9805642366409302,True,16.0
Winam,Inle,T-Win_V-Inl_15px_2026-07-22,15,inner,3,0.1395133999391009,0.1659730795323848,0.972000002861023,0.9724680185317992,0.9564796686172484,0.9890000224113464,0.9918400049209596,0.9528301954269408,0.9527177214622498,0.9481178522109984,0.957362413406372,0.9869465231895448,True,16.0
Winam,Inle,T-Win_V-Inl_15px_2026-07-22,15,inner,4,0.1217571125950257,0.086558196440339,0.9645000100135804,0.96455317735672,0.9631106853485109,0.9660000205039978,0.9950950145721436,0.9577522277832032,0.9575047492980956,0.9561634659767152,0.9588497877120972,0.9898860454559326,True,16.0
Winam,Inle,T-Win_V-Inl_15px_2026-07-22,15,inner,5,0.1117000940071695,0.1005855645388364,0.9664999842643738,0.96641606092453,0.96884423494339,0.9639999866485596,0.9933900237083436,0.962100088596344,0.9619000554084778,0.959999978542328,0.9638076424598694,0.9911825656890868,True,16.0
Winam,Inle,T-Win_V-Inl_15px_2026-07-22,15,inner,6,0.0945572075392008,0.0721793541125953,0.9700000286102296,0.9701492786407472,0.9653465151786804,0.975000023841858,0.9965029954910278,0.967760443687439,0.9675394296646118,0.967140018939972,0.9679391980171204,0.9938077330589294,True,16.0
Winam,Inle,T-Win_V-Inl_15px_2026-07-22,15,inner,7,0.0841395837432835,0.0966475889906287,0.9629999995231628,0.9629629850387572,0.9639278650283812,0.962000012397766,0.993680477142334,0.9707136750221252,0.97052264213562,0.9698019623756408,0.9712443947792052,0.9952075481414796,True,16.0
Winam,Inle,T-Win_V-Inl_15px_2026-07-22,15,inner,8,0.086090930714482,0.0787647049818188,0.977500021457672,0.9777337908744812,0.967678725719452,0.9879999756813048,0.9957809448242188,0.9722723364830016,0.972112238407135,0.9706706404685974,0.9735580682754515,0.9945765137672424,True,16.0
Winam,Inle,T-Win_V-Inl_15px_2026-07-22,15,inner,9,0.0837199459294005,0.0925535626336932,0.9629999995231628,0.9630738496780396,0.961155354976654,0.9649999737739564,0.9940730333328248,0.9716160893440248,0.9714285731315612,0.9707872867584229,0.9720707535743712,0.9948347210884094,True,16.0
Winam,Inle,T-Win_V-Inl_15px_2026-07-22,15,inner,10,0.0761628445919367,0.0944334393553435,0.9629999995231628,0.9631474018096924,0.95932537317276,0.9670000076293944,0.9939010143280028,0.9744052290916444,0.9742489457130432,0.9731245040893556,0.9753759503364564,0.9957317113876344,True,16.0
Winam,Inle,T-Win_V-Inl_15px_2026-07-22,15,inner,11,0.070013845824408,0.0720351981483399,0.9764999747276306,0.9766052961349488,0.9722497463226318,0.9810000061988832,0.99623703956604,0.9757177829742432,0.975549340248108,0.9752270579338074,0.975871741771698,0.9966073036193848,True,16.0
Winam,Inle,T-Win_V-Inl_15px_2026-07-22,15,inner,12,0.0663145210328065,0.0682750380970537,0.9764999747276306,0.9767671823501588,0.965786874294281,0.9879999756813048,0.9970499873161316,0.977686643600464,0.9775725603103638,0.9754813313484192,0.9796727895736694,0.9968483448028564,True,16.0
Winam,Inle,T-Win_V-Inl_15px_2026-07-22,15,inner,13,0.066403501514434,0.0788050101217813,0.972000002861023,0.972359299659729,0.960038959980011,0.9850000143051147,0.9961450099945068,0.9779327511787416,0.9777997732162476,0.9765908122062684,0.9790117144584656,0.9968529939651488,True,16.0
Winam,Inle,T-Win_V-Inl_15px_2026-07-22,15,inner,14,0.0609015592041565,0.0743204373568296,0.9764999747276306,0.9765819907188416,0.9731876850128174,0.9800000190734864,0.9958970546722412,0.9790812134742736,0.9789516925811768,0.977902352809906,0.980003297328949,0.9974697828292848,True,16.0
Winam,Inle,T-Win_V-Inl_15px_2026-07-22,15,inner,15,0.0617233250225979,0.0759453777242451,0.975499987602234,0.975802481174469,0.9639024138450624,0.9879999756813048,0.9969169497489928,0.9780967831611632,0.9779720902442932,0.976441502571106,0.9795075058937072,0.9974710941314696,True,16.0
Winam,Inle,T-Win_V-Inl_15px_2026-07-22,15,inner,16,0.0579604914266741,0.0641561298277229,0.9789999723434448,0.9791460037231444,0.972386598587036,0.9860000014305116,0.9966610074043274,0.9799015522003174,0.9797871708869934,0.9782537221908568,0.981325387954712,0.997711718082428,True,16.0
Winam,Inle,T-Win_V-Inl_15px_2026-07-22,15,inner,17,0.0544646495691912,0.0721405682507902,0.9760000109672546,0.9762375950813292,0.9666666388511658,0.9860000014305116,0.9965399503707886,0.9807218909263612,0.980592966079712,0.9800264239311218,0.9811601638793944,0.9979625940322876,True,16.0
Winam,Inle,T-Win_V-Inl_15px_2026-07-22,15,inner,18,0.0548703595005752,0.0776039358656853,0.9739999771118164,0.9743083119392396,0.962890625,0.9860000014305116,0.9959480166435242,0.9815422296524048,0.9814279675483704,0.9803760051727296,0.9824822545051576,0.9977011680603028,True,16.0
Winam,Inle,T-Win_V-Inl_15px_2026-07-22,15,inner,19,0.0526877806269066,0.0788520697802305,0.975000023841858,0.975271999835968,0.9647749662399292,0.9860000014305116,0.9956594705581664,0.9826907515525818,0.982572078704834,0.9821664690971376,0.9829780459403992,0.9980754852294922,True,16.0
Winam,Inle,T-Win_V-Inl_15px_2026-07-22,15,inner,20,0.0545219711904353,0.0650815867464989,0.977999985218048,0.97817462682724,0.9704724550247192,0.9860000014305116,0.9966449737548828,0.9816243052482604,0.9815425276756288,0.978800356388092,0.984300136566162,0.99794340133667,True,16.0
Winam,Inle,T-Win_V-Inl_15px_2026-07-22,15,inner,21,0.0501158099380108,0.066369011895731,0.9760000109672546,0.9762375950813292,0.9666666388511658,0.9860000014305116,0.9966749548912048,0.9827727675437928,0.982636034488678,0.983286440372467,0.9819864630699158,0.9981942176818848,True,16.0
Winam,Inle,T-Win_V-Inl_15px_2026-07-22,15,inner,22,0.0469003967812454,0.0692589862421155,0.9764999747276306,0.976721167564392,0.9676153063774108,0.9860000014305116,0.996511936187744,0.9837571978569032,0.9836498498916626,0.9830005168914796,0.984300136566162,0.9984475374221802,True,16.0
Winam,Inle,T-Win_V-Inl_15px_2026-07-22,15,inner,23,0.0502512891716503,0.0803628865936771,0.9745000004768372,0.9748148322105408,0.9629268050193788,0.9869999885559082,0.99612295627594,0.9826907515525818,0.9825662970542908,0.9824851155281068,0.9826474785804749,0.9982076287269592,True,16.0
Winam,Inle,T-Win_V-Inl_15px_2026-07-22,15,inner,24,0.0488449659769998,0.0702742374911904,0.9769999980926514,0.9772051572799684,0.968565821647644,0.9860000014305116,0.9963599443435668,0.9836751222610474,0.9835414886474608,0.984437108039856,0.9826474785804749,0.9982762336730956,True,16.0
Winam,Inle,T-Win_V-Inl_15px_2026-07-22,15,inner,25,0.0462036841797281,0.0735208349060267,0.977500021457672,0.977667510509491,0.9704433679580688,0.9850000143051147,0.9959930181503296,0.9844954609870912,0.9844098091125488,0.9827075004577636,0.9861180186271667,0.9985898733139038,True,16.0
Winam,Inle,T-Win_V-Inl_15px_2026-07-22,15,inner,26,0.0479115669390185,0.0746284860540181,0.9764999747276306,0.976721167564392,0.9676153063774108,0.9860000014305116,0.9961000084877014,0.98441344499588,0.9843234419822692,0.98286372423172,0.9857874512672424,0.9983059167861938,True,16.0
Winam,Vembanad,T-Win_V-Vem_15px_2026-07-22,15,inner,1,0.273533955544067,0.18517724947481,0.9545454382896424,0.9555011987686156,0.9367210268974304,0.9750499129295348,0.9840298891067504,0.8899737596511841,0.8880727887153625,0.8968307375907898,0.879484236240387,0.9554234743118286,True,26.0
Winam,Vembanad,T-Win_V-Vem_15px_2026-07-22,15,inner,2,0.1743508363830327,0.1803854634216823,0.9260739088058472,0.9251769185066224,0.9375,0.9131736755371094,0.9820858240127563,0.936659038066864,0.9362089037895204,0.935899555683136,0.9365184307098388,0.980890154838562,True,26.0
Winam,Vembanad,T-Win_V-Vem_15px_2026-07-22,15,inner,3,0.1369443975014885,0.1140315703299644,0.9680319428443908,0.9686274528503418,0.9518304467201232,0.9860279560089112,0.991830348968506,0.9533967971801758,0.9532586932182312,0.9490414261817932,0.9575136303901672,0.9873417615890504,True,26.0
Winam,Vembanad,T-Win_V-Vem_15px_2026-07-22,15,inner,4,0.1182462283708754,0.1372471773368004,0.9625374674797058,0.9632892608642578,0.9452449679374696,0.9820359349250792,0.9814471006393432,0.9602067470550536,0.9599801898002625,0.95831960439682,0.961646556854248,0.9903100728988647,True,26.0
Winam,Vembanad,T-Win_V-Vem_15px_2026-07-22,15,inner,5,0.1110550571180462,0.1437891773808818,0.9545454382896424,0.953500270843506,0.9769633412361144,0.93113774061203,0.9885688424110411,0.9620118141174316,0.9618144035339355,0.9596773982048036,0.9639610052108764,0.9911231994628906,True,26.0
Winam,Vembanad,T-Win_V-Vem_15px_2026-07-22,15,inner,6,0.0969733256097206,0.136327156964522,0.9540459513664246,0.9532994627952576,0.9700413346290588,0.9371257424354552,0.9898622632026672,0.9669346809387208,0.9666804671287536,0.9669202566146852,0.966440737247467,0.9933143854141236,True,26.0
Winam,Vembanad,T-Win_V-Vem_15px_2026-07-22,15,inner,7,0.0870494315438009,0.1154084036314672,0.9630369544029236,0.9635468125343324,0.951361894607544,0.976047933101654,0.987695574760437,0.968985915184021,0.9688170552253724,0.9669026732444764,0.97073894739151,0.9945849776268004,True,26.0
Winam,Vembanad,T-Win_V-Vem_15px_2026-07-22,15,inner,8,0.0867333049837941,0.0961180056150366,0.9660339951515198,0.9657257795333862,0.9755600690841676,0.9560878276824952,0.9934720993041992,0.9713652729988098,0.9711498618125916,0.971230149269104,0.9710695743560792,0.9944923520088196,True,26.0
Winam,Vembanad,T-Win_V-Vem_15px_2026-07-22,15,inner,9,0.0804776632488947,0.085301813869537,0.9680319428443908,0.9677419066429138,0.9775967597961426,0.9580838084220886,0.9957215189933776,0.973498523235321,0.9733476638793944,0.9716638922691344,0.9750372171401978,0.9952528476715088,True,26.0
Winam,Vembanad,T-Win_V-Vem_15px_2026-07-22,15,inner,10,0.0820759675191354,0.0701687893124072,0.9775224924087524,0.9776452779769896,0.9732937812805176,0.9820359349250792,0.9957674741744996,0.9707909226417542,0.9706125259399414,0.969332218170166,0.9718961715698242,0.9951714277267456,True,26.0
Winam,Vembanad,T-Win_V-Vem_15px_2026-07-22,15,inner,11,0.0722024543366746,0.0548321206362678,0.9840160012245178,0.9841112494468688,0.9792490005493164,0.9890219569206238,0.9972265958786012,0.973498523235321,0.97336083650589,0.9711981415748596,0.975533127784729,0.996273159980774,True,26.0
Winam,Vembanad,T-Win_V-Vem_15px_2026-07-22,15,inner,12,0.0697962095552011,0.0728110192265904,0.9725274443626404,0.972292184829712,0.981688678264618,0.9630738496780396,0.9961527585983276,0.9759599566459656,0.9758111238479614,0.9746042490005492,0.9770209789276124,0.9965529441833496,True,26.0
Winam,Vembanad,T-Win_V-Vem_15px_2026-07-22,15,inner,13,0.0679027714338954,0.0541732342261076,0.980519473552704,0.9805097579956056,0.9819819927215576,0.9790419340133668,0.9968832731246948,0.9780111312866212,0.977858543395996,0.9773740768432616,0.9783435463905334,0.9965893626213074,True,26.0
Winam,Vembanad,T-Win_V-Vem_15px_2026-07-22,15,inner,14,0.0688394785042293,0.0651062764925184,0.976523458957672,0.9765117168426514,0.977977991104126,0.9750499129295348,0.9965099692344666,0.9776829481124878,0.9775614738464355,0.9756298661231996,0.9795007705688475,0.9963299036026,True,26.0
Winam,Vembanad,T-Win_V-Vem_15px_2026-07-22,15,inner,15,0.0684233415745929,0.048367044075274,0.9870129823684692,0.987077534198761,0.9831683039665222,0.9910179376602172,0.9975139498710632,0.9785854816436768,0.978413701057434,0.9789804816246032,0.9778475761413574,0.9963361024856568,True,26.0
Winam,Vembanad,T-Win_V-Vem_15px_2026-07-22,15,inner,16,0.062699754644475,0.058381428516895,0.980019986629486,0.9800000190734864,0.9819639325141908,0.9780439138412476,0.9969052076339722,0.9785034656524658,0.9783578515052797,0.9777117371559144,0.9790048003196716,0.99712336063385,True,26.0
Winam,Vembanad,T-Win_V-Vem_15px_2026-07-22,15,inner,17,0.0592852500366663,0.0575053950438609,0.9795204997062684,0.9794073104858398,0.9858443140983582,0.9730538725852966,0.9973602890968324,0.979816198348999,0.979679524898529,0.9790325164794922,0.980327308177948,0.9975122213363647,True,26.0
Winam,Vembanad,T-Win_V-Vem_15px_2026-07-22,15,inner,18,0.0602227958487142,0.0542825122478303,0.980019986629486,0.9799196720123292,0.9858585596084596,0.9740518927574158,0.9976726770401,0.9801443815231324,0.9800297021865844,0.9784148931503296,0.9816498756408693,0.9973554015159608,True,26.0
Winam,Vembanad,T-Win_V-Vem_15px_2026-07-22,15,inner,19,0.0548848171284698,0.050199927654923,0.982017993927002,0.981945812702179,0.9868951439857484,0.9770458936691284,0.9976845979690552,0.9821135401725768,0.981995403766632,0.981185019016266,0.9828070998191832,0.9978874921798706,True,26.0
Winam,Vembanad,T-Win_V-Vem_15px_2026-07-22,15,inner,20,0.0584994635297444,0.0538160079965957,0.982017993927002,0.981945812702179,0.9868951439857484,0.9770458936691284,0.9976028203964232,0.9805546402931212,0.980434238910675,0.9792216420173644,0.9816498756408693,0.9971917271614076,True,26.0
Winam,Vembanad,T-Win_V-Vem_15px_2026-07-22,15,inner,21,0.0548813044303532,0.0532035800720472,0.982017993927002,0.9819819927215576,0.9849397540092468,0.9790419340133668,0.9974161386489868,0.9813750982284546,0.9812536239624025,0.9803630113601683,0.9821457862854004,0.9976844787597656,True,26.0
Winam,Vembanad,T-Win_V-Vem_15px_2026-07-22,15,inner,22,0.0546752995923577,0.0461085064180351,0.9850149750709534,0.9850149750709534,0.9860000014305116,0.9840319156646729,0.9976886510849,0.9814571738243104,0.9813192486763,0.9813192486763,0.9813192486763,0.9977144002914428,True,26.0
Winam,Vembanad,T-Win_V-Vem_15px_2026-07-22,15,inner,23,0.0524001450916372,0.04715418214719,0.9835164546966552,0.9835082292556764,0.9849849939346312,0.9820359349250792,0.9977654814720154,0.981621265411377,0.981515109539032,0.9798978567123412,0.9831377267837524,0.9978756308555604,True,26.0
Winam,Vembanad,T-Win_V-Vem_15px_2026-07-22,15,inner,24,0.0492067481704425,0.0465690434294437,0.9835164546966552,0.9834420680999756,0.9889001250267028,0.9780439138412476,0.9979192018508912,0.9830981492996216,0.9830005168914796,0.9813807606697084,0.9846255779266356,0.9983370900154114,True,26.0
Winam,Vembanad,T-Win_V-Vem_15px_2026-07-22,15,inner,25,0.0520268808579617,0.0475390835608877,0.9835164546966552,0.9834420680999756,0.9889001250267028,0.9780439138412476,0.9978333711624146,0.9823597073554992,0.982247531414032,0.9811943173408508,0.9833030104637146,0.9979557991027832,True,26.0
Winam,Vembanad,T-Win_V-Vem_15px_2026-07-22,15,inner,26,0.0484664718500357,0.0430438677558431,0.9855144619941713,0.9854927659034728,0.9879639148712158,0.9830339550971984,0.9980608820915222,0.9838365316390992,0.983739137649536,0.9823607206344604,0.985121488571167,0.9984065294265748,True,26.0
Winam,Vembanad,T-Win_V-Vem_15px_2026-07-22,15,inner,27,0.0480261543930105,0.0456024500086427,0.9850149750709534,0.9850000143051147,0.9869739413261414,0.9830339550971984,0.997880220413208,0.9840006828308104,0.983904242515564,0.9825255274772644,0.985286831855774,0.9983890056610109,True,26.0
Winam,Vembanad,T-Win_V-Vem_15px_2026-07-22,15,inner,28,0.0494949018511179,0.0477431188537539,0.9835164546966552,0.9834254384040833,0.9898887872695924,0.9770458936691284,0.9977964162826538,0.9835904240608216,0.9834765195846558,0.9829892516136168,0.9839642643928528,0.9981402158737184,True,26.0
Winam,Vembanad,T-Win_V-Vem_15px_2026-07-22,15,inner,29,0.05012930896956,0.0485737514812369,0.9825174808502196,0.9824561476707458,0.9869083762168884,0.9780439138412476,0.9976866245269777,0.9824417233467102,0.9823257327079772,0.981515109539032,0.9831377267837524,0.9981884956359864,True,26.0
Winam,Vembanad,T-Win_V-Vem_15px_2026-07-22,15,inner,30,0.0509494259136795,0.0476461876440536,0.9835164546966552,0.9834752082824708,0.9869346618652344,0.9800398945808412,0.9977744817733764,0.9818674325942992,0.9817460775375366,0.9810168147087096,0.9824764132499696,0.9980688095092772,True,26.0
Winam,Vembanad,T-Win_V-Vem_15px_2026-07-22,15,inner,31,0.0451528524541643,0.0452365241349338,0.9840160012245178,0.9839839935302734,0.986947774887085,0.9810379147529602,0.9980039596557616,0.9849852323532104,0.9849072098731996,0.9827188849449158,0.9871053099632264,0.9985231757164,True,26.0
Winam,Vembanad,T-Win_V-Vem_15px_2026-07-22,15,inner,32,0.0469854265469159,0.0439828971826976,0.9850149750709534,0.9850000143051147,0.9869739413261414,0.9830339550971984,0.9979650378227234,0.984246790409088,0.9841688871383668,0.981740415096283,0.9866093397140504,0.9982930421829224,True,26.0
Winam,Vembanad,T-Win_V-Vem_15px_2026-07-22,15,inner,33,0.046973938263603,0.0460103974965113,0.9830169677734376,0.9829659461975098,0.9869215488433838,0.9790419340133668,0.9977704286575316,0.9845749735832214,0.9844833016395568,0.983022928237915,0.985948085784912,0.998303771018982,True,26.0
Winam,Vembanad,T-Win_V-Vem_15px_2026-07-22,15,inner,34,0.0478111270009434,0.0442256972111843,0.9845154881477356,0.9845232367515564,0.9850149750709534,0.9840319156646729,0.9978642463684082,0.9840006828308104,0.983890950679779,0.9833223223686218,0.9844602346420288,0.9982795715332032,True,26.0
Winam,Vembanad,T-Win_V-Vem_15px_2026-07-22,15,inner,35,0.0476196056566851,0.0439276378927426,0.9855144619941713,0.9855361580848694,0.9850448369979858,0.9860279560089112,0.9979900121688844,0.9837545156478882,0.9836390614509584,0.983314037322998,0.9839642643928528,0.9983919858932496,True,26.0
Winam,Vembanad,T-Win_V-Vem_15px_2026-07-22,15,inner,36,0.0485804847196786,0.0457756364923696,0.9835164546966552,0.9834586381912231,0.9879153966903688,0.9790419340133668,0.9979192018508912,0.9840826988220216,0.9839986562728882,0.981893002986908,0.986113429069519,0.9981821179389954,True,26.0
Winam,Valsequillo,T-Win_V-Val_15px_2026-07-22,15,inner,1,0.3018025665003576,0.2112961977135901,0.925000011920929,0.9225316643714904,0.953926682472229,0.8931372761726379,0.9749576449394226,0.8693004250526428,0.8668901920318604,0.8765892386436462,0.8574033975601196,0.94485604763031,True,14.0
Winam,Valsequillo,T-Win_V-Val_15px_2026-07-22,15,inner,2,0.1674035708232181,0.2643700903829406,0.9142156839370728,0.9105774164199828,0.9509071707725524,0.8735294342041016,0.9629873037338256,0.9394238591194152,0.9392237663269044,0.9355157017707824,0.9429613947868348,0.9826284646987916,True,14.0
Winam,Valsequillo,T-Win_V-Val_15px_2026-07-22,15,inner,3,0.1316167886653309,0.2510717659604315,0.91813725233078,0.9143150448799132,0.9590957760810852,0.8735294342041016,0.9698914289474488,0.9577777981758118,0.9575014710426332,0.9567880630493164,0.9582158923149108,0.9882352352142334,True,14.0
Winam,Valsequillo,T-Win_V-Val_15px_2026-07-22,15,inner,4,0.1151504714805402,0.1568262832202747,0.9480392336845398,0.9480392336845398,0.9480392336845398,0.9480392336845398,0.9869271516799928,0.9617283940315248,0.9615416526794434,0.9592409133911132,0.9638534188270568,0.9910183548927308,True,14.0
Winam,Valsequillo,T-Win_V-Val_15px_2026-07-22,15,inner,5,0.0996675885851981,0.2926244280209728,0.9112744927406312,0.9070364832878112,0.9525350332260132,0.865686297416687,0.9604719281196594,0.9662551283836364,0.9660314917564392,0.9653916358947754,0.96667218208313,0.993053674697876,True,14.0
Winam,Valsequillo,T-Win_V-Val_15px_2026-07-22,15,inner,6,0.0823603372735741,0.2422225528707106,0.9230391979217528,0.9204257726669312,0.9527806639671326,0.8901960849761963,0.978019952774048,0.9708641767501832,0.9706759452819824,0.9698725342750548,0.971480667591095,0.9951908588409424,True,14.0
Winam,Valsequillo,T-Win_V-Val_15px_2026-07-22,15,inner,7,0.0827221646819095,0.2010307706198563,0.9333333373069764,0.9308943152427672,0.9662446975708008,0.8980392217636108,0.9867329597473145,0.9732510447502136,0.973129391670227,0.9704815149307252,0.9757917523384094,0.9948866367340088,True,14.0
Winam,Valsequillo,T-Win_V-Val_15px_2026-07-22,15,inner,8,0.0756511941098382,0.2447535896125961,0.9284313917160034,0.9259634613990784,0.9590336084365844,0.8950980305671692,0.9813225269317628,0.9746502041816713,0.9744779467582704,0.973993718624115,0.9749627113342284,0.995756983757019,True,14.0
Winam,Valsequillo,T-Win_V-Val_15px_2026-07-22,15,inner,9,0.0719548292034938,0.2358432627922179,0.9313725233078004,0.9294354915618896,0.95643150806427,0.9039215445518494,0.9759092330932616,0.9777777791023254,0.9776527285575868,0.9760370254516602,0.9792737364768982,0.9959922432899476,True,14.0
Winam,Valsequillo,T-Win_V-Val_15px_2026-07-22,15,inner,10,0.0708946522506176,0.1730802481473587,0.945588231086731,0.9446935653686525,0.9604862928390504,0.929411768913269,0.9874404072761536,0.9777777791023254,0.977671205997467,0.9752516150474548,0.9801027774810792,0.9960962533950806,True,14.0
Winam,Valsequillo,T-Win_V-Val_15px_2026-07-22,15,inner,11,0.0638138181657948,0.3300459630641282,0.8985294103622437,0.8914525508880615,0.9582863450050354,0.8333333134651184,0.9680064916610718,0.979012370109558,0.9789099097251892,0.9765676856040956,0.9812634587287904,0.9968764781951904,True,14.0
Winam,Valsequillo,T-Win_V-Val_15px_2026-07-22,15,inner,12,0.0610564763135748,0.2526091586378421,0.9176470637321472,0.9133126735687256,0.9640522599220276,0.8676470518112183,0.9830728769302368,0.980246901512146,0.9801291823387146,0.978832483291626,0.9814292788505554,0.997157871723175,True,14.0
Winam,Valsequillo,T-Win_V-Val_15px_2026-07-22,15,inner,13,0.0595996667524424,0.3365800982012468,0.9034313559532166,0.8973423838615417,0.9577308297157288,0.8441176414489746,0.964729905128479,0.9796707630157472,0.9795343279838562,0.9789665341377258,0.9801027774810792,0.9973592162132264,True,14.0
Winam,Valsequillo,T-Win_V-Val_15px_2026-07-22,15,inner,14,0.0561254664829361,0.1511812260301382,0.9485294222831726,0.9476830959320068,0.9635258316993712,0.9323529601097108,0.9906420707702636,0.9821399450302124,0.9820408821105956,0.9803370833396912,0.9837506413459778,0.9974042773246764,True,14.0
Winam,Valsequillo,T-Win_V-Val_15px_2026-07-22,15,inner,15,0.0586191917054447,0.173478150995923,0.9465686082839966,0.945418119430542,0.966223120689392,0.9254902005195618,0.9864359498023988,0.980246901512146,0.9801291823387146,0.978832483291626,0.9814292788505554,0.9972562193870544,True,14.0
Winam,Valsequillo,T-Win_V-Val_15px_2026-07-22,15,inner,16,0.0519874332765492,0.2251592576649843,0.9338235259056092,0.9317837357521056,0.9614181518554688,0.9039215445518494,0.982386589050293,0.9830452799797058,0.9829526543617249,0.9811663627624512,0.9847455024719238,0.9977615475654602,True,14.0
Winam,Valsequillo,T-Win_V-Val_15px_2026-07-22,15,inner,17,0.0482062913385438,0.1992811994773208,0.9421568512916564,0.9409999847412108,0.9602040648460388,0.92254900932312,0.9841090440750122,0.9855144023895264,0.9854304790496826,0.9839642643928528,0.9869009852409364,0.9980846643447876,True,14.0
Winam,Valsequillo,T-Win_V-Val_15px_2026-07-22,15,inner,18,0.048029045056659,0.2319660069548762,0.929411768913269,0.9269035458564758,0.961052656173706,0.8950980305671692,0.9814513921737672,0.9849382638931274,0.9848421812057496,0.9839457273483276,0.98574036359787,0.9980790615081788,True,14.0
Winam,Valsequillo,T-Win_V-Val_15px_2026-07-22,15,inner,19,0.049463089453708,0.2962990378632265,0.9112744927406312,0.9066529273986816,0.9564744234085084,0.8617647290229797,0.97406667470932,0.98353910446167,0.9834519028663636,0.981502890586853,0.9854087233543396,0.9981034398078918,True,14.0
Winam,Valsequillo,T-Win_V-Val_15px_2026-07-22,15,inner,20,0.0454481267134961,0.2337762301312942,0.925000011920929,0.9221373796463012,0.958730161190033,0.8882352709770203,0.9814571142196656,0.984609067440033,0.9844903349876404,0.9848987460136414,0.9840822219848632,0.9984304904937744,True,14.0
Winam,Valsequillo,T-Win_V-Val_15px_2026-07-22,15,inner,21,0.0445204698299,0.2476232507138275,0.92254900932312,0.919305384159088,0.9594882726669312,0.8823529481887817,0.981181263923645,0.9847736358642578,0.984689235687256,0.9829808473587036,0.9864035844802856,0.9984580278396606,True,14.0
Winam,Valsequillo,T-Win_V-Val_15px_2026-07-22,15,inner,22,0.044627998693551,0.25554524313695,0.9259803891181946,0.9229984879493712,0.9617428183555604,0.8872548937797546,0.9805411100387572,0.9843621253967284,0.984258472919464,0.9836065769195556,0.9849112629890442,0.9986090064048768,True,14.0
Winam,Valsequillo,T-Win_V-Val_15px_2026-07-22,15,inner,23,0.0423035601566357,0.2422465891906005,0.9215686321258544,0.918200433254242,0.9594017267227172,0.8803921341896057,0.9825654029846193,0.9860082268714904,0.9859225153923036,0.9847807884216307,0.9870668053627014,0.9985637068748474,True,14.0
Winam,Valsequillo,T-Win_V-Val_15px_2026-07-22,15,inner,24,0.044637304366616,0.2675876584196207,0.9176470637321472,0.9138461351394652,0.9580644965171814,0.8735294342041016,0.9797847270965576,0.9847736358642578,0.98468416929245,0.9833002686500548,0.9860719442367554,0.9984222650527954,True,14.0
Winam,RawaPening,T-Win_V-Raw_15px_2026-07-22,15,inner,1,0.2965830803005508,0.2233708896241583,0.9145854115486144,0.9209431409835817,0.8578811287879944,0.9940119981765748,0.9884591102600098,0.8768460750579834,0.8756729960441589,0.8774900436401367,0.8738634586334229,0.9471703171730042,True,11.0
Winam,RawaPening,T-Win_V-Raw_15px_2026-07-22,15,inner,2,0.1741931261118803,0.2228170626170628,0.9290709495544434,0.9333333373069764,0.881205677986145,0.9920159578323364,0.9888732433319092,0.9375615119934082,0.9374126195907592,0.9327332377433776,0.942139208316803,0.9808857440948486,True,11.0
Winam,RawaPening,T-Win_V-Raw_15px_2026-07-22,15,inner,3,0.1347733940531826,0.1633660211102231,0.9395604133605956,0.9427354335784912,0.8964896202087402,0.9940119981765748,0.9943922758102416,0.95331472158432,0.9530566930770874,0.9512516260147096,0.9548685550689696,0.9879777431488036,True,11.0
Winam,RawaPening,T-Win_V-Raw_15px_2026-07-22,15,inner,4,0.1134355810049384,0.1656259120433599,0.9520479440689088,0.954023003578186,0.9171270728111268,0.9940119981765748,0.9890588521957396,0.9624220728874208,0.9622548222541808,0.959408402442932,0.9651182293891908,0.9910441040992736,True,11.0
Winam,RawaPening,T-Win_V-Raw_15px_2026-07-22,15,inner,5,0.1059112185309725,0.0970471288513887,0.9650349617004396,0.9659863710403442,0.941287875175476,0.9920159578323364,0.9961097240447998,0.9638168811798096,0.9635928273200988,0.9624010324478148,0.9647875428199768,0.9922035932540894,True,11.0
Winam,RawaPening,T-Win_V-Raw_15px_2026-07-22,15,inner,6,0.0814378981145045,0.1148081878153653,0.9615384340286256,0.9627118706703186,0.935089349746704,0.9920159578323364,0.9953184127807616,0.9716934561729432,0.9715229272842408,0.9701615571975708,0.9728880524635316,0.9954724311828612,True,11.0
Winam,RawaPening,T-Win_V-Raw_15px_2026-07-22,15,inner,7,0.0805586280712621,0.0993213858083262,0.96053946018219,0.9616318345069884,0.9366130828857422,0.9880239367485046,0.9956746101379396,0.9735805988311768,0.9733620285987854,0.9741678833961488,0.9725574254989624,0.9950757026672364,True,11.0
Winam,RawaPening,T-Win_V-Raw_15px_2026-07-22,15,inner,8,0.0777761490326613,0.0959347238862788,0.9645354747772216,0.965382754802704,0.9437559843063354,0.9880239367485046,0.9949770569801332,0.9731703400611876,0.9729819297790528,0.9725801348686218,0.9733840227127076,0.995644211769104,True,11.0
Winam,RawaPening,T-Win_V-Raw_15px_2026-07-22,15,inner,9,0.0759091908616494,0.0929613794785339,0.9670329689979552,0.9678048491477966,0.9465649127960204,0.9900199770927428,0.9961207509040833,0.97489333152771,0.9747399687767028,0.9734542369842528,0.976029098033905,0.9959465265274048,True,11.0
Winam,RawaPening,T-Win_V-Raw_15px_2026-07-22,15,inner,10,0.0677900242099301,0.0932516966733363,0.9720279574394226,0.9725759029388428,0.954807698726654,0.9910179376602172,0.994234561920166,0.9767804145812988,0.976648211479187,0.974958837032318,0.9783435463905334,0.996890902519226,True,11.0
Winam,RawaPening,T-Win_V-Raw_15px_2026-07-22,15,inner,11,0.0610321703570805,0.0829750404467101,0.969530463218689,0.9701711535453796,0.951102614402771,0.9900199770927428,0.9967066049575806,0.9794059991836548,0.9792407751083374,0.9798080325126648,0.9786741733551024,0.997381031513214,True,11.0
Winam,RawaPening,T-Win_V-Raw_15px_2026-07-22,15,inner,12,0.0607842386504289,0.0848446348328497,0.9715284705162048,0.9719626307487488,0.9582929015159608,0.9860279560089112,0.9964441657066344,0.9803905487060548,0.9802691340446472,0.979056715965271,0.9814845323562622,0.9971863031387328,True,11.0
Winam,RawaPening,T-Win_V-Raw_15px_2026-07-22,15,inner,13,0.0589045275150653,0.098711223428051,0.9675324559211732,0.9682462215423584,0.9483253359794616,0.9890219569206238,0.9963553547859192,0.9787495732307434,0.9786250591278076,0.9770929217338562,0.9801620244979858,0.997584879398346,True,11.0
Winam,RawaPening,T-Win_V-Raw_15px_2026-07-22,15,inner,14,0.0591756391476853,0.1120179099152674,0.9615384340286256,0.9626395106315612,0.9367327690124512,0.9900199770927428,0.9950180053710938,0.9798982739448548,0.9797570705413818,0.9793524742126464,0.9801620244979858,0.997158944606781,True,11.0
Winam,RawaPening,T-Win_V-Raw_15px_2026-07-22,15,inner,15,0.0564114492808991,0.1100827653266184,0.9610389471054076,0.9622092843055724,0.9350282549858092,0.9910179376602172,0.9962434768676758,0.9809648990631104,0.9808707237243652,0.9784504175186156,0.9833030104637146,0.9976595640182496,True,11.0
Winam,RawaPening,T-Win_V-Raw_15px_2026-07-22,15,inner,16,0.0550817838008966,0.1006097333560642,0.9655344486236572,0.9664233326911926,0.9430199265480042,0.9910179376602172,0.995552897453308,0.9814571738243104,0.9813315868377686,0.9806835055351256,0.9819805026054382,0.997593641281128,True,11.0
Winam,RawaPening,T-Win_V-Raw_15px_2026-07-22,15,inner,17,0.0511715344162819,0.1207096726967619,0.9600399732589722,0.9613526463508606,0.9316479563713074,0.9930139780044556,0.9959261417388916,0.9818674325942992,0.9817551374435424,0.9805408716201782,0.9829723834991456,0.9981051087379456,True,11.0
Winam,RawaPening,T-Win_V-Raw_15px_2026-07-22,15,inner,18,0.0526414232381717,0.0914866074640117,0.9650349617004396,0.9658869504928588,0.9438095092773438,0.9890219569206238,0.996235489845276,0.982523798942566,0.9823981523513794,0.982154667377472,0.9826417565345764,0.9977561831474304,True,11.0
Winam,RawaPening,T-Win_V-Raw_15px_2026-07-22,15,inner,19,0.0514589774415928,0.089634128421504,0.9660339951515198,0.966829240322113,0.9456107020378112,0.9890219569206238,0.9961751699447632,0.982523798942566,0.9824213981628418,0.9808833003044128,0.9839642643928528,0.9979908466339112,True,11.0
Winam,RawaPening,T-Win_V-Raw_15px_2026-07-22,15,inner,20,0.0548712259281058,0.0861853352637606,0.969530463218689,0.9701419472694396,0.9519692659378052,0.9890219569206238,0.9955928921699524,0.9808828234672546,0.9807294607162476,0.9812976121902466,0.9801620244979858,0.9975961446762084,True,11.0
Winam,RawaPening,T-Win_V-Raw_15px_2026-07-22,15,inner,21,0.0471427051462343,0.0962859453048676,0.9680319428443908,0.968780517578125,0.947519063949585,0.9910179376602172,0.9959386587142944,0.9844108819961548,0.9843130707740784,0.9831766486167908,0.985452115535736,0.9982854127883912,True,11.0
Winam,,Test_Win_outer_15px_2026-07-22,15,outer,1,0.2943540358444685,,,,,,,0.87766033411026,0.8743849396705627,0.8925986289978027,0.8568997383117676,0.9483466744422911,True,
Winam,,Test_Win_outer_15px_2026-07-22,15,outer,2,0.1664050768869203,,,,,,,0.9426356554031372,0.9424165487289428,0.940155267715454,0.9446886777877808,0.9823886156082152,True,
Winam,,Test_Win_outer_15px_2026-07-22,15,outer,3,0.1316139328051319,,,,,,,0.955954909324646,0.955827295780182,0.952662706375122,0.9590129256248474,0.988255739212036,True,
Winam,,Test_Win_outer_15px_2026-07-22,15,outer,4,0.1114401514194984,,,,,,,0.962226927280426,0.962077260017395,0.9599040150642396,0.9642603993415833,0.9912793040275574,True,
Winam,,Test_Win_outer_15px_2026-07-22,15,outer,5,0.1049765738573941,,,,,,,0.9643411040306092,0.9641896486282348,0.9622828364372252,0.9661040902137756,0.9919192790985109,True,
Winam,,Test_Win_outer_15px_2026-07-22,15,outer,6,0.0899237212127073,,,,,,,0.9722339510917664,0.9721279144287108,0.9697953462600708,0.9744716882705688,0.99380362033844,True,
Winam,,Test_Win_outer_15px_2026-07-22,15,outer,7,0.0801830477660772,,,,,,,0.972515881061554,0.972403049468994,0.9703431725502014,0.9744716882705688,0.9953691959381104,True,
Winam,,Test_Win_outer_15px_2026-07-22,15,outer,8,0.079027976388659,,,,,,,0.9727272987365724,0.9725862145423888,0.971553921699524,0.9736207723617554,0.9954423904418944,True,
Winam,,Test_Win_outer_15px_2026-07-22,15,outer,9,0.0724915961209235,,,,,,,0.9761804342269896,0.9760589599609376,0.9749540090560912,0.9771663546562196,0.9959859251976012,True,
Winam,,Test_Win_outer_15px_2026-07-22,15,outer,10,0.0717638348714252,,,,,,,0.9757575988769532,0.9756787419319152,0.9727900624275208,0.9785845875740052,0.9962149262428284,True,
Winam,,Test_Win_outer_15px_2026-07-22,15,outer,11,0.0657342032112648,,,,,,,0.978294551372528,0.978199303150177,0.9764024019241332,0.9800028204917908,0.9966648817062378,True,
Winam,,Test_Win_outer_15px_2026-07-22,15,outer,12,0.0626703341737641,,,,,,,0.9792811870574952,0.9791902899742126,0.9773915410041808,0.9809955954551696,0.9967904090881348,True,
Winam,,Test_Win_outer_15px_2026-07-22,15,outer,13,0.0579073071289463,,,,,,,0.9818181991577148,0.9817383885383606,0.9799349904060364,0.9835484623908995,0.9974042177200316,True,
Winam,,Test_Win_outer_15px_2026-07-22,15,outer,14,0.0573791964183062,,,,,,,0.9801268577575684,0.9800254702568054,0.9789161086082458,0.9811374545097352,0.99751877784729,True,
Winam,,Test_Win_outer_15px_2026-07-22,15,outer,15,0.0577594267179463,,,,,,,0.9799858927726746,0.9798952341079712,0.9782332181930542,0.9815629124641418,0.997506856918335,True,
