system:index,B11,B12,B2,B3,B4,B5,B6,B7,B8,B8A,class_int,class_label,label_id,latitude,lc,location,longitude,obs_date,.geo
0_0_0,1384,557,261,563,292,911,3525,4379,4461,4765,3,floating_plants,VA0001_20210725,18.912924473322963,1,Valsequillo,-98.19743211280908,2021-07-25,"{""type"":""MultiPoint"",""coordinates"":[]}"
0_1_0,1330,506,264,534,267,849,3506,4430,4272,4728,3,floating_plants,VA0002_20210725,18.912934622932212,1,Valsequillo,-98.1951258810038,2021-07-25,"{""type"":""MultiPoint"",""coordinates"":[]}"
0_2_0,1180,470,275,514,271,839,3135,3846,4016,4213,3,floating_plants,VA0003_20210725,18.915776489290664,1,Valsequillo,-98.1935919686868,2021-07-25,"{""type"":""MultiPoint"",""coordinates"":[]}"
0_3_0,1055,417,287,541,285,834,2821,3509,3560,3645,3,floating_plants,VA0004_20210725,18.913939431199996,1,Valsequillo,-98.19140373013668,2021-07-25,"{""type"":""MultiPoint"",""coordinates"":[]}"
0_4_0,1126,453,298,550,319,871,2860,3520,3504,3831,3,floating_plants,VA0005_20210725,18.91767442341962,1,Valsequillo,-98.19568398506993,2021-07-25,"{""type"":""MultiPoint"",""coordinates"":[]}"
0_5_0,626,293,339,566,294,825,2021,2620,3467,3058,3,floating_plants,VA0006_20210725,18.918638606157046,1,Valsequillo,-98.1937317330301,2021-07-25,"{""type"":""MultiPoint"",""coordinates"":[]}"
0_6_0,837,350,380,596,367,860,2453,2957,2654,2982,3,floating_plants,VA0007_20210725,18.919521589680368,1,Valsequillo,-98.19480439898604,2021-07-25,"{""type"":""MultiPoint"",""coordinates"":[]}"
0_7_0,821,376,356,554,325,851,2307,2774,3196,3168,3,floating_plants,VA0008_20210725,18.917197404640756,1,Valsequillo,-98.19371027971098,2021-07-25,"{""type"":""MultiPoint"",""coordinates"":[]}"
0_8_0,1282,522,269,518,267,837,3255,4057,3936,4373,3,floating_plants,VA0009_20210725,18.915786638689625,1,Valsequillo,-98.1959197582832,2021-07-25,"{""type"":""MultiPoint"",""coordinates"":[]}"
0_9_0,1275,484,272,535,283,866,3360,4209,4232,4429,3,floating_plants,VA0010_20210725,18.91368569227111,1,Valsequillo,-98.19329172669113,2021-07-25,"{""type"":""MultiPoint"",""coordinates"":[]}"
0_10_0,1150,452,284,549,279,856,3144,3799,3847,4077,3,floating_plants,VA0011_20210725,18.91111783264472,1,Valsequillo,-98.18911830087697,2021-07-25,"{""type"":""MultiPoint"",""coordinates"":[]}"
0_11_0,1162,466,266,542,276,850,3117,3835,3498,4053,3,floating_plants,VA0012_20210725,18.910661094656145,1,Valsequillo,-98.1908345664065,2021-07-25,"{""type"":""MultiPoint"",""coordinates"":[]}"
0_12_0,695,303,368,566,346,729,1504,1902,2049,1894,3,floating_plants,VA0013_20210725,18.911077233762924,1,Valsequillo,-98.19374149114708,2021-07-25,"{""type"":""MultiPoint"",""coordinates"":[]}"
0_13_0,1268,509,271,543,259,872,3353,4177,4132,4434,3,floating_plants,VA0014_20210725,18.910001359803886,1,Valsequillo,-98.19308716491398,2021-07-25,"{""type"":""MultiPoint"",""coordinates"":[]}"
0_14_0,1370,544,254,560,267,883,3577,4548,4677,4873,3,floating_plants,VA0015_20210725,18.90823528754606,1,Valsequillo,-98.19279754510588,2021-07-25,"{""type"":""MultiPoint"",""coordinates"":[]}"
0_15_0,1295,491,244,527,254,842,3397,4286,4476,4575,3,floating_plants,VA0016_20210725,18.908722481755582,1,Valsequillo,-98.19107055291678,2021-07-25,"{""type"":""MultiPoint"",""coordinates"":[]}"
0_16_0,1125,445,254,515,266,839,3003,3765,3738,4034,3,floating_plants,VA0017_20210725,18.909372071827516,1,Valsequillo,-98.18797054830408,2021-07-25,"{""type"":""MultiPoint"",""coordinates"":[]}"
0_17_0,1066,431,294,555,281,841,2905,3531,3438,3648,3,floating_plants,VA0018_20210725,18.910488548869175,1,Valsequillo,-98.18789546168719,2021-07-25,"{""type"":""MultiPoint"",""coordinates"":[]}"
0_18_0,1446,570,255,579,271,934,3790,4665,4688,4962,3,floating_plants,VA0019_20210725,18.906915796102783,1,Valsequillo,-98.18822798813353,2021-07-25,"{""type"":""MultiPoint"",""coordinates"":[]}"
0_19_0,1123,460,294,574,291,906,3151,3655,3641,3804,3,floating_plants,VA0020_20210725,18.90999121001659,1,Valsequillo,-98.18639372934884,2021-07-25,"{""type"":""MultiPoint"",""coordinates"":[]}"
0_20_0,1200,460,258,548,261,842,3261,3919,4132,4272,3,floating_plants,VA0021_20210725,18.908823980370624,1,Valsequillo,-98.18671552913565,2021-07-25,"{""type"":""MultiPoint"",""coordinates"":[]}"
0_21_0,1187,456,256,525,254,832,3212,4068,4091,4294,3,floating_plants,VA0022_20210725,18.90631694605778,1,Valsequillo,-98.18494461388278,2021-07-25,"{""type"":""MultiPoint"",""coordinates"":[]}"
0_22_0,1187,465,256,502,252,851,3241,3986,4040,4329,3,floating_plants,VA0023_20210725,18.905048189928344,1,Valsequillo,-98.18355014814006,2021-07-25,"{""type"":""MultiPoint"",""coordinates"":[]}"
0_23_0,1138,445,266,514,262,839,3074,3782,3642,3958,3,floating_plants,VA0024_20210725,18.90321101399946,1,Valsequillo,-98.18134045627082,2021-07-25,"{""type"":""MultiPoint"",""coordinates"":[]}"
0_24_0,1096,429,266,536,272,815,3003,3675,3680,3837,3,floating_plants,VA0025_20210725,18.904540684782376,1,Valsequillo,-98.18647852619978,2021-07-25,"{""type"":""MultiPoint"",""coordinates"":[]}"
0_25_0,1244,483,244,503,241,839,3310,4168,4073,4373,3,floating_plants,VA0026_20210725,18.903403867668946,1,Valsequillo,-98.18843077823962,2021-07-25,"{""type"":""MultiPoint"",""coordinates"":[]}"
0_26_0,1210,450,240,514,250,825,3282,4110,4035,4331,3,floating_plants,VA0027_20210725,18.90326176498667,1,Valsequillo,-98.1845155475004,2021-07-25,"{""type"":""MultiPoint"",""coordinates"":[]}"
0_27_0,1083,458,361,584,354,870,2720,3367,3226,3399,3,floating_plants,VA0028_20210725,18.923723310029256,1,Valsequillo,-98.1980442920025,2021-07-25,"{""type"":""MultiPoint"",""coordinates"":[]}"
0_28_0,1211,474,284,540,288,847,3119,3872,3806,4105,3,floating_plants,VA0029_20210725,18.922200960001682,1,Valsequillo,-98.19852699168268,2021-07-25,"{""type"":""MultiPoint"",""coordinates"":[]}"
0_29_0,1263,487,324,583,304,922,3427,4413,4384,4562,3,floating_plants,VA0030_20210725,18.92328690443918,1,Valsequillo,-98.1969072660892,2021-07-25,"{""type"":""MultiPoint"",""coordinates"":[]}"
0_30_0,842,339,382,612,366,842,2222,2738,2934,2654,3,floating_plants,VA0031_20210725,18.92551966522559,1,Valsequillo,-98.19662837294068,2021-07-25,"{""type"":""MultiPoint"",""coordinates"":[]}"
0_31_0,1161,450,306,568,317,845,3077,3829,3774,4087,3,floating_plants,VA0032_20210725,18.92632142204663,1,Valsequillo,-98.19762595227968,2021-07-25,"{""type"":""MultiPoint"",""coordinates"":[]}"
0_32_0,1002,398,352,586,328,820,2611,3173,3316,3403,3,floating_plants,VA0033_20210725,18.926006809069108,1,Valsequillo,-98.19935294446879,2021-07-25,"{""type"":""MultiPoint"",""coordinates"":[]}"
0_33_0,520,252,412,606,374,798,1599,1953,2229,2016,3,floating_plants,VA0034_20210725,18.921470227063047,1,Valsequillo,-98.1953733537722,2021-07-25,"{""type"":""MultiPoint"",""coordinates"":[]}"
0_34_0,1280,543,302,534,294,881,2962,3653,3782,3923,3,floating_plants,VA0035_20210725,18.92089172788758,1,Valsequillo,-98.19721833921642,2021-07-25,"{""type"":""MultiPoint"",""coordinates"":[]}"
0_35_0,1310,496,267,545,274,840,3383,4274,4296,4627,3,floating_plants,VA0036_20210725,18.928777413511668,1,Valsequillo,-98.19713367730851,2021-07-25,"{""type"":""MultiPoint"",""coordinates"":[]}"
0_36_0,602,280,401,588,378,802,1678,2027,2184,2042,3,floating_plants,VA0037_20210725,18.92987346377281,1,Valsequillo,-98.17563400832817,2021-07-25,"{""type"":""MultiPoint"",""coordinates"":[]}"
0_37_0,892,383,349,557,327,831,2562,2968,2791,3130,3,floating_plants,VA0038_20210725,18.929102169880835,1,Valsequillo,-98.17640632781645,2021-07-25,"{""type"":""MultiPoint"",""coordinates"":[]}"
0_38_0,225,122,428,615,405,705,986,1067,1782,875,3,floating_plants,VA0039_20210725,18.928310574758395,1,Valsequillo,-98.17850742760155,2021-07-25,"{""type"":""MultiPoint"",""coordinates"":[]}"
0_39_0,189,101,420,578,379,700,718,778,1125,708,3,floating_plants,VA0040_20210725,18.925824130796425,1,Valsequillo,-98.18260501155328,2021-07-25,"{""type"":""MultiPoint"",""coordinates"":[]}"
0_40_0,244,127,418,598,400,741,890,1072,1271,1052,3,floating_plants,VA0041_20210725,18.912934622757803,1,Valsequillo,-98.17990185199079,2021-07-25,"{""type"":""MultiPoint"",""coordinates"":[]}"
0_41_0,422,210,357,552,326,753,1799,2039,2434,1615,3,floating_plants,VA0042_20210725,18.913929281477305,1,Valsequillo,-98.18036309835183,2021-07-25,"{""type"":""MultiPoint"",""coordinates"":[]}"
0_42_0,378,182,279,534,318,743,1302,1741,2959,1504,3,floating_plants,VA0043_20210725,18.912853425866455,1,Valsequillo,-98.1778637866745,2021-07-25,"{""type"":""MultiPoint"",""coordinates"":[]}"
0_43_0,227,116,388,580,386,734,990,1170,1404,887,3,floating_plants,VA0044_20210725,18.91224444792455,1,Valsequillo,-98.18023437843712,2021-07-25,"{""type"":""MultiPoint"",""coordinates"":[]}"
0_44_0,192,124,369,583,383,745,922,959,1572,718,3,floating_plants,VA0045_20210725,18.910295703608316,1,Valsequillo,-98.17899008592823,2021-07-25,"{""type"":""MultiPoint"",""coordinates"":[]}"
0_45_0,296,134,298,554,316,705,1347,1436,2723,1193,3,floating_plants,VA0046_20210725,18.91331015786752,1,Valsequillo,-98.18166102415854,2021-07-25,"{""type"":""MultiPoint"",""coordinates"":[]}"
0_46_0,111,81,392,574,404,695,615,755,1324,647,3,floating_plants,VA0047_20210725,18.912680882341395,1,Valsequillo,-98.18218663047696,2021-07-25,"{""type"":""MultiPoint"",""coordinates"":[]}"
0_47_0,188,131,400,595,422,738,806,880,1470,861,3,floating_plants,VA0048_20210725,18.914863037339888,1,Valsequillo,-98.17891499931133,2021-07-25,"{""type"":""MultiPoint"",""coordinates"":[]}"
0_48_0,436,206,345,550,351,723,1307,1523,1461,1390,3,floating_plants,VA0049_20210725,18.903688072690507,1,Valsequillo,-98.178851710192,2021-07-25,"{""type"":""MultiPoint"",""coordinates"":[]}"
0_49_0,247,115,402,595,377,712,853,881,1150,862,3,floating_plants,VA0050_20210725,18.905109090461455,1,Valsequillo,-98.17938804316998,2021-07-25,"{""type"":""MultiPoint"",""coordinates"":[]}"
0_50_0,456,248,349,649,360,846,1614,1785,3614,2138,3,floating_plants,VA0051_20210725,18.903180563418786,1,Valsequillo,-98.17636312517419,2021-07-25,"{""type"":""MultiPoint"",""coordinates"":[]}"
0_51_0,335,261,297,401,265,442,547,542,1210,657,3,floating_plants,VA0052_20210725,18.90949386983953,1,Valsequillo,-98.16399175641895,2021-07-25,"{""type"":""MultiPoint"",""coordinates"":[]}"
0_52_0,162,125,214,302,198,305,353,377,483,296,3,floating_plants,VA0053_20210725,18.912173400266813,1,Valsequillo,-98.167424287478,2021-07-25,"{""type"":""MultiPoint"",""coordinates"":[]}"
0_53_0,535,270,290,537,290,630,1799,2529,3452,2629,3,floating_plants,VA0054_20210725,18.935850871052324,1,Valsequillo,-98.18030886869302,2021-07-25,"{""type"":""MultiPoint"",""coordinates"":[]}"
0_54_0,281,167,505,654,463,713,919,1082,1232,926,3,floating_plants,VA0055_20210725,18.935404348896377,1,Valsequillo,-98.17783101033477,2021-07-25,"{""type"":""MultiPoint"",""coordinates"":[]}"
0_55_0,272,154,489,557,411,626,767,824,1052,726,3,floating_plants,VA0056_20210725,18.93536375591391,1,Valsequillo,-98.17900021622674,2021-07-25,"{""type"":""MultiPoint"",""coordinates"":[]}"
0_56_0,98,83,454,594,407,684,437,432,353,299,2,open_water,VA0057_20210725,18.919460694501424,0,Valsequillo,-98.19226105759637,2021-07-25,"{""type"":""MultiPoint"",""coordinates"":[]}"
0_57_0,81,59,440,580,396,685,421,422,333,270,2,open_water,VA0058_20210725,18.9189329346031,0,Valsequillo,-98.18616831496661,2021-07-25,"{""type"":""MultiPoint"",""coordinates"":[]}"
0_58_0,93,76,483,638,452,723,453,464,375,301,2,open_water,VA0059_20210725,18.91469049642978,0,Valsequillo,-98.17975378125605,2021-07-25,"{""type"":""MultiPoint"",""coordinates"":[]}"
0_59_0,87,81,412,592,412,695,405,414,332,261,2,open_water,VA0060_20210725,18.908681883074806,0,Valsequillo,-98.17923890159717,2021-07-25,"{""type"":""MultiPoint"",""coordinates"":[]}"
0_60_0,100,62,500,670,495,769,490,497,410,344,2,open_water,VA0061_20210725,18.91781651393953,0,Valsequillo,-98.18041883414871,2021-07-25,"{""type"":""MultiPoint"",""coordinates"":[]}"
0_61_0,662,598,807,849,827,854,764,764,768,755,2,open_water,VA0062_20210725,18.91598962768734,0,Valsequillo,-98.16683888314641,2021-07-25,"{""type"":""MultiPoint"",""coordinates"":[]}"
0_62_0,900,813,939,1014,1056,1122,1007,993,943,978,2,open_water,VA0063_20210725,18.913310158018103,0,Valsequillo,-98.1615154433758,2021-07-25,"{""type"":""MultiPoint"",""coordinates"":[]}"
0_63_0,91,72,165,192,152,191,146,162,119,119,2,open_water,VA0064_20210725,18.905515093703233,0,Valsequillo,-98.16782258425377,2021-07-25,"{""type"":""MultiPoint"",""coordinates"":[]}"
0_64_0,115,82,207,209,175,216,177,163,146,116,2,open_water,VA0065_20210725,18.904987289792405,0,Valsequillo,-98.16082880222099,2021-07-25,"{""type"":""MultiPoint"",""coordinates"":[]}"
0_65_0,88,69,432,570,395,634,381,374,301,261,2,open_water,VA0066_20210725,18.903363267027345,0,Valsequillo,-98.17301390441654,2021-07-25,"{""type"":""MultiPoint"",""coordinates"":[]}"
0_66_0,268,207,298,434,343,378,308,365,329,295,2,open_water,VA0067_20210725,18.902612151300314,0,Valsequillo,-98.16988171982517,2021-07-25,"{""type"":""MultiPoint"",""coordinates"":[]}"
0_67_0,512,467,610,639,618,661,613,618,539,583,2,open_water,VA0068_20210725,18.907666892125945,0,Valsequillo,-98.16760766799857,2021-07-25,"{""type"":""MultiPoint"",""coordinates"":[]}"
0_68_0,1049,922,879,935,973,1239,1118,1077,910,1096,2,open_water,VA0069_20210725,18.917512034270455,0,Valsequillo,-98.15939044606199,2021-07-25,"{""type"":""MultiPoint"",""coordinates"":[]}"
0_69_0,1159,1020,1246,1322,1344,1401,1340,1338,1271,1257,2,open_water,VA0070_20210725,18.91728874883717,0,Valsequillo,-98.16625550818006,2021-07-25,"{""type"":""MultiPoint"",""coordinates"":[]}"
0_70_0,979,1040,1034,1138,1174,1370,1174,1239,1049,1366,2,open_water,VA0071_20210725,18.923297053454593,0,Valsequillo,-98.17260653947427,2021-07-25,"{""type"":""MultiPoint"",""coordinates"":[]}"
0_71_0,93,71,401,555,372,662,420,405,324,264,2,open_water,VA0072_20210725,18.914243917907893,0,Valsequillo,-98.18921519993555,2021-07-25,"{""type"":""MultiPoint"",""coordinates"":[]}"
0_72_0,76,59,419,577,395,695,421,418,325,255,2,open_water,VA0073_20210725,18.916212915034823,0,Valsequillo,-98.18582557551473,2021-07-25,"{""type"":""MultiPoint"",""coordinates"":[]}"
0_73_0,120,84,497,620,434,705,472,503,393,370,2,open_water,VA0074_20210725,18.920800385396884,0,Valsequillo,-98.19374185026962,2021-07-25,"{""type"":""MultiPoint"",""coordinates"":[]}"
0_74_0,136,98,532,661,486,756,545,549,455,382,2,open_water,VA0075_20210725,18.925205051080678,0,Valsequillo,-98.19509386643912,2021-07-25,"{""type"":""MultiPoint"",""coordinates"":[]}"
0_75_0,152,102,475,619,429,733,539,580,473,421,2,open_water,VA0076_20210725,18.92938633072239,0,Valsequillo,-98.1828440212222,2021-07-25,"{""type"":""MultiPoint"",""coordinates"":[]}"
0_76_0,169,118,690,835,630,845,647,658,525,504,2,open_water,VA0077_20210725,18.938195093067744,0,Valsequillo,-98.17505600931702,2021-07-25,"{""type"":""MultiPoint"",""coordinates"":[]}"
0_77_0,124,92,448,583,445,684,489,501,413,343,2,open_water,VA0078_20210725,18.932654152309745,0,Valsequillo,-98.17400479668018,2021-07-25,"{""type"":""MultiPoint"",""coordinates"":[]}"
0_78_0,190,184,274,316,259,356,264,283,203,217,2,open_water,VA0079_20210725,18.910894539257033,0,Valsequillo,-98.15018597967591,2021-07-25,"{""type"":""MultiPoint"",""coordinates"":[]}"
0_79_0,240,235,278,308,280,367,307,324,218,283,2,open_water,VA0080_20210725,18.90752479361175,0,Valsequillo,-98.15911085208039,2021-07-25,"{""type"":""MultiPoint"",""coordinates"":[]}"
0_80_0,111,105,167,195,145,227,153,152,121,122,2,open_water,VA0081_20210725,18.912213999527733,0,Valsequillo,-98.11971746516778,2021-07-25,"{""type"":""MultiPoint"",""coordinates"":[]}"
0_81_0,150,132,179,198,171,238,169,186,146,159,2,open_water,VA0082_20210725,18.911950108349483,0,Valsequillo,-98.12375068916215,2021-07-25,"{""type"":""MultiPoint"",""coordinates"":[]}"
0_82_0,105,83,180,213,160,259,178,179,137,127,2,open_water,VA0083_20210725,18.90963596787321,0,Valsequillo,-98.11836590606329,2021-07-25,"{""type"":""MultiPoint"",""coordinates"":[]}"
0_83_0,129,109,177,187,165,235,152,164,134,134,2,open_water,VA0084_20210725,18.9099810610283,0,Valsequillo,-98.12121919750614,2021-07-25,"{""type"":""MultiPoint"",""coordinates"":[]}"
0_84_0,225,205,237,294,247,334,234,277,232,217,2,open_water,VA0085_20210725,18.90569779487868,0,Valsequillo,-98.11885659001292,2021-07-25,"{""type"":""MultiPoint"",""coordinates"":[]}"
0_85_0,1077,962,1088,1144,1150,1274,1212,1213,1064,1179,2,open_water,VA0086_20210725,18.915827237299155,0,Valsequillo,-98.16053099355244,2021-07-25,"{""type"":""MultiPoint"",""coordinates"":[]}"
0_86_0,3291,3119,1320,1832,1890,2815,2803,2566,2192,2867,1,LEV,VA0087_20210725,18.907179698170083,0,Valsequillo,-98.17649749528314,2021-07-25,"{""type"":""MultiPoint"",""coordinates"":[]}"
0_87_0,2850,2461,995,1418,1246,1906,2897,3125,2468,3104,1,LEV,VA0088_20210725,18.90961567040001,0,Valsequillo,-98.17280752439471,2021-07-25,"{""type"":""MultiPoint"",""coordinates"":[]}"
0_88_0,2436,1438,569,988,771,1526,3285,3844,3708,4043,1,LEV,VA0089_20210725,18.910914841083038,0,Valsequillo,-98.17332240405355,2021-07-25,"{""type"":""MultiPoint"",""coordinates"":[]}"
0_89_0,2657,1621,681,1170,911,1630,3274,3706,3688,3971,1,LEV,VA0090_20210725,18.916679789225565,0,Valsequillo,-98.17375147043595,2021-07-25,"{""type"":""MultiPoint"",""coordinates"":[]}"
0_90_0,2654,2030,1176,1584,1694,2042,2928,3116,3248,3368,1,LEV,VA0091_20210725,18.91976517276743,0,Valsequillo,-98.1774414413244,2021-07-25,"{""type"":""MultiPoint"",""coordinates"":[]}"
0_91_0,1614,821,256,504,324,881,2303,2726,2866,2863,1,LEV,VA0092_20210725,18.92122665035844,0,Valsequillo,-98.16259574449408,2021-07-25,"{""type"":""MultiPoint"",""coordinates"":[]}"
0_92_0,1458,666,277,500,289,811,2548,3101,3056,3362,1,LEV,VA0093_20210725,18.918628459140308,0,Valsequillo,-98.15418604339943,2021-07-25,"{""type"":""MultiPoint"",""coordinates"":[]}"
0_93_0,2294,1434,476,711,642,1277,2325,2551,2546,2724,1,LEV,VA0094_20210725,18.932512074671514,0,Valsequillo,-98.15384279029354,2021-07-25,"{""type"":""MultiPoint"",""coordinates"":[]}"
0_94_0,2521,1589,529,786,741,1318,2389,2694,2601,2939,1,LEV,VA0095_20210725,18.923175267268338,0,Valsequillo,-98.20387193047894,2021-07-25,"{""type"":""MultiPoint"",""coordinates"":[]}"
0_95_0,2084,1319,441,647,600,1034,2222,2699,3172,2614,1,LEV,VA0096_20210725,18.917004569122035,0,Valsequillo,-98.20001033303751,2021-07-25,"{""type"":""MultiPoint"",""coordinates"":[]}"
0_96_0,1454,680,269,509,290,835,2423,2778,2791,3001,1,LEV,VA0097_20210725,18.92958930410858,0,Valsequillo,-98.16834523401796,2021-07-25,"{""type"":""MultiPoint"",""coordinates"":[]}"
0_97_0,1732,836,410,686,469,979,2560,2964,3033,3233,1,LEV,VA0098_20210725,18.935921909024902,0,Valsequillo,-98.171777765077,2021-07-25,"{""type"":""MultiPoint"",""coordinates"":[]}"
0_98_0,1726,894,363,579,533,936,2330,2695,2529,2966,1,LEV,VA0099_20210725,18.93642931883976,0,Valsequillo,-98.19007287563525,2021-07-25,"{""type"":""MultiPoint"",""coordinates"":[]}"
0_99_0,2124,968,440,725,513,1138,3626,4309,4152,4530,1,LEV,VA0100_20210725,18.93405462734551,0,Valsequillo,-98.18591093172618,2021-07-25,"{""type"":""MultiPoint"",""coordinates"":[]}"
0_100_0,1685,770,312,599,374,1096,3167,3657,3394,3958,1,LEV,VA0101_20210725,18.9306447541268,0,Valsequillo,-98.19230404258863,2021-07-25,"{""type"":""MultiPoint"",""coordinates"":[]}"
0_101_0,2003,1091,457,755,554,1268,2533,2835,2580,3017,1,LEV,VA0102_20210725,18.923804502486544,0,Valsequillo,-98.1844521277911,2021-07-25,"{""type"":""MultiPoint"",""coordinates"":[]}"
0_102_0,1756,801,368,707,395,1040,3156,3751,4047,4012,1,LEV,VA0103_20210725,18.926067702338507,0,Valsequillo,-98.19028702576244,2021-07-25,"{""type"":""MultiPoint"",""coordinates"":[]}"
0_103_0,1578,750,312,535,327,944,2453,2955,2972,3251,1,LEV,VA0104_20210725,18.934622932105974,0,Valsequillo,-98.17318875654264,2021-07-25,"{""type"":""MultiPoint"",""coordinates"":[]}"
0_104_0,2016,1058,393,695,447,1233,2785,3176,3166,3457,1,LEV,VA0105_20210725,18.93746443024221,0,Valsequillo,-98.18189858645492,2021-07-25,"{""type"":""MultiPoint"",""coordinates"":[]}"
0_105_0,1848,781,405,787,390,1214,3916,4616,4515,5136,1,LEV,VA0106_20210725,18.92013054139993,0,Valsequillo,-98.1895788485815,2021-07-25,"{""type"":""MultiPoint"",""coordinates"":[]}"
0_106_0,2472,2089,828,1180,1134,1810,2571,2700,2664,2838,1,LEV,VA0107_20210725,18.91235609478806,0,Valsequillo,-98.17363903247612,2021-07-25,"{""type"":""MultiPoint"",""coordinates"":[]}"
0_107_0,2658,1438,576,918,711,1449,3327,3964,4208,4249,1,LEV,VA0108_20210725,18.903972277774482,0,Valsequillo,-98.17063511073444,2021-07-25,"{""type"":""MultiPoint"",""coordinates"":[]}"
0_108_0,1883,939,435,935,498,1195,3438,4146,4127,4211,1,LEV,VA0109_20210725,18.905312092565776,0,Valsequillo,-98.15447717456571,2021-07-25,"{""type"":""MultiPoint"",""coordinates"":[]}"
0_109_0,2905,2112,1450,1804,1954,2046,2818,3121,3530,3244,1,LEV,VA0110_20210725,18.904885789019076,0,Valsequillo,-98.15769517243355,2021-07-25,"{""type"":""MultiPoint"",""coordinates"":[]}"
0_110_0,2427,1522,514,859,761,1465,2571,2867,2712,2994,1,LEV,VA0111_20210725,18.908235287621352,0,Valsequillo,-98.14239895590175,2021-07-25,"{""type"":""MultiPoint"",""coordinates"":[]}"
0_111_0,1500,773,318,512,366,810,2120,2523,2475,2696,1,LEV,VA0112_20210725,18.913005670443823,0,Valsequillo,-98.14552896399302,2021-07-25,"{""type"":""MultiPoint"",""coordinates"":[]}"
0_112_0,2914,2083,764,1148,1096,1850,2655,2834,3071,3074,1,LEV,VA0113_20210725,18.91048854954871,0,Valsequillo,-98.12978222775972,2021-07-25,"{""type"":""MultiPoint"",""coordinates"":[]}"
0_113_0,2031,1103,401,663,549,1162,2451,2784,2702,2963,1,LEV,VA0114_20210725,18.923276755461274,0,Valsequillo,-98.14694443904885,2021-07-25,"{""type"":""MultiPoint"",""coordinates"":[]}"
0_114_0,2086,1496,448,674,725,1085,1759,1967,1966,2123,1,LEV,VA0115_20210725,18.92384509743527,0,Valsequillo,-98.15183579580798,2021-07-25,"{""type"":""MultiPoint"",""coordinates"":[]}"
0_115_0,3295,2686,1420,1706,2412,2665,2890,2911,2850,2872,1,LEV,VA0116_20210725,18.923500032895856,0,Valsequillo,-98.13570289983053,2021-07-25,"{""type"":""MultiPoint"",""coordinates"":[]}"
0_116_0,981,394,369,584,350,827,2480,3079,3143,3275,3,floating_plants,VA0117_20210725,18.924920882493428,1,Valsequillo,-98.19822612938451,2021-07-25,"{""type"":""MultiPoint"",""coordinates"":[]}"
0_117_0,1001,409,365,587,354,879,2722,3251,2996,3387,3,floating_plants,VA0118_20210725,18.922221257861686,1,Valsequillo,-98.1960808366496,2021-07-25,"{""type"":""MultiPoint"",""coordinates"":[]}"
0_118_0,1087,442,333,587,321,861,2815,3488,3642,3659,3,floating_plants,VA0119_20210725,18.916882774260728,1,Valsequillo,-98.19493257042271,2021-07-25,"{""type"":""MultiPoint"",""coordinates"":[]}"
0_119_0,1049,427,291,536,289,841,2862,3556,3394,3718,3,floating_plants,VA0120_20210725,18.912142951206125,1,Valsequillo,-98.18985797896855,2021-07-25,"{""type"":""MultiPoint"",""coordinates"":[]}"
1_120_0,70,59,314,421,330,406,228,295,207,199,2,open_water,VA0001_20211107,18.941442446247223,0,Valsequillo,-98.1791107693375,2021-11-07,"{""type"":""MultiPoint"",""coordinates"":[]}"
1_121_0,101,79,508,699,570,686,327,407,285,216,2,open_water,VA0002_20211107,18.94138155849892,0,Valsequillo,-98.17805726266957,2021-11-07,"{""type"":""MultiPoint"",""coordinates"":[]}"
1_122_0,111,70,477,650,503,612,372,396,294,280,2,open_water,VA0003_20211107,18.938357462536167,0,Valsequillo,-98.17586902411944,2021-11-07,"{""type"":""MultiPoint"",""coordinates"":[]}"
1_123_0,141,112,521,723,567,723,449,480,331,361,2,open_water,VA0004_20211107,18.93884456894215,0,Valsequillo,-98.17496798471642,2021-11-07,"{""type"":""MultiPoint"",""coordinates"":[]}"
1_124_0,57,39,296,375,294,359,201,276,182,181,2,open_water,VA0005_20211107,18.931598713714003,0,Valsequillo,-98.1802455752207,2021-11-07,"{""type"":""MultiPoint"",""coordinates"":[]}"
1_125_0,88,56,360,513,383,467,279,276,219,189,2,open_water,VA0006_20211107,18.93163930761149,0,Valsequillo,-98.17928017586034,2021-11-07,"{""type"":""MultiPoint"",""coordinates"":[]}"
1_126_0,85,47,392,503,378,454,289,312,231,273,2,open_water,VA0007_20211107,18.930624457214726,0,Valsequillo,-98.18084626815603,2021-11-07,"{""type"":""MultiPoint"",""coordinates"":[]}"
1_127_0,72,56,289,335,261,315,171,198,162,128,2,open_water,VA0008_20211107,18.92938633138182,0,Valsequillo,-98.18286288015321,2021-11-07,"{""type"":""MultiPoint"",""coordinates"":[]}"
1_128_0,55,40,355,445,338,403,216,245,204,160,2,open_water,VA0009_20211107,18.92867592717097,0,Valsequillo,-98.18181166751639,2021-11-07,"{""type"":""MultiPoint"",""coordinates"":[]}"
1_129_0,37,36,279,340,259,295,139,163,103,89,2,open_water,VA0010_20211107,18.925570409727154,0,Valsequillo,-98.1833781689941,2021-11-07,"{""type"":""MultiPoint"",""coordinates"":[]}"
1_130_0,46,26,346,411,300,377,199,235,146,146,2,open_water,VA0011_20211107,18.926930348992332,0,Valsequillo,-98.18088958397628,2021-11-07,"{""type"":""MultiPoint"",""coordinates"":[]}"
1_131_0,29,28,351,449,334,397,183,179,126,88,2,open_water,VA0012_20211107,18.924433735581438,0,Valsequillo,-98.18157609018809,2021-11-07,"{""type"":""MultiPoint"",""coordinates"":[]}"
1_132_0,21,20,400,532,387,456,192,189,126,79,2,open_water,VA0013_20211107,18.921571718224968,0,Valsequillo,-98.18260584950583,2021-11-07,"{""type"":""MultiPoint"",""coordinates"":[]}"
1_133_0,58,43,354,429,321,373,190,185,162,120,2,open_water,VA0014_20211107,18.922850497994474,0,Valsequillo,-98.18685360669137,2021-11-07,"{""type"":""MultiPoint"",""coordinates"":[]}"
1_134_0,36,40,388,487,361,419,201,218,164,116,2,open_water,VA0015_20211107,18.920637999832344,0,Valsequillo,-98.18762592617968,2021-11-07,"{""type"":""MultiPoint"",""coordinates"":[]}"
1_135_0,21,24,322,387,310,356,150,131,100,58,2,open_water,VA0016_20211107,18.91984636493554,0,Valsequillo,-98.18200515657047,2021-11-07,"{""type"":""MultiPoint"",""coordinates"":[]}"
1_136_0,43,14,437,602,438,523,230,248,181,150,2,open_water,VA0017_20211107,18.918303681031922,0,Valsequillo,-98.18706813988256,2021-11-07,"{""type"":""MultiPoint"",""coordinates"":[]}"
1_137_0,17,14,348,439,325,402,161,147,104,59,2,open_water,VA0018_20211107,18.920069646952697,0,Valsequillo,-98.18468682146033,2021-11-07,"{""type"":""MultiPoint"",""coordinates"":[]}"
1_138_0,25,16,460,591,455,537,226,225,169,97,2,open_water,VA0019_20211107,18.914994981193416,0,Valsequillo,-98.18517977767607,2021-11-07,"{""type"":""MultiPoint"",""coordinates"":[]}"
1_139_0,33,38,296,375,284,348,186,171,124,103,2,open_water,VA0020_20211107,18.916314408894003,0,Valsequillo,-98.1796877279816,2021-11-07,"{""type"":""MultiPoint"",""coordinates"":[]}"
1_140_0,64,61,247,332,261,304,181,183,166,121,2,open_water,VA0021_20211107,18.91629411008515,0,Valsequillo,-98.17756384938883,2021-11-07,"{""type"":""MultiPoint"",""coordinates"":[]}"
1_141_0,43,29,291,393,286,349,163,164,99,83,2,open_water,VA0022_20211107,18.914467207197855,0,Valsequillo,-98.17983790121545,2021-11-07,"{""type"":""MultiPoint"",""coordinates"":[]}"
1_142_0,19,25,336,429,318,390,163,169,115,80,2,open_water,VA0023_20211107,18.912213999480088,0,Valsequillo,-98.18155416674497,2021-11-07,"{""type"":""MultiPoint"",""coordinates"":[]}"
1_143_0,28,18,406,529,393,474,206,220,150,122,2,open_water,VA0024_20211107,18.912213999480088,0,Valsequillo,-98.18357077874214,2021-11-07,"{""type"":""MultiPoint"",""coordinates"":[]}"
1_144_0,62,46,531,667,482,639,313,325,261,175,2,open_water,VA0025_20211107,18.91942009761101,0,Valsequillo,-98.17181435986497,2021-11-07,"{""type"":""MultiPoint"",""coordinates"":[]}"
1_145_0,48,45,495,665,486,665,298,290,215,136,2,open_water,VA0026_20211107,18.91895323305722,0,Valsequillo,-98.16966902795305,2021-11-07,"{""type"":""MultiPoint"",""coordinates"":[]}"
1_146_0,21,14,437,568,422,548,254,258,191,128,2,open_water,VA0027_20211107,18.915908432248955,0,Valsequillo,-98.16683718982935,2021-11-07,"{""type"":""MultiPoint"",""coordinates"":[]}"
1_147_0,31,31,433,539,393,506,247,242,172,126,2,open_water,VA0028_20211107,18.91316806411169,0,Valsequillo,-98.16919705493244,2021-11-07,"{""type"":""MultiPoint"",""coordinates"":[]}"
1_148_0,26,20,476,640,484,621,302,305,228,153,2,open_water,VA0029_20211107,18.91280267830016,0,Valsequillo,-98.16379081851446,2021-11-07,"{""type"":""MultiPoint"",""coordinates"":[]}"
1_149_0,20,16,472,647,464,564,253,239,188,127,2,open_water,VA0030_20211107,18.914649898119897,0,Valsequillo,-98.15930569491755,2021-11-07,"{""type"":""MultiPoint"",""coordinates"":[]}"
1_150_0,43,38,453,605,457,609,283,284,220,151,2,open_water,VA0031_20211107,18.908458585551443,0,Valsequillo,-98.16966765240502,2021-11-07,"{""type"":""MultiPoint"",""coordinates"":[]}"
1_151_0,15,17,420,552,420,566,253,256,191,123,2,open_water,VA0032_20211107,18.908377386486976,0,Valsequillo,-98.16134376458683,2021-11-07,"{""type"":""MultiPoint"",""coordinates"":[]}"
1_152_0,28,31,323,418,287,364,188,177,138,104,2,open_water,VA0033_20211107,18.913756739304425,0,Valsequillo,-98.15409254272464,2021-11-07,"{""type"":""MultiPoint"",""coordinates"":[]}"
1_153_0,73,60,269,348,252,292,167,167,116,106,2,open_water,VA0034_20211107,18.905758694731194,0,Valsequillo,-98.17357396733273,2021-11-07,"{""type"":""MultiPoint"",""coordinates"":[]}"
1_154_0,32,24,333,498,367,535,234,237,183,130,2,open_water,VA0035_20211107,18.903870776099442,0,Valsequillo,-98.16773793322834,2021-11-07,"{""type"":""MultiPoint"",""coordinates"":[]}"
1_155_0,18,17,335,456,337,491,208,213,162,98,2,open_water,VA0036_20211107,18.904094079447468,0,Valsequillo,-98.16233169681037,2021-11-07,"{""type"":""MultiPoint"",""coordinates"":[]}"
1_156_0,28,24,452,589,430,519,245,246,186,142,2,open_water,VA0037_20211107,18.911544120281064,0,Valsequillo,-98.15415798222605,2021-11-07,"{""type"":""MultiPoint"",""coordinates"":[]}"
1_157_0,21,25,291,370,290,345,142,131,98,72,2,open_water,VA0038_20211107,18.916760982411862,0,Valsequillo,-98.18147023831757,2021-11-07,"{""type"":""MultiPoint"",""coordinates"":[]}"
1_158_0,70,53,365,497,343,445,220,248,173,135,2,open_water,VA0039_20211107,18.924697606907582,0,Valsequillo,-98.1727816614864,2021-11-07,"{""type"":""MultiPoint"",""coordinates"":[]}"
1_159_0,119,99,455,550,393,460,201,245,202,157,2,open_water,VA0040_20211107,18.92218066204583,0,Valsequillo,-98.1708723160848,2021-11-07,"{""type"":""MultiPoint"",""coordinates"":[]}"
1_160_0,47,32,258,310,235,262,130,129,109,75,2,open_water,VA0041_20211107,18.92709272952741,0,Valsequillo,-98.18288604855442,2021-11-07,"{""type"":""MultiPoint"",""coordinates"":[]}"
1_161_0,33,30,492,624,469,571,280,281,217,157,2,open_water,VA0042_20211107,18.917897708554136,0,Valsequillo,-98.15924113907516,2021-11-07,"{""type"":""MultiPoint"",""coordinates"":[]}"
1_162_0,36,29,489,606,436,593,284,275,208,149,2,open_water,VA0043_20211107,18.912112502735532,0,Valsequillo,-98.14175368912909,2021-11-07,"{""type"":""MultiPoint"",""coordinates"":[]}"
1_163_0,36,39,221,270,196,231,108,118,86,51,2,open_water,VA0044_20211107,18.907545093885336,0,Valsequillo,-98.15039937673406,2021-11-07,"{""type"":""MultiPoint"",""coordinates"":[]}"
1_164_0,31,36,241,303,207,260,131,128,88,82,2,open_water,VA0045_20211107,18.910407351355342,0,Valsequillo,-98.14761044524857,2021-11-07,"{""type"":""MultiPoint"",""coordinates"":[]}"
1_165_0,39,35,288,399,251,465,200,220,158,103,2,open_water,VA0046_20211107,18.92343913903388,0,Valsequillo,-98.14166539464253,2021-11-07,"{""type"":""MultiPoint"",""coordinates"":[]}"
1_166_0,52,50,358,435,309,538,264,273,206,131,2,open_water,VA0047_20211107,18.921084561125664,0,Valsequillo,-98.13799687707316,2021-11-07,"{""type"":""MultiPoint"",""coordinates"":[]}"
1_167_0,35,23,446,564,383,498,251,239,180,130,2,open_water,VA0048_20211107,18.921226648856507,0,Valsequillo,-98.13057274887596,2021-11-07,"{""type"":""MultiPoint"",""coordinates"":[]}"
1_168_0,51,46,161,252,155,270,122,149,92,64,2,open_water,VA0049_20211107,18.929426925491022,0,Valsequillo,-98.12999366161476,2021-11-07,"{""type"":""MultiPoint"",""coordinates"":[]}"
1_169_0,48,47,180,196,134,156,83,111,70,69,2,open_water,VA0050_20211107,18.916700085974767,0,Valsequillo,-98.1228910023763,2021-11-07,"{""type"":""MultiPoint"",""coordinates"":[]}"
1_170_0,1009,419,220,440,226,683,2681,3342,3603,3640,3,floating_plants,VA0051_20211107,18.928412062698985,1,Valsequillo,-98.1794958756556,2021-11-07,"{""type"":""MultiPoint"",""coordinates"":[]}"
1_171_0,1118,435,203,418,187,719,3056,3934,4052,4293,3,floating_plants,VA0052_20211107,18.930441784207073,1,Valsequillo,-98.17816576987023,2021-11-07,"{""type"":""MultiPoint"",""coordinates"":[]}"
1_172_0,745,349,240,369,237,569,1625,2485,1644,2410,3,floating_plants,VA0053_20211107,18.93190316842327,1,Valsequillo,-98.17662113089365,2021-11-07,"{""type"":""MultiPoint"",""coordinates"":[]}"
1_173_0,1144,468,216,422,183,706,3065,4079,4131,4275,3,floating_plants,VA0054_20211107,18.935394201187233,1,Valsequillo,-98.17494777200237,2021-11-07,"{""type"":""MultiPoint"",""coordinates"":[]}"
1_174_0,1242,483,241,422,219,782,3256,4129,4072,4517,3,floating_plants,VA0055_20211107,18.936287244359526,1,Valsequillo,-98.18215608722635,2021-11-07,"{""type"":""MultiPoint"",""coordinates"":[]}"
1_175_0,1188,466,198,418,194,735,3098,3960,4164,4286,3,floating_plants,VA0056_20211107,18.939291081800253,1,Valsequillo,-98.1776937968496,2021-11-07,"{""type"":""MultiPoint"",""coordinates"":[]}"
1_176_0,1231,479,206,421,199,729,3264,4181,4325,4560,3,floating_plants,VA0057_20211107,18.93734265286081,1,Valsequillo,-98.17318859983463,2021-11-07,"{""type"":""MultiPoint"",""coordinates"":[]}"
1_177_0,1269,497,216,439,191,792,3310,4268,4352,4576,3,floating_plants,VA0058_20211107,18.92946752096068,1,Valsequillo,-98.17460451889647,2021-11-07,"{""type"":""MultiPoint"",""coordinates"":[]}"
1_178_0,1242,545,238,443,269,787,3101,3976,3978,4309,3,floating_plants,VA0059_20211107,18.924636715109685,1,Valsequillo,-98.17670694417014,2021-11-07,"{""type"":""MultiPoint"",""coordinates"":[]}"
1_179_0,1148,506,198,424,216,724,2988,3665,3839,4010,3,floating_plants,VA0060_20211107,18.924311950042462,1,Valsequillo,-98.17958168893206,2021-11-07,"{""type"":""MultiPoint"",""coordinates"":[]}"
1_180_0,1094,434,218,414,190,695,2894,3748,3602,4003,3,floating_plants,VA0061_20211107,18.927640762060406,1,Valsequillo,-98.17790833004078,2021-11-07,"{""type"":""MultiPoint"",""coordinates"":[]}"
1_181_0,1104,459,254,473,257,755,2856,3537,3688,3817,3,floating_plants,VA0062_20211107,18.921997980670476,1,Valsequillo,-98.18022528850564,2021-11-07,"{""type"":""MultiPoint"",""coordinates"":[]}"
1_182_0,1009,396,224,418,219,718,2696,3326,3500,3597,3,floating_plants,VA0063_20211107,18.920536509823656,1,Valsequillo,-98.18091179471745,2021-11-07,"{""type"":""MultiPoint"",""coordinates"":[]}"
1_183_0,1205,480,214,444,202,768,3235,4200,4307,4496,3,floating_plants,VA0064_20211107,18.921348439649503,1,Valsequillo,-98.17885227608201,2021-11-07,"{""type"":""MultiPoint"",""coordinates"":[]}"
1_184_0,1231,468,211,480,196,771,3331,4269,4464,4616,3,floating_plants,VA0065_20211107,18.919196816043282,1,Valsequillo,-98.19369906116239,2021-11-07,"{""type"":""MultiPoint"",""coordinates"":[]}"
1_185_0,1075,421,227,428,205,708,2861,3661,3650,3869,3,floating_plants,VA0066_20211107,18.921997979725102,1,Valsequillo,-98.19103884959164,2021-11-07,"{""type"":""MultiPoint"",""coordinates"":[]}"
1_186_0,1199,462,203,433,193,750,3247,4236,4388,4625,3,floating_plants,VA0067_20211107,18.917166957956884,1,Valsequillo,-98.19022362346513,2021-11-07,"{""type"":""MultiPoint"",""coordinates"":[]}"
1_187_0,1025,404,210,429,229,684,2719,3496,3526,3834,3,floating_plants,VA0068_20211107,18.918222487237745,1,Valsequillo,-98.18872189112679,2021-11-07,"{""type"":""MultiPoint"",""coordinates"":[]}"
1_188_0,1100,416,217,422,201,728,3048,3839,3774,4146,3,floating_plants,VA0069_20211107,18.91603022666308,1,Valsequillo,-98.18773503844733,2021-11-07,"{""type"":""MultiPoint"",""coordinates"":[]}"
1_189_0,1187,459,222,429,207,748,3256,4028,4180,4455,3,floating_plants,VA0070_20211107,18.91018405793876,1,Valsequillo,-98.18730597206495,2021-11-07,"{""type"":""MultiPoint"",""coordinates"":[]}"
1_190_0,1141,448,198,430,205,724,3054,3888,4080,4185,3,floating_plants,VA0071_20211107,18.912132803555934,1,Valsequillo,-98.17735163199374,2021-11-07,"{""type"":""MultiPoint"",""coordinates"":[]}"
1_191_0,1126,439,203,419,196,725,2978,3878,4065,4200,3,floating_plants,VA0072_20211107,18.911320828975036,1,Valsequillo,-98.17906789752325,2021-11-07,"{""type"":""MultiPoint"",""coordinates"":[]}"
1_192_0,1197,496,232,470,201,773,3088,3613,3970,3882,3,floating_plants,VA0073_20211107,18.913188364617138,1,Valsequillo,-98.17885336433207,2021-11-07,"{""type"":""MultiPoint"",""coordinates"":[]}"
1_193_0,1201,467,204,405,196,734,3144,3970,4128,4327,3,floating_plants,VA0074_20211107,18.905636895549193,1,Valsequillo,-98.18086905349323,2021-11-07,"{""type"":""MultiPoint"",""coordinates"":[]}"
1_194_0,1106,439,211,411,193,733,2964,3795,3868,4106,3,floating_plants,VA0075_20211107,18.904256482808407,1,Valsequillo,-98.17932441451664,2021-11-07,"{""type"":""MultiPoint"",""coordinates"":[]}"
1_195_0,1102,463,249,473,246,789,2959,3747,3450,3900,3,floating_plants,VA0076_20211107,18.903769275592314,1,Valsequillo,-98.17696454941355,2021-11-07,"{""type"":""MultiPoint"",""coordinates"":[]}"
1_196_0,1145,427,194,425,181,710,3046,4019,4015,4413,3,floating_plants,VA0077_20211107,18.903038462108043,1,Valsequillo,-98.17816593528424,2021-11-07,"{""type"":""MultiPoint"",""coordinates"":[]}"
1_197_0,1145,448,206,419,179,717,3191,4057,4208,4377,3,floating_plants,VA0078_20211107,18.903728674926924,1,Valsequillo,-98.18511681067878,2021-11-07,"{""type"":""MultiPoint"",""coordinates"":[]}"
1_198_0,1190,475,180,419,188,752,3186,4116,4243,4435,3,floating_plants,VA0079_20211107,18.903647473566604,1,Valsequillo,-98.18807736871717,2021-11-07,"{""type"":""MultiPoint"",""coordinates"":[]}"
1_199_0,1131,448,209,407,191,718,2973,3845,3630,4210,3,floating_plants,VA0080_20211107,18.905149692353014,1,Valsequillo,-98.18606075672,2021-11-07,"{""type"":""MultiPoint"",""coordinates"":[]}"
1_200_0,1155,447,211,426,191,740,3089,3967,4244,4312,3,floating_plants,VA0081_20211107,18.910346453290593,1,Valsequillo,-98.18404414472282,2021-11-07,"{""type"":""MultiPoint"",""coordinates"":[]}"
1_201_0,1094,419,194,419,194,713,2967,3812,3802,4087,3,floating_plants,VA0082_20211107,18.909006678808034,1,Valsequillo,-98.18043998711083,2021-11-07,"{""type"":""MultiPoint"",""coordinates"":[]}"
1_202_0,1235,472,196,440,193,778,3319,4312,4444,4689,3,floating_plants,VA0083_20211107,18.90957506929316,1,Valsequillo,-98.17820884192248,2021-11-07,"{""type"":""MultiPoint"",""coordinates"":[]}"
1_203_0,1131,467,236,444,260,746,2912,3792,3858,4094,3,floating_plants,VA0084_20211107,18.91318836363361,1,Valsequillo,-98.18773411561128,2021-11-07,"{""type"":""MultiPoint"",""coordinates"":[]}"
1_204_0,1008,408,239,438,215,723,2583,3325,3364,3519,3,floating_plants,VA0085_20211107,18.912701182433295,1,Valsequillo,-98.18528843723172,2021-11-07,"{""type"":""MultiPoint"",""coordinates"":[]}"
1_205_0,1206,475,191,423,187,734,3184,4184,4296,4557,3,floating_plants,VA0086_20211107,18.90973746621985,1,Valsequillo,-98.19099502011736,2021-11-07,"{""type"":""MultiPoint"",""coordinates"":[]}"
1_206_0,1264,482,228,450,210,770,3269,4268,4396,4649,3,floating_plants,VA0087_20211107,18.90774809300308,1,Valsequillo,-98.18614656999647,2021-11-07,"{""type"":""MultiPoint"",""coordinates"":[]}"
1_207_0,1138,441,198,407,191,717,3060,3980,4145,4227,3,floating_plants,VA0088_20211107,18.907342095561997,1,Valsequillo,-98.18258531902273,2021-11-07,"{""type"":""MultiPoint"",""coordinates"":[]}"
1_208_0,312,145,265,388,250,456,959,1160,1204,1201,3,floating_plants,VA0089_20211107,18.915654696211803,1,Valsequillo,-98.17915012828058,2021-11-07,"{""type"":""MultiPoint"",""coordinates"":[]}"
1_209_0,438,204,209,419,215,536,1411,1866,3212,1959,3,floating_plants,VA0090_20211107,18.915411109381964,1,Valsequillo,-98.18051241404464,2021-11-07,"{""type"":""MultiPoint"",""coordinates"":[]}"
1_210_0,530,226,210,414,194,567,1731,2348,3344,2490,3,floating_plants,VA0091_20211107,18.91645650035345,1,Valsequillo,-98.1808127605123,2021-11-07,"{""type"":""MultiPoint"",""coordinates"":[]}"
1_211_0,96,43,254,360,259,358,361,457,591,375,3,floating_plants,VA0092_20211107,18.918019499904673,1,Valsequillo,-98.1807591272145,2021-11-07,"{""type"":""MultiPoint"",""coordinates"":[]}"
1_212_0,379,146,221,378,243,497,1246,1210,2058,1156,3,floating_plants,VA0093_20211107,18.91568514454058,1,Valsequillo,-98.17791656243125,2021-11-07,"{""type"":""MultiPoint"",""coordinates"":[]}"
1_213_0,280,124,251,367,246,442,1110,1107,1362,1127,3,floating_plants,VA0094_20211107,18.914852888225067,1,Valsequillo,-98.17849580204745,2021-11-07,"{""type"":""MultiPoint"",""coordinates"":[]}"
1_214_0,1081,416,216,421,208,710,2856,3554,3787,3847,3,floating_plants,VA0095_20211107,18.91452810414893,1,Valsequillo,-98.1774016827724,2021-11-07,"{""type"":""MultiPoint"",""coordinates"":[]}"
1_215_0,1054,433,218,424,199,723,2848,3652,3736,3896,3,floating_plants,VA0096_20211107,18.913908982756322,1,Valsequillo,-98.1779809223886,2021-11-07,"{""type"":""MultiPoint"",""coordinates"":[]}"
1_216_0,958,422,230,435,220,704,2668,3084,3477,3306,3,floating_plants,VA0097_20211107,18.91668993628243,1,Valsequillo,-98.17613579547188,2021-11-07,"{""type"":""MultiPoint"",""coordinates"":[]}"
1_217_0,1105,473,227,430,220,735,2879,3516,3576,3777,3,floating_plants,VA0098_20211107,18.915938880400972,1,Valsequillo,-98.17628596870568,2021-11-07,"{""type"":""MultiPoint"",""coordinates"":[]}"
1_218_0,2062,886,302,653,285,1171,4773,5579,5628,5824,3,floating_plants,VA0099_20211107,18.912863575508613,1,Valsequillo,-98.17629647118574,2021-11-07,"{""type"":""MultiPoint"",""coordinates"":[]}"
1_219_0,1121,473,211,445,200,772,3358,4506,4524,4766,3,floating_plants,VA0100_20211107,18.91407137526961,1,Valsequillo,-98.17179067563325,2021-11-07,"{""type"":""MultiPoint"",""coordinates"":[]}"
1_220_0,1034,443,289,544,293,845,2903,3622,3396,3776,3,floating_plants,VA0101_20211107,18.913624794915062,1,Valsequillo,-98.17203738880309,2021-11-07,"{""type"":""MultiPoint"",""coordinates"":[]}"
1_221_0,1109,535,327,605,322,904,2682,3174,2924,3303,3,floating_plants,VA0102_20211107,18.91847621811506,1,Valsequillo,-98.17218749021242,2021-11-07,"{""type"":""MultiPoint"",""coordinates"":[]}"
1_222_0,820,327,217,411,199,623,2106,2731,2956,2748,3,floating_plants,VA0103_20211107,18.933537061227543,1,Valsequillo,-98.1774016849489,2021-11-07,"{""type"":""MultiPoint"",""coordinates"":[]}"
1_223_0,803,344,222,401,213,596,2172,2646,2592,2792,3,floating_plants,VA0104_20211107,18.934693970014816,1,Valsequillo,-98.17820618441584,2021-11-07,"{""type"":""MultiPoint"",""coordinates"":[]}"
1_224_0,1169,469,193,425,199,729,3025,3883,3995,4202,3,floating_plants,VA0105_20211107,18.933344242317247,1,Valsequillo,-98.17417296042147,2021-11-07,"{""type"":""MultiPoint"",""coordinates"":[]}"
1_225_0,1243,482,224,474,201,785,3405,4227,4509,4575,3,floating_plants,VA0106_20211107,18.932146730416843,1,Valsequillo,-98.17468784008032,2021-11-07,"{""type"":""MultiPoint"",""coordinates"":[]}"
1_226_0,1189,459,192,423,197,748,3083,3910,4180,4241,3,floating_plants,VA0107_20211107,18.930340297917827,1,Valsequillo,-98.17521344639877,2021-11-07,"{""type"":""MultiPoint"",""coordinates"":[]}"
1_227_0,1027,409,272,441,230,751,2634,3372,3278,3515,3,floating_plants,VA0108_20211107,18.938124056401367,1,Valsequillo,-98.17482754348163,2021-11-07,"{""type"":""MultiPoint"",""coordinates"":[]}"
1_228_0,1475,601,213,448,206,845,3603,4668,4696,5025,3,floating_plants,VA0109_20211107,18.942731221170558,1,Valsequillo,-98.17874291351683,2021-11-07,"{""type"":""MultiPoint"",""coordinates"":[]}"
1_229_0,1522,624,228,491,250,883,3341,4258,4351,4655,3,floating_plants,VA0110_20211107,18.94229486523945,1,Valsequillo,-98.18097405870522,2021-11-07,"{""type"":""MultiPoint"",""coordinates"":[]}"
1_230_0,1414,582,210,442,197,820,3363,4298,4572,4768,3,floating_plants,VA0111_20211107,18.94060016976063,1,Valsequillo,-98.18181073815083,2021-11-07,"{""type"":""MultiPoint"",""coordinates"":[]}"
1_231_0,891,340,244,400,217,637,2320,2703,2700,2991,3,floating_plants,VA0112_20211107,18.94034647135235,1,Valsequillo,-98.17982630613236,2021-11-07,"{""type"":""MultiPoint"",""coordinates"":[]}"
1_232_0,1118,437,181,411,181,705,2928,4093,4064,4341,3,floating_plants,VA0113_20211107,18.940437802823734,1,Valsequillo,-98.1784854736874,2021-11-07,"{""type"":""MultiPoint"",""coordinates"":[]}"
1_233_0,1391,546,198,440,226,819,3509,4591,4764,5038,3,floating_plants,VA0114_20211107,18.94502460830832,1,Valsequillo,-98.1785390068662,2021-11-07,"{""type"":""MultiPoint"",""coordinates"":[]}"
1_234_0,1363,539,211,462,213,809,3408,4429,4668,4848,3,floating_plants,VA0115_20211107,18.94700339021523,1,Valsequillo,-98.17746634091024,2021-11-07,"{""type"":""MultiPoint"",""coordinates"":[]}"
1_235_0,1313,500,187,437,188,778,3460,4655,4848,5038,3,floating_plants,VA0116_20211107,18.946648225959397,1,Valsequillo,-98.17975111939644,2021-11-07,"{""type"":""MultiPoint"",""coordinates"":[]}"
1_236_0,1392,552,197,427,195,721,3075,4198,4301,4407,3,floating_plants,VA0117_20211107,18.943928657465808,1,Valsequillo,-98.1820358978826,2021-11-07,"{""type"":""MultiPoint"",""coordinates"":[]}"
1_237_0,1243,514,211,432,190,749,3284,4228,4456,4608,3,floating_plants,VA0118_20211107,18.938195093260216,1,Valsequillo,-98.17174889424555,2021-11-07,"{""type"":""MultiPoint"",""coordinates"":[]}"
1_238_0,856,352,213,413,216,666,2287,2865,3164,2958,3,floating_plants,VA0119_20211107,18.937119393867334,1,Valsequillo,-98.17949354244749,2021-11-07,"{""type"":""MultiPoint"",""coordinates"":[]}"
1_239_0,1044,421,218,435,205,715,2840,3776,4180,3935,3,floating_plants,VA0120_20211107,18.934196703925114,1,Valsequillo,-98.1793862758519,2021-11-07,"{""type"":""MultiPoint"",""coordinates"":[]}"
1_240_0,1163,472,203,405,193,743,3087,3980,4006,4263,3,floating_plants,VA0121_20211107,18.93468382246738,1,Valsequillo,-98.17661879768553,2021-11-07,"{""type"":""MultiPoint"",""coordinates"":[]}"
1_241_0,941,373,215,415,214,672,2438,3048,3124,3230,3,floating_plants,VA0122_20211107,18.92579368425545,1,Valsequillo,-98.17970818881669,2021-11-07,"{""type"":""MultiPoint"",""coordinates"":[]}"
1_242_0,792,335,241,433,226,634,2159,2582,2857,2758,3,floating_plants,VA0123_20211107,18.927397191421,1,Valsequillo,-98.17985836205051,2021-11-07,"{""type"":""MultiPoint"",""coordinates"":[]}"
1_243_0,1345,570,223,463,233,841,3283,4113,4464,4647,3,floating_plants,VA0124_20211107,18.930015543861085,1,Valsequillo,-98.18342146304934,2021-11-07,"{""type"":""MultiPoint"",""coordinates"":[]}"
1_244_0,1349,552,215,491,237,820,3289,4319,4476,4740,3,floating_plants,VA0125_20211107,18.93127396202262,1,Valsequillo,-98.18348582300668,2021-11-07,"{""type"":""MultiPoint"",""coordinates"":[]}"
1_245_0,1362,565,227,463,213,833,3274,4195,4377,4569,3,floating_plants,VA0126_20211107,18.932390292779512,1,Valsequillo,-98.18082561143594,2021-11-07,"{""type"":""MultiPoint"",""coordinates"":[]}"
1_246_0,1329,543,219,442,230,828,3136,4063,4305,4506,3,floating_plants,VA0127_20211107,18.930482377510902,1,Valsequillo,-98.18239170373162,2021-11-07,"{""type"":""MultiPoint"",""coordinates"":[]}"
1_247_0,1217,503,197,413,196,750,3254,4269,4236,4601,3,floating_plants,VA0128_20211107,18.919562187090282,1,Valsequillo,-98.19045907890938,2021-11-07,"{""type"":""MultiPoint"",""coordinates"":[]}"
1_248_0,1359,549,281,596,273,860,3243,3991,4564,4310,3,floating_plants,VA0129_20211107,18.923703012103925,1,Valsequillo,-98.18992274593143,2021-11-07,"{""type"":""MultiPoint"",""coordinates"":[]}"
1_249_0,1230,475,190,403,194,747,3286,4299,4396,4687,3,floating_plants,VA0130_20211107,18.916009927028718,1,Valsequillo,-98.19238987763012,2021-11-07,"{""type"":""MultiPoint"",""coordinates"":[]}"
1_250_0,1109,427,210,438,203,733,2912,3783,3770,4029,3,floating_plants,VA0131_20211107,18.927356596843424,1,Valsequillo,-98.19421476789128,2021-11-07,"{""type"":""MultiPoint"",""coordinates"":[]}"
1_251_0,1189,472,226,418,184,730,3193,4076,4337,4438,3,floating_plants,VA0132_20211107,18.925245646983363,1,Valsequillo,-98.193442448403,2021-11-07,"{""type"":""MultiPoint"",""coordinates"":[]}"
1_252_0,1113,424,219,427,185,706,3017,3899,4108,4172,3,floating_plants,VA0133_20211107,18.92500207412966,1,Valsequillo,-98.19751857903559,2021-11-07,"{""type"":""MultiPoint"",""coordinates"":[]}"
1_253_0,1229,484,220,432,212,740,3086,4003,4160,4306,3,floating_plants,VA0134_20211107,18.92272871037543,1,Valsequillo,-98.19764729895033,2021-11-07,"{""type"":""MultiPoint"",""coordinates"":[]}"
1_254_0,1135,458,205,421,192,722,3092,3975,4112,4261,3,floating_plants,VA0135_20211107,18.921145456636463,1,Valsequillo,-98.1964888197179,2021-11-07,"{""type"":""MultiPoint"",""coordinates"":[]}"
1_255_0,1295,494,166,401,184,750,3439,4608,4724,5013,3,floating_plants,VA0136_20211107,18.913431954704134,1,Valsequillo,-98.19524452720897,2021-11-07,"{""type"":""MultiPoint"",""coordinates"":[]}"
1_256_0,1167,470,203,422,189,762,3064,4037,4212,4291,3,floating_plants,VA0137_20211107,18.916355007840444,1,Valsequillo,-98.1949012741031,2021-11-07,"{""type"":""MultiPoint"",""coordinates"":[]}"
1_257_0,1181,461,196,424,189,743,3202,4190,4252,4546,3,floating_plants,VA0138_20211107,18.90393167751101,1,Valsequillo,-98.18198491338542,2021-11-07,"{""type"":""MultiPoint"",""coordinates"":[]}"
1_258_0,1259,532,243,473,250,800,3451,4310,4227,4572,3,floating_plants,VA0139_20211107,18.906834595953896,1,Valsequillo,-98.17506213050237,2021-11-07,"{""type"":""MultiPoint"",""coordinates"":[]}"
1_259_0,827,388,269,475,256,624,2077,2573,3912,2699,3,floating_plants,VA0140_20211107,18.907281194439808,1,Valsequillo,-98.17480469067294,2021-11-07,"{""type"":""MultiPoint"",""coordinates"":[]}"
1_260_0,366,176,318,534,325,656,1232,1421,1365,1419,3,floating_plants,VA0141_20211107,18.905921095337302,1,Valsequillo,-98.17114689976316,2021-11-07,"{""type"":""MultiPoint"",""coordinates"":[]}"
1_261_0,213,111,353,499,342,618,846,762,883,716,3,floating_plants,VA0142_20211107,18.905322242226205,1,Valsequillo,-98.17033167363665,2021-11-07,"{""type"":""MultiPoint"",""coordinates"":[]}"
1_262_0,176,94,339,517,318,592,884,706,1404,663,3,floating_plants,VA0143_20211107,18.90646919630587,1,Valsequillo,-98.17138288627348,2021-11-07,"{""type"":""MultiPoint"",""coordinates"":[]}"
1_263_0,706,329,275,573,274,759,2139,2280,3056,2414,3,floating_plants,VA0144_20211107,18.90285575654835,1,Valsequillo,-98.16626592795308,2021-11-07,"{""type"":""MultiPoint"",""coordinates"":[]}"
1_264_0,1219,475,199,422,185,752,3299,4222,4321,4626,3,floating_plants,VA0145_20211107,18.91442660919781,1,Valsequillo,-98.19018068635587,2021-11-07,"{""type"":""MultiPoint"",""coordinates"":[]}"
1_265_0,1364,571,233,485,215,830,3441,4502,4824,4941,3,floating_plants,VA0146_20211107,18.91207190434873,1,Valsequillo,-98.19861184947563,2021-11-07,"{""type"":""MultiPoint"",""coordinates"":[]}"
1_266_0,1411,559,205,457,204,847,3555,4624,4760,5028,3,floating_plants,VA0147_20211107,18.90791049101738,1,Valsequillo,-98.19288376974087,2021-11-07,"{""type"":""MultiPoint"",""coordinates"":[]}"
1_267_0,1309,519,189,440,199,770,3388,4494,4807,4926,3,floating_plants,VA0148_20211107,18.910590046811823,1,Valsequillo,-98.19442840871744,2021-11-07,"{""type"":""MultiPoint"",""coordinates"":[]}"
1_268_0,1200,479,200,440,197,761,3232,4156,4257,4469,3,floating_plants,VA0149_20211107,18.92285049827846,1,Valsequillo,-98.17572438354884,2021-11-07,"{""type"":""MultiPoint"",""coordinates"":[]}"
1_269_0,1113,418,198,404,201,698,2876,3520,3603,3837,3,floating_plants,VA0150_20211107,18.922525729740084,1,Valsequillo,-98.19383098488524,2021-11-07,"{""type"":""MultiPoint"",""coordinates"":[]}"
1_270_0,1996,1119,400,662,545,1070,2184,2549,2774,2763,1,LEV,VA0151_20211107,18.92942692585886,0,Valsequillo,-98.18106111476324,2021-11-07,"{""type"":""MultiPoint"",""coordinates"":[]}"
1_271_0,2045,1160,403,635,613,1050,1938,2273,2414,2591,1,LEV,VA0152_20211107,18.93115218023241,0,Valsequillo,-98.18196215416623,2021-11-07,"{""type"":""MultiPoint"",""coordinates"":[]}"
1_272_0,1889,1060,347,563,607,1012,1858,2090,2264,2383,1,LEV,VA0153_20211107,18.93306008785087,0,Valsequillo,-98.17915176936165,2021-11-07,"{""type"":""MultiPoint"",""coordinates"":[]}"
1_273_0,2384,1406,500,774,766,1288,2174,2388,2866,2677,1,LEV,VA0154_20211107,18.934521449160332,0,Valsequillo,-98.18258430042067,2021-11-07,"{""type"":""MultiPoint"",""coordinates"":[]}"
1_274_0,3229,2467,956,1290,1510,2402,2947,3180,3204,3319,1,LEV,VA0155_20211107,18.933466022830476,0,Valsequillo,-98.18342097986631,2021-11-07,"{""type"":""MultiPoint"",""coordinates"":[]}"
1_275_0,3074,2150,736,996,1324,1968,2393,2634,2778,2901,1,LEV,VA0156_20211107,18.93395314350374,0,Valsequillo,-98.18515869871496,2021-11-07,"{""type"":""MultiPoint"",""coordinates"":[]}"
1_276_0,2381,1647,685,971,1040,1534,2106,2287,2570,2548,1,LEV,VA0157_20211107,18.930238812489364,0,Valsequillo,-98.18507288543847,2021-11-07,"{""type"":""MultiPoint"",""coordinates"":[]}"
1_277_0,2840,2080,1296,1562,1792,1734,2427,2635,2625,2822,1,LEV,VA0158_20211107,18.92699124229494,0,Valsequillo,-98.18663897773416,2021-11-07,"{""type"":""MultiPoint"",""coordinates"":[]}"
1_278_0,2667,1662,558,783,838,1302,2041,2305,2466,2620,1,LEV,VA0159_20211107,18.929853166831844,0,Valsequillo,-98.1867676976489,2021-11-07,"{""type"":""MultiPoint"",""coordinates"":[]}"
1_279_0,1060,539,235,380,236,687,1737,2021,2011,2281,1,LEV,VA0160_20211107,18.934724415144352,0,Valsequillo,-98.18921414215649,2021-11-07,"{""type"":""MultiPoint"",""coordinates"":[]}"
1_280_0,1837,1096,398,602,631,916,1573,1803,1960,2109,1,LEV,VA0161_20211107,18.932471480524885,0,Valsequillo,-98.18990064836827,2021-11-07,"{""type"":""MultiPoint"",""coordinates"":[]}"
1_281_0,1523,877,413,559,583,908,1697,1948,2008,2221,1,LEV,VA0162_20211107,18.928554143477353,0,Valsequillo,-98.19060860789922,2021-11-07,"{""type"":""MultiPoint"",""coordinates"":[]}"
1_282_0,3350,2620,946,1368,2156,2283,2689,2650,2708,2798,1,LEV,VA0163_20211107,18.927072432465877,0,Valsequillo,-98.19032971475065,2021-11-07,"{""type"":""MultiPoint"",""coordinates"":[]}"
1_283_0,2076,1344,493,702,757,1074,1732,2028,2254,2176,1,LEV,VA0164_20211107,18.928188790720323,0,Valsequillo,-98.17136411004944,2021-11-07,"{""type"":""MultiPoint"",""coordinates"":[]}"
1_284_0,2170,1705,825,946,1338,1779,2302,2266,1968,2525,1,LEV,VA0165_20211107,18.9268897542785,0,Valsequillo,-98.17529006744822,2021-11-07,"{""type"":""MultiPoint"",""coordinates"":[]}"
1_285_0,2485,1670,595,883,982,1531,2470,2991,3066,3209,1,LEV,VA0166_20211107,18.925753089107253,0,Valsequillo,-98.17383124174815,2021-11-07,"{""type"":""MultiPoint"",""coordinates"":[]}"
1_286_0,1505,944,394,517,501,729,1377,1585,1620,1761,1,LEV,VA0167_20211107,18.921470227675826,0,Valsequillo,-98.16615095350357,2021-11-07,"{""type"":""MultiPoint"",""coordinates"":[]}"
1_287_0,2036,1232,496,747,788,1171,1915,2277,2406,2421,1,LEV,VA0168_20211107,18.928229385446397,0,Valsequillo,-98.16381254171961,2021-11-07,"{""type"":""MultiPoint"",""coordinates"":[]}"
1_288_0,1444,850,249,421,289,748,1594,1759,1996,2039,1,LEV,VA0169_20211107,18.929771977728187,0,Valsequillo,-98.1684464586493,2021-11-07,"{""type"":""MultiPoint"",""coordinates"":[]}"
1_289_0,2293,1520,557,795,921,1273,2240,2573,2379,2839,1,LEV,VA0170_20211107,18.917491736060665,0,Valsequillo,-98.174710353355,2021-11-07,"{""type"":""MultiPoint"",""coordinates"":[]}"
1_290_0,2023,1176,457,670,796,1219,2072,2419,2420,2729,1,LEV,VA0171_20211107,18.92130784146024,0,Valsequillo,-98.1768556852669,2021-11-07,"{""type"":""MultiPoint"",""coordinates"":[]}"
1_291_0,2390,1892,1998,2104,1794,1803,2415,2355,2858,2521,1,LEV,VA0172_20211107,18.918973532013982,0,Valsequillo,-98.17788544458459,2021-11-07,"{""type"":""MultiPoint"",""coordinates"":[]}"
1_292_0,2659,1905,722,926,882,1411,2275,2671,2523,2942,1,LEV,VA0173_20211107,18.91625351293089,0,Valsequillo,-98.17252211480486,2021-11-07,"{""type"":""MultiPoint"",""coordinates"":[]}"
1_293_0,1462,823,270,432,319,786,1712,1975,1886,2117,1,LEV,VA0174_20211107,18.91757293069961,0,Valsequillo,-98.15763351133634,2021-11-07,"{""type"":""MultiPoint"",""coordinates"":[]}"
1_294_0,1379,805,276,428,329,692,1565,1866,1848,2040,1,LEV,VA0175_20211107,18.919907259704267,0,Valsequillo,-98.15598160576415,2021-11-07,"{""type"":""MultiPoint"",""coordinates"":[]}"
1_295_0,1495,841,306,410,363,689,1534,1974,2196,2055,1,LEV,VA0176_20211107,18.917796215753352,0,Valsequillo,-98.15478021989348,2021-11-07,"{""type"":""MultiPoint"",""coordinates"":[]}"
1_296_0,1330,767,246,390,283,651,1467,1659,1701,1866,1,LEV,VA0177_20211107,18.915827237272467,0,Valsequillo,-98.15471585993615,2021-11-07,"{""type"":""MultiPoint"",""coordinates"":[]}"
1_297_0,1860,1159,270,409,328,807,1522,1760,1832,2027,1,LEV,VA0178_20211107,18.918019500508876,0,Valsequillo,-98.1628466678822,2021-11-07,"{""type"":""MultiPoint"",""coordinates"":[]}"
1_298_0,1533,1003,261,381,330,715,1301,1454,1510,1653,1,LEV,VA0179_20211107,18.915522753993905,0,Valsequillo,-98.1639622404764,2021-11-07,"{""type"":""MultiPoint"",""coordinates"":[]}"
1_299_0,2727,1912,790,1094,1126,1491,2384,2756,3142,3004,1,LEV,VA0180_20211107,18.911077234301402,0,Valsequillo,-98.17331562207927,2021-11-07,"{""type"":""MultiPoint"",""coordinates"":[]}"
1_300_0,2474,2433,1130,1158,1436,1697,1769,1916,1572,2005,1,LEV,VA0181_20211107,18.90851948487923,0,Valsequillo,-98.17649071330887,2021-11-07,"{""type"":""MultiPoint"",""coordinates"":[]}"
1_301_0,2659,2566,1398,1680,1756,1959,2130,2253,2334,2367,1,LEV,VA0182_20211107,18.908823980909116,0,Valsequillo,-98.17185679637917,2021-11-07,"{""type"":""MultiPoint"",""coordinates"":[]}"
1_302_0,2703,1779,615,924,911,1360,2309,2615,2589,2884,1,LEV,VA0183_20211107,18.904154980232573,0,Valsequillo,-98.17072010564688,2021-11-07,"{""type"":""MultiPoint"",""coordinates"":[]}"
1_303_0,1528,1031,164,301,211,940,1792,2075,1622,2262,1,LEV,VA0184_20211107,18.90368807306221,0,Valsequillo,-98.1650778827186,2021-11-07,"{""type"":""MultiPoint"",""coordinates"":[]}"
1_304_0,3069,2030,850,1190,1292,1676,2406,2678,2831,2882,1,LEV,VA0185_20211107,18.904804588041173,0,Valsequillo,-98.15679690153868,2021-11-07,"{""type"":""MultiPoint"",""coordinates"":[]}"
1_305_0,1464,827,268,433,348,739,1553,1783,1860,1973,1,LEV,VA0186_20211107,18.92617933956883,0,Valsequillo,-98.1520346782293,2021-11-07,"{""type"":""MultiPoint"",""coordinates"":[]}"
1_306_0,1922,1158,355,534,533,938,1630,1902,2034,2125,1,LEV,VA0187_20211107,18.921064263667972,0,Valsequillo,-98.14577030904657,2021-11-07,"{""type"":""MultiPoint"",""coordinates"":[]}"
1_307_0,1156,638,237,386,251,679,1702,1919,1902,2102,1,LEV,VA0188_20211107,18.91550245588952,0,Valsequillo,-98.14688588164074,2021-11-07,"{""type"":""MultiPoint"",""coordinates"":[]}"
1_308_0,2121,1647,564,743,894,1097,1513,1608,1677,1833,1,LEV,VA0189_20211107,18.928736818806303,0,Valsequillo,-98.15847067396497,2021-11-07,"{""type"":""MultiPoint"",""coordinates"":[]}"
1_309_0,951,640,419,890,425,1219,1657,1788,1414,1570,1,LEV,VA0190_20211107,18.938113908899425,0,Valsequillo,-98.13491100316621,2021-11-07,"{""type"":""MultiPoint"",""coordinates"":[]}"
1_310_0,1319,671,208,341,245,580,1618,1871,1980,2147,1,LEV,VA0191_20211107,18.93843864713494,0,Valsequillo,-98.1284321007923,2021-11-07,"{""type"":""MultiPoint"",""coordinates"":[]}"
1_311_0,1513,970,291,487,365,836,2111,2301,2558,2668,1,LEV,VA0192_20211107,18.93170019935597,0,Valsequillo,-98.13237951151017,2021-11-07,"{""type"":""MultiPoint"",""coordinates"":[]}"
1_312_0,2478,1787,1116,1294,1530,1500,1933,2058,2380,2236,1,LEV,VA0193_20211107,18.934095220973962,0,Valsequillo,-98.11414419025907,2021-11-07,"{""type"":""MultiPoint"",""coordinates"":[]}"
1_313_0,2264,2236,1584,2048,2158,1802,1967,2385,2474,2152,1,LEV,VA0194_20211107,18.957272394421214,0,Valsequillo,-98.23773915935689,2021-11-07,"{""type"":""MultiPoint"",""coordinates"":[]}"
1_314_0,2926,1783,658,1002,996,1566,2550,2790,2954,3104,1,LEV,VA0195_20211107,18.942497822537398,0,Valsequillo,-98.19194738486095,2021-11-07,"{""type"":""MultiPoint"",""coordinates"":[]}"
1_315_0,2970,2106,570,808,933,1480,2050,2340,2350,2647,1,LEV,VA0196_20211107,18.924230759622386,0,Valsequillo,-98.20859516049725,2021-11-07,"{""type"":""MultiPoint"",""coordinates"":[]}"
1_316_0,2924,2193,584,758,1030,1215,1636,1809,2032,2099,1,LEV,VA0197_20211107,18.91919681793407,0,Valsequillo,-98.20713633479717,2021-11-07,"{""type"":""MultiPoint"",""coordinates"":[]}"
1_317_0,2290,1285,386,640,570,1112,2093,2447,2630,2724,1,LEV,VA0198_20211107,18.941198897384847,0,Valsequillo,-98.20301729752633,2021-11-07,"{""type"":""MultiPoint"",""coordinates"":[]}"
1_318_0,1867,922,318,616,442,1062,2402,2883,3103,3224,1,LEV,VA0199_20211107,18.937220874908437,0,Valsequillo,-98.20455671290267,2021-11-07,"{""type"":""MultiPoint"",""coordinates"":[]}"
1_319_0,2525,1587,492,725,793,1313,1961,2217,2324,2496,1,LEV,VA0200_20211107,18.934399669371835,0,Valsequillo,-98.19520099373872,2021-11-07,"{""type"":""MultiPoint"",""coordinates"":[]}"
2_320_0,1287,534,72,403,163,836,3376,4137,4069,4463,3,floating_plants,VA0001_20210426,18.91708576208199,1,Valsequillo,-98.19174652617755,2021-04-26,"{""type"":""MultiPoint"",""coordinates"":[]}"
2_321_0,791,401,142,444,234,730,1765,2388,3604,2681,3,floating_plants,VA0002_20210426,18.918567561633708,1,Valsequillo,-98.18985863409509,2021-04-26,"{""type"":""MultiPoint"",""coordinates"":[]}"
2_322_0,1263,566,106,445,210,905,3475,4328,4027,4642,3,floating_plants,VA0003_20210426,18.914771693037146,1,Valsequillo,-98.18863728798438,2021-04-26,"{""type"":""MultiPoint"",""coordinates"":[]}"
2_323_0,1371,586,74,443,204,919,3413,4257,4304,4813,3,floating_plants,VA0004_20210426,18.91598962829537,1,Valsequillo,-98.19026774023742,2021-04-26,"{""type"":""MultiPoint"",""coordinates"":[]}"
2_324_0,1456,600,0,454,141,923,3847,4715,4876,5059,3,floating_plants,VA0005_20210426,18.913513150616954,1,Valsequillo,-98.1906968066198,2021-04-26,"{""type"":""MultiPoint"",""coordinates"":[]}"
2_325_0,1354,604,82,458,213,912,3410,4145,4076,4407,3,floating_plants,VA0006_20210426,18.91205160559668,1,Valsequillo,-98.1884227547932,2021-04-26,"{""type"":""MultiPoint"",""coordinates"":[]}"
2_326_0,1278,564,83,456,198,870,3319,3973,4273,4216,3,floating_plants,VA0007_20210426,18.910590047802984,1,Valsequillo,-98.1870926490078,2021-04-26,"{""type"":""MultiPoint"",""coordinates"":[]}"
2_327_0,1448,626,0,263,53,807,3779,4710,4920,5091,3,floating_plants,VA0008_20210426,18.909737466524827,1,Valsequillo,-98.19078261989627,2021-04-26,"{""type"":""MultiPoint"",""coordinates"":[]}"
2_328_0,1478,633,36,416,180,887,3769,4649,4671,5018,3,floating_plants,VA0009_20210426,18.907829292678038,1,Valsequillo,-98.1879936884108,2021-04-26,"{""type"":""MultiPoint"",""coordinates"":[]}"
2_329_0,1306,561,89,464,215,874,3497,4010,3492,4173,3,floating_plants,VA0010_20210426,18.909250275271734,1,Valsequillo,-98.18563382330773,2021-04-26,"{""type"":""MultiPoint"",""coordinates"":[]}"
2_330_0,478,265,12,249,133,490,1114,1420,1485,1522,3,floating_plants,VA0011_20210426,18.91290417507754,1,Valsequillo,-98.1801846802515,2021-04-26,"{""type"":""MultiPoint"",""coordinates"":[]}"
2_331_0,444,248,133,414,274,661,998,1309,1082,1128,3,floating_plants,VA0012_20210426,18.91493408491749,1,Valsequillo,-98.18121443956922,2021-04-26,"{""type"":""MultiPoint"",""coordinates"":[]}"
2_332_0,481,270,188,417,243,668,1222,1539,1068,1390,3,floating_plants,VA0013_20210426,18.92427135274079,1,Valsequillo,-98.18104281301626,2021-04-26,"{""type"":""MultiPoint"",""coordinates"":[]}"
2_333_0,421,199,80,475,285,686,931,1234,904,987,3,floating_plants,VA0014_20210426,18.92362182055509,1,Valsequillo,-98.17988433378383,2021-04-26,"{""type"":""MultiPoint"",""coordinates"":[]}"
2_334_0,1293,567,0,321,77,805,3439,4271,4212,4529,3,floating_plants,VA0015_20210426,18.920577104496893,1,Valsequillo,-98.18001065084245,2021-04-26,"{""type"":""MultiPoint"",""coordinates"":[]}"
2_335_0,1417,647,0,317,116,809,3224,3995,4104,4277,3,floating_plants,VA0016_20210426,18.92226185407748,1,Valsequillo,-98.17943141122622,2021-04-26,"{""type"":""MultiPoint"",""coordinates"":[]}"
2_336_0,371,219,79,358,190,594,1082,1384,1342,1119,3,floating_plants,VA0017_20210426,18.922424238681927,1,Valsequillo,-98.18112622343664,2021-04-26,"{""type"":""MultiPoint"",""coordinates"":[]}"
2_337_0,383,227,62,365,193,580,1087,1316,743,1428,3,floating_plants,VA0018_20210426,18.921490525051812,1,Valsequillo,-98.18149092986165,2021-04-26,"{""type"":""MultiPoint"",""coordinates"":[]}"
2_338_0,592,310,0,325,133,642,1851,1915,2442,2348,3,floating_plants,VA0019_20210426,18.920962771562255,1,Valsequillo,-98.18069715705425,2021-04-26,"{""type"":""MultiPoint"",""coordinates"":[]}"
2_339_0,424,255,147,446,273,694,1292,1265,1635,1469,3,floating_plants,VA0020_20210426,18.916131719876443,1,Valsequillo,-98.18172691637194,2021-04-26,"{""type"":""MultiPoint"",""coordinates"":[]}"
2_340_0,1147,522,0,280,101,734,2700,3298,3272,3530,3,floating_plants,VA0021_20210426,18.912356094198117,1,Valsequillo,-98.17805704719606,2021-04-26,"{""type"":""MultiPoint"",""coordinates"":[]}"
2_341_0,535,261,14,288,84,582,1977,2712,2484,2269,3,floating_plants,VA0022_20210426,18.914203319216064,1,Valsequillo,-98.17887227332258,2021-04-26,"{""type"":""MultiPoint"",""coordinates"":[]}"
2_342_0,396,222,48,292,132,482,1072,1057,1864,1013,3,floating_plants,VA0023_20210426,18.914101823865746,1,Valsequillo,-98.17983767268294,2021-04-26,"{""type"":""MultiPoint"",""coordinates"":[]}"
2_343_0,383,235,70,337,171,469,862,862,1630,715,3,floating_plants,VA0024_20210426,18.915735891517034,1,Valsequillo,-98.17767088745191,2021-04-26,"{""type"":""MultiPoint"",""coordinates"":[]}"
2_344_0,267,206,21,232,142,399,529,668,880,468,3,floating_plants,VA0025_20210426,18.914944233406942,1,Valsequillo,-98.17766016079236,2021-04-26,"{""type"":""MultiPoint"",""coordinates"":[]}"
2_345_0,484,255,70,331,162,587,1300,1465,1232,1466,3,floating_plants,VA0026_20210426,18.913259410080535,1,Valsequillo,-98.18123213842566,2021-04-26,"{""type"":""MultiPoint"",""coordinates"":[]}"
2_346_0,487,331,158,496,259,654,1242,1915,3676,1910,3,floating_plants,VA0027_20210426,18.914426608769897,1,Valsequillo,-98.18435359635745,2021-04-26,"{""type"":""MultiPoint"",""coordinates"":[]}"
2_347_0,226,151,189,382,261,431,173,364,561,280,3,floating_plants,VA0028_20210426,18.913777038330778,1,Valsequillo,-98.18647747495025,2021-04-26,"{""type"":""MultiPoint"",""coordinates"":[]}"
2_348_0,178,136,51,347,198,484,531,665,1000,433,3,floating_plants,VA0029_20210426,18.91226474737655,1,Valsequillo,-98.18131795170214,2021-04-26,"{""type"":""MultiPoint"",""coordinates"":[]}"
2_349_0,267,169,4,272,164,407,720,879,1306,690,3,floating_plants,VA0030_20210426,18.91204145493598,1,Valsequillo,-98.180567085533,2021-04-26,"{""type"":""MultiPoint"",""coordinates"":[]}"
2_350_0,222,148,60,272,155,406,369,420,500,473,3,floating_plants,VA0031_20210426,18.911838461549472,1,Valsequillo,-98.17998784591676,2021-04-26,"{""type"":""MultiPoint"",""coordinates"":[]}"
2_351_0,197,150,5,131,85,314,197,221,391,317,3,floating_plants,VA0032_20210426,18.912132801879515,1,Valsequillo,-98.17926915972629,2021-04-26,"{""type"":""MultiPoint"",""coordinates"":[]}"
2_352_0,317,230,3,296,150,476,653,917,2164,1024,3,floating_plants,VA0033_20210426,18.915624247651607,1,Valsequillo,-98.17903317321597,2021-04-26,"{""type"":""MultiPoint"",""coordinates"":[]}"
2_353_0,1406,607,0,306,111,837,3486,4304,4219,4587,3,floating_plants,VA0034_20210426,18.91102648521161,1,Valsequillo,-98.17837873815783,2021-04-26,"{""type"":""MultiPoint"",""coordinates"":[]}"
2_354_0,930,432,0,294,115,726,2402,2899,3249,3059,3,floating_plants,VA0035_20210426,18.911006185760847,1,Valsequillo,-98.17969811728366,2021-04-26,"{""type"":""MultiPoint"",""coordinates"":[]}"
2_355_0,1052,463,0,296,99,765,3078,3676,3771,3974,3,floating_plants,VA0036_20210426,18.910184055934465,1,Valsequillo,-98.18019154362338,2021-04-26,"{""type"":""MultiPoint"",""coordinates"":[]}"
2_356_0,1382,580,0,318,103,835,3579,4454,4475,4801,3,floating_plants,VA0037_20210426,18.910194205710056,1,Valsequillo,-98.17862545132772,2021-04-26,"{""type"":""MultiPoint"",""coordinates"":[]}"
2_357_0,1531,648,0,428,196,942,3895,4760,4672,5208,3,floating_plants,VA0038_20210426,18.908783380996805,1,Valsequillo,-98.17853963805123,2021-04-26,"{""type"":""MultiPoint"",""coordinates"":[]}"
2_358_0,1334,527,0,382,89,828,3721,4567,4948,4773,3,floating_plants,VA0039_20210426,18.90943297083223,1,Valsequillo,-98.17963375732629,2021-04-26,"{""type"":""MultiPoint"",""coordinates"":[]}"
2_359_0,1085,477,0,361,125,787,2836,3235,3367,3493,3,floating_plants,VA0040_20210426,18.908336786521534,1,Valsequillo,-98.18026663024031,2021-04-26,"{""type"":""MultiPoint"",""coordinates"":[]}"
2_360_0,1389,599,0,371,150,882,3583,4380,4324,4680,3,floating_plants,VA0041_20210426,18.908214987821335,1,Valsequillo,-98.1793441375182,2021-04-26,"{""type"":""MultiPoint"",""coordinates"":[]}"
2_361_0,1463,658,0,393,182,916,3418,4178,4353,4564,3,floating_plants,VA0042_20210426,18.907037595441114,1,Valsequillo,-98.17975182022947,2021-04-26,"{""type"":""MultiPoint"",""coordinates"":[]}"
2_362_0,924,444,0,340,139,731,2330,2905,3349,3133,3,floating_plants,VA0043_20210426,18.907646592341784,1,Valsequillo,-98.18035251316479,2021-04-26,"{""type"":""MultiPoint"",""coordinates"":[]}"
2_363_0,798,396,3,300,145,671,1832,2387,1991,2600,3,floating_plants,VA0044_20210426,18.906885345869526,1,Valsequillo,-98.18047050641994,2021-04-26,"{""type"":""MultiPoint"",""coordinates"":[]}"
2_364_0,1385,625,3,358,170,904,3482,4277,4419,4614,3,floating_plants,VA0045_20210426,18.90648949633489,1,Valsequillo,-98.18004144003757,2021-04-26,"{""type"":""MultiPoint"",""coordinates"":[]}"
2_365_0,934,432,59,401,261,773,2203,2786,2645,2978,3,floating_plants,VA0046_20210426,18.905535393606897,1,Valsequillo,-98.18024524656919,2021-04-26,"{""type"":""MultiPoint"",""coordinates"":[]}"
2_366_0,1342,641,111,429,302,898,3006,3525,3656,3774,3,floating_plants,VA0047_20210426,18.90500758976011,1,Valsequillo,-98.17909749399632,2021-04-26,"{""type"":""MultiPoint"",""coordinates"":[]}"
2_367_0,897,442,183,468,301,804,2214,2430,2596,2578,3,floating_plants,VA0048_20210426,18.903972277377996,1,Valsequillo,-98.1792154872515,2021-04-26,"{""type"":""MultiPoint"",""coordinates"":[]}"
2_368_0,1315,657,94,468,287,822,2777,3738,3920,3870,3,floating_plants,VA0049_20210426,18.90483503814133,1,Valsequillo,-98.17768157493447,2021-04-26,"{""type"":""MultiPoint"",""coordinates"":[]}"
2_369_0,295,200,142,426,307,572,589,728,1437,661,3,floating_plants,VA0050_20210426,18.90483503814133,1,Valsequillo,-98.1812535525678,2021-04-26,"{""type"":""MultiPoint"",""coordinates"":[]}"
2_370_0,760,359,74,448,156,685,2698,3034,4073,3119,3,floating_plants,VA0051_20210426,18.90705789537353,1,Valsequillo,-98.18377431756426,2021-04-26,"{""type"":""MultiPoint"",""coordinates"":[]}"
2_371_0,1190,539,131,460,214,893,3136,3658,3584,3912,3,floating_plants,VA0052_20210426,18.904449333879395,1,Valsequillo,-98.18407466403193,2021-04-26,"{""type"":""MultiPoint"",""coordinates"":[]}"
2_372_0,1356,589,98,484,206,940,3733,4627,4662,4936,3,floating_plants,VA0053_20210426,18.90407377887519,1,Valsequillo,-98.1828625515017,2021-04-26,"{""type"":""MultiPoint"",""coordinates"":[]}"
2_373_0,889,425,219,478,264,766,1898,2387,2005,2564,3,floating_plants,VA0054_20210426,18.90681429615547,1,Valsequillo,-98.1848166035071,2021-04-26,"{""type"":""MultiPoint"",""coordinates"":[]}"
2_374_0,1232,527,16,390,142,858,3310,4067,4063,4346,3,floating_plants,VA0055_20210426,18.903931676895322,1,Valsequillo,-98.18520276325124,2021-04-26,"{""type"":""MultiPoint"",""coordinates"":[]}"
2_375_0,1302,583,0,319,125,823,3287,4093,3970,4429,3,floating_plants,VA0056_20210426,18.903850475633508,1,Valsequillo,-98.1882062279279,2021-04-26,"{""type"":""MultiPoint"",""coordinates"":[]}"
2_376_0,941,444,0,265,93,639,2122,2477,2703,2674,3,floating_plants,VA0057_20210426,18.90289635785541,1,Valsequillo,-98.18717646861019,2021-04-26,"{""type"":""MultiPoint"",""coordinates"":[]}"
2_377_0,841,428,0,157,25,580,2324,2660,2504,2901,3,floating_plants,VA0058_20210426,18.901800130712896,1,Valsequillo,-98.18790588146024,2021-04-26,"{""type"":""MultiPoint"",""coordinates"":[]}"
2_378_0,1416,597,23,398,172,929,3562,4317,4352,4695,3,floating_plants,VA0059_20210426,18.902997860005307,1,Valsequillo,-98.18372248423204,2021-04-26,"{""type"":""MultiPoint"",""coordinates"":[]}"
2_379_0,1219,523,22,429,175,858,3243,4022,3915,4169,3,floating_plants,VA0060_20210426,18.902226442121723,1,Valsequillo,-98.18112663261864,2021-04-26,"{""type"":""MultiPoint"",""coordinates"":[]}"
2_380_0,856,394,45,336,153,604,2040,2444,2552,2603,3,floating_plants,VA0061_20210426,18.90113021059035,1,Valsequillo,-98.1757633028389,2021-04-26,"{""type"":""MultiPoint"",""coordinates"":[]}"
2_381_0,510,281,0,59,0,268,1127,1422,1219,1524,3,floating_plants,VA0062_20210426,18.899952768724134,1,Valsequillo,-98.1722664118225,2021-04-26,"{""type"":""MultiPoint"",""coordinates"":[]}"
2_382_0,253,171,0,0,0,43,204,228,264,296,3,floating_plants,VA0063_20210426,18.901942234636532,1,Valsequillo,-98.17228786514164,2021-04-26,"{""type"":""MultiPoint"",""coordinates"":[]}"
2_383_0,683,356,0,136,45,489,1631,1985,2483,2046,3,floating_plants,VA0064_20210426,18.902876057418037,1,Valsequillo,-98.17284565143873,2021-04-26,"{""type"":""MultiPoint"",""coordinates"":[]}"
2_384_0,505,291,0,19,0,249,1007,1296,952,1330,3,floating_plants,VA0065_20210426,18.899668557377304,1,Valsequillo,-98.1702283465062,2021-04-26,"{""type"":""MultiPoint"",""coordinates"":[]}"
2_385_0,1584,741,0,344,115,1067,4364,5735,5572,5994,3,floating_plants,VA0066_20210426,18.901718928416653,1,Valsequillo,-98.16838336106198,2021-04-26,"{""type"":""MultiPoint"",""coordinates"":[]}"
2_386_0,1167,513,35,394,162,815,3078,3745,3532,3917,3,floating_plants,VA0067_20210426,18.899993370305726,1,Valsequillo,-98.17934600713178,2021-04-26,"{""type"":""MultiPoint"",""coordinates"":[]}"
2_387_0,1222,571,12,384,117,780,3337,3877,3733,4296,3,floating_plants,VA0068_20210426,18.898592610049064,1,Valsequillo,-98.17657852896544,2021-04-26,"{""type"":""MultiPoint"",""coordinates"":[]}"
2_388_0,1171,485,53,399,148,829,3132,3853,3432,3983,3,floating_plants,VA0069_20210426,18.901211413172284,1,Valsequillo,-98.17730794181547,2021-04-26,"{""type"":""MultiPoint"",""coordinates"":[]}"
2_389_0,797,398,126,419,241,725,1970,2366,2264,2517,3,floating_plants,VA0070_20210426,18.902145240032343,1,Valsequillo,-98.17840206109054,2021-04-26,"{""type"":""MultiPoint"",""coordinates"":[]}"
2_390_0,374,238,0,63,16,167,495,478,187,578,3,floating_plants,VA0071_20210426,18.89707003066416,1,Valsequillo,-98.18370095255892,2021-04-26,"{""type"":""MultiPoint"",""coordinates"":[]}"
2_391_0,1398,628,46,475,203,944,3354,3963,3939,4238,3,floating_plants,VA0072_20210426,18.895100808216537,1,Valsequillo,-98.18258537996472,2021-04-26,"{""type"":""MultiPoint"",""coordinates"":[]}"
2_392_0,1244,614,144,538,270,1038,2949,3407,3296,3600,3,floating_plants,VA0073_20210426,18.895953464078968,1,Valsequillo,-98.18170579388085,2021-04-26,"{""type"":""MultiPoint"",""coordinates"":[]}"
2_393_0,317,227,4,9,25,161,506,535,176,628,3,floating_plants,VA0074_20210426,18.898166288792005,1,Valsequillo,-98.18198468702941,2021-04-26,"{""type"":""MultiPoint"",""coordinates"":[]}"
2_394_0,349,236,15,130,63,211,618,701,1213,716,3,floating_plants,VA0075_20210426,18.89865351232176,1,Valsequillo,-98.1807403945205,2021-04-26,"{""type"":""MultiPoint"",""coordinates"":[]}"
2_395_0,1043,519,16,322,144,764,2634,3502,2963,3381,3,floating_plants,VA0076_20210426,18.897212138604324,1,Valsequillo,-98.17973208852193,2021-04-26,"{""type"":""MultiPoint"",""coordinates"":[]}"
2_396_0,587,262,0,27,0,276,1141,1388,930,1401,3,floating_plants,VA0077_20210426,18.897232439728775,1,Valsequillo,-98.17741513005707,2021-04-26,"{""type"":""MultiPoint"",""coordinates"":[]}"
2_397_0,580,305,0,98,0,350,1452,1610,1579,1795,3,floating_plants,VA0078_20210426,18.89983096332939,1,Valsequillo,-98.17406841227451,2021-04-26,"{""type"":""MultiPoint"",""coordinates"":[]}"
2_398_0,302,190,0,0,0,0,358,413,186,522,3,floating_plants,VA0079_20210426,18.89857230849865,1,Valsequillo,-98.17125802746993,2021-04-26,"{""type"":""MultiPoint"",""coordinates"":[]}"
2_399_0,480,292,0,0,0,103,625,779,906,815,3,floating_plants,VA0080_20210426,18.89865351232176,1,Valsequillo,-98.1700780949184,2021-04-26,"{""type"":""MultiPoint"",""coordinates"":[]}"
2_400_0,1175,507,0,368,154,768,3057,3809,3837,3999,3,floating_plants,VA0081_20210426,18.901861031818296,1,Valsequillo,-98.18318607290007,2021-04-26,"{""type"":""MultiPoint"",""coordinates"":[]}"
2_401_0,1146,511,0,346,127,778,2986,3521,3688,3732,3,floating_plants,VA0082_20210426,18.901840731255326,1,Valsequillo,-98.18500960502519,2021-04-26,"{""type"":""MultiPoint"",""coordinates"":[]}"
2_402_0,1432,684,0,305,64,767,3524,4378,4109,4725,3,floating_plants,VA0083_20210426,18.899282840615047,1,Valsequillo,-98.19258262667415,2021-04-26,"{""type"":""MultiPoint"",""coordinates"":[]}"
2_403_0,1063,505,0,212,4,638,2732,3138,3151,3480,3,floating_plants,VA0084_20210426,18.900074572848375,1,Valsequillo,-98.19142414744172,2021-04-26,"{""type"":""MultiPoint"",""coordinates"":[]}"
2_404_0,912,503,0,128,0,542,2191,2610,2171,2775,3,floating_plants,VA0085_20210426,18.90147532070053,1,Valsequillo,-98.19200338705797,2021-04-26,"{""type"":""MultiPoint"",""coordinates"":[]}"
2_405_0,1324,592,0,217,0,695,3273,4019,4008,4288,3,floating_plants,VA0086_20210426,18.90070389579772,1,Valsequillo,-98.1926255333124,2021-04-26,"{""type"":""MultiPoint"",""coordinates"":[]}"
2_406_0,1551,702,0,335,18,853,4069,4849,5040,5249,3,floating_plants,VA0087_20210426,18.900074572848375,1,Valsequillo,-98.19348366607717,2021-04-26,"{""type"":""MultiPoint"",""coordinates"":[]}"
2_407_0,1247,528,0,272,45,755,3364,4091,4044,4435,3,floating_plants,VA0088_20210426,18.900541490101897,1,Valsequillo,-98.18779853651066,2021-04-26,"{""type"":""MultiPoint"",""coordinates"":[]}"
2_408_0,596,315,0,82,0,294,1003,1290,1330,1289,3,floating_plants,VA0089_20210426,18.900196377474902,1,Valsequillo,-98.18940753544456,2021-04-26,"{""type"":""MultiPoint"",""coordinates"":[]}"
2_409_0,757,349,0,162,1,421,1562,2043,1918,1969,3,floating_plants,VA0090_20210426,18.901262163982526,1,Valsequillo,-98.18832357911552,2021-04-26,"{""type"":""MultiPoint"",""coordinates"":[]}"
2_410_0,1271,558,0,366,140,849,3290,3897,3808,4203,3,floating_plants,VA0091_20210426,18.900754647352834,1,Valsequillo,-98.1860495272889,2021-04-26,"{""type"":""MultiPoint"",""coordinates"":[]}"
2_411_0,1298,568,0,460,143,834,3280,3935,4477,4224,3,floating_plants,VA0092_20210426,18.9012215627088,1,Valsequillo,-98.1839900086535,2021-04-26,"{""type"":""MultiPoint"",""coordinates"":[]}"
2_412_0,975,438,138,412,238,745,2420,2913,2757,3039,3,floating_plants,VA0093_20210426,18.908478884707154,1,Valsequillo,-98.18490309149863,2021-04-26,"{""type"":""MultiPoint"",""coordinates"":[]}"
2_413_0,1420,595,24,398,150,868,3764,4629,4576,5006,3,floating_plants,VA0094_20210426,18.910163756574942,1,Valsequillo,-98.18867908025456,2021-04-26,"{""type"":""MultiPoint"",""coordinates"":[]}"
2_414_0,1596,664,0,251,0,815,4203,5588,5512,5941,3,floating_plants,VA0095_20210426,18.910285553856042,1,Valsequillo,-98.19376351688574,2021-04-26,"{""type"":""MultiPoint"",""coordinates"":[]}"
2_415_0,609,328,144,422,255,661,1523,1716,2367,1750,3,floating_plants,VA0096_20210426,18.905647044002347,1,Valsequillo,-98.18405424237386,2021-04-26,"{""type"":""MultiPoint"",""coordinates"":[]}"
2_416_0,413,240,117,430,252,572,929,1608,2126,1453,3,floating_plants,VA0097_20210426,18.90498728937401,1,Valsequillo,-98.18521272160629,2021-04-26,"{""type"":""MultiPoint"",""coordinates"":[]}"
2_417_0,265,191,245,399,278,505,467,429,827,419,3,floating_plants,VA0098_20210426,18.90562674389874,1,Valsequillo,-98.18240233680169,2021-04-26,"{""type"":""MultiPoint"",""coordinates"":[]}"
2_418_0,270,163,60,336,168,457,863,563,1614,587,3,floating_plants,VA0099_20210426,18.90656054611543,1,Valsequillo,-98.1816836506112,2021-04-26,"{""type"":""MultiPoint"",""coordinates"":[]}"
2_419_0,320,216,232,409,293,558,816,793,1087,748,3,floating_plants,VA0100_20210426,18.90353582003346,1,Valsequillo,-98.18079333786777,2021-04-26,"{""type"":""MultiPoint"",""coordinates"":[]}"
2_420_0,880,406,178,452,261,782,2050,2778,2452,2813,3,floating_plants,VA0101_20210426,18.90373882349584,1,Valsequillo,-98.18189818380239,2021-04-26,"{""type"":""MultiPoint"",""coordinates"":[]}"
2_421_0,392,257,154,433,236,562,1030,1254,2143,1242,3,floating_plants,VA0102_20210426,18.902805005529476,1,Valsequillo,-98.1804179047832,2021-04-26,"{""type"":""MultiPoint"",""coordinates"":[]}"
2_422_0,356,236,168,405,236,549,850,965,1484,948,3,floating_plants,VA0103_20210426,18.902155389957343,1,Valsequillo,-98.17922724557208,2021-04-26,"{""type"":""MultiPoint"",""coordinates"":[]}"
2_423_0,724,355,164,366,208,671,2014,2241,2099,2496,3,floating_plants,VA0104_20210426,18.90126216442764,1,Valsequillo,-98.17948468540152,2021-04-26,"{""type"":""MultiPoint"",""coordinates"":[]}"
2_424_0,717,384,112,400,207,633,1749,2132,2401,2227,3,floating_plants,VA0105_20210426,18.90218584074361,1,Valsequillo,-98.17680302051163,2021-04-26,"{""type"":""MultiPoint"",""coordinates"":[]}"
2_425_0,710,360,0,191,50,482,1868,2168,2254,2341,3,floating_plants,VA0106_20210426,18.901972684895462,1,Valsequillo,-98.17394835134427,2021-04-26,"{""type"":""MultiPoint"",""coordinates"":[]}"
2_426_0,837,380,0,225,70,599,2259,2576,2604,2841,3,floating_plants,VA0107_20210426,18.900612542640857,1,Valsequillo,-98.1747850416724,2021-04-26,"{""type"":""MultiPoint"",""coordinates"":[]}"
2_427_0,431,258,0,15,0,122,514,701,1092,745,3,floating_plants,VA0108_20210426,18.899841113760722,1,Valsequillo,-98.17084835761408,2021-04-26,"{""type"":""MultiPoint"",""coordinates"":[]}"
2_428_0,698,412,0,224,180,458,1958,2760,4064,2975,3,floating_plants,VA0109_20210426,18.902439596855547,1,Valsequillo,-98.16907845878676,2021-04-26,"{""type"":""MultiPoint"",""coordinates"":[]}"
2_429_0,455,252,0,0,0,139,787,776,505,938,3,floating_plants,VA0110_20210426,18.89862306060773,1,Valsequillo,-98.17071873880482,2021-04-26,"{""type"":""MultiPoint"",""coordinates"":[]}"
2_430_0,221,190,0,0,0,0,123,199,197,173,3,floating_plants,VA0111_20210426,18.89698882573439,1,Valsequillo,-98.17153360580883,2021-04-26,"{""type"":""MultiPoint"",""coordinates"":[]}"
2_431_0,960,512,0,175,0,508,1830,1706,3022,2427,3,floating_plants,VA0112_20210426,18.895283520214317,1,Valsequillo,-98.17312115142363,2021-04-26,"{""type"":""MultiPoint"",""coordinates"":[]}"
2_432_0,1442,682,60,472,177,906,3379,4056,4656,4391,3,floating_plants,VA0113_20210426,18.92427135274841,1,Valsequillo,-98.17581001399934,2021-04-26,"{""type"":""MultiPoint"",""coordinates"":[]}"
2_433_0,1662,724,0,286,0,832,4312,5351,5204,5855,3,floating_plants,VA0114_20210426,18.932694745395185,1,Valsequillo,-98.1767690840974,2021-04-26,"{""type"":""MultiPoint"",""coordinates"":[]}"
2_434_0,521,254,50,324,132,544,1474,1523,2670,1577,3,floating_plants,VA0115_20210426,18.930705645384727,1,Valsequillo,-98.17641510433192,2021-04-26,"{""type"":""MultiPoint"",""coordinates"":[]}"
2_435_0,1337,619,0,328,24,786,3607,4529,5028,4812,3,floating_plants,VA0116_20210426,18.931720495288253,1,Valsequillo,-98.1802874284329,2021-04-26,"{""type"":""MultiPoint"",""coordinates"":[]}"
2_436_0,1610,703,0,304,64,810,4081,5146,5095,5560,3,floating_plants,VA0117_20210426,18.928604885983386,1,Valsequillo,-98.18147936742605,2021-04-26,"{""type"":""MultiPoint"",""coordinates"":[]}"
2_437_0,1514,634,0,324,37,838,4207,5357,5528,5757,3,floating_plants,VA0118_20210426,18.92829027730544,1,Valsequillo,-98.1820800603614,2021-04-26,"{""type"":""MultiPoint"",""coordinates"":[]}"
2_438_0,1293,603,17,417,124,820,3370,4084,4996,4637,3,floating_plants,VA0119_20210426,18.927366745183793,1,Valsequillo,-98.18270220661583,2021-04-26,"{""type"":""MultiPoint"",""coordinates"":[]}"
2_439_0,1433,677,77,457,206,908,3289,3955,3809,4171,3,floating_plants,VA0120_20210426,18.92559070752576,1,Valsequillo,-98.1839035924865,2021-04-26,"{""type"":""MultiPoint"",""coordinates"":[]}"
2_440_0,363,229,190,449,295,597,891,910,1274,874,3,floating_plants,VA0121_20210426,18.926219934455276,1,Valsequillo,-98.18145791410693,2021-04-26,"{""type"":""MultiPoint"",""coordinates"":[]}"
2_441_0,938,568,57,461,340,819,1966,2647,3661,2941,3,floating_plants,VA0122_20210426,18.92983286902502,1,Valsequillo,-98.17549389139188,2021-04-26,"{""type"":""MultiPoint"",""coordinates"":[]}"
2_442_0,694,415,20,434,177,777,1887,1967,3416,2041,3,floating_plants,VA0123_20210426,18.929223952942436,1,Valsequillo,-98.17496828507346,2021-04-26,"{""type"":""MultiPoint"",""coordinates"":[]}"
2_443_0,1561,659,0,319,24,787,4169,5507,5504,5963,3,floating_plants,VA0124_20210426,18.92904127768492,1,Valsequillo,-98.18254130672244,2021-04-26,"{""type"":""MultiPoint"",""coordinates"":[]}"
2_444_0,863,427,109,405,189,729,1903,2603,2003,2337,3,floating_plants,VA0125_20210426,18.924799095705573,1,Valsequillo,-98.17688749524056,2021-04-26,"{""type"":""MultiPoint"",""coordinates"":[]}"
2_445_0,211,163,54,297,182,472,433,604,953,296,3,floating_plants,VA0126_20210426,18.918055022432846,1,Valsequillo,-98.18048604901952,2021-04-26,"{""type"":""MultiPoint"",""coordinates"":[]}"
2_446_0,1170,562,0,338,164,780,2713,3174,3228,3296,3,floating_plants,VA0127_20210426,18.918293530768867,1,Valsequillo,-98.17997116936064,2021-04-26,"{""type"":""MultiPoint"",""coordinates"":[]}"
2_447_0,318,211,79,396,229,659,869,802,1660,938,3,floating_plants,VA0128_20210426,18.918532038764617,1,Valsequillo,-98.18170888820929,2021-04-26,"{""type"":""MultiPoint"",""coordinates"":[]}"
2_448_0,263,176,129,442,248,641,922,1370,2139,994,3,floating_plants,VA0129_20210426,18.917659199337002,1,Valsequillo,-98.18245975437844,2021-04-26,"{""type"":""MultiPoint"",""coordinates"":[]}"
2_449_0,598,319,40,330,192,637,1358,1642,2402,1619,3,floating_plants,VA0130_20210426,18.91910547189927,1,Valsequillo,-98.18178980066224,2021-04-26,"{""type"":""MultiPoint"",""coordinates"":[]}"
2_450_0,1276,554,0,289,80,819,3430,4156,4404,4495,3,floating_plants,VA0131_20210426,18.921175902886393,1,Valsequillo,-98.1800628084732,2021-04-26,"{""type"":""MultiPoint"",""coordinates"":[]}"
2_451_0,818,532,345,582,556,737,1067,1115,1748,1271,3,floating_plants,VA0132_20210426,18.915045728299283,1,Valsequillo,-98.18206282335649,2021-04-26,"{""type"":""MultiPoint"",""coordinates"":[]}"
2_452_0,497,279,66,388,234,655,1311,1829,2251,2138,3,floating_plants,VA0133_20210426,18.915395885020807,1,Valsequillo,-98.18155330702743,2021-04-26,"{""type"":""MultiPoint"",""coordinates"":[]}"
2_453_0,233,184,170,437,286,543,538,649,638,666,3,floating_plants,VA0134_20210426,18.9143809358446,1,Valsequillo,-98.18109216731486,2021-04-26,"{""type"":""MultiPoint"",""coordinates"":[]}"
2_454_0,1282,555,0,278,68,805,3460,4323,4140,4696,3,floating_plants,VA0135_20210426,18.911762338678656,1,Valsequillo,-98.17865193606033,2021-04-26,"{""type"":""MultiPoint"",""coordinates"":[]}"
2_455_0,243,172,0,220,113,312,383,424,1109,344,3,floating_plants,VA0136_20210426,18.912995520264655,1,Valsequillo,-98.17777234997648,2021-04-26,"{""type"":""MultiPoint"",""coordinates"":[]}"
2_456_0,172,135,80,188,109,298,171,237,288,192,3,floating_plants,VA0137_20210426,18.91306656748638,1,Valsequillo,-98.17908100244271,2021-04-26,"{""type"":""MultiPoint"",""coordinates"":[]}"
2_457_0,344,210,33,263,144,401,721,930,1186,969,3,floating_plants,VA0138_20210426,18.91234086944397,1,Valsequillo,-98.18008394511155,2021-04-26,"{""type"":""MultiPoint"",""coordinates"":[]}"
2_458_0,1097,474,97,439,251,830,2763,3327,3299,3653,3,floating_plants,VA0139_20210426,18.912021155292944,1,Valsequillo,-98.18699304673612,2021-04-26,"{""type"":""MultiPoint"",""coordinates"":[]}"
2_459_0,1575,724,59,476,232,986,3419,4106,4247,4512,3,floating_plants,VA0140_20210426,18.907687192174517,1,Valsequillo,-98.18670359887153,2021-04-26,"{""type"":""MultiPoint"",""coordinates"":[]}"
2_460_0,513,285,185,411,249,611,1060,1618,1845,1565,3,floating_plants,VA0141_20210426,18.905941395551032,1,Valsequillo,-98.18533058644793,2021-04-26,"{""type"":""MultiPoint"",""coordinates"":[]}"
2_461_0,1254,625,36,339,196,821,2857,3523,3504,3817,3,floating_plants,VA0142_20210426,18.904469634025798,1,Valsequillo,-98.18822718065198,2021-04-26,"{""type"":""MultiPoint"",""coordinates"":[]}"
2_462_0,964,445,0,282,39,607,2548,2954,3283,3171,3,floating_plants,VA0143_20210426,18.901515921912686,1,Valsequillo,-98.18687561284152,2021-04-26,"{""type"":""MultiPoint"",""coordinates"":[]}"
2_463_0,1084,485,0,352,75,721,2911,3620,3876,3718,3,floating_plants,VA0144_20210426,18.901678326662825,1,Valsequillo,-98.18584585352379,2021-04-26,"{""type"":""MultiPoint"",""coordinates"":[]}"
2_464_0,1098,480,0,329,113,716,2808,3397,3415,3605,3,floating_plants,VA0145_20210426,18.89865351232176,1,Valsequillo,-98.17868044493805,2021-04-26,"{""type"":""MultiPoint"",""coordinates"":[]}"
2_465_0,1061,499,11,354,144,692,2511,3006,3020,3183,3,floating_plants,VA0146_20210426,18.89752680546505,1,Valsequillo,-98.17857325234347,2021-04-26,"{""type"":""MultiPoint"",""coordinates"":[]}"
2_466_0,401,229,0,0,0,143,651,796,779,841,3,floating_plants,VA0147_20210426,18.898937725120785,1,Valsequillo,-98.17502088453371,2021-04-26,"{""type"":""MultiPoint"",""coordinates"":[]}"
2_467_0,316,218,0,60,0,117,612,755,1046,836,3,floating_plants,VA0148_20210426,18.897577558196197,1,Valsequillo,-98.1761900904257,2021-04-26,"{""type"":""MultiPoint"",""coordinates"":[]}"
2_468_0,255,208,0,50,37,71,215,331,320,321,3,floating_plants,VA0149_20210426,18.899155959812894,1,Valsequillo,-98.18176821892963,2021-04-26,"{""type"":""MultiPoint"",""coordinates"":[]}"
2_469_0,950,475,0,97,0,575,2394,3416,1494,3533,3,floating_plants,VA0150_20210426,18.90113021160637,1,Valsequillo,-98.17151795721547,2021-04-26,"{""type"":""MultiPoint"",""coordinates"":[]}"
2_470_0,3149,2612,862,1594,1798,2371,2757,2703,2840,2884,1,LEV,VA0151_20210426,18.908072890002444,0,Valsequillo,-98.19601764764928,2021-04-26,"{""type"":""MultiPoint"",""coordinates"":[]}"
2_471_0,3900,2944,1350,1825,2470,2533,2495,2691,2935,2946,1,LEV,VA0152_20210426,18.90531209333206,0,Valsequillo,-98.19048269131663,2021-04-26,"{""type"":""MultiPoint"",""coordinates"":[]}"
2_472_0,3884,3854,2512,2370,3240,3094,3064,3355,2986,3402,1,LEV,VA0153_20210426,18.906854897088014,0,Valsequillo,-98.17778232639822,2021-04-26,"{""type"":""MultiPoint"",""coordinates"":[]}"
2_473_0,3664,2244,896,1300,1454,2151,3328,3767,3524,4211,1,LEV,VA0154_20210426,18.90604289688481,0,Valsequillo,-98.17911243218354,2021-04-26,"{""type"":""MultiPoint"",""coordinates"":[]}"
2_474_0,3941,2328,502,978,1456,2333,3416,4035,4353,4811,1,LEV,VA0155_20210426,18.911686216796767,0,Valsequillo,-98.17701000690991,2021-04-26,"{""type"":""MultiPoint"",""coordinates"":[]}"
2_475_0,3663,2460,524,872,1448,1939,2715,3109,2678,3607,1,LEV,VA0156_20210426,18.917248151526042,0,Valsequillo,-98.17932696537478,2021-04-26,"{""type"":""MultiPoint"",""coordinates"":[]}"
2_476_0,3863,2835,1710,2110,2068,3083,4401,4638,4704,4850,1,LEV,VA0157_20210426,18.903566271922884,0,Valsequillo,-98.16435254862974,2021-04-26,"{""type"":""MultiPoint"",""coordinates"":[]}"
2_477_0,3675,2302,772,1260,1719,2414,3731,4090,4415,4502,1,LEV,VA0158_20210426,18.903038461864043,0,Valsequillo,-98.17053110453598,2021-04-26,"{""type"":""MultiPoint"",""coordinates"":[]}"
2_478_0,4124,2543,569,1040,1490,2438,3215,3653,3720,4386,1,LEV,VA0159_20210426,18.9034038690052,0,Valsequillo,-98.18975327846657,2021-04-26,"{""type"":""MultiPoint"",""coordinates"":[]}"
2_479_0,4533,3040,860,1282,2036,2767,3141,3584,3540,4251,1,LEV,VA0160_20210426,18.899709160043873,0,Valsequillo,-98.18396088230443,2021-04-26,"{""type"":""MultiPoint"",""coordinates"":[]}"
2_480_0,3511,2843,2396,2734,3252,3349,3243,3350,3405,3371,1,LEV,VA0161_20210426,18.898328698399848,0,Valsequillo,-98.19018234484896,2021-04-26,"{""type"":""MultiPoint"",""coordinates"":[]}"
2_481_0,4216,2755,616,1017,1960,2368,2768,3175,3582,3801,1,LEV,VA0162_20210426,18.91257938666745,0,Valsequillo,-98.19400103565211,2021-04-26,"{""type"":""MultiPoint"",""coordinates"":[]}"
2_482_0,3987,2702,624,1050,1706,2095,2323,2667,2900,3333,1,LEV,VA0163_20210426,18.91862845703603,0,Valsequillo,-98.19618927420225,2021-04-26,"{""type"":""MultiPoint"",""coordinates"":[]}"
2_483_0,3430,2176,603,913,1324,1857,2258,2549,2733,3016,1,LEV,VA0164_20210426,18.920049347862196,0,Valsequillo,-98.18941002536066,2021-04-26,"{""type"":""MultiPoint"",""coordinates"":[]}"
2_484_0,4115,3533,1816,2346,2902,3190,3088,3359,3208,3478,1,LEV,VA0165_20210426,18.90750449441268,0,Valsequillo,-98.19949308534656,2021-04-26,"{""type"":""MultiPoint"",""coordinates"":[]}"
2_485_0,3058,2508,797,1115,1523,1817,1719,1788,1892,2014,1,LEV,VA0166_20210426,18.901170812902276,0,Valsequillo,-98.19777681981708,2021-04-26,"{""type"":""MultiPoint"",""coordinates"":[]}"
2_486_0,3790,2760,1124,1625,2158,2665,2679,2840,2932,3169,1,LEV,VA0167_20210426,18.906854897088014,0,Valsequillo,-98.15392623553794,2021-04-26,"{""type"":""MultiPoint"",""coordinates"":[]}"
2_487_0,2695,1968,492,787,1136,1159,1201,1334,1696,1602,1,LEV,VA0168_20210426,18.916192616093582,0,Valsequillo,-98.14487293486972,2021-04-26,"{""type"":""MultiPoint"",""coordinates"":[]}"
2_488_0,2724,1911,269,564,980,1113,1305,1466,1627,1751,1,LEV,VA0169_20210426,18.91749173567947,0,Valsequillo,-98.15465564838797,2021-04-26,"{""type"":""MultiPoint"",""coordinates"":[]}"
2_489_0,4601,3515,1676,2164,2731,3350,3420,3673,3524,3976,1,LEV,VA0170_20210426,18.89958735506274,0,Valsequillo,-98.15079405094657,2021-04-26,"{""type"":""MultiPoint"",""coordinates"":[]}"
2_490_0,4163,3295,2314,2666,3236,3354,3455,3612,3732,3844,1,LEV,VA0171_20210426,18.90669249736268,0,Valsequillo,-98.142942136149,2021-04-26,"{""type"":""MultiPoint"",""coordinates"":[]}"
2_491_0,3262,2401,540,842,1316,1787,1933,2141,2258,2495,1,LEV,VA0172_20210426,18.892319496723132,0,Valsequillo,-98.17250460965693,2021-04-26,"{""type"":""MultiPoint"",""coordinates"":[]}"
2_492_0,3705,3135,2264,2906,3332,3431,3349,3456,3667,3564,1,LEV,VA0173_20210426,18.894512068023197,0,Valsequillo,-98.16860010557727,2021-04-26,"{""type"":""MultiPoint"",""coordinates"":[]}"
2_493_0,2789,2179,1036,1258,1692,1745,1797,1907,1983,2151,1,LEV,VA0174_20210426,18.892400703579657,0,Valsequillo,-98.18014199126327,2021-04-26,"{""type"":""MultiPoint"",""coordinates"":[]}"
2_494_0,3748,2743,978,1340,1903,2237,2214,2351,2590,2851,1,LEV,VA0175_20210426,18.89337518278553,0,Valsequillo,-98.18623473389306,2021-04-26,"{""type"":""MultiPoint"",""coordinates"":[]}"
2_495_0,4821,3494,1632,2162,3055,3473,3584,3776,4004,4286,1,LEV,VA0176_20210426,18.894593273816156,0,Valsequillo,-98.19314270264935,2021-04-26,"{""type"":""MultiPoint"",""coordinates"":[]}"
2_496_0,4168,2593,221,623,1234,1975,2514,2980,3051,3748,1,LEV,VA0177_20210426,18.901373818540115,0,Valsequillo,-98.2046416816971,2021-04-26,"{""type"":""MultiPoint"",""coordinates"":[]}"
2_497_0,4080,2541,374,837,1586,2124,2572,3110,3516,3926,1,LEV,VA0178_20210426,18.900886602930257,0,Valsequillo,-98.20262506969993,2021-04-26,"{""type"":""MultiPoint"",""coordinates"":[]}"
2_498_0,2715,1648,205,756,654,1401,2593,3054,3736,3399,1,LEV,VA0179_20210426,18.890126896708345,0,Valsequillo,-98.20279669625288,2021-04-26,"{""type"":""MultiPoint"",""coordinates"":[]}"
2_499_0,2868,1728,228,728,654,1848,3448,3840,3625,4114,1,LEV,VA0180_20210426,18.890329916434464,0,Valsequillo,-98.20039392451156,2021-04-26,"{""type"":""MultiPoint"",""coordinates"":[]}"
2_500_0,3774,3170,2208,2398,2994,3324,3188,3352,3308,3551,1,LEV,VA0181_20210426,18.9068142964776,0,Valsequillo,-98.19146934375807,2021-04-26,"{""type"":""MultiPoint"",""coordinates"":[]}"
2_501_0,3724,2845,962,1381,2010,2139,2303,2476,2701,2785,1,LEV,VA0182_20210426,18.910630645560268,0,Valsequillo,-98.1737059955276,2021-04-26,"{""type"":""MultiPoint"",""coordinates"":[]}"
2_502_0,3989,3059,1974,2262,2953,3017,2985,2988,3139,3194,1,LEV,VA0183_20210426,18.927316001440246,0,Valsequillo,-98.18662190353325,2021-04-26,"{""type"":""MultiPoint"",""coordinates"":[]}"
2_503_0,3423,2723,1008,1311,1724,2067,2012,2230,2165,2496,1,LEV,VA0184_20210426,18.92536743281204,0,Valsequillo,-98.18559214421555,2021-04-26,"{""type"":""MultiPoint"",""coordinates"":[]}"
2_504_0,2964,2265,772,1110,1582,1869,1998,2035,1970,2354,1,LEV,VA0185_20210426,18.933973440615514,0,Valsequillo,-98.19567582232746,2021-04-26,"{""type"":""MultiPoint"",""coordinates"":[]}"
2_505_0,2741,2442,480,670,1048,1055,1103,1267,1452,1489,1,LEV,VA0186_20210426,18.935962501711618,0,Valsequillo,-98.18653670838277,2021-04-26,"{""type"":""MultiPoint"",""coordinates"":[]}"
2_506_0,4017,3114,1820,2282,2844,3549,3527,3574,3340,3679,1,LEV,VA0187_20210426,18.933486320001432,0,Valsequillo,-98.1828038308561,2021-04-26,"{""type"":""MultiPoint"",""coordinates"":[]}"
2_507_0,3128,2232,834,1079,1427,1367,1435,1564,1888,1841,1,LEV,VA0188_20210426,18.93198435583172,0,Valsequillo,-98.19031249254773,2021-04-26,"{""type"":""MultiPoint"",""coordinates"":[]}"
2_508_0,2775,1863,622,1030,1396,1722,1956,2069,2161,2446,1,LEV,VA0189_20210426,18.928655630353248,0,Valsequillo,-98.1915567850566,2021-04-26,"{""type"":""MultiPoint"",""coordinates"":[]}"
2_509_0,3559,2791,749,1078,1608,1814,1655,1711,1838,2046,1,LEV,VA0190_20210426,18.923459438509404,0,Valsequillo,-98.20215472470142,2021-04-26,"{""type"":""MultiPoint"",""coordinates"":[]}"
2_510_0,3305,2399,892,1236,1758,1930,1797,1915,1929,2155,1,LEV,VA0191_20210426,18.92358122610485,0,Valsequillo,-98.20035264589538,2021-04-26,"{""type"":""MultiPoint"",""coordinates"":[]}"
2_511_0,3646,2800,673,962,1628,1927,1797,1894,2092,2144,1,LEV,VA0192_20210426,18.919399801212993,0,Valsequillo,-98.20099624546897,2021-04-26,"{""type"":""MultiPoint"",""coordinates"":[]}"
2_512_0,3878,2899,1195,1594,2346,2436,2313,2392,2521,2607,1,LEV,VA0193_20210426,18.917775918687393,0,Valsequillo,-98.19859347372766,2021-04-26,"{""type"":""MultiPoint"",""coordinates"":[]}"
2_513_0,3774,2703,914,1332,1978,2116,2312,2515,2829,2843,1,LEV,VA0194_20210426,18.931821980517952,0,Valsequillo,-98.17267786423194,2021-04-26,"{""type"":""MultiPoint"",""coordinates"":[]}"
2_514_0,2937,1852,536,897,1324,1561,2109,2387,2535,2694,1,LEV,VA0195_20210426,18.935556572799605,0,Valsequillo,-98.1713906650848,2021-04-26,"{""type"":""MultiPoint"",""coordinates"":[]}"
2_515_0,4494,3406,1714,2082,2736,3383,3500,3605,3221,3776,1,LEV,VA0196_20210426,18.9401029202528,0,Valsequillo,-98.17263495759369,2021-04-26,"{""type"":""MultiPoint"",""coordinates"":[]}"
2_516_0,2378,1701,134,336,616,1048,1238,1342,1309,1548,1,LEV,VA0197_20210426,18.92869622496589,0,Valsequillo,-98.16804394730224,2021-04-26,"{""type"":""MultiPoint"",""coordinates"":[]}"
2_517_0,2581,2304,416,685,1028,1305,1250,1290,1406,1605,1,LEV,VA0198_20210426,18.93466352572019,0,Valsequillo,-98.16787232074931,2021-04-26,"{""type"":""MultiPoint"",""coordinates"":[]}"
2_518_0,2960,2113,300,562,945,1297,1549,1686,1771,1996,1,LEV,VA0199_20210426,18.921713806265966,0,Valsequillo,-98.16869214364402,2021-04-26,"{""type"":""MultiPoint"",""coordinates"":[]}"
2_519_0,2285,1591,215,491,713,935,1270,1474,1564,1706,1,LEV,VA0200_20210426,18.922850498911252,0,Valsequillo,-98.16191289480243,2021-04-26,"{""type"":""MultiPoint"",""coordinates"":[]}"
2_520_0,2621,1913,456,710,938,1127,1367,1608,1730,1803,1,LEV,VA0201_20210426,18.915949031701878,0,Valsequillo,-98.16405822671433,2021-04-26,"{""type"":""MultiPoint"",""coordinates"":[]}"
2_521_0,3632,2707,1522,1764,2248,2282,2534,2730,3012,3029,1,LEV,VA0202_20210426,18.91611142243875,0,Valsequillo,-98.1729828074678,2021-04-26,"{""type"":""MultiPoint"",""coordinates"":[]}"
2_522_0,3035,2254,531,800,1304,1543,1611,1764,1889,2035,1,LEV,VA0203_20210426,18.91935920405238,0,Valsequillo,-98.14595162537793,2021-04-26,"{""type"":""MultiPoint"",""coordinates"":[]}"
2_523_0,3832,2948,1706,2183,2897,3017,3142,3414,3672,3679,1,LEV,VA0204_20210426,18.902876060088634,0,Valsequillo,-98.15436132647257,2021-04-26,"{""type"":""MultiPoint"",""coordinates"":[]}"
2_524_0,3637,2769,1720,2082,2712,2824,3162,3256,3464,3605,1,LEV,VA0205_20210426,18.90799169240528,0,Valsequillo,-98.17306862074429,2021-04-26,"{""type"":""MultiPoint"",""coordinates"":[]}"
2_525_0,3600,2876,1162,1544,2122,2531,2528,2664,2708,2882,1,LEV,VA0206_20210426,18.913837937770023,0,Valsequillo,-98.20250257457549,2021-04-26,"{""type"":""MultiPoint"",""coordinates"":[]}"
2_526_0,3917,2733,404,664,1125,1664,1934,2249,2174,2536,1,LEV,VA0207_20210426,18.92276930683582,0,Valsequillo,-98.21408736689972,2021-04-26,"{""type"":""MultiPoint"",""coordinates"":[]}"
2_527_0,4266,3290,1244,1636,2294,3016,2940,3126,2979,3428,1,LEV,VA0208_20210426,18.897516658474288,0,Valsequillo,-98.21039739601127,2021-04-26,"{""type"":""MultiPoint"",""coordinates"":[]}"
2_528_0,2055,1121,0,384,68,851,3374,3986,3695,4139,1,LEV,VA0209_20210426,18.89362895074067,0,Valsequillo,-98.21280639014518,2021-04-26,"{""type"":""MultiPoint"",""coordinates"":[]}"
2_529_0,2156,1159,0,287,0,823,3470,4034,3283,4294,1,LEV,VA0210_20210426,18.893288899260916,0,Valsequillo,-98.20973320218141,2021-04-26,"{""type"":""MultiPoint"",""coordinates"":[]}"
2_530_0,2086,1195,0,658,305,1159,2848,3198,2921,3299,1,LEV,VA0211_20210426,18.894491764828334,0,Valsequillo,-98.20934704243726,2021-04-26,"{""type"":""MultiPoint"",""coordinates"":[]}"
2_531_0,2421,1264,0,436,54,833,4091,5205,5060,5149,1,LEV,VA0212_20210426,18.894968848355706,0,Valsequillo,-98.21196971069955,2021-04-26,"{""type"":""MultiPoint"",""coordinates"":[]}"
2_532_0,2236,1449,0,378,214,797,2362,2832,2502,2922,1,LEV,VA0213_20210426,18.893679704633648,0,Valsequillo,-98.21054306497814,2021-04-26,"{""type"":""MultiPoint"",""coordinates"":[]}"
2_533_0,2699,1990,148,451,785,879,1067,1219,1382,1525,1,LEV,VA0214_20210426,18.892542814298046,0,Valsequillo,-98.2040228263108,2021-04-26,"{""type"":""MultiPoint"",""coordinates"":[]}"
2_534_0,4099,3186,1200,1519,2084,2399,2531,2723,2834,3077,1,LEV,VA0215_20210426,18.898227191534385,0,Valsequillo,-98.19932454507074,2021-04-26,"{""type"":""MultiPoint"",""coordinates"":[]}"
2_535_0,3654,2838,1488,1866,2508,2896,2939,3065,3156,3371,1,LEV,VA0216_20210426,18.896603103449156,0,Valsequillo,-98.20337922238424,2021-04-26,"{""type"":""MultiPoint"",""coordinates"":[]}"
2_536_0,3214,2555,952,1330,1890,1990,2060,2239,2482,2556,1,LEV,VA0217_20210426,18.89863321109327,0,Valsequillo,-98.21356954896574,2021-04-26,"{""type"":""MultiPoint"",""coordinates"":[]}"
2_537_0,4603,3536,2062,2485,3188,3783,3842,3979,3804,4168,1,LEV,VA0218_20210426,18.889213303287633,0,Valsequillo,-98.18737204710438,2021-04-26,"{""type"":""MultiPoint"",""coordinates"":[]}"
2_538_0,3458,2738,1398,1746,2252,2617,2767,2879,2680,3083,1,LEV,VA0219_20210426,18.885437070913486,0,Valsequillo,-98.1982703332168,2021-04-26,"{""type"":""MultiPoint"",""coordinates"":[]}"
2_539_0,3476,2815,1118,1528,2153,2575,3065,3335,2761,3484,1,LEV,VA0220_20210426,18.88687854600761,0,Valsequillo,-98.19981497219335,2021-04-26,"{""type"":""MultiPoint"",""coordinates"":[]}"
2_540_0,2514,2055,531,801,1152,1371,1586,1731,1620,1902,1,LEV,VA0221_20210426,18.888340310897448,0,Valsequillo,-98.18155819762313,2021-04-26,"{""type"":""MultiPoint"",""coordinates"":[]}"
2_541_0,2839,2190,820,1094,1389,1593,2178,2107,2326,2373,1,LEV,VA0222_20210426,18.88478738794198,0,Valsequillo,-98.18361771625858,2021-04-26,"{""type"":""MultiPoint"",""coordinates"":[]}"
2_542_0,3851,3208,1560,2070,2646,2806,2925,2948,3188,3145,1,LEV,VA0223_20210426,18.89028931362986,0,Valsequillo,-98.16423857667968,2021-04-26,"{""type"":""MultiPoint"",""coordinates"":[]}"
2_543_0,3454,2668,1096,1526,2042,2226,2445,2692,2756,2828,1,LEV,VA0224_20210426,18.904662487921026,0,Valsequillo,-98.20173897849958,2021-04-26,"{""type"":""MultiPoint"",""coordinates"":[]}"
2_544_0,3467,2989,2478,2676,3100,3275,3530,3496,3140,3489,1,LEV,VA0225_20210426,18.912376393404017,0,Valsequillo,-98.17321097598978,2021-04-26,"{""type"":""MultiPoint"",""coordinates"":[]}"
2_545_0,100,117,157,325,236,416,0,0,0,0,2,open_water,VA0226_20210426,18.92008994511059,0,Valsequillo,-98.18477515947691,2021-04-26,"{""type"":""MultiPoint"",""coordinates"":[]}"
2_546_0,149,171,280,354,268,439,0,0,0,0,2,open_water,VA0227_20210426,18.91903442762105,0,Valsequillo,-98.18820769053598,2021-04-26,"{""type"":""MultiPoint"",""coordinates"":[]}"
2_547_0,114,145,316,369,276,416,0,0,0,0,2,open_water,VA0228_20210426,18.916314409528717,0,Valsequillo,-98.18704921130355,2021-04-26,"{""type"":""MultiPoint"",""coordinates"":[]}"
2_548_0,83,117,204,412,300,517,13,0,0,0,2,open_water,VA0229_20210426,18.916842177693507,0,Valsequillo,-98.18112809522671,2021-04-26,"{""type"":""MultiPoint"",""coordinates"":[]}"
2_549_0,66,82,184,363,277,467,0,0,0,0,2,open_water,VA0230_20210426,18.9125793872126,0,Valsequillo,-98.1824582010121,2021-04-26,"{""type"":""MultiPoint"",""coordinates"":[]}"
2_550_0,179,176,366,516,395,593,71,0,0,0,2,open_water,VA0231_20210426,18.91557350052788,0,Valsequillo,-98.18934282942368,2021-04-26,"{""type"":""MultiPoint"",""coordinates"":[]}"
2_551_0,276,189,334,440,346,572,146,0,0,0,2,open_water,VA0232_20210426,18.91751203400648,0,Valsequillo,-98.18996497567815,2021-04-26,"{""type"":""MultiPoint"",""coordinates"":[]}"
2_552_0,195,163,436,588,421,617,86,9,0,0,2,open_water,VA0233_20210426,18.919095322515933,0,Valsequillo,-98.19080226672031,2021-04-26,"{""type"":""MultiPoint"",""coordinates"":[]}"
2_553_0,320,186,316,517,360,613,268,161,44,188,2,open_water,VA0234_20210426,18.918384874557926,0,Valsequillo,-98.19250780559027,2021-04-26,"{""type"":""MultiPoint"",""coordinates"":[]}"
2_554_0,208,220,319,414,322,529,0,0,0,0,2,open_water,VA0235_20210426,18.92102366603865,0,Valsequillo,-98.1872839223848,2021-04-26,"{""type"":""MultiPoint"",""coordinates"":[]}"
2_555_0,75,91,128,426,280,544,3,0,0,0,2,open_water,VA0236_20210426,18.92037412123142,0,Valsequillo,-98.18182405266903,2021-04-26,"{""type"":""MultiPoint"",""coordinates"":[]}"
2_556_0,56,88,126,316,212,446,0,0,0,0,2,open_water,VA0237_20210426,18.920993218682206,0,Valsequillo,-98.18323997173086,2021-04-26,"{""type"":""MultiPoint"",""coordinates"":[]}"
2_557_0,75,106,130,352,214,468,27,0,0,0,2,open_water,VA0238_20210426,18.92359137344705,0,Valsequillo,-98.1815556445885,2021-04-26,"{""type"":""MultiPoint"",""coordinates"":[]}"
2_558_0,177,161,269,363,306,487,0,0,0,0,2,open_water,VA0239_20210426,18.922393791639696,0,Valsequillo,-98.18569614170801,2021-04-26,"{""type"":""MultiPoint"",""coordinates"":[]}"
2_559_0,85,112,528,858,621,918,271,234,97,0,2,open_water,VA0240_20210426,18.925966213912666,0,Valsequillo,-98.1777149519882,2021-04-26,"{""type"":""MultiPoint"",""coordinates"":[]}"
2_560_0,59,102,688,966,668,923,199,143,0,0,2,open_water,VA0241_20210426,18.928269980149263,0,Valsequillo,-98.17958347366215,2021-04-26,"{""type"":""MultiPoint"",""coordinates"":[]}"
2_561_0,87,132,514,656,429,547,68,5,0,0,2,open_water,VA0242_20210426,18.93058386266848,0,Valsequillo,-98.17911150064151,2021-04-26,"{""type"":""MultiPoint"",""coordinates"":[]}"
2_562_0,79,98,532,746,508,674,145,76,0,0,2,open_water,VA0243_20210426,18.930056137897424,0,Valsequillo,-98.17675163553847,2021-04-26,"{""type"":""MultiPoint"",""coordinates"":[]}"
2_563_0,147,142,475,648,429,588,158,131,47,0,2,open_water,VA0244_20210426,18.929650194631495,0,Valsequillo,-98.17426305052066,2021-04-26,"{""type"":""MultiPoint"",""coordinates"":[]}"
2_564_0,51,106,646,954,702,960,242,204,27,0,2,open_water,VA0245_20210426,18.929081872402065,0,Valsequillo,-98.1769232620914,2021-04-26,"{""type"":""MultiPoint"",""coordinates"":[]}"
2_565_0,29,100,700,1048,723,985,235,175,27,0,2,open_water,VA0246_20210426,18.92818879070699,0,Valsequillo,-98.17782430149441,2021-04-26,"{""type"":""MultiPoint"",""coordinates"":[]}"
2_566_0,70,110,244,403,305,507,0,0,0,0,2,open_water,VA0247_20210426,18.916517397321467,0,Valsequillo,-98.18398106019451,2021-04-26,"{""type"":""MultiPoint"",""coordinates"":[]}"
2_567_0,98,123,150,328,232,400,0,0,0,0,2,open_water,VA0248_20210426,18.909879562208115,0,Valsequillo,-98.18376609605632,2021-04-26,"{""type"":""MultiPoint"",""coordinates"":[]}"
2_568_0,90,103,182,326,228,400,0,0,0,0,2,open_water,VA0249_20210426,18.908560083735722,0,Valsequillo,-98.18280069669596,2021-04-26,"{""type"":""MultiPoint"",""coordinates"":[]}"
2_569_0,122,137,221,382,283,456,0,0,0,0,2,open_water,VA0250_20210426,18.905454193323624,0,Valsequillo,-98.18301522988713,2021-04-26,"{""type"":""MultiPoint"",""coordinates"":[]}"
2_570_0,172,133,266,468,322,508,85,49,0,0,2,open_water,VA0251_20210426,18.9043579829399,0,Valsequillo,-98.18192111061207,2021-04-26,"{""type"":""MultiPoint"",""coordinates"":[]}"
2_571_0,191,170,37,58,63,105,0,0,0,0,2,open_water,VA0252_20210426,18.903850475700235,0,Valsequillo,-98.17763044678827,2021-04-26,"{""type"":""MultiPoint"",""coordinates"":[]}"
2_572_0,151,157,23,102,90,134,0,0,0,0,2,open_water,VA0253_20210426,18.902896357922128,0,Valsequillo,-98.17636470096028,2021-04-26,"{""type"":""MultiPoint"",""coordinates"":[]}"
2_573_0,108,120,0,0,0,0,0,0,0,0,2,open_water,VA0254_20210426,18.902957259219438,0,Valsequillo,-98.17430518232484,2021-04-26,"{""type"":""MultiPoint"",""coordinates"":[]}"
2_574_0,161,159,0,0,0,36,0,0,0,0,2,open_water,VA0255_20210426,18.9041346799441,0,Valsequillo,-98.17252455683797,2021-04-26,"{""type"":""MultiPoint"",""coordinates"":[]}"
2_575_0,219,184,0,43,54,97,0,0,0,0,2,open_water,VA0256_20210426,18.905271492091806,0,Valsequillo,-98.17333978296449,2021-04-26,"{""type"":""MultiPoint"",""coordinates"":[]}"
2_576_0,134,130,173,343,248,449,55,21,0,0,2,open_water,VA0257_20210426,18.902591851102944,0,Valsequillo,-98.17988304529578,2021-04-26,"{""type"":""MultiPoint"",""coordinates"":[]}"
2_577_0,135,130,0,0,0,25,0,0,0,0,2,open_water,VA0258_20210426,18.899688857487043,0,Valsequillo,-98.18097746928086,2021-04-26,"{""type"":""MultiPoint"",""coordinates"":[]}"
2_578_0,175,146,0,0,0,0,0,0,0,0,2,open_water,VA0259_20210426,18.899688857487043,0,Valsequillo,-98.1819428686412,2021-04-26,"{""type"":""MultiPoint"",""coordinates"":[]}"
2_579_0,137,155,0,0,0,0,0,0,0,0,2,open_water,VA0260_20210426,18.901211412455538,0,Valsequillo,-98.18960170356668,2021-04-26,"{""type"":""MultiPoint"",""coordinates"":[]}"
2_580_0,77,108,0,0,0,0,0,0,0,0,2,open_water,VA0261_20210426,18.896420392703988,0,Valsequillo,-98.18872211748278,2021-04-26,"{""type"":""MultiPoint"",""coordinates"":[]}"
2_581_0,55,95,0,0,0,0,0,0,0,0,2,open_water,VA0262_20210426,18.89477598566734,0,Valsequillo,-98.18897955731224,2021-04-26,"{""type"":""MultiPoint"",""coordinates"":[]}"
2_582_0,172,184,0,0,0,0,0,0,0,0,2,open_water,VA0263_20210426,18.897415149612275,0,Valsequillo,-98.18580446608263,2021-04-26,"{""type"":""MultiPoint"",""coordinates"":[]}"
2_583_0,49,97,0,0,0,0,0,0,0,0,2,open_water,VA0264_20210426,18.894410559687657,0,Valsequillo,-98.17576431273497,2021-04-26,"{""type"":""MultiPoint"",""coordinates"":[]}"
2_584_0,47,93,0,0,0,0,0,0,0,0,2,open_water,VA0265_20210426,18.897496353996846,0,Valsequillo,-98.17336154099362,2021-04-26,"{""type"":""MultiPoint"",""coordinates"":[]}"
2_585_0,106,134,0,0,0,0,0,0,0,0,2,open_water,VA0266_20210426,18.895019602543968,0,Valsequillo,-98.17782383137038,2021-04-26,"{""type"":""MultiPoint"",""coordinates"":[]}"
2_586_0,218,302,0,0,0,0,0,0,0,0,2,open_water,VA0267_20210426,18.89252251182133,0,Valsequillo,-98.17763035972828,2021-04-26,"{""type"":""MultiPoint"",""coordinates"":[]}"
2_587_0,47,99,0,0,0,0,0,0,0,0,2,open_water,VA0268_20210426,18.891243500186395,0,Valsequillo,-98.19037363128494,2021-04-26,"{""type"":""MultiPoint"",""coordinates"":[]}"
2_588_0,33,103,0,0,0,0,0,0,0,0,2,open_water,VA0269_20210426,18.888827562663064,0,Valsequillo,-98.1926047764733,2021-04-26,"{""type"":""MultiPoint"",""coordinates"":[]}"
2_589_0,93,134,0,0,0,0,0,0,0,0,2,open_water,VA0270_20210426,18.895750450943595,0,Valsequillo,-98.1866627686144,2021-04-26,"{""type"":""MultiPoint"",""coordinates"":[]}"
2_590_0,191,208,0,0,0,0,0,0,0,0,2,open_water,VA0271_20210426,18.895791053544606,0,Valsequillo,-98.19103924571465,2021-04-26,"{""type"":""MultiPoint"",""coordinates"":[]}"
2_591_0,173,169,5,12,16,28,0,0,0,0,2,open_water,VA0272_20210426,18.896359488924816,0,Valsequillo,-98.18243646474797,2021-04-26,"{""type"":""MultiPoint"",""coordinates"":[]}"
2_592_0,50,96,0,0,0,0,0,0,0,0,2,open_water,VA0273_20210426,18.896623404695152,0,Valsequillo,-98.17501361633279,2021-04-26,"{""type"":""MultiPoint"",""coordinates"":[]}"
2_593_0,179,188,39,42,52,41,0,0,0,0,2,open_water,VA0274_20210426,18.907423293689895,0,Valsequillo,-98.17057206973614,2021-04-26,"{""type"":""MultiPoint"",""coordinates"":[]}"
2_594_0,105,130,0,0,0,0,0,0,0,0,2,open_water,VA0275_20210426,18.906347396227716,0,Valsequillo,-98.1671395386771,2021-04-26,"{""type"":""MultiPoint"",""coordinates"":[]}"
2_595_0,119,133,0,0,0,10,0,0,0,0,2,open_water,VA0276_20210426,18.905393292689283,0,Valsequillo,-98.16861981769631,2021-04-26,"{""type"":""MultiPoint"",""coordinates"":[]}"
2_596_0,159,206,0,23,3,14,0,0,0,0,2,open_water,VA0277_20210426,18.915888133190695,0,Valsequillo,-98.1699477034516,2021-04-26,"{""type"":""MultiPoint"",""coordinates"":[]}"
2_597_0,110,155,0,0,0,0,0,0,0,0,2,open_water,VA0278_20210426,18.915502454418018,0,Valsequillo,-98.16763074498677,2021-04-26,"{""type"":""MultiPoint"",""coordinates"":[]}"
2_598_0,143,142,50,72,75,76,0,0,0,0,2,open_water,VA0279_20210426,18.9133913548478,0,Valsequillo,-98.16220305524966,2021-04-26,"{""type"":""MultiPoint"",""coordinates"":[]}"
2_599_0,121,148,0,10,0,20,0,0,0,0,2,open_water,VA0280_20210426,18.910711843934962,0,Valsequillo,-98.16623627924402,2021-04-26,"{""type"":""MultiPoint"",""coordinates"":[]}"
2_600_0,161,170,0,0,0,0,0,0,0,0,2,open_water,VA0281_20210426,18.91239669292862,0,Valsequillo,-98.16971171694128,2021-04-26,"{""type"":""MultiPoint"",""coordinates"":[]}"
2_601_0,104,116,2,36,25,33,0,0,0,0,2,open_water,VA0282_20210426,18.91201100610288,0,Valsequillo,-98.15990755010392,2021-04-26,"{""type"":""MultiPoint"",""coordinates"":[]}"
2_602_0,106,124,6,39,29,30,0,0,0,0,2,open_water,VA0283_20210426,18.91554305222545,0,Valsequillo,-98.15872761755239,2021-04-26,"{""type"":""MultiPoint"",""coordinates"":[]}"
2_603_0,136,176,0,0,0,0,0,0,0,0,2,open_water,VA0284_20210426,18.920029049769887,0,Valsequillo,-98.17142867024485,2021-04-26,"{""type"":""MultiPoint"",""coordinates"":[]}"
2_604_0,124,152,0,0,0,0,0,0,0,0,2,open_water,VA0285_20210426,18.918770546925156,0,Valsequillo,-98.16977676467268,2021-04-26,"{""type"":""MultiPoint"",""coordinates"":[]}"
2_605_0,185,207,0,0,0,0,0,0,0,0,2,open_water,VA0286_20210426,18.92390599139709,0,Valsequillo,-98.17250138408379,2021-04-26,"{""type"":""MultiPoint"",""coordinates"":[]}"
2_606_0,132,148,0,0,0,0,0,0,0,0,2,open_water,VA0287_20210426,18.922546027519658,0,Valsequillo,-98.17226539757347,2021-04-26,"{""type"":""MultiPoint"",""coordinates"":[]}"
2_607_0,124,166,0,0,0,0,0,0,0,0,2,open_water,VA0288_20210426,18.921429630991398,0,Valsequillo,-98.17089238514986,2021-04-26,"{""type"":""MultiPoint"",""coordinates"":[]}"
2_608_0,102,133,0,0,0,0,0,0,0,0,2,open_water,VA0289_20210426,18.91458900113884,0,Valsequillo,-98.16741453589049,2021-04-26,"{""type"":""MultiPoint"",""coordinates"":[]}"
2_609_0,90,130,0,0,0,0,0,0,0,0,2,open_water,VA0290_20210426,18.913959730425272,0,Valsequillo,-98.15492870416324,2021-04-26,"{""type"":""MultiPoint"",""coordinates"":[]}"
2_610_0,89,111,0,0,0,0,0,0,0,0,2,open_water,VA0291_20210426,18.905738394928953,0,Valsequillo,-98.15973345104685,2021-04-26,"{""type"":""MultiPoint"",""coordinates"":[]}"
2_611_0,99,128,0,0,0,0,0,0,0,0,2,open_water,VA0292_20210426,18.90443918404116,0,Valsequillo,-98.16271546240439,2021-04-26,"{""type"":""MultiPoint"",""coordinates"":[]}"
2_612_0,137,124,3,27,8,37,0,0,0,0,2,open_water,VA0293_20210426,18.907666892486215,0,Valsequillo,-98.16548294057077,2021-04-26,"{""type"":""MultiPoint"",""coordinates"":[]}"
2_613_0,158,164,0,14,0,34,0,0,0,0,2,open_water,VA0294_20210426,18.908052589329724,0,Valsequillo,-98.16271546240439,2021-04-26,"{""type"":""MultiPoint"",""coordinates"":[]}"
2_614_0,84,146,0,0,0,0,0,0,0,0,2,open_water,VA0295_20210426,18.910549447380628,0,Valsequillo,-98.14675419297988,2021-04-26,"{""type"":""MultiPoint"",""coordinates"":[]}"
2_615_0,80,128,0,0,0,0,0,0,0,0,2,open_water,VA0296_20210426,18.911483222115596,0,Valsequillo,-98.1545632011392,2021-04-26,"{""type"":""MultiPoint"",""coordinates"":[]}"
2_616_0,241,183,9,58,68,118,0,0,0,0,2,open_water,VA0297_20210426,18.90450008448716,0,Valsequillo,-98.18741174340498,2021-04-26,"{""type"":""MultiPoint"",""coordinates"":[]}"
2_617_0,522,336,174,262,222,353,155,320,50,334,2,open_water,VA0298_20210426,18.906387996299525,0,Valsequillo,-98.1860816376196,2021-04-26,"{""type"":""MultiPoint"",""coordinates"":[]}"
2_618_0,120,128,89,274,190,374,0,0,0,0,2,open_water,VA0299_20210426,18.90623574613671,0,Valsequillo,-98.18080412111634,2021-04-26,"{""type"":""MultiPoint"",""coordinates"":[]}"
2_619_0,196,159,0,0,0,18,0,0,0,0,2,open_water,VA0300_20210426,18.902602000918865,0,Valsequillo,-98.18596321994693,2021-04-26,"{""type"":""MultiPoint"",""coordinates"":[]}"
3_620_0,2258,1250,432,752,608,1337,3134,3709,3808,3969,1,LEV,VA0001_20220106,18.947632536809547,0,Valsequillo,-98.17666344987687,2022-01-06,"{""type"":""MultiPoint"",""coordinates"":[]}"
3_621_0,2415,1371,488,807,751,1327,2787,3246,3318,3477,1,LEV,VA0002_20220106,18.94771371679874,0,Valsequillo,-98.17799355566224,2022-01-06,"{""type"":""MultiPoint"",""coordinates"":[]}"
3_622_0,2734,1796,565,813,1048,1248,1667,1908,2160,2267,1,LEV,VA0003_20220106,18.945501547970835,0,Valsequillo,-98.18078248714771,2022-01-06,"{""type"":""MultiPoint"",""coordinates"":[]}"
3_623_0,3760,2606,703,1024,1402,1699,2029,2327,2552,2829,1,LEV,VA0004_20220106,18.948058731312276,0,Valsequillo,-98.18039632740356,2022-01-06,"{""type"":""MultiPoint"",""coordinates"":[]}"
3_624_0,2131,1156,343,660,394,1134,3047,4084,4104,4375,1,LEV,VA0005_20220106,18.95189443327807,0,Valsequillo,-98.18138298855102,2022-01-06,"{""type"":""MultiPoint"",""coordinates"":[]}"
3_625_0,2212,1216,339,668,363,1137,3501,4529,4556,4785,1,LEV,VA0006_20220106,18.95242208902552,0,Valsequillo,-98.18121136199807,2022-01-06,"{""type"":""MultiPoint"",""coordinates"":[]}"
3_626_0,2984,2231,775,954,1280,1548,1798,1996,2123,2282,1,LEV,VA0007_20220106,18.951305892206577,0,Valsequillo,-98.17923765663913,2022-01-06,"{""type"":""MultiPoint"",""coordinates"":[]}"
3_627_0,1966,1053,318,571,320,1063,3305,4398,4839,4900,1,LEV,VA0008_20220106,18.95390357508878,0,Valsequillo,-98.1848584262483,2022-01-06,"{""type"":""MultiPoint"",""coordinates"":[]}"
3_628_0,1814,904,278,517,280,953,3095,4102,4416,4303,1,LEV,VA0009_20220106,18.95566916458507,0,Valsequillo,-98.18663905173518,2022-01-06,"{""type"":""MultiPoint"",""coordinates"":[]}"
3_629_0,2037,1063,338,612,491,1060,3245,4278,3999,4624,1,LEV,VA0010_20220106,18.954268871000394,0,Valsequillo,-98.18713247807493,2022-01-06,"{""type"":""MultiPoint"",""coordinates"":[]}"
3_630_0,2337,1357,355,639,490,1142,3004,3681,4070,4015,1,LEV,VA0011_20220106,18.955425636110316,0,Valsequillo,-98.17870132366116,2022-01-06,"{""type"":""MultiPoint"",""coordinates"":[]}"
3_631_0,2868,2421,1078,1378,1720,1983,2200,2305,2496,2441,1,LEV,VA0012_20220106,18.950352045371893,0,Valsequillo,-98.17732831123753,2022-01-06,"{""type"":""MultiPoint"",""coordinates"":[]}"
3_632_0,1610,830,286,447,336,783,2515,3324,3586,3892,3,floating_plants,VA0013_20220106,18.93862131226355,1,Valsequillo,-98.1781863743543,2022-01-06,"{""type"":""MultiPoint"",""coordinates"":[]}"
3_633_0,1246,619,300,458,355,788,2209,2870,2876,3145,3,floating_plants,VA0014_20220106,18.90267305344832,1,Valsequillo,-98.18254499806662,2022-01-06,"{""type"":""MultiPoint"",""coordinates"":[]}"
3_634_0,1205,577,304,438,299,738,2323,2878,3108,3296,3,floating_plants,VA0015_20220106,18.902348245721363,1,Valsequillo,-98.18872355397288,2022-01-06,"{""type"":""MultiPoint"",""coordinates"":[]}"
3_635_0,1400,678,269,446,320,807,2666,3353,3552,3821,3,floating_plants,VA0016_20220106,18.900561791952885,1,Valsequillo,-98.19228480494662,2022-01-06,"{""type"":""MultiPoint"",""coordinates"":[]}"
3_636_0,1237,620,300,456,328,761,2249,2932,3068,3342,3,floating_plants,VA0017_20220106,18.909859263090873,1,Valsequillo,-98.18438998351084,2022-01-06,"{""type"":""MultiPoint"",""coordinates"":[]}"
3_637_0,1218,585,232,379,248,696,2388,3035,3218,3395,3,floating_plants,VA0018_20220106,18.88683794154831,1,Valsequillo,-98.19129823956517,2022-01-06,"{""type"":""MultiPoint"",""coordinates"":[]}"
3_638_0,1345,643,232,439,296,756,2490,3198,3426,3633,3,floating_plants,VA0019_20220106,18.887000360538877,1,Valsequillo,-98.19597506313309,2022-01-06,"{""type"":""MultiPoint"",""coordinates"":[]}"
3_639_0,1360,662,230,424,251,743,2615,3328,3532,3708,3,floating_plants,VA0020_20220106,18.8856197940983,1,Valsequillo,-98.19344357147703,2022-01-06,"{""type"":""MultiPoint"",""coordinates"":[]}"
3_640_0,1004,510,242,414,268,681,1971,2397,2632,2621,3,floating_plants,VA0021_20220106,18.89085776526634,1,Valsequillo,-98.18945325412092,2022-01-06,"{""type"":""MultiPoint"",""coordinates"":[]}"
3_641_0,1023,506,271,407,285,705,2024,2531,2685,2776,3,floating_plants,VA0022_20220106,18.8919540640774,1,Valsequillo,-98.18782280186788,2022-01-06,"{""type"":""MultiPoint"",""coordinates"":[]}"
3_642_0,1326,626,272,442,315,842,2622,3304,3045,3572,3,floating_plants,VA0023_20220106,18.89589255984206,1,Valsequillo,-98.18421864425588,2022-01-06,"{""type"":""MultiPoint"",""coordinates"":[]}"
3_643_0,861,434,305,470,300,719,1783,2204,2372,2377,3,floating_plants,VA0024_20220106,18.896867018720986,1,Valsequillo,-98.17816880826436,2022-01-06,"{""type"":""MultiPoint"",""coordinates"":[]}"
3_644_0,1272,594,307,440,286,794,2331,2923,2678,3249,3,floating_plants,VA0025_20220106,18.89804448229717,1,Valsequillo,-98.18336051149112,2022-01-06,"{""type"":""MultiPoint"",""coordinates"":[]}"
3_645_0,712,386,283,413,268,635,1623,1990,2353,2144,3,floating_plants,VA0026_20220106,18.893537593814646,1,Valsequillo,-98.18792817055537,2022-01-06,"{""type"":""MultiPoint"",""coordinates"":[]}"
3_646_0,771,390,279,421,273,617,1696,1752,2046,1930,3,floating_plants,VA0027_20220106,18.893639101640588,1,Valsequillo,-98.18874339668191,2022-01-06,"{""type"":""MultiPoint"",""coordinates"":[]}"
3_647_0,546,272,263,395,240,551,1098,1584,1656,1699,3,floating_plants,VA0028_20220106,18.89219768474409,1,Valsequillo,-98.18945135621284,2022-01-06,"{""type"":""MultiPoint"",""coordinates"":[]}"
3_648_0,1519,794,273,449,337,787,2425,3180,3386,3684,3,floating_plants,VA0029_20220106,18.8954662321728,1,Valsequillo,-98.19930081948552,2022-01-06,"{""type"":""MultiPoint"",""coordinates"":[]}"
3_649_0,1612,829,277,462,327,854,2598,3501,3663,3993,3,floating_plants,VA0030_20220106,18.894471463682205,1,Valsequillo,-98.20114580492978,2022-01-06,"{""type"":""MultiPoint"",""coordinates"":[]}"
3_650_0,1594,844,303,493,345,808,2493,3261,3692,3834,3,floating_plants,VA0031_20220106,18.897090331289263,1,Valsequillo,-98.20030912548411,2022-01-06,"{""type"":""MultiPoint"",""coordinates"":[]}"
3_651_0,1586,819,260,440,340,807,2414,3170,3515,3766,3,floating_plants,VA0032_20220106,18.89826779329442,1,Valsequillo,-98.20052365867532,2022-01-06,"{""type"":""MultiPoint"",""coordinates"":[]}"
3_652_0,1354,673,277,470,326,797,2460,3115,3330,3546,3,floating_plants,VA0033_20220106,18.902003135608243,1,Valsequillo,-98.19249878095378,2022-01-06,"{""type"":""MultiPoint"",""coordinates"":[]}"
3_653_0,1301,628,306,470,299,807,2606,3287,3321,3667,3,floating_plants,VA0034_20220106,18.90046028711289,1,Valsequillo,-98.18910915653298,2022-01-06,"{""type"":""MultiPoint"",""coordinates"":[]}"
3_654_0,1425,714,313,495,342,826,2599,3327,3544,3771,3,floating_plants,VA0035_20220106,18.90019637739291,1,Valsequillo,-98.19488009937598,2022-01-06,"{""type"":""MultiPoint"",""coordinates"":[]}"
3_655_0,1128,538,341,615,354,897,2577,3067,3074,3302,3,floating_plants,VA0036_20220106,18.901049007814592,1,Valsequillo,-98.17915509505379,2022-01-06,"{""type"":""MultiPoint"",""coordinates"":[]}"
3_656_0,955,502,314,500,344,751,2037,2640,2520,2776,3,floating_plants,VA0037_20220106,18.90332266631683,1,Valsequillo,-98.1797128813509,2022-01-06,"{""type"":""MultiPoint"",""coordinates"":[]}"
3_657_0,1257,615,314,485,322,820,2491,3139,3254,3470,3,floating_plants,VA0038_20220106,18.90644889630869,1,Valsequillo,-98.18069973403037,2022-01-06,"{""type"":""MultiPoint"",""coordinates"":[]}"
3_658_0,1168,565,293,446,319,757,2192,2753,3016,3102,3,floating_plants,VA0039_20220106,18.904540684948184,1,Valsequillo,-98.18614887708658,2022-01-06,"{""type"":""MultiPoint"",""coordinates"":[]}"
3_659_0,1256,613,273,456,319,764,2415,3009,3194,3448,3,floating_plants,VA0040_20220106,18.900967805153833,1,Valsequillo,-98.18632050363951,2022-01-06,"{""type"":""MultiPoint"",""coordinates"":[]}"
3_660_0,1197,589,268,480,300,776,2385,3037,3125,3392,3,floating_plants,VA0041_20220106,18.895283520993043,1,Valsequillo,-98.17851147806823,2022-01-06,"{""type"":""MultiPoint"",""coordinates"":[]}"
3_661_0,1514,710,254,454,283,858,2909,3572,3660,4043,3,floating_plants,VA0042_20220106,18.89037051987737,1,Valsequillo,-98.17756753202698,2022-01-06,"{""type"":""MultiPoint"",""coordinates"":[]}"
3_662_0,1407,709,230,412,269,789,2683,3405,3492,3859,3,floating_plants,VA0043_20220106,18.88769064032261,1,Valsequillo,-98.17417790760621,2022-01-06,"{""type"":""MultiPoint"",""coordinates"":[]}"
3_663_0,1315,640,246,416,281,765,2496,3204,3438,3628,3,floating_plants,VA0044_20220106,18.891385614569256,1,Valsequillo,-98.17516476028565,2022-01-06,"{""type"":""MultiPoint"",""coordinates"":[]}"
3_664_0,185,148,252,301,205,240,254,425,791,404,3,floating_plants,VA0045_20220106,18.894248147761154,1,Valsequillo,-98.19678877441555,2022-01-06,"{""type"":""MultiPoint"",""coordinates"":[]}"
3_665_0,191,98,317,415,279,443,465,537,666,521,3,floating_plants,VA0046_20220106,18.89319246720362,1,Valsequillo,-98.19159707118875,2022-01-06,"{""type"":""MultiPoint"",""coordinates"":[]}"
3_666_0,290,146,283,380,248,470,691,937,1190,850,3,floating_plants,VA0047_20220106,18.894704930149203,1,Valsequillo,-98.18882843294787,2022-01-06,"{""type"":""MultiPoint"",""coordinates"":[]}"
3_667_0,441,226,278,394,277,495,891,1126,1692,1132,3,floating_plants,VA0048_20220106,18.894461312814652,1,Valsequillo,-98.18753050714115,2022-01-06,"{""type"":""MultiPoint"",""coordinates"":[]}"
3_668_0,731,385,297,422,298,637,1578,1889,2194,2072,3,floating_plants,VA0049_20220106,18.89500945131883,1,Valsequillo,-98.18643638786608,2022-01-06,"{""type"":""MultiPoint"",""coordinates"":[]}"
3_669_0,979,491,292,454,310,699,1980,2345,2910,2656,3,floating_plants,VA0050_20220106,18.895496684038,1,Valsequillo,-98.18552462180354,2022-01-06,"{""type"":""MultiPoint"",""coordinates"":[]}"
3_670_0,1256,592,326,597,314,837,2698,3024,4008,3222,3,floating_plants,VA0051_20220106,18.8975775580132,1,Valsequillo,-98.18554578564815,2022-01-06,"{""type"":""MultiPoint"",""coordinates"":[]}"
3_671_0,1041,528,287,430,295,724,2052,2493,2576,2847,3,floating_plants,VA0052_20220106,18.89877531752794,1,Valsequillo,-98.18423713318188,2022-01-06,"{""type"":""MultiPoint"",""coordinates"":[]}"
3_672_0,1291,661,314,563,325,919,2565,3017,3488,3428,3,floating_plants,VA0053_20220106,18.89747605257367,1,Valsequillo,-98.18101913966704,2022-01-06,"{""type"":""MultiPoint"",""coordinates"":[]}"
3_673_0,1363,655,294,450,323,794,2628,3267,3455,3733,3,floating_plants,VA0054_20220106,18.895395177536695,1,Valsequillo,-98.18217761889947,2022-01-06,"{""type"":""MultiPoint"",""coordinates"":[]}"
3_674_0,1093,540,290,452,309,779,2306,2801,2844,3084,3,floating_plants,VA0055_20220106,18.896278283760893,1,Valsequillo,-98.1798713870942,2022-01-06,"{""type"":""MultiPoint"",""coordinates"":[]}"
3_675_0,1021,514,271,465,314,755,2126,2672,2807,2832,3,floating_plants,VA0056_20220106,18.899719308765057,1,Valsequillo,-98.1809972836954,2022-01-06,"{""type"":""MultiPoint"",""coordinates"":[]}"
3_676_0,1019,494,329,479,307,766,2144,2491,2654,2854,3,floating_plants,VA0057_20220106,18.901028706633657,1,Valsequillo,-98.18075057052555,2022-01-06,"{""type"":""MultiPoint"",""coordinates"":[]}"
3_677_0,1074,527,305,508,326,789,2191,2701,2764,2971,3,floating_plants,VA0058_20220106,18.902327944004174,1,Valsequillo,-98.17927029150634,2022-01-06,"{""type"":""MultiPoint"",""coordinates"":[]}"
3_678_0,831,404,304,480,323,706,1802,2328,2474,2428,3,floating_plants,VA0059_20220106,18.900358783421797,1,Valsequillo,-98.17974226887998,2022-01-06,"{""type"":""MultiPoint"",""coordinates"":[]}"
3_679_0,784,389,309,483,326,727,1779,1990,1792,2187,3,floating_plants,VA0060_20220106,18.899242238777205,1,Valsequillo,-98.17878759617913,2022-01-06,"{""type"":""MultiPoint"",""coordinates"":[]}"
3_680_0,1295,613,299,447,305,806,2608,3282,3332,3729,3,floating_plants,VA0061_20220106,18.900642993596403,1,Valsequillo,-98.18233812049334,2022-01-06,"{""type"":""MultiPoint"",""coordinates"":[]}"
3_681_0,758,413,334,465,314,717,1711,2132,2156,2294,3,floating_plants,VA0062_20220106,18.898298244861497,1,Valsequillo,-98.1775748372284,2022-01-06,"{""type"":""MultiPoint"",""coordinates"":[]}"
3_682_0,548,265,319,469,325,647,1018,1457,1310,1381,3,floating_plants,VA0063_20220106,18.89811553581624,1,Valsequillo,-98.17888348969467,2022-01-06,"{""type"":""MultiPoint"",""coordinates"":[]}"
3_683_0,777,403,306,460,304,716,1658,1937,2024,2107,3,floating_plants,VA0064_20220106,18.897587708565,1,Valsequillo,-98.17684542437836,2022-01-06,"{""type"":""MultiPoint"",""coordinates"":[]}"
3_684_0,649,308,315,473,292,678,1687,1826,1732,2101,3,floating_plants,VA0065_20220106,18.89898847723247,1,Valsequillo,-98.1760409249114,2022-01-06,"{""type"":""MultiPoint"",""coordinates"":[]}"
3_685_0,418,225,308,437,300,639,1193,1100,2037,1085,3,floating_plants,VA0066_20220106,18.897618160182432,1,Valsequillo,-98.17570839846506,2022-01-06,"{""type"":""MultiPoint"",""coordinates"":[]}"
3_686_0,685,349,274,439,297,624,1368,1568,2611,1669,3,floating_plants,VA0067_20220106,18.89538502687672,1,Valsequillo,-98.17529005874225,2022-01-06,"{""type"":""MultiPoint"",""coordinates"":[]}"
3_687_0,301,151,298,422,283,534,793,970,848,1002,3,floating_plants,VA0068_20220106,18.896166626922735,1,Valsequillo,-98.17475372576426,2022-01-06,"{""type"":""MultiPoint"",""coordinates"":[]}"
3_688_0,458,244,269,371,254,542,1010,1295,1324,1320,3,floating_plants,VA0069_20220106,18.894948547340835,1,Valsequillo,-98.17424957276498,2022-01-06,"{""type"":""MultiPoint"",""coordinates"":[]}"
3_689_0,776,392,268,430,283,693,1904,2057,2996,2301,3,floating_plants,VA0070_20220106,18.894248147366547,1,Valsequillo,-98.17627608652819,2022-01-06,"{""type"":""MultiPoint"",""coordinates"":[]}"
3_690_0,375,202,266,409,249,516,888,904,959,923,3,floating_plants,VA0071_20220106,18.893700006369514,1,Valsequillo,-98.17545013374209,2022-01-06,"{""type"":""MultiPoint"",""coordinates"":[]}"
3_691_0,559,322,266,365,264,602,1341,1442,1860,1621,3,floating_plants,VA0072_20220106,18.8937812125564,1,Valsequillo,-98.17461345429645,2022-01-06,"{""type"":""MultiPoint"",""coordinates"":[]}"
3_692_0,219,134,285,410,264,487,482,592,591,510,3,floating_plants,VA0073_20220106,18.89482673869402,1,Valsequillo,-98.17482798748767,2022-01-06,"{""type"":""MultiPoint"",""coordinates"":[]}"
3_693_0,161,136,266,399,244,452,513,534,864,503,3,floating_plants,VA0074_20220106,18.89318231600211,1,Valsequillo,-98.17577193352888,2022-01-06,"{""type"":""MultiPoint"",""coordinates"":[]}"
3_694_0,1490,764,305,502,346,967,2928,3425,3518,3792,3,floating_plants,VA0075_20220106,18.89386241870389,1,Valsequillo,-98.173090268639,2022-01-06,"{""type"":""MultiPoint"",""coordinates"":[]}"
3_695_0,1126,555,266,432,261,719,2237,2803,2836,3076,3,floating_plants,VA0076_20220106,18.892705227383328,1,Valsequillo,-98.17475290087074,2022-01-06,"{""type"":""MultiPoint"",""coordinates"":[]}"
3_696_0,219,139,292,403,268,479,548,593,714,579,3,floating_plants,VA0077_20220106,18.89634933789438,1,Valsequillo,-98.1740985746376,2022-01-06,"{""type"":""MultiPoint"",""coordinates"":[]}"
3_697_0,273,148,278,391,261,535,733,792,1174,693,3,floating_plants,VA0078_20220106,18.89716138513809,1,Valsequillo,-98.17430238116924,2022-01-06,"{""type"":""MultiPoint"",""coordinates"":[]}"
3_698_0,1317,659,274,446,303,809,2537,3233,3362,3620,3,floating_plants,VA0079_20220106,18.89401468012427,1,Valsequillo,-98.17871103824817,2022-01-06,"{""type"":""MultiPoint"",""coordinates"":[]}"
3_699_0,1057,512,271,450,298,760,2183,2711,2797,2941,3,floating_plants,VA0080_20220106,18.89385226793762,1,Valsequillo,-98.17748819905842,2022-01-06,"{""type"":""MultiPoint"",""coordinates"":[]}"
3_700_0,1364,663,239,418,276,792,2592,3242,3432,3683,3,floating_plants,VA0081_20220106,18.89161908395948,1,Valsequillo,-98.17808887675821,2022-01-06,"{""type"":""MultiPoint"",""coordinates"":[]}"
3_701_0,1339,663,222,434,268,791,2633,3331,3414,3720,3,floating_plants,VA0082_20220106,18.88978176061784,1,Valsequillo,-98.173808939594,2022-01-06,"{""type"":""MultiPoint"",""coordinates"":[]}"
3_702_0,1429,682,237,413,262,783,2766,3519,3624,4017,3,floating_plants,VA0083_20220106,18.8892031518544,1,Valsequillo,-98.17578264059995,2022-01-06,"{""type"":""MultiPoint"",""coordinates"":[]}"
3_703_0,1435,682,232,430,274,781,2713,3392,3596,3857,3,floating_plants,VA0084_20220106,18.887558673929345,1,Valsequillo,-98.17562174070652,2022-01-06,"{""type"":""MultiPoint"",""coordinates"":[]}"
3_704_0,1226,592,267,465,296,766,2489,3072,3294,3459,3,floating_plants,VA0085_20220106,18.89667415737233,1,Valsequillo,-98.18219781202502,2022-01-06,"{""type"":""MultiPoint"",""coordinates"":[]}"
3_705_0,1274,621,305,453,301,768,2514,3133,3270,3527,3,floating_plants,VA0086_20220106,18.89516171181411,1,Valsequillo,-98.17997739349622,2022-01-06,"{""type"":""MultiPoint"",""coordinates"":[]}"
3_706_0,482,258,332,494,349,647,1060,1395,1450,1317,3,floating_plants,VA0087_20220106,18.897283191992532,1,Valsequillo,-98.17873310098732,2022-01-06,"{""type"":""MultiPoint"",""coordinates"":[]}"
3_707_0,196,129,318,462,352,554,593,721,1118,619,3,floating_plants,VA0088_20220106,18.89762831062693,1,Valsequillo,-98.17994521351754,2022-01-06,"{""type"":""MultiPoint"",""coordinates"":[]}"
3_708_0,634,380,325,485,340,737,1468,1615,2238,1976,3,floating_plants,VA0089_20220106,18.899780211110045,1,Valsequillo,-98.17700613709275,2022-01-06,"{""type"":""MultiPoint"",""coordinates"":[]}"
3_709_0,1199,581,293,473,303,752,2405,3001,3256,3386,3,floating_plants,VA0090_20220106,18.90181028021467,1,Valsequillo,-98.18460061206085,2022-01-06,"{""type"":""MultiPoint"",""coordinates"":[]}"
3_710_0,1079,527,305,440,310,720,2076,2573,2719,2888,3,floating_plants,VA0091_20220106,18.90419558030843,1,Valsequillo,-98.18783041177932,2022-01-06,"{""type"":""MultiPoint"",""coordinates"":[]}"
3_711_0,1061,530,307,430,295,671,1994,2522,2025,2661,3,floating_plants,VA0092_20220106,18.91089453912172,1,Valsequillo,-98.18011813508804,2022-01-06,"{""type"":""MultiPoint"",""coordinates"":[]}"
3_712_0,974,477,309,492,336,732,1947,2571,2654,2718,3,floating_plants,VA0093_20220106,18.908580384039958,1,Valsequillo,-98.17938872223799,2022-01-06,"{""type"":""MultiPoint"",""coordinates"":[]}"
3_713_0,1298,623,292,469,328,788,2519,3178,3360,3626,3,floating_plants,VA0094_20220106,18.908844280535128,1,Valsequillo,-98.18097626785281,2022-01-06,"{""type"":""MultiPoint"",""coordinates"":[]}"
3_714_0,1387,668,293,449,324,819,2628,3412,3544,3853,3,floating_plants,VA0095_20220106,18.912863575687794,1,Valsequillo,-98.17816588304821,2022-01-06,"{""type"":""MultiPoint"",""coordinates"":[]}"
3_715_0,1244,616,291,467,325,773,2273,2878,3220,3344,3,floating_plants,VA0096_20220106,18.915949031564658,1,Valsequillo,-98.1854206308406,2022-01-06,"{""type"":""MultiPoint"",""coordinates"":[]}"
3_716_0,1143,558,316,443,311,711,2114,2672,2828,3083,3,floating_plants,VA0097_20220106,18.920130542776082,1,Valsequillo,-98.18778049594367,2022-01-06,"{""type"":""MultiPoint"",""coordinates"":[]}"
3_717_0,1293,641,297,455,317,762,2398,2972,3277,3460,3,floating_plants,VA0098_20220106,18.921592017172504,1,Valsequillo,-98.18554935075528,2022-01-06,"{""type"":""MultiPoint"",""coordinates"":[]}"
3_718_0,1452,735,304,480,334,817,2485,3161,3485,3784,3,floating_plants,VA0099_20220106,18.9229722868132,1,Valsequillo,-98.18945385483494,2022-01-06,"{""type"":""MultiPoint"",""coordinates"":[]}"
3_719_0,1395,704,280,442,316,761,2558,3270,3405,3762,3,floating_plants,VA0100_20220106,18.92045531596849,1,Valsequillo,-98.1903978008762,2022-01-06,"{""type"":""MultiPoint"",""coordinates"":[]}"
3_720_0,1399,669,289,454,350,768,2395,2977,3452,3523,3,floating_plants,VA0101_20220106,18.91858786149502,1,Valsequillo,-98.18906769509078,2022-01-06,"{""type"":""MultiPoint"",""coordinates"":[]}"
3_721_0,1563,751,296,512,323,843,2820,3538,3874,4016,3,floating_plants,VA0102_20220106,18.92232274957869,1,Valsequillo,-98.18074380727265,2022-01-06,"{""type"":""MultiPoint"",""coordinates"":[]}"
3_722_0,1628,763,313,623,336,973,3186,3813,4352,4240,3,floating_plants,VA0103_20220106,18.926057554202288,1,Valsequillo,-98.18224553961099,2022-01-06,"{""type"":""MultiPoint"",""coordinates"":[]}"
3_723_0,1257,633,275,473,336,759,2386,3004,3190,3389,3,floating_plants,VA0104_20220106,18.92345943808246,1,Valsequillo,-98.17559501068409,2022-01-06,"{""type"":""MultiPoint"",""coordinates"":[]}"
3_724_0,1539,729,279,455,316,806,2759,3586,3786,4116,3,floating_plants,VA0105_20220106,18.93129426023756,1,Valsequillo,-98.17713907506464,2022-01-06,"{""type"":""MultiPoint"",""coordinates"":[]}"
3_725_0,1087,533,293,469,325,728,2034,2567,2590,2854,3,floating_plants,VA0106_20220106,18.914243917247457,1,Valsequillo,-98.18269082265326,2022-01-06,"{""type"":""MultiPoint"",""coordinates"":[]}"
3_726_0,1438,688,274,491,335,836,2609,3215,3570,3718,3,floating_plants,VA0107_20220106,18.91197040718723,1,Valsequillo,-98.18182196322894,2022-01-06,"{""type"":""MultiPoint"",""coordinates"":[]}"
3_727_0,562,318,328,538,388,689,1256,1639,1952,1693,3,floating_plants,VA0108_20220106,18.90470308670905,1,Valsequillo,-98.1789679143641,2022-01-06,"{""type"":""MultiPoint"",""coordinates"":[]}"
3_728_0,526,299,397,567,413,698,1176,1170,1168,1369,3,floating_plants,VA0109_20220106,18.905291791964043,1,Valsequillo,-98.17849594134347,2022-01-06,"{""type"":""MultiPoint"",""coordinates"":[]}"
3_729_0,1362,631,341,575,353,889,3059,3974,4070,4168,3,floating_plants,VA0110_20220106,18.906753396053436,1,Valsequillo,-98.1748810614249,2022-01-06,"{""type"":""MultiPoint"",""coordinates"":[]}"
3_730_0,1130,551,377,516,347,787,2239,2739,2675,3012,3,floating_plants,VA0111_20220106,18.906337246239676,1,Valsequillo,-98.17913972156654,2022-01-06,"{""type"":""MultiPoint"",""coordinates"":[]}"
3_731_0,262,151,344,451,301,516,514,803,502,668,3,floating_plants,VA0112_20220106,18.900642993697407,1,Valsequillo,-98.17494597203678,2022-01-06,"{""type"":""MultiPoint"",""coordinates"":[]}"
3_732_0,1900,1189,371,485,588,795,1164,1352,1493,1584,1,LEV,VA0113_20220106,18.928249683703424,0,Valsequillo,-98.18997042345786,2022-01-06,"{""type"":""MultiPoint"",""coordinates"":[]}"
3_733_0,3391,2262,933,1264,1660,1853,2016,2120,2476,2447,1,LEV,VA0114_20220106,18.931131883692654,0,Valsequillo,-98.18602301274,2022-01-06,"{""type"":""MultiPoint"",""coordinates"":[]}"
3_734_0,1314,894,405,568,474,842,1441,1663,1684,1842,1,LEV,VA0115_20220106,18.936571393248702,0,Valsequillo,-98.18902647741665,2022-01-06,"{""type"":""MultiPoint"",""coordinates"":[]}"
3_735_0,2450,1933,698,842,1172,1323,1451,1552,1508,1820,1,LEV,VA0116_20220106,18.934014033954952,0,Valsequillo,-98.18353442772218,2022-01-06,"{""type"":""MultiPoint"",""coordinates"":[]}"
3_736_0,1579,1073,361,458,455,731,1103,1253,1376,1399,1,LEV,VA0117_20220106,18.931537823358116,0,Valsequillo,-98.16718699855355,2022-01-06,"{""type"":""MultiPoint"",""coordinates"":[]}"
3_737_0,2759,1946,753,990,1240,1436,1689,1802,2056,2068,1,LEV,VA0118_20220106,18.932268512270088,0,Valsequillo,-98.17216416858915,2022-01-06,"{""type"":""MultiPoint"",""coordinates"":[]}"
3_738_0,2862,2127,897,1116,1500,1780,1944,2118,2242,2337,1,LEV,VA0119_20220106,18.94107712147878,0,Valsequillo,-98.17358008765098,2022-01-06,"{""type"":""MultiPoint"",""coordinates"":[]}"
3_739_0,2702,2041,704,870,1180,1371,1582,1798,1875,1992,1,LEV,VA0120_20220106,18.926788267528824,0,Valsequillo,-98.16662921225644,2022-01-06,"{""type"":""MultiPoint"",""coordinates"":[]}"
3_740_0,1691,1084,343,472,425,763,1257,1472,1542,1659,1,LEV,VA0121_20220106,18.92195738422094,0,Valsequillo,-98.16778769148888,2022-01-06,"{""type"":""MultiPoint"",""coordinates"":[]}"
3_741_0,1347,811,247,338,339,646,1224,1388,1444,1591,1,LEV,VA0122_20220106,18.923094075209637,0,Valsequillo,-98.16229564179442,2022-01-06,"{""type"":""MultiPoint"",""coordinates"":[]}"
3_742_0,2815,2623,1108,1220,1584,1967,2034,2055,1799,2197,1,LEV,VA0123_20220106,18.909615668192707,0,Valsequillo,-98.17306333620205,2022-01-06,"{""type"":""MultiPoint"",""coordinates"":[]}"
3_743_0,2541,2503,1416,1636,1814,2039,2027,2056,2224,2194,1,LEV,VA0124_20220106,18.907910491356667,0,Valsequillo,-98.1764958672611,2022-01-06,"{""type"":""MultiPoint"",""coordinates"":[]}"
3_744_0,2924,1989,1052,1258,1536,1529,2051,2133,2592,2442,1,LEV,VA0125_20220106,18.916355006490935,0,Valsequillo,-98.17319205611678,2022-01-06,"{""type"":""MultiPoint"",""coordinates"":[]}"
3_745_0,3274,3055,1544,1780,2172,2552,2648,2563,2332,2659,1,LEV,VA0126_20220106,18.91980576733254,0,Valsequillo,-98.17632424070815,2022-01-06,"{""type"":""MultiPoint"",""coordinates"":[]}"
3_746_0,2901,2301,961,1208,1632,1902,2099,2234,2541,2439,1,LEV,VA0127_20220106,18.90596169654477,0,Valsequillo,-98.15422732201561,2022-01-06,"{""type"":""MultiPoint"",""coordinates"":[]}"
3_747_0,2905,2166,783,1005,1366,1905,2164,2291,2179,2541,1,LEV,VA0128_20220106,18.902673053821935,0,Valsequillo,-98.15461348175974,2022-01-06,"{""type"":""MultiPoint"",""coordinates"":[]}"
3_748_0,3063,2336,1316,1620,2004,2006,2271,2407,2834,2707,1,LEV,VA0129_20220106,18.902429448085837,0,Valsequillo,-98.14701900679165,2022-01-06,"{""type"":""MultiPoint"",""coordinates"":[]}"
3_749_0,2991,2193,792,1004,1368,1503,1808,2109,2172,2309,1,LEV,VA0130_20220106,18.89524291819266,0,Valsequillo,-98.16019140567269,2022-01-06,"{""type"":""MultiPoint"",""coordinates"":[]}"
3_750_0,2391,1520,492,1021,578,1362,3133,4084,5279,4366,1,LEV,VA0131_20220106,18.89790237522957,0,Valsequillo,-98.15698907598673,2022-01-06,"{""type"":""MultiPoint"",""coordinates"":[]}"
3_751_0,2634,1880,425,591,630,1168,1649,1993,2049,2102,1,LEV,VA0132_20220106,18.89642039260487,0,Valsequillo,-98.15662436956171,2022-01-06,"{""type"":""MultiPoint"",""coordinates"":[]}"
3_752_0,2806,2130,742,1036,1270,1793,2289,2368,2460,2608,1,LEV,VA0133_20220106,18.89668430827917,0,Valsequillo,-98.16612818993138,2022-01-06,"{""type"":""MultiPoint"",""coordinates"":[]}"
3_753_0,3239,2418,766,998,1260,1757,2156,2322,2376,2618,1,LEV,VA0134_20220106,18.897252740625827,0,Valsequillo,-98.16651434967552,2022-01-06,"{""type"":""MultiPoint"",""coordinates"":[]}"
3_754_0,1162,659,262,375,318,632,1446,1702,1800,1896,1,LEV,VA0135_20220106,18.897252740625827,0,Valsequillo,-98.168766948183,2022-01-06,"{""type"":""MultiPoint"",""coordinates"":[]}"
3_755_0,1745,1202,355,507,556,755,1127,1267,1182,1469,1,LEV,VA0136_20220106,18.894999301051996,0,Valsequillo,-98.16945345439483,2022-01-06,"{""type"":""MultiPoint"",""coordinates"":[]}"
3_756_0,1692,1144,377,480,457,853,1395,1541,1774,1716,1,LEV,VA0137_20220106,18.89341578444524,0,Valsequillo,-98.17039567229497,2022-01-06,"{""type"":""MultiPoint"",""coordinates"":[]}"
3_757_0,2955,2243,650,835,1028,1427,1696,1744,1798,2056,1,LEV,VA0138_20220106,18.892613869873177,0,Valsequillo,-98.17088909863473,2022-01-06,"{""type"":""MultiPoint"",""coordinates"":[]}"
3_758_0,1731,1177,305,413,453,966,1327,1619,1316,1737,1,LEV,VA0139_20220106,18.895182013119587,0,Valsequillo,-98.16805726051103,2022-01-06,"{""type"":""MultiPoint"",""coordinates"":[]}"
3_759_0,1219,769,482,633,487,828,1558,1714,1766,1991,1,LEV,VA0140_20220106,18.89818151397596,0,Valsequillo,-98.16893584703723,2022-01-06,"{""type"":""MultiPoint"",""coordinates"":[]}"
3_760_0,1728,1158,310,420,401,967,1607,1717,1622,1982,1,LEV,VA0141_20220106,18.897986116658135,0,Valsequillo,-98.16815011487151,2022-01-06,"{""type"":""MultiPoint"",""coordinates"":[]}"
3_761_0,1376,793,296,432,341,581,1323,1690,1809,1939,1,LEV,VA0142_20220106,18.89593823735771,0,Valsequillo,-98.16996602206646,2022-01-06,"{""type"":""MultiPoint"",""coordinates"":[]}"
3_762_0,1671,1103,407,528,582,846,1329,1705,1606,1893,1,LEV,VA0143_20220106,18.89514648549765,0,Valsequillo,-98.171167646808,2022-01-06,"{""type"":""MultiPoint"",""coordinates"":[]}"
3_763_0,1548,984,340,539,386,887,1592,2008,1722,2265,1,LEV,VA0144_20220106,18.89561595416448,0,Valsequillo,-98.17074126209052,2022-01-06,"{""type"":""MultiPoint"",""coordinates"":[]}"
3_764_0,2487,2242,835,999,1322,1864,1903,2031,1544,1957,1,LEV,VA0145_20220106,18.892075873925812,0,Valsequillo,-98.16825804965261,2022-01-06,"{""type"":""MultiPoint"",""coordinates"":[]}"
3_765_0,2936,2841,1654,2098,2142,2340,2276,2193,2347,2289,1,LEV,VA0146_20220106,18.890969424882627,0,Valsequillo,-98.16944321276743,2022-01-06,"{""type"":""MultiPoint"",""coordinates"":[]}"
3_766_0,2476,1767,494,657,958,1213,1436,1552,1708,1861,1,LEV,VA0147_20220106,18.894227847357545,0,Valsequillo,-98.14118137078319,2022-01-06,"{""type"":""MultiPoint"",""coordinates"":[]}"
3_767_0,1475,878,263,420,369,655,1236,1425,1593,1653,1,LEV,VA0148_20220106,18.936977320124747,0,Valsequillo,-98.12903572764975,2022-01-06,"{""type"":""MultiPoint"",""coordinates"":[]}"
3_768_0,1723,1259,322,448,504,721,947,1084,1176,1245,1,LEV,VA0149_20220106,18.925611005308554,0,Valsequillo,-98.15202986381108,2022-01-06,"{""type"":""MultiPoint"",""coordinates"":[]}"
3_769_0,1227,762,306,458,362,751,1547,1820,1778,1982,1,LEV,VA0150_20220106,18.915340064336263,0,Valsequillo,-98.14700978713725,2022-01-06,"{""type"":""MultiPoint"",""coordinates"":[]}"
3_770_0,90,75,333,395,266,434,222,232,183,139,2,open_water,VA0151_20220106,18.907829292285363,0,Valsequillo,-98.17031228799262,2022-01-06,"{""type"":""MultiPoint"",""coordinates"":[]}"
3_771_0,82,71,372,526,392,561,287,290,217,157,2,open_water,VA0152_20220106,18.904743688518053,0,Valsequillo,-98.17318703275456,2022-01-06,"{""type"":""MultiPoint"",""coordinates"":[]}"
3_772_0,41,52,353,488,346,540,265,261,208,148,2,open_water,VA0153_20220106,18.90795109126641,0,Valsequillo,-98.15997178817727,2022-01-06,"{""type"":""MultiPoint"",""coordinates"":[]}"
3_773_0,82,84,276,377,232,432,222,211,164,129,2,open_water,VA0154_20220106,18.90665189755539,0,Valsequillo,-98.15134754518546,2022-01-06,"{""type"":""MultiPoint"",""coordinates"":[]}"
3_774_0,57,67,333,424,294,479,259,244,188,147,2,open_water,VA0155_20220106,18.911077234753144,0,Valsequillo,-98.15074685225012,2022-01-06,"{""type"":""MultiPoint"",""coordinates"":[]}"
3_775_0,56,58,380,482,332,537,290,272,201,169,2,open_water,VA0156_20220106,18.91558365046143,0,Valsequillo,-98.1577406342829,2022-01-06,"{""type"":""MultiPoint"",""coordinates"":[]}"
3_776_0,94,89,353,485,346,532,266,266,216,160,2,open_water,VA0157_20220106,18.91326956026703,0,Valsequillo,-98.1703980925631,2022-01-06,"{""type"":""MultiPoint"",""coordinates"":[]}"
3_777_0,45,50,480,610,419,647,337,326,242,185,2,open_water,VA0158_20220106,18.91136142671886,0,Valsequillo,-98.16310396406266,2022-01-06,"{""type"":""MultiPoint"",""coordinates"":[]}"
3_778_0,74,81,739,1014,710,1028,523,513,385,277,2,open_water,VA0159_20220106,18.916233213882123,0,Valsequillo,-98.16640777520696,2022-01-06,"{""type"":""MultiPoint"",""coordinates"":[]}"
3_779_0,78,78,717,995,700,1044,499,471,363,241,2,open_water,VA0160_20220106,18.91854726305842,0,Valsequillo,-98.17091297222196,2022-01-06,"{""type"":""MultiPoint"",""coordinates"":[]}"
3_780_0,109,101,748,1050,731,999,493,469,343,240,2,open_water,VA0161_20220106,18.924677309654264,0,Valsequillo,-98.172543912011,2022-01-06,"{""type"":""MultiPoint"",""coordinates"":[]}"
3_781_0,89,96,787,1116,776,1129,541,511,383,238,2,open_water,VA0162_20220106,18.921267245799896,0,Valsequillo,-98.17228647218157,2022-01-06,"{""type"":""MultiPoint"",""coordinates"":[]}"
3_782_0,84,84,509,703,411,664,374,340,266,215,2,open_water,VA0163_20220106,18.92504266950794,0,Valsequillo,-98.14238056274175,2022-01-06,"{""type"":""MultiPoint"",""coordinates"":[]}"
3_783_0,75,80,501,719,420,697,351,334,245,171,2,open_water,VA0164_20220106,18.922200960673557,0,Valsequillo,-98.13967744453277,2022-01-06,"{""type"":""MultiPoint"",""coordinates"":[]}"
3_784_0,89,99,366,544,346,622,339,320,258,205,2,open_water,VA0165_20220106,18.918790846294858,0,Valsequillo,-98.13942000470337,2022-01-06,"{""type"":""MultiPoint"",""coordinates"":[]}"
3_785_0,52,55,700,995,666,1027,542,500,393,281,2,open_water,VA0166_20220106,18.919562187778364,0,Valsequillo,-98.13126774343813,2022-01-06,"{""type"":""MultiPoint"",""coordinates"":[]}"
3_786_0,53,77,755,1082,716,1087,548,530,409,275,2,open_water,VA0167_20220106,18.928615034911193,0,Valsequillo,-98.13045251731161,2022-01-06,"{""type"":""MultiPoint"",""coordinates"":[]}"
3_787_0,87,90,285,385,235,406,222,223,182,146,2,open_water,VA0168_20220106,18.91712636044083,0,Valsequillo,-98.12478884106423,2022-01-06,"{""type"":""MultiPoint"",""coordinates"":[]}"
3_788_0,45,49,296,400,241,452,213,210,159,98,2,open_water,VA0169_20220106,18.912822978747062,0,Valsequillo,-98.12041236396396,2022-01-06,"{""type"":""MultiPoint"",""coordinates"":[]}"
3_789_0,75,81,230,358,211,378,208,207,150,118,2,open_water,VA0170_20220106,18.911767415379483,0,Valsequillo,-98.12530372072308,2022-01-06,"{""type"":""MultiPoint"",""coordinates"":[]}"
3_790_0,59,62,256,338,191,357,186,181,135,84,2,open_water,VA0171_20220106,18.914649899599006,0,Valsequillo,-98.13105321024695,2022-01-06,"{""type"":""MultiPoint"",""coordinates"":[]}"
3_791_0,54,74,383,539,344,579,291,279,220,147,2,open_water,VA0172_20220106,18.91444690937893,0,Valsequillo,-98.13547259398545,2022-01-06,"{""type"":""MultiPoint"",""coordinates"":[]}"
3_792_0,66,73,304,434,272,468,243,228,171,132,2,open_water,VA0173_20220106,18.911889211492696,0,Valsequillo,-98.14160824325347,2022-01-06,"{""type"":""MultiPoint"",""coordinates"":[]}"
3_793_0,41,45,328,442,302,495,253,243,203,137,2,open_water,VA0174_20220106,18.909859264692017,0,Valsequillo,-98.1563252201691,2022-01-06,"{""type"":""MultiPoint"",""coordinates"":[]}"
3_794_0,49,43,411,655,437,721,327,320,251,175,2,open_water,VA0175_20220106,18.909575070173805,0,Valsequillo,-98.16610793368733,2022-01-06,"{""type"":""MultiPoint"",""coordinates"":[]}"
3_795_0,48,62,299,409,274,454,219,216,163,105,2,open_water,VA0176_20220106,18.90226704371015,0,Valsequillo,-98.15949991962867,2022-01-06,"{""type"":""MultiPoint"",""coordinates"":[]}"
3_796_0,70,61,290,414,270,465,222,227,174,113,2,open_water,VA0177_20220106,18.90031818316221,0,Valsequillo,-98.16276082413475,2022-01-06,"{""type"":""MultiPoint"",""coordinates"":[]}"
3_797_0,51,58,270,391,246,420,187,193,134,77,2,open_water,VA0178_20220106,18.896420393979316,0,Valsequillo,-98.17297260403538,2022-01-06,"{""type"":""MultiPoint"",""coordinates"":[]}"
3_798_0,52,62,336,408,268,453,205,210,144,105,2,open_water,VA0179_20220106,18.897963279718812,0,Valsequillo,-98.17164249825,2022-01-06,"{""type"":""MultiPoint"",""coordinates"":[]}"
3_799_0,59,56,279,386,235,422,230,242,176,152,2,open_water,VA0180_20220106,18.903485070026257,0,Valsequillo,-98.1683815937439,2022-01-06,"{""type"":""MultiPoint"",""coordinates"":[]}"
3_800_0,77,88,207,200,144,186,116,113,93,80,2,open_water,VA0181_20220106,18.892583417677063,0,Valsequillo,-98.19904358860013,2022-01-06,"{""type"":""MultiPoint"",""coordinates"":[]}"
3_801_0,67,75,205,214,136,190,87,72,31,32,2,open_water,VA0182_20220106,18.89209617647884,0,Valsequillo,-98.19580413741316,2022-01-06,"{""type"":""MultiPoint"",""coordinates"":[]}"
3_802_0,74,75,281,356,254,358,159,146,107,62,2,open_water,VA0183_20220106,18.89205557298166,0,Valsequillo,-98.1934657256292,2022-01-06,"{""type"":""MultiPoint"",""coordinates"":[]}"
3_803_0,84,90,309,386,274,406,182,170,127,103,2,open_water,VA0184_20220106,18.896156476466786,0,Valsequillo,-98.19039790099518,2022-01-06,"{""type"":""MultiPoint"",""coordinates"":[]}"
3_804_0,74,73,167,168,113,153,85,82,55,56,2,open_water,VA0185_20220106,18.889355417912395,0,Valsequillo,-98.19719773255584,2022-01-06,"{""type"":""MultiPoint"",""coordinates"":[]}"
3_805_0,58,47,184,191,118,187,102,100,61,50,2,open_water,VA0186_20220106,18.888482426263103,0,Valsequillo,-98.19241364239234,2022-01-06,"{""type"":""MultiPoint"",""coordinates"":[]}"
3_806_0,87,71,264,308,216,307,208,179,133,111,2,open_water,VA0187_20220106,18.89648129580525,0,Valsequillo,-98.18584892674194,2022-01-06,"{""type"":""MultiPoint"",""coordinates"":[]}"
3_807_0,137,101,266,327,234,310,222,181,159,152,2,open_water,VA0188_20220106,18.897871923579977,0,Valsequillo,-98.18831360987801,2022-01-06,"{""type"":""MultiPoint"",""coordinates"":[]}"
3_808_0,98,83,274,316,216,328,200,196,147,114,2,open_water,VA0189_20220106,18.897800869905087,0,Valsequillo,-98.18635063117861,2022-01-06,"{""type"":""MultiPoint"",""coordinates"":[]}"
3_809_0,65,61,305,366,248,377,163,163,101,87,2,open_water,VA0190_20220106,18.8959839156849,0,Valsequillo,-98.18837796983536,2022-01-06,"{""type"":""MultiPoint"",""coordinates"":[]}"
3_810_0,85,75,370,502,348,536,265,296,219,184,2,open_water,VA0191_20220106,18.898765167205408,0,Valsequillo,-98.17953920235836,2022-01-06,"{""type"":""MultiPoint"",""coordinates"":[]}"
3_811_0,82,74,343,482,349,509,294,304,236,221,2,open_water,VA0192_20220106,18.898145987472017,0,Valsequillo,-98.18017207527235,2022-01-06,"{""type"":""MultiPoint"",""coordinates"":[]}"
3_812_0,151,105,375,498,375,505,261,268,184,154,2,open_water,VA0193_20220106,18.92304332870677,0,Valsequillo,-98.18689725986913,2022-01-06,"{""type"":""MultiPoint"",""coordinates"":[]}"
3_813_0,119,83,354,443,367,503,232,262,196,144,2,open_water,VA0194_20220106,18.92179499762857,0,Valsequillo,-98.18717615301766,2022-01-06,"{""type"":""MultiPoint"",""coordinates"":[]}"
3_814_0,149,117,292,380,291,404,283,273,196,212,2,open_water,VA0195_20220106,18.92103381556603,0,Valsequillo,-98.18890314520675,2022-01-06,"{""type"":""MultiPoint"",""coordinates"":[]}"
3_815_0,148,113,336,433,339,469,254,340,263,339,2,open_water,VA0196_20220106,18.919653529711532,0,Valsequillo,-98.18882802594234,2022-01-06,"{""type"":""MultiPoint"",""coordinates"":[]}"
3_816_0,147,146,737,1023,740,1018,515,484,374,314,2,open_water,VA0197_20220106,18.922322748789593,0,Valsequillo,-98.17031358518668,2022-01-06,"{""type"":""MultiPoint"",""coordinates"":[]}"
3_817_0,33,39,312,435,280,450,182,212,132,75,2,open_water,VA0198_20220106,18.899526451057756,0,Valsequillo,-98.17458156814529,2022-01-06,"{""type"":""MultiPoint"",""coordinates"":[]}"
3_818_0,65,61,354,497,353,522,222,228,158,93,2,open_water,VA0199_20220106,18.901170811421128,0,Valsequillo,-98.17610475380273,2022-01-06,"{""type"":""MultiPoint"",""coordinates"":[]}"
3_819_0,92,68,408,560,404,598,331,319,243,224,2,open_water,VA0200_20220106,18.904662486012935,0,Valsequillo,-98.17779956601315,2022-01-06,"{""type"":""MultiPoint"",""coordinates"":[]}"
4_820_0,1396,618,268,480,325,829,2851,3573,3816,4024,3,floating_plants,VA0001_20250318,18.92220096011318,1,Valsequillo,-98.18992590620957,2025-03-18,"{""type"":""MultiPoint"",""coordinates"":[]}"
4_821_0,1371,663,257,461,375,828,2476,2982,3240,3476,3,floating_plants,VA0002_20250318,18.92045531501548,1,Valsequillo,-98.1912131053567,2025-03-18,"{""type"":""MultiPoint"",""coordinates"":[]}"
4_822_0,1452,702,246,472,352,874,2618,3299,3684,3738,3,floating_plants,VA0003_20250318,18.91712635988044,1,Valsequillo,-98.191084385442,2025-03-18,"{""type"":""MultiPoint"",""coordinates"":[]}"
4_823_0,1425,634,300,538,319,901,2922,3610,3828,4028,3,floating_plants,VA0004_20250318,18.915218270343843,1,Valsequillo,-98.1923286779509,2025-03-18,"{""type"":""MultiPoint"",""coordinates"":[]}"
4_824_0,1253,561,246,496,306,845,2674,3269,3492,3722,3,floating_plants,VA0005_20250318,18.913797338458288,1,Valsequillo,-98.18730860127707,2025-03-18,"{""type"":""MultiPoint"",""coordinates"":[]}"
4_825_0,1265,566,253,460,301,814,2654,3254,3432,3693,3,floating_plants,VA0006_20250318,18.916192616657774,1,Valsequillo,-98.18911068008305,2025-03-18,"{""type"":""MultiPoint"",""coordinates"":[]}"
4_826_0,1108,502,244,448,283,765,2335,2860,2939,3190,3,floating_plants,VA0007_20250318,18.915258868220295,1,Valsequillo,-98.18657918842702,2025-03-18,"{""type"":""MultiPoint"",""coordinates"":[]}"
4_827_0,1416,653,203,456,287,839,2990,3722,4093,4166,3,floating_plants,VA0008_20250318,18.913391355701727,1,Valsequillo,-98.19142763854788,2025-03-18,"{""type"":""MultiPoint"",""coordinates"":[]}"
4_828_0,1495,674,219,462,300,852,3022,3871,4156,4366,3,floating_plants,VA0009_20250318,18.910102859048624,1,Valsequillo,-98.19207123812147,2025-03-18,"{""type"":""MultiPoint"",""coordinates"":[]}"
4_829_0,1463,692,245,464,348,858,2828,3483,3744,3984,3,floating_plants,VA0010_20250318,18.910143458166957,1,Valsequillo,-98.1880380141271,2025-03-18,"{""type"":""MultiPoint"",""coordinates"":[]}"
4_830_0,1314,604,254,479,308,837,2718,3353,3419,3761,3,floating_plants,VA0011_20250318,18.912904175092795,1,Valsequillo,-98.18945393318893,2025-03-18,"{""type"":""MultiPoint"",""coordinates"":[]}"
4_831_0,1200,540,269,479,314,824,2533,3092,3228,3273,3,floating_plants,VA0012_20250318,18.912092204257203,1,Valsequillo,-98.18722278800058,2025-03-18,"{""type"":""MultiPoint"",""coordinates"":[]}"
4_832_0,1486,689,216,445,284,867,3010,3824,4108,4310,3,floating_plants,VA0013_20250318,18.91059004781824,1,Valsequillo,-98.19014043940076,2025-03-18,"{""type"":""MultiPoint"",""coordinates"":[]}"
4_833_0,1533,732,204,458,304,881,3151,3977,4152,4436,3,floating_plants,VA0014_20250318,18.910102859048624,1,Valsequillo,-98.19417366339512,2025-03-18,"{""type"":""MultiPoint"",""coordinates"":[]}"
4_834_0,1485,706,240,471,315,865,3046,3893,4124,4401,3,floating_plants,VA0015_20250318,18.9084382867116,1,Valsequillo,-98.19250030450384,2025-03-18,"{""type"":""MultiPoint"",""coordinates"":[]}"
4_835_0,1412,626,218,461,310,851,3033,3770,4100,4225,3,floating_plants,VA0016_20250318,18.90811349017775,1,Valsequillo,-98.18786638757413,2025-03-18,"{""type"":""MultiPoint"",""coordinates"":[]}"
4_836_0,1225,559,233,460,289,800,2565,3157,3268,3507,3,floating_plants,VA0017_20250318,18.911645618617158,1,Valsequillo,-98.18387607021805,2025-03-18,"{""type"":""MultiPoint"",""coordinates"":[]}"
4_837_0,1265,556,227,472,299,798,2720,3358,3479,3686,3,floating_plants,VA0018_20250318,18.908560085249196,1,Valsequillo,-98.18434804323863,2025-03-18,"{""type"":""MultiPoint"",""coordinates"":[]}"
4_838_0,1097,497,242,460,308,759,2311,2811,3052,3146,3,floating_plants,VA0019_20250318,18.91343195402175,1,Valsequillo,-98.18537780255636,2025-03-18,"{""type"":""MultiPoint"",""coordinates"":[]}"
4_839_0,1165,522,230,443,288,763,2371,2937,3094,3281,3,floating_plants,VA0020_20250318,18.91026525546284,1,Valsequillo,-98.18014319269132,2025-03-18,"{""type"":""MultiPoint"",""coordinates"":[]}"
4_840_0,1342,602,226,454,312,791,2783,3450,3648,3891,3,floating_plants,VA0021_20250318,18.907504494976912,1,Valsequillo,-98.18014319269132,2025-03-18,"{""type"":""MultiPoint"",""coordinates"":[]}"
4_841_0,1272,569,223,459,293,789,2719,3399,3708,3871,3,floating_plants,VA0022_20250318,18.90766689391394,1,Valsequillo,-98.1818165515826,2025-03-18,"{""type"":""MultiPoint"",""coordinates"":[]}"
4_842_0,1221,551,216,454,291,799,2547,3126,3332,3500,3,floating_plants,VA0023_20250318,18.91261998574881,1,Valsequillo,-98.17967121967071,2025-03-18,"{""type"":""MultiPoint"",""coordinates"":[]}"
4_843_0,995,473,237,461,326,753,2062,2481,2732,2758,3,floating_plants,VA0024_20250318,18.91436571266152,1,Valsequillo,-98.17765460767353,2025-03-18,"{""type"":""MultiPoint"",""coordinates"":[]}"
4_844_0,1367,629,204,476,314,835,2840,3551,3760,3983,3,floating_plants,VA0025_20250318,18.91095543846412,1,Valsequillo,-98.1782982072471,2025-03-18,"{""type"":""MultiPoint"",""coordinates"":[]}"
4_845_0,1240,558,213,434,290,789,2585,3139,3380,3608,3,floating_plants,VA0026_20250318,18.91140202594721,1,Valsequillo,-98.18185945822084,2025-03-18,"{""type"":""MultiPoint"",""coordinates"":[]}"
4_846_0,1291,592,234,461,335,809,2680,3396,3572,3810,3,floating_plants,VA0027_20250318,18.899424947341615,1,Valsequillo,-98.17825582296886,2025-03-18,"{""type"":""MultiPoint"",""coordinates"":[]}"
4_847_0,1103,514,230,446,264,720,2354,2828,3100,3115,3,floating_plants,VA0028_20250318,18.894430861943007,1,Valsequillo,-98.17731187692765,2025-03-18,"{""type"":""MultiPoint"",""coordinates"":[]}"
4_848_0,1325,630,233,476,305,845,2813,3532,3756,3929,3,floating_plants,VA0029_20250318,18.89552713735595,1,Valsequillo,-98.17924267564835,2025-03-18,"{""type"":""MultiPoint"",""coordinates"":[]}"
4_849_0,1096,491,211,422,268,752,2311,2837,2972,3138,3,floating_plants,VA0030_20250318,18.89974976074285,1,Valsequillo,-98.17598177114228,2025-03-18,"{""type"":""MultiPoint"",""coordinates"":[]}"
4_850_0,1188,549,250,484,318,814,2491,3103,3364,3453,3,floating_plants,VA0031_20250318,18.902429447247087,1,Valsequillo,-98.17662537071583,2025-03-18,"{""type"":""MultiPoint"",""coordinates"":[]}"
4_851_0,1205,561,274,483,339,807,2405,2940,3244,3322,3,floating_plants,VA0032_20250318,18.903972277585773,1,Valsequillo,-98.17868488935126,2025-03-18,"{""type"":""MultiPoint"",""coordinates"":[]}"
4_852_0,1155,507,253,452,303,779,2448,3065,3236,3387,3,floating_plants,VA0033_20250318,18.90425648162275,1,Valsequillo,-98.1801866216896,2025-03-18,"{""type"":""MultiPoint"",""coordinates"":[]}"
4_853_0,1240,565,233,453,289,803,2695,3259,3416,3637,3,floating_plants,VA0034_20250318,18.901698627910783,1,Valsequillo,-98.18052987479548,2025-03-18,"{""type"":""MultiPoint"",""coordinates"":[]}"
4_854_0,1307,604,237,461,288,822,2825,3452,3524,3893,3,floating_plants,VA0035_20250318,18.903200864194748,1,Valsequillo,-98.18748075019005,2025-03-18,"{""type"":""MultiPoint"",""coordinates"":[]}"
4_855_0,1278,569,245,478,302,822,2743,3320,3552,3688,3,floating_plants,VA0036_20250318,18.901739229068752,1,Valsequillo,-98.18821016304005,2025-03-18,"{""type"":""MultiPoint"",""coordinates"":[]}"
4_856_0,1359,607,243,482,304,838,2970,3694,3840,4099,3,floating_plants,VA0037_20250318,18.904824888248363,1,Valsequillo,-98.18524960500167,2025-03-18,"{""type"":""MultiPoint"",""coordinates"":[]}"
4_857_0,1301,550,250,520,296,838,2936,3591,3736,3917,3,floating_plants,VA0038_20250318,18.902145240106705,1,Valsequillo,-98.18452019215164,2025-03-18,"{""type"":""MultiPoint"",""coordinates"":[]}"
4_858_0,1189,544,224,425,273,760,2608,3220,3400,3605,3,floating_plants,VA0039_20250318,18.897029429038675,1,Valsequillo,-98.18267520670739,2025-03-18,"{""type"":""MultiPoint"",""coordinates"":[]}"
4_859_0,1050,497,199,398,259,718,2283,2799,2810,3088,3,floating_plants,VA0040_20250318,18.895486534690917,1,Valsequillo,-98.18765237674299,2025-03-18,"{""type"":""MultiPoint"",""coordinates"":[]}"
4_860_0,1046,493,216,432,244,730,2303,2730,3120,3060,3,floating_plants,VA0041_20250318,18.89426845016014,1,Valsequillo,-98.1907416546961,2025-03-18,"{""type"":""MultiPoint"",""coordinates"":[]}"
4_861_0,671,315,164,288,197,479,1412,1677,1534,1833,3,floating_plants,VA0042_20250318,18.893212769730617,1,Valsequillo,-98.18966898874015,2025-03-18,"{""type"":""MultiPoint"",""coordinates"":[]}"
4_862_0,1045,492,208,392,263,696,2143,2602,2634,2883,3,floating_plants,VA0043_20250318,18.896257983642556,1,Valsequillo,-98.18503507181046,2025-03-18,"{""type"":""MultiPoint"",""coordinates"":[]}"
4_863_0,1162,579,228,455,303,785,2384,2948,3071,3223,3,floating_plants,VA0044_20250318,18.900277581175246,1,Valsequillo,-98.1915139741844,2025-03-18,"{""type"":""MultiPoint"",""coordinates"":[]}"
4_864_0,1271,626,214,464,308,815,2650,3186,3332,3608,3,floating_plants,VA0045_20250318,18.8992219386457,1,Valsequillo,-98.19250082686388,2025-03-18,"{""type"":""MultiPoint"",""coordinates"":[]}"
4_865_0,996,524,171,389,250,717,2188,2604,2710,2845,3,floating_plants,VA0046_20250318,18.885061472411216,1,Valsequillo,-98.19232544367173,2025-03-18,"{""type"":""MultiPoint"",""coordinates"":[]}"
4_866_0,1189,598,196,433,266,809,2588,3106,3164,3414,3,floating_plants,VA0047_20250318,18.88245256799835,1,Valsequillo,-98.19598405729855,2025-03-18,"{""type"":""MultiPoint"",""coordinates"":[]}"
4_867_0,1383,654,212,452,309,884,2891,3524,3572,3847,3,floating_plants,VA0048_20250318,18.88438133384134,1,Valsequillo,-98.1915539469005,2025-03-18,"{""type"":""MultiPoint"",""coordinates"":[]}"
4_868_0,1093,586,155,421,272,821,2360,2913,2918,3095,3,floating_plants,VA0049_20250318,18.885873574280904,1,Valsequillo,-98.1918972000064,2025-03-18,"{""type"":""MultiPoint"",""coordinates"":[]}"
4_869_0,890,435,172,341,218,682,1907,2269,1946,2390,3,floating_plants,VA0050_20250318,18.88691915008816,1,Valsequillo,-98.19083482323349,2025-03-18,"{""type"":""MultiPoint"",""coordinates"":[]}"
4_870_0,1011,506,232,510,261,777,2856,3648,4504,3745,3,floating_plants,VA0051_20250318,18.8928879424018,1,Valsequillo,-98.19079123317422,2025-03-18,"{""type"":""MultiPoint"",""coordinates"":[]}"
4_871_0,653,345,175,341,226,513,1438,1868,1986,1842,3,floating_plants,VA0052_20250318,18.893862418771572,1,Valsequillo,-98.19139192610956,2025-03-18,"{""type"":""MultiPoint"",""coordinates"":[]}"
4_872_0,900,468,205,405,240,720,2391,2908,3260,3543,3,floating_plants,VA0053_20250318,18.89218753375488,1,Valsequillo,-98.18790555933822,2025-03-18,"{""type"":""MultiPoint"",""coordinates"":[]}"
4_873_0,730,370,171,328,224,558,1582,1790,2148,1957,3,floating_plants,VA0054_20250318,18.892958997909567,1,Valsequillo,-98.18834535238015,2025-03-18,"{""type"":""MultiPoint"",""coordinates"":[]}"
4_874_0,324,179,122,216,148,320,637,785,746,708,3,floating_plants,VA0055_20250318,18.89205557242499,1,Valsequillo,-98.18936438503829,2025-03-18,"{""type"":""MultiPoint"",""coordinates"":[]}"
4_875_0,1156,686,196,435,260,759,1683,2106,2344,2027,3,floating_plants,VA0056_20250318,18.89105063273166,1,Valsequillo,-98.18887095869857,2025-03-18,"{""type"":""MultiPoint"",""coordinates"":[]}"
4_876_0,1204,790,229,342,347,645,1249,1376,1414,1451,3,floating_plants,VA0057_20250318,18.890045687006573,1,Valsequillo,-98.18940729167653,2025-03-18,"{""type"":""MultiPoint"",""coordinates"":[]}"
4_877_0,1171,623,240,469,335,790,2320,2780,2886,2868,3,floating_plants,VA0058_20250318,18.89149727323995,1,Valsequillo,-98.18711184747282,2025-03-18,"{""type"":""MultiPoint"",""coordinates"":[]}"
4_878_0,90,90,118,173,120,166,127,157,254,144,3,floating_plants,VA0059_20250318,18.891476971419966,1,Valsequillo,-98.19199247757238,2025-03-18,"{""type"":""MultiPoint"",""coordinates"":[]}"
4_879_0,1213,562,197,429,258,764,2590,3209,3473,3523,3,floating_plants,VA0060_20250318,18.89052278302274,1,Valsequillo,-98.17741349985849,2025-03-18,"{""type"":""MultiPoint"",""coordinates"":[]}"
4_880_0,1309,646,214,436,290,788,2704,3311,3528,3696,3,floating_plants,VA0061_20250318,18.891659687630213,1,Valsequillo,-98.17821799932545,2025-03-18,"{""type"":""MultiPoint"",""coordinates"":[]}"
4_881_0,923,508,264,552,311,707,1769,1521,3652,2015,3,floating_plants,VA0062_20250318,18.891091236291455,1,Valsequillo,-98.17398096879947,2025-03-18,"{""type"":""MultiPoint"",""coordinates"":[]}"
4_882_0,1440,768,213,485,324,833,2766,3525,3592,3598,3,floating_plants,VA0063_20250318,18.8877210920741,1,Valsequillo,-98.17645861168418,2025-03-18,"{""type"":""MultiPoint"",""coordinates"":[]}"
4_883_0,1576,854,209,486,296,927,2004,2239,3112,2941,3,floating_plants,VA0064_20250318,18.886563858309554,1,Valsequillo,-98.1753216945959,2025-03-18,"{""type"":""MultiPoint"",""coordinates"":[]}"
4_884_0,1131,635,251,584,380,842,2164,2262,3868,2924,3,floating_plants,VA0065_20250318,18.887558673782543,1,Valsequillo,-98.17377705561934,2025-03-18,"{""type"":""MultiPoint"",""coordinates"":[]}"
4_885_0,1344,637,202,438,286,821,2757,3464,3720,3871,3,floating_plants,VA0066_20250318,18.890065988603567,1,Valsequillo,-98.17817498603873,2025-03-18,"{""type"":""MultiPoint"",""coordinates"":[]}"
4_886_0,1334,634,191,438,291,808,2784,3441,3528,3777,3,floating_plants,VA0067_20250318,18.890928821053336,1,Valsequillo,-98.178046266124,2025-03-18,"{""type"":""MultiPoint"",""coordinates"":[]}"
4_887_0,1086,521,188,412,266,729,2443,2949,3011,3301,3,floating_plants,VA0068_20250318,18.89351729212962,1,Valsequillo,-98.1771238996389,2025-03-18,"{""type"":""MultiPoint"",""coordinates"":[]}"
4_888_0,1269,699,293,554,452,862,2130,2536,3140,2849,3,floating_plants,VA0069_20250318,18.897973428654062,1,Valsequillo,-98.16937625439634,2025-03-18,"{""type"":""MultiPoint"",""coordinates"":[]}"
4_889_0,332,225,284,483,340,590,757,1026,2018,1294,3,floating_plants,VA0070_20250318,18.90577899483405,1,Valsequillo,-98.1733375194044,2025-03-18,"{""type"":""MultiPoint"",""coordinates"":[]}"
4_890_0,1178,542,234,472,310,813,2761,3375,3532,3649,3,floating_plants,VA0071_20250318,18.904784287644702,1,Valsequillo,-98.18174722049903,2025-03-18,"{""type"":""MultiPoint"",""coordinates"":[]}"
4_891_0,918,432,226,456,295,724,2155,2856,3185,3128,3,floating_plants,VA0072_20250318,18.905941395446188,1,Valsequillo,-98.18110362092546,2025-03-18,"{""type"":""MultiPoint"",""coordinates"":[]}"
4_892_0,1343,634,272,588,363,976,3076,3637,4055,3875,3,floating_plants,VA0073_20250318,18.905839895082057,1,Valsequillo,-98.17962334190625,2025-03-18,"{""type"":""MultiPoint"",""coordinates"":[]}"
4_893_0,832,393,194,371,238,628,1779,2234,2066,2365,3,floating_plants,VA0074_20250318,18.898531707043134,1,Valsequillo,-98.18369947253886,2025-03-18,"{""type"":""MultiPoint"",""coordinates"":[]}"
4_894_0,1442,665,231,469,313,812,2775,3381,3580,3817,3,floating_plants,VA0075_20250318,18.898085085203338,1,Valsequillo,-98.18003095496951,2025-03-18,"{""type"":""MultiPoint"",""coordinates"":[]}"
4_895_0,1080,492,220,418,255,707,2181,2748,2958,3059,3,floating_plants,VA0076_20250318,18.896724910783302,1,Valsequillo,-98.17623462290952,2025-03-18,"{""type"":""MultiPoint"",""coordinates"":[]}"
4_896_0,860,453,188,278,217,641,1966,2567,1510,2507,3,floating_plants,VA0077_20250318,18.896745211966845,1,Valsequillo,-98.18696128246896,2025-03-18,"{""type"":""MultiPoint"",""coordinates"":[]}"
4_897_0,1198,586,294,572,392,911,2645,3324,3936,3521,3,floating_plants,VA0078_20250318,18.90685489591285,1,Valsequillo,-98.174623514947,2025-03-18,"{""type"":""MultiPoint"",""coordinates"":[]}"
4_898_0,1334,745,281,454,345,810,1966,2433,2161,2680,3,floating_plants,VA0079_20250318,18.904895938707266,1,Valsequillo,-98.17450552169183,2025-03-18,"{""type"":""MultiPoint"",""coordinates"":[]}"
4_899_0,849,456,265,374,270,648,1741,2071,1894,2268,3,floating_plants,VA0080_20250318,18.90351551985286,1,Valsequillo,-98.17622178722135,2025-03-18,"{""type"":""MultiPoint"",""coordinates"":[]}"
4_900_0,905,478,307,500,377,751,1794,2234,2490,2385,3,floating_plants,VA0081_20250318,18.904885788364304,1,Valsequillo,-98.17762704927166,2025-03-18,"{""type"":""MultiPoint"",""coordinates"":[]}"
4_901_0,614,307,228,446,339,746,1621,1983,3184,1959,3,floating_plants,VA0082_20250318,18.914974682386422,1,Valsequillo,-98.17988184386773,2025-03-18,"{""type"":""MultiPoint"",""coordinates"":[]}"
4_902_0,1552,834,323,638,426,1149,3176,3667,3952,4094,3,floating_plants,VA0083_20250318,18.916192616166022,1,Valsequillo,-98.17812267169997,2025-03-18,"{""type"":""MultiPoint"",""coordinates"":[]}"
4_903_0,489,267,318,524,368,721,1125,1320,1738,1540,3,floating_plants,VA0084_20250318,18.918019500200096,1,Valsequillo,-98.18078288327072,2025-03-18,"{""type"":""MultiPoint"",""coordinates"":[]}"
4_904_0,725,367,287,484,335,706,1518,1934,2376,2006,3,floating_plants,VA0085_20250318,18.919501291475363,1,Valsequillo,-98.18818427836675,2025-03-18,"{""type"":""MultiPoint"",""coordinates"":[]}"
4_905_0,468,243,299,454,330,626,1079,1256,1224,1323,3,floating_plants,VA0086_20250318,18.918242784657384,1,Valsequillo,-98.18777666530349,2025-03-18,"{""type"":""MultiPoint"",""coordinates"":[]}"
4_906_0,449,247,288,468,342,628,1085,1408,2586,1255,3,floating_plants,VA0087_20250318,18.917512034415335,1,Valsequillo,-98.18726178564464,2025-03-18,"{""type"":""MultiPoint"",""coordinates"":[]}"
4_907_0,441,250,284,486,344,645,1058,1215,2106,1312,3,floating_plants,VA0088_20250318,18.920759788818508,1,Valsequillo,-98.18164101603548,2025-03-18,"{""type"":""MultiPoint"",""coordinates"":[]}"
4_908_0,1335,638,212,467,306,847,2710,3306,3488,3724,3,floating_plants,VA0089_20250318,18.92124694653654,1,Valsequillo,-98.17923824429417,2025-03-18,"{""type"":""MultiPoint"",""coordinates"":[]}"
4_909_0,1165,567,230,509,296,911,2911,3819,4036,4071,3,floating_plants,VA0090_20250318,18.9227693058771,1,Valsequillo,-98.18204880321875,2025-03-18,"{""type"":""MultiPoint"",""coordinates"":[]}"
4_910_0,1245,634,226,448,344,878,2875,3536,3552,3928,3,floating_plants,VA0091_20250318,18.92711302651593,1,Valsequillo,-98.18224188309081,2025-03-18,"{""type"":""MultiPoint"",""coordinates"":[]}"
4_911_0,1201,550,218,457,310,813,2529,3097,3332,3466,3,floating_plants,VA0092_20250318,18.92715362150337,1,Valsequillo,-98.1797318447539,2025-03-18,"{""type"":""MultiPoint"",""coordinates"":[]}"
4_912_0,1018,480,288,482,325,794,2278,2735,2402,2978,3,floating_plants,VA0093_20250318,18.921409332754113,1,Valsequillo,-98.18760521722355,2025-03-18,"{""type"":""MultiPoint"",""coordinates"":[]}"
4_913_0,2105,1088,501,836,820,1325,2783,3222,3289,3583,1,LEV,VA0094_20250318,18.920069646376124,0,Valsequillo,-98.18964329995185,2025-03-18,"{""type"":""MultiPoint"",""coordinates"":[]}"
4_914_0,2711,1731,660,888,1064,1430,2173,2400,2412,2700,1,LEV,VA0095_20250318,18.922464834708325,0,Valsequillo,-98.1881201142944,2025-03-18,"{""type"":""MultiPoint"",""coordinates"":[]}"
4_915_0,3082,2203,863,1092,1360,1627,2128,2349,2662,2649,1,LEV,VA0096_20250318,18.92314481855129,0,Valsequillo,-98.1846016567809,2025-03-18,"{""type"":""MultiPoint"",""coordinates"":[]}"
4_916_0,1189,522,193,444,274,781,2701,3219,3608,3601,3,floating_plants,VA0097_20250318,18.92593576760531,1,Valsequillo,-98.18102000591408,2025-03-18,"{""type"":""MultiPoint"",""coordinates"":[]}"
4_917_0,1296,590,241,458,296,836,2790,3508,3720,3848,3,floating_plants,VA0098_20250318,18.92522534872354,1,Valsequillo,-98.17730858170648,2025-03-18,"{""type"":""MultiPoint"",""coordinates"":[]}"
4_918_0,1131,524,212,458,280,798,2516,2977,3476,3287,3,floating_plants,VA0099_20250318,18.92449462900857,1,Valsequillo,-98.17984007336254,2025-03-18,"{""type"":""MultiPoint"",""coordinates"":[]}"
4_919_0,1567,725,243,478,328,876,3107,3927,4184,4425,3,floating_plants,VA0100_20250318,18.92916306164095,1,Valsequillo,-98.1825001238723,2025-03-18,"{""type"":""MultiPoint"",""coordinates"":[]}"
4_920_0,1628,739,200,449,304,885,3312,4060,3896,4342,3,floating_plants,VA0101_20250318,18.936835245356,1,Valsequillo,-98.1779297746539,2025-03-18,"{""type"":""MultiPoint"",""coordinates"":[]}"
4_921_0,1255,570,166,415,216,763,3124,3954,4084,4545,3,floating_plants,VA0102_20250318,18.935515979678797,1,Valsequillo,-98.17312423117127,2025-03-18,"{""type"":""MultiPoint"",""coordinates"":[]}"
4_922_0,1147,566,236,470,318,813,2434,3007,3284,3378,3,floating_plants,VA0103_20250318,18.934866491209494,1,Valsequillo,-98.17567717614641,2025-03-18,"{""type"":""MultiPoint"",""coordinates"":[]}"
4_923_0,1410,683,187,422,301,800,2889,3684,4124,4205,3,floating_plants,VA0104_20250318,18.934825898096303,1,Valsequillo,-98.17844465431277,2025-03-18,"{""type"":""MultiPoint"",""coordinates"":[]}"
4_924_0,1142,541,241,476,326,785,2338,2909,2902,3181,3,floating_plants,VA0105_20250318,18.93344572637747,1,Valsequillo,-98.17752216159066,2025-03-18,"{""type"":""MultiPoint"",""coordinates"":[]}"
4_925_0,1561,716,175,443,290,861,3195,4012,4080,4515,3,floating_plants,VA0106_20250318,18.938641607609224,1,Valsequillo,-98.17829448107894,2025-03-18,"{""type"":""MultiPoint"",""coordinates"":[]}"
4_926_0,1577,725,200,475,309,847,3057,3980,4288,4451,3,floating_plants,VA0107_20250318,18.935617462023952,1,Valsequillo,-98.18093323933057,2025-03-18,"{""type"":""MultiPoint"",""coordinates"":[]}"
4_927_0,1348,615,205,447,292,799,2758,3456,3444,3686,3,floating_plants,VA0108_20250318,18.93265415215728,1,Valsequillo,-98.17481904338166,2025-03-18,"{""type"":""MultiPoint"",""coordinates"":[]}"
4_928_0,974,505,191,457,314,803,2258,2749,3320,2764,3,floating_plants,VA0109_20250318,18.935475386723454,1,Valsequillo,-98.17434707036107,2025-03-18,"{""type"":""MultiPoint"",""coordinates"":[]}"
4_929_0,1611,798,234,467,342,974,2993,3694,4056,4133,3,floating_plants,VA0110_20250318,18.938519830992913,1,Valsequillo,-98.17222319176827,2025-03-18,"{""type"":""MultiPoint"",""coordinates"":[]}"
4_930_0,1501,667,184,465,271,826,3366,4304,4496,4744,3,floating_plants,VA0111_20250318,18.94073209285493,1,Valsequillo,-98.1807618478396,2025-03-18,"{""type"":""MultiPoint"",""coordinates"":[]}"
4_931_0,1194,544,220,424,288,769,2524,3101,3232,3412,3,floating_plants,VA0112_20250318,18.929223953350313,1,Valsequillo,-98.17702856113091,2025-03-18,"{""type"":""MultiPoint"",""coordinates"":[]}"
4_932_0,1746,816,289,722,336,1186,4396,5140,5680,5501,3,floating_plants,VA0113_20250318,18.928939791752278,1,Valsequillo,-98.17361748339098,2025-03-18,"{""type"":""MultiPoint"",""coordinates"":[]}"
4_933_0,1318,591,210,452,292,794,2761,3409,3652,3871,3,floating_plants,VA0114_20250318,18.930665051156474,1,Valsequillo,-98.17426108296458,2025-03-18,"{""type"":""MultiPoint"",""coordinates"":[]}"
4_934_0,1357,618,182,447,280,795,3241,4135,4280,4623,3,floating_plants,VA0115_20250318,18.92938633118932,1,Valsequillo,-98.17233028424386,2025-03-18,"{""type"":""MultiPoint"",""coordinates"":[]}"
4_935_0,1582,787,240,483,392,873,2892,3690,3784,4275,3,floating_plants,VA0116_20250318,18.931619010471476,1,Valsequillo,-98.1807614386576,2025-03-18,"{""type"":""MultiPoint"",""coordinates"":[]}"
4_936_0,981,469,233,463,314,756,2154,2640,2930,2860,3,floating_plants,VA0117_20250318,18.929934355230873,1,Valsequillo,-98.17968877270165,2025-03-18,"{""type"":""MultiPoint"",""coordinates"":[]}"
4_937_0,1337,679,275,501,369,835,2677,3409,3212,3816,3,floating_plants,VA0118_20250318,18.92583427907358,1,Valsequillo,-98.1844522104981,2025-03-18,"{""type"":""MultiPoint"",""coordinates"":[]}"
4_938_0,581,331,277,500,342,703,1645,2036,3163,2316,3,floating_plants,VA0119_20250318,18.92287079567553,1,Valsequillo,-98.18584667624083,2025-03-18,"{""type"":""MultiPoint"",""coordinates"":[]}"
4_939_0,506,249,266,444,339,632,1230,1680,2565,1513,3,floating_plants,VA0120_20250318,18.917451138751204,1,Valsequillo,-98.18623283598498,2025-03-18,"{""type"":""MultiPoint"",""coordinates"":[]}"
4_940_0,782,387,262,458,320,761,2259,2493,3320,2927,3,floating_plants,VA0121_20250318,18.915969329304144,1,Valsequillo,-98.18593248951731,2025-03-18,"{""type"":""MultiPoint"",""coordinates"":[]}"
4_941_0,731,371,244,464,341,718,1624,2010,2520,2309,3,floating_plants,VA0122_20250318,18.921835593885024,1,Valsequillo,-98.18147019914055,2025-03-18,"{""type"":""MultiPoint"",""coordinates"":[]}"
4_942_0,660,343,219,462,312,735,1772,2046,3452,2254,3,floating_plants,VA0123_20250318,18.916517396968835,1,Valsequillo,-98.17612778290791,2025-03-18,"{""type"":""MultiPoint"",""coordinates"":[]}"
4_943_0,126,122,102,115,93,142,57,69,50,56,2,open_water,VA0124_20250318,18.891182596283357,0,Valsequillo,-98.19820453676937,2025-03-18,"{""type"":""MultiPoint"",""coordinates"":[]}"
4_944_0,157,137,124,126,108,143,76,79,71,72,2,open_water,VA0125_20250318,18.894268450095293,0,Valsequillo,-98.1979900035782,2025-03-18,"{""type"":""MultiPoint"",""coordinates"":[]}"
4_945_0,123,90,184,253,174,298,162,156,137,106,2,open_water,VA0126_20250318,18.89715123581663,0,Valsequillo,-98.18923704937768,2025-03-18,"{""type"":""MultiPoint"",""coordinates"":[]}"
4_946_0,172,118,170,250,188,296,140,173,133,125,2,open_water,VA0127_20250318,18.897679064444365,0,Valsequillo,-98.18752078384814,2025-03-18,"{""type"":""MultiPoint"",""coordinates"":[]}"
4_947_0,91,76,150,188,140,214,89,85,62,40,2,open_water,VA0128_20250318,18.90226704316117,0,Valsequillo,-98.17460588573856,2025-03-18,"{""type"":""MultiPoint"",""coordinates"":[]}"
4_948_0,75,80,108,147,110,170,76,70,55,42,2,open_water,VA0129_20250318,18.901008406653087,0,Valsequillo,-98.17057266174417,2025-03-18,"{""type"":""MultiPoint"",""coordinates"":[]}"
4_949_0,214,220,267,283,268,332,250,257,240,212,2,open_water,VA0130_20250318,18.901414419464274,0,Valsequillo,-98.16366469298787,2025-03-18,"{""type"":""MultiPoint"",""coordinates"":[]}"
4_950_0,412,356,349,409,398,493,429,392,396,386,2,open_water,VA0131_20250318,18.9014956219083,0,Valsequillo,-98.1581726432934,2025-03-18,"{""type"":""MultiPoint"",""coordinates"":[]}"
4_951_0,400,358,337,350,358,490,369,368,390,355,2,open_water,VA0132_20250318,18.900561791422955,0,Valsequillo,-98.15709997733748,2025-03-18,"{""type"":""MultiPoint"",""coordinates"":[]}"
4_952_0,69,75,138,160,115,190,115,102,91,83,2,open_water,VA0133_20250318,18.90758569289446,0,Valsequillo,-98.16546677179387,2025-03-18,"{""type"":""MultiPoint"",""coordinates"":[]}"
4_953_0,105,118,163,196,153,239,128,130,129,104,2,open_water,VA0134_20250318,18.90709849537392,0,Valsequillo,-98.1711733546795,2025-03-18,"{""type"":""MultiPoint"",""coordinates"":[]}"
4_954_0,421,369,491,516,516,538,445,378,461,371,2,open_water,VA0135_20250318,18.89723244032926,0,Valsequillo,-98.17194567416777,2025-03-18,"{""type"":""MultiPoint"",""coordinates"":[]}"
4_955_0,96,81,109,163,108,194,88,97,79,52,2,open_water,VA0136_20250318,18.894796287813563,0,Valsequillo,-98.17567855169449,2025-03-18,"{""type"":""MultiPoint"",""coordinates"":[]}"
4_956_0,108,101,132,226,152,256,87,104,88,66,2,open_water,VA0137_20250318,18.89134501105988,0,Valsequillo,-98.17576436497097,2025-03-18,"{""type"":""MultiPoint"",""coordinates"":[]}"
4_957_0,267,238,236,332,278,339,202,206,223,164,2,open_water,VA0138_20250318,18.88801547665236,0,Valsequillo,-98.17254636710311,2025-03-18,"{""type"":""MultiPoint"",""coordinates"":[]}"
4_958_0,87,84,94,116,82,134,58,52,46,16,2,open_water,VA0139_20250318,18.888299707783908,0,Valsequillo,-98.191639821119,2025-03-18,"{""type"":""MultiPoint"",""coordinates"":[]}"
4_959_0,88,93,106,142,97,151,55,58,43,15,2,open_water,VA0140_20250318,18.891101388836,0,Valsequillo,-98.19490072562505,2025-03-18,"{""type"":""MultiPoint"",""coordinates"":[]}"
4_960_0,106,106,81,114,96,144,63,50,56,53,2,open_water,VA0141_20250318,18.885538584944612,0,Valsequillo,-98.19391387294559,2025-03-18,"{""type"":""MultiPoint"",""coordinates"":[]}"
4_961_0,180,154,104,135,108,152,113,116,109,83,2,open_water,VA0142_20250318,18.88383316211688,0,Valsequillo,-98.19455744640118,2025-03-18,"{""type"":""MultiPoint"",""coordinates"":[]}"
4_962_0,68,71,122,152,102,191,110,114,87,83,2,open_water,VA0143_20250318,18.91257938675895,0,Valsequillo,-98.16426398425713,2025-03-18,"{""type"":""MultiPoint"",""coordinates"":[]}"
4_963_0,82,80,106,160,120,206,92,87,71,48,2,open_water,VA0144_20250318,18.91704516455574,0,Valsequillo,-98.1321698014432,2025-03-18,"{""type"":""MultiPoint"",""coordinates"":[]}"
4_964_0,183,151,229,294,204,300,207,183,216,155,2,open_water,VA0145_20250318,18.920374121307663,0,Valsequillo,-98.13924939675242,2025-03-18,"{""type"":""MultiPoint"",""coordinates"":[]}"
4_965_0,102,95,83,140,97,180,89,92,74,55,2,open_water,VA0146_20250318,18.91387853442243,0,Valsequillo,-98.13555942586397,2025-03-18,"{""type"":""MultiPoint"",""coordinates"":[]}"
4_966_0,110,107,79,150,105,188,82,80,74,62,2,open_water,VA0147_20250318,18.91197040782292,0,Valsequillo,-98.14251030125851,2025-03-18,"{""type"":""MultiPoint"",""coordinates"":[]}"
4_967_0,155,165,204,212,176,273,153,154,153,114,2,open_water,VA0148_20250318,18.92114545548524,0,Valsequillo,-98.17220169491917,2025-03-18,"{""type"":""MultiPoint"",""coordinates"":[]}"
4_968_0,98,75,129,149,106,186,100,97,77,72,2,open_water,VA0149_20250318,18.915218269874952,0,Valsequillo,-98.16889788377482,2025-03-18,"{""type"":""MultiPoint"",""coordinates"":[]}"
4_969_0,304,230,390,414,333,413,333,341,357,296,2,open_water,VA0150_20250318,18.919724573976318,0,Valsequillo,-98.16186119510381,2025-03-18,"{""type"":""MultiPoint"",""coordinates"":[]}"
4_970_0,83,83,156,218,149,254,125,138,113,87,2,open_water,VA0151_20250318,18.9163956042896,0,Valsequillo,-98.15984458310663,2025-03-18,"{""type"":""MultiPoint"",""coordinates"":[]}"
4_971_0,68,71,124,154,118,187,113,96,78,57,2,open_water,VA0152_20250318,18.91038705220112,0,Valsequillo,-98.15675530515351,2025-03-18,"{""type"":""MultiPoint"",""coordinates"":[]}"
4_972_0,57,61,127,153,111,185,113,105,88,68,2,open_water,VA0153_20250318,18.908844281023104,0,Valsequillo,-98.16091724906256,2025-03-18,"{""type"":""MultiPoint"",""coordinates"":[]}"
4_973_0,179,130,374,516,393,558,307,327,291,229,2,open_water,VA0154_20250318,18.92107441173955,0,Valsequillo,-98.18853834519221,2025-03-18,"{""type"":""MultiPoint"",""coordinates"":[]}"
4_974_0,164,141,348,509,399,568,304,316,277,239,2,open_water,VA0155_20250318,18.920506060343808,0,Valsequillo,-98.18828090536279,2025-03-18,"{""type"":""MultiPoint"",""coordinates"":[]}"
4_975_0,160,115,371,511,396,555,305,335,280,239,2,open_water,VA0156_20250318,18.91899383025447,0,Valsequillo,-98.18926775804228,2025-03-18,"{""type"":""MultiPoint"",""coordinates"":[]}"
4_976_0,138,82,310,447,334,478,215,273,253,132,2,open_water,VA0157_20250318,18.917623677085903,0,Valsequillo,-98.1884096252775,2025-03-18,"{""type"":""MultiPoint"",""coordinates"":[]}"
4_977_0,131,105,360,481,356,530,298,298,262,220,2,open_water,VA0158_20250318,18.918415322508626,0,Valsequillo,-98.18898886489373,2025-03-18,"{""type"":""MultiPoint"",""coordinates"":[]}"
4_978_0,134,103,345,478,352,513,262,222,185,152,2,open_water,VA0159_20250318,18.919552037585063,0,Valsequillo,-98.18753003919362,2025-03-18,"{""type"":""MultiPoint"",""coordinates"":[]}"
4_979_0,82,71,343,467,355,504,211,208,145,97,2,open_water,VA0160_20250318,18.918658904961408,0,Valsequillo,-98.18748713255538,2025-03-18,"{""type"":""MultiPoint"",""coordinates"":[]}"
4_980_0,81,51,325,446,318,471,177,154,127,46,2,open_water,VA0161_20250318,18.918557412315874,0,Valsequillo,-98.18645737323769,2025-03-18,"{""type"":""MultiPoint"",""coordinates"":[]}"
4_981_0,104,72,352,467,359,496,207,169,161,112,2,open_water,VA0162_20250318,18.917116210099646,0,Valsequillo,-98.186693359748,2025-03-18,"{""type"":""MultiPoint"",""coordinates"":[]}"
4_982_0,100,83,358,535,400,585,249,253,183,157,2,open_water,VA0163_20250318,18.91813114253178,0,Valsequillo,-98.18152310984033,2025-03-18,"{""type"":""MultiPoint"",""coordinates"":[]}"
4_983_0,162,146,436,624,503,722,342,390,346,285,2,open_water,VA0164_20250318,18.920171138080633,0,Valsequillo,-98.18098677686234,2025-03-18,"{""type"":""MultiPoint"",""coordinates"":[]}"
4_984_0,156,110,368,521,397,591,395,458,254,357,2,open_water,VA0165_20250318,18.921947233334443,0,Valsequillo,-98.1825635958176,2025-03-18,"{""type"":""MultiPoint"",""coordinates"":[]}"
4_985_0,108,91,342,524,372,571,237,226,210,186,2,open_water,VA0166_20250318,18.92121649928652,0,Valsequillo,-98.18243487590289,2025-03-18,"{""type"":""MultiPoint"",""coordinates"":[]}"
4_986_0,85,79,371,504,396,568,236,226,158,119,2,open_water,VA0167_20250318,18.921571717625522,0,Valsequillo,-98.18400096819857,2025-03-18,"{""type"":""MultiPoint"",""coordinates"":[]}"
4_987_0,325,184,332,500,402,603,502,473,313,532,2,open_water,VA0168_20250318,18.922708411237146,0,Valsequillo,-98.18381861498605,2025-03-18,"{""type"":""MultiPoint"",""coordinates"":[]}"
4_988_0,193,147,372,498,387,567,272,301,262,223,2,open_water,VA0169_20250318,18.922799752352518,0,Valsequillo,-98.18690789293919,2025-03-18,"{""type"":""MultiPoint"",""coordinates"":[]}"
4_989_0,119,97,327,466,357,518,233,209,167,129,2,open_water,VA0170_20250318,18.9222111087333,0,Valsequillo,-98.18545979389866,2025-03-18,"{""type"":""MultiPoint"",""coordinates"":[]}"
4_990_0,89,74,335,442,336,495,195,186,129,85,2,open_water,VA0171_20250318,18.92068874493175,0,Valsequillo,-98.18588886028104,2025-03-18,"{""type"":""MultiPoint"",""coordinates"":[]}"
4_991_0,78,69,300,450,335,511,181,159,114,70,2,open_water,VA0172_20250318,18.919765170801366,0,Valsequillo,-98.18503072751628,2025-03-18,"{""type"":""MultiPoint"",""coordinates"":[]}"
4_992_0,188,154,380,576,452,646,340,351,289,251,2,open_water,VA0173_20250318,18.925225348469095,0,Valsequillo,-98.18403313511824,2025-03-18,"{""type"":""MultiPoint"",""coordinates"":[]}"
4_993_0,104,76,329,510,396,579,274,274,244,163,2,open_water,VA0174_20250318,18.92482954235343,0,Valsequillo,-98.18144801016442,2025-03-18,"{""type"":""MultiPoint"",""coordinates"":[]}"
4_994_0,128,110,344,546,422,598,300,255,214,178,2,open_water,VA0175_20250318,18.923966884750634,0,Valsequillo,-98.18282102258802,2025-03-18,"{""type"":""MultiPoint"",""coordinates"":[]}"
4_995_0,115,67,332,514,376,558,279,329,228,182,2,open_water,VA0176_20250318,18.923804501645044,0,Valsequillo,-98.18161963671737,2025-03-18,"{""type"":""MultiPoint"",""coordinates"":[]}"
4_996_0,134,126,333,490,388,549,257,275,216,157,2,open_water,VA0177_20250318,18.925925618530954,0,Valsequillo,-98.18307846241746,2025-03-18,"{""type"":""MultiPoint"",""coordinates"":[]}"
4_997_0,129,101,330,540,420,601,253,258,266,176,2,open_water,VA0178_20250318,18.92607785076478,0,Valsequillo,-98.18185562322768,2025-03-18,"{""type"":""MultiPoint"",""coordinates"":[]}"
4_998_0,293,157,345,520,410,576,272,340,377,232,2,open_water,VA0179_20250318,18.929213804463306,0,Valsequillo,-98.18012826538659,2025-03-18,"{""type"":""MultiPoint"",""coordinates"":[]}"
4_999_0,200,109,332,502,382,574,365,378,345,293,2,open_water,VA0180_20250318,18.927924924689943,0,Valsequillo,-98.18040715853512,2025-03-18,"{""type"":""MultiPoint"",""coordinates"":[]}"
4_1000_0,200,141,360,506,409,593,351,402,299,299,2,open_water,VA0181_20250318,18.92817864196676,0,Valsequillo,-98.18238086389408,2025-03-18,"{""type"":""MultiPoint"",""coordinates"":[]}"
4_1001_0,192,141,357,516,409,579,291,327,300,232,2,open_water,VA0182_20250318,18.927437786438503,0,Valsequillo,-98.18275629697865,2025-03-18,"{""type"":""MultiPoint"",""coordinates"":[]}"
4_1002_0,194,162,157,174,127,219,133,163,122,137,2,open_water,VA0183_20250318,18.92374360778443,0,Valsequillo,-98.17290803948698,2025-03-18,"{""type"":""MultiPoint"",""coordinates"":[]}"
4_1003_0,2738,1823,558,818,960,1436,2262,2528,2688,2979,1,LEV,VA0184_20250318,18.91933890455541,0,Valsequillo,-98.18086925808423,2025-03-18,"{""type"":""MultiPoint"",""coordinates"":[]}"
4_1004_0,2309,1365,457,816,763,1276,2636,3158,3384,3523,1,LEV,VA0185_20250318,18.923845097576333,0,Valsequillo,-98.17829485978994,2025-03-18,"{""type"":""MultiPoint"",""coordinates"":[]}"
4_1005_0,3529,2342,662,938,1506,1915,2514,2893,3140,3474,1,LEV,VA0186_20250318,18.927539273292986,0,Valsequillo,-98.17627824779277,2025-03-18,"{""type"":""MultiPoint"",""coordinates"":[]}"
4_1006_0,3052,2148,738,1072,1318,1837,2481,2665,2798,3003,1,LEV,VA0187_20250318,18.918384875135462,0,Valsequillo,-98.17235229039402,2025-03-18,"{""type"":""MultiPoint"",""coordinates"":[]}"
4_1007_0,2987,2284,1130,1494,1728,1916,2518,2674,2996,2831,1,LEV,VA0188_20250318,18.917268450815655,0,Valsequillo,-98.17531284843241,2025-03-18,"{""type"":""MultiPoint"",""coordinates"":[]}"
4_1008_0,2959,1854,706,1292,1010,1859,3475,3769,4088,4102,1,LEV,VA0189_20250318,18.916456501173066,0,Valsequillo,-98.17411146256174,2025-03-18,"{""type"":""MultiPoint"",""coordinates"":[]}"
4_1009_0,2164,1103,394,976,524,1285,3737,4483,5332,4839,1,LEV,VA0190_20250318,18.918770547258735,0,Valsequillo,-98.16540141499948,2025-03-18,"{""type"":""MultiPoint"",""coordinates"":[]}"
4_1010_0,2285,1672,517,723,780,1277,1926,2082,2430,2297,1,LEV,VA0191_20250318,18.921389034460994,0,Valsequillo,-98.16231213704634,2025-03-18,"{""type"":""MultiPoint"",""coordinates"":[]}"
4_1011_0,2484,1362,423,698,550,1140,2990,3647,3676,3921,1,LEV,VA0192_20250318,18.937789170072392,0,Valsequillo,-98.17089359093092,2025-03-18,"{""type"":""MultiPoint"",""coordinates"":[]}"
4_1012_0,3073,2051,732,1008,1166,1535,2251,2511,2786,2906,1,LEV,VA0193_20250318,18.9388242730094,0,Valsequillo,-98.17629982734888,2025-03-18,"{""type"":""MultiPoint"",""coordinates"":[]}"
4_1013_0,3681,2294,473,704,1152,1671,2171,2611,2978,3310,1,LEV,VA0194_20250318,18.943817032343897,0,Valsequillo,-98.17900294555788,2025-03-18,"{""type"":""MultiPoint"",""coordinates"":[]}"
4_1014_0,3392,2151,624,1010,1070,1780,2636,3043,3452,3547,1,LEV,VA0195_20250318,18.94438530442935,0,Valsequillo,-98.18172751708597,2025-03-18,"{""type"":""MultiPoint"",""coordinates"":[]}"
4_1015_0,2242,1237,314,674,483,1202,3648,4762,4895,5003,1,LEV,VA0196_20250318,18.952117672156408,0,Valsequillo,-98.18131947307572,2025-03-18,"{""type"":""MultiPoint"",""coordinates"":[]}"
4_1016_0,1914,1022,383,730,570,1035,3309,4004,3528,4202,1,LEV,VA0197_20250318,18.949093770699104,0,Valsequillo,-98.18219905915957,2025-03-18,"{""type"":""MultiPoint"",""coordinates"":[]}"
4_1017_0,2938,1795,501,838,838,1487,2962,3363,4184,3792,1,LEV,VA0198_20250318,18.947206341344227,0,Valsequillo,-98.17831600839905,2025-03-18,"{""type"":""MultiPoint"",""coordinates"":[]}"
4_1018_0,3613,2838,1534,1794,2262,2582,2514,2776,2866,2953,1,LEV,VA0199_20250318,18.948809642913737,0,Valsequillo,-98.17325302508698,2025-03-18,"{""type"":""MultiPoint"",""coordinates"":[]}"
4_1019_0,2325,1232,208,625,313,981,4090,5043,5248,5220,1,LEV,VA0200_20250318,18.94673955444807,0,Valsequillo,-98.17559143687096,2025-03-18,"{""type"":""MultiPoint"",""coordinates"":[]}"
4_1020_0,1722,1146,249,371,407,740,1267,1466,1494,1585,1,LEV,VA0201_20250318,18.940427655159368,0,Valsequillo,-98.18960088084964,2025-03-18,"{""type"":""MultiPoint"",""coordinates"":[]}"
4_1021_0,2693,1528,614,918,814,1442,3492,4069,4420,4278,1,LEV,VA0202_20250318,18.937159986792782,0,Valsequillo,-98.19234690569687,2025-03-18,"{""type"":""MultiPoint"",""coordinates"":[]}"
4_1022_0,2498,1547,734,1070,1044,1436,2977,3414,3500,3893,1,LEV,VA0203_20250318,18.942639891228197,0,Valsequillo,-98.19552199692646,2025-03-18,"{""type"":""MultiPoint"",""coordinates"":[]}"
4_1023_0,3529,2546,1042,1276,1614,1816,2132,2283,2564,2596,1,LEV,VA0204_20250318,18.93935197014893,0,Valsequillo,-98.19350538492927,2025-03-18,"{""type"":""MultiPoint"",""coordinates"":[]}"
4_1024_0,2834,2123,774,966,1272,1513,1729,1929,2152,2191,1,LEV,VA0205_20250318,18.93799213201072,0,Valsequillo,-98.19539327701177,2025-03-18,"{""type"":""MultiPoint"",""coordinates"":[]}"
4_1025_0,2766,2154,755,919,1190,1375,1577,1712,1828,1939,1,LEV,VA0206_20250318,18.938946048871955,0,Valsequillo,-98.18655423529574,2025-03-18,"{""type"":""MultiPoint"",""coordinates"":[]}"
4_1026_0,3387,2447,879,1238,1476,1915,2304,2514,2696,2767,1,LEV,VA0207_20250318,18.930522972260984,0,Valsequillo,-98.18728364814578,2025-03-18,"{""type"":""MultiPoint"",""coordinates"":[]}"
4_1027_0,3853,3115,2352,2744,3156,3111,3228,3359,3708,3423,1,LEV,VA0208_20250318,18.933039791459073,0,Valsequillo,-98.18245665134403,2025-03-18,"{""type"":""MultiPoint"",""coordinates"":[]}"
4_1028_0,3214,2212,778,1104,1306,1753,2517,2794,2968,3098,1,LEV,VA0209_20250318,18.934927380971327,0,Valsequillo,-98.18700475499725,2025-03-18,"{""type"":""MultiPoint"",""coordinates"":[]}"
4_1029_0,3038,2027,733,1084,1312,1784,2672,2880,3100,3220,1,LEV,VA0210_20250318,18.92877741332488,0,Valsequillo,-98.19464362968264,2025-03-18,"{""type"":""MultiPoint"",""coordinates"":[]}"
4_1030_0,1922,1153,318,492,465,950,1803,2115,2164,2312,1,LEV,VA0211_20250318,18.926199636922757,0,Valsequillo,-98.18951543757818,2025-03-18,"{""type"":""MultiPoint"",""coordinates"":[]}"
4_1031_0,1712,1064,335,524,474,883,1618,1819,1884,2012,1,LEV,VA0212_20250318,18.929325439183707,0,Valsequillo,-98.1898801440032,2025-03-18,"{""type"":""MultiPoint"",""coordinates"":[]}"
4_1032_0,3055,2245,725,952,1296,1434,1680,1865,2119,2141,1,LEV,VA0213_20250318,18.93715998578653,0,Valsequillo,-98.20470760438154,2025-03-18,"{""type"":""MultiPoint"",""coordinates"":[]}"
4_1033_0,3014,2229,730,1011,1232,1519,1931,2137,2282,2423,1,LEV,VA0214_20250318,18.929812572481243,0,Valsequillo,-98.20758234914348,2025-03-18,"{""type"":""MultiPoint"",""coordinates"":[]}"
4_1034_0,2785,1908,674,937,1176,1355,2323,2617,2784,2910,1,LEV,VA0215_20250318,18.93330364893796,0,Valsequillo,-98.21118650675547,2025-03-18,"{""type"":""MultiPoint"",""coordinates"":[]}"
4_1035_0,2781,2142,662,822,1152,1393,1554,1637,1704,1840,1,LEV,VA0216_20250318,18.927823438153567,0,Valsequillo,-98.20505085748742,2025-03-18,"{""type"":""MultiPoint"",""coordinates"":[]}"
4_1036_0,2314,1607,549,718,921,980,1280,1505,1752,1677,1,LEV,VA0217_20250318,18.925996661277967,0,Valsequillo,-98.20438580459475,2025-03-18,"{""type"":""MultiPoint"",""coordinates"":[]}"
4_1037_0,3430,2251,838,1116,1340,1731,2668,3053,3276,3479,1,LEV,VA0218_20250318,18.945521842779275,0,Valsequillo,-98.1955039345945,2025-03-18,"{""type"":""MultiPoint"",""coordinates"":[]}"
4_1038_0,4077,2869,1023,1314,1724,2092,2459,2702,2900,3084,1,LEV,VA0219_20250318,18.94791666663708,0,Valsequillo,-98.1803755052695,2025-03-18,"{""type"":""MultiPoint"",""coordinates"":[]}"
4_1039_0,1958,1092,415,644,526,1141,2971,3648,3904,3793,1,LEV,VA0220_20250318,18.94755135681899,0,Valsequillo,-98.17672844101924,2025-03-18,"{""type"":""MultiPoint"",""coordinates"":[]}"
4_1040_0,3775,2612,973,1354,1544,2094,3038,3389,3684,3781,1,LEV,VA0221_20250318,18.94209190927844,0,Valsequillo,-98.17775820033695,2025-03-18,"{""type"":""MultiPoint"",""coordinates"":[]}"
4_1041_0,2310,1254,372,692,584,1219,2944,3827,3740,4101,1,LEV,VA0222_20250318,18.954147105773966,0,Valsequillo,-98.18717655131721,2025-03-18,"{""type"":""MultiPoint"",""coordinates"":[]}"
4_1042_0,3403,2571,1002,1206,1594,1902,2174,2329,2474,2526,1,LEV,VA0223_20250318,18.951772666318714,0,Valsequillo,-98.16937029644848,2025-03-18,"{""type"":""MultiPoint"",""coordinates"":[]}"
4_1043_0,3259,2622,1444,1710,2070,2274,2775,2867,3096,3123,1,LEV,VA0224_20250318,18.953660044025238,0,Valsequillo,-98.1685979769602,2025-03-18,"{""type"":""MultiPoint"",""coordinates"":[]}"
4_1044_0,1759,1165,286,547,668,894,1360,1524,1592,1699,1,LEV,VA0225_20250318,18.948424039920674,0,Valsequillo,-98.16014223942017,2025-03-18,"{""type"":""MultiPoint"",""coordinates"":[]}"
4_1045_0,4068,3301,1798,2084,2494,2784,3176,3299,3460,3525,1,LEV,VA0226_20250318,18.948606693974565,0,Valsequillo,-98.15160381841085,2025-03-18,"{""type"":""MultiPoint"",""coordinates"":[]}"
4_1046_0,4086,3787,4544,4832,4396,3278,3623,3228,4600,3167,1,LEV,VA0227_20250318,18.945197118673754,0,Valsequillo,-98.15831870729505,2025-03-18,"{""type"":""MultiPoint"",""coordinates"":[]}"
4_1047_0,2988,2272,778,1044,1296,1531,1802,1943,2088,2174,1,LEV,VA0228_20250318,18.93933167439982,0,Valsequillo,-98.14877198899312,2025-03-18,"{""type"":""MultiPoint"",""coordinates"":[]}"
4_1048_0,2727,2393,672,919,1866,2140,2321,2280,2066,2190,1,LEV,VA0229_20250318,18.93466352590507,0,Valsequillo,-98.15640663256234,2025-03-18,"{""type"":""MultiPoint"",""coordinates"":[]}"
4_1049_0,1551,922,216,388,313,739,1786,2181,2820,2393,1,LEV,VA0230_20250318,18.93236999630632,0,Valsequillo,-98.13578806450997,2025-03-18,"{""type"":""MultiPoint"",""coordinates"":[]}"
4_1050_0,3034,1903,770,1252,1424,2018,3468,3951,3685,4316,1,LEV,VA0231_20250318,18.93622635471232,0,Valsequillo,-98.13385726578926,2025-03-18,"{""type"":""MultiPoint"",""coordinates"":[]}"
4_1051_0,1837,1284,339,507,560,800,1243,1390,1544,1597,1,LEV,VA0232_20250318,18.936875837893126,0,Valsequillo,-98.12969532188018,2025-03-18,"{""type"":""MultiPoint"",""coordinates"":[]}"
4_1052_0,1811,1371,302,466,485,754,1139,1194,1371,1363,1,LEV,VA0233_20250318,18.935536276065097,0,Valsequillo,-98.12737836341535,2025-03-18,"{""type"":""MultiPoint"",""coordinates"":[]}"
4_1053_0,2130,1571,418,564,738,984,1350,1461,1577,1657,1,LEV,VA0234_20250318,18.930807130967942,0,Valsequillo,-98.1282364961801,2025-03-18,"{""type"":""MultiPoint"",""coordinates"":[]}"
4_1054_0,1802,1291,391,528,715,802,1079,1226,1468,1404,1,LEV,VA0235_20250318,18.92997494995211,0,Valsequillo,-98.13175484051561,2025-03-18,"{""type"":""MultiPoint"",""coordinates"":[]}"
4_1055_0,3356,2580,1094,1316,1842,2194,2523,2721,3046,2962,1,LEV,VA0236_20250318,18.9277016538538,0,Valsequillo,-98.13454377200108,2025-03-18,"{""type"":""MultiPoint"",""coordinates"":[]}"
4_1056_0,2511,1949,940,1148,1426,1946,2638,2902,2354,3000,1,LEV,VA0237_20250318,18.923479735058688,0,Valsequillo,-98.13836112208016,2025-03-18,"{""type"":""MultiPoint"",""coordinates"":[]}"
4_1057_0,2774,2119,926,1234,1372,1858,2837,3182,3160,3250,1,LEV,VA0238_20250318,18.917451138899864,0,Valsequillo,-98.11795901559803,2025-03-18,"{""type"":""MultiPoint"",""coordinates"":[]}"
4_1058_0,1578,1005,309,508,752,913,1739,1964,2568,2105,1,LEV,VA0239_20250318,18.915563351969883,0,Valsequillo,-98.1389403616964,2025-03-18,"{""type"":""MultiPoint"",""coordinates"":[]}"
4_1059_0,1652,1277,343,506,521,715,1039,1138,1334,1314,1,LEV,VA0240_20250318,18.915238569273775,0,Valsequillo,-98.14735006279102,2025-03-18,"{""type"":""MultiPoint"",""coordinates"":[]}"
5_1060_0,1051,422,314,498,310,739,2429,3031,3034,3111,3,floating_plants,VA0001_20250716,18.93393284775029,1,Valsequillo,-98.19301771760878,2025-07-16,"{""type"":""MultiPoint"",""coordinates"":[]}"
5_1061_0,1225,499,276,499,282,785,2992,3774,3659,4078,3,floating_plants,VA0002_20250716,18.932227918971464,1,Valsequillo,-98.19258865122642,2025-07-16,"{""type"":""MultiPoint"",""coordinates"":[]}"
5_1062_0,1142,463,277,508,280,789,2743,3376,3516,3672,3,floating_plants,VA0003_20250716,18.932268512716067,1,Valsequillo,-98.19421910347945,2025-07-16,"{""type"":""MultiPoint"",""coordinates"":[]}"
5_1063_0,1110,415,294,489,268,735,2668,3266,3012,3595,3,floating_plants,VA0004_20250716,18.930563566949715,1,Valsequillo,-98.19542048935013,2025-07-16,"{""type"":""MultiPoint"",""coordinates"":[]}"
5_1064_0,1070,442,302,498,318,735,2495,3126,3124,3302,3,floating_plants,VA0005_20250716,18.93060416109876,1,Valsequillo,-98.19842395402677,2025-07-16,"{""type"":""MultiPoint"",""coordinates"":[]}"
5_1065_0,1295,617,436,646,485,963,2480,3055,3140,3239,3,floating_plants,VA0006_20250716,18.94598863309626,1,Valsequillo,-98.20001149964156,2025-07-16,"{""type"":""MultiPoint"",""coordinates"":[]}"
5_1066_0,1378,559,261,494,253,836,3159,3871,4004,4298,3,floating_plants,VA0007_20250716,18.94448678138199,1,Valsequillo,-98.20108416559754,2025-07-16,"{""type"":""MultiPoint"",""coordinates"":[]}"
5_1067_0,1393,565,282,500,298,845,3335,4244,4264,4581,3,floating_plants,VA0008_20250716,18.944121464056924,1,Valsequillo,-98.202071018277,2025-07-16,"{""type"":""MultiPoint"",""coordinates"":[]}"
5_1068_0,1029,408,318,503,322,727,2452,3301,3022,3342,3,floating_plants,VA0009_20250716,18.933770474330636,1,Valsequillo,-98.20859282728917,2025-07-16,"{""type"":""MultiPoint"",""coordinates"":[]}"
5_1069_0,1253,485,231,478,255,770,3209,4125,4168,4443,3,floating_plants,VA0010_20250716,18.934866491849853,1,Valsequillo,-98.20979421315984,2025-07-16,"{""type"":""MultiPoint"",""coordinates"":[]}"
5_1070_0,1523,624,260,572,286,984,3783,4594,4896,4993,3,floating_plants,VA0011_20250716,18.93551598031917,1,Valsequillo,-98.21073815920106,2025-07-16,"{""type"":""MultiPoint"",""coordinates"":[]}"
5_1071_0,1158,472,282,533,345,828,2831,3433,3127,3686,3,floating_plants,VA0012_20250716,18.931334854094665,1,Valsequillo,-98.20687656175963,2025-07-16,"{""type"":""MultiPoint"",""coordinates"":[]}"
5_1072_0,1192,472,297,581,319,853,3090,3727,4100,4014,3,floating_plants,VA0013_20250716,18.930238813402287,1,Valsequillo,-98.20889317375682,2025-07-16,"{""type"":""MultiPoint"",""coordinates"":[]}"
5_1073_0,1373,564,272,540,289,911,3505,4288,4516,4587,3,floating_plants,VA0014_20250716,18.92979227624378,1,Valsequillo,-98.20949386669214,2025-07-16,"{""type"":""MultiPoint"",""coordinates"":[]}"
5_1074_0,1245,543,306,544,362,882,3110,3673,3268,3853,3,floating_plants,VA0015_20250716,18.929142765518975,1,Valsequillo,-98.21146757205109,2025-07-16,"{""type"":""MultiPoint"",""coordinates"":[]}"
5_1075_0,1140,465,343,544,350,851,2683,3161,3344,3483,3,floating_plants,VA0016_20250716,18.929629898799323,1,Valsequillo,-98.21043781273339,2025-07-16,"{""type"":""MultiPoint"",""coordinates"":[]}"
5_1076_0,1247,499,276,534,268,837,3148,3958,4128,4200,3,floating_plants,VA0017_20250716,18.93287741770111,1,Valsequillo,-98.20786341443913,2025-07-16,"{""type"":""MultiPoint"",""coordinates"":[]}"
5_1077_0,1215,463,262,488,272,782,3010,3866,3865,4183,3,floating_plants,VA0018_20250716,18.931091290117813,1,Valsequillo,-98.2035298439771,2025-07-16,"{""type"":""MultiPoint"",""coordinates"":[]}"
5_1078_0,1238,495,238,489,275,836,3171,3919,4029,4289,3,floating_plants,VA0019_20250716,18.92987346490683,1,Valsequillo,-98.20258589793585,2025-07-16,"{""type"":""MultiPoint"",""coordinates"":[]}"
5_1079_0,1219,493,262,498,271,786,2855,3606,3644,3868,3,floating_plants,VA0020_20250716,18.926585292495197,1,Valsequillo,-98.202071018277,2025-07-16,"{""type"":""MultiPoint"",""coordinates"":[]}"
5_1080_0,1226,488,300,561,291,862,3074,3782,3877,4140,3,floating_plants,VA0021_20250716,18.927843736494204,1,Valsequillo,-98.20181357844757,2025-07-16,"{""type"":""MultiPoint"",""coordinates"":[]}"
5_1081_0,1238,481,271,488,264,755,3081,3917,3584,4192,3,floating_plants,VA0022_20250716,18.928655630818294,1,Valsequillo,-98.19645024866784,2025-07-16,"{""type"":""MultiPoint"",""coordinates"":[]}"
5_1082_0,1200,465,268,474,256,749,3045,3723,3624,4075,3,floating_plants,VA0023_20250716,18.92601695984053,1,Valsequillo,-98.19717966151788,2025-07-16,"{""type"":""MultiPoint"",""coordinates"":[]}"
5_1083_0,1043,414,318,512,300,754,2497,3027,3034,3187,3,floating_plants,VA0024_20250716,18.92455552413839,1,Valsequillo,-98.19490560969128,2025-07-16,"{""type"":""MultiPoint"",""coordinates"":[]}"
5_1084_0,1168,451,328,527,297,780,2874,3544,3257,3836,3,floating_plants,VA0025_20250716,18.921835595888215,1,Valsequillo,-98.1955063026266,2025-07-16,"{""type"":""MultiPoint"",""coordinates"":[]}"
5_1085_0,1477,728,342,634,486,963,2833,3524,3688,3830,3,floating_plants,VA0026_20250716,18.92662588761085,1,Valsequillo,-98.19932499342977,2025-07-16,"{""type"":""MultiPoint"",""coordinates"":[]}"
5_1086_0,1142,454,274,506,276,759,2759,3443,3637,3694,3,floating_plants,VA0027_20250716,18.93206554389446,1,Valsequillo,-98.19524886279717,2025-07-16,"{""type"":""MultiPoint"",""coordinates"":[]}"
5_1087_0,1201,493,281,540,300,812,2934,3540,3776,3898,3,floating_plants,VA0028_20250716,18.933039791988904,1,Valsequillo,-98.19344678399118,2025-07-16,"{""type"":""MultiPoint"",""coordinates"":[]}"
5_1088_0,1317,577,333,567,363,912,3018,3678,3416,3894,3,floating_plants,VA0029_20250716,18.92455552413839,1,Valsequillo,-98.17705644818432,2025-07-16,"{""type"":""MultiPoint"",""coordinates"":[]}"
5_1089_0,1144,471,279,524,290,796,2811,3340,3500,3692,3,floating_plants,VA0030_20250716,18.92548922064469,1,Valsequillo,-98.17649866188721,2025-07-16,"{""type"":""MultiPoint"",""coordinates"":[]}"
5_1090_0,1299,517,221,498,266,831,3261,4083,4384,4429,3,floating_plants,VA0031_20250716,18.92483969319256,1,Valsequillo,-98.17585506231364,2025-07-16,"{""type"":""MultiPoint"",""coordinates"":[]}"
5_1091_0,1164,464,269,491,274,768,2872,3562,3496,3890,3,floating_plants,VA0032_20250716,18.923987184580408,1,Valsequillo,-98.17628412869604,2025-07-16,"{""type"":""MultiPoint"",""coordinates"":[]}"
5_1092_0,1304,534,273,506,269,835,3207,3843,3760,4102,3,floating_plants,VA0033_20250716,18.923256459451522,1,Valsequillo,-98.17598378222834,2025-07-16,"{""type"":""MultiPoint"",""coordinates"":[]}"
5_1093_0,1283,520,244,512,280,867,3132,3814,4188,4152,3,floating_plants,VA0034_20250716,18.922160365767628,1,Valsequillo,-98.17920178009621,2025-07-16,"{""type"":""MultiPoint"",""coordinates"":[]}"
5_1094_0,1274,481,253,503,265,810,3212,4038,4120,4293,3,floating_plants,VA0035_20250716,18.921470229019548,1,Valsequillo,-98.17890143362854,2025-07-16,"{""type"":""MultiPoint"",""coordinates"":[]}"
5_1095_0,1296,517,246,564,266,872,3390,4215,4596,4548,3,floating_plants,VA0036_20250716,18.921307843488226,1,Valsequillo,-98.18005991286094,2025-07-16,"{""type"":""MultiPoint"",""coordinates"":[]}"
5_1096_0,1131,490,232,482,253,837,3164,3664,3891,4148,3,floating_plants,VA0037_20250716,18.923987184580408,1,Valsequillo,-98.17894434026678,2025-07-16,"{""type"":""MultiPoint"",""coordinates"":[]}"
5_1097_0,1180,479,288,516,300,801,2911,3433,3412,3734,3,floating_plants,VA0038_20250716,18.931619011618828,1,Valsequillo,-98.19348969062942,2025-07-16,"{""type"":""MultiPoint"",""coordinates"":[]}"
5_1098_0,1363,546,266,586,264,865,3389,4142,4848,4486,3,floating_plants,VA0039_20250716,18.92228215430971,1,Valsequillo,-98.19829523411208,2025-07-16,"{""type"":""MultiPoint"",""coordinates"":[]}"
5_1099_0,1499,599,262,566,264,939,3742,4559,4892,4897,3,floating_plants,VA0040_20250716,18.924190163215858,1,Valsequillo,-98.19803779428263,2025-07-16,"{""type"":""MultiPoint"",""coordinates"":[]}"
5_1100_0,1256,489,265,490,262,762,3223,3858,3947,4208,3,floating_plants,VA0041_20250716,18.923378247194876,1,Valsequillo,-98.19653606194429,2025-07-16,"{""type"":""MultiPoint"",""coordinates"":[]}"
5_1101_0,1286,486,242,478,240,800,3251,4079,4177,4467,3,floating_plants,VA0042_20250716,18.93239029389065,1,Valsequillo,-98.19829523411208,2025-07-16,"{""type"":""MultiPoint"",""coordinates"":[]}"
5_1102_0,1167,471,281,490,280,785,2857,3475,3468,3746,3,floating_plants,VA0043_20250716,18.931416042008035,1,Valsequillo,-98.19653606194429,2025-07-16,"{""type"":""MultiPoint"",""coordinates"":[]}"
5_1103_0,1201,458,293,505,262,785,3031,3935,4096,4184,3,floating_plants,VA0044_20250716,18.928899198346173,1,Valsequillo,-98.1988959270474,2025-07-16,"{""type"":""MultiPoint"",""coordinates"":[]}"
5_1104_0,1262,471,220,484,220,774,3489,4289,4585,4801,3,floating_plants,VA0045_20250716,18.928249684149428,1,Valsequillo,-98.20031184610926,2025-07-16,"{""type"":""MultiPoint"",""coordinates"":[]}"
5_1105_0,1143,451,290,506,312,825,2962,3727,3616,3772,3,floating_plants,VA0046_20250716,18.926747672898625,1,Valsequillo,-98.20056928593868,2025-07-16,"{""type"":""MultiPoint"",""coordinates"":[]}"
5_1106_0,1315,521,274,521,264,801,3566,4383,4181,4637,3,floating_plants,VA0047_20250716,18.912457591990883,1,Valsequillo,-98.19786483571163,2025-07-16,"{""type"":""MultiPoint"",""coordinates"":[]}"
5_1107_0,1379,545,284,538,280,897,3494,4354,4097,4645,3,floating_plants,VA0048_20250716,18.91286357701444,1,Valsequillo,-98.19623438345859,2025-07-16,"{""type"":""MultiPoint"",""coordinates"":[]}"
5_1108_0,1172,473,289,556,301,815,2976,3750,3976,3948,3,floating_plants,VA0049_20250716,18.91481229140704,1,Valsequillo,-98.19589113035269,2025-07-16,"{""type"":""MultiPoint"",""coordinates"":[]}"
5_1109_0,1238,483,286,528,264,816,3175,4019,4180,4327,3,floating_plants,VA0050_20250716,18.917207555066604,1,Valsequillo,-98.19456102456729,2025-07-16,"{""type"":""MultiPoint"",""coordinates"":[]}"
5_1110_0,1236,464,278,502,260,810,3191,4154,4013,4419,3,floating_plants,VA0051_20250716,18.915502455641715,1,Valsequillo,-98.19245859929364,2025-07-16,"{""type"":""MultiPoint"",""coordinates"":[]}"
5_1111_0,1253,502,341,548,316,863,3062,3961,3839,4144,3,floating_plants,VA0052_20250716,18.917045165394416,1,Valsequillo,-98.19318801214371,2025-07-16,"{""type"":""MultiPoint"",""coordinates"":[]}"
5_1112_0,1088,446,322,564,319,795,2653,3394,3448,3478,3,floating_plants,VA0053_20250716,18.920577105169706,1,Valsequillo,-98.19481846439672,2025-07-16,"{""type"":""MultiPoint"",""coordinates"":[]}"
5_1113_0,1246,495,292,532,284,840,3146,3825,3739,4099,3,floating_plants,VA0054_20250716,18.920780087946625,1,Valsequillo,-98.19730704941452,2025-07-16,"{""type"":""MultiPoint"",""coordinates"":[]}"
5_1114_0,1099,451,281,516,270,755,2762,3361,3539,3568,3,floating_plants,VA0055_20250716,18.91306656915659,1,Valsequillo,-98.1943035847379,2025-07-16,"{""type"":""MultiPoint"",""coordinates"":[]}"
5_1115_0,1016,413,297,508,303,735,2504,2903,3227,3194,3,floating_plants,VA0056_20250716,18.913919133462823,1,Valsequillo,-98.1918579063583,2025-07-16,"{""type"":""MultiPoint"",""coordinates"":[]}"
5_1116_0,1117,454,299,515,307,767,2794,3442,3411,3666,3,floating_plants,VA0057_20250716,18.912741781610872,1,Valsequillo,-98.191257213423,2025-07-16,"{""type"":""MultiPoint"",""coordinates"":[]}"
5_1117_0,1100,473,362,572,331,839,2781,3346,3367,3562,3,floating_plants,VA0058_20250716,18.911280229848973,1,Valsequillo,-98.19005582755233,2025-07-16,"{""type"":""MultiPoint"",""coordinates"":[]}"
5_1118_0,1135,459,347,533,316,819,2738,3455,3328,3732,3,floating_plants,VA0059_20250716,18.90965626846624,1,Valsequillo,-98.18881153504343,2025-07-16,"{""type"":""MultiPoint"",""coordinates"":[]}"
5_1119_0,1256,491,293,533,280,797,3197,3999,3848,4286,3,floating_plants,VA0060_20250716,18.9106306471881,1,Valsequillo,-98.1925015059319,2025-07-16,"{""type"":""MultiPoint"",""coordinates"":[]}"
5_1120_0,1250,499,294,524,283,830,3044,3735,3941,3962,3,floating_plants,VA0061_20250716,18.910833642040654,1,Valsequillo,-98.19357417188785,2025-07-16,"{""type"":""MultiPoint"",""coordinates"":[]}"
5_1121_0,1440,589,292,644,283,924,3548,4541,5045,4625,3,floating_plants,VA0062_20250716,18.909818665314088,1,Valsequillo,-98.19464683784378,2025-07-16,"{""type"":""MultiPoint"",""coordinates"":[]}"
5_1122_0,1230,500,267,494,268,819,3053,3837,3879,4092,3,floating_plants,VA0063_20250716,18.90860068511183,1,Valsequillo,-98.19237278601716,2025-07-16,"{""type"":""MultiPoint"",""coordinates"":[]}"
5_1123_0,1085,425,288,510,287,764,2738,3366,3460,3587,3,floating_plants,VA0064_20250716,18.91018405764522,1,Valsequillo,-98.19074233376413,2025-07-16,"{""type"":""MultiPoint"",""coordinates"":[]}"
5_1124_0,1080,445,344,546,331,839,2748,3331,2980,3498,3,floating_plants,VA0065_20250716,18.90864128459479,1,Valsequillo,-98.1870523628757,2025-07-16,"{""type"":""MultiPoint"",""coordinates"":[]}"
5_1125_0,1301,517,272,553,257,833,3481,4301,4652,4611,3,floating_plants,VA0066_20250716,18.908357088007065,1,Valsequillo,-98.18915478814932,2025-07-16,"{""type"":""MultiPoint"",""coordinates"":[]}"
5_1126_0,705,322,359,586,360,804,2160,2628,2380,2656,3,floating_plants,VA0067_20250716,18.913553749292422,1,Valsequillo,-98.17890010161047,2025-07-16,"{""type"":""MultiPoint"",""coordinates"":[]}"
5_1127_0,597,301,429,625,421,819,1556,1822,2156,1818,3,floating_plants,VA0068_20250716,18.914934085302516,1,Valsequillo,-98.17859975514283,2025-07-16,"{""type"":""MultiPoint"",""coordinates"":[]}"
5_1128_0,593,286,420,606,402,809,1744,1972,1850,2028,3,floating_plants,VA0069_20250716,18.915583651246735,1,Valsequillo,-98.17812778212219,2025-07-16,"{""type"":""MultiPoint"",""coordinates"":[]}"
5_1129_0,724,341,362,542,344,815,2066,2481,2416,2438,3,floating_plants,VA0070_20250716,18.912660584625876,1,Valsequillo,-98.17877138169575,2025-07-16,"{""type"":""MultiPoint"",""coordinates"":[]}"
5_1130_0,512,252,385,570,375,767,1575,1765,2004,1817,3,floating_plants,VA0071_20250716,18.91261998611858,1,Valsequillo,-98.17791324893099,2025-07-16,"{""type"":""MultiPoint"",""coordinates"":[]}"
5_1131_0,762,357,291,549,344,837,2207,2671,3196,2606,3,floating_plants,VA0072_20250716,18.908966080103774,1,Valsequillo,-98.17868556841928,2025-07-16,"{""type"":""MultiPoint"",""coordinates"":[]}"
5_1132_0,774,371,378,576,378,858,2004,2382,2303,2465,3,floating_plants,VA0073_20250716,18.909940462846492,1,Valsequillo,-98.17847103522809,2025-07-16,"{""type"":""MultiPoint"",""coordinates"":[]}"
5_1133_0,469,230,440,602,416,760,1278,1450,1773,1421,3,floating_plants,VA0074_20250716,18.911402026316996,1,Valsequillo,-98.17817068876043,2025-07-16,"{""type"":""MultiPoint"",""coordinates"":[]}"
5_1134_0,1098,472,299,522,307,832,2835,3464,3184,3691,3,floating_plants,VA0075_20250716,18.908194689740128,1,Valsequillo,-98.17872847505753,2025-07-16,"{""type"":""MultiPoint"",""coordinates"":[]}"
5_1135_0,1133,471,252,507,270,819,2942,3563,3655,3848,3,floating_plants,VA0076_20250716,18.906367698373074,1,Valsequillo,-98.17958660782229,2025-07-16,"{""type"":""MultiPoint"",""coordinates"":[]}"
5_1136_0,1016,441,334,555,313,847,2612,2999,3078,3237,3,floating_plants,VA0077_20250716,18.9043782838227,1,Valsequillo,-98.17868420157723,2025-07-16,"{""type"":""MultiPoint"",""coordinates"":[]}"
5_1137_0,1059,450,328,544,302,797,2719,3218,3094,3412,3,floating_plants,VA0078_20250716,18.903322667163177,1,Valsequillo,-98.17666758958003,2025-07-16,"{""type"":""MultiPoint"",""coordinates"":[]}"
5_1138_0,1546,757,469,856,546,1339,2801,3072,3085,3227,3,floating_plants,VA0079_20250716,18.903972278203387,1,Valsequillo,-98.18988283415733,2025-07-16,"{""type"":""MultiPoint"",""coordinates"":[]}"
5_1139_0,928,393,299,508,300,733,2255,2918,3021,3020,3,floating_plants,VA0080_20250716,18.905880496047146,1,Valsequillo,-98.18460531765407,2025-07-16,"{""type"":""MultiPoint"",""coordinates"":[]}"
5_1140_0,1029,409,289,480,276,741,2534,3057,3140,3238,3,floating_plants,VA0081_20250716,18.903322667163177,1,Valsequillo,-98.18400462471872,2025-07-16,"{""type"":""MultiPoint"",""coordinates"":[]}"
5_1141_0,1319,512,278,566,284,825,3433,4265,4252,4610,3,floating_plants,VA0082_20250716,18.907179695741615,1,Valsequillo,-98.18820947526604,2025-07-16,"{""type"":""MultiPoint"",""coordinates"":[]}"
5_1142_0,1134,447,263,514,286,800,2836,3657,3759,3861,3,floating_plants,VA0083_20250716,18.902957259844698,1,Valsequillo,-98.18198801272155,2025-07-16,"{""type"":""MultiPoint"",""coordinates"":[]}"
5_1143_0,1116,444,298,520,284,788,2833,3539,3824,3774,3,floating_plants,VA0084_20250716,18.908803681170053,1,Valsequillo,-98.19074096692209,2025-07-16,"{""type"":""MultiPoint"",""coordinates"":[]}"
5_1144_0,1160,446,304,520,289,797,2992,3552,3492,3755,3,floating_plants,VA0085_20250716,18.908377385866498,1,Valsequillo,-98.18801324599833,2025-07-16,"{""type"":""MultiPoint"",""coordinates"":[]}"
5_1145_0,844,344,339,511,333,748,2237,2621,2880,2827,3,floating_plants,VA0086_20250716,18.907788691470184,1,Valsequillo,-98.1857713741504,2025-07-16,"{""type"":""MultiPoint"",""coordinates"":[]}"
5_1146_0,1004,424,336,568,324,813,2737,3005,3144,3268,3,floating_plants,VA0087_20250716,18.906641746437362,1,Valsequillo,-98.184344728429,2025-07-16,"{""type"":""MultiPoint"",""coordinates"":[]}"
5_1147_0,677,302,294,527,298,738,2223,2558,3424,2750,3,floating_plants,VA0088_20250716,18.914101823846703,1,Valsequillo,-98.18985847521057,2025-07-16,"{""type"":""MultiPoint"",""coordinates"":[]}"
5_1148_0,994,425,338,529,320,774,2404,2932,2846,3169,3,floating_plants,VA0089_20250716,18.91763382613259,1,Valsequillo,-98.19559771037542,2025-07-16,"{""type"":""MultiPoint"",""coordinates"":[]}"
5_1149_0,1252,501,294,514,249,864,3470,4331,4593,4591,3,floating_plants,VA0090_20250716,18.916070822975712,1,Valsequillo,-98.19508283071656,2025-07-16,"{""type"":""MultiPoint"",""coordinates"":[]}"
5_1150_0,1258,518,317,546,297,845,3280,4031,3920,4250,3,floating_plants,VA0091_20250716,18.91863860615991,1,Valsequillo,-98.19373127161208,2025-07-16,"{""type"":""MultiPoint"",""coordinates"":[]}"
5_1151_0,821,351,427,594,374,751,1989,2423,2294,2461,3,floating_plants,VA0092_20250716,18.920901876910253,1,Valsequillo,-98.18936529699182,2025-07-16,"{""type"":""MultiPoint"",""coordinates"":[]}"
5_1152_0,441,206,362,568,335,706,1472,1417,3096,1442,3,floating_plants,VA0093_20250716,18.921358586924274,1,Valsequillo,-98.18787429131307,2025-07-16,"{""type"":""MultiPoint"",""coordinates"":[]}"
5_1153_0,279,147,410,533,362,563,959,1078,1585,1151,3,floating_plants,VA0094_20250716,18.922272003208512,1,Valsequillo,-98.18658709216595,2025-07-16,"{""type"":""MultiPoint"",""coordinates"":[]}"
5_1154_0,1191,487,295,510,291,787,2752,3361,3313,3593,3,floating_plants,VA0095_20250716,18.93336453925714,1,Valsequillo,-98.1927562294892,2025-07-16,"{""type"":""MultiPoint"",""coordinates"":[]}"
5_1155_0,1107,460,252,462,244,795,2827,3375,3324,3798,3,floating_plants,VA0096_20250716,18.928574440134945,1,Valsequillo,-98.17610368731769,2025-07-16,"{""type"":""MultiPoint"",""coordinates"":[]}"
5_1156_0,1252,552,316,539,351,950,2724,3297,3320,3572,3,floating_plants,VA0097_20250716,18.929284844777317,1,Valsequillo,-98.17429088185212,2025-07-16,"{""type"":""MultiPoint"",""coordinates"":[]}"
5_1157_0,799,407,378,611,408,853,2044,2560,2836,2428,3,floating_plants,VA0098_20250716,18.930634605275603,1,Valsequillo,-98.17537427446763,2025-07-16,"{""type"":""MultiPoint"",""coordinates"":[]}"
5_1158_0,1247,521,286,543,290,833,2953,3628,3740,3826,3,floating_plants,VA0099_20250716,18.928848453711996,1,Valsequillo,-98.17288568944986,2025-07-16,"{""type"":""MultiPoint"",""coordinates"":[]}"
5_1159_0,1697,766,395,744,394,1177,3658,4352,3920,4576,1,LEV,VA0100_20250716,18.933252906988184,0,Valsequillo,-98.17865689564934,2025-07-16,"{""type"":""MultiPoint"",""coordinates"":[]}"
5_1160_0,1751,751,363,778,350,1198,3826,4488,4304,4732,1,LEV,VA0101_20250716,18.932207621081535,0,Valsequillo,-98.17867834896846,2025-07-16,"{""type"":""MultiPoint"",""coordinates"":[]}"
5_1161_0,1721,783,396,769,417,1208,3343,3835,3896,4102,1,LEV,VA0102_20250716,18.923601523051016,0,Valsequillo,-98.18376460297723,2025-07-16,"{""type"":""MultiPoint"",""coordinates"":[]}"
5_1162_0,1612,712,385,716,413,1054,2860,3294,3340,3593,1,LEV,VA0103_20250716,18.922647517960648,0,Valsequillo,-98.18786218692895,2025-07-16,"{""type"":""MultiPoint"",""coordinates"":[]}"
5_1163_0,2005,900,426,885,425,1298,4274,4886,4964,5210,1,LEV,VA0104_20250716,18.92002905047322,0,Valsequillo,-98.18953554582023,2025-07-16,"{""type"":""MultiPoint"",""coordinates"":[]}"
5_1164_0,1632,740,336,668,372,1053,3402,4276,4120,4409,1,LEV,VA0105_20250716,18.92370301263378,0,Valsequillo,-98.17788639353866,2025-07-16,"{""type"":""MultiPoint"",""coordinates"":[]}"
5_1165_0,1696,797,432,827,542,1372,3690,4013,3961,4398,1,LEV,VA0106_20250716,18.906387996253777,0,Valsequillo,-98.18754221975526,2025-07-16,"{""type"":""MultiPoint"",""coordinates"":[]}"
5_1166_0,1880,868,471,856,494,1253,3938,4576,4429,4688,1,LEV,VA0107_20250716,18.90531209213308,0,Valsequillo,-98.18955883175244,2025-07-16,"{""type"":""MultiPoint"",""coordinates"":[]}"
5_1167_0,3009,2849,1586,1830,2094,2621,2642,2721,2458,2874,1,LEV,VA0108_20250716,18.905738394593467,0,Valsequillo,-98.1922190433232,2025-07-16,"{""type"":""MultiPoint"",""coordinates"":[]}"
5_1168_0,3102,2807,1998,2228,2448,2615,2498,2788,2896,2884,1,LEV,VA0109_20250716,18.907748091560123,0,Valsequillo,-98.19571593433957,2025-07-16,"{""type"":""MultiPoint"",""coordinates"":[]}"
5_1169_0,1697,901,684,1028,855,1513,2887,3153,3208,3218,1,LEV,VA0110_20250716,18.90813378866435,0,Valsequillo,-98.19406434653644,2025-07-16,"{""type"":""MultiPoint"",""coordinates"":[]}"
5_1170_0,1647,991,548,844,889,1429,2256,2471,2471,2488,1,LEV,VA0111_20250716,18.910894538763372,0,Valsequillo,-98.19839791699847,2025-07-16,"{""type"":""MultiPoint"",""coordinates"":[]}"
5_1171_0,1774,992,642,1010,836,1358,2561,2899,2851,3015,1,LEV,VA0112_20250716,18.911544120399242,0,Valsequillo,-98.19569479878948,2025-07-16,"{""type"":""MultiPoint"",""coordinates"":[]}"
5_1172_0,1670,898,728,988,952,1454,2402,2566,2470,2678,1,LEV,VA0113_20250716,18.912153100891402,0,Valsequillo,-98.19329202704814,2025-07-16,"{""type"":""MultiPoint"",""coordinates"":[]}"
5_1173_0,1977,926,427,878,432,1381,4108,4594,4760,4858,1,LEV,VA0114_20250716,18.91182831157156,0,Valsequillo,-98.19121105509359,2025-07-16,"{""type"":""MultiPoint"",""coordinates"":[]}"
5_1174_0,2989,2729,1102,1416,1808,2455,2398,2687,2350,2518,1,LEV,VA0115_20250716,18.907920640115076,0,Valsequillo,-98.17362711962402,2025-07-16,"{""type"":""MultiPoint"",""coordinates"":[]}"
5_1175_0,3026,2732,1732,1984,2326,2522,2521,2699,2552,2687,1,LEV,VA0116_20250716,18.9071796948076,0,Valsequillo,-98.17755307702275,2025-07-16,"{""type"":""MultiPoint"",""coordinates"":[]}"
5_1176_0,2770,2491,1448,1620,1882,2110,2195,2239,2259,2265,1,LEV,VA0117_20250716,18.905575993934868,0,Valsequillo,-98.17576393837692,2025-07-16,"{""type"":""MultiPoint"",""coordinates"":[]}"
5_1177_0,2855,1593,682,1234,852,1751,3855,4214,4335,4504,1,LEV,VA0118_20250716,18.910326153223565,0,Valsequillo,-98.17529049839526,2025-07-16,"{""type"":""MultiPoint"",""coordinates"":[]}"
5_1178_0,1941,915,406,826,426,1346,3762,4180,4200,4393,1,LEV,VA0119_20250716,18.911564420246,0,Valsequillo,-98.17254447354803,2025-07-16,"{""type"":""MultiPoint"",""coordinates"":[]}"
5_1179_0,1840,989,418,752,520,1097,2535,2962,2902,3168,1,LEV,VA0120_20250716,18.9102652546089,0,Valsequillo,-98.16932647568018,2025-07-16,"{""type"":""MultiPoint"",""coordinates"":[]}"
5_1180_0,2351,1276,568,1076,686,1623,3250,3586,3607,3767,1,LEV,VA0121_20250716,18.91534006308969,0,Valsequillo,-98.17595555128794,2025-07-16,"{""type"":""MultiPoint"",""coordinates"":[]}"
5_1181_0,2008,1081,597,1020,714,1409,2612,3170,3480,3136,1,LEV,VA0122_20250716,18.915725742236948,0,Valsequillo,-98.17254447354803,2025-07-16,"{""type"":""MultiPoint"",""coordinates"":[]}"
5_1182_0,1857,828,320,758,343,1110,3794,4629,4952,4840,1,LEV,VA0123_20250716,18.919318605906042,0,Valsequillo,-98.1807614778346,2025-07-16,"{""type"":""MultiPoint"",""coordinates"":[]}"
5_1183_0,2368,1856,781,1172,1052,1496,2075,2687,2692,2531,1,LEV,VA0124_20250716,18.919683977477835,0,Valsequillo,-98.17366042920624,2025-07-16,"{""type"":""MultiPoint"",""coordinates"":[]}"
5_1184_0,1708,753,280,608,298,1016,3545,4316,4079,4540,1,LEV,VA0125_20250716,18.91803979911584,0,Valsequillo,-98.16782512640589,2025-07-16,"{""type"":""MultiPoint"",""coordinates"":[]}"
5_1185_0,1561,812,280,492,317,857,2103,2355,2543,2547,1,LEV,VA0126_20250716,18.922789603592797,0,Valsequillo,-98.16780367308677,2025-07-16,"{""type"":""MultiPoint"",""coordinates"":[]}"
5_1186_0,1556,764,272,560,318,934,2444,3120,3424,3077,1,LEV,VA0127_20250716,18.918445770585276,0,Valsequillo,-98.16334138271003,2025-07-16,"{""type"":""MultiPoint"",""coordinates"":[]}"
5_1187_0,1324,613,273,479,289,856,2330,2626,2586,2896,1,LEV,VA0128_20250716,18.928939791494972,0,Valsequillo,-98.1899667059957,2025-07-16,"{""type"":""MultiPoint"",""coordinates"":[]}"
5_1188_0,1821,811,373,684,382,1060,4052,4974,5048,5279,1,LEV,VA0129_20250716,18.92812789855175,0,Valsequillo,-98.19552311564753,2025-07-16,"{""type"":""MultiPoint"",""coordinates"":[]}"
5_1189_0,1797,890,330,648,328,1089,4218,4997,4840,5165,1,LEV,VA0130_20250716,18.923357947839097,0,Valsequillo,-98.1936995835224,2025-07-16,"{""type"":""MultiPoint"",""coordinates"":[]}"
5_1190_0,1854,873,439,886,483,1259,3160,3695,3937,3880,1,LEV,VA0131_20250716,18.924657011737096,0,Valsequillo,-98.19093210535605,2025-07-16,"{""type"":""MultiPoint"",""coordinates"":[]}"
5_1191_0,1873,843,382,862,392,1271,3459,3969,4340,4103,1,LEV,VA0132_20250716,18.925793684364084,0,Valsequillo,-98.18606220191607,2025-07-16,"{""type"":""MultiPoint"",""coordinates"":[]}"
5_1192_0,1938,916,426,845,443,1266,3504,4156,4268,4285,1,LEV,VA0133_20250716,18.930502674303032,0,Valsequillo,-98.18464628285423,2025-07-16,"{""type"":""MultiPoint"",""coordinates"":[]}"
5_1193_0,1523,671,362,664,367,954,2725,3235,3371,3492,1,LEV,VA0134_20250716,18.929487817001295,0,Valsequillo,-98.18093485864661,2025-07-16,"{""type"":""MultiPoint"",""coordinates"":[]}"
5_1194_0,1708,788,459,754,446,1147,3357,3987,4009,4159,1,LEV,VA0135_20250716,18.934683821994724,0,Valsequillo,-98.18194258569619,2025-07-16,"{""type"":""MultiPoint"",""coordinates"":[]}"
5_1195_0,1424,667,266,526,294,863,2495,2863,2934,3151,1,LEV,VA0136_20250716,18.93464322883715,0,Valsequillo,-98.17321108481477,2025-07-16,"{""type"":""MultiPoint"",""coordinates"":[]}"
5_1196_0,1617,781,346,646,355,1052,2971,3642,3844,3723,1,LEV,VA0137_20250716,18.93289771372765,0,Valsequillo,-98.17303945826183,2025-07-16,"{""type"":""MultiPoint"",""coordinates"":[]}"
5_1197_0,1334,660,279,516,320,771,2192,2551,2434,2786,1,LEV,VA0138_20250716,18.930198218207718,0,Valsequillo,-98.17149438398525,2025-07-16,"{""type"":""MultiPoint"",""coordinates"":[]}"
5_1198_0,1294,565,268,463,276,674,1879,2270,2522,2522,1,LEV,VA0139_20250716,18.932268511759304,0,Valsequillo,-98.17089369104994,2025-07-16,"{""type"":""MultiPoint"",""coordinates"":[]}"
5_1199_0,2325,1486,490,881,890,1663,2812,2963,2990,3122,1,LEV,VA0140_20250716,18.9265041009154,0,Valsequillo,-98.1714489351949,2025-07-16,"{""type"":""MultiPoint"",""coordinates"":[]}"
5_1200_0,3100,2430,778,1052,1344,2445,2965,3056,2932,2852,1,LEV,VA0141_20250716,18.928026411742206,0,Valsequillo,-98.17215689472583,2025-07-16,"{""type"":""MultiPoint"",""coordinates"":[]}"
5_1201_0,1564,799,310,564,356,909,2211,2552,2588,2688,1,LEV,VA0142_20250716,18.929203655937798,0,Valsequillo,-98.16685792490344,2025-07-16,"{""type"":""MultiPoint"",""coordinates"":[]}"
5_1202_0,1543,713,236,530,264,910,2928,3447,3313,3649,1,LEV,VA0143_20250716,18.915685145142902,0,Valsequillo,-98.15475752161635,2025-07-16,"{""type"":""MultiPoint"",""coordinates"":[]}"
5_1203_0,1918,1015,406,735,445,1466,2969,3442,3284,3572,1,LEV,VA0144_20250716,18.90464218606053,0,Valsequillo,-98.16492705653475,2025-07-16,"{""type"":""MultiPoint"",""coordinates"":[]}"
5_1204_0,1641,739,388,777,389,1287,3575,4112,3759,4372,1,LEV,VA0145_20250716,18.90915892546429,0,Valsequillo,-98.19347442596717,2025-07-16,"{""type"":""MultiPoint"",""coordinates"":[]}"
5_1205_0,2995,2633,1238,1670,1454,1968,2705,2980,3006,3202,1,LEV,VA0146_20250716,18.908326636669457,0,Valsequillo,-98.20089727438234,2025-07-16,"{""type"":""MultiPoint"",""coordinates"":[]}"
5_1206_0,1773,1191,518,778,995,1316,1797,1954,1852,1953,1,LEV,VA0147_20250716,18.9136146450351,0,Valsequillo,-98.19903083561898,2025-07-16,"{""type"":""MultiPoint"",""coordinates"":[]}"
5_1207_0,2144,1088,566,979,687,1427,3232,3601,3441,3828,1,LEV,VA0148_20250716,18.91808039563624,0,Valsequillo,-98.19657472876037,2025-07-16,"{""type"":""MultiPoint"",""coordinates"":[]}"
5_1208_0,1803,856,403,910,428,1346,3352,3938,4101,3980,1,LEV,VA0149_20250716,18.914741243710957,0,Valsequillo,-98.19692870852583,2025-07-16,"{""type"":""MultiPoint"",""coordinates"":[]}"
5_1209_0,477,242,425,630,421,861,1463,1919,2420,1606,3,floating_plants,VA0150_20250716,18.91666963747247,1,Valsequillo,-98.17697343257754,2025-07-16,"{""type"":""MultiPoint"",""coordinates"":[]}"
5_1210_0,164,92,510,628,474,714,515,550,466,432,2,open_water,VA0151_20250716,18.912396693246958,0,Valsequillo,-98.17732845923956,2025-07-16,"{""type"":""MultiPoint"",""coordinates"":[]}"
5_1211_0,162,119,464,604,458,702,528,531,449,422,2,open_water,VA0152_20250716,18.913127465845786,0,Valsequillo,-98.17647032647479,2025-07-16,"{""type"":""MultiPoint"",""coordinates"":[]}"
5_1212_0,149,96,490,628,469,697,515,558,445,376,2,open_water,VA0153_20250716,18.91434541308048,0,Valsequillo,-98.17730700592044,2025-07-16,"{""type"":""MultiPoint"",""coordinates"":[]}"
5_1213_0,186,116,590,764,592,816,607,632,521,454,2,open_water,VA0154_20250716,18.916152018472452,0,Valsequillo,-98.17677067294245,2025-07-16,"{""type"":""MultiPoint"",""coordinates"":[]}"
5_1214_0,117,89,549,683,528,729,506,500,414,378,2,open_water,VA0155_20250716,18.915786639181402,0,Valsequillo,-98.17925925796025,2025-07-16,"{""type"":""MultiPoint"",""coordinates"":[]}"
5_1215_0,91,68,574,687,533,712,492,446,386,333,2,open_water,VA0156_20250716,18.91132082777611,0,Valsequillo,-98.17994576417206,2025-07-16,"{""type"":""MultiPoint"",""coordinates"":[]}"
5_1216_0,159,106,496,637,470,710,538,526,441,389,2,open_water,VA0157_20250716,18.910813341661065,0,Valsequillo,-98.17745717915429,2025-07-16,"{""type"":""MultiPoint"",""coordinates"":[]}"
5_1217_0,97,63,452,516,425,492,373,352,292,262,2,open_water,VA0158_20250716,18.914791991510448,0,Valsequillo,-98.18850563850053,2025-07-16,"{""type"":""MultiPoint"",""coordinates"":[]}"
5_1218_0,145,87,410,452,381,447,372,360,328,315,2,open_water,VA0159_20250716,18.927640760590926,0,Valsequillo,-98.19453711615608,2025-07-16,"{""type"":""MultiPoint"",""coordinates"":[]}"
5_1219_0,245,137,443,500,442,484,375,361,451,290,2,open_water,VA0160_20250716,18.926808563803398,0,Valsequillo,-98.20447000290815,2025-07-16,"{""type"":""MultiPoint"",""coordinates"":[]}"
5_1220_0,203,112,456,467,432,464,427,474,399,416,2,open_water,VA0161_20250716,18.926910051438426,0,Valsequillo,-98.20350460354781,2025-07-16,"{""type"":""MultiPoint"",""coordinates"":[]}"
5_1221_0,145,75,465,528,402,509,436,453,347,336,2,open_water,VA0162_20250716,18.92437284207113,0,Valsequillo,-98.18917378637634,2025-07-16,"{""type"":""MultiPoint"",""coordinates"":[]}"
5_1222_0,142,95,641,800,858,924,582,588,482,418,2,open_water,VA0163_20250716,18.929589303281432,0,Valsequillo,-98.21262881108566,2025-07-16,"{""type"":""MultiPoint"",""coordinates"":[]}"
5_1223_0,117,81,711,880,988,1022,598,610,497,400,2,open_water,VA0164_20250716,18.932146730320614,0,Valsequillo,-98.20915337338838,2025-07-16,"{""type"":""MultiPoint"",""coordinates"":[]}"
5_1224_0,155,90,311,322,295,316,303,323,288,261,2,open_water,VA0165_20250716,18.934947676914575,0,Valsequillo,-98.21207102478854,2025-07-16,"{""type"":""MultiPoint"",""coordinates"":[]}"
5_1225_0,148,95,640,744,821,931,568,548,513,365,2,open_water,VA0166_20250716,18.93275563574957,0,Valsequillo,-98.21250009117094,2025-07-16,"{""type"":""MultiPoint"",""coordinates"":[]}"
5_1226_0,192,103,581,720,766,823,552,559,538,391,2,open_water,VA0167_20250716,18.929020980844857,0,Valsequillo,-98.20988278623844,2025-07-16,"{""type"":""MultiPoint"",""coordinates"":[]}"
5_1227_0,198,112,316,328,269,334,309,424,368,310,2,open_water,VA0168_20250716,18.934866491754576,0,Valsequillo,-98.1929756032166,2025-07-16,"{""type"":""MultiPoint"",""coordinates"":[]}"
5_1228_0,121,100,365,403,389,453,356,372,291,270,2,open_water,VA0169_20250716,18.936003094918288,0,Valsequillo,-98.21567321484446,2025-07-16,"{""type"":""MultiPoint"",""coordinates"":[]}"
5_1229_0,139,96,678,830,1016,1066,596,591,442,387,2,open_water,VA0170_20250716,18.93632783725855,0,Valsequillo,-98.21871958615935,2025-07-16,"{""type"":""MultiPoint"",""coordinates"":[]}"
5_1230_0,129,82,257,253,220,245,244,248,167,195,2,open_water,VA0171_20250716,18.94042765498977,0,Valsequillo,-98.2192344658182,2025-07-16,"{""type"":""MultiPoint"",""coordinates"":[]}"
5_1231_0,142,97,257,261,233,262,253,251,307,226,2,open_water,VA0172_20250716,18.94209190870861,0,Valsequillo,-98.21820470650049,2025-07-16,"{""type"":""MultiPoint"",""coordinates"":[]}"
5_1232_0,151,101,359,385,325,376,318,316,280,265,2,open_water,VA0173_20250716,18.937220875438253,0,Valsequillo,-98.17298110979773,2025-07-16,"{""type"":""MultiPoint"",""coordinates"":[]}"
5_1233_0,147,97,332,380,329,372,294,308,258,254,2,open_water,VA0174_20250716,18.93632783725855,0,Valsequillo,-98.18053267812763,2025-07-16,"{""type"":""MultiPoint"",""coordinates"":[]}"
5_1234_0,145,100,400,421,362,406,337,333,289,267,2,open_water,VA0175_20250716,18.933080385440885,0,Valsequillo,-98.17435412222135,2025-07-16,"{""type"":""MultiPoint"",""coordinates"":[]}"
5_1235_0,140,86,404,409,351,397,339,358,301,304,2,open_water,VA0176_20250716,18.931700199298795,0,Valsequillo,-98.18057558476586,2025-07-16,"{""type"":""MultiPoint"",""coordinates"":[]}"
5_1236_0,129,105,383,398,356,406,300,295,258,274,2,open_water,VA0177_20250716,18.934825898641364,0,Valsequillo,-98.1786876926834,2025-07-16,"{""type"":""MultiPoint"",""coordinates"":[]}"
5_1237_0,98,79,238,274,222,282,223,214,163,159,2,open_water,VA0178_20250716,18.91278237991703,0,Valsequillo,-98.15984732549677,2025-07-16,"{""type"":""MultiPoint"",""coordinates"":[]}"
5_1238_0,951,799,812,863,842,856,761,764,834,749,2,open_water,VA0179_20250716,18.915908433100974,0,Valsequillo,-98.15928953919965,2025-07-16,"{""type"":""MultiPoint"",""coordinates"":[]}"
5_1239_0,2928,2627,3010,3020,3002,3418,3189,3136,2922,3022,2,open_water,VA0180_20250716,18.90929087481052,0,Valsequillo,-98.14985007878734,2025-07-16,"{""type"":""MultiPoint"",""coordinates"":[]}"
5_1240_0,90,71,244,263,206,261,208,204,168,162,2,open_water,VA0181_20250716,18.905555695633502,0,Valsequillo,-98.16096289809093,2025-07-16,"{""type"":""MultiPoint"",""coordinates"":[]}"
5_1241_0,96,75,254,274,209,268,211,198,164,156,2,open_water,VA0182_20250716,18.907098497142854,0,Valsequillo,-98.16915806599438,2025-07-16,"{""type"":""MultiPoint"",""coordinates"":[]}"
5_1242_0,95,71,526,572,457,544,411,410,327,311,2,open_water,VA0183_20250716,18.910346453809076,0,Valsequillo,-98.18687850758666,2025-07-16,"{""type"":""MultiPoint"",""coordinates"":[]}"
5_1243_0,195,95,486,560,444,549,507,519,520,437,2,open_water,VA0184_20250716,18.91092498805707,0,Valsequillo,-98.19104901253766,2025-07-16,"{""type"":""MultiPoint"",""coordinates"":[]}"
5_1244_0,170,97,444,490,386,479,452,464,399,349,2,open_water,VA0185_20250716,18.91346240153824,0,Valsequillo,-98.18987980664568,2025-07-16,"{""type"":""MultiPoint"",""coordinates"":[]}"
5_1245_0,145,87,444,497,384,495,457,454,408,382,2,open_water,VA0186_20250716,18.911696365828362,0,Valsequillo,-98.18920402709344,2025-07-16,"{""type"":""MultiPoint"",""coordinates"":[]}"
5_1246_0,133,86,430,472,376,459,372,413,357,331,2,open_water,VA0187_20250716,18.91574604118819,0,Valsequillo,-98.19098544700284,2025-07-16,"{""type"":""MultiPoint"",""coordinates"":[]}"
5_1247_0,110,79,414,449,350,421,332,332,273,240,2,open_water,VA0188_20250716,18.918212336505647,0,Valsequillo,-98.19101762698152,2025-07-16,"{""type"":""MultiPoint"",""coordinates"":[]}"
5_1248_0,304,143,544,622,479,630,673,704,624,610,2,open_water,VA0189_20250716,18.916202765288137,0,Valsequillo,-98.19563009059212,2025-07-16,"{""type"":""MultiPoint"",""coordinates"":[]}"
5_1249_0,113,81,590,661,512,588,443,450,390,349,2,open_water,VA0190_20250716,18.921612313871364,0,Valsequillo,-98.18945167615836,2025-07-16,"{""type"":""MultiPoint"",""coordinates"":[]}"
5_1250_0,153,87,390,414,346,404,389,400,334,319,2,open_water,VA0191_20250716,18.926910051913016,0,Valsequillo,-98.19580350187513,2025-07-16,"{""type"":""MultiPoint"",""coordinates"":[]}"
5_1251_0,128,89,404,442,357,422,355,371,317,311,2,open_water,VA0192_20250716,18.92599666093299,0,Valsequillo,-98.19548170208836,2025-07-16,"{""type"":""MultiPoint"",""coordinates"":[]}"
5_1252_0,198,132,516,582,446,560,428,474,421,380,2,open_water,VA0193_20250716,18.92573279151135,0,Valsequillo,-98.19217789094401,2025-07-16,"{""type"":""MultiPoint"",""coordinates"":[]}"
5_1253_0,118,86,467,505,414,479,347,373,287,273,2,open_water,VA0194_20250716,18.9265649936567,0,Valsequillo,-98.19376543655882,2025-07-16,"{""type"":""MultiPoint"",""coordinates"":[]}"
5_1254_0,114,81,517,551,449,517,388,404,341,312,2,open_water,VA0195_20250716,18.92559070780402,0,Valsequillo,-98.19400142306914,2025-07-16,"{""type"":""MultiPoint"",""coordinates"":[]}"
5_1255_0,146,90,536,612,484,546,452,427,381,386,2,open_water,VA0196_20250716,18.924433735975967,0,Valsequillo,-98.19359381000588,2025-07-16,"{""type"":""MultiPoint"",""coordinates"":[]}"
5_1256_0,124,79,596,714,731,793,493,487,384,362,2,open_water,VA0197_20250716,18.93076653695589,0,Valsequillo,-98.21151152340941,2025-07-16,"{""type"":""MultiPoint"",""coordinates"":[]}"
5_1257_0,121,81,664,796,863,940,578,633,434,427,2,open_water,VA0198_20250716,18.931375447415913,0,Valsequillo,-98.2097523512416,2025-07-16,"{""type"":""MultiPoint"",""coordinates"":[]}"
5_1258_0,116,86,498,544,438,502,367,366,303,287,2,open_water,VA0199_20250716,18.923286904591656,0,Valsequillo,-98.1926374287525,2025-07-16,"{""type"":""MultiPoint"",""coordinates"":[]}"
5_1259_0,129,91,506,535,437,502,432,436,350,306,2,open_water,VA0200_20250716,18.921693507063512,0,Valsequillo,-98.19428933432468,2025-07-16,"{""type"":""MultiPoint"",""coordinates"":[]}"
6_1260_0,746,317,236,442,265,680,2402,2744,2874,2872,3,floating_plants,VA0001_20251014,18.894410559544685,1,Valsequillo,-98.18938687872449,2025-10-14,"{""type"":""MultiPoint"",""coordinates"":[]}"
6_1261_0,746,326,197,458,226,729,2575,3183,4036,3308,3,floating_plants,VA0002_20251014,18.893314276819407,1,Valsequillo,-98.1894083320436,2025-10-14,"{""type"":""MultiPoint"",""coordinates"":[]}"
6_1262_0,381,172,324,487,363,578,1289,1456,864,1469,3,floating_plants,VA0003_20251014,18.89400452974277,1,Valsequillo,-98.18850729264058,2025-10-14,"{""type"":""MultiPoint"",""coordinates"":[]}"
6_1263_0,766,315,222,447,240,672,2191,2796,2828,2827,3,floating_plants,VA0004_20251014,18.894938396814837,1,Valsequillo,-98.1881640395347,2025-10-14,"{""type"":""MultiPoint"",""coordinates"":[]}"
6_1264_0,852,358,209,446,258,671,2389,2966,2833,3090,3,floating_plants,VA0005_20251014,18.89483688977676,1,Valsequillo,-98.18747753332289,2025-10-14,"{""type"":""MultiPoint"",""coordinates"":[]}"
6_1265_0,1004,394,197,435,231,738,2720,3502,3452,3642,3,floating_plants,VA0006_20251014,18.895669245671968,1,Valsequillo,-98.18885054574649,2025-10-14,"{""type"":""MultiPoint"",""coordinates"":[]}"
6_1266_0,950,400,231,466,276,727,2313,2761,2721,2932,3,floating_plants,VA0007_20251014,18.89684671767422,1,Valsequillo,-98.18807822625821,2025-10-14,"{""type"":""MultiPoint"",""coordinates"":[]}"
6_1267_0,999,421,218,458,238,756,2584,3088,3377,3288,3,floating_plants,VA0008_20251014,18.897476052761423,1,Valsequillo,-98.18762770655671,2025-10-14,"{""type"":""MultiPoint"",""coordinates"":[]}"
6_1268_0,1225,509,198,444,250,781,2968,3726,3764,4074,3,floating_plants,VA0009_20251014,18.897029428104595,1,Valsequillo,-98.18089136435337,2025-10-14,"{""type"":""MultiPoint"",""coordinates"":[]}"
6_1269_0,996,420,213,444,240,751,2555,3150,3680,3362,3,floating_plants,VA0010_20251014,18.896481296215107,1,Valsequillo,-98.18224292345785,2025-10-14,"{""type"":""MultiPoint"",""coordinates"":[]}"
6_1270_0,1113,426,184,430,202,735,3072,3871,4045,4079,3,floating_plants,VA0011_20251014,18.89514141070634,1,Valsequillo,-98.18232873673433,2025-10-14,"{""type"":""MultiPoint"",""coordinates"":[]}"
6_1271_0,1192,457,171,420,182,722,3391,4426,4641,4642,3,floating_plants,VA0012_20251014,18.895933162530614,1,Valsequillo,-98.18449552196536,2025-10-14,"{""type"":""MultiPoint"",""coordinates"":[]}"
6_1272_0,1223,449,158,394,162,723,3562,4554,4760,4788,3,floating_plants,VA0013_20251014,18.899120433271328,1,Valsequillo,-98.18168513716076,2025-10-14,"{""type"":""MultiPoint"",""coordinates"":[]}"
6_1273_0,1323,490,154,428,181,757,3671,4881,4984,5219,3,floating_plants,VA0014_20251014,18.893395483193412,1,Valsequillo,-98.17687959367811,2025-10-14,"{""type"":""MultiPoint"",""coordinates"":[]}"
6_1274_0,1232,468,191,434,203,730,3229,4058,3815,4326,3,floating_plants,VA0015_20251014,18.897557257116453,1,Valsequillo,-98.17808097954878,2025-10-14,"{""type"":""MultiPoint"",""coordinates"":[]}"
6_1275_0,1308,477,146,384,167,731,3733,4910,5004,5305,3,floating_plants,VA0016_20251014,18.895080506564735,1,Valsequillo,-98.17863876584589,2025-10-14,"{""type"":""MultiPoint"",""coordinates"":[]}"
6_1276_0,1340,496,156,410,180,730,3669,4814,4884,5161,3,floating_plants,VA0017_20251014,18.89083746349082,1,Valsequillo,-98.17462699517063,2025-10-14,"{""type"":""MultiPoint"",""coordinates"":[]}"
6_1277_0,1282,477,167,395,174,734,3643,4698,4781,5010,3,floating_plants,VA0018_20251014,18.890167499491323,1,Valsequillo,-98.17805952622965,2025-10-14,"{""type"":""MultiPoint"",""coordinates"":[]}"
6_1278_0,1081,429,148,387,181,720,3041,3857,4220,4015,3,floating_plants,VA0019_20251014,18.891751046442636,1,Valsequillo,-98.19307684961292,2025-10-14,"{""type"":""MultiPoint"",""coordinates"":[]}"
6_1279_0,1133,434,175,405,179,716,3227,4056,4060,4304,3,floating_plants,VA0020_20251014,18.891852555351797,1,Valsequillo,-98.19112459757308,2025-10-14,"{""type"":""MultiPoint"",""coordinates"":[]}"
6_1280_0,245,91,271,416,333,481,648,864,1317,725,3,floating_plants,VA0021_20251014,18.892278892098155,1,Valsequillo,-98.18960141191563,2025-10-14,"{""type"":""MultiPoint"",""coordinates"":[]}"
6_1281_0,984,376,199,426,219,676,2686,3296,3539,3407,3,floating_plants,VA0022_20251014,18.89122319912296,1,Valsequillo,-98.18947269200098,2025-10-14,"{""type"":""MultiPoint"",""coordinates"":[]}"
6_1282_0,992,399,214,441,258,727,2713,3401,3056,3542,3,floating_plants,VA0023_20251014,18.89197436596153,1,Valsequillo,-98.1881854928538,2025-10-14,"{""type"":""MultiPoint"",""coordinates"":[]}"
6_1283_0,1311,633,195,456,240,803,2953,3529,3628,3749,3,floating_plants,VA0024_20251014,18.89150742480958,1,Valsequillo,-98.18743462668465,2025-10-14,"{""type"":""MultiPoint"",""coordinates"":[]}"
6_1284_0,1204,461,158,406,189,716,3263,4180,4351,4455,3,floating_plants,VA0025_20251014,18.892096176482656,1,Valsequillo,-98.19670246054403,2025-10-14,"{""type"":""MultiPoint"",""coordinates"":[]}"
6_1285_0,1314,483,143,415,174,711,3781,5038,5123,5358,3,floating_plants,VA0026_20251014,18.889233605807213,1,Valsequillo,-98.19522218152483,2025-10-14,"{""type"":""MultiPoint"",""coordinates"":[]}"
6_1286_0,1250,458,154,412,177,734,3537,4533,4533,4822,3,floating_plants,VA0027_20251014,18.889761459399107,1,Valsequillo,-98.19095297102018,2025-10-14,"{""type"":""MultiPoint"",""coordinates"":[]}"
6_1287_0,1172,449,166,408,181,736,3275,4158,4083,4350,3,floating_plants,VA0028_20251014,18.88888846986668,1,Valsequillo,-98.19013774489363,2025-10-14,"{""type"":""MultiPoint"",""coordinates"":[]}"
6_1288_0,1370,546,209,471,232,871,3448,4313,4467,4690,3,floating_plants,VA0029_20251014,18.898206890538212,1,Valsequillo,-98.184066455583,2025-10-14,"{""type"":""MultiPoint"",""coordinates"":[]}"
6_1289_0,1451,586,200,489,231,863,3570,4518,4621,4917,3,floating_plants,VA0030_20251014,18.90013547490393,1,Valsequillo,-98.19455712863214,2025-10-14,"{""type"":""MultiPoint"",""coordinates"":[]}"
6_1290_0,1287,464,157,374,156,691,3774,5047,5108,5391,3,floating_plants,VA0031_20251014,18.900318181743973,1,Valsequillo,-98.19148930399814,2025-10-14,"{""type"":""MultiPoint"",""coordinates"":[]}"
6_1291_0,1333,507,174,402,175,757,3643,4734,4944,5059,3,floating_plants,VA0032_20251014,18.898998627861697,1,Valsequillo,-98.1924761566776,2025-10-14,"{""type"":""MultiPoint"",""coordinates"":[]}"
6_1292_0,1348,535,168,408,203,768,3495,4468,4739,4804,3,floating_plants,VA0033_20251014,18.900764797624273,1,Valsequillo,-98.1930553962938,2025-10-14,"{""type"":""MultiPoint"",""coordinates"":[]}"
6_1293_0,1288,471,152,393,163,717,3779,5070,5154,5403,3,floating_plants,VA0034_20251014,18.899546751506886,1,Valsequillo,-98.18822839949205,2025-10-14,"{""type"":""MultiPoint"",""coordinates"":[]}"
6_1294_0,1291,512,166,428,202,794,3402,4349,4509,4720,3,floating_plants,VA0035_20251014,18.901211412312566,1,Valsequillo,-98.1814920572887,2025-10-14,"{""type"":""MultiPoint"",""coordinates"":[]}"
6_1295_0,1222,462,197,426,200,744,3500,4420,4316,4673,3,floating_plants,VA0036_20251014,18.899465548117167,1,Valsequillo,-98.17861731252675,2025-10-14,"{""type"":""MultiPoint"",""coordinates"":[]}"
6_1296_0,1286,487,159,414,196,743,3552,4589,4645,4921,3,floating_plants,VA0037_20251014,18.895811354801406,1,Valsequillo,-98.17638616733839,2025-10-14,"{""type"":""MultiPoint"",""coordinates"":[]}"
6_1297_0,1197,430,122,366,164,680,3365,4383,4353,4710,3,floating_plants,VA0038_20251014,18.894248147742083,1,Valsequillo,-98.17475571508535,2025-10-14,"{""type"":""MultiPoint"",""coordinates"":[]}"
6_1298_0,379,176,266,461,271,587,1161,1306,869,1276,3,floating_plants,VA0039_20251014,18.900379083979637,1,Valsequillo,-98.17389758232059,2025-10-14,"{""type"":""MultiPoint"",""coordinates"":[]}"
6_1299_0,516,252,269,586,288,755,1300,1477,2256,1330,3,floating_plants,VA0040_20251014,18.899303141219555,1,Valsequillo,-98.17486298168095,2025-10-14,"{""type"":""MultiPoint"",""coordinates"":[]}"
6_1300_0,291,168,230,430,235,560,1096,1064,1203,996,3,floating_plants,VA0041_20251014,18.897699364642914,1,Valsequillo,-98.17441246197946,2025-10-14,"{""type"":""MultiPoint"",""coordinates"":[]}"
6_1301_0,590,241,175,412,203,599,2036,2546,2920,2692,3,floating_plants,VA0042_20251014,18.896217380220705,1,Valsequillo,-98.17411211551178,2025-10-14,"{""type"":""MultiPoint"",""coordinates"":[]}"
6_1302_0,413,206,294,528,306,695,1194,1235,1094,1205,3,floating_plants,VA0043_20251014,18.89688732000931,1,Valsequillo,-98.1723314900249,2025-10-14,"{""type"":""MultiPoint"",""coordinates"":[]}"
6_1303_0,309,152,288,546,271,601,1117,1184,1674,1212,3,floating_plants,VA0044_20251014,18.90048058765653,1,Valsequillo,-98.17246020993963,2025-10-14,"{""type"":""MultiPoint"",""coordinates"":[]}"
6_1304_0,210,116,215,422,214,462,683,630,791,573,3,floating_plants,VA0045_20251014,18.900379083979637,1,Valsequillo,-98.17104429087777,2025-10-14,"{""type"":""MultiPoint"",""coordinates"":[]}"
6_1305_0,107,75,144,264,132,280,283,276,421,249,3,floating_plants,VA0046_20251014,18.90098810511743,1,Valsequillo,-98.16975709173063,2025-10-14,"{""type"":""MultiPoint"",""coordinates"":[]}"
6_1306_0,1364,542,169,430,202,790,3530,4491,4653,4885,3,floating_plants,VA0047_20251014,18.88807638183701,1,Valsequillo,-98.17484013975478,2025-10-14,"{""type"":""MultiPoint"",""coordinates"":[]}"
6_1307_0,1347,501,160,431,195,763,3708,4864,4899,5209,3,floating_plants,VA0048_20251014,18.887122174142725,1,Valsequillo,-98.1915308220293,2025-10-14,"{""type"":""MultiPoint"",""coordinates"":[]}"
6_1308_0,1374,535,174,444,191,770,3618,4762,5005,5144,3,floating_plants,VA0049_20251014,18.89037051864586,1,Valsequillo,-98.198657367914,2025-10-14,"{""type"":""MultiPoint"",""coordinates"":[]}"
6_1309_0,1282,490,152,394,167,748,3491,4427,4307,4745,3,floating_plants,VA0050_20251014,18.89644069375863,1,Valsequillo,-98.20071720431842,2025-10-14,"{""type"":""MultiPoint"",""coordinates"":[]}"
6_1310_0,1133,439,158,394,183,670,3216,4024,4033,4251,3,floating_plants,VA0051_20251014,18.899830963455187,1,Valsequillo,-98.2022834446161,2025-10-14,"{""type"":""MultiPoint"",""coordinates"":[]}"
6_1311_0,1348,511,164,418,180,753,3624,4749,4872,5184,3,floating_plants,VA0052_20251014,18.88695975557152,1,Valsequillo,-98.19520316588581,2025-10-14,"{""type"":""MultiPoint"",""coordinates"":[]}"
6_1312_0,1208,436,160,400,176,699,3487,4553,4532,4818,3,floating_plants,VA0053_20251014,18.907423293964378,1,Valsequillo,-98.1840459207469,2025-10-14,"{""type"":""MultiPoint"",""coordinates"":[]}"
6_1313_0,1220,476,194,437,218,770,3206,4024,4120,4315,3,floating_plants,VA0054_20251014,18.90362717206139,1,Valsequillo,-98.18151442473786,2025-10-14,"{""type"":""MultiPoint"",""coordinates"":[]}"
6_1314_0,1275,470,149,404,153,752,3696,4811,4959,5121,3,floating_plants,VA0055_20251014,18.901231713912637,1,Valsequillo,-98.18524730226454,2025-10-14,"{""type"":""MultiPoint"",""coordinates"":[]}"
6_1315_0,1251,487,175,454,196,748,3575,4592,4507,4798,3,floating_plants,VA0056_20251014,18.904053478815158,1,Valsequillo,-98.18805768706913,2025-10-14,"{""type"":""MultiPoint"",""coordinates"":[]}"
6_1316_0,1140,427,179,399,163,701,3467,4374,4309,4558,3,floating_plants,VA0057_20251014,18.906225596359196,1,Valsequillo,-98.18099954507898,2025-10-14,"{""type"":""MultiPoint"",""coordinates"":[]}"
6_1317_0,1058,390,190,433,196,698,3101,3798,3851,4023,3,floating_plants,VA0058_20251014,18.909067576722038,1,Valsequillo,-98.17881130652887,2025-10-14,"{""type"":""MultiPoint"",""coordinates"":[]}"
6_1318_0,305,145,187,395,249,477,1010,1058,2596,1167,3,floating_plants,VA0059_20251014,18.910650944835517,1,Valsequillo,-98.17776009389206,2025-10-14,"{""type"":""MultiPoint"",""coordinates"":[]}"
6_1319_0,901,352,173,401,179,647,2616,3450,3752,3452,3,floating_plants,VA0060_20251014,18.90762629271526,1,Valsequillo,-98.17977670588922,2025-10-14,"{""type"":""MultiPoint"",""coordinates"":[]}"
6_1320_0,650,260,202,418,234,616,1950,2271,3072,2481,3,floating_plants,VA0061_20251014,18.915360362088688,1,Valsequillo,-98.18046304233403,2025-10-14,"{""type"":""MultiPoint"",""coordinates"":[]}"
6_1321_0,499,241,222,425,276,608,1651,2238,2102,2373,3,floating_plants,VA0062_20251014,18.91197040751223,1,Valsequillo,-98.17775992412504,2025-10-14,"{""type"":""MultiPoint"",""coordinates"":[]}"
6_1322_0,1058,422,174,391,177,709,2949,3752,3904,3953,3,floating_plants,VA0063_20251014,18.911706515949604,1,Valsequillo,-98.17928310978249,2025-10-14,"{""type"":""MultiPoint"",""coordinates"":[]}"
6_1323_0,982,376,168,389,197,679,2900,3391,3495,3625,3,floating_plants,VA0064_20251014,18.91030585376215,1,Valsequillo,-98.17902566995303,2025-10-14,"{""type"":""MultiPoint"",""coordinates"":[]}"
6_1324_0,986,404,222,444,247,720,2551,3496,3720,3646,3,floating_plants,VA0065_20251014,18.914284515685456,1,Valsequillo,-98.17878968344276,2025-10-14,"{""type"":""MultiPoint"",""coordinates"":[]}"
6_1325_0,544,201,251,443,288,595,1613,1754,2076,1789,3,floating_plants,VA0066_20251014,18.91627381114806,1,Valsequillo,-98.1865343316447,2025-10-14,"{""type"":""MultiPoint"",""coordinates"":[]}"
6_1326_0,1075,398,182,390,174,676,3078,3970,3952,4193,3,floating_plants,VA0067_20251014,18.91688277441511,1,Valsequillo,-98.18406719994599,2025-10-14,"{""type"":""MultiPoint"",""coordinates"":[]}"
6_1327_0,1046,401,184,404,182,684,3034,3904,3632,4072,3,floating_plants,VA0068_20251014,18.91529946530728,1,Valsequillo,-98.18314470722389,2025-10-14,"{""type"":""MultiPoint"",""coordinates"":[]}"
6_1328_0,1028,386,192,402,213,648,2797,3783,3752,3847,3,floating_plants,VA0069_20251014,18.913452252398443,1,Valsequillo,-98.18550457232696,2025-10-14,"{""type"":""MultiPoint"",""coordinates"":[]}"
6_1329_0,1147,442,162,394,185,725,3157,4100,4300,4288,3,floating_plants,VA0070_20251014,18.913330457423626,1,Valsequillo,-98.18192186803411,2025-10-14,"{""type"":""MultiPoint"",""coordinates"":[]}"
6_1330_0,1122,427,182,388,218,687,3199,4370,3568,4622,3,floating_plants,VA0071_20251014,18.910610346539908,1,Valsequillo,-98.18271564084152,2025-10-14,"{""type"":""MultiPoint"",""coordinates"":[]}"
6_1331_0,1250,453,156,393,170,713,3555,4681,4888,5032,3,floating_plants,VA0072_20251014,18.909798364567337,1,Valsequillo,-98.1874353710477,2025-10-14,"{""type"":""MultiPoint"",""coordinates"":[]}"
6_1332_0,1122,398,173,397,172,675,3289,4280,4296,4525,3,floating_plants,VA0073_20251014,18.914568702200576,1,Valsequillo,-98.18777862415358,2025-10-14,"{""type"":""MultiPoint"",""coordinates"":[]}"
6_1333_0,1372,509,205,454,213,804,3677,4757,4820,5137,3,floating_plants,VA0074_20251014,18.912193700047656,1,Valsequillo,-98.18940907640662,2025-10-14,"{""type"":""MultiPoint"",""coordinates"":[]}"
6_1334_0,1331,484,174,447,188,729,3810,4982,5036,5314,3,floating_plants,VA0075_20251014,18.91659859183319,1,Valsequillo,-98.19365683359217,2025-10-14,"{""type"":""MultiPoint"",""coordinates"":[]}"
6_1335_0,1402,558,195,481,215,802,3540,4462,4575,4751,3,floating_plants,VA0076_20251014,18.916334707574578,1,Valsequillo,-98.19080354214938,2025-10-14,"{""type"":""MultiPoint"",""coordinates"":[]}"
6_1336_0,1268,459,152,391,171,701,3705,4938,5007,5261,3,floating_plants,VA0077_20251014,18.913411654083383,1,Valsequillo,-98.19232672780683,2025-10-14,"{""type"":""MultiPoint"",""coordinates"":[]}"
6_1337_0,1421,561,183,450,203,809,3725,4828,4844,5230,3,floating_plants,VA0078_20251014,18.914589001218875,1,Valsequillo,-98.19603815201437,2025-10-14,"{""type"":""MultiPoint"",""coordinates"":[]}"
6_1338_0,1390,554,197,474,206,816,3629,4653,4840,5044,3,floating_plants,VA0079_20251014,18.913188363174235,1,Valsequillo,-98.19522292588786,2025-10-14,"{""type"":""MultiPoint"",""coordinates"":[]}"
6_1339_0,1284,463,143,385,154,681,3730,5009,5200,5330,3,floating_plants,VA0080_20251014,18.910569747534907,1,Valsequillo,-98.19374264686866,2025-10-14,"{""type"":""MultiPoint"",""coordinates"":[]}"
6_1340_0,1242,474,179,431,173,715,3586,4670,4713,4960,3,floating_plants,VA0081_20251014,18.90886458042556,1,Valsequillo,-98.19215510125385,2025-10-14,"{""type"":""MultiPoint"",""coordinates"":[]}"
6_1341_0,1273,457,166,398,169,692,3629,4872,4860,5110,3,floating_plants,VA0082_20251014,18.910590047038635,1,Valsequillo,-98.18996686270371,2025-10-14,"{""type"":""MultiPoint"",""coordinates"":[]}"
6_1342_0,1344,496,174,430,174,759,3713,4955,5060,5366,3,floating_plants,VA0083_20251014,18.907565393817155,1,Valsequillo,-98.18820769053598,2025-10-14,"{""type"":""MultiPoint"",""coordinates"":[]}"
6_1343_0,1266,638,248,457,330,822,2406,3004,2610,3215,3,floating_plants,VA0084_20251014,18.91944039669025,1,Valsequillo,-98.18956025953652,2025-10-14,"{""type"":""MultiPoint"",""coordinates"":[]}"
6_1344_0,1752,837,262,658,321,1109,3046,3374,4165,3596,1,LEV,VA0085_20251014,18.92006964677544,0,Valsequillo,-98.18960315746877,2025-10-14,"{""type"":""MultiPoint"",""coordinates"":[]}"
6_1345_0,1823,999,338,686,501,1063,2415,2845,3149,3134,1,LEV,VA0086_20251014,18.922200960109375,0,Valsequillo,-98.18818723840687,2025-10-14,"{""type"":""MultiPoint"",""coordinates"":[]}"
6_1346_0,1272,502,175,420,190,749,3673,4768,4896,5009,3,floating_plants,VA0087_20251014,18.9247990957942,1,Valsequillo,-98.18928135768196,2025-10-14,"{""type"":""MultiPoint"",""coordinates"":[]}"
6_1347_0,816,383,203,497,236,713,2381,3075,3760,3159,3,floating_plants,VA0088_20251014,18.923479735064415,1,Valsequillo,-98.18938862427754,2025-10-14,"{""type"":""MultiPoint"",""coordinates"":[]}"
6_1348_0,441,180,216,428,272,549,1289,1457,2690,1541,3,floating_plants,VA0089_20251014,18.923175265724495,1,Valsequillo,-98.19183430265711,2025-10-14,"{""type"":""MultiPoint"",""coordinates"":[]}"
6_1349_0,1711,905,306,520,408,1040,3663,4039,3948,4187,3,floating_plants,VA0090_20251014,18.923418841240796,1,Valsequillo,-98.19372219473958,2025-10-14,"{""type"":""MultiPoint"",""coordinates"":[]}"
6_1350_0,1161,439,183,414,186,726,3263,4010,4212,4236,3,floating_plants,VA0091_20251014,18.92343913918446,1,Valsequillo,-98.19509520716319,2025-10-14,"{""type"":""MultiPoint"",""coordinates"":[]}"
6_1351_0,1098,415,168,401,173,680,3361,4357,4544,4573,3,floating_plants,VA0092_20251014,18.92640261250396,1,Valsequillo,-98.19578171337498,2025-10-14,"{""type"":""MultiPoint"",""coordinates"":[]}"
6_1352_0,939,356,170,377,214,613,2487,3100,3312,3360,3,floating_plants,VA0093_20251014,18.926098148489345,1,Valsequillo,-98.19425852771757,2025-10-14,"{""type"":""MultiPoint"",""coordinates"":[]}"
6_1353_0,754,318,176,401,175,655,2749,3722,3939,3767,3,floating_plants,VA0094_20251014,18.921734103322667,1,Valsequillo,-98.19400108788811,2025-10-14,"{""type"":""MultiPoint"",""coordinates"":[]}"
6_1354_0,1201,463,202,409,198,830,3265,4021,3873,4274,3,floating_plants,VA0095_20251014,18.921490525351064,1,Valsequillo,-98.19232772899683,2025-10-14,"{""type"":""MultiPoint"",""coordinates"":[]}"
6_1355_0,1186,443,198,414,168,710,3425,4378,4332,4628,3,floating_plants,VA0096_20251014,18.91911562152596,1,Valsequillo,-98.19224191572037,2025-10-14,"{""type"":""MultiPoint"",""coordinates"":[]}"
6_1356_0,1270,455,156,406,160,710,3654,4756,4732,5014,3,floating_plants,VA0097_20251014,18.920861280614794,1,Valsequillo,-98.19629659303384,2025-10-14,"{""type"":""MultiPoint"",""coordinates"":[]}"
6_1357_0,1296,504,165,417,195,740,3585,4559,4731,4909,3,floating_plants,VA0098_20251014,18.925753088602168,1,Valsequillo,-98.19910697783845,2025-10-14,"{""type"":""MultiPoint"",""coordinates"":[]}"
6_1358_0,1101,430,195,475,212,738,3122,3812,4559,4171,3,floating_plants,VA0099_20251014,18.926382314920243,1,Valsequillo,-98.17778237863418,2025-10-14,"{""type"":""MultiPoint"",""coordinates"":[]}"
6_1359_0,1206,450,176,420,185,704,3356,4394,4327,4633,3,floating_plants,VA0100_20251014,18.930218514782766,1,Valsequillo,-98.18239445918077,2025-10-14,"{""type"":""MultiPoint"",""coordinates"":[]}"
6_1360_0,1194,447,153,376,175,701,3355,4363,4497,4634,3,floating_plants,VA0101_20251014,18.928432358770603,1,Valsequillo,-98.18241591249988,2025-10-14,"{""type"":""MultiPoint"",""coordinates"":[]}"
6_1361_0,1262,457,155,412,163,713,3697,4850,4847,5061,3,floating_plants,VA0102_20251014,18.926382315267126,1,Valsequillo,-98.18016331399237,2025-10-14,"{""type"":""MultiPoint"",""coordinates"":[]}"
6_1362_0,902,330,211,436,230,700,2506,3027,3151,3262,3,floating_plants,VA0103_20251014,18.919744873180587,1,Valsequillo,-98.18503321743239,2025-10-14,"{""type"":""MultiPoint"",""coordinates"":[]}"
6_1363_0,691,279,212,435,242,622,1936,2600,3112,2579,3,floating_plants,VA0104_20251014,18.92177469996365,1,Valsequillo,-98.18468996432648,2025-10-14,"{""type"":""MultiPoint"",""coordinates"":[]}"
6_1364_0,1045,388,180,404,189,708,3078,3863,3836,3973,3,floating_plants,VA0105_20251014,18.920820684445754,1,Valsequillo,-98.18314532534993,2025-10-14,"{""type"":""MultiPoint"",""coordinates"":[]}"
6_1365_0,780,311,204,417,225,635,2267,2709,3276,2769,3,floating_plants,VA0106_20251014,18.91814129205466,1,Valsequillo,-98.18329576411676,2025-10-14,"{""type"":""MultiPoint"",""coordinates"":[]}"
6_1366_0,784,335,217,422,225,644,2167,3221,3565,3372,3,floating_plants,VA0107_20251014,18.917268450586935,1,Valsequillo,-98.18580580245369,2025-10-14,"{""type"":""MultiPoint"",""coordinates"":[]}"
6_1367_0,171,78,304,466,358,503,668,577,846,510,3,floating_plants,VA0108_20251014,18.922789603571818,1,Valsequillo,-98.18994629304363,2025-10-14,"{""type"":""MultiPoint"",""coordinates"":[]}"
6_1368_0,1047,441,188,397,191,692,2787,3279,3388,3459,3,floating_plants,VA0109_20251014,18.934460559694568,1,Valsequillo,-98.21524423552209,2025-10-14,"{""type"":""MultiPoint"",""coordinates"":[]}"
6_1369_0,793,276,157,350,126,622,2451,2795,3392,2706,3,floating_plants,VA0110_20251014,18.93372988037169,1,Valsequillo,-98.21597364837213,2025-10-14,"{""type"":""MultiPoint"",""coordinates"":[]}"
6_1370_0,1816,821,258,516,342,964,3316,3941,3775,4154,3,floating_plants,VA0111_20251014,18.93320216553947,1,Valsequillo,-98.21395703637494,2025-10-14,"{""type"":""MultiPoint"",""coordinates"":[]}"
6_1371_0,1173,456,141,357,173,695,2906,3665,3326,4076,3,floating_plants,VA0112_20251014,18.932187324637628,1,Valsequillo,-98.21206914429246,2025-10-14,"{""type"":""MultiPoint"",""coordinates"":[]}"
6_1372_0,1344,548,227,502,206,841,3562,4330,4845,4741,3,floating_plants,VA0113_20251014,18.940427655184152,1,Valsequillo,-98.22181100578855,2025-10-14,"{""type"":""MultiPoint"",""coordinates"":[]}"
6_1373_0,1228,483,225,526,218,778,3308,3957,4496,4270,3,floating_plants,VA0114_20251014,18.94034647165154,1,Valsequillo,-98.21945114068548,2025-10-14,"{""type"":""MultiPoint"",""coordinates"":[]}"
6_1374_0,1299,558,169,390,220,762,2827,3391,3476,3717,3,floating_plants,VA0115_20251014,18.940224696278634,1,Valsequillo,-98.22502900365642,2025-10-14,"{""type"":""MultiPoint"",""coordinates"":[]}"
6_1375_0,561,233,106,160,108,412,1591,2109,777,1848,3,floating_plants,VA0116_20251014,18.940387063422786,1,Valsequillo,-98.21580407643526,2025-10-14,"{""type"":""MultiPoint"",""coordinates"":[]}"
6_1376_0,1525,586,206,480,194,846,4029,5077,4905,5259,3,floating_plants,VA0117_20251014,18.931659605610488,1,Valsequillo,-98.21310095822628,2025-10-14,"{""type"":""MultiPoint"",""coordinates"":[]}"
6_1377_0,1282,504,181,390,184,750,3144,3932,4068,4258,3,floating_plants,VA0118_20251014,18.930401190354022,1,Valsequillo,-98.21177085244089,2025-10-14,"{""type"":""MultiPoint"",""coordinates"":[]}"
6_1378_0,1291,468,152,394,165,706,3708,5001,5081,5288,3,floating_plants,VA0119_20251014,18.93210613777762,1,Valsequillo,-98.1764586891711,2025-10-14,"{""type"":""MultiPoint"",""coordinates"":[]}"
6_1379_0,1318,465,154,396,164,696,3839,5191,5274,5474,3,floating_plants,VA0120_20251014,18.938438647272175,1,Valsequillo,-98.17933343393304,2025-10-14,"{""type"":""MultiPoint"",""coordinates"":[]}"
6_1380_0,1834,781,244,603,283,1118,4067,4605,4695,4945,3,floating_plants,VA0121_20251014,18.94071179723737,1,Valsequillo,-98.1812213260155,2025-10-14,"{""type"":""MultiPoint"",""coordinates"":[]}"
6_1381_0,1190,464,185,412,194,723,3177,4002,4152,4392,3,floating_plants,VA0122_20251014,18.921470227449014,1,Valsequillo,-98.17975587504912,2025-10-14,"{""type"":""MultiPoint"",""coordinates"":[]}"
6_1382_0,1263,455,147,404,159,684,3673,4768,5060,5086,3,floating_plants,VA0123_20251014,18.924961478211642,1,Valsequillo,-98.1828880596405,2025-10-14,"{""type"":""MultiPoint"",""coordinates"":[]}"
6_1383_0,1115,406,159,406,173,686,3111,4055,4673,4234,3,floating_plants,VA0124_20251014,18.922931690131467,1,Valsequillo,-98.18061400781389,2025-10-14,"{""type"":""MultiPoint"",""coordinates"":[]}"
6_1384_0,414,208,236,487,251,635,1339,1501,1562,1341,3,floating_plants,VA0125_20251014,18.898552007731148,1,Valsequillo,-98.17498841072751,2025-10-14,"{""type"":""MultiPoint"",""coordinates"":[]}"
6_1385_0,131,87,130,214,137,260,467,404,520,449,3,floating_plants,VA0126_20251014,18.901394118441083,1,Valsequillo,-98.16104375330019,2025-10-14,"{""type"":""MultiPoint"",""coordinates"":[]}"
6_1386_0,1037,447,178,414,194,732,2999,3701,3688,3984,3,floating_plants,VA0127_20251014,18.891588631928432,1,Valsequillo,-98.19475030862321,2025-10-14,"{""type"":""MultiPoint"",""coordinates"":[]}"
6_1387_0,320,210,386,764,354,616,758,782,1052,738,4,surface_algae,VA0128_20251014,18.908296187402122,0,Valsequillo,-98.15157794679651,2025-10-14,"{""type"":""MultiPoint"",""coordinates"":[]}"
6_1388_0,333,241,408,690,357,714,672,629,1021,554,4,surface_algae,VA0129_20251014,18.90900667822473,0,Valsequillo,-98.14936825492728,2025-10-14,"{""type"":""MultiPoint"",""coordinates"":[]}"
6_1389_0,1288,755,647,1274,618,1716,2435,2350,2165,2327,4,surface_algae,VA0130_20251014,18.911726815191457,0,Valsequillo,-98.14707274978154,2025-10-14,"{""type"":""MultiPoint"",""coordinates"":[]}"
6_1390_0,1368,804,908,1818,800,2015,2855,2613,3372,2585,4,surface_algae,VA0131_20251014,18.91331015812866,0,Valsequillo,-98.1438332985946,2025-10-14,"{""type"":""MultiPoint"",""coordinates"":[]}"
6_1391_0,1281,766,774,1498,737,1788,2536,2463,2589,2366,4,surface_algae,VA0132_20251014,18.911808012629848,0,Valsequillo,-98.14623607033592,2025-10-14,"{""type"":""MultiPoint"",""coordinates"":[]}"
6_1392_0,1076,640,716,1594,734,1690,2532,2540,3031,2209,4,surface_algae,VA0133_20251014,18.91767442385897,0,Valsequillo,-98.13896253326054,2025-10-14,"{""type"":""MultiPoint"",""coordinates"":[]}"
6_1393_0,605,385,472,846,427,983,1233,1193,1366,1151,4,surface_algae,VA0134_20251014,18.921734103059634,0,Valsequillo,-98.13954177287677,2025-10-14,"{""type"":""MultiPoint"",""coordinates"":[]}"
6_1394_0,347,225,288,502,253,600,696,710,746,697,4,surface_algae,VA0135_20251014,18.91792815638769,0,Valsequillo,-98.13817779161913,2025-10-14,"{""type"":""MultiPoint"",""coordinates"":[]}"
6_1395_0,340,217,287,497,250,602,675,668,725,674,4,surface_algae,VA0136_20251014,18.91810069449788,0,Valsequillo,-98.13737329215218,2025-10-14,"{""type"":""MultiPoint"",""coordinates"":[]}"
6_1396_0,648,409,447,844,429,963,1233,1266,1363,1061,4,surface_algae,VA0137_20251014,18.92270841134292,0,Valsequillo,-98.13908951850468,2025-10-14,"{""type"":""MultiPoint"",""coordinates"":[]}"
6_1397_0,1171,742,356,798,439,1090,1366,1382,1328,1447,4,surface_algae,VA0138_20251014,18.91036675205231,0,Valsequillo,-98.12459563582225,2025-10-14,"{""type"":""MultiPoint"",""coordinates"":[]}"
6_1398_0,2197,1347,714,1424,748,1967,3318,3303,2949,3507,4,surface_algae,VA0139_20251014,18.909585218150717,0,Valsequillo,-98.12720330669823,2025-10-14,"{""type"":""MultiPoint"",""coordinates"":[]}"
6_1399_0,215,143,239,448,231,499,468,412,584,369,4,surface_algae,VA0140_20251014,18.910762592231972,0,Valsequillo,-98.14382085032344,2025-10-14,"{""type"":""MultiPoint"",""coordinates"":[]}"
6_1400_0,1163,707,769,1476,728,1610,2358,2335,2756,2284,4,surface_algae,VA0141_20251014,18.912051604343414,0,Valsequillo,-98.14535476264047,2025-10-14,"{""type"":""MultiPoint"",""coordinates"":[]}"
6_1401_0,1516,842,805,1626,744,1672,3362,3517,3956,3554,4,surface_algae,VA0142_20251014,18.912569236332324,0,Valsequillo,-98.14464680310952,2025-10-14,"{""type"":""MultiPoint"",""coordinates"":[]}"
6_1402_0,642,381,432,778,377,809,996,1010,1516,1002,4,surface_algae,VA0143_20251014,18.909940461208187,0,Valsequillo,-98.14309143747339,2025-10-14,"{""type"":""MultiPoint"",""coordinates"":[]}"
6_1403_0,1731,971,702,1522,695,1328,2607,3045,3492,3207,4,surface_algae,VA0144_20251014,18.91181816194184,0,Valsequillo,-98.13663398841861,2025-10-14,"{""type"":""MultiPoint"",""coordinates"":[]}"
6_1404_0,218,126,268,476,231,492,706,688,836,623,4,surface_algae,VA0145_20251014,18.911503522103175,0,Valsequillo,-98.15114978148519,2025-10-14,"{""type"":""MultiPoint"",""coordinates"":[]}"
6_1405_0,145,96,251,419,235,428,417,432,477,375,4,surface_algae,VA0146_20251014,18.91176741398611,0,Valsequillo,-98.15037746199691,2025-10-14,"{""type"":""MultiPoint"",""coordinates"":[]}"
6_1406_0,171,109,190,336,196,416,293,345,386,310,4,surface_algae,VA0147_20251014,18.916984268023946,0,Valsequillo,-98.12982518228095,2025-10-14,"{""type"":""MultiPoint"",""coordinates"":[]}"
6_1407_0,179,142,167,322,182,345,337,301,377,242,4,surface_algae,VA0148_20251014,18.91398002954419,0,Valsequillo,-98.1315629011296,2025-10-14,"{""type"":""MultiPoint"",""coordinates"":[]}"
6_1408_0,195,117,123,228,144,314,271,283,340,268,4,surface_algae,VA0149_20251014,18.91424391751905,0,Valsequillo,-98.13229231397962,2025-10-14,"{""type"":""MultiPoint"",""coordinates"":[]}"
6_1409_0,172,104,230,379,200,381,297,295,495,268,4,surface_algae,VA0150_20251014,18.911077234335714,0,Valsequillo,-98.14271862707143,2025-10-14,"{""type"":""MultiPoint"",""coordinates"":[]}"
6_1410_0,103,76,129,232,133,271,200,196,228,148,4,surface_algae,VA0151_20251014,18.911605019030485,0,Valsequillo,-98.14065910843601,2025-10-14,"{""type"":""MultiPoint"",""coordinates"":[]}"
6_1411_0,146,97,142,220,132,341,263,238,232,208,4,surface_algae,VA0152_20251014,18.909818664111317,0,Valsequillo,-98.14415599945241,2025-10-14,"{""type"":""MultiPoint"",""coordinates"":[]}"
6_1412_0,384,240,330,669,366,725,740,573,1038,541,4,surface_algae,VA0153_20251014,18.909148775434304,0,Valsequillo,-98.14684673903827,2025-10-14,"{""type"":""MultiPoint"",""coordinates"":[]}"
6_1413_0,245,170,288,526,260,463,523,507,662,478,4,surface_algae,VA0154_20251014,18.90955476849015,0,Valsequillo,-98.1449588469558,2025-10-14,"{""type"":""MultiPoint"",""coordinates"":[]}"
6_1414_0,249,175,282,556,288,513,480,522,774,468,4,surface_algae,VA0155_20251014,18.90906757670486,0,Valsequillo,-98.14836992469571,2025-10-14,"{""type"":""MultiPoint"",""coordinates"":[]}"
6_1415_0,131,97,142,272,159,327,267,238,260,191,4,surface_algae,VA0156_20251014,18.907880040783155,0,Valsequillo,-98.14867027116337,2025-10-14,"{""type"":""MultiPoint"",""coordinates"":[]}"
6_1416_0,367,240,461,878,444,685,754,932,1355,872,4,surface_algae,VA0157_20251014,18.90828603672936,0,Valsequillo,-98.15065435603012,2025-10-14,"{""type"":""MultiPoint"",""coordinates"":[]}"
6_1417_0,221,152,319,548,264,523,605,530,716,482,4,surface_algae,VA0158_20251014,18.90828603672936,0,Valsequillo,-98.14997321314809,2025-10-14,"{""type"":""MultiPoint"",""coordinates"":[]}"
6_1418_0,275,191,246,409,233,499,564,508,545,442,4,surface_algae,VA0159_20251014,18.919115621209546,0,Valsequillo,-98.13758881129792,2025-10-14,"{""type"":""MultiPoint"",""coordinates"":[]}"
6_1419_0,1640,926,761,1606,730,1924,3171,3666,4212,3616,4,surface_algae,VA0160_20251014,18.914558552468417,0,Valsequillo,-98.11064811847379,2025-10-14,"{""type"":""MultiPoint"",""coordinates"":[]}"
6_1420_0,94,72,112,165,114,257,148,152,132,123,2,open_water,VA0161_20251014,18.912498189275762,0,Valsequillo,-98.14213676259612,2025-10-14,"{""type"":""MultiPoint"",""coordinates"":[]}"
6_1421_0,42,40,129,177,118,213,104,105,94,69,2,open_water,VA0162_20251014,18.906814296771163,0,Valsequillo,-98.16880790903015,2025-10-14,"{""type"":""MultiPoint"",""coordinates"":[]}"
6_1422_0,30,33,96,150,99,189,102,91,77,50,2,open_water,VA0163_20251014,18.906773696844756,0,Valsequillo,-98.16610479082117,2025-10-14,"{""type"":""MultiPoint"",""coordinates"":[]}"
6_1423_0,42,44,89,142,101,204,100,89,69,40,2,open_water,VA0164_20251014,18.901049008584707,0,Valsequillo,-98.16314423278277,2025-10-14,"{""type"":""MultiPoint"",""coordinates"":[]}"
6_1424_0,35,43,117,189,123,247,104,111,83,56,2,open_water,VA0165_20251014,18.90413468049309,0,Valsequillo,-98.16052692785027,2025-10-14,"{""type"":""MultiPoint"",""coordinates"":[]}"
6_1425_0,26,24,308,466,289,479,200,200,154,110,2,open_water,VA0166_20251014,18.909250274322467,0,Valsequillo,-98.15812415610894,2025-10-14,"{""type"":""MultiPoint"",""coordinates"":[]}"
6_1426_0,40,32,153,200,140,254,118,104,87,75,2,open_water,VA0167_20251014,18.914365711697023,0,Valsequillo,-98.15945426189431,2025-10-14,"{""type"":""MultiPoint"",""coordinates"":[]}"
6_1427_0,37,27,162,251,141,288,133,125,94,78,2,open_water,VA0168_20251014,18.911808012568834,0,Valsequillo,-98.15499197151756,2025-10-14,"{""type"":""MultiPoint"",""coordinates"":[]}"
6_1428_0,35,38,122,159,110,220,108,106,85,69,2,open_water,VA0169_20251014,18.913756739262492,0,Valsequillo,-98.1672632700536,2025-10-14,"{""type"":""MultiPoint"",""coordinates"":[]}"
6_1429_0,66,60,168,256,184,311,140,149,117,108,2,open_water,VA0170_20251014,18.897800871420557,0,Valsequillo,-98.16365911244165,2025-10-14,"{""type"":""MultiPoint"",""coordinates"":[]}"
6_1430_0,49,51,116,204,129,268,138,130,96,73,2,open_water,VA0171_20251014,18.912782378754308,0,Valsequillo,-98.12517185794223,2025-10-14,"{""type"":""MultiPoint"",""coordinates"":[]}"
6_1431_0,43,50,115,182,113,240,113,103,78,52,2,open_water,VA0172_20251014,18.914771692087914,0,Valsequillo,-98.12276908620092,2025-10-14,"{""type"":""MultiPoint"",""coordinates"":[]}"
6_1432_0,67,59,315,456,298,530,247,250,188,144,2,open_water,VA0173_20251014,18.913269559718078,0,Valsequillo,-98.11740575642118,2025-10-14,"{""type"":""MultiPoint"",""coordinates"":[]}"
6_1433_0,84,65,214,332,202,382,186,179,152,97,2,open_water,VA0174_20251014,18.90953446939258,0,Valsequillo,-98.11762028961236,2025-10-14,"{""type"":""MultiPoint"",""coordinates"":[]}"
6_1434_0,52,29,152,209,129,270,131,127,92,61,2,open_water,VA0175_20251014,18.909493870126404,0,Valsequillo,-98.12105282067138,2025-10-14,"{""type"":""MultiPoint"",""coordinates"":[]}"
6_1435_0,69,58,158,263,156,320,141,133,107,89,2,open_water,VA0176_20251014,18.90583989581786,0,Valsequillo,-98.1209670073949,2025-10-14,"{""type"":""MultiPoint"",""coordinates"":[]}"
6_1436_0,80,63,350,548,346,575,276,260,219,139,2,open_water,VA0177_20251014,18.91115843195797,0,Valsequillo,-98.11191370672671,2025-10-14,"{""type"":""MultiPoint"",""coordinates"":[]}"
6_1437_0,87,76,370,512,330,531,249,254,208,142,2,open_water,VA0178_20251014,18.911605018898964,0,Valsequillo,-98.10929640179421,2025-10-14,"{""type"":""MultiPoint"",""coordinates"":[]}"
6_1438_0,131,106,186,210,181,282,188,166,173,124,2,open_water,VA0179_20251014,18.91927800892395,0,Valsequillo,-98.13092194818012,2025-10-14,"{""type"":""MultiPoint"",""coordinates"":[]}"
6_1439_0,111,95,135,183,133,247,168,154,137,130,2,open_water,VA0180_20251014,18.921389034161766,0,Valsequillo,-98.1304070685213,2025-10-14,"{""type"":""MultiPoint"",""coordinates"":[]}"
6_1440_0,70,60,61,126,70,189,97,117,79,63,2,open_water,VA0181_20251014,18.928127898492658,0,Valsequillo,-98.13083643961366,2025-10-14,"{""type"":""MultiPoint"",""coordinates"":[]}"
6_1441_0,91,82,251,348,247,407,181,174,153,133,2,open_water,VA0182_20251014,18.92410897032748,0,Valsequillo,-98.17241297206618,2025-10-14,"{""type"":""MultiPoint"",""coordinates"":[]}"
6_1442_0,124,84,200,250,178,302,186,179,151,135,2,open_water,VA0183_20251014,18.918993831061695,0,Valsequillo,-98.17095414636611,2025-10-14,"{""type"":""MultiPoint"",""coordinates"":[]}"
6_1443_0,63,56,139,196,139,250,122,121,104,60,2,open_water,VA0184_20251014,18.915624249045898,0,Valsequillo,-98.16756452194531,2025-10-14,"{""type"":""MultiPoint"",""coordinates"":[]}"
6_1444_0,17,14,128,179,124,222,101,103,75,53,2,open_water,VA0185_20251014,18.910427652100594,0,Valsequillo,-98.16215828552733,2025-10-14,"{""type"":""MultiPoint"",""coordinates"":[]}"
6_1445_0,41,36,305,438,302,453,199,200,159,95,2,open_water,VA0186_20251014,18.908763082996003,0,Valsequillo,-98.15533613004752,2025-10-14,"{""type"":""MultiPoint"",""coordinates"":[]}"
6_1446_0,47,40,435,576,472,540,216,205,155,119,2,open_water,VA0187_20251014,18.922363344506156,0,Valsequillo,-98.1859786086697,2025-10-14,"{""type"":""MultiPoint"",""coordinates"":[]}"
6_1447_0,38,31,377,526,447,520,191,182,130,90,2,open_water,VA0188_20251014,18.918060097617428,0,Valsequillo,-98.18898207334635,2025-10-14,"{""type"":""MultiPoint"",""coordinates"":[]}"
6_1448_0,48,30,363,483,396,449,161,159,117,78,2,open_water,VA0189_20251014,18.903566272216434,0,Valsequillo,-98.17881320008395,2025-10-14,"{""type"":""MultiPoint"",""coordinates"":[]}"
6_1449_0,44,26,372,526,397,456,188,180,137,121,2,open_water,VA0190_20251014,18.903566272216434,0,Valsequillo,-98.172505924263,2025-10-14,"{""type"":""MultiPoint"",""coordinates"":[]}"
6_1450_0,45,25,352,504,384,490,190,190,155,86,2,open_water,VA0191_20251014,18.900561792723014,0,Valsequillo,-98.17726856110737,2025-10-14,"{""type"":""MultiPoint"",""coordinates"":[]}"
6_1451_0,62,42,85,85,73,71,62,55,56,59,2,open_water,VA0192_20251014,18.941888951940577,0,Valsequillo,-98.22035164031645,2025-10-14,"{""type"":""MultiPoint"",""coordinates"":[]}"
6_1452_0,60,59,74,74,58,66,40,77,61,61,2,open_water,VA0193_20251014,18.9424978218475,0,Valsequillo,-98.22318347844018,2025-10-14,"{""type"":""MultiPoint"",""coordinates"":[]}"
6_1453_0,66,42,88,88,69,83,73,78,57,70,2,open_water,VA0194_20251014,18.9424978218475,0,Valsequillo,-98.21558900347206,2025-10-14,"{""type"":""MultiPoint"",""coordinates"":[]}"
6_1454_0,69,45,82,74,70,77,102,107,99,105,2,open_water,VA0195_20251014,18.936246651847046,0,Valsequillo,-98.215760630025,2025-10-14,"{""type"":""MultiPoint"",""coordinates"":[]}"
6_1455_0,104,68,91,84,80,79,106,142,101,146,2,open_water,VA0196_20251014,18.944283827430276,0,Valsequillo,-98.22399870456668,2025-10-14,"{""type"":""MultiPoint"",""coordinates"":[]}"
6_1456_0,74,53,79,68,60,84,114,107,90,137,2,open_water,VA0197_20251014,18.93527242245823,0,Valsequillo,-98.21627550968384,2025-10-14,"{""type"":""MultiPoint"",""coordinates"":[]}"
6_1457_0,145,64,87,94,76,132,184,214,176,228,2,open_water,VA0198_20251014,18.93445041108091,0,Valsequillo,-98.21444860398358,2025-10-14,"{""type"":""MultiPoint"",""coordinates"":[]}"
6_1458_0,224,110,91,82,78,113,119,144,175,185,2,open_water,VA0199_20251014,18.92802641157829,0,Valsequillo,-98.21445924140666,2025-10-14,"{""type"":""MultiPoint"",""coordinates"":[]}"
6_1459_0,81,43,310,454,389,426,237,258,179,188,2,open_water,VA0200_20251014,18.923845097738337,0,Valsequillo,-98.1943649977141,2025-10-14,"{""type"":""MultiPoint"",""coordinates"":[]}"
6_1460_0,70,39,310,464,391,440,205,203,157,157,2,open_water,VA0201_20251014,18.924088672278383,0,Valsequillo,-98.19299198529052,2025-10-14,"{""type"":""MultiPoint"",""coordinates"":[]}"
6_1461_0,119,67,278,433,354,412,247,243,255,176,2,open_water,VA0202_20251014,18.92595606529092,0,Valsequillo,-98.19288471869491,2025-10-14,"{""type"":""MultiPoint"",""coordinates"":[]}"
6_1462_0,205,83,330,452,398,441,233,302,372,219,2,open_water,VA0203_20251014,18.926910051493703,0,Valsequillo,-98.19601690328628,2025-10-14,"{""type"":""MultiPoint"",""coordinates"":[]}"
6_1463_0,63,37,342,472,410,462,195,230,155,159,2,open_water,VA0204_20251014,18.922749007914987,0,Valsequillo,-98.19271309214194,2025-10-14,"{""type"":""MultiPoint"",""coordinates"":[]}"
6_1464_0,86,49,352,488,401,442,210,222,173,161,2,open_water,VA0205_20251014,18.923479735262614,0,Valsequillo,-98.19078229342125,2025-10-14,"{""type"":""MultiPoint"",""coordinates"":[]}"
6_1465_0,61,47,322,474,383,444,216,184,172,137,2,open_water,VA0206_20251014,18.92189648863809,0,Valsequillo,-98.19084665337861,2025-10-14,"{""type"":""MultiPoint"",""coordinates"":[]}"
6_1466_0,64,38,318,462,387,443,230,235,197,152,2,open_water,VA0207_20251014,18.922505431422447,0,Valsequillo,-98.19425773111851,2025-10-14,"{""type"":""MultiPoint"",""coordinates"":[]}"
6_1467_0,84,45,308,450,392,425,158,199,168,148,2,open_water,VA0208_20251014,18.92341884143902,0,Valsequillo,-98.1884867882755,2025-10-14,"{""type"":""MultiPoint"",""coordinates"":[]}"
6_1468_0,138,62,324,474,398,449,197,220,190,194,2,open_water,VA0209_20251014,18.923357947316862,0,Valsequillo,-98.18987980664568,2025-10-14,"{""type"":""MultiPoint"",""coordinates"":[]}"
6_1469_0,75,48,332,466,386,447,197,182,149,114,2,open_water,VA0210_20251014,18.92292154077272,0,Valsequillo,-98.18946146692286,2025-10-14,"{""type"":""MultiPoint"",""coordinates"":[]}"
6_1470_0,47,45,343,486,405,462,171,204,126,129,2,open_water,VA0211_20251014,18.921744252318955,0,Valsequillo,-98.18995489326261,2025-10-14,"{""type"":""MultiPoint"",""coordinates"":[]}"
6_1471_0,68,48,402,567,463,549,201,214,152,117,2,open_water,VA0212_20251014,18.92292154077272,0,Valsequillo,-98.18689779528816,2025-10-14,"{""type"":""MultiPoint"",""coordinates"":[]}"
6_1472_0,57,43,354,486,419,478,220,193,162,136,2,open_water,VA0213_20251014,18.920830833150603,0,Valsequillo,-98.19057703951705,2025-10-14,"{""type"":""MultiPoint"",""coordinates"":[]}"
6_1473_0,70,57,91,82,73,88,75,60,70,69,2,open_water,VA0214_20251014,18.94245723037601,0,Valsequillo,-98.218483203526,2025-10-14,"{""type"":""MultiPoint"",""coordinates"":[]}"
6_1474_0,35,33,399,534,452,537,187,166,119,81,2,open_water,VA0215_20251014,18.920516209974085,0,Valsequillo,-98.18711246995186,2025-10-14,"{""type"":""MultiPoint"",""coordinates"":[]}"
6_1475_0,73,41,389,529,445,513,221,219,181,125,2,open_water,VA0216_20251014,18.91801950074714,0,Valsequillo,-98.18056920762056,2025-10-14,"{""type"":""MultiPoint"",""coordinates"":[]}"
6_1476_0,39,23,366,514,440,515,162,147,115,63,2,open_water,VA0217_20251014,18.918323979478597,0,Valsequillo,-98.18734845646215,2025-10-14,"{""type"":""MultiPoint"",""coordinates"":[]}"
6_1477_0,42,29,384,524,448,521,200,211,151,100,2,open_water,VA0218_20251014,18.9211454560094,0,Valsequillo,-98.18565364425177,2025-10-14,"{""type"":""MultiPoint"",""coordinates"":[]}"
6_1478_0,78,53,358,477,400,469,175,218,152,156,2,open_water,VA0219_20251014,18.917654125537364,0,Valsequillo,-98.18651177701653,2025-10-14,"{""type"":""MultiPoint"",""coordinates"":[]}"
6_1479_0,56,30,334,466,394,463,208,205,168,132,2,open_water,VA0220_20251014,18.915949030666876,0,Valsequillo,-98.18758444297248,2025-10-14,"{""type"":""MultiPoint"",""coordinates"":[]}"
6_1480_0,1661,729,238,496,267,947,3155,3681,3861,3945,3,floating_plants,VA0221_20251014,18.933506616552435,1,Valsequillo,-98.21101555491754,2025-10-14,"{""type"":""MultiPoint"",""coordinates"":[]}"
6_1481_0,1536,645,186,414,218,849,3104,3831,3852,4332,3,floating_plants,VA0222_20251014,18.930766536961617,1,Valsequillo,-98.20895603628213,2025-10-14,"{""type"":""MultiPoint"",""coordinates"":[]}"
6_1482_0,1286,483,167,388,185,731,3263,4046,3907,4379,3,floating_plants,VA0223_20251014,18.93551597968451,1,Valsequillo,-98.20408613284212,2025-10-14,"{""type"":""MultiPoint"",""coordinates"":[]}"
6_1483_0,1283,494,184,398,163,741,3496,4555,4425,4873,3,floating_plants,VA0224_20251014,18.93285712026937,1,Valsequillo,-98.19719961740492,2025-10-14,"{""type"":""MultiPoint"",""coordinates"":[]}"
6_1484_0,1232,467,186,412,170,715,3545,4637,4640,4921,3,floating_plants,VA0225_20251014,18.93034029831901,1,Valsequillo,-98.19550480519455,2025-10-14,"{""type"":""MultiPoint"",""coordinates"":[]}"
6_1485_0,2531,1655,787,1096,1166,1728,2716,3149,3288,3341,1,LEV,VA0226_20251014,18.911402024622458,0,Valsequillo,-98.17631832280438,2025-10-14,"{""type"":""MultiPoint"",""coordinates"":[]}"
6_1486_0,1672,871,285,637,368,1099,2975,3345,4099,3710,1,LEV,VA0227_20251014,18.909950610942317,0,Valsequillo,-98.16978578713265,2025-10-14,"{""type"":""MultiPoint"",""coordinates"":[]}"
6_1487_0,2740,2503,844,1152,1338,1905,2214,2249,2050,2408,1,LEV,VA0228_20251014,18.905931245549798,0,Valsequillo,-98.17583588648074,2025-10-14,"{""type"":""MultiPoint"",""coordinates"":[]}"
6_1488_0,2842,1569,651,1148,934,1705,3452,3851,3836,4053,1,LEV,VA0229_20251014,18.91050884859623,0,Valsequillo,-98.17529915085021,2025-10-14,"{""type"":""MultiPoint"",""coordinates"":[]}"
6_1489_0,2747,2096,760,998,1068,1898,2601,2848,2942,2996,1,LEV,VA0230_20251014,18.913066567594555,0,Valsequillo,-98.17428011819209,2025-10-14,"{""type"":""MultiPoint"",""coordinates"":[]}"
6_1490_0,2267,1457,510,824,794,1379,2557,2968,3031,3286,1,LEV,VA0231_20251014,18.91243729115178,0,Valsequillo,-98.17455901134062,2025-10-14,"{""type"":""MultiPoint"",""coordinates"":[]}"
6_1491_0,2224,1258,468,800,575,1333,2846,3171,3607,3415,1,LEV,VA0232_20251014,18.92295198782172,0,Valsequillo,-98.1786581689019,2025-10-14,"{""type"":""MultiPoint"",""coordinates"":[]}"
6_1492_0,2070,1193,404,693,672,1333,2824,3312,3200,3593,1,LEV,VA0233_20251014,18.919338904484878,0,Valsequillo,-98.17983810145346,2025-10-14,"{""type"":""MultiPoint"",""coordinates"":[]}"
6_1493_0,2322,1535,628,835,811,1433,2475,2752,2768,2986,1,LEV,VA0234_20251014,18.91542125958936,0,Valsequillo,-98.17619103720324,2025-10-14,"{""type"":""MultiPoint"",""coordinates"":[]}"
6_1494_0,1522,878,248,430,346,735,1584,1831,1810,2008,1,LEV,VA0235_20251014,18.919014129123397,0,Valsequillo,-98.16447752496427,2025-10-14,"{""type"":""MultiPoint"",""coordinates"":[]}"
6_1495_0,1645,873,283,543,400,819,1806,2082,2153,2278,1,LEV,VA0236_20251014,18.921734103288355,0,Valsequillo,-98.16688029670561,2025-10-14,"{""type"":""MultiPoint"",""coordinates"":[]}"
6_1496_0,1394,708,229,421,254,676,1617,1907,2056,2020,1,LEV,VA0237_20251014,18.921855892141046,0,Valsequillo,-98.16254672624355,2025-10-14,"{""type"":""MultiPoint"",""coordinates"":[]}"
6_1497_0,1582,808,211,433,292,795,1852,2154,2337,2447,1,LEV,VA0238_20251014,18.92319556366344,0,Valsequillo,-98.16580763074967,2025-10-14,"{""type"":""MultiPoint"",""coordinates"":[]}"
6_1498_0,2566,1471,534,852,788,1467,2668,3011,2949,3332,1,LEV,VA0239_20251014,18.92703183717092,0,Valsequillo,-98.17591221370269,2025-10-14,"{""type"":""MultiPoint"",""coordinates"":[]}"
6_1499_0,1838,985,328,628,475,1214,2676,3238,3332,3514,1,LEV,VA0240_20251014,18.925732791734344,0,Valsequillo,-98.17190044302744,2025-10-14,"{""type"":""MultiPoint"",""coordinates"":[]}"
6_1500_0,1591,830,216,466,326,805,1949,2179,2198,2388,1,LEV,VA0241_20251014,18.931395743979436,0,Valsequillo,-98.16760977920366,2025-10-14,"{""type"":""MultiPoint"",""coordinates"":[]}"
6_1501_0,2538,1703,1072,1192,1216,1865,2527,2522,2464,2661,1,LEV,VA0242_20251014,18.934643228551256,0,Valsequillo,-98.16548590061089,2025-10-14,"{""type"":""MultiPoint"",""coordinates"":[]}"
6_1502_0,2415,1455,564,894,891,1486,2293,2577,2722,2784,1,LEV,VA0243_20251014,18.933384835772433,0,Valsequillo,-98.1868104998151,2025-10-14,"{""type"":""MultiPoint"",""coordinates"":[]}"
6_1503_0,2065,1328,483,678,800,1335,1978,2174,2233,2373,1,LEV,VA0244_20251014,18.936043687091647,0,Valsequillo,-98.19359083255375,2025-10-14,"{""type"":""MultiPoint"",""coordinates"":[]}"
6_1504_0,1584,801,342,624,498,1069,2290,2514,2548,2772,1,LEV,VA0245_20251014,18.93699761568735,0,Valsequillo,-98.1916171271948,2025-10-14,"{""type"":""MultiPoint"",""coordinates"":[]}"
6_1505_0,1852,1116,405,692,796,1351,2211,2501,2608,2818,1,LEV,VA0246_20251014,18.930746239793688,0,Valsequillo,-98.19187456702424,2025-10-14,"{""type"":""MultiPoint"",""coordinates"":[]}"
6_1506_0,2023,1117,434,718,651,1178,2152,2415,2751,2684,1,LEV,VA0247_20251014,18.929122466859674,0,Valsequillo,-98.19462141894148,2025-10-14,"{""type"":""MultiPoint"",""coordinates"":[]}"
6_1507_0,2368,1501,618,871,896,1501,2421,2678,2908,2976,1,LEV,VA0248_20251014,18.925002073883764,0,Valsequillo,-98.19101726132953,2025-10-14,"{""type"":""MultiPoint"",""coordinates"":[]}"
6_1508_0,1814,951,420,648,715,1249,2327,2634,2612,2923,1,LEV,VA0249_20251014,18.923905991648684,0,Valsequillo,-98.18400202597762,2025-10-14,"{""type"":""MultiPoint"",""coordinates"":[]}"
6_1509_0,1849,1092,380,636,540,1184,2253,2519,2679,2806,1,LEV,VA0250_20251014,18.91107723415463,0,Valsequillo,-98.19745330930122,2025-10-14,"{""type"":""MultiPoint"",""coordinates"":[]}"
6_1510_0,1739,892,332,594,469,1060,2426,2860,2916,3186,1,LEV,VA0251_20251014,18.911402024933146,0,Valsequillo,-98.1948360043687,2025-10-14,"{""type"":""MultiPoint"",""coordinates"":[]}"
6_1511_0,1836,963,365,674,470,1315,2833,3194,3368,3437,1,LEV,VA0252_20251014,18.90851948473244,0,Valsequillo,-98.1940636848804,2025-10-14,"{""type"":""MultiPoint"",""coordinates"":[]}"
6_1512_0,2411,1541,736,1048,1074,1642,2514,2744,2630,3065,1,LEV,VA0253_20251014,18.908884879901798,0,Valsequillo,-98.19588721700553,2025-10-14,"{""type"":""MultiPoint"",""coordinates"":[]}"
6_1513_0,1764,834,344,670,467,1124,2691,3104,3243,3397,1,LEV,VA0254_20251014,18.906022596379362,0,Valsequillo,-98.18747751591089,2025-10-14,"{""type"":""MultiPoint"",""coordinates"":[]}"
6_1514_0,1734,875,272,588,412,1028,2789,3387,3828,3572,1,LEV,VA0255_20251014,18.90784959151554,0,Valsequillo,-98.19093150028904,2025-10-14,"{""type"":""MultiPoint"",""coordinates"":[]}"
6_1515_0,2843,2317,1202,1488,1786,2118,2311,2376,2288,2530,1,LEV,VA0256_20251014,18.899404646363013,0,Valsequillo,-98.19745390130922,2025-10-14,"{""type"":""MultiPoint"",""coordinates"":[]}"
6_1516_0,2372,1373,466,713,794,1382,2302,2637,2701,2920,1,LEV,VA0257_20251014,18.89916103586882,0,Valsequillo,-98.18683450834534,2025-10-14,"{""type"":""MultiPoint"",""coordinates"":[]}"
6_1517_0,1697,867,307,540,454,946,2038,2374,2646,2721,1,LEV,VA0258_20251014,18.900094874170808,0,Valsequillo,-98.18447464324225,2025-10-14,"{""type"":""MultiPoint"",""coordinates"":[]}"
6_1518_0,2126,1181,441,733,676,1258,2327,2580,2676,2866,1,LEV,VA0259_20251014,18.900379084355183,0,Valsequillo,-98.16730876672693,2025-10-14,"{""type"":""MultiPoint"",""coordinates"":[]}"
6_1519_0,2181,1246,486,817,775,1349,2554,2902,3028,3177,1,LEV,VA0260_20251014,18.89605497047236,0,Valsequillo,-98.16524955280155,2025-10-14,"{""type"":""MultiPoint"",""coordinates"":[]}"
7_1520_0,1148,520,199,399,240,709,2539,3202,3156,3498,3,floating_plants,VA0001_20251216,18.922485133190037,1,Valsequillo,-98.1980345817685,2025-12-16,"{""type"":""MultiPoint"",""coordinates"":[]}"
7_1521_0,2000,945,333,670,313,1088,3746,4459,4981,4792,3,floating_plants,VA0002_20251216,18.920333525161332,1,Valsequillo,-98.19794876849203,2025-12-16,"{""type"":""MultiPoint"",""coordinates"":[]}"
7_1522_0,1846,837,376,771,332,1096,3963,4844,5272,5130,3,floating_plants,VA0003_20251216,18.918790845753538,1,Valsequillo,-98.18915290765324,2025-12-16,"{""type"":""MultiPoint"",""coordinates"":[]}"
7_1523_0,2011,897,319,664,289,1142,4280,5146,5082,5439,3,floating_plants,VA0004_20251216,18.918628457619292,1,Valsequillo,-98.19382973122117,2025-12-16,"{""type"":""MultiPoint"",""coordinates"":[]}"
7_1524_0,1395,625,185,388,221,795,3036,3693,3732,4123,3,floating_plants,VA0005_20251216,18.923053477856094,1,Valsequillo,-98.19447333079476,2025-12-16,"{""type"":""MultiPoint"",""coordinates"":[]}"
7_1525_0,1242,548,215,405,228,749,2645,3461,3272,3846,3,floating_plants,VA0006_20251216,18.920983070126333,1,Valsequillo,-98.19155567939457,2025-12-16,"{""type"":""MultiPoint"",""coordinates"":[]}"
7_1526_0,1448,654,205,413,254,787,2848,3701,3895,4263,3,floating_plants,VA0007_20251216,18.911564421118996,1,Valsequillo,-98.1873937354855,2025-12-16,"{""type"":""MultiPoint"",""coordinates"":[]}"
7_1527_0,1346,590,191,410,234,765,3049,3957,4081,4398,3,floating_plants,VA0008_20251216,18.908519485765574,1,Valsequillo,-98.18151552604692,2025-12-16,"{""type"":""MultiPoint"",""coordinates"":[]}"
7_1528_0,1372,597,232,401,224,761,3001,3930,4080,4371,3,floating_plants,VA0009_20251216,18.90689549757799,1,Valsequillo,-98.18112936630277,2025-12-16,"{""type"":""MultiPoint"",""coordinates"":[]}"
7_1529_0,1446,613,206,421,252,803,3168,4124,4209,4578,3,floating_plants,VA0010_20251216,18.908844281511076,1,Valsequillo,-98.1873937354855,2025-12-16,"{""type"":""MultiPoint"",""coordinates"":[]}"
7_1530_0,1471,659,209,411,247,805,3030,4011,4120,4509,3,floating_plants,VA0011_20251216,18.910305854560825,1,Valsequillo,-98.19357229139177,2025-12-16,"{""type"":""MultiPoint"",""coordinates"":[]}"
7_1531_0,1458,649,190,432,254,789,3021,3997,4188,4505,3,floating_plants,VA0012_20251216,18.908763082633826,1,Valsequillo,-98.19198474577696,2025-12-16,"{""type"":""MultiPoint"",""coordinates"":[]}"
7_1532_0,1333,569,199,394,219,766,3016,3898,3919,4345,3,floating_plants,VA0013_20251216,18.914162722115478,1,Valsequillo,-98.18031414017624,2025-12-16,"{""type"":""MultiPoint"",""coordinates"":[]}"
7_1533_0,1269,543,207,394,229,746,2874,3703,3655,4082,3,floating_plants,VA0014_20251216,18.914812291056325,1,Valsequillo,-98.18207331234403,2025-12-16,"{""type"":""MultiPoint"",""coordinates"":[]}"
7_1534_0,1151,512,231,446,236,745,2645,3503,3829,3760,3,floating_plants,VA0015_20251216,18.92041471841999,1,Valsequillo,-98.18516259029714,2025-12-16,"{""type"":""MultiPoint"",""coordinates"":[]}"
7_1535_0,1136,501,204,395,227,726,2718,3407,3552,3740,3,floating_plants,VA0016_20251216,18.92325645762558,1,Valsequillo,-98.18117227294101,2025-12-16,"{""type"":""MultiPoint"",""coordinates"":[]}"
7_1536_0,1037,467,213,424,245,672,2387,2989,3252,3243,3,floating_plants,VA0017_20251216,18.924230757087432,1,Valsequillo,-98.18001379370858,2025-12-16,"{""type"":""MultiPoint"",""coordinates"":[]}"
7_1537_0,1291,557,224,400,203,747,2978,3788,3976,4162,3,floating_plants,VA0018_20251216,18.921510823551795,1,Valsequillo,-98.1792414742203,2025-12-16,"{""type"":""MultiPoint"",""coordinates"":[]}"
7_1538_0,1295,574,220,408,229,752,2977,3810,3984,4212,3,floating_plants,VA0019_20251216,18.924393139778836,1,Valsequillo,-98.17610928962894,2025-12-16,"{""type"":""MultiPoint"",""coordinates"":[]}"
7_1539_0,1291,589,212,403,233,786,2931,3860,3952,4267,3,floating_plants,VA0020_20251216,18.92309407382971,1,Valsequillo,-98.17585184979951,2025-12-16,"{""type"":""MultiPoint"",""coordinates"":[]}"
7_1540_0,1309,558,195,416,221,757,2955,3829,3984,4245,3,floating_plants,VA0021_20251216,18.918506666415073,1,Valsequillo,-98.1822020322587,2025-12-16,"{""type"":""MultiPoint"",""coordinates"":[]}"
7_1541_0,1293,597,222,420,225,777,2753,3459,3776,3821,3,floating_plants,VA0022_20251216,18.924596117921226,1,Valsequillo,-98.19674738262135,2025-12-16,"{""type"":""MultiPoint"",""coordinates"":[]}"
7_1542_0,1105,478,196,378,226,706,2532,3093,3476,3447,3,floating_plants,VA0023_20251216,18.928939792407917,1,Valsequillo,-98.19627628020079,2025-12-16,"{""type"":""MultiPoint"",""coordinates"":[]}"
7_1543_0,1081,500,210,401,242,696,2215,3055,2922,3389,3,floating_plants,VA0024_20251216,18.92983287008852,1,Valsequillo,-98.19700569305083,2025-12-16,"{""type"":""MultiPoint"",""coordinates"":[]}"
7_1544_0,1055,480,220,380,278,646,2100,2573,2027,2964,3,floating_plants,VA0025_20251216,18.92853384642946,1,Valsequillo,-98.19889358513329,2025-12-16,"{""type"":""MultiPoint"",""coordinates"":[]}"
7_1545_0,1323,581,214,422,232,771,3004,3920,4032,4333,3,floating_plants,VA0026_20251216,18.932309105959074,1,Valsequillo,-98.19280084250352,2025-12-16,"{""type"":""MultiPoint"",""coordinates"":[]}"
7_1546_0,1384,628,197,404,226,778,2946,3835,4004,4304,3,floating_plants,VA0027_20251216,18.934095220520376,1,Valsequillo,-98.1930153756947,2025-12-16,"{""type"":""MultiPoint"",""coordinates"":[]}"
7_1547_0,1422,636,210,426,258,869,3057,3909,4028,4322,3,floating_plants,VA0028_20251216,18.92816849420554,1,Valsequillo,-98.19447420139478,2025-12-16,"{""type"":""MultiPoint"",""coordinates"":[]}"
7_1548_0,1357,626,209,420,247,784,2905,3878,4008,4279,3,floating_plants,VA0029_20251216,18.925651601621507,1,Valsequillo,-98.19207142965347,2025-12-16,"{""type"":""MultiPoint"",""coordinates"":[]}"
7_1549_0,1124,515,190,388,226,722,2474,3217,3368,3601,3,floating_plants,VA0030_20251216,18.924920883770408,1,Valsequillo,-98.19430257484184,2025-12-16,"{""type"":""MultiPoint"",""coordinates"":[]}"
7_1550_0,700,336,172,348,241,548,1267,1426,2293,1591,3,floating_plants,VA0031_20251216,18.926788267483087,1,Valsequillo,-98.20095310376873,2025-12-16,"{""type"":""MultiPoint"",""coordinates"":[]}"
7_1551_0,1661,745,316,682,329,912,3415,3971,4784,4476,3,floating_plants,VA0032_20251216,18.926828862549442,1,Valsequillo,-98.2027551825747,2025-12-16,"{""type"":""MultiPoint"",""coordinates"":[]}"
7_1552_0,1149,539,207,389,247,690,2430,3137,3203,3503,3,floating_plants,VA0033_20251216,18.927600166935925,1,Valsequillo,-98.20000915772746,2025-12-16,"{""type"":""MultiPoint"",""coordinates"":[]}"
7_1553_0,1415,617,212,393,245,848,3052,3603,2998,3992,3,floating_plants,VA0034_20251216,18.925854578235285,1,Valsequillo,-98.1994513714304,2025-12-16,"{""type"":""MultiPoint"",""coordinates"":[]}"
7_1554_0,1095,512,198,408,228,741,2491,3366,3524,3680,3,floating_plants,VA0035_20251216,18.926991242716145,1,Valsequillo,-98.19657662666845,2025-12-16,"{""type"":""MultiPoint"",""coordinates"":[]}"
7_1555_0,1091,520,212,378,262,663,1948,2094,2973,2405,3,floating_plants,VA0036_20251216,18.9316190111271,1,Valsequillo,-98.20005206436572,2025-12-16,"{""type"":""MultiPoint"",""coordinates"":[]}"
7_1556_0,1425,678,207,392,272,753,2523,3291,3276,3796,3,floating_plants,VA0037_20251216,18.93320216562715,1,Valsequillo,-98.20202576972467,2025-12-16,"{""type"":""MultiPoint"",""coordinates"":[]}"
7_1557_0,1556,712,218,450,264,863,2903,3781,3859,4242,3,floating_plants,VA0038_20251216,18.932430887104047,1,Valsequillo,-98.19816417228326,2025-12-16,"{""type"":""MultiPoint"",""coordinates"":[]}"
7_1558_0,1529,713,197,436,279,807,2907,3748,3920,4298,3,floating_plants,VA0039_20251216,18.93133485360295,1,Valsequillo,-98.20562992733664,2025-12-16,"{""type"":""MultiPoint"",""coordinates"":[]}"
7_1559_0,1164,518,210,375,243,679,2386,2745,2558,3154,3,floating_plants,VA0040_20251216,18.93129425963146,1,Valsequillo,-98.1968769731361,2025-12-16,"{""type"":""MultiPoint"",""coordinates"":[]}"
7_1560_0,1521,689,211,459,259,840,3166,4179,4319,4609,3,floating_plants,VA0041_20251216,18.931862574334517,1,Valsequillo,-98.19494617441538,2025-12-16,"{""type"":""MultiPoint"",""coordinates"":[]}"
7_1561_0,1490,687,209,390,254,769,2561,3373,3673,3960,3,floating_plants,VA0042_20251216,18.935515979827443,1,Valsequillo,-98.18061535724395,2025-12-16,"{""type"":""MultiPoint"",""coordinates"":[]}"
7_1562_0,1423,645,200,410,261,771,2876,3649,3916,4324,3,floating_plants,VA0043_20251216,18.935800130238512,1,Valsequillo,-98.17881327843794,2025-12-16,"{""type"":""MultiPoint"",""coordinates"":[]}"
7_1563_0,1438,648,244,480,261,843,3189,3622,4276,4278,3,floating_plants,VA0044_20251216,18.93864160775787,1,Valsequillo,-98.17804095894965,2025-12-16,"{""type"":""MultiPoint"",""coordinates"":[]}"
7_1564_0,1440,665,204,422,244,755,2877,3764,3983,4338,3,floating_plants,VA0045_20251216,18.940549429818226,1,Valsequillo,-98.17967141120272,2025-12-16,"{""type"":""MultiPoint"",""coordinates"":[]}"
7_1565_0,1569,721,247,526,278,862,3030,3881,4396,4449,3,floating_plants,VA0046_20251216,18.934501152984215,1,Valsequillo,-98.17962850456446,2025-12-16,"{""type"":""MultiPoint"",""coordinates"":[]}"
7_1566_0,1417,648,212,408,243,780,2896,3764,3960,4300,3,floating_plants,VA0047_20251216,18.93048237813031,1,Valsequillo,-98.18061535724395,2025-12-16,"{""type"":""MultiPoint"",""coordinates"":[]}"
7_1567_0,1398,631,220,419,255,794,2907,3792,4056,4344,3,floating_plants,VA0048_20251216,18.932024949608827,1,Valsequillo,-98.18031501077625,2025-12-16,"{""type"":""MultiPoint"",""coordinates"":[]}"
7_1568_0,1454,686,214,444,274,841,2903,3876,4020,4356,3,floating_plants,VA0049_20251216,18.930157624425085,1,Valsequillo,-98.18327556881471,2025-12-16,"{""type"":""MultiPoint"",""coordinates"":[]}"
7_1569_0,1890,861,333,692,346,1115,3898,4563,4979,4953,3,floating_plants,VA0050_20251216,18.93023881291056,1,Valsequillo,-98.18258906260289,2025-12-16,"{""type"":""MultiPoint"",""coordinates"":[]}"
7_1570_0,1163,538,186,383,243,772,2725,3428,3664,3805,3,floating_plants,VA0051_20251216,18.925002074800542,1,Valsequillo,-98.18224580949699,2025-12-16,"{""type"":""MultiPoint"",""coordinates"":[]}"
7_1571_0,938,419,209,402,242,683,2300,2779,2985,3001,3,floating_plants,VA0052_20251216,18.925286243095346,1,Valsequillo,-98.18052954396748,2025-12-16,"{""type"":""MultiPoint"",""coordinates"":[]}"
7_1572_0,1072,469,209,396,231,732,2606,3254,3272,3497,3,floating_plants,VA0053_20251216,18.925123861271775,1,Valsequillo,-98.17838421205558,2025-12-16,"{""type"":""MultiPoint"",""coordinates"":[]}"
7_1573_0,1214,526,198,407,228,734,2819,3556,3656,3866,3,floating_plants,VA0054_20251216,18.925408029359488,1,Valsequillo,-98.17675375980254,2025-12-16,"{""type"":""MultiPoint"",""coordinates"":[]}"
7_1574_0,1151,489,195,395,228,718,2682,3355,3293,3639,3,floating_plants,VA0055_20251216,18.92086128197186,1,Valsequillo,-98.18121605017929,2025-12-16,"{""type"":""MultiPoint"",""coordinates"":[]}"
7_1575_0,1267,570,203,414,240,842,2891,3773,3826,4128,3,floating_plants,VA0056_20251216,18.92155142123431,1,Valsequillo,-98.18559252727957,2025-12-16,"{""type"":""MultiPoint"",""coordinates"":[]}"
7_1576_0,1036,475,208,423,262,768,2100,2954,3923,3362,3,floating_plants,VA0057_20251216,18.9252050522033,1,Valsequillo,-98.1843911414089,2025-12-16,"{""type"":""MultiPoint"",""coordinates"":[]}"
7_1577_0,940,431,229,408,269,751,2119,2260,3094,2565,3,floating_plants,VA0058_20251216,18.92348988412816,1,Valsequillo,-98.18322827652878,2025-12-16,"{""type"":""MultiPoint"",""coordinates"":[]}"
7_1578_0,1674,894,365,614,463,1102,3127,3944,3283,4272,3,floating_plants,VA0059_20251216,18.923530479995772,1,Valsequillo,-98.18733658714004,2025-12-16,"{""type"":""MultiPoint"",""coordinates"":[]}"
7_1579_0,1354,625,208,411,271,836,2993,3937,3856,4429,3,floating_plants,VA0060_20251216,18.924859989210184,1,Valsequillo,-98.1895462790093,2025-12-16,"{""type"":""MultiPoint"",""coordinates"":[]}"
7_1580_0,779,370,233,420,290,630,1656,2065,2664,2207,3,floating_plants,VA0061_20251216,18.922282152556207,1,Valsequillo,-98.1886988729041,2025-12-16,"{""type"":""MultiPoint"",""coordinates"":[]}"
7_1581_0,920,406,220,406,256,693,2244,2756,2791,2989,3,floating_plants,VA0062_20251216,18.922637368630372,1,Valsequillo,-98.1895999123071,2025-12-16,"{""type"":""MultiPoint"",""coordinates"":[]}"
7_1582_0,1085,491,213,406,253,714,2501,3092,3640,3387,3,floating_plants,VA0063_20251216,18.923104222894,1,Valsequillo,-98.19108019132631,2025-12-16,"{""type"":""MultiPoint"",""coordinates"":[]}"
7_1583_0,1032,467,223,400,258,709,2375,2931,2823,3188,3,floating_plants,VA0064_20251216,18.921216499523826,1,Valsequillo,-98.18879565225514,2025-12-16,"{""type"":""MultiPoint"",""coordinates"":[]}"
7_1584_0,683,328,262,436,293,639,1584,2018,1808,2082,3,floating_plants,VA0065_20251216,18.92185589199048,1,Valsequillo,-98.19064063769937,2025-12-16,"{""type"":""MultiPoint"",""coordinates"":[]}"
7_1585_0,496,227,248,414,280,575,1111,1519,1886,1683,3,floating_plants,VA0066_20251216,18.921561568777904,1,Valsequillo,-98.1874011865124,2025-12-16,"{""type"":""MultiPoint"",""coordinates"":[]}"
7_1586_0,820,402,247,418,259,730,1868,2527,3009,2557,3,floating_plants,VA0067_20251216,18.920709043444276,1,Valsequillo,-98.18726173993814,2025-12-16,"{""type"":""MultiPoint"",""coordinates"":[]}"
7_1587_0,1142,491,208,404,244,721,2625,3266,3496,3597,3,floating_plants,VA0068_20251216,18.919876812138746,1,Valsequillo,-98.18648942044985,2025-12-16,"{""type"":""MultiPoint"",""coordinates"":[]}"
7_1588_0,1159,499,195,398,244,729,2698,3439,3720,3782,3,floating_plants,VA0069_20251216,18.92062785032859,1,Valsequillo,-98.18366830898572,2025-12-16,"{""type"":""MultiPoint"",""coordinates"":[]}"
7_1589_0,934,409,225,388,222,691,2376,2983,2940,3219,3,floating_plants,VA0070_20251216,18.9227591565447,1,Valsequillo,-98.18309979602907,2025-12-16,"{""type"":""MultiPoint"",""coordinates"":[]}"
7_1590_0,955,435,203,393,245,674,2281,3075,3652,3392,3,floating_plants,VA0071_20251216,18.922241556105188,1,Valsequillo,-98.18442990181444,2025-12-16,"{""type"":""MultiPoint"",""coordinates"":[]}"
7_1591_0,1377,728,227,430,306,811,2219,3025,3244,3455,3,floating_plants,VA0072_20251216,18.923824799460867,1,Valsequillo,-98.18677904025796,2025-12-16,"{""type"":""MultiPoint"",""coordinates"":[]}"
7_1592_0,1120,522,203,439,270,773,2491,3161,3920,3554,3,floating_plants,VA0073_20251216,18.924931031109413,1,Valsequillo,-98.1889994587868,2025-12-16,"{""type"":""MultiPoint"",""coordinates"":[]}"
7_1593_0,1299,554,209,410,224,768,2997,3803,3941,4171,3,floating_plants,VA0074_20251216,18.920769938255177,1,Valsequillo,-98.17998906475682,2025-12-16,"{""type"":""MultiPoint"",""coordinates"":[]}"
7_1594_0,1319,588,232,418,232,759,2913,3716,3877,4110,3,floating_plants,VA0075_20251216,18.921125157543194,1,Valsequillo,-98.17841224580157,2025-12-16,"{""type"":""MultiPoint"",""coordinates"":[]}"
7_1595_0,1068,473,222,404,241,710,2394,3210,3384,3505,3,floating_plants,VA0076_20251216,18.917309047455696,1,Valsequillo,-98.18619946763725,2025-12-16,"{""type"":""MultiPoint"",""coordinates"":[]}"
7_1596_0,1402,585,202,388,236,782,3195,4007,3971,4484,3,floating_plants,VA0077_20251216,18.916446351038978,1,Valsequillo,-98.1817371772605,2025-12-16,"{""type"":""MultiPoint"",""coordinates"":[]}"
7_1597_0,1431,630,190,394,241,823,2901,3758,4096,4265,3,floating_plants,VA0078_20251216,18.91020435564039,1,Valsequillo,-98.18556709749475,2025-12-16,"{""type"":""MultiPoint"",""coordinates"":[]}"
7_1598_0,1410,597,204,406,244,788,3023,4007,4096,4453,3,floating_plants,VA0079_20251216,18.90398242721596,1,Valsequillo,-98.18296082828482,2025-12-16,"{""type"":""MultiPoint"",""coordinates"":[]}"
7_1599_0,1433,640,225,422,244,815,3070,3993,4172,4495,3,floating_plants,VA0080_20251216,18.902967408918837,1,Valsequillo,-98.18682242572622,2025-12-16,"{""type"":""MultiPoint"",""coordinates"":[]}"
7_1600_0,1415,613,230,411,244,807,3102,3982,4208,4481,3,floating_plants,VA0081_20251216,18.90104900752104,1,Valsequillo,-98.1819847022649,2025-12-16,"{""type"":""MultiPoint"",""coordinates"":[]}"
7_1601_0,1291,556,210,403,236,759,2863,3779,3933,4257,3,floating_plants,VA0082_20251216,18.904276781370324,1,Valsequillo,-98.17953902388534,2025-12-16,"{""type"":""MultiPoint"",""coordinates"":[]}"
7_1602_0,1453,639,208,407,237,799,3071,3956,4164,4440,3,floating_plants,VA0083_20251216,18.901576823855432,1,Valsequillo,-98.19219648216551,2025-12-16,"{""type"":""MultiPoint"",""coordinates"":[]}"
7_1603_0,1474,647,217,422,245,809,3157,4105,4272,4619,3,floating_plants,VA0084_20251216,18.900348633276334,1,Valsequillo,-98.18991170367937,2025-12-16,"{""type"":""MultiPoint"",""coordinates"":[]}"
7_1604_0,1347,581,188,402,220,783,2937,3859,3900,4349,3,floating_plants,VA0085_20251216,18.902825305848722,1,Valsequillo,-98.17693093076832,2025-12-16,"{""type"":""MultiPoint"",""coordinates"":[]}"
7_1605_0,964,428,215,400,240,714,2410,2915,3052,3173,3,floating_plants,VA0086_20251216,18.905291791972605,1,Valsequillo,-98.17261793431939,2025-12-16,"{""type"":""MultiPoint"",""coordinates"":[]}"
7_1606_0,1103,487,219,406,232,747,2686,3300,3316,3564,3,floating_plants,VA0087_20251216,18.90197268498028,1,Valsequillo,-98.17090115948884,2025-12-16,"{""type"":""MultiPoint"",""coordinates"":[]}"
7_1607_0,1065,478,222,420,250,759,2513,3188,3171,3452,3,floating_plants,VA0088_20251216,18.901455020200363,1,Valsequillo,-98.16909908068284,2025-12-16,"{""type"":""MultiPoint"",""coordinates"":[]}"
7_1608_0,1340,584,182,399,218,765,3059,3955,4053,4344,3,floating_plants,VA0089_20251216,18.89992231705015,1,Valsequillo,-98.17056863304249,2025-12-16,"{""type"":""MultiPoint"",""coordinates"":[]}"
7_1609_0,1287,564,229,520,229,798,2869,3608,4185,4067,3,floating_plants,VA0090_20251216,18.901688477064084,1,Valsequillo,-98.17303576474116,2025-12-16,"{""type"":""MultiPoint"",""coordinates"":[]}"
7_1610_0,1284,605,219,402,260,708,2724,3428,3784,3908,3,floating_plants,VA0091_20251216,18.93620605848422,1,Valsequillo,-98.19631985720106,2025-12-16,"{""type"":""MultiPoint"",""coordinates"":[]}"
7_1611_0,1508,695,236,429,266,830,2991,3888,4072,4410,3,floating_plants,VA0092_20251216,18.933851660494152,1,Valsequillo,-98.19696345677464,2025-12-16,"{""type"":""MultiPoint"",""coordinates"":[]}"
7_1612_0,1223,603,222,376,256,665,2227,2730,2832,3021,3,floating_plants,VA0093_20251216,18.933120978507574,1,Valsequillo,-98.21153026045639,2025-12-16,"{""type"":""MultiPoint"",""coordinates"":[]}"
7_1613_0,2158,986,362,758,367,1228,4518,5414,5248,5695,3,floating_plants,VA0094_20251216,18.930543269305456,1,Valsequillo,-98.20865551569445,2025-12-16,"{""type"":""MultiPoint"",""coordinates"":[]}"
7_1614_0,1824,813,276,545,287,978,3594,4487,4480,4873,3,floating_plants,VA0095_20251216,18.935576869167626,1,Valsequillo,-98.20376415893533,2025-12-16,"{""type"":""MultiPoint"",""coordinates"":[]}"
7_1615_0,870,409,221,416,254,688,2032,2655,2580,2735,3,floating_plants,VA0096_20251216,18.91944039664068,1,Valsequillo,-98.18816559355575,2025-12-16,"{""type"":""MultiPoint"",""coordinates"":[]}"
7_1616_0,1355,629,201,383,235,747,2781,3646,3680,4065,3,floating_plants,VA0097_20251216,18.92096277181197,1,Valsequillo,-98.19608186831063,2025-12-16,"{""type"":""MultiPoint"",""coordinates"":[]}"
7_1617_0,893,396,206,383,224,639,2057,2377,2458,2561,3,floating_plants,VA0098_20251216,18.926666481696955,1,Valsequillo,-98.19492393755627,2025-12-16,"{""type"":""MultiPoint"",""coordinates"":[]}"
7_1618_0,1620,769,234,460,278,842,3007,3777,3963,4330,3,floating_plants,VA0099_20251216,18.93314127481899,1,Valsequillo,-98.20485682430834,2025-12-16,"{""type"":""MultiPoint"",""coordinates"":[]}"
7_1619_0,69,48,213,367,295,392,198,188,155,140,2,open_water,VA0100_20251216,18.932755635862033,0,Valsequillo,-98.20376270503328,2025-12-16,"{""type"":""MultiPoint"",""coordinates"":[]}"
7_1620_0,68,63,269,381,301,400,211,176,132,93,2,open_water,VA0101_20251216,18.9312739621141,0,Valsequillo,-98.20457793115976,2025-12-16,"{""type"":""MultiPoint"",""coordinates"":[]}"
7_1621_0,24,30,259,357,303,388,136,161,93,73,2,open_water,VA0102_20251216,18.93157841669673,0,Valsequillo,-98.20316201209792,2025-12-16,"{""type"":""MultiPoint"",""coordinates"":[]}"
7_1622_0,17,9,227,314,280,351,111,125,89,45,2,open_water,VA0103_20251216,18.930908615882476,0,Valsequillo,-98.20093086690957,2025-12-16,"{""type"":""MultiPoint"",""coordinates"":[]}"
7_1623_0,85,66,234,365,295,375,252,243,417,224,2,open_water,VA0104_20251216,18.930908615882476,0,Valsequillo,-98.19915024142269,2025-12-16,"{""type"":""MultiPoint"",""coordinates"":[]}"
7_1624_0,47,32,225,357,304,392,169,155,121,80,2,open_water,VA0105_20251216,18.929934355358565,0,Valsequillo,-98.19891425491238,2025-12-16,"{""type"":""MultiPoint"",""coordinates"":[]}"
7_1625_0,42,35,220,364,294,379,150,138,92,71,2,open_water,VA0106_20251216,18.929771978052194,0,Valsequillo,-98.20024436069775,2025-12-16,"{""type"":""MultiPoint"",""coordinates"":[]}"
7_1626_0,66,37,244,344,290,388,169,167,108,101,2,open_water,VA0107_20251216,18.927255109622568,0,Valsequillo,-98.20187481295078,2025-12-16,"{""type"":""MultiPoint"",""coordinates"":[]}"
7_1627_0,40,27,232,356,293,395,157,180,113,87,2,open_water,VA0108_20251216,18.928533845901526,0,Valsequillo,-98.20022290737865,2025-12-16,"{""type"":""MultiPoint"",""coordinates"":[]}"
7_1628_0,100,60,282,430,338,483,237,275,199,165,2,open_water,VA0109_20251216,18.927458084288535,0,Valsequillo,-98.19473085768418,2025-12-16,"{""type"":""MultiPoint"",""coordinates"":[]}"
7_1629_0,71,54,282,436,352,480,271,237,166,165,2,open_water,VA0110_20251216,18.92693034964417,0,Valsequillo,-98.19404435147239,2025-12-16,"{""type"":""MultiPoint"",""coordinates"":[]}"
7_1630_0,93,66,262,430,324,478,252,235,230,145,2,open_water,VA0111_20251216,18.92636201816314,0,Valsequillo,-98.19301459215465,2025-12-16,"{""type"":""MultiPoint"",""coordinates"":[]}"
7_1631_0,92,82,440,626,484,616,327,321,259,221,2,open_water,VA0112_20251216,18.92908187273942,0,Valsequillo,-98.18273845229669,2025-12-16,"{""type"":""MultiPoint"",""coordinates"":[]}"
7_1632_0,66,53,288,456,349,516,247,225,188,147,2,open_water,VA0113_20251216,18.92837146723398,0,Valsequillo,-98.18121526663924,2025-12-16,"{""type"":""MultiPoint"",""coordinates"":[]}"
7_1633_0,52,42,371,566,433,599,275,295,217,168,2,open_water,VA0114_20251216,18.928087304186008,0,Valsequillo,-98.17690314949634,2025-12-16,"{""type"":""MultiPoint"",""coordinates"":[]}"
7_1634_0,44,35,295,455,363,507,212,234,156,110,2,open_water,VA0115_20251216,18.93036059498735,0,Valsequillo,-98.17454041141313,2025-12-16,"{""type"":""MultiPoint"",""coordinates"":[]}"
7_1635_0,29,19,306,449,353,487,190,222,154,112,2,open_water,VA0116_20251216,18.93346602267418,0,Valsequillo,-98.17434733154104,2025-12-16,"{""type"":""MultiPoint"",""coordinates"":[]}"
7_1636_0,24,27,271,408,335,458,199,187,135,85,2,open_water,VA0117_20251216,18.932065542825256,0,Valsequillo,-98.17717916966477,2025-12-16,"{""type"":""MultiPoint"",""coordinates"":[]}"
7_1637_0,40,35,304,460,352,519,220,229,165,124,2,open_water,VA0118_20251216,18.926179339727017,0,Valsequillo,-98.18003246110756,2025-12-16,"{""type"":""MultiPoint"",""coordinates"":[]}"
7_1638_0,58,24,315,439,338,494,207,218,160,141,2,open_water,VA0119_20251216,18.925793684699546,0,Valsequillo,-98.18249959280627,2025-12-16,"{""type"":""MultiPoint"",""coordinates"":[]}"
7_1639_0,57,49,304,477,368,528,231,258,166,159,2,open_water,VA0120_20251216,18.922728710034246,0,Valsequillo,-98.18696254919203,2025-12-16,"{""type"":""MultiPoint"",""coordinates"":[]}"
7_1640_0,58,45,341,468,358,531,244,239,167,134,2,open_water,VA0121_20251216,18.92311437213494,0,Valsequillo,-98.18904352114657,2025-12-16,"{""type"":""MultiPoint"",""coordinates"":[]}"
7_1641_0,121,100,376,592,446,637,301,311,232,177,2,open_water,VA0122_20251216,18.923885693666417,0,Valsequillo,-98.19052380016578,2025-12-16,"{""type"":""MultiPoint"",""coordinates"":[]}"
7_1642_0,83,70,322,520,402,567,294,290,224,159,2,open_water,VA0123_20251216,18.92031322716263,0,Valsequillo,-98.18852864148772,2025-12-16,"{""type"":""MultiPoint"",""coordinates"":[]}"
7_1643_0,71,56,321,502,356,540,259,299,291,217,2,open_water,VA0124_20251216,18.924088672425135,0,Valsequillo,-98.18273624532561,2025-12-16,"{""type"":""MultiPoint"",""coordinates"":[]}"
7_1644_0,50,35,329,486,383,569,281,310,218,197,2,open_water,VA0125_20251216,18.9263214224993,0,Valsequillo,-98.17752308877968,2025-12-16,"{""type"":""MultiPoint"",""coordinates"":[]}"
7_1645_0,121,111,274,381,282,438,273,267,187,235,2,open_water,VA0126_20251216,18.938093612262282,0,Valsequillo,-98.17177295501179,2025-12-16,"{""type"":""MultiPoint"",""coordinates"":[]}"
7_1646_0,105,99,274,379,291,414,263,227,176,140,2,open_water,VA0127_20251216,18.93866190382908,0,Valsequillo,-98.17514112611346,2025-12-16,"{""type"":""MultiPoint"",""coordinates"":[]}"
7_1647_0,64,61,247,363,270,394,211,210,151,161,2,open_water,VA0128_20251216,18.93482589822209,0,Valsequillo,-98.17840203061955,2025-12-16,"{""type"":""MultiPoint"",""coordinates"":[]}"
7_1648_0,36,36,297,444,332,479,188,197,128,84,2,open_water,VA0129_20251216,18.935495683328156,0,Valsequillo,-98.17548437921934,2025-12-16,"{""type"":""MultiPoint"",""coordinates"":[]}"
7_1649_0,86,66,176,241,170,247,129,150,102,104,2,open_water,VA0130_20251216,18.924799096278317,0,Valsequillo,-98.17252358176594,2025-12-16,"{""type"":""MultiPoint"",""coordinates"":[]}"
7_1650_0,101,83,176,268,190,264,137,191,119,132,2,open_water,VA0131_20251216,18.92485998959899,0,Valsequillo,-98.17153672908647,2025-12-16,"{""type"":""MultiPoint"",""coordinates"":[]}"
7_1651_0,49,40,241,354,210,344,123,129,87,54,2,open_water,VA0132_20251216,18.920881579353193,0,Valsequillo,-98.17211596870268,2025-12-16,"{""type"":""MultiPoint"",""coordinates"":[]}"
7_1652_0,83,65,280,407,274,480,253,292,203,179,2,open_water,VA0133_20251216,18.905271491859256,0,Valsequillo,-98.17402500504126,2025-12-16,"{""type"":""MultiPoint"",""coordinates"":[]}"
7_1653_0,98,89,259,408,271,480,272,293,198,150,2,open_water,VA0134_20251216,18.906205296058932,0,Valsequillo,-98.1732955921912,2025-12-16,"{""type"":""MultiPoint"",""coordinates"":[]}"
7_1654_0,85,52,347,572,376,623,305,349,258,196,2,open_water,VA0135_20251216,18.90224674247209,0,Valsequillo,-98.16994887440866,2025-12-16,"{""type"":""MultiPoint"",""coordinates"":[]}"
7_1655_0,48,41,240,320,281,368,115,130,70,62,2,open_water,VA0136_20251216,18.92962989787686,0,Valsequillo,-98.20323025493147,2025-12-16,"{""type"":""MultiPoint"",""coordinates"":[]}"
7_1656_0,32,24,317,500,400,549,221,206,176,80,2,open_water,VA0137_20251216,18.929528411804338,0,Valsequillo,-98.17717843836071,2025-12-16,"{""type"":""MultiPoint"",""coordinates"":[]}"
7_1657_0,29,42,370,564,436,603,282,272,226,156,2,open_water,VA0138_20251216,18.92851354858434,0,Valsequillo,-98.17754314478576,2025-12-16,"{""type"":""MultiPoint"",""coordinates"":[]}"
7_1658_0,23,20,296,440,351,490,197,203,138,89,2,open_water,VA0139_20251216,18.931233368135448,0,Valsequillo,-98.17584833257537,2025-12-16,"{""type"":""MultiPoint"",""coordinates"":[]}"
7_1659_0,42,40,304,448,344,506,198,228,162,107,2,open_water,VA0140_20251216,18.930583863013446,0,Valsequillo,-98.17925941031527,2025-12-16,"{""type"":""MultiPoint"",""coordinates"":[]}"
7_1660_0,29,36,338,486,385,543,239,234,160,94,2,open_water,VA0141_20251216,18.928351169897063,0,Valsequillo,-98.17934522359175,2025-12-16,"{""type"":""MultiPoint"",""coordinates"":[]}"
7_1661_0,31,20,316,470,336,505,215,224,161,106,2,open_water,VA0142_20251216,18.92703183721285,0,Valsequillo,-98.17891615720937,2025-12-16,"{""type"":""MultiPoint"",""coordinates"":[]}"
7_1662_0,90,51,334,482,372,521,341,313,265,252,2,open_water,VA0143_20251216,18.937281763956708,0,Valsequillo,-98.17799329883523,2025-12-16,"{""type"":""MultiPoint"",""coordinates"":[]}"
7_1663_0,46,52,254,378,280,425,182,185,125,80,2,open_water,VA0144_20251216,18.936733764021458,0,Valsequillo,-98.17346664850112,2025-12-16,"{""type"":""MultiPoint"",""coordinates"":[]}"
7_1664_0,16,15,566,845,532,846,371,368,266,147,2,open_water,VA0145_20251216,18.91355374799819,0,Valsequillo,-98.16683508297729,2025-12-16,"{""type"":""MultiPoint"",""coordinates"":[]}"
7_1665_0,12,4,552,814,498,809,355,343,255,149,2,open_water,VA0146_20251216,18.908357086712783,0,Valsequillo,-98.16127867332544,2025-12-16,"{""type"":""MultiPoint"",""coordinates"":[]}"
7_1666_0,25,19,396,624,360,573,252,237,171,107,2,open_water,VA0147_20251216,18.912680882581565,0,Valsequillo,-98.15531465061039,2025-12-16,"{""type"":""MultiPoint"",""coordinates"":[]}"
7_1667_0,26,24,459,688,445,741,359,342,256,162,2,open_water,VA0148_20251216,18.908093189448948,0,Valsequillo,-98.15585098358835,2025-12-16,"{""type"":""MultiPoint"",""coordinates"":[]}"
7_1668_0,15,23,539,788,499,816,355,348,256,140,2,open_water,VA0149_20251216,18.907484194174206,0,Valsequillo,-98.16765030910379,2025-12-16,"{""type"":""MultiPoint"",""coordinates"":[]}"
7_1669_0,1880,1289,316,408,520,849,1176,1353,1368,1568,1,LEV,VA0150_20251216,18.929792275450918,0,Valsequillo,-98.16804015148611,2025-12-16,"{""type"":""MultiPoint"",""coordinates"":[]}"
7_1670_0,2168,1386,400,546,752,989,1419,1610,1808,1886,1,LEV,VA0151_20251216,18.9306041603059,0,Valsequillo,-98.1728027883305,2025-12-16,"{""type"":""MultiPoint"",""coordinates"":[]}"
7_1671_0,1639,1010,267,377,430,780,1218,1339,1402,1598,1,LEV,VA0152_20251216,18.93486649105703,0,Valsequillo,-98.17254534850107,2025-12-16,"{""type"":""MultiPoint"",""coordinates"":[]}"
7_1672_0,1904,1864,686,795,1618,1587,1549,1754,1732,1312,1,LEV,VA0153_20251216,18.93348631967362,0,Valsequillo,-98.15568303967358,2025-12-16,"{""type"":""MultiPoint"",""coordinates"":[]}"
7_1673_0,2860,2257,1432,1632,1956,1868,2043,2241,2588,2401,1,LEV,VA0154_20251216,18.930035841321704,0,Valsequillo,-98.1482601912584,2025-12-16,"{""type"":""MultiPoint"",""coordinates"":[]}"
7_1674_0,2196,1575,648,764,938,926,1250,1416,1847,1658,1,LEV,VA0155_20251216,18.93624665103515,0,Valsequillo,-98.14770240496131,2025-12-16,"{""type"":""MultiPoint"",""coordinates"":[]}"
7_1675_0,2294,1712,653,950,1138,1437,2279,2233,2133,2533,1,LEV,VA0156_20251216,18.927397192141434,0,Valsequillo,-98.13465878693697,2025-12-16,"{""type"":""MultiPoint"",""coordinates"":[]}"
7_1676_0,2780,1948,538,702,1070,1301,1589,1810,1888,2067,1,LEV,VA0157_20251216,18.922769306797694,0,Valsequillo,-98.14487056683762,2025-12-16,"{""type"":""MultiPoint"",""coordinates"":[]}"
7_1677_0,1342,860,214,330,315,603,1194,1326,1393,1528,1,LEV,VA0158_20251216,18.91485289006443,0,Valsequillo,-98.14718752530246,2025-12-16,"{""type"":""MultiPoint"",""coordinates"":[]}"
7_1678_0,1907,1295,357,486,670,893,1300,1474,1525,1731,1,LEV,VA0159_20251216,18.921632613600227,0,Valsequillo,-98.15709895873542,2025-12-16,"{""type"":""MultiPoint"",""coordinates"":[]}"
7_1679_0,1534,1052,327,447,522,726,1208,1373,1526,1560,1,LEV,VA0160_20251216,18.921592017271625,0,Valsequillo,-98.16053148979445,2025-12-16,"{""type"":""MultiPoint"",""coordinates"":[]}"
7_1680_0,1477,1041,281,386,397,667,1094,1332,1583,1556,1,LEV,VA0161_20251216,18.918709652739185,0,Valsequillo,-98.16400692749171,2025-12-16,"{""type"":""MultiPoint"",""coordinates"":[]}"
7_1681_0,3119,2152,676,902,1208,1728,2225,2433,2437,2794,1,LEV,VA0162_20251216,18.91887204209067,0,Valsequillo,-98.12157541384659,2025-12-16,"{""type"":""MultiPoint"",""coordinates"":[]}"
7_1682_0,1937,1233,324,476,645,968,1416,1702,1687,1902,1,LEV,VA0163_20251216,18.918628459948447,0,Valsequillo,-98.11393803224023,2025-12-16,"{""type"":""MultiPoint"",""coordinates"":[]}"
7_1683_0,3197,2499,794,1040,1398,1790,2095,2359,2382,2556,1,LEV,VA0164_20251216,18.927113027356448,0,Valsequillo,-98.12645695023726,2025-12-16,"{""type"":""MultiPoint"",""coordinates"":[]}"
7_1684_0,1434,944,283,360,365,624,1105,1364,1694,1443,1,LEV,VA0165_20251216,18.927113027356448,0,Valsequillo,-98.1259420705784,2025-12-16,"{""type"":""MultiPoint"",""coordinates"":[]}"
7_1685_0,2689,1858,522,688,986,1361,1720,1880,1806,2166,1,LEV,VA0166_20251216,18.92987346403392,0,Valsequillo,-98.12401127185773,2025-12-16,"{""type"":""MultiPoint"",""coordinates"":[]}"
7_1686_0,2155,1367,542,776,907,1123,1824,1915,2130,2221,1,LEV,VA0167_20251216,18.931781386256993,0,Valsequillo,-98.12178012666934,2025-12-16,"{""type"":""MultiPoint"",""coordinates"":[]}"
7_1687_0,1338,736,194,311,218,615,1547,1708,1824,1945,1,LEV,VA0168_20251216,18.937383244885805,0,Valsequillo,-98.13061921626836,2025-12-16,"{""type"":""MultiPoint"",""coordinates"":[]}"
7_1688_0,1280,725,193,301,276,639,1438,1660,1523,1875,1,LEV,VA0169_20251216,18.93247148057823,0,Valsequillo,-98.13576801285691,2025-12-16,"{""type"":""MultiPoint"",""coordinates"":[]}"
7_1689_0,1337,747,237,493,349,777,1746,2046,1954,2406,1,LEV,VA0170_20251216,18.929832869867422,0,Valsequillo,-98.13152025567133,2025-12-16,"{""type"":""MultiPoint"",""coordinates"":[]}"
7_1690_0,3651,3089,1994,2380,2724,2827,3132,3425,3207,3390,1,LEV,VA0171_20251216,18.932877416988294,0,Valsequillo,-98.13285036145675,2025-12-16,"{""type"":""MultiPoint"",""coordinates"":[]}"
7_1691_0,1352,748,206,320,268,608,1436,1719,1836,1974,1,LEV,VA0172_20251216,18.938601016431363,0,Valsequillo,-98.12886025304464,2025-12-16,"{""type"":""MultiPoint"",""coordinates"":[]}"
7_1692_0,1493,840,179,277,192,647,1375,1696,1808,1841,1,LEV,VA0173_20251216,18.94168599516976,0,Valsequillo,-98.12757305389748,2025-12-16,"{""type"":""MultiPoint"",""coordinates"":[]}"
7_1693_0,1380,863,286,438,451,627,1349,1475,1780,1795,1,LEV,VA0174_20251216,18.940468247213904,0,Valsequillo,-98.1254277219856,2025-12-16,"{""type"":""MultiPoint"",""coordinates"":[]}"
7_1694_0,1327,746,155,276,195,532,1221,1412,1680,1599,1,LEV,VA0175_20251216,18.94014351292561,0,Valsequillo,-98.13190662435952,2025-12-16,"{""type"":""MultiPoint"",""coordinates"":[]}"
7_1695_0,1891,1165,439,491,730,868,1268,1527,1513,1810,1,LEV,VA0176_20251216,18.947246931262562,0,Valsequillo,-98.1198927656529,2025-12-16,"{""type"":""MultiPoint"",""coordinates"":[]}"
7_1696_0,2951,2228,669,913,1302,1552,1838,2115,2170,2327,1,LEV,VA0177_20251216,18.947165751046327,0,Valsequillo,-98.12650038794153,2025-12-16,"{""type"":""MultiPoint"",""coordinates"":[]}"
7_1697_0,2572,1818,642,889,1238,1534,1762,2073,2214,2330,1,LEV,VA0178_20251216,18.933526914274964,0,Valsequillo,-98.11997858763539,2025-12-16,"{""type"":""MultiPoint"",""coordinates"":[]}"
7_1698_0,2235,1378,374,583,698,1045,1705,1988,2225,2290,1,LEV,VA0179_20251216,18.924068375015878,0,Valsequillo,-98.12100835565909,2025-12-16,"{""type"":""MultiPoint"",""coordinates"":[]}"
7_1699_0,1683,1197,339,433,430,812,1293,1615,1550,1775,1,LEV,VA0180_20251216,18.925286242538824,0,Valsequillo,-98.15335996089047,2025-12-16,"{""type"":""MultiPoint"",""coordinates"":[]}"
7_1700_0,1570,1022,240,354,331,675,1196,1384,1496,1579,1,LEV,VA0181_20251216,18.925732791740042,0,Valsequillo,-98.15117172234032,2025-12-16,"{""type"":""MultiPoint"",""coordinates"":[]}"
7_1701_0,1496,998,284,365,400,685,1223,1395,1350,1582,1,LEV,VA0182_20251216,18.922160364719343,0,Valsequillo,-98.14872604396076,2025-12-16,"{""type"":""MultiPoint"",""coordinates"":[]}"
7_1702_0,1636,1136,313,388,511,713,1084,1200,1285,1417,1,LEV,VA0183_20251216,18.917897709840723,0,Valsequillo,-98.155977265823,2025-12-16,"{""type"":""MultiPoint"",""coordinates"":[]}"
7_1703_0,2363,1840,821,958,1302,1440,1698,1985,2109,2259,1,LEV,VA0184_20251216,18.914649899835375,0,Valsequillo,-98.15108590906384,2025-12-16,"{""type"":""MultiPoint"",""coordinates"":[]}"
7_1704_0,1491,861,182,305,296,590,1408,1652,1856,1844,1,LEV,VA0185_20251216,18.91318836475058,0,Valsequillo,-98.14653780541062,2025-12-16,"{""type"":""MultiPoint"",""coordinates"":[]}"
7_1705_0,3356,2443,614,866,1288,1653,1870,2188,2248,2483,1,LEV,VA0186_20251216,18.917329347644213,0,Valsequillo,-98.12757307130947,2025-12-16,"{""type"":""MultiPoint"",""coordinates"":[]}"
7_1706_0,2097,1644,598,766,1478,1706,2205,2280,2332,2351,1,LEV,VA0187_20251216,18.9187096524838,0,Valsequillo,-98.13482429317169,2025-12-16,"{""type"":""MultiPoint"",""coordinates"":[]}"
7_1707_0,1820,1345,395,541,532,1114,1824,2091,2017,2183,1,LEV,VA0188_20251216,18.922363345573498,0,Valsequillo,-98.1369696250836,2025-12-16,"{""type"":""MultiPoint"",""coordinates"":[]}"
7_1708_0,2386,1716,852,976,1164,1479,2214,2650,2602,2883,1,LEV,VA0189_20251216,18.92398718353211,0,Valsequillo,-98.13362290730103,2025-12-16,"{""type"":""MultiPoint"",""coordinates"":[]}"
7_1709_0,3342,2873,922,1188,1570,2551,2412,2901,2213,2882,1,LEV,VA0190_20251216,18.92995465248218,0,Valsequillo,-98.1407454092485,2025-12-16,"{""type"":""MultiPoint"",""coordinates"":[]}"
7_1710_0,1594,1195,268,487,658,1046,1771,2056,1625,2299,1,LEV,VA0191_20251216,18.926585291446923,0,Valsequillo,-98.1410886623544,2025-12-16,"{""type"":""MultiPoint"",""coordinates"":[]}"
7_1711_0,1304,787,315,524,338,844,2147,2736,3460,3051,1,LEV,VA0192_20251216,18.925489219596404,0,Valsequillo,-98.13868589061309,2025-12-16,"{""type"":""MultiPoint"",""coordinates"":[]}"
7_1712_0,2382,1633,554,684,918,1208,1671,1684,1642,1967,1,LEV,VA0193_20251216,18.92382480052631,0,Valsequillo,-98.18451722340549,2025-12-16,"{""type"":""MultiPoint"",""coordinates"":[]}"
7_1713_0,2501,2068,828,1016,1352,1574,1624,1853,1754,2006,1,LEV,VA0194_20251216,18.92727540715172,0,Valsequillo,-98.18876498059106,2025-12-16,"{""type"":""MultiPoint"",""coordinates"":[]}"
7_1714_0,2998,1985,703,1005,1372,1744,2248,2481,2596,2765,1,LEV,VA0195_20251216,18.93356750636596,0,Valsequillo,-98.18563279599967,2025-12-16,"{""type"":""MultiPoint"",""coordinates"":[]}"
7_1715_0,2435,1609,481,617,886,1169,1501,1691,1791,1939,1,LEV,VA0196_20251216,18.923784204505285,0,Valsequillo,-98.20005403192181,2025-12-16,"{""type"":""MultiPoint"",""coordinates"":[]}"
7_1716_0,2150,1429,427,562,802,1039,1256,1444,1567,1680,1,LEV,VA0197_20251216,18.928899197153072,0,Valsequillo,-98.2049024820427,2025-12-16,"{""type"":""MultiPoint"",""coordinates"":[]}"
7_1717_0,3068,2176,628,847,1224,1568,1804,2039,2123,2355,1,LEV,VA0198_20251216,18.926422910740847,0,Valsequillo,-98.21030871846068,2025-12-16,"{""type"":""MultiPoint"",""coordinates"":[]}"
7_1718_0,2912,2040,518,726,949,1363,1791,2060,2200,2360,1,LEV,VA0199_20251216,18.920983070759135,0,Valsequillo,-98.20721944050754,2025-12-16,"{""type"":""MultiPoint"",""coordinates"":[]}"
7_1719_0,971,416,225,430,256,714,2607,3031,3887,3412,3,floating_plants,VA0200_20251216,18.929234101528642,1,Valsequillo,-98.17492334776063,2025-12-16,"{""type"":""MultiPoint"",""coordinates"":[]}"
8_1720_0,2192,1161,364,748,420,1242,3781,4454,5116,4651,3,floating_plants,VA0001_20230317,18.914406309702326,1,Valsequillo,-98.17271047748912,2023-03-17,"{""type"":""MultiPoint"",""coordinates"":[]}"
8_1721_0,1105,581,340,609,363,992,2498,2823,2920,2964,3,floating_plants,VA0002_20230317,18.91369584181893,1,Valsequillo,-98.171272674452,2023-03-17,"{""type"":""MultiPoint"",""coordinates"":[]}"
8_1722_0,782,396,267,484,289,764,1737,1957,1808,2002,3,floating_plants,VA0003_20230317,18.913533448736008,1,Valsequillo,-98.17015676761723,2023-03-17,"{""type"":""MultiPoint"",""coordinates"":[]}"
8_1723_0,552,302,270,437,280,504,1357,1392,1600,1301,3,floating_plants,VA0004_20230317,18.912701181710865,1,Valsequillo,-98.17080056002189,2023-03-17,"{""type"":""MultiPoint"",""coordinates"":[]}"
8_1724_0,299,162,214,328,199,424,897,914,1122,947,3,floating_plants,VA0005_20230317,18.91257938618902,1,Valsequillo,-98.16749575901123,2023-03-17,"{""type"":""MultiPoint"",""coordinates"":[]}"
8_1725_0,242,151,203,264,185,380,617,665,517,637,3,floating_plants,VA0006_20230317,18.9120516045693,1,Valsequillo,-98.16710948356842,2023-03-17,"{""type"":""MultiPoint"",""coordinates"":[]}"
8_1726_0,370,207,258,358,210,461,835,960,1140,929,3,floating_plants,VA0007_20230317,18.91414242198374,1,Valsequillo,-98.16856874635236,2023-03-17,"{""type"":""MultiPoint"",""coordinates"":[]}"
8_1727_0,234,149,217,293,191,354,605,701,653,639,3,floating_plants,VA0008_20230317,18.91255908692676,1,Valsequillo,-98.16880480356738,2023-03-17,"{""type"":""MultiPoint"",""coordinates"":[]}"
8_1728_0,213,112,223,346,186,365,610,871,1042,751,3,floating_plants,VA0009_20230317,18.912518488394834,1,Valsequillo,-98.16202352357149,2023-03-17,"{""type"":""MultiPoint"",""coordinates"":[]}"
8_1729_0,196,120,223,333,211,361,567,555,840,527,3,floating_plants,VA0010_20230317,18.913046268541052,1,Valsequillo,-98.16000630737017,2023-03-17,"{""type"":""MultiPoint"",""coordinates"":[]}"
8_1730_0,225,123,232,320,213,387,688,739,825,753,3,floating_plants,VA0011_20230317,18.912883874827322,1,Valsequillo,-98.15904061876317,2023-03-17,"{""type"":""MultiPoint"",""coordinates"":[]}"
8_1731_0,432,192,219,443,239,462,1502,1676,2512,1434,3,floating_plants,VA0012_20230317,18.9120516045693,1,Valsequillo,-98.15929813572502,2023-03-17,"{""type"":""MultiPoint"",""coordinates"":[]}"
8_1732_0,104,67,206,277,174,284,375,356,540,300,3,floating_plants,VA0013_20230317,18.912153101163987,1,Valsequillo,-98.1578174131943,2023-03-17,"{""type"":""MultiPoint"",""coordinates"":[]}"
8_1733_0,164,95,213,276,163,286,412,494,714,408,3,floating_plants,VA0014_20230317,18.911402024904575,1,Valsequillo,-98.15601479446119,2023-03-17,"{""type"":""MultiPoint"",""coordinates"":[]}"
8_1734_0,191,134,208,300,196,339,468,465,556,476,3,floating_plants,VA0015_20230317,18.911259929016573,1,Valsequillo,-98.15502764610737,2023-03-17,"{""type"":""MultiPoint"",""coordinates"":[]}"
8_1735_0,352,211,210,348,215,422,874,992,1116,952,3,floating_plants,VA0016_20230317,18.91040735115329,1,Valsequillo,-98.1522164192736,2023-03-17,"{""type"":""MultiPoint"",""coordinates"":[]}"
8_1736_0,302,202,185,261,182,370,621,711,664,687,3,floating_plants,VA0017_20230317,18.908235287909193,1,Valsequillo,-98.15155116712212,2023-03-17,"{""type"":""MultiPoint"",""coordinates"":[]}"
8_1737_0,192,128,163,242,152,279,394,403,468,346,3,floating_plants,VA0018_20230317,18.91099603633285,1,Valsequillo,-98.14423339345564,2023-03-17,"{""type"":""MultiPoint"",""coordinates"":[]}"
8_1738_0,1198,694,304,549,342,950,2545,3106,3876,3288,3,floating_plants,VA0019_20230317,18.909818663901643,1,Valsequillo,-98.14367544003824,2023-03-17,"{""type"":""MultiPoint"",""coordinates"":[]}"
8_1739_0,169,147,156,215,143,260,300,298,346,274,3,floating_plants,VA0020_20230317,18.910549447765664,1,Valsequillo,-98.14661542535295,2023-03-17,"{""type"":""MultiPoint"",""coordinates"":[]}"
8_1740_0,391,219,229,393,244,410,851,943,1562,874,3,floating_plants,VA0021_20230317,18.90760599328835,1,Valsequillo,-98.15103613319836,2023-03-17,"{""type"":""MultiPoint"",""coordinates"":[]}"
8_1741_0,1129,630,301,568,370,820,2037,2402,3204,2593,3,floating_plants,VA0022_20230317,18.902348245288632,1,Valsequillo,-98.16618705470641,2023-03-17,"{""type"":""MultiPoint"",""coordinates"":[]}"
8_1742_0,1157,574,305,600,353,977,2712,3001,3015,3137,3,floating_plants,VA0023_20230317,18.90833678638907,1,Valsequillo,-98.17086527951375,2023-03-17,"{""type"":""MultiPoint"",""coordinates"":[]}"
8_1743_0,357,205,214,338,205,416,856,894,917,881,3,floating_plants,VA0024_20230317,18.907869890890023,1,Valsequillo,-98.16947039597028,2023-03-17,"{""type"":""MultiPoint"",""coordinates"":[]}"
8_1744_0,765,388,256,435,264,801,1869,2128,1745,2293,3,floating_plants,VA0025_20230317,18.908986377958904,1,Valsequillo,-98.16824719040137,2023-03-17,"{""type"":""MultiPoint"",""coordinates"":[]}"
8_1745_0,1186,567,323,604,354,1033,2881,3338,3159,3476,3,floating_plants,VA0026_20230317,18.909047277039218,1,Valsequillo,-98.16972791293213,2023-03-17,"{""type"":""MultiPoint"",""coordinates"":[]}"
8_1746_0,120,69,213,298,179,284,328,344,460,300,3,floating_plants,VA0027_20230317,18.90849918451802,1,Valsequillo,-98.16146591040545,2023-03-17,"{""type"":""MultiPoint"",""coordinates"":[]}"
8_1747_0,1805,773,292,655,337,1146,4410,5206,5015,5366,3,floating_plants,VA0028_20230317,18.906651896497486,1,Valsequillo,-98.17395548305616,2023-03-17,"{""type"":""MultiPoint"",""coordinates"":[]}"
8_1748_0,1748,920,291,540,396,987,2638,3205,3252,3627,3,floating_plants,VA0029_20230317,18.90476398766324,1,Valsequillo,-98.17213140457625,2023-03-17,"{""type"":""MultiPoint"",""coordinates"":[]}"
8_1749_0,1146,583,235,429,253,864,2560,2838,2518,3262,3,floating_plants,VA0030_20230317,18.899465548576593,1,Valsequillo,-98.173761944917,2023-03-17,"{""type"":""MultiPoint"",""coordinates"":[]}"
8_1750_0,636,341,202,382,234,536,1243,1551,1886,1751,3,floating_plants,VA0031_20230317,18.900277580700607,1,Valsequillo,-98.17204516517123,2023-03-17,"{""type"":""MultiPoint"",""coordinates"":[]}"
8_1751_0,1297,620,222,448,293,804,2541,2893,2996,3042,3,floating_plants,VA0032_20230317,18.90165802626829,1,Valsequillo,-98.17146575200701,2023-03-17,"{""type"":""MultiPoint"",""coordinates"":[]}"
8_1752_0,1192,586,259,502,314,924,2587,2955,3024,3247,3,floating_plants,VA0033_20230317,18.900927203562787,1,Valsequillo,-98.1690837201097,2023-03-17,"{""type"":""MultiPoint"",""coordinates"":[]}"
8_1753_0,1586,797,262,524,346,950,2817,3305,3276,3630,3,floating_plants,VA0034_20230317,18.90253094920559,1,Valsequillo,-98.1690837201097,2023-03-17,"{""type"":""MultiPoint"",""coordinates"":[]}"
8_1754_0,1794,922,238,566,373,1157,3506,4025,4124,4440,3,floating_plants,VA0035_20230317,18.898166288982647,1,Valsequillo,-98.16925539808429,2023-03-17,"{""type"":""MultiPoint"",""coordinates"":[]}"
8_1755_0,668,371,182,312,200,523,1297,1632,1170,1765,3,floating_plants,VA0036_20230317,18.90257155016162,1,Valsequillo,-98.18258190086107,2023-03-17,"{""type"":""MultiPoint"",""coordinates"":[]}"
8_1756_0,351,237,240,364,247,437,756,957,1156,952,3,floating_plants,VA0037_20230317,18.901028706907198,1,Valsequillo,-98.18380510642994,2023-03-17,"{""type"":""MultiPoint"",""coordinates"":[]}"
8_1757_0,1242,621,226,477,289,856,2444,2996,2954,3256,3,floating_plants,VA0038_20230317,18.897029428564007,1,Valsequillo,-98.18818289478175,2023-03-17,"{""type"":""MultiPoint"",""coordinates"":[]}"
8_1758_0,1362,687,281,484,350,864,2413,2746,2829,3156,3,floating_plants,VA0039_20230317,18.89782117145756,1,Valsequillo,-98.18221708516508,2023-03-17,"{""type"":""MultiPoint"",""coordinates"":[]}"
8_1759_0,859,474,256,376,282,644,1929,2291,1792,2095,3,floating_plants,VA0040_20230317,18.896420393020442,1,Valsequillo,-98.18474933529014,2023-03-17,"{""type"":""MultiPoint"",""coordinates"":[]}"
8_1760_0,1471,764,327,567,415,962,2701,3121,3042,3460,3,floating_plants,VA0041_20230317,18.900805399576885,1,Valsequillo,-98.19198074506937,2023-03-17,"{""type"":""MultiPoint"",""coordinates"":[]}"
8_1761_0,1370,677,248,490,334,863,2606,3097,3256,3489,3,floating_plants,VA0042_20230317,18.901495621607125,1,Valsequillo,-98.18959871317205,2023-03-17,"{""type"":""MultiPoint"",""coordinates"":[]}"
8_1762_0,1231,585,251,438,307,784,2305,2625,2407,2971,3,floating_plants,VA0043_20230317,18.903992577524143,1,Valsequillo,-98.18552136127579,2023-03-17,"{""type"":""MultiPoint"",""coordinates"":[]}"
8_1763_0,1407,698,269,521,339,921,2808,3393,3428,3694,3,floating_plants,VA0044_20230317,18.903850475341876,1,Valsequillo,-98.18811799064132,2023-03-17,"{""type"":""MultiPoint"",""coordinates"":[]}"
8_1764_0,655,295,228,366,240,546,1280,1501,1288,1579,3,floating_plants,VA0045_20230317,18.902307643880047,1,Valsequillo,-98.18474881039019,2023-03-17,"{""type"":""MultiPoint"",""coordinates"":[]}"
8_1765_0,1534,735,256,529,337,891,2823,3416,3696,3797,3,floating_plants,VA0046_20230317,18.910224655085518,1,Valsequillo,-98.1854980073248,2023-03-17,"{""type"":""MultiPoint"",""coordinates"":[]}"
8_1766_0,1572,778,269,533,364,937,2872,3451,3584,3896,3,floating_plants,VA0047_20230317,18.90961566757129,1,Valsequillo,-98.1875152235261,2023-03-17,"{""type"":""MultiPoint"",""coordinates"":[]}"
8_1767_0,1396,691,275,549,335,923,2781,3340,3516,3701,3,floating_plants,VA0048_20230317,18.90981866365575,1,Valsequillo,-98.19060542706855,2023-03-17,"{""type"":""MultiPoint"",""coordinates"":[]}"
8_1768_0,1641,829,306,564,356,1029,3080,3661,3864,4127,3,floating_plants,VA0049_20230317,18.893943625637434,1,Valsequillo,-98.1971292606425,2023-03-17,"{""type"":""MultiPoint"",""coordinates"":[]}"
8_1769_0,1599,781,265,559,368,997,3005,3706,3772,4116,3,floating_plants,VA0050_20230317,18.893578197840764,1,Valsequillo,-98.1960562733014,2023-03-17,"{""type"":""MultiPoint"",""coordinates"":[]}"
8_1770_0,1352,681,261,556,326,935,2704,3177,3372,3487,3,floating_plants,VA0051_20230317,18.891832254024784,1,Valsequillo,-98.19545540039034,2023-03-17,"{""type"":""MultiPoint"",""coordinates"":[]}"
8_1771_0,901,467,205,418,264,750,1865,2050,1961,2353,3,floating_plants,VA0052_20230317,18.890695350589066,1,Valsequillo,-98.19154972646866,2023-03-17,"{""type"":""MultiPoint"",""coordinates"":[]}"
8_1772_0,748,428,216,357,240,627,1480,1814,1701,1930,3,floating_plants,VA0053_20230317,18.888543333664725,1,Valsequillo,-98.19069133659575,2023-03-17,"{""type"":""MultiPoint"",""coordinates"":[]}"
8_1773_0,1019,538,310,498,321,871,2072,2548,2544,2508,3,floating_plants,VA0054_20230317,18.88610705471345,1,Valsequillo,-98.1912922095068,2023-03-17,"{""type"":""MultiPoint"",""coordinates"":[]}"
8_1774_0,1164,583,246,511,308,789,2314,2680,2937,3040,3,floating_plants,VA0055_20230317,18.891913461117646,1,Valsequillo,-98.19326650621448,2023-03-17,"{""type"":""MultiPoint"",""coordinates"":[]}"
8_1775_0,555,330,390,434,372,553,931,1054,894,1178,3,floating_plants,VA0056_20230317,18.892238289095186,1,Valsequillo,-98.19193600191146,2023-03-17,"{""type"":""MultiPoint"",""coordinates"":[]}"
8_1776_0,1266,617,304,542,320,909,2457,2933,3016,3354,3,floating_plants,VA0057_20230317,18.896988826253864,1,Valsequillo,-98.18639938723125,2023-03-17,"{""type"":""MultiPoint"",""coordinates"":[]}"
8_1777_0,1176,610,272,544,350,959,2651,3137,3111,3442,3,floating_plants,VA0058_20230317,18.896826416952845,1,Valsequillo,-98.19013338317838,2023-03-17,"{""type"":""MultiPoint"",""coordinates"":[]}"
8_1778_0,359,216,214,314,230,372,661,758,1258,863,3,floating_plants,VA0059_20230317,18.895466232348177,1,Valsequillo,-98.18266704067332,2023-03-17,"{""type"":""MultiPoint"",""coordinates"":[]}"
8_1779_0,559,298,166,305,196,465,1081,1197,1548,1432,3,floating_plants,VA0060_20230317,18.896095572625892,1,Valsequillo,-98.17528488776637,2023-03-17,"{""type"":""MultiPoint"",""coordinates"":[]}"
8_1780_0,1405,690,277,561,334,914,2715,3311,3632,3709,3,floating_plants,VA0061_20230317,18.89903922960232,1,Valsequillo,-98.17828925232153,2023-03-17,"{""type"":""MultiPoint"",""coordinates"":[]}"
8_1781_0,475,301,183,332,202,438,1026,1287,1478,1269,3,floating_plants,VA0062_20230317,18.89160893379399,1,Valsequillo,-98.17657247257573,2023-03-17,"{""type"":""MultiPoint"",""coordinates"":[]}"
8_1782_0,1117,535,226,434,275,807,2279,2767,2686,2956,3,floating_plants,VA0063_20230317,18.89445116239827,1,Valsequillo,-98.17734502346134,2023-03-17,"{""type"":""MultiPoint"",""coordinates"":[]}"
8_1783_0,979,489,228,424,276,729,2002,2354,2438,2610,3,floating_plants,VA0064_20230317,18.90196253491461,1,Valsequillo,-98.17335351262706,2023-03-17,"{""type"":""MultiPoint"",""coordinates"":[]}"
8_1784_0,1711,864,254,498,370,934,2899,3544,3584,3923,3,floating_plants,VA0065_20230317,18.902754254469496,1,Valsequillo,-98.17818195566213,2023-03-17,"{""type"":""MultiPoint"",""coordinates"":[]}"
8_1785_0,1412,650,270,492,316,909,2955,3585,3560,4024,3,floating_plants,VA0066_20230317,18.913147764497737,1,Valsequillo,-98.19015591347211,2023-03-17,"{""type"":""MultiPoint"",""coordinates"":[]}"
8_1786_0,1433,696,232,504,313,912,2956,3603,3641,3989,3,floating_plants,VA0067_20230317,18.913716140908882,1,Valsequillo,-98.19599296460787,2023-03-17,"{""type"":""MultiPoint"",""coordinates"":[]}"
8_1787_0,1905,1006,262,525,396,996,2685,3269,3552,3840,3,floating_plants,VA0068_20230317,18.91324926042713,1,Valsequillo,-98.18129303803444,2023-03-17,"{""type"":""MultiPoint"",""coordinates"":[]}"
8_1788_0,1615,817,253,482,342,888,2714,3288,3399,3814,3,floating_plants,VA0069_20230317,18.91101633575054,1,Valsequillo,-98.17803115651742,2023-03-17,"{""type"":""MultiPoint"",""coordinates"":[]}"
8_1789_0,1599,811,272,508,349,885,2701,3388,3492,3760,3,floating_plants,VA0070_20230317,18.90845858539706,1,Valsequillo,-98.17979085575686,2023-03-17,"{""type"":""MultiPoint"",""coordinates"":[]}"
8_1790_0,1284,679,296,528,328,908,2390,2770,3000,3076,3,floating_plants,VA0071_20230317,18.90994046139973,1,Valsequillo,-98.19436202384934,2023-03-17,"{""type"":""MultiPoint"",""coordinates"":[]}"
8_1791_0,1949,1043,294,550,404,994,2687,3244,3805,3827,3,floating_plants,VA0072_20230317,18.917248152330405,1,Valsequillo,-98.19305119919768,2023-03-17,"{""type"":""MultiPoint"",""coordinates"":[]}"
8_1792_0,1655,775,271,546,341,997,3201,3840,4012,4339,3,floating_plants,VA0073_20230317,18.914934085172902,1,Valsequillo,-98.18802961844119,2023-03-17,"{""type"":""MultiPoint"",""coordinates"":[]}"
8_1793_0,1540,714,244,522,326,946,2939,3660,3732,4008,3,floating_plants,VA0074_20230317,18.912701182993672,1,Valsequillo,-98.18554028780981,2023-03-17,"{""type"":""MultiPoint"",""coordinates"":[]}"
8_1794_0,991,516,268,526,303,953,2476,2928,2690,3058,3,floating_plants,VA0075_20230317,18.908428135543776,1,Valsequillo,-98.15249875803913,2023-03-17,"{""type"":""MultiPoint"",""coordinates"":[]}"
8_1795_0,371,236,184,310,199,452,909,1314,1202,1175,3,floating_plants,VA0076_20230317,18.9036677722148,1,Valsequillo,-98.15874237734383,2023-03-17,"{""type"":""MultiPoint"",""coordinates"":[]}"
8_1796_0,732,385,301,528,295,702,1613,1925,2138,1873,3,floating_plants,VA0077_20230317,18.901546372970696,1,Valsequillo,-98.1645257791125,2023-03-17,"{""type"":""MultiPoint"",""coordinates"":[]}"
8_1797_0,1128,552,243,475,302,793,2351,2807,2676,3080,3,floating_plants,VA0078_20230317,18.89713093363008,1,Valsequillo,-98.17796862480031,2023-03-17,"{""type"":""MultiPoint"",""coordinates"":[]}"
8_1798_0,1545,803,256,484,326,995,3228,3874,3776,4084,3,floating_plants,VA0079_20230317,18.897364396525965,1,Valsequillo,-98.17492134075151,2023-03-17,"{""type"":""MultiPoint"",""coordinates"":[]}"
8_1799_0,994,500,251,443,279,860,2145,2510,2384,2798,3,floating_plants,VA0080_20230317,18.89217738273359,1,Valsequillo,-98.1752324780346,2023-03-17,"{""type"":""MultiPoint"",""coordinates"":[]}"
8_1800_0,91,64,218,284,215,273,110,112,97,76,2,open_water,VA0081_20230317,18.901576825342293,0,Valsequillo,-98.18640078143191,2023-03-17,"{""type"":""MultiPoint"",""coordinates"":[]}"
8_1801_0,95,79,308,394,323,391,196,222,169,122,2,open_water,VA0082_20230317,18.900561792452322,0,Valsequillo,-98.18777420522858,2023-03-17,"{""type"":""MultiPoint"",""coordinates"":[]}"
8_1802_0,60,48,146,171,116,169,105,99,80,65,2,open_water,VA0083_20230317,18.906164697189435,0,Valsequillo,-98.16773080169632,2023-03-17,"{""type"":""MultiPoint"",""coordinates"":[]}"
8_1803_0,54,48,185,193,128,183,124,108,84,80,2,open_water,VA0084_20230317,18.910305854000423,0,Valsequillo,-98.16670073384886,2023-03-17,"{""type"":""MultiPoint"",""coordinates"":[]}"
8_1804_0,105,98,166,193,133,187,108,112,70,51,2,open_water,VA0085_20230317,18.919724573903903,0,Valsequillo,-98.17030597131502,2023-03-17,"{""type"":""MultiPoint"",""coordinates"":[]}"
8_1805_0,102,78,199,219,145,218,145,143,111,93,2,open_water,VA0086_20230317,18.915908432361434,0,Valsequillo,-98.16833167460737,2023-03-17,"{""type"":""MultiPoint"",""coordinates"":[]}"
8_1806_0,56,56,188,185,126,188,123,118,96,91,2,open_water,VA0087_20230317,18.91469049651174,0,Valsequillo,-98.15790223765163,2023-03-17,"{""type"":""MultiPoint"",""coordinates"":[]}"
8_1807_0,72,65,190,205,147,204,152,138,107,102,2,open_water,VA0088_20230317,18.913878534349976,0,Valsequillo,-98.16258046245892,2023-03-17,"{""type"":""MultiPoint"",""coordinates"":[]}"
8_1808_0,58,49,164,178,127,163,110,98,90,74,2,open_water,VA0089_20230317,18.907260895734424,0,Valsequillo,-98.16009113182751,2023-03-17,"{""type"":""MultiPoint"",""coordinates"":[]}"
8_1809_0,61,55,141,166,119,165,100,91,73,51,2,open_water,VA0090_20230317,18.9048248892129,0,Valsequillo,-98.16086368271314,2023-03-17,"{""type"":""MultiPoint"",""coordinates"":[]}"
8_1810_0,46,42,143,180,120,174,91,102,72,58,2,open_water,VA0091_20230317,18.904987290751215,0,Valsequillo,-98.16292381840809,2023-03-17,"{""type"":""MultiPoint"",""coordinates"":[]}"
8_1811_0,344,295,370,412,368,429,358,338,334,310,2,open_water,VA0092_20230317,18.90141441945093,0,Valsequillo,-98.15944954068311,2023-03-17,"{""type"":""MultiPoint"",""coordinates"":[]}"
8_1812_0,299,264,306,338,292,357,289,292,281,247,2,open_water,VA0093_20230317,18.9011911125267,0,Valsequillo,-98.15715334777313,2023-03-17,"{""type"":""MultiPoint"",""coordinates"":[]}"
8_1813_0,299,260,316,350,306,392,301,307,334,265,2,open_water,VA0094_20230317,18.907423293865257,0,Valsequillo,-98.14994287284074,2023-03-17,"{""type"":""MultiPoint"",""coordinates"":[]}"
8_1814_0,250,208,332,351,300,330,254,279,264,248,2,open_water,VA0095_20230317,18.906976695758726,0,Valsequillo,-98.17120948194187,2023-03-17,"{""type"":""MultiPoint"",""coordinates"":[]}"
8_1815_0,149,109,233,237,175,234,178,169,152,136,2,open_water,VA0096_20230317,18.906570696445417,0,Valsequillo,-98.16498615536332,2023-03-17,"{""type"":""MultiPoint"",""coordinates"":[]}"
8_1816_0,379,352,452,502,411,535,446,430,418,380,2,open_water,VA0097_20230317,18.90963596741956,0,Valsequillo,-98.14805582591866,2023-03-17,"{""type"":""MultiPoint"",""coordinates"":[]}"
8_1817_0,66,87,167,197,142,188,135,137,107,87,2,open_water,VA0098_20230317,18.911199030724745,0,Valsequillo,-98.15054515655007,2023-03-17,"{""type"":""MultiPoint"",""coordinates"":[]}"
8_1818_0,97,94,150,171,109,183,110,104,87,56,2,open_water,VA0099_20230317,18.913919132033243,0,Valsequillo,-98.13651048212814,2023-03-17,"{""type"":""MultiPoint"",""coordinates"":[]}"
8_1819_0,79,76,135,162,112,200,94,113,78,68,2,open_water,VA0100_20230317,18.915482155304748,0,Valsequillo,-98.13601690795124,2023-03-17,"{""type"":""MultiPoint"",""coordinates"":[]}"
8_1820_0,85,72,172,194,134,187,138,110,89,93,2,open_water,VA0101_20230317,18.913614645280038,0,Valsequillo,-98.15445083047179,2023-03-17,"{""type"":""MultiPoint"",""coordinates"":[]}"
8_1821_0,45,48,181,197,132,196,103,126,84,85,2,open_water,VA0102_20230317,18.913046268523903,0,Valsequillo,-98.15792730945704,2023-03-17,"{""type"":""MultiPoint"",""coordinates"":[]}"
8_1822_0,50,46,158,204,134,202,128,117,89,68,2,open_water,VA0103_20230317,18.910387051610236,0,Valsequillo,-98.15788438996339,2023-03-17,"{""type"":""MultiPoint"",""coordinates"":[]}"
8_1823_0,106,108,164,190,133,206,142,131,115,141,2,open_water,VA0104_20230317,18.907727792414846,0,Valsequillo,-98.15556673730656,2023-03-17,"{""type"":""MultiPoint"",""coordinates"":[]}"
8_1824_0,112,74,94,141,106,162,67,101,41,60,2,open_water,VA0105_20230317,18.895831656084308,0,Valsequillo,-98.17374063662355,2023-03-17,"{""type"":""MultiPoint"",""coordinates"":[]}"
8_1825_0,79,82,104,127,88,127,62,77,55,54,2,open_water,VA0106_20230317,18.899506149805525,0,Valsequillo,-98.17097232928343,2023-03-17,"{""type"":""MultiPoint"",""coordinates"":[]}"
8_1826_0,430,346,545,560,501,537,477,480,526,433,2,open_water,VA0107_20230317,18.89765876249338,0,Valsequillo,-98.17974936573384,2023-03-17,"{""type"":""MultiPoint"",""coordinates"":[]}"
8_1827_0,111,95,197,228,167,219,122,138,113,109,2,open_water,VA0108_20230317,18.895547437739264,0,Valsequillo,-98.18680962243846,2023-03-17,"{""type"":""MultiPoint"",""coordinates"":[]}"
8_1828_0,104,82,126,164,112,163,85,76,57,41,2,open_water,VA0109_20230317,18.88933511623113,0,Valsequillo,-98.17449172776232,2023-03-17,"{""type"":""MultiPoint"",""coordinates"":[]}"
8_1829_0,71,77,224,278,207,285,115,122,81,66,2,open_water,VA0110_20230317,18.890431424775425,0,Valsequillo,-98.19459908522086,2023-03-17,"{""type"":""MultiPoint"",""coordinates"":[]}"
8_1830_0,188,198,240,275,257,309,215,218,166,175,2,open_water,VA0111_20230317,18.890938972706014,0,Valsequillo,-98.18996377990716,2023-03-17,"{""type"":""MultiPoint"",""coordinates"":[]}"
8_1831_0,194,161,324,421,342,423,213,208,206,162,2,open_water,VA0112_20230317,18.88356922528832,0,Valsequillo,-98.19474845696962,2023-03-17,"{""type"":""MultiPoint"",""coordinates"":[]}"
8_1832_0,134,121,188,215,178,218,120,129,109,89,2,open_water,VA0113_20230317,18.88870574983647,0,Valsequillo,-98.19706610962645,2023-03-17,"{""type"":""MultiPoint"",""coordinates"":[]}"
8_1833_0,115,96,159,169,121,165,93,96,77,54,2,open_water,VA0114_20230317,18.892461606799397,0,Valsequillo,-98.19846099316992,2023-03-17,"{""type"":""MultiPoint"",""coordinates"":[]}"
8_1834_0,108,104,195,247,176,254,181,180,110,144,2,open_water,VA0115_20230317,18.89122319840809,0,Valsequillo,-98.19610042101944,2023-03-17,"{""type"":""MultiPoint"",""coordinates"":[]}"
8_1835_0,122,121,158,166,127,172,129,111,86,78,2,open_water,VA0116_20230317,18.895202314902043,0,Valsequillo,-98.19116468547438,2023-03-17,"{""type"":""MultiPoint"",""coordinates"":[]}"
8_1836_0,193,144,405,538,453,581,338,357,266,256,2,open_water,VA0117_20230317,18.899770060701687,0,Valsequillo,-98.19155096091716,2023-03-17,"{""type"":""MultiPoint"",""coordinates"":[]}"
8_1837_0,550,489,628,715,642,774,629,635,530,525,2,open_water,VA0118_20230317,18.908823980201937,0,Valsequillo,-98.18981314258933,2023-03-17,"{""type"":""MultiPoint"",""coordinates"":[]}"
8_1838_0,435,388,590,645,587,673,456,462,424,429,2,open_water,VA0119_20230317,18.907585692890642,0,Valsequillo,-98.1882680408181,2023-03-17,"{""type"":""MultiPoint"",""coordinates"":[]}"
8_1839_0,158,128,233,318,274,334,188,193,148,162,2,open_water,VA0120_20230317,18.91314776451299,0,Valsequillo,-98.1917009032094,2023-03-17,"{""type"":""MultiPoint"",""coordinates"":[]}"
8_1840_0,3227,2443,783,1008,1300,1533,1733,1962,2008,2335,1,LEV,VA0121_20230317,18.906164696379296,0,Valsequillo,-98.17897641028107,2023-03-17,"{""type"":""MultiPoint"",""coordinates"":[]}"
8_1841_0,2748,2394,948,1266,1500,2105,2282,2496,2262,2551,1,LEV,VA0122_20230317,18.90504819047732,0,Valsequillo,-98.17670167711789,2023-03-17,"{""type"":""MultiPoint"",""coordinates"":[]}"
8_1842_0,2918,2692,1156,1332,1918,2223,2310,2463,2332,2430,1,LEV,VA0123_20230317,18.90864128287352,0,Valsequillo,-98.17541409230853,2023-03-17,"{""type"":""MultiPoint"",""coordinates"":[]}"
8_1843_0,2564,1970,854,1134,1268,1791,2145,2406,2420,2805,1,LEV,VA0124_20230317,18.90368807322045,0,Valsequillo,-98.16496319560598,2023-03-17,"{""type"":""MultiPoint"",""coordinates"":[]}"
8_1844_0,2739,2009,764,1076,1252,1787,2321,2475,2766,2792,1,LEV,VA0125_20230317,18.907017295868407,0,Valsequillo,-98.15695871004117,2023-03-17,"{""type"":""MultiPoint"",""coordinates"":[]}"
8_1845_0,3588,2741,860,1096,1474,1938,2045,2267,2100,2491,1,LEV,VA0126_20230317,18.902551250313884,0,Valsequillo,-98.15637929687695,2023-03-17,"{""type"":""MultiPoint"",""coordinates"":[]}"
8_1846_0,2173,1667,861,1086,1408,1590,1622,1732,1796,1881,1,LEV,VA0128_20230317,18.900500888681886,0,Valsequillo,-98.16099382087181,2023-03-17,"{""type"":""MultiPoint"",""coordinates"":[]}"
8_1847_0,3883,3066,996,1376,1654,2320,2362,2613,2370,2791,1,LEV,VA0129_20230317,18.89631888671903,0,Valsequillo,-98.16101528061863,2023-03-17,"{""type"":""MultiPoint"",""coordinates"":[]}"
8_1848_0,3008,2551,1114,1384,1748,2163,2252,2286,2169,2483,1,LEV,VA0130_20230317,18.89587225897446,0,Valsequillo,-98.16848327251286,2023-03-17,"{""type"":""MultiPoint"",""coordinates"":[]}"
8_1849_0,3054,2429,1354,1738,2090,2537,2854,2913,2975,3076,1,LEV,VA0131_20230317,18.8946744786852,0,Valsequillo,-98.17206705023223,2023-03-17,"{""type"":""MultiPoint"",""coordinates"":[]}"
8_1850_0,2472,2026,764,924,1196,1293,1373,1458,1628,1739,1,LEV,VA0133_20230317,18.89236009927178,0,Valsequillo,-98.17934190440506,2023-03-17,"{""type"":""MultiPoint"",""coordinates"":[]}"
8_1851_0,2736,2214,820,1072,1362,1468,1590,1721,1864,1939,1,LEV,VA0134_20230317,18.894085736079337,0,Valsequillo,-98.18599442592004,2023-03-17,"{""type"":""MultiPoint"",""coordinates"":[]}"
8_1852_0,2418,2018,958,1152,1428,1509,1577,1704,1784,1836,1,LEV,VA0135_20230317,18.899262539767893,0,Valsequillo,-98.1871961717421,2023-03-17,"{""type"":""MultiPoint"",""coordinates"":[]}"
8_1853_0,3339,2631,984,1206,1576,1833,1969,2067,2148,2371,1,LEV,VA0136_20230317,18.900074572876964,0,Valsequillo,-98.1839342902251,2023-03-17,"{""type"":""MultiPoint"",""coordinates"":[]}"
8_1854_0,2849,2290,1092,1350,1710,1805,1930,1998,2154,2194,1,LEV,VA0138_20230317,18.896603103191808,0,Valsequillo,-98.20242957951679,2023-03-17,"{""type"":""MultiPoint"",""coordinates"":[]}"
8_1855_0,3306,2800,1670,2020,2430,2159,2512,2560,2989,2723,1,LEV,VA0139_20230317,18.894512066576297,0,Valsequillo,-98.20000462812584,2023-03-17,"{""type"":""MultiPoint"",""coordinates"":[]}"
8_1856_0,2870,2487,1386,1692,1786,1968,2262,2363,2338,2502,1,LEV,VA0140_20230317,18.887650034782958,0,Valsequillo,-98.20079863875826,2023-03-17,"{""type"":""MultiPoint"",""coordinates"":[]}"
8_1857_0,3271,2645,1096,1412,1830,2120,2281,2491,2458,2643,1,LEV,VA0141_20230317,18.896075271170997,0,Valsequillo,-98.19779427420313,2023-03-17,"{""type"":""MultiPoint"",""coordinates"":[]}"
8_1858_0,3019,2784,1226,1628,1840,2430,2493,2730,2354,2643,1,LEV,VA0143_20230317,18.884929505788797,0,Valsequillo,-98.19685071754684,2023-03-17,"{""type"":""MultiPoint"",""coordinates"":[]}"
8_1859_0,2242,1889,760,963,1262,1195,1213,1389,1712,1471,1,LEV,VA0144_20230317,18.884097096504938,0,Valsequillo,-98.18972608160176,2023-03-17,"{""type"":""MultiPoint"",""coordinates"":[]}"
8_1860_0,2873,2369,998,1280,1576,2156,2377,2358,2426,2678,1,LEV,VA0145_20230317,18.883630133388138,0,Valsequillo,-98.18345983552959,2023-03-17,"{""type"":""MultiPoint"",""coordinates"":[]}"
8_1861_0,2614,2151,706,927,1258,1541,1749,1810,1750,2021,1,LEV,VA0147_20230317,18.885843120972407,0,Valsequillo,-98.17908204717777,2023-03-17,"{""type"":""MultiPoint"",""coordinates"":[]}"
8_1862_0,2132,1771,875,1016,1306,1400,1576,1551,1627,1682,1,LEV,VA0149_20230317,18.883934674698917,0,Valsequillo,-98.17444674186412,2023-03-17,"{""type"":""MultiPoint"",""coordinates"":[]}"
8_1863_0,3141,2457,1026,1342,1738,1904,2023,2171,2376,2404,1,LEV,VA0150_20230317,18.9053729926845,0,Valsequillo,-98.21275102271281,2023-03-17,"{""type"":""MultiPoint"",""coordinates"":[]}"
8_1864_0,2563,2170,696,952,1240,1469,1705,1791,1808,1941,1,LEV,VA0151_20230317,18.908032289315976,0,Valsequillo,-98.20925308398073,2023-03-17,"{""type"":""MultiPoint"",""coordinates"":[]}"
8_1865_0,3040,2918,1730,2126,2376,2384,2496,2593,2630,2613,1,LEV,VA0152_20230317,18.907179695000114,0,Valsequillo,-98.19646307487449,2023-03-17,"{""type"":""MultiPoint"",""coordinates"":[]}"
8_1866_0,2945,2472,867,1166,1542,1898,2357,2666,2272,2489,1,LEV,VA0153_20230317,18.90454068505304,0,Valsequillo,-98.19212820601635,2023-03-17,"{""type"":""MultiPoint"",""coordinates"":[]}"
8_1867_0,2921,2260,628,780,1072,1245,1361,1589,1632,1753,1,LEV,VA0154_20230317,18.928615034629114,0,Valsequillo,-98.2073835299726,2023-03-17,"{""type"":""MultiPoint"",""coordinates"":[]}"
8_1868_0,3012,2435,802,1086,1488,1679,1701,1847,1934,2055,1,LEV,VA0155_20230317,18.923256457884793,0,Valsequillo,-98.20150355934322,2023-03-17,"{""type"":""MultiPoint"",""coordinates"":[]}"
8_1869_0,3132,2423,690,946,1406,1616,1687,1860,1942,2099,1,LEV,VA0156_20230317,18.919075024868146,0,Valsequillo,-98.19961510162284,2023-03-17,"{""type"":""MultiPoint"",""coordinates"":[]}"
8_1870_0,1934,1078,251,541,334,1059,3130,4005,4636,4455,1,LEV,VA0157_20230317,18.95098117887688,0,Valsequillo,-98.20961553866427,2023-03-17,"{""type"":""MultiPoint"",""coordinates"":[]}"
8_1871_0,1902,1044,284,634,342,1104,3654,4915,5536,5246,1,LEV,VA0158_20230317,18.952564149777423,0,Valsequillo,-98.21523799233177,2023-03-17,"{""type"":""MultiPoint"",""coordinates"":[]}"
8_1872_0,1929,934,220,584,256,1004,3805,4944,5068,5045,1,LEV,VA0159_20230317,18.953457101095925,0,Valsequillo,-98.21107480144818,2023-03-17,"{""type"":""MultiPoint"",""coordinates"":[]}"
8_1873_0,2243,1194,356,720,352,1276,3956,4782,5159,5027,1,LEV,VA0160_20230317,18.95479652003115,0,Valsequillo,-98.18536661811997,2023-03-17,"{""type"":""MultiPoint"",""coordinates"":[]}"
8_1874_0,1913,1034,349,714,470,1192,3046,3536,3936,3819,1,LEV,VA0161_20230317,18.95869294765886,0,Valsequillo,-98.20154726722416,2023-03-17,"{""type"":""MultiPoint"",""coordinates"":[]}"
8_1875_0,2090,1305,362,703,446,1013,2592,3402,4448,3388,1,LEV,VA0162_20230317,18.95443122527489,0,Valsequillo,-98.20180478418604,2023-03-17,"{""type"":""MultiPoint"",""coordinates"":[]}"
8_1876_0,3436,2767,1466,1748,2288,2386,2427,2632,2784,2828,1,LEV,VA0163_20230317,18.941401855144235,0,Valsequillo,-98.17309217406157,2023-03-17,"{""type"":""MultiPoint"",""coordinates"":[]}"
8_1877_0,3015,2518,1002,1318,1736,1984,2149,2277,2300,2448,1,LEV,VA0164_20230317,18.939940554044416,0,Valsequillo,-98.23081889301413,2023-03-17,"{""type"":""MultiPoint"",""coordinates"":[]}"
8_1878_0,1961,1144,344,565,606,1035,2424,2782,2656,3110,1,LEV,VA0165_20230317,18.94562331980517,0,Valsequillo,-98.23202063883619,2023-03-17,"{""type"":""MultiPoint"",""coordinates"":[]}"
8_1879_0,2986,2383,512,687,954,1133,1418,1553,1628,1792,1,LEV,VA0166_20230317,18.939453450835693,0,Valsequillo,-98.2219345578296,2023-03-17,"{""type"":""MultiPoint"",""coordinates"":[]}"
9_1880_0,1524,589,213,482,210,826,3905,5181,5112,5367,3,floating_plants,VA0001_20230913,18.900257279869276,1,Valsequillo,-98.19318177096936,2023-09-13,"{""type"":""MultiPoint"",""coordinates"":[]}"
9_1881_0,1444,581,217,464,229,773,3699,4861,4671,5104,3,floating_plants,VA0002_20230913,18.901536222629453,1,Valsequillo,-98.19204440438777,2023-09-13,"{""type"":""MultiPoint"",""coordinates"":[]}"
9_1882_0,1451,554,198,466,227,818,3898,5139,4952,5422,3,floating_plants,VA0003_20230913,18.899445247646753,1,Valsequillo,-98.19204440438777,2023-09-13,"{""type"":""MultiPoint"",""coordinates"":[]}"
9_1883_0,1449,542,196,474,207,808,3996,5329,5204,5607,3,floating_plants,VA0004_20230913,18.90196253471065,1,Valsequillo,-98.18953361400953,2023-09-13,"{""type"":""MultiPoint"",""coordinates"":[]}"
9_1884_0,1461,559,214,462,257,836,3685,4742,4508,5014,3,floating_plants,VA0005_20230913,18.90232794420147,1,Valsequillo,-98.18755931730185,2023-09-13,"{""type"":""MultiPoint"",""coordinates"":[]}"
9_1885_0,1355,505,201,457,212,792,3694,4960,4917,5255,3,floating_plants,VA0006_20230913,18.899465548500334,1,Valsequillo,-98.18822456945337,2023-09-13,"{""type"":""MultiPoint"",""coordinates"":[]}"
9_1886_0,1306,480,224,475,212,785,3375,4258,4256,4457,3,floating_plants,VA0007_20230913,18.901272314606334,1,Valsequillo,-98.1843403552785,2023-09-13,"{""type"":""MultiPoint"",""coordinates"":[]}"
9_1887_0,1338,503,204,476,212,790,3651,4645,4608,4799,3,floating_plants,VA0008_20230913,18.90240914620219,1,Valsequillo,-98.18515582565773,2023-09-13,"{""type"":""MultiPoint"",""coordinates"":[]}"
9_1888_0,1404,507,214,467,223,803,3944,5146,5053,5428,3,floating_plants,VA0009_20230913,18.90074449731144,1,Valsequillo,-98.18594983629018,2023-09-13,"{""type"":""MultiPoint"",""coordinates"":[]}"
9_1889_0,1541,603,260,598,254,889,4066,5080,5240,5340,3,floating_plants,VA0010_20230913,18.90409407882412,1,Valsequillo,-98.18811727071925,2023-09-13,"{""type"":""MultiPoint"",""coordinates"":[]}"
9_1890_0,1374,506,206,469,208,771,3742,4822,4728,5069,3,floating_plants,VA0011_20230913,18.903525669715673,1,Valsequillo,-98.18648632996076,2023-09-13,"{""type"":""MultiPoint"",""coordinates"":[]}"
9_1891_0,1435,521,231,483,232,799,3770,4806,4462,4967,3,floating_plants,VA0012_20230913,18.905007589417007,1,Valsequillo,-98.18564939983466,2023-09-13,"{""type"":""MultiPoint"",""coordinates"":[]}"
9_1892_0,1341,480,239,494,202,795,3712,4699,4607,4873,3,floating_plants,VA0013_20230913,18.904297081609155,1,Valsequillo,-98.18221584034306,2023-09-13,"{""type"":""MultiPoint"",""coordinates"":[]}"
9_1893_0,1304,473,220,458,197,814,3633,4627,4468,4885,3,floating_plants,VA0014_20230913,18.905616594054717,1,Valsequillo,-98.18084261779263,2023-09-13,"{""type"":""MultiPoint"",""coordinates"":[]}"
9_1894_0,1323,497,215,460,202,779,3609,4635,4612,4851,3,floating_plants,VA0015_20230913,18.907118795159786,1,Valsequillo,-98.1846195332334,2023-09-13,"{""type"":""MultiPoint"",""coordinates"":[]}"
9_1895_0,1258,468,216,483,198,747,3346,4315,4216,4443,3,floating_plants,VA0016_20230913,18.91298537068434,1,Valsequillo,-98.17961954500477,2023-09-13,"{""type"":""MultiPoint"",""coordinates"":[]}"
9_1896_0,1277,483,199,439,187,746,3544,4656,4480,4816,3,floating_plants,VA0017_20230913,18.91097573664586,1,Valsequillo,-98.17923326956199,2023-09-13,"{""type"":""MultiPoint"",""coordinates"":[]}"
9_1897_0,1298,483,215,454,186,760,3581,4546,4372,4711,3,floating_plants,VA0018_20230913,18.908783381062566,1,Valsequillo,-98.17867531614459,2023-09-13,"{""type"":""MultiPoint"",""coordinates"":[]}"
9_1898_0,1271,453,234,456,195,737,3511,4535,4340,4675,3,floating_plants,VA0019_20230913,18.908783381062566,1,Valsequillo,-98.1840402528502,2023-09-13,"{""type"":""MultiPoint"",""coordinates"":[]}"
9_1899_0,1352,494,216,462,211,764,3629,4672,4852,4953,3,floating_plants,VA0020_20230913,18.90730149480871,1,Valsequillo,-98.18200157690207,2023-09-13,"{""type"":""MultiPoint"",""coordinates"":[]}"
9_1900_0,1333,490,204,465,199,773,3678,4843,4740,5047,3,floating_plants,VA0021_20230913,18.90947357017894,1,Valsequillo,-98.18161530145926,2023-09-13,"{""type"":""MultiPoint"",""coordinates"":[]}"
9_1901_0,1344,490,198,441,197,759,3764,4978,4716,5105,3,floating_plants,VA0022_20230913,18.911726814819765,1,Valsequillo,-98.18236639259806,2023-09-13,"{""type"":""MultiPoint"",""coordinates"":[]}"
9_1902_0,1291,478,212,478,210,800,3565,4570,4607,4777,3,floating_plants,VA0023_20230913,18.90989986203388,1,Valsequillo,-98.18685147968397,2023-09-13,"{""type"":""MultiPoint"",""coordinates"":[]}"
9_1903_0,1220,449,226,475,207,772,3363,4302,4257,4586,3,floating_plants,VA0024_20230913,18.911320827036526,1,Valsequillo,-98.18704461740538,2023-09-13,"{""type"":""MultiPoint"",""coordinates"":[]}"
9_1904_0,1569,599,226,532,244,866,4030,5102,4984,5425,3,floating_plants,VA0025_20230913,18.91026525418764,1,Valsequillo,-98.19290312828791,2023-09-13,"{""type"":""MultiPoint"",""coordinates"":[]}"
9_1905_0,1427,553,224,468,207,806,3819,4975,4948,5291,3,floating_plants,VA0026_20230913,18.909331472652493,1,Valsequillo,-98.19084299259295,2023-09-13,"{""type"":""MultiPoint"",""coordinates"":[]}"
9_1906_0,1428,535,238,490,204,806,3910,5112,5180,5406,3,floating_plants,VA0027_20230913,18.907971390220663,1,Valsequillo,-98.18803176575919,2023-09-13,"{""type"":""MultiPoint"",""coordinates"":[]}"
9_1907_0,1414,530,206,475,200,788,3912,5200,5092,5462,3,floating_plants,VA0028_20230913,18.908052589482214,1,Valsequillo,-98.18650812373482,2023-09-13,"{""type"":""MultiPoint"",""coordinates"":[]}"
9_1908_0,1392,514,209,464,220,806,3844,4964,4924,5270,3,floating_plants,VA0029_20230913,18.909818663669093,1,Valsequillo,-98.18957686753043,2023-09-13,"{""type"":""MultiPoint"",""coordinates"":[]}"
9_1909_0,1455,543,205,470,204,834,3909,5110,5107,5355,3,floating_plants,VA0030_20230913,18.91109753333563,1,Valsequillo,-98.18989876373276,2023-09-13,"{""type"":""MultiPoint"",""coordinates"":[]}"
9_1910_0,1391,484,219,475,200,791,3952,5184,5041,5428,3,floating_plants,VA0031_20230913,18.912396692507375,1,Valsequillo,-98.18910475310034,2023-09-13,"{""type"":""MultiPoint"",""coordinates"":[]}"
9_1911_0,1264,464,223,458,205,759,3535,4352,4468,4603,3,floating_plants,VA0032_20230913,18.91572574242375,1,Valsequillo,-98.18773138739537,2023-09-13,"{""type"":""MultiPoint"",""coordinates"":[]}"
9_1912_0,1407,510,223,468,206,774,3766,5005,4965,5250,3,floating_plants,VA0033_20230913,18.91542125896036,1,Valsequillo,-98.18940524764754,2023-09-13,"{""type"":""MultiPoint"",""coordinates"":[]}"
9_1913_0,1479,550,232,468,223,821,3682,4770,4817,4990,3,floating_plants,VA0034_20230913,18.91670008578035,1,Valsequillo,-98.19034947650773,2023-09-13,"{""type"":""MultiPoint"",""coordinates"":[]}"
9_1914_0,1381,528,226,484,222,809,3791,4842,4803,5214,3,floating_plants,VA0035_20230913,18.917897708376877,1,Valsequillo,-98.1877528471422,2023-09-13,"{""type"":""MultiPoint"",""coordinates"":[]}"
9_1915_0,1376,493,204,472,195,774,3868,5110,5008,5400,3,floating_plants,VA0036_20230913,18.915299465419746,1,Valsequillo,-98.18476994233389,2023-09-13,"{""type"":""MultiPoint"",""coordinates"":[]}"
9_1916_0,1400,488,186,467,191,774,3956,5187,5040,5412,3,floating_plants,VA0037_20230913,18.91665948825387,1,Valsequillo,-98.18213039347472,2023-09-13,"{""type"":""MultiPoint"",""coordinates"":[]}"
9_1917_0,1373,481,192,441,187,778,3757,4889,4639,5145,3,floating_plants,VA0038_20230913,18.91300567050289,1,Valsequillo,-98.1841046901824,2023-09-13,"{""type"":""MultiPoint"",""coordinates"":[]}"
9_1918_0,540,226,179,394,180,450,1952,2403,3981,2315,3,floating_plants,VA0039_20230913,18.914670197067334,1,Valsequillo,-98.17852625560131,2023-09-13,"{""type"":""MultiPoint"",""coordinates"":[]}"
9_1919_0,373,179,169,268,150,327,931,1141,1511,1138,3,floating_plants,VA0040_20230913,18.9146093000346,1,Valsequillo,-98.17774297484229,2023-09-13,"{""type"":""MultiPoint"",""coordinates"":[]}"
9_1920_0,711,305,194,399,200,595,2187,2698,3021,2705,3,floating_plants,VA0041_20230913,18.913969879851614,1,Valsequillo,-98.1783223880065,2023-09-13,"{""type"":""MultiPoint"",""coordinates"":[]}"
9_1921_0,467,210,187,340,170,471,1562,1758,2230,1805,3,floating_plants,VA0042_20230913,18.915593799345093,1,Valsequillo,-98.17846187636084,2023-09-13,"{""type"":""MultiPoint"",""coordinates"":[]}"
9_1922_0,964,399,217,374,198,625,2714,3308,3079,3559,3,floating_plants,VA0043_20230913,18.91575619042699,1,Valsequillo,-98.1794704844615,2023-09-13,"{""type"":""MultiPoint"",""coordinates"":[]}"
9_1923_0,1003,402,183,418,178,649,2860,3735,3925,3715,3,floating_plants,VA0044_20230913,18.915512603744997,1,Valsequillo,-98.18112288496687,2023-09-13,"{""type"":""MultiPoint"",""coordinates"":[]}"
9_1924_0,1308,520,192,434,212,821,3401,4196,4008,4448,3,floating_plants,VA0045_20230913,18.914071375282017,1,Valsequillo,-98.18046836268876,2023-09-13,"{""type"":""MultiPoint"",""coordinates"":[]}"
9_1925_0,1285,457,179,429,177,723,3544,4601,4473,4879,3,floating_plants,VA0046_20230913,18.913381205140464,1,Valsequillo,-98.18140186167552,2023-09-13,"{""type"":""MultiPoint"",""coordinates"":[]}"
9_1926_0,1710,709,308,708,286,1187,4416,5325,5169,5499,3,floating_plants,VA0047_20230913,18.91096558708544,1,Valsequillo,-98.18855819138675,2023-09-13,"{""type"":""MultiPoint"",""coordinates"":[]}"
9_1927_0,1808,766,310,724,307,1076,4208,5499,5768,5648,3,floating_plants,VA0048_20230913,18.915400959733354,1,Valsequillo,-98.19495270942188,2023-09-13,"{""type"":""MultiPoint"",""coordinates"":[]}"
9_1928_0,1679,685,287,658,287,1097,4000,4901,4932,5193,3,floating_plants,VA0049_20230913,18.916375304982648,1,Valsequillo,-98.19271016587895,2023-09-13,"{""type"":""MultiPoint"",""coordinates"":[]}"
9_1929_0,1527,569,219,452,202,869,4103,5151,5172,5477,3,floating_plants,VA0050_20230913,18.915380660813614,1,Valsequillo,-98.1924633787905,2023-09-13,"{""type"":""MultiPoint"",""coordinates"":[]}"
9_1930_0,1456,555,222,505,237,798,3659,4666,4564,4915,3,floating_plants,VA0051_20230913,18.913198512570197,1,Valsequillo,-98.19644416182607,2023-09-13,"{""type"":""MultiPoint"",""coordinates"":[]}"
9_1931_0,1554,621,213,487,270,845,3690,4689,4664,5025,3,floating_plants,VA0052_20230913,18.914304814540973,1,Valsequillo,-98.19398702081489,2023-09-13,"{""type"":""MultiPoint"",""coordinates"":[]}"
9_1932_0,1396,505,205,477,209,798,3803,5006,4849,5335,3,floating_plants,VA0053_20230913,18.91367554275794,1,Valsequillo,-98.19242045929684,2023-09-13,"{""type"":""MultiPoint"",""coordinates"":[]}"
9_1933_0,1378,498,196,452,202,791,3691,4931,4980,5300,3,floating_plants,VA0054_20230913,18.914304814540973,1,Valsequillo,-98.1909397367661,2023-09-13,"{""type"":""MultiPoint"",""coordinates"":[]}"
9_1934_0,1433,547,209,477,226,797,3758,4882,4831,5241,3,floating_plants,VA0055_20230913,18.91283312682519,1,Valsequillo,-98.19056419119671,2023-09-13,"{""type"":""MultiPoint"",""coordinates"":[]}"
9_1935_0,1399,504,216,485,196,805,3969,5394,5216,5640,3,floating_plants,VA0056_20230913,18.914203319252284,1,Valsequillo,-98.18871865296994,2023-09-13,"{""type"":""MultiPoint"",""coordinates"":[]}"
9_1936_0,1044,394,193,448,202,727,3196,3867,4399,4071,3,floating_plants,VA0057_20230913,18.914548402982525,1,Valsequillo,-98.18764566562884,2023-09-13,"{""type"":""MultiPoint"",""coordinates"":[]}"
9_1937_0,1127,424,219,442,189,717,3118,3809,4041,3913,3,floating_plants,VA0058_20230913,18.91386838436246,1,Valsequillo,-98.18661559778135,2023-09-13,"{""type"":""MultiPoint"",""coordinates"":[]}"
9_1938_0,1330,468,214,468,195,788,3725,4731,4552,4952,3,floating_plants,VA0059_20230913,18.91602007560155,1,Valsequillo,-98.18667997702181,2023-09-13,"{""type"":""MultiPoint"",""coordinates"":[]}"
9_1939_0,1548,583,287,594,256,914,4068,4928,5376,5249,3,floating_plants,VA0060_20230913,18.917694722023707,1,Valsequillo,-98.18993112347866,2023-09-13,"{""type"":""MultiPoint"",""coordinates"":[]}"
9_1940_0,1984,864,326,756,324,1211,4301,5178,5356,5479,3,floating_plants,VA0061_20230913,18.91771502066249,1,Valsequillo,-98.19565014600687,2023-09-13,"{""type"":""MultiPoint"",""coordinates"":[]}"
9_1941_0,1449,545,217,468,222,814,3849,5153,5079,5426,3,floating_plants,VA0062_20230913,18.91763382609255,1,Valsequillo,-98.1941372338559,2023-09-13,"{""type"":""MultiPoint"",""coordinates"":[]}"
9_1942_0,1507,566,220,508,214,859,4067,5305,5292,5632,3,floating_plants,VA0063_20230913,18.919003979352347,1,Valsequillo,-98.19051063311657,2023-09-13,"{""type"":""MultiPoint"",""coordinates"":[]}"
9_1943_0,1501,566,231,484,216,824,3926,5212,5177,5530,3,floating_plants,VA0064_20230913,18.918070246616658,1,Valsequillo,-98.19181967767277,2023-09-13,"{""type"":""MultiPoint"",""coordinates"":[]}"
9_1944_0,1341,522,241,492,243,784,3447,4343,4268,4643,3,floating_plants,VA0065_20230913,18.919643380282366,1,Valsequillo,-98.18677663716946,2023-09-13,"{""type"":""MultiPoint"",""coordinates"":[]}"
9_1945_0,1325,475,222,467,200,782,3505,4550,4327,4739,3,floating_plants,VA0066_20230913,18.921510823144864,1,Valsequillo,-98.1847170274118,2023-09-13,"{""type"":""MultiPoint"",""coordinates"":[]}"
9_1946_0,1399,516,218,474,206,780,3864,5013,4844,5297,3,floating_plants,VA0067_20230913,18.92235319535207,1,Valsequillo,-98.18571490563907,2023-09-13,"{""type"":""MultiPoint"",""coordinates"":[]}"
9_1947_0,1402,508,231,494,236,791,3705,4899,4729,5150,3,floating_plants,VA0068_20230913,18.920891727611224,1,Valsequillo,-98.18090792235083,2023-09-13,"{""type"":""MultiPoint"",""coordinates"":[]}"
9_1948_0,2022,816,302,728,287,1303,4849,5490,5392,5809,3,floating_plants,VA0069_20230913,18.922261853992662,1,Valsequillo,-98.1826032423498,2023-09-13,"{""type"":""MultiPoint"",""coordinates"":[]}"
9_1949_0,1319,499,217,448,193,747,3553,4563,4432,4707,3,floating_plants,VA0070_20230913,18.92216036353475,1,Valsequillo,-98.17949157906055,2023-09-13,"{""type"":""MultiPoint"",""coordinates"":[]}"
9_1950_0,1377,546,215,474,223,777,3672,4740,4656,4950,3,floating_plants,VA0071_20230913,18.9208308328447,1,Valsequillo,-98.17948084918713,2023-09-13,"{""type"":""MultiPoint"",""coordinates"":[]}"
9_1951_0,1390,504,185,452,184,774,3902,5083,5047,5354,3,floating_plants,VA0072_20230913,18.924697606875192,1,Valsequillo,-98.18161505042016,2023-09-13,"{""type"":""MultiPoint"",""coordinates"":[]}"
9_1952_0,1342,521,206,457,199,760,3619,4595,4548,4866,3,floating_plants,VA0073_20230913,18.925103562173785,1,Valsequillo,-98.17843900789042,2023-09-13,"{""type"":""MultiPoint"",""coordinates"":[]}"
9_1953_0,1381,543,223,493,249,815,3547,4405,4232,4719,3,floating_plants,VA0074_20230913,18.92416986351271,1,Valsequillo,-98.17586383827172,2023-09-13,"{""type"":""MultiPoint"",""coordinates"":[]}"
9_1954_0,1437,520,200,457,196,821,3985,5098,4937,5374,3,floating_plants,VA0075_20230913,18.918567562003478,1,Valsequillo,-98.1817438089011,2023-09-13,"{""type"":""MultiPoint"",""coordinates"":[]}"
9_1955_0,1390,508,259,612,239,861,3736,4471,4893,4808,3,floating_plants,VA0076_20230913,18.91791800765242,1,Valsequillo,-98.18560656332917,2023-09-13,"{""type"":""MultiPoint"",""coordinates"":[]}"
9_1956_0,1288,458,228,419,208,794,3623,4533,4152,4890,3,floating_plants,VA0077_20230913,18.912092203166896,1,Valsequillo,-98.18758175527131,2023-09-13,"{""type"":""MultiPoint"",""coordinates"":[]}"
9_1957_0,836,334,207,419,204,544,2223,2347,3176,2502,3,floating_plants,VA0078_20230913,18.913228961232832,1,Valsequillo,-98.18716329020829,2023-09-13,"{""type"":""MultiPoint"",""coordinates"":[]}"
9_1958_0,938,374,208,432,205,700,2930,3585,3400,3851,3,floating_plants,VA0079_20230913,18.921794997687666,1,Valsequillo,-98.18989856871063,2023-09-13,"{""type"":""MultiPoint"",""coordinates"":[]}"
9_1959_0,642,282,231,345,198,504,1651,1831,2157,1849,3,floating_plants,VA0080_20230913,18.922505431151794,1,Valsequillo,-98.1904136026344,2023-09-13,"{""type"":""MultiPoint"",""coordinates"":[]}"
9_1960_0,1883,904,338,596,406,1025,3142,3933,3724,4237,1,LEV,VA0081_20230913,18.93226851262458,0,Valsequillo,-98.20399529663057,2023-09-13,"{""type"":""MultiPoint"",""coordinates"":[]}"
9_1961_0,1996,1137,362,538,479,1005,2128,2520,2584,2747,1,LEV,VA0082_20230913,18.93202495000906,0,Valsequillo,-98.19837284296307,2023-09-13,"{""type"":""MultiPoint"",""coordinates"":[]}"
9_1962_0,1960,954,381,670,479,1083,3164,3891,3863,4122,1,LEV,VA0083_20230913,18.93624665173649,0,Valsequillo,-98.20287938979577,2023-09-13,"{""type"":""MultiPoint"",""coordinates"":[]}"
9_1963_0,2109,1186,448,698,567,1094,2719,3155,3140,3615,1,LEV,VA0084_20230913,18.935110050230342,0,Valsequillo,-98.21987550927922,2023-09-13,"{""type"":""MultiPoint"",""coordinates"":[]}"
9_1964_0,2218,1186,426,650,541,1146,2976,3485,3076,3719,1,LEV,VA0085_20230913,18.92764076220526,0,Valsequillo,-98.19824408448211,2023-09-13,"{""type"":""MultiPoint"",""coordinates"":[]}"
9_1965_0,2400,1400,428,686,579,1185,2560,3155,3301,3419,1,LEV,VA0086_20230913,18.923134671527922,0,Valsequillo,-98.19360877916846,2023-09-13,"{""type"":""MultiPoint"",""coordinates"":[]}"
9_1966_0,1899,834,334,654,346,1047,3597,4260,4408,4564,1,LEV,VA0087_20230913,18.9198463649832,0,Valsequillo,-98.18944609866192,2023-09-13,"{""type"":""MultiPoint"",""coordinates"":[]}"
9_1967_0,2193,1211,358,630,564,1126,2759,3269,3214,3642,1,LEV,VA0088_20230913,18.920333525363386,0,Valsequillo,-98.1947681158739,2023-09-13,"{""type"":""MultiPoint"",""coordinates"":[]}"
9_1968_0,2032,1425,1008,1218,1374,1666,2269,2371,2455,2480,1,LEV,VA0089_20230913,18.912092204478316,0,Valsequillo,-98.19322301410268,2023-09-13,"{""type"":""MultiPoint"",""coordinates"":[]}"
9_1969_0,1997,1089,304,514,349,1161,3029,3578,3264,3913,1,LEV,VA0090_20230913,18.919278009411887,0,Valsequillo,-98.18043300499646,2023-09-13,"{""type"":""MultiPoint"",""coordinates"":[]}"
9_1970_0,2102,1275,884,1262,1138,1486,2691,2961,2836,3221,1,LEV,VA0091_20230913,18.923215861893446,0,Valsequillo,-98.17824411082057,2023-09-13,"{""type"":""MultiPoint"",""coordinates"":[]}"
9_1971_0,2593,1688,570,882,850,1338,2620,3198,3044,3531,1,LEV,VA0092_20230913,18.905312093149064,0,Valsequillo,-98.17798670589266,2023-09-13,"{""type"":""MultiPoint"",""coordinates"":[]}"
9_1972_0,2299,1301,490,855,644,1537,3067,3506,3728,3828,1,LEV,VA0093_20230913,18.90084600207627,0,Valsequillo,-98.18146318487793,2023-09-13,"{""type"":""MultiPoint"",""coordinates"":[]}"
9_1973_0,2236,1218,540,886,672,1329,3059,3438,3356,3710,1,LEV,VA0094_20230913,18.899059532270357,0,Valsequillo,-98.18579805373608,2023-09-13,"{""type"":""MultiPoint"",""coordinates"":[]}"
9_1974_0,1992,1179,419,700,600,1269,2399,2612,2580,2836,1,LEV,VA0095_20230913,18.90198283656842,0,Valsequillo,-98.17056163349208,2023-09-13,"{""type"":""MultiPoint"",""coordinates"":[]}"
9_1975_0,2210,1374,389,694,499,1266,2651,2948,3628,3345,1,LEV,VA0096_20230913,18.911970407544647,0,Valsequillo,-98.17708539652614,2023-09-13,"{""type"":""MultiPoint"",""coordinates"":[]}"
9_1976_0,2574,1590,531,848,722,1679,2898,3180,3228,3453,1,LEV,VA0097_20230913,18.915218269596682,0,Valsequillo,-98.1760982481723,2023-09-13,"{""type"":""MultiPoint"",""coordinates"":[]}"
9_1977_0,2288,1454,832,1172,1150,1631,2643,2947,3028,3226,1,LEV,VA0098_20230913,18.905190292246573,0,Valsequillo,-98.1903046005688,2023-09-13,"{""type"":""MultiPoint"",""coordinates"":[]}"
9_1978_0,2380,1496,646,1010,908,1628,2722,3015,3012,3259,1,LEV,VA0099_20230913,18.902348246014917,0,Valsequillo,-98.19760091448845,2023-09-13,"{""type"":""MultiPoint"",""coordinates"":[]}"
9_1979_0,2317,1454,650,898,917,1459,2492,2715,2661,2993,1,LEV,VA0100_20230913,18.897313645625978,0,Valsequillo,-98.1968712830965,2023-09-13,"{""type"":""MultiPoint"",""coordinates"":[]}"
9_1980_0,2105,1307,485,748,782,1236,1883,2111,2252,2374,1,LEV,VA0101_20230913,18.89568954867634,0,Valsequillo,-98.1921930582892,2023-09-13,"{""type"":""MultiPoint"",""coordinates"":[]}"
9_1981_0,1796,956,400,686,592,1250,2641,2945,2970,3259,1,LEV,VA0102_20230913,18.89670461111659,0,Valsequillo,-98.18047603652408,2023-09-13,"{""type"":""MultiPoint"",""coordinates"":[]}"
9_1982_0,1789,874,348,566,398,933,2877,3933,3919,4140,1,LEV,VA0103_20230913,18.89544593277474,0,Valsequillo,-98.17232133273153,2023-09-13,"{""type"":""MultiPoint"",""coordinates"":[]}"
9_1983_0,1739,1418,658,903,974,1664,2012,2193,2112,2277,1,LEV,VA0104_20230913,18.908113489430537,0,Valsequillo,-98.16742851045599,2023-09-13,"{""type"":""MultiPoint"",""coordinates"":[]}"
9_1984_0,2862,1982,796,1034,1074,1603,2473,2906,2766,3142,1,LEV,VA0105_20230913,18.914284515717856,0,Valsequillo,-98.16382327298982,2023-09-13,"{""type"":""MultiPoint"",""coordinates"":[]}"
9_1985_0,2038,1223,439,722,646,1352,2617,2987,2799,3202,1,LEV,VA0106_20230913,18.90693609670855,0,Valsequillo,-98.15489601831166,2023-09-13,"{""type"":""MultiPoint"",""coordinates"":[]}"
9_1986_0,1472,835,284,452,340,752,1696,1998,1890,2136,1,LEV,VA0107_20230913,18.913025969630905,0,Valsequillo,-98.15107618337724,2023-09-13,"{""type"":""MultiPoint"",""coordinates"":[]}"
9_1987_0,2818,1690,745,1116,1116,1792,2943,3403,3184,3533,1,LEV,VA0108_20230913,18.917166957495613,0,Valsequillo,-98.16764252700729,2023-09-13,"{""type"":""MultiPoint"",""coordinates"":[]}"
9_1988_0,2286,1264,446,800,632,1308,3076,3706,3560,3941,1,LEV,VA0109_20230913,18.918831442945446,0,Valsequillo,-98.17236367130823,2023-09-13,"{""type"":""MultiPoint"",""coordinates"":[]}"
9_1989_0,2641,1736,529,809,742,1243,2379,2753,3001,3054,1,LEV,VA0110_20230913,18.926504101510034,0,Valsequillo,-98.18334967992892,2023-09-13,"{""type"":""MultiPoint"",""coordinates"":[]}"
9_1990_0,2075,1074,392,704,478,1107,2889,3430,3444,3695,1,LEV,VA0111_20230913,18.932187324492773,0,Valsequillo,-98.17871437461525,2023-09-13,"{""type"":""MultiPoint"",""coordinates"":[]}"
9_1991_0,1929,971,376,672,440,1183,2923,3351,3543,3661,1,LEV,VA0112_20230913,18.93109128939359,0,Valsequillo,-98.18240545106872,2023-09-13,"{""type"":""MultiPoint"",""coordinates"":[]}"
9_1992_0,1803,808,326,608,353,1150,3643,4430,4300,4699,1,LEV,VA0113_20230913,18.93129425939895,0,Valsequillo,-98.19292072701177,2023-09-13,"{""type"":""MultiPoint"",""coordinates"":[]}"
9_1993_0,1888,1099,397,618,473,1151,2699,3213,3340,3324,1,LEV,VA0114_20230913,18.933486319742244,0,Valsequillo,-98.19575341359234,2023-09-13,"{""type"":""MultiPoint"",""coordinates"":[]}"
9_1994_0,1829,906,360,638,418,1007,2836,3375,3284,3742,1,LEV,VA0115_20230913,18.93027940690601,0,Valsequillo,-98.213565003455,2023-09-13,"{""type"":""MultiPoint"",""coordinates"":[]}"
9_1995_0,2075,1190,515,797,672,1264,2701,3017,2922,3298,1,LEV,VA0116_20230913,18.93673376366698,0,Valsequillo,-98.21420879585968,2023-09-13,"{""type"":""MultiPoint"",""coordinates"":[]}"
9_1996_0,1894,1016,350,644,453,1076,2687,3061,3116,3302,1,LEV,VA0117_20230913,18.926544696645433,0,Valsequillo,-98.22107591484288,2023-09-13,"{""type"":""MultiPoint"",""coordinates"":[]}"
9_1997_0,1519,768,292,528,331,785,2242,2636,2522,2832,1,LEV,VA0118_20230913,18.924596119022883,0,Valsequillo,-98.21807155028776,2023-09-13,"{""type"":""MultiPoint"",""coordinates"":[]}"
9_1998_0,1454,661,241,438,269,705,2226,2707,2810,2914,1,LEV,VA0119_20230913,18.922566326505173,0,Valsequillo,-98.2145950713025,2023-09-13,"{""type"":""MultiPoint"",""coordinates"":[]}"
9_1999_0,1677,832,248,520,327,932,2632,3072,3189,3300,1,LEV,VA0120_20230913,18.917329347968234,0,Valsequillo,-98.21601141459278,2023-09-13,"{""type"":""MultiPoint"",""coordinates"":[]}"
9_2000_0,75,61,214,220,170,188,139,145,125,118,2,open_water,VA0121_20230913,18.89666400829874,0,Valsequillo,-98.18219418557413,2023-09-13,"{""type"":""MultiPoint"",""coordinates"":[]}"
9_2001_0,95,64,222,215,168,200,161,158,136,135,2,open_water,VA0122_20230913,18.89719183846295,0,Valsequillo,-98.18592818152125,2023-09-13,"{""type"":""MultiPoint"",""coordinates"":[]}"
9_2002_0,80,60,209,208,149,184,142,168,138,132,2,open_water,VA0123_20230913,18.902267043546225,0,Valsequillo,-98.18189374911861,2023-09-13,"{""type"":""MultiPoint"",""coordinates"":[]}"
9_2003_0,102,76,270,257,203,213,164,184,149,139,2,open_water,VA0124_20230913,18.90340386838378,0,Valsequillo,-98.17682924886849,2023-09-13,"{""type"":""MultiPoint"",""coordinates"":[]}"
9_2004_0,57,53,245,343,240,399,215,211,160,122,2,open_water,VA0125_20230913,18.895770753459637,0,Valsequillo,-98.17751596076681,2023-09-13,"{""type"":""MultiPoint"",""coordinates"":[]}"
9_2005_0,77,44,221,325,216,452,258,253,203,161,2,open_water,VA0126_20230913,18.89950615107127,0,Valsequillo,-98.16970461292343,2023-09-13,"{""type"":""MultiPoint"",""coordinates"":[]}"
9_2006_0,47,36,225,324,225,404,198,200,154,116,2,open_water,VA0127_20230913,18.899181337197206,0,Valsequillo,-98.17459743519896,2023-09-13,"{""type"":""MultiPoint"",""coordinates"":[]}"
9_2007_0,76,55,245,319,235,338,193,230,168,128,2,open_water,VA0128_20230913,18.891141992949684,0,Valsequillo,-98.17640005393204,2023-09-13,"{""type"":""MultiPoint"",""coordinates"":[]}"
9_2008_0,111,108,214,328,228,418,230,230,190,152,2,open_water,VA0129_20230913,18.90177983053713,0,Valsequillo,-98.15824510812018,2023-09-13,"{""type"":""MultiPoint"",""coordinates"":[]}"
9_2009_0,75,64,191,317,205,430,226,232,173,139,2,open_water,VA0130_20230913,18.90039938597426,0,Valsequillo,-98.16322376938302,2023-09-13,"{""type"":""MultiPoint"",""coordinates"":[]}"
9_2010_0,84,82,258,370,235,514,294,309,226,187,2,open_water,VA0131_20230913,18.90717969544427,0,Valsequillo,-98.16927541798695,2023-09-13,"{""type"":""MultiPoint"",""coordinates"":[]}"
9_2011_0,53,40,263,347,239,411,211,217,162,136,2,open_water,VA0132_20230913,18.913269559496968,0,Valsequillo,-98.15983312938508,2023-09-13,"{""type"":""MultiPoint"",""coordinates"":[]}"
9_2012_0,62,49,370,446,324,484,268,254,194,150,2,open_water,VA0133_20230913,18.90945327062927,0,Valsequillo,-98.15614205293159,2023-09-13,"{""type"":""MultiPoint"",""coordinates"":[]}"
9_2013_0,72,77,234,348,216,443,235,240,180,137,2,open_water,VA0134_20230913,18.909656266910822,0,Valsequillo,-98.1499616458467,2023-09-13,"{""type"":""MultiPoint"",""coordinates"":[]}"
9_2014_0,100,78,194,312,186,426,249,246,187,144,2,open_water,VA0135_20230913,18.91257938604606,0,Valsequillo,-98.1427082514207,2023-09-13,"{""type"":""MultiPoint"",""coordinates"":[]}"
9_2015_0,85,76,219,312,199,389,206,210,161,102,2,open_water,VA0136_20230913,18.912213998948275,0,Valsequillo,-98.12528293700079,2023-09-13,"{""type"":""MultiPoint"",""coordinates"":[]}"
9_2016_0,60,47,311,418,285,479,232,238,175,128,2,open_water,VA0137_20230913,18.90989986212347,0,Valsequillo,-98.11914544940957,2023-09-13,"{""type"":""MultiPoint"",""coordinates"":[]}"
9_2017_0,68,55,212,326,197,437,225,228,170,127,2,open_water,VA0138_20230913,18.917532333057235,0,Valsequillo,-98.13116267526337,2023-09-13,"{""type"":""MultiPoint"",""coordinates"":[]}"
9_2018_0,119,102,226,320,193,421,256,238,202,156,2,open_water,VA0139_20230913,18.921104858996394,0,Valsequillo,-98.13901694260045,2023-09-13,"{""type"":""MultiPoint"",""coordinates"":[]}"
9_2019_0,87,68,210,357,202,451,232,244,180,131,2,open_water,VA0140_20230913,18.915624248153854,0,Valsequillo,-98.135926739058,2023-09-13,"{""type"":""MultiPoint"",""coordinates"":[]}"
9_2020_0,95,74,231,338,212,419,232,232,179,146,2,open_water,VA0141_20230913,18.916355006647255,0,Valsequillo,-98.12472475121665,2023-09-13,"{""type"":""MultiPoint"",""coordinates"":[]}"
9_2021_0,95,67,258,355,240,411,238,241,177,146,2,open_water,VA0142_20230913,18.91420331971831,0,Valsequillo,-98.12103367476315,2023-09-13,"{""type"":""MultiPoint"",""coordinates"":[]}"
9_2022_0,118,97,394,542,378,590,305,315,253,182,2,open_water,VA0143_20230913,18.912011006503146,0,Valsequillo,-98.1095329143784,2023-09-13,"{""type"":""MultiPoint"",""coordinates"":[]}"
9_2023_0,125,91,275,433,258,542,293,313,230,183,2,open_water,VA0144_20230913,18.92244453774703,0,Valsequillo,-98.17206400249299,2023-09-13,"{""type"":""MultiPoint"",""coordinates"":[]}"
9_2024_0,114,67,252,394,238,519,278,270,224,178,2,open_water,VA0145_20230913,18.919278009888398,0,Valsequillo,-98.16957467186155,2023-09-13,"{""type"":""MultiPoint"",""coordinates"":[]}"
9_2025_0,89,63,259,399,244,534,278,286,230,173,2,open_water,VA0146_20230913,18.915258868917917,0,Valsequillo,-98.16755745566023,2023-09-13,"{""type"":""MultiPoint"",""coordinates"":[]}"
9_2026_0,97,80,261,384,247,539,310,285,242,186,2,open_water,VA0147_20230913,18.912173402215807,0,Valsequillo,-98.16927423540604,2023-09-13,"{""type"":""MultiPoint"",""coordinates"":[]}"
9_2027_0,108,78,246,400,235,520,282,319,236,194,2,open_water,VA0148_20230913,18.918587861239622,0,Valsequillo,-98.15850144250115,2023-09-13,"{""type"":""MultiPoint"",""coordinates"":[]}"
9_2028_0,1003,895,1368,1426,1398,1596,1300,1309,1348,1209,2,open_water,VA0149_20230913,18.919156219157422,0,Valsequillo,-98.161419968069,2023-09-13,"{""type"":""MultiPoint"",""coordinates"":[]}"
9_2029_0,772,603,1142,1094,1028,1228,1023,924,1010,834,2,open_water,VA0150_20230913,18.913472553029525,0,Valsequillo,-98.15472452706038,2023-09-13,"{""type"":""MultiPoint"",""coordinates"":[]}"
9_2030_0,1000,851,1180,1278,1126,1277,1078,1047,1153,1031,2,open_water,VA0151_20230913,18.924149566361105,0,Valsequillo,-98.14244955187787,2023-09-13,"{""type"":""MultiPoint"",""coordinates"":[]}"
9_2031_0,306,266,368,489,358,545,404,424,410,351,2,open_water,VA0152_20230913,18.928209088280912,0,Valsequillo,-98.1311188055556,2023-09-13,"{""type"":""MultiPoint"",""coordinates"":[]}"
9_2032_0,116,80,358,592,337,663,348,384,274,209,2,open_water,VA0153_20230913,18.929426925624437,0,Valsequillo,-98.21167869512735,2023-09-13,"{""type"":""MultiPoint"",""coordinates"":[]}"
9_2033_0,496,302,271,323,290,471,647,769,486,771,2,open_water,VA0154_20230913,18.934257594089313,0,Valsequillo,-98.19781376090704,2023-09-13,"{""type"":""MultiPoint"",""coordinates"":[]}"
9_2034_0,2184,2081,1552,1714,1898,2125,2277,2160,1991,2205,2,open_water,VA0155_20230913,18.93596250214996,0,Valsequillo,-98.18043136598078,2023-09-13,"{""type"":""MultiPoint"",""coordinates"":[]}"
9_2035_0,196,104,262,257,207,252,339,333,325,342,2,open_water,VA0156_20230913,18.92382480146786,0,Valsequillo,-98.19708412951508,2023-09-13,"{""type"":""MultiPoint"",""coordinates"":[]}"
9_2036_0,1120,741,906,972,928,1040,1371,1539,1213,1503,2,open_water,VA0157_20230913,18.93588131644648,0,Valsequillo,-98.2215911603864,2023-09-13,"{""type"":""MultiPoint"",""coordinates"":[]}"
9_2037_0,1431,903,602,773,713,1066,1728,2116,1224,2193,2,open_water,VA0158_20230913,18.9410365302946,0,Valsequillo,-98.17905794218414,2023-09-13,"{""type"":""MultiPoint"",""coordinates"":[]}"
9_2038_0,213,136,767,1112,976,1604,1167,1122,887,761,2,open_water,VA0159_20230913,18.93726146836192,0,Valsequillo,-98.23249096902137,2023-09-13,"{""type"":""MultiPoint"",""coordinates"":[]}"
9_2039_0,170,133,250,362,250,431,369,373,275,293,2,open_water,VA0160_20230913,18.938682200732575,0,Valsequillo,-98.23480862167823,2023-09-13,"{""type"":""MultiPoint"",""coordinates"":[]}"
