system:index,B11,B12,B2,B3,B4,B5,B6,B7,B8,B8A,class_int,class_label,label_id,latitude,lc,location,longitude,obs_date,.geo
0_0_0,279,159,258,386,242,417,1027,1040,1344,922,3,floating_plants,RO0001_20241024,29.51178753267463,1,Rodman,-81.87840070750676,2024-10-24,"{""type"":""MultiPoint"",""coordinates"":[]}"
0_1_0,179,99,223,339,226,275,614,551,1282,696,3,floating_plants,RO0002_20241024,29.51151676466019,1,Rodman,-81.8799774662581,2024-10-24,"{""type"":""MultiPoint"",""coordinates"":[]}"
0_2_0,214,79,249,445,245,261,563,739,1622,661,3,floating_plants,RO0003_20241024,29.51327207546765,1,Rodman,-81.87443199500339,2024-10-24,"{""type"":""MultiPoint"",""coordinates"":[]}"
0_3_0,423,212,359,704,403,591,1292,1548,2398,1353,3,floating_plants,RO0004_20241024,29.513393452217425,1,Rodman,-81.8737455150028,2024-10-24,"{""type"":""MultiPoint"",""coordinates"":[]}"
0_4_0,461,185,381,678,404,570,1179,1497,2602,1335,3,floating_plants,RO0005_20241024,29.513533502132407,1,Rodman,-81.87284451000205,2024-10-24,"{""type"":""MultiPoint"",""coordinates"":[]}"
0_5_0,609,313,470,913,533,1060,2054,2334,3040,2222,3,floating_plants,RO0006_20241024,29.513692225135145,1,Rodman,-81.87213657750145,2024-10-24,"{""type"":""MultiPoint"",""coordinates"":[]}"
0_6_0,395,185,300,623,348,495,1103,1014,2334,1089,3,floating_plants,RO0007_20241024,29.51426175856654,1,Rodman,-81.87201858875133,2024-10-24,"{""type"":""MultiPoint"",""coordinates"":[]}"
0_7_0,738,338,425,782,474,1146,1984,2226,2834,2592,3,floating_plants,RO0008_20241024,29.51403768022185,1,Rodman,-81.87136428750078,2024-10-24,"{""type"":""MultiPoint"",""coordinates"":[]}"
0_8_0,471,229,368,665,375,695,1437,1984,2622,1756,3,floating_plants,RO0009_20241024,29.513748244959025,1,Rodman,-81.87086015375034,2024-10-24,"{""type"":""MultiPoint"",""coordinates"":[]}"
0_9_0,1173,556,453,957,545,1710,3356,3775,3892,4045,3,floating_plants,RO0010_20241024,29.513430798880346,1,Rodman,-81.86996987499958,2024-10-24,"{""type"":""MultiPoint"",""coordinates"":[]}"
0_10_0,1398,632,526,1122,650,1877,3960,4568,4596,4717,3,floating_plants,RO0011_20241024,29.512786567013126,1,Rodman,-81.86859691499845,2024-10-24,"{""type"":""MultiPoint"",""coordinates"":[]}"
0_11_0,1134,568,492,1011,616,1674,3204,3541,3824,3818,3,floating_plants,RO0012_20241024,29.51421507561898,1,Rodman,-81.86949791999922,2024-10-24,"{""type"":""MultiPoint"",""coordinates"":[]}"
0_12_0,1201,597,504,984,600,1652,3607,3889,3980,3890,3,floating_plants,RO0013_20241024,29.514756596486947,1,Rodman,-81.86857546249843,2024-10-24,"{""type"":""MultiPoint"",""coordinates"":[]}"
0_13_0,742,343,371,790,458,844,1899,2364,3328,2196,3,floating_plants,RO0014_20241024,29.51471925031322,1,Rodman,-81.86932629999906,2024-10-24,"{""type"":""MultiPoint"",""coordinates"":[]}"
0_14_0,1346,653,452,976,569,1819,3788,4268,4340,4604,3,floating_plants,RO0015_20241024,29.51481261572174,1,Rodman,-81.86748138499749,2024-10-24,"{""type"":""MultiPoint"",""coordinates"":[]}"
0_15_0,1300,609,476,986,598,1701,3685,4231,4236,4524,3,floating_plants,RO0016_20241024,29.51385094788896,1,Rodman,-81.86874708249856,2024-10-24,"{""type"":""MultiPoint"",""coordinates"":[]}"
0_16_0,1393,663,491,1002,588,1723,3845,4466,4436,4722,3,floating_plants,RO0017_20241024,29.514047016829455,1,Rodman,-81.86769590999768,2024-10-24,"{""type"":""MultiPoint"",""coordinates"":[]}"
0_17_0,1220,590,474,978,561,1674,3572,3989,3952,4130,3,floating_plants,RO0018_20241024,29.514747259944812,1,Rodman,-81.86596898374621,2024-10-24,"{""type"":""MultiPoint"",""coordinates"":[]}"
0_18_0,1352,637,510,1064,624,1787,3771,4276,4196,4469,3,floating_plants,RO0019_20241024,29.51447649984802,1,Rodman,-81.86482127499525,2024-10-24,"{""type"":""MultiPoint"",""coordinates"":[]}"
0_19_0,1193,576,511,997,584,1657,3614,3998,4072,4039,3,floating_plants,RO0020_20241024,29.515764938233495,1,Rodman,-81.8643154292794,2024-10-24,"{""type"":""MultiPoint"",""coordinates"":[]}"
0_20_0,1269,588,480,1034,588,1689,3603,4028,4256,4259,3,floating_plants,RO0021_20241024,29.516007685608365,1,Rodman,-81.86263140802795,2024-10-24,"{""type"":""MultiPoint"",""coordinates"":[]}"
0_21_0,1434,674,555,1192,687,2005,4317,4868,4820,4994,3,floating_plants,RO0022_20241024,29.51480327944952,1,Rodman,-81.86211654802752,2024-10-24,"{""type"":""MultiPoint"",""coordinates"":[]}"
0_22_0,1339,613,538,1086,648,1866,3826,4393,4484,4614,3,floating_plants,RO0023_20241024,29.516138395492096,1,Rodman,-81.86107610177666,2024-10-24,"{""type"":""MultiPoint"",""coordinates"":[]}"
0_23_0,1194,577,463,978,540,1694,3575,4029,4060,4157,3,floating_plants,RO0024_20241024,29.51659587875575,1,Rodman,-81.85948861677531,2024-10-24,"{""type"":""MultiPoint"",""coordinates"":[]}"
0_24_0,1355,671,480,1038,600,1715,3852,4329,4504,4653,3,floating_plants,RO0025_20241024,29.516297114409703,1,Rodman,-81.85837308677436,2024-10-24,"{""type"":""MultiPoint"",""coordinates"":[]}"
0_25_0,1263,600,471,922,537,1723,3731,4419,4216,4568,3,floating_plants,RO0026_20241024,29.516791942378536,1,Rodman,-81.85772951177381,2024-10-24,"{""type"":""MultiPoint"",""coordinates"":[]}"
0_26_0,716,382,437,866,518,1183,2418,2837,4052,2837,3,floating_plants,RO0027_20241024,29.516409151142827,1,Rodman,-81.85681778052304,2024-10-24,"{""type"":""MultiPoint"",""coordinates"":[]}"
0_27_0,1239,593,577,1172,692,1643,3641,4332,4672,4126,3,floating_plants,RO0028_20241024,29.514373797817623,1,Rodman,-81.85603476427238,2024-10-24,"{""type"":""MultiPoint"",""coordinates"":[]}"
0_28_0,1475,699,531,1144,678,1954,4260,4812,5000,5115,3,floating_plants,RO0029_20241024,29.514420480691978,1,Rodman,-81.85687141177307,2024-10-24,"{""type"":""MultiPoint"",""coordinates"":[]}"
0_29_0,1297,605,547,1104,648,1836,3860,4258,4424,4563,3,floating_plants,RO0030_20241024,29.515148730743984,1,Rodman,-81.85753643927364,2024-10-24,"{""type"":""MultiPoint"",""coordinates"":[]}"
0_30_0,1406,664,528,1136,672,1891,4027,4600,4752,4847,3,floating_plants,RO0031_20241024,29.51480327944952,1,Rodman,-81.8582014667742,2024-10-24,"{""type"":""MultiPoint"",""coordinates"":[]}"
0_31_0,1355,628,536,1132,660,1906,3871,4381,4484,4558,3,floating_plants,RO0032_20241024,29.515624891406244,1,Rodman,-81.85892012552482,2024-10-24,"{""type"":""MultiPoint"",""coordinates"":[]}"
0_32_0,1392,655,548,1172,682,1910,4004,4539,4652,4735,3,floating_plants,RO0033_20241024,29.515503517332537,1,Rodman,-81.8598533092756,2024-10-24,"{""type"":""MultiPoint"",""coordinates"":[]}"
0_33_0,1460,677,564,1166,658,1865,4057,4698,4840,4919,3,floating_plants,RO0034_20241024,29.515307451213655,1,Rodman,-81.86081867177643,2024-10-24,"{""type"":""MultiPoint"",""coordinates"":[]}"
0_34_0,418,181,333,730,349,678,1155,1608,3632,1823,3,floating_plants,RO0035_20241024,29.516857296835045,1,Rodman,-81.86047543177614,2024-10-24,"{""type"":""MultiPoint"",""coordinates"":[]}"
0_35_0,236,129,259,487,244,426,749,860,1380,806,3,floating_plants,RO0036_20241024,29.516754596955877,1,Rodman,-81.86387565302903,2024-10-24,"{""type"":""MultiPoint"",""coordinates"":[]}"
0_36_0,448,190,366,683,363,623,1274,1655,3144,1754,3,floating_plants,RO0037_20241024,29.515447498480174,1,Rodman,-81.86668593053142,2024-10-24,"{""type"":""MultiPoint"",""coordinates"":[]}"
0_37_0,462,221,356,650,398,735,1453,1783,2272,1645,3,floating_plants,RO0038_20241024,29.515512853804903,1,Rodman,-81.86755475678214,2024-10-24,"{""type"":""MultiPoint"",""coordinates"":[]}"
0_38_0,375,211,268,472,275,834,1121,1349,1630,1644,3,floating_plants,RO0039_20241024,29.515326124193727,1,Rodman,-81.86911006303347,2024-10-24,"{""type"":""MultiPoint"",""coordinates"":[]}"
0_39_0,483,221,380,761,421,795,1618,1730,2744,1830,3,floating_plants,RO0040_20241024,29.51513939423801,1,Rodman,-81.87004324678426,2024-10-24,"{""type"":""MultiPoint"",""coordinates"":[]}"
0_40_0,508,242,331,686,357,593,1792,1909,3204,2017,3,floating_plants,RO0041_20241024,29.51672658796398,1,Rodman,-81.85356649063816,2024-10-24,"{""type"":""MultiPoint"",""coordinates"":[]}"
0_41_0,203,84,254,434,244,275,497,982,1832,623,3,floating_plants,RO0042_20241024,29.516474505930702,1,Rodman,-81.85546503688977,2024-10-24,"{""type"":""MultiPoint"",""coordinates"":[]}"
0_42_0,80,35,179,219,145,158,269,243,478,370,3,floating_plants,RO0043_20241024,29.51810835995762,1,Rodman,-81.85005700011001,2024-10-24,"{""type"":""MultiPoint"",""coordinates"":[]}"
0_43_0,223,96,284,450,236,345,757,826,2046,779,3,floating_plants,RO0044_20241024,29.520638447541753,1,Rodman,-81.83993983442231,2024-10-24,"{""type"":""MultiPoint"",""coordinates"":[]}"
0_44_0,111,82,218,342,170,173,522,674,1338,569,3,floating_plants,RO0045_20241024,29.519826212363416,1,Rodman,-81.84211726317416,2024-10-24,"{""type"":""MultiPoint"",""coordinates"":[]}"
0_45_0,122,63,230,299,189,291,395,564,780,509,3,floating_plants,RO0046_20241024,29.521067902587237,1,Rodman,-81.83913536567162,2024-10-24,"{""type"":""MultiPoint"",""coordinates"":[]}"
0_46_0,178,97,199,280,181,381,538,701,781,710,3,floating_plants,RO0047_20241024,29.52110524641812,1,Rodman,-81.83820218192085,2024-10-24,"{""type"":""MultiPoint"",""coordinates"":[]}"
0_47_0,136,61,200,252,135,236,479,617,674,574,3,floating_plants,RO0048_20241024,29.520750479468475,1,Rodman,-81.83407257566732,2024-10-24,"{""type"":""MultiPoint"",""coordinates"":[]}"
0_48_0,128,67,206,262,162,285,463,507,690,459,3,floating_plants,RO0049_20241024,29.520208990673552,1,Rodman,-81.8343729106676,2024-10-24,"{""type"":""MultiPoint"",""coordinates"":[]}"
0_49_0,81,42,166,173,118,177,281,322,465,301,3,floating_plants,RO0050_20241024,29.521282629426455,1,Rodman,-81.83623927816917,2024-10-24,"{""type"":""MultiPoint"",""coordinates"":[]}"
0_50_0,523,250,396,717,450,1018,1726,1762,2486,1839,3,floating_plants,RO0051_20241024,29.519910236994576,1,Rodman,-81.83293559316635,2024-10-24,"{""type"":""MultiPoint"",""coordinates"":[]}"
0_51_0,631,322,423,850,460,1111,2034,2280,2984,2314,3,floating_plants,RO0052_20241024,29.519956917327313,1,Rodman,-81.83175368595995,2024-10-24,"{""type"":""MultiPoint"",""coordinates"":[]}"
0_52_0,531,262,381,742,454,910,1712,1853,2364,1800,3,floating_plants,RO0053_20241024,29.519340735362924,1,Rodman,-81.83193603221011,2024-10-24,"{""type"":""MultiPoint"",""coordinates"":[]}"
0_53_0,457,220,311,536,320,777,1256,1699,1676,1637,3,floating_plants,RO0054_20241024,29.518873928346427,1,Rodman,-81.83161424470983,2024-10-24,"{""type"":""MultiPoint"",""coordinates"":[]}"
0_54_0,261,133,221,304,204,505,922,925,880,984,3,floating_plants,RO0055_20241024,29.51826707600563,1,Rodman,-81.83135681470961,2024-10-24,"{""type"":""MultiPoint"",""coordinates"":[]}"
0_55_0,445,211,343,602,369,865,1602,1382,2004,1487,3,floating_plants,RO0056_20241024,29.51979820414979,1,Rodman,-81.82999458095846,2024-10-24,"{""type"":""MultiPoint"",""coordinates"":[]}"
0_56_0,236,122,212,302,175,443,707,862,821,870,3,floating_plants,RO0057_20241024,29.520591767547963,1,Rodman,-81.83090631220922,2024-10-24,"{""type"":""MultiPoint"",""coordinates"":[]}"
0_57_0,147,79,181,243,155,286,431,545,590,477,3,floating_plants,RO0058_20241024,29.52013430234876,1,Rodman,-81.82902921845762,2024-10-24,"{""type"":""MultiPoint"",""coordinates"":[]}"
0_58_0,180,109,266,425,256,368,646,674,1122,716,3,floating_plants,RO0059_20241024,29.51928471863464,1,Rodman,-81.82724866095613,2024-10-24,"{""type"":""MultiPoint"",""coordinates"":[]}"
0_59_0,76,42,178,178,114,142,219,341,413,310,3,floating_plants,RO0060_20241024,29.51820172245957,1,Rodman,-81.83046653595886,2024-10-24,"{""type"":""MultiPoint"",""coordinates"":[]}"
0_60_0,98,48,168,177,114,197,318,404,518,380,3,floating_plants,RO0061_20241024,29.518481808788408,1,Rodman,-81.82764553220646,2024-10-24,"{""type"":""MultiPoint"",""coordinates"":[]}"
0_61_0,113,66,204,261,164,253,396,443,634,419,3,floating_plants,RO0062_20241024,29.518127032640933,1,Rodman,-81.8255539134547,2024-10-24,"{""type"":""MultiPoint"",""coordinates"":[]}"
0_62_0,198,89,193,279,190,372,587,696,680,690,3,floating_plants,RO0063_20241024,29.517501503028424,1,Rodman,-81.82408193976711,2024-10-24,"{""type"":""MultiPoint"",""coordinates"":[]}"
0_63_0,1191,592,504,1006,600,1731,3291,3650,3712,3797,3,floating_plants,RO0064_20241024,29.50690426029702,1,Rodman,-81.80823668503923,2024-10-24,"{""type"":""MultiPoint"",""coordinates"":[]}"
0_64_0,1447,733,566,1114,656,1838,3706,4154,4264,4381,3,floating_plants,RO0065_20241024,29.507688587603067,1,Rodman,-81.8066706525379,2024-10-24,"{""type"":""MultiPoint"",""coordinates"":[]}"
0_65_0,1196,570,499,1040,620,1768,3442,3788,3892,3977,3,floating_plants,RO0066_20241024,29.50873434789223,1,Rodman,-81.80761456253872,2024-10-24,"{""type"":""MultiPoint"",""coordinates"":[]}"
0_66_0,1302,614,505,1042,640,1735,3711,4310,4532,4606,3,floating_plants,RO0067_20241024,29.50916385345289,1,Rodman,-81.80568383753706,2024-10-24,"{""type"":""MultiPoint"",""coordinates"":[]}"
0_67_0,954,459,451,899,540,1393,2683,3061,3256,3155,3,floating_plants,RO0068_20241024,29.5101909245784,1,Rodman,-81.8051475250366,2024-10-24,"{""type"":""MultiPoint"",""coordinates"":[]}"
0_68_0,1136,549,471,943,584,1658,3113,3355,3376,3673,3,floating_plants,RO0069_20241024,29.509985511186954,1,Rodman,-81.8039461850356,2024-10-24,"{""type"":""MultiPoint"",""coordinates"":[]}"
0_69_0,1381,654,511,1064,615,1831,3763,4255,4124,4401,3,floating_plants,RO0070_20241024,29.50316928500552,1,Rodman,-81.81379288254395,2024-10-24,"{""type"":""MultiPoint"",""coordinates"":[]}"
0_70_0,895,452,477,988,586,1457,2739,3304,3552,3068,3,floating_plants,RO0071_20241024,29.5041217167921,1,Rodman,-81.81325657004348,2024-10-24,"{""type"":""MultiPoint"",""coordinates"":[]}"
0_71_0,1401,675,534,1076,629,1796,3926,4464,4568,4734,3,floating_plants,RO0072_20241024,29.504943415448352,1,Rodman,-81.81922036504855,2024-10-24,"{""type"":""MultiPoint"",""coordinates"":[]}"
0_72_0,1155,553,538,1060,646,1651,3117,3544,3964,3658,3,floating_plants,RO0073_20241024,29.503990991391028,1,Rodman,-81.81720383004684,2024-10-24,"{""type"":""MultiPoint"",""coordinates"":[]}"
0_73_0,818,381,445,934,566,1531,2465,2918,3208,2406,3,floating_plants,RO0074_20241024,29.519583474037706,1,Rodman,-81.8065008220847,2024-10-24,"{""type"":""MultiPoint"",""coordinates"":[]}"
0_74_0,1081,536,494,916,653,1660,2746,3158,3348,3228,3,floating_plants,RO0075_20241024,29.51730544087503,1,Rodman,-81.8061790345844,2024-10-24,"{""type"":""MultiPoint"",""coordinates"":[]}"
0_75_0,1256,623,550,1140,662,1737,3671,3988,4364,3991,3,floating_plants,RO0076_20241024,29.508454234360357,1,Rodman,-81.82984404882521,2024-10-24,"{""type"":""MultiPoint"",""coordinates"":[]}"
0_76_0,1011,495,504,1078,656,1230,2161,2788,4036,2766,3,floating_plants,RO0077_20241024,29.510190924350443,1,Rodman,-81.84005543883389,2024-10-24,"{""type"":""MultiPoint"",""coordinates"":[]}"
0_77_0,1201,530,592,1182,724,1857,3644,4195,4596,4387,3,floating_plants,RO0078_20241024,29.508622302444483,1,Rodman,-81.84284708263127,2024-10-24,"{""type"":""MultiPoint"",""coordinates"":[]}"
0_78_0,1363,666,612,1274,727,1866,4018,4742,5412,4791,3,floating_plants,RO0079_20241024,29.508304840290112,1,Rodman,-81.84570026513369,2024-10-24,"{""type"":""MultiPoint"",""coordinates"":[]}"
0_79_0,1507,714,567,1124,654,1921,4212,4893,4892,5030,3,floating_plants,RO0080_20241024,29.508584954007397,1,Rodman,-81.8469016051347,2024-10-24,"{""type"":""MultiPoint"",""coordinates"":[]}"
0_80_0,1126,574,589,1208,686,1812,3550,3908,4508,4119,3,floating_plants,RO0081_20241024,29.50873434767305,1,Rodman,-81.84216060263068,2024-10-24,"{""type"":""MultiPoint"",""coordinates"":[]}"
0_81_0,757,374,412,825,463,1388,2489,2689,2872,2820,3,floating_plants,RO0082_20241024,29.509910815085707,1,Rodman,-81.84351211013181,2024-10-24,"{""type"":""MultiPoint"",""coordinates"":[]}"
0_82_0,1171,535,529,1036,602,1622,3628,4149,4204,3995,3,floating_plants,RO0083_20241024,29.510937879216492,1,Rodman,-81.85409185966036,2024-10-24,"{""type"":""MultiPoint"",""coordinates"":[]}"
0_83_0,538,292,369,714,424,1117,1705,2126,2578,2142,3,floating_plants,RO0084_20241024,29.51198360593923,1,Rodman,-81.8478920871551,2024-10-24,"{""type"":""MultiPoint"",""coordinates"":[]}"
0_84_0,326,172,360,684,379,671,1104,1392,2054,1262,3,floating_plants,RO0085_20241024,29.512898607959418,1,Rodman,-81.84973700215667,2024-10-24,"{""type"":""MultiPoint"",""coordinates"":[]}"
0_85_0,142,64,220,299,216,318,417,394,1134,602,3,floating_plants,RO0086_20241024,29.512805240785287,1,Rodman,-81.84705543965438,2024-10-24,"{""type"":""MultiPoint"",""coordinates"":[]}"
0_86_0,1432,686,619,1302,806,2113,4017,4388,4576,4530,3,floating_plants,RO0087_20241024,29.515830293568044,1,Rodman,-81.88780197117364,2024-10-24,"{""type"":""MultiPoint"",""coordinates"":[]}"
0_87_0,1413,697,632,1326,821,2226,3974,4377,4572,4614,3,floating_plants,RO0088_20241024,29.515643564542547,1,Rodman,-81.8869438711729,2024-10-24,"{""type"":""MultiPoint"",""coordinates"":[]}"
0_88_0,1421,689,610,1296,822,2109,4010,4523,4592,4637,3,floating_plants,RO0089_20241024,29.5157182561941,1,Rodman,-81.88591415117205,2024-10-24,"{""type"":""MultiPoint"",""coordinates"":[]}"
0_89_0,1293,647,524,1092,628,1890,3646,4162,4408,4471,3,floating_plants,RO0090_20241024,29.51256248588204,1,Rodman,-81.8872442061732,2024-10-24,"{""type"":""MultiPoint"",""coordinates"":[]}"
0_90_0,986,508,500,990,556,1505,3079,3196,3772,3533,3,floating_plants,RO0091_20241024,29.511666154478643,1,Rodman,-81.88672934617276,2024-10-24,"{""type"":""MultiPoint"",""coordinates"":[]}"
0_91_0,1307,621,496,1094,584,1784,3903,4279,4396,4360,3,floating_plants,RO0092_20241024,29.511871564459646,1,Rodman,-81.8885742611743,2024-10-24,"{""type"":""MultiPoint"",""coordinates"":[]}"
0_92_0,1069,472,512,1110,571,1447,3151,3699,4288,3522,3,floating_plants,RO0093_20241024,29.516726588094613,1,Rodman,-81.89951503618357,2024-10-24,"{""type"":""MultiPoint"",""coordinates"":[]}"
0_93_0,988,502,474,949,558,1542,2970,3300,3664,3437,3,floating_plants,RO0094_20241024,29.51104992203463,1,Rodman,-81.89297202367804,2024-10-24,"{""type"":""MultiPoint"",""coordinates"":[]}"
0_94_0,1355,636,549,1142,677,1944,3863,4324,4296,4510,3,floating_plants,RO0095_20241024,29.508790370952745,1,Rodman,-81.89820835253192,2024-10-24,"{""type"":""MultiPoint"",""coordinates"":[]}"
0_95_0,1338,648,521,1116,664,1856,3976,4395,4300,4437,3,floating_plants,RO0096_20241024,29.516185077742755,1,Rodman,-81.9036143825365,2024-10-24,"{""type"":""MultiPoint"",""coordinates"":[]}"
0_96_0,1210,599,520,988,715,1531,2673,3079,3384,3500,3,floating_plants,RO0097_20241024,29.516241096314847,1,Rodman,-81.8822254176543,2024-10-24,"{""type"":""MultiPoint"",""coordinates"":[]}"
0_97_0,1165,567,496,1024,626,1416,3191,3606,4332,3766,3,floating_plants,RO0098_20241024,29.484548375691336,1,Rodman,-81.92152048407759,2024-10-24,"{""type"":""MultiPoint"",""coordinates"":[]}"
0_98_0,1008,479,594,1200,678,1702,3262,3737,4460,3974,3,floating_plants,RO0099_20241024,29.52854573064429,1,Rodman,-81.85486579956121,2024-10-24,"{""type"":""MultiPoint"",""coordinates"":[]}"
0_99_0,90,58,162,114,74,86,126,141,164,156,2,open_water,RO0100_20241024,29.51745482245193,0,Rodman,-81.90316633678407,2024-10-24,"{""type"":""MultiPoint"",""coordinates"":[]}"
0_100_0,58,53,134,73,66,79,100,117,122,117,2,open_water,RO0101_20241024,29.51827641288233,0,Rodman,-81.89887583678043,2024-10-24,"{""type"":""MultiPoint"",""coordinates"":[]}"
0_101_0,61,39,119,69,77,70,87,101,82,89,2,open_water,RO0102_20241024,29.517380132082042,0,Rodman,-81.89269751677519,2024-10-24,"{""type"":""MultiPoint"",""coordinates"":[]}"
0_102_0,85,56,146,96,99,166,145,191,186,173,2,open_water,RO0103_20241024,29.516782607138442,0,Rodman,-81.8866908167701,2024-10-24,"{""type"":""MultiPoint"",""coordinates"":[]}"
0_103_0,53,36,116,82,56,78,71,102,73,69,2,open_water,RO0104_20241024,29.51517674137099,0,Rodman,-81.89209684677468,2024-10-24,"{""type"":""MultiPoint"",""coordinates"":[]}"
0_104_0,100,57,115,138,95,212,139,152,153,135,2,open_water,RO0105_20241024,29.524848896182608,0,Rodman,-81.91140409679106,2024-10-24,"{""type"":""MultiPoint"",""coordinates"":[]}"
0_105_0,52,28,131,78,69,93,78,97,89,79,2,open_water,RO0106_20241024,29.512898609011497,0,Rodman,-81.90591225678641,2024-10-24,"{""type"":""MultiPoint"",""coordinates"":[]}"
0_106_0,45,23,140,79,58,76,57,69,73,64,2,open_water,RO0107_20241024,29.510284295580803,0,Rodman,-81.901922091783,2024-10-24,"{""type"":""MultiPoint"",""coordinates"":[]}"
0_107_0,48,30,111,42,58,49,42,53,55,44,2,open_water,RO0108_20241024,29.507296426126434,0,Rodman,-81.88870735177181,2024-10-24,"{""type"":""MultiPoint"",""coordinates"":[]}"
0_108_0,45,33,127,51,63,54,56,50,54,45,2,open_water,RO0109_20241024,29.507819309646816,0,Rodman,-81.88055540176488,2024-10-24,"{""type"":""MultiPoint"",""coordinates"":[]}"
0_109_0,47,27,130,66,63,60,59,76,63,77,2,open_water,RO0110_20241024,29.51592365885107,0,Rodman,-81.87849596176312,2024-10-24,"{""type"":""MultiPoint"",""coordinates"":[]}"
0_110_0,50,33,115,56,62,58,43,86,64,61,2,open_water,RO0111_20241024,29.512599833751107,0,Rodman,-81.87133082675707,2024-10-24,"{""type"":""MultiPoint"",""coordinates"":[]}"
0_111_0,78,47,127,74,69,78,106,143,125,138,2,open_water,RO0112_20241024,29.522346921617686,0,Rodman,-81.86579608175236,2024-10-24,"{""type"":""MultiPoint"",""coordinates"":[]}"
0_112_0,74,30,108,85,61,99,151,153,116,165,2,open_water,RO0113_20241024,29.515438163116066,0,Rodman,-81.85648569674447,2024-10-24,"{""type"":""MultiPoint"",""coordinates"":[]}"
0_113_0,34,36,129,70,62,71,72,71,60,62,2,open_water,RO0114_20241024,29.514205740405938,0,Rodman,-81.85112257173992,2024-10-24,"{""type"":""MultiPoint"",""coordinates"":[]}"
0_114_0,22,16,117,74,69,74,64,76,67,60,2,open_water,RO0115_20241024,29.518537826827313,0,Rodman,-81.84583349537789,2024-10-24,"{""type"":""MultiPoint"",""coordinates"":[]}"
0_115_0,20,16,116,75,59,65,77,90,75,68,2,open_water,RO0116_20241024,29.51820172332572,0,Rodman,-81.83686635037031,2024-10-24,"{""type"":""MultiPoint"",""coordinates"":[]}"
0_116_0,21,17,125,64,52,68,60,75,54,54,2,open_water,RO0117_20241024,29.515475509231425,0,Rodman,-81.82811373036287,2024-10-24,"{""type"":""MultiPoint"",""coordinates"":[]}"
0_117_0,37,28,125,78,52,48,53,64,68,56,2,open_water,RO0118_20241024,29.52182411335419,0,Rodman,-81.81202435534922,2024-10-24,"{""type"":""MultiPoint"",""coordinates"":[]}"
0_118_0,41,22,107,62,59,44,69,80,71,68,2,open_water,RO0119_20241024,29.511852891948692,0,Rodman,-81.80451598034284,2024-10-24,"{""type"":""MultiPoint"",""coordinates"":[]}"
0_119_0,29,20,132,61,44,44,43,50,46,32,2,open_water,RO0120_20241024,29.511367376686813,0,Rodman,-81.82781339536261,2024-10-24,"{""type"":""MultiPoint"",""coordinates"":[]}"
0_120_0,48,29,111,83,155,189,112,151,124,89,2,open_water,RO0121_20241024,29.510172252274693,0,Rodman,-81.83549339036914,2024-10-24,"{""type"":""MultiPoint"",""coordinates"":[]}"
0_121_0,45,35,87,81,151,272,157,192,161,89,2,open_water,RO0122_20241024,29.50976142499917,0,Rodman,-81.83103127036536,2024-10-24,"{""type"":""MultiPoint"",""coordinates"":[]}"
0_122_0,45,28,111,66,70,138,97,136,125,96,2,open_water,RO0123_20241024,29.51435512547455,0,Rodman,-81.80524139316995,2024-10-24,"{""type"":""MultiPoint"",""coordinates"":[]}"
0_123_0,32,18,109,51,46,43,30,48,35,33,2,open_water,RO0124_20241024,29.506362698535696,0,Rodman,-81.81622507317927,2024-10-24,"{""type"":""MultiPoint"",""coordinates"":[]}"
0_124_0,45,25,116,59,48,53,70,70,62,48,2,open_water,RO0125_20241024,29.508043401455815,0,Rodman,-81.80880250817297,2024-10-24,"{""type"":""MultiPoint"",""coordinates"":[]}"
0_125_0,76,45,118,69,46,54,78,97,81,88,2,open_water,RO0126_20241024,29.510844510984224,0,Rodman,-81.80331066816832,2024-10-24,"{""type"":""MultiPoint"",""coordinates"":[]}"
0_126_0,23,14,103,62,31,47,34,42,40,35,2,open_water,RO0127_20241024,29.510508381933267,0,Rodman,-81.8132217231767,2024-10-24,"{""type"":""MultiPoint"",""coordinates"":[]}"
0_127_0,62,37,111,65,54,57,76,111,87,86,2,open_water,RO0128_20241024,29.526491951738254,0,Rodman,-81.80661554275433,2024-10-24,"{""type"":""MultiPoint"",""coordinates"":[]}"
0_128_0,126,74,114,63,59,68,126,128,196,149,2,open_water,RO0129_20241024,29.52783624889193,0,Rodman,-81.79700482274617,2024-10-24,"{""type"":""MultiPoint"",""coordinates"":[]}"
0_129_0,102,53,118,84,50,58,125,119,143,125,2,open_water,RO0130_20241024,29.525670428016706,0,Rodman,-81.80335476275157,2024-10-24,"{""type"":""MultiPoint"",""coordinates"":[]}"
0_130_0,34,33,134,54,44,46,39,59,42,49,2,open_water,RO0131_20241024,29.523355188908592,0,Rodman,-81.80524258275317,2024-10-24,"{""type"":""MultiPoint"",""coordinates"":[]}"
0_131_0,59,39,148,86,53,71,74,102,98,98,2,open_water,RO0132_20241024,29.537805895157668,0,Rodman,-81.83660613777978,2024-10-24,"{""type"":""MultiPoint"",""coordinates"":[]}"
0_132_0,54,31,138,82,62,63,86,108,91,68,2,open_water,RO0133_20241024,29.53668575919435,0,Rodman,-81.83394602777751,2024-10-24,"{""type"":""MultiPoint"",""coordinates"":[]}"
0_133_0,42,38,127,75,58,59,59,76,80,59,2,open_water,RO0134_20241024,29.532317110378273,0,Rodman,-81.83184368277574,2024-10-24,"{""type"":""MultiPoint"",""coordinates"":[]}"
0_134_0,72,33,141,75,65,71,93,107,106,92,2,open_water,RO0135_20241024,29.5332879375355,0,Rodman,-81.84445775278644,2024-10-24,"{""type"":""MultiPoint"",""coordinates"":[]}"
0_135_0,24,25,107,59,62,71,62,73,60,55,2,open_water,RO0136_20241024,29.527836248793736,0,Rodman,-81.84484894575728,2024-10-24,"{""type"":""MultiPoint"",""coordinates"":[]}"
0_136_0,25,16,130,92,72,63,60,63,57,54,2,open_water,RO0137_20241024,29.52399001770902,0,Rodman,-81.85445966576543,2024-10-24,"{""type"":""MultiPoint"",""coordinates"":[]}"
0_137_0,22,13,120,73,63,67,54,69,52,56,2,open_water,RO0138_20241024,29.53086085135906,0,Rodman,-81.83768364524397,2024-10-24,"{""type"":""MultiPoint"",""coordinates"":[]}"
0_138_0,23,19,116,59,72,90,56,55,58,54,2,open_water,RO0139_20241024,29.512301057233582,0,Rodman,-81.83656689462721,2024-10-24,"{""type"":""MultiPoint"",""coordinates"":[]}"
0_139_0,39,22,121,73,114,184,84,79,94,45,2,open_water,RO0140_20241024,29.510657772686727,0,Rodman,-81.83317739962435,2024-10-24,"{""type"":""MultiPoint"",""coordinates"":[]}"
0_140_0,36,12,102,72,50,57,66,62,62,65,2,open_water,RO0141_20241024,29.507931355388852,0,Rodman,-81.82313762961581,2024-10-24,"{""type"":""MultiPoint"",""coordinates"":[]}"
0_141_0,16,15,113,64,49,64,52,64,52,44,2,open_water,RO0142_20241024,29.51528877896918,0,Rodman,-81.8419729246318,2024-10-24,"{""type"":""MultiPoint"",""coordinates"":[]}"
0_142_0,29,30,125,65,78,63,29,50,39,47,2,open_water,RO0143_20241024,29.5209278633951,0,Rodman,-81.86385447465035,2024-10-24,"{""type"":""MultiPoint"",""coordinates"":[]}"
0_143_0,33,23,100,82,48,54,36,48,41,40,2,open_water,RO0144_20241024,29.515139394977066,0,Rodman,-81.87393714965891,2024-10-24,"{""type"":""MultiPoint"",""coordinates"":[]}"
0_144_0,45,24,121,94,75,83,70,86,65,71,2,open_water,RO0145_20241024,29.512898608085674,0,Rodman,-81.90300126466371,2024-10-24,"{""type"":""MultiPoint"",""coordinates"":[]}"
0_145_0,30,19,124,70,61,56,38,42,34,27,2,open_water,RO0146_20241024,29.51301064858094,0,Rodman,-81.8983675246598,2024-10-24,"{""type"":""MultiPoint"",""coordinates"":[]}"
0_146_0,56,34,132,78,65,78,67,80,70,74,2,open_water,RO0147_20241024,29.510657772136135,0,Rodman,-81.89442026465645,2024-10-24,"{""type"":""MultiPoint"",""coordinates"":[]}"
0_147_0,62,31,136,77,75,79,60,93,83,92,2,open_water,RO0148_20241024,29.50139512396852,0,Rodman,-81.91655924467521,2024-10-24,"{""type"":""MultiPoint"",""coordinates"":[]}"
0_148_0,43,37,99,80,65,55,47,71,46,46,2,open_water,RO0149_20241024,29.49907932952439,0,Rodman,-81.91763186967614,2024-10-24,"{""type"":""MultiPoint"",""coordinates"":[]}"
0_149_0,1122,489,387,754,329,1093,2717,3002,2920,2927,1,LEV,RO0150_20241024,29.513962987821877,0,Rodman,-81.88964816885624,2024-10-24,"{""type"":""MultiPoint"",""coordinates"":[]}"
0_150_0,1115,478,374,763,322,1140,2701,2827,2922,2774,1,LEV,RO0151_20241024,29.51347748268149,0,Rodman,-81.88838247135517,2024-10-24,"{""type"":""MultiPoint"",""coordinates"":[]}"
0_151_0,943,419,305,602,322,930,2090,2219,2270,2296,1,LEV,RO0152_20241024,29.517044023848168,0,Rodman,-81.8847569988521,2024-10-24,"{""type"":""MultiPoint"",""coordinates"":[]}"
0_152_0,1589,785,349,638,449,1152,2817,3379,3620,3828,1,LEV,RO0153_20241024,29.514859298885526,0,Rodman,-81.88456392635193,2024-10-24,"{""type"":""MultiPoint"",""coordinates"":[]}"
0_153_0,1646,804,430,747,590,1303,3126,3734,3908,4131,1,LEV,RO0154_20241024,29.514653894967857,0,Rodman,-81.88645174635353,2024-10-24,"{""type"":""MultiPoint"",""coordinates"":[]}"
0_154_0,949,409,297,588,269,987,2121,2312,2078,2520,1,LEV,RO0155_20241024,29.515662237472878,0,Rodman,-81.88095990634888,2024-10-24,"{""type"":""MultiPoint"",""coordinates"":[]}"
0_155_0,1544,803,378,666,538,1094,2571,2955,3408,3435,1,LEV,RO0156_20241024,29.51668924266007,0,Rodman,-81.90114670886601,2024-10-24,"{""type"":""MultiPoint"",""coordinates"":[]}"
0_156_0,1556,743,332,554,397,995,2817,3466,3108,3752,1,LEV,RO0157_20241024,29.514504510038627,0,Rodman,-81.90389262886833,2024-10-24,"{""type"":""MultiPoint"",""coordinates"":[]}"
0_157_0,1043,515,302,498,398,848,1479,1676,1668,1768,1,LEV,RO0158_20241024,29.518444463761437,0,Rodman,-81.9051368738694,2024-10-24,"{""type"":""MultiPoint"",""coordinates"":[]}"
0_158_0,1041,425,228,314,194,527,1483,1876,2104,2137,1,LEV,RO0159_20241024,29.515792947802773,0,Rodman,-81.90539430386961,2024-10-24,"{""type"":""MultiPoint"",""coordinates"":[]}"
0_159_0,1102,491,265,425,258,714,1885,2169,2520,2549,1,LEV,RO0160_20241024,29.519938244973783,0,Rodman,-81.89662023136218,2024-10-24,"{""type"":""MultiPoint"",""coordinates"":[]}"
0_160_0,1054,434,214,361,212,639,1737,2167,2232,2438,1,LEV,RO0161_20241024,29.519322062895657,0,Rodman,-81.88917621385585,2024-10-24,"{""type"":""MultiPoint"",""coordinates"":[]}"
0_161_0,1189,514,216,340,234,710,1676,1997,2092,2287,1,LEV,RO0162_20241024,29.525577070967678,0,Rodman,-81.87351340623411,2024-10-24,"{""type"":""MultiPoint"",""coordinates"":[]}"
0_162_0,871,385,338,640,296,914,1920,2037,2186,1988,1,LEV,RO0163_20241024,29.521263957999587,0,Rodman,-81.874564578735,2024-10-24,"{""type"":""MultiPoint"",""coordinates"":[]}"
0_163_0,741,325,275,501,253,741,1632,1813,1884,1793,1,LEV,RO0164_20241024,29.519396752502036,0,Rodman,-81.87540122623571,2024-10-24,"{""type"":""MultiPoint"",""coordinates"":[]}"
0_164_0,1727,1037,399,516,586,919,1414,1609,1732,1930,1,LEV,RO0165_20241024,29.522795040796215,0,Rodman,-81.87842602873828,2024-10-24,"{""type"":""MultiPoint"",""coordinates"":[]}"
0_165_0,1719,876,354,615,506,1091,2552,3004,3104,3401,1,LEV,RO0166_20241024,29.522458951435347,0,Rodman,-81.86720637122876,2024-10-24,"{""type"":""MultiPoint"",""coordinates"":[]}"
0_166_0,1147,486,213,305,195,647,1669,2109,2004,2394,1,LEV,RO0167_20241024,29.526454608566716,0,Rodman,-81.86655851890073,2024-10-24,"{""type"":""MultiPoint"",""coordinates"":[]}"
0_167_0,895,352,193,309,176,524,1499,1900,2120,2133,1,LEV,RO0168_20241024,29.529628615978254,0,Rodman,-81.85330087388948,2024-10-24,"{""type"":""MultiPoint"",""coordinates"":[]}"
0_168_0,2318,1377,350,494,448,889,1740,2001,2210,2200,1,LEV,RO0169_20241024,29.551881214595767,0,Rodman,-81.88772834664339,2024-10-24,"{""type"":""MultiPoint"",""coordinates"":[]}"
0_169_0,3693,2344,588,869,828,1428,2588,3000,3256,3376,1,LEV,RO0170_20241024,29.53858998497182,0,Rodman,-81.89596610665036,2024-10-24,"{""type"":""MultiPoint"",""coordinates"":[]}"
0_170_0,2665,1787,1460,1636,1756,1271,1866,2411,3056,2594,1,LEV,RO0171_20241024,29.53358665373205,0,Rodman,-81.9157882166672,2024-10-24,"{""type"":""MultiPoint"",""coordinates"":[]}"
0_171_0,5038,4403,1696,1982,2222,2621,3107,3355,3776,3698,1,LEV,RO0172_20241024,29.532167753550006,0,Rodman,-81.92162329667215,2024-10-24,"{""type"":""MultiPoint"",""coordinates"":[]}"
0_172_0,3092,1802,470,626,932,1258,2022,2389,2692,2952,1,LEV,RO0173_20241024,29.537469857694543,0,Rodman,-81.94994059669617,2024-10-24,"{""type"":""MultiPoint"",""coordinates"":[]}"
0_173_0,1387,682,270,420,348,937,1837,1987,2402,2524,1,LEV,RO0174_20241024,29.494746410486673,0,Rodman,-81.79572072428466,2024-10-24,"{""type"":""MultiPoint"",""coordinates"":[]}"
0_174_0,4533,3785,1076,1290,1744,2033,2187,2424,2648,2807,1,LEV,RO0175_20241024,29.536051010559394,0,Rodman,-81.82224180706018,2024-10-24,"{""type"":""MultiPoint"",""coordinates"":[]}"
0_175_0,3380,2023,573,872,756,1389,2588,3047,3276,3362,1,LEV,RO0176_20241024,29.541278238371184,0,Rodman,-81.81014259704992,2024-10-24,"{""type"":""MultiPoint"",""coordinates"":[]}"
0_176_0,1311,530,211,331,191,622,1782,2243,2406,2560,1,LEV,RO0177_20241024,29.532615828004797,0,Rodman,-81.80190483704293,2024-10-24,"{""type"":""MultiPoint"",""coordinates"":[]}"
0_177_0,1170,516,243,378,235,673,1828,2200,2338,2489,1,LEV,RO0178_20241024,29.51835110461757,0,Rodman,-81.80353522704432,2024-10-24,"{""type"":""MultiPoint"",""coordinates"":[]}"
0_178_0,4292,4037,2172,2320,2460,2677,3062,3116,2984,3198,1,LEV,RO0179_20241024,29.544787796830512,0,Rodman,-81.800789307042,2024-10-24,"{""type"":""MultiPoint"",""coordinates"":[]}"
0_179_0,1242,578,237,312,272,739,1577,1841,1996,2221,1,LEV,RO0180_20241024,29.50236624887272,0,Rodman,-81.80473524298749,2024-10-24,"{""type"":""MultiPoint"",""coordinates"":[]}"
0_180_0,1181,478,162,250,141,528,1536,2007,1766,2217,1,LEV,RO0181_20241024,29.507147030472144,0,Rodman,-81.79795625298175,2024-10-24,"{""type"":""MultiPoint"",""coordinates"":[]}"
0_181_0,1436,751,247,384,364,867,1711,2108,1786,2289,1,LEV,RO0182_20241024,29.496763483183784,0,Rodman,-81.80087379298422,2024-10-24,"{""type"":""MultiPoint"",""coordinates"":[]}"
0_182_0,1151,489,202,373,202,690,2023,2448,2456,2723,1,LEV,RO0183_20241024,29.498929922671977,0,Rodman,-81.85296046302842,2024-10-24,"{""type"":""MultiPoint"",""coordinates"":[]}"
0_183_0,1443,600,246,338,241,648,1917,2403,2398,2654,1,LEV,RO0184_20241024,29.50804340189066,0,Rodman,-81.82601612300556,2024-10-24,"{""type"":""MultiPoint"",""coordinates"":[]}"
0_184_0,3455,2722,786,1450,1360,2427,3345,3664,3452,3812,1,LEV,RO0185_20241024,29.497137011276212,0,Rodman,-81.90411249147668,2024-10-24,"{""type"":""MultiPoint"",""coordinates"":[]}"
0_185_0,2103,1132,469,768,662,1344,2917,3418,3732,3861,1,LEV,RO0186_20241024,29.508230143117093,0,Rodman,-81.9149014775322,2024-10-24,"{""type"":""MultiPoint"",""coordinates"":[]}"
0_186_0,1815,945,341,567,466,1020,2089,2554,2724,2909,1,LEV,RO0187_20241024,29.50713769140793,0,Rodman,-81.9174972300344,2024-10-24,"{""type"":""MultiPoint"",""coordinates"":[]}"
0_187_0,1751,977,443,614,621,1147,1914,2308,2518,2505,1,LEV,RO0188_20241024,29.504159066598607,0,Rodman,-81.91653360277344,2024-10-24,"{""type"":""MultiPoint"",""coordinates"":[]}"
0_188_0,1947,1157,436,638,762,1238,2059,2410,2578,2709,1,LEV,RO0189_20241024,29.493140193164752,0,Rodman,-81.91221929437779,2024-10-24,"{""type"":""MultiPoint"",""coordinates"":[]}"
0_189_0,999,512,298,522,310,822,1826,2009,2056,2098,1,LEV,RO0190_20241024,29.496791494602874,0,Rodman,-81.91215493687774,2024-10-24,"{""type"":""MultiPoint"",""coordinates"":[]}"
0_190_0,1446,681,284,455,306,899,1925,2264,2678,2599,1,LEV,RO0191_20241024,29.49696892055371,0,Rodman,-81.9201600683199,2024-10-24,"{""type"":""MultiPoint"",""coordinates"":[]}"
0_191_0,6253,6091,1910,2084,2480,4326,4823,5062,4304,5709,1,LEV,RO0192_20241024,29.492729297118412,0,Rodman,-81.92500833332402,2024-10-24,"{""type"":""MultiPoint"",""coordinates"":[]}"
0_192_0,1570,757,355,728,474,1262,3728,4603,4356,4617,1,LEV,RO0193_20241024,29.48471648325332,0,Rodman,-81.9165429791051,2024-10-24,"{""type"":""MultiPoint"",""coordinates"":[]}"
0_193_0,1342,727,414,646,576,1193,2414,3186,3392,3048,1,LEV,RO0194_20241024,29.482232195908754,0,Rodman,-81.91863459785688,2024-10-24,"{""type"":""MultiPoint"",""coordinates"":[]}"
0_194_0,1617,777,320,620,332,1142,3328,3936,4264,4035,1,LEV,RO0195_20241024,29.483679814156368,0,Rodman,-81.91182294550967,2024-10-24,"{""type"":""MultiPoint"",""coordinates"":[]}"
0_195_0,1092,546,376,712,469,1124,2969,3467,3896,3388,1,LEV,RO0196_20241024,29.487574272734978,0,Rodman,-81.91770120204995,2024-10-24,"{""type"":""MultiPoint"",""coordinates"":[]}"
0_196_0,1499,645,314,654,261,1119,3778,4536,4720,4455,1,LEV,RO0197_20241024,29.50550366016957,0,Rodman,-81.91300197444193,2024-10-24,"{""type"":""MultiPoint"",""coordinates"":[]}"
0_197_0,1440,692,422,833,558,1323,3282,3843,4184,4273,1,LEV,RO0198_20241024,29.509948163158125,0,Rodman,-81.9088496200771,2024-10-24,"{""type"":""MultiPoint"",""coordinates"":[]}"
0_198_0,1603,830,316,520,408,923,2114,2361,2600,2756,1,LEV,RO0199_20241024,29.5124971280402,0,Rodman,-81.90785207882625,2024-10-24,"{""type"":""MultiPoint"",""coordinates"":[]}"
0_1140_0,1281,569,461,973,526,1651,3801,4310,4288,4493,3,floating_plants,RO0200_20241024,29.50684823620766,1,Rodman,-81.91155341865267,2024-10-24,"{""type"":""MultiPoint"",""coordinates"":[]}"
1_199_0,799,362,430,901,498,1591,2858,3055,2894,3215,3,floating_plants,RO0001_20231119,29.509994847831656,1,Rodman,-81.89228394808433,2023-11-19,"{""type"":""MultiPoint"",""coordinates"":[]}"
1_200_0,600,267,469,968,521,1280,2153,2298,3020,2502,3,floating_plants,RO0002_20231119,29.510106891541064,1,Rodman,-81.89175836183388,2023-11-19,"{""type"":""MultiPoint"",""coordinates"":[]}"
1_201_0,758,333,428,982,516,1351,2541,2770,3144,2801,3,floating_plants,RO0003_20231119,29.510723129726028,1,Rodman,-81.89136149058353,2023-11-19,"{""type"":""MultiPoint"",""coordinates"":[]}"
1_202_0,844,379,514,1074,563,1533,2946,3329,3652,3110,3,floating_plants,RO0004_20231119,29.510751140463487,1,Rodman,-81.89196216058403,2023-11-19,"{""type"":""MultiPoint"",""coordinates"":[]}"
1_203_0,503,233,410,842,442,1068,1839,2200,2632,1944,3,floating_plants,RO0005_20231119,29.50993882593044,1,Rodman,-81.88855121308114,2023-11-19,"{""type"":""MultiPoint"",""coordinates"":[]}"
1_204_0,702,317,412,866,478,1407,2536,2711,2798,2799,3,floating_plants,RO0006_20231119,29.510555065138526,1,Rodman,-81.89010651933248,2023-11-19,"{""type"":""MultiPoint"",""coordinates"":[]}"
1_205_0,854,410,419,900,471,1378,2882,3022,3216,3130,3,floating_plants,RO0007_20231119,29.510013521791848,1,Rodman,-81.89042830683273,2023-11-19,"{""type"":""MultiPoint"",""coordinates"":[]}"
1_206_0,691,303,400,882,491,1269,2212,2482,2710,2614,3,floating_plants,RO0008_20231119,29.509527997707597,1,Rodman,-81.89065355808293,2023-11-19,"{""type"":""MultiPoint"",""coordinates"":[]}"
1_207_0,791,365,485,1048,524,1540,2880,3053,3408,3063,3,floating_plants,RO0009_20231119,29.50919186428513,1,Rodman,-81.89139366933355,2023-11-19,"{""type"":""MultiPoint"",""coordinates"":[]}"
1_208_0,793,375,409,922,490,1618,2944,3026,2952,3207,3,floating_plants,RO0010_20231119,29.50815544587316,1,Rodman,-81.8898919943323,2023-11-19,"{""type"":""MultiPoint"",""coordinates"":[]}"
1_209_0,753,328,404,906,508,1461,2577,2873,2944,2783,3,floating_plants,RO0011_20231119,29.507623226889613,1,Rodman,-81.88678138182965,2023-11-19,"{""type"":""MultiPoint"",""coordinates"":[]}"
1_210_0,587,273,392,877,494,1249,1928,2126,2692,2101,3,floating_plants,RO0012_20231119,29.507669912877326,1,Rodman,-81.88610562807906,2023-11-19,"{""type"":""MultiPoint"",""coordinates"":[]}"
1_211_0,934,443,494,1068,628,1819,3208,3492,3756,3570,3,floating_plants,RO0013_20231119,29.506857573619563,1,Rodman,-81.8861270805791,2023-11-19,"{""type"":""MultiPoint"",""coordinates"":[]}"
1_212_0,798,338,475,1020,552,1499,2663,2975,3276,2861,3,floating_plants,RO0014_20231119,29.506820224531452,1,Rodman,-81.88715680057996,2023-11-19,"{""type"":""MultiPoint"",""coordinates"":[]}"
1_213_0,1081,482,581,1236,691,2056,3680,3975,4120,4063,3,floating_plants,RO0015_20231119,29.506400046340666,1,Rodman,-81.88667411932956,2023-11-19,"{""type"":""MultiPoint"",""coordinates"":[]}"
1_214_0,925,409,443,987,488,1647,3123,3412,3432,3473,3,floating_plants,RO0016_20231119,29.50722172650668,1,Rodman,-81.88916260933166,2023-11-19,"{""type"":""MultiPoint"",""coordinates"":[]}"
1_215_0,915,422,450,998,503,1607,3063,3205,3240,3329,3,floating_plants,RO0017_20231119,29.5075391920575,1,Rodman,-81.89009579308247,2023-11-19,"{""type"":""MultiPoint"",""coordinates"":[]}"
1_216_0,1039,445,488,1058,550,1638,3158,3454,3660,3514,3,floating_plants,RO0018_20231119,29.50690425996034,1,Rodman,-81.89005288808241,2023-11-19,"{""type"":""MultiPoint"",""coordinates"":[]}"
1_217_0,1107,482,500,1112,568,1849,3575,3880,3864,3956,3,floating_plants,RO0019_20231119,29.506726851750866,1,Rodman,-81.8894307655819,2023-11-19,"{""type"":""MultiPoint"",""coordinates"":[]}"
1_218_0,1004,431,470,1072,548,1789,3356,3596,3512,3668,3,floating_plants,RO0020_20231119,29.506670828041162,1,Rodman,-81.88860484433118,2023-11-19,"{""type"":""MultiPoint"",""coordinates"":[]}"
1_219_0,1193,525,580,1282,670,2043,3909,4268,4436,4430,3,floating_plants,RO0021_20231119,29.50603589049808,1,Rodman,-81.88898026308152,2023-11-19,"{""type"":""MultiPoint"",""coordinates"":[]}"
1_220_0,1095,483,530,1260,662,2058,3699,4065,4176,4185,3,floating_plants,RO0022_20231119,29.506157275924483,1,Rodman,-81.88821869933086,2023-11-19,"{""type"":""MultiPoint"",""coordinates"":[]}"
1_221_0,227,83,220,448,256,461,717,912,1394,819,3,floating_plants,RO0023_20231119,29.50782864507446,1,Rodman,-81.88768238683039,2023-11-19,"{""type"":""MultiPoint"",""coordinates"":[]}"
1_222_0,325,153,286,572,311,630,1148,1318,1798,1329,3,floating_plants,RO0024_20231119,29.509079819562956,1,Rodman,-81.88738205183014,2023-11-19,"{""type"":""MultiPoint"",""coordinates"":[]}"
1_223_0,426,186,265,535,295,846,1447,1670,1522,1642,3,floating_plants,RO0025_20231119,29.509630704919626,1,Rodman,-81.88701735932985,2023-11-19,"{""type"":""MultiPoint"",""coordinates"":[]}"
1_224_0,209,100,226,425,235,298,705,787,1246,645,3,floating_plants,RO0026_20231119,29.50875302174825,1,Rodman,-81.88665266682953,2023-11-19,"{""type"":""MultiPoint"",""coordinates"":[]}"
1_225_0,789,358,470,1014,544,1645,2889,3026,3144,3081,3,floating_plants,RO0027_20231119,29.509098493691923,1,Rodman,-81.8856551255787,2023-11-19,"{""type"":""MultiPoint"",""coordinates"":[]}"
1_226_0,434,202,270,584,314,920,1598,1759,1674,1723,3,floating_plants,RO0028_20231119,29.508454234251634,1,Rodman,-81.88536551682844,2023-11-19,"{""type"":""MultiPoint"",""coordinates"":[]}"
1_227_0,347,166,310,631,352,746,1202,1215,1920,1253,3,floating_plants,RO0029_20231119,29.50927589774538,1,Rodman,-81.88483993057798,2023-11-19,"{""type"":""MultiPoint"",""coordinates"":[]}"
1_228_0,589,283,410,926,502,1427,2400,2499,2812,2520,3,floating_plants,RO0030_20231119,29.509602693872125,1,Rodman,-81.88409981932736,2023-11-19,"{""type"":""MultiPoint"",""coordinates"":[]}"
1_229_0,690,324,527,1174,544,1600,3152,3191,4144,3207,3,floating_plants,RO0031_20231119,29.510200261204172,1,Rodman,-81.88311300432652,2023-11-19,"{""type"":""MultiPoint"",""coordinates"":[]}"
1_230_0,246,127,367,791,342,663,1391,1128,2374,1140,3,floating_plants,RO0032_20231119,29.510134902449025,1,Rodman,-81.88225490432582,2023-11-19,"{""type"":""MultiPoint"",""coordinates"":[]}"
1_231_0,351,167,308,636,345,756,1330,1259,1808,1354,3,floating_plants,RO0033_20231119,29.510872520236216,1,Rodman,-81.88579456682879,2023-11-19,"{""type"":""MultiPoint"",""coordinates"":[]}"
1_232_0,544,250,434,952,514,1119,2018,2192,2812,2208,3,floating_plants,RO0034_20231119,29.510274957029576,1,Rodman,-81.88636312014451,2023-11-19,"{""type"":""MultiPoint"",""coordinates"":[]}"
1_233_0,486,193,371,821,393,854,1680,2046,3232,2011,3,floating_plants,RO0035_20231119,29.50964937910391,1,Rodman,-81.88596624889416,2023-11-19,"{""type"":""MultiPoint"",""coordinates"":[]}"
1_234_0,744,331,389,840,450,1384,2563,2809,2798,2777,3,floating_plants,RO0036_20231119,29.512114320475497,1,Rodman,-81.89092177639837,2023-11-19,"{""type"":""MultiPoint"",""coordinates"":[]}"
1_235_0,662,305,425,882,465,1378,2402,2577,2732,2634,3,floating_plants,RO0037_20231119,29.511731511548096,1,Rodman,-81.89203730639932,2023-11-19,"{""type"":""MultiPoint"",""coordinates"":[]}"
1_236_0,206,122,205,346,188,285,881,958,1342,802,3,floating_plants,RO0038_20231119,29.511731511548096,1,Rodman,-81.89359261265062,2023-11-19,"{""type"":""MultiPoint"",""coordinates"":[]}"
1_237_0,153,110,244,464,247,313,688,463,1422,554,3,floating_plants,RO0039_20231119,29.511124616379146,1,Rodman,-81.89256289264976,2023-11-19,"{""type"":""MultiPoint"",""coordinates"":[]}"
1_238_0,694,319,389,814,436,1310,2524,2727,2806,2555,3,floating_plants,RO0040_20231119,29.51133936431643,1,Rodman,-81.89092177639837,2023-11-19,"{""type"":""MultiPoint"",""coordinates"":[]}"
1_239_0,420,185,227,544,294,901,1501,1514,1690,1630,3,floating_plants,RO0041_20231119,29.51178753245718,1,Rodman,-81.8900207713976,2023-11-19,"{""type"":""MultiPoint"",""coordinates"":[]}"
1_240_0,1053,452,466,1042,510,1899,3839,4068,3364,4024,3,floating_plants,RO0042_20231119,29.51170350108195,1,Rodman,-81.88898032514672,2023-11-19,"{""type"":""MultiPoint"",""coordinates"":[]}"
1_241_0,1169,494,544,1262,648,2202,4347,4546,4644,4713,3,floating_plants,RO0043_20231119,29.511684827433527,1,Rodman,-81.88802568889591,2023-11-19,"{""type"":""MultiPoint"",""coordinates"":[]}"
1_242_0,980,427,502,1202,608,1762,3788,4224,4520,4219,3,floating_plants,RO0044_20231119,29.51214233082801,1,Rodman,-81.88747865014544,2023-11-19,"{""type"":""MultiPoint"",""coordinates"":[]}"
1_243_0,1169,487,555,1328,613,2163,4381,4457,4684,4605,3,floating_plants,RO0045_20231119,29.513878957745074,1,Rodman,-81.89092183329147,2023-11-19,"{""type"":""MultiPoint"",""coordinates"":[]}"
1_244_0,592,269,284,682,289,1226,2094,2222,2082,2294,3,floating_plants,RO0046_20231119,29.511787532647432,1,Rodman,-81.88187969504557,2023-11-19,"{""type"":""MultiPoint"",""coordinates"":[]}"
1_245_0,680,286,391,783,417,1445,2513,2664,2676,2925,3,floating_plants,RO0047_20231119,29.51371089834483,1,Rodman,-81.88267367804893,2023-11-19,"{""type"":""MultiPoint"",""coordinates"":[]}"
1_246_0,271,120,228,437,207,575,993,1021,1328,1018,3,floating_plants,RO0048_20231119,29.51387895788273,1,Rodman,-81.87933547650647,2023-11-19,"{""type"":""MultiPoint"",""coordinates"":[]}"
1_247_0,366,159,318,670,337,739,1498,1264,2042,1269,3,floating_plants,RO0049_20231119,29.51458853871848,1,Rodman,-81.88003268275708,2023-11-19,"{""type"":""MultiPoint"",""coordinates"":[]}"
1_248_0,521,230,320,650,346,908,1946,1966,1812,1715,3,floating_plants,RO0050_20231119,29.51713738697699,1,Rodman,-81.87404718181905,2023-11-19,"{""type"":""MultiPoint"",""coordinates"":[]}"
1_249_0,351,150,364,741,402,745,1192,1502,2288,1395,3,floating_plants,RO0051_20231119,29.5178469449672,1,Rodman,-81.87107601056653,2023-11-19,"{""type"":""MultiPoint"",""coordinates"":[]}"
1_250_0,458,211,368,760,420,871,1494,1676,2250,1513,3,floating_plants,RO0052_20231119,29.51808968758032,1,Rodman,-81.86822089887048,2023-11-19,"{""type"":""MultiPoint"",""coordinates"":[]}"
1_251_0,356,192,308,640,341,721,1432,1503,1780,1316,3,floating_plants,RO0053_20231119,29.517492166826305,1,Rodman,-81.86988346762189,2023-11-19,"{""type"":""MultiPoint"",""coordinates"":[]}"
1_252_0,620,292,455,990,540,1274,2370,2385,3128,2321,3,floating_plants,RO0054_20231119,29.51860317915957,1,Rodman,-81.86519609636791,2023-11-19,"{""type"":""MultiPoint"",""coordinates"":[]}"
1_253_0,620,266,367,750,404,1277,2088,2147,2140,2213,3,floating_plants,RO0055_20231119,29.51910733199322,1,Rodman,-81.86458470011736,2023-11-19,"{""type"":""MultiPoint"",""coordinates"":[]}"
1_254_0,180,77,236,514,254,424,553,759,1298,790,3,floating_plants,RO0056_20231119,29.51954612963733,1,Rodman,-81.86366224261658,2023-11-19,"{""type"":""MultiPoint"",""coordinates"":[]}"
1_255_0,128,50,157,240,161,304,473,469,644,442,3,floating_plants,RO0057_20231119,29.51733344965762,1,Rodman,-81.86712634553625,2023-11-19,"{""type"":""MultiPoint"",""coordinates"":[]}"
1_256_0,1277,577,620,1378,708,2166,4473,4685,4888,4597,3,floating_plants,RO0058_20231119,29.513822938181136,1,Rodman,-81.8632628422089,2023-11-19,"{""type"":""MultiPoint"",""coordinates"":[]}"
1_257_0,809,362,542,1192,568,1371,2481,2562,4156,2926,3,floating_plants,RO0059_20231119,29.514336451409704,1,Rodman,-81.86225457470806,2023-11-19,"{""type"":""MultiPoint"",""coordinates"":[]}"
1_258_0,1288,577,588,1338,714,2254,4237,4541,4788,4760,3,floating_plants,RO0060_20231119,29.51036832671739,1,Rodman,-81.85388496540777,2023-11-19,"{""type"":""MultiPoint"",""coordinates"":[]}"
1_259_0,1301,662,522,1178,629,1725,2997,3535,4300,3639,3,floating_plants,RO0061_20231119,29.512749220074767,1,Rodman,-81.85454999290833,2023-11-19,"{""type"":""MultiPoint"",""coordinates"":[]}"
1_260_0,745,330,490,1046,586,1634,2658,2872,3120,2783,3,floating_plants,RO0062_20231119,29.511936921576194,1,Rodman,-81.84817860040293,2023-11-19,"{""type"":""MultiPoint"",""coordinates"":[]}"
1_261_0,386,192,332,751,418,818,1520,1554,2114,1531,3,floating_plants,RO0063_20231119,29.511217985283245,1,Rodman,-81.84936921415394,2023-11-19,"{""type"":""MultiPoint"",""coordinates"":[]}"
1_262_0,225,96,209,339,224,489,845,834,984,757,3,floating_plants,RO0064_20231119,29.513533502094724,1,Rodman,-81.84748139415234,2023-11-19,"{""type"":""MultiPoint"",""coordinates"":[]}"
1_263_0,570,257,365,722,426,1295,1990,2212,2176,2196,3,floating_plants,RO0065_20231119,29.513402788846733,1,Rodman,-81.8462693279013,2023-11-19,"{""type"":""MultiPoint"",""coordinates"":[]}"
1_264_0,322,134,272,526,286,669,1188,1200,1404,1270,3,floating_plants,RO0066_20231119,29.51359885865539,1,Rodman,-81.84522888165043,2023-11-19,"{""type"":""MultiPoint"",""coordinates"":[]}"
1_265_0,676,323,417,888,502,1429,2561,2918,2678,2669,3,floating_plants,RO0067_20231119,29.511255332748863,1,Rodman,-81.84741703665229,2023-11-19,"{""type"":""MultiPoint"",""coordinates"":[]}"
1_266_0,529,241,360,744,413,1175,1809,2093,2302,2041,3,floating_plants,RO0068_20231119,29.51210498386937,1,Rodman,-81.84325525164874,2023-11-19,"{""type"":""MultiPoint"",""coordinates"":[]}"
1_267_0,484,205,324,700,394,985,1735,1775,2088,1764,3,floating_plants,RO0069_20231119,29.51143273302245,1,Rodman,-81.84358776539905,2023-11-19,"{""type"":""MultiPoint"",""coordinates"":[]}"
1_268_0,425,225,326,684,374,838,1605,1818,2284,1555,3,floating_plants,RO0070_20231119,29.51048037001343,1,Rodman,-81.84456385414987,2023-11-19,"{""type"":""MultiPoint"",""coordinates"":[]}"
1_269_0,727,335,480,1126,535,1600,2737,3550,3656,3244,3,floating_plants,RO0071_20231119,29.50963070525628,1,Rodman,-81.84429569789964,2023-11-19,"{""type"":""MultiPoint"",""coordinates"":[]}"
1_270_0,557,255,309,676,332,1067,1978,1978,2272,2007,3,floating_plants,RO0072_20231119,29.509957500237643,1,Rodman,-81.84382374289925,2023-11-19,"{""type"":""MultiPoint"",""coordinates"":[]}"
1_271_0,491,193,402,766,442,987,1526,1682,2404,1781,3,floating_plants,RO0073_20231119,29.512478454632888,1,Rodman,-81.84220407914786,2023-11-19,"{""type"":""MultiPoint"",""coordinates"":[]}"
1_272_0,574,248,472,928,514,1097,1826,2086,3120,2169,3,floating_plants,RO0074_20231119,29.51304799489418,1,Rodman,-81.84092765539678,2023-11-19,"{""type"":""MultiPoint"",""coordinates"":[]}"
1_273_0,838,371,441,962,534,1698,2859,3017,3072,3130,3,floating_plants,RO0075_20231119,29.512385087071184,1,Rodman,-81.83940452789548,2023-11-19,"{""type"":""MultiPoint"",""coordinates"":[]}"
1_274_0,877,389,446,982,542,1653,2937,3200,3216,3238,3,floating_plants,RO0076_20231119,29.511563448814577,1,Rodman,-81.84128162164708,2023-11-19,"{""type"":""MultiPoint"",""coordinates"":[]}"
1_275_0,838,354,461,1002,540,1519,2850,3033,3264,2938,3,floating_plants,RO0077_20231119,29.51087252057287,1,Rodman,-81.840005197896,2023-11-19,"{""type"":""MultiPoint"",""coordinates"":[]}"
1_276_0,1026,435,488,1064,570,1780,3279,3560,3640,3628,3,floating_plants,RO0078_20231119,29.510863183672452,1,Rodman,-81.84128162164708,2023-11-19,"{""type"":""MultiPoint"",""coordinates"":[]}"
1_277_0,1109,485,482,1156,596,1953,3640,3923,4040,4079,3,floating_plants,RO0079_20231119,29.510293631117833,1,Rodman,-81.83997301914597,2023-11-19,"{""type"":""MultiPoint"",""coordinates"":[]}"
1_278_0,737,342,410,812,471,1475,2541,2957,2666,2903,3,floating_plants,RO0080_20231119,29.512497128134903,1,Rodman,-81.83803156789432,2023-11-19,"{""type"":""MultiPoint"",""coordinates"":[]}"
1_279_0,825,381,456,978,566,1737,2986,3233,3086,3209,3,floating_plants,RO0081_20231119,29.513916304206962,1,Rodman,-81.83832117664457,2023-11-19,"{""type"":""MultiPoint"",""coordinates"":[]}"
1_280_0,984,428,477,1112,614,1833,3207,3572,3448,3606,3,floating_plants,RO0082_20231119,29.513514828783926,1,Rodman,-81.83968341039571,2023-11-19,"{""type"":""MultiPoint"",""coordinates"":[]}"
1_281_0,985,434,499,1064,598,1833,3216,3493,3460,3534,3,floating_plants,RO0083_20231119,29.513216055342532,1,Rodman,-81.83900765664514,2023-11-19,"{""type"":""MultiPoint"",""coordinates"":[]}"
1_282_0,980,422,463,1094,580,1775,3182,3509,3568,3605,3,floating_plants,RO0084_20231119,29.512422434106206,1,Rodman,-81.84049860539642,2023-11-19,"{""type"":""MultiPoint"",""coordinates"":[]}"
1_283_0,406,196,293,634,326,937,1481,1532,1848,1571,3,floating_plants,RO0085_20231119,29.512833250631832,1,Rodman,-81.836818154311,2023-11-19,"{""type"":""MultiPoint"",""coordinates"":[]}"
1_284_0,213,95,244,440,255,486,844,844,1422,811,3,floating_plants,RO0086_20231119,29.511918248020823,1,Rodman,-81.83757971806163,2023-11-19,"{""type"":""MultiPoint"",""coordinates"":[]}"
1_285_0,337,146,234,484,276,745,1077,1306,1518,1482,3,floating_plants,RO0087_20231119,29.51380426476418,1,Rodman,-81.83763334931169,2023-11-19,"{""type"":""MultiPoint"",""coordinates"":[]}"
1_286_0,65,45,155,199,164,145,193,253,724,286,3,floating_plants,RO0088_20231119,29.514635221384218,1,Rodman,-81.8402398280639,2023-11-19,"{""type"":""MultiPoint"",""coordinates"":[]}"
1_287_0,65,39,86,62,51,155,194,252,112,255,3,floating_plants,RO0089_20231119,29.512870597501493,1,Rodman,-81.8355310043099,2023-11-19,"{""type"":""MultiPoint"",""coordinates"":[]}"
1_288_0,26,17,124,90,78,66,109,134,268,109,3,floating_plants,RO0090_20231119,29.514420480439494,1,Rodman,-81.84324317806646,2023-11-19,"{""type"":""MultiPoint"",""coordinates"":[]}"
1_289_0,38,20,101,74,47,67,110,160,161,108,3,floating_plants,RO0091_20231119,29.513001311436764,1,Rodman,-81.8431895468164,2023-11-19,"{""type"":""MultiPoint"",""coordinates"":[]}"
1_290_0,63,40,144,311,122,155,243,278,783,345,3,floating_plants,RO0092_20231119,29.511180637733688,1,Rodman,-81.82254829807194,2023-11-19,"{""type"":""MultiPoint"",""coordinates"":[]}"
1_291_0,19,12,77,81,60,55,62,74,140,59,3,floating_plants,RO0093_20231119,29.510573739261893,1,Rodman,-81.82353511307278,2023-11-19,"{""type"":""MultiPoint"",""coordinates"":[]}"
1_292_0,57,11,79,19,20,42,25,62,48,36,3,floating_plants,RO0094_20231119,29.50964004220026,1,Rodman,-81.8263024855751,2023-11-19,"{""type"":""MultiPoint"",""coordinates"":[]}"
1_293_0,23,15,102,114,47,71,99,95,181,97,3,floating_plants,RO0095_20231119,29.512161004612942,1,Rodman,-81.82237593070319,2023-11-19,"{""type"":""MultiPoint"",""coordinates"":[]}"
1_294_0,1111,523,503,1180,582,1711,3560,3900,4304,3825,3,floating_plants,RO0096_20231119,29.508435560022214,1,Rodman,-81.83001411460903,2023-11-19,"{""type"":""MultiPoint"",""coordinates"":[]}"
1_295_0,1034,432,534,1198,678,1900,3125,3456,3744,3448,3,floating_plants,RO0097_20231119,29.527798906449807,1,Rodman,-81.82454605713585,2023-11-19,"{""type"":""MultiPoint"",""coordinates"":[]}"
1_296_0,136,71,131,198,99,228,339,389,466,347,3,floating_plants,RO0098_20231119,29.512375750319055,1,Rodman,-81.90516129515535,2023-11-19,"{""type"":""MultiPoint"",""coordinates"":[]}"
1_297_0,234,110,191,316,191,394,779,787,958,807,3,floating_plants,RO0099_20231119,29.512282382662622,1,Rodman,-81.90093515265175,2023-11-19,"{""type"":""MultiPoint"",""coordinates"":[]}"
1_298_0,102,41,127,170,84,166,289,335,554,305,3,floating_plants,RO0100_20231119,29.510601750119605,1,Rodman,-81.90031303015122,2023-11-19,"{""type"":""MultiPoint"",""coordinates"":[]}"
1_299_0,31,19,89,60,49,44,32,22,31,41,2,open_water,RO0101_20231119,29.521674739465197,0,Rodman,-81.86501463713306,2023-11-19,"{""type"":""MultiPoint"",""coordinates"":[]}"
1_300_0,7,14,78,67,49,45,10,27,13,14,2,open_water,RO0102_20231119,29.525707769370367,0,Rodman,-81.85754916712672,2023-11-19,"{""type"":""MultiPoint"",""coordinates"":[]}"
1_301_0,8,11,84,47,42,34,41,46,34,38,2,open_water,RO0103_20231119,29.523541902925583,0,Rodman,-81.83639700210877,2023-11-19,"{""type"":""MultiPoint"",""coordinates"":[]}"
1_302_0,12,22,84,53,44,40,15,28,25,22,2,open_water,RO0104_20231119,29.53059946949254,0,Rodman,-81.84330470711463,2023-11-19,"{""type"":""MultiPoint"",""coordinates"":[]}"
1_303_0,22,17,83,27,45,18,5,9,16,13,2,open_water,RO0105_20231119,29.53452012703594,0,Rodman,-81.83450918210717,2023-11-19,"{""type"":""MultiPoint"",""coordinates"":[]}"
1_304_0,26,30,72,37,28,34,30,54,48,36,2,open_water,RO0106_20231119,29.53112223261318,0,Rodman,-81.82953220210294,2023-11-19,"{""type"":""MultiPoint"",""coordinates"":[]}"
1_305_0,15,6,82,41,22,25,25,31,29,13,2,open_water,RO0107_20231119,29.524662184461977,0,Rodman,-81.82854538710211,2023-11-19,"{""type"":""MultiPoint"",""coordinates"":[]}"
1_306_0,21,23,72,39,37,36,21,36,37,48,2,open_water,RO0108_20231119,29.526454609117206,0,Rodman,-81.82017891209503,2023-11-19,"{""type"":""MultiPoint"",""coordinates"":[]}"
1_307_0,5,8,79,36,19,26,25,27,15,22,2,open_water,RO0109_20231119,29.52223489212134,0,Rodman,-81.82047924709526,2023-11-19,"{""type"":""MultiPoint"",""coordinates"":[]}"
1_308_0,8,12,80,38,37,33,29,30,21,5,2,open_water,RO0110_20231119,29.516931989367865,0,Rodman,-81.84450604711564,2023-11-19,"{""type"":""MultiPoint"",""coordinates"":[]}"
1_309_0,7,14,82,48,31,29,15,33,30,24,2,open_water,RO0111_20231119,29.519732852914597,0,Rodman,-81.83210650210513,2023-11-19,"{""type"":""MultiPoint"",""coordinates"":[]}"
1_310_0,16,17,66,49,36,26,11,10,10,8,2,open_water,RO0112_20231119,29.511143291218925,0,Rodman,-81.83261662446111,2023-11-19,"{""type"":""MultiPoint"",""coordinates"":[]}"
1_311_0,8,10,94,32,14,26,22,25,19,21,2,open_water,RO0113_20231119,29.513608196211766,0,Rodman,-81.82669573445608,2023-11-19,"{""type"":""MultiPoint"",""coordinates"":[]}"
1_312_0,15,5,77,22,27,27,7,9,17,14,2,open_water,RO0114_20231119,29.508155447118156,0,Rodman,-81.82098936945124,2023-11-19,"{""type"":""MultiPoint"",""coordinates"":[]}"
1_313_0,13,11,43,41,30,22,0,5,0,5,2,open_water,RO0115_20231119,29.506848237593847,0,Rodman,-81.81498266944615,2023-11-19,"{""type"":""MultiPoint"",""coordinates"":[]}"
1_314_0,0,0,83,25,36,33,16,32,22,23,2,open_water,RO0116_20231119,29.51289860850299,0,Rodman,-81.81348099444487,2023-11-19,"{""type"":""MultiPoint"",""coordinates"":[]}"
1_315_0,18,25,52,26,19,6,0,14,3,7,2,open_water,RO0117_20231119,29.507184378797913,0,Rodman,-81.81116412444293,2023-11-19,"{""type"":""MultiPoint"",""coordinates"":[]}"
1_316_0,14,8,55,13,23,17,11,7,12,4,2,open_water,RO0118_20231119,29.510695120225805,0,Rodman,-81.8061871444387,2023-11-19,"{""type"":""MultiPoint"",""coordinates"":[]}"
1_317_0,9,4,77,31,26,20,6,19,17,19,2,open_water,RO0119_20231119,29.516297115015483,0,Rodman,-81.8086756344408,2023-11-19,"{""type"":""MultiPoint"",""coordinates"":[]}"
1_318_0,18,10,49,35,28,12,8,14,13,21,2,open_water,RO0120_20231119,29.512039627252346,0,Rodman,-81.80571518943829,2023-11-19,"{""type"":""MultiPoint"",""coordinates"":[]}"
1_319_0,8,16,86,27,33,29,13,1,4,8,2,open_water,RO0121_20231119,29.521450676363227,0,Rodman,-81.8091475894412,2023-11-19,"{""type"":""MultiPoint"",""coordinates"":[]}"
1_320_0,16,6,86,32,35,23,0,16,9,10,2,open_water,RO0122_20231119,29.51379492899248,0,Rodman,-81.83244500446096,2023-11-19,"{""type"":""MultiPoint"",""coordinates"":[]}"
1_321_0,7,3,81,50,32,38,11,23,19,14,2,open_water,RO0123_20231119,29.51648384283514,0,Rodman,-81.85286778447829,2023-11-19,"{""type"":""MultiPoint"",""coordinates"":[]}"
1_322_0,7,15,82,51,33,25,4,13,0,18,2,open_water,RO0124_20231119,29.516446497298745,0,Rodman,-81.86179202448587,2023-11-19,"{""type"":""MultiPoint"",""coordinates"":[]}"
1_323_0,11,13,95,51,36,30,16,27,11,17,2,open_water,RO0125_20231119,29.52092786326182,0,Rodman,-81.85968967948406,2023-11-19,"{""type"":""MultiPoint"",""coordinates"":[]}"
1_324_0,14,6,101,56,36,46,24,22,19,10,2,open_water,RO0126_20231119,29.519284718785425,0,Rodman,-81.8567721394816,2023-11-19,"{""type"":""MultiPoint"",""coordinates"":[]}"
1_325_0,0,2,91,58,48,40,30,36,21,30,2,open_water,RO0127_20231119,29.519732851743363,0,Rodman,-81.85200968447755,2023-11-19,"{""type"":""MultiPoint"",""coordinates"":[]}"
1_326_0,15,15,68,30,19,11,0,1,1,0,2,open_water,RO0128_20231119,29.51342146249032,0,Rodman,-81.90034039953473,2023-11-19,"{""type"":""MultiPoint"",""coordinates"":[]}"
1_327_0,34,12,84,42,30,22,0,25,22,17,2,open_water,RO0129_20231119,29.517342785771802,0,Rodman,-81.89776609953255,2023-11-19,"{""type"":""MultiPoint"",""coordinates"":[]}"
1_328_0,15,15,49,27,19,24,0,25,4,3,2,open_water,RO0130_20231119,29.51297330158411,0,Rodman,-81.892402974528,2023-11-19,"{""type"":""MultiPoint"",""coordinates"":[]}"
1_329_0,29,23,91,17,10,14,0,21,10,13,2,open_water,RO0131_20231119,29.51297330158411,0,Rodman,-81.88201996451919,2023-11-19,"{""type"":""MultiPoint"",""coordinates"":[]}"
1_330_0,28,15,59,28,13,14,8,6,4,0,2,open_water,RO0132_20231119,29.510190924936126,0,Rodman,-81.90219939162037,2023-11-19,"{""type"":""MultiPoint"",""coordinates"":[]}"
1_331_0,24,15,51,35,19,10,0,0,7,11,2,open_water,RO0133_20231119,29.51149809129733,0,Rodman,-81.9011696716195,2023-11-19,"{""type"":""MultiPoint"",""coordinates"":[]}"
1_332_0,38,22,80,32,26,22,0,0,3,12,2,open_water,RO0134_20231119,29.509761423733156,0,Rodman,-81.89983961661837,2023-11-19,"{""type"":""MultiPoint"",""coordinates"":[]}"
1_333_0,15,16,57,42,24,18,0,15,0,0,2,open_water,RO0135_20231119,29.510807162609503,0,Rodman,-81.89859537161732,2023-11-19,"{""type"":""MultiPoint"",""coordinates"":[]}"
1_334_0,17,11,51,32,24,0,0,0,0,2,2,open_water,RO0136_20231119,29.51116196441668,0,Rodman,-81.89578509411493,2023-11-19,"{""type"":""MultiPoint"",""coordinates"":[]}"
1_335_0,10,11,69,11,23,13,0,0,0,0,2,open_water,RO0137_20231119,29.51372023537097,0,Rodman,-81.89653593161556,2023-11-19,"{""type"":""MultiPoint"",""coordinates"":[]}"
1_336_0,19,28,85,25,40,15,0,0,0,16,2,open_water,RO0138_20231119,29.51695066032638,0,Rodman,-81.89451939661386,2023-11-19,"{""type"":""MultiPoint"",""coordinates"":[]}"
1_337_0,22,15,37,28,17,9,4,10,4,4,2,open_water,RO0139_20231119,29.50774461110728,0,Rodman,-81.88428655410516,2023-11-19,"{""type"":""MultiPoint"",""coordinates"":[]}"
1_338_0,20,19,66,33,36,27,0,9,8,17,2,open_water,RO0140_20231119,29.509686727485832,0,Rodman,-81.87915502583131,2023-11-19,"{""type"":""MultiPoint"",""coordinates"":[]}"
1_339_0,27,15,63,25,40,12,0,9,3,1,2,open_water,RO0141_20231119,29.507445820434533,0,Rodman,-81.88130027583313,2023-11-19,"{""type"":""MultiPoint"",""coordinates"":[]}"
1_340_0,18,20,83,45,22,26,0,0,3,1,2,open_water,RO0142_20231119,29.51263717944793,0,Rodman,-81.87482162082765,2023-11-19,"{""type"":""MultiPoint"",""coordinates"":[]}"
1_341_0,18,20,72,39,45,32,2,9,3,12,2,open_water,RO0143_20231119,29.513029321651597,0,Rodman,-81.87023078582376,2023-11-19,"{""type"":""MultiPoint"",""coordinates"":[]}"
1_342_0,19,5,87,42,30,23,0,3,5,3,2,open_water,RO0144_20231119,29.514896644635858,0,Rodman,-81.87035950082385,2023-11-19,"{""type"":""MultiPoint"",""coordinates"":[]}"
1_343_0,29,18,75,55,36,34,20,22,22,19,2,open_water,RO0145_20231119,29.515288778830683,0,Rodman,-81.85825336019833,2023-11-19,"{""type"":""MultiPoint"",""coordinates"":[]}"
1_344_0,29,15,75,57,41,34,20,30,20,33,2,open_water,RO0146_20231119,29.512002279681568,0,Rodman,-81.85325458116333,2023-11-19,"{""type"":""MultiPoint"",""coordinates"":[]}"
1_345_0,11,8,60,41,41,33,8,10,8,12,2,open_water,RO0147_20231119,29.513850948365,0,Rodman,-81.85147402366184,2023-11-19,"{""type"":""MultiPoint"",""coordinates"":[]}"
1_346_0,14,17,97,48,35,46,20,14,17,19,2,open_water,RO0148_20231119,29.514317778551256,0,Rodman,-81.84658285365767,2023-11-19,"{""type"":""MultiPoint"",""coordinates"":[]}"
1_347_0,15,7,86,18,33,12,20,21,8,17,2,open_water,RO0149_20231119,29.513944314574534,0,Rodman,-81.83607112864875,2023-11-19,"{""type"":""MultiPoint"",""coordinates"":[]}"
1_348_0,44,17,70,44,42,59,43,56,23,21,2,open_water,RO0150_20231119,29.51028429467778,0,Rodman,-81.83592096114862,2023-11-19,"{""type"":""MultiPoint"",""coordinates"":[]}"
1_349_0,10,22,78,57,37,39,24,28,16,21,2,open_water,RO0151_20231119,29.526081189557797,0,Rodman,-81.85313302435092,2023-11-19,"{""type"":""MultiPoint"",""coordinates"":[]}"
1_350_0,23,20,84,50,49,54,42,43,37,33,2,open_water,RO0152_20231119,29.52835902514022,0,Rodman,-81.8515884443496,2023-11-19,"{""type"":""MultiPoint"",""coordinates"":[]}"
1_351_0,10,1,83,41,43,31,17,25,17,23,2,open_water,RO0153_20231119,29.531047551957645,0,Rodman,-81.83854532433854,2023-11-19,"{""type"":""MultiPoint"",""coordinates"":[]}"
1_352_0,7,12,85,47,33,34,16,28,17,20,2,open_water,RO0154_20231119,29.528396366279814,0,Rodman,-81.83459806433521,2023-11-19,"{""type"":""MultiPoint"",""coordinates"":[]}"
1_353_0,6,0,102,48,49,52,35,36,30,31,2,open_water,RO0155_20231119,29.522197548332212,0,Rodman,-81.844981074344,2023-11-19,"{""type"":""MultiPoint"",""coordinates"":[]}"
1_354_0,5,6,104,70,45,41,38,41,18,21,2,open_water,RO0156_20231119,29.51794030880002,0,Rodman,-81.84957190934792,2023-11-19,"{""type"":""MultiPoint"",""coordinates"":[]}"
1_355_0,20,11,76,64,49,33,28,27,18,19,2,open_water,RO0157_20231119,29.523803302685113,0,Rodman,-81.86184273935832,2023-11-19,"{""type"":""MultiPoint"",""coordinates"":[]}"
1_356_0,29,30,73,45,37,29,23,52,14,37,2,open_water,RO0158_20231119,29.495661566343347,0,Rodman,-81.91731541651065,2023-11-19,"{""type"":""MultiPoint"",""coordinates"":[]}"
1_357_0,31,17,70,22,20,25,5,17,15,24,2,open_water,RO0159_20231119,29.49859375112214,0,Rodman,-81.91739068387028,2023-11-19,"{""type"":""MultiPoint"",""coordinates"":[]}"
1_358_0,46,17,56,53,33,29,22,31,38,31,2,open_water,RO0160_20231119,29.500834854556686,0,Rodman,-81.91598493222514,2023-11-19,"{""type"":""MultiPoint"",""coordinates"":[]}"
1_359_0,100,39,141,224,116,255,357,346,466,365,3,floating_plants,RO0161_20231119,29.52084850722854,1,Rodman,-81.85298440262166,2023-11-19,"{""type"":""MultiPoint"",""coordinates"":[]}"
1_360_0,48,24,144,175,90,115,200,181,308,180,3,floating_plants,RO0162_20231119,29.52055909144453,1,Rodman,-81.85134328637025,2023-11-19,"{""type"":""MultiPoint"",""coordinates"":[]}"
1_361_0,63,31,123,155,86,156,243,270,294,242,3,floating_plants,RO0163_20231119,29.519821544252217,1,Rodman,-81.85563378637389,2023-11-19,"{""type"":""MultiPoint"",""coordinates"":[]}"
1_362_0,38,25,144,165,105,114,169,213,278,167,3,floating_plants,RO0164_20231119,29.520008265536624,1,Rodman,-81.8473415365481,2023-11-19,"{""type"":""MultiPoint"",""coordinates"":[]}"
1_363_0,57,26,140,197,113,180,189,203,417,210,3,floating_plants,RO0165_20231119,29.519709511152353,1,Rodman,-81.8574902642128,2023-11-19,"{""type"":""MultiPoint"",""coordinates"":[]}"
1_364_0,45,34,130,151,94,102,177,186,333,154,3,floating_plants,RO0166_20231119,29.52062911161153,1,Rodman,-81.86153536254263,2023-11-19,"{""type"":""MultiPoint"",""coordinates"":[]}"
1_365_0,61,37,168,256,143,177,262,236,465,265,3,floating_plants,RO0167_20231119,29.52262699587047,1,Rodman,-81.85960463754098,2023-11-19,"{""type"":""MultiPoint"",""coordinates"":[]}"
1_366_0,53,22,114,123,78,138,164,194,262,229,3,floating_plants,RO0168_20231119,29.520377039271565,1,Rodman,-81.85728665812337,2023-11-19,"{""type"":""MultiPoint"",""coordinates"":[]}"
1_367_0,40,19,110,138,80,107,174,181,267,172,3,floating_plants,RO0169_20231119,29.520591767576892,1,Rodman,-81.85548464812184,2023-11-19,"{""type"":""MultiPoint"",""coordinates"":[]}"
1_368_0,56,27,110,117,72,119,171,175,254,147,3,floating_plants,RO0170_20231119,29.52396200891007,1,Rodman,-81.81701065539768,2023-11-19,"{""type"":""MultiPoint"",""coordinates"":[]}"
1_369_0,25,12,102,68,31,62,60,62,95,56,3,floating_plants,RO0171_20231119,29.524601501817838,1,Rodman,-81.81979948040005,2023-11-19,"{""type"":""MultiPoint"",""coordinates"":[]}"
1_370_0,37,20,81,60,31,85,87,121,116,117,3,floating_plants,RO0172_20231119,29.524666851230396,1,Rodman,-81.81785266602338,2023-11-19,"{""type"":""MultiPoint"",""coordinates"":[]}"
1_371_0,44,39,93,97,52,85,152,148,178,173,3,floating_plants,RO0173_20231119,29.513832274821713,1,Rodman,-81.80818163921958,2023-11-19,"{""type"":""MultiPoint"",""coordinates"":[]}"
1_372_0,33,10,84,45,34,59,67,87,68,67,3,floating_plants,RO0174_20231119,29.511199311472488,1,Rodman,-81.80850303881228,2023-11-19,"{""type"":""MultiPoint"",""coordinates"":[]}"
1_373_0,36,23,93,51,42,48,62,83,70,81,3,floating_plants,RO0175_20231119,29.512459781054666,1,Rodman,-81.80789164256177,2023-11-19,"{""type"":""MultiPoint"",""coordinates"":[]}"
1_374_0,17,7,93,65,31,50,59,74,74,67,3,floating_plants,RO0176_20231119,29.514523182767057,1,Rodman,-81.80958670038925,2023-11-19,"{""type"":""MultiPoint"",""coordinates"":[]}"
1_375_0,29,21,92,70,31,57,86,83,79,74,3,floating_plants,RO0177_20231119,29.51761353828796,1,Rodman,-81.81187208987481,2023-11-19,"{""type"":""MultiPoint"",""coordinates"":[]}"
1_376_0,17,20,80,55,35,51,57,33,85,39,3,floating_plants,RO0178_20231119,29.519527457567428,1,Rodman,-81.81340645307807,2023-11-19,"{""type"":""MultiPoint"",""coordinates"":[]}"
1_377_0,1015,422,496,1154,601,1559,3204,3488,3904,3257,3,floating_plants,RO0179_20231119,29.524998265609764,1,Rodman,-81.80332714510723,2023-11-19,"{""type"":""MultiPoint"",""coordinates"":[]}"
1_378_0,41,14,119,116,76,97,128,188,230,150,3,floating_plants,RO0180_20231119,29.520180982456314,1,Rodman,-81.84853264423474,2023-11-19,"{""type"":""MultiPoint"",""coordinates"":[]}"
1_379_0,979,429,183,314,252,559,1711,2054,2338,2306,1,LEV,RO0181_20231119,29.525222324326666,0,Rodman,-81.89091742613746,2023-11-19,"{""type"":""MultiPoint"",""coordinates"":[]}"
1_380_0,2566,1658,568,830,852,1312,1970,2207,2718,2509,1,LEV,RO0182_20231119,29.540904876302182,0,Rodman,-81.88576882613309,2023-11-19,"{""type"":""MultiPoint"",""coordinates"":[]}"
1_381_0,3272,1923,483,652,764,1139,2041,2372,2514,2704,1,LEV,RO0183_20231119,29.544190436166126,0,Rodman,-81.89778222614329,2023-11-19,"{""type"":""MultiPoint"",""coordinates"":[]}"
1_382_0,1148,693,225,322,270,519,836,1008,1162,1181,1,LEV,RO0184_20231119,29.54926790955215,0,Rodman,-81.81780730607542,2023-11-19,"{""type"":""MultiPoint"",""coordinates"":[]}"
1_383_0,3377,2047,504,766,795,1399,2165,2421,2700,2808,1,LEV,RO0185_20231119,29.54000879598933,0,Rodman,-81.80853982606756,2023-11-19,"{""type"":""MultiPoint"",""coordinates"":[]}"
1_384_0,3821,2843,1298,1534,1832,1795,2762,3000,3196,3373,1,LEV,RO0186_20231119,29.531346276871634,0,Rodman,-81.92026444616235,2023-11-19,"{""type"":""MultiPoint"",""coordinates"":[]}"
1_385_0,1326,618,204,332,239,630,1572,1985,1894,2113,1,LEV,RO0187_20231119,29.493102846476944,0,Rodman,-81.87615810612492,2023-11-19,"{""type"":""MultiPoint"",""coordinates"":[]}"
1_386_0,2054,1364,341,640,603,1030,1919,2327,2484,2653,1,LEV,RO0188_20231119,29.49086157241836,0,Rodman,-81.89761060614313,2023-11-19,"{""type"":""MultiPoint"",""coordinates"":[]}"
1_387_0,1047,475,166,287,138,539,1563,1826,1766,2088,1,LEV,RO0189_20231119,29.501918043303455,0,Rodman,-81.84475164609827,2023-11-19,"{""type"":""MultiPoint"",""coordinates"":[]}"
1_388_0,1048,434,182,314,161,564,1941,2358,2358,2603,1,LEV,RO0190_20231119,29.500274590220634,0,Rodman,-81.82758964608374,2023-11-19,"{""type"":""MultiPoint"",""coordinates"":[]}"
1_389_0,924,383,156,242,159,501,1632,1984,1860,2235,1,LEV,RO0191_20231119,29.533437295682706,0,Rodman,-81.87048868785985,2023-11-19,"{""type"":""MultiPoint"",""coordinates"":[]}"
1_390_0,1290,574,221,386,268,622,1591,2046,2230,2302,1,LEV,RO0192_20231119,29.539710098767436,0,Rodman,-81.84955104784208,2023-11-19,"{""type"":""MultiPoint"",""coordinates"":[]}"
1_391_0,1061,429,136,210,150,551,1550,1983,1814,2218,1,LEV,RO0193_20231119,29.533736009415037,0,Rodman,-81.80012448780013,2023-11-19,"{""type"":""MultiPoint"",""coordinates"":[]}"
1_392_0,1382,657,236,415,250,763,1688,2100,2512,2424,1,LEV,RO0194_20231119,29.503561467693803,0,Rodman,-81.80458660780394,2023-11-19,"{""type"":""MultiPoint"",""coordinates"":[]}"
1_393_0,1487,809,241,342,344,833,1505,1754,1686,2031,1,LEV,RO0195_20231119,29.50027458820042,0,Rodman,-81.79497588779579,2023-11-19,"{""type"":""MultiPoint"",""coordinates"":[]}"
1_394_0,1153,618,241,396,284,757,1203,1446,1664,1582,1,LEV,RO0196_20231119,29.49414875538058,0,Rodman,-81.79703532779752,2023-11-19,"{""type"":""MultiPoint"",""coordinates"":[]}"
1_395_0,1399,729,226,317,311,682,1449,1696,1594,1945,1,LEV,RO0197_20231119,29.5020674447864,0,Rodman,-81.81025006780874,2023-11-19,"{""type"":""MultiPoint"",""coordinates"":[]}"
1_396_0,1251,588,201,389,226,623,1793,2139,2370,2347,1,LEV,RO0198_20231119,29.50535426608454,0,Rodman,-81.86722790785707,2023-11-19,"{""type"":""MultiPoint"",""coordinates"":[]}"
1_397_0,2076,1385,1024,1144,912,1144,1681,2049,2504,2348,1,LEV,RO0199_20231119,29.509537338876445,0,Rodman,-81.86602656785607,2023-11-19,"{""type"":""MultiPoint"",""coordinates"":[]}"
1_398_0,687,296,197,360,169,554,1509,1571,1534,1525,1,LEV,RO0200_20231119,29.520367703590725,0,Rodman,-81.87494056710376,2023-11-19,"{""type"":""MultiPoint"",""coordinates"":[]}"
1_399_0,579,260,135,172,99,258,876,1115,1142,1105,1,LEV,RO0201_20231119,29.519396752431888,0,Rodman,-81.87150816710087,2023-11-19,"{""type"":""MultiPoint"",""coordinates"":[]}"
1_400_0,1054,446,188,244,158,454,1482,1855,1982,2216,1,LEV,RO0202_20231119,29.52514763499168,0,Rodman,-81.86584470709604,2023-11-19,"{""type"":""MultiPoint"",""coordinates"":[]}"
1_401_0,1201,511,182,324,185,660,1950,2409,2452,2747,1,LEV,RO0203_20231119,29.520293015370815,0,Rodman,-81.89090122711731,2023-11-19,"{""type"":""MultiPoint"",""coordinates"":[]}"
1_402_0,1210,712,346,493,536,855,1713,1970,1992,1987,1,LEV,RO0204_20231119,29.515811621292908,0,Rodman,-81.88952826711613,2023-11-19,"{""type"":""MultiPoint"",""coordinates"":[]}"
1_403_0,884,421,249,478,238,718,1747,1888,1964,1865,1,LEV,RO0205_20231119,29.51827641259476,0,Rodman,-81.88592424711308,2023-11-19,"{""type"":""MultiPoint"",""coordinates"":[]}"
1_404_0,1547,793,336,622,438,1029,2602,3110,3240,3401,1,LEV,RO0206_20231119,29.515326124540024,0,Rodman,-81.90316751602309,2023-11-19,"{""type"":""MultiPoint"",""coordinates"":[]}"
1_405_0,1584,808,318,604,434,1040,2990,3544,3740,3762,1,LEV,RO0207_20231119,29.51648384230386,0,Rodman,-81.90106206258864,2023-11-19,"{""type"":""MultiPoint"",""coordinates"":[]}"
1_406_0,1835,996,373,664,614,1096,2389,2754,3038,3238,1,LEV,RO0208_20231119,29.514261758905842,0,Rodman,-81.90372217259089,2023-11-19,"{""type"":""MultiPoint"",""coordinates"":[]}"
1_407_0,1416,752,278,464,406,837,1669,1963,2002,2106,1,LEV,RO0209_20231119,29.514971337057816,0,Rodman,-81.90563144509251,2023-11-19,"{""type"":""MultiPoint"",""coordinates"":[]}"
1_408_0,1465,800,299,467,503,886,1511,1853,2046,2035,1,LEV,RO0210_20231119,29.511274006853533,0,Rodman,-81.90981468259606,2023-11-19,"{""type"":""MultiPoint"",""coordinates"":[]}"
1_409_0,1345,678,392,760,550,1375,2854,3322,3564,3724,1,LEV,RO0211_20231119,29.5078566566409,0,Rodman,-81.91116891062231,2023-11-19,"{""type"":""MultiPoint"",""coordinates"":[]}"
1_410_0,1224,519,181,300,206,568,1771,2196,2404,2483,1,LEV,RO0212_20231119,29.507277749939572,0,Rodman,-81.90636355061824,2023-11-19,"{""type"":""MultiPoint"",""coordinates"":[]}"
1_411_0,1392,774,351,450,468,821,1971,1933,1648,2586,1,LEV,RO0213_20231119,29.503860265512596,0,Rodman,-81.91661784562693,2023-11-19,"{""type"":""MultiPoint"",""coordinates"":[]}"
1_412_0,1557,849,180,277,349,826,1351,1641,1976,2269,1,LEV,RO0214_20231119,29.50707233063695,0,Rodman,-81.91593136562635,2023-11-19,"{""type"":""MultiPoint"",""coordinates"":[]}"
1_413_0,1313,624,275,557,317,1018,2975,3346,3728,3665,1,LEV,RO0215_20231119,29.494709054967252,0,Rodman,-81.91286418050593,2023-11-19,"{""type"":""MultiPoint"",""coordinates"":[]}"
1_414_0,811,361,224,383,206,572,1603,1703,1700,1671,1,LEV,RO0216_20231119,29.49696892026433,0,Rodman,-81.91217770050535,2023-11-19,"{""type"":""MultiPoint"",""coordinates"":[]}"
1_415_0,1348,604,284,586,294,999,3157,3728,3752,3795,1,LEV,RO0217_20231119,29.48847081801938,0,Rodman,-81.91412987800702,2023-11-19,"{""type"":""MultiPoint"",""coordinates"":[]}"
1_416_0,1364,612,266,574,300,1044,3515,4104,3948,4432,1,LEV,RO0218_20231119,29.486715076367215,0,Rodman,-81.91224221316844,2023-11-19,"{""type"":""MultiPoint"",""coordinates"":[]}"
1_417_0,1283,599,302,596,374,1073,2944,3358,3316,3593,1,LEV,RO0219_20231119,29.484006693218724,0,Rodman,-81.91397986566992,2023-11-19,"{""type"":""MultiPoint"",""coordinates"":[]}"
1_418_0,1533,800,367,690,448,1085,3187,3855,3828,3829,1,LEV,RO0220_20231119,29.478160074543016,0,Rodman,-81.91378679316975,2023-11-19,"{""type"":""MultiPoint"",""coordinates"":[]}"
1_419_0,1424,741,360,602,512,1041,2650,3132,3152,3258,1,LEV,RO0221_20231119,29.4823629495276,0,Rodman,-81.91861360567385,2023-11-19,"{""type"":""MultiPoint"",""coordinates"":[]}"
1_420_0,1471,713,279,538,320,899,2961,3402,3660,3568,1,LEV,RO0222_20231119,29.476833797817378,0,Rodman,-81.91659707067213,2023-11-19,"{""type"":""MultiPoint"",""coordinates"":[]}"
1_421_0,1462,726,287,493,376,933,2580,3014,3052,3230,1,LEV,RO0223_20231119,29.47892594474814,0,Rodman,-81.91164154316792,2023-11-19,"{""type"":""MultiPoint"",""coordinates"":[]}"
1_422_0,1736,772,309,684,294,1097,4085,4695,5312,4811,1,LEV,RO0224_20231119,29.48043898838734,0,Rodman,-81.90979662816638,2023-11-19,"{""type"":""MultiPoint"",""coordinates"":[]}"
1_423_0,1227,582,385,696,460,1113,2870,3282,3432,3373,1,LEV,RO0225_20231119,29.484753840627995,0,Rodman,-81.91651126067207,2023-11-19,"{""type"":""MultiPoint"",""coordinates"":[]}"
1_424_0,1326,694,331,648,503,1446,3284,3438,3348,3675,1,LEV,RO0226_20231119,29.487051284396667,0,Rodman,-81.91775550567313,2023-11-19,"{""type"":""MultiPoint"",""coordinates"":[]}"
1_425_0,1501,731,316,563,385,915,2584,3041,3028,3173,1,LEV,RO0227_20231119,29.473863621663742,0,Rodman,-81.91346507290679,2023-11-19,"{""type"":""MultiPoint"",""coordinates"":[]}"
1_426_0,2477,1526,642,1088,954,1322,2117,2494,3220,2881,1,LEV,RO0228_20231119,29.475899789167844,0,Rodman,-81.92193881041399,2023-11-19,"{""type"":""MultiPoint"",""coordinates"":[]}"
1_427_0,1825,799,350,628,330,963,3979,4798,5192,5115,1,LEV,RO0229_20231119,29.47156587894456,0,Rodman,-81.91586775290882,2023-11-19,"{""type"":""MultiPoint"",""coordinates"":[]}"
1_428_0,1292,611,305,552,348,984,2758,3083,3268,3235,1,LEV,RO0230_20231119,29.473415285306814,0,Rodman,-81.91732686426873,2023-11-19,"{""type"":""MultiPoint"",""coordinates"":[]}"
1_429_0,2712,1863,830,1152,1346,1390,2106,2467,3140,3063,1,LEV,RO0231_20231119,29.496987597186408,0,Rodman,-81.9005695912385,2023-11-19,"{""type"":""MultiPoint"",""coordinates"":[]}"
1_430_0,1188,516,195,296,242,607,1712,2049,2286,2475,1,LEV,RO0232_20231119,29.50819279482466,0,Rodman,-81.89953964883726,2023-11-19,"{""type"":""MultiPoint"",""coordinates"":[]}"
1_431_0,688,285,182,400,157,590,1547,1652,1582,1667,1,LEV,RO0233_20231119,29.51390696784505,0,Rodman,-81.8884478063823,2023-11-19,"{""type"":""MultiPoint"",""coordinates"":[]}"
1_432_0,1212,670,350,584,512,1104,2220,2472,2680,2715,1,LEV,RO0234_20231119,29.51459787537346,0,Rodman,-81.88329920637794,2023-11-19,"{""type"":""MultiPoint"",""coordinates"":[]}"
1_433_0,1396,761,310,530,417,938,1805,2022,2210,2254,1,LEV,RO0235_20231119,29.518033670418134,0,Rodman,-81.8780625982306,2023-11-19,"{""type"":""MultiPoint"",""coordinates"":[]}"
1_434_0,1328,815,284,395,406,673,1089,1265,1498,1429,1,LEV,RO0236_20231119,29.521544035538547,0,Rodman,-81.88364024823532,2023-11-19,"{""type"":""MultiPoint"",""coordinates"":[]}"
1_435_0,1019,439,218,452,188,738,2003,2196,1850,2134,1,LEV,RO0237_20231119,29.523411201812504,0,Rodman,-81.8767973248418,2023-11-19,"{""type"":""MultiPoint"",""coordinates"":[]}"
1_436_0,2563,1828,1638,1784,2250,1584,2305,2924,3572,3231,1,LEV,RO0238_20231119,29.530375427324493,0,Rodman,-81.8774395757845,2023-11-19,"{""type"":""MultiPoint"",""coordinates"":[]}"
1_437_0,1986,1198,443,597,736,1054,1458,1675,1848,1960,1,LEV,RO0239_20231119,29.53143962318609,0,Rodman,-81.89138370079634,2023-11-19,"{""type"":""MultiPoint"",""coordinates"":[]}"
1_438_0,3245,2278,860,1032,1290,1596,2036,2127,2720,2550,1,LEV,RO0240_20231119,29.53207440135094,0,Rodman,-81.89593163080018,2023-11-19,"{""type"":""MultiPoint"",""coordinates"":[]}"
2_439_0,964,419,454,957,443,1481,2939,3149,3124,3147,3,floating_plants,RO0001_20210905,29.521151926662437,1,Rodman,-81.84446946242296,2021-09-05,"{""type"":""MultiPoint"",""coordinates"":[]}"
2_440_0,1304,552,520,1178,521,1869,4087,4430,4440,4378,3,floating_plants,RO0002_20210905,29.51749216741982,1,Rodman,-81.85940040243561,2021-09-05,"{""type"":""MultiPoint"",""coordinates"":[]}"
2_441_0,1011,437,467,1064,450,1588,3408,3561,3800,3584,3,floating_plants,RO0003_20210905,29.512189015391748,1,Rodman,-81.88780089020456,2021-09-05,"{""type"":""MultiPoint"",""coordinates"":[]}"
2_442_0,984,422,478,1100,462,1429,3113,3485,3976,3318,3,floating_plants,RO0004_20210905,29.51364554236763,1,Rodman,-81.88932401770583,2021-09-05,"{""type"":""MultiPoint"",""coordinates"":[]}"
2_443_0,886,406,388,922,394,1307,3012,3372,3804,3255,3,floating_plants,RO0005_20210905,29.51366421565431,1,Rodman,-81.89058971520691,2021-09-05,"{""type"":""MultiPoint"",""coordinates"":[]}"
2_444_0,619,286,442,1056,436,1011,2193,2609,3860,2444,3,floating_plants,RO0006_20210905,29.512151668270622,1,Rodman,-81.89106167020734,2021-09-05,"{""type"":""MultiPoint"",""coordinates"":[]}"
2_445_0,830,379,358,855,368,1313,2582,2759,2938,2905,3,floating_plants,RO0007_20210905,29.511049921997813,1,Rodman,-81.89020357020658,2021-09-05,"{""type"":""MultiPoint"",""coordinates"":[]}"
2_446_0,707,311,389,900,368,1113,2340,2580,2888,2587,3,floating_plants,RO0008_20210905,29.511199312025727,1,Rodman,-81.8808931851987,2021-09-05,"{""type"":""MultiPoint"",""coordinates"":[]}"
2_447_0,679,313,344,773,324,1064,2030,2150,2456,2102,3,floating_plants,RO0009_20210905,29.51252513886188,1,Rodman,-81.87570168019428,2021-09-05,"{""type"":""MultiPoint"",""coordinates"":[]}"
2_448_0,1072,466,476,1122,490,1647,3447,3642,3792,3654,3,floating_plants,RO0010_20210905,29.516259768982387,1,Rodman,-81.87537989269401,2021-09-05,"{""type"":""MultiPoint"",""coordinates"":[]}"
2_449_0,1047,461,430,978,422,1637,3304,3375,3152,3455,3,floating_plants,RO0011_20210905,29.516166404908912,1,Rodman,-81.8727626876918,2021-09-05,"{""type"":""MultiPoint"",""coordinates"":[]}"
2_450_0,1005,441,452,994,434,1554,3249,3452,3316,3405,3,floating_plants,RO0012_20210905,29.515027356277187,1,Rodman,-81.87857631519671,2021-09-05,"{""type"":""MultiPoint"",""coordinates"":[]}"
2_451_0,1062,453,458,1019,447,1553,3381,3604,3604,3620,3,floating_plants,RO0013_20210905,29.514093700297277,1,Rodman,-81.88016380019806,2021-09-05,"{""type"":""MultiPoint"",""coordinates"":[]}"
2_452_0,1092,472,446,962,419,1609,3448,3572,3396,3634,3,floating_plants,RO0014_20210905,29.513178709080766,1,Rodman,-81.88198726269962,2021-09-05,"{""type"":""MultiPoint"",""coordinates"":[]}"
2_453_0,696,304,333,753,331,944,1876,2216,2282,2011,3,floating_plants,RO0015_20210905,29.513832275079466,1,Rodman,-81.87580894269438,2021-09-05,"{""type"":""MultiPoint"",""coordinates"":[]}"
2_454_0,1040,481,453,992,446,1679,3402,3436,3288,3591,3,floating_plants,RO0016_20210905,29.51329074926599,1,Rodman,-81.87010257768952,2021-09-05,"{""type"":""MultiPoint"",""coordinates"":[]}"
2_455_0,504,238,331,678,313,780,1553,1793,2168,1628,3,floating_plants,RO0017_20210905,29.51330942261814,1,Rodman,-81.87297721269196,2021-09-05,"{""type"":""MultiPoint"",""coordinates"":[]}"
2_456_0,944,432,451,1028,448,1463,3118,3209,3432,3226,3,floating_plants,RO0018_20210905,29.51538214329122,1,Rodman,-81.87085341519018,2021-09-05,"{""type"":""MultiPoint"",""coordinates"":[]}"
2_457_0,869,379,349,797,336,1349,2769,2912,2510,2931,3,floating_plants,RO0019_20210905,29.51661455167608,1,Rodman,-81.86872961768839,2021-09-05,"{""type"":""MultiPoint"",""coordinates"":[]}"
2_458_0,634,286,367,776,345,1036,2117,2264,2330,2025,3,floating_plants,RO0020_20210905,29.51767889229454,1,Rodman,-81.86761408768744,2021-09-05,"{""type"":""MultiPoint"",""coordinates"":[]}"
2_459_0,333,175,219,406,215,710,1420,1179,1010,1305,3,floating_plants,RO0021_20210905,29.517230750240596,1,Rodman,-81.87016693518959,2021-09-05,"{""type"":""MultiPoint"",""coordinates"":[]}"
2_460_0,227,96,202,355,174,250,477,673,934,540,3,floating_plants,RO0022_20210905,29.51734278594012,1,Rodman,-81.8719474926911,2021-09-05,"{""type"":""MultiPoint"",""coordinates"":[]}"
2_461_0,885,410,450,950,419,1432,2916,3186,3002,3102,3,floating_plants,RO0023_20210905,29.517417476337563,1,Rodman,-81.86506124018526,2021-09-05,"{""type"":""MultiPoint"",""coordinates"":[]}"
2_462_0,729,340,466,1015,442,1216,2417,2654,3152,2724,3,floating_plants,RO0024_20210905,29.518239067071185,1,Rodman,-81.86448202268478,2021-09-05,"{""type"":""MultiPoint"",""coordinates"":[]}"
2_463_0,817,364,426,992,411,1453,2914,2720,3108,2661,3,floating_plants,RO0025_20210905,29.51779092749795,1,Rodman,-81.86340939768385,2021-09-05,"{""type"":""MultiPoint"",""coordinates"":[]}"
2_464_0,678,311,333,727,309,1094,2103,2142,2086,2181,3,floating_plants,RO0026_20210905,29.51653986068601,1,Rodman,-81.86383844768423,2021-09-05,"{""type"":""MultiPoint"",""coordinates"":[]}"
2_465_0,396,204,312,620,278,622,1226,1467,1918,1459,3,floating_plants,RO0027_20210905,29.51637180575686,1,Rodman,-81.86137141018214,2021-09-05,"{""type"":""MultiPoint"",""coordinates"":[]}"
2_466_0,198,92,162,322,133,312,595,630,640,632,3,floating_plants,RO0028_20210905,29.516129059255395,1,Rodman,-81.85963375768064,2021-09-05,"{""type"":""MultiPoint"",""coordinates"":[]}"
2_467_0,598,278,442,944,422,1122,2271,2126,3056,2316,3,floating_plants,RO0029_20210905,29.518257739510336,1,Rodman,-81.86066347768154,2021-09-05,"{""type"":""MultiPoint"",""coordinates"":[]}"
2_468_0,738,351,351,798,345,1258,2584,2822,2728,2836,3,floating_plants,RO0030_20210905,29.518407118899496,1,Rodman,-81.86171465018242,2021-09-05,"{""type"":""MultiPoint"",""coordinates"":[]}"
2_469_0,754,342,332,748,313,1132,2361,2474,2276,2471,3,floating_plants,RO0031_20210905,29.51653986068601,1,Rodman,-81.86718503768707,2021-09-05,"{""type"":""MultiPoint"",""coordinates"":[]}"
2_470_0,980,427,425,966,431,1454,3043,3140,3196,3206,3,floating_plants,RO0032_20210905,29.515195413438857,1,Rodman,-81.87643106519491,2021-09-05,"{""type"":""MultiPoint"",""coordinates"":[]}"
2_471_0,950,416,502,1100,460,1414,3068,3377,3784,3381,3,floating_plants,RO0033_20210905,29.514037680664583,1,Rodman,-81.8778469301961,2021-09-05,"{""type"":""MultiPoint"",""coordinates"":[]}"
2_472_0,1003,433,472,1080,469,1560,3358,3600,3872,3652,3,floating_plants,RO0034_20210905,29.51329074926599,1,Rodman,-81.87999218019792,2021-09-05,"{""type"":""MultiPoint"",""coordinates"":[]}"
2_473_0,840,378,398,814,376,1345,2757,2809,2664,2901,3,floating_plants,RO0035_20210905,29.51231973020722,1,Rodman,-81.88037832519825,2021-09-05,"{""type"":""MultiPoint"",""coordinates"":[]}"
2_474_0,683,304,348,767,338,1075,2305,2405,2466,2435,3,floating_plants,RO0036_20210905,29.512338403738497,1,Rodman,-81.87911262769717,2021-09-05,"{""type"":""MultiPoint"",""coordinates"":[]}"
2_475_0,620,274,322,650,292,924,2050,2191,2098,2140,3,floating_plants,RO0037_20210905,29.512506465365053,1,Rodman,-81.88209452519972,2021-09-05,"{""type"":""MultiPoint"",""coordinates"":[]}"
2_476_0,969,407,455,1060,448,1411,3091,3469,3664,3244,3,floating_plants,RO0038_20210905,29.51239442431169,1,Rodman,-81.88357474770098,2021-09-05,"{""type"":""MultiPoint"",""coordinates"":[]}"
2_477_0,935,396,434,1000,420,1418,3006,3202,3308,3214,3,floating_plants,RO0039_20210905,29.513178709080766,1,Rodman,-81.88428268020155,2021-09-05,"{""type"":""MultiPoint"",""coordinates"":[]}"
2_478_0,729,330,360,712,326,1110,2371,2508,2294,2475,3,floating_plants,RO0040_20210905,29.51286126121584,1,Rodman,-81.8857414502028,2021-09-05,"{""type"":""MultiPoint"",""coordinates"":[]}"
2_479_0,723,330,324,782,331,1083,2253,2429,2580,2329,3,floating_plants,RO0041_20210905,29.51308534216502,1,Rodman,-81.8867926227037,2021-09-05,"{""type"":""MultiPoint"",""coordinates"":[]}"
2_480_0,652,297,360,832,360,1064,2127,2169,2608,2312,3,floating_plants,RO0042_20210905,29.51166615444185,1,Rodman,-81.88614904770314,2021-09-05,"{""type"":""MultiPoint"",""coordinates"":[]}"
2_481_0,975,432,434,1022,443,1584,3338,3458,3500,3479,3,floating_plants,RO0043_20210905,29.511274006956963,1,Rodman,-81.88393944020127,2021-09-05,"{""type"":""MultiPoint"",""coordinates"":[]}"
2_482_0,889,392,438,1018,411,1452,3039,3205,3476,3178,3,floating_plants,RO0044_20210905,29.51162880712778,1,Rodman,-81.8824377652,2021-09-05,"{""type"":""MultiPoint"",""coordinates"":[]}"
2_483_0,710,310,373,888,384,1116,2370,2492,2808,2418,3,floating_plants,RO0045_20210905,29.512301056672484,1,Rodman,-81.8891523977057,2021-09-05,"{""type"":""MultiPoint"",""coordinates"":[]}"
2_484_0,467,214,260,534,240,699,1441,1406,1632,1515,3,floating_plants,RO0046_20210905,29.51052705516394,1,Rodman,-81.88898077770556,2021-09-05,"{""type"":""MultiPoint"",""coordinates"":[]}"
2_485_0,360,165,272,611,264,474,1304,1342,1858,1125,3,floating_plants,RO0047_20210905,29.512058300407478,1,Rodman,-81.8937432327096,2021-09-05,"{""type"":""MultiPoint"",""coordinates"":[]}"
2_486_0,251,111,135,198,104,305,686,775,537,636,3,floating_plants,RO0048_20210905,29.510097555387134,1,Rodman,-81.89254189270858,2021-09-05,"{""type"":""MultiPoint"",""coordinates"":[]}"
2_487_0,1167,518,487,1060,475,1753,3624,3869,3596,3929,3,floating_plants,RO0049_20210905,29.51655853369644,1,Rodman,-81.85872697544313,2021-09-05,"{""type"":""MultiPoint"",""coordinates"":[]}"
2_488_0,920,396,432,846,378,1366,2837,3142,2768,3072,3,floating_plants,RO0050_20210905,29.518127032621646,1,Rodman,-81.85748273044207,2021-09-05,"{""type"":""MultiPoint"",""coordinates"":[]}"
2_489_0,798,366,404,811,399,1214,2440,2465,2664,2571,3,floating_plants,RO0051_20210905,29.517790927755673,1,Rodman,-81.85647446294124,2021-09-05,"{""type"":""MultiPoint"",""coordinates"":[]}"
2_490_0,328,159,305,659,264,680,1349,1143,1868,1245,3,floating_plants,RO0052_20210905,29.519023306806712,1,Rodman,-81.85383580543899,2021-09-05,"{""type"":""MultiPoint"",""coordinates"":[]}"
2_491_0,884,411,446,927,433,1571,3082,3203,2854,3254,3,floating_plants,RO0053_20210905,29.520012933664184,1,Rodman,-81.85199089043742,2021-09-05,"{""type"":""MultiPoint"",""coordinates"":[]}"
2_492_0,109,52,175,269,131,206,328,348,602,356,3,floating_plants,RO0054_20210905,29.52066645552806,1,Rodman,-81.85044631043611,2021-09-05,"{""type"":""MultiPoint"",""coordinates"":[]}"
2_493_0,113,34,140,184,82,216,385,412,402,391,3,floating_plants,RO0055_20210905,29.518967289902733,1,Rodman,-81.85070374043634,2021-09-05,"{""type"":""MultiPoint"",""coordinates"":[]}"
2_494_0,177,94,194,302,154,345,700,751,822,748,3,floating_plants,RO0056_20210905,29.518127032621646,1,Rodman,-81.85115424293673,2021-09-05,"{""type"":""MultiPoint"",""coordinates"":[]}"
2_495_0,81,24,119,123,54,129,217,254,188,222,3,floating_plants,RO0057_20210905,29.5176415474569,1,Rodman,-81.85066083543629,2021-09-05,"{""type"":""MultiPoint"",""coordinates"":[]}"
2_496_0,69,29,130,155,85,141,215,225,281,231,3,floating_plants,RO0058_20210905,29.515606218917018,1,Rodman,-81.85160474543709,2021-09-05,"{""type"":""MultiPoint"",""coordinates"":[]}"
2_497_0,67,45,112,149,77,130,238,222,306,223,3,floating_plants,RO0059_20210905,29.516763933748535,1,Rodman,-81.85216251043758,2021-09-05,"{""type"":""MultiPoint"",""coordinates"":[]}"
2_498_0,617,277,233,470,228,878,1776,1722,1484,1769,3,floating_plants,RO0060_20210905,29.519863556645504,1,Rodman,-81.84720698293337,2021-09-05,"{""type"":""MultiPoint"",""coordinates"":[]}"
2_499_0,305,151,170,247,139,507,1161,907,783,1177,3,floating_plants,RO0061_20210905,29.52167473812392,1,Rodman,-81.8471211729333,2021-09-05,"{""type"":""MultiPoint"",""coordinates"":[]}"
2_500_0,234,106,154,235,108,362,747,714,578,729,3,floating_plants,RO0062_20210905,29.5196768350621,1,Rodman,-81.84319536542996,2021-09-05,"{""type"":""MultiPoint"",""coordinates"":[]}"
2_501_0,172,75,230,328,151,303,664,595,844,558,3,floating_plants,RO0063_20210905,29.520330359096686,1,Rodman,-81.83879760292622,2021-09-05,"{""type"":""MultiPoint"",""coordinates"":[]}"
2_502_0,333,185,252,515,229,661,1379,1221,1456,1462,3,floating_plants,RO0064_20210905,29.519583474141164,1,Rodman,-81.8392266529266,2021-09-05,"{""type"":""MultiPoint"",""coordinates"":[]}"
2_503_0,216,106,231,384,184,392,678,744,1014,726,3,floating_plants,RO0065_20210905,29.518575170706487,1,Rodman,-81.83984877542713,2021-09-05,"{""type"":""MultiPoint"",""coordinates"":[]}"
2_504_0,95,44,135,154,73,211,362,387,293,361,3,floating_plants,RO0066_20210905,29.517454821773377,1,Rodman,-81.84188676292884,2021-09-05,"{""type"":""MultiPoint"",""coordinates"":[]}"
2_505_0,161,81,219,389,180,288,610,560,1008,594,3,floating_plants,RO0067_20210905,29.518295084636033,1,Rodman,-81.84107156792815,2021-09-05,"{""type"":""MultiPoint"",""coordinates"":[]}"
2_506_0,119,57,134,174,86,225,400,472,451,368,3,floating_plants,RO0068_20210905,29.515139394673717,1,Rodman,-81.83590151542377,2021-09-05,"{""type"":""MultiPoint"",""coordinates"":[]}"
2_507_0,210,80,248,372,188,384,771,849,1058,700,3,floating_plants,RO0069_20210905,29.524886238551296,1,Rodman,-81.8458969270719,2021-09-05,"{""type"":""MultiPoint"",""coordinates"":[]}"
2_508_0,113,62,158,270,128,254,454,449,637,482,3,floating_plants,RO0070_20210905,29.524400785817065,1,Rodman,-81.84458832457078,2021-09-05,"{""type"":""MultiPoint"",""coordinates"":[]}"
2_509_0,181,89,190,263,136,326,604,630,660,614,3,floating_plants,RO0071_20210905,29.52313112919142,1,Rodman,-81.84523189957133,2021-09-05,"{""type"":""MultiPoint"",""coordinates"":[]}"
2_510_0,377,174,362,698,314,687,1221,1508,2204,1345,3,floating_plants,RO0072_20210905,29.522626996406103,1,Rodman,-81.84274340956921,2021-09-05,"{""type"":""MultiPoint"",""coordinates"":[]}"
2_511_0,110,52,169,189,90,183,477,335,490,395,3,floating_plants,RO0073_20210905,29.52210418938292,1,Rodman,-81.83815257456531,2021-09-05,"{""type"":""MultiPoint"",""coordinates"":[]}"
2_512_0,414,203,345,718,325,912,1597,1633,1972,1840,3,floating_plants,RO0074_20210905,29.524979594579293,1,Rodman,-81.83429112456204,2021-09-05,"{""type"":""MultiPoint"",""coordinates"":[]}"
2_513_0,74,37,168,243,107,203,319,337,455,310,3,floating_plants,RO0075_20210905,29.525427702314467,1,Rodman,-81.83596441956347,2021-09-05,"{""type"":""MultiPoint"",""coordinates"":[]}"
2_514_0,137,70,180,280,140,243,526,452,705,482,3,floating_plants,RO0076_20210905,29.525894479094656,1,Rodman,-81.83941827206638,2021-09-05,"{""type"":""MultiPoint"",""coordinates"":[]}"
2_515_0,117,52,200,338,145,240,506,487,778,450,3,floating_plants,RO0077_20210905,29.52570776864103,1,Rodman,-81.84038363456722,2021-09-05,"{""type"":""MultiPoint"",""coordinates"":[]}"
2_516_0,44,18,133,126,72,85,133,154,189,118,3,floating_plants,RO0078_20210905,29.5257637818133,1,Rodman,-81.83800240706522,2021-09-05,"{""type"":""MultiPoint"",""coordinates"":[]}"
2_517_0,59,27,109,107,62,121,198,217,156,181,3,floating_plants,RO0079_20210905,29.526193215103667,1,Rodman,-81.84405201207034,2021-09-05,"{""type"":""MultiPoint"",""coordinates"":[]}"
2_518_0,124,62,187,290,140,291,443,490,722,569,3,floating_plants,RO0080_20210905,29.525875808064797,1,Rodman,-81.84310810206954,2021-09-05,"{""type"":""MultiPoint"",""coordinates"":[]}"
2_519_0,165,75,160,265,114,293,512,565,594,565,3,floating_plants,RO0081_20210905,29.52596916317959,1,Rodman,-81.84688374207275,2021-09-05,"{""type"":""MultiPoint"",""coordinates"":[]}"
2_520_0,85,40,119,170,72,172,284,337,354,306,3,floating_plants,RO0082_20210905,29.52550238674402,1,Rodman,-81.84915770707465,2021-09-05,"{""type"":""MultiPoint"",""coordinates"":[]}"
2_521_0,65,34,121,157,88,126,190,250,279,218,3,floating_plants,RO0083_20210905,29.523411201875604,1,Rodman,-81.85035904707568,2021-09-05,"{""type"":""MultiPoint"",""coordinates"":[]}"
2_522_0,83,44,157,190,89,155,263,364,339,225,3,floating_plants,RO0084_20210905,29.52333651590231,1,Rodman,-81.8633592620867,2021-09-05,"{""type"":""MultiPoint"",""coordinates"":[]}"
2_523_0,145,70,213,461,172,215,508,800,1898,669,3,floating_plants,RO0085_20210905,29.523411201875604,1,Rodman,-81.8592189295832,2021-09-05,"{""type"":""MultiPoint"",""coordinates"":[]}"
2_524_0,75,40,164,226,98,133,197,243,460,229,3,floating_plants,RO0086_20210905,29.522253563093795,1,Rodman,-81.86290875958632,2021-09-05,"{""type"":""MultiPoint"",""coordinates"":[]}"
2_525_0,83,45,110,95,61,158,281,212,174,289,3,floating_plants,RO0087_20210905,29.521525364170426,1,Rodman,-81.86400283708726,2021-09-05,"{""type"":""MultiPoint"",""coordinates"":[]}"
2_526_0,69,47,111,132,76,131,161,192,206,230,3,floating_plants,RO0088_20210905,29.520498408063823,1,Rodman,-81.86456060208774,2021-09-05,"{""type"":""MultiPoint"",""coordinates"":[]}"
2_527_0,46,28,106,85,64,84,116,110,141,102,3,floating_plants,RO0089_20210905,29.51988222939683,1,Rodman,-81.86200775458556,2021-09-05,"{""type"":""MultiPoint"",""coordinates"":[]}"
2_528_0,69,29,127,171,87,128,215,207,237,200,3,floating_plants,RO0090_20210905,29.519807540818586,1,Rodman,-81.86082786708457,2021-09-05,"{""type"":""MultiPoint"",""coordinates"":[]}"
2_529_0,79,36,104,173,75,145,260,240,289,203,3,floating_plants,RO0091_20210905,29.518929945894733,1,Rodman,-81.85846809208257,2021-09-05,"{""type"":""MultiPoint"",""coordinates"":[]}"
2_530_0,52,22,103,88,59,107,167,153,121,138,3,floating_plants,RO0092_20210905,29.519564802558552,1,Rodman,-81.86421736208743,2021-09-05,"{""type"":""MultiPoint"",""coordinates"":[]}"
2_531_0,592,292,299,534,286,1350,2223,2343,1812,2601,3,floating_plants,RO0093_20210905,29.521749425479076,1,Rodman,-81.8140507495867,2021-09-05,"{""type"":""MultiPoint"",""coordinates"":[]}"
2_532_0,343,174,355,720,346,669,1195,1192,2176,1372,3,floating_plants,RO0094_20210905,29.522570981040392,1,Rodman,-81.81392203458658,2021-09-05,"{""type"":""MultiPoint"",""coordinates"":[]}"
2_533_0,136,70,276,495,238,274,634,631,1284,528,3,floating_plants,RO0095_20210905,29.52160005102397,1,Rodman,-81.8127528733356,2021-09-05,"{""type"":""MultiPoint"",""coordinates"":[]}"
2_534_0,118,59,180,359,144,242,421,502,804,432,3,floating_plants,RO0096_20210905,29.52094653518992,1,Rodman,-81.81146572333449,2021-09-05,"{""type"":""MultiPoint"",""coordinates"":[]}"
2_535_0,395,177,398,816,368,743,1316,1723,2424,1471,3,floating_plants,RO0097_20210905,29.520274343071407,1,Rodman,-81.81036091958356,2021-09-05,"{""type"":""MultiPoint"",""coordinates"":[]}"
2_536_0,171,95,245,395,229,312,816,543,1050,738,3,floating_plants,RO0098_20210905,29.519583474296326,1,Rodman,-81.80941700958279,2021-09-05,"{""type"":""MultiPoint"",""coordinates"":[]}"
2_537_0,218,92,266,501,235,399,785,832,1498,781,3,floating_plants,RO0099_20210905,29.521758761375224,1,Rodman,-81.80837656333188,2021-09-05,"{""type"":""MultiPoint"",""coordinates"":[]}"
2_538_0,150,67,164,222,146,319,571,619,586,590,3,floating_plants,RO0100_20210905,29.522608324459377,1,Rodman,-81.81675485848832,2021-09-05,"{""type"":""MultiPoint"",""coordinates"":[]}"
2_539_0,54,30,128,120,67,126,208,178,252,219,3,floating_plants,RO0101_20210905,29.523084450021493,1,Rodman,-81.82038033099141,2021-09-05,"{""type"":""MultiPoint"",""coordinates"":[]}"
2_540_0,104,64,156,244,106,247,325,371,501,435,3,floating_plants,RO0102_20210905,29.52351389468504,1,Rodman,-81.82309407224372,2021-09-05,"{""type"":""MultiPoint"",""coordinates"":[]}"
2_541_0,170,78,231,416,198,302,606,653,1058,572,3,floating_plants,RO0103_20210905,29.5230004280263,1,Rodman,-81.82327641849388,2021-09-05,"{""type"":""MultiPoint"",""coordinates"":[]}"
2_542_0,282,105,308,672,299,546,1030,1302,1760,952,3,floating_plants,RO0104_20210905,29.52330850833426,1,Rodman,-81.82410233974456,2021-09-05,"{""type"":""MultiPoint"",""coordinates"":[]}"
2_543_0,93,49,168,211,110,191,339,319,456,312,3,floating_plants,RO0105_20210905,29.52371928061891,1,Rodman,-81.82634412599648,2021-09-05,"{""type"":""MultiPoint"",""coordinates"":[]}"
2_544_0,80,45,127,178,81,139,236,218,326,239,3,floating_plants,RO0106_20210905,29.52358858052742,1,Rodman,-81.82494971349529,2021-09-05,"{""type"":""MultiPoint"",""coordinates"":[]}"
2_545_0,567,289,376,796,364,1015,1921,1953,2350,1985,3,floating_plants,RO0107_20210905,29.524279422046853,1,Rodman,-81.82975624498023,2021-09-05,"{""type"":""MultiPoint"",""coordinates"":[]}"
2_546_0,152,62,204,317,166,323,514,624,822,571,3,floating_plants,RO0108_20210905,29.524484806308287,1,Rodman,-81.83137790257652,2021-09-05,"{""type"":""MultiPoint"",""coordinates"":[]}"
2_547_0,1083,473,474,1076,463,1689,3351,3626,3408,3607,3,floating_plants,RO0109_20210905,29.51219835174292,1,Rodman,-81.83121657695594,2021-09-05,"{""type"":""MultiPoint"",""coordinates"":[]}"
2_548_0,946,415,497,1072,486,1540,3198,3203,3504,3299,3,floating_plants,RO0110_20210905,29.512758556854706,1,Rodman,-81.8305622757054,2021-09-05,"{""type"":""MultiPoint"",""coordinates"":[]}"
2_549_0,900,399,461,1064,480,1564,3248,3135,3428,3321,3,floating_plants,RO0111_20210905,29.512907944360848,1,Rodman,-81.8295111032045,2021-09-05,"{""type"":""MultiPoint"",""coordinates"":[]}"
2_550_0,803,372,434,980,429,1378,2793,2841,3018,2972,3,floating_plants,RO0112_20210905,29.513066668344567,1,Rodman,-81.82869590820383,2021-09-05,"{""type"":""MultiPoint"",""coordinates"":[]}"
2_551_0,412,194,358,786,341,687,1360,1624,2370,1469,3,floating_plants,RO0113_20210905,29.512497128188386,1,Rodman,-81.82522060320086,2021-09-05,"{""type"":""MultiPoint"",""coordinates"":[]}"
2_552_0,450,206,346,764,327,908,1715,1490,2204,1656,3,floating_plants,RO0114_20210905,29.511927584827426,1,Rodman,-81.82569255820127,2021-09-05,"{""type"":""MultiPoint"",""coordinates"":[]}"
2_553_0,235,113,257,530,246,502,960,892,1520,822,3,floating_plants,RO0115_20210905,29.511610133038634,1,Rodman,-81.82659356320202,2021-09-05,"{""type"":""MultiPoint"",""coordinates"":[]}"
2_554_0,942,409,436,928,442,1490,2952,3075,3038,3022,3,floating_plants,RO0116_20210905,29.512235698846823,1,Rodman,-81.82869590820383,2021-09-05,"{""type"":""MultiPoint"",""coordinates"":[]}"
2_555_0,828,358,457,984,456,1333,2615,2501,3184,2480,3,floating_plants,RO0117_20210905,29.511815543133295,1,Rodman,-81.8295111032045,2021-09-05,"{""type"":""MultiPoint"",""coordinates"":[]}"
2_556_0,1030,477,466,1032,479,1640,3221,3657,3280,3549,3,floating_plants,RO0118_20210905,29.51125533280235,1,Rodman,-81.82911423195418,2021-09-05,"{""type"":""MultiPoint"",""coordinates"":[]}"
2_557_0,240,114,321,692,276,452,808,1130,1990,859,3,floating_plants,RO0119_20210905,29.510181587668594,1,Rodman,-81.82823467945343,2021-09-05,"{""type"":""MultiPoint"",""coordinates"":[]}"
2_558_0,366,181,331,670,303,724,1454,1422,1916,1530,3,floating_plants,RO0120_20210905,29.51080716230529,1,Rodman,-81.82999378445491,2021-09-05,"{""type"":""MultiPoint"",""coordinates"":[]}"
2_559_0,441,214,268,478,246,781,1441,1982,1604,1716,3,floating_plants,RO0121_20210905,29.510443022315325,1,Rodman,-81.8331473019576,2021-09-05,"{""type"":""MultiPoint"",""coordinates"":[]}"
2_560_0,378,181,326,682,300,770,1378,1435,2166,1346,3,floating_plants,RO0122_20210905,29.511311353974964,1,Rodman,-81.8338552344582,2021-09-05,"{""type"":""MultiPoint"",""coordinates"":[]}"
2_561_0,592,274,388,860,391,1135,2125,2173,2668,2087,3,floating_plants,RO0123_20210905,29.512758556854706,1,Rodman,-81.83404830695835,2021-09-05,"{""type"":""MultiPoint"",""coordinates"":[]}"
2_562_0,430,168,336,719,338,871,1703,1515,2202,1451,3,floating_plants,RO0124_20210905,29.51404701684523,1,Rodman,-81.8361291994601,2021-09-05,"{""type"":""MultiPoint"",""coordinates"":[]}"
2_563_0,235,112,294,618,275,395,783,1086,1850,958,3,floating_plants,RO0125_20210905,29.513085341738087,1,Rodman,-81.83264316820714,2021-09-05,"{""type"":""MultiPoint"",""coordinates"":[]}"
2_564_0,757,356,353,849,380,1307,2551,2634,2482,2631,3,floating_plants,RO0126_20210905,29.512254372393596,1,Rodman,-81.83252517945706,2021-09-05,"{""type"":""MultiPoint"",""coordinates"":[]}"
2_565_0,168,82,140,179,93,283,541,649,564,569,3,floating_plants,RO0127_20210905,29.510555065528692,1,Rodman,-81.83471333445891,2021-09-05,"{""type"":""MultiPoint"",""coordinates"":[]}"
2_566_0,124,57,180,262,136,154,225,352,662,179,3,floating_plants,RO0128_20210905,29.51047103313031,1,Rodman,-81.83760942196136,2021-09-05,"{""type"":""MultiPoint"",""coordinates"":[]}"
2_567_0,195,96,167,375,184,392,694,521,844,607,3,floating_plants,RO0129_20210905,29.5098921411776,1,Rodman,-81.83346887222962,2021-09-05,"{""type"":""MultiPoint"",""coordinates"":[]}"
2_568_0,286,149,272,543,244,553,1243,1249,1620,1351,3,floating_plants,RO0130_20210905,29.509742749220564,1,Rodman,-81.82780541222482,2021-09-05,"{""type"":""MultiPoint"",""coordinates"":[]}"
2_569_0,364,162,215,385,166,490,939,1196,1094,1033,3,floating_plants,RO0131_20210905,29.510573739183883,1,Rodman,-81.83157032597802,2021-09-05,"{""type"":""MultiPoint"",""coordinates"":[]}"
2_570_0,816,357,361,789,344,1260,2456,2651,2468,2607,3,floating_plants,RO0132_20210905,29.511386048621908,1,Rodman,-81.83168831472811,2021-09-05,"{""type"":""MultiPoint"",""coordinates"":[]}"
2_571_0,587,277,376,834,375,1019,2065,2124,2514,2053,3,floating_plants,RO0133_20210905,29.51169416428972,1,Rodman,-81.83300764347923,2021-09-05,"{""type"":""MultiPoint"",""coordinates"":[]}"
2_572_0,130,65,168,232,114,217,409,503,576,467,3,floating_plants,RO0134_20210905,29.51113395335628,1,Rodman,-81.8253051201757,2021-09-05,"{""type"":""MultiPoint"",""coordinates"":[]}"
2_573_0,105,47,212,327,163,213,332,415,836,420,3,floating_plants,RO0135_20210905,29.510937878772843,1,Rodman,-81.8212935026723,2021-09-05,"{""type"":""MultiPoint"",""coordinates"":[]}"
2_574_0,129,61,171,281,148,247,439,528,813,486,3,floating_plants,RO0136_20210905,29.51073246689712,1,Rodman,-81.82586288517618,2021-09-05,"{""type"":""MultiPoint"",""coordinates"":[]}"
2_575_0,69,44,130,190,94,135,219,213,348,253,3,floating_plants,RO0137_20210905,29.510807162172902,1,Rodman,-81.82313841767386,2021-09-05,"{""type"":""MultiPoint"",""coordinates"":[]}"
2_576_0,54,35,137,141,78,104,174,232,301,194,3,floating_plants,RO0138_20210905,29.51385094809763,1,Rodman,-81.82956370003436,2021-09-05,"{""type"":""MultiPoint"",""coordinates"":[]}"
2_577_0,87,44,149,195,94,143,322,379,732,323,3,floating_plants,RO0139_20210905,29.513524165686096,1,Rodman,-81.82735409253249,2021-09-05,"{""type"":""MultiPoint"",""coordinates"":[]}"
2_578_0,101,47,139,175,88,180,361,300,369,325,3,floating_plants,RO0140_20210905,29.51305733183943,1,Rodman,-81.82462962503017,2021-09-05,"{""type"":""MultiPoint"",""coordinates"":[]}"
2_579_0,1100,527,452,1016,469,1507,3033,3490,3444,3692,3,floating_plants,RO0141_20210905,29.51177819567447,1,Rodman,-81.80244282910151,2021-09-05,"{""type"":""MultiPoint"",""coordinates"":[]}"
2_580_0,1424,655,476,1150,526,1575,3494,3882,4228,4031,3,floating_plants,RO0142_20210905,29.50623197434461,1,Rodman,-81.82174224665836,2021-09-05,"{""type"":""MultiPoint"",""coordinates"":[]}"
2_581_0,340,170,272,576,248,571,1216,1036,1732,1123,3,floating_plants,RO0143_20210905,29.509770760180203,1,Rodman,-81.89725358439254,2021-09-05,"{""type"":""MultiPoint"",""coordinates"":[]}"
2_582_0,1179,519,457,1162,494,1712,3718,3859,3904,3944,3,floating_plants,RO0144_20210905,29.508631639573494,1,Rodman,-81.89845492439358,2021-09-05,"{""type"":""MultiPoint"",""coordinates"":[]}"
2_583_0,1008,422,487,1176,505,1541,3468,3559,4072,3630,3,floating_plants,RO0145_20210905,29.50871567349882,1,Rodman,-81.9028634131473,2021-09-05,"{""type"":""MultiPoint"",""coordinates"":[]}"
2_584_0,1103,475,570,1326,522,1916,4427,4951,5136,4815,3,floating_plants,RO0146_20210905,29.50675486340995,1,Rodman,-81.90803471212801,2021-09-05,"{""type"":""MultiPoint"",""coordinates"":[]}"
2_585_0,1215,502,576,1394,544,2022,4838,5362,5284,5141,3,floating_plants,RO0147_20210905,29.504093703699553,1,Rodman,-81.91011560462978,2021-09-05,"{""type"":""MultiPoint"",""coordinates"":[]}"
2_586_0,683,314,380,788,334,1098,2383,2333,2454,2450,3,floating_plants,RO0148_20210905,29.495278695091983,1,Rodman,-81.91677778512442,2021-09-05,"{""type"":""MultiPoint"",""coordinates"":[]}"
2_587_0,373,170,184,328,142,514,1022,1182,878,1178,3,floating_plants,RO0149_20210905,29.491702048490595,1,Rodman,-81.91747499137503,2021-09-05,"{""type"":""MultiPoint"",""coordinates"":[]}"
2_588_0,1059,452,459,1024,454,1567,3472,3588,3308,3490,3,floating_plants,RO0150_20210905,29.496726127303408,1,Rodman,-81.91503135366897,2021-09-05,"{""type"":""MultiPoint"",""coordinates"":[]}"
2_589_0,1352,561,316,712,333,1160,2989,3167,3300,3502,1,LEV,RO0151_20210905,29.49196353101205,0,Rodman,-81.91402308616811,2021-09-05,"{""type"":""MultiPoint"",""coordinates"":[]}"
2_590_0,1517,622,317,749,352,1357,3612,3969,3764,4228,1,LEV,RO0152_20210905,29.489535454569904,0,Rodman,-81.91473101866872,2021-09-05,"{""type"":""MultiPoint"",""coordinates"":[]}"
2_591_0,1345,587,337,802,327,1357,3869,4931,4788,4697,1,LEV,RO0153_20210905,29.487779732275257,0,Rodman,-81.9160181686698,2021-09-05,"{""type"":""MultiPoint"",""coordinates"":[]}"
2_592_0,1748,771,323,680,386,1271,4070,4757,4268,4907,1,LEV,RO0154_20210905,29.484604412088476,0,Rodman,-81.91651131756518,2021-09-05,"{""type"":""MultiPoint"",""coordinates"":[]}"
2_593_0,1742,706,290,712,269,1162,4747,5131,5020,5404,1,LEV,RO0155_20210905,29.47825347365661,0,Rodman,-81.91777652371667,2021-09-05,"{""type"":""MultiPoint"",""coordinates"":[]}"
2_594_0,1502,642,304,734,346,1335,3517,4033,3792,4130,1,LEV,RO0156_20210905,29.47881386654127,0,Rodman,-81.91357183371309,2021-09-05,"{""type"":""MultiPoint"",""coordinates"":[]}"
2_595_0,1379,627,324,830,316,1482,4060,4616,4500,4889,1,LEV,RO0157_20210905,29.480700499811643,0,Rodman,-81.91286390121249,2021-09-05,"{""type"":""MultiPoint"",""coordinates"":[]}"
2_596_0,1757,751,324,695,410,1223,3839,4384,4532,4652,1,LEV,RO0158_20210905,29.4806631410778,0,Rodman,-81.90960312120971,2021-09-05,"{""type"":""MultiPoint"",""coordinates"":[]}"
2_597_0,1589,638,400,942,430,1335,3845,4340,4476,4574,1,LEV,RO0159_20210905,29.486080013710474,0,Rodman,-81.91511641371441,2021-09-05,"{""type"":""MultiPoint"",""coordinates"":[]}"
2_598_0,1948,787,304,754,264,1205,4595,5225,5372,5463,1,LEV,RO0160_20210905,29.477076638513925,0,Rodman,-81.9130998787127,2021-09-05,"{""type"":""MultiPoint"",""coordinates"":[]}"
2_599_0,1864,787,304,739,286,1185,4104,4529,4332,4659,1,LEV,RO0161_20210905,29.509126505020966,0,Rodman,-81.91039632581189,2021-09-05,"{""type"":""MultiPoint"",""coordinates"":[]}"
2_600_0,1728,702,308,758,306,1278,3576,4042,3716,4050,1,LEV,RO0162_20210905,29.506605467149395,0,Rodman,-81.91254157581373,2021-09-05,"{""type"":""MultiPoint"",""coordinates"":[]}"
2_601_0,1515,594,200,321,181,619,2307,2864,2602,3223,1,LEV,RO0163_20210905,29.508809044447737,0,Rodman,-81.9003565558034,2021-09-05,"{""type"":""MultiPoint"",""coordinates"":[]}"
2_602_0,1688,705,322,821,315,1352,3949,4421,4256,4585,1,LEV,RO0164_20210905,29.51446716364038,0,Rodman,-81.90385467874101,2021-09-05,"{""type"":""MultiPoint"",""coordinates"":[]}"
2_603_0,1670,685,318,853,318,1434,4186,4818,4356,4887,1,LEV,RO0165_20210905,29.515195413356466,0,Rodman,-81.90312529374039,2021-09-05,"{""type"":""MultiPoint"",""coordinates"":[]}"
2_604_0,1412,582,381,928,352,1491,4287,4819,4648,4803,1,LEV,RO0166_20210905,29.516465169558437,0,Rodman,-81.90087278123845,2021-09-05,"{""type"":""MultiPoint"",""coordinates"":[]}"
2_605_0,1584,681,272,608,374,1153,2560,2907,2750,3135,1,LEV,RO0167_20210905,29.512245035965197,0,Rodman,-81.90850987124495,2021-09-05,"{""type"":""MultiPoint"",""coordinates"":[]}"
2_606_0,1687,835,296,562,372,1036,2077,2356,2330,2606,1,LEV,RO0168_20210905,29.509201202074422,0,Rodman,-81.91595388875126,2021-09-05,"{""type"":""MultiPoint"",""coordinates"":[]}"
2_607_0,1165,475,215,469,234,741,2119,2426,2496,2775,1,LEV,RO0169_20210905,29.513421462576247,0,Rodman,-81.91743411125252,2021-09-05,"{""type"":""MultiPoint"",""coordinates"":[]}"
2_608_0,1368,591,241,500,250,811,2123,2434,2292,2642,1,LEV,RO0170_20210905,29.5115541123759,0,Rodman,-81.92221801875657,2021-09-05,"{""type"":""MultiPoint"",""coordinates"":[]}"
2_609_0,1684,741,268,644,321,1109,3016,3407,3376,3673,1,LEV,RO0171_20210905,29.515848966786532,0,Rodman,-81.88681750430665,2021-09-05,"{""type"":""MultiPoint"",""coordinates"":[]}"
2_610_0,1509,613,351,834,382,1384,3553,4017,4304,4287,1,LEV,RO0172_20210905,29.51491531838606,0,Rodman,-81.88237683680288,2021-09-05,"{""type"":""MultiPoint"",""coordinates"":[]}"
2_611_0,1030,454,316,818,335,1093,3034,3683,4272,3499,1,LEV,RO0173_20210905,29.51726809585928,0,Rodman,-81.87761438179882,2021-09-05,"{""type"":""MultiPoint"",""coordinates"":[]}"
2_612_0,1545,758,330,576,436,1021,2155,2377,2272,2662,1,LEV,RO0174_20210905,29.518481808883113,0,Rodman,-81.88295605430336,2021-09-05,"{""type"":""MultiPoint"",""coordinates"":[]}"
2_613_0,1650,810,342,673,534,1222,2643,2960,2940,3191,1,LEV,RO0175_20210905,29.51702535150769,0,Rodman,-81.89014264180946,2021-09-05,"{""type"":""MultiPoint"",""coordinates"":[]}"
2_614_0,1277,512,233,476,248,775,2344,2555,2578,2960,1,LEV,RO0176_20210905,29.519452768821125,0,Rodman,-81.89269548931163,2021-09-05,"{""type"":""MultiPoint"",""coordinates"":[]}"
2_615_0,1115,453,289,504,258,735,2082,2468,2468,2746,1,LEV,RO0177_20210905,29.519135340635636,0,Rodman,-81.90146956181908,2021-09-05,"{""type"":""MultiPoint"",""coordinates"":[]}"
2_616_0,1225,504,218,396,225,675,1947,2357,2436,2638,1,LEV,RO0178_20210905,29.519508785812302,0,Rodman,-81.86999410491782,2021-09-05,"{""type"":""MultiPoint"",""coordinates"":[]}"
2_617_0,1337,567,246,446,279,730,2071,2460,2630,2826,1,LEV,RO0179_20210905,29.518967290372615,0,Rodman,-81.87829622242486,2021-09-05,"{""type"":""MultiPoint"",""coordinates"":[]}"
2_618_0,1412,676,312,566,379,984,2050,2431,2292,2620,1,LEV,RO0180_20210905,29.518089688161574,0,Rodman,-81.87509979992217,2021-09-05,"{""type"":""MultiPoint"",""coordinates"":[]}"
2_619_0,941,432,368,746,339,962,1998,2051,2268,2100,1,LEV,RO0181_20210905,29.52072247196129,0,Rodman,-81.87473510742184,2021-09-05,"{""type"":""MultiPoint"",""coordinates"":[]}"
2_620_0,1316,536,251,469,248,866,2325,2727,2830,3006,1,LEV,RO0182_20210905,29.52397134477607,0,Rodman,-81.87642985492327,2021-09-05,"{""type"":""MultiPoint"",""coordinates"":[]}"
2_621_0,1205,490,215,412,209,693,1952,2347,2632,2717,1,LEV,RO0183_20210905,29.526342582635337,0,Rodman,-81.8638372374126,2021-09-05,"{""type"":""MultiPoint"",""coordinates"":[]}"
2_622_0,2672,1480,524,812,988,1327,2370,2751,2852,3262,1,LEV,RO0184_20210905,29.525875807922766,0,Rodman,-81.87100237241867,2021-09-05,"{""type"":""MultiPoint"",""coordinates"":[]}"
2_623_0,2342,1525,1720,2194,1926,2067,3023,3647,4136,4082,1,LEV,RO0185_20210905,29.52705207607354,0,Rodman,-81.87743812242415,2021-09-05,"{""type"":""MultiPoint"",""coordinates"":[]}"
2_624_0,1084,443,185,378,183,671,1971,2302,2342,2589,1,LEV,RO0186_20210905,29.523859316415663,0,Rodman,-81.88614783743152,2021-09-05,"{""type"":""MultiPoint"",""coordinates"":[]}"
2_625_0,828,432,198,310,282,602,1123,1217,1278,1276,1,LEV,RO0187_20210905,29.53302656182229,0,Rodman,-81.9068128273307,2021-09-05,"{""type"":""MultiPoint"",""coordinates"":[]}"
2_626_0,2339,1558,507,670,692,1143,1765,1941,2066,2201,1,LEV,RO0188_20210905,29.538888681372775,0,Rodman,-81.88660457231354,2021-09-05,"{""type"":""MultiPoint"",""coordinates"":[]}"
2_627_0,1393,542,221,390,213,694,2125,2544,2696,2879,1,LEV,RO0189_20210905,29.539635423791154,0,Rodman,-81.85644235728796,2021-09-05,"{""type"":""MultiPoint"",""coordinates"":[]}"
2_628_0,3544,2424,1290,1304,1288,1694,2722,3158,3364,3583,1,LEV,RO0190_20210905,29.530412768413967,0,Rodman,-81.91668097733907,2021-09-05,"{""type"":""MultiPoint"",""coordinates"":[]}"
2_629_0,2541,1419,426,667,594,1140,2130,2418,2480,2749,1,LEV,RO0191_20210905,29.54971590778851,0,Rodman,-81.89930515573005,2021-09-05,"{""type"":""MultiPoint"",""coordinates"":[]}"
2_630_0,2064,1124,426,692,563,1085,2215,2299,2636,2702,1,LEV,RO0192_20210905,29.552515863494353,0,Rodman,-81.87296148570769,2021-09-05,"{""type"":""MultiPoint"",""coordinates"":[]}"
2_631_0,2164,1102,373,773,538,1376,2808,3079,3220,3425,1,LEV,RO0193_20210905,29.553075845326312,0,Rodman,-81.86133423069782,2021-09-05,"{""type"":""MultiPoint"",""coordinates"":[]}"
2_632_0,1246,489,205,464,217,722,2221,2588,2828,2783,1,LEV,RO0194_20210905,29.551806548719178,0,Rodman,-81.91758268574554,2021-09-05,"{""type"":""MultiPoint"",""coordinates"":[]}"
2_633_0,1048,440,193,392,209,684,2026,2336,2366,2585,1,LEV,RO0195_20210905,29.532615828250208,0,Rodman,-81.93330158722475,2021-09-05,"{""type"":""MultiPoint"",""coordinates"":[]}"
2_634_0,3088,2317,1376,1960,1960,2305,3090,3252,3776,3691,1,LEV,RO0196_20210905,29.49638995420482,0,Rodman,-81.89666617893224,2021-09-05,"{""type"":""MultiPoint"",""coordinates"":[]}"
2_635_0,1333,562,188,349,212,748,2050,2414,2316,2740,1,LEV,RO0197_20210905,29.503561465308923,0,Rodman,-81.80483251436327,2021-09-05,"{""type"":""MultiPoint"",""coordinates"":[]}"
2_636_0,1400,569,182,336,200,610,1920,2416,2600,2726,1,LEV,RO0198_20210905,29.502366248746437,0,Rodman,-81.79616570435591,2021-09-05,"{""type"":""MultiPoint"",""coordinates"":[]}"
2_637_0,1315,545,188,367,221,721,1985,2229,2648,2587,1,LEV,RO0199_20210905,29.49504523947775,0,Rodman,-81.79668056435634,2021-09-05,"{""type"":""MultiPoint"",""coordinates"":[]}"
2_638_0,1591,631,229,422,251,725,2286,2855,3120,3224,1,LEV,RO0200_20210905,29.498631106061122,0,Rodman,-81.8110108343685,2021-09-05,"{""type"":""MultiPoint"",""coordinates"":[]}"
2_639_0,1542,659,241,464,262,819,2348,2778,2856,3092,1,LEV,RO0201_20210905,29.50318796164865,0,Rodman,-81.83194847438627,2021-09-05,"{""type"":""MultiPoint"",""coordinates"":[]}"
2_640_0,1381,567,218,445,240,773,2301,2783,2762,2938,1,LEV,RO0202_20210905,29.501021613250447,0,Rodman,-81.84421930439665,2021-09-05,"{""type"":""MultiPoint"",""coordinates"":[]}"
2_641_0,1436,602,230,494,289,883,2319,2666,2744,2967,1,LEV,RO0203_20210905,29.53433343334216,0,Rodman,-81.81520292513416,2021-09-05,"{""type"":""MultiPoint"",""coordinates"":[]}"
2_642_0,1441,533,184,390,188,812,2428,2884,3068,3256,1,LEV,RO0204_20210905,29.530524789664153,0,Rodman,-81.79898483512041,2021-09-05,"{""type"":""MultiPoint"",""coordinates"":[]}"
2_643_0,1169,461,168,352,184,658,2086,2425,2612,2794,1,LEV,RO0205_20210905,29.538589985175147,0,Rodman,-81.82987705579872,2021-09-05,"{""type"":""MultiPoint"",""coordinates"":[]}"
2_644_0,1594,685,247,534,290,1017,2343,2672,2900,3024,1,LEV,RO0206_20210905,29.552553196845306,0,Rodman,-81.8158042157868,2021-09-05,"{""type"":""MultiPoint"",""coordinates"":[]}"
2_645_0,1514,724,272,524,338,1002,2016,2305,2512,2643,1,LEV,RO0207_20210905,29.55307584645859,0,Rodman,-81.82558655579508,2021-09-05,"{""type"":""MultiPoint"",""coordinates"":[]}"
2_646_0,1717,707,230,468,277,847,2554,3091,3256,3470,1,LEV,RO0208_20210905,29.494298173642353,0,Rodman,-81.87428331981769,2021-09-05,"{""type"":""MultiPoint"",""coordinates"":[]}"
2_647_0,1310,585,243,468,241,772,2038,2309,2348,2568,1,LEV,RO0209_20210905,29.48772370670956,0,Rodman,-81.8505997597976,2021-09-05,"{""type"":""MultiPoint"",""coordinates"":[]}"
2_648_0,2299,1242,330,535,578,996,1789,2054,2136,2337,1,LEV,RO0210_20210905,29.487424857166218,0,Rodman,-81.81387307976644,2021-09-05,"{""type"":""MultiPoint"",""coordinates"":[]}"
2_649_0,1999,1028,278,482,284,897,2462,3011,3192,3457,1,LEV,RO0211_20210905,29.504159073981235,0,Rodman,-81.87943191982207,2021-09-05,"{""type"":""MultiPoint"",""coordinates"":[]}"
2_650_0,3990,2817,822,1102,1238,1883,2694,3006,3120,3446,1,LEV,RO0212_20210905,29.475171262930107,0,Rodman,-81.92866339921399,2021-09-05,"{""type"":""MultiPoint"",""coordinates"":[]}"
2_651_0,616,297,185,333,203,642,1309,1222,1018,1299,1,LEV,RO0213_20210905,29.492953426943025,0,Rodman,-81.92677557921239,2021-09-05,"{""type"":""MultiPoint"",""coordinates"":[]}"
2_652_0,1546,618,203,339,196,634,1977,2499,2658,2779,1,LEV,RO0214_20210905,29.511927586976284,0,Rodman,-81.85519543313862,2021-09-05,"{""type"":""MultiPoint"",""coordinates"":[]}"
2_653_0,2493,1280,335,490,484,956,2278,2857,2984,3198,1,LEV,RO0215_20210905,29.508715675898483,0,Rodman,-81.8653210131472,2021-09-05,"{""type"":""MultiPoint"",""coordinates"":[]}"
2_654_0,1103,428,201,366,165,629,2084,2577,2824,2881,1,LEV,RO0216_20210905,29.531122232735896,0,Rodman,-81.86832436314975,2021-09-05,"{""type"":""MultiPoint"",""coordinates"":[]}"
2_655_0,5071,4072,2032,2244,2630,3206,3647,3695,3748,4421,1,LEV,RO0217_20210905,29.532615826763593,0,Rodman,-81.82344573311168,2021-09-05,"{""type"":""MultiPoint"",""coordinates"":[]}"
2_656_0,1419,614,224,410,283,802,2154,2581,2510,2816,1,LEV,RO0218_20210905,29.517230751962394,0,Rodman,-81.80328038309457,2021-09-05,"{""type"":""MultiPoint"",""coordinates"":[]}"
2_657_0,1445,647,282,560,326,952,2004,2297,2470,2563,1,LEV,RO0219_20210905,29.507894007857715,0,Rodman,-81.82799366311554,2021-09-05,"{""type"":""MultiPoint"",""coordinates"":[]}"
2_658_0,1431,584,212,446,205,885,2257,2603,2674,3014,1,LEV,RO0220_20210905,29.50991081750728,0,Rodman,-81.84086516312645,2021-09-05,"{""type"":""MultiPoint"",""coordinates"":[]}"
2_659_0,1349,572,201,368,234,677,2186,2677,2790,3071,1,LEV,RO0221_20210905,29.50924788672246,0,Rodman,-81.8477708451535,2021-09-05,"{""type"":""MultiPoint"",""coordinates"":[]}"
2_660_0,1697,673,217,477,251,828,2571,3013,3604,3652,1,LEV,RO0222_20210905,29.509817445160877,0,Rodman,-81.85418514265895,2021-09-05,"{""type"":""MultiPoint"",""coordinates"":[]}"
2_661_0,1627,670,315,714,355,1253,3612,4189,3876,4434,1,LEV,RO0223_20210905,29.51055506536562,0,Rodman,-81.854507687872,2021-09-05,"{""type"":""MultiPoint"",""coordinates"":[]}"
2_662_0,1690,830,410,872,489,1445,3316,3710,4284,4068,1,LEV,RO0224_20210905,29.514037680335818,0,Rodman,-81.85806164537468,2021-09-05,"{""type"":""MultiPoint"",""coordinates"":[]}"
2_663_0,1315,572,242,436,286,781,1999,2359,2878,2738,1,LEV,RO0225_20210905,29.51216100472342,0,Rodman,-81.86959236413445,2021-09-05,"{""type"":""MultiPoint"",""coordinates"":[]}"
2_664_0,53,28,93,70,50,52,36,35,19,41,2,open_water,RO0226_20210905,29.517006678495736,0,Rodman,-81.8981639217621,2021-09-05,"{""type"":""MultiPoint"",""coordinates"":[]}"
2_665_0,40,26,103,63,48,45,28,38,15,30,2,open_water,RO0227_20210905,29.51620375057492,0,Rodman,-81.89440973425891,2021-09-05,"{""type"":""MultiPoint"",""coordinates"":[]}"
2_666_0,37,31,90,79,52,53,36,28,17,23,2,open_water,RO0228_20210905,29.51547550811449,0,Rodman,-81.8932083942579,2021-09-05,"{""type"":""MultiPoint"",""coordinates"":[]}"
2_667_0,35,29,94,63,46,50,33,10,10,17,2,open_water,RO0229_20210905,29.513608195810228,0,Rodman,-81.8997943117635,2021-09-05,"{""type"":""MultiPoint"",""coordinates"":[]}"
2_668_0,30,21,81,50,31,48,16,28,0,0,2,open_water,RO0230_20210905,29.51297330177876,0,Rodman,-81.8983784467623,2021-09-05,"{""type"":""MultiPoint"",""coordinates"":[]}"
2_669_0,42,26,95,57,40,49,30,44,17,13,2,open_water,RO0231_20210905,29.512879934673528,0,Rodman,-81.90243296926573,2021-09-05,"{""type"":""MultiPoint"",""coordinates"":[]}"
2_670_0,49,33,111,60,48,50,28,51,32,25,2,open_water,RO0232_20210905,29.510545729052254,0,Rodman,-81.8965120792607,2021-09-05,"{""type"":""MultiPoint"",""coordinates"":[]}"
2_671_0,57,44,140,80,81,66,70,33,44,44,2,open_water,RO0233_20210905,29.510993900706804,0,Rodman,-81.8995368817633,2021-09-05,"{""type"":""MultiPoint"",""coordinates"":[]}"
2_672_0,27,20,78,62,47,38,30,27,22,4,2,open_water,RO0234_20210905,29.513832275105777,0,Rodman,-81.89762760926168,2021-09-05,"{""type"":""MultiPoint"",""coordinates"":[]}"
2_673_0,58,45,98,84,63,63,42,48,37,29,2,open_water,RO0235_20210905,29.512917281525937,0,Rodman,-81.89503185675946,2021-09-05,"{""type"":""MultiPoint"",""coordinates"":[]}"
2_674_0,39,26,68,55,40,40,9,38,10,20,2,open_water,RO0236_20210905,29.510190925085176,0,Rodman,-81.88299700424925,2021-09-05,"{""type"":""MultiPoint"",""coordinates"":[]}"
2_675_0,37,23,85,52,32,34,21,27,12,26,2,open_water,RO0237_20210905,29.510377664170232,0,Rodman,-81.88010091674678,2021-09-05,"{""type"":""MultiPoint"",""coordinates"":[]}"
2_676_0,51,31,82,53,43,41,27,26,11,27,2,open_water,RO0238_20210905,29.50819279485272,0,Rodman,-81.8806796842745,2021-09-05,"{""type"":""MultiPoint"",""coordinates"":[]}"
2_677_0,51,41,84,66,45,49,40,35,16,27,2,open_water,RO0239_20210905,29.5073897970122,0,Rodman,-81.88325398427668,2021-09-05,"{""type"":""MultiPoint"",""coordinates"":[]}"
2_678_0,58,45,97,57,54,56,34,42,30,32,2,open_water,RO0240_20210905,29.50828616628127,0,Rodman,-81.88868146678129,2021-09-05,"{""type"":""MultiPoint"",""coordinates"":[]}"
2_679_0,56,40,86,55,46,41,41,48,28,45,2,open_water,RO0241_20210905,29.50727775029554,0,Rodman,-81.88627878677924,2021-09-05,"{""type"":""MultiPoint"",""coordinates"":[]}"
2_680_0,41,34,101,62,44,51,30,46,25,25,2,open_water,RO0242_20210905,29.509369268558984,0,Rodman,-81.8861071667791,2021-09-05,"{""type"":""MultiPoint"",""coordinates"":[]}"
2_681_0,42,25,91,60,43,42,54,61,43,48,2,open_water,RO0243_20210905,29.515083375528643,0,Rodman,-81.86870315342254,2021-09-05,"{""type"":""MultiPoint"",""coordinates"":[]}"
2_682_0,37,25,79,49,40,45,33,33,15,37,2,open_water,RO0244_20210905,29.515531527091632,0,Rodman,-81.86670807092086,2021-09-05,"{""type"":""MultiPoint"",""coordinates"":[]}"
2_683_0,44,33,100,67,34,37,40,58,29,50,2,open_water,RO0245_20210905,29.515531527091632,0,Rodman,-81.86436974841887,2021-09-05,"{""type"":""MultiPoint"",""coordinates"":[]}"
2_684_0,25,20,97,63,48,55,60,52,28,39,2,open_water,RO0246_20210905,29.515326124538245,0,Rodman,-81.85310718590931,2021-09-05,"{""type"":""MultiPoint"",""coordinates"":[]}"
2_685_0,26,20,97,80,48,61,62,68,45,60,2,open_water,RO0247_20210905,29.516353133136292,0,Rodman,-81.8542870734103,2021-09-05,"{""type"":""MultiPoint"",""coordinates"":[]}"
2_686_0,25,25,106,73,50,75,64,61,47,70,2,open_water,RO0248_20210905,29.519714179315155,0,Rodman,-81.85750494841304,2021-09-05,"{""type"":""MultiPoint"",""coordinates"":[]}"
2_687_0,17,15,99,64,43,59,64,64,47,56,2,open_water,RO0249_20210905,29.516483842573876,0,Rodman,-81.84690741340405,2021-09-05,"{""type"":""MultiPoint"",""coordinates"":[]}"
2_688_0,15,14,99,83,54,57,70,70,53,61,2,open_water,RO0250_20210905,29.517548184567023,0,Rodman,-81.84877378090565,2021-09-05,"{""type"":""MultiPoint"",""coordinates"":[]}"
2_689_0,18,17,79,66,44,53,49,52,39,42,2,open_water,RO0251_20210905,29.51543816234632,0,Rodman,-81.8470790334042,2021-09-05,"{""type"":""MultiPoint"",""coordinates"":[]}"
2_690_0,23,26,89,52,48,44,26,28,19,28,2,open_water,RO0252_20210905,29.51273054726629,0,Rodman,-81.85072595840728,2021-09-05,"{""type"":""MultiPoint"",""coordinates"":[]}"
2_691_0,23,17,92,68,41,47,37,41,24,24,2,open_water,RO0253_20210905,29.511217985930273,0,Rodman,-81.84630674340355,2021-09-05,"{""type"":""MultiPoint"",""coordinates"":[]}"
2_692_0,34,25,78,51,46,52,38,56,29,49,2,open_water,RO0254_20210905,29.510695119964513,0,Rodman,-81.84922428340602,2021-09-05,"{""type"":""MultiPoint"",""coordinates"":[]}"
2_693_0,17,10,90,54,35,46,34,31,16,20,2,open_water,RO0255_20210905,29.51181554336914,0,Rodman,-81.84231230624479,2021-09-05,"{""type"":""MultiPoint"",""coordinates"":[]}"
2_694_0,35,28,88,54,49,55,60,71,45,61,2,open_water,RO0256_20210905,29.511068595572244,0,Rodman,-81.83999543624282,2021-09-05,"{""type"":""MultiPoint"",""coordinates"":[]}"
2_695_0,29,27,74,62,41,46,51,41,34,39,2,open_water,RO0257_20210905,29.5122450358565,0,Rodman,-81.83609108123949,2021-09-05,"{""type"":""MultiPoint"",""coordinates"":[]}"
2_696_0,19,11,109,68,43,49,59,61,41,52,2,open_water,RO0258_20210905,29.514168392901492,0,Rodman,-81.83413890373784,2021-09-05,"{""type"":""MultiPoint"",""coordinates"":[]}"
2_697_0,30,21,110,63,41,55,64,51,39,54,2,open_water,RO0259_20210905,29.512655853052156,0,Rodman,-81.82690941123171,2021-09-05,"{""type"":""MultiPoint"",""coordinates"":[]}"
2_698_0,23,21,85,57,47,46,46,37,41,49,2,open_water,RO0260_20210905,29.51067644577237,0,Rodman,-81.82405622872929,2021-09-05,"{""type"":""MultiPoint"",""coordinates"":[]}"
2_699_0,51,45,87,55,35,38,50,43,38,38,2,open_water,RO0261_20210905,29.504327141905975,0,Rodman,-81.81422513924689,2021-09-05,"{""type"":""MultiPoint"",""coordinates"":[]}"
2_700_0,19,3,75,54,41,47,53,68,32,32,2,open_water,RO0262_20210905,29.51026562007842,0,Rodman,-81.81390335174662,2021-09-05,"{""type"":""MultiPoint"",""coordinates"":[]}"
2_701_0,31,22,90,45,42,44,32,34,21,21,2,open_water,RO0263_20210905,29.51129268002538,0,Rodman,-81.80547251923949,2021-09-05,"{""type"":""MultiPoint"",""coordinates"":[]}"
2_702_0,17,12,110,54,24,45,38,45,36,12,2,open_water,RO0264_20210905,29.51213299404909,0,Rodman,-81.81087854924404,2021-09-05,"{""type"":""MultiPoint"",""coordinates"":[]}"
2_703_0,38,23,80,63,44,57,62,72,38,48,2,open_water,RO0265_20210905,29.515568872607925,0,Rodman,-81.80639550946664,2021-09-05,"{""type"":""MultiPoint"",""coordinates"":[]}"
2_704_0,51,37,83,62,43,46,44,54,37,36,2,open_water,RO0266_20210905,29.511217985572575,0,Rodman,-81.80377830446442,2021-09-05,"{""type"":""MultiPoint"",""coordinates"":[]}"
2_705_0,18,11,100,77,49,60,63,70,61,51,2,open_water,RO0267_20210905,29.523187143344956,0,Rodman,-81.82780649060787,2021-09-05,"{""type"":""MultiPoint"",""coordinates"":[]}"
2_706_0,15,15,87,80,47,57,75,81,76,66,2,open_water,RO0268_20210905,29.518295084802592,0,Rodman,-81.83578682061463,2021-09-05,"{""type"":""MultiPoint"",""coordinates"":[]}"
2_707_0,17,9,100,69,47,68,80,75,64,64,2,open_water,RO0269_20210905,29.518799239171255,0,Rodman,-81.81950437310083,2021-09-05,"{""type"":""MultiPoint"",""coordinates"":[]}"
2_708_0,17,18,99,80,49,56,80,83,67,61,2,open_water,RO0270_20210905,29.51484062619455,0,Rodman,-81.8160719730979,2021-09-05,"{""type"":""MultiPoint"",""coordinates"":[]}"
2_709_0,17,8,103,68,48,61,68,80,60,65,2,open_water,RO0271_20210905,29.517044024223395,0,Rodman,-81.82814973060815,2021-09-05,"{""type"":""MultiPoint"",""coordinates"":[]}"
2_710_0,20,15,101,89,48,65,93,80,70,70,2,open_water,RO0272_20210905,29.5251289643973,0,Rodman,-81.84087335953176,2021-09-05,"{""type"":""MultiPoint"",""coordinates"":[]}"
2_711_0,10,12,123,79,58,63,71,55,50,56,2,open_water,RO0273_20210905,29.52899382263704,0,Rodman,-81.8379772720293,2021-09-05,"{""type"":""MultiPoint"",""coordinates"":[]}"
2_712_0,31,19,97,65,54,54,66,55,46,55,2,open_water,RO0274_20210905,29.530655479579217,0,Rodman,-81.82978241702236,2021-09-05,"{""type"":""MultiPoint"",""coordinates"":[]}"
2_713_0,22,22,88,78,43,60,70,69,46,48,2,open_water,RO0275_20210905,29.528153648624226,0,Rodman,-81.84898240453863,2021-09-05,"{""type"":""MultiPoint"",""coordinates"":[]}"
2_714_0,37,28,127,77,63,81,66,83,56,59,2,open_water,RO0276_20210905,29.531364942766654,0,Rodman,-81.84355492203403,2021-09-05,"{""type"":""MultiPoint"",""coordinates"":[]}"
2_715_0,52,34,94,61,40,50,38,51,26,33,2,open_water,RO0277_20210905,29.540008792940906,0,Rodman,-81.83621890146615,2021-09-05,"{""type"":""MultiPoint"",""coordinates"":[]}"
2_716_0,119,78,139,111,102,103,120,153,132,146,2,open_water,RO0278_20210905,29.538179270975746,0,Rodman,-81.833687506464,2021-09-05,"{""type"":""MultiPoint"",""coordinates"":[]}"
2_717_0,49,24,100,83,61,66,58,65,45,61,2,open_water,RO0279_20210905,29.53543492595886,0,Rodman,-81.83754895646726,2021-09-05,"{""type"":""MultiPoint"",""coordinates"":[]}"
2_718_0,36,28,94,65,53,51,36,65,41,62,2,open_water,RO0280_20210905,29.534352101948333,0,Rodman,-81.83269868468801,2021-09-05,"{""type"":""MultiPoint"",""coordinates"":[]}"
2_719_0,41,29,93,61,43,63,57,72,48,56,2,open_water,RO0281_20210905,29.526379925366104,0,Rodman,-81.81918360967653,2021-09-05,"{""type"":""MultiPoint"",""coordinates"":[]}"
2_720_0,23,17,93,68,48,54,49,40,28,39,2,open_water,RO0282_20210905,29.52641726675241,0,Rodman,-81.85700716531522,2021-09-05,"{""type"":""MultiPoint"",""coordinates"":[]}"
2_721_0,58,27,115,78,51,69,60,80,64,74,2,open_water,RO0283_20210905,29.526865368238607,0,Rodman,-81.86164429304529,2021-09-05,"{""type"":""MultiPoint"",""coordinates"":[]}"
2_722_0,44,25,111,73,41,52,53,69,31,50,2,open_water,RO0284_20210905,29.522552310194037,0,Rodman,-81.8644116655476,2021-09-05,"{""type"":""MultiPoint"",""coordinates"":[]}"
2_723_0,25,12,93,87,47,51,64,70,57,46,2,open_water,RO0285_20210905,29.522570981837262,0,Rodman,-81.85297748303793,2021-09-05,"{""type"":""MultiPoint"",""coordinates"":[]}"
2_724_0,27,13,78,57,56,50,36,32,22,21,2,open_water,RO0286_20210905,29.524830225233305,0,Rodman,-81.86027133304412,2021-09-05,"{""type"":""MultiPoint"",""coordinates"":[]}"
2_725_0,21,10,102,59,42,40,38,44,25,34,2,open_water,RO0287_20210905,29.521618723222495,0,Rodman,-81.86039958772722,2021-09-05,"{""type"":""MultiPoint"",""coordinates"":[]}"
2_726_0,19,20,108,72,52,60,72,80,58,58,2,open_water,RO0288_20210905,29.519359408114255,0,Rodman,-81.85552987022311,2021-09-05,"{""type"":""MultiPoint"",""coordinates"":[]}"
2_727_0,17,13,114,80,47,56,68,77,48,47,2,open_water,RO0289_20210905,29.522907070408692,0,Rodman,-81.84870797521731,2021-09-05,"{""type"":""MultiPoint"",""coordinates"":[]}"
2_728_0,40,21,79,72,37,58,55,57,36,63,2,open_water,RO0290_20210905,29.512095647608653,0,Rodman,-81.8529122411086,2021-09-05,"{""type"":""MultiPoint"",""coordinates"":[]}"
2_729_0,37,23,93,56,43,53,53,59,41,58,2,open_water,RO0291_20210905,29.5094066171854,0,Rodman,-81.84390219110097,2021-09-05,"{""type"":""MultiPoint"",""coordinates"":[]}"
2_730_0,16,14,103,72,46,65,73,65,44,53,2,open_water,RO0292_20210905,29.51575560200794,0,Rodman,-81.84167113109906,2021-09-05,"{""type"":""MultiPoint"",""coordinates"":[]}"
2_731_0,12,20,100,70,48,57,62,70,48,56,2,open_water,RO0293_20210905,29.516278441832338,0,Rodman,-81.83939716609714,2021-09-05,"{""type"":""MultiPoint"",""coordinates"":[]}"
2_732_0,19,13,83,74,47,63,67,71,59,61,2,open_water,RO0294_20210905,29.517324113377743,0,Rodman,-81.83248946109127,2021-09-05,"{""type"":""MultiPoint"",""coordinates"":[]}"
2_733_0,22,19,83,54,43,60,48,45,38,44,2,open_water,RO0295_20210905,29.51353350262074,0,Rodman,-81.83847470859635,2021-09-05,"{""type"":""MultiPoint"",""coordinates"":[]}"
2_734_0,33,24,88,38,31,32,12,29,7,0,2,open_water,RO0296_20210905,29.509145179646328,0,Rodman,-81.88196439304394,2021-09-05,"{""type"":""MultiPoint"",""coordinates"":[]}"
2_735_0,49,29,102,68,39,44,33,43,42,47,2,open_water,RO0297_20210905,29.510956553135976,0,Rodman,-81.90795102010327,2021-09-05,"{""type"":""MultiPoint"",""coordinates"":[]}"
2_736_0,30,15,103,64,33,39,23,33,0,29,2,open_water,RO0298_20210905,29.510993900698054,0,Rodman,-81.90548398260117,2021-09-05,"{""type"":""MultiPoint"",""coordinates"":[]}"
2_737_0,49,28,92,70,44,48,41,57,23,45,2,open_water,RO0299_20210905,29.506530768736546,0,Rodman,-81.9102468617175,2021-09-05,"{""type"":""MultiPoint"",""coordinates"":[]}"
2_738_0,60,37,90,68,35,51,15,60,20,39,2,open_water,RO0300_20210905,29.503822915395947,0,Rodman,-81.9114267492185,2021-09-05,"{""type"":""MultiPoint"",""coordinates"":[]}"
3_739_0,1144,496,363,912,436,1521,3576,3974,4196,4120,3,floating_plants,RO0001_20201030,29.512319729951198,1,Rodman,-81.89415213357938,2020-10-30,"{""type"":""MultiPoint"",""coordinates"":[]}"
3_740_0,887,409,326,763,374,1284,2784,3144,3156,3052,3,floating_plants,RO0002_20201030,29.51110594302809,1,Rodman,-81.89170654857732,2020-10-30,"{""type"":""MultiPoint"",""coordinates"":[]}"
3_741_0,578,273,253,602,307,852,1782,2017,2292,1964,3,floating_plants,RO0003_20201030,29.50972407558306,1,Rodman,-81.89007615857592,2020-10-30,"{""type"":""MultiPoint"",""coordinates"":[]}"
3_742_0,768,361,287,726,348,1167,2536,2659,2820,2627,3,floating_plants,RO0004_20201030,29.508118097824966,1,Rodman,-81.8895612985755,2020-10-30,"{""type"":""MultiPoint"",""coordinates"":[]}"
3_743_0,1410,628,498,1236,548,2196,4593,4987,5112,5214,3,floating_plants,RO0005_20201030,29.508640977101475,1,Rodman,-81.89687660108169,2020-10-30,"{""type"":""MultiPoint"",""coordinates"":[]}"
3_744_0,1065,485,400,964,430,1539,3488,3722,3940,3863,3,floating_plants,RO0006_20201030,29.5165958787356,1,Rodman,-81.89582656127091,2020-10-30,"{""type"":""MultiPoint"",""coordinates"":[]}"
3_745_0,1167,513,380,952,418,1618,3832,4188,4376,4257,3,floating_plants,RO0007_20201030,29.511740848830485,1,Rodman,-81.88301941876003,2020-10-30,"{""type"":""MultiPoint"",""coordinates"":[]}"
3_746_0,695,325,336,830,378,1112,2429,2693,3312,2474,3,floating_plants,RO0008_20201030,29.51133002792111,1,Rodman,-81.88392042376081,2020-10-30,"{""type"":""MultiPoint"",""coordinates"":[]}"
3_747_0,716,328,388,916,420,1220,2838,3017,3540,3080,3,floating_plants,RO0009_20201030,29.50992948956288,1,Rodman,-81.8866234387631,2020-10-30,"{""type"":""MultiPoint"",""coordinates"":[]}"
3_748_0,532,258,279,665,307,886,1725,1940,2576,1965,3,floating_plants,RO0010_20201030,29.508939764104802,1,Rodman,-81.88737427626374,2020-10-30,"{""type"":""MultiPoint"",""coordinates"":[]}"
3_749_0,332,166,127,324,143,558,1137,1232,1202,1185,3,floating_plants,RO0011_20201030,29.508734348174535,1,Rodman,-81.88175372125896,2020-10-30,"{""type"":""MultiPoint"",""coordinates"":[]}"
3_750_0,481,198,187,468,229,539,1423,1542,2916,1631,3,floating_plants,RO0012_20201030,29.51355217568437,1,Rodman,-81.8775490312554,2020-10-30,"{""type"":""MultiPoint"",""coordinates"":[]}"
3_751_0,594,285,293,720,357,923,1911,2181,2710,2100,3,floating_plants,RO0013_20201030,29.519116668272538,1,Rodman,-81.89522607229392,2020-10-30,"{""type"":""MultiPoint"",""coordinates"":[]}"
3_752_0,1173,506,432,1038,506,1686,3655,3921,4244,4004,3,floating_plants,RO0014_20201030,29.517622874932105,1,Rodman,-81.89258741479169,2020-10-30,"{""type"":""MultiPoint"",""coordinates"":[]}"
3_753_0,210,102,141,348,147,302,678,658,1214,720,3,floating_plants,RO0015_20201030,29.518257739796102,1,Rodman,-81.89421780479306,2020-10-30,"{""type"":""MultiPoint"",""coordinates"":[]}"
3_754_0,1245,554,388,1008,490,1647,3815,4244,4416,4397,3,floating_plants,RO0016_20201030,29.516726588343563,1,Rodman,-81.89295210729199,2020-10-30,"{""type"":""MultiPoint"",""coordinates"":[]}"
3_755_0,1249,530,387,971,452,1597,4037,4570,4860,4742,3,floating_plants,RO0017_20201030,29.515942331066945,1,Rodman,-81.89205110229123,2020-10-30,"{""type"":""MultiPoint"",""coordinates"":[]}"
3_756_0,1078,491,392,947,448,1529,3463,3591,3904,3687,3,floating_plants,RO0018_20201030,29.513962988058587,1,Rodman,-81.89486137979361,2020-10-30,"{""type"":""MultiPoint"",""coordinates"":[]}"
3_757_0,834,381,313,766,369,1243,2764,2802,3200,2923,3,floating_plants,RO0019_20201030,29.513234729474703,1,Rodman,-81.89288774979194,2020-10-30,"{""type"":""MultiPoint"",""coordinates"":[]}"
3_758_0,1032,460,383,938,431,1524,3351,3552,3896,3651,3,floating_plants,RO0020_20201030,29.51224503633343,1,Rodman,-81.89194383979115,2020-10-30,"{""type"":""MultiPoint"",""coordinates"":[]}"
3_759_0,935,424,340,828,380,1344,2927,3163,3356,3264,3,floating_plants,RO0021_20201030,29.51284258806684,1,Rodman,-81.8909570247903,2020-10-30,"{""type"":""MultiPoint"",""coordinates"":[]}"
3_760_0,1223,526,448,1078,466,1681,3915,4286,4428,4384,3,floating_plants,RO0022_20201030,29.513682889223347,1,Rodman,-81.88960551728916,2020-10-30,"{""type"":""MultiPoint"",""coordinates"":[]}"
3_761_0,1227,534,416,1044,470,1665,4187,4696,4980,4870,3,floating_plants,RO0023_20201030,29.513589522772698,1,Rodman,-81.88786786478768,2020-10-30,"{""type"":""MultiPoint"",""coordinates"":[]}"
3_762_0,438,205,195,490,219,676,1403,1821,1948,1696,3,floating_plants,RO0024_20201030,29.50942529079118,1,Rodman,-81.90488271780907,2020-10-30,"{""type"":""MultiPoint"",""coordinates"":[]}"
3_763_0,549,240,276,664,272,925,2170,2086,2924,2288,3,floating_plants,RO0025_20201030,29.50884639305991,1,Rodman,-81.90426059530853,2020-10-30,"{""type"":""MultiPoint"",""coordinates"":[]}"
3_764_0,1276,557,448,1096,482,1812,4042,4620,4396,4549,3,floating_plants,RO0026_20201030,29.508416886152347,1,Rodman,-81.89763177280291,2020-10-30,"{""type"":""MultiPoint"",""coordinates"":[]}"
3_765_0,1136,516,368,959,460,1578,3532,3950,4080,3995,3,floating_plants,RO0027_20201030,29.511199311583834,1,Rodman,-81.89434779213003,2020-10-30,"{""type"":""MultiPoint"",""coordinates"":[]}"
3_766_0,1152,516,375,980,461,1556,3526,3852,4096,3884,3,floating_plants,RO0028_20201030,29.510228272461564,1,Rodman,-81.89394019462966,2020-10-30,"{""type"":""MultiPoint"",""coordinates"":[]}"
3_767_0,1267,552,396,985,474,1751,3880,4130,4016,4161,3,floating_plants,RO0029_20201030,29.506119926953268,1,Rodman,-81.88922064462567,2020-10-30,"{""type"":""MultiPoint"",""coordinates"":[]}"
3_768_0,1160,500,399,968,457,1581,3440,3726,3948,3798,3,floating_plants,RO0030_20201030,29.506493419797923,1,Rodman,-81.88432947462151,2020-10-30,"{""type"":""MultiPoint"",""coordinates"":[]}"
3_769_0,1001,454,418,1052,491,1515,3168,3458,4068,3635,3,floating_plants,RO0031_20201030,29.506474745188413,1,Rodman,-81.8816050071192,2020-10-30,"{""type"":""MultiPoint"",""coordinates"":[]}"
3_770_0,1265,573,461,1158,514,1841,3954,4310,4496,4379,3,floating_plants,RO0032_20201030,29.506642816549963,1,Rodman,-81.88042511961821,2020-10-30,"{""type"":""MultiPoint"",""coordinates"":[]}"
3_771_0,816,378,435,1044,458,1217,2728,2621,4124,2778,3,floating_plants,RO0033_20201030,29.50918252760493,1,Rodman,-81.8786660146167,2020-10-30,"{""type"":""MultiPoint"",""coordinates"":[]}"
3_772_0,301,153,136,330,146,415,950,1105,1196,1089,3,floating_plants,RO0034_20201030,29.51153543834047,1,Rodman,-81.88977840962612,2020-10-30,"{""type"":""MultiPoint"",""coordinates"":[]}"
3_773_0,392,185,150,368,168,606,1331,1246,1392,1367,3,floating_plants,RO0035_20201030,29.5098361194063,1,Rodman,-81.88789058962453,2020-10-30,"{""type"":""MultiPoint"",""coordinates"":[]}"
3_774_0,543,269,302,704,332,858,1980,1997,2646,2097,3,floating_plants,RO0036_20201030,29.51050838085661,1,Rodman,-81.88941371712583,2020-10-30,"{""type"":""MultiPoint"",""coordinates"":[]}"
3_775_0,871,396,371,896,392,1359,3024,3304,3816,3314,3,floating_plants,RO0037_20201030,29.5127118731989,1,Rodman,-81.88548790962248,2020-10-30,"{""type"":""MultiPoint"",""coordinates"":[]}"
3_776_0,306,143,203,443,202,561,1124,1031,1652,1115,3,floating_plants,RO0038_20201030,29.514205739402993,1,Rodman,-81.8729779264419,2020-10-30,"{""type"":""MultiPoint"",""coordinates"":[]}"
3_777_0,1238,530,388,991,475,1572,3927,4481,4896,4706,3,floating_plants,RO0039_20201030,29.515288778341464,1,Rodman,-81.89337925395922,2020-10-30,"{""type"":""MultiPoint"",""coordinates"":[]}"
3_778_0,1270,533,420,1042,480,1670,4135,4747,4952,4894,3,floating_plants,RO0040_20201030,29.51431777845131,1,Rodman,-81.88752272145425,2020-10-30,"{""type"":""MultiPoint"",""coordinates"":[]}"
3_779_0,1107,488,336,848,403,1488,3644,3960,4232,4117,3,floating_plants,RO0041_20201030,29.513738908699988,1,Rodman,-81.8849698739521,2020-10-30,"{""type"":""MultiPoint"",""coordinates"":[]}"
3_780_0,1010,453,311,822,382,1291,3504,4244,4952,4346,3,floating_plants,RO0042_20201030,29.513813601757164,1,Rodman,-81.88368272395098,2020-10-30,"{""type"":""MultiPoint"",""coordinates"":[]}"
3_781_0,383,183,216,539,252,602,1325,1362,2080,1378,3,floating_plants,RO0043_20201030,29.512030289594243,1,Rodman,-81.89022447704997,2020-10-30,"{""type"":""MultiPoint"",""coordinates"":[]}"
3_782_0,316,146,190,396,201,442,1023,1355,1614,1357,3,floating_plants,RO0044_20201030,29.51165681717712,1,Rodman,-81.88702805454724,2020-10-30,"{""type"":""MultiPoint"",""coordinates"":[]}"
3_783_0,1071,483,356,862,422,1438,3283,3608,3716,3636,3,floating_plants,RO0045_20201030,29.50912650508407,1,Rodman,-81.89225185467396,2020-10-30,"{""type"":""MultiPoint"",""coordinates"":[]}"
3_784_0,904,418,342,821,387,1271,2794,3201,3256,3084,3,floating_plants,RO0046_20201030,29.508435560208977,1,Rodman,-81.89110414592297,2020-10-30,"{""type"":""MultiPoint"",""coordinates"":[]}"
3_785_0,483,238,215,494,232,742,1414,1707,1914,1681,3,floating_plants,RO0047_20201030,29.51006020679644,1,Rodman,-81.89191896336028,2020-10-30,"{""type"":""MultiPoint"",""coordinates"":[]}"
3_786_0,186,98,138,352,160,283,471,504,1196,594,3,floating_plants,RO0048_20201030,29.508192794587924,1,Rodman,-81.88608388335535,2020-10-30,"{""type"":""MultiPoint"",""coordinates"":[]}"
3_787_0,808,362,327,772,354,1235,2520,2840,2868,2853,3,floating_plants,RO0049_20201030,29.506801549819148,1,Rodman,-81.88820721278202,2020-10-30,"{""type"":""MultiPoint"",""coordinates"":[]}"
3_788_0,919,421,301,750,362,1346,2872,3085,2844,3119,3,floating_plants,RO0050_20201030,29.50678287526648,1,Rodman,-81.88317660152775,2020-10-30,"{""type"":""MultiPoint"",""coordinates"":[]}"
3_789_0,287,133,200,470,193,500,1057,1205,1664,942,3,floating_plants,RO0051_20201030,29.51140472253849,1,Rodman,-81.90359556780798,2020-10-30,"{""type"":""MultiPoint"",""coordinates"":[]}"
3_790_0,284,148,168,487,202,390,885,897,1896,1131,3,floating_plants,RO0052_20201030,29.512282382718727,1,Rodman,-81.90466819280888,2020-10-30,"{""type"":""MultiPoint"",""coordinates"":[]}"
3_791_0,890,402,406,1034,436,1199,2656,3155,4280,3273,3,floating_plants,RO0053_20201030,29.51207697357144,1,Rodman,-81.90749992281128,2020-10-30,"{""type"":""MultiPoint"",""coordinates"":[]}"
3_792_0,137,77,94,206,99,276,359,514,949,513,3,floating_plants,RO0054_20201030,29.510041532905376,1,Rodman,-81.90258395654386,2020-10-30,"{""type"":""MultiPoint"",""coordinates"":[]}"
3_793_0,566,262,226,543,273,1123,2087,2222,2206,2418,3,floating_plants,RO0055_20201030,29.50976142327549,1,Rodman,-81.90700568260262,2020-10-30,"{""type"":""MultiPoint"",""coordinates"":[]}"
3_794_0,860,435,382,968,485,1475,3205,3246,3868,3531,3,floating_plants,RO0056_20201030,29.513160035548474,1,Rodman,-81.8499709056444,2020-10-30,"{""type"":""MultiPoint"",""coordinates"":[]}"
3_795_0,445,217,340,830,409,963,1988,2183,3780,2119,3,floating_plants,RO0057_20201030,29.51400033406952,1,Rodman,-81.85170855814586,2020-10-30,"{""type"":""MultiPoint"",""coordinates"":[]}"
3_796_0,569,274,234,528,244,881,1999,2021,1976,2115,3,floating_plants,RO0058_20201030,29.5141497197429,1,Rodman,-81.85323168564716,2020-10-30,"{""type"":""MultiPoint"",""coordinates"":[]}"
3_797_0,1052,513,416,958,526,1479,3102,3782,4136,3900,3,floating_plants,RO0059_20201030,29.512039626668447,1,Rodman,-81.84758967814237,2020-10-30,"{""type"":""MultiPoint"",""coordinates"":[]}"
3_798_0,1092,516,395,974,511,1577,3420,3765,4308,4033,3,floating_plants,RO0060_20201030,29.51254381219922,1,Rodman,-81.84625962314124,2020-10-30,"{""type"":""MultiPoint"",""coordinates"":[]}"
3_799_0,641,323,358,809,456,1232,2307,2787,3516,2819,3,floating_plants,RO0061_20201030,29.513682888781503,1,Rodman,-81.84585202564088,2020-10-30,"{""type"":""MultiPoint"",""coordinates"":[]}"
3_800_0,303,149,179,380,216,512,1217,1011,1394,1198,3,floating_plants,RO0062_20201030,29.51239442415564,1,Rodman,-81.84505828314022,2020-10-30,"{""type"":""MultiPoint"",""coordinates"":[]}"
3_801_0,236,114,248,592,300,526,742,1455,2130,989,3,floating_plants,RO0063_20201030,29.512338403582447,1,Rodman,-81.84271996063822,2020-10-30,"{""type"":""MultiPoint"",""coordinates"":[]}"
3_802_0,857,402,380,924,451,1337,2939,3190,3892,3447,3,floating_plants,RO0064_20201030,29.511068595607306,1,Rodman,-81.84143281063716,2020-10-30,"{""type"":""MultiPoint"",""coordinates"":[]}"
3_803_0,981,431,412,969,487,1468,3208,3557,4028,3543,3,floating_plants,RO0065_20201030,29.510302968395184,1,Rodman,-81.84241962563799,2020-10-30,"{""type"":""MultiPoint"",""coordinates"":[]}"
3_804_0,1354,587,386,1024,516,1694,3927,4480,4804,4765,3,floating_plants,RO0066_20201030,29.509425291052445,1,Rodman,-81.84224800563784,2020-10-30,"{""type"":""MultiPoint"",""coordinates"":[]}"
3_805_0,1014,465,393,932,454,1538,3278,3456,3708,3644,3,floating_plants,RO0067_20201030,29.509443965117697,1,Rodman,-81.84349225063889,2020-10-30,"{""type"":""MultiPoint"",""coordinates"":[]}"
3_806_0,1518,681,462,1182,554,2006,4644,5179,5460,5473,3,floating_plants,RO0068_20201030,29.508790370784403,1,Rodman,-81.84289158063838,2020-10-30,"{""type"":""MultiPoint"",""coordinates"":[]}"
3_807_0,1290,597,443,1070,584,1884,3763,4290,4168,4388,3,floating_plants,RO0069_20201030,29.50864097720142,1,Rodman,-81.84548733314058,2020-10-30,"{""type"":""MultiPoint"",""coordinates"":[]}"
3_808_0,1343,593,449,1048,546,1798,3913,4241,4532,4461,3,floating_plants,RO0070_20201030,29.508528931869524,1,Rodman,-81.84651705314144,2020-10-30,"{""type"":""MultiPoint"",""coordinates"":[]}"
3_809_0,1058,482,400,938,465,1627,3404,3625,3804,3813,3,floating_plants,RO0071_20201030,29.509126505540006,1,Rodman,-81.84673157814163,2020-10-30,"{""type"":""MultiPoint"",""coordinates"":[]}"
3_810_0,1473,683,434,1066,588,1769,3916,4404,5028,4784,3,floating_plants,RO0072_20201030,29.510452359525427,1,Rodman,-81.85393961814776,2020-10-30,"{""type"":""MultiPoint"",""coordinates"":[]}"
3_811_0,1136,482,415,985,449,1624,4071,4308,4364,4549,3,floating_plants,RO0073_20201030,29.514280432026215,1,Rodman,-81.85644956064989,2020-10-30,"{""type"":""MultiPoint"",""coordinates"":[]}"
3_812_0,512,240,186,396,206,893,1789,1696,1714,1711,3,floating_plants,RO0074_20201030,29.512562485689173,1,Rodman,-81.84891973314348,2020-10-30,"{""type"":""MultiPoint"",""coordinates"":[]}"
3_813_0,943,437,394,932,466,1457,3142,3454,3848,3640,3,floating_plants,RO0075_20201030,29.512991975007093,1,Rodman,-81.84722498564204,2020-10-30,"{""type"":""MultiPoint"",""coordinates"":[]}"
3_814_0,335,177,189,397,228,583,1186,1662,1642,1637,3,floating_plants,RO0076_20201030,29.514355124683764,1,Rodman,-81.84480085314,2020-10-30,"{""type"":""MultiPoint"",""coordinates"":[]}"
3_815_0,1182,533,451,1092,493,1788,3966,4506,4820,4390,3,floating_plants,RO0077_20201030,29.509499987292745,1,Rodman,-81.83214387812927,2020-10-30,"{""type"":""MultiPoint"",""coordinates"":[]}"
3_816_0,1228,508,404,1028,460,1686,3878,4284,4440,4371,3,floating_plants,RO0078_20201030,29.50899578660101,1,Rodman,-81.8300629856275,2020-10-30,"{""type"":""MultiPoint"",""coordinates"":[]}"
3_817_0,1184,511,403,998,438,1695,3968,4280,4460,4523,3,floating_plants,RO0079_20201030,29.509070483158222,1,Rodman,-81.82836823812607,2020-10-30,"{""type"":""MultiPoint"",""coordinates"":[]}"
3_818_0,247,125,216,538,260,511,896,874,1888,1069,3,floating_plants,RO0080_20201030,29.512823914186693,1,Rodman,-81.82869002562634,2020-10-30,"{""type"":""MultiPoint"",""coordinates"":[]}"
3_819_0,302,134,224,478,210,366,966,887,1968,1122,3,floating_plants,RO0081_20201030,29.509518661217953,1,Rodman,-81.82315178428141,2020-10-30,"{""type"":""MultiPoint"",""coordinates"":[]}"
3_820_0,383,187,184,479,214,757,1321,1681,1726,1385,3,floating_plants,RO0082_20201030,29.509481313111593,1,Rodman,-81.82180027678025,2020-10-30,"{""type"":""MultiPoint"",""coordinates"":[]}"
3_821_0,581,284,226,548,235,915,1916,2060,2030,2024,3,floating_plants,RO0083_20201030,29.50772593656899,1,Rodman,-81.8239884317821,2020-10-30,"{""type"":""MultiPoint"",""coordinates"":[]}"
3_822_0,425,210,229,579,246,676,1531,1628,2018,1698,3,floating_plants,RO0084_20201030,29.507763285322987,1,Rodman,-81.82044876927911,2020-10-30,"{""type"":""MultiPoint"",""coordinates"":[]}"
3_823_0,1347,610,430,1020,522,1768,4055,4316,4656,4742,3,floating_plants,RO0085_20201030,29.506362697618602,1,Rodman,-81.82160720428007,2020-10-30,"{""type"":""MultiPoint"",""coordinates"":[]}"
3_824_0,411,205,163,461,214,710,1450,1517,1578,1632,3,floating_plants,RO0086_20201030,29.507464494905243,1,Rodman,-81.81892564177782,2020-10-30,"{""type"":""MultiPoint"",""coordinates"":[]}"
3_825_0,259,126,80,220,130,546,775,1099,710,997,3,floating_plants,RO0087_20201030,29.51133002783694,1,Rodman,-81.81392720927356,2020-10-30,"{""type"":""MultiPoint"",""coordinates"":[]}"
3_826_0,568,259,262,604,324,974,1900,2066,2236,2118,3,floating_plants,RO0088_20201030,29.512991974880865,1,Rodman,-81.81463514177418,2020-10-30,"{""type"":""MultiPoint"",""coordinates"":[]}"
3_827_0,409,205,169,457,244,724,1349,1499,1688,1450,3,floating_plants,RO0089_20201030,29.513402789044893,1,Rodman,-81.81287603677268,2020-10-30,"{""type"":""MultiPoint"",""coordinates"":[]}"
3_828_0,633,302,310,738,372,1176,2307,2359,2714,2571,3,floating_plants,RO0090_20201030,29.514840625487935,1,Rodman,-81.81392720927356,2020-10-30,"{""type"":""MultiPoint"",""coordinates"":[]}"
3_829_0,516,247,256,564,270,869,1758,1827,2122,1822,3,floating_plants,RO0091_20201030,29.515979676221267,1,Rodman,-81.81740251427654,2020-10-30,"{""type"":""MultiPoint"",""coordinates"":[]}"
3_830_0,376,170,189,452,212,687,1463,1461,1426,1358,3,floating_plants,RO0092_20201030,29.51588631188938,1,Rodman,-81.82040586427905,2020-10-30,"{""type"":""MultiPoint"",""coordinates"":[]}"
3_831_0,619,295,289,736,340,1165,2386,2382,2670,2501,3,floating_plants,RO0093_20201030,29.51523275915461,1,Rodman,-81.82237949428077,2020-10-30,"{""type"":""MultiPoint"",""coordinates"":[]}"
3_832_0,306,142,161,372,196,494,990,1081,1388,997,3,floating_plants,RO0094_20201030,29.51470991392808,1,Rodman,-81.82413859928224,2020-10-30,"{""type"":""MultiPoint"",""coordinates"":[]}"
3_833_0,393,179,299,716,327,725,1522,1669,2504,1725,3,floating_plants,RO0095_20201030,29.512805240618725,1,Rodman,-81.8172523467764,2020-10-30,"{""type"":""MultiPoint"",""coordinates"":[]}"
3_834_0,291,132,80,152,84,431,820,904,583,951,3,floating_plants,RO0096_20201030,29.512879934364914,1,Rodman,-81.81362687427333,2020-10-30,"{""type"":""MultiPoint"",""coordinates"":[]}"
3_835_0,519,241,254,595,313,917,1783,1827,2206,2167,3,floating_plants,RO0097_20201030,29.515774274577442,1,Rodman,-81.80931492176965,2020-10-30,"{""type"":""MultiPoint"",""coordinates"":[]}"
3_836_0,438,219,239,524,257,918,1714,1596,1802,1822,3,floating_plants,RO0098_20201030,29.51674526110741,1,Rodman,-81.82518782190108,2020-10-30,"{""type"":""MultiPoint"",""coordinates"":[]}"
3_837_0,361,152,134,324,152,538,1073,1560,1005,1129,3,floating_plants,RO0099_20201030,29.516595879265097,1,Rodman,-81.8260459219018,2020-10-30,"{""type"":""MultiPoint"",""coordinates"":[]}"
3_838_0,80,46,114,251,118,177,328,268,658,359,3,floating_plants,RO0100_20201030,29.515512854314274,1,Rodman,-81.82902781940433,2020-10-30,"{""type"":""MultiPoint"",""coordinates"":[]}"
3_839_0,691,321,292,702,352,1188,2471,2579,2750,2600,3,floating_plants,RO0101_20201030,29.522085517115315,1,Rodman,-81.8242653644003,2020-10-30,"{""type"":""MultiPoint"",""coordinates"":[]}"
3_840_0,457,228,215,558,275,871,1795,1757,2204,1879,3,floating_plants,RO0102_20201030,29.52139466070656,1,Rodman,-81.82330000189948,2020-10-30,"{""type"":""MultiPoint"",""coordinates"":[]}"
3_841_0,850,383,375,852,396,1376,2901,3139,3400,3182,3,floating_plants,RO0103_20201030,29.521749425397577,1,Rodman,-81.82205575689841,2020-10-30,"{""type"":""MultiPoint"",""coordinates"":[]}"
3_842_0,358,168,186,434,181,623,1245,1312,1494,1348,3,floating_plants,RO0104_20201030,29.519882228858556,1,Rodman,-81.82115475189767,2020-10-30,"{""type"":""MultiPoint"",""coordinates"":[]}"
3_843_0,363,178,205,478,248,675,1296,1377,1736,1508,3,floating_plants,RO0105_20201030,29.519994261622553,1,Rodman,-81.82025374689688,2020-10-30,"{""type"":""MultiPoint"",""coordinates"":[]}"
3_844_0,652,310,327,762,398,1294,2538,2613,2956,2474,3,floating_plants,RO0106_20201030,29.518127032695308,1,Rodman,-81.80935587688765,2020-10-30,"{""type"":""MultiPoint"",""coordinates"":[]}"
3_845_0,381,181,219,498,253,664,1252,1437,1788,1564,3,floating_plants,RO0107_20201030,29.516017022543565,1,Rodman,-81.80843341938686,2020-10-30,"{""type"":""MultiPoint"",""coordinates"":[]}"
3_846_0,276,148,221,475,276,593,1106,1191,1722,1342,3,floating_plants,RO0108_20201030,29.514523183449146,1,Rodman,-81.8077898443863,2020-10-30,"{""type"":""MultiPoint"",""coordinates"":[]}"
3_847_0,355,172,234,504,277,638,1269,1495,1872,1275,3,floating_plants,RO0109_20201030,29.513589522818297,1,Rodman,-81.80804727438652,2020-10-30,"{""type"":""MultiPoint"",""coordinates"":[]}"
3_848_0,1042,457,369,890,410,1447,3181,3568,3720,3672,3,floating_plants,RO0110_20201030,29.5260251762194,1,Rodman,-81.82353677590324,2020-10-30,"{""type"":""MultiPoint"",""coordinates"":[]}"
3_849_0,727,333,337,799,378,1238,2566,2674,3148,2791,3,floating_plants,RO0111_20201030,29.526193215115907,1,Rodman,-81.83038012340903,2020-10-30,"{""type"":""MultiPoint"",""coordinates"":[]}"
3_850_0,464,206,236,538,224,797,1595,1611,1786,1707,3,floating_plants,RO0112_20201030,29.525091621711447,1,Rodman,-81.83010124090877,2020-10-30,"{""type"":""MultiPoint"",""coordinates"":[]}"
3_851_0,577,257,274,666,328,862,1714,1935,2530,2060,3,floating_plants,RO0113_20201030,29.525315675579044,1,Rodman,-81.82920023590803,2020-10-30,"{""type"":""MultiPoint"",""coordinates"":[]}"
3_852_0,863,389,381,902,433,1338,2858,3179,3620,3282,3,floating_plants,RO0114_20201030,29.526286569937835,1,Rodman,-81.82924314090806,2020-10-30,"{""type"":""MultiPoint"",""coordinates"":[]}"
3_853_0,750,342,339,780,365,1111,2279,2710,2972,2541,3,floating_plants,RO0115_20201030,29.524904909776062,1,Rodman,-81.8278916334069,2020-10-30,"{""type"":""MultiPoint"",""coordinates"":[]}"
3_854_0,891,394,362,850,406,1346,2848,3119,3336,3207,3,floating_plants,RO0116_20201030,29.52580112392317,1,Rodman,-81.82720515340631,2020-10-30,"{""type"":""MultiPoint"",""coordinates"":[]}"
3_855_0,1131,491,364,968,464,1572,3514,3867,4056,4028,3,floating_plants,RO0117_20201030,29.525072950533424,1,Rodman,-81.82475956840426,2020-10-30,"{""type"":""MultiPoint"",""coordinates"":[]}"
3_856_0,983,445,345,796,375,1448,3143,3497,3452,3542,3,floating_plants,RO0118_20201030,29.523971344930338,1,Rodman,-81.82383711090348,2020-10-30,"{""type"":""MultiPoint"",""coordinates"":[]}"
3_857_0,873,401,372,870,410,1405,3015,3274,3636,3347,3,floating_plants,RO0119_20201030,29.523056443023627,1,Rodman,-81.82336515590306,2020-10-30,"{""type"":""MultiPoint"",""coordinates"":[]}"
3_858_0,411,200,257,642,296,730,1419,1588,2234,1653,3,floating_plants,RO0120_20201030,29.522795040959238,1,Rodman,-81.82536023840477,2020-10-30,"{""type"":""MultiPoint"",""coordinates"":[]}"
3_859_0,337,159,164,376,213,623,1246,1289,1422,1231,3,floating_plants,RO0121_20201030,29.523551237541245,1,Rodman,-81.82486477758027,2020-10-30,"{""type"":""MultiPoint"",""coordinates"":[]}"
3_860_0,468,222,258,604,292,763,1635,1911,2272,1773,3,floating_plants,RO0122_20201030,29.522020166187918,1,Rodman,-81.82327729257894,2020-10-30,"{""type"":""MultiPoint"",""coordinates"":[]}"
3_861_0,184,88,120,248,131,332,694,717,929,828,3,floating_plants,RO0123_20201030,29.51955546584281,1,Rodman,-81.82308366666395,2020-10-30,"{""type"":""MultiPoint"",""coordinates"":[]}"
3_862_0,213,97,215,488,233,495,1015,983,1396,831,3,floating_plants,RO0124_20201030,29.517380131398223,1,Rodman,-81.82314802416404,2020-10-30,"{""type"":""MultiPoint"",""coordinates"":[]}"
3_863_0,230,119,283,659,299,578,1135,952,2234,1178,3,floating_plants,RO0125_20201030,29.51707203303975,1,Rodman,-81.82130310916246,2020-10-30,"{""type"":""MultiPoint"",""coordinates"":[]}"
3_864_0,258,135,227,517,227,509,1014,1088,1752,1172,3,floating_plants,RO0126_20201030,29.517818936531878,1,Rodman,-81.81968344541109,2020-10-30,"{""type"":""MultiPoint"",""coordinates"":[]}"
3_865_0,428,221,302,670,347,864,1691,1819,2618,1826,3,floating_plants,RO0127_20201030,29.517828272790663,1,Rodman,-81.81858936791014,2020-10-30,"{""type"":""MultiPoint"",""coordinates"":[]}"
3_866_0,107,55,148,331,200,214,430,546,1086,446,3,floating_plants,RO0128_20201030,29.518911272962445,1,Rodman,-81.81807450790971,2020-10-30,"{""type"":""MultiPoint"",""coordinates"":[]}"
3_867_0,193,84,124,284,156,288,611,871,1086,658,3,floating_plants,RO0129_20201030,29.514607212050347,1,Rodman,-81.81659218812153,2020-10-30,"{""type"":""MultiPoint"",""coordinates"":[]}"
3_868_0,180,95,175,370,166,417,776,612,958,910,3,floating_plants,RO0130_20201030,29.514504509887846,1,Rodman,-81.81883397437342,2020-10-30,"{""type"":""MultiPoint"",""coordinates"":[]}"
3_869_0,364,166,206,472,211,754,1576,1587,1734,1487,3,floating_plants,RO0131_20201030,29.51522342283697,1,Rodman,-81.81985296812428,2020-10-30,"{""type"":""MultiPoint"",""coordinates"":[]}"
3_870_0,261,118,192,381,232,567,1124,1151,1388,1150,3,floating_plants,RO0132_20201030,29.516026358535488,1,Rodman,-81.81261274936816,2020-10-30,"{""type"":""MultiPoint"",""coordinates"":[]}"
3_871_0,244,115,238,555,281,454,864,974,1844,1208,3,floating_plants,RO0133_20201030,29.51574626541069,1,Rodman,-81.8137282793691,2020-10-30,"{""type"":""MultiPoint"",""coordinates"":[]}"
3_872_0,231,99,172,419,248,412,811,998,1402,920,3,floating_plants,RO0134_20201030,29.51667990614544,1,Rodman,-81.8086762156148,2020-10-30,"{""type"":""MultiPoint"",""coordinates"":[]}"
3_873_0,312,159,237,531,274,543,1005,1056,1924,1151,3,floating_plants,RO0135_20201030,29.5156715737798,1,Rodman,-81.80748560186379,2020-10-30,"{""type"":""MultiPoint"",""coordinates"":[]}"
3_874_0,245,119,111,222,126,438,799,1001,860,853,3,floating_plants,RO0136_20201030,29.515167403829604,1,Rodman,-81.80825789186446,2020-10-30,"{""type"":""MultiPoint"",""coordinates"":[]}"
3_875_0,247,126,202,448,265,643,1210,1207,1626,1123,3,floating_plants,RO0137_20201030,29.514933990965076,1,Rodman,-81.80922325436528,2020-10-30,"{""type"":""MultiPoint"",""coordinates"":[]}"
3_876_0,176,88,205,487,252,416,675,606,1694,899,3,floating_plants,RO0138_20201030,29.512655852909234,1,Rodman,-81.80435207574263,2020-10-30,"{""type"":""MultiPoint"",""coordinates"":[]}"
3_877_0,170,74,150,324,146,278,537,561,959,653,3,floating_plants,RO0139_20201030,29.51227304602988,1,Rodman,-81.8051458182433,2020-10-30,"{""type"":""MultiPoint"",""coordinates"":[]}"
3_878_0,71,22,89,143,99,116,212,238,466,266,3,floating_plants,RO0140_20201030,29.511778195967285,1,Rodman,-81.8063149794943,2020-10-30,"{""type"":""MultiPoint"",""coordinates"":[]}"
3_879_0,185,92,123,276,184,345,645,626,930,756,3,floating_plants,RO0141_20201030,29.51288927102758,1,Rodman,-81.80730179449513,2020-10-30,"{""type"":""MultiPoint"",""coordinates"":[]}"
3_880_0,1125,522,376,878,489,1606,3315,3828,3784,3844,3,floating_plants,RO0142_20201030,29.509948163183545,1,Rodman,-81.80364321226386,2020-10-30,"{""type"":""MultiPoint"",""coordinates"":[]}"
3_881_0,1051,490,392,904,465,1646,3391,3630,3760,3997,3,floating_plants,RO0143_20201030,29.510779151460582,1,Rodman,-81.80311762601342,2020-10-30,"{""type"":""MultiPoint"",""coordinates"":[]}"
3_882_0,1149,540,426,1002,536,1783,3609,3892,4164,4323,3,floating_plants,RO0144_20201030,29.511563448745317,1,Rodman,-81.80259203976298,2020-10-30,"{""type"":""MultiPoint"",""coordinates"":[]}"
3_883_0,914,402,420,988,495,1315,2861,3250,4516,3395,3,floating_plants,RO0145_20201030,29.508566279625896,1,Rodman,-81.80548866257786,2020-10-30,"{""type"":""MultiPoint"",""coordinates"":[]}"
3_884_0,214,87,115,244,100,402,815,879,964,835,3,floating_plants,RO0146_20201030,29.508332851527506,1,Rodman,-81.81865331164212,2020-10-30,"{""type"":""MultiPoint"",""coordinates"":[]}"
3_885_0,215,105,167,349,158,424,830,956,1228,1033,3,floating_plants,RO0147_20201030,29.510284294012333,1,Rodman,-81.82509944395288,2020-10-30,"{""type"":""MultiPoint"",""coordinates"":[]}"
3_886_0,36,12,31,92,46,65,92,136,263,103,3,floating_plants,RO0148_20201030,29.511189974523294,1,Rodman,-81.8259360914536,2020-10-30,"{""type"":""MultiPoint"",""coordinates"":[]}"
3_887_0,141,67,120,252,129,242,484,568,835,630,3,floating_plants,RO0149_20201030,29.51158212236527,1,Rodman,-81.8267094184605,2020-10-30,"{""type"":""MultiPoint"",""coordinates"":[]}"
3_888_0,175,80,111,321,145,223,544,741,1036,624,3,floating_plants,RO0150_20201030,29.513645542009044,1,Rodman,-81.82816912461202,2020-10-30,"{""type"":""MultiPoint"",""coordinates"":[]}"
3_889_0,43,27,61,109,44,60,153,101,419,187,3,floating_plants,RO0151_20201030,29.51403768030602,1,Rodman,-81.8273432033613,2020-10-30,"{""type"":""MultiPoint"",""coordinates"":[]}"
3_890_0,81,38,69,150,78,160,366,361,501,354,3,floating_plants,RO0152_20201030,29.514616548386254,1,Rodman,-81.83229958426216,2020-10-30,"{""type"":""MultiPoint"",""coordinates"":[]}"
3_891_0,102,51,137,387,161,206,415,423,1182,501,3,floating_plants,RO0153_20201030,29.515363470000622,1,Rodman,-81.83505623051451,2020-10-30,"{""type"":""MultiPoint"",""coordinates"":[]}"
3_892_0,167,76,115,260,132,293,556,529,878,576,3,floating_plants,RO0154_20201030,29.511161963987938,1,Rodman,-81.83881179896862,2020-10-30,"{""type"":""MultiPoint"",""coordinates"":[]}"
3_893_0,330,156,221,516,248,674,1250,1251,1962,1177,3,floating_plants,RO0155_20201030,29.5106390977328,1,Rodman,-81.83727794521734,2020-10-30,"{""type"":""MultiPoint"",""coordinates"":[]}"
3_894_0,1288,587,395,992,454,1543,3494,3785,4180,3955,3,floating_plants,RO0156_20201030,29.509415953623115,1,Rodman,-81.83458565646505,2020-10-30,"{""type"":""MultiPoint"",""coordinates"":[]}"
3_895_0,238,110,186,417,195,393,913,888,1520,1063,3,floating_plants,RO0157_20201030,29.51344013543523,1,Rodman,-81.84141827772083,2020-10-30,"{""type"":""MultiPoint"",""coordinates"":[]}"
3_896_0,101,45,32,126,65,176,319,351,405,371,3,floating_plants,RO0158_20201030,29.512562485293767,1,Rodman,-81.83889760896872,2020-10-30,"{""type"":""MultiPoint"",""coordinates"":[]}"
3_897_0,894,415,397,942,450,1324,3064,3152,3716,3329,3,floating_plants,RO0159_20201030,29.51311335196124,1,Rodman,-81.84662148391628,2020-10-30,"{""type"":""MultiPoint"",""coordinates"":[]}"
3_898_0,156,66,110,207,111,278,595,571,758,634,3,floating_plants,RO0160_20201030,29.514355124552267,1,Rodman,-81.8419448389123,2020-10-30,"{""type"":""MultiPoint"",""coordinates"":[]}"
3_899_0,98,46,132,257,120,166,401,356,770,336,3,floating_plants,RO0161_20201030,29.51666123342742,1,Rodman,-81.83955295239758,2020-10-30,"{""type"":""MultiPoint"",""coordinates"":[]}"
3_900_0,820,376,342,828,410,1297,2687,2898,3468,3067,3,floating_plants,RO0162_20201030,29.52593182135088,1,Rodman,-81.8254660682329,2020-10-30,"{""type"":""MultiPoint"",""coordinates"":[]}"
3_901_0,1150,504,406,911,502,1585,3465,3931,4316,4201,3,floating_plants,RO0163_20201030,29.526603975882516,1,Rodman,-81.81630585072513,2020-10-30,"{""type"":""MultiPoint"",""coordinates"":[]}"
3_902_0,1281,552,510,1312,512,2069,4763,4933,5208,5201,3,floating_plants,RO0164_20201030,29.522701683110057,1,Rodman,-81.80253334571344,2020-10-30,"{""type"":""MultiPoint"",""coordinates"":[]}"
3_903_0,701,273,427,1100,412,1158,2635,3565,4496,3349,3,floating_plants,RO0165_20201030,29.52503560836162,1,Rodman,-81.80126764821237,2020-10-30,"{""type"":""MultiPoint"",""coordinates"":[]}"
3_904_0,1117,461,434,1152,476,1808,4416,4688,5196,4886,3,floating_plants,RO0166_20201030,29.52154403621005,1,Rodman,-81.80476440571533,2020-10-30,"{""type"":""MultiPoint"",""coordinates"":[]}"
3_905_0,260,128,135,325,165,486,936,1010,1100,1095,3,floating_plants,RO0167_20201030,29.52096520779311,1,Rodman,-81.81253021072192,2020-10-30,"{""type"":""MultiPoint"",""coordinates"":[]}"
3_906_0,164,85,92,228,121,272,547,560,794,643,3,floating_plants,RO0168_20201030,29.520143638730545,1,Rodman,-81.81126269264134,2020-10-30,"{""type"":""MultiPoint"",""coordinates"":[]}"
3_907_0,967,456,378,906,476,1527,3149,3558,3800,3542,3,floating_plants,RO0169_20201030,29.525222320004954,1,Rodman,-81.81304445524233,2020-10-30,"{""type"":""MultiPoint"",""coordinates"":[]}"
3_908_0,273,134,241,491,265,534,1009,1015,1678,975,3,floating_plants,RO0170_20201030,29.52260832492926,1,Rodman,-81.80808892773813,2020-10-30,"{""type"":""MultiPoint"",""coordinates"":[]}"
3_909_0,262,97,162,385,172,374,787,829,1062,690,3,floating_plants,RO0171_20201030,29.53348396805668,1,Rodman,-81.83182798096462,2020-10-30,"{""type"":""MultiPoint"",""coordinates"":[]}"
3_910_0,80,31,104,232,97,157,424,635,976,335,3,floating_plants,RO0172_20201030,29.52714543025277,1,Rodman,-81.84695486657951,2020-10-30,"{""type"":""MultiPoint"",""coordinates"":[]}"
3_911_0,201,93,195,450,180,336,1019,1207,2744,808,3,floating_plants,RO0173_20201030,29.521936143212457,1,Rodman,-81.85191180606729,2020-10-30,"{""type"":""MultiPoint"",""coordinates"":[]}"
3_912_0,66,43,122,317,167,227,367,284,1322,399,3,floating_plants,RO0174_20201030,29.519238037891842,1,Rodman,-81.84983073512804,2020-10-30,"{""type"":""MultiPoint"",""coordinates"":[]}"
3_913_0,100,46,123,252,118,211,331,549,1158,326,3,floating_plants,RO0175_20201030,29.51727743196196,1,Rodman,-81.85294134763068,2020-10-30,"{""type"":""MultiPoint"",""coordinates"":[]}"
3_914_0,178,74,192,370,160,165,603,899,2006,723,3,floating_plants,RO0176_20201030,29.518696541003322,1,Rodman,-81.85447520138197,2020-10-30,"{""type"":""MultiPoint"",""coordinates"":[]}"
3_915_0,168,85,179,430,173,306,732,791,1990,986,3,floating_plants,RO0177_20201030,29.519807540113753,1,Rodman,-81.84502537512397,2020-10-30,"{""type"":""MultiPoint"",""coordinates"":[]}"
3_916_0,160,61,87,153,98,231,486,563,619,548,3,floating_plants,RO0178_20201030,29.514401807632495,1,Rodman,-81.84324367717419,2020-10-30,"{""type"":""MultiPoint"",""coordinates"":[]}"
3_917_0,59,29,122,230,100,188,352,261,800,389,3,floating_plants,RO0179_20201030,29.515820956997818,1,Rodman,-81.84400524092483,2020-10-30,"{""type"":""MultiPoint"",""coordinates"":[]}"
3_918_0,71,38,112,219,125,180,332,443,651,303,3,floating_plants,RO0180_20201030,29.515858302765018,1,Rodman,-81.83836323342005,2020-10-30,"{""type"":""MultiPoint"",""coordinates"":[]}"
3_919_0,91,53,78,190,92,157,334,344,735,438,3,floating_plants,RO0181_20201030,29.512599832358,1,Rodman,-81.84118386736723,2020-10-30,"{""type"":""MultiPoint"",""coordinates"":[]}"
3_920_0,115,49,108,242,110,150,287,446,834,333,3,floating_plants,RO0182_20201030,29.510611087059054,1,Rodman,-81.84849916987343,2020-10-30,"{""type"":""MultiPoint"",""coordinates"":[]}"
3_921_0,119,54,81,223,107,221,468,417,730,513,3,floating_plants,RO0183_20201030,29.510732466999713,1,Rodman,-81.84464844612019,2020-10-30,"{""type"":""MultiPoint"",""coordinates"":[]}"
3_922_0,67,33,35,61,51,92,146,165,234,176,3,floating_plants,RO0184_20201030,29.511087269068685,1,Rodman,-81.84285716236865,2020-10-30,"{""type"":""MultiPoint"",""coordinates"":[]}"
3_923_0,100,55,64,170,91,159,320,319,540,334,3,floating_plants,RO0185_20201030,29.51175952220991,1,Rodman,-81.83934967861566,2020-10-30,"{""type"":""MultiPoint"",""coordinates"":[]}"
3_924_0,180,80,150,270,141,294,564,647,1096,662,3,floating_plants,RO0186_20201030,29.512226362185228,1,Rodman,-81.8515047956004,2020-10-30,"{""type"":""MultiPoint"",""coordinates"":[]}"
3_925_0,55,31,52,98,43,103,175,281,571,300,3,floating_plants,RO0187_20201030,29.51571825584342,1,Rodman,-81.85345697310204,2020-10-30,"{""type"":""MultiPoint"",""coordinates"":[]}"
3_926_0,941,466,200,504,284,963,2148,2522,2776,2561,3,floating_plants,RO0188_20201030,29.515802284144993,1,Rodman,-81.86899292250791,2020-10-30,"{""type"":""MultiPoint"",""coordinates"":[]}"
3_927_0,121,62,43,76,46,146,465,371,523,492,3,floating_plants,RO0189_20201030,29.51681995156012,1,Rodman,-81.86335091500314,2020-10-30,"{""type"":""MultiPoint"",""coordinates"":[]}"
3_928_0,129,64,85,180,88,152,349,375,616,429,3,floating_plants,RO0190_20201030,29.516241096120222,1,Rodman,-81.87447403626257,2020-10-30,"{""type"":""MultiPoint"",""coordinates"":[]}"
3_929_0,418,192,286,665,302,686,1555,1612,2714,1581,3,floating_plants,RO0191_20201030,29.51151676479082,1,Rodman,-81.8807289425132,2020-10-30,"{""type"":""MultiPoint"",""coordinates"":[]}"
3_930_0,499,242,220,446,251,675,1663,1602,2064,1829,3,floating_plants,RO0192_20201030,29.511554112146214,1,Rodman,-81.88167285251401,2020-10-30,"{""type"":""MultiPoint"",""coordinates"":[]}"
3_931_0,211,106,196,383,201,379,914,551,1456,804,3,floating_plants,RO0193_20201030,29.50948131273634,1,Rodman,-81.88297212523236,2020-10-30,"{""type"":""MultiPoint"",""coordinates"":[]}"
3_932_0,169,78,99,266,129,200,478,492,984,522,3,floating_plants,RO0194_20201030,29.51023760920486,1,Rodman,-81.88354061648285,2020-10-30,"{""type"":""MultiPoint"",""coordinates"":[]}"
3_933_0,136,63,72,198,74,226,483,437,744,512,3,floating_plants,RO0195_20201030,29.51017225047386,1,Rodman,-81.88026911023006,2020-10-30,"{""type"":""MultiPoint"",""coordinates"":[]}"
3_934_0,169,71,73,190,83,259,431,638,660,620,3,floating_plants,RO0196_20201030,29.509845456185783,1,Rodman,-81.88163134398121,2020-10-30,"{""type"":""MultiPoint"",""coordinates"":[]}"
3_935_0,223,115,190,402,170,347,728,826,1426,775,3,floating_plants,RO0197_20201030,29.508379537399264,1,Rodman,-81.88064452898038,2020-10-30,"{""type"":""MultiPoint"",""coordinates"":[]}"
3_936_0,957,438,360,924,411,1545,3483,3660,3816,3648,3,floating_plants,RO0198_20201030,29.510545728368385,1,Rodman,-81.8765363752269,2020-10-30,"{""type"":""MultiPoint"",""coordinates"":[]}"
3_937_0,1246,553,458,1144,526,1867,4329,4727,4868,4925,3,floating_plants,RO0199_20201030,29.511488753919803,1,Rodman,-81.87147358522259,2020-10-30,"{""type"":""MultiPoint"",""coordinates"":[]}"
3_938_0,222,106,101,289,122,293,695,757,972,763,3,floating_plants,RO0200_20201030,29.507436482671803,1,Rodman,-81.88475290254816,2020-10-30,"{""type"":""MultiPoint"",""coordinates"":[]}"
3_939_0,187,88,113,251,129,265,661,676,924,630,3,floating_plants,RO0201_20201030,29.507894005266888,1,Rodman,-81.88422731629771,2020-10-30,"{""type"":""MultiPoint"",""coordinates"":[]}"
3_940_0,20,5,1,0,1,0,0,0,0,0,2,open_water,RO0202_20201030,29.512450445642926,0,Rodman,-81.90140711799637,2020-10-30,"{""type"":""MultiPoint"",""coordinates"":[]}"
3_941_0,22,20,4,0,6,0,0,0,0,0,2,open_water,RO0203_20201030,29.510358991039986,0,Rodman,-81.89994834799512,2020-10-30,"{""type"":""MultiPoint"",""coordinates"":[]}"
3_942_0,12,15,14,0,2,0,0,0,0,0,2,open_water,RO0204_20201030,29.511815544349336,0,Rodman,-81.89930477299458,2020-10-30,"{""type"":""MultiPoint"",""coordinates"":[]}"
3_943_0,26,11,15,11,3,5,7,15,8,24,2,open_water,RO0205_20201030,29.517268096276567,0,Rodman,-81.89900443799432,2020-10-30,"{""type"":""MultiPoint"",""coordinates"":[]}"
3_944_0,20,13,0,0,17,0,0,13,0,11,2,open_water,RO0206_20201030,29.510471034346352,0,Rodman,-81.90458208799905,2020-10-30,"{""type"":""MultiPoint"",""coordinates"":[]}"
3_945_0,24,6,9,11,12,3,8,18,6,18,2,open_water,RO0207_20201030,29.508827720090853,0,Rodman,-81.90758543800162,2020-10-30,"{""type"":""MultiPoint"",""coordinates"":[]}"
3_946_0,33,17,8,1,1,24,9,4,3,19,2,open_water,RO0208_20201030,29.511740849817652,0,Rodman,-81.87853875297697,2020-10-30,"{""type"":""MultiPoint"",""coordinates"":[]}"
3_947_0,22,20,19,2,0,3,0,0,0,12,2,open_water,RO0209_20201030,29.512413098618232,0,Rodman,-81.87557830797444,2020-10-30,"{""type"":""MultiPoint"",""coordinates"":[]}"
3_948_0,17,22,6,0,4,0,0,0,0,5,2,open_water,RO0210_20201030,29.51521408722865,0,Rodman,-81.876221882975,2020-10-30,"{""type"":""MultiPoint"",""coordinates"":[]}"
3_949_0,17,6,0,11,6,0,0,0,0,0,2,open_water,RO0211_20201030,29.516633225204,0,Rodman,-81.8666969729669,2020-10-30,"{""type"":""MultiPoint"",""coordinates"":[]}"
3_950_0,15,9,15,11,14,19,2,2,3,0,2,open_water,RO0212_20201030,29.519023307337967,0,Rodman,-81.86369362296438,2020-10-30,"{""type"":""MultiPoint"",""coordinates"":[]}"
3_951_0,6,12,12,7,4,0,1,7,11,0,2,open_water,RO0213_20201030,29.518612515988565,0,Rodman,-81.86141965796243,2020-10-30,"{""type"":""MultiPoint"",""coordinates"":[]}"
3_952_0,6,4,3,15,17,1,2,8,0,15,2,open_water,RO0214_20201030,29.51876189485403,0,Rodman,-81.8586737379601,2020-10-30,"{""type"":""MultiPoint"",""coordinates"":[]}"
3_953_0,14,14,0,16,16,13,16,0,9,5,2,open_water,RO0215_20201030,29.523653930827457,0,Rodman,-81.85772982795932,2020-10-30,"{""type"":""MultiPoint"",""coordinates"":[]}"
3_954_0,17,5,17,3,10,3,0,11,0,6,2,open_water,RO0216_20201030,29.524363443121896,0,Rodman,-81.8602183179614,2020-10-30,"{""type"":""MultiPoint"",""coordinates"":[]}"
3_955_0,17,10,17,0,7,0,0,6,0,8,2,open_water,RO0217_20201030,29.51667057067144,0,Rodman,-81.8645517229651,2020-10-30,"{""type"":""MultiPoint"",""coordinates"":[]}"
3_956_0,16,20,17,0,8,7,0,11,0,13,2,open_water,RO0218_20201030,29.516633224655187,0,Rodman,-81.87005825036175,2020-10-30,"{""type"":""MultiPoint"",""coordinates"":[]}"
3_957_0,28,13,14,9,11,4,0,0,0,6,2,open_water,RO0219_20201030,29.512879934887415,0,Rodman,-81.87316886286438,2020-10-30,"{""type"":""MultiPoint"",""coordinates"":[]}"
3_958_0,15,17,7,0,7,0,0,0,0,0,2,open_water,RO0220_20201030,29.513010648810653,0,Rodman,-81.87640819036713,2020-10-30,"{""type"":""MultiPoint"",""coordinates"":[]}"
3_959_0,11,8,0,13,8,7,1,0,0,7,2,open_water,RO0221_20201030,29.513944314646416,0,Rodman,-81.83182001144442,2020-10-30,"{""type"":""MultiPoint"",""coordinates"":[]}"
3_960_0,2,6,23,11,10,12,12,15,0,5,2,open_water,RO0222_20201030,29.51489664506368,0,Rodman,-81.83591743894787,2020-10-30,"{""type"":""MultiPoint"",""coordinates"":[]}"
3_961_0,19,9,13,16,1,3,17,21,0,14,2,open_water,RO0223_20201030,29.515232759542105,0,Rodman,-81.84044391645173,2020-10-30,"{""type"":""MultiPoint"",""coordinates"":[]}"
3_962_0,7,10,29,14,0,0,8,0,0,7,2,open_water,RO0224_20201030,29.513262739010397,0,Rodman,-81.83385584218004,2020-10-30,"{""type"":""MultiPoint"",""coordinates"":[]}"
3_963_0,6,7,26,9,11,0,13,5,3,9,2,open_water,RO0225_20201030,29.513888294604907,0,Rodman,-81.83392019968011,2020-10-30,"{""type"":""MultiPoint"",""coordinates"":[]}"
3_964_0,8,19,5,23,2,7,15,14,7,18,2,open_water,RO0226_20201030,29.513085341944112,0,Rodman,-81.8299193084267,2020-10-30,"{""type"":""MultiPoint"",""coordinates"":[]}"
3_965_0,4,10,23,15,11,6,0,6,8,0,2,open_water,RO0227_20201030,29.51239442386982,0,Rodman,-81.80793505184165,2020-10-30,"{""type"":""MultiPoint"",""coordinates"":[]}"
3_966_0,5,9,0,9,13,1,6,15,0,11,2,open_water,RO0228_20201030,29.510732467014623,0,Rodman,-81.80894331934249,2020-10-30,"{""type"":""MultiPoint"",""coordinates"":[]}"
3_967_0,6,8,0,3,22,13,0,8,0,0,2,open_water,RO0229_20201030,29.511031247786942,0,Rodman,-81.81008030184347,2020-10-30,"{""type"":""MultiPoint"",""coordinates"":[]}"
3_968_0,17,16,13,16,10,0,8,10,0,8,2,open_water,RO0230_20201030,29.50982678241029,0,Rodman,-81.80993013434333,2020-10-30,"{""type"":""MultiPoint"",""coordinates"":[]}"
3_969_0,9,0,0,18,13,11,0,5,1,7,2,open_water,RO0231_20201030,29.509798771417035,0,Rodman,-81.81064879309395,2020-10-30,"{""type"":""MultiPoint"",""coordinates"":[]}"
3_970_0,9,6,0,8,7,0,0,2,0,8,2,open_water,RO0232_20201030,29.509089156809342,0,Rodman,-81.81215059739775,2020-10-30,"{""type"":""MultiPoint"",""coordinates"":[]}"
3_971_0,13,14,0,16,15,11,0,0,4,1,2,open_water,RO0233_20201030,29.5076512386663,0,Rodman,-81.8119789773976,2020-10-30,"{""type"":""MultiPoint"",""coordinates"":[]}"
3_972_0,22,22,0,1,10,6,5,5,0,0,2,open_water,RO0234_20201030,29.509733412208927,0,Rodman,-81.80755976239385,2020-10-30,"{""type"":""MultiPoint"",""coordinates"":[]}"
3_973_0,11,18,0,7,6,15,2,1,0,4,2,open_water,RO0235_20201030,29.507147028599384,0,Rodman,-81.81381401695975,2020-10-30,"{""type"":""MultiPoint"",""coordinates"":[]}"
3_974_0,5,10,0,1,5,12,0,1,0,3,2,open_water,RO0236_20201030,29.50719371480668,0,Rodman,-81.81490809446069,2020-10-30,"{""type"":""MultiPoint"",""coordinates"":[]}"
3_975_0,15,20,2,14,0,0,0,0,0,8,2,open_water,RO0237_20201030,29.507660575695542,0,Rodman,-81.81638831696195,2020-10-30,"{""type"":""MultiPoint"",""coordinates"":[]}"
3_976_0,6,9,0,9,0,0,0,6,0,0,2,open_water,RO0238_20201030,29.50839821151187,0,Rodman,-81.81773982446309,2020-10-30,"{""type"":""MultiPoint"",""coordinates"":[]}"
3_977_0,15,13,0,23,5,0,1,0,3,3,2,open_water,RO0239_20201030,29.50684823636287,0,Rodman,-81.81661356821213,2020-10-30,"{""type"":""MultiPoint"",""coordinates"":[]}"
3_978_0,12,0,3,16,13,7,10,7,6,13,2,open_water,RO0240_20201030,29.510517717639882,0,Rodman,-81.81764414419571,2020-10-30,"{""type"":""MultiPoint"",""coordinates"":[]}"
3_979_0,19,17,6,10,0,19,4,7,4,3,2,open_water,RO0241_20201030,29.521021222879238,0,Rodman,-81.8094476160141,2020-10-30,"{""type"":""MultiPoint"",""coordinates"":[]}"
3_980_0,9,11,7,11,6,8,0,0,4,10,2,open_water,RO0242_20201030,29.520825167450656,0,Rodman,-81.80841789601322,2020-10-30,"{""type"":""MultiPoint"",""coordinates"":[]}"
3_981_0,15,16,15,16,13,18,3,14,2,7,2,open_water,RO0243_20201030,29.52024633492134,0,Rodman,-81.8088254935136,2020-10-30,"{""type"":""MultiPoint"",""coordinates"":[]}"
3_982_0,15,10,26,14,13,15,0,10,0,4,2,open_water,RO0244_20201030,29.5200689500963,0,Rodman,-81.80832135976314,2020-10-30,"{""type"":""MultiPoint"",""coordinates"":[]}"
3_983_0,13,19,4,13,21,22,19,2,5,19,2,open_water,RO0245_20201030,29.519779532082563,0,Rodman,-81.80758124851252,2020-10-30,"{""type"":""MultiPoint"",""coordinates"":[]}"
3_984_0,18,14,28,2,29,32,13,0,0,2,2,open_water,RO0246_20201030,29.522860391021446,0,Rodman,-81.80694839976199,2020-10-30,"{""type"":""MultiPoint"",""coordinates"":[]}"
3_985_0,19,5,9,27,24,29,16,5,2,15,2,open_water,RO0247_20201030,29.52248695857056,0,Rodman,-81.80653007601163,2020-10-30,"{""type"":""MultiPoint"",""coordinates"":[]}"
3_986_0,17,10,1,2,19,15,9,10,0,7,2,open_water,RO0248_20201030,29.522972420487946,0,Rodman,-81.80587577476108,2020-10-30,"{""type"":""MultiPoint"",""coordinates"":[]}"
3_987_0,15,14,4,11,30,25,1,12,4,5,2,open_water,RO0249_20201030,29.523812637850856,0,Rodman,-81.80629376749698,2020-10-30,"{""type"":""MultiPoint"",""coordinates"":[]}"
3_988_0,21,12,18,8,32,20,16,4,2,2,2,open_water,RO0250_20201030,29.5246248410279,0,Rodman,-81.80611142124681,2020-10-30,"{""type"":""MultiPoint"",""coordinates"":[]}"
3_989_0,20,19,16,14,19,28,0,7,0,21,2,open_water,RO0251_20201030,29.52450347774915,0,Rodman,-81.8048242712457,2020-10-30,"{""type"":""MultiPoint"",""coordinates"":[]}"
3_990_0,22,23,3,24,20,28,2,21,5,12,2,open_water,RO0252_20201030,29.524363443015844,0,Rodman,-81.8043201374953,2020-10-30,"{""type"":""MultiPoint"",""coordinates"":[]}"
3_991_0,21,23,13,29,27,24,15,33,10,22,2,open_water,RO0253_20201030,29.523653930721377,0,Rodman,-81.81135655750127,2020-10-30,"{""type"":""MultiPoint"",""coordinates"":[]}"
3_992_0,20,3,37,18,21,14,15,29,7,20,2,open_water,RO0254_20201030,29.52307511420473,0,Rodman,-81.81551957346481,2020-10-30,"{""type"":""MultiPoint"",""coordinates"":[]}"
3_993_0,24,11,38,28,27,28,20,46,18,30,2,open_water,RO0255_20201030,29.524120715515497,0,Rodman,-81.81990660971854,2020-10-30,"{""type"":""MultiPoint"",""coordinates"":[]}"
3_994_0,9,16,16,10,31,15,19,31,0,29,2,open_water,RO0256_20201030,29.522188211765627,0,Rodman,-81.82027130221884,2020-10-30,"{""type"":""MultiPoint"",""coordinates"":[]}"
3_995_0,11,8,21,17,12,19,5,4,4,3,2,open_water,RO0257_20201030,29.52239360039063,0,Rodman,-81.80943778970965,2020-10-30,"{""type"":""MultiPoint"",""coordinates"":[]}"
3_996_0,13,16,10,21,23,29,7,16,12,14,2,open_water,RO0258_20201030,29.521179934286565,0,Rodman,-81.81082147596082,2020-10-30,"{""type"":""MultiPoint"",""coordinates"":[]}"
3_997_0,10,0,23,12,27,17,0,17,1,10,2,open_water,RO0259_20201030,29.521693410184202,0,Rodman,-81.80847242720883,2020-10-30,"{""type"":""MultiPoint"",""coordinates"":[]}"
3_998_0,21,10,27,26,19,22,20,26,13,23,2,open_water,RO0260_20201030,29.525212984165442,0,Rodman,-81.81887832238961,2020-10-30,"{""type"":""MultiPoint"",""coordinates"":[]}"
3_999_0,14,5,18,34,13,13,31,32,10,22,2,open_water,RO0261_20201030,29.520517079623207,0,Rodman,-81.83410280194927,2020-10-30,"{""type"":""MultiPoint"",""coordinates"":[]}"
3_1000_0,10,0,28,7,4,14,22,25,21,20,2,open_water,RO0262_20201030,29.528405701408282,0,Rodman,-81.83552936992602,2020-10-30,"{""type"":""MultiPoint"",""coordinates"":[]}"
3_1001_0,14,4,37,11,12,20,7,12,4,12,2,open_water,RO0263_20201030,29.532830528771886,0,Rodman,-81.83633383350458,2020-10-30,"{""type"":""MultiPoint"",""coordinates"":[]}"
3_1002_0,10,2,14,13,21,15,9,7,3,9,2,open_water,RO0264_20201030,29.532065066213086,0,Rodman,-81.83427439350285,2020-10-30,"{""type"":""MultiPoint"",""coordinates"":[]}"
3_1003_0,8,9,30,19,23,22,9,10,5,14,2,open_water,RO0265_20201030,29.532522477463107,0,Rodman,-81.83348065100216,2020-10-30,"{""type"":""MultiPoint"",""coordinates"":[]}"
3_1004_0,9,4,30,16,16,15,12,12,0,9,2,open_water,RO0266_20201030,29.531504967987402,0,Rodman,-81.83545428100385,2020-10-30,"{""type"":""MultiPoint"",""coordinates"":[]}"
3_1005_0,14,8,29,22,2,10,5,14,0,17,2,open_water,RO0267_20201030,29.52981531954827,0,Rodman,-81.83278344475157,2020-10-30,"{""type"":""MultiPoint"",""coordinates"":[]}"
3_1006_0,7,10,11,27,18,10,13,10,6,12,2,open_water,RO0268_20201030,29.529245873659757,0,Rodman,-81.834467466003,2020-10-30,"{""type"":""MultiPoint"",""coordinates"":[]}"
3_1007_0,17,9,20,19,24,14,4,19,1,3,2,open_water,RO0269_20201030,29.534380105972225,0,Rodman,-81.83697740850513,2020-10-30,"{""type"":""MultiPoint"",""coordinates"":[]}"
3_1008_0,10,5,23,14,17,20,8,21,10,17,2,open_water,RO0270_20201030,29.53367066393573,0,Rodman,-81.83802858100604,2020-10-30,"{""type"":""MultiPoint"",""coordinates"":[]}"
3_1009_0,10,12,22,31,25,21,16,27,10,18,2,open_water,RO0271_20201030,29.531794352457965,0,Rodman,-81.83821092725618,2020-10-30,"{""type"":""MultiPoint"",""coordinates"":[]}"
3_1010_0,7,15,36,13,28,33,26,34,0,15,2,open_water,RO0272_20201030,29.531887702110552,0,Rodman,-81.83741718475551,2020-10-30,"{""type"":""MultiPoint"",""coordinates"":[]}"
3_1011_0,5,4,23,31,11,21,22,22,5,17,2,open_water,RO0273_20201030,29.530748830462624,0,Rodman,-81.83794277100596,2020-10-30,"{""type"":""MultiPoint"",""coordinates"":[]}"
3_1012_0,11,0,23,24,17,30,24,10,8,13,2,open_water,RO0274_20201030,29.530524788628945,0,Rodman,-81.83917628975699,2020-10-30,"{""type"":""MultiPoint"",""coordinates"":[]}"
3_1013_0,11,7,30,27,25,23,27,5,13,42,2,open_water,RO0275_20201030,29.529553934948307,0,Rodman,-81.84266232100995,2020-10-30,"{""type"":""MultiPoint"",""coordinates"":[]}"
3_1014_0,18,10,39,19,22,19,31,28,5,28,2,open_water,RO0276_20201030,29.530020692576468,0,Rodman,-81.84538793154658,2020-10-30,"{""type"":""MultiPoint"",""coordinates"":[]}"
3_1015_0,13,7,18,22,11,11,0,9,9,0,2,open_water,RO0277_20201030,29.530506118341556,0,Rodman,-81.84355374279502,2020-10-30,"{""type"":""MultiPoint"",""coordinates"":[]}"
3_1016_0,10,14,27,29,19,28,35,22,19,36,2,open_water,RO0278_20201030,29.529367231136874,0,Rodman,-81.84454055779587,2020-10-30,"{""type"":""MultiPoint"",""coordinates"":[]}"
3_1017_0,9,6,9,30,17,14,20,22,14,19,2,open_water,RO0279_20201030,29.528275007591443,0,Rodman,-81.8437682677952,2020-10-30,"{""type"":""MultiPoint"",""coordinates"":[]}"
3_1018_0,6,7,33,34,11,18,15,30,13,16,2,open_water,RO0280_20201030,29.525689097652975,0,Rodman,-81.848381113886,2020-10-30,"{""type"":""MultiPoint"",""coordinates"":[]}"
3_1019_0,7,6,10,29,10,13,29,28,9,37,2,open_water,RO0281_20201030,29.524858231802355,0,Rodman,-81.84664346138455,2020-10-30,"{""type"":""MultiPoint"",""coordinates"":[]}"
3_1020_0,15,6,15,14,19,14,10,8,5,22,2,open_water,RO0282_20201030,29.526482614727307,0,Rodman,-81.85557998703055,2020-10-30,"{""type"":""MultiPoint"",""coordinates"":[]}"
3_1021_0,17,19,21,12,8,9,0,13,7,8,2,open_water,RO0283_20201030,29.52575444621223,0,Rodman,-81.85891703002241,2020-10-30,"{""type"":""MultiPoint"",""coordinates"":[]}"
3_1022_0,16,12,19,29,16,3,11,19,14,24,2,open_water,RO0284_20201030,29.526800019831587,0,Rodman,-81.85848798002203,2020-10-30,"{""type"":""MultiPoint"",""coordinates"":[]}"
3_1023_0,14,16,39,24,17,8,13,16,3,13,2,open_water,RO0285_20201030,29.52474620427327,0,Rodman,-81.85692194752072,2020-10-30,"{""type"":""MultiPoint"",""coordinates"":[]}"
3_1024_0,6,3,13,2,1,0,0,0,0,0,2,open_water,RO0286_20201030,29.5173241132252,0,Rodman,-81.86603241544019,2020-10-30,"{""type"":""MultiPoint"",""coordinates"":[]}"
3_1025_0,25,15,3,3,19,4,0,0,0,10,2,open_water,RO0287_20201030,29.51323472882068,0,Rodman,-81.87983963870347,2020-10-30,"{""type"":""MultiPoint"",""coordinates"":[]}"
3_1026_0,24,19,2,0,0,7,6,0,0,15,2,open_water,RO0288_20201030,29.512273045995684,0,Rodman,-81.87683628870091,2020-10-30,"{""type"":""MultiPoint"",""coordinates"":[]}"
3_1027_0,23,12,7,0,0,0,0,8,0,10,2,open_water,RO0289_20201030,29.513197382344877,0,Rodman,-81.90013951716216,2020-10-30,"{""type"":""MultiPoint"",""coordinates"":[]}"
3_1028_0,22,2,7,0,5,0,0,3,0,0,2,open_water,RO0290_20201030,29.511236659032683,0,Rodman,-81.90224088980897,2020-10-30,"{""type"":""MultiPoint"",""coordinates"":[]}"
3_1029_0,24,22,17,22,13,7,15,18,3,38,2,open_water,RO0291_20201030,29.511600796098396,0,Rodman,-81.9065325690516,2020-10-30,"{""type"":""MultiPoint"",""coordinates"":[]}"
3_1030_0,1176,476,153,364,208,742,2214,2739,2854,3049,1,LEV,RO0292_20201030,29.526865369066112,0,Rodman,-81.88557813142467,2020-10-30,"{""type"":""MultiPoint"",""coordinates"":[]}"
3_1031_0,1129,431,130,282,133,529,2019,2446,2708,2728,1,LEV,RO0293_20201030,29.534557466339187,0,Rodman,-81.90909007144462,2020-10-30,"{""type"":""MultiPoint"",""coordinates"":[]}"
3_1032_0,2103,1233,406,503,544,842,1715,2068,2270,2341,1,LEV,RO0294_20201030,29.530524789264447,0,Rodman,-81.92144671145509,2020-10-30,"{""type"":""MultiPoint"",""coordinates"":[]}"
3_1033_0,1430,604,160,360,214,649,1965,2299,2524,2555,1,LEV,RO0295_20201030,29.527612200266773,0,Rodman,-81.91080627144609,2020-10-30,"{""type"":""MultiPoint"",""coordinates"":[]}"
3_1034_0,2344,1342,393,632,628,992,1891,2121,2588,2491,1,LEV,RO0296_20201030,29.50415906939383,0,Rodman,-81.92239062145592,2020-10-30,"{""type"":""MultiPoint"",""coordinates"":[]}"
3_1035_0,1903,1070,261,524,434,1058,2093,2280,2496,2541,1,LEV,RO0297_20201030,29.50953733758588,0,Rodman,-81.86489792140712,2020-10-30,"{""type"":""MultiPoint"",""coordinates"":[]}"
3_1036_0,2211,1265,444,667,742,1095,2023,2533,2780,2882,1,LEV,RO0298_20201030,29.50505546726657,0,Rodman,-81.8781984714184,2020-10-30,"{""type"":""MultiPoint"",""coordinates"":[]}"
3_1037_0,2298,1471,572,797,907,1368,2236,2630,2598,2831,1,LEV,RO0299_20201030,29.50595185720322,0,Rodman,-81.8955320914331,2020-10-30,"{""type"":""MultiPoint"",""coordinates"":[]}"
3_1038_0,2081,1145,135,310,190,1117,2366,2823,2446,2969,1,LEV,RO0300_20201030,29.49721171681358,0,Rodman,-81.90205365143865,2020-10-30,"{""type"":""MultiPoint"",""coordinates"":[]}"
3_1039_0,1147,503,158,371,227,569,1687,1965,2378,2148,1,LEV,RO0301_20201030,29.502291548337116,0,Rodman,-81.86970328141119,2020-10-30,"{""type"":""MultiPoint"",""coordinates"":[]}"
3_1040_0,1086,458,143,343,173,598,1887,2193,2532,2445,1,LEV,RO0302_20201030,29.50303856089303,0,Rodman,-81.82405236137245,2020-10-30,"{""type"":""MultiPoint"",""coordinates"":[]}"
3_1041_0,1221,566,86,221,169,717,1497,1796,1564,1841,1,LEV,RO0303_20201030,29.50430846959041,0,Rodman,-81.80517416135645,2020-10-30,"{""type"":""MultiPoint"",""coordinates"":[]}"
3_1042_0,1332,639,161,345,268,697,1471,1953,1976,2114,1,LEV,RO0304_20201030,29.498406994213408,0,Rodman,-81.80165595135347,2020-10-30,"{""type"":""MultiPoint"",""coordinates"":[]}"
3_1043_0,1457,603,166,336,225,628,1916,2383,2688,2764,1,LEV,RO0305_20201030,29.499901071125738,0,Rodman,-81.81178153136207,2020-10-30,"{""type"":""MultiPoint"",""coordinates"":[]}"
3_1044_0,1219,534,178,407,218,657,1943,2407,2900,2588,1,LEV,RO0306_20201030,29.517678894331926,0,Rodman,-81.80174176135354,2020-10-30,"{""type"":""MultiPoint"",""coordinates"":[]}"
3_1045_0,1284,517,150,310,182,618,1748,2177,2326,2470,1,LEV,RO0307_20201030,29.53127159344678,0,Rodman,-81.79616411134882,2020-10-30,"{""type"":""MultiPoint"",""coordinates"":[]}"
3_1046_0,1122,465,188,375,209,626,1580,1824,2082,2093,1,LEV,RO0308_20201030,29.469566989132343,0,Rodman,-81.92505348301586,2020-10-30,"{""type"":""MultiPoint"",""coordinates"":[]}"
3_1047_0,2975,1855,483,776,849,1192,2109,2624,2808,2975,1,LEV,RO0309_20201030,29.474947093932002,0,Rodman,-81.92977303301987,2020-10-30,"{""type"":""MultiPoint"",""coordinates"":[]}"
3_1048_0,1118,493,109,258,148,557,1602,1875,1904,2161,1,LEV,RO0310_20201030,29.47965445141824,0,Rodman,-81.89931048299401,2020-10-30,"{""type"":""MultiPoint"",""coordinates"":[]}"
3_1049_0,1153,519,136,305,185,606,1643,1971,2154,2138,1,LEV,RO0311_20201030,29.469641714765167,0,Rodman,-81.88686803298346,2020-10-30,"{""type"":""MultiPoint"",""coordinates"":[]}"
3_1050_0,1472,724,191,399,311,754,2000,2282,2536,2606,1,LEV,RO0312_20201030,29.495045236917278,0,Rodman,-81.88600993298274,2020-10-30,"{""type"":""MultiPoint"",""coordinates"":[]}"
3_1051_0,1376,630,207,394,319,783,1766,2146,2402,2304,1,LEV,RO0313_20201030,29.47913142249328,0,Rodman,-81.81341467292114,2020-10-30,"{""type"":""MultiPoint"",""coordinates"":[]}"
3_1052_0,1062,489,125,313,180,556,1548,1848,1958,2064,1,LEV,RO0314_20201030,29.48824668304624,0,Rodman,-81.83915767294299,2020-10-30,"{""type"":""MultiPoint"",""coordinates"":[]}"
3_1053_0,5751,5246,1502,2902,4008,4369,4641,4827,5200,4950,1,LEV,RO0315_20201030,29.498332286134524,0,Rodman,-81.81641802292368,2020-10-30,"{""type"":""MultiPoint"",""coordinates"":[]}"
3_1054_0,2658,1413,358,678,661,1217,2317,2627,2866,3052,1,LEV,RO0316_20201030,29.54232365206513,0,Rodman,-81.89415873835229,2020-10-30,"{""type"":""MultiPoint"",""coordinates"":[]}"
3_1055_0,2186,1311,368,557,633,1028,1703,1942,2166,2227,1,LEV,RO0317_20201030,29.549417241320494,0,Rodman,-81.90334040836007,2020-10-30,"{""type"":""MultiPoint"",""coordinates"":[]}"
3_1056_0,1955,1099,183,284,408,790,1337,1653,1620,2071,1,LEV,RO0318_20201030,29.55135855792748,0,Rodman,-81.89733370835496,2020-10-30,"{""type"":""MultiPoint"",""coordinates"":[]}"
3_1057_0,957,416,135,278,207,579,1564,1881,1882,2090,1,LEV,RO0319_20201030,29.552777188788014,0,Rodman,-81.84310178830896,2020-10-30,"{""type"":""MultiPoint"",""coordinates"":[]}"
3_1058_0,1056,459,149,330,235,653,1670,2014,2114,2255,1,LEV,RO0320_20201030,29.540830201423045,0,Rodman,-81.84636256831172,2020-10-30,"{""type"":""MultiPoint"",""coordinates"":[]}"
3_1059_0,1592,1226,433,508,679,765,844,894,1106,1016,1,LEV,RO0321_20201030,29.544190434343136,0,Rodman,-81.79848058827112,2020-10-30,"{""type"":""MultiPoint"",""coordinates"":[]}"
3_1060_0,2026,1263,634,733,792,998,1980,2383,2470,2819,1,LEV,RO0322_20201030,29.540456835315403,0,Rodman,-81.82448101829316,2020-10-30,"{""type"":""MultiPoint"",""coordinates"":[]}"
3_1061_0,4410,3694,2566,2884,3066,3296,4039,4381,5252,4579,1,LEV,RO0323_20201030,29.54740121922113,0,Rodman,-81.82465263829333,2020-10-30,"{""type"":""MultiPoint"",""coordinates"":[]}"
3_1062_0,3290,1861,433,768,758,1346,2608,2932,3120,3350,1,LEV,RO0324_20201030,29.54105422042576,0,Rodman,-81.81057979828135,2020-10-30,"{""type"":""MultiPoint"",""coordinates"":[]}"
3_1063_0,1280,612,174,312,240,580,1506,1885,2008,2109,1,LEV,RO0325_20201030,29.530375429252956,0,Rodman,-81.81813107828778,2020-10-30,"{""type"":""MultiPoint"",""coordinates"":[]}"
3_1064_0,1083,467,132,328,190,561,1511,1971,2170,2040,1,LEV,RO0326_20201030,29.535005533130317,0,Rodman,-81.86043540832365,2020-10-30,"{""type"":""MultiPoint"",""coordinates"":[]}"
3_1065_0,951,369,115,274,149,473,1713,2048,2448,2343,1,LEV,RO0327_20201030,29.553150509388686,0,Rodman,-81.91655514837129,2020-10-30,"{""type"":""MultiPoint"",""coordinates"":[]}"
3_1066_0,2814,1693,473,630,794,1109,1727,1951,2188,2299,1,LEV,RO0328_20201030,29.517380133386553,0,Rodman,-81.91493158554314,2020-10-30,"{""type"":""MultiPoint"",""coordinates"":[]}"
3_1067_0,2426,1249,326,645,556,1071,2256,2688,2950,3074,1,LEV,RO0329_20201030,29.519919575036354,0,Rodman,-81.92368420555057,2020-10-30,"{""type"":""MultiPoint"",""coordinates"":[]}"
3_1068_0,1719,815,343,822,410,1390,3824,4201,4604,4520,1,LEV,RO0330_20201030,29.52462484258566,0,Rodman,-81.9185356055462,2020-10-30,"{""type"":""MultiPoint"",""coordinates"":[]}"
3_1069_0,3733,2544,616,958,1106,1854,2587,2912,2792,3186,1,LEV,RO0331_20201030,29.53209307143302,0,Rodman,-81.89536620212083,2020-10-30,"{""type"":""MultiPoint"",""coordinates"":[]}"
3_1070_0,1342,628,223,422,322,636,1524,1869,2260,2094,1,LEV,RO0332_20201030,29.485183450829947,0,Rodman,-81.92591580345096,2020-10-30,"{""type"":""MultiPoint"",""coordinates"":[]}"
3_1071_0,1156,491,141,313,164,580,1719,2004,2310,2199,1,LEV,RO0333_20201030,29.49646465919887,0,Rodman,-81.9308069734551,2020-10-30,"{""type"":""MultiPoint"",""coordinates"":[]}"
3_1072_0,1842,1131,310,488,661,1008,1507,1770,1742,1986,1,LEV,RO0334_20201030,29.49792141061291,0,Rodman,-81.91125585331248,2020-10-30,"{""type"":""MultiPoint"",""coordinates"":[]}"
3_1073_0,1376,619,280,687,382,1251,3514,4118,4440,4319,1,LEV,RO0335_20201030,29.495063913431174,0,Rodman,-81.91265026581368,2020-10-30,"{""type"":""MultiPoint"",""coordinates"":[]}"
3_1074_0,1779,1083,387,556,677,1039,1770,2005,2092,2242,1,LEV,RO0336_20201030,29.493046808060356,0,Rodman,-81.9121997633133,2020-10-30,"{""type"":""MultiPoint"",""coordinates"":[]}"
3_1075_0,1223,569,280,697,448,1268,3345,3829,3796,4087,1,LEV,RO0337_20201030,29.491589984392103,0,Rodman,-81.91685553509255,2020-10-30,"{""type"":""MultiPoint"",""coordinates"":[]}"
3_1076_0,1392,625,306,745,378,1193,3253,3597,4152,4146,1,LEV,RO0338_20201030,29.48587455220212,0,Rodman,-81.91475319009075,2020-10-30,"{""type"":""MultiPoint"",""coordinates"":[]}"
3_1077_0,1448,659,198,552,320,1042,3128,3450,3660,4065,1,LEV,RO0339_20201030,29.478701788299894,0,Rodman,-81.91095638205309,2020-10-30,"{""type"":""MultiPoint"",""coordinates"":[]}"
3_1078_0,945,496,268,588,447,1029,2069,2496,3376,2630,1,LEV,RO0340_20201030,29.4822508752092,0,Rodman,-81.91865782955963,2020-10-30,"{""type"":""MultiPoint"",""coordinates"":[]}"
3_1079_0,1323,560,162,320,233,655,1852,2225,2334,2638,1,LEV,RO0341_20201030,29.482941998728368,0,Rodman,-81.92116777206174,2020-10-30,"{""type"":""MultiPoint"",""coordinates"":[]}"
3_1080_0,1709,1005,334,490,592,898,1484,1776,1998,2072,1,LEV,RO0342_20201030,29.482176158870743,0,Rodman,-81.90810319955065,2020-10-30,"{""type"":""MultiPoint"",""coordinates"":[]}"
3_1081_0,1477,664,316,741,408,1373,3707,4247,4536,4535,1,LEV,RO0343_20201030,29.475544863839275,0,Rodman,-81.911363855423,2020-10-30,"{""type"":""MultiPoint"",""coordinates"":[]}"
3_1082_0,1556,731,228,515,326,891,2441,2792,3264,3150,1,LEV,RO0344_20201030,29.47294826699248,0,Rodman,-81.91458173042574,2020-10-30,"{""type"":""MultiPoint"",""coordinates"":[]}"
3_1083_0,1263,586,240,514,367,1226,3001,3468,3312,3167,1,LEV,RO0345_20201030,29.476777757040384,0,Rodman,-81.91702731542783,2020-10-30,"{""type"":""MultiPoint"",""coordinates"":[]}"
3_1084_0,1468,687,280,657,388,1172,3752,4109,4340,4372,1,LEV,RO0346_20201030,29.478963303589104,0,Rodman,-81.91767089042835,2020-10-30,"{""type"":""MultiPoint"",""coordinates"":[]}"
3_1085_0,1589,744,257,546,350,1000,2665,3073,3256,3447,1,LEV,RO0347_20201030,29.471565878649862,0,Rodman,-81.9158045746478,2020-10-30,"{""type"":""MultiPoint"",""coordinates"":[]}"
3_1086_0,1596,761,223,492,331,975,2448,2729,3176,3174,1,LEV,RO0348_20201030,29.469903251852017,0,Rodman,-81.91516099964724,2020-10-30,"{""type"":""MultiPoint"",""coordinates"":[]}"
3_1087_0,1478,748,294,590,483,1066,2732,3142,3388,3367,1,LEV,RO0349_20201030,29.472219713179765,0,Rodman,-81.91301574964541,2020-10-30,"{""type"":""MultiPoint"",""coordinates"":[]}"
3_1088_0,1256,630,249,562,445,1077,3034,3589,3436,3745,1,LEV,RO0350_20201030,29.46814718945017,0,Rodman,-81.91990200215128,2020-10-30,"{""type"":""MultiPoint"",""coordinates"":[]}"
3_1089_0,1439,656,212,490,294,1100,3089,3380,3160,3668,1,LEV,RO0351_20201030,29.468745001341734,0,Rodman,-81.91636233964826,2020-10-30,"{""type"":""MultiPoint"",""coordinates"":[]}"
3_1090_0,1246,504,175,315,228,569,1851,2238,2680,2685,1,LEV,RO0352_20201030,29.473770218208895,0,Rodman,-81.90758826714081,2020-10-30,"{""type"":""MultiPoint"",""coordinates"":[]}"
3_1091_0,1738,1037,497,720,730,842,1764,1947,2100,2413,1,LEV,RO0353_20201030,29.483651796023942,0,Rodman,-81.90503430246484,2020-10-30,"{""type"":""MultiPoint"",""coordinates"":[]}"
3_1092_0,1443,606,281,756,377,1384,4163,4733,4932,4995,1,LEV,RO0354_20201030,29.490338593509097,0,Rodman,-81.91293022411091,2020-10-30,"{""type"":""MultiPoint"",""coordinates"":[]}"
3_1093_0,1355,572,249,594,329,1109,3455,3932,4156,4154,1,LEV,RO0355_20201030,29.508286165906014,0,Rodman,-81.91121318622909,2020-10-30,"{""type"":""MultiPoint"",""coordinates"":[]}"
3_1094_0,1577,639,241,544,240,945,3956,4754,5088,5072,1,LEV,RO0356_20201030,29.50834218872183,0,Rodman,-81.91488156373221,2020-10-30,"{""type"":""MultiPoint"",""coordinates"":[]}"
3_1095_0,1283,523,244,584,243,1036,3199,3481,3524,3465,1,LEV,RO0357_20201030,29.505130163885028,0,Rodman,-81.91516044623245,2020-10-30,"{""type"":""MultiPoint"",""coordinates"":[]}"
3_1096_0,1615,681,237,609,260,1072,4078,4725,5156,4940,1,LEV,RO0358_20201030,29.505372936764054,0,Rodman,-81.91262905123028,2020-10-30,"{""type"":""MultiPoint"",""coordinates"":[]}"
3_1097_0,1109,477,100,190,129,471,1457,1915,1696,2170,1,LEV,RO0359_20201030,29.50733377329412,0,Rodman,-81.90610749122477,2020-10-30,"{""type"":""MultiPoint"",""coordinates"":[]}"
3_1098_0,1482,638,281,672,321,1214,3819,4330,4692,4628,1,LEV,RO0360_20201030,29.51431777869153,0,Rodman,-81.90402406956564,2020-10-30,"{""type"":""MultiPoint"",""coordinates"":[]}"
3_1099_0,1401,714,263,550,425,1000,2254,2543,2690,2713,1,LEV,RO0361_20201030,29.516110386597067,0,Rodman,-81.89057335205425,2020-10-30,"{""type"":""MultiPoint"",""coordinates"":[]}"
3_1100_0,1630,716,205,558,285,1077,3124,3509,3816,3818,1,LEV,RO0362_20201030,29.515699583423125,0,Rodman,-81.88602542205038,2020-10-30,"{""type"":""MultiPoint"",""coordinates"":[]}"
3_1101_0,1326,569,324,694,338,1310,3495,3874,4420,4170,1,LEV,RO0363_20201030,29.514971337334853,0,Rodman,-81.88227123454718,2020-10-30,"{""type"":""MultiPoint"",""coordinates"":[]}"
3_1102_0,1435,691,250,529,351,948,2200,2483,2720,2635,1,LEV,RO0364_20201030,29.520218326645196,0,Rodman,-81.87808492481568,2020-10-30,"{""type"":""MultiPoint"",""coordinates"":[]}"
3_1103_0,913,401,229,525,228,912,2081,2217,2186,2215,1,LEV,RO0365_20201030,29.52158137898679,0,Rodman,-81.87501721731307,2020-10-30,"{""type"":""MultiPoint"",""coordinates"":[]}"
3_1104_0,1359,628,284,669,299,1018,2441,2681,2986,2871,1,LEV,RO0366_20201030,29.518967289843115,0,Rodman,-81.88552894232198,2020-10-30,"{""type"":""MultiPoint"",""coordinates"":[]}"
3_1105_0,1515,811,215,450,412,843,1615,1873,2056,2157,1,LEV,RO0367_20201030,29.52019965456779,0,Rodman,-81.88286883231973,2020-10-30,"{""type"":""MultiPoint"",""coordinates"":[]}"
3_1106_0,1094,464,137,358,193,644,1869,2170,2256,2429,1,LEV,RO0368_20201030,29.51980754014706,0,Rodman,-81.8897765373256,2020-10-30,"{""type"":""MultiPoint"",""coordinates"":[]}"
3_1107_0,1120,512,128,311,219,630,1761,2084,2156,2292,1,LEV,RO0369_20201030,29.52008762267468,0,Rodman,-81.89756453961473,2020-10-30,"{""type"":""MultiPoint"",""coordinates"":[]}"
3_1108_0,1034,425,136,270,184,498,1535,1805,2176,2077,1,LEV,RO0370_20201030,29.51855649890978,0,Rodman,-81.901425989618,2020-10-30,"{""type"":""MultiPoint"",""coordinates"":[]}"
3_1109_0,906,375,135,327,162,501,1390,1528,1964,1816,1,LEV,RO0371_20201030,29.518071015177686,0,Rodman,-81.90573960753817,2020-10-30,"{""type"":""MultiPoint"",""coordinates"":[]}"
3_1110_0,1326,527,212,513,236,919,3762,4533,4960,4866,1,LEV,RO0372_20201030,29.5079873772805,0,Rodman,-81.91277708782484,2020-10-30,"{""type"":""MultiPoint"",""coordinates"":[]}"
3_1111_0,1398,650,170,451,256,860,2904,3423,3948,3803,1,LEV,RO0373_20201030,29.508659651008056,0,Rodman,-81.91811876032938,2020-10-30,"{""type"":""MultiPoint"",""coordinates"":[]}"
3_1112_0,1431,645,192,470,268,841,2907,3404,3124,3561,1,LEV,RO0374_20201030,29.51086318359355,0,Rodman,-81.91835473782957,2020-10-30,"{""type"":""MultiPoint"",""coordinates"":[]}"
3_1113_0,1434,729,284,500,461,721,1494,1477,2154,1921,1,LEV,RO0375_20201030,29.518145705234023,0,Rodman,-81.87522928556531,2020-10-30,"{""type"":""MultiPoint"",""coordinates"":[]}"
3_1114_0,1235,544,272,604,278,951,2450,2714,2872,2796,1,LEV,RO0376_20201030,29.51719340539013,0,Rodman,-81.88299509057188,2020-10-30,"{""type"":""MultiPoint"",""coordinates"":[]}"
3_1115_0,1169,496,143,250,206,580,1672,1831,1870,2436,1,LEV,RO0377_20201030,29.520741143624843,0,Rodman,-81.86681990555817,2020-10-30,"{""type"":""MultiPoint"",""coordinates"":[]}"
3_1116_0,1437,647,288,664,332,1108,3001,3284,3312,3656,1,LEV,RO0378_20201030,29.52255230939455,0,Rodman,-81.86699152555832,2020-10-30,"{""type"":""MultiPoint"",""coordinates"":[]}"
3_1117_0,1241,500,188,307,209,523,1942,2504,2950,2902,1,LEV,RO0379_20201030,29.51450450967569,0,Rodman,-81.86074503621462,2020-10-30,"{""type"":""MultiPoint"",""coordinates"":[]}"
3_1118_0,1429,685,268,558,365,1015,2399,2551,2890,2821,1,LEV,RO0380_20201030,29.50981744522576,0,Rodman,-81.83907410626003,2020-10-30,"{""type"":""MultiPoint"",""coordinates"":[]}"
3_1119_0,1410,686,253,424,357,746,1570,1906,1980,2232,1,LEV,RO0381_20201030,29.507427145585083,0,Rodman,-81.82815097708449,2020-10-30,"{""type"":""MultiPoint"",""coordinates"":[]}"
3_1120_0,1260,530,144,250,173,549,1605,2065,1900,2341,1,LEV,RO0382_20201030,29.50843556008272,0,Rodman,-81.83437220208977,2020-10-30,"{""type"":""MultiPoint"",""coordinates"":[]}"
3_1121_0,1073,414,135,265,164,424,1479,1931,2286,2186,1,LEV,RO0383_20201030,29.526435937393046,0,Rodman,-81.81261256317252,2020-10-30,"{""type"":""MultiPoint"",""coordinates"":[]}"
3_1122_0,1411,629,169,332,218,770,2200,2691,2518,2954,1,LEV,RO0384_20201030,29.527873588858764,0,Rodman,-81.80208151398311,2020-10-30,"{""type"":""MultiPoint"",""coordinates"":[]}"
3_1123_0,1359,648,215,493,309,830,1985,2310,2796,2618,1,LEV,RO0385_20201030,29.527481504179068,0,Rodman,-81.81542496899444,2020-10-30,"{""type"":""MultiPoint"",""coordinates"":[]}"
3_1124_0,1014,430,137,363,175,610,1933,2150,2644,2471,1,LEV,RO0386_20201030,29.529385901244424,0,Rodman,-81.82576507400321,2020-10-30,"{""type"":""MultiPoint"",""coordinates"":[]}"
3_1125_0,1287,514,153,235,133,575,1976,2403,2230,2544,1,LEV,RO0387_20201030,29.52712675958791,0,Rodman,-81.79667548397853,2020-10-30,"{""type"":""MultiPoint"",""coordinates"":[]}"
3_1126_0,1567,748,268,614,358,1078,2595,2790,3040,3217,1,LEV,RO0388_20201030,29.52387798810171,0,Rodman,-81.79980754898119,2020-10-30,"{""type"":""MultiPoint"",""coordinates"":[]}"
3_1127_0,1253,500,130,362,163,809,2117,2498,2618,2844,1,LEV,RO0389_20201030,29.517566857398425,0,Rodman,-81.80551377433932,2020-10-30,"{""type"":""MultiPoint"",""coordinates"":[]}"
3_1128_0,1136,462,118,322,193,636,1788,1985,2402,2529,1,LEV,RO0390_20201030,29.514205739294294,0,Rodman,-81.80379680886692,2020-10-30,"{""type"":""MultiPoint"",""coordinates"":[]}"
3_1129_0,1494,697,138,282,231,765,1634,1791,1776,2264,1,LEV,RO0391_20201030,29.511442070175452,0,Rodman,-81.80141558136489,2020-10-30,"{""type"":""MultiPoint"",""coordinates"":[]}"
3_1130_0,2498,1853,718,996,999,1468,2275,2397,3088,2793,1,LEV,RO0392_20201030,29.504868715467286,0,Rodman,-81.80991124720538,2020-10-30,"{""type"":""MultiPoint"",""coordinates"":[]}"
3_1131_0,1369,655,162,374,269,939,1998,2187,2508,2714,1,LEV,RO0393_20201030,29.50654010568587,0,Rodman,-81.82025257541602,2020-10-30,"{""type"":""MultiPoint"",""coordinates"":[]}"
3_1132_0,1515,800,228,405,375,866,1571,1748,1968,2026,1,LEV,RO0394_20201030,29.505428960937664,0,Rodman,-81.8198664304157,2020-10-30,"{""type"":""MultiPoint"",""coordinates"":[]}"
3_1133_0,1544,622,210,388,238,704,2257,3026,3212,3436,1,LEV,RO0395_20201030,29.508911752165627,0,Rodman,-81.90073837434129,2020-10-30,"{""type"":""MultiPoint"",""coordinates"":[]}"
3_1134_0,2978,1734,388,787,556,1403,2782,3215,3640,3591,1,LEV,RO0396_20201030,29.507221726425154,0,Rodman,-81.89247916183426,2020-10-30,"{""type"":""MultiPoint"",""coordinates"":[]}"
3_1135_0,1523,705,237,550,351,1079,2763,3039,3172,3383,1,LEV,RO0397_20201030,29.50595185415464,0,Rodman,-81.90591012329476,2020-10-30,"{""type"":""MultiPoint"",""coordinates"":[]}"
3_1136_0,1561,654,223,560,267,929,3586,4209,4628,4476,1,LEV,RO0398_20201030,29.50658679208008,0,Rodman,-81.91483572873699,2020-10-30,"{""type"":""MultiPoint"",""coordinates"":[]}"
3_1137_0,1461,620,301,832,331,1271,4379,5017,5216,5096,1,LEV,RO0399_20201030,29.501273731348594,0,Rodman,-81.91328146983612,2020-10-30,"{""type"":""MultiPoint"",""coordinates"":[]}"
3_1138_0,1076,487,268,683,333,1311,3567,3986,4380,3888,1,LEV,RO0400_20201030,29.494130073005223,0,Rodman,-81.91635002814932,2020-10-30,"{""type"":""MultiPoint"",""coordinates"":[]}"
3_1139_0,1319,695,255,428,313,710,1325,1612,2194,1877,1,LEV,RO0401_20201030,29.494568978917805,0,Rodman,-81.91948209315197,2020-10-30,"{""type"":""MultiPoint"",""coordinates"":[]}"
4_1141_0,290,115,190,332,192,337,835,806,1008,700,3,floating_plants,RO0001_20191110,29.512235698711812,1,Rodman,-81.87560115625439,2019-11-10,"{""type"":""MultiPoint"",""coordinates"":[]}"
4_1142_0,462,220,326,628,302,638,1554,1534,2186,1440,3,floating_plants,RO0002_20191110,29.511339364417267,1,Rodman,-81.87643779858298,2019-11-10,"{""type"":""MultiPoint"",""coordinates"":[]}"
4_1143_0,184,74,162,261,180,277,555,513,706,485,3,floating_plants,RO0003_20191110,29.51068578232178,1,Rodman,-81.8783256185846,2019-11-10,"{""type"":""MultiPoint"",""coordinates"":[]}"
4_1144_0,169,77,238,313,189,269,571,560,954,549,3,floating_plants,RO0004_20191110,29.50978943430009,1,Rodman,-81.878808299835,2019-11-10,"{""type"":""MultiPoint"",""coordinates"":[]}"
4_1145_0,579,269,225,440,247,909,1664,1749,1532,1887,3,floating_plants,RO0005_20191110,29.512170341273546,1,Rodman,-81.87403511858096,2019-11-10,"{""type"":""MultiPoint"",""coordinates"":[]}"
4_1146_0,1267,554,457,974,464,1614,3859,4153,3928,4263,3,floating_plants,RO0006_20191110,29.5118622270552,1,Rodman,-81.87304830358013,2019-11-10,"{""type"":""MultiPoint"",""coordinates"":[]}"
4_1147_0,1040,474,420,922,450,1470,3245,3569,3676,3631,3,floating_plants,RO0007_20191110,29.512637179211193,1,Rodman,-81.87264070607976,2019-11-10,"{""type"":""MultiPoint"",""coordinates"":[]}"
4_1148_0,1306,598,418,948,520,1569,3849,4384,4560,4684,3,floating_plants,RO0008_20191110,29.513262738671987,1,Rodman,-81.87128919857861,2019-11-10,"{""type"":""MultiPoint"",""coordinates"":[]}"
4_1149_0,1419,658,479,1004,547,1634,3914,4529,4828,4932,3,floating_plants,RO0009_20191110,29.512282382574966,1,Rodman,-81.87101031607838,2019-11-10,"{""type"":""MultiPoint"",""coordinates"":[]}"
4_1150_0,1434,643,456,980,494,1541,4283,4977,5136,5258,3,floating_plants,RO0010_20191110,29.51294529122488,1,Rodman,-81.86959296927027,2019-11-10,"{""type"":""MultiPoint"",""coordinates"":[]}"
4_1151_0,1342,590,458,1000,492,1571,4126,4754,4852,4884,3,floating_plants,RO0011_20191110,29.51375758163103,1,Rodman,-81.86839162926924,2019-11-10,"{""type"":""MultiPoint"",""coordinates"":[]}"
4_1152_0,1361,605,435,973,474,1516,4162,4958,5112,5234,3,floating_plants,RO0012_20191110,29.513094678455435,1,Rodman,-81.86846671301932,2019-11-10,"{""type"":""MultiPoint"",""coordinates"":[]}"
4_1153_0,1353,595,414,954,467,1471,4020,4678,4904,4977,3,floating_plants,RO0013_20191110,29.51351482885929,1,Rodman,-81.86980749427046,2019-11-10,"{""type"":""MultiPoint"",""coordinates"":[]}"
4_1154_0,1169,519,445,954,456,1487,3639,4201,4168,4243,3,floating_plants,RO0014_20191110,29.515662237196704,1,Rodman,-81.86175048233441,2019-11-10,"{""type"":""MultiPoint"",""coordinates"":[]}"
4_1155_0,1215,543,414,861,434,1434,3734,4374,4504,4576,3,floating_plants,RO0015_20191110,29.515662237196704,1,Rodman,-81.86059204733344,2019-11-10,"{""type"":""MultiPoint"",""coordinates"":[]}"
4_1156_0,1151,509,420,908,430,1486,3663,4150,4320,4253,3,floating_plants,RO0016_20191110,29.516913314857945,1,Rodman,-81.85996992483291,2019-11-10,"{""type"":""MultiPoint"",""coordinates"":[]}"
4_1157_0,1179,537,446,977,471,1524,3700,4280,4528,4385,3,floating_plants,RO0017_20191110,29.516465169413785,1,Rodman,-81.85871495358184,2019-11-10,"{""type"":""MultiPoint"",""coordinates"":[]}"
4_1158_0,1197,535,462,986,487,1508,3612,4120,4416,4268,3,floating_plants,RO0018_20191110,29.51678260597505,1,Rodman,-81.85733126733068,2019-11-10,"{""type"":""MultiPoint"",""coordinates"":[]}"
4_1159_0,1200,537,468,1006,503,1554,3651,4060,4340,4201,3,floating_plants,RO0019_20191110,29.516735924190247,1,Rodman,-81.85497149232867,2019-11-10,"{""type"":""MultiPoint"",""coordinates"":[]}"
4_1160_0,1039,484,425,925,446,1486,3237,3632,3660,3724,3,floating_plants,RO0020_20191110,29.517212077548834,1,Rodman,-81.85362943098255,2019-11-10,"{""type"":""MultiPoint"",""coordinates"":[]}"
4_1161_0,526,279,388,784,381,955,1944,1924,2476,1936,3,floating_plants,RO0021_20191110,29.516325123678254,1,Rodman,-81.85057153685413,2019-11-10,"{""type"":""MultiPoint"",""coordinates"":[]}"
4_1162_0,357,209,450,917,458,796,1542,1627,3018,1361,3,floating_plants,RO0022_20191110,29.517165395920923,1,Rodman,-81.8499494143536,2019-11-10,"{""type"":""MultiPoint"",""coordinates"":[]}"
4_1163_0,97,60,199,242,180,234,215,249,748,251,3,floating_plants,RO0023_20191110,29.51471925065163,1,Rodman,-81.84795433185192,2019-11-10,"{""type"":""MultiPoint"",""coordinates"":[]}"
4_1164_0,1323,569,565,1252,575,1949,4270,4726,4816,4862,3,floating_plants,RO0024_20191110,29.509285234894797,1,Rodman,-81.8464086915699,2019-11-10,"{""type"":""MultiPoint"",""coordinates"":[]}"
4_1165_0,1380,612,565,1282,622,2058,4346,4787,4768,4835,3,floating_plants,RO0025_20191110,29.509173190275956,1,Rodman,-81.84448869281829,2019-11-10,"{""type"":""MultiPoint"",""coordinates"":[]}"
4_1166_0,1262,551,555,1198,573,1871,4093,4483,4580,4501,3,floating_plants,RO0026_20191110,29.509602693974692,1,Rodman,-81.84257942031667,2019-11-10,"{""type"":""MultiPoint"",""coordinates"":[]}"
4_1167_0,1270,587,554,1216,588,1991,4289,4611,4364,4551,3,floating_plants,RO0027_20191110,29.510536391380846,1,Rodman,-81.85102097907381,2019-11-10,"{""type"":""MultiPoint"",""coordinates"":[]}"
4_1168_0,1317,571,554,1204,570,1975,4204,4559,4452,4598,3,floating_plants,RO0028_20191110,29.510517717517136,1,Rodman,-81.85199706782467,2019-11-10,"{""type"":""MultiPoint"",""coordinates"":[]}"
4_1169_0,1198,541,521,1150,554,1854,3903,4214,4252,4329,3,floating_plants,RO0029_20191110,29.511049921283284,1,Rodman,-81.85341293282586,2019-11-10,"{""type"":""MultiPoint"",""coordinates"":[]}"
4_1170_0,1367,617,552,1204,604,1978,4220,4573,4696,4855,3,floating_plants,RO0030_20191110,29.510573739317135,1,Rodman,-81.83390938291832,2019-11-10,"{""type"":""MultiPoint"",""coordinates"":[]}"
4_1171_0,1620,721,594,1324,678,2073,4279,4731,4960,5110,3,floating_plants,RO0031_20191110,29.51104992150246,1,Rodman,-81.83708435292101,2019-11-10,"{""type"":""MultiPoint"",""coordinates"":[]}"
4_1172_0,1473,665,550,1208,623,2034,4238,4771,4696,5075,3,floating_plants,RO0032_20191110,29.513150698519762,1,Rodman,-81.83786736917168,2019-11-10,"{""type"":""MultiPoint"",""coordinates"":[]}"
4_1173_0,1378,644,540,1204,564,2030,4448,5003,4904,5079,3,floating_plants,RO0033_20191110,29.507259075354614,1,Rodman,-81.82339495290061,2019-11-10,"{""type"":""MultiPoint"",""coordinates"":[]}"
4_1174_0,1366,600,571,1216,580,1993,4444,4814,4852,5019,3,floating_plants,RO0034_20191110,29.506773538059864,1,Rodman,-81.82204344539947,2019-11-10,"{""type"":""MultiPoint"",""coordinates"":[]}"
4_1175_0,1403,617,572,1300,616,2029,4505,4962,5072,5008,3,floating_plants,RO0035_20191110,29.50474732813919,1,Rodman,-81.81860943945922,2019-11-10,"{""type"":""MultiPoint"",""coordinates"":[]}"
4_1176_0,1377,655,534,1196,585,1929,4409,4809,4856,4848,3,floating_plants,RO0036_20191110,29.503365373899488,1,Rodman,-81.81370754320506,2019-11-10,"{""type"":""MultiPoint"",""coordinates"":[]}"
4_1177_0,1471,626,584,1306,636,2115,4837,5222,5324,5368,3,floating_plants,RO0037_20191110,29.504261778798863,1,Rodman,-81.81723647945806,2019-11-10,"{""type"":""MultiPoint"",""coordinates"":[]}"
4_1178_0,1183,520,514,1124,544,1808,4094,4692,4452,4551,3,floating_plants,RO0038_20191110,29.508491582753603,1,Rodman,-81.80603665558095,2019-11-10,"{""type"":""MultiPoint"",""coordinates"":[]}"
4_1179_0,938,442,494,1068,536,1417,3128,3357,4064,3456,3,floating_plants,RO0039_20191110,29.508753021824536,1,Rodman,-81.80541382967472,2019-11-10,"{""type"":""MultiPoint"",""coordinates"":[]}"
4_1180_0,342,187,397,790,391,548,1073,1279,2434,1161,3,floating_plants,RO0040_20191110,29.515587545790513,1,Rodman,-81.8558523404407,2019-11-10,"{""type"":""MultiPoint"",""coordinates"":[]}"
4_1181_0,1866,1014,512,1058,716,1610,3464,3943,4408,4403,1,LEV,RO0041_20191110,29.50520486344873,0,Rodman,-81.9124774045093,2019-11-10,"{""type"":""MultiPoint"",""coordinates"":[]}"
4_1182_0,1422,676,522,1150,621,1866,4197,4750,4936,5008,1,LEV,RO0042_20191110,29.51121798510964,0,Rodman,-81.9035102595017,2019-11-10,"{""type"":""MultiPoint"",""coordinates"":[]}"
4_1183_0,1390,649,434,910,505,1439,4015,4699,4860,5176,1,LEV,RO0043_20191110,29.507520517803982,0,Rodman,-81.91430086701084,2019-11-10,"{""type"":""MultiPoint"",""coordinates"":[]}"
4_1184_0,1782,996,584,984,830,1754,3430,3929,3928,4403,1,LEV,RO0044_20191110,29.501469825468774,0,Rodman,-81.91309952700982,2019-11-10,"{""type"":""MultiPoint"",""coordinates"":[]}"
4_1185_0,1397,563,172,318,167,612,2010,2541,2958,2907,1,LEV,RO0045_20191110,29.50640004650374,0,Rodman,-81.90327428200149,2019-11-10,"{""type"":""MultiPoint"",""coordinates"":[]}"
4_1186_0,2219,1147,424,723,648,1253,2853,3330,3576,3634,1,LEV,RO0046_20191110,29.514728587260354,0,Rodman,-81.88647101105485,2019-11-10,"{""type"":""MultiPoint"",""coordinates"":[]}"
4_1187_0,969,426,154,302,163,545,1622,2032,1996,2218,1,LEV,RO0047_20191110,29.518892600694738,0,Rodman,-81.87885308230769,2019-11-10,"{""type"":""MultiPoint"",""coordinates"":[]}"
4_1188_0,1082,540,441,828,536,1255,2446,2766,2990,2865,1,LEV,RO0048_20191110,29.521077238584812,0,Rodman,-81.87492727480435,2019-11-10,"{""type"":""MultiPoint"",""coordinates"":[]}"
4_1189_0,2234,1434,551,717,659,1112,2133,2343,2474,2563,1,LEV,RO0049_20191110,29.50823014279443,0,Rodman,-81.86372564586401,2019-11-10,"{""type"":""MultiPoint"",""coordinates"":[]}"
4_1190_0,2825,1937,1038,1536,1656,1581,2378,2802,3444,3116,1,LEV,RO0050_20191110,29.50191803688166,0,Rodman,-81.86089391586161,2019-11-10,"{""type"":""MultiPoint"",""coordinates"":[]}"
4_1191_0,4292,3210,1298,1526,2084,2552,2779,3126,3340,3578,1,LEV,RO0051_20191110,29.51280524062748,0,Rodman,-81.83714085210103,2019-11-10,"{""type"":""MultiPoint"",""coordinates"":[]}"
4_1192_0,3412,2541,680,834,1138,1431,1659,1920,2230,2388,1,LEV,RO0052_20191110,29.520349031279665,0,Rodman,-81.8075746108083,2019-11-10,"{""type"":""MultiPoint"",""coordinates"":[]}"
4_1193_0,3536,2716,796,956,1288,1621,1888,2135,2476,2693,1,LEV,RO0053_20191110,29.523915331056692,0,Rodman,-81.80798143249352,2019-11-10,"{""type"":""MultiPoint"",""coordinates"":[]}"
4_1194_0,1217,619,196,229,214,559,1159,1264,1298,1694,1,LEV,RO0054_20191110,29.52494225248174,0,Rodman,-81.81203595499693,2019-11-10,"{""type"":""MultiPoint"",""coordinates"":[]}"
4_1195_0,1990,1023,368,636,490,1072,2557,3008,3244,3285,1,LEV,RO0055_20191110,29.53524823261985,0,Rodman,-81.83192545853707,2019-11-10,"{""type"":""MultiPoint"",""coordinates"":[]}"
4_1196_0,1946,1044,389,769,531,1299,2879,3272,3660,3620,1,LEV,RO0056_20191110,29.53263449667382,0,Rodman,-81.84714044280672,2019-11-10,"{""type"":""MultiPoint"",""coordinates"":[]}"
4_1197_0,916,386,179,296,180,509,1525,1924,2224,2147,1,LEV,RO0057_20191110,29.534314763279237,0,Rodman,-81.84950021780872,2019-11-10,"{""type"":""MultiPoint"",""coordinates"":[]}"
4_1198_0,1842,865,337,668,411,1112,3274,3999,4468,4354,1,LEV,RO0058_20191110,29.5297032973028,0,Rodman,-81.85709795604852,2019-11-10,"{""type"":""MultiPoint"",""coordinates"":[]}"
4_1199_0,3195,1970,592,812,1122,1545,2097,2463,2698,2842,1,LEV,RO0059_20191110,29.528433707358296,0,Rodman,-81.87949750036069,2019-11-10,"{""type"":""MultiPoint"",""coordinates"":[]}"
4_1200_0,3118,1763,455,698,658,1148,2257,2634,2798,3030,1,LEV,RO0060_20191110,29.53872066333895,0,Rodman,-81.89593448062782,2019-11-10,"{""type"":""MultiPoint"",""coordinates"":[]}"
4_1201_0,63,47,128,92,128,136,77,110,91,93,2,open_water,RO0061_20191110,29.51508337537786,0,Rodman,-81.87889526838568,2019-11-10,"{""type"":""MultiPoint"",""coordinates"":[]}"
4_1202_0,36,28,100,92,125,111,37,62,58,44,2,open_water,RO0062_20191110,29.509798771874706,0,Rodman,-81.88063292088715,2019-11-10,"{""type"":""MultiPoint"",""coordinates"":[]}"
4_1203_0,33,33,109,94,134,136,74,76,81,47,2,open_water,RO0063_20191110,29.51086318370052,0,Rodman,-81.89571890051906,2019-11-10,"{""type"":""MultiPoint"",""coordinates"":[]}"
4_1204_0,33,26,102,113,128,146,63,71,77,40,2,open_water,RO0064_20191110,29.5142617585569,0,Rodman,-81.89460337051808,2019-11-10,"{""type"":""MultiPoint"",""coordinates"":[]}"
4_1205_0,87,64,131,141,147,169,107,157,158,139,2,open_water,RO0065_20191110,29.503449412093346,0,Rodman,-81.91338054041564,2019-11-10,"{""type"":""MultiPoint"",""coordinates"":[]}"
4_1206_0,54,44,130,125,148,189,145,205,173,152,2,open_water,RO0066_20191110,29.51308534183539,0,Rodman,-81.90243594322378,2019-11-10,"{""type"":""MultiPoint"",""coordinates"":[]}"
4_1207_0,30,31,98,68,95,93,53,65,53,62,2,open_water,RO0067_20191110,29.523728616699685,0,Rodman,-81.82123751553027,2019-11-10,"{""type"":""MultiPoint"",""coordinates"":[]}"
4_1208_0,96,55,89,95,98,117,64,140,125,119,2,open_water,RO0068_20191110,29.526454608440485,0,Rodman,-81.8066498155179,2019-11-10,"{""type"":""MultiPoint"",""coordinates"":[]}"
4_1209_0,22,23,79,57,43,43,65,57,53,43,2,open_water,RO0069_20191110,29.516185077939163,0,Rodman,-81.81793520113422,2019-11-10,"{""type"":""MultiPoint"",""coordinates"":[]}"
4_1210_0,50,45,88,46,43,39,39,50,56,55,2,open_water,RO0070_20191110,29.51002285910205,0,Rodman,-81.80534191125041,2019-11-10,"{""type"":""MultiPoint"",""coordinates"":[]}"
4_1211_0,37,26,103,74,63,75,46,58,42,50,2,open_water,RO0071_20191110,29.511628806738532,0,Rodman,-81.84462820906387,2019-11-10,"{""type"":""MultiPoint"",""coordinates"":[]}"
4_1212_0,29,23,121,67,83,83,47,56,58,46,2,open_water,RO0072_20191110,29.523560573404367,0,Rodman,-81.84791216387627,2019-11-10,"{""type"":""MultiPoint"",""coordinates"":[]}"
4_1213_0,62,35,103,87,99,134,53,71,68,49,2,open_water,RO0073_20191110,29.523205814900827,0,Rodman,-81.86241606583583,2019-11-10,"{""type"":""MultiPoint"",""coordinates"":[]}"
4_1214_0,23,31,116,82,113,100,52,79,55,65,2,open_water,RO0074_20191110,29.51986355684191,0,Rodman,-81.86149360833505,2019-11-10,"{""type"":""MultiPoint"",""coordinates"":[]}"
4_1215_0,43,21,95,85,95,113,72,86,75,75,2,open_water,RO0075_20191110,29.517996325502786,0,Rodman,-81.86121472583481,2019-11-10,"{""type"":""MultiPoint"",""coordinates"":[]}"
4_1216_0,60,40,108,89,116,128,46,100,98,65,2,open_water,RO0076_20191110,29.516390478659787,0,Rodman,-81.8689181128792,2019-11-10,"{""type"":""MultiPoint"",""coordinates"":[]}"
4_1217_0,59,38,103,75,127,130,74,96,81,94,2,open_water,RO0077_20191110,29.507464494696574,0,Rodman,-81.88971077301407,2019-11-10,"{""type"":""MultiPoint"",""coordinates"":[]}"
4_1218_0,49,29,115,72,120,149,71,100,110,88,2,open_water,RO0078_20191110,29.50968672731749,0,Rodman,-81.88507703301016,2019-11-10,"{""type"":""MultiPoint"",""coordinates"":[]}"
4_1219_0,70,28,118,79,87,131,73,68,87,83,2,open_water,RO0079_20191110,29.507931354741828,0,Rodman,-81.8799060650439,2019-11-10,"{""type"":""MultiPoint"",""coordinates"":[]}"
4_1220_0,39,24,96,63,66,68,54,65,48,81,2,open_water,RO0080_20191110,29.516166404901888,0,Rodman,-81.84471354323067,2019-11-10,"{""type"":""MultiPoint"",""coordinates"":[]}"
5_1221_0,466,227,288,526,287,766,1343,1331,1152,1306,3,floating_plants,RO0001_20200801,29.53035675712873,1,Rodman,-81.83488811202669,2020-08-01,"{""type"":""MultiPoint"",""coordinates"":[]}"
5_1222_0,740,343,288,523,276,1154,2049,2208,1238,1956,3,floating_plants,RO0002_20200801,29.53087952150383,1,Rodman,-81.8336224145256,2020-08-01,"{""type"":""MultiPoint"",""coordinates"":[]}"
5_1223_0,401,205,305,656,311,509,824,881,1536,893,3,floating_plants,RO0003_20200801,29.53056212916976,1,Rodman,-81.8330217445251,2020-08-01,"{""type"":""MultiPoint"",""coordinates"":[]}"
5_1224_0,992,474,546,1166,523,1610,3152,3277,3208,3419,3,floating_plants,RO0004_20200801,29.53007670367349,1,Rodman,-81.83364386702564,2020-08-01,"{""type"":""MultiPoint"",""coordinates"":[]}"
5_1225_0,290,163,163,226,176,428,694,579,467,661,3,floating_plants,RO0005_20200801,29.529721968183704,1,Rodman,-81.82881705452152,2020-08-01,"{""type"":""MultiPoint"",""coordinates"":[]}"
5_1226_0,281,152,228,341,211,316,545,447,759,616,3,floating_plants,RO0006_20200801,29.529516594436753,1,Rodman,-81.82802331202086,2020-08-01,"{""type"":""MultiPoint"",""coordinates"":[]}"
5_1227_0,236,122,180,257,190,283,416,433,479,444,3,floating_plants,RO0007_20200801,29.528676424766157,1,Rodman,-81.82692923451992,2020-08-01,"{""type"":""MultiPoint"",""coordinates"":[]}"
5_1228_0,292,159,262,462,255,489,846,767,957,786,3,floating_plants,RO0008_20200801,29.528471048896353,1,Rodman,-81.8370333620285,2020-08-01,"{""type"":""MultiPoint"",""coordinates"":[]}"
5_1229_0,162,114,164,205,169,205,267,277,300,267,3,floating_plants,RO0009_20200801,29.529292549873627,1,Rodman,-81.8373980545288,2020-08-01,"{""type"":""MultiPoint"",""coordinates"":[]}"
5_1230_0,224,138,192,310,191,277,368,431,532,394,3,floating_plants,RO0010_20200801,29.532746515072372,1,Rodman,-81.8371620770286,2020-08-01,"{""type"":""MultiPoint"",""coordinates"":[]}"
5_1231_0,229,129,141,219,180,301,463,365,400,468,3,floating_plants,RO0011_20200801,29.53209307124369,1,Rodman,-81.83658285952812,2020-08-01,"{""type"":""MultiPoint"",""coordinates"":[]}"
5_1232_0,266,150,206,352,205,368,506,722,685,532,3,floating_plants,RO0012_20200801,29.533829355550413,1,Rodman,-81.83915715953032,2020-08-01,"{""type"":""MultiPoint"",""coordinates"":[]}"
5_1233_0,392,210,278,505,281,596,993,1051,1148,1006,3,floating_plants,RO0013_20200801,29.530319416712825,1,Rodman,-81.84475626203505,2020-08-01,"{""type"":""MultiPoint"",""coordinates"":[]}"
5_1234_0,252,153,196,311,204,314,475,492,604,527,3,floating_plants,RO0014_20200801,29.529946011795694,1,Rodman,-81.84535693203557,2020-08-01,"{""type"":""MultiPoint"",""coordinates"":[]}"
5_1235_0,226,141,224,303,186,272,508,390,798,552,3,floating_plants,RO0015_20200801,29.530823511164314,1,Rodman,-81.84394106703436,2020-08-01,"{""type"":""MultiPoint"",""coordinates"":[]}"
5_1236_0,363,189,300,509,337,540,991,916,1524,903,3,floating_plants,RO0016_20200801,29.529927341513623,1,Rodman,-81.84621503203627,2020-08-01,"{""type"":""MultiPoint"",""coordinates"":[]}"
5_1237_0,358,208,305,590,327,437,918,1541,2216,1298,3,floating_plants,RO0017_20200801,29.527929601422635,1,Rodman,-81.84449883203483,2020-08-01,"{""type"":""MultiPoint"",""coordinates"":[]}"
5_1238_0,356,192,280,424,256,504,839,930,1013,902,3,floating_plants,RO0018_20200801,29.528900470693998,1,Rodman,-81.84675134453676,2020-08-01,"{""type"":""MultiPoint"",""coordinates"":[]}"
5_1239_0,548,284,288,463,269,764,1320,1510,1188,1440,3,floating_plants,RO0019_20200801,29.52880711828438,1,Rodman,-81.84769525453757,2020-08-01,"{""type"":""MultiPoint"",""coordinates"":[]}"
5_1240_0,236,142,230,321,204,315,456,588,620,465,3,floating_plants,RO0020_20200801,29.528284343198315,1,Rodman,-81.84735201453725,2020-08-01,"{""type"":""MultiPoint"",""coordinates"":[]}"
5_1241_0,615,292,392,763,384,1048,1922,1758,1992,1874,3,floating_plants,RO0021_20200801,29.52880711828438,1,Rodman,-81.84930419203891,2020-08-01,"{""type"":""MultiPoint"",""coordinates"":[]}"
5_1242_0,780,374,445,890,422,1345,2572,2388,2338,2527,3,floating_plants,RO0022_20200801,29.528937811633728,1,Rodman,-81.85029100703977,2020-08-01,"{""type"":""MultiPoint"",""coordinates"":[]}"
5_1243_0,542,286,403,778,372,806,1387,1749,1978,1671,3,floating_plants,RO0023_20200801,29.528321684365494,1,Rodman,-81.84975469453929,2020-08-01,"{""type"":""MultiPoint"",""coordinates"":[]}"
5_1244_0,200,133,201,302,184,268,353,411,613,406,3,floating_plants,RO0024_20200801,29.527182772565304,1,Rodman,-81.84975469453929,2020-08-01,"{""type"":""MultiPoint"",""coordinates"":[]}"
5_1245_0,397,186,252,453,257,523,920,974,963,920,3,floating_plants,RO0025_20200801,29.527826912159316,1,Rodman,-81.8527373083778,2020-08-01,"{""type"":""MultiPoint"",""coordinates"":[]}"
5_1246_0,547,257,367,709,332,955,1863,1599,2166,1975,3,floating_plants,RO0026_20200801,29.52742549192636,1,Rodman,-81.85229753212745,2020-08-01,"{""type"":""MultiPoint"",""coordinates"":[]}"
5_1247_0,237,132,201,333,209,305,602,570,908,543,3,floating_plants,RO0027_20200801,29.52586647265901,1,Rodman,-81.85136434837665,2020-08-01,"{""type"":""MultiPoint"",""coordinates"":[]}"
5_1248_0,178,116,206,297,196,209,332,343,597,337,3,floating_plants,RO0028_20200801,29.524923581083318,1,Rodman,-81.85421753087907,2020-08-01,"{""type"":""MultiPoint"",""coordinates"":[]}"
5_1249_0,182,104,185,280,183,219,304,524,735,385,3,floating_plants,RO0029_20200801,29.52623055715321,1,Rodman,-81.8441241296205,2020-08-01,"{""type"":""MultiPoint"",""coordinates"":[]}"
5_1250_0,199,121,250,377,212,261,430,485,1132,485,3,floating_plants,RO0030_20200801,29.52741615655314,1,Rodman,-81.83831050211558,2020-08-01,"{""type"":""MultiPoint"",""coordinates"":[]}"
5_1251_0,203,129,154,239,172,260,336,327,419,409,3,floating_plants,RO0031_20200801,29.52705207621995,1,Rodman,-81.85558105506941,2020-08-01,"{""type"":""MultiPoint"",""coordinates"":[]}"
5_1252_0,267,145,264,425,239,321,604,634,1188,742,3,floating_plants,RO0032_20200801,29.526650652912185,1,Rodman,-81.8546156925686,2020-08-01,"{""type"":""MultiPoint"",""coordinates"":[]}"
5_1253_0,222,132,200,318,196,245,343,419,605,386,3,floating_plants,RO0033_20200801,29.527061411626754,1,Rodman,-81.85383267631792,2020-08-01,"{""type"":""MultiPoint"",""coordinates"":[]}"
5_1254_0,313,172,234,342,220,432,714,861,764,785,3,floating_plants,RO0034_20200801,29.52752818086872,1,Rodman,-81.85441189381841,2020-08-01,"{""type"":""MultiPoint"",""coordinates"":[]}"
5_1255_0,324,169,193,298,211,346,536,683,667,651,3,floating_plants,RO0035_20200801,29.527854918056583,1,Rodman,-81.85544161381928,2020-08-01,"{""type"":""MultiPoint"",""coordinates"":[]}"
5_1256_0,1190,557,540,1170,526,1825,3602,3773,3398,3696,3,floating_plants,RO0036_20200801,29.52811630704701,1,Rodman,-81.85393993881802,2020-08-01,"{""type"":""MultiPoint"",""coordinates"":[]}"
5_1257_0,377,199,279,493,269,434,705,894,1232,880,3,floating_plants,RO0037_20200801,29.52834035421547,1,Rodman,-81.85262061006688,2020-08-01,"{""type"":""MultiPoint"",""coordinates"":[]}"
5_1258_0,827,407,419,820,391,1365,2517,2874,2164,2872,3,floating_plants,RO0038_20200801,29.52874177101165,1,Rodman,-81.85097831457648,2020-08-01,"{""type"":""MultiPoint"",""coordinates"":[]}"
5_1259_0,589,296,456,1017,460,1003,1944,1967,2776,1986,3,floating_plants,RO0039_20200801,29.535220228532218,1,Rodman,-81.83754623594218,2020-08-01,"{""type"":""MultiPoint"",""coordinates"":[]}"
5_1260_0,867,386,373,817,372,1148,2429,2764,2534,2901,3,floating_plants,RO0040_20200801,29.53302656100448,1,Rodman,-81.8317947626223,2020-08-01,"{""type"":""MultiPoint"",""coordinates"":[]}"
5_1261_0,1345,569,597,1364,594,1944,4421,4621,4852,4742,3,floating_plants,RO0041_20200801,29.532671835860732,1,Rodman,-81.83102247262165,2020-08-01,"{""type"":""MultiPoint"",""coordinates"":[]}"
5_1262_0,1006,442,499,1134,510,1429,3288,3331,4564,3570,3,floating_plants,RO0042_20200801,29.53148629806328,1,Rodman,-81.8289737588699,2020-08-01,"{""type"":""MultiPoint"",""coordinates"":[]}"
5_1263_0,631,297,467,865,422,898,1626,1820,2304,1663,3,floating_plants,RO0043_20200801,29.530627474305692,1,Rodman,-81.83418723099838,2020-08-01,"{""type"":""MultiPoint"",""coordinates"":[]}"
5_1264_0,145,106,213,231,220,207,187,193,227,203,3,floating_plants,RO0044_20200801,29.528349689686596,1,Rodman,-81.83239597569342,2020-08-01,"{""type"":""MultiPoint"",""coordinates"":[]}"
5_1265_0,655,330,451,911,441,849,1565,1999,2568,2156,3,floating_plants,RO0045_20200801,29.527434827211028,1,Rodman,-81.82405973989849,2020-08-01,"{""type"":""MultiPoint"",""coordinates"":[]}"
5_1266_0,674,329,513,1068,469,945,1767,2314,2986,2000,3,floating_plants,RO0046_20200801,29.5273694795865,1,Rodman,-81.82316946114773,2020-08-01,"{""type"":""MultiPoint"",""coordinates"":[]}"
5_1267_0,1219,552,593,1288,578,1818,3746,3963,3894,4027,3,floating_plants,RO0047_20200801,29.524419456850893,1,Rodman,-81.81268669784205,2020-08-01,"{""type"":""MultiPoint"",""coordinates"":[]}"
5_1268_0,905,436,401,858,393,1291,2506,2819,2296,2810,3,floating_plants,RO0048_20200801,29.524475470736476,1,Rodman,-81.81168915659123,2020-08-01,"{""type"":""MultiPoint"",""coordinates"":[]}"
5_1269_0,929,442,553,1210,540,1446,2888,2712,3460,2945,3,floating_plants,RO0049_20200801,29.52453148459104,1,Rodman,-81.81098122409061,2020-08-01,"{""type"":""MultiPoint"",""coordinates"":[]}"
5_1270_0,300,167,248,399,249,379,647,653,1040,740,3,floating_plants,RO0050_20200801,29.524699525968636,1,Rodman,-81.80589698158629,2020-08-01,"{""type"":""MultiPoint"",""coordinates"":[]}"
5_1271_0,252,151,183,293,192,293,417,394,640,352,3,floating_plants,RO0051_20200801,29.522832383949282,1,Rodman,-81.80538208020904,2020-08-01,"{""type"":""MultiPoint"",""coordinates"":[]}"
5_1272_0,230,120,177,207,164,264,342,320,418,364,3,floating_plants,RO0052_20200801,29.524876902752677,1,Rodman,-81.80403057270792,2020-08-01,"{""type"":""MultiPoint"",""coordinates"":[]}"
5_1273_0,445,244,341,615,333,533,960,1233,2050,1190,3,floating_plants,RO0053_20200801,29.526734671912692,1,Rodman,-81.81760186501988,2020-08-01,"{""type"":""MultiPoint"",""coordinates"":[]}"
5_1274_0,1373,604,597,1324,608,1893,4312,4647,4468,4520,3,floating_plants,RO0054_20200801,29.5150180195803,1,Rodman,-81.88811045671764,2020-08-01,"{""type"":""MultiPoint"",""coordinates"":[]}"
5_1275_0,871,417,346,807,361,1312,2550,2801,2968,2896,3,floating_plants,RO0055_20200801,29.513580185425045,1,Rodman,-81.88562172362678,2020-08-01,"{""type"":""MultiPoint"",""coordinates"":[]}"
5_1276_0,695,346,395,825,408,764,2237,2312,3554,2199,3,floating_plants,RO0056_20200801,29.51521408622919,1,Rodman,-81.8774693288192,2020-08-01,"{""type"":""MultiPoint"",""coordinates"":[]}"
5_1277_0,744,360,419,762,362,1072,2102,2441,2186,2418,3,floating_plants,RO0057_20200801,29.51755752069912,1,Rodman,-81.87077393774037,2020-08-01,"{""type"":""MultiPoint"",""coordinates"":[]}"
5_1278_0,436,226,303,570,298,589,1144,1188,1396,1204,3,floating_plants,RO0058_20200801,29.517837608810982,1,Rodman,-81.86992656398964,2020-08-01,"{""type"":""MultiPoint"",""coordinates"":[]}"
5_1279_0,445,232,309,605,303,515,1038,1482,2316,1363,3,floating_plants,RO0059_20200801,29.51736145855957,1,Rodman,-81.872704662742,2020-08-01,"{""type"":""MultiPoint"",""coordinates"":[]}"
5_1280_0,277,168,220,314,213,289,405,602,814,568,3,floating_plants,RO0060_20200801,29.51806167883259,1,Rodman,-81.86715793725283,2020-08-01,"{""type"":""MultiPoint"",""coordinates"":[]}"
5_1281_0,703,360,358,807,363,885,2107,2702,3330,2755,3,floating_plants,RO0061_20200801,29.51697866948155,1,Rodman,-81.89947327938995,2020-08-01,"{""type"":""MultiPoint"",""coordinates"":[]}"
5_1282_0,391,211,294,483,269,562,1047,1211,1162,1023,3,floating_plants,RO0062_20200801,29.516735924435736,1,Rodman,-81.89450702563575,2020-08-01,"{""type"":""MultiPoint"",""coordinates"":[]}"
5_1283_0,363,192,289,553,284,489,740,905,1376,938,3,floating_plants,RO0063_20200801,29.516941324127796,1,Rodman,-81.89309116063453,2020-08-01,"{""type"":""MultiPoint"",""coordinates"":[]}"
5_1284_0,448,215,274,548,269,649,1032,1231,1462,1197,3,floating_plants,RO0064_20200801,29.517874953837495,1,Rodman,-81.89344512688484,2020-08-01,"{""type"":""MultiPoint"",""coordinates"":[]}"
5_1285_0,300,156,198,361,229,352,624,650,803,694,3,floating_plants,RO0065_20200801,29.518285748180993,1,Rodman,-81.8944533943857,2020-08-01,"{""type"":""MultiPoint"",""coordinates"":[]}"
5_1286_0,972,429,424,912,451,1232,2561,2657,2600,2739,3,floating_plants,RO0066_20200801,29.51883658343347,1,Rodman,-81.89673808563765,2020-08-01,"{""type"":""MultiPoint"",""coordinates"":[]}"
5_1287_0,954,441,411,865,425,1263,2522,2818,2566,2763,3,floating_plants,RO0067_20200801,29.518463136132016,1,Rodman,-81.89748892313828,2020-08-01,"{""type"":""MultiPoint"",""coordinates"":[]}"
5_1288_0,1241,542,533,1164,518,1683,3525,3819,3640,3810,3,floating_plants,RO0068_20200801,29.518472472331336,1,Rodman,-81.89852936938915,2020-08-01,"{""type"":""MultiPoint"",""coordinates"":[]}"
5_1289_0,1317,587,480,1082,463,1685,3964,4458,4276,4322,3,floating_plants,RO0069_20200801,29.518323093038635,1,Rodman,-81.89921584938975,2020-08-01,"{""type"":""MultiPoint"",""coordinates"":[]}"
5_1290_0,1128,515,498,1068,477,1568,3374,3649,3318,3682,3,floating_plants,RO0070_20200801,29.51804300627047,1,Rodman,-81.9001168543905,2020-08-01,"{""type"":""MultiPoint"",""coordinates"":[]}"
5_1291_0,1137,511,474,1054,500,1483,3136,3391,3078,3392,3,floating_plants,RO0071_20200801,29.5189579535097,1,Rodman,-81.8974031131382,2020-08-01,"{""type"":""MultiPoint"",""coordinates"":[]}"
5_1292_0,746,358,354,774,350,1012,2452,2376,3516,2407,3,floating_plants,RO0072_20200801,29.514962000497768,1,Rodman,-81.89601877520231,2020-08-01,"{""type"":""MultiPoint"",""coordinates"":[]}"
5_1293_0,386,211,267,446,270,459,788,971,978,1026,3,floating_plants,RO0073_20200801,29.516745260634853,1,Rodman,-81.89381989395045,2020-08-01,"{""type"":""MultiPoint"",""coordinates"":[]}"
5_1294_0,327,171,155,251,158,391,578,739,561,740,3,floating_plants,RO0074_20200801,29.517576193107967,1,Rodman,-81.89406659770066,2020-08-01,"{""type"":""MultiPoint"",""coordinates"":[]}"
5_1295_0,271,150,177,318,172,270,439,419,696,489,3,floating_plants,RO0075_20200801,29.517594865669427,1,Rodman,-81.89498905520145,2020-08-01,"{""type"":""MultiPoint"",""coordinates"":[]}"
5_1296_0,242,125,135,185,139,247,320,406,409,386,3,floating_plants,RO0076_20200801,29.517408139899754,1,Rodman,-81.89993385645562,2020-08-01,"{""type"":""MultiPoint"",""coordinates"":[]}"
5_1297_0,475,251,448,983,411,681,1139,1413,2778,1397,3,floating_plants,RO0077_20200801,29.51001352195492,1,Rodman,-81.9052129997978,2020-08-01,"{""type"":""MultiPoint"",""coordinates"":[]}"
5_1298_0,732,377,275,744,314,1055,2507,2579,2932,2568,3,floating_plants,RO0078_20200801,29.500106502057562,1,Rodman,-81.91543834086139,2020-08-01,"{""type"":""MultiPoint"",""coordinates"":[]}"
5_1299_0,1041,451,364,845,342,902,2633,3388,4384,3010,3,floating_plants,RO0079_20200801,29.499098003889735,1,Rodman,-81.91925731514903,2020-08-01,"{""type"":""MultiPoint"",""coordinates"":[]}"
5_1300_0,837,393,289,767,329,941,2814,2665,3714,3099,3,floating_plants,RO0080_20200801,29.49553082993687,1,Rodman,-81.91516826058962,2020-08-01,"{""type"":""MultiPoint"",""coordinates"":[]}"
5_1301_0,1518,626,270,518,273,915,2409,2850,2770,3096,1,LEV,RO0081_20200801,29.528807118193214,0,Rodman,-81.87038922351329,2020-08-01,"{""type"":""MultiPoint"",""coordinates"":[]}"
5_1302_0,1311,562,220,437,248,805,2229,2623,2498,2930,1,LEV,RO0082_20200801,29.528209660731445,0,Rodman,-81.88557759352618,2020-08-01,"{""type"":""MultiPoint"",""coordinates"":[]}"
5_1303_0,1541,722,246,523,359,899,2067,2334,2336,2650,1,LEV,RO0083_20200801,29.522160205192048,0,Rodman,-81.88969647352967,2020-08-01,"{""type"":""MultiPoint"",""coordinates"":[]}"
5_1304_0,3904,2341,686,859,1388,1747,2017,2304,2476,2828,1,LEV,RO0084_20200801,29.51812703387532,0,Rodman,-81.9138948935502,2020-08-01,"{""type"":""MultiPoint"",""coordinates"":[]}"
5_1305_0,1798,787,293,564,369,958,2644,3092,3190,3497,1,LEV,RO0085_20200801,29.50191803946651,0,Rodman,-81.90419836354197,2020-08-01,"{""type"":""MultiPoint"",""coordinates"":[]}"
5_1306_0,2831,1718,503,833,785,1415,2748,3048,3238,3487,1,LEV,RO0086_20200801,29.494298168528402,0,Rodman,-81.90471322354239,2020-08-01,"{""type"":""MultiPoint"",""coordinates"":[]}"
5_1307_0,1574,730,294,591,325,985,2309,2658,2720,2972,1,LEV,RO0087_20200801,29.499975773866637,0,Rodman,-81.88128709352254,2020-08-01,"{""type"":""MultiPoint"",""coordinates"":[]}"
5_1308_0,1904,877,371,673,444,1087,2575,2983,3032,3311,1,LEV,RO0088_20200801,29.530300747036176,0,Rodman,-81.82094574035706,2020-08-01,"{""type"":""MultiPoint"",""coordinates"":[]}"
5_1309_0,2358,1575,373,502,594,919,1300,1546,1398,1725,1,LEV,RO0089_20200801,29.534034721076445,0,Rodman,-81.82768182536279,2020-08-01,"{""type"":""MultiPoint"",""coordinates"":[]}"
5_1310_0,4491,3285,1174,1532,1664,2218,2737,3009,3184,3491,1,LEV,RO0090_20200801,29.540680853760605,0,Rodman,-81.81528228035228,2020-08-01,"{""type"":""MultiPoint"",""coordinates"":[]}"
5_1311_0,3695,2387,645,905,998,1502,2071,2376,2404,2828,1,LEV,RO0091_20200801,29.53915004169579,0,Rodman,-81.81030530034806,2020-08-01,"{""type"":""MultiPoint"",""coordinates"":[]}"
5_1312_0,1462,646,284,594,338,1066,2758,3501,3260,3539,1,LEV,RO0092_20200801,29.52495158784396,0,Rodman,-81.81187152094371,2020-08-01,"{""type"":""MultiPoint"",""coordinates"":[]}"
5_1313_0,1360,606,274,556,306,863,2489,3082,3178,3299,1,LEV,RO0093_20200801,29.526305240943596,0,Rodman,-81.8142956534458,2020-08-01,"{""type"":""MultiPoint"",""coordinates"":[]}"
5_1314_0,1463,602,200,451,238,825,2377,2937,3000,3288,1,LEV,RO0094_20200801,29.527220113495698,0,Rodman,-81.80883711195101,2020-08-01,"{""type"":""MultiPoint"",""coordinates"":[]}"
5_1315_0,1702,722,333,850,378,1356,3728,4100,4304,4417,1,LEV,RO0095_20200801,29.52729479660199,0,Rodman,-81.81570191195682,2020-08-01,"{""type"":""MultiPoint"",""coordinates"":[]}"
5_1316_0,1416,615,281,554,348,900,2342,2751,2642,3054,1,LEV,RO0096_20200801,29.529376566064432,0,Rodman,-81.82532543222746,2020-08-01,"{""type"":""MultiPoint"",""coordinates"":[]}"
5_1317_0,1731,724,327,813,348,1379,3585,4153,4074,4342,1,LEV,RO0097_20200801,29.53899135849571,0,Rodman,-81.83335112398221,2020-08-01,"{""type"":""MultiPoint"",""coordinates"":[]}"
5_1318_0,1799,754,361,905,400,1546,4173,4662,4560,4534,1,LEV,RO0098_20200801,29.53495885794631,0,Rodman,-81.83167754968736,2020-08-01,"{""type"":""MultiPoint"",""coordinates"":[]}"
5_1319_0,1807,794,375,842,445,1391,3106,3482,3498,3883,1,LEV,RO0099_20200801,29.532317109506113,0,Rodman,-81.84837216166662,2020-08-01,"{""type"":""MultiPoint"",""coordinates"":[]}"
5_1320_0,1829,975,403,707,535,1263,2729,3025,3194,3315,1,LEV,RO0100_20200801,29.53602300567291,0,Rodman,-81.83848057565751,2020-08-01,"{""type"":""MultiPoint"",""coordinates"":[]}"
5_1321_0,2168,1357,481,731,710,1148,1833,2035,2306,2360,1,LEV,RO0101_20200801,29.53529490587079,0,Rodman,-81.84414403566232,2020-08-01,"{""type"":""MultiPoint"",""coordinates"":[]}"
5_1322_0,1810,883,294,574,366,1033,2410,2726,2714,3120,1,LEV,RO0102_20200801,29.537171152401523,0,Rodman,-81.84780168691545,2020-08-01,"{""type"":""MultiPoint"",""coordinates"":[]}"
5_1323_0,1504,640,279,506,365,869,2289,2715,2458,3057,1,LEV,RO0103_20200801,29.52867642424722,0,Rodman,-81.86206150479393,2020-08-01,"{""type"":""MultiPoint"",""coordinates"":[]}"
5_1324_0,1769,771,325,778,394,1347,3379,3825,3850,4084,1,LEV,RO0104_20200801,29.52916185646367,0,Rodman,-81.85968027729191,2020-08-01,"{""type"":""MultiPoint"",""coordinates"":[]}"
5_1325_0,1420,593,301,632,332,928,2545,2966,3232,3235,1,LEV,RO0105_20200801,29.52533434644929,0,Rodman,-81.86462617761755,2020-08-01,"{""type"":""MultiPoint"",""coordinates"":[]}"
5_1326_0,1485,699,357,722,472,1305,2884,3270,3484,3404,1,LEV,RO0106_20200801,29.522038838064365,0,Rodman,-81.86721120386974,2020-08-01,"{""type"":""MultiPoint"",""coordinates"":[]}"
5_1327_0,1765,764,409,907,458,1411,3911,4215,4344,4427,1,LEV,RO0107_20200801,29.523448544380475,0,Rodman,-81.8663743391408,2020-08-01,"{""type"":""MultiPoint"",""coordinates"":[]}"
5_1328_0,1742,821,325,725,455,1374,3439,3638,3422,3847,1,LEV,RO0108_20200801,29.51786561763474,0,Rodman,-81.87465605149826,2020-08-01,"{""type"":""MultiPoint"",""coordinates"":[]}"
5_1329_0,1546,643,383,819,462,1394,3457,3721,3394,3761,1,LEV,RO0109_20200801,29.519415424078826,0,Rodman,-81.8746989564983,2020-08-01,"{""type"":""MultiPoint"",""coordinates"":[]}"
5_1330_0,1528,629,385,838,408,1353,3688,3976,3882,4048,1,LEV,RO0110_20200801,29.51516740387342,0,Rodman,-81.88392542190901,2020-08-01,"{""type"":""MultiPoint"",""coordinates"":[]}"
5_1331_0,1554,656,331,774,385,1334,3583,4009,3874,4050,1,LEV,RO0111_20200801,29.514933991008917,0,Rodman,-81.88237011565771,2020-08-01,"{""type"":""MultiPoint"",""coordinates"":[]}"
5_1332_0,1509,649,352,828,402,1381,3697,4271,3748,4048,1,LEV,RO0112_20200801,29.51641848765176,0,Rodman,-81.88109369190661,2020-08-01,"{""type"":""MultiPoint"",""coordinates"":[]}"
5_1333_0,1944,785,307,908,346,1466,4397,5030,4952,5302,1,LEV,RO0113_20200801,29.51569958330565,0,Rodman,-81.88665171257692,2020-08-01,"{""type"":""MultiPoint"",""coordinates"":[]}"
5_1334_0,1937,798,368,953,406,1521,4407,4824,4672,4922,1,LEV,RO0114_20200801,29.51729610446984,0,Rodman,-81.88527875257574,2020-08-01,"{""type"":""MultiPoint"",""coordinates"":[]}"
5_1335_0,1462,652,386,787,462,1257,3198,3586,3386,3723,1,LEV,RO0115_20200801,29.515951667269142,0,Rodman,-81.89082422383045,2020-08-01,"{""type"":""MultiPoint"",""coordinates"":[]}"
5_1336_0,1634,717,285,588,378,981,2462,2811,2886,3108,1,LEV,RO0116_20200801,29.519088659620557,0,Rodman,-81.8900626600798,2020-08-01,"{""type"":""MultiPoint"",""coordinates"":[]}"
5_1337_0,1699,715,402,1012,385,1600,4607,5166,5224,5320,1,LEV,RO0117_20200801,29.51470991384742,0,Rodman,-81.88519341582291,2020-08-01,"{""type"":""MultiPoint"",""coordinates"":[]}"
5_1338_0,1303,578,230,521,289,881,2346,2716,2636,3029,1,LEV,RO0118_20200801,29.51921002959346,0,Rodman,-81.89291768902225,2020-08-01,"{""type"":""MultiPoint"",""coordinates"":[]}"
5_1339_0,1732,709,363,1032,361,1494,4833,5429,5176,5506,1,LEV,RO0119_20200801,29.51469124086063,0,Rodman,-81.90431263872361,2020-08-01,"{""type"":""MultiPoint"",""coordinates"":[]}"
5_1340_0,1828,761,327,878,320,1329,4506,5171,4920,5143,1,LEV,RO0120_20200801,29.51404701701619,0,Rodman,-81.90371196872309,2020-08-01,"{""type"":""MultiPoint"",""coordinates"":[]}"
5_1341_0,1475,643,407,958,367,1530,4350,4658,4560,4980,1,LEV,RO0121_20200801,29.51519541318286,0,Rodman,-81.90320783497266,2020-08-01,"{""type"":""MultiPoint"",""coordinates"":[]}"
5_1342_0,1429,637,343,758,348,1264,3944,4309,3470,4551,1,LEV,RO0122_20200801,29.510583076117122,0,Rodman,-81.90842096832853,2020-08-01,"{""type"":""MultiPoint"",""coordinates"":[]}"
5_1343_0,1691,706,289,690,298,1062,3692,4138,4100,4099,1,LEV,RO0123_20200801,29.50603589023244,0,Rodman,-81.91421448807968,2020-08-01,"{""type"":""MultiPoint"",""coordinates"":[]}"
5_1344_0,1702,706,310,829,323,1300,4190,4588,4708,4685,1,LEV,RO0124_20200801,29.505438298319106,0,Rodman,-81.91233739432808,2020-08-01,"{""type"":""MultiPoint"",""coordinates"":[]}"
5_1345_0,1531,670,373,800,442,1301,3428,3961,3522,4091,1,LEV,RO0125_20200801,29.50556902185154,0,Rodman,-81.90784309557426,2020-08-01,"{""type"":""MultiPoint"",""coordinates"":[]}"
5_1346_0,1682,701,329,862,316,1380,4135,4529,4872,4780,1,LEV,RO0126_20200801,29.508379537223927,0,Rodman,-81.91469750034454,2020-08-01,"{""type"":""MultiPoint"",""coordinates"":[]}"
5_1347_0,191,111,100,100,88,108,132,172,165,193,2,open_water,RO0127_20200801,29.506754864046492,0,Rodman,-81.91013841997838,2020-08-01,"{""type"":""MultiPoint"",""coordinates"":[]}"
5_1348_0,190,114,94,104,104,119,141,183,168,214,2,open_water,RO0128_20200801,29.507277750363933,0,Rodman,-81.90891562747736,2020-08-01,"{""type"":""MultiPoint"",""coordinates"":[]}"
5_1349_0,205,128,90,97,106,119,143,150,140,184,2,open_water,RO0129_20200801,29.50171260708369,0,Rodman,-81.91659604659615,2020-08-01,"{""type"":""MultiPoint"",""coordinates"":[]}"
5_1350_0,168,107,84,76,90,95,59,82,85,117,2,open_water,RO0130_20200801,29.49680083366645,0,Rodman,-81.91762605623467,2020-08-01,"{""type"":""MultiPoint"",""coordinates"":[]}"
5_1351_0,156,106,84,56,89,85,53,87,76,87,2,open_water,RO0131_20200801,29.49945284708356,0,Rodman,-81.9150517562325,2020-08-01,"{""type"":""MultiPoint"",""coordinates"":[]}"
5_1352_0,206,133,116,126,131,142,117,148,135,163,2,open_water,RO0132_20200801,29.48858288567254,0,Rodman,-81.91923573334647,2020-08-01,"{""type"":""MultiPoint"",""coordinates"":[]}"
5_1353_0,362,281,352,354,338,378,314,330,333,344,2,open_water,RO0133_20200801,29.50893976406801,0,Rodman,-81.88170879913956,2020-08-01,"{""type"":""MultiPoint"",""coordinates"":[]}"
5_1354_0,288,212,235,226,248,261,207,233,219,253,2,open_water,RO0134_20200801,29.514112373266332,0,Rodman,-81.89432286915026,2020-08-01,"{""type"":""MultiPoint"",""coordinates"":[]}"
5_1355_0,326,256,313,277,290,307,255,289,276,291,2,open_water,RO0135_20200801,29.51058307650464,0,Rodman,-81.89839884415372,2020-08-01,"{""type"":""MultiPoint"",""coordinates"":[]}"
5_1356_0,197,137,159,171,157,163,119,132,134,153,2,open_water,RO0136_20200801,29.513346769077124,0,Rodman,-81.8970687891526,2020-08-01,"{""type"":""MultiPoint"",""coordinates"":[]}"
5_1357_0,365,289,359,322,352,366,301,318,316,358,2,open_water,RO0137_20200801,29.509163853698375,0,Rodman,-81.89028979914683,2020-08-01,"{""type"":""MultiPoint"",""coordinates"":[]}"
5_1358_0,312,257,301,294,297,334,290,286,271,309,2,open_water,RO0138_20200801,29.513234728953933,0,Rodman,-81.87329941913244,2020-08-01,"{""type"":""MultiPoint"",""coordinates"":[]}"
5_1359_0,355,281,329,326,316,348,314,329,321,353,2,open_water,RO0139_20200801,29.508230143632623,0,Rodman,-81.88589203664311,2020-08-01,"{""type"":""MultiPoint"",""coordinates"":[]}"
5_1360_0,140,102,127,142,134,156,140,155,140,153,2,open_water,RO0141_20200801,29.53170100262017,0,Rodman,-81.8389879031803,2020-08-01,"{""type"":""MultiPoint"",""coordinates"":[]}"
5_1361_0,147,93,104,107,111,140,103,126,113,128,2,open_water,RO0142_20200801,29.533773346937426,0,Rodman,-81.83431063752421,2020-08-01,"{""type"":""MultiPoint"",""coordinates"":[]}"
5_1362_0,149,97,95,97,103,138,128,126,108,144,2,open_water,RO0143_20200801,29.535770971604457,0,Rodman,-81.83519019002496,2020-08-01,"{""type"":""MultiPoint"",""coordinates"":[]}"
5_1363_0,140,99,156,146,157,170,164,174,153,192,2,open_water,RO0144_20200801,29.528359025611806,0,Rodman,-81.84083219752974,2020-08-01,"{""type"":""MultiPoint"",""coordinates"":[]}"
5_1364_0,127,93,125,160,150,189,209,216,189,208,2,open_water,RO0146_20200801,29.520386375417914,0,Rodman,-81.83864075824378,2020-08-01,"{""type"":""MultiPoint"",""coordinates"":[]}"
5_1365_0,134,97,125,146,145,187,204,211,189,202,2,open_water,RO0147_20200801,29.5201062943607,0,Rodman,-81.84454019574879,2020-08-01,"{""type"":""MultiPoint"",""coordinates"":[]}"
5_1366_0,129,97,117,142,133,161,170,187,161,197,2,open_water,RO0149_20200801,29.515699583679122,0,Rodman,-81.82652009573349,2020-08-01,"{""type"":""MultiPoint"",""coordinates"":[]}"
5_1367_0,239,171,223,253,239,300,300,305,292,325,2,open_water,RO0150_20200801,29.517678892724117,0,Rodman,-81.8174456882258,2020-08-01,"{""type"":""MultiPoint"",""coordinates"":[]}"
5_1368_0,135,90,114,113,119,140,107,120,107,137,2,open_water,RO0151_20200801,29.52171208190264,0,Rodman,-81.80920792821883,2020-08-01,"{""type"":""MultiPoint"",""coordinates"":[]}"
5_1369_0,156,105,126,146,155,166,158,169,149,178,2,open_water,RO0152_20200801,29.52468085503208,0,Rodman,-81.81787398309943,2020-08-01,"{""type"":""MultiPoint"",""coordinates"":[]}"
5_1370_0,156,106,117,111,123,138,107,118,114,133,2,open_water,RO0153_20200801,29.523934002190643,0,Rodman,-81.80633253808966,2020-08-01,"{""type"":""MultiPoint"",""coordinates"":[]}"
5_1371_0,155,98,114,107,127,163,128,149,128,161,2,open_water,RO0154_20200801,29.523579245159546,0,Rodman,-81.81008672559283,2020-08-01,"{""type"":""MultiPoint"",""coordinates"":[]}"
5_1372_0,261,199,243,253,250,287,269,267,228,273,2,open_water,RO0155_20200801,29.509313246416784,0,Rodman,-81.81990817945118,2020-08-01,"{""type"":""MultiPoint"",""coordinates"":[]}"
5_1373_0,239,181,262,252,246,281,267,281,262,275,2,open_water,RO0157_20200801,29.51586763918627,0,Rodman,-81.85417589562981,2020-08-01,"{""type"":""MultiPoint"",""coordinates"":[]}"
5_1374_0,173,120,177,164,176,200,167,172,167,163,2,open_water,RO0159_20200801,29.520180982685112,0,Rodman,-81.85984274853283,2020-08-01,"{""type"":""MultiPoint"",""coordinates"":[]}"
5_1375_0,154,112,132,150,150,161,144,163,141,162,2,open_water,RO0160_20200801,29.520517079612674,0,Rodman,-81.86310352853562,2020-08-01,"{""type"":""MultiPoint"",""coordinates"":[]}"
5_1376_0,308,255,334,333,290,368,312,311,293,327,2,open_water,RO0161_20200801,29.513496155941326,0,Rodman,-81.84765804402066,2020-08-01,"{""type"":""MultiPoint"",""coordinates"":[]}"
5_1377_0,315,243,317,295,299,317,295,285,261,292,2,open_water,RO0163_20200801,29.51071379321687,0,Rodman,-81.88898336892812,2020-08-01,"{""type"":""MultiPoint"",""coordinates"":[]}"
5_1378_0,370,286,373,360,350,384,367,384,366,402,2,open_water,RO0164_20200801,29.512842587368947,0,Rodman,-81.88417800892405,2020-08-01,"{""type"":""MultiPoint"",""coordinates"":[]}"
5_1379_0,303,210,281,270,274,300,302,336,314,323,2,open_water,RO0165_20200801,29.51683862445574,0,Rodman,-81.87338540498394,2020-08-01,"{""type"":""MultiPoint"",""coordinates"":[]}"
5_1380_0,258,202,237,234,228,272,254,257,245,285,2,open_water,RO0166_20200801,29.517212077752212,0,Rodman,-81.86800082747936,2020-08-01,"{""type"":""MultiPoint"",""coordinates"":[]}"
6_1381_0,124,55,200,318,168,250,374,460,1328,553,3,floating_plants,RO0001_20211129,29.507660575702566,1,Rodman,-81.88728417859198,2021-11-29,"{""type"":""MultiPoint"",""coordinates"":[]}"
6_1382_0,220,116,184,328,174,274,644,620,1220,611,3,floating_plants,RO0002_20211129,29.507296424393946,1,Rodman,-81.88629736359114,2021-11-29,"{""type"":""MultiPoint"",""coordinates"":[]}"
6_1383_0,189,87,132,223,123,283,559,573,674,691,3,floating_plants,RO0003_20211129,29.507968702709846,1,Rodman,-81.8865976985914,2021-11-29,"{""type"":""MultiPoint"",""coordinates"":[]}"
6_1384_0,236,103,143,291,150,319,608,787,919,665,3,floating_plants,RO0004_20211129,29.50726841270059,1,Rodman,-81.88551434734048,2021-11-29,"{""type"":""MultiPoint"",""coordinates"":[]}"
6_1385_0,378,170,237,454,251,573,1159,1131,1594,1419,3,floating_plants,RO0005_20211129,29.506876248179505,1,Rodman,-81.88501021359006,2021-11-29,"{""type"":""MultiPoint"",""coordinates"":[]}"
6_1386_0,112,71,175,301,152,221,400,395,1010,328,3,floating_plants,RO0006_20211129,29.5075018432419,1,Rodman,-81.88322965608853,2021-11-29,"{""type"":""MultiPoint"",""coordinates"":[]}"
6_1387_0,117,56,119,192,93,205,404,406,472,411,3,floating_plants,RO0007_20211129,29.509966836905985,1,Rodman,-81.8812989310869,2021-11-29,"{""type"":""MultiPoint"",""coordinates"":[]}"
6_1388_0,155,92,156,334,182,229,492,530,1328,572,3,floating_plants,RO0008_20211129,29.509238549570473,1,Rodman,-81.88075189233645,2021-11-29,"{""type"":""MultiPoint"",""coordinates"":[]}"
6_1389_0,138,82,186,282,150,236,412,497,552,463,3,floating_plants,RO0009_20211129,29.50802472570133,1,Rodman,-81.88045155733617,2021-11-29,"{""type"":""MultiPoint"",""coordinates"":[]}"
6_1390_0,124,61,93,135,66,169,289,343,469,326,3,floating_plants,RO0010_20211129,29.50788466816449,1,Rodman,-81.87982943483566,2021-11-29,"{""type"":""MultiPoint"",""coordinates"":[]}"
6_1391_0,106,41,110,174,99,130,234,310,629,287,3,floating_plants,RO0011_20211129,29.507445819961063,1,Rodman,-81.88838898234292,2021-11-29,"{""type"":""MultiPoint"",""coordinates"":[]}"
6_1392_0,91,66,135,173,89,133,369,340,813,346,3,floating_plants,RO0012_20211129,29.509817445154745,1,Rodman,-81.89072797463197,2021-11-29,"{""type"":""MultiPoint"",""coordinates"":[]}"
6_1393_0,71,47,74,71,28,84,180,215,179,197,3,floating_plants,RO0013_20211129,29.5069882954019,1,Rodman,-81.8879598366587,2021-11-29,"{""type"":""MultiPoint"",""coordinates"":[]}"
6_1394_0,120,45,84,122,64,90,200,276,446,266,3,floating_plants,RO0014_20211129,29.506586792357144,1,Rodman,-81.88653331005872,2021-11-29,"{""type"":""MultiPoint"",""coordinates"":[]}"
6_1395_0,20,18,44,12,0,14,46,62,47,35,3,floating_plants,RO0015_20211129,29.509173190112016,1,Rodman,-81.88219990505505,2021-11-29,"{""type"":""MultiPoint"",""coordinates"":[]}"
6_1396_0,49,31,74,120,43,99,163,230,314,179,3,floating_plants,RO0016_20211129,29.508304840111236,1,Rodman,-81.88388392630648,2021-11-29,"{""type"":""MultiPoint"",""coordinates"":[]}"
6_1397_0,43,29,76,85,44,55,84,140,243,76,3,floating_plants,RO0017_20211129,29.50940661648576,1,Rodman,-81.87949916060508,2021-11-29,"{""type"":""MultiPoint"",""coordinates"":[]}"
6_1398_0,146,59,177,290,156,272,557,676,1780,787,3,floating_plants,RO0018_20211129,29.51930339065818,1,Rodman,-81.84739584017125,2021-11-29,"{""type"":""MultiPoint"",""coordinates"":[]}"
6_1399_0,166,81,154,301,151,361,500,623,937,646,3,floating_plants,RO0019_20211129,29.512562485468212,1,Rodman,-81.8486832953263,2021-11-29,"{""type"":""MultiPoint"",""coordinates"":[]}"
6_1400_0,114,66,194,262,170,250,412,555,1020,443,3,floating_plants,RO0020_20211129,29.51246911798404,1,Rodman,-81.84673111782466,2021-11-29,"{""type"":""MultiPoint"",""coordinates"":[]}"
6_1401_0,133,59,97,184,80,182,474,346,460,481,3,floating_plants,RO0021_20211129,29.51194625848104,1,Rodman,-81.84563704032374,2021-11-29,"{""type"":""MultiPoint"",""coordinates"":[]}"
6_1402_0,392,196,237,391,179,743,1305,1499,1310,1342,3,floating_plants,RO0022_20211129,29.51123665912123,1,Rodman,-81.84366341032205,2021-11-29,"{""type"":""MultiPoint"",""coordinates"":[]}"
6_1403_0,447,223,334,698,361,911,1640,1612,2464,1613,3,floating_plants,RO0023_20211129,29.511274006579978,1,Rodman,-81.8418184953205,2021-11-29,"{""type"":""MultiPoint"",""coordinates"":[]}"
6_1404_0,303,161,259,540,262,483,935,994,1946,926,3,floating_plants,RO0024_20211129,29.51138604887353,1,Rodman,-81.84055279781941,2021-11-29,"{""type"":""MultiPoint"",""coordinates"":[]}"
6_1405_0,374,230,228,438,253,680,1446,1485,1598,1268,3,floating_plants,RO0025_20211129,29.511423396277166,1,Rodman,-81.83928710031834,2021-11-29,"{""type"":""MultiPoint"",""coordinates"":[]}"
6_1406_0,565,320,362,799,409,1063,1901,2172,2798,1921,3,floating_plants,RO0026_20211129,29.511927584877398,1,Rodman,-81.83847190531763,2021-11-29,"{""type"":""MultiPoint"",""coordinates"":[]}"
6_1407_0,275,150,226,438,218,459,789,1150,1382,948,3,floating_plants,RO0027_20211129,29.51207697361001,1,Rodman,-81.83752799531685,2021-11-29,"{""type"":""MultiPoint"",""coordinates"":[]}"
6_1408_0,88,54,90,130,79,154,268,309,399,289,3,floating_plants,RO0028_20211129,29.510583076362636,1,Rodman,-81.8367771578162,2021-11-29,"{""type"":""MultiPoint"",""coordinates"":[]}"
6_1409_0,56,32,98,50,46,67,158,158,140,164,3,floating_plants,RO0029_20211129,29.513813601446792,1,Rodman,-81.85295234282992,2021-11-29,"{""type"":""MultiPoint"",""coordinates"":[]}"
6_1410_0,53,26,91,97,69,105,171,182,266,167,3,floating_plants,RO0030_20211129,29.51332809558984,1,Rodman,-81.85147212032868,2021-11-29,"{""type"":""MultiPoint"",""coordinates"":[]}"
6_1411_0,46,24,93,83,46,63,66,110,192,121,3,floating_plants,RO0031_20211129,29.512375750413735,1,Rodman,-81.85027078032766,2021-11-29,"{""type"":""MultiPoint"",""coordinates"":[]}"
6_1412_0,297,157,261,453,258,518,871,1021,1728,1019,3,floating_plants,RO0032_20211129,29.510284294267464,1,Rodman,-81.84278385782132,2021-11-29,"{""type"":""MultiPoint"",""coordinates"":[]}"
6_1413_0,697,342,358,784,417,1172,2267,2284,2972,2475,3,floating_plants,RO0033_20211129,29.509630705359765,1,Rodman,-81.82817470530891,2021-11-29,"{""type"":""MultiPoint"",""coordinates"":[]}"
6_1414_0,184,101,199,391,183,277,569,717,1222,575,3,floating_plants,RO0034_20211129,29.51000418525231,1,Rodman,-81.82654431530753,2021-11-29,"{""type"":""MultiPoint"",""coordinates"":[]}"
6_1415_0,103,59,94,70,38,150,340,293,243,325,3,floating_plants,RO0035_20211129,29.510041533165776,1,Rodman,-81.82527861780646,2021-11-29,"{""type"":""MultiPoint"",""coordinates"":[]}"
6_1416_0,42,33,98,132,52,39,144,141,357,175,3,floating_plants,RO0036_20211129,29.510022859210746,1,Rodman,-81.82330498780479,2021-11-29,"{""type"":""MultiPoint"",""coordinates"":[]}"
6_1417_0,91,43,116,115,59,127,174,300,339,275,3,floating_plants,RO0037_20211129,29.50925722408927,1,Rodman,-81.82197493280364,2021-11-29,"{""type"":""MultiPoint"",""coordinates"":[]}"
6_1418_0,513,262,328,716,354,898,1875,1694,2482,1701,3,floating_plants,RO0038_20211129,29.507557866677594,1,Rodman,-81.81534340011713,2021-11-29,"{""type"":""MultiPoint"",""coordinates"":[]}"
6_1419_0,123,71,72,105,44,173,380,319,418,337,3,floating_plants,RO0039_20211129,29.50843556021073,1,Rodman,-81.81879725262007,2021-11-29,"{""type"":""MultiPoint"",""coordinates"":[]}"
6_1420_0,147,54,69,67,28,198,336,404,204,371,3,floating_plants,RO0040_20211129,29.508846392867014,1,Rodman,-81.82087814512184,2021-11-29,"{""type"":""MultiPoint"",""coordinates"":[]}"
6_1421_0,253,161,209,454,284,415,868,1128,1620,972,3,floating_plants,RO0041_20211129,29.507763284995058,1,Rodman,-81.81731703011882,2021-11-29,"{""type"":""MultiPoint"",""coordinates"":[]}"
6_1422_0,152,71,213,422,169,228,543,516,1382,602,3,floating_plants,RO0042_20211129,29.50933192022037,1,Rodman,-81.81427077511623,2021-11-29,"{""type"":""MultiPoint"",""coordinates"":[]}"
6_1423_0,119,61,139,320,131,185,306,330,959,420,3,floating_plants,RO0043_20211129,29.50847290870293,1,Rodman,-81.81300507761516,2021-11-29,"{""type"":""MultiPoint"",""coordinates"":[]}"
6_1424_0,203,93,209,416,251,341,681,745,1398,804,3,floating_plants,RO0044_20211129,29.50828616610415,1,Rodman,-81.81002318011262,2021-11-29,"{""type"":""MultiPoint"",""coordinates"":[]}"
6_1425_0,1291,663,472,1056,611,1657,3287,3611,4592,4141,3,floating_plants,RO0045_20211129,29.506213300125268,1,Rodman,-81.8216718876225,2021-11-29,"{""type"":""MultiPoint"",""coordinates"":[]}"
6_1426_0,989,501,500,1078,618,1498,3002,3486,4440,3475,3,floating_plants,RO0046_20211129,29.508640976747287,1,Rodman,-81.82978093262938,2021-11-29,"{""type"":""MultiPoint"",""coordinates"":[]}"
6_1427_0,1216,602,472,1078,628,1792,3735,4378,4924,4393,3,floating_plants,RO0047_20211129,29.508491582765004,1,Rodman,-81.84683816826859,2021-11-29,"{""type"":""MultiPoint"",""coordinates"":[]}"
6_1428_0,1382,672,457,963,594,1748,3778,4385,4256,4678,3,floating_plants,RO0048_20211129,29.51050838085488,1,Rodman,-81.85394060084693,2021-11-29,"{""type"":""MultiPoint"",""coordinates"":[]}"
6_1429_0,242,121,194,342,198,443,789,915,1226,976,3,floating_plants,RO0049_20211129,29.507987377210377,1,Rodman,-81.81954520926047,2021-11-29,"{""type"":""MultiPoint"",""coordinates"":[]}"
6_1430_0,1301,620,434,1026,538,1742,3781,4294,4620,4606,3,floating_plants,RO0050_20211129,29.51418706592164,1,Rodman,-81.80508360716514,2021-11-29,"{""type"":""MultiPoint"",""coordinates"":[]}"
6_1431_0,1322,632,454,1034,546,1761,3860,4416,4800,4788,3,floating_plants,RO0051_20211129,29.51258115897051,1,Rodman,-81.80416114966434,2021-11-29,"{""type"":""MultiPoint"",""coordinates"":[]}"
6_1432_0,1300,626,446,1020,534,1805,4035,4530,4704,4680,3,floating_plants,RO0052_20211129,29.512730546738496,1,Rodman,-81.80546975216548,2021-11-29,"{""type"":""MultiPoint"",""coordinates"":[]}"
6_1433_0,1254,599,480,1072,554,1785,3828,4265,4628,4524,3,floating_plants,RO0053_20211129,29.511647480425324,1,Rodman,-81.80647801966632,2021-11-29,"{""type"":""MultiPoint"",""coordinates"":[]}"
6_1434_0,1326,636,430,1010,550,1705,3736,4336,4748,4720,3,floating_plants,RO0054_20211129,29.511535438421127,1,Rodman,-81.80328159716362,2021-11-29,"{""type"":""MultiPoint"",""coordinates"":[]}"
6_1435_0,1343,642,443,986,560,1717,3738,4331,4740,4723,3,floating_plants,RO0055_20211129,29.51006020713312,1,Rodman,-81.80396807716421,2021-11-29,"{""type"":""MultiPoint"",""coordinates"":[]}"
6_1436_0,1255,610,424,980,530,1683,3760,4384,4768,4714,3,floating_plants,RO0056_20211129,29.511124616678092,1,Rodman,-81.80497634466505,2021-11-29,"{""type"":""MultiPoint"",""coordinates"":[]}"
6_1437_0,1256,592,458,1028,513,1768,3886,4324,4460,4539,3,floating_plants,RO0057_20211129,29.51060175023006,1,Rodman,-81.80744338216714,2021-11-29,"{""type"":""MultiPoint"",""coordinates"":[]}"
6_1438_0,1258,599,448,971,543,1710,3754,4333,4736,4661,3,floating_plants,RO0058_20211129,29.50996683734083,1,Rodman,-81.80622058966611,2021-11-29,"{""type"":""MultiPoint"",""coordinates"":[]}"
6_1439_0,1116,528,413,942,497,1562,3584,3906,4292,4116,3,floating_plants,RO0059_20211129,29.509556009231645,1,Rodman,-81.80774371716738,2021-11-29,"{""type"":""MultiPoint"",""coordinates"":[]}"
6_1440_0,1282,631,397,979,518,1696,3702,4335,4684,4686,3,floating_plants,RO0060_20211129,29.508809044761595,1,Rodman,-81.80622058966611,2021-11-29,"{""type"":""MultiPoint"",""coordinates"":[]}"
6_1441_0,980,471,406,950,498,1615,2977,3427,3980,3382,3,floating_plants,RO0061_20211129,29.50847290895193,1,Rodman,-81.80789388466752,2021-11-29,"{""type"":""MultiPoint"",""coordinates"":[]}"
6_1442_0,1282,604,432,1036,551,1731,3785,4331,4768,4689,3,floating_plants,RO0062_20211129,29.508062074779946,1,Rodman,-81.80710014216686,2021-11-29,"{""type"":""MultiPoint"",""coordinates"":[]}"
6_1443_0,1253,610,430,1020,535,1780,3709,4037,4372,4288,3,floating_plants,RO0063_20211129,29.524475470825887,1,Rodman,-81.80042747851091,2021-11-29,"{""type"":""MultiPoint"",""coordinates"":[]}"
6_1444_0,1225,604,442,1000,542,1750,3561,4033,4344,4314,3,floating_plants,RO0064_20211129,29.523560573478004,1,Rodman,-81.80092088601134,2021-11-29,"{""type"":""MultiPoint"",""coordinates"":[]}"
6_1445_0,1203,532,301,692,402,1434,3641,3977,4448,4346,3,floating_plants,RO0065_20211129,29.498369638798923,1,Rodman,-81.91932192608202,2021-11-29,"{""type"":""MultiPoint"",""coordinates"":[]}"
6_1446_0,1319,606,399,903,472,1390,3956,4359,4608,4286,3,floating_plants,RO0066_20211129,29.504999439950804,1,Rodman,-81.91234865330449,2021-11-29,"{""type"":""MultiPoint"",""coordinates"":[]}"
6_1447_0,1293,612,428,1064,588,1816,4289,4863,5216,5081,3,floating_plants,RO0067_20211129,29.487219388191246,1,Rodman,-81.91159850886537,2021-11-29,"{""type"":""MultiPoint"",""coordinates"":[]}"
6_1448_0,1325,632,500,1158,640,1840,4013,4514,4856,4774,3,floating_plants,RO0068_20211129,29.494335518524164,1,Rodman,-81.91348664953723,2021-11-29,"{""type"":""MultiPoint"",""coordinates"":[]}"
6_1449_0,1276,595,497,1130,598,1743,3945,4452,4840,4490,3,floating_plants,RO0069_20211129,29.477693077442115,1,Rodman,-81.9157602214595,2021-11-29,"{""type"":""MultiPoint"",""coordinates"":[]}"
6_1450_0,1107,552,434,966,532,1584,3404,3664,3996,3796,3,floating_plants,RO0070_20211129,29.483614438677993,1,Rodman,-81.91462353376826,2021-11-29,"{""type"":""MultiPoint"",""coordinates"":[]}"
6_1451_0,1299,601,256,622,354,1100,2901,3408,4028,3624,1,LEV,RO0071_20211129,29.491085694354616,0,Rodman,-81.91290686827774,2021-11-29,"{""type"":""MultiPoint"",""coordinates"":[]}"
6_1452_0,1405,646,308,712,401,1233,3241,3827,4368,4076,1,LEV,RO0072_20211129,29.489946363575047,0,Rodman,-81.91477299786268,2021-11-29,"{""type"":""MultiPoint"",""coordinates"":[]}"
6_1453_0,1179,589,282,623,440,1175,2321,2672,2768,2959,1,LEV,RO0073_20211129,29.489591487429454,0,Rodman,-81.91211288786042,2021-11-29,"{""type"":""MultiPoint"",""coordinates"":[]}"
6_1454_0,1367,661,376,862,598,1413,3105,3661,4200,4023,1,LEV,RO0074_20211129,29.485538340124332,0,Rodman,-81.91509478536297,2021-11-29,"{""type"":""MultiPoint"",""coordinates"":[]}"
6_1455_0,1488,713,281,626,330,1151,3661,4133,3892,4390,1,LEV,RO0075_20211129,29.48809725844394,0,Rodman,-81.91593143286366,2021-11-29,"{""type"":""MultiPoint"",""coordinates"":[]}"
6_1456_0,1831,798,300,733,325,1215,4551,5442,5864,5621,1,LEV,RO0076_20211129,29.475582224505214,0,Rodman,-81.91342103521664,2021-11-29,"{""type"":""MultiPoint"",""coordinates"":[]}"
6_1457_0,1280,612,268,554,366,1049,2412,2796,2864,3125,1,LEV,RO0077_20211129,29.47825347317075,0,Rodman,-81.91389299021704,2021-11-29,"{""type"":""MultiPoint"",""coordinates"":[]}"
6_1458_0,1718,817,284,668,409,1138,3440,3997,4332,4289,1,LEV,RO0078_20211129,29.47898198331661,0,Rodman,-81.90919489271307,2021-11-29,"{""type"":""MultiPoint"",""coordinates"":[]}"
6_1459_0,1706,755,258,580,302,1046,3631,4167,4460,4468,1,LEV,RO0079_20211129,29.471453792656153,0,Rodman,-81.9157164527186,2021-11-29,"{""type"":""MultiPoint"",""coordinates"":[]}"
6_1460_0,1249,595,124,187,140,587,1525,1802,1344,2147,1,LEV,RO0080_20211129,29.474648204865765,0,Rodman,-81.91865544522108,2021-11-29,"{""type"":""MultiPoint"",""coordinates"":[]}"
6_1461_0,3619,2581,752,1102,1272,1490,1930,2186,2680,2743,1,LEV,RO0081_20211129,29.474947091890236,0,Rodman,-81.92884793257551,2021-11-29,"{""type"":""MultiPoint"",""coordinates"":[]}"
6_1462_0,1318,610,166,274,202,616,1819,2044,2292,2409,1,LEV,RO0082_20211129,29.479112740797238,0,Rodman,-81.9249650300722,2021-11-29,"{""type"":""MultiPoint"",""coordinates"":[]}"
6_1463_0,1911,1327,458,672,908,978,1937,1930,1980,2312,1,LEV,RO0083_20211129,29.470407647284944,0,Rodman,-81.90033756005131,2021-11-29,"{""type"":""MultiPoint"",""coordinates"":[]}"
6_1464_0,2758,1898,716,846,1300,1491,2160,2464,2788,2944,1,LEV,RO0084_20211129,29.48690185997126,0,Rodman,-81.89626605891515,2021-11-29,"{""type"":""MultiPoint"",""coordinates"":[]}"
6_1465_0,1254,531,186,274,176,579,1681,2108,2148,2417,1,LEV,RO0085_20211129,29.49355108824237,0,Rodman,-81.92175162893679,2021-11-29,"{""type"":""MultiPoint"",""coordinates"":[]}"
6_1466_0,1347,567,259,391,292,648,1812,2155,2452,2514,1,LEV,RO0086_20211129,29.496053774595964,0,Rodman,-81.93161977894516,2021-11-29,"{""type"":""MultiPoint"",""coordinates"":[]}"
6_1467_0,1418,829,301,441,558,747,1140,1392,1744,1610,1,LEV,RO0087_20211129,29.51069511985055,0,Rodman,-81.91286859748016,2021-11-29,"{""type"":""MultiPoint"",""coordinates"":[]}"
6_1468_0,1187,749,390,552,616,883,1468,1666,1778,1735,1,LEV,RO0088_20211129,29.516483842459913,0,Rodman,-81.8898286124606,2021-11-29,"{""type"":""MultiPoint"",""coordinates"":[]}"
6_1469_0,1234,546,191,300,222,552,1662,2061,2354,2402,1,LEV,RO0089_20211129,29.509537335208122,0,Rodman,-81.87149818494603,2021-11-29,"{""type"":""MultiPoint"",""coordinates"":[]}"
6_1470_0,1153,552,227,429,252,627,1602,1810,2286,2131,1,LEV,RO0090_20211129,29.499041977216415,0,Rodman,-81.88990442996165,2021-11-29,"{""type"":""MultiPoint"",""coordinates"":[]}"
6_1471_0,1039,442,173,303,155,575,1772,2198,2272,2419,1,LEV,RO0091_20211129,29.50191803761469,0,Rodman,-81.83005195491089,2021-11-29,"{""type"":""MultiPoint"",""coordinates"":[]}"
6_1472_0,1169,478,190,378,199,703,2107,2523,2608,2784,1,LEV,RO0092_20211129,29.49556818497786,0,Rodman,-81.85437908993151,2021-11-29,"{""type"":""MultiPoint"",""coordinates"":[]}"
6_1473_0,1306,587,204,289,196,606,1790,1972,2558,2365,1,LEV,RO0093_20211129,29.513869621240318,0,Rodman,-81.85480813993188,2021-11-29,"{""type"":""MultiPoint"",""coordinates"":[]}"
6_1474_0,942,381,153,240,191,427,1064,1408,1794,1725,1,LEV,RO0094_20211129,29.5138322747393,0,Rodman,-81.86132969993743,2021-11-29,"{""type"":""MultiPoint"",""coordinates"":[]}"
6_1475_0,1051,425,145,229,179,526,1643,2334,2172,2478,1,LEV,RO0095_20211129,29.508491583213893,0,Rodman,-81.87857750995204,2021-11-29,"{""type"":""MultiPoint"",""coordinates"":[]}"
6_1476_0,1210,750,256,370,364,792,1116,1309,1312,1510,1,LEV,RO0096_20211129,29.521114583157395,0,Rodman,-81.87836546756033,2021-11-29,"{""type"":""MultiPoint"",""coordinates"":[]}"
6_1477_0,1211,549,200,332,266,679,1763,2161,2240,2512,1,LEV,RO0097_20211129,29.523915330932216,0,Rodman,-81.8664378775502,2021-11-29,"{""type"":""MultiPoint"",""coordinates"":[]}"
6_1478_0,1141,496,197,360,231,627,1666,2279,2604,2480,1,LEV,RO0098_20211129,29.519097996754553,0,Rodman,-81.87120033255424,2021-11-29,"{""type"":""MultiPoint"",""coordinates"":[]}"
6_1479_0,832,380,245,514,257,917,1896,2087,1952,2026,1,LEV,RO0099_20211129,29.51913534131243,0,Rodman,-81.874461112557,2021-11-29,"{""type"":""MultiPoint"",""coordinates"":[]}"
6_1480_0,797,363,217,496,231,780,1634,1697,1852,1717,1,LEV,RO0100_20211129,29.518911273758473,0,Rodman,-81.88557350756642,2021-11-29,"{""type"":""MultiPoint"",""coordinates"":[]}"
6_1481_0,1516,809,294,550,450,1068,2412,2939,3188,3330,1,LEV,RO0101_20211129,29.515288779456643,0,Rodman,-81.88784747256837,2021-11-29,"{""type"":""MultiPoint"",""coordinates"":[]}"
6_1482_0,1386,636,271,588,357,1160,3354,3787,4108,4123,1,LEV,RO0102_20211129,29.515326125420223,0,Rodman,-81.90355070258168,2021-11-29,"{""type"":""MultiPoint"",""coordinates"":[]}"
6_1483_0,1522,776,252,461,366,927,2468,2880,2828,3257,1,LEV,RO0103_20211129,29.508865067109205,0,Rodman,-81.9186161400033,2021-11-29,"{""type"":""MultiPoint"",""coordinates"":[]}"
6_1484_0,3515,2128,559,861,1013,1437,2027,2281,2666,2788,1,LEV,RO0104_20211129,29.520180982779788,0,Rodman,-81.92312079261586,2021-11-29,"{""type"":""MultiPoint"",""coordinates"":[]}"
6_1485_0,1044,461,213,391,231,663,1802,2044,2354,2254,1,LEV,RO0105_20211129,29.513944315032155,0,Rodman,-81.91951677261281,2021-11-29,"{""type"":""MultiPoint"",""coordinates"":[]}"
6_1486_0,11,6,62,18,6,0,0,0,0,0,2,open_water,RO0106_20211129,29.517828273264055,0,Rodman,-81.86363715154357,2021-11-29,"{""type"":""MultiPoint"",""coordinates"":[]}"
6_1487_0,14,0,47,14,28,10,6,9,4,0,2,open_water,RO0107_20211129,29.524176729779512,0,Rodman,-81.86204966654222,2021-11-29,"{""type"":""MultiPoint"",""coordinates"":[]}"
6_1488_0,10,1,50,33,6,5,23,25,13,16,2,open_water,RO0108_20211129,29.52596916303583,0,Rodman,-81.85312542653465,2021-11-29,"{""type"":""MultiPoint"",""coordinates"":[]}"
6_1489_0,2,7,92,28,26,14,31,34,25,12,2,open_water,RO0109_20211129,29.522160204406553,0,Rodman,-81.84647515152902,2021-11-29,"{""type"":""MultiPoint"",""coordinates"":[]}"
6_1490_0,11,11,72,42,21,10,17,15,10,11,2,open_water,RO0110_20211129,29.52651062100288,0,Rodman,-81.82993527401499,2021-11-29,"{""type"":""MultiPoint"",""coordinates"":[]}"
6_1491_0,0,12,58,52,13,13,31,24,23,25,2,open_water,RO0111_20211129,29.521768097583426,0,Rodman,-81.8306646590156,2021-11-29,"{""type"":""MultiPoint"",""coordinates"":[]}"
6_1492_0,7,15,76,39,39,27,30,29,30,30,2,open_water,RO0112_20211129,29.520834503793257,0,Rodman,-81.84006085402356,2021-11-29,"{""type"":""MultiPoint"",""coordinates"":[]}"
6_1493_0,6,5,74,36,20,24,20,17,17,31,2,open_water,RO0113_20211129,29.52570776849724,0,Rodman,-81.84636788902891,2021-11-29,"{""type"":""MultiPoint"",""coordinates"":[]}"
6_1494_0,8,13,68,33,18,11,0,13,2,3,2,open_water,RO0114_20211129,29.532130410675176,0,Rodman,-81.83375407762324,2021-11-29,"{""type"":""MultiPoint"",""coordinates"":[]}"
6_1495_0,5,17,50,28,21,7,0,10,9,6,2,open_water,RO0115_20211129,29.5320370612466,0,Rodman,-81.83935318012801,2021-11-29,"{""type"":""MultiPoint"",""coordinates"":[]}"
6_1496_0,9,9,70,43,31,5,18,10,9,13,2,open_water,RO0116_20211129,29.530188724819048,0,Rodman,-81.84510245013288,2021-11-29,"{""type"":""MultiPoint"",""coordinates"":[]}"
6_1497_0,14,12,49,31,14,14,0,7,0,4,2,open_water,RO0117_20211129,29.525987834595465,0,Rodman,-81.8584459051442,2021-11-29,"{""type"":""MultiPoint"",""coordinates"":[]}"
6_1498_0,10,4,88,24,21,26,9,16,3,6,2,open_water,RO0118_20211129,29.527910930438807,0,Rodman,-81.84812725263545,2021-11-29,"{""type"":""MultiPoint"",""coordinates"":[]}"
6_1499_0,12,4,62,45,31,20,19,22,20,22,2,open_water,RO0119_20211129,29.52180544076489,0,Rodman,-81.82720644643156,2021-11-29,"{""type"":""MultiPoint"",""coordinates"":[]}"
6_1500_0,5,5,34,16,10,5,9,12,2,13,2,open_water,RO0120_20211129,29.517716237710992,0,Rodman,-81.81126723891803,2021-11-29,"{""type"":""MultiPoint"",""coordinates"":[]}"
6_1501_0,15,8,43,25,23,0,2,0,1,0,2,open_water,RO0121_20211129,29.522272234257365,0,Rodman,-81.80942232391648,2021-11-29,"{""type"":""MultiPoint"",""coordinates"":[]}"
6_1502_0,10,5,43,18,12,12,8,13,3,15,2,open_water,RO0122_20211129,29.514803279962404,0,Rodman,-81.81227550641891,2021-11-29,"{""type"":""MultiPoint"",""coordinates"":[]}"
6_1503_0,10,11,52,21,9,6,1,7,0,1,2,open_water,RO0123_20211129,29.512151667976028,0,Rodman,-81.83087467911587,2021-11-29,"{""type"":""MultiPoint"",""coordinates"":[]}"
6_1504_0,8,20,55,22,10,0,3,1,0,2,2,open_water,RO0124_20211129,29.507034982122537,0,Rodman,-81.81304765160073,2021-11-29,"{""type"":""MultiPoint"",""coordinates"":[]}"
6_1505_0,20,17,38,21,2,0,0,3,1,0,2,open_water,RO0125_20211129,29.50753919258008,0,Rodman,-81.81025882659836,2021-11-29,"{""type"":""MultiPoint"",""coordinates"":[]}"
6_1506_0,3,16,74,19,17,0,0,5,2,6,2,open_water,RO0126_20211129,29.511330027824677,0,Rodman,-81.81236117160014,2021-11-29,"{""type"":""MultiPoint"",""coordinates"":[]}"
6_1507_0,12,6,54,27,3,3,0,4,0,0,2,open_water,RO0127_20211129,29.51556887250447,0,Rodman,-81.80895022409725,2021-11-29,"{""type"":""MultiPoint"",""coordinates"":[]}"
6_1508_0,11,18,41,16,6,4,3,4,0,7,2,open_water,RO0128_20211129,29.51159145960532,0,Rodman,-81.8511733421308,2021-11-29,"{""type"":""MultiPoint"",""coordinates"":[]}"
6_1509_0,9,12,64,10,14,4,1,7,0,4,2,open_water,RO0129_20211129,29.510377663949274,0,Rodman,-81.84482340212543,2021-11-29,"{""type"":""MultiPoint"",""coordinates"":[]}"
6_1510_0,17,24,61,30,23,6,1,2,0,8,2,open_water,RO0130_20211129,29.516278441793762,0,Rodman,-81.89395864731114,2021-11-29,"{""type"":""MultiPoint"",""coordinates"":[]}"
6_1511_0,11,15,81,23,15,3,0,5,0,0,2,open_water,RO0131_20211129,29.51470991421738,0,Rodman,-81.89363685981087,2021-11-29,"{""type"":""MultiPoint"",""coordinates"":[]}"
6_1512_0,14,8,49,4,25,0,0,2,0,12,2,open_water,RO0132_20211129,29.516465169647848,0,Rodman,-81.89794881231452,2021-11-29,"{""type"":""MultiPoint"",""coordinates"":[]}"
6_1513_0,8,18,61,33,11,3,0,0,0,0,2,open_water,RO0133_20211129,29.5139256413132,0,Rodman,-81.90017987231641,2021-11-29,"{""type"":""MultiPoint"",""coordinates"":[]}"
6_1514_0,7,10,77,12,18,2,0,0,0,0,2,open_water,RO0134_20211129,29.513328095973847,0,Rodman,-81.89591082481282,2021-11-29,"{""type"":""MultiPoint"",""coordinates"":[]}"
6_1515_0,12,18,40,7,15,0,0,0,0,0,2,open_water,RO0135_20211129,29.511479417740787,0,Rodman,-81.8953316073123,2021-11-29,"{""type"":""MultiPoint"",""coordinates"":[]}"
6_1516_0,13,21,64,27,12,0,0,0,0,0,2,open_water,RO0136_20211129,29.510527055170964,0,Rodman,-81.89820624231473,2021-11-29,"{""type"":""MultiPoint"",""coordinates"":[]}"
6_1517_0,6,9,58,30,11,11,0,0,0,0,2,open_water,RO0137_20211129,29.511404722894458,0,Rodman,-81.90215546771644,2021-11-29,"{""type"":""MultiPoint"",""coordinates"":[]}"
6_1518_0,24,8,100,35,19,6,0,10,0,4,2,open_water,RO0138_20211129,29.508304840930165,0,Rodman,-81.9082479777216,2021-11-29,"{""type"":""MultiPoint"",""coordinates"":[]}"
6_1519_0,10,10,45,23,12,10,0,2,0,0,2,open_water,RO0139_20211129,29.51500868318236,0,Rodman,-81.87808576269603,2021-11-29,"{""type"":""MultiPoint"",""coordinates"":[]}"
6_1520_0,8,4,61,17,14,1,0,0,0,0,2,open_water,RO0140_20211129,29.513197382393958,0,Rodman,-81.88059570519816,2021-11-29,"{""type"":""MultiPoint"",""coordinates"":[]}"
7_1521_0,1144,497,400,885,418,1572,3556,3959,3972,4009,3,floating_plants,RO0001_20221005,29.50770726234814,1,Rodman,-81.88413127656932,2022-10-05,"{""type"":""MultiPoint"",""coordinates"":[]}"
7_1522_0,1151,529,490,1082,524,1731,3571,3944,3868,4034,3,floating_plants,RO0002_20221005,29.508099423650176,1,Rodman,-81.88303719906838,2022-10-05,"{""type"":""MultiPoint"",""coordinates"":[]}"
7_1523_0,1052,500,483,1092,510,1667,3394,3728,3764,3747,3,floating_plants,RO0003_20221005,29.50865965144644,1,Rodman,-81.8819860265675,2022-10-05,"{""type"":""MultiPoint"",""coordinates"":[]}"
7_1524_0,1167,539,490,1114,512,1668,3673,3908,4040,4046,3,floating_plants,RO0004_20221005,29.50959335755072,1,Rodman,-81.88243652906787,2022-10-05,"{""type"":""MultiPoint"",""coordinates"":[]}"
7_1525_0,1173,519,489,1082,502,1652,3701,4144,4164,4159,3,floating_plants,RO0005_20221005,29.510657772004638,1,Rodman,-81.88290848406828,2022-10-05,"{""type"":""MultiPoint"",""coordinates"":[]}"
7_1526_0,1265,559,520,1170,548,1825,4030,4473,4616,4529,3,floating_plants,RO0006_20221005,29.510919205421562,1,Rodman,-81.8815140715671,2022-10-05,"{""type"":""MultiPoint"",""coordinates"":[]}"
7_1527_0,1244,546,522,1162,556,1821,3811,4127,4172,4247,3,floating_plants,RO0007_20221005,29.51006020737334,1,Rodman,-81.88087049656653,2022-10-05,"{""type"":""MultiPoint"",""coordinates"":[]}"
7_1528_0,1191,529,496,1124,503,1690,3744,4171,4308,4286,3,floating_plants,RO0008_20221005,29.511124616918337,1,Rodman,-81.8798836815657,2022-10-05,"{""type"":""MultiPoint"",""coordinates"":[]}"
7_1529_0,360,157,169,246,129,516,906,935,806,927,3,floating_plants,RO0009_20221005,29.510508381177516,1,Rodman,-81.87926155906518,2022-10-05,"{""type"":""MultiPoint"",""coordinates"":[]}"
7_1530_0,1063,479,456,990,454,1520,3262,3544,3656,3631,3,floating_plants,RO0010_20221005,29.511386049129552,1,Rodman,-81.87827474406433,2022-10-05,"{""type"":""MultiPoint"",""coordinates"":[]}"
7_1531_0,1105,503,478,1054,485,1609,3486,3835,3940,3812,3,floating_plants,RO0011_20221005,29.511852890684434,1,Rodman,-81.87692323656321,2022-10-05,"{""type"":""MultiPoint"",""coordinates"":[]}"
7_1532_0,1000,459,466,1000,482,1450,3072,3420,3660,3418,3,floating_plants,RO0012_20221005,29.512767893886288,1,Rodman,-81.87514267906168,2022-10-05,"{""type"":""MultiPoint"",""coordinates"":[]}"
7_1533_0,383,187,229,401,186,588,1122,1260,1178,1231,3,floating_plants,RO0013_20221005,29.51465389479776,1,Rodman,-81.87391988656066,2022-10-05,"{""type"":""MultiPoint"",""coordinates"":[]}"
7_1534_0,480,226,331,648,324,779,1576,1774,2204,1764,3,floating_plants,RO0014_20221005,29.515251432309768,1,Rodman,-81.87374826656051,2022-10-05,"{""type"":""MultiPoint"",""coordinates"":[]}"
7_1535_0,872,391,442,976,474,1315,2674,2925,3412,2873,3,floating_plants,RO0015_20221005,29.50735244796788,1,Rodman,-81.88361730099813,2022-10-05,"{""type"":""MultiPoint"",""coordinates"":[]}"
7_1536_0,146,66,121,148,86,228,391,425,372,439,3,floating_plants,RO0016_20221005,29.508809044537173,1,Rodman,-81.88998869350354,2022-10-05,"{""type"":""MultiPoint"",""coordinates"":[]}"
7_1537_0,121,58,119,116,76,147,282,323,348,286,3,floating_plants,RO0017_20221005,29.508174120404124,1,Rodman,-81.88917349850284,2022-10-05,"{""type"":""MultiPoint"",""coordinates"":[]}"
7_1538_0,167,71,126,189,123,293,461,483,513,460,3,floating_plants,RO0018_20221005,29.50737112241549,1,Rodman,-81.88771472850162,2022-10-05,"{""type"":""MultiPoint"",""coordinates"":[]}"
7_1539_0,174,77,98,150,72,214,357,429,333,484,3,floating_plants,RO0019_20221005,29.507147028816807,1,Rodman,-81.88561238349983,2022-10-05,"{""type"":""MultiPoint"",""coordinates"":[]}"
7_1540_0,204,86,202,322,142,297,583,689,858,659,3,floating_plants,RO0020_20221005,29.508174120404124,1,Rodman,-81.88702824850104,2022-10-05,"{""type"":""MultiPoint"",""coordinates"":[]}"
7_1541_0,479,225,312,601,287,780,1635,1995,2022,1911,3,floating_plants,RO0021_20221005,29.507968702920245,1,Rodman,-81.88501171349931,2022-10-05,"{""type"":""MultiPoint"",""coordinates"":[]}"
7_1542_0,153,69,184,332,156,209,417,456,932,504,3,floating_plants,RO0022_20221005,29.51299197535604,1,Rodman,-81.88037554260795,2022-10-05,"{""type"":""MultiPoint"",""coordinates"":[]}"
7_1543_0,560,275,232,407,202,893,1795,1856,1300,1821,3,floating_plants,RO0023_20221005,29.512357077459207,1,Rodman,-81.88174850260911,2022-10-05,"{""type"":""MultiPoint"",""coordinates"":[]}"
7_1544_0,297,145,186,334,182,518,889,1017,1086,1040,3,floating_plants,RO0024_20221005,29.514093700490143,1,Rodman,-81.87938872760711,2022-10-05,"{""type"":""MultiPoint"",""coordinates"":[]}"
7_1545_0,162,76,156,214,114,259,441,542,706,484,3,floating_plants,RO0025_20221005,29.515139394608834,1,Rodman,-81.87880951010662,2022-10-05,"{""type"":""MultiPoint"",""coordinates"":[]}"
7_1546_0,174,80,166,216,103,260,523,623,622,562,3,floating_plants,RO0026_20221005,29.515438162372607,1,Rodman,-81.87756526510556,2022-10-05,"{""type"":""MultiPoint"",""coordinates"":[]}"
7_1547_0,481,205,305,608,272,810,1417,1396,1804,1441,3,floating_plants,RO0027_20221005,29.52137598870775,1,Rodman,-81.85705667508817,2022-10-05,"{""type"":""MultiPoint"",""coordinates"":[]}"
7_1548_0,191,92,208,282,153,341,577,642,742,625,3,floating_plants,RO0028_20221005,29.520834503260247,1,Rodman,-81.85800058508897,2022-10-05,"{""type"":""MultiPoint"",""coordinates"":[]}"
7_1549_0,399,182,240,380,202,608,1210,1312,1322,1460,3,floating_plants,RO0029_20221005,29.519956917243167,1,Rodman,-81.85967388009038,2022-10-05,"{""type"":""MultiPoint"",""coordinates"":[]}"
7_1550_0,274,134,172,265,141,412,710,849,776,821,3,floating_plants,RO0030_20221005,29.519041979036277,1,Rodman,-81.86089667259142,2022-10-05,"{""type"":""MultiPoint"",""coordinates"":[]}"
7_1551_0,227,116,170,250,134,376,715,807,704,708,3,floating_plants,RO0031_20221005,29.518668532492836,1,Rodman,-81.86241980009274,2022-10-05,"{""type"":""MultiPoint"",""coordinates"":[]}"
7_1552_0,427,199,262,472,246,564,1182,1317,1472,1204,3,floating_plants,RO0032_20221005,29.51752951202327,1,Rodman,-81.86353533009365,2022-10-05,"{""type"":""MultiPoint"",""coordinates"":[]}"
7_1553_0,319,147,287,631,257,488,1041,1045,2586,1143,3,floating_plants,RO0033_20221005,29.517716237568987,1,Rodman,-81.86046762259106,2022-10-05,"{""type"":""MultiPoint"",""coordinates"":[]}"
7_1554_0,90,40,103,116,54,145,307,338,278,291,3,floating_plants,RO0034_20221005,29.517380131338605,1,Rodman,-81.85823656258916,2022-10-05,"{""type"":""MultiPoint"",""coordinates"":[]}"
7_1555_0,109,42,144,166,86,206,295,312,424,356,3,floating_plants,RO0035_20221005,29.51898596214263,1,Rodman,-81.85782896508881,2022-10-05,"{""type"":""MultiPoint"",""coordinates"":[]}"
7_1556_0,86,50,121,175,83,146,259,300,388,285,3,floating_plants,RO0036_20221005,29.517902962770155,1,Rodman,-81.85744282008851,2022-10-05,"{""type"":""MultiPoint"",""coordinates"":[]}"
7_1557_0,62,32,112,73,43,96,222,259,154,217,3,floating_plants,RO0037_20221005,29.516427824290453,1,Rodman,-81.85718539008829,2022-10-05,"{""type"":""MultiPoint"",""coordinates"":[]}"
7_1558_0,137,65,128,137,91,209,369,457,628,459,3,floating_plants,RO0038_20221005,29.51612905944829,1,Rodman,-81.85868706508954,2022-10-05,"{""type"":""MultiPoint"",""coordinates"":[]}"
7_1559_0,62,25,108,90,63,107,139,154,171,160,3,floating_plants,RO0039_20221005,29.51704402399193,1,Rodman,-81.85512595008653,2022-10-05,"{""type"":""MultiPoint"",""coordinates"":[]}"
7_1560_0,126,59,142,198,98,210,435,449,514,417,3,floating_plants,RO0040_20221005,29.517902962770155,1,Rodman,-81.85471835258618,2022-10-05,"{""type"":""MultiPoint"",""coordinates"":[]}"
7_1561_0,98,57,154,210,96,204,389,365,502,335,3,floating_plants,RO0041_20221005,29.518612515392427,1,Rodman,-81.85310941508482,2022-10-05,"{""type"":""MultiPoint"",""coordinates"":[]}"
7_1562_0,141,62,130,150,68,272,441,458,322,460,3,floating_plants,RO0042_20221005,29.519751523671946,1,Rodman,-81.85184371758375,2022-10-05,"{""type"":""MultiPoint"",""coordinates"":[]}"
7_1563_0,63,39,127,119,63,80,159,174,228,151,3,floating_plants,RO0043_20221005,29.514896645151364,1,Rodman,-81.8513288575833,2022-10-05,"{""type"":""MultiPoint"",""coordinates"":[]}"
7_1564_0,127,53,151,208,112,237,380,416,609,459,3,floating_plants,RO0044_20221005,29.514765933663845,1,Rodman,-81.85017042258231,2022-10-05,"{""type"":""MultiPoint"",""coordinates"":[]}"
7_1565_0,84,41,128,126,81,112,184,264,308,274,3,floating_plants,RO0045_20221005,29.514616548900005,1,Rodman,-81.8482611500807,2022-10-05,"{""type"":""MultiPoint"",""coordinates"":[]}"
7_1566_0,384,180,138,207,125,547,1040,1310,642,1390,3,floating_plants,RO0046_20221005,29.518556498261027,1,Rodman,-81.8678472825973,2022-10-05,"{""type"":""MultiPoint"",""coordinates"":[]}"
7_1567_0,270,119,265,457,232,494,818,883,1454,1006,3,floating_plants,RO0047_20221005,29.517660219941444,1,Rodman,-81.86975655509895,2022-10-05,"{""type"":""MultiPoint"",""coordinates"":[]}"
7_1568_0,308,152,176,237,138,556,944,1051,770,1166,3,floating_plants,RO0048_20221005,29.517062696651607,1,Rodman,-81.87179454260067,2022-10-05,"{""type"":""MultiPoint"",""coordinates"":[]}"
7_1569_0,306,151,250,426,220,492,1096,1205,1498,1041,3,floating_plants,RO0049_20221005,29.515830293724093,1,Rodman,-81.8758276126041,2022-10-05,"{""type"":""MultiPoint"",""coordinates"":[]}"
7_1570_0,77,28,102,61,42,99,127,189,126,183,3,floating_plants,RO0050_20221005,29.51459787578902,1,Rodman,-81.87732928760535,2022-10-05,"{""type"":""MultiPoint"",""coordinates"":[]}"
7_1571_0,137,73,124,173,90,190,315,371,511,381,3,floating_plants,RO0051_20221005,29.515083375554955,1,Rodman,-81.87589197010413,2022-10-05,"{""type"":""MultiPoint"",""coordinates"":[]}"
7_1572_0,541,251,263,479,235,876,1643,1752,1516,1897,3,floating_plants,RO0052_20221005,29.51414972009182,1,Rodman,-81.87597778010422,2022-10-05,"{""type"":""MultiPoint"",""coordinates"":[]}"
7_1573_0,538,244,344,666,332,856,1716,1748,2232,1743,3,floating_plants,RO0053_20221005,29.51521408663246,1,Rodman,-81.87458336760304,2022-10-05,"{""type"":""MultiPoint"",""coordinates"":[]}"
7_1574_0,579,271,348,698,321,867,1827,2036,2408,1979,3,floating_plants,RO0054_20221005,29.51633446037201,1,Rodman,-81.87383253010242,2022-10-05,"{""type"":""MultiPoint"",""coordinates"":[]}"
7_1575_0,668,316,418,786,396,1085,2136,2333,2746,2354,3,floating_plants,RO0055_20221005,29.515531527117915,1,Rodman,-81.87059320259964,2022-10-05,"{""type"":""MultiPoint"",""coordinates"":[]}"
7_1576_0,526,257,287,516,263,791,1732,1809,1660,1663,3,floating_plants,RO0056_20221005,29.51594233097402,1,Rodman,-81.86767566259718,2022-10-05,"{""type"":""MultiPoint"",""coordinates"":[]}"
7_1577_0,762,353,360,752,364,1129,2383,2520,2578,2509,3,floating_plants,RO0057_20221005,29.51594233097402,1,Rodman,-81.86649577509618,2022-10-05,"{""type"":""MultiPoint"",""coordinates"":[]}"
7_1578_0,704,339,413,897,426,1180,2384,2491,3050,2439,3,floating_plants,RO0058_20221005,29.515195413631726,1,Rodman,-81.866281250096,2022-10-05,"{""type"":""MultiPoint"",""coordinates"":[]}"
7_1579_0,1053,482,458,976,460,1551,3393,3711,3508,3686,3,floating_plants,RO0059_20221005,29.514485837050767,1,Rodman,-81.86668884759634,2022-10-05,"{""type"":""MultiPoint"",""coordinates"":[]}"
7_1580_0,1183,535,485,1084,546,1767,3568,3847,3840,3993,3,floating_plants,RO0060_20221005,29.513794928757523,1,Rodman,-81.86861957259796,2022-10-05,"{""type"":""MultiPoint"",""coordinates"":[]}"
7_1581_0,1178,528,479,1098,514,1708,3690,4035,4232,4052,3,floating_plants,RO0061_20221005,29.51330942281101,1,Rodman,-81.87007834259921,2022-10-05,"{""type"":""MultiPoint"",""coordinates"":[]}"
7_1582_0,1228,534,530,1120,527,1741,3814,4229,4236,4258,3,floating_plants,RO0062_20221005,29.5130106487633,1,Rodman,-81.87140839760033,2022-10-05,"{""type"":""MultiPoint"",""coordinates"":[]}"
7_1583_0,867,396,402,870,410,1301,2695,3040,3034,3073,3,floating_plants,RO0063_20221005,29.514131046894704,1,Rodman,-81.87110806260009,2022-10-05,"{""type"":""MultiPoint"",""coordinates"":[]}"
7_1584_0,1165,518,503,1092,507,1700,3636,4006,4092,4091,3,floating_plants,RO0064_20221005,29.51297330194532,1,Rodman,-81.87265264260141,2022-10-05,"{""type"":""MultiPoint"",""coordinates"":[]}"
7_1585_0,860,402,389,800,397,1250,2592,2821,2866,2849,3,floating_plants,RO0065_20221005,29.512562486038092,1,Rodman,-81.87376817260234,2022-10-05,"{""type"":""MultiPoint"",""coordinates"":[]}"
7_1586_0,895,415,489,1042,492,1345,2823,3133,3632,3078,3,floating_plants,RO0066_20221005,29.516670570075302,1,Rodman,-81.8644148825944,2022-10-05,"{""type"":""MultiPoint"",""coordinates"":[]}"
7_1587_0,591,275,315,626,314,962,1946,2033,1934,2015,3,floating_plants,RO0067_20221005,29.51900463444397,1,Rodman,-81.86177622509217,2022-10-05,"{""type"":""MultiPoint"",""coordinates"":[]}"
7_1588_0,151,69,145,201,118,287,577,561,537,553,3,floating_plants,RO0068_20221005,29.521338645345022,1,Rodman,-81.85469400370964,2022-10-05,"{""type"":""MultiPoint"",""coordinates"":[]}"
7_1589_0,596,308,443,970,457,1153,2467,2520,3284,2387,3,floating_plants,RO0069_20221005,29.521002551146402,1,Rodman,-81.84619881370243,2022-10-05,"{""type"":""MultiPoint"",""coordinates"":[]}"
7_1590_0,364,191,411,911,410,786,1615,1634,2730,1602,3,floating_plants,RO0070_20221005,29.520573095823543,1,Rodman,-81.84523345120162,2022-10-05,"{""type"":""MultiPoint"",""coordinates"":[]}"
7_1591_0,517,230,379,763,379,965,1789,1772,2416,1812,3,floating_plants,RO0071_20221005,29.52031168734329,1,Rodman,-81.84669222120284,2022-10-05,"{""type"":""MultiPoint"",""coordinates"":[]}"
7_1592_0,233,113,205,389,180,473,885,1034,1188,991,3,floating_plants,RO0072_20221005,29.52098387921375,1,Rodman,-81.84755032120358,2022-10-05,"{""type"":""MultiPoint"",""coordinates"":[]}"
7_1593_0,437,204,354,686,321,847,1586,1662,2204,1666,3,floating_plants,RO0073_20221005,29.5196768353654,1,Rodman,-81.84812953870406,2022-10-05,"{""type"":""MultiPoint"",""coordinates"":[]}"
7_1594_0,272,118,199,307,145,481,851,877,860,881,3,floating_plants,RO0074_20221005,29.519378080115224,1,Rodman,-81.84712127120322,2022-10-05,"{""type"":""MultiPoint"",""coordinates"":[]}"
7_1595_0,289,129,244,488,204,560,1082,1189,1300,1162,3,floating_plants,RO0075_20221005,29.51822039518965,1,Rodman,-81.84785065620383,2022-10-05,"{""type"":""MultiPoint"",""coordinates"":[]}"
7_1596_0,160,87,202,298,139,324,611,640,808,625,3,floating_plants,RO0076_20221005,29.519695507539264,1,Rodman,-81.85031769370592,2022-10-05,"{""type"":""MultiPoint"",""coordinates"":[]}"
7_1597_0,264,116,172,280,152,410,785,808,876,882,3,floating_plants,RO0077_20221005,29.514579203042803,1,Rodman,-81.85325668620843,2022-10-05,"{""type"":""MultiPoint"",""coordinates"":[]}"
7_1598_0,859,399,417,838,395,1471,3012,3163,3156,3161,3,floating_plants,RO0078_20221005,29.512693200188902,1,Rodman,-81.84892059688435,2022-10-05,"{""type"":""MultiPoint"",""coordinates"":[]}"
7_1599_0,737,354,338,672,315,1278,2648,2979,2554,2913,3,floating_plants,RO0079_20221005,29.513272075920916,1,Rodman,-81.84720439688289,2022-10-05,"{""type"":""MultiPoint"",""coordinates"":[]}"
7_1600_0,715,333,448,1028,444,1203,2798,3321,3848,3280,3,floating_plants,RO0080_20221005,29.51159145981045,1,Rodman,-81.84638920188222,2022-10-05,"{""type"":""MultiPoint"",""coordinates"":[]}"
7_1601_0,712,347,500,1166,505,1404,2850,2865,4352,2744,3,floating_plants,RO0081_20221005,29.511199312036236,1,Rodman,-81.84591724688181,2022-10-05,"{""type"":""MultiPoint"",""coordinates"":[]}"
7_1602_0,1138,517,512,1118,522,1734,3610,3893,4020,3857,3,floating_plants,RO0082_20221005,29.50981744586579,1,Rodman,-81.84209870187857,2022-10-05,"{""type"":""MultiPoint"",""coordinates"":[]}"
7_1603_0,912,421,399,865,437,1344,2682,2911,2854,2941,3,floating_plants,RO0083_20221005,29.510695119808464,1,Rodman,-81.84184127187834,2022-10-05,"{""type"":""MultiPoint"",""coordinates"":[]}"
7_1604_0,571,277,358,706,329,1012,2054,2123,2470,2099,3,floating_plants,RO0084_20221005,29.511423396664682,1,Rodman,-81.84207724937853,2022-10-05,"{""type"":""MultiPoint"",""coordinates"":[]}"
7_1605_0,562,278,328,748,312,907,2219,2359,2380,2307,3,floating_plants,RO0085_20221005,29.512375750801255,1,Rodman,-81.84220596437865,2022-10-05,"{""type"":""MultiPoint"",""coordinates"":[]}"
7_1606_0,276,138,358,658,302,441,1040,1385,2392,1237,3,floating_plants,RO0086_20221005,29.512805240911565,1,Rodman,-81.84398652188018,2022-10-05,"{""type"":""MultiPoint"",""coordinates"":[]}"
7_1607_0,511,243,426,840,407,954,1920,2232,2988,2140,3,floating_plants,RO0087_20221005,29.51299197517368,1,Rodman,-81.84568126938161,2022-10-05,"{""type"":""MultiPoint"",""coordinates"":[]}"
7_1608_0,159,89,91,201,113,260,492,661,628,609,3,floating_plants,RO0088_20221005,29.511498091430582,1,Rodman,-81.85254606938744,2022-10-05,"{""type"":""MultiPoint"",""coordinates"":[]}"
7_1609_0,304,148,192,400,175,471,902,988,1224,1010,3,floating_plants,RO0089_20221005,29.515736929072037,1,Rodman,-81.85608573189042,2022-10-05,"{""type"":""MultiPoint"",""coordinates"":[]}"
7_1610_0,233,102,208,340,155,442,834,874,1010,855,3,floating_plants,RO0090_20221005,29.516801278920518,1,Rodman,-81.85140908688646,2022-10-05,"{""type"":""MultiPoint"",""coordinates"":[]}"
7_1611_0,63,26,100,132,74,108,226,230,308,213,3,floating_plants,RO0091_20221005,29.513776255312607,1,Rodman,-81.83997490437677,2022-10-05,"{""type"":""MultiPoint"",""coordinates"":[]}"
7_1612_0,348,168,228,376,224,332,763,750,1838,827,3,floating_plants,RO0092_20221005,29.51739880375389,1,Rodman,-81.83737915187456,2022-10-05,"{""type"":""MultiPoint"",""coordinates"":[]}"
7_1613_0,37,24,117,54,31,60,112,152,55,116,3,floating_plants,RO0093_20221005,29.513346769322613,1,Rodman,-81.84136931687793,2022-10-05,"{""type"":""MultiPoint"",""coordinates"":[]}"
7_1614_0,53,17,119,128,75,108,173,213,268,205,3,floating_plants,RO0094_20221005,29.517865617575122,1,Rodman,-81.84671098938247,2022-10-05,"{""type"":""MultiPoint"",""coordinates"":[]}"
7_1615_0,174,82,136,191,97,306,532,575,440,568,3,floating_plants,RO0095_20221005,29.518799238757452,1,Rodman,-81.84473735938082,2022-10-05,"{""type"":""MultiPoint"",""coordinates"":[]}"
7_1616_0,143,57,172,169,91,238,489,492,436,450,3,floating_plants,RO0096_20221005,29.5195087850952,1,Rodman,-81.84443702438054,2022-10-05,"{""type"":""MultiPoint"",""coordinates"":[]}"
7_1617_0,123,65,136,150,68,228,393,387,386,356,3,floating_plants,RO0097_20221005,29.516073040759817,1,Rodman,-81.8549916543895,2022-10-05,"{""type"":""MultiPoint"",""coordinates"":[]}"
7_1618_0,127,61,120,153,77,279,451,494,285,492,3,floating_plants,RO0098_20221005,29.521039894950516,1,Rodman,-81.85140920067268,2022-10-05,"{""type"":""MultiPoint"",""coordinates"":[]}"
7_1619_0,84,40,138,147,78,143,289,325,342,255,3,floating_plants,RO0099_20221005,29.52146934829214,1,Rodman,-81.8527392556738,2022-10-05,"{""type"":""MultiPoint"",""coordinates"":[]}"
7_1620_0,113,58,106,146,92,153,410,470,437,358,3,floating_plants,RO0100_20221005,29.516427824115116,1,Rodman,-81.8619883140328,2022-10-05,"{""type"":""MultiPoint"",""coordinates"":[]}"
7_1621_0,137,74,178,205,116,177,556,693,846,547,3,floating_plants,RO0101_20221005,29.516147732101402,1,Rodman,-81.86087278403186,2022-10-05,"{""type"":""MultiPoint"",""coordinates"":[]}"
7_1622_0,86,44,118,119,74,139,178,220,248,191,3,floating_plants,RO0102_20221005,29.518164377297637,1,Rodman,-81.86567814403594,2022-10-05,"{""type"":""MultiPoint"",""coordinates"":[]}"
7_1623_0,251,125,204,318,173,410,642,761,1005,836,3,floating_plants,RO0103_20221005,29.519135340590065,1,Rodman,-81.86692331484306,2022-10-05,"{""type"":""MultiPoint"",""coordinates"":[]}"
7_1624_0,57,18,126,118,66,86,113,118,208,120,3,floating_plants,RO0104_20221005,29.519751523805173,1,Rodman,-81.8649496848414,2022-10-05,"{""type"":""MultiPoint"",""coordinates"":[]}"
7_1625_0,40,19,121,117,64,98,141,169,177,164,3,floating_plants,RO0105_20221005,29.523261829812483,1,Rodman,-81.85810500293354,2022-10-05,"{""type"":""MultiPoint"",""coordinates"":[]}"
7_1626_0,25,19,105,74,56,68,78,86,114,64,3,floating_plants,RO0106_20221005,29.52438211445017,1,Rodman,-81.85962813043486,2022-10-05,"{""type"":""MultiPoint"",""coordinates"":[]}"
7_1627_0,24,12,103,73,28,56,86,90,73,74,3,floating_plants,RO0107_20221005,29.528022954326538,1,Rodman,-81.84383491136387,2022-10-05,"{""type"":""MultiPoint"",""coordinates"":[]}"
7_1628_0,23,9,104,48,37,65,75,77,91,68,3,floating_plants,RO0108_20221005,29.52867642445057,1,Rodman,-81.8445642963645,2022-10-05,"{""type"":""MultiPoint"",""coordinates"":[]}"
7_1629_0,33,15,119,91,59,83,103,129,175,103,3,floating_plants,RO0109_20221005,29.530431437603607,1,Rodman,-81.84518641886503,2022-10-05,"{""type"":""MultiPoint"",""coordinates"":[]}"
7_1630_0,27,14,111,88,47,73,107,117,106,76,3,floating_plants,RO0110_20221005,29.529833989736172,1,Rodman,-81.84507915636493,2022-10-05,"{""type"":""MultiPoint"",""coordinates"":[]}"
7_1631_0,23,15,119,106,51,56,85,107,200,77,3,floating_plants,RO0111_20221005,29.529124515810036,1,Rodman,-81.84600161386571,2022-10-05,"{""type"":""MultiPoint"",""coordinates"":[]}"
7_1632_0,13,13,114,83,49,53,46,97,146,54,3,floating_plants,RO0112_20221005,29.52843370746875,1,Rodman,-81.84793233886735,2022-10-05,"{""type"":""MultiPoint"",""coordinates"":[]}"
7_1633_0,21,9,104,67,32,58,57,94,78,93,3,floating_plants,RO0113_20221005,29.525815126960325,1,Rodman,-81.82855981554538,2022-10-05,"{""type"":""MultiPoint"",""coordinates"":[]}"
7_1634_0,58,30,185,238,91,109,268,205,790,215,3,floating_plants,RO0114_20221005,29.52214153286989,1,Rodman,-81.81939458144338,2022-10-05,"{""type"":""MultiPoint"",""coordinates"":[]}"
7_1635_0,16,19,104,60,40,55,57,59,89,72,3,floating_plants,RO0115_20221005,29.52163739515372,1,Rodman,-81.81497536643961,2022-10-05,"{""type"":""MultiPoint"",""coordinates"":[]}"
7_1636_0,106,53,113,126,60,123,204,305,256,285,3,floating_plants,RO0116_20221005,29.524382114560623,1,Rodman,-81.80291904591309,2022-10-05,"{""type"":""MultiPoint"",""coordinates"":[]}"
7_1637_0,58,40,122,117,68,80,170,164,264,130,3,floating_plants,RO0117_20221005,29.5253343467491,1,Rodman,-81.80429200591425,2022-10-05,"{""type"":""MultiPoint"",""coordinates"":[]}"
7_1638_0,69,35,118,111,62,122,174,161,304,162,3,floating_plants,RO0118_20221005,29.523504559313807,1,Rodman,-81.80390586091393,2022-10-05,"{""type"":""MultiPoint"",""coordinates"":[]}"
7_1639_0,761,352,438,969,442,1167,2247,2291,3188,2236,3,floating_plants,RO0119_20221005,29.524176729972357,1,Rodman,-81.80203949341234,2022-10-05,"{""type"":""MultiPoint"",""coordinates"":[]}"
7_1640_0,1278,575,540,1214,555,1867,4065,4401,4604,4440,3,floating_plants,RO0120_20221005,29.51090053137595,1,Rodman,-81.805191779955,2022-10-05,"{""type"":""MultiPoint"",""coordinates"":[]}"
7_1641_0,1349,605,528,1198,543,1894,4093,4497,4552,4585,3,floating_plants,RO0121_20221005,29.510284294270974,1,Rodman,-81.80381881995382,2022-10-05,"{""type"":""MultiPoint"",""coordinates"":[]}"
7_1642_0,1344,608,528,1198,580,1875,4135,4667,4892,4856,3,floating_plants,RO0122_20221005,29.509537335174816,1,Rodman,-81.8048485399547,2022-10-05,"{""type"":""MultiPoint"",""coordinates"":[]}"
7_1643_0,1240,549,506,1152,524,1813,3836,4228,4232,4246,3,floating_plants,RO0123_20221005,29.510172250757897,1,Rodman,-81.80701524245653,2022-10-05,"{""type"":""MultiPoint"",""coordinates"":[]}"
7_1644_0,1404,611,548,1262,566,1940,4407,4888,4996,4942,3,floating_plants,RO0124_20221005,29.508416886196187,1,Rodman,-81.80630730995593,2022-10-05,"{""type"":""MultiPoint"",""coordinates"":[]}"
7_1645_0,1318,589,540,1232,550,1917,4145,4573,4632,4556,3,floating_plants,RO0125_20221005,29.509350594539583,1,Rodman,-81.80832384495764,2022-10-05,"{""type"":""MultiPoint"",""coordinates"":[]}"
7_1646_0,1362,598,559,1248,562,1971,4262,4732,4852,4815,3,floating_plants,RO0126_20221005,29.507501843664482,1,Rodman,-81.80783043745723,2022-10-05,"{""type"":""MultiPoint"",""coordinates"":[]}"
7_1647_0,1345,599,574,1260,589,1971,4234,4717,4820,4792,3,floating_plants,RO0127_20221005,29.50843556044744,1,Rodman,-81.80761591245704,2022-10-05,"{""type"":""MultiPoint"",""coordinates"":[]}"
7_1648_0,1263,570,540,1214,547,1856,3908,4251,4408,4291,3,floating_plants,RO0128_20221005,29.508678325400425,1,Rodman,-81.81001859245907,2022-10-05,"{""type"":""MultiPoint"",""coordinates"":[]}"
7_1649_0,1340,598,550,1254,576,1937,4022,4436,4588,4482,3,floating_plants,RO0129_20221005,29.50653076907498,1,Rodman,-81.80922484995843,2022-10-05,"{""type"":""MultiPoint"",""coordinates"":[]}"
7_1650_0,1294,572,538,1236,542,1881,4081,4477,4696,4537,3,floating_plants,RO0130_20221005,29.50755786691433,1,Rodman,-81.81070507245967,2022-10-05,"{""type"":""MultiPoint"",""coordinates"":[]}"
7_1651_0,1315,592,548,1260,564,1943,4056,4425,4632,4535,3,floating_plants,RO0131_20221005,29.506344022893778,1,Rodman,-81.81034037995936,2022-10-05,"{""type"":""MultiPoint"",""coordinates"":[]}"
7_1652_0,1273,572,498,1176,542,1878,3832,4145,4260,4233,3,floating_plants,RO0132_20221005,29.505111489458947,1,Rodman,-81.81115557496005,2022-10-05,"{""type"":""MultiPoint"",""coordinates"":[]}"
7_1653_0,1009,487,484,1086,524,1687,3343,3666,3980,3623,3,floating_plants,RO0133_20221005,29.506213300361974,1,Rodman,-81.812271104961,2022-10-05,"{""type"":""MultiPoint"",""coordinates"":[]}"
7_1654_0,1268,572,517,1204,548,1883,3926,4261,4252,4289,3,floating_plants,RO0134_20221005,29.50677353859557,1,Rodman,-81.81126283746015,2022-10-05,"{""type"":""MultiPoint"",""coordinates"":[]}"
7_1655_0,1293,622,525,1174,556,1840,3618,3980,4216,4023,3,floating_plants,RO0135_20221005,29.50432714218831,1,Rodman,-81.81222819996094,2022-10-05,"{""type"":""MultiPoint"",""coordinates"":[]}"
7_1656_0,1185,572,531,1102,662,1672,3372,3672,3752,3756,3,floating_plants,RO0136_20221005,29.503524113416123,1,Rodman,-81.81403061338636,2022-10-05,"{""type"":""MultiPoint"",""coordinates"":[]}"
7_1657_0,722,351,428,961,439,1298,2532,2620,3200,2704,3,floating_plants,RO0137_20221005,29.504700641374583,1,Rodman,-81.81394480338629,2022-10-05,"{""type"":""MultiPoint"",""coordinates"":[]}"
7_1658_0,1165,526,497,1156,542,1806,4019,4515,4736,4647,3,floating_plants,RO0138_20221005,29.50479401602381,1,Rodman,-81.81898614089057,2022-10-05,"{""type"":""MultiPoint"",""coordinates"":[]}"
7_1659_0,1416,674,540,1208,584,1973,4430,5038,5088,4995,3,floating_plants,RO0139_20221005,29.506605467179217,1,Rodman,-81.82209675339321,2022-10-05,"{""type"":""MultiPoint"",""coordinates"":[]}"
7_1660_0,773,356,376,744,362,1318,2679,2829,2822,2930,3,floating_plants,RO0140_20221005,29.509481312748605,1,Rodman,-81.82014457589155,2022-10-05,"{""type"":""MultiPoint"",""coordinates"":[]}"
7_1661_0,876,405,421,947,427,1331,2782,2949,3408,2956,3,floating_plants,RO0141_20221005,29.50849158290879,1,Rodman,-81.82196803839311,2022-10-05,"{""type"":""MultiPoint"",""coordinates"":[]}"
7_1662_0,159,86,198,284,142,227,516,517,846,510,3,floating_plants,RO0142_20221005,29.509705401180206,1,Rodman,-81.82147463089268,2022-10-05,"{""type"":""MultiPoint"",""coordinates"":[]}"
7_1663_0,227,108,223,408,192,360,786,821,1500,901,3,floating_plants,RO0143_20221005,29.50750184339271,1,Rodman,-81.81915776089073,2022-10-05,"{""type"":""MultiPoint"",""coordinates"":[]}"
7_1664_0,412,220,332,607,300,827,1544,1596,2034,1549,3,floating_plants,RO0144_20221005,29.509014460256253,1,Rodman,-81.82334099839427,2022-10-05,"{""type"":""MultiPoint"",""coordinates"":[]}"
7_1665_0,974,459,467,964,485,1554,3095,3321,3364,3273,3,floating_plants,RO0145_20221005,29.508454234423485,1,Rodman,-81.82409183589489,2022-10-05,"{""type"":""MultiPoint"",""coordinates"":[]}"
7_1666_0,976,442,446,874,419,1458,3155,3362,3368,3350,3,floating_plants,RO0146_20221005,29.50905180853487,1,Rodman,-81.82512155589578,2022-10-05,"{""type"":""MultiPoint"",""coordinates"":[]}"
7_1667_0,524,254,361,698,350,895,1709,1869,2308,1788,3,floating_plants,RO0147_20221005,29.509966837195286,1,Rodman,-81.83231308793039,2022-10-05,"{""type"":""MultiPoint"",""coordinates"":[]}"
7_1668_0,1210,544,510,1132,528,1740,3710,4121,4168,4129,3,floating_plants,RO0148_20221005,29.509892141299453,1,Rodman,-81.83501610293267,2022-10-05,"{""type"":""MultiPoint"",""coordinates"":[]}"
7_1669_0,905,436,460,951,483,1368,2736,2978,3380,3043,3,floating_plants,RO0149_20221005,29.509705401318726,1,Rodman,-81.82937409542787,2022-10-05,"{""type"":""MultiPoint"",""coordinates"":[]}"
7_1670_0,934,426,445,955,470,1413,2801,3064,3372,3115,3,floating_plants,RO0150_20221005,29.50927589805575,1,Rodman,-81.82853744792718,2022-10-05,"{""type"":""MultiPoint"",""coordinates"":[]}"
7_1671_0,398,192,272,511,270,690,1460,1667,1632,1421,3,floating_plants,RO0151_20221005,29.50972407533233,1,Rodman,-81.82740046542621,2022-10-05,"{""type"":""MultiPoint"",""coordinates"":[]}"
7_1672_0,22,8,68,51,39,30,13,26,17,14,2,open_water,RO0152_20221005,29.519023307709684,0,Rodman,-81.86458430445164,2022-10-05,"{""type"":""MultiPoint"",""coordinates"":[]}"
7_1673_0,20,6,77,61,29,27,11,24,14,0,2,open_water,RO0153_20221005,29.519732852476263,0,Rodman,-81.863812014451,2022-10-05,"{""type"":""MultiPoint"",""coordinates"":[]}"
7_1674_0,14,4,86,52,36,23,12,23,9,0,2,open_water,RO0154_20221005,29.52066645643103,0,Rodman,-81.86265357945001,2022-10-05,"{""type"":""MultiPoint"",""coordinates"":[]}"
7_1675_0,18,9,103,53,27,32,8,18,13,18,2,open_water,RO0155_20221005,29.521637395406206,0,Rodman,-81.86364039445085,2022-10-05,"{""type"":""MultiPoint"",""coordinates"":[]}"
7_1676_0,12,8,89,33,32,28,6,16,3,0,2,open_water,RO0156_20221005,29.521786769806198,0,Rodman,-81.8620529094495,2022-10-05,"{""type"":""MultiPoint"",""coordinates"":[]}"
7_1677_0,10,12,96,41,26,35,15,26,16,17,2,open_water,RO0157_20221005,29.523952673824326,0,Rodman,-81.86136642944894,2022-10-05,"{""type"":""MultiPoint"",""coordinates"":[]}"
7_1678_0,23,11,97,47,39,35,29,38,22,45,2,open_water,RO0158_20221005,29.525184977828673,0,Rodman,-81.86102318944863,2022-10-05,"{""type"":""MultiPoint"",""coordinates"":[]}"
7_1679_0,8,5,86,54,33,33,35,44,36,33,2,open_water,RO0159_20221005,29.5244007861081,0,Rodman,-81.84793716443754,2022-10-05,"{""type"":""MultiPoint"",""coordinates"":[]}"
7_1680_0,10,10,106,56,41,43,46,50,43,43,2,open_water,RO0160_20221005,29.52357924540501,0,Rodman,-81.83987102443069,2022-10-05,"{""type"":""MultiPoint"",""coordinates"":[]}"
7_1681_0,9,5,108,50,27,30,35,44,45,30,2,open_water,RO0161_20221005,29.525819795245564,0,Rodman,-81.84570610443564,2022-10-05,"{""type"":""MultiPoint"",""coordinates"":[]}"
7_1682_0,14,12,112,53,27,28,25,36,29,29,2,open_water,RO0162_20221005,29.527089418128657,0,Rodman,-81.84995369943925,2022-10-05,"{""type"":""MultiPoint"",""coordinates"":[]}"
7_1683_0,13,4,95,56,25,31,28,39,29,20,2,open_water,RO0163_20221005,29.52637992495235,0,Rodman,-81.85265671444154,2022-10-05,"{""type"":""MultiPoint"",""coordinates"":[]}"
7_1684_0,7,8,91,61,37,30,29,36,25,32,2,open_water,RO0164_20221005,29.52503560844579,0,Rodman,-81.85437291444299,2022-10-05,"{""type"":""MultiPoint"",""coordinates"":[]}"
7_1685_0,7,7,106,54,34,33,26,39,23,13,2,open_water,RO0165_20221005,29.5308608509523,0,Rodman,-81.83798320442908,2022-10-05,"{""type"":""MultiPoint"",""coordinates"":[]}"
7_1686_0,2,0,96,54,46,32,36,33,25,17,2,open_water,RO0166_20221005,29.53018872470684,0,Rodman,-81.83583795442726,2022-10-05,"{""type"":""MultiPoint"",""coordinates"":[]}"
7_1687_0,12,8,83,45,25,25,0,13,5,0,2,open_water,RO0167_20221005,29.524550156428276,0,Rodman,-81.80666255440252,2022-10-05,"{""type"":""MultiPoint"",""coordinates"":[]}"
7_1688_0,13,13,75,28,27,23,0,10,6,0,2,open_water,RO0168_20221005,29.524176730214307,0,Rodman,-81.8051179744012,2022-10-05,"{""type"":""MultiPoint"",""coordinates"":[]}"
7_1689_0,11,11,105,42,33,31,9,20,4,0,2,open_water,RO0169_20221005,29.522757698030823,0,Rodman,-81.80661964940248,2022-10-05,"{""type"":""MultiPoint"",""coordinates"":[]}"
7_1690_0,5,10,80,36,25,14,8,19,9,7,2,open_water,RO0170_20221005,29.522384265200916,0,Rodman,-81.80953718940495,2022-10-05,"{""type"":""MultiPoint"",""coordinates"":[]}"
7_1691_0,11,6,97,44,26,29,22,24,10,14,2,open_water,RO0171_20221005,29.51603569622209,0,Rodman,-81.80880780440434,2022-10-05,"{""type"":""MultiPoint"",""coordinates"":[]}"
7_1692_0,5,4,74,29,15,25,8,18,11,0,2,open_water,RO0172_20221005,29.514131047862584,0,Rodman,-81.80880780440434,2022-10-05,"{""type"":""MultiPoint"",""coordinates"":[]}"
7_1693_0,2,7,76,48,27,17,21,17,13,8,2,open_water,RO0173_20221005,29.511666154964377,0,Rodman,-81.81408242991631,2022-10-05,"{""type"":""MultiPoint"",""coordinates"":[]}"
7_1694_0,11,15,82,24,20,17,9,14,7,13,2,open_water,RO0174_20221005,29.509873468346196,0,Rodman,-81.8128810899153,2022-10-05,"{""type"":""MultiPoint"",""coordinates"":[]}"
7_1695_0,12,6,84,29,29,24,13,25,15,0,2,open_water,RO0175_20221005,29.51230105719501,0,Rodman,-81.80850477991159,2022-10-05,"{""type"":""MultiPoint"",""coordinates"":[]}"
7_1696_0,14,15,86,31,13,24,28,31,23,19,2,open_water,RO0176_20221005,29.510769815623792,0,Rodman,-81.81017807491301,2022-10-05,"{""type"":""MultiPoint"",""coordinates"":[]}"
7_1697_0,17,18,77,30,20,15,0,6,6,0,2,open_water,RO0177_20221005,29.506661492092928,0,Rodman,-81.8169999699188,2022-10-05,"{""type"":""MultiPoint"",""coordinates"":[]}"
7_1698_0,11,11,89,40,33,12,10,16,8,7,2,open_water,RO0178_20221005,29.50942529173105,0,Rodman,-81.81451147991667,2022-10-05,"{""type"":""MultiPoint"",""coordinates"":[]}"
7_1699_0,15,19,80,31,18,14,0,9,3,0,2,open_water,RO0179_20221005,29.50610125323935,0,Rodman,-81.81528376991734,2022-10-05,"{""type"":""MultiPoint"",""coordinates"":[]}"
7_1700_0,10,4,82,45,28,30,17,32,18,13,2,open_water,RO0180_20221005,29.513906968590266,0,Rodman,-81.83313224993249,2022-10-05,"{""type"":""MultiPoint"",""coordinates"":[]}"
7_1701_0,5,7,111,44,29,28,17,24,18,7,2,open_water,RO0181_20221005,29.51342146318119,0,Rodman,-81.83038632993015,2022-10-05,"{""type"":""MultiPoint"",""coordinates"":[]}"
7_1702_0,11,8,80,45,36,25,23,27,7,23,2,open_water,RO0182_20221005,29.513981661523427,0,Rodman,-81.8520104499485,2022-10-05,"{""type"":""MultiPoint"",""coordinates"":[]}"
7_1703_0,22,11,98,42,46,24,16,20,13,0,2,open_water,RO0183_20221005,29.51062042496206,0,Rodman,-81.84518855494271,2022-10-05,"{""type"":""MultiPoint"",""coordinates"":[]}"
7_1704_0,9,4,96,55,35,30,26,36,28,19,2,open_water,RO0184_20221005,29.51618507825299,0,Rodman,-81.8442446449419,2022-10-05,"{""type"":""MultiPoint"",""coordinates"":[]}"
7_1705_0,10,7,91,53,41,28,24,40,27,27,2,open_water,RO0185_20221005,29.51577427538225,0,Rodman,-81.84188486993992,2022-10-05,"{""type"":""MultiPoint"",""coordinates"":[]}"
7_1706_0,17,13,86,56,25,29,29,36,22,23,2,open_water,RO0186_20221005,29.51579294782733,0,Rodman,-81.83553191459967,2022-10-05,"{""type"":""MultiPoint"",""coordinates"":[]}"
7_1707_0,11,18,96,45,37,36,19,31,29,18,2,open_water,RO0187_20221005,29.513384116065914,0,Rodman,-81.83503850709924,2022-10-05,"{""type"":""MultiPoint"",""coordinates"":[]}"
7_1708_0,7,12,92,52,29,27,27,39,26,23,2,open_water,RO0188_20221005,29.51588631224532,0,Rodman,-81.8337942620982,2022-10-05,"{""type"":""MultiPoint"",""coordinates"":[]}"
7_1709_0,11,4,90,44,31,28,17,26,18,13,2,open_water,RO0189_20221005,29.513738908840235,0,Rodman,-81.83184208459654,2022-10-05,"{""type"":""MultiPoint"",""coordinates"":[]}"
7_1710_0,7,16,115,62,34,38,45,48,40,35,2,open_water,RO0190_20221005,29.525203648610855,0,Rodman,-81.83287003573889,2022-10-05,"{""type"":""MultiPoint"",""coordinates"":[]}"
7_1711_0,11,21,91,66,37,32,46,58,37,35,2,open_water,RO0191_20221005,29.522253563009627,0,Rodman,-81.83317037073914,2022-10-05,"{""type"":""MultiPoint"",""coordinates"":[]}"
7_1712_0,11,13,102,57,44,31,33,34,25,21,2,open_water,RO0192_20221005,29.52888179991744,0,Rodman,-81.83001683772015,2022-10-05,"{""type"":""MultiPoint"",""coordinates"":[]}"
7_1713_0,9,6,101,45,37,35,31,35,25,22,2,open_water,RO0193_20221005,29.527630870239825,0,Rodman,-81.8304029827205,2022-10-05,"{""type"":""MultiPoint"",""coordinates"":[]}"
7_1714_0,12,9,102,62,41,29,18,35,18,14,2,open_water,RO0194_20221005,29.53248513774598,0,Rodman,-81.83499381772438,2022-10-05,"{""type"":""MultiPoint"",""coordinates"":[]}"
7_1715_0,33,25,110,56,37,36,57,68,49,40,2,open_water,RO0195_20221005,29.53452012712184,0,Rodman,-81.84143037974968,2022-10-05,"{""type"":""MultiPoint"",""coordinates"":[]}"
7_1716_0,10,10,100,57,38,35,35,33,26,12,2,open_water,RO0196_20221005,29.531794352741112,0,Rodman,-81.84057227974898,2022-10-05,"{""type"":""MultiPoint"",""coordinates"":[]}"
7_1717_0,14,18,86,54,32,25,20,28,18,10,2,open_water,RO0197_20221005,29.536499067968318,0,Rodman,-81.83525205974446,2022-10-05,"{""type"":""MultiPoint"",""coordinates"":[]}"
7_1718_0,19,11,101,46,48,32,19,26,14,6,2,open_water,RO0198_20221005,29.53446411879849,0,Rodman,-81.83458703224389,2022-10-05,"{""type"":""MultiPoint"",""coordinates"":[]}"
7_1719_0,1,4,97,48,31,34,42,48,36,30,2,open_water,RO0199_20221005,29.517156059750913,0,Rodman,-81.82907180020136,2022-10-05,"{""type"":""MultiPoint"",""coordinates"":[]}"
7_1720_0,14,13,90,46,27,28,19,26,16,9,2,open_water,RO0200_20221005,29.511535438827934,0,Rodman,-81.83239693770419,2022-10-05,"{""type"":""MultiPoint"",""coordinates"":[]}"
7_1721_0,9,9,91,61,24,25,19,29,21,8,2,open_water,RO0201_20221005,29.513216055868543,0,Rodman,-81.83769570520867,2022-10-05,"{""type"":""MultiPoint"",""coordinates"":[]}"
7_1722_0,14,12,107,65,39,32,6,5,8,0,2,open_water,RO0202_20221005,29.51286126078799,0,Rodman,-81.89679189273912,2022-10-05,"{""type"":""MultiPoint"",""coordinates"":[]}"
7_1723_0,15,0,93,48,42,25,0,22,0,0,2,open_water,RO0203_20221005,29.512506464937207,0,Rodman,-81.89522586023777,2022-10-05,"{""type"":""MultiPoint"",""coordinates"":[]}"
7_1724_0,26,21,83,54,33,32,2,11,6,1,2,open_water,RO0204_20221005,29.51112461661148,0,Rodman,-81.9005460802423,2022-10-05,"{""type"":""MultiPoint"",""coordinates"":[]}"
7_1725_0,27,23,87,48,41,31,0,31,9,22,2,open_water,RO0205_20221005,29.510209598555004,0,Rodman,-81.90299166524439,2022-10-05,"{""type"":""MultiPoint"",""coordinates"":[]}"
7_1726_0,10,13,101,47,41,31,8,41,2,28,2,open_water,RO0206_20221005,29.51314136189697,0,Rodman,-81.9012540127429,2022-10-05,"{""type"":""MultiPoint"",""coordinates"":[]}"
7_1727_0,19,8,98,57,46,27,13,0,0,16,2,open_water,RO0207_20221005,29.513253402123542,0,Rodman,-81.90039591274218,2022-10-05,"{""type"":""MultiPoint"",""coordinates"":[]}"
7_1728_0,32,23,79,49,38,36,1,28,22,22,2,open_water,RO0208_20221005,29.511330027691425,0,Rodman,-81.89022742773354,2022-10-05,"{""type"":""MultiPoint"",""coordinates"":[]}"
7_1729_0,20,12,76,40,39,29,7,23,4,16,2,open_water,RO0209_20221005,29.510975226473338,0,Rodman,-81.88838251273198,2022-10-05,"{""type"":""MultiPoint"",""coordinates"":[]}"
7_1730_0,15,10,94,59,29,33,27,47,21,24,2,open_water,RO0210_20221005,29.512973301324603,0,Rodman,-81.88786765273154,2022-10-05,"{""type"":""MultiPoint"",""coordinates"":[]}"
7_1731_0,18,18,97,39,44,28,18,22,13,12,2,open_water,RO0211_20221005,29.514859298408595,0,Rodman,-81.8925228452355,2022-10-05,"{""type"":""MultiPoint"",""coordinates"":[]}"
7_1732_0,19,13,87,41,45,29,17,0,13,1,2,open_water,RO0212_20221005,29.515718256109928,0,Rodman,-81.89790804339218,2022-10-05,"{""type"":""MultiPoint"",""coordinates"":[]}"
7_1733_0,27,11,93,59,30,33,19,31,26,20,2,open_water,RO0213_20221005,29.517865617517288,0,Rodman,-81.89707139589147,2022-10-05,"{""type"":""MultiPoint"",""coordinates"":[]}"
7_1734_0,21,17,111,62,43,38,26,43,21,17,2,open_water,RO0214_20221005,29.51792163503112,0,Rodman,-81.89479743088954,2022-10-05,"{""type"":""MultiPoint"",""coordinates"":[]}"
7_1735_0,13,7,99,64,40,29,5,21,12,2,2,open_water,RO0215_20221005,29.51609171354076,0,Rodman,-81.89428257088909,2022-10-05,"{""type"":""MultiPoint"",""coordinates"":[]}"
7_1736_0,29,19,96,48,38,29,19,23,13,30,2,open_water,RO0216_20221005,29.512861261168485,0,Rodman,-81.88467185088095,2022-10-05,"{""type"":""MultiPoint"",""coordinates"":[]}"
7_1737_0,36,18,101,56,37,36,26,21,19,38,2,open_water,RO0217_20221005,29.50783798264582,0,Rodman,-81.88087325846845,2022-10-05,"{""type"":""MultiPoint"",""coordinates"":[]}"
7_1738_0,14,18,105,40,38,40,0,4,3,0,2,open_water,RO0218_20221005,29.512207688521052,0,Rodman,-81.89904352598387,2022-10-05,"{""type"":""MultiPoint"",""coordinates"":[]}"
7_1739_0,53,28,115,72,50,56,22,24,36,41,2,open_water,RO0219_20221005,29.505354262060095,0,Rodman,-81.910911527171,2022-10-05,"{""type"":""MultiPoint"",""coordinates"":[]}"
7_1740_0,37,16,97,67,40,28,0,33,10,4,2,open_water,RO0220_20221005,29.500573395279716,0,Rodman,-81.91730549969442,2022-10-05,"{""type"":""MultiPoint"",""coordinates"":[]}"
7_1741_0,29,16,97,57,44,37,0,25,8,18,2,open_water,RO0221_20221005,29.500330610893187,0,Rodman,-81.91580382469314,2022-10-05,"{""type"":""MultiPoint"",""coordinates"":[]}"
7_1742_0,36,17,99,48,32,30,2,36,11,15,2,open_water,RO0222_20221005,29.49898594836734,0,Rodman,-81.91799197969499,2022-10-05,"{""type"":""MultiPoint"",""coordinates"":[]}"
7_1743_0,20,18,80,43,46,35,0,0,9,0,2,open_water,RO0223_20221005,29.499172708119158,0,Rodman,-81.91453812719207,2022-10-05,"{""type"":""MultiPoint"",""coordinates"":[]}"
7_1744_0,10,5,88,45,42,40,0,2,0,0,2,open_water,RO0224_20221005,29.498929920374625,0,Rodman,-81.91601834969333,2022-10-05,"{""type"":""MultiPoint"",""coordinates"":[]}"
7_1745_0,16,25,86,53,48,36,0,19,0,2,2,open_water,RO0225_20221005,29.497603915499926,0,Rodman,-81.91642594719369,2022-10-05,"{""type"":""MultiPoint"",""coordinates"":[]}"
7_1746_0,26,17,99,53,45,40,0,12,0,0,2,open_water,RO0226_20221005,29.495624213942882,0,Rodman,-81.91743421469454,2022-10-05,"{""type"":""MultiPoint"",""coordinates"":[]}"
7_1747_0,1297,616,308,628,370,1330,2856,3197,3112,3629,1,LEV,RO0227_20221005,29.49868713168155,0,Rodman,-81.91218707683701,2022-10-05,"{""type"":""MultiPoint"",""coordinates"":[]}"
7_1748_0,1416,687,378,904,523,1516,3341,3738,3768,4078,1,LEV,RO0228_20221005,29.50022789388024,0,Rodman,-81.91039579308548,2022-10-05,"{""type"":""MultiPoint"",""coordinates"":[]}"
7_1749_0,1262,539,478,1122,447,1695,4711,5286,5516,5323,1,LEV,RO0229_20221005,29.501563202157424,0,Rodman,-81.91300227183771,2022-10-05,"{""type"":""MultiPoint"",""coordinates"":[]}"
7_1750_0,1322,566,514,1244,498,1837,4860,5437,5312,5398,1,LEV,RO0230_20221005,29.50065743552676,0,Rodman,-81.913334785588,2022-10-05,"{""type"":""MultiPoint"",""coordinates"":[]}"
7_1751_0,1376,611,381,848,386,1344,3469,3920,4224,4196,1,LEV,RO0231_20221005,29.504308466199863,0,Rodman,-81.91509372508226,2022-10-05,"{""type"":""MultiPoint"",""coordinates"":[]}"
7_1752_0,1618,780,356,648,440,1161,3022,3491,3836,3775,1,LEV,RO0232_20221005,29.507399133697305,0,Rodman,-81.91347369928383,2022-10-05,"{""type"":""MultiPoint"",""coordinates"":[]}"
7_1753_0,1639,737,332,625,368,1134,3211,3748,4064,4039,1,LEV,RO0233_20221005,29.506390708876044,0,Rodman,-81.91226163303277,2022-10-05,"{""type"":""MultiPoint"",""coordinates"":[]}"
7_1754_0,1369,634,312,560,264,895,3018,3242,3200,3246,1,LEV,RO0234_20221005,29.507119016698933,0,Rodman,-81.9158120217858,2022-10-05,"{""type"":""MultiPoint"",""coordinates"":[]}"
7_1755_0,1268,595,365,680,336,1288,3201,3485,3144,3523,1,LEV,RO0235_20221005,29.504859377903532,0,Rodman,-81.91347369928383,2022-10-05,"{""type"":""MultiPoint"",""coordinates"":[]}"
7_1756_0,1637,807,340,730,425,1228,2984,3430,3936,3667,1,LEV,RO0236_20221005,29.505363599195924,0,Rodman,-81.91557604428559,2022-10-05,"{""type"":""MultiPoint"",""coordinates"":[]}"
7_1757_0,825,349,353,666,316,850,2230,2538,3648,2517,1,LEV,RO0237_20221005,29.508771695785825,0,Rodman,-81.91023437178107,2022-10-05,"{""type"":""MultiPoint"",""coordinates"":[]}"
7_1758_0,1398,636,350,764,316,1250,4175,5063,4596,5174,1,LEV,RO0238_20221005,29.508099422802342,0,Rodman,-81.9099125842808,2022-10-05,"{""type"":""MultiPoint"",""coordinates"":[]}"
7_1759_0,1323,666,324,556,350,1093,2609,2816,3086,3057,1,LEV,RO0239_20221005,29.511778195753372,0,Rodman,-81.90741214741286,2022-10-05,"{""type"":""MultiPoint"",""coordinates"":[]}"
7_1760_0,1617,983,365,502,604,885,1495,1745,1960,2094,1,LEV,RO0240_20221005,29.509966837151445,0,Rodman,-81.91094108366583,2022-10-05,"{""type"":""MultiPoint"",""coordinates"":[]}"
7_1761_0,1368,711,282,496,402,890,1754,1948,2106,2191,1,LEV,RO0241_20221005,29.51267452616197,0,Rodman,-81.90812007991346,2022-10-05,"{""type"":""MultiPoint"",""coordinates"":[]}"
7_1762_0,1332,606,306,658,372,1133,2922,3331,3412,3707,1,LEV,RO0242_20221005,29.515494180800555,0,Rodman,-81.90375332726494,2022-10-05,"{""type"":""MultiPoint"",""coordinates"":[]}"
7_1763_0,1395,671,334,700,378,1225,3274,3920,3840,4146,1,LEV,RO0243_20221005,29.516586542324553,0,Rodman,-81.90093232351254,2022-10-05,"{""type"":""MultiPoint"",""coordinates"":[]}"
7_1764_0,1431,654,326,724,333,1288,4055,4611,4308,4715,1,LEV,RO0244_20221005,29.514019007210074,0,Rodman,-81.90356025476478,2022-10-05,"{""type"":""MultiPoint"",""coordinates"":[]}"
7_1765_0,1409,671,322,662,411,1137,3373,4028,3684,4182,1,LEV,RO0245_20221005,29.5145698656865,0,Rodman,-81.90572695726662,2022-10-05,"{""type"":""MultiPoint"",""coordinates"":[]}"
7_1766_0,1389,702,380,668,497,1220,2505,2788,3100,3102,1,LEV,RO0246_20221005,29.51475659670264,0,Rodman,-81.88684586087408,2022-10-05,"{""type"":""MultiPoint"",""coordinates"":[]}"
7_1767_0,1483,706,373,670,439,1150,2890,3221,3488,3596,1,LEV,RO0247_20221005,29.515998349132538,0,Rodman,-81.88577323587315,2022-10-05,"{""type"":""MultiPoint"",""coordinates"":[]}"
7_1768_0,1291,640,409,796,546,1393,3124,3622,3416,3736,1,LEV,RO0248_20221005,29.515344797121234,0,Rodman,-81.88266262337052,2022-10-05,"{""type"":""MultiPoint"",""coordinates"":[]}"
7_1769_0,1399,674,333,724,376,1254,3418,4161,4012,4357,1,LEV,RO0249_20221005,29.516511851323465,0,Rodman,-81.88116094836924,2022-10-05,"{""type"":""MultiPoint"",""coordinates"":[]}"
7_1770_0,1160,510,221,416,242,673,1830,2193,2336,2448,1,LEV,RO0250_20221005,29.5196301545098,0,Rodman,-81.89280949554401,2022-10-05,"{""type"":""MultiPoint"",""coordinates"":[]}"
7_1771_0,706,360,275,496,289,786,1538,1675,1668,1636,1,LEV,RO0251_20221005,29.518323093175397,0,Rodman,-81.8859768742882,2022-10-05,"{""type"":""MultiPoint"",""coordinates"":[]}"
7_1772_0,1425,768,276,495,404,916,1728,1994,2248,2303,1,LEV,RO0252_20221005,29.51982621225383,0,Rodman,-81.88274827303546,2022-10-05,"{""type"":""MultiPoint"",""coordinates"":[]}"
7_1773_0,521,229,233,426,205,598,1259,1372,1604,1374,1,LEV,RO0253_20221005,29.519490113031534,0,Rodman,-81.87715989678073,2022-10-05,"{""type"":""MultiPoint"",""coordinates"":[]}"
7_1774_0,1226,616,330,602,470,983,1761,1998,2452,2279,1,LEV,RO0254_20221005,29.518071015118934,0,Rodman,-81.878650845532,2022-10-05,"{""type"":""MultiPoint"",""coordinates"":[]}"
7_1775_0,1312,551,239,374,216,610,1982,2452,2690,2742,1,LEV,RO0255_20221005,29.518621851363207,0,Rodman,-81.87159992881443,2022-10-05,"{""type"":""MultiPoint"",""coordinates"":[]}"
7_1776_0,412,186,181,335,164,501,989,1041,1042,982,1,LEV,RO0256_20221005,29.52057309545885,0,Rodman,-81.87406921618043,2022-10-05,"{""type"":""MultiPoint"",""coordinates"":[]}"
7_1777_0,1354,696,302,512,400,999,1710,1895,2128,2081,1,LEV,RO0257_20221005,29.518071015160153,0,Rodman,-81.87516329368135,2022-10-05,"{""type"":""MultiPoint"",""coordinates"":[]}"
7_1778_0,1226,480,142,294,155,544,1620,2286,2242,2648,1,LEV,RO0258_20221005,29.513328096163207,0,Rodman,-81.86701134367445,2022-10-05,"{""type"":""MultiPoint"",""coordinates"":[]}"
7_1779_0,1327,558,185,311,193,587,1891,2262,2374,2622,1,LEV,RO0259_20221005,29.514336451876993,0,Rodman,-81.85516956366439,2022-10-05,"{""type"":""MultiPoint"",""coordinates"":[]}"
7_1780_0,1335,577,233,352,217,624,1997,2536,2718,2840,1,LEV,RO0260_20221005,29.508435560270346,0,Rodman,-81.87883284007927,2022-10-05,"{""type"":""MultiPoint"",""coordinates"":[]}"
7_1781_0,1243,524,234,364,231,626,1914,2355,2708,2722,1,LEV,RO0261_20221005,29.50623197484261,0,Rodman,-81.88548311508492,2022-10-05,"{""type"":""MultiPoint"",""coordinates"":[]}"
7_1782_0,844,403,275,538,286,756,1676,1890,2138,1830,1,LEV,RO0262_20221005,29.50968672713162,0,Rodman,-81.8392411515369,2022-10-05,"{""type"":""MultiPoint"",""coordinates"":[]}"
7_1783_0,1500,663,308,526,390,917,2113,2593,2854,2884,1,LEV,RO0263_20221005,29.50865965089058,0,Rodman,-81.827570991527,2022-10-05,"{""type"":""MultiPoint"",""coordinates"":[]}"
7_1784_0,1473,567,228,370,218,669,2256,2790,3192,3210,1,LEV,RO0264_20221005,29.507539191966334,0,Rodman,-81.84476623057229,2022-10-05,"{""type"":""MultiPoint"",""coordinates"":[]}"
7_1785_0,2594,1682,1260,1650,2016,1707,2474,3002,3672,3381,1,LEV,RO0265_20221005,29.505849143236606,0,Rodman,-81.83578591808302,2022-10-05,"{""type"":""MultiPoint"",""coordinates"":[]}"
7_1786_0,1569,749,228,468,288,1133,2698,3235,2896,3423,1,LEV,RO0266_20221005,29.506456069880148,0,Rodman,-81.8202832542568,2022-10-05,"{""type"":""MultiPoint"",""coordinates"":[]}"
7_1787_0,1513,662,282,433,295,723,2026,2461,2888,2822,1,LEV,RO0267_20221005,29.50315060912618,0,Rodman,-81.81763387050452,2022-10-05,"{""type"":""MultiPoint"",""coordinates"":[]}"
7_1788_0,2893,2097,882,1050,1170,1502,2226,2455,2614,2753,1,LEV,RO0268_20221005,29.50276776630335,0,Rodman,-81.81297867800059,2022-10-05,"{""type"":""MultiPoint"",""coordinates"":[]}"
7_1789_0,1159,474,204,314,195,630,1733,2166,2304,2535,1,LEV,RO0269_20221005,29.507427145439564,0,Rodman,-81.79922570405341,2022-10-05,"{""type"":""MultiPoint"",""coordinates"":[]}"
7_1790_0,1291,612,209,358,241,739,1608,1792,2030,2236,1,LEV,RO0270_20221005,29.505036789470374,0,Rodman,-81.80609050405924,2022-10-05,"{""type"":""MultiPoint"",""coordinates"":[]}"
7_1791_0,1340,552,189,263,184,657,2065,2589,2688,2933,1,LEV,RO0271_20221005,29.50262770174774,0,Rodman,-81.80935128406202,2022-10-05,"{""type"":""MultiPoint"",""coordinates"":[]}"
7_1792_0,1337,666,230,377,308,862,1910,2149,2082,2411,1,LEV,RO0272_20221005,29.496483334197148,0,Rodman,-81.80491017175757,2022-10-05,"{""type"":""MultiPoint"",""coordinates"":[]}"
7_1793_0,1234,701,294,463,383,862,1382,1634,1758,1832,1,LEV,RO0273_20221005,29.51967683526021,0,Rodman,-81.80559846199347,2022-10-05,"{""type"":""MultiPoint"",""coordinates"":[]}"
7_1794_0,1155,478,238,387,220,662,1731,2120,2260,2425,1,LEV,RO0274_20221005,29.515643564961618,0,Rodman,-81.80446147949252,2022-10-05,"{""type"":""MultiPoint"",""coordinates"":[]}"
7_1795_0,1135,501,202,380,213,691,1812,2156,2250,2477,1,LEV,RO0275_20221005,29.51278656739449,0,Rodman,-81.8006195631398,2022-10-05,"{""type"":""MultiPoint"",""coordinates"":[]}"
7_1796_0,988,500,166,259,154,548,1404,1643,1814,1819,1,LEV,RO0276_20221005,29.52662264688841,0,Rodman,-81.80070690925386,2022-10-05,"{""type"":""MultiPoint"",""coordinates"":[]}"
7_1797_0,1020,443,223,401,233,601,1636,1972,2302,2224,1,LEV,RO0277_20221005,29.529721967768197,0,Rodman,-81.80259472925547,2022-10-05,"{""type"":""MultiPoint"",""coordinates"":[]}"
7_1798_0,1414,594,237,403,254,666,2149,2675,2678,3021,1,LEV,RO0278_20221005,29.528078966116947,0,Rodman,-81.81342824176464,2022-10-05,"{""type"":""MultiPoint"",""coordinates"":[]}"
7_1799_0,1468,657,258,377,247,709,1940,2393,2566,2720,1,LEV,RO0279_20221005,29.53056212875425,0,Rodman,-81.81638868676717,2022-10-05,"{""type"":""MultiPoint"",""coordinates"":[]}"
7_1800_0,1217,492,230,429,199,640,2026,2596,3100,3008,1,LEV,RO0280_20221005,29.53396004238568,0,Rodman,-81.83051038486731,2022-10-05,"{""type"":""MultiPoint"",""coordinates"":[]}"
7_1801_0,3581,2540,1162,1382,1642,1939,2588,2738,3176,3127,1,LEV,RO0281_20221005,29.53287720330693,0,Rodman,-81.824246254862,2022-10-05,"{""type"":""MultiPoint"",""coordinates"":[]}"
7_1802_0,1093,413,196,346,177,626,2202,2668,2924,2997,1,LEV,RO0282_20221005,29.52996468204973,0,Rodman,-81.82405318236184,2022-10-05,"{""type"":""MultiPoint"",""coordinates"":[]}"
7_1803_0,1218,636,294,479,366,863,1518,1883,1902,1970,1,LEV,RO0283_20221005,29.544657123737455,0,Rodman,-81.83943794019159,2022-10-05,"{""type"":""MultiPoint"",""coordinates"":[]}"
7_1804_0,1177,617,340,582,396,887,1653,1921,2498,1991,1,LEV,RO0284_20221005,29.547009209465504,0,Rodman,-81.83963101269177,2022-10-05,"{""type"":""MultiPoint"",""coordinates"":[]}"
7_1805_0,1510,730,345,668,384,1158,3074,3583,3880,3718,1,LEV,RO0285_20221005,29.548427901378236,0,Rodman,-81.8432135801948,2022-10-05,"{""type"":""MultiPoint"",""coordinates"":[]}"
7_1806_0,1535,813,325,419,402,846,1543,1796,2024,2106,1,LEV,RO0286_20221005,29.54307036832421,0,Rodman,-81.83422498268718,2022-10-05,"{""type"":""MultiPoint"",""coordinates"":[]}"
7_1807_0,1266,638,262,372,331,661,1563,1903,1842,2118,1,LEV,RO0287_20221005,29.538627320118234,0,Rodman,-81.84194768098178,2022-10-05,"{""type"":""MultiPoint"",""coordinates"":[]}"
7_1808_0,1459,820,292,428,366,749,1485,1733,1860,2006,1,LEV,RO0288_20221005,29.540550175632323,0,Rodman,-81.8520947134904,2022-10-05,"{""type"":""MultiPoint"",""coordinates"":[]}"
7_1809_0,1006,411,208,391,195,613,1775,2101,2380,2373,1,LEV,RO0289_20221005,29.533250598008955,0,Rodman,-81.85027125098885,2022-10-05,"{""type"":""MultiPoint"",""coordinates"":[]}"
7_1810_0,3063,2210,458,554,568,1427,2049,2411,2098,2786,1,LEV,RO0290_20221005,29.54064351810683,0,Rodman,-81.8231790450508,2022-10-05,"{""type"":""MultiPoint"",""coordinates"":[]}"
7_1811_0,3845,2700,632,870,1154,1529,1840,2147,2432,2604,1,LEV,RO0291_20221005,29.541912954903093,0,Rodman,-81.81065078504015,2022-10-05,"{""type"":""MultiPoint"",""coordinates"":[]}"
7_1812_0,4813,4664,1318,1500,1854,2218,2455,2728,2814,3088,1,LEV,RO0292_20221005,29.547326550528982,0,Rodman,-81.79666375502829,2022-10-05,"{""type"":""MultiPoint"",""coordinates"":[]}"
7_1813_0,1448,649,235,417,238,738,2000,2482,2644,2767,1,LEV,RO0293_20221005,29.549603907564613,0,Rodman,-81.80571671003597,2022-10-05,"{""type"":""MultiPoint"",""coordinates"":[]}"
7_1814_0,2310,1246,340,610,486,1123,2350,2816,3212,3206,1,LEV,RO0294_20221005,29.5507985665093,0,Rodman,-81.86334319374376,2022-10-05,"{""type"":""MultiPoint"",""coordinates"":[]}"
7_1815_0,2239,1146,404,670,573,1200,2522,2940,3272,3274,1,LEV,RO0295_20221005,29.552627860091448,0,Rodman,-81.87385491875268,2022-10-05,"{""type"":""MultiPoint"",""coordinates"":[]}"
7_1816_0,1167,541,250,434,258,763,1904,2191,2364,2426,1,LEV,RO0296_20221005,29.543742409670184,0,Rodman,-81.88041938375827,2022-10-05,"{""type"":""MultiPoint"",""coordinates"":[]}"
7_1817_0,2376,1627,544,781,866,1418,2090,2361,2674,2599,1,LEV,RO0297_20221005,29.538701996070465,0,Rodman,-81.88642608376335,2022-10-05,"{""type"":""MultiPoint"",""coordinates"":[]}"
7_1818_0,1089,477,241,449,249,726,1873,2253,2452,2503,1,LEV,RO0298_20221005,29.538627321387402,0,Rodman,-81.87145223875063,2022-10-05,"{""type"":""MultiPoint"",""coordinates"":[]}"
7_1819_0,1082,484,236,395,240,666,1891,2240,2452,2503,1,LEV,RO0299_20221005,29.521151926669457,0,Rodman,-81.89994974446238,2022-10-05,"{""type"":""MultiPoint"",""coordinates"":[]}"
7_1820_0,2122,1144,360,558,427,1050,2388,2781,3108,3105,1,LEV,RO0300_20221005,29.51973285206246,0,Rodman,-81.91355062947393,2022-10-05,"{""type"":""MultiPoint"",""coordinates"":[]}"
7_1821_0,1334,629,246,449,301,861,1713,1974,2132,2153,1,LEV,RO0301_20221005,29.512338404204918,0,Rodman,-81.92015868219686,2022-10-05,"{""type"":""MultiPoint"",""coordinates"":[]}"
8_1822_0,918,451,476,1078,571,1529,2847,3229,3564,3359,3,floating_plants,RO0001_20231015,29.5159236580112,1,Rodman,-81.87998950104965,2023-10-15,"{""type"":""MultiPoint"",""coordinates"":[]}"
8_1823_0,1345,599,511,1288,620,2067,4238,4574,4640,4672,3,floating_plants,RO0002_20231015,29.515587545827305,1,Rodman,-81.88153408105094,2023-10-15,"{""type"":""MultiPoint"",""coordinates"":[]}"
8_1824_0,1005,465,281,656,391,1652,3094,3189,2452,3329,3,floating_plants,RO0003_20231015,29.51536347041791,1,Rodman,-81.8808905060504,2023-10-15,"{""type"":""MultiPoint"",""coordinates"":[]}"
8_1825_0,954,424,474,1138,622,1516,2873,3108,3984,3171,3,floating_plants,RO0004_20231015,29.51655853353512,1,Rodman,-81.88056871855012,2023-10-15,"{""type"":""MultiPoint"",""coordinates"":[]}"
8_1826_0,1208,570,522,1230,612,1980,4001,4326,4576,4515,3,floating_plants,RO0005_20231015,29.516950660545533,1,Rodman,-81.88125519855072,2023-10-15,"{""type"":""MultiPoint"",""coordinates"":[]}"
8_1827_0,1137,532,508,1166,670,2015,3852,3766,4096,4088,3,floating_plants,RO0006_20231015,29.514075027186237,1,Rodman,-81.88273542105196,2023-10-15,"{""type"":""MultiPoint"",""coordinates"":[]}"
8_1828_0,161,79,161,393,193,239,505,478,1286,564,3,floating_plants,RO0007_20231015,29.51607304084574,1,Rodman,-81.8786594460485,2023-10-15,"{""type"":""MultiPoint"",""coordinates"":[]}"
8_1829_0,122,54,89,169,93,194,322,393,476,301,3,floating_plants,RO0008_20231015,29.515998349456016,1,Rodman,-81.87711486604721,2023-10-15,"{""type"":""MultiPoint"",""coordinates"":[]}"
8_1830_0,167,89,174,365,199,256,501,596,1028,595,3,floating_plants,RO0009_20231015,29.515736929157963,1,Rodman,-81.87597788354624,2023-10-15,"{""type"":""MultiPoint"",""coordinates"":[]}"
8_1831_0,165,81,87,122,93,336,624,614,354,577,3,floating_plants,RO0010_20231015,29.514149719995384,1,Rodman,-81.87715777104724,2023-10-15,"{""type"":""MultiPoint"",""coordinates"":[]}"
8_1832_0,363,207,222,382,298,564,1189,1170,1272,1209,3,floating_plants,RO0011_20231015,29.513720235590146,1,Rodman,-81.87248112604327,2023-10-15,"{""type"":""MultiPoint"",""coordinates"":[]}"
8_1833_0,119,55,109,181,122,227,406,338,588,384,3,floating_plants,RO0012_20231015,29.515027356373622,1,Rodman,-81.87413296854467,2023-10-15,"{""type"":""MultiPoint"",""coordinates"":[]}"
8_1834_0,245,109,198,366,159,315,779,981,1814,844,3,floating_plants,RO0013_20231015,29.515232759533326,1,Rodman,-81.87230950604312,2023-10-15,"{""type"":""MultiPoint"",""coordinates"":[]}"
8_1835_0,241,115,176,452,229,238,649,904,1668,788,3,floating_plants,RO0014_20231015,29.51487797199562,1,Rodman,-81.86872693854008,2023-10-15,"{""type"":""MultiPoint"",""coordinates"":[]}"
8_1836_0,188,103,105,194,116,149,386,540,908,739,3,floating_plants,RO0015_20231015,29.515027356373622,1,Rodman,-81.86741833603898,2023-10-15,"{""type"":""MultiPoint"",""coordinates"":[]}"
8_1837_0,1186,543,451,1116,506,1872,3812,4267,4256,4205,3,floating_plants,RO0016_20231015,29.514448490680685,1,Rodman,-81.86432917603635,2023-10-15,"{""type"":""MultiPoint"",""coordinates"":[]}"
8_1838_0,832,381,449,1146,511,1436,3069,3315,4216,3215,3,floating_plants,RO0017_20231015,29.514915318110774,1,Rodman,-81.86362124353576,2023-10-15,"{""type"":""MultiPoint"",""coordinates"":[]}"
8_1839_0,979,464,532,1304,717,1736,3317,3573,4400,3390,3,floating_plants,RO0018_20231015,29.51465389501521,1,Rodman,-81.86261297603491,2023-10-15,"{""type"":""MultiPoint"",""coordinates"":[]}"
8_1840_0,359,184,358,839,399,736,1584,1728,3120,1372,3,floating_plants,RO0019_20231015,29.516297114684093,1,Rodman,-81.85731420853038,2023-10-15,"{""type"":""MultiPoint"",""coordinates"":[]}"
8_1841_0,475,214,271,660,330,623,1775,1628,2964,1710,3,floating_plants,RO0020_20231015,29.515531527021484,1,Rodman,-81.85845119103136,2023-10-15,"{""type"":""MultiPoint"",""coordinates"":[]}"
8_1842_0,177,95,188,402,196,300,604,620,1418,527,3,floating_plants,RO0021_20231015,29.516763933587217,1,Rodman,-81.86102549103356,2023-10-15,"{""type"":""MultiPoint"",""coordinates"":[]}"
8_1843_0,262,120,288,636,315,279,980,1356,2818,962,3,floating_plants,RO0022_20231015,29.517361458641094,1,Rodman,-81.86113275353364,2023-10-15,"{""type"":""MultiPoint"",""coordinates"":[]}"
8_1844_0,385,224,237,504,328,609,1127,1420,2468,1907,3,floating_plants,RO0023_20231015,29.51657720628439,1,Rodman,-81.86325655103545,2023-10-15,"{""type"":""MultiPoint"",""coordinates"":[]}"
8_1845_0,123,58,76,140,72,192,312,325,417,327,3,floating_plants,RO0024_20231015,29.513776255398533,1,Rodman,-81.87657855354672,2023-10-15,"{""type"":""MultiPoint"",""coordinates"":[]}"
8_1846_0,111,53,126,217,128,182,305,314,585,434,3,floating_plants,RO0025_20231015,29.513421462755094,1,Rodman,-81.87552738104586,2023-10-15,"{""type"":""MultiPoint"",""coordinates"":[]}"
8_1847_0,51,33,62,134,71,66,108,84,245,87,3,floating_plants,RO0026_20231015,29.512842587877454,1,Rodman,-81.87393989604449,2023-10-15,"{""type"":""MultiPoint"",""coordinates"":[]}"
8_1848_0,94,46,79,143,95,132,243,273,454,212,3,floating_plants,RO0027_20231015,29.513813601920237,1,Rodman,-81.87091509354194,2023-10-15,"{""type"":""MultiPoint"",""coordinates"":[]}"
8_1849_0,147,74,98,197,86,195,391,542,795,465,3,floating_plants,RO0028_20231015,29.514187066379282,1,Rodman,-81.8695635860408,2023-10-15,"{""type"":""MultiPoint"",""coordinates"":[]}"
8_1850_0,102,64,54,137,80,164,287,294,401,436,3,floating_plants,RO0029_20231015,29.513813601920237,1,Rodman,-81.86838369853979,2023-10-15,"{""type"":""MultiPoint"",""coordinates"":[]}"
8_1851_0,308,138,259,700,301,534,1098,1229,3256,1379,3,floating_plants,RO0030_20231015,29.514168393189063,1,Rodman,-81.85364583102731,2023-10-15,"{""type"":""MultiPoint"",""coordinates"":[]}"
8_1852_0,307,154,170,278,158,473,1334,1365,1158,1202,3,floating_plants,RO0031_20231015,29.5159236580112,1,Rodman,-81.85201544102591,2023-10-15,"{""type"":""MultiPoint"",""coordinates"":[]}"
8_1853_0,169,86,141,325,150,267,527,558,1122,746,3,floating_plants,RO0032_20231015,29.51724942296223,1,Rodman,-81.855662366029,2023-10-15,"{""type"":""MultiPoint"",""coordinates"":[]}"
8_1854_0,186,113,131,280,190,276,404,534,1326,664,3,floating_plants,RO0033_20231015,29.517566857063525,1,Rodman,-81.85971688853243,2023-10-15,"{""type"":""MultiPoint"",""coordinates"":[]}"
8_1855_0,159,84,148,287,165,194,597,533,1282,632,3,floating_plants,RO0034_20231015,29.517604202186448,1,Rodman,-81.85892314603177,2023-10-15,"{""type"":""MultiPoint"",""coordinates"":[]}"
8_1856_0,54,33,88,101,61,78,119,144,158,147,3,floating_plants,RO0035_20231015,29.519303390700266,1,Rodman,-81.86409319853615,2023-10-15,"{""type"":""MultiPoint"",""coordinates"":[]}"
8_1857_0,85,40,61,80,68,130,203,168,231,224,3,floating_plants,RO0036_20231015,29.519191357171334,1,Rodman,-81.86297766853521,2023-10-15,"{""type"":""MultiPoint"",""coordinates"":[]}"
8_1858_0,50,30,85,149,78,89,164,124,358,125,3,floating_plants,RO0037_20231015,29.518855255840382,1,Rodman,-81.86154035103398,2023-10-15,"{""type"":""MultiPoint"",""coordinates"":[]}"
8_1859_0,82,52,75,142,84,113,184,221,357,242,3,floating_plants,RO0038_20231015,29.509985511169397,1,Rodman,-81.88469080525623,2023-10-15,"{""type"":""MultiPoint"",""coordinates"":[]}"
8_1860_0,106,61,70,120,69,151,217,305,280,316,3,floating_plants,RO0039_20231015,29.50959335717371,1,Rodman,-81.88363963275532,2023-10-15,"{""type"":""MultiPoint"",""coordinates"":[]}"
8_1861_0,60,39,49,71,55,69,123,127,156,140,3,floating_plants,RO0040_20231015,29.50921987576544,1,Rodman,-81.88276008025456,2023-10-15,"{""type"":""MultiPoint"",""coordinates"":[]}"
8_1862_0,64,35,52,60,53,59,102,115,145,100,3,floating_plants,RO0041_20231015,29.508790370442483,1,Rodman,-81.88218086275407,2023-10-15,"{""type"":""MultiPoint"",""coordinates"":[]}"
8_1863_0,111,59,41,64,68,137,271,325,167,337,3,floating_plants,RO0042_20231015,29.50830484049176,1,Rodman,-81.88153728775353,2023-10-15,"{""type"":""MultiPoint"",""coordinates"":[]}"
8_1864_0,79,54,59,81,69,112,163,196,221,187,3,floating_plants,RO0043_20231015,29.50770726197113,1,Rodman,-81.8810224277531,2023-10-15,"{""type"":""MultiPoint"",""coordinates"":[]}"
8_1865_0,492,206,377,1002,397,725,1986,1826,4120,1749,3,floating_plants,RO0044_20231015,29.503673514125207,1,Rodman,-81.91219890991664,2023-10-15,"{""type"":""MultiPoint"",""coordinates"":[]}"
8_1866_0,1231,542,462,1204,550,1874,4121,4465,4500,4473,3,floating_plants,RO0045_20231015,29.49136585642122,1,Rodman,-81.91352877872212,2023-10-15,"{""type"":""MultiPoint"",""coordinates"":[]}"
8_1867_0,1298,555,471,1218,560,1752,3999,4400,4676,4484,3,floating_plants,RO0046_20231015,29.49310283949336,1,Rodman,-81.91307827622174,2023-10-15,"{""type"":""MultiPoint"",""coordinates"":[]}"
8_1868_0,1231,552,470,1194,514,1850,4213,4596,4664,4607,3,floating_plants,RO0047_20231015,29.495736273147873,1,Rodman,-81.91367894622225,2023-10-15,"{""type"":""MultiPoint"",""coordinates"":[]}"
8_1869_0,1296,561,491,1234,536,1941,4457,4853,4820,4826,3,floating_plants,RO0048_20231015,29.49816420096102,1,Rodman,-81.91249905872125,2023-10-15,"{""type"":""MultiPoint"",""coordinates"":[]}"
8_1870_0,1092,433,518,1362,602,1982,4483,4829,5004,5029,3,floating_plants,RO0049_20231015,29.494596994650365,1,Rodman,-81.91588855372413,2023-10-15,"{""type"":""MultiPoint"",""coordinates"":[]}"
8_1871_0,1055,472,440,1162,516,1665,3565,4019,4184,3829,3,floating_plants,RO0050_20231015,29.484828555681585,1,Rodman,-81.91146920941785,2023-10-15,"{""type"":""MultiPoint"",""coordinates"":[]}"
8_1872_0,1243,524,534,1406,628,2061,4284,4538,4652,4606,3,floating_plants,RO0051_20231015,29.483819905674025,1,Rodman,-81.91479415038083,2023-10-15,"{""type"":""MultiPoint"",""coordinates"":[]}"
8_1873_0,1205,474,493,1316,526,1913,4569,5089,5324,5054,3,floating_plants,RO0052_20231015,29.483595759963862,1,Rodman,-81.91320666537949,2023-10-15,"{""type"":""MultiPoint"",""coordinates"":[]}"
8_1874_0,1059,434,475,1222,497,1739,4367,5031,5088,4930,3,floating_plants,RO0053_20231015,29.48064446187585,1,Rodman,-81.91365716787989,2023-10-15,"{""type"":""MultiPoint"",""coordinates"":[]}"
8_1875_0,1315,538,390,1004,436,1639,4463,5049,5128,5273,3,floating_plants,RO0054_20231015,29.480270873711245,1,Rodman,-81.90865873537564,2023-10-15,"{""type"":""MultiPoint"",""coordinates"":[]}"
8_1876_0,1348,608,450,1180,556,1827,3912,4342,4524,4512,3,floating_plants,RO0055_20231015,29.481746538938154,1,Rodman,-81.90910923787604,2023-10-15,"{""type"":""MultiPoint"",""coordinates"":[]}"
8_1877_0,602,277,400,982,442,1052,1998,2339,3062,2158,3,floating_plants,RO0056_20231015,29.510863183907432,1,Rodman,-81.83716293042527,2023-10-15,"{""type"":""MultiPoint"",""coordinates"":[]}"
8_1878_0,227,99,191,344,194,447,829,906,994,881,3,floating_plants,RO0057_20231015,29.51202095299262,1,Rodman,-81.83907220292689,2023-10-15,"{""type"":""MultiPoint"",""coordinates"":[]}"
8_1879_0,858,399,414,985,439,1632,3033,3135,3312,3266,3,floating_plants,RO0058_20231015,29.510695119552466,1,Rodman,-81.83250773792133,2023-10-15,"{""type"":""MultiPoint"",""coordinates"":[]}"
8_1880_0,483,207,414,964,426,985,1829,1972,3164,1885,3,floating_plants,RO0059_20231015,29.51095655287293,1,Rodman,-81.83175690042069,2023-10-15,"{""type"":""MultiPoint"",""coordinates"":[]}"
8_1881_0,984,465,456,1078,502,1852,3532,3592,3684,3830,3,floating_plants,RO0060_20231015,29.50963070549126,1,Rodman,-81.82851757291793,2023-10-15,"{""type"":""MultiPoint"",""coordinates"":[]}"
8_1882_0,736,349,421,1088,483,1344,2535,2818,3564,2687,3,floating_plants,RO0061_20231015,29.50944396502826,1,Rodman,-81.82759511541714,2023-10-15,"{""type"":""MultiPoint"",""coordinates"":[]}"
8_1883_0,415,173,336,810,421,686,1880,1836,2744,1456,3,floating_plants,RO0062_20231015,29.509910815539865,1,Rodman,-81.82697299291662,2023-10-15,"{""type"":""MultiPoint"",""coordinates"":[]}"
8_1884_0,216,106,174,311,123,414,654,712,750,862,3,floating_plants,RO0063_20231015,29.51144207010533,1,Rodman,-81.8349533229234,2023-10-15,"{""type"":""MultiPoint"",""coordinates"":[]}"
8_1885_0,218,103,201,362,190,405,1078,900,1360,923,3,floating_plants,RO0064_20231015,29.517016014759278,1,Rodman,-81.84889780222414,2023-10-15,"{""type"":""MultiPoint"",""coordinates"":[]}"
8_1886_0,201,87,234,420,231,295,821,1015,1758,788,3,floating_plants,RO0065_20231015,29.51794964384653,1,Rodman,-81.85677173864379,2023-10-15,"{""type"":""MultiPoint"",""coordinates"":[]}"
8_1887_0,254,123,238,521,302,531,1102,932,1968,1042,3,floating_plants,RO0066_20231015,29.517053360152115,1,Rodman,-81.8579838048948,2023-10-15,"{""type"":""MultiPoint"",""coordinates"":[]}"
8_1888_0,83,44,49,112,64,193,308,283,280,341,3,floating_plants,RO0067_20231015,29.515876975756544,1,Rodman,-81.84806202363639,2023-10-15,"{""type"":""MultiPoint"",""coordinates"":[]}"
8_1889_0,102,60,148,243,158,227,373,595,964,467,3,floating_plants,RO0068_20231015,29.515961003666852,1,Rodman,-81.84659252738516,2023-10-15,"{""type"":""MultiPoint"",""coordinates"":[]}"
8_1890_0,170,85,166,311,150,385,610,598,1044,621,3,floating_plants,RO0069_20231015,29.511003237075283,1,Rodman,-81.8421920029795,2023-10-15,"{""type"":""MultiPoint"",""coordinates"":[]}"
8_1891_0,125,59,79,166,95,177,302,363,337,448,3,floating_plants,RO0070_20231015,29.512058299913882,1,Rodman,-81.84299647173019,2023-10-15,"{""type"":""MultiPoint"",""coordinates"":[]}"
8_1892_0,83,53,73,84,75,110,166,185,219,244,3,floating_plants,RO0071_20231015,29.50892108989922,1,Rodman,-81.84359892351948,2023-10-15,"{""type"":""MultiPoint"",""coordinates"":[]}"
8_1893_0,255,99,124,306,125,170,682,759,939,579,3,floating_plants,RO0072_20231015,29.508678325389887,1,Rodman,-81.81632723598784,2023-10-15,"{""type"":""MultiPoint"",""coordinates"":[]}"
8_1894_0,245,105,156,391,192,369,752,631,1192,668,3,floating_plants,RO0073_20231015,29.50949998706479,1,Rodman,-81.81679919098825,2023-10-15,"{""type"":""MultiPoint"",""coordinates"":[]}"
8_1895_0,754,337,402,951,436,1436,2690,2924,3212,2970,3,floating_plants,RO0074_20231015,29.510751140896602,1,Rodman,-81.81664902348811,2023-10-15,"{""type"":""MultiPoint"",""coordinates"":[]}"
8_1896_0,272,141,147,196,122,391,695,703,916,845,3,floating_plants,RO0075_20231015,29.510825836158592,1,Rodman,-81.81551204098714,2023-10-15,"{""type"":""MultiPoint"",""coordinates"":[]}"
8_1897_0,287,134,184,409,198,439,833,724,1298,892,3,floating_plants,RO0076_20231015,29.51028429426044,1,Rodman,-81.81360276848552,2023-10-15,"{""type"":""MultiPoint"",""coordinates"":[]}"
8_1898_0,211,83,67,92,53,248,512,541,218,509,3,floating_plants,RO0077_20231015,29.51133002773524,1,Rodman,-81.81364567348554,2023-10-15,"{""type"":""MultiPoint"",""coordinates"":[]}"
8_1899_0,417,196,367,891,429,724,1598,1683,2940,1581,3,floating_plants,RO0078_20231015,29.511834216800548,1,Rodman,-81.81147897098371,2023-10-15,"{""type"":""MultiPoint"",""coordinates"":[]}"
8_1900_0,181,77,164,219,141,327,802,504,644,666,3,floating_plants,RO0079_20231015,29.511498091036067,1,Rodman,-81.81059941848297,2023-10-15,"{""type"":""MultiPoint"",""coordinates"":[]}"
8_1901_0,539,268,254,575,245,1061,1875,2391,1856,2171,3,floating_plants,RO0080_20231015,29.511049921613807,1,Rodman,-81.80939807848195,2023-10-15,"{""type"":""MultiPoint"",""coordinates"":[]}"
8_1902_0,422,206,351,838,396,812,1517,2011,2814,1682,3,floating_plants,RO0081_20231015,29.51101257407239,1,Rodman,-81.80851852598121,2023-10-15,"{""type"":""MultiPoint"",""coordinates"":[]}"
8_1903_0,464,217,378,903,430,833,1812,1835,2888,1743,3,floating_plants,RO0082_20231015,29.510583076355612,1,Rodman,-81.82160455099232,2023-10-15,"{""type"":""MultiPoint"",""coordinates"":[]}"
8_1904_0,119,62,70,121,56,275,346,476,226,499,3,floating_plants,RO0083_20231015,29.511031247844826,1,Rodman,-81.82293460599344,2023-10-15,"{""type"":""MultiPoint"",""coordinates"":[]}"
8_1905_0,138,58,123,220,121,301,435,674,524,590,3,floating_plants,RO0084_20231015,29.511946258474016,1,Rodman,-81.8276112509974,2023-10-15,"{""type"":""MultiPoint"",""coordinates"":[]}"
8_1906_0,86,43,110,192,97,208,360,313,366,351,3,floating_plants,RO0085_20231015,29.51437379760809,1,Rodman,-81.82542309082345,2023-10-15,"{""type"":""MultiPoint"",""coordinates"":[]}"
8_1907_0,107,36,93,121,62,155,346,344,349,275,3,floating_plants,RO0086_20231015,29.513421462271143,1,Rodman,-81.82396432082221,2023-10-15,"{""type"":""MultiPoint"",""coordinates"":[]}"
8_1908_0,44,36,74,75,53,103,147,165,119,172,3,floating_plants,RO0087_20231015,29.513272075522888,1,Rodman,-81.82231247832081,2023-10-15,"{""type"":""MultiPoint"",""coordinates"":[]}"
8_1909_0,77,61,104,170,97,206,302,299,428,362,3,floating_plants,RO0088_20231015,29.51202095285059,1,Rodman,-81.81978108331866,2023-10-15,"{""type"":""MultiPoint"",""coordinates"":[]}"
8_1910_0,32,15,90,66,31,45,64,58,60,51,3,floating_plants,RO0089_20231015,29.511871564035335,1,Rodman,-81.81821505081733,2023-10-15,"{""type"":""MultiPoint"",""coordinates"":[]}"
8_1911_0,272,130,368,738,366,615,1072,1313,2176,1242,3,floating_plants,RO0090_20231015,29.511199311638208,1,Rodman,-81.81926622331821,2023-10-15,"{""type"":""MultiPoint"",""coordinates"":[]}"
8_1912_0,704,345,322,752,357,1406,2586,3077,2902,3046,3,floating_plants,RO0091_20231015,29.511516764715402,1,Rodman,-81.81265885331261,2023-10-15,"{""type"":""MultiPoint"",""coordinates"":[]}"
8_1913_0,1262,569,452,1142,526,1886,4306,4703,4972,4854,3,floating_plants,RO0092_20231015,29.508379537669306,1,Rodman,-81.80665215330752,2023-10-15,"{""type"":""MultiPoint"",""coordinates"":[]}"
8_1914_0,1267,532,473,1162,534,1857,4316,4787,4868,4904,3,floating_plants,RO0093_20231015,29.512730546712213,1,Rodman,-81.80442109330565,2023-10-15,"{""type"":""MultiPoint"",""coordinates"":[]}"
8_1915_0,1310,553,458,1122,533,1800,4272,4882,5040,5126,3,floating_plants,RO0094_20231015,29.511516764715402,1,Rodman,-81.80328411080467,2023-10-15,"{""type"":""MultiPoint"",""coordinates"":[]}"
8_1916_0,1291,556,472,1130,534,1858,4317,4867,4984,5006,3,floating_plants,RO0095_20231015,29.511442069963294,1,Rodman,-81.80536500330642,2023-10-15,"{""type"":""MultiPoint"",""coordinates"":[]}"
8_1917_0,1286,544,460,1130,530,1810,4326,4943,5132,5190,3,floating_plants,RO0096_20231015,29.51028429425693,1,Rodman,-81.80424947330549,2023-10-15,"{""type"":""MultiPoint"",""coordinates"":[]}"
8_1918_0,1267,541,464,1100,522,1788,4300,4871,5044,5162,3,floating_plants,RO0097_20231015,29.50955600920536,1,Rodman,-81.80547226580651,2023-10-15,"{""type"":""MultiPoint"",""coordinates"":[]}"
8_1919_0,1127,497,428,1094,508,1823,3907,4147,4144,4332,3,floating_plants,RO0098_20231015,29.510433685414753,1,Rodman,-81.80671651080759,2023-10-15,"{""type"":""MultiPoint"",""coordinates"":[]}"
8_1920_0,1133,524,448,1114,562,1909,3812,4283,4156,4401,3,floating_plants,RO0099_20231015,29.51474726035775,1,Rodman,-81.80500032115033,2023-10-15,"{""type"":""MultiPoint"",""coordinates"":[]}"
8_1921_0,240,143,200,364,197,358,981,937,1414,1221,3,floating_plants,RO0100_20231015,29.52303777135427,1,Rodman,-81.83958987655024,2023-10-15,"{""type"":""MultiPoint"",""coordinates"":[]}"
8_1922_0,26,25,40,31,31,38,24,17,18,23,2,open_water,RO0101_20231015,29.51708137009683,0,Rodman,-81.86733158988864,2023-10-15,"{""type"":""MultiPoint"",""coordinates"":[]}"
8_1923_0,29,21,63,34,32,27,25,30,15,27,2,open_water,RO0102_20231015,29.518127033345795,0,Rodman,-81.86638767988784,2023-10-15,"{""type"":""MultiPoint"",""coordinates"":[]}"
8_1924_0,18,20,39,42,18,39,13,16,13,12,2,open_water,RO0103_20231015,29.518500481887614,0,Rodman,-81.86441404988616,2023-10-15,"{""type"":""MultiPoint"",""coordinates"":[]}"
8_1925_0,20,19,52,40,24,29,18,26,17,16,2,open_water,RO0104_20231015,29.51771623835799,0,Rodman,-81.8623546098844,2023-10-15,"{""type"":""MultiPoint"",""coordinates"":[]}"
8_1926_0,20,25,55,29,22,24,8,14,4,19,2,open_water,RO0105_20231015,29.516483843389192,0,Rodman,-81.86527214988688,2023-10-15,"{""type"":""MultiPoint"",""coordinates"":[]}"
8_1927_0,18,20,52,41,49,43,32,29,27,28,2,open_water,RO0106_20231015,29.520330359820786,0,Rodman,-81.86123907988346,2023-10-15,"{""type"":""MultiPoint"",""coordinates"":[]}"
8_1928_0,29,21,58,54,47,43,35,39,34,33,2,open_water,RO0107_20231015,29.52313112930363,0,Rodman,-81.86192555988404,2023-10-15,"{""type"":""MultiPoint"",""coordinates"":[]}"
8_1929_0,24,20,50,62,46,45,31,40,28,34,2,open_water,RO0108_20231015,29.524998265886776,0,Rodman,-81.858321539881,2023-10-15,"{""type"":""MultiPoint"",""coordinates"":[]}"
8_1930_0,34,21,59,55,52,38,31,14,20,31,2,open_water,RO0109_20231015,29.5240273593428,0,Rodman,-81.80550247467343,2023-10-15,"{""type"":""MultiPoint"",""coordinates"":[]}"
8_1931_0,31,34,56,45,48,48,28,24,33,31,2,open_water,RO0110_20231015,29.524960923671642,0,Rodman,-81.80713286467481,2023-10-15,"{""type"":""MultiPoint"",""coordinates"":[]}"
8_1932_0,26,16,63,64,64,58,31,27,35,35,2,open_water,RO0111_20231015,29.522944413928947,0,Rodman,-81.81241017967929,2023-10-15,"{""type"":""MultiPoint"",""coordinates"":[]}"
8_1933_0,26,13,50,61,57,50,33,40,34,31,2,open_water,RO0112_20231015,29.522570981788153,0,Rodman,-81.81438380968096,2023-10-15,"{""type"":""MultiPoint"",""coordinates"":[]}"
8_1934_0,25,27,64,69,44,56,44,46,51,40,2,open_water,RO0113_20231015,29.52585713732251,0,Rodman,-81.81931788468515,2023-10-15,"{""type"":""MultiPoint"",""coordinates"":[]}"
8_1935_0,20,18,78,68,63,47,49,54,44,39,2,open_water,RO0114_20231015,29.523541902487278,0,Rodman,-81.82678335469149,2023-10-15,"{""type"":""MultiPoint"",""coordinates"":[]}"
8_1936_0,28,18,41,51,57,52,37,41,31,36,2,open_water,RO0115_20231015,29.53549093349384,0,Rodman,-81.83596582120282,2023-10-15,"{""type"":""MultiPoint"",""coordinates"":[]}"
8_1937_0,23,12,58,66,56,36,34,35,28,30,2,open_water,RO0116_20231015,29.53164499348066,0,Rodman,-81.84064246620679,2023-10-15,"{""type"":""MultiPoint"",""coordinates"":[]}"
8_1938_0,37,22,63,59,54,52,57,58,41,62,2,open_water,RO0117_20231015,29.53276518527928,0,Rodman,-81.84398905620962,2023-10-15,"{""type"":""MultiPoint"",""coordinates"":[]}"
8_1939_0,39,26,82,63,78,89,62,62,67,57,2,open_water,RO0118_20231015,29.528060296351093,0,Rodman,-81.84986704121461,2023-10-15,"{""type"":""MultiPoint"",""coordinates"":[]}"
8_1940_0,16,23,72,67,45,56,57,46,42,47,2,open_water,RO0119_20231015,29.52346721749759,0,Rodman,-81.84905184621392,2023-10-15,"{""type"":""MultiPoint"",""coordinates"":[]}"
8_1941_0,17,18,72,59,51,37,30,37,32,46,2,open_water,RO0120_20231015,29.52182411425889,0,Rodman,-81.85570212121958,2023-10-15,"{""type"":""MultiPoint"",""coordinates"":[]}"
8_1942_0,23,19,71,73,51,50,36,39,32,29,2,open_water,RO0121_20231015,29.529516594882082,0,Rodman,-81.8325334211999,2023-10-15,"{""type"":""MultiPoint"",""coordinates"":[]}"
8_1943_0,16,10,68,57,44,44,30,39,36,36,2,open_water,RO0122_20231015,29.5270520773937,0,Rodman,-81.83158951119911,2023-10-15,"{""type"":""MultiPoint"",""coordinates"":[]}"
8_1944_0,20,19,68,63,49,49,34,33,38,35,2,open_water,RO0123_20231015,29.5231311303696,0,Rodman,-81.82009097118937,2023-10-15,"{""type"":""MultiPoint"",""coordinates"":[]}"
8_1945_0,25,20,58,36,44,38,27,23,16,26,2,open_water,RO0124_20231015,29.522683012462274,0,Rodman,-81.8087211461797,2023-10-15,"{""type"":""MultiPoint"",""coordinates"":[]}"
8_1946_0,19,10,62,66,46,54,24,41,29,34,2,open_water,RO0125_20231015,29.533213258524697,0,Rodman,-81.8365235862033,2023-10-15,"{""type"":""MultiPoint"",""coordinates"":[]}"
8_1947_0,14,14,53,44,45,32,31,30,26,33,2,open_water,RO0126_20231015,29.529964682519587,0,Rodman,-81.83802526120455,2023-10-15,"{""type"":""MultiPoint"",""coordinates"":[]}"
8_1948_0,14,13,67,55,28,49,38,34,33,40,2,open_water,RO0127_20231015,29.528956482543744,0,Rodman,-81.84527620621074,2023-10-15,"{""type"":""MultiPoint"",""coordinates"":[]}"
8_1949_0,25,22,56,61,51,47,32,42,36,26,2,open_water,RO0128_20231015,29.52305644309551,0,Rodman,-81.81742880269091,2023-10-15,"{""type"":""MultiPoint"",""coordinates"":[]}"
8_1950_0,27,24,57,46,48,51,21,35,22,25,2,open_water,RO0129_20231015,29.520853175981397,0,Rodman,-81.80859037268341,2023-10-15,"{""type"":""MultiPoint"",""coordinates"":[]}"
8_1951_0,21,20,39,41,34,36,21,23,20,29,2,open_water,RO0130_20231015,29.517417477291424,0,Rodman,-81.80850456268337,2023-10-15,"{""type"":""MultiPoint"",""coordinates"":[]}"
8_1952_0,19,15,51,43,50,32,32,27,28,33,2,open_water,RO0131_20231015,29.519471441618403,0,Rodman,-81.81197986768629,2023-10-15,"{""type"":""MultiPoint"",""coordinates"":[]}"
8_1953_0,18,15,53,59,37,44,36,40,32,40,2,open_water,RO0132_20231015,29.51801499848642,0,Rodman,-81.81318120768731,2023-10-15,"{""type"":""MultiPoint"",""coordinates"":[]}"
8_1954_0,14,10,45,65,40,38,26,27,29,32,2,open_water,RO0133_20231015,29.516035696015173,0,Rodman,-81.8112933876857,2023-10-15,"{""type"":""MultiPoint"",""coordinates"":[]}"
8_1955_0,18,14,54,55,48,29,37,39,37,32,2,open_water,RO0134_20231015,29.51480328058134,0,Rodman,-81.81382478268786,2023-10-15,"{""type"":""MultiPoint"",""coordinates"":[]}"
8_1956_0,18,20,34,42,39,34,20,16,14,15,2,open_water,RO0135_20231015,29.508678326727832,0,Rodman,-81.81309539768725,2023-10-15,"{""type"":""MultiPoint"",""coordinates"":[]}"
8_1957_0,17,20,42,64,50,52,54,56,56,60,2,open_water,RO0136_20231015,29.518463137067403,0,Rodman,-81.82609561269828,2023-10-15,"{""type"":""MultiPoint"",""coordinates"":[]}"
8_1958_0,22,16,85,79,54,57,55,51,57,53,2,open_water,RO0137_20231015,29.518985962903567,0,Rodman,-81.83399013270497,2023-10-15,"{""type"":""MultiPoint"",""coordinates"":[]}"
8_1959_0,12,21,55,58,53,45,49,50,44,44,2,open_water,RO0138_20231015,29.51693198872262,0,Rodman,-81.83030030270186,2023-10-15,"{""type"":""MultiPoint"",""coordinates"":[]}"
8_1960_0,20,22,58,75,51,50,29,42,37,37,2,open_water,RO0139_20231015,29.513309423572,0,Rodman,-81.83544890270622,2023-10-15,"{""type"":""MultiPoint"",""coordinates"":[]}"
8_1961_0,14,10,55,66,41,49,25,22,26,18,2,open_water,RO0140_20231015,29.513944315495063,0,Rodman,-81.84677582271581,2023-10-15,"{""type"":""MultiPoint"",""coordinates"":[]}"
8_1962_0,20,7,71,69,41,55,41,29,32,23,2,open_water,RO0141_20231015,29.513570850140297,0,Rodman,-81.85059436771907,2023-10-15,"{""type"":""MultiPoint"",""coordinates"":[]}"
8_1963_0,30,28,85,58,55,39,30,50,41,52,2,open_water,RO0142_20231015,29.51327207686427,0,Rodman,-81.85218185272042,2023-10-15,"{""type"":""MultiPoint"",""coordinates"":[]}"
8_1964_0,31,28,66,75,48,45,34,28,27,47,2,open_water,RO0143_20231015,29.511778197255207,0,Rodman,-81.85085179771927,2023-10-15,"{""type"":""MultiPoint"",""coordinates"":[]}"
8_1965_0,23,20,54,67,48,45,27,29,30,37,2,open_water,RO0144_20231015,29.512076974940882,0,Rodman,-81.84943593271807,2023-10-15,"{""type"":""MultiPoint"",""coordinates"":[]}"
8_1966_0,29,28,68,49,42,43,37,23,36,31,2,open_water,RO0145_20231015,29.51125533418322,0,Rodman,-81.84733358771629,2023-10-15,"{""type"":""MultiPoint"",""coordinates"":[]}"
8_1967_0,31,26,62,71,47,54,34,39,34,45,2,open_water,RO0146_20231015,29.51230105762637,0,Rodman,-81.83261717270379,2023-10-15,"{""type"":""MultiPoint"",""coordinates"":[]}"
8_1968_0,24,25,60,49,48,42,33,35,27,36,2,open_water,RO0147_20231015,29.51062042539342,0,Rodman,-81.82489427269725,2023-10-15,"{""type"":""MultiPoint"",""coordinates"":[]}"
8_1969_0,22,19,49,60,41,37,24,30,44,29,2,open_water,RO0148_20231015,29.5114420713047,0,Rodman,-81.82703952269907,2023-10-15,"{""type"":""MultiPoint"",""coordinates"":[]}"
8_1970_0,26,20,45,41,42,29,8,28,18,21,2,open_water,RO0149_20231015,29.508612965112935,0,Rodman,-81.8089338757735,2023-10-15,"{""type"":""MultiPoint"",""coordinates"":[]}"
8_1971_0,47,29,34,41,45,35,28,37,29,29,2,open_water,RO0150_20231015,29.507511180325213,0,Rodman,-81.80889097077349,2023-10-15,"{""type"":""MultiPoint"",""coordinates"":[]}"
8_1972_0,61,45,66,64,37,34,32,51,24,62,2,open_water,RO0151_20231015,29.505970528948268,0,Rodman,-81.81052136077486,2023-10-15,"{""type"":""MultiPoint"",""coordinates"":[]}"
8_1973_0,42,35,40,35,38,25,8,21,21,17,2,open_water,RO0152_20231015,29.50589583010378,0,Rodman,-81.81162616452582,2023-10-15,"{""type"":""MultiPoint"",""coordinates"":[]}"
8_1974_0,39,31,41,37,29,33,22,17,19,26,2,open_water,RO0153_20231015,29.50528889994926,0,Rodman,-81.81235554952643,2023-10-15,"{""type"":""MultiPoint"",""coordinates"":[]}"
8_1975_0,38,16,65,56,42,28,23,14,28,30,2,open_water,RO0154_20231015,29.505167513481744,0,Rodman,-81.81593811702948,2023-10-15,"{""type"":""MultiPoint"",""coordinates"":[]}"
8_1976_0,23,20,45,48,41,35,16,30,17,17,2,open_water,RO0155_20231015,29.507352447630307,0,Rodman,-81.81728962453062,2023-10-15,"{""type"":""MultiPoint"",""coordinates"":[]}"
8_1977_0,20,9,42,56,45,36,26,20,23,16,2,open_water,RO0156_20231015,29.508034062736424,0,Rodman,-81.81526236327889,2023-10-15,"{""type"":""MultiPoint"",""coordinates"":[]}"
8_1978_0,27,27,49,50,32,22,17,17,22,12,2,open_water,RO0157_20231015,29.506456070094085,0,Rodman,-81.81482258702852,2023-10-15,"{""type"":""MultiPoint"",""coordinates"":[]}"
8_1979_0,24,25,46,49,43,46,23,35,26,41,2,open_water,RO0158_20231015,29.50922921238958,0,Rodman,-81.81823352677327,2023-10-15,"{""type"":""MultiPoint"",""coordinates"":[]}"
8_1980_0,37,26,59,56,31,37,32,38,25,29,2,open_water,RO0159_20231015,29.508034062733778,0,Rodman,-81.82105453052567,2023-10-15,"{""type"":""MultiPoint"",""coordinates"":[]}"
8_1981_0,25,7,59,58,41,32,34,32,24,56,2,open_water,RO0160_20231015,29.510797825162108,0,Rodman,-81.82039090207839,2023-10-15,"{""type"":""MultiPoint"",""coordinates"":[]}"
8_1982_0,1237,547,185,378,312,827,1769,2088,2198,2421,1,LEV,RO0161_20231015,29.501096316785134,0,Rodman,-81.81048931270206,2023-10-15,"{""type"":""MultiPoint"",""coordinates"":[]}"
8_1983_0,1210,530,186,393,237,666,1670,2067,2246,2305,1,LEV,RO0162_20231015,29.500274586909725,0,Rodman,-81.80250898269527,2023-10-15,"{""type"":""MultiPoint"",""coordinates"":[]}"
8_1984_0,1088,441,149,350,200,623,1892,2255,2304,2456,1,LEV,RO0163_20231015,29.5161103884609,0,Rodman,-81.80130764269425,2023-10-15,"{""type"":""MultiPoint"",""coordinates"":[]}"
8_1985_0,1103,464,194,428,223,642,1795,2187,2410,2366,1,LEV,RO0164_20231015,29.530375427766288,0,Rodman,-81.80293803269564,2023-10-15,"{""type"":""MultiPoint"",""coordinates"":[]}"
8_1986_0,1760,856,246,404,360,809,2011,2283,2504,2726,1,LEV,RO0165_20231015,29.538814006575187,0,Rodman,-81.82318919271282,2023-10-15,"{""type"":""MultiPoint"",""coordinates"":[]}"
8_1987_0,964,367,127,284,133,520,2166,2585,2910,2797,1,LEV,RO0166_20231015,29.531644993470128,0,Rodman,-81.82215947271195,2023-10-15,"{""type"":""MultiPoint"",""coordinates"":[]}"
8_1988_0,2315,1312,333,524,588,1060,1849,2126,2262,2466,1,LEV,RO0167_20231015,29.53112223305146,0,Rodman,-81.87922312276035,2023-10-15,"{""type"":""MultiPoint"",""coordinates"":[]}"
8_1989_0,1118,469,167,376,210,619,1842,2258,2574,2415,1,LEV,RO0168_20231015,29.52649195139814,0,Rodman,-81.89055004276997,2023-10-15,"{""type"":""MultiPoint"",""coordinates"":[]}"
8_1990_0,1092,485,494,1272,706,2050,3413,3833,3932,3636,1,LEV,RO0169_20231015,29.527388151485518,0,Rodman,-81.86051654274449,2023-10-15,"{""type"":""MultiPoint"",""coordinates"":[]}"
8_1991_0,1376,691,301,571,490,989,2034,2251,2412,2455,1,LEV,RO0170_20231015,29.528657754684563,0,Rodman,-81.86454961274791,2023-10-15,"{""type"":""MultiPoint"",""coordinates"":[]}"
8_1992_0,694,290,222,433,252,743,1462,1175,2070,1570,1,LEV,RO0171_20231015,29.532615827079127,0,Rodman,-81.8472159927332,2023-10-15,"{""type"":""MultiPoint"",""coordinates"":[]}"
8_1993_0,568,238,238,598,310,633,1374,1541,2010,1542,1,LEV,RO0172_20231015,29.512898610112654,0,Rodman,-81.88874803276843,2023-10-15,"{""type"":""MultiPoint"",""coordinates"":[]}"
8_1994_0,1005,376,135,333,166,546,1878,2328,2548,2680,1,LEV,RO0173_20231015,29.52216020571801,0,Rodman,-81.89595607277455,2023-10-15,"{""type"":""MultiPoint"",""coordinates"":[]}"
8_1995_0,1510,766,300,659,468,1105,2915,3364,3668,3783,1,LEV,RO0174_20231015,29.51663322645238,0,Rodman,-81.90110467277891,2023-10-15,"{""type"":""MultiPoint"",""coordinates"":[]}"
8_1996_0,1128,465,288,659,310,1145,2968,3148,2658,3032,1,LEV,RO0175_20231015,29.511180638210643,0,Rodman,-81.90462367411334,2023-10-15,"{""type"":""MultiPoint"",""coordinates"":[]}"
8_1997_0,1188,498,359,928,458,1425,3157,3471,3380,3350,1,LEV,RO0176_20231015,29.50996683762843,0,Rodman,-81.9051385341138,2023-10-15,"{""type"":""MultiPoint"",""coordinates"":[]}"
8_1998_0,1797,938,347,725,567,1179,2792,3128,3516,3582,1,LEV,RO0177_20231015,29.51441114422315,0,Rodman,-81.90391574161274,2023-10-15,"{""type"":""MultiPoint"",""coordinates"":[]}"
8_1999_0,1044,562,272,494,477,844,1645,1872,1856,1911,1,LEV,RO0178_20231015,29.517417476263955,0,Rodman,-81.8879336290992,2023-10-15,"{""type"":""MultiPoint"",""coordinates"":[]}"
8_2000_0,787,332,193,450,212,628,1653,1753,1774,1707,1,LEV,RO0179_20231015,29.519583474262152,0,Rodman,-81.87596115317437,2023-10-15,"{""type"":""MultiPoint"",""coordinates"":[]}"
8_2001_0,994,448,206,458,210,841,1941,1976,1808,2068,1,LEV,RO0180_20231015,29.523616587527016,0,Rodman,-81.87690506317517,2023-10-15,"{""type"":""MultiPoint"",""coordinates"":[]}"
8_2002_0,1325,613,291,717,406,1184,2846,3247,3700,3548,1,LEV,RO0181_20231015,29.518817911461426,0,Rodman,-81.87300070817186,2023-10-15,"{""type"":""MultiPoint"",""coordinates"":[]}"
8_2003_0,1053,455,293,628,326,961,2432,2535,2766,2670,1,LEV,RO0182_20231015,29.517025351144753,0,Rodman,-81.88454251005662,2023-10-15,"{""type"":""MultiPoint"",""coordinates"":[]}"
8_2004_0,1500,770,221,520,426,951,2195,2511,2592,2843,1,LEV,RO0183_20231015,29.506418721216452,0,Rodman,-81.91676904754725,2023-10-15,"{""type"":""MultiPoint"",""coordinates"":[]}"
8_2005_0,1717,877,296,615,526,1164,2411,2754,2856,3167,1,LEV,RO0184_20231015,29.506063902785,0,Rodman,-81.91425910504512,2023-10-15,"{""type"":""MultiPoint"",""coordinates"":[]}"
8_2006_0,1003,408,134,355,162,593,1809,2168,2200,2396,1,LEV,RO0185_20231015,29.51065777156099,0,Rodman,-81.9157822325464,2023-10-15,"{""type"":""MultiPoint"",""coordinates"":[]}"
8_2007_0,3618,2661,1036,1202,1400,1929,2554,2995,3428,3366,1,LEV,RO0186_20231015,29.509518660935647,0,Rodman,-81.92333351255282,2023-10-15,"{""type"":""MultiPoint"",""coordinates"":[]}"
8_2008_0,3209,2026,512,821,858,1416,2334,2597,3020,2990,1,LEV,RO0187_20231015,29.503972316235785,0,Rodman,-81.92650848255552,2023-10-15,"{""type"":""MultiPoint"",""coordinates"":[]}"
8_2009_0,3434,2139,528,956,750,1508,2914,3209,3752,3500,1,LEV,RO0188_20231015,29.50408436661054,0,Rodman,-81.92052323505042,2023-10-15,"{""type"":""MultiPoint"",""coordinates"":[]}"
8_2010_0,892,410,229,482,246,745,1834,2002,1938,2003,1,LEV,RO0189_20231015,29.4967634806286,0,Rodman,-81.9121352041013,2023-10-15,"{""type"":""MultiPoint"",""coordinates"":[]}"
8_2011_0,934,359,249,578,284,1070,2458,2567,2490,2573,1,LEV,RO0190_20231015,29.501525851225026,0,Rodman,-81.9128431366019,2023-10-15,"{""type"":""MultiPoint"",""coordinates"":[]}"
8_2012_0,1209,546,199,616,312,1105,3127,3222,3288,3559,1,LEV,RO0191_20231015,29.488545529628862,0,Rodman,-81.91432364874079,2023-10-15,"{""type"":""MultiPoint"",""coordinates"":[]}"
8_2013_0,1454,773,313,509,499,977,1860,2191,2230,2446,1,LEV,RO0192_20231015,29.489087187785902,0,Rodman,-81.90999024373713,2023-10-15,"{""type"":""MultiPoint"",""coordinates"":[]}"
8_2014_0,1830,953,234,399,329,884,2055,2322,2198,2683,1,LEV,RO0193_20231015,29.490375949000374,0,Rodman,-81.89892075372774,2023-10-15,"{""type"":""MultiPoint"",""coordinates"":[]}"
8_2015_0,3508,2286,706,980,1128,1521,2610,2876,3152,3312,1,LEV,RO0194_20231015,29.48828403844767,0,Rodman,-81.9038333762319,2023-10-15,"{""type"":""MultiPoint"",""coordinates"":[]}"
8_2016_0,4025,3363,2578,3388,3864,3745,4086,3925,5160,4311,1,LEV,RO0195_20231015,29.48516477017583,0,Rodman,-81.9024175112307,2023-10-15,"{""type"":""MultiPoint"",""coordinates"":[]}"
8_2017_0,1503,712,256,548,448,997,2610,3092,2996,3362,1,LEV,RO0196_20231015,29.478795186474056,0,Rodman,-81.91140670352992,2023-10-15,"{""type"":""MultiPoint"",""coordinates"":[]}"
8_2018_0,3574,2453,528,742,874,1778,2367,2531,2592,3054,1,LEV,RO0197_20231015,29.475825068333407,0,Rodman,-81.92796803354398,2023-10-15,"{""type"":""MultiPoint"",""coordinates"":[]}"
8_2019_0,1326,615,255,552,397,1058,2535,2891,2968,3105,1,LEV,RO0198_20231015,29.47390098308963,0,Rodman,-81.91292983103124,2023-10-15,"{""type"":""MultiPoint"",""coordinates"":[]}"
8_2020_0,1153,508,300,740,429,1080,2521,2844,3372,3095,1,LEV,RO0199_20231015,29.47378889932844,0,Rodman,-81.91734904603496,2023-10-15,"{""type"":""MultiPoint"",""coordinates"":[]}"
8_2021_0,1568,791,365,720,585,1208,2840,3164,3496,3651,1,LEV,RO0200_20231015,29.476889837674097,0,Rodman,-81.91505362853304,2023-10-15,"{""type"":""MultiPoint"",""coordinates"":[]}"
8_2022_0,6007,5434,1506,2808,3988,4662,4840,4966,5004,5034,1,LEV,RO0201_20231015,29.498463019165158,0,Rodman,-81.81600805005434,2023-10-15,"{""type"":""MultiPoint"",""coordinates"":[]}"
8_2023_0,2778,1726,732,962,924,1427,2458,2699,2710,3142,1,LEV,RO0202_20231015,29.51065777187487,0,Rodman,-81.80175741972583,2023-10-15,"{""type"":""MultiPoint"",""coordinates"":[]}"
8_2024_0,922,446,206,443,314,769,1447,1702,1970,1927,1,LEV,RO0203_20231015,29.51000418493316,0,Rodman,-81.83713936253596,2023-10-15,"{""type"":""MultiPoint"",""coordinates"":[]}"
8_2025_0,878,373,200,404,286,756,1539,1907,1976,2180,1,LEV,RO0204_20231015,29.508006051359366,0,Rodman,-81.84616146285147,2023-10-15,"{""type"":""MultiPoint"",""coordinates"":[]}"
8_2026_0,1125,508,207,400,214,719,1906,2236,3082,2621,1,LEV,RO0205_20231015,29.514569865763647,0,Rodman,-81.85501405855608,2023-10-15,"{""type"":""MultiPoint"",""coordinates"":[]}"
8_2027_0,3727,3708,7784,7312,7704,2387,3082,4278,7632,3557,1,LEV,RO0206_20231015,29.51131135403547,0,Rodman,-81.86829468959529,2023-10-15,"{""type"":""MultiPoint"",""coordinates"":[]}"
8_2028_0,1201,539,260,668,378,1204,3045,3415,3684,3699,1,LEV,RO0207_20231015,29.528928475767195,0,Rodman,-81.85970221338334,2023-10-15,"{""type"":""MultiPoint"",""coordinates"":[]}"
8_2029_0,1125,504,248,586,317,1046,2641,2995,2700,3014,1,LEV,RO0208_20231015,29.527322802763162,0,Rodman,-81.86305952963622,2023-10-15,"{""type"":""MultiPoint"",""coordinates"":[]}"
8_2030_0,1344,610,290,579,396,1145,2694,2823,3256,3233,1,LEV,RO0209_20231015,29.526211886174874,0,Rodman,-81.86334913838647,2023-10-15,"{""type"":""MultiPoint"",""coordinates"":[]}"
8_2031_0,1386,692,218,382,352,883,1597,1887,1766,2106,1,LEV,RO0210_20231015,29.529805984206273,0,Rodman,-81.8523742347451,2023-10-15,"{""type"":""MultiPoint"",""coordinates"":[]}"
8_2032_0,473,216,379,796,404,953,1632,1849,2420,2002,3,floating_plants,RO0211_20231015,29.52907783979738,1,Rodman,-81.85162297830429,2023-10-15,"{""type"":""MultiPoint"",""coordinates"":[]}"
8_2033_0,520,278,436,1086,535,1144,1807,1929,3128,2269,3,floating_plants,RO0212_20231015,29.5357056294587,1,Rodman,-81.83772976918951,2023-10-15,"{""type"":""MultiPoint"",""coordinates"":[]}"
8_2034_0,1102,501,480,1186,616,1912,3697,3880,3996,3979,3,floating_plants,RO0213_20231015,29.538011251482608,1,Rodman,-81.83325692293572,2023-10-15,"{""type"":""MultiPoint"",""coordinates"":[]}"
8_2035_0,641,327,392,921,490,1254,2004,2287,2676,2306,3,floating_plants,RO0214_20231015,29.53706847312166,1,Rodman,-81.83318183918566,2023-10-15,"{""type"":""MultiPoint"",""coordinates"":[]}"
8_2036_0,471,230,323,814,381,780,1506,1445,2510,1541,3,floating_plants,RO0215_20231015,29.536452395384508,1,Rodman,-81.83269915793524,2023-10-15,"{""type"":""MultiPoint"",""coordinates"":[]}"
8_2037_0,984,453,426,1064,563,1778,3234,3750,3892,3675,3,floating_plants,RO0216_20231015,29.538673991772686,1,Rodman,-81.83378164803135,2023-10-15,"{""type"":""MultiPoint"",""coordinates"":[]}"
8_2038_0,707,319,371,802,396,1026,2049,2209,2990,2390,3,floating_plants,RO0217_20231015,29.540036795428033,1,Rodman,-81.83483282053226,2023-10-15,"{""type"":""MultiPoint"",""coordinates"":[]}"
8_2039_0,152,66,199,458,210,245,605,481,1076,510,3,floating_plants,RO0218_20231015,29.513104015301703,1,Rodman,-81.82827749911378,2023-10-15,"{""type"":""MultiPoint"",""coordinates"":[]}"
8_2040_0,1357,583,458,1240,520,1917,4416,4778,4912,4856,3,floating_plants,RO0219_20231015,29.49197286910632,1,Rodman,-81.91212290811865,2023-10-15,"{""type"":""MultiPoint"",""coordinates"":[]}"
8_2041_0,1135,503,420,1074,504,1793,4111,4289,4560,4272,3,floating_plants,RO0220_20231015,29.480252193528436,1,Rodman,-81.91554538871931,2023-10-15,"{""type"":""MultiPoint"",""coordinates"":[]}"
