system:index,B11,B12,B2,B3,B4,B5,B6,B7,B8,B8A,class_int,class_label,label_id,latitude,lc,location,longitude,obs_date,.geo
0_0_0,1033,473,398,640,374,1008,2317,2573,2600,2806,3,floating_plants,RA0001_20240810,-7.3006632412002315,1,RawaPening,110.42962963789502,2024-08-10,"{""type"":""MultiPoint"",""coordinates"":[]}"
0_1_0,798,345,414,531,348,800,1847,1912,1682,2149,3,floating_plants,RA0002_20240810,-7.302749040127871,1,RawaPening,110.42954382789495,2024-08-10,"{""type"":""MultiPoint"",""coordinates"":[]}"
0_2_0,218,120,410,479,306,463,473,539,373,501,3,floating_plants,RA0003_20240810,-7.300620673773831,1,RawaPening,110.42735567289309,2024-08-10,"{""type"":""MultiPoint"",""coordinates"":[]}"
0_3_0,1373,539,394,592,331,1004,3383,4006,4052,4390,3,floating_plants,RA0004_20240810,-7.2996416218494655,1,RawaPening,110.4426727579061,2024-08-10,"{""type"":""MultiPoint"",""coordinates"":[]}"
0_4_0,767,327,396,520,350,776,1689,1735,1245,1820,3,floating_plants,RA0005_20240810,-7.297257834290622,1,RawaPening,110.44365957290694,2024-08-10,"{""type"":""MultiPoint"",""coordinates"":[]}"
0_5_0,737,360,420,642,391,924,2029,2041,2905,2292,3,floating_plants,RA0006_20240810,-7.293001039206826,1,RawaPening,110.44048460290423,2024-08-10,"{""type"":""MultiPoint"",""coordinates"":[]}"
0_6_0,1300,512,422,631,365,987,3014,3422,3511,3775,3,floating_plants,RA0007_20240810,-7.2961510714637825,1,RawaPening,110.4471777829099,2024-08-10,"{""type"":""MultiPoint"",""coordinates"":[]}"
0_7_0,1418,525,425,634,331,979,3699,4447,4509,4778,3,floating_plants,RA0008_20240810,-7.299854459406645,1,RawaPening,110.44734940291008,2024-08-10,"{""type"":""MultiPoint"",""coordinates"":[]}"
0_8_0,1344,566,398,651,371,1089,2991,3426,3490,3749,3,floating_plants,RA0009_20240810,-7.305686169057162,1,RawaPening,110.4393690729033,2024-08-10,"{""type"":""MultiPoint"",""coordinates"":[]}"
0_9_0,1383,548,394,639,326,1047,3437,4002,4042,4336,3,floating_plants,RA0010_20240810,-7.306494940300759,1,RawaPening,110.43778158790192,2024-08-10,"{""type"":""MultiPoint"",""coordinates"":[]}"
0_10_0,1362,511,373,637,298,1016,3764,4496,4528,4842,3,floating_plants,RA0011_20240810,-7.308495578666563,1,RawaPening,110.43649443790085,2024-08-10,"{""type"":""MultiPoint"",""coordinates"":[]}"
0_11_0,1233,529,443,674,378,1098,2837,3206,3287,3539,3,floating_plants,RA0012_20240810,-7.306324672792169,1,RawaPening,110.4320752228971,2024-08-10,"{""type"":""MultiPoint"",""coordinates"":[]}"
0_12_0,1039,486,404,644,373,1048,2500,2718,2920,3004,3,floating_plants,RA0013_20240810,-7.3050050974010245,1,RawaPening,110.4286857278942,2024-08-10,"{""type"":""MultiPoint"",""coordinates"":[]}"
0_13_0,1405,587,444,642,366,1006,3008,3730,3676,4036,3,floating_plants,RA0014_20240810,-7.291170604875447,1,RawaPening,110.44803588291065,2024-08-10,"{""type"":""MultiPoint"",""coordinates"":[]}"
0_14_0,1419,550,434,642,356,1027,3342,3953,3988,4353,3,floating_plants,RA0015_20240810,-7.292788198389972,1,RawaPening,110.44829331291089,2024-08-10,"{""type"":""MultiPoint"",""coordinates"":[]}"
0_15_0,1412,563,402,624,346,1007,3382,4086,4085,4471,3,floating_plants,RA0016_20240810,-7.294874034031555,1,RawaPening,110.4482504079108,2024-08-10,"{""type"":""MultiPoint"",""coordinates"":[]}"
0_16_0,1172,514,410,645,375,1059,2713,3126,3136,3256,3,floating_plants,RA0017_20240810,-7.301982829407471,1,RawaPening,110.44095655790464,2024-08-10,"{""type"":""MultiPoint"",""coordinates"":[]}"
0_17_0,1450,554,404,687,338,1053,3975,4693,4807,4810,3,floating_plants,RA0018_20240810,-7.303047010608973,1,RawaPening,110.4423295179058,2024-08-10,"{""type"":""MultiPoint"",""coordinates"":[]}"
0_18_0,1307,546,395,674,363,1083,3207,3644,3732,3884,3,floating_plants,RA0019_20240810,-7.305132798415626,1,RawaPening,110.4418575629054,2024-08-10,"{""type"":""MultiPoint"",""coordinates"":[]}"
0_19_0,1115,489,409,662,373,1054,2612,2920,2987,3163,3,floating_plants,RA0020_20240810,-7.306920608788356,1,RawaPening,110.43396304289868,2024-08-10,"{""type"":""MultiPoint"",""coordinates"":[]}"
0_20_0,1423,575,400,644,367,1092,3363,3990,3961,4334,3,floating_plants,RA0021_20240810,-7.3096023109349,1,RawaPening,110.43126002789643,2024-08-10,"{""type"":""MultiPoint"",""coordinates"":[]}"
0_21_0,1381,572,443,668,381,1079,3275,3858,3880,4239,3,floating_plants,RA0022_20240810,-7.310709040461091,1,RawaPening,110.4349069528995,2024-08-10,"{""type"":""MultiPoint"",""coordinates"":[]}"
0_22_0,1858,810,504,764,421,1149,3378,4015,4212,4377,3,floating_plants,RA0023_20240810,-7.303642950975408,1,RawaPening,110.45061018291281,2024-08-10,"{""type"":""MultiPoint"",""coordinates"":[]}"
0_23_0,1352,548,451,664,371,1050,3248,3793,3852,4087,3,floating_plants,RA0024_20240810,-7.283678514877995,1,RawaPening,110.44743614388831,2024-08-10,"{""type"":""MultiPoint"",""coordinates"":[]}"
0_24_0,1560,659,444,650,395,1081,3277,3943,3988,4316,3,floating_plants,RA0025_20240810,-7.283806221977098,1,RawaPening,110.44945267889001,2024-08-10,"{""type"":""MultiPoint"",""coordinates"":[]}"
0_25_0,1510,650,429,648,397,1107,3109,3685,3767,4106,3,floating_plants,RA0026_20240810,-7.28627521874099,1,RawaPening,110.4489378188896,2024-08-10,"{""type"":""MultiPoint"",""coordinates"":[]}"
0_26_0,1371,542,450,656,366,1056,3339,3839,3708,4170,3,floating_plants,RA0027_20240810,-7.287254299898037,1,RawaPening,110.44743614388831,2024-08-10,"{""type"":""MultiPoint"",""coordinates"":[]}"
0_27_0,1383,612,414,634,348,1049,3132,3748,3775,4011,3,floating_plants,RA0028_20240810,-7.274398368339189,1,RawaPening,110.44237335388401,2024-08-10,"{""type"":""MultiPoint"",""coordinates"":[]}"
0_28_0,1453,632,359,641,363,1081,3128,3633,3620,4003,3,floating_plants,RA0029_20240810,-7.274185518689745,1,RawaPening,110.44666385388766,2024-08-10,"{""type"":""MultiPoint"",""coordinates"":[]}"
0_29_0,1483,653,392,670,367,1096,3166,3714,3752,3996,3,floating_plants,RA0030_20240810,-7.276058592140483,1,RawaPening,110.44704999888798,2024-08-10,"{""type"":""MultiPoint"",""coordinates"":[]}"
0_30_0,1305,573,416,632,342,1022,3207,3778,3612,3894,3,floating_plants,RA0031_20240810,-7.273259621658195,1,RawaPening,110.4436128593419,2024-08-10,"{""type"":""MultiPoint"",""coordinates"":[]}"
0_31_0,1425,615,389,626,357,1089,3512,3985,3616,4299,3,floating_plants,RA0032_20240810,-7.272429505348911,1,RawaPening,110.44275475934116,2024-08-10,"{""type"":""MultiPoint"",""coordinates"":[]}"
0_32_0,1267,533,402,585,337,1040,3142,3666,3635,4031,3,floating_plants,RA0033_20240810,-7.273248979151149,1,RawaPening,110.4418430280904,2024-08-10,"{""type"":""MultiPoint"",""coordinates"":[]}"
0_33_0,936,445,403,565,344,861,1872,2083,2051,2308,3,floating_plants,RA0034_20240810,-7.272695568435692,1,RawaPening,110.4464445893443,2024-08-10,"{""type"":""MultiPoint"",""coordinates"":[]}"
0_34_0,1344,568,375,594,343,1015,3224,3772,3748,4158,3,floating_plants,RA0035_20240810,-7.275856386160628,1,RawaPening,110.44525465572455,2024-08-10,"{""type"":""MultiPoint"",""coordinates"":[]}"
0_35_0,1339,562,416,612,364,1034,3085,3654,3550,4016,3,floating_plants,RA0036_20240810,-7.278836260970728,1,RawaPening,110.44709957072615,2024-08-10,"{""type"":""MultiPoint"",""coordinates"":[]}"
0_36_0,730,338,440,719,389,1020,1955,2218,2863,2640,3,floating_plants,RA0037_20240810,-7.270684127514341,1,RawaPening,110.43968524160326,2024-08-10,"{""type"":""MultiPoint"",""coordinates"":[]}"
0_37_0,440,271,429,637,392,714,960,994,1707,1289,3,floating_plants,RA0038_20240810,-7.270992761880052,1,RawaPening,110.43904166660268,2024-08-10,"{""type"":""MultiPoint"",""coordinates"":[]}"
0_38_0,1456,568,413,676,356,1027,3976,4855,4533,5044,3,floating_plants,RA0039_20240810,-7.274451580777756,1,RawaPening,110.4301925103452,2024-08-10,"{""type"":""MultiPoint"",""coordinates"":[]}"
0_39_0,1398,622,481,736,434,1068,3594,4123,3800,4341,3,floating_plants,RA0040_20240810,-7.2735256841770815,1,RawaPening,110.42979563909483,2024-08-10,"{""type"":""MultiPoint"",""coordinates"":[]}"
0_40_0,377,190,422,614,352,659,1201,1451,2604,1192,3,floating_plants,RA0041_20240810,-7.272748780958212,1,RawaPening,110.4314260290962,2024-08-10,"{""type"":""MultiPoint"",""coordinates"":[]}"
0_41_0,545,309,392,590,407,715,1243,1494,1875,1358,3,floating_plants,RA0042_20240810,-7.270694770082174,1,RawaPening,110.43490133409918,2024-08-10,"{""type"":""MultiPoint"",""coordinates"":[]}"
0_42_0,664,281,398,641,346,782,1832,2138,2928,1940,3,floating_plants,RA0043_20240810,-7.2696624395821265,1,RawaPening,110.44061881326158,2024-08-10,"{""type"":""MultiPoint"",""coordinates"":[]}"
0_43_0,668,312,444,608,391,824,1670,1874,1512,2295,3,floating_plants,RA0044_20240810,-7.269215450487232,1,RawaPening,110.44205613076281,2024-08-10,"{""type"":""MultiPoint"",""coordinates"":[]}"
0_44_0,1110,458,327,556,262,983,3548,4057,4292,4200,3,floating_plants,RA0045_20240810,-7.277623028728127,1,RawaPening,110.42176927238089,2024-08-10,"{""type"":""MultiPoint"",""coordinates"":[]}"
0_45_0,700,334,366,603,344,735,2089,2213,3224,2208,3,floating_plants,RA0046_20240810,-7.278187075757669,1,RawaPening,110.42198379738112,2024-08-10,"{""type"":""MultiPoint"",""coordinates"":[]}"
0_46_0,817,383,344,624,309,843,2168,2791,3842,2673,3,floating_plants,RA0047_20240810,-7.278708552569175,1,RawaPening,110.42146893738067,2024-08-10,"{""type"":""MultiPoint"",""coordinates"":[]}"
0_47_0,766,371,399,625,348,926,2194,2133,2754,2646,3,floating_plants,RA0048_20240810,-7.277154762730916,1,RawaPening,110.42627429738475,2024-08-10,"{""type"":""MultiPoint"",""coordinates"":[]}"
0_48_0,776,360,329,588,295,812,2520,3134,4075,3347,3,floating_plants,RA0049_20240810,-7.2764842901113775,1,RawaPening,110.42049284862985,2024-08-10,"{""type"":""MultiPoint"",""coordinates"":[]}"
0_49_0,564,262,425,676,366,708,1915,1716,3196,1964,3,floating_plants,RA0050_20240810,-7.279730219667038,1,RawaPening,110.42108279238033,2024-08-10,"{""type"":""MultiPoint"",""coordinates"":[]}"
0_50_0,1633,770,431,710,402,1143,3159,3701,3602,3894,3,floating_plants,RA0051_20240810,-7.280485826499552,1,RawaPening,110.42200573864469,2024-08-10,"{""type"":""MultiPoint"",""coordinates"":[]}"
0_51_0,833,358,422,605,356,893,2286,2702,3137,2698,3,floating_plants,RA0052_20240810,-7.283763653869474,1,RawaPening,110.43121958740248,2024-08-10,"{""type"":""MultiPoint"",""coordinates"":[]}"
0_52_0,993,438,417,642,376,1024,2585,2902,3487,3228,3,floating_plants,RA0053_20240810,-7.28433833541974,1,RawaPening,110.43089779990218,2024-08-10,"{""type"":""MultiPoint"",""coordinates"":[]}"
0_53_0,321,204,425,650,374,672,948,1514,2311,1320,3,floating_plants,RA0054_20240810,-7.28454053801219,1,RawaPening,110.43355790990447,2024-08-10,"{""type"":""MultiPoint"",""coordinates"":[]}"
0_54_0,641,300,440,670,385,851,2049,2186,3088,2308,3,floating_plants,RA0055_20240810,-7.28849943429558,1,RawaPening,110.43065257795892,2024-08-10,"{""type"":""MultiPoint"",""coordinates"":[]}"
0_55_0,689,303,415,630,356,893,2062,2518,3199,2591,3,floating_plants,RA0056_20240810,-7.290415016351045,1,RawaPening,110.43205771671009,2024-08-10,"{""type"":""MultiPoint"",""coordinates"":[]}"
0_56_0,556,248,408,604,365,686,1341,1557,2261,1798,3,floating_plants,RA0057_20240810,-7.301791277343617,1,RawaPening,110.4303390134118,2024-08-10,"{""type"":""MultiPoint"",""coordinates"":[]}"
0_57_0,958,441,404,610,358,935,2298,2543,2448,2705,3,floating_plants,RA0058_20240810,-7.304792263117055,1,RawaPening,110.43008158341159,2024-08-10,"{""type"":""MultiPoint"",""coordinates"":[]}"
0_58_0,681,360,428,596,393,839,1675,1713,2082,1778,3,floating_plants,RA0059_20240810,-7.304196324282847,1,RawaPening,110.43568068591631,2024-08-10,"{""type"":""MultiPoint"",""coordinates"":[]}"
0_59_0,580,248,421,637,373,676,1478,1691,2967,1846,3,floating_plants,RA0060_20240810,-7.298449730479218,1,RawaPening,110.44063621342053,2024-08-10,"{""type"":""MultiPoint"",""coordinates"":[]}"
0_60_0,391,212,396,606,348,609,1157,1468,2320,1129,3,floating_plants,RA0061_20240810,-7.291213172866955,1,RawaPening,110.43091957048642,2024-08-10,"{""type"":""MultiPoint"",""coordinates"":[]}"
0_61_0,734,341,454,632,404,853,1900,2114,2889,2524,3,floating_plants,RA0062_20240810,-7.295512553321091,1,RawaPening,110.44248426271525,2024-08-10,"{""type"":""MultiPoint"",""coordinates"":[]}"
0_62_0,1263,539,328,598,294,1057,3382,3677,3707,4201,3,floating_plants,RA0063_20240810,-7.290681068500522,1,RawaPening,110.41720772492263,2024-08-10,"{""type"":""MultiPoint"",""coordinates"":[]}"
0_63_0,1182,516,286,548,270,1006,3295,3751,3678,4111,3,floating_plants,RA0064_20240810,-7.289148604421831,1,RawaPening,110.41527699992099,2024-08-10,"{""type"":""MultiPoint"",""coordinates"":[]}"
0_64_0,943,443,316,561,276,1005,2801,3180,3196,3259,3,floating_plants,RA0065_20240810,-7.290191531934218,1,RawaPening,110.41538426242107,2024-08-10,"{""type"":""MultiPoint"",""coordinates"":[]}"
0_65_0,1271,542,332,615,318,1067,3198,3561,3652,3889,3,floating_plants,RA0066_20240810,-7.291468582723477,1,RawaPening,110.41493375992069,2024-08-10,"{""type"":""MultiPoint"",""coordinates"":[]}"
0_66_0,1301,566,362,625,324,1035,3125,3624,3669,3898,3,floating_plants,RA0067_20240810,-7.294278081639088,1,RawaPening,110.41630671992185,2024-08-10,"{""type"":""MultiPoint"",""coordinates"":[]}"
0_67_0,1322,569,405,668,358,1091,3172,3649,3448,3863,3,floating_plants,RA0068_20240810,-7.271194970501384,1,RawaPening,110.44812919245709,2024-08-10,"{""type"":""MultiPoint"",""coordinates"":[]}"
0_68_0,634,294,518,659,449,820,1750,1714,2708,2004,3,floating_plants,RA0069_20240810,-7.284008425865866,1,RawaPening,110.44541571498195,2024-08-10,"{""type"":""MultiPoint"",""coordinates"":[]}"
0_69_0,920,432,418,626,380,943,2091,2445,2378,2512,3,floating_plants,RA0070_20240810,-7.3003652699960115,1,RawaPening,110.43089728527816,2024-08-10,"{""type"":""MultiPoint"",""coordinates"":[]}"
0_70_0,463,223,425,561,368,741,1357,1395,1704,1679,3,floating_plants,RA0071_20240810,-7.299237231077236,1,RawaPening,110.43111181027831,2024-08-10,"{""type"":""MultiPoint"",""coordinates"":[]}"
0_71_0,533,308,498,660,554,780,785,999,749,805,3,floating_plants,RA0072_20240810,-7.2841254906169,1,RawaPening,110.41617891521152,2024-08-10,"{""type"":""MultiPoint"",""coordinates"":[]}"
0_72_0,1948,919,426,787,424,1206,3336,3687,4061,4073,3,floating_plants,RA0073_20240810,-7.284061637117423,1,RawaPening,110.41834561771337,2024-08-10,"{""type"":""MultiPoint"",""coordinates"":[]}"
0_73_0,1052,479,430,738,391,1058,3075,3607,3416,3631,3,floating_plants,RA0074_20240810,-7.283486955212423,1,RawaPening,110.4161574627115,2024-08-10,"{""type"":""MultiPoint"",""coordinates"":[]}"
0_74_0,1857,1104,504,811,574,1198,2292,2523,2768,2794,3,floating_plants,RA0075_20240810,-7.282231166263672,1,RawaPening,110.41978293521458,2024-08-10,"{""type"":""MultiPoint"",""coordinates"":[]}"
0_75_0,1755,991,596,963,658,1320,2588,2694,2922,2891,3,floating_plants,RA0076_20240810,-7.282444012095777,1,RawaPening,110.41821690271324,2024-08-10,"{""type"":""MultiPoint"",""coordinates"":[]}"
0_76_0,2086,985,512,789,514,1324,3450,3884,3744,4178,3,floating_plants,RA0077_20240810,-7.281975751131781,1,RawaPening,110.42107008521567,2024-08-10,"{""type"":""MultiPoint"",""coordinates"":[]}"
0_77_0,1366,655,507,834,576,1183,2508,2946,2446,3087,3,floating_plants,RA0078_20240810,-7.282678142394358,1,RawaPening,110.42117734771578,2024-08-10,"{""type"":""MultiPoint"",""coordinates"":[]}"
0_78_0,1048,449,398,641,325,1019,3100,3676,3891,3675,3,floating_plants,RA0079_20240810,-7.283955214597999,1,RawaPening,110.42506025021908,2024-08-10,"{""type"":""MultiPoint"",""coordinates"":[]}"
0_79_0,1389,522,376,640,309,1045,3825,4607,4666,5016,3,floating_plants,RA0080_20240810,-7.284529895902676,1,RawaPening,110.42263611771699,2024-08-10,"{""type"":""MultiPoint"",""coordinates"":[]}"
0_80_0,1018,433,400,682,366,984,2704,3354,3624,3404,3,floating_plants,RA0081_20240810,-7.284168059611569,1,RawaPening,110.42321533521749,2024-08-10,"{""type"":""MultiPoint"",""coordinates"":[]}"
0_81_0,1062,491,444,740,452,995,2732,3010,3043,3229,3,floating_plants,RA0082_20240810,-7.285317420938256,1,RawaPening,110.42362293271785,2024-08-10,"{""type"":""MultiPoint"",""coordinates"":[]}"
0_82_0,740,369,536,760,535,811,1932,1852,2417,2127,3,floating_plants,RA0083_20240810,-7.282295020023916,1,RawaPening,110.42634740022012,2024-08-10,"{""type"":""MultiPoint"",""coordinates"":[]}"
0_83_0,1637,721,420,704,392,1127,3409,3747,4088,4218,3,floating_plants,RA0084_20240810,-7.284508610963339,1,RawaPening,110.42106986798743,2024-08-10,"{""type"":""MultiPoint"",""coordinates"":[]}"
0_84_0,984,427,460,730,438,1011,2582,3099,3736,3351,3,floating_plants,RA0085_20240810,-7.283955214138307,1,RawaPening,110.41952528798613,2024-08-10,"{""type"":""MultiPoint"",""coordinates"":[]}"
0_85_0,475,232,342,580,313,649,1511,1637,2585,1890,3,floating_plants,RA0086_20240810,-7.286913751270245,1,RawaPening,110.41737976386295,2024-08-10,"{""type"":""MultiPoint"",""coordinates"":[]}"
0_86_0,433,199,328,531,281,626,1429,1781,2698,1810,3,floating_plants,RA0087_20240810,-7.287190447941561,1,RawaPening,110.41624278136197,2024-08-10,"{""type"":""MultiPoint"",""coordinates"":[]}"
0_87_0,134,73,270,327,239,535,763,885,719,732,3,floating_plants,RA0088_20240810,-7.2875948504614625,1,RawaPening,110.41525596636114,2024-08-10,"{""type"":""MultiPoint"",""coordinates"":[]}"
0_88_0,356,175,328,415,302,645,1165,1288,1066,1326,3,floating_plants,RA0089_20240810,-7.288722918719239,1,RawaPening,110.41409753136017,2024-08-10,"{""type"":""MultiPoint"",""coordinates"":[]}"
0_89_0,741,356,325,437,320,746,1410,1847,1428,1746,3,floating_plants,RA0090_20240810,-7.286700907560677,1,RawaPening,110.41456948636056,2024-08-10,"{""type"":""MultiPoint"",""coordinates"":[]}"
0_90_0,735,407,492,497,427,807,1589,1806,1465,1809,3,floating_plants,RA0091_20240810,-7.291958117891749,1,RawaPening,110.41813063239618,2024-08-10,"{""type"":""MultiPoint"",""coordinates"":[]}"
0_91_0,869,381,292,582,287,855,2432,2847,3412,2824,3,floating_plants,RA0092_20240810,-7.2914047302685185,1,RawaPening,110.41654314739486,2024-08-10,"{""type"":""MultiPoint"",""coordinates"":[]}"
0_92_0,303,181,416,544,370,497,615,1054,917,804,3,floating_plants,RA0093_20240810,-7.2973642540605965,1,RawaPening,110.42557653771935,2024-08-10,"{""type"":""MultiPoint"",""coordinates"":[]}"
0_93_0,223,116,435,523,386,570,585,597,347,617,3,floating_plants,RA0094_20240810,-7.292937187000371,1,RawaPening,110.44265371043302,2024-08-10,"{""type"":""MultiPoint"",""coordinates"":[]}"
0_94_0,285,203,407,566,376,522,577,681,1330,697,3,floating_plants,RA0095_20240810,-7.274653788091065,1,RawaPening,110.426605528454,2024-08-10,"{""type"":""MultiPoint"",""coordinates"":[]}"
0_95_0,266,150,382,505,343,526,625,786,1034,643,3,floating_plants,RA0096_20240810,-7.275718034218488,1,RawaPening,110.42184307344996,2024-08-10,"{""type"":""MultiPoint"",""coordinates"":[]}"
0_96_0,330,150,398,521,331,508,739,687,1262,760,3,floating_plants,RA0097_20240810,-7.2762501563358,1,RawaPening,110.42669133845405,2024-08-10,"{""type"":""MultiPoint"",""coordinates"":[]}"
0_97_0,491,281,404,639,381,733,1097,1493,2160,1504,3,floating_plants,RA0098_20240810,-7.27839992326524,1,RawaPening,110.42666988595404,2024-08-10,"{""type"":""MultiPoint"",""coordinates"":[]}"
0_98_0,733,386,403,630,381,860,1879,1949,2529,2278,3,floating_plants,RA0099_20240810,-7.280570964854118,1,RawaPening,110.4237092288954,2024-08-10,"{""type"":""MultiPoint"",""coordinates"":[]}"
0_99_0,2047,956,478,771,451,1204,3712,4454,4676,4775,3,floating_plants,RA0100_20240810,-7.281592627971263,1,RawaPening,110.42027651856644,2024-08-10,"{""type"":""MultiPoint"",""coordinates"":[]}"
0_100_0,402,191,444,653,380,648,1193,1193,2664,1340,3,floating_plants,RA0101_20240810,-7.285977237962079,1,RawaPening,110.43272015816021,2024-08-10,"{""type"":""MultiPoint"",""coordinates"":[]}"
0_101_0,440,224,476,642,470,715,1103,1188,1828,1364,3,floating_plants,RA0102_20240810,-7.291553719647022,1,RawaPening,110.4394348165264,2024-08-10,"{""type"":""MultiPoint"",""coordinates"":[]}"
0_102_0,94,65,324,372,266,338,240,260,212,188,2,open_water,RA0103_20240810,-7.293554425256788,0,RawaPening,110.41686694684238,2024-08-10,"{""type"":""MultiPoint"",""coordinates"":[]}"
0_103_0,63,46,304,374,268,332,219,209,157,136,2,open_water,RA0104_20240810,-7.292969113490462,0,RawaPening,110.4181648230935,2024-08-10,"{""type"":""MultiPoint"",""coordinates"":[]}"
0_104_0,63,38,346,449,291,368,200,200,149,155,2,open_water,RA0105_20240810,-7.293245806420821,0,RawaPening,110.4242251543486,2024-08-10,"{""type"":""MultiPoint"",""coordinates"":[]}"
0_105_0,65,47,396,495,331,429,278,275,224,211,2,open_water,RA0106_20240810,-7.2937034135871714,0,RawaPening,110.43118648284639,2024-08-10,"{""type"":""MultiPoint"",""coordinates"":[]}"
0_106_0,61,47,396,486,322,422,254,236,206,193,2,open_water,RA0107_20240810,-7.296864082855468,0,RawaPening,110.42860145918026,2024-08-10,"{""type"":""MultiPoint"",""coordinates"":[]}"
0_107_0,59,43,369,442,310,372,206,197,157,145,2,open_water,RA0108_20240810,-7.297598376558804,0,RawaPening,110.42229442417488,2024-08-10,"{""type"":""MultiPoint"",""coordinates"":[]}"
0_108_0,82,60,389,483,336,450,259,263,217,218,2,open_water,RA0109_20240810,-7.299258514674887,0,RawaPening,110.42160903807363,2024-08-10,"{""type"":""MultiPoint"",""coordinates"":[]}"
0_109_0,71,47,392,486,317,387,250,230,193,167,2,open_water,RA0110_20240810,-7.299471352414351,0,RawaPening,110.42709015182831,2024-08-10,"{""type"":""MultiPoint"",""coordinates"":[]}"
0_110_0,91,61,401,463,315,374,241,223,184,206,2,open_water,RA0111_20240810,-7.303940922289649,0,RawaPening,110.42807687373134,2024-08-10,"{""type"":""MultiPoint"",""coordinates"":[]}"
0_111_0,93,75,404,506,352,446,250,236,183,180,2,open_water,RA0112_20240810,-7.304398518512474,0,RawaPening,110.42292827372695,2024-08-10,"{""type"":""MultiPoint"",""coordinates"":[]}"
0_112_0,92,75,360,440,308,375,238,223,167,158,2,open_water,RA0113_20240810,-7.307420770172097,0,RawaPening,110.42579218247937,2024-08-10,"{""type"":""MultiPoint"",""coordinates"":[]}"
0_113_0,71,69,399,493,324,396,225,237,184,178,2,open_water,RA0114_20240810,-7.3034726838093,0,RawaPening,110.43464133873691,2024-08-10,"{""type"":""MultiPoint"",""coordinates"":[]}"
0_114_0,61,54,414,480,345,400,205,192,143,146,2,open_water,RA0115_20240810,-7.300950572061506,0,RawaPening,110.43796860973136,2024-08-10,"{""type"":""MultiPoint"",""coordinates"":[]}"
0_115_0,72,50,423,494,342,433,256,243,209,186,2,open_water,RA0116_20240810,-7.298077263536062,0,RawaPening,110.43329196472737,2024-08-10,"{""type"":""MultiPoint"",""coordinates"":[]}"
0_116_0,62,52,402,497,339,409,226,226,182,159,2,open_water,RA0117_20240810,-7.293916253988874,0,RawaPening,110.43899925553828,2024-08-10,"{""type"":""MultiPoint"",""coordinates"":[]}"
0_117_0,75,45,426,478,339,403,254,220,181,181,2,open_water,RA0118_20240810,-7.292234811823614,0,RawaPening,110.43890239603192,2024-08-10,"{""type"":""MultiPoint"",""coordinates"":[]}"
0_118_0,85,64,438,490,378,437,272,282,222,228,2,open_water,RA0119_20240810,-7.28987226904267,0,RawaPening,110.4383339047814,2024-08-10,"{""type"":""MultiPoint"",""coordinates"":[]}"
0_119_0,85,52,438,543,359,478,274,274,216,198,2,open_water,RA0120_20240810,-7.28863778227186,0,RawaPening,110.44366485103596,2024-08-10,"{""type"":""MultiPoint"",""coordinates"":[]}"
0_120_0,86,57,452,525,358,430,248,259,191,175,2,open_water,RA0121_20240810,-7.290436300659003,0,RawaPening,110.44408317478631,2024-08-10,"{""type"":""MultiPoint"",""coordinates"":[]}"
0_121_0,101,61,444,492,344,450,304,339,266,253,2,open_water,RA0122_20240810,-7.290638500499433,0,RawaPening,110.44637859228823,2024-08-10,"{""type"":""MultiPoint"",""coordinates"":[]}"
0_122_0,151,71,417,508,350,447,399,438,334,392,2,open_water,RA0123_20240810,-7.293011681275972,0,RawaPening,110.44705434603883,2024-08-10,"{""type"":""MultiPoint"",""coordinates"":[]}"
0_123_0,108,76,474,572,428,526,402,407,345,305,2,open_water,RA0124_20240810,-7.27878304937992,0,RawaPening,110.44617531074815,2024-08-10,"{""type"":""MultiPoint"",""coordinates"":[]}"
0_124_0,80,63,486,560,416,497,273,283,235,217,2,open_water,RA0125_20240810,-7.279357737313382,0,RawaPening,110.44058693449342,2024-08-10,"{""type"":""MultiPoint"",""coordinates"":[]}"
0_125_0,87,49,439,524,354,462,281,282,238,226,2,open_water,RA0126_20240810,-7.279208744216149,0,RawaPening,110.43571721698927,2024-08-10,"{""type"":""MultiPoint"",""coordinates"":[]}"
0_126_0,142,81,511,628,516,712,501,558,432,419,2,open_water,RA0127_20240810,-7.280528395878699,0,RawaPening,110.4497920637764,2024-08-10,"{""type"":""MultiPoint"",""coordinates"":[]}"
0_127_0,165,92,510,640,529,670,538,516,438,424,2,open_water,RA0128_20240810,-7.280815738819325,0,RawaPening,110.450510722527,2024-08-10,"{""type"":""MultiPoint"",""coordinates"":[]}"
0_128_0,177,89,530,695,572,786,635,676,543,541,2,open_water,RA0129_20240810,-7.283614662275166,0,RawaPening,110.45081105752728,2024-08-10,"{""type"":""MultiPoint"",""coordinates"":[]}"
0_129_0,194,96,536,672,540,720,655,621,527,496,2,open_water,RA0130_20240810,-7.285434485598288,0,RawaPening,110.45133688428042,2024-08-10,"{""type"":""MultiPoint"",""coordinates"":[]}"
0_130_0,80,61,428,532,359,436,261,249,210,192,2,open_water,RA0131_20240810,-7.275537112655823,0,RawaPening,110.43529923459762,2024-08-10,"{""type"":""MultiPoint"",""coordinates"":[]}"
0_131_0,85,37,413,554,411,517,274,301,233,205,2,open_water,RA0132_20240810,-7.269747580480565,0,RawaPening,110.4386989024357,2024-08-10,"{""type"":""MultiPoint"",""coordinates"":[]}"
0_132_0,76,54,486,666,512,628,310,321,265,194,2,open_water,RA0133_20240810,-7.269353804471122,0,RawaPening,110.43412951993182,2024-08-10,"{""type"":""MultiPoint"",""coordinates"":[]}"
0_133_0,78,64,394,534,373,438,219,234,192,149,2,open_water,RA0134_20240810,-7.272301794861372,0,RawaPening,110.43263857118055,2024-08-10,"{""type"":""MultiPoint"",""coordinates"":[]}"
0_134_0,115,93,446,586,433,517,263,239,202,179,2,open_water,RA0135_20240810,-7.2689493855074865,0,RawaPening,110.44398694369019,2024-08-10,"{""type"":""MultiPoint"",""coordinates"":[]}"
0_135_0,79,48,385,486,334,425,255,256,213,196,2,open_water,RA0136_20240810,-7.27658007191353,0,RawaPening,110.42977296856506,2024-08-10,"{""type"":""MultiPoint"",""coordinates"":[]}"
0_136_0,80,61,388,465,313,397,249,232,199,190,2,open_water,RA0137_20240810,-7.280634819011652,0,RawaPening,110.42790648210517,2024-08-10,"{""type"":""MultiPoint"",""coordinates"":[]}"
0_137_0,76,55,396,492,340,441,279,262,228,216,2,open_water,RA0138_20240810,-7.281486204764877,0,RawaPening,110.43125307210799,2024-08-10,"{""type"":""MultiPoint"",""coordinates"":[]}"
0_138_0,70,59,384,530,386,502,228,237,173,144,2,open_water,RA0139_20240810,-7.274132306430511,0,RawaPening,110.42415100416278,2024-08-10,"{""type"":""MultiPoint"",""coordinates"":[]}"
0_139_0,89,69,379,494,368,483,256,289,217,160,2,open_water,RA0140_20240810,-7.275132699023827,0,RawaPening,110.42020374415944,2024-08-10,"{""type"":""MultiPoint"",""coordinates"":[]}"
0_140_0,63,51,414,522,418,572,293,314,249,198,2,open_water,RA0141_20240810,-7.269375089309864,0,RawaPening,110.43122192777817,2024-08-10,"{""type"":""MultiPoint"",""coordinates"":[]}"
0_141_0,54,38,395,525,380,477,229,228,176,146,2,open_water,RA0142_20240810,-7.270364849927358,0,RawaPening,110.43331354652992,2024-08-10,"{""type"":""MultiPoint"",""coordinates"":[]}"
0_142_0,68,54,452,551,382,433,260,249,196,188,2,open_water,RA0143_20240810,-7.274270658464683,0,RawaPening,110.43466485231914,2024-08-10,"{""type"":""MultiPoint"",""coordinates"":[]}"
0_143_0,88,72,443,545,412,516,300,282,243,194,2,open_water,RA0144_20240810,-7.272057016547698,0,RawaPening,110.43013837481529,2024-08-10,"{""type"":""MultiPoint"",""coordinates"":[]}"
0_144_0,70,65,383,474,330,410,247,258,206,193,2,open_water,RA0145_20240810,-7.278133863909987,0,RawaPening,110.43115738925455,2024-08-10,"{""type"":""MultiPoint"",""coordinates"":[]}"
0_145_0,92,55,460,550,356,457,301,287,245,233,2,open_water,RA0146_20240810,-7.28416805963452,0,RawaPening,110.43826907662016,2024-08-10,"{""type"":""MultiPoint"",""coordinates"":[]}"
0_146_0,64,52,392,472,345,432,268,253,222,189,2,open_water,RA0147_20240810,-7.286094302780477,0,RawaPening,110.42754153875794,2024-08-10,"{""type"":""MultiPoint"",""coordinates"":[]}"
0_147_0,66,41,397,486,328,413,244,234,186,178,2,open_water,RA0148_20240810,-7.290127679340142,0,RawaPening,110.4249994175058,2024-08-10,"{""type"":""MultiPoint"",""coordinates"":[]}"
0_148_0,68,36,342,433,277,364,215,209,189,170,2,open_water,RA0149_20240810,-7.286466779610184,0,RawaPening,110.4234428363316,2024-08-10,"{""type"":""MultiPoint"",""coordinates"":[]}"
0_149_0,60,44,355,438,290,382,201,202,168,134,2,open_water,RA0150_20240810,-7.287690630199003,0,RawaPening,110.42031077132891,2024-08-10,"{""type"":""MultiPoint"",""coordinates"":[]}"
0_150_0,121,67,558,796,647,790,455,459,365,347,2,open_water,RA0151_20240810,-7.283263467419106,0,RawaPening,110.4197631041682,2024-08-10,"{""type"":""MultiPoint"",""coordinates"":[]}"
0_151_0,105,92,678,924,880,976,526,580,426,372,2,open_water,RA0152_20240810,-7.283050621976034,0,RawaPening,110.4169313741658,2024-08-10,"{""type"":""MultiPoint"",""coordinates"":[]}"
0_152_0,1987,1014,426,648,447,972,2572,3049,3078,3345,1,LEV,RA0153_20240810,-7.2550286338867265,0,RawaPening,110.44723270512317,2024-08-10,"{""type"":""MultiPoint"",""coordinates"":[]}"
0_153_0,2109,1050,360,572,386,938,2425,2876,2863,3181,1,LEV,RA0154_20240810,-7.2551989208721555,0,RawaPening,110.43779360511516,2024-08-10,"{""type"":""MultiPoint"",""coordinates"":[]}"
0_154_0,2148,1835,720,834,881,1297,1539,1814,1714,1933,1,LEV,RA0155_20240810,-7.254858346836847,0,RawaPening,110.41891540509916,2024-08-10,"{""type"":""MultiPoint"",""coordinates"":[]}"
0_155_0,2558,2105,436,607,608,1161,1848,2085,2625,2527,1,LEV,RA0156_20240810,-7.254177197993164,0,RawaPening,110.40243988508519,2024-08-10,"{""type"":""MultiPoint"",""coordinates"":[]}"
0_156_0,2515,2131,903,1038,1046,1392,1708,1970,1691,2091,1,LEV,RA0157_20240810,-7.2676296966832075,0,RawaPening,110.40175340508456,2024-08-10,"{""type"":""MultiPoint"",""coordinates"":[]}"
0_157_0,2951,2662,875,1018,1168,1430,1723,1789,1537,1976,1,LEV,RA0158_20240810,-7.263713187962595,0,RawaPening,110.41805730509842,2024-08-10,"{""type"":""MultiPoint"",""coordinates"":[]}"
0_158_0,1850,819,440,604,333,955,3044,3566,3626,3941,1,LEV,RA0159_20240810,-7.261669778561088,0,RawaPening,110.45855962513278,2024-08-10,"{""type"":""MultiPoint"",""coordinates"":[]}"
0_159_0,2068,902,521,678,422,976,3620,4370,4420,4788,1,LEV,RA0160_20240810,-7.260648070377875,0,RawaPening,110.46662576513961,2024-08-10,"{""type"":""MultiPoint"",""coordinates"":[]}"
0_160_0,1665,887,466,568,483,808,1869,2200,2208,2447,1,LEV,RA0161_20240810,-7.261329209424635,0,RawaPening,110.44345706511996,2024-08-10,"{""type"":""MultiPoint"",""coordinates"":[]}"
0_161_0,1670,1063,486,676,585,1289,1960,2357,2376,2492,1,LEV,RA0162_20240810,-7.274611214497976,0,RawaPening,110.4079317250898,2024-08-10,"{""type"":""MultiPoint"",""coordinates"":[]}"
0_162_0,1361,802,408,628,542,1100,2058,2354,2545,2372,1,LEV,RA0163_20240810,-7.278697906251977,0,RawaPening,110.3976345250811,2024-08-10,"{""type"":""MultiPoint"",""coordinates"":[]}"
0_163_0,1472,710,293,480,305,721,2373,3220,3162,3535,1,LEV,RA0164_20240810,-7.28670090307378,0,RawaPening,110.39317240507728,2024-08-10,"{""type"":""MultiPoint"",""coordinates"":[]}"
0_164_0,1620,819,366,531,330,840,2290,2792,3107,2962,1,LEV,RA0165_20240810,-7.285338700938572,0,RawaPening,110.40020882508327,2024-08-10,"{""type"":""MultiPoint"",""coordinates"":[]}"
0_165_0,1991,924,292,511,301,957,2637,3282,3317,3650,1,LEV,RA0166_20240810,-7.310538769422518,0,RawaPening,110.39969396508283,2024-08-10,"{""type"":""MultiPoint"",""coordinates"":[]}"
0_166_0,1678,763,238,350,264,700,2239,2746,2652,3102,1,LEV,RA0167_20240810,-7.301003775328917,0,RawaPening,110.39660480508024,2024-08-10,"{""type"":""MultiPoint"",""coordinates"":[]}"
0_167_0,1481,864,301,470,323,671,1755,2182,2409,2386,1,LEV,RA0168_20240810,-7.308155039973108,0,RawaPening,110.41325194509436,2024-08-10,"{""type"":""MultiPoint"",""coordinates"":[]}"
0_168_0,1435,639,343,489,292,704,2110,2755,2811,3017,1,LEV,RA0169_20240810,-7.317008828068878,0,RawaPening,110.42063160510061,2024-08-10,"{""type"":""MultiPoint"",""coordinates"":[]}"
0_169_0,1354,573,230,370,244,607,2170,2910,3039,3148,1,LEV,RA0170_20240810,-7.315987246096436,0,RawaPening,110.40947630509115,2024-08-10,"{""type"":""MultiPoint"",""coordinates"":[]}"
0_170_0,1013,610,616,759,864,1173,1383,1421,1401,1502,1,LEV,RA0171_20240810,-7.317008828068878,0,RawaPening,110.43127204510964,2024-08-10,"{""type"":""MultiPoint"",""coordinates"":[]}"
0_171_0,2210,1316,638,902,692,1259,2717,3193,2936,3465,1,LEV,RA0172_20240810,-7.311730629376429,0,RawaPening,110.44517326512144,2024-08-10,"{""type"":""MultiPoint"",""coordinates"":[]}"
0_172_0,961,525,512,750,647,1113,1630,1588,2080,1835,1,LEV,RA0173_20240810,-7.285338700938572,0,RawaPening,110.41102088509246,2024-08-10,"{""type"":""MultiPoint"",""coordinates"":[]}"
0_173_0,2577,2091,1120,1252,1316,1638,2557,2583,2390,2857,1,LEV,RA0174_20240810,-7.295725387588292,0,RawaPening,110.41170736509301,2024-08-10,"{""type"":""MultiPoint"",""coordinates"":[]}"
0_174_0,2461,1915,800,1028,1004,1373,2026,2185,2265,2509,1,LEV,RA0175_20240810,-7.295725387588292,0,RawaPening,110.46233526513599,2024-08-10,"{""type"":""MultiPoint"",""coordinates"":[]}"
0_175_0,2451,1244,580,819,522,1212,3402,3944,3784,4178,1,LEV,RA0176_20240810,-7.293171306651092,0,RawaPening,110.45272454512784,2024-08-10,"{""type"":""MultiPoint"",""coordinates"":[]}"
0_176_0,1581,877,541,695,575,1120,2257,2758,2831,3041,1,LEV,RA0177_20240810,-7.316668301004599,0,RawaPening,110.45049348512592,2024-08-10,"{""type"":""MultiPoint"",""coordinates"":[]}"
0_177_0,1979,1157,561,834,717,1346,2614,2955,2822,3125,1,LEV,RA0178_20240810,-7.314284604279076,0,RawaPening,110.42595182510512,2024-08-10,"{""type"":""MultiPoint"",""coordinates"":[]}"
0_178_0,2503,2490,888,1020,1206,1492,1609,1803,1447,1733,1,LEV,RA0179_20240810,-7.2609886400302015,0,RawaPening,110.40552904508777,2024-08-10,"{""type"":""MultiPoint"",""coordinates"":[]}"
0_179_0,2214,1587,522,766,682,1329,2192,2459,2808,2819,1,LEV,RA0180_20240810,-7.260818355236301,0,RawaPening,110.4304139451089,2024-08-10,"{""type"":""MultiPoint"",""coordinates"":[]}"
0_180_0,1695,795,470,716,448,1143,3055,3522,3693,3861,1,LEV,RA0181_20240810,-7.269715652133259,0,RawaPening,110.43660290550046,2024-08-10,"{""type"":""MultiPoint"",""coordinates"":[]}"
0_181_0,749,445,659,816,852,1193,1511,1573,1466,1649,1,LEV,RA0182_20240810,-7.267714840580196,0,RawaPening,110.43533720799941,2024-08-10,"{""type"":""MultiPoint"",""coordinates"":[]}"
0_182_0,548,315,567,760,686,1001,1190,1247,1183,1319,1,LEV,RA0183_20240810,-7.267565843618678,0,RawaPening,110.43211933299666,2024-08-10,"{""type"":""MultiPoint"",""coordinates"":[]}"
0_183_0,1095,662,556,780,708,1122,1412,1482,1413,1490,1,LEV,RA0184_20240810,-7.271737739859922,0,RawaPening,110.42555486799107,2024-08-10,"{""type"":""MultiPoint"",""coordinates"":[]}"
0_184_0,328,181,618,762,756,1011,1084,1151,1193,1175,1,LEV,RA0185_20240810,-7.2697795076743725,0,RawaPening,110.42821497799336,2024-08-10,"{""type"":""MultiPoint"",""coordinates"":[]}"
0_185_0,1507,736,330,526,271,682,2615,3721,3171,3749,1,LEV,RA0186_20240810,-7.271971876350967,0,RawaPening,110.41935339903672,2024-08-10,"{""type"":""MultiPoint"",""coordinates"":[]}"
0_186_0,784,438,430,606,464,883,1573,1740,1672,1743,1,LEV,RA0187_20240810,-7.275462615070283,0,RawaPening,110.41808770153565,2024-08-10,"{""type"":""MultiPoint"",""coordinates"":[]}"
0_187_0,436,240,542,691,615,914,1192,1270,1117,1172,1,LEV,RA0188_20240810,-7.273355404090594,0,RawaPening,110.42031876153754,2024-08-10,"{""type"":""MultiPoint"",""coordinates"":[]}"
0_188_0,939,522,512,720,660,1094,1542,1686,1561,1727,1,LEV,RA0189_20240810,-7.2789107571486955,0,RawaPening,110.41832367903586,2024-08-10,"{""type"":""MultiPoint"",""coordinates"":[]}"
0_189_0,929,591,582,767,750,1118,1396,1461,1316,1538,1,LEV,RA0190_20240810,-7.271397178959706,0,RawaPening,110.42731227654347,2024-08-10,"{""type"":""MultiPoint"",""coordinates"":[]}"
0_190_0,2566,2179,747,874,914,1101,1503,1684,1655,1921,1,LEV,RA0191_20240810,-7.276654568311224,0,RawaPening,110.45241770637395,2024-08-10,"{""type"":""MultiPoint"",""coordinates"":[]}"
0_191_0,720,454,682,904,1044,1207,1260,1399,1349,1414,1,LEV,RA0192_20240810,-7.273440544015998,0,RawaPening,110.45179558387343,2024-08-10,"{""type"":""MultiPoint"",""coordinates"":[]}"
0_192_0,1292,663,514,668,513,864,2097,2593,2445,2775,1,LEV,RA0193_20240810,-7.283721084746501,0,RawaPening,110.4543927535313,2024-08-10,"{""type"":""MultiPoint"",""coordinates"":[]}"
0_193_0,1148,578,524,633,516,830,1820,2220,2092,2357,1,LEV,RA0194_20240810,-7.286041091152699,0,RawaPening,110.45434984853127,2024-08-10,"{""type"":""MultiPoint"",""coordinates"":[]}"
0_195_0,2145,1198,536,749,554,1180,2665,3128,3124,3342,1,LEV,RA0196_20240810,-7.2868818249481135,0,RawaPening,110.45472723785201,2024-08-10,"{""type"":""MultiPoint"",""coordinates"":[]}"
0_196_0,1846,821,508,768,448,1133,3449,3995,3897,4402,1,LEV,RA0197_20240810,-7.288148243019743,0,RawaPening,110.45397640035141,2024-08-10,"{""type"":""MultiPoint"",""coordinates"":[]}"
0_197_0,2709,2411,920,1078,1240,1297,1682,1753,1865,1905,1,LEV,RA0198_20240810,-7.292703062106875,0,RawaPening,110.46058451255348,2024-08-10,"{""type"":""MultiPoint"",""coordinates"":[]}"
0_198_0,1152,632,553,708,486,939,2057,2463,2478,2500,1,LEV,RA0199_20240810,-7.290851342379064,0,RawaPening,110.45622965504978,2024-08-10,"{""type"":""MultiPoint"",""coordinates"":[]}"
0_199_0,1920,872,538,808,470,1152,3384,3903,4008,4234,1,LEV,RA0200_20240810,-7.291755919064859,0,RawaPening,110.45258273004669,2024-08-10,"{""type"":""MultiPoint"",""coordinates"":[]}"
0_200_0,2192,1121,576,780,554,1186,3210,3725,3640,4090,1,LEV,RA0201_20240810,-7.290979047433732,0,RawaPening,110.45311904254713,2024-08-10,"{""type"":""MultiPoint"",""coordinates"":[]}"
0_201_0,2133,1263,633,896,718,1336,2517,2867,2968,3016,1,LEV,RA0202_20240810,-7.298396520731453,0,RawaPening,110.45464161663367,2024-08-10,"{""type"":""MultiPoint"",""coordinates"":[]}"
1_202_0,1998,860,296,715,327,1225,4532,5321,5583,5596,1,LEV,RA0001_20231015,-7.283593377753056,0,RawaPening,110.43166979767915,2023-10-15,"{""type"":""MultiPoint"",""coordinates"":[]}"
1_203_0,2028,904,303,662,343,1262,4393,5400,5511,5761,1,LEV,RA0002_20231015,-7.2844234734044715,0,RawaPening,110.43087605517847,2023-10-15,"{""type"":""MultiPoint"",""coordinates"":[]}"
2_204_0,1311,530,258,553,256,1137,3454,3928,3885,4229,3,floating_plants,RA0001_20250626,-7.292069860225903,1,RawaPening,110.44950500999116,2025-06-26,"{""type"":""MultiPoint"",""coordinates"":[]}"
2_205_0,1314,504,275,555,256,1134,3370,3890,3684,4208,3,floating_plants,RA0002_20250626,-7.293820475650752,1,RawaPening,110.44847513045603,2025-06-26,"{""type"":""MultiPoint"",""coordinates"":[]}"
2_206_0,1269,498,289,552,258,1146,3376,3852,3700,4072,3,floating_plants,RA0003_20250626,-7.29546998553053,1,RawaPening,110.44696226327245,2025-06-26,"{""type"":""MultiPoint"",""coordinates"":[]}"
2_207_0,1327,512,280,560,258,1124,3527,4160,4039,4437,3,floating_plants,RA0004_20250626,-7.2960020841949405,1,RawaPening,110.44863607377341,2025-06-26,"{""type"":""MultiPoint"",""coordinates"":[]}"
2_208_0,1190,456,282,524,256,1089,3132,3540,3356,3884,3,floating_plants,RA0005_20250626,-7.292309306425973,1,RawaPening,110.44853950778297,2025-06-26,"{""type"":""MultiPoint"",""coordinates"":[]}"
2_209_0,1239,495,264,542,260,1108,3315,3806,3630,4005,3,floating_plants,RA0006_20250626,-7.290702353274508,1,RawaPening,110.45046009803728,2025-06-26,"{""type"":""MultiPoint"",""coordinates"":[]}"
2_210_0,1271,501,293,570,259,1117,3289,3813,3821,4007,3,floating_plants,RA0007_20250626,-7.289638142352873,1,RawaPening,110.45135063597311,2025-06-26,"{""type"":""MultiPoint"",""coordinates"":[]}"
2_211_0,1295,529,284,565,264,1174,3428,3905,3921,4268,3,floating_plants,RA0008_20250626,-7.289733921406722,1,RawaPening,110.45005235987941,2025-06-26,"{""type"":""MultiPoint"",""coordinates"":[]}"
2_212_0,1264,521,284,552,258,1175,3404,3671,3600,4057,3,floating_plants,RA0009_20250626,-7.286966962712458,1,RawaPening,110.4520265979062,2025-06-26,"{""type"":""MultiPoint"",""coordinates"":[]}"
2_213_0,1289,511,260,562,254,1140,3393,3850,3907,4221,3,floating_plants,RA0010_20250626,-7.288244022694958,1,RawaPening,110.45095364245687,2025-06-26,"{""type"":""MultiPoint"",""coordinates"":[]}"
2_214_0,188,96,254,392,216,333,368,644,941,309,3,floating_plants,RA0011_20250626,-7.287999253146943,1,RawaPening,110.44740215991955,2025-06-26,"{""type"":""MultiPoint"",""coordinates"":[]}"
2_215_0,342,136,272,458,240,486,993,978,2079,1073,3,floating_plants,RA0012_20250626,-7.2884781499635265,1,RawaPening,110.44759529190044,2025-06-26,"{""type"":""MultiPoint"",""coordinates"":[]}"
2_216_0,493,242,286,508,272,632,1300,1788,2471,1681,3,floating_plants,RA0013_20250626,-7.286626412769075,1,RawaPening,110.44938712750083,2025-06-26,"{""type"":""MultiPoint"",""coordinates"":[]}"
2_217_0,1473,685,308,579,376,1180,3022,3340,3200,3838,3,floating_plants,RA0014_20250626,-7.287073384516703,1,RawaPening,110.44835709026948,2025-06-26,"{""type"":""MultiPoint"",""coordinates"":[]}"
2_218_0,1136,464,275,520,251,1080,3053,3467,3405,3663,3,floating_plants,RA0015_20250626,-7.29754516704355,1,RawaPening,110.44808884781499,2025-06-26,"{""type"":""MultiPoint"",""coordinates"":[]}"
2_219_0,1252,513,300,532,262,1080,3204,3653,3508,4016,3,floating_plants,RA0016_20250626,-7.298524223556438,1,RawaPening,110.44867897331211,2025-06-26,"{""type"":""MultiPoint"",""coordinates"":[]}"
2_220_0,1749,745,319,623,296,1289,4074,4676,4362,4825,3,floating_plants,RA0017_20250626,-7.29916273751918,1,RawaPening,110.44944077168113,2025-06-26,"{""type"":""MultiPoint"",""coordinates"":[]}"
2_221_0,1319,528,291,575,260,1107,3301,3834,3676,4103,3,floating_plants,RA0018_20250626,-7.300280135260381,1,RawaPening,110.44549251618675,2025-06-26,"{""type"":""MultiPoint"",""coordinates"":[]}"
2_222_0,1388,537,280,559,269,1136,3493,4028,3932,4384,3,floating_plants,RA0019_20250626,-7.301972188625889,1,RawaPening,110.44654401252708,2025-06-26,"{""type"":""MultiPoint"",""coordinates"":[]}"
2_223_0,1296,502,288,556,268,1109,3228,3753,3592,3992,3,floating_plants,RA0020_20250626,-7.300993139660306,1,RawaPening,110.44791739550224,2025-06-26,"{""type"":""MultiPoint"",""coordinates"":[]}"
2_224_0,1311,519,271,566,267,1128,3344,3759,3675,3947,3,floating_plants,RA0021_20250626,-7.30157844093005,1,RawaPening,110.44970923110266,2025-06-26,"{""type"":""MultiPoint"",""coordinates"":[]}"
2_225_0,1201,480,292,522,253,1079,3096,3514,3309,3739,3,floating_plants,RA0022_20250626,-7.306303390412251,1,RawaPening,110.44032169568297,2025-06-26,"{""type"":""MultiPoint"",""coordinates"":[]}"
2_226_0,1205,498,278,535,263,1066,3065,3443,3290,3769,3,floating_plants,RA0023_20250626,-7.307665528729158,1,RawaPening,110.43959208597738,2025-06-26,"{""type"":""MultiPoint"",""coordinates"":[]}"
2_227_0,1315,520,296,579,266,1140,3441,3873,3701,4133,3,floating_plants,RA0024_20250626,-7.307452694890861,1,RawaPening,110.43778952082253,2025-06-26,"{""type"":""MultiPoint"",""coordinates"":[]}"
2_228_0,1354,507,285,579,266,1147,3569,4154,4041,4555,3,floating_plants,RA0025_20250626,-7.306665208807686,1,RawaPening,110.43300413951846,2025-06-26,"{""type"":""MultiPoint"",""coordinates"":[]}"
2_229_0,1292,521,281,552,272,1170,3394,3830,3680,4055,3,floating_plants,RA0026_20250626,-7.300620674839075,1,RawaPening,110.44135173578806,2025-06-26,"{""type"":""MultiPoint"",""coordinates"":[]}"
2_230_0,1304,523,309,568,278,1137,3347,3787,3640,4169,3,floating_plants,RA0027_20250626,-7.301365604215323,1,RawaPening,110.44102984915322,2025-06-26,"{""type"":""MultiPoint"",""coordinates"":[]}"
2_231_0,1213,509,293,558,270,1159,3310,3731,3576,3850,3,floating_plants,RA0028_20250626,-7.3015784409520466,1,RawaPening,110.43972084350507,2025-06-26,"{""type"":""MultiPoint"",""coordinates"":[]}"
2_232_0,1068,437,276,522,256,1000,2717,3065,2930,3245,3,floating_plants,RA0029_20250626,-7.303195996840267,1,RawaPening,110.43871226538269,2025-06-26,"{""type"":""MultiPoint"",""coordinates"":[]}"
2_233_0,1043,423,290,517,268,984,2618,2877,2756,3156,3,floating_plants,RA0030_20250626,-7.301174051065639,1,RawaPening,110.43070801773061,2025-06-26,"{""type"":""MultiPoint"",""coordinates"":[]}"
2_234_0,999,409,304,511,262,942,2522,2815,2708,3087,3,floating_plants,RA0031_20250626,-7.302067965062027,1,RawaPening,110.43145908654516,2025-06-26,"{""type"":""MultiPoint"",""coordinates"":[]}"
2_235_0,1039,444,276,532,265,1027,2787,3108,2839,3100,3,floating_plants,RA0032_20250626,-7.303323698519565,1,RawaPening,110.42959245155296,2025-06-26,"{""type"":""MultiPoint"",""coordinates"":[]}"
2_236_0,1022,431,299,519,270,982,2598,2904,2967,3138,3,floating_plants,RA0033_20250626,-7.302046681564105,1,RawaPening,110.4300001746237,2025-06-26,"{""type"":""MultiPoint"",""coordinates"":[]}"
2_237_0,1354,518,284,574,262,1165,3588,4082,4040,4480,3,floating_plants,RA0034_20250626,-7.30670777580835,1,RawaPening,110.43442075107501,2025-06-26,"{""type"":""MultiPoint"",""coordinates"":[]}"
2_238_0,1227,528,282,540,278,1078,2941,3305,3396,3758,3,floating_plants,RA0035_20250626,-7.307750662386007,1,RawaPening,110.4340559462222,2025-06-26,"{""type"":""MultiPoint"",""coordinates"":[]}"
2_239_0,1262,497,273,580,265,1136,3322,3789,3748,4043,3,floating_plants,RA0036_20250626,-7.307984779446407,1,RawaPening,110.43648082553771,2025-06-26,"{""type"":""MultiPoint"",""coordinates"":[]}"
2_240_0,1335,532,289,576,271,1159,3405,3919,3892,4235,3,floating_plants,RA0037_20250626,-7.310176960517488,1,RawaPening,110.43624477821258,2025-06-26,"{""type"":""MultiPoint"",""coordinates"":[]}"
2_241_0,1325,520,280,544,266,1119,3282,3764,3647,3992,3,floating_plants,RA0038_20250626,-7.310474926045601,1,RawaPening,110.4345280494937,2025-06-26,"{""type"":""MultiPoint"",""coordinates"":[]}"
2_242_0,1201,497,287,550,266,1091,3025,3429,3224,3620,3,floating_plants,RA0039_20250626,-7.309623595437979,1,RawaPening,110.43268256612079,2025-06-26,"{""type"":""MultiPoint"",""coordinates"":[]}"
2_243_0,1283,488,279,556,268,1132,3197,3637,3319,3776,3,floating_plants,RA0040_20250626,-7.309900278063456,1,RawaPening,110.43178128354333,2025-06-26,"{""type"":""MultiPoint"",""coordinates"":[]}"
2_244_0,1324,539,286,549,305,1127,3291,3867,3651,4109,3,floating_plants,RA0041_20250626,-7.309368195939291,1,RawaPening,110.43841214822027,2025-06-26,"{""type"":""MultiPoint"",""coordinates"":[]}"
2_245_0,1264,499,269,540,262,1101,3256,3730,3676,4069,3,floating_plants,RA0042_20250626,-7.30700574365435,1,RawaPening,110.44040784535603,2025-06-26,"{""type"":""MultiPoint"",""coordinates"":[]}"
2_246_0,1287,508,292,556,261,1114,3378,3766,3763,4082,3,floating_plants,RA0043_20250626,-7.281720335304787,1,RawaPening,110.45023554108805,2025-06-26,"{""type"":""MultiPoint"",""coordinates"":[]}"
2_247_0,1396,537,259,572,260,1152,3610,4179,4149,4538,3,floating_plants,RA0044_20250626,-7.281848042961645,1,RawaPening,110.4509866099026,2025-06-26,"{""type"":""MultiPoint"",""coordinates"":[]}"
2_248_0,1116,480,298,562,283,1063,3023,3244,3420,3373,3,floating_plants,RA0045_20250626,-7.278485062533351,1,RawaPening,110.45042867306894,2025-06-26,"{""type"":""MultiPoint"",""coordinates"":[]}"
2_249_0,1049,435,296,542,263,995,2697,2927,3304,3235,3,floating_plants,RA0046_20250626,-7.283082548436163,1,RawaPening,110.44439866344368,2025-06-26,"{""type"":""MultiPoint"",""coordinates"":[]}"
2_250_0,1086,442,278,538,268,996,2674,3088,3046,3323,3,floating_plants,RA0047_20250626,-7.286764760088584,1,RawaPening,110.44514973225817,2025-06-26,"{""type"":""MultiPoint"",""coordinates"":[]}"
2_251_0,1065,436,293,510,260,1032,2749,3049,2938,3240,3,floating_plants,RA0048_20250626,-7.284827877961658,1,RawaPening,110.44478492740542,2025-06-26,"{""type"":""MultiPoint"",""coordinates"":[]}"
2_252_0,1005,425,274,508,252,956,2493,2786,2783,3003,3,floating_plants,RA0049_20250626,-7.28489173135203,1,RawaPening,110.44615831038055,2025-06-26,"{""type"":""MultiPoint"",""coordinates"":[]}"
2_253_0,1081,434,289,526,265,1038,2800,3124,2980,3367,3,floating_plants,RA0050_20250626,-7.287594850335551,1,RawaPening,110.4423600926328,2025-06-26,"{""type"":""MultiPoint"",""coordinates"":[]}"
2_254_0,907,377,280,504,254,885,2336,2495,2562,2672,3,floating_plants,RA0051_20250626,-7.28795668385974,1,RawaPening,110.44403390313376,2025-06-26,"{""type"":""MultiPoint"",""coordinates"":[]}"
2_255_0,1141,464,264,518,244,1118,2947,3360,3099,3642,3,floating_plants,RA0052_20250626,-7.276292726123915,1,RawaPening,110.4416733623498,2025-06-26,"{""type"":""MultiPoint"",""coordinates"":[]}"
2_256_0,1161,489,254,558,264,1202,3069,3519,3437,3860,3,floating_plants,RA0053_20250626,-7.275569039958559,1,RawaPening,110.44296090888902,2025-06-26,"{""type"":""MultiPoint"",""coordinates"":[]}"
2_257_0,1260,550,292,531,290,1177,3078,3626,3487,3947,3,floating_plants,RA0054_20250626,-7.275398760691229,1,RawaPening,110.44952739623898,2025-06-26,"{""type"":""MultiPoint"",""coordinates"":[]}"
2_258_0,1311,552,268,566,286,1139,3150,3597,3502,3984,3,floating_plants,RA0055_20250626,-7.272525287522706,1,RawaPening,110.44849738199746,2025-06-26,"{""type"":""MultiPoint"",""coordinates"":[]}"
2_259_0,836,381,232,453,233,848,2239,2559,2622,2657,3,floating_plants,RA0056_20250626,-7.284572464932826,1,RawaPening,110.43096629576262,2025-06-26,"{""type"":""MultiPoint"",""coordinates"":[]}"
2_260_0,1182,489,240,526,228,1056,3006,3574,3446,3860,3,floating_plants,RA0057_20250626,-7.283572093392835,1,RawaPening,110.42392770801497,2025-06-26,"{""type"":""MultiPoint"",""coordinates"":[]}"
2_261_0,1101,433,308,516,250,1034,2985,3343,3364,3551,3,floating_plants,RA0058_20250626,-7.289169888822953,1,RawaPening,110.4161384365333,2025-06-26,"{""type"":""MultiPoint"",""coordinates"":[]}"
2_262_0,783,309,285,456,238,863,2227,2414,2499,2548,3,floating_plants,RA0059_20250626,-7.289318878609178,1,RawaPening,110.41753327861747,2025-06-26,"{""type"":""MultiPoint"",""coordinates"":[]}"
2_263_0,771,279,253,410,208,782,2225,2506,2326,2639,3,floating_plants,RA0060_20250626,-7.294661193903381,1,RawaPening,110.41755473772643,2025-06-26,"{""type"":""MultiPoint"",""coordinates"":[]}"
2_264_0,887,344,268,479,226,945,2695,3039,2823,3206,3,floating_plants,RA0061_20250626,-7.294341933824168,1,RawaPening,110.41912125268247,2025-06-26,"{""type"":""MultiPoint"",""coordinates"":[]}"
2_265_0,704,275,250,411,204,768,2155,2440,2337,2566,3,floating_plants,RA0062_20250626,-7.292596641366449,1,RawaPening,110.41940022109928,2025-06-26,"{""type"":""MultiPoint"",""coordinates"":[]}"
2_266_0,786,360,291,472,245,769,1999,2314,2614,2133,3,floating_plants,RA0063_20250626,-7.288265306876214,1,RawaPening,110.41858479794769,2025-06-26,"{""type"":""MultiPoint"",""coordinates"":[]}"
2_267_0,685,286,274,473,248,804,2096,2338,2766,2375,3,floating_plants,RA0064_20250626,-7.288999614682869,1,RawaPening,110.41480799476604,2025-06-26,"{""type"":""MultiPoint"",""coordinates"":[]}"
2_268_0,761,310,335,580,297,927,2225,2431,2568,2510,3,floating_plants,RA0065_20250626,-7.290074468866931,1,RawaPening,110.41426078748687,2025-06-26,"{""type"":""MultiPoint"",""coordinates"":[]}"
2_269_0,557,262,271,392,215,737,1832,2108,1808,2045,3,floating_plants,RA0066_20250626,-7.293884327849166,1,RawaPening,110.41684640680299,2025-06-26,"{""type"":""MultiPoint"",""coordinates"":[]}"
2_270_0,704,299,294,460,242,848,2239,2561,2255,2543,3,floating_plants,RA0067_20250626,-7.2945441324364095,1,RawaPening,110.4165030610592,2025-06-26,"{""type"":""MultiPoint"",""coordinates"":[]}"
2_271_0,698,321,276,429,263,804,2122,2171,2231,2336,3,floating_plants,RA0068_20250626,-7.293213880256254,1,RawaPening,110.41783352581638,2025-06-26,"{""type"":""MultiPoint"",""coordinates"":[]}"
2_272_0,665,262,311,449,236,802,1966,2111,2456,2248,3,floating_plants,RA0069_20250626,-7.294416428583532,1,RawaPening,110.42759697425798,2025-06-26,"{""type"":""MultiPoint"",""coordinates"":[]}"
2_273_0,909,390,274,524,271,945,2347,2625,3024,2984,3,floating_plants,RA0070_20250626,-7.296438404902438,1,RawaPening,110.4276828106939,2025-06-26,"{""type"":""MultiPoint"",""coordinates"":[]}"
2_274_0,872,370,300,532,270,924,2331,2701,2986,2878,3,floating_plants,RA0071_20250626,-7.297928276344011,1,RawaPening,110.429163489214,2025-06-26,"{""type"":""MultiPoint"",""coordinates"":[]}"
2_275_0,716,315,298,518,281,811,1972,2196,2782,2393,3,floating_plants,RA0072_20250626,-7.299194663168396,1,RawaPening,110.42912057099603,2025-06-26,"{""type"":""MultiPoint"",""coordinates"":[]}"
2_276_0,686,289,288,512,249,847,1963,2299,2403,2177,3,floating_plants,RA0073_20250626,-7.298396520629535,1,RawaPening,110.42613775484686,2025-06-26,"{""type"":""MultiPoint"",""coordinates"":[]}"
2_277_0,838,349,311,537,254,925,2360,2587,2788,2726,3,floating_plants,RA0074_20250626,-7.299971520955256,1,RawaPening,110.4298822299889,2025-06-26,"{""type"":""MultiPoint"",""coordinates"":[]}"
2_278_0,627,273,280,502,246,775,1754,1998,2386,2174,3,floating_plants,RA0075_20250626,-7.3001205071460165,1,RawaPening,110.4262985587881,2025-06-26,"{""type"":""MultiPoint"",""coordinates"":[]}"
2_279_0,733,301,301,516,247,777,1960,2070,2886,2573,3,floating_plants,RA0076_20250626,-7.300876079206505,1,RawaPening,110.42619126324318,2025-06-26,"{""type"":""MultiPoint"",""coordinates"":[]}"
2_280_0,816,341,288,470,252,904,2170,2431,2119,2446,3,floating_plants,RA0077_20250626,-7.302153099505249,1,RawaPening,110.42593375393534,2025-06-26,"{""type"":""MultiPoint"",""coordinates"":[]}"
2_281_0,689,282,276,499,252,690,1672,1807,2458,1948,3,floating_plants,RA0078_20250626,-7.299535203968231,1,RawaPening,110.43330495787227,2025-06-26,"{""type"":""MultiPoint"",""coordinates"":[]}"
2_282_0,806,366,295,521,286,916,2264,2680,2632,2609,3,floating_plants,RA0079_20250626,-7.300003446571725,1,RawaPening,110.43467834084741,2025-06-26,"{""type"":""MultiPoint"",""coordinates"":[]}"
2_283_0,540,217,263,457,238,633,1357,1434,1997,1697,3,floating_plants,RA0080_20250626,-7.300695167702638,1,RawaPening,110.4348929319373,2025-06-26,"{""type"":""MultiPoint"",""coordinates"":[]}"
2_284_0,832,359,296,489,265,881,2287,2422,2540,2711,3,floating_plants,RA0081_20250626,-7.302014755815682,1,RawaPening,110.43643798778433,2025-06-26,"{""type"":""MultiPoint"",""coordinates"":[]}"
2_285_0,722,308,284,469,245,839,2047,2233,2327,2232,3,floating_plants,RA0082_20250626,-7.302631981176986,1,RawaPening,110.43780064120497,2025-06-26,"{""type"":""MultiPoint"",""coordinates"":[]}"
2_286_0,726,324,282,478,252,902,2154,2377,2514,2491,3,floating_plants,RA0083_20250626,-7.303249205686205,1,RawaPening,110.43498949792776,2025-06-26,"{""type"":""MultiPoint"",""coordinates"":[]}"
2_287_0,874,352,302,518,263,862,2200,2434,2600,2552,3,floating_plants,RA0084_20250626,-7.30228080133453,1,RawaPening,110.43272556192963,2025-06-26,"{""type"":""MultiPoint"",""coordinates"":[]}"
2_288_0,586,255,275,486,248,684,1636,1831,2034,1625,3,floating_plants,RA0085_20250626,-7.301652933656035,1,RawaPening,110.43274702103861,2025-06-26,"{""type"":""MultiPoint"",""coordinates"":[]}"
2_289_0,461,199,290,452,237,653,1436,1508,2010,1426,3,floating_plants,RA0086_20250626,-7.301088916176224,1,RawaPening,110.43219981375944,2025-06-26,"{""type"":""MultiPoint"",""coordinates"":[]}"
2_290_0,420,179,289,431,241,556,1190,1178,1579,1461,3,floating_plants,RA0087_20250626,-7.300397195654349,1,RawaPening,110.4317813611342,2025-06-26,"{""type"":""MultiPoint"",""coordinates"":[]}"
2_291_0,569,248,270,440,238,599,1375,1513,2056,1761,3,floating_plants,RA0088_20250626,-7.30333434003443,1,RawaPening,110.43254315950324,2025-06-26,"{""type"":""MultiPoint"",""coordinates"":[]}"
2_292_0,191,101,248,386,211,387,602,653,826,569,3,floating_plants,RA0089_20250626,-7.3013443204061526,1,RawaPening,110.43540795055297,2025-06-26,"{""type"":""MultiPoint"",""coordinates"":[]}"
2_293_0,558,245,280,461,242,655,1524,1616,2033,1881,3,floating_plants,RA0090_20250626,-7.303504608682142,1,RawaPening,110.43662039021072,2025-06-26,"{""type"":""MultiPoint"",""coordinates"":[]}"
2_294_0,920,378,288,494,255,902,2379,2668,2474,2712,3,floating_plants,RA0091_20250626,-7.302727757769543,1,RawaPening,110.430579460646,2025-06-26,"{""type"":""MultiPoint"",""coordinates"":[]}"
2_295_0,481,226,275,399,230,620,1305,1481,1153,1505,3,floating_plants,RA0092_20250626,-7.304313384193089,1,RawaPening,110.43172752297679,2025-06-26,"{""type"":""MultiPoint"",""coordinates"":[]}"
2_296_0,230,106,260,392,215,388,553,599,1050,698,3,floating_plants,RA0093_20250626,-7.304749696517485,1,RawaPening,110.43138417723299,2025-06-26,"{""type"":""MultiPoint"",""coordinates"":[]}"
2_297_0,606,258,293,482,258,686,1767,1949,2167,1785,3,floating_plants,RA0094_20250626,-7.305494619013862,1,RawaPening,110.43437772293662,2025-06-26,"{""type"":""MultiPoint"",""coordinates"":[]}"
2_298_0,772,346,264,517,262,798,2042,2250,2713,2343,3,floating_plants,RA0095_20250626,-7.305728737256271,1,RawaPening,110.43681333180663,2025-06-26,"{""type"":""MultiPoint"",""coordinates"":[]}"
2_299_0,594,258,280,466,233,706,1771,1938,1883,1807,3,floating_plants,RA0096_20250626,-7.304175041171999,1,RawaPening,110.43687770913363,2025-06-26,"{""type"":""MultiPoint"",""coordinates"":[]}"
2_300_0,989,425,270,515,251,1000,2784,3022,2969,3230,3,floating_plants,RA0097_20250626,-7.305441410305298,1,RawaPening,110.43899143136878,2025-06-26,"{""type"":""MultiPoint"",""coordinates"":[]}"
2_301_0,739,336,309,518,275,746,1616,1742,2867,2449,3,floating_plants,RA0098_20250626,-7.304494294232923,1,RawaPening,110.44097639895008,2025-06-26,"{""type"":""MultiPoint"",""coordinates"":[]}"
2_302_0,692,359,324,544,325,722,1380,1598,2514,1831,3,floating_plants,RA0099_20250626,-7.302568130636849,1,RawaPening,110.44177038598257,2025-06-26,"{""type"":""MultiPoint"",""coordinates"":[]}"
2_303_0,734,369,290,430,310,787,1665,1811,1039,1992,3,floating_plants,RA0100_20250626,-7.3034088328955376,1,RawaPening,110.44092275117762,2025-06-26,"{""type"":""MultiPoint"",""coordinates"":[]}"
2_304_0,173,106,505,819,683,859,508,551,427,392,2,open_water,RA0101_20250626,-7.29240508333763,0,RawaPening,110.4545283959932,2025-06-26,"{""type"":""MultiPoint"",""coordinates"":[]}"
2_305_0,104,48,251,332,217,284,195,219,154,149,2,open_water,RA0102_20250626,-7.28629650442581,0,RawaPening,110.4477472370888,2025-06-26,"{""type"":""MultiPoint"",""coordinates"":[]}"
2_306_0,103,60,221,338,218,300,179,203,157,157,2,open_water,RA0103_20250626,-7.285317421176085,0,RawaPening,110.45081588967388,2025-06-26,"{""type"":""MultiPoint"",""coordinates"":[]}"
2_307_0,120,55,254,330,209,298,226,241,198,216,2,open_water,RA0104_20250626,-7.288637781783187,0,RawaPening,110.44989314798747,2025-06-26,"{""type"":""MultiPoint"",""coordinates"":[]}"
2_308_0,108,66,254,343,211,303,211,271,228,229,2,open_water,RA0105_20250626,-7.290957762730851,0,RawaPening,110.44914207917292,2025-06-26,"{""type"":""MultiPoint"",""coordinates"":[]}"
2_309_0,66,50,215,275,172,211,178,193,167,165,2,open_water,RA0106_20250626,-7.288722918911078,0,RawaPening,110.43613785912696,2025-06-26,"{""type"":""MultiPoint"",""coordinates"":[]}"
2_310_0,66,52,195,264,167,222,185,156,155,125,2,open_water,RA0107_20250626,-7.28404035285337,0,RawaPening,110.43038681791853,2025-06-26,"{""type"":""MultiPoint"",""coordinates"":[]}"
2_311_0,71,61,184,230,153,229,181,184,147,163,2,open_water,RA0108_20250626,-7.285615403261174,0,RawaPening,110.42538684552463,2025-06-26,"{""type"":""MultiPoint"",""coordinates"":[]}"
2_312_0,79,52,197,241,164,218,193,218,176,171,2,open_water,RA0109_20250626,-7.28657320147827,0,RawaPening,110.42206068363166,2025-06-26,"{""type"":""MultiPoint"",""coordinates"":[]}"
2_313_0,62,45,201,250,144,196,161,172,129,145,2,open_water,RA0110_20250626,-7.288829340298212,0,RawaPening,110.42680314671775,2025-06-26,"{""type"":""MultiPoint"",""coordinates"":[]}"
2_314_0,65,49,220,284,177,240,171,163,133,147,2,open_water,RA0111_20250626,-7.292107106638467,0,RawaPening,110.42339114838889,2025-06-26,"{""type"":""MultiPoint"",""coordinates"":[]}"
2_315_0,72,41,193,265,163,217,174,164,146,150,2,open_water,RA0112_20250626,-7.289765847414666,0,RawaPening,110.42118086016323,2025-06-26,"{""type"":""MultiPoint"",""coordinates"":[]}"
2_316_0,69,51,217,246,150,192,163,180,140,156,2,open_water,RA0113_20250626,-7.289361446854584,0,RawaPening,110.4324039741633,2025-06-26,"{""type"":""MultiPoint"",""coordinates"":[]}"
2_317_0,60,40,170,236,147,193,166,168,135,128,2,open_water,RA0114_20250626,-7.286253935633348,0,RawaPening,110.43193187376558,2025-06-26,"{""type"":""MultiPoint"",""coordinates"":[]}"
2_318_0,74,40,221,287,177,223,172,180,151,167,2,open_water,RA0115_20250626,-7.2871904481334,0,RawaPening,110.43809063804478,2025-06-26,"{""type"":""MultiPoint"",""coordinates"":[]}"
2_319_0,76,47,233,309,201,245,205,210,149,170,2,open_water,RA0116_20250626,-7.291787844737814,0,RawaPening,110.43377735713844,2025-06-26,"{""type"":""MultiPoint"",""coordinates"":[]}"
2_320_0,68,46,207,244,159,205,172,176,134,146,2,open_water,RA0117_20250626,-7.2898935527788655,0,RawaPening,110.43088037742525,2025-06-26,"{""type"":""MultiPoint"",""coordinates"":[]}"
2_321_0,76,42,215,268,158,218,165,179,145,141,2,open_water,RA0118_20250626,-7.2911493202536315,0,RawaPening,110.42884176207146,2025-06-26,"{""type"":""MultiPoint"",""coordinates"":[]}"
2_322_0,73,48,210,288,180,241,208,176,148,166,2,open_water,RA0119_20250626,-7.29283076610378,0,RawaPening,110.4284769572187,2025-06-26,"{""type"":""MultiPoint"",""coordinates"":[]}"
2_323_0,76,49,244,343,209,298,192,196,197,147,2,open_water,RA0120_20250626,-7.293937537141107,0,RawaPening,110.43019368593765,2025-06-26,"{""type"":""MultiPoint"",""coordinates"":[]}"
2_324_0,83,50,266,349,221,287,224,217,172,146,2,open_water,RA0121_20250626,-7.293873685040285,0,RawaPening,110.43375589802943,2025-06-26,"{""type"":""MultiPoint"",""coordinates"":[]}"
2_325_0,90,51,261,353,217,290,205,224,184,236,2,open_water,RA0122_20250626,-7.292788197932315,0,RawaPening,110.43534387209448,2025-06-26,"{""type"":""MultiPoint"",""coordinates"":[]}"
2_326_0,70,47,255,342,213,287,223,231,177,211,2,open_water,RA0123_20250626,-7.29455477364645,0,RawaPening,110.43716789635835,2025-06-26,"{""type"":""MultiPoint"",""coordinates"":[]}"
2_327_0,131,71,250,350,214,306,301,299,232,287,2,open_water,RA0124_20250626,-7.293171311329764,0,RawaPening,110.43834814735258,2025-06-26,"{""type"":""MultiPoint"",""coordinates"":[]}"
2_328_0,88,63,252,345,214,290,212,236,215,226,2,open_water,RA0125_20250626,-7.294703761640942,0,RawaPening,110.44098761775797,2025-06-26,"{""type"":""MultiPoint"",""coordinates"":[]}"
2_329_0,104,57,243,324,213,290,244,225,188,203,2,open_water,RA0126_20250626,-7.292405084207002,0,RawaPening,110.44261851004094,2025-06-26,"{""type"":""MultiPoint"",""coordinates"":[]}"
2_330_0,101,59,250,324,210,277,267,238,196,242,2,open_water,RA0127_20250626,-7.285806963068343,0,RawaPening,110.4416099319186,2025-06-26,"{""type"":""MultiPoint"",""coordinates"":[]}"
2_331_0,82,46,225,307,194,243,194,204,157,173,2,open_water,RA0128_20250626,-7.286700907752554,0,RawaPening,110.43957131656484,2025-06-26,"{""type"":""MultiPoint"",""coordinates"":[]}"
2_332_0,69,52,251,327,204,291,191,188,146,150,2,open_water,RA0129_20250626,-7.29689600852883,0,RawaPening,110.42467877970324,2025-06-26,"{""type"":""MultiPoint"",""coordinates"":[]}"
2_333_0,75,54,221,286,184,251,195,184,149,157,2,open_water,RA0130_20250626,-7.2939801059068134,0,RawaPening,110.42060154899576,2025-06-26,"{""type"":""MultiPoint"",""coordinates"":[]}"
2_334_0,80,52,258,323,202,268,166,173,135,108,2,open_water,RA0131_20250626,-7.30215309881573,0,RawaPening,110.42431397485048,2025-06-26,"{""type"":""MultiPoint"",""coordinates"":[]}"
2_335_0,91,57,223,319,200,300,217,211,158,167,2,open_water,RA0132_20250626,-7.300194999533272,0,RawaPening,110.42083759919461,2025-06-26,"{""type"":""MultiPoint"",""coordinates"":[]}"
2_336_0,84,80,259,337,208,272,199,234,185,168,2,open_water,RA0133_20250626,-7.299811892149157,0,RawaPening,110.42751138208949,2025-06-26,"{""type"":""MultiPoint"",""coordinates"":[]}"
2_337_0,101,59,267,338,214,276,215,190,180,236,2,open_water,RA0134_20250626,-7.302855458425466,0,RawaPening,110.42901351971858,2025-06-26,"{""type"":""MultiPoint"",""coordinates"":[]}"
2_338_0,90,71,244,334,204,263,191,177,164,153,2,open_water,RA0135_20250626,-7.301727425788069,0,RawaPening,110.43416370587536,2025-06-26,"{""type"":""MultiPoint"",""coordinates"":[]}"
2_339_0,87,52,250,337,206,279,183,184,144,161,2,open_water,RA0136_20250626,-7.301663574798953,0,RawaPening,110.43819801836487,2025-06-26,"{""type"":""MultiPoint"",""coordinates"":[]}"
2_340_0,71,51,256,345,215,277,179,177,142,145,2,open_water,RA0137_20250626,-7.299918310899892,0,RawaPening,110.43774737707616,2025-06-26,"{""type"":""MultiPoint"",""coordinates"":[]}"
2_341_0,73,37,243,336,213,277,156,151,126,113,2,open_water,RA0138_20250626,-7.29617235563593,0,RawaPening,110.44287610412401,2025-06-26,"{""type"":""MultiPoint"",""coordinates"":[]}"
2_342_0,71,52,227,323,192,288,154,152,114,115,2,open_water,RA0139_20250626,-7.297002427973193,0,RawaPening,110.44465721016991,2025-06-26,"{""type"":""MultiPoint"",""coordinates"":[]}"
2_343_0,82,43,233,337,213,273,164,154,140,131,2,open_water,RA0140_20250626,-7.292809482722025,0,RawaPening,110.44562287007429,2025-06-26,"{""type"":""MultiPoint"",""coordinates"":[]}"
2_344_0,92,63,265,307,204,255,204,197,170,184,2,open_water,RA0141_20250626,-7.305920288060602,0,RawaPening,110.43107385425434,2025-06-26,"{""type"":""MultiPoint"",""coordinates"":[]}"
2_345_0,103,67,225,276,195,305,186,195,166,150,2,open_water,RA0142_20250626,-7.30689932623497,0,RawaPening,110.42455028512234,2025-06-26,"{""type"":""MultiPoint"",""coordinates"":[]}"
2_346_0,88,57,240,320,190,281,179,175,137,127,2,open_water,RA0143_20250626,-7.303940921722073,0,RawaPening,110.42540864948181,2025-06-26,"{""type"":""MultiPoint"",""coordinates"":[]}"
2_347_0,112,78,258,322,210,286,227,205,169,207,2,open_water,RA0144_20250626,-7.303770653240488,0,RawaPening,110.42191081471698,2025-06-26,"{""type"":""MultiPoint"",""coordinates"":[]}"
2_348_0,109,49,233,328,202,237,183,183,166,185,2,open_water,RA0145_20250626,-7.302770324601612,0,RawaPening,110.44249010023528,2025-06-26,"{""type"":""MultiPoint"",""coordinates"":[]}"
2_349_0,127,81,268,344,214,233,201,215,195,246,2,open_water,RA0146_20250626,-7.302004113917687,0,RawaPening,110.44457163380699,2025-06-26,"{""type"":""MultiPoint"",""coordinates"":[]}"
2_350_0,118,68,209,270,192,255,228,206,202,196,2,open_water,RA0147_20250626,-7.296768305226151,0,RawaPening,110.41751208963957,2025-06-26,"{""type"":""MultiPoint"",""coordinates"":[]}"
2_351_0,106,64,396,536,396,462,303,317,254,248,2,open_water,RA0148_20250626,-7.283146401845326,0,RawaPening,110.41551602466569,2025-06-26,"{""type"":""MultiPoint"",""coordinates"":[]}"
2_352_0,137,98,463,631,524,634,415,429,353,301,2,open_water,RA0149_20250626,-7.276526859553473,0,RawaPening,110.41691086674982,2025-06-26,"{""type"":""MultiPoint"",""coordinates"":[]}"
2_353_0,93,96,278,347,244,303,213,189,177,172,2,open_water,RA0150_20250626,-7.274696357950628,0,RawaPening,110.4226833670673,2025-06-26,"{""type"":""MultiPoint"",""coordinates"":[]}"
2_354_0,1862,1075,529,820,857,1471,2283,2585,2463,2877,1,LEV,RA0151_20250626,-7.276399149182431,0,RawaPening,110.40178450683415,2025-06-26,"{""type"":""MultiPoint"",""coordinates"":[]}"
2_355_0,1881,1085,317,490,342,889,2097,2473,2431,3017,1,LEV,RA0152_20250626,-7.3034726797223,0,RawaPening,110.46221336348826,2025-06-26,"{""type"":""MultiPoint"",""coordinates"":[]}"
2_356_0,2378,1202,378,796,398,1456,3733,4171,4358,4389,1,LEV,RA0153_20250626,-7.286275217829633,0,RawaPening,110.46418760151504,2025-06-26,"{""type"":""MultiPoint"",""coordinates"":[]}"
2_357_0,1787,848,260,455,264,826,2098,2482,2591,2779,1,LEV,RA0154_20250626,-7.273078697974367,0,RawaPening,110.46118332625687,2025-06-26,"{""type"":""MultiPoint"",""coordinates"":[]}"
2_358_0,1090,566,401,594,448,923,1918,2164,2311,2081,1,LEV,RA0155_20250626,-7.3101131068605225,0,RawaPening,110.45191299117461,2025-06-26,"{""type"":""MultiPoint"",""coordinates"":[]}"
2_359_0,1441,798,243,362,276,897,2030,2457,1627,2698,1,LEV,RA0156_20250626,-7.311730631854552,0,RawaPening,110.41629087025662,2025-06-26,"{""type"":""MultiPoint"",""coordinates"":[]}"
2_360_0,1425,578,209,362,194,706,2341,2883,2840,3187,1,LEV,RA0157_20250626,-7.306537504509698,0,RawaPening,110.40401625991625,2025-06-26,"{""type"":""MultiPoint"",""coordinates"":[]}"
2_361_0,2915,2007,764,1140,1256,2041,2738,2868,2811,3229,1,LEV,RA0158_20250626,-7.2608183533015325,0,RawaPening,110.42702225819303,2025-06-26,"{""type"":""MultiPoint"",""coordinates"":[]}"
2_362_0,1995,891,475,725,426,1042,3006,3564,3808,3810,1,LEV,RA0159_20250626,-7.2562206394967985,0,RawaPening,110.43594924753154,2025-06-26,"{""type"":""MultiPoint"",""coordinates"":[]}"
2_363_0,1739,792,408,566,302,870,2466,2833,2963,3177,1,LEV,RA0160_20250626,-7.2506011477203955,0,RawaPening,110.45431824482417,2025-06-26,"{""type"":""MultiPoint"",""coordinates"":[]}"
2_364_0,3702,3542,874,1266,2020,3199,3252,3185,2184,3103,1,LEV,RA0161_20250626,-7.257923501940471,0,RawaPening,110.46204352405937,2025-06-26,"{""type"":""MultiPoint"",""coordinates"":[]}"
2_365_0,2079,1328,681,1054,810,1499,2794,3064,3119,3223,1,LEV,RA0162_20250626,-7.261669776626331,0,RawaPening,110.4701121490384,2025-06-26,"{""type"":""MultiPoint"",""coordinates"":[]}"
2_366_0,2092,1286,352,610,494,1030,2471,2923,2643,3185,1,LEV,RA0163_20250626,-7.269843358489525,0,RawaPening,110.4539748990804,2025-06-26,"{""type"":""MultiPoint"",""coordinates"":[]}"
2_367_0,2032,1483,488,656,548,1193,1926,2182,2696,2308,1,LEV,RA0164_20250626,-7.310198235488304,0,RawaPening,110.46530530862537,2025-06-26,"{""type"":""MultiPoint"",""coordinates"":[]}"
2_368_0,1490,862,419,598,544,1044,1833,2059,1917,2194,1,LEV,RA0165_20250626,-7.31275221915614,0,RawaPening,110.42788062255251,2025-06-26,"{""type"":""MultiPoint"",""coordinates"":[]}"
2_369_0,1308,733,362,593,448,1127,1876,2005,2300,2169,1,LEV,RA0166_20250626,-7.3098577032290475,0,RawaPening,110.44470456399812,2025-06-26,"{""type"":""MultiPoint"",""coordinates"":[]}"
2_370_0,2008,1723,500,593,706,848,1221,1451,1324,1525,1,LEV,RA0167_20250626,-7.254006908686427,0,RawaPening,110.39835288858679,2025-06-26,"{""type"":""MultiPoint"",""coordinates"":[]}"
2_371_0,2343,1415,543,876,908,1755,2663,3080,2987,3507,1,LEV,RA0168_20250626,-7.266437717446868,0,RawaPening,110.39869623433059,2025-06-26,"{""type"":""MultiPoint"",""coordinates"":[]}"
2_372_0,1751,752,336,657,331,1031,2985,3460,3697,3645,1,LEV,RA0169_20250626,-7.24940912529669,0,RawaPening,110.44624961984515,2025-06-26,"{""type"":""MultiPoint"",""coordinates"":[]}"
2_373_0,2108,1138,872,844,678,1365,3003,3449,3428,3704,1,LEV,RA0170_20250626,-7.258434359416773,0,RawaPening,110.44607794697325,2025-06-26,"{""type"":""MultiPoint"",""coordinates"":[]}"
2_374_0,1807,851,320,548,358,909,2678,3228,3399,3456,1,LEV,RA0171_20250626,-7.263032050592636,0,RawaPening,110.45809504800582,2025-06-26,"{""type"":""MultiPoint"",""coordinates"":[]}"
2_375_0,2043,1362,610,861,784,1423,2185,2351,2576,2673,1,LEV,RA0172_20250626,-7.292830759490478,0,RawaPening,110.40178634602466,2025-06-26,"{""type"":""MultiPoint"",""coordinates"":[]}"
2_376_0,1681,1101,524,778,825,1374,1920,2088,1871,2318,1,LEV,RA0173_20250626,-7.2975983690771855,0,RawaPening,110.41002664387553,2025-06-26,"{""type"":""MultiPoint"",""coordinates"":[]}"
2_377_0,1820,791,336,522,309,1006,3120,3647,3288,4241,1,LEV,RA0174_20250626,-7.310538767487964,0,RawaPening,110.39903958007434,2025-06-26,"{""type"":""MultiPoint"",""coordinates"":[]}"
2_378_0,1498,649,280,437,285,776,2280,2750,3121,3215,1,LEV,RA0175_20250626,-7.305430760236955,0,RawaPening,110.41517683003237,2025-06-26,"{""type"":""MultiPoint"",""coordinates"":[]}"
2_379_0,730,421,454,620,594,894,1234,1351,1008,1343,1,LEV,RA0176_20250626,-7.314284602344561,0,RawaPening,110.43732263050667,2025-06-26,"{""type"":""MultiPoint"",""coordinates"":[]}"
2_380_0,1653,758,424,714,454,1154,3017,3497,3439,3783,1,LEV,RA0177_20250626,-7.280613534254168,0,RawaPening,110.41889581637025,2025-06-26,"{""type"":""MultiPoint"",""coordinates"":[]}"
2_381_0,1207,569,382,594,348,958,2225,2470,2370,2896,1,LEV,RA0178_20250626,-7.280794453870575,0,RawaPening,110.4199580422651,2025-06-26,"{""type"":""MultiPoint"",""coordinates"":[]}"
2_382_0,1077,492,417,608,418,884,2036,2280,2246,2345,1,LEV,RA0179_20250626,-7.281677766243631,0,RawaPening,110.42250094668005,2025-06-26,"{""type"":""MultiPoint"",""coordinates"":[]}"
2_383_0,755,322,425,706,546,825,1556,1727,1338,1691,1,LEV,RA0180_20250626,-7.282273735054441,0,RawaPening,110.42427132317145,2025-06-26,"{""type"":""MultiPoint"",""coordinates"":[]}"
2_384_0,935,531,317,453,306,766,1553,1504,881,1634,1,LEV,RA0181_20250626,-7.280092059657397,0,RawaPening,110.41537652249644,2025-06-26,"{""type"":""MultiPoint"",""coordinates"":[]}"
2_385_0,1745,1058,528,752,849,1398,2030,2280,2284,2560,1,LEV,RA0182_20250626,-7.2732276941482015,0,RawaPening,110.4133489326919,2025-06-26,"{""type"":""MultiPoint"",""coordinates"":[]}"
2_386_0,1872,862,454,720,506,1283,3602,4131,3103,4147,1,LEV,RA0183_20250626,-7.284870447599104,0,RawaPening,110.41599925478555,2025-06-26,"{""type"":""MultiPoint"",""coordinates"":[]}"
2_387_0,1785,769,385,656,352,1237,3439,4022,3647,4191,1,LEV,RA0184_20250626,-7.285051365497642,0,RawaPening,110.41729753087922,2025-06-26,"{""type"":""MultiPoint"",""coordinates"":[]}"
2_388_0,1461,735,484,796,586,1110,2213,2505,2535,2769,1,LEV,RA0185_20250626,-7.284636318445535,0,RawaPening,110.41869237296336,2025-06-26,"{""type"":""MultiPoint"",""coordinates"":[]}"
2_389_0,1682,746,305,566,301,1017,3001,3606,3636,3742,1,LEV,RA0186_20250626,-7.284881089830459,0,RawaPening,110.41950781910485,2025-06-26,"{""type"":""MultiPoint"",""coordinates"":[]}"
2_390_0,969,479,509,734,664,884,1526,1754,1057,1908,1,LEV,RA0187_20250626,-7.284923658753324,0,RawaPening,110.42190050975688,2025-06-26,"{""type"":""MultiPoint"",""coordinates"":[]}"
2_391_0,1147,508,366,574,354,974,2221,2573,2510,2599,1,LEV,RA0188_20250626,-7.285572834326019,0,RawaPening,110.4141001236402,2025-06-26,"{""type"":""MultiPoint"",""coordinates"":[]}"
2_392_0,1528,672,372,636,331,1187,3023,3539,3539,3633,1,LEV,RA0189_20250626,-7.286519990441972,0,RawaPening,110.41320957061723,2025-06-26,"{""type"":""MultiPoint"",""coordinates"":[]}"
2_393_0,1357,530,359,594,308,1093,3280,3694,3233,3912,1,LEV,RA0190_20250626,-7.287084026279029,0,RawaPening,110.4119756718505,2025-06-26,"{""type"":""MultiPoint"",""coordinates"":[]}"
2_394_0,1425,589,339,613,330,1216,3353,3772,3702,4118,1,LEV,RA0191_20250626,-7.284455400379431,0,RawaPening,110.41281257710101,2025-06-26,"{""type"":""MultiPoint"",""coordinates"":[]}"
2_395_0,129,95,356,527,416,489,336,317,247,224,1,LEV,RA0192_20250626,-7.284732098568597,0,RawaPening,110.40896066703786,2025-06-26,"{""type"":""MultiPoint"",""coordinates"":[]}"
2_396_0,135,102,495,644,536,583,404,446,351,288,1,LEV,RA0193_20250626,-7.286828613912465,0,RawaPening,110.41016237714113,2025-06-26,"{""type"":""MultiPoint"",""coordinates"":[]}"
2_397_0,901,408,356,517,372,1104,1973,2156,1789,2289,1,LEV,RA0194_20250626,-7.2907608846165095,0,RawaPening,110.41308595084178,2025-06-26,"{""type"":""MultiPoint"",""coordinates"":[]}"
2_398_0,394,180,299,365,265,580,962,866,783,984,1,LEV,RA0195_20250626,-7.289723279487976,0,RawaPening,110.41264603910753,2025-06-26,"{""type"":""MultiPoint"",""coordinates"":[]}"
2_399_0,683,301,318,502,317,769,1390,1591,1999,1639,1,LEV,RA0196_20250626,-7.294464317508498,0,RawaPening,110.41558051119459,2025-06-26,"{""type"":""MultiPoint"",""coordinates"":[]}"
2_400_0,1202,548,335,524,320,985,2340,2560,2340,2681,1,LEV,RA0197_20250626,-7.292708383371352,0,RawaPening,110.41473294104867,2025-06-26,"{""type"":""MultiPoint"",""coordinates"":[]}"
2_401_0,304,182,302,400,288,636,797,836,938,887,1,LEV,RA0198_20250626,-7.291777203441975,0,RawaPening,110.41341320584598,2025-06-26,"{""type"":""MultiPoint"",""coordinates"":[]}"
2_402_0,108,75,217,236,181,244,233,257,204,252,1,LEV,RA0199_20250626,-7.295975479606035,0,RawaPening,110.41762433327017,2025-06-26,"{""type"":""MultiPoint"",""coordinates"":[]}"
2_403_0,117,86,218,249,183,250,267,260,202,293,1,LEV,RA0200_20250626,-7.296353269296151,0,RawaPening,110.41841832030265,2025-06-26,"{""type"":""MultiPoint"",""coordinates"":[]}"
3_404_0,754,354,397,590,348,869,2003,2226,2372,2361,3,floating_plants,RA0001_20210826,-7.298545507568744,1,RawaPening,110.44273563309466,2021-08-26,"{""type"":""MultiPoint"",""coordinates"":[]}"
3_405_0,484,247,410,586,350,740,1494,1859,2436,1959,3,floating_plants,RA0002_20210826,-7.299779967015637,1,RawaPening,110.44218840955068,2021-08-26,"{""type"":""MultiPoint"",""coordinates"":[]}"
3_406_0,546,273,430,571,370,715,1572,1839,1569,1936,3,floating_plants,RA0003_20210826,-7.299630980711445,1,RawaPening,110.44549321056134,2021-08-26,"{""type"":""MultiPoint"",""coordinates"":[]}"
3_407_0,449,221,407,584,376,713,1329,1248,1704,1248,3,floating_plants,RA0004_20210826,-7.300258851228725,1,RawaPening,110.44778940347133,2021-08-26,"{""type"":""MultiPoint"",""coordinates"":[]}"
3_408_0,1196,545,374,608,346,1005,2760,3099,3122,3282,3,floating_plants,RA0005_20210826,-7.30045040477038,1,RawaPening,110.45047187182415,2021-08-26,"{""type"":""MultiPoint"",""coordinates"":[]}"
3_409_0,579,292,387,580,343,725,1477,1645,2045,1715,3,floating_plants,RA0006_20210826,-7.295810529171351,1,RawaPening,110.44960268776207,2021-08-26,"{""type"":""MultiPoint"",""coordinates"":[]}"
3_410_0,878,416,363,608,340,890,2238,2449,2751,2569,3,floating_plants,RA0007_20210826,-7.296268133712585,1,RawaPening,110.44802539637061,2021-08-26,"{""type"":""MultiPoint"",""coordinates"":[]}"
3_411_0,666,322,403,588,366,790,1755,1961,2172,2011,3,floating_plants,RA0008_20210826,-7.297289760767252,1,RawaPening,110.44819707434517,2021-08-26,"{""type"":""MultiPoint"",""coordinates"":[]}"
3_412_0,1104,492,373,598,327,985,2719,3084,3084,3325,3,floating_plants,RA0009_20210826,-7.297108847812963,1,RawaPening,110.44961341763545,2021-08-26,"{""type"":""MultiPoint"",""coordinates"":[]}"
3_413_0,431,228,410,583,361,673,1171,1363,1387,1368,3,floating_plants,RA0010_20210826,-7.296842799217857,1,RawaPening,110.44518197991661,2021-08-26,"{""type"":""MultiPoint"",""coordinates"":[]}"
3_414_0,595,302,399,534,338,721,1404,1703,1732,1834,3,floating_plants,RA0011_20210826,-7.302004114042607,1,RawaPening,110.43980640047508,2021-08-26,"{""type"":""MultiPoint"",""coordinates"":[]}"
3_415_0,953,468,419,648,351,886,2031,2410,2722,2524,3,floating_plants,RA0012_20210826,-7.3022275922943995,1,RawaPening,110.44151245034752,2021-08-26,"{""type"":""MultiPoint"",""coordinates"":[]}"
3_416_0,344,185,406,562,352,531,695,851,1408,944,3,floating_plants,RA0013_20210826,-7.300769660734654,1,RawaPening,110.44133004249953,2021-08-26,"{""type"":""MultiPoint"",""coordinates"":[]}"
3_417_0,800,379,416,600,341,820,1864,1997,2647,2102,3,floating_plants,RA0014_20210826,-7.302419144992724,1,RawaPening,110.44302536249852,2021-08-26,"{""type"":""MultiPoint"",""coordinates"":[]}"
3_418_0,1216,545,388,653,358,973,2871,3398,3485,3747,3,floating_plants,RA0015_20210826,-7.303419474417375,1,RawaPening,110.44683446755948,2021-08-26,"{""type"":""MultiPoint"",""coordinates"":[]}"
3_419_0,1071,477,365,581,318,825,2427,2822,2920,3133,3,floating_plants,RA0016_20210826,-7.302802250376053,1,RawaPening,110.44992450512565,2021-08-26,"{""type"":""MultiPoint"",""coordinates"":[]}"
3_420_0,1098,502,401,599,347,980,2759,3166,3021,3321,3,floating_plants,RA0017_20210826,-7.305409485109083,1,RawaPening,110.4444633864915,2021-08-26,"{""type"":""MultiPoint"",""coordinates"":[]}"
3_421_0,1211,462,403,680,326,1029,3678,4417,4792,4337,3,floating_plants,RA0018_20210826,-7.3088041885454516,1,RawaPening,110.44337980724475,2021-08-26,"{""type"":""MultiPoint"",""coordinates"":[]}"
3_422_0,852,404,377,599,353,916,2135,2401,2558,2532,3,floating_plants,RA0019_20210826,-7.307442053699903,1,RawaPening,110.43574013737594,2021-08-26,"{""type"":""MultiPoint"",""coordinates"":[]}"
3_423_0,1028,461,393,614,355,997,2525,2902,2938,3106,3,floating_plants,RA0020_20210826,-7.304579428377988,1,RawaPening,110.42818692371866,2021-08-26,"{""type"":""MultiPoint"",""coordinates"":[]}"
3_424_0,427,232,410,539,354,586,831,1088,817,1186,3,floating_plants,RA0021_20210826,-7.304047339917788,1,RawaPening,110.43359477991794,2021-08-26,"{""type"":""MultiPoint"",""coordinates"":[]}"
3_425_0,1151,542,410,668,368,1022,2835,3169,3493,3407,3,floating_plants,RA0022_20210826,-7.301918979743896,1,RawaPening,110.43464630751221,2021-08-26,"{""type"":""MultiPoint"",""coordinates"":[]}"
3_426_0,418,215,404,554,362,618,984,1123,1421,1175,3,floating_plants,RA0023_20210826,-7.302365936220841,1,RawaPening,110.43235011460224,2021-08-26,"{""type"":""MultiPoint"",""coordinates"":[]}"
3_427_0,269,141,404,534,340,494,684,781,1008,740,3,floating_plants,RA0024_20210826,-7.301865770609735,1,RawaPening,110.43084793232464,2021-08-26,"{""type"":""MultiPoint"",""coordinates"":[]}"
3_428_0,1003,441,423,588,345,970,2423,2815,2787,2918,3,floating_plants,RA0025_20210826,-7.303940922149743,1,RawaPening,110.42960326700896,2021-08-26,"{""type"":""MultiPoint"",""coordinates"":[]}"
3_429_0,458,249,413,574,366,595,988,1019,1838,1036,3,floating_plants,RA0026_20210826,-7.303493967247338,1,RawaPening,110.43169559232415,2021-08-26,"{""type"":""MultiPoint"",""coordinates"":[]}"
3_430_0,832,398,435,730,396,831,1709,1943,3231,2103,3,floating_plants,RA0027_20210826,-7.300588749184719,1,RawaPening,110.42855214190709,2021-08-26,"{""type"":""MultiPoint"",""coordinates"":[]}"
3_431_0,665,327,422,615,358,822,1674,1936,2388,2117,3,floating_plants,RA0028_20210826,-7.302472354058019,1,RawaPening,110.42470011735244,2021-08-26,"{""type"":""MultiPoint"",""coordinates"":[]}"
3_432_0,494,310,441,537,363,628,997,1313,799,1424,3,floating_plants,RA0029_20210826,-7.304355950996076,1,RawaPening,110.42386318722637,2021-08-26,"{""type"":""MultiPoint"",""coordinates"":[]}"
3_433_0,800,433,478,666,458,791,1423,1689,1916,1721,3,floating_plants,RA0030_20210826,-7.300578107326723,1,RawaPening,110.42245757380952,2021-08-26,"{""type"":""MultiPoint"",""coordinates"":[]}"
3_434_0,688,327,414,573,357,748,1548,2056,1890,2188,3,floating_plants,RA0031_20210826,-7.300322702659213,1,RawaPening,110.4249361745675,2021-08-26,"{""type"":""MultiPoint"",""coordinates"":[]}"
3_435_0,618,292,437,605,374,792,1519,1732,1953,1873,3,floating_plants,RA0032_20210826,-7.3012591857270355,1,RawaPening,110.42652419583236,2021-08-26,"{""type"":""MultiPoint"",""coordinates"":[]}"
3_436_0,716,377,423,582,367,832,1755,1930,2165,2002,3,floating_plants,RA0033_20210826,-7.302653264842916,1,RawaPening,110.42764010266714,2021-08-26,"{""type"":""MultiPoint"",""coordinates"":[]}"
3_437_0,1083,471,406,632,356,995,2554,2941,2965,3156,3,floating_plants,RA0034_20210826,-7.302951235387845,1,RawaPening,110.42957147988118,2021-08-26,"{""type"":""MultiPoint"",""coordinates"":[]}"
3_438_0,419,220,402,531,317,608,1169,1426,1643,1545,3,floating_plants,RA0035_20210826,-7.29856679162199,1,RawaPening,110.43411021633413,2021-08-26,"{""type"":""MultiPoint"",""coordinates"":[]}"
3_439_0,389,190,370,505,327,616,1155,1445,1325,1399,3,floating_plants,RA0036_20210826,-7.299269156864017,1,RawaPening,110.43592356494065,2021-08-26,"{""type"":""MultiPoint"",""coordinates"":[]}"
3_440_0,191,124,379,469,294,451,552,603,1022,638,3,floating_plants,RA0037_20210826,-7.299673548472821,1,RawaPening,110.4383914358252,2021-08-26,"{""type"":""MultiPoint"",""coordinates"":[]}"
3_441_0,356,196,388,507,323,563,1082,1120,1667,1247,3,floating_plants,RA0038_20210826,-7.301237902042708,1,RawaPening,110.43787640190149,2021-08-26,"{""type"":""MultiPoint"",""coordinates"":[]}"
3_442_0,376,184,382,497,322,538,913,1012,1321,962,3,floating_plants,RA0039_20210826,-7.297332328446622,1,RawaPening,110.42965773484647,2021-08-26,"{""type"":""MultiPoint"",""coordinates"":[]}"
3_443_0,710,408,474,566,429,802,1398,1796,865,1940,3,floating_plants,RA0040_20210826,-7.297545167102492,1,RawaPening,110.42670701965841,2021-08-26,"{""type"":""MultiPoint"",""coordinates"":[]}"
3_444_0,365,173,396,528,336,554,1009,1112,1526,1018,3,floating_plants,RA0041_20210826,-7.2964064791154915,1,RawaPening,110.42769416801221,2021-08-26,"{""type"":""MultiPoint"",""coordinates"":[]}"
3_445_0,596,292,415,582,344,723,1523,1843,2234,1997,3,floating_plants,RA0042_20210826,-7.299290440261292,1,RawaPening,110.42934656851756,2021-08-26,"{""type"":""MultiPoint"",""coordinates"":[]}"
3_446_0,419,237,392,551,337,622,1219,1317,1905,1515,3,floating_plants,RA0043_20210826,-7.296193639917985,1,RawaPening,110.43223290446515,2021-08-26,"{""type"":""MultiPoint"",""coordinates"":[]}"
3_447_0,535,282,369,581,361,657,1182,1389,1763,1389,3,floating_plants,RA0044_20210826,-7.298322027337195,1,RawaPening,110.42258674826849,2021-08-26,"{""type"":""MultiPoint"",""coordinates"":[]}"
3_448_0,323,207,461,567,390,565,737,872,1211,775,3,floating_plants,RA0045_20210826,-7.301897695827185,1,RawaPening,110.42108476308769,2021-08-26,"{""type"":""MultiPoint"",""coordinates"":[]}"
3_449_0,1040,546,444,713,404,1030,2302,2420,3646,2923,3,floating_plants,RA0046_20210826,-7.287616135030327,1,RawaPening,110.41920825205425,2021-08-26,"{""type"":""MultiPoint"",""coordinates"":[]}"
3_450_0,1834,831,439,747,402,1217,3436,3898,3927,4155,3,floating_plants,RA0047_20210826,-7.286764760919981,1,RawaPening,110.41551717560081,2021-08-26,"{""type"":""MultiPoint"",""coordinates"":[]}"
3_451_0,1866,824,437,754,392,1196,3600,4185,4173,4579,3,floating_plants,RA0048_20210826,-7.288893193162316,1,RawaPening,110.41403645307005,2021-08-26,"{""type"":""MultiPoint"",""coordinates"":[]}"
3_452_0,902,461,395,619,366,964,2433,2802,3100,3154,3,floating_plants,RA0049_20210826,-7.286530632056555,1,RawaPening,110.42791979929791,2021-08-26,"{""type"":""MultiPoint"",""coordinates"":[]}"
3_453_0,799,400,395,553,356,821,1872,1985,2290,2007,3,floating_plants,RA0050_20210826,-7.285700540307807,1,RawaPening,110.42864943068984,2021-08-26,"{""type"":""MultiPoint"",""coordinates"":[]}"
3_454_0,1207,528,386,595,331,981,3214,3841,3820,4015,3,floating_plants,RA0051_20210826,-7.279293882448391,1,RawaPening,110.42223297883818,2021-08-26,"{""type"":""MultiPoint"",""coordinates"":[]}"
3_455_0,746,348,379,614,343,828,2192,2779,3439,2933,3,floating_plants,RA0052_20210826,-7.2774208225029104,1,RawaPening,110.41920715453618,2021-08-26,"{""type"":""MultiPoint"",""coordinates"":[]}"
3_456_0,564,312,424,583,393,709,1333,1681,1768,1773,3,floating_plants,RA0053_20210826,-7.278783048693378,1,RawaPening,110.42611719301303,2021-08-26,"{""type"":""MultiPoint"",""coordinates"":[]}"
3_457_0,522,303,369,479,338,620,1164,1303,1190,1738,3,floating_plants,RA0054_20210826,-7.276654568453153,1,RawaPening,110.43802735249952,2021-08-26,"{""type"":""MultiPoint"",""coordinates"":[]}"
3_458_0,774,366,397,637,361,940,2153,2357,3124,2369,3,floating_plants,RA0055_20210826,-7.283912645223381,1,RawaPening,110.43903521163227,2021-08-26,"{""type"":""MultiPoint"",""coordinates"":[]}"
3_459_0,337,187,380,466,303,520,873,983,916,1120,3,floating_plants,RA0056_20210826,-7.293320300280356,1,RawaPening,110.42843427305174,2021-08-26,"{""type"":""MultiPoint"",""coordinates"":[]}"
3_460_0,439,216,386,481,322,652,1280,1312,1080,1386,3,floating_plants,RA0057_20210826,-7.293831117463635,1,RawaPening,110.43066608672126,2021-08-26,"{""type"":""MultiPoint"",""coordinates"":[]}"
3_461_0,606,276,410,575,380,743,1476,1674,1433,1771,3,floating_plants,RA0058_20210826,-7.2978324987565895,1,RawaPening,110.4435630460114,2021-08-26,"{""type"":""MultiPoint"",""coordinates"":[]}"
3_462_0,273,138,397,579,398,604,724,971,1299,961,3,floating_plants,RA0059_20210826,-7.298449729889633,1,RawaPening,110.4471468237308,2021-08-26,"{""type"":""MultiPoint"",""coordinates"":[]}"
3_463_0,1197,522,379,614,349,1017,2795,3339,2940,3507,3,floating_plants,RA0061_20210826,-7.303068294974601,1,RawaPening,110.44794058747355,2021-08-26,"{""type"":""MultiPoint"",""coordinates"":[]}"
3_464_0,1040,467,388,603,348,932,2479,2810,2889,2985,3,floating_plants,RA0062_20210826,-7.305686169824616,1,RawaPening,110.44182455962914,2021-08-26,"{""type"":""MultiPoint"",""coordinates"":[]}"
3_465_0,1033,463,409,617,367,1003,2517,2861,2902,3050,3,floating_plants,RA0063_20210826,-7.303451399568834,1,RawaPening,110.4416314219077,2021-08-26,"{""type"":""MultiPoint"",""coordinates"":[]}"
3_466_0,465,237,397,567,344,667,1220,1385,1788,1483,3,floating_plants,RA0064_20210826,-7.305920287966686,1,RawaPening,110.43886311456761,2021-08-26,"{""type"":""MultiPoint"",""coordinates"":[]}"
3_467_0,789,355,406,586,346,882,2016,2265,2210,2368,3,floating_plants,RA0065_20210826,-7.306111839082608,1,RawaPening,110.43697465684723,2021-08-26,"{""type"":""MultiPoint"",""coordinates"":[]}"
3_468_0,743,347,417,652,381,805,1937,1942,2644,1958,3,floating_plants,RA0066_20210826,-7.300535539738381,1,RawaPening,110.4435841447599,2021-08-26,"{""type"":""MultiPoint"",""coordinates"":[]}"
3_469_0,675,426,427,583,418,662,1071,1306,945,1382,3,floating_plants,RA0067_20210826,-7.300876079100618,1,RawaPening,110.44294035235518,2021-08-26,"{""type"":""MultiPoint"",""coordinates"":[]}"
3_470_0,633,326,389,552,357,746,1388,1649,1694,1664,3,floating_plants,RA0068_20210826,-7.301083595472581,1,RawaPening,110.44215054586294,2021-08-26,"{""type"":""MultiPoint"",""coordinates"":[]}"
3_471_0,677,325,410,556,345,765,1627,1949,1924,2051,3,floating_plants,RA0069_20210826,-7.301855128737185,1,RawaPening,110.44457534061378,2021-08-26,"{""type"":""MultiPoint"",""coordinates"":[]}"
3_472_0,679,306,427,591,364,776,1770,1851,2060,1887,3,floating_plants,RA0070_20210826,-7.303180034325165,1,RawaPening,110.44351308314607,2021-08-26,"{""type"":""MultiPoint"",""coordinates"":[]}"
3_473_0,1122,484,361,644,333,915,2782,3377,3935,3630,3,floating_plants,RA0071_20210826,-7.3038291836084515,1,RawaPening,110.44610428377776,2021-08-26,"{""type"":""MultiPoint"",""coordinates"":[]}"
3_474_0,1052,516,401,695,351,866,2559,2912,3798,3089,3,floating_plants,RA0072_20210826,-7.304393197631368,1,RawaPening,110.44666223719516,2021-08-26,"{""type"":""MultiPoint"",""coordinates"":[]}"
3_475_0,945,416,401,613,352,891,2237,2532,2598,2718,3,floating_plants,RA0073_20210826,-7.303706802954872,1,RawaPening,110.44288584406095,2021-08-26,"{""type"":""MultiPoint"",""coordinates"":[]}"
3_476_0,433,246,452,601,421,631,909,991,1086,980,3,floating_plants,RA0074_20210826,-7.302493637973382,1,RawaPening,110.43862608431668,2021-08-26,"{""type"":""MultiPoint"",""coordinates"":[]}"
3_477_0,984,440,371,557,335,868,2250,2611,2531,2761,3,floating_plants,RA0075_20210826,-7.299354291803049,1,RawaPening,110.45112610571849,2021-08-26,"{""type"":""MultiPoint"",""coordinates"":[]}"
3_478_0,1037,605,437,752,393,932,2328,2606,3934,2585,3,floating_plants,RA0076_20210826,-7.292522147411486,1,RawaPening,110.44817566024184,2021-08-26,"{""type"":""MultiPoint"",""coordinates"":[]}"
3_479_0,1127,577,424,651,355,1049,2684,3132,3129,3208,3,floating_plants,RA0077_20210826,-7.287360722926108,1,RawaPening,110.4484005404849,2021-08-26,"{""type"":""MultiPoint"",""coordinates"":[]}"
3_480_0,632,328,379,597,305,693,1609,1874,2915,2067,3,floating_plants,RA0078_20210826,-7.2885313603535735,1,RawaPening,110.44855075871264,2021-08-26,"{""type"":""MultiPoint"",""coordinates"":[]}"
3_481_0,577,307,383,558,368,726,1483,1451,1638,1352,3,floating_plants,RA0079_20210826,-7.290553363492824,1,RawaPening,110.44926946313437,2021-08-26,"{""type"":""MultiPoint"",""coordinates"":[]}"
3_482_0,1636,784,449,778,431,1262,3293,3779,3519,4009,3,floating_plants,RA0080_20210826,-7.294629268340397,1,RawaPening,110.44886185346431,2021-08-26,"{""type"":""MultiPoint"",""coordinates"":[]}"
3_483_0,997,446,378,589,338,930,2482,2844,2825,3078,3,floating_plants,RA0081_20210826,-7.292883977002907,1,RawaPening,110.44925885878054,2021-08-26,"{""type"":""MultiPoint"",""coordinates"":[]}"
3_484_0,956,528,440,726,465,949,2066,2343,2945,2579,3,floating_plants,RA0082_20210826,-7.293352226566229,1,RawaPening,110.448593606629,2021-08-26,"{""type"":""MultiPoint"",""coordinates"":[]}"
3_485_0,1209,519,343,608,326,1004,2956,3520,3620,3799,3,floating_plants,RA0083_20210826,-7.292809482709061,1,RawaPening,110.45043914485578,2021-08-26,"{""type"":""MultiPoint"",""coordinates"":[]}"
3_486_0,1321,555,361,632,318,1029,3276,3898,4062,4204,3,floating_plants,RA0084_20210826,-7.293756623522221,1,RawaPening,110.45108293726045,2021-08-26,"{""type"":""MultiPoint"",""coordinates"":[]}"
3_487_0,332,157,404,576,395,609,924,1040,1379,845,3,floating_plants,RA0085_20210826,-7.290532079476231,1,RawaPening,110.45064292323832,2021-08-26,"{""type"":""MultiPoint"",""coordinates"":[]}"
3_488_0,1208,517,380,622,341,1013,2909,3358,3501,3616,3,floating_plants,RA0086_20210826,-7.2907555634572585,1,RawaPening,110.4529176564015,2021-08-26,"{""type"":""MultiPoint"",""coordinates"":[]}"
3_489_0,1172,525,387,599,350,1042,2925,3356,3140,3527,3,floating_plants,RA0087_20210826,-7.291213173165724,1,RawaPening,110.45195196779449,2021-08-26,"{""type"":""MultiPoint"",""coordinates"":[]}"
3_490_0,709,434,406,611,396,730,1579,1851,2911,1867,3,floating_plants,RA0088_20210826,-7.29956712939304,1,RawaPening,110.44309022307014,2021-08-26,"{""type"":""MultiPoint"",""coordinates"":[]}"
3_491_0,299,161,402,584,386,613,778,999,1686,1102,3,floating_plants,RA0089_20210826,-7.299407501306472,1,RawaPening,110.446485298019,2021-08-26,"{""type"":""MultiPoint"",""coordinates"":[]}"
3_492_0,641,313,379,588,335,755,1639,1767,2707,1862,3,floating_plants,RA0090_20210826,-7.299886386028284,1,RawaPening,110.45055157149173,2021-08-26,"{""type"":""MultiPoint"",""coordinates"":[]}"
3_493_0,1002,451,418,622,363,933,2346,2778,2803,2903,3,floating_plants,RA0091_20210826,-7.301738068562511,1,RawaPening,110.44872756770114,2021-08-26,"{""type"":""MultiPoint"",""coordinates"":[]}"
3_494_0,371,199,410,574,388,626,926,1123,1527,1190,3,floating_plants,RA0092_20210826,-7.3009452514871205,1,RawaPening,110.44918358732112,2021-08-26,"{""type"":""MultiPoint"",""coordinates"":[]}"
3_495_0,796,377,403,597,359,857,1981,2235,2425,2383,3,floating_plants,RA0093_20210826,-7.302647944250784,1,RawaPening,110.44414079785692,2021-08-26,"{""type"":""MultiPoint"",""coordinates"":[]}"
3_496_0,1180,503,382,621,350,976,2720,3189,3222,3405,3,floating_plants,RA0094_20210826,-7.310858024379523,1,RawaPening,110.4346789535672,2021-08-26,"{""type"":""MultiPoint"",""coordinates"":[]}"
3_497_0,1212,534,382,608,347,997,2849,3322,3322,3619,3,floating_plants,RA0095_20210826,-7.3110495733782646,1,RawaPening,110.4362669748321,2021-08-26,"{""type"":""MultiPoint"",""coordinates"":[]}"
3_498_0,1104,497,398,624,344,987,2560,2963,3048,3179,3,floating_plants,RA0096_20210826,-7.30928306283054,1,RawaPening,110.43658887103443,2021-08-26,"{""type"":""MultiPoint"",""coordinates"":[]}"
3_499_0,1087,485,425,637,386,991,2503,2894,2854,3097,3,floating_plants,RA0097_20210826,-7.309453329211687,1,RawaPening,110.43894944318488,2021-08-26,"{""type"":""MultiPoint"",""coordinates"":[]}"
3_500_0,1112,504,401,630,377,1003,2560,2947,2967,3157,3,floating_plants,RA0098_20210826,-7.309240496225117,1,RawaPening,110.43109517584786,2021-08-26,"{""type"":""MultiPoint"",""coordinates"":[]}"
3_501_0,1039,471,400,614,356,963,2466,2779,2833,2962,3,floating_plants,RA0099_20210826,-7.308453013293109,1,RawaPening,110.4329621738214,2021-08-26,"{""type"":""MultiPoint"",""coordinates"":[]}"
3_502_0,1224,536,404,633,357,1006,2955,3471,3539,3728,3,floating_plants,RA0100_20210826,-7.305217933712101,1,RawaPening,110.4430697145748,2021-08-26,"{""type"":""MultiPoint"",""coordinates"":[]}"
3_503_0,1025,458,429,616,358,969,2422,2765,2710,2996,3,floating_plants,RA0101_20210826,-7.30809119634541,1,RawaPening,110.44012972926012,2021-08-26,"{""type"":""MultiPoint"",""coordinates"":[]}"
3_504_0,165,118,385,487,327,420,399,369,337,343,2,open_water,RA0102_20210826,-7.30817632977125,0,RawaPening,110.44191089032108,2021-08-26,"{""type"":""MultiPoint"",""coordinates"":[]}"
3_505_0,140,93,425,539,370,487,359,385,314,326,2,open_water,RA0103_20210826,-7.310751608233587,0,RawaPening,110.44150315513147,2021-08-26,"{""type"":""MultiPoint"",""coordinates"":[]}"
3_506_0,132,101,379,444,328,366,282,309,287,321,2,open_water,RA0104_20210826,-7.310730325001344,0,RawaPening,110.44871363006385,2021-08-26,"{""type"":""MultiPoint"",""coordinates"":[]}"
3_507_0,142,105,425,494,384,436,328,318,301,268,2,open_water,RA0105_20210826,-7.310815457924197,0,RawaPening,110.4503016513287,2021-08-26,"{""type"":""MultiPoint"",""coordinates"":[]}"
3_508_0,141,95,381,462,298,358,314,317,312,317,2,open_water,RA0106_20210826,-7.3030257283168,0,RawaPening,110.45167507512534,2021-08-26,"{""type"":""MultiPoint"",""coordinates"":[]}"
3_509_0,142,90,357,422,327,384,330,346,305,311,2,open_water,RA0107_20210826,-7.305515902547469,0,RawaPening,110.44701831006486,2021-08-26,"{""type"":""MultiPoint"",""coordinates"":[]}"
3_510_0,138,97,403,471,334,387,353,347,306,294,2,open_water,RA0108_20210826,-7.299215947140805,0,RawaPening,110.45227578620953,2021-08-26,"{""type"":""MultiPoint"",""coordinates"":[]}"
3_511_0,106,79,444,561,408,494,300,322,285,253,2,open_water,RA0109_20210826,-7.299513919976052,0,RawaPening,110.44927142165437,2021-08-26,"{""type"":""MultiPoint"",""coordinates"":[]}"
3_512_0,104,69,420,534,369,421,262,264,235,208,2,open_water,RA0110_20210826,-7.299790608859639,0,RawaPening,110.44394940444239,2021-08-26,"{""type"":""MultiPoint"",""coordinates"":[]}"
3_513_0,85,63,364,455,293,360,243,237,210,183,2,open_water,RA0111_20210826,-7.30042912101458,0,RawaPening,110.43963599533106,2021-08-26,"{""type"":""MultiPoint"",""coordinates"":[]}"
3_514_0,78,63,379,462,298,370,247,254,224,217,2,open_water,RA0112_20210826,-7.300280134926627,0,RawaPening,110.43480755229598,2021-08-26,"{""type"":""MultiPoint"",""coordinates"":[]}"
3_515_0,89,73,383,444,282,367,267,261,229,231,2,open_water,RA0113_20210826,-7.29847101418427,0,RawaPening,110.43012932748869,2021-08-26,"{""type"":""MultiPoint"",""coordinates"":[]}"
3_516_0,83,63,364,435,294,342,233,237,208,194,2,open_water,RA0114_20210826,-7.296427763136614,0,RawaPening,110.43667455026957,2021-08-26,"{""type"":""MultiPoint"",""coordinates"":[]}"
3_517_0,89,69,397,467,308,384,279,304,258,218,2,open_water,RA0115_20210826,-7.300876078980699,0,RawaPening,110.4306014419188,2021-08-26,"{""type"":""MultiPoint"",""coordinates"":[]}"
3_518_0,98,70,434,525,414,488,325,324,288,251,2,open_water,RA0116_20210826,-7.30302572771925,0,RawaPening,110.42639533154156,2021-08-26,"{""type"":""MultiPoint"",""coordinates"":[]}"
3_519_0,100,70,428,529,399,519,304,308,272,243,2,open_water,RA0117_20210826,-7.305835154053077,0,RawaPening,110.4293138571094,2021-08-26,"{""type"":""MultiPoint"",""coordinates"":[]}"
3_520_0,100,61,405,490,372,451,285,266,232,239,2,open_water,RA0118_20210826,-7.3066864918798204,0,RawaPening,110.43317661153746,2021-08-26,"{""type"":""MultiPoint"",""coordinates"":[]}"
3_521_0,89,61,433,517,359,428,276,269,243,236,2,open_water,RA0119_20210826,-7.304217607714383,0,RawaPening,110.43201778520904,2021-08-26,"{""type"":""MultiPoint"",""coordinates"":[]}"
3_522_0,86,70,436,520,372,441,251,246,224,206,2,open_water,RA0120_20210826,-7.305026381615474,0,RawaPening,110.4348290120428,2021-08-26,"{""type"":""MultiPoint"",""coordinates"":[]}"
3_523_0,91,72,417,509,356,417,259,266,206,181,2,open_water,RA0121_20210826,-7.304749695971905,0,RawaPening,110.43641703330768,2021-08-26,"{""type"":""MultiPoint"",""coordinates"":[]}"
3_524_0,88,67,424,499,338,426,260,266,216,228,2,open_water,RA0122_20210826,-7.303068294916638,0,RawaPening,110.43570886166252,2021-08-26,"{""type"":""MultiPoint"",""coordinates"":[]}"
3_525_0,88,62,351,437,299,352,241,247,214,205,2,open_water,RA0123_20210826,-7.298449730367314,0,RawaPening,110.4379621350789,2021-08-26,"{""type"":""MultiPoint"",""coordinates"":[]}"
3_526_0,89,65,381,438,316,361,246,256,221,210,2,open_water,RA0124_20210826,-7.298875406514628,0,RawaPening,110.44156737254505,2021-08-26,"{""type"":""MultiPoint"",""coordinates"":[]}"
3_527_0,92,72,403,511,365,416,270,258,228,199,2,open_water,RA0125_20210826,-7.296619318318685,0,RawaPening,110.44343437051863,2021-08-26,"{""type"":""MultiPoint"",""coordinates"":[]}"
3_528_0,101,74,398,453,308,379,260,254,234,240,2,open_water,RA0126_20210826,-7.296427762650969,0,RawaPening,110.4178566448534,2021-08-26,"{""type"":""MultiPoint"",""coordinates"":[]}"
3_529_0,109,78,408,436,311,369,271,277,245,245,2,open_water,RA0127_20210826,-7.2985774327683695,0,RawaPening,110.41811416181528,2021-08-26,"{""type"":""MultiPoint"",""coordinates"":[]}"
3_530_0,82,66,397,457,316,398,244,259,206,201,2,open_water,RA0128_20210826,-7.29744938934117,0,RawaPening,110.4208824691554,2021-08-26,"{""type"":""MultiPoint"",""coordinates"":[]}"
3_531_0,81,67,370,447,306,357,245,237,196,185,2,open_water,RA0129_20210826,-7.293639561274066,0,RawaPening,110.422985524344,2021-08-26,"{""type"":""MultiPoint"",""coordinates"":[]}"
3_532_0,72,62,355,441,298,348,247,259,217,186,2,open_water,RA0130_20210826,-7.295512553427017,0,RawaPening,110.4268697385189,2021-08-26,"{""type"":""MultiPoint"",""coordinates"":[]}"
3_533_0,113,79,403,454,312,374,273,272,231,220,2,open_water,RA0131_20210826,-7.291723993011891,0,RawaPening,110.42618302662056,2021-08-26,"{""type"":""MultiPoint"",""coordinates"":[]}"
3_534_0,89,65,361,427,295,357,250,252,220,209,2,open_water,RA0132_20210826,-7.291106752603854,0,RawaPening,110.43257803117368,2021-08-26,"{""type"":""MultiPoint"",""coordinates"":[]}"
3_535_0,74,71,399,481,322,381,251,262,235,215,2,open_water,RA0133_20210826,-7.2990243925848075,0,RawaPening,110.4248739820644,2021-08-26,"{""type"":""MultiPoint"",""coordinates"":[]}"
3_536_0,94,66,385,426,290,366,264,291,223,249,2,open_water,RA0134_20210826,-7.298258175483197,0,RawaPening,110.42337179978682,2021-08-26,"{""type"":""MultiPoint"",""coordinates"":[]}"
3_537_0,97,80,425,468,347,389,291,281,258,239,2,open_water,RA0135_20210826,-7.299897027129791,0,RawaPening,110.42126874459821,2021-08-26,"{""type"":""MultiPoint"",""coordinates"":[]}"
3_538_0,101,82,432,492,353,446,282,279,261,240,2,open_water,RA0136_20210826,-7.30172742576606,0,RawaPening,110.4221271344711,2021-08-26,"{""type"":""MultiPoint"",""coordinates"":[]}"
3_539_0,124,81,414,491,365,478,329,318,281,267,2,open_water,RA0137_20210826,-7.305005098158492,0,RawaPening,110.42339262467439,2021-08-26,"{""type"":""MultiPoint"",""coordinates"":[]}"
3_540_0,125,88,412,463,350,512,346,336,284,257,2,open_water,RA0138_20210826,-7.3064310907500545,0,RawaPening,110.42401495733226,2021-08-26,"{""type"":""MultiPoint"",""coordinates"":[]}"
3_541_0,108,86,419,475,361,529,356,355,306,266,2,open_water,RA0139_20210826,-7.30728242744148,0,RawaPening,110.42510940442021,2021-08-26,"{""type"":""MultiPoint"",""coordinates"":[]}"
3_542_0,97,84,418,503,374,552,353,355,306,276,2,open_water,RA0140_20210826,-7.305835154101052,0,RawaPening,110.42631115024227,2021-08-26,"{""type"":""MultiPoint"",""coordinates"":[]}"
3_543_0,96,76,419,484,360,543,328,328,288,253,2,open_water,RA0141_20210826,-7.3045155772645876,0,RawaPening,110.42689056340649,2021-08-26,"{""type"":""MultiPoint"",""coordinates"":[]}"
3_544_0,98,61,440,506,370,460,279,291,252,264,2,open_water,RA0142_20210826,-7.3065800747881395,0,RawaPening,110.43225550011213,2021-08-26,"{""type"":""MultiPoint"",""coordinates"":[]}"
3_545_0,105,73,411,539,365,435,284,267,249,223,2,open_water,RA0143_20210826,-7.305962854878435,0,RawaPening,110.43828568896922,2021-08-26,"{""type"":""MultiPoint"",""coordinates"":[]}"
3_546_0,100,70,389,457,301,368,264,255,239,212,2,open_water,RA0144_20210826,-7.287084026201092,0,RawaPening,110.42111882097831,2021-08-26,"{""type"":""MultiPoint"",""coordinates"":[]}"
3_547_0,111,85,383,466,318,392,293,269,250,224,2,open_water,RA0145_20210826,-7.284615033893005,0,RawaPening,110.43307189995849,2021-08-26,"{""type"":""MultiPoint"",""coordinates"":[]}"
3_548_0,148,106,364,461,318,386,328,321,311,325,2,open_water,RA0146_20210826,-7.285189714351692,0,RawaPening,110.43004607565649,2021-08-26,"{""type"":""MultiPoint"",""coordinates"":[]}"
3_549_0,156,109,373,417,301,339,317,347,307,280,2,open_water,RA0147_20210826,-7.290127679029364,0,RawaPening,110.41380104731186,2021-08-26,"{""type"":""MultiPoint"",""coordinates"":[]}"
3_550_0,153,118,481,596,486,552,386,412,338,335,2,open_water,RA0148_20210826,-7.2854025587790225,0,RawaPening,110.41015289035201,2021-08-26,"{""type"":""MultiPoint"",""coordinates"":[]}"
3_551_0,189,148,557,714,595,759,508,502,450,379,2,open_water,RA0149_20210826,-7.282656857908786,0,RawaPening,110.41446629946334,2021-08-26,"{""type"":""MultiPoint"",""coordinates"":[]}"
3_552_0,132,106,539,679,542,699,460,448,401,360,2,open_water,RA0150_20210826,-7.282252450933398,0,RawaPening,110.42081838452282,2021-08-26,"{""type"":""MultiPoint"",""coordinates"":[]}"
3_553_0,95,63,366,427,292,359,249,248,236,208,2,open_water,RA0151_20210826,-7.286764760720128,0,RawaPening,110.43794326248717,2021-08-26,"{""type"":""MultiPoint"",""coordinates"":[]}"
3_554_0,1325,752,568,856,625,1207,2492,2904,3316,3115,1,LEV,RA0152_20210826,-7.284423473552393,0,RawaPening,110.41113930114881,2021-08-26,"{""type"":""MultiPoint"",""coordinates"":[]}"
3_555_0,677,331,406,704,410,948,2062,2385,3205,2826,1,LEV,RA0153_20210826,-7.281720335912361,0,RawaPening,110.41087105431352,2021-08-26,"{""type"":""MultiPoint"",""coordinates"":[]}"
3_556_0,1049,576,548,811,629,1180,2034,2145,2879,2355,1,LEV,RA0154_20210826,-7.281550058979928,0,RawaPening,110.40535589938013,2021-08-26,"{""type"":""MultiPoint"",""coordinates"":[]}"
3_557_0,2161,1670,1052,1218,1246,1461,2388,2512,2326,2542,1,LEV,RA0155_20210826,-7.289680710495,0,RawaPening,110.40834963883441,2021-08-26,"{""type"":""MultiPoint"",""coordinates"":[]}"
3_558_0,2509,2212,885,1074,1168,1444,1849,2021,1935,2191,1,LEV,RA0156_20210826,-7.2916814240596635,0,RawaPening,110.41068875331278,2021-08-26,"{""type"":""MultiPoint"",""coordinates"":[]}"
3_559_0,2135,1300,649,919,912,1489,2546,2918,2619,3204,1,LEV,RA0157_20210826,-7.293980105209306,0,RawaPening,110.40903635280743,2021-08-26,"{""type"":""MultiPoint"",""coordinates"":[]}"
3_560_0,2375,1511,690,1048,1023,1775,2534,2722,2908,3082,1,LEV,RA0158_20210826,-7.289999973893834,0,RawaPening,110.40517359837939,2021-08-26,"{""type"":""MultiPoint"",""coordinates"":[]}"
3_561_0,2937,1544,622,1018,661,1500,3454,3906,3898,4255,1,LEV,RA0159_20210826,-7.29442706961774,0,RawaPening,110.40549549458173,2021-08-26,"{""type"":""MultiPoint"",""coordinates"":[]}"
3_562_0,1684,870,459,686,418,910,2726,3603,3604,3799,1,LEV,RA0161_20210826,-7.298385878626455,0,RawaPening,110.4105382757471,2021-08-26,"{""type"":""MultiPoint"",""coordinates"":[]}"
3_563_0,1480,764,451,642,393,945,2406,3064,3054,3271,1,LEV,RA0162_20210826,-7.299492635924892,0,RawaPening,110.41315636485945,2021-08-26,"{""type"":""MultiPoint"",""coordinates"":[]}"
3_564_0,1417,740,458,613,422,771,2054,2663,2754,2759,1,LEV,RA0163_20210826,-7.296938576489513,0,RawaPening,110.4129417673912,2021-08-26,"{""type"":""MultiPoint"",""coordinates"":[]}"
3_565_0,1805,874,403,582,389,869,2539,3248,3398,3517,1,LEV,RA0164_20210826,-7.302834175402706,0,RawaPening,110.4052807726313,2021-08-26,"{""type"":""MultiPoint"",""coordinates"":[]}"
3_566_0,1949,1046,418,604,462,1032,2386,2770,2818,3044,1,LEV,RA0165_20210826,-7.303195996606445,0,RawaPening,110.40944396351485,2021-08-26,"{""type"":""MultiPoint"",""coordinates"":[]}"
3_567_0,1687,768,377,553,405,817,2444,3039,3106,3303,1,LEV,RA0166_20210826,-7.304515577338517,0,RawaPening,110.41270584503185,2021-08-26,"{""type"":""MultiPoint"",""coordinates"":[]}"
3_568_0,1541,688,336,553,298,781,2533,3204,3485,3637,1,LEV,RA0167_20210826,-7.306963176446212,0,RawaPening,110.40757696554128,2021-08-26,"{""type"":""MultiPoint"",""coordinates"":[]}"
3_569_0,1662,786,378,513,338,866,2474,3072,3153,3334,1,LEV,RA0168_20210826,-7.306111839146601,0,RawaPening,110.41669735794088,2021-08-26,"{""type"":""MultiPoint"",""coordinates"":[]}"
3_570_0,1697,777,365,548,399,856,2693,3231,3153,3554,1,LEV,RA0169_20210826,-7.309389479438267,0,RawaPening,110.41468017078539,2021-08-26,"{""type"":""MultiPoint"",""coordinates"":[]}"
3_571_0,1569,699,368,519,330,772,2685,3297,3518,3657,1,LEV,RA0170_20210826,-7.309708728773617,0,RawaPening,110.42159020926223,2021-08-26,"{""type"":""MultiPoint"",""coordinates"":[]}"
3_572_0,1812,823,362,545,324,840,2733,3415,3673,3737,1,LEV,RA0171_20210826,-7.3135184198974095,0,RawaPening,110.42045284268065,2021-08-26,"{""type"":""MultiPoint"",""coordinates"":[]}"
3_573_0,575,336,620,767,806,1077,1236,1269,1189,1285,1,LEV,RA0172_20210826,-7.3151784988958735,0,RawaPening,110.42740492305163,2021-08-26,"{""type"":""MultiPoint"",""coordinates"":[]}"
3_574_0,1126,633,645,849,896,1327,1664,1732,1829,1844,1,LEV,RA0173_20210826,-7.3161575167737105,0,RawaPening,110.43382138735156,2021-08-26,"{""type"":""MultiPoint"",""coordinates"":[]}"
3_575_0,1357,765,503,750,586,1157,1916,2319,2496,2382,1,LEV,RA0174_20210826,-7.3172216642048715,0,RawaPening,110.44229798734645,2021-08-26,"{""type"":""MultiPoint"",""coordinates"":[]}"
3_576_0,1761,1032,584,871,686,1390,2456,2695,3001,3030,1,LEV,RA0175_20210826,-7.315476461086032,0,RawaPening,110.4443581230414,2021-08-26,"{""type"":""MultiPoint"",""coordinates"":[]}"
3_577_0,1536,715,461,753,507,1212,3241,3750,3962,3956,1,LEV,RA0176_20210826,-7.309559746076619,0,RawaPening,110.44261988354876,2021-08-26,"{""type"":""MultiPoint"",""coordinates"":[]}"
3_578_0,1523,885,582,857,700,1161,2372,2699,2631,2831,1,LEV,RA0177_20210826,-7.312156299727577,0,RawaPening,110.44034515038557,2021-08-26,"{""type"":""MultiPoint"",""coordinates"":[]}"
3_579_0,2043,1190,570,690,677,1012,2412,2790,2094,3277,1,LEV,RA0178_20210826,-7.311134706955689,0,RawaPening,110.43368053902914,2021-08-26,"{""type"":""MultiPoint"",""coordinates"":[]}"
3_580_0,1500,777,506,662,526,918,1813,2096,2060,2368,1,LEV,RA0179_20210826,-7.31246490581588,0,RawaPening,110.43560118636977,2021-08-26,"{""type"":""MultiPoint"",""coordinates"":[]}"
3_581_0,1502,862,555,781,607,1077,2376,2801,3079,3237,1,LEV,RA0180_20210826,-7.30479226383754,0,RawaPening,110.44548241844682,2021-08-26,"{""type"":""MultiPoint"",""coordinates"":[]}"
3_582_0,643,382,513,617,656,845,1076,1102,1042,1130,1,LEV,RA0181_20210826,-7.307963496140286,0,RawaPening,110.45364842369356,2021-08-26,"{""type"":""MultiPoint"",""coordinates"":[]}"
3_583_0,2259,1611,834,1040,1302,1567,1807,1972,2046,2079,1,LEV,RA0183_20210826,-7.2980027694750715,0,RawaPening,110.45774625400196,2021-08-26,"{""type"":""MultiPoint"",""coordinates"":[]}"
3_584_0,2430,2051,735,892,1054,1243,1539,1640,1561,1869,1,LEV,RA0184_20210826,-7.293235164196323,0,RawaPening,110.46077207830396,2021-08-26,"{""type"":""MultiPoint"",""coordinates"":[]}"
3_585_0,1978,1012,382,564,377,881,2603,3425,3312,3702,1,LEV,RA0185_20210826,-7.302302084241746,0,RawaPening,110.46201674361967,2021-08-26,"{""type"":""MultiPoint"",""coordinates"":[]}"
3_586_0,2065,1307,497,699,642,1224,2186,2531,2812,2703,1,LEV,RA0186_20210826,-7.292021970819413,0,RawaPening,110.46560052133901,2021-08-26,"{""type"":""MultiPoint"",""coordinates"":[]}"
3_587_0,2007,1162,440,730,484,1213,2586,2982,3043,3191,1,LEV,RA0187_20210826,-7.294129094054557,0,RawaPening,110.46499964842798,2021-08-26,"{""type"":""MultiPoint"",""coordinates"":[]}"
3_588_0,1809,828,411,517,371,858,2363,3022,2706,3391,1,LEV,RA0188_20210826,-7.273546969185843,0,RawaPening,110.45890513219798,2021-08-26,"{""type"":""MultiPoint"",""coordinates"":[]}"
3_589_0,1768,1623,1060,1260,1332,1222,1476,1515,1621,1525,1,LEV,RA0189_20210826,-7.279336451915703,0,RawaPening,110.4586476152361,2021-08-26,"{""type"":""MultiPoint"",""coordinates"":[]}"
3_590_0,2029,1390,607,833,1066,1265,2107,2331,2069,2493,1,LEV,RA0190_20210826,-7.2793151671895275,0,RawaPening,110.46437736763771,2021-08-26,"{""type"":""MultiPoint"",""coordinates"":[]}"
3_591_0,1895,1178,661,919,898,1450,2281,2402,2332,2649,1,LEV,RA0191_20210826,-7.272950988782713,0,RawaPening,110.4533899772646,2021-08-26,"{""type"":""MultiPoint"",""coordinates"":[]}"
3_592_0,1567,792,489,816,559,1092,2575,3045,3480,3273,1,LEV,RA0192_20210826,-7.269172879980083,0,RawaPening,110.45035350711473,2021-08-26,"{""type"":""MultiPoint"",""coordinates"":[]}"
3_593_0,1630,945,451,660,470,1187,2455,2733,2688,2975,1,LEV,RA0193_20210826,-7.2673636336903416,0,RawaPening,110.44478470281427,2021-08-26,"{""type"":""MultiPoint"",""coordinates"":[]}"
3_594_0,1821,875,405,578,380,871,2498,3263,3531,3575,1,LEV,RA0194_20210826,-7.266661218461496,0,RawaPening,110.45116897749394,2021-08-26,"{""type"":""MultiPoint"",""coordinates"":[]}"
3_595_0,1348,615,408,697,390,1092,3498,4047,4440,4223,1,LEV,RA0195_20210826,-7.271450391715984,0,RawaPening,110.42819832890801,2021-08-26,"{""type"":""MultiPoint"",""coordinates"":[]}"
3_596_0,1253,566,387,652,360,1064,3294,3989,3890,4250,1,LEV,RA0196_20210826,-7.272477396849084,0,RawaPening,110.42902387614781,2021-08-26,"{""type"":""MultiPoint"",""coordinates"":[]}"
3_597_0,1508,801,461,658,467,1068,2682,3071,3052,3047,1,LEV,RA0197_20210826,-7.271391857836039,0,RawaPening,110.42200191881865,2021-08-26,"{""type"":""MultiPoint"",""coordinates"":[]}"
3_598_0,594,372,542,737,684,1024,1170,1185,1172,1202,1,LEV,RA0198_20210826,-7.274313228819815,0,RawaPening,110.41656760100895,2021-08-26,"{""type"":""MultiPoint"",""coordinates"":[]}"
3_599_0,347,225,561,741,741,1035,1092,1137,1112,1102,1,LEV,RA0199_20210826,-7.273142554276918,0,RawaPening,110.4172167583503,2021-08-26,"{""type"":""MultiPoint"",""coordinates"":[]}"
3_600_0,428,269,694,873,867,1033,1144,1181,1055,1081,1,LEV,RA0200_20210826,-7.2723337225911155,0,RawaPening,110.41556437599863,2021-08-26,"{""type"":""MultiPoint"",""coordinates"":[]}"
3_601_0,626,362,597,750,751,1059,1172,1229,1133,1312,1,LEV,RA0201_20210826,-7.270455312312186,0,RawaPening,110.41971147207207,2021-08-26,"{""type"":""MultiPoint"",""coordinates"":[]}"
3_602_0,491,338,712,878,988,1109,1056,1115,1059,1134,1,LEV,RA0202_20210826,-7.270300994971136,0,RawaPening,110.41737772460515,2021-08-26,"{""type"":""MultiPoint"",""coordinates"":[]}"
3_603_0,604,350,703,868,833,1070,1278,1404,1470,1534,1,LEV,RA0203_20210826,-7.270998083228292,0,RawaPening,110.42386393308223,2021-08-26,"{""type"":""MultiPoint"",""coordinates"":[]}"
4_604_0,1289,557,260,515,266,1034,2987,3394,3255,3693,3,floating_plants,RA0001_20250429,-7.297342970081051,1,RawaPening,110.45017281193434,2025-04-29,"{""type"":""MultiPoint"",""coordinates"":[]}"
4_605_0,1358,560,278,542,264,1038,3037,3515,3617,3868,3,floating_plants,RA0002_20250429,-7.296172355691895,1,RawaPening,110.4485847906695,2025-04-29,"{""type"":""MultiPoint"",""coordinates"":[]}"
4_606_0,1217,529,235,508,256,977,2711,3148,3144,3433,3,floating_plants,RA0003_20250429,-7.295576405371991,1,RawaPening,110.44682509143006,2025-04-29,"{""type"":""MultiPoint"",""coordinates"":[]}"
4_607_0,1122,487,257,520,240,962,2578,2988,2999,3200,3,floating_plants,RA0004_20250429,-7.296640601815066,1,RawaPening,110.44457181801369,2025-04-29,"{""type"":""MultiPoint"",""coordinates"":[]}"
4_608_0,1440,639,234,540,254,1066,3409,4046,4124,4306,3,floating_plants,RA0005_20250429,-7.297534524871315,1,RawaPening,110.44648173548086,2025-04-29,"{""type"":""MultiPoint"",""coordinates"":[]}"
4_609_0,1314,545,286,600,254,1058,3424,4002,4225,4295,3,floating_plants,RA0006_20250429,-7.300258850788053,1,RawaPening,110.44405678408992,2025-04-29,"{""type"":""MultiPoint"",""coordinates"":[]}"
4_610_0,1410,583,266,567,266,1086,3399,3945,3918,4280,3,floating_plants,RA0007_20250429,-7.301259185045506,1,RawaPening,110.44094512080065,2025-04-29,"{""type"":""MultiPoint"",""coordinates"":[]}"
4_611_0,1280,552,293,575,271,1055,2998,3418,3687,3747,3,floating_plants,RA0008_20250429,-7.3009186459750275,1,RawaPening,110.44197518864814,2025-04-29,"{""type"":""MultiPoint"",""coordinates"":[]}"
4_612_0,1355,564,266,544,267,1025,3177,3642,3551,3954,3,floating_plants,RA0009_20250429,-7.301514589178199,1,RawaPening,110.44487225446917,2025-04-29,"{""type"":""MultiPoint"",""coordinates"":[]}"
4_613_0,1074,448,247,504,252,910,2653,2987,2844,3226,3,floating_plants,RA0010_20250429,-7.300727092633938,1,RawaPening,110.44551604687385,2025-04-29,"{""type"":""MultiPoint"",""coordinates"":[]}"
4_614_0,1334,567,262,508,262,1022,2926,3371,3182,3658,3,floating_plants,RA0011_20250429,-7.300769660050149,1,RawaPening,110.44770494104976,2025-04-29,"{""type"":""MultiPoint"",""coordinates"":[]}"
4_615_0,1099,465,246,482,250,904,2582,2938,2705,3195,3,floating_plants,RA0012_20250429,-7.296917292475681,1,RawaPening,110.43972191523176,2025-04-29,"{""type"":""MultiPoint"",""coordinates"":[]}"
4_616_0,948,412,252,470,245,974,2414,2653,2648,2980,3,floating_plants,RA0013_20250429,-7.298173040246644,1,RawaPening,110.44058030510467,2025-04-29,"{""type"":""MultiPoint"",""coordinates"":[]}"
4_617_0,877,375,270,488,250,877,2242,2538,2644,2659,3,floating_plants,RA0014_20250429,-7.298173040246644,1,RawaPening,110.43978629447226,2025-04-29,"{""type"":""MultiPoint"",""coordinates"":[]}"
4_618_0,734,341,280,510,250,735,1945,2431,2646,2444,3,floating_plants,RA0015_20250429,-7.29755580873187,1,RawaPening,110.43776907827092,2025-04-29,"{""type"":""MultiPoint"",""coordinates"":[]}"
4_619_0,838,371,266,496,258,855,2135,2503,2564,2664,3,floating_plants,RA0016_20250429,-7.297640944163825,1,RawaPening,110.43673901042345,2025-04-29,"{""type"":""MultiPoint"",""coordinates"":[]}"
4_620_0,1220,523,270,486,243,966,2924,3292,2941,3536,3,floating_plants,RA0017_20250429,-7.296129787838232,1,RawaPening,110.43676047017027,2025-04-29,"{""type"":""MultiPoint"",""coordinates"":[]}"
4_621_0,1134,469,285,506,246,960,2598,3026,2747,3250,3,floating_plants,RA0018_20250429,-7.296512898375509,1,RawaPening,110.43811243422006,2025-04-29,"{""type"":""MultiPoint"",""coordinates"":[]}"
4_622_0,880,384,261,462,247,830,2200,2611,2425,2746,3,floating_plants,RA0019_20250429,-7.296576750099843,1,RawaPening,110.43405654207062,2025-04-29,"{""type"":""MultiPoint"",""coordinates"":[]}"
4_623_0,907,406,256,540,243,852,2313,2599,3363,2817,3,floating_plants,RA0020_20250429,-7.297066279683621,1,RawaPening,110.43332691067867,2025-04-29,"{""type"":""MultiPoint"",""coordinates"":[]}"
4_624_0,1129,502,260,506,253,929,2741,2989,2684,3238,3,floating_plants,RA0021_20250429,-7.297044995799834,1,RawaPening,110.43077320080678,2025-04-29,"{""type"":""MultiPoint"",""coordinates"":[]}"
4_625_0,1030,449,254,494,246,945,2326,2659,2580,2871,3,floating_plants,RA0022_20250429,-7.295810528806605,1,RawaPening,110.43040838511081,2025-04-29,"{""type"":""MultiPoint"",""coordinates"":[]}"
4_626_0,1144,482,267,536,247,969,2771,3160,3100,3454,3,floating_plants,RA0023_20250429,-7.2956402572299455,1,RawaPening,110.43122385549007,2025-04-29,"{""type"":""MultiPoint"",""coordinates"":[]}"
4_627_0,419,203,236,411,200,511,980,1176,1875,1143,3,floating_plants,RA0024_20250429,-7.294682478404233,1,RawaPening,110.4298075121998,2025-04-29,"{""type"":""MultiPoint"",""coordinates"":[]}"
4_628_0,1323,552,251,514,249,1038,3278,3771,3579,4067,3,floating_plants,RA0025_20250429,-7.2924476531743565,1,RawaPening,110.42946415625063,2025-04-29,"{""type"":""MultiPoint"",""coordinates"":[]}"
4_629_0,1099,463,286,560,268,990,2692,3030,3188,3256,3,floating_plants,RA0026_20250429,-7.29151115166592,1,RawaPening,110.43038692536399,2025-04-29,"{""type"":""MultiPoint"",""coordinates"":[]}"
4_630_0,1022,430,254,498,246,935,2340,2730,2822,2993,3,floating_plants,RA0027_20250429,-7.291660140673278,1,RawaPening,110.4315457516924,2025-04-29,"{""type"":""MultiPoint"",""coordinates"":[]}"
4_631_0,652,297,270,544,262,615,1793,2172,2941,2180,3,floating_plants,RA0028_20250429,-7.2930648917339305,1,RawaPening,110.43019378764257,2025-04-29,"{""type"":""MultiPoint"",""coordinates"":[]}"
4_632_0,969,482,310,598,272,934,2691,3171,3897,3235,3,floating_plants,RA0029_20250429,-7.293660845397755,1,RawaPening,110.43105217751547,2025-04-29,"{""type"":""MultiPoint"",""coordinates"":[]}"
4_633_0,908,407,261,498,244,882,2188,2552,2931,2679,3,floating_plants,RA0030_20250429,-7.293171312089229,1,RawaPening,110.43216808435025,2025-04-29,"{""type"":""MultiPoint"",""coordinates"":[]}"
4_634_0,942,427,274,490,260,837,2254,2528,2589,2685,3,floating_plants,RA0031_20250429,-7.292085823278289,1,RawaPening,110.43257581953986,2025-04-29,"{""type"":""MultiPoint"",""coordinates"":[]}"
4_635_0,887,380,264,495,251,846,2268,2504,2918,2696,3,floating_plants,RA0032_20250429,-7.292277380318503,1,RawaPening,110.43328399118502,2025-04-29,"{""type"":""MultiPoint"",""coordinates"":[]}"
4_636_0,888,412,264,502,257,867,2348,2718,2599,2886,3,floating_plants,RA0033_20250429,-7.292852050947432,1,RawaPening,110.4340350823238,2025-04-29,"{""type"":""MultiPoint"",""coordinates"":[]}"
4_637_0,624,328,257,513,246,718,1917,2191,2557,2166,3,floating_plants,RA0034_20250429,-7.293554425158865,1,RawaPening,110.43294063523587,2025-04-29,"{""type"":""MultiPoint"",""coordinates"":[]}"
4_638_0,761,336,248,483,235,841,2164,2666,2520,2691,3,floating_plants,RA0035_20250429,-7.294171662192473,1,RawaPening,110.4326187390335,2025-04-29,"{""type"":""MultiPoint"",""coordinates"":[]}"
4_639_0,865,402,268,528,266,883,2464,2881,3316,3045,3,floating_plants,RA0036_20250429,-7.2922135279808575,1,RawaPening,110.43867038763744,2025-04-29,"{""type"":""MultiPoint"",""coordinates"":[]}"
4_640_0,1132,524,286,542,281,999,2822,3236,3486,3367,3,floating_plants,RA0037_20250429,-7.291319594297918,1,RawaPening,110.43965753599132,2025-04-29,"{""type"":""MultiPoint"",""coordinates"":[]}"
4_641_0,1034,442,254,475,274,932,2317,2660,2513,2908,3,floating_plants,RA0038_20250429,-7.291213173160724,1,RawaPening,110.43276902365177,2025-04-29,"{""type"":""MultiPoint"",""coordinates"":[]}"
4_642_0,898,382,252,481,252,800,2102,2393,2526,2580,3,floating_plants,RA0039_20250429,-7.291149320671366,1,RawaPening,110.43358449403105,2025-04-29,"{""type"":""MultiPoint"",""coordinates"":[]}"
4_643_0,797,369,250,514,248,809,2110,2381,2858,2515,3,floating_plants,RA0040_20250429,-7.2896381424318015,1,RawaPening,110.43465748137217,2025-04-29,"{""type"":""MultiPoint"",""coordinates"":[]}"
4_644_0,986,432,269,483,261,927,2424,2678,2741,2902,3,floating_plants,RA0041_20250429,-7.2881908120139665,1,RawaPening,110.43553733099189,2025-04-29,"{""type"":""MultiPoint"",""coordinates"":[]}"
4_645_0,672,302,265,490,266,826,1763,2000,2403,2116,3,floating_plants,RA0042_20250429,-7.29004254274207,1,RawaPening,110.43384201099292,2025-04-29,"{""type"":""MultiPoint"",""coordinates"":[]}"
4_646_0,1048,451,261,494,252,984,2685,3115,2775,3252,3,floating_plants,RA0043_20250429,-7.287573566736971,1,RawaPening,110.43703951326947,2025-04-29,"{""type"":""MultiPoint"",""coordinates"":[]}"
4_647_0,708,324,254,550,255,744,1986,2257,3440,2355,3,floating_plants,RA0044_20250429,-7.288839982940177,1,RawaPening,110.4388520174717,2025-04-29,"{""type"":""MultiPoint"",""coordinates"":[]}"
4_648_0,348,132,220,367,204,512,898,1055,1166,1122,3,floating_plants,RA0045_20250429,-7.29064914260975,1,RawaPening,110.43890566683874,2025-04-29,"{""type"":""MultiPoint"",""coordinates"":[]}"
4_649_0,798,377,276,492,255,877,2258,2468,2625,2589,3,floating_plants,RA0046_20250429,-7.290234100743256,1,RawaPening,110.43966748785094,2025-04-29,"{""type"":""MultiPoint"",""coordinates"":[]}"
4_650_0,1077,511,264,568,264,1008,3028,3482,3735,3643,3,floating_plants,RA0047_20250429,-7.289393373732537,1,RawaPening,110.44009668278741,2025-04-29,"{""type"":""MultiPoint"",""coordinates"":[]}"
4_651_0,198,102,217,353,191,408,520,559,915,667,3,floating_plants,RA0048_20250429,-7.288712277275644,1,RawaPening,110.43974259696482,2025-04-29,"{""type"":""MultiPoint"",""coordinates"":[]}"
4_652_0,1230,532,241,521,245,984,2806,3244,3257,3559,3,floating_plants,RA0049_20250429,-7.288776129792711,1,RawaPening,110.45072993132095,2025-04-29,"{""type"":""MultiPoint"",""coordinates"":[]}"
4_653_0,1453,599,233,582,233,978,3358,3891,4500,4230,3,floating_plants,RA0050_20250429,-7.287499071326967,1,RawaPening,110.45236087207948,2025-04-29,"{""type"":""MultiPoint"",""coordinates"":[]}"
4_654_0,670,286,213,412,212,703,1684,1928,1768,2043,3,floating_plants,RA0051_20250429,-7.287392649623839,1,RawaPening,110.44651309107034,2025-04-29,"{""type"":""MultiPoint"",""coordinates"":[]}"
4_655_0,486,252,225,372,202,532,1458,1401,1617,1557,3,floating_plants,RA0052_20250429,-7.288361086190652,1,RawaPening,110.44604097664028,2025-04-29,"{""type"":""MultiPoint"",""coordinates"":[]}"
4_656_0,350,150,218,398,210,484,766,948,1562,974,3,floating_plants,RA0053_20250429,-7.287977968678227,1,RawaPening,110.44488215031186,2025-04-29,"{""type"":""MultiPoint"",""coordinates"":[]}"
4_657_0,444,256,218,436,228,534,1372,1446,2366,1491,3,floating_plants,RA0054_20250429,-7.287850262767926,1,RawaPening,110.4438198928441,2025-04-29,"{""type"":""MultiPoint"",""coordinates"":[]}"
4_658_0,677,328,273,495,283,787,1940,2091,2614,2192,3,floating_plants,RA0055_20250429,-7.285328063581697,1,RawaPening,110.44554740246333,2025-04-29,"{""type"":""MultiPoint"",""coordinates"":[]}"
4_659_0,685,316,253,506,222,710,1986,2261,3153,2262,3,floating_plants,RA0056_20250429,-7.285679256724201,1,RawaPening,110.44464609309681,2025-04-29,"{""type"":""MultiPoint"",""coordinates"":[]}"
4_660_0,915,381,268,506,239,907,2426,2940,2903,2982,3,floating_plants,RA0057_20250429,-7.28633907339913,1,RawaPening,110.44424908778058,2025-04-29,"{""type"":""MultiPoint"",""coordinates"":[]}"
4_661_0,639,297,226,464,215,721,1604,1999,2217,2181,3,floating_plants,RA0058_20250429,-7.286360357791793,1,RawaPening,110.4435409161354,2025-04-29,"{""type"":""MultiPoint"",""coordinates"":[]}"
4_662_0,649,277,236,439,233,748,1819,2039,2198,2150,3,floating_plants,RA0059_20250429,-7.285423843556926,1,RawaPening,110.44349799664177,2025-04-29,"{""type"":""MultiPoint"",""coordinates"":[]}"
4_663_0,438,185,228,433,218,461,1131,1130,1972,1239,3,floating_plants,RA0060_20250429,-7.285572834588873,1,RawaPening,110.44248938854112,2025-04-29,"{""type"":""MultiPoint"",""coordinates"":[]}"
4_664_0,708,306,236,476,264,688,1764,1984,2442,2134,3,floating_plants,RA0061_20250429,-7.285700541148211,1,RawaPening,110.44145932069364,2025-04-29,"{""type"":""MultiPoint"",""coordinates"":[]}"
4_665_0,1027,459,276,520,262,982,2653,2995,3111,3166,3,floating_plants,RA0062_20250429,-7.285721825571254,1,RawaPening,110.43967816170736,2025-04-29,"{""type"":""MultiPoint"",""coordinates"":[]}"
4_666_0,569,284,252,430,202,601,1444,1602,1814,1763,3,floating_plants,RA0063_20250429,-7.286796687619238,1,RawaPening,110.44045071259299,2025-04-29,"{""type"":""MultiPoint"",""coordinates"":[]}"
4_667_0,794,375,269,460,227,791,2019,2529,2517,2755,3,floating_plants,RA0064_20250429,-7.287094668720619,1,RawaPening,110.43919531740387,2025-04-29,"{""type"":""MultiPoint"",""coordinates"":[]}"
4_668_0,789,334,242,453,243,725,1982,2171,2241,2274,3,floating_plants,RA0065_20250429,-7.288148243168644,1,RawaPening,110.43795065208818,2025-04-29,"{""type"":""MultiPoint"",""coordinates"":[]}"
4_669_0,479,228,243,446,230,659,1249,1441,2071,1541,3,floating_plants,RA0066_20250429,-7.287956684362356,1,RawaPening,110.43933480575822,2025-04-29,"{""type"":""MultiPoint"",""coordinates"":[]}"
4_670_0,292,155,251,420,227,466,768,868,1944,943,3,floating_plants,RA0067_20250429,-7.290266026734585,1,RawaPening,110.43806868069565,2025-04-29,"{""type"":""MultiPoint"",""coordinates"":[]}"
4_671_0,454,228,260,449,224,486,1120,1185,1873,1305,3,floating_plants,RA0068_20250429,-7.289691352786977,1,RawaPening,110.43920604727727,2025-04-29,"{""type"":""MultiPoint"",""coordinates"":[]}"
4_672_0,672,310,283,572,272,765,2164,2531,3677,2665,3,floating_plants,RA0069_20250429,-7.289435941906915,1,RawaPening,110.43681328550659,2025-04-29,"{""type"":""MultiPoint"",""coordinates"":[]}"
4_673_0,532,256,252,483,249,559,1552,1678,2442,1703,3,floating_plants,RA0070_20250429,-7.2886377819680535,1,RawaPening,110.43619095284869,2025-04-29,"{""type"":""MultiPoint"",""coordinates"":[]}"
4_674_0,602,297,282,514,262,762,1718,1876,2588,1950,3,floating_plants,RA0071_20250429,-7.2885207183907585,1,RawaPening,110.43442052373587,2025-04-29,"{""type"":""MultiPoint"",""coordinates"":[]}"
4_675_0,461,180,253,472,249,653,1210,1502,1978,1533,3,floating_plants,RA0072_20250429,-7.289148604492744,1,RawaPening,110.43402351841964,2025-04-29,"{""type"":""MultiPoint"",""coordinates"":[]}"
4_676_0,1022,425,259,540,238,952,2679,3064,3265,3243,3,floating_plants,RA0073_20250429,-7.286253935818214,1,RawaPening,110.44534353486853,2025-04-29,"{""type"":""MultiPoint"",""coordinates"":[]}"
4_677_0,768,337,233,496,250,796,1961,2229,2721,2396,3,floating_plants,RA0074_20250429,-7.286764761060918,1,RawaPening,110.44488215031186,2025-04-29,"{""type"":""MultiPoint"",""coordinates"":[]}"
4_678_0,1062,458,250,490,241,937,2507,2824,2675,2993,3,floating_plants,RA0075_20250429,-7.287264943546749,1,RawaPening,110.44548302322288,2025-04-29,"{""type"":""MultiPoint"",""coordinates"":[]}"
4_679_0,861,423,258,536,243,787,2536,2616,3547,2688,3,floating_plants,RA0076_20250429,-7.286935036012374,1,RawaPening,110.44706031461435,2025-04-29,"{""type"":""MultiPoint"",""coordinates"":[]}"
4_680_0,975,448,239,485,230,853,2382,2750,2737,2937,3,floating_plants,RA0077_20250429,-7.2845405383659445,1,RawaPening,110.45032169197842,2025-04-29,"{""type"":""MultiPoint"",""coordinates"":[]}"
4_681_0,1038,441,227,482,252,909,2384,2856,2819,3043,3,floating_plants,RA0078_20250429,-7.285200356717357,1,RawaPening,110.45082599602873,2025-04-29,"{""type"":""MultiPoint"",""coordinates"":[]}"
4_682_0,567,244,220,476,202,562,1392,1583,2792,1624,3,floating_plants,RA0079_20250429,-7.284753383101534,1,RawaPening,110.44978519830786,2025-04-29,"{""type"":""MultiPoint"",""coordinates"":[]}"
4_683_0,502,218,244,459,214,581,1366,1465,2335,1562,3,floating_plants,RA0080_20250429,-7.284519253886822,1,RawaPening,110.4481006081823,2025-04-29,"{""type"":""MultiPoint"",""coordinates"":[]}"
4_684_0,587,284,233,479,230,680,1604,1969,2580,1980,3,floating_plants,RA0081_20250429,-7.285508981096673,1,RawaPening,110.44905556691589,2025-04-29,"{""type"":""MultiPoint"",""coordinates"":[]}"
4_685_0,831,392,250,511,235,838,2325,2537,3232,2686,3,floating_plants,RA0082_20250429,-7.286339073200256,1,RawaPening,110.44607266210757,2025-04-29,"{""type"":""MultiPoint"",""coordinates"":[]}"
4_686_0,685,306,252,476,233,823,2060,2294,2641,2316,3,floating_plants,RA0083_20250429,-7.28527485227663,1,RawaPening,110.44665207527177,2025-04-29,"{""type"":""MultiPoint"",""coordinates"":[]}"
4_687_0,606,289,227,470,243,672,1669,1709,2232,1929,3,floating_plants,RA0084_20250429,-7.283923288061103,1,RawaPening,110.44589025425957,2025-04-29,"{""type"":""MultiPoint"",""coordinates"":[]}"
4_688_0,689,279,236,529,258,747,1966,2047,2768,2286,3,floating_plants,RA0085_20250429,-7.282082174045123,1,RawaPening,110.44378716068896,2025-04-29,"{""type"":""MultiPoint"",""coordinates"":[]}"
4_689_0,841,392,244,444,231,842,2139,2447,2331,2545,3,floating_plants,RA0086_20250429,-7.282848418822419,1,RawaPening,110.44360475284097,2025-04-29,"{""type"":""MultiPoint"",""coordinates"":[]}"
4_690_0,940,444,251,501,259,968,2422,2798,2835,2962,3,floating_plants,RA0087_20250429,-7.282390800571251,1,RawaPening,110.4428965811958,2025-04-29,"{""type"":""MultiPoint"",""coordinates"":[]}"
4_691_0,926,405,255,516,256,889,2600,2656,3341,2945,3,floating_plants,RA0088_20250429,-7.283135760276302,1,RawaPening,110.44212403031024,2025-04-29,"{""type"":""MultiPoint"",""coordinates"":[]}"
4_692_0,772,343,253,487,231,769,1887,2167,2470,2318,3,floating_plants,RA0089_20250429,-7.284444757902156,1,RawaPening,110.44217767967724,2025-04-29,"{""type"":""MultiPoint"",""coordinates"":[]}"
4_693_0,1079,461,245,520,257,935,2511,3045,2940,3187,3,floating_plants,RA0090_20250429,-7.283923287761303,1,RawaPening,110.44166264575351,2025-04-29,"{""type"":""MultiPoint"",""coordinates"":[]}"
4_694_0,1303,528,276,574,286,1063,3072,3539,3748,3915,3,floating_plants,RA0091_20250429,-7.284827878435344,1,RawaPening,110.44106177284247,2025-04-29,"{""type"":""MultiPoint"",""coordinates"":[]}"
4_695_0,382,209,205,361,187,487,1148,1124,1179,1298,3,floating_plants,RA0092_20250429,-7.282763280578511,1,RawaPening,110.44475284929597,2025-04-29,"{""type"":""MultiPoint"",""coordinates"":[]}"
4_696_0,888,423,247,502,245,921,2389,2658,2886,2846,3,floating_plants,RA0093_20250429,-7.2829122724947535,1,RawaPening,110.44656619790246,2025-04-29,"{""type"":""MultiPoint"",""coordinates"":[]}"
4_697_0,729,333,265,532,278,821,1954,2366,3008,2320,3,floating_plants,RA0094_20250429,-7.282529150324393,1,RawaPening,110.4475748060031,2025-04-29,"{""type"":""MultiPoint"",""coordinates"":[]}"
4_698_0,225,98,181,318,174,391,656,652,649,712,3,floating_plants,RA0095_20250429,-7.283412459280045,1,RawaPening,110.44701685258572,2025-04-29,"{""type"":""MultiPoint"",""coordinates"":[]}"
4_699_0,1055,459,245,496,224,881,2433,2816,2863,2975,3,floating_plants,RA0096_20250429,-7.281656481936386,1,RawaPening,110.44951691309058,2025-04-29,"{""type"":""MultiPoint"",""coordinates"":[]}"
4_700_0,1353,566,260,518,249,998,3002,3517,3615,3868,3,floating_plants,RA0097_20250429,-7.280560322896214,1,RawaPening,110.4503001938496,2025-04-29,"{""type"":""MultiPoint"",""coordinates"":[]}"
4_701_0,1403,578,246,580,258,1028,3206,3728,3772,4087,3,floating_plants,RA0098_20250429,-7.281741620390453,1,RawaPening,110.45099763562132,2025-04-29,"{""type"":""MultiPoint"",""coordinates"":[]}"
4_702_0,1452,591,262,532,255,1064,3327,3957,3924,4315,3,floating_plants,RA0099_20250429,-7.2825717194705835,1,RawaPening,110.45035384321666,2025-04-29,"{""type"":""MultiPoint"",""coordinates"":[]}"
4_703_0,1139,471,254,509,247,1008,2867,3358,3264,3522,3,floating_plants,RA0100_20250429,-7.280709315544443,1,RawaPening,110.44915209739456,2025-04-29,"{""type"":""MultiPoint"",""coordinates"":[]}"
4_704_0,1511,597,285,600,275,1102,3621,4258,4264,4681,3,floating_plants,RA0101_20250429,-7.275984095538904,1,RawaPening,110.43929132298261,2025-04-29,"{""type"":""MultiPoint"",""coordinates"":[]}"
4_705_0,798,371,280,537,246,814,2090,2406,2977,2724,3,floating_plants,RA0102_20250429,-7.27592024088028,1,RawaPening,110.44171627437355,2025-04-29,"{""type"":""MultiPoint"",""coordinates"":[]}"
4_706_0,730,374,247,494,232,736,1774,2071,2758,2259,3,floating_plants,RA0103_20250429,-7.274813425353952,1,RawaPening,110.44306823842335,2025-04-29,"{""type"":""MultiPoint"",""coordinates"":[]}"
4_707_0,476,232,222,402,199,644,1521,1711,1811,1766,3,floating_plants,RA0104_20250429,-7.277207974739687,1,RawaPening,110.44475282854893,2025-04-29,"{""type"":""MultiPoint"",""coordinates"":[]}"
4_708_0,665,289,249,493,229,723,1837,2005,2939,2086,3,floating_plants,RA0105_20250429,-7.278027439816888,1,RawaPening,110.4459653042444,2025-04-29,"{""type"":""MultiPoint"",""coordinates"":[]}"
4_709_0,947,437,239,497,231,878,2427,2711,2925,2875,3,floating_plants,RA0106_20250429,-7.277069623345226,1,RawaPening,110.44828295690122,2025-04-29,"{""type"":""MultiPoint"",""coordinates"":[]}"
4_710_0,1167,487,244,502,238,990,2693,3049,3041,3351,3,floating_plants,RA0107_20250429,-7.278506347285911,1,RawaPening,110.44951689234355,2025-04-29,"{""type"":""MultiPoint"",""coordinates"":[]}"
4_711_0,883,412,224,476,228,850,2393,2487,2762,2745,3,floating_plants,RA0108_20250429,-7.278399923448084,1,RawaPening,110.44780011259773,2025-04-29,"{""type"":""MultiPoint"",""coordinates"":[]}"
4_712_0,1383,564,240,560,258,1073,3261,3741,3716,4096,3,floating_plants,RA0109_20250429,-7.275835101321327,1,RawaPening,110.4486477725972,2025-04-29,"{""type"":""MultiPoint"",""coordinates"":[]}"
4_713_0,1370,583,266,562,278,1068,3024,3482,3744,3873,3,floating_plants,RA0110_20250429,-7.279176816883592,1,RawaPening,110.45009630550776,2025-04-29,"{""type"":""MultiPoint"",""coordinates"":[]}"
4_714_0,1108,507,265,554,277,1024,2865,3278,3429,3487,3,floating_plants,RA0111_20250429,-7.275515827831369,1,RawaPening,110.43705950931304,2025-04-29,"{""type"":""MultiPoint"",""coordinates"":[]}"
4_715_0,1446,595,262,556,274,1073,3321,3881,3893,4255,3,floating_plants,RA0112_20250429,-7.273557611837744,1,RawaPening,110.43831509848697,2025-04-29,"{""type"":""MultiPoint"",""coordinates"":[]}"
4_716_0,1546,600,292,597,249,1078,3807,4500,4529,4915,3,floating_plants,RA0113_20250429,-7.274909207287882,1,RawaPening,110.44013917696685,2025-04-29,"{""type"":""MultiPoint"",""coordinates"":[]}"
4_717_0,1544,617,256,603,268,1125,3658,4245,4248,4625,3,floating_plants,RA0114_20250429,-7.272759423637008,1,RawaPening,110.43968852228359,2025-04-29,"{""type"":""MultiPoint"",""coordinates"":[]}"
4_718_0,1386,549,255,560,240,1037,3457,4050,3995,4343,3,floating_plants,RA0115_20250429,-7.272184727253767,1,RawaPening,110.44170573848488,2025-04-29,"{""type"":""MultiPoint"",""coordinates"":[]}"
4_719_0,592,274,240,447,218,635,1480,1506,2314,1930,3,floating_plants,RA0116_20250429,-7.273600181835254,1,RawaPening,110.44108340582706,2025-04-29,"{""type"":""MultiPoint"",""coordinates"":[]}"
4_720_0,1198,523,264,514,250,1091,3154,3424,3331,3847,3,floating_plants,RA0117_20250429,-7.273302191767928,1,RawaPening,110.44474229266027,2025-04-29,"{""type"":""MultiPoint"",""coordinates"":[]}"
4_721_0,802,396,245,504,229,806,2258,2681,3112,2535,3,floating_plants,RA0118_20250429,-7.271876093707328,1,RawaPening,110.44761789873449,2025-04-29,"{""type"":""MultiPoint"",""coordinates"":[]}"
4_722_0,1267,543,253,534,239,1062,3261,3697,3682,4064,3,floating_plants,RA0119_20250429,-7.272823278745299,1,RawaPening,110.44723162329171,2025-04-29,"{""type"":""MultiPoint"",""coordinates"":[]}"
4_723_0,1287,570,269,571,273,1106,3385,3884,3662,4005,3,floating_plants,RA0120_20250429,-7.2734086168146845,1,RawaPening,110.44842263924036,2025-04-29,"{""type"":""MultiPoint"",""coordinates"":[]}"
4_724_0,1400,557,252,552,251,1029,3406,4001,4148,4253,3,floating_plants,RA0121_20250429,-7.274994347022492,1,RawaPening,110.44889475367043,2025-04-29,"{""type"":""MultiPoint"",""coordinates"":[]}"
4_725_0,862,418,251,516,240,932,2464,2703,2968,2932,3,floating_plants,RA0122_20250429,-7.2761437318618745,1,RawaPening,110.444098501293,2025-04-29,"{""type"":""MultiPoint"",""coordinates"":[]}"
4_726_0,632,291,252,530,250,719,1871,1834,3241,2151,3,floating_plants,RA0123_20250429,-7.275728676566087,1,RawaPening,110.4469741073672,2025-04-29,"{""type"":""MultiPoint"",""coordinates"":[]}"
4_727_0,887,396,281,503,238,968,2626,3146,3396,3239,3,floating_plants,RA0124_20250429,-7.289212457006567,1,RawaPening,110.41637513601009,2025-04-29,"{""type"":""MultiPoint"",""coordinates"":[]}"
4_728_0,581,285,218,390,210,799,1847,2083,1935,2061,3,floating_plants,RA0125_20250429,-7.287552281908229,1,RawaPening,110.41517339018802,2025-04-29,"{""type"":""MultiPoint"",""coordinates"":[]}"
4_729_0,1504,672,300,636,286,1131,3669,4153,4199,4398,3,floating_plants,RA0126_20250429,-7.292681777409986,1,RawaPening,110.41579572284589,2025-04-29,"{""type"":""MultiPoint"",""coordinates"":[]}"
4_730_0,1365,537,246,568,253,1053,3553,4120,4004,4358,3,floating_plants,RA0127_20250429,-7.292532788742578,1,RawaPening,110.4178129390472,2025-04-29,"{""type"":""MultiPoint"",""coordinates"":[]}"
4_731_0,1089,491,287,564,268,926,2639,2871,3608,3108,3,floating_plants,RA0128_20250429,-7.293426720003348,1,RawaPening,110.41858548993282,2025-04-29,"{""type"":""MultiPoint"",""coordinates"":[]}"
4_732_0,711,357,254,459,258,884,1988,2266,2249,2303,3,floating_plants,RA0129_20250429,-7.298364594545614,1,RawaPening,110.42304916706476,2025-04-29,"{""type"":""MultiPoint"",""coordinates"":[]}"
4_733_0,396,145,250,412,205,478,963,743,1250,1006,3,floating_plants,RA0130_20250429,-7.295001738104603,1,RawaPening,110.42330668402667,2025-04-29,"{""type"":""MultiPoint"",""coordinates"":[]}"
4_734_0,934,435,275,542,283,963,2413,2672,2807,2821,3,floating_plants,RA0131_20250429,-7.296151071629654,1,RawaPening,110.4188645164344,2025-04-29,"{""type"":""MultiPoint"",""coordinates"":[]}"
4_735_0,1650,752,316,636,294,1103,3572,4113,4036,4245,3,floating_plants,RA0132_20250429,-7.295512553369054,1,RawaPening,110.41682584048627,2025-04-29,"{""type"":""MultiPoint"",""coordinates"":[]}"
4_736_0,574,269,300,558,262,635,1459,1578,3021,1685,3,floating_plants,RA0133_20250429,-7.301535873604804,1,RawaPening,110.42472194535915,2025-04-29,"{""type"":""MultiPoint"",""coordinates"":[]}"
4_737_0,238,115,247,358,198,323,706,523,936,513,3,floating_plants,RA0134_20250429,-7.304770979836761,1,RawaPening,110.42341290080293,2025-04-29,"{""type"":""MultiPoint"",""coordinates"":[]}"
4_738_0,1335,546,279,546,263,1044,3138,3671,3640,3924,3,floating_plants,RA0135_20250429,-7.30647365798089,1,RawaPening,110.43283400870565,2025-04-29,"{""type"":""MultiPoint"",""coordinates"":[]}"
4_739_0,1104,486,206,430,230,888,2819,3169,2646,3361,3,floating_plants,RA0136_20250429,-7.309091512882326,1,RawaPening,110.43701865933605,2025-04-29,"{""type"":""MultiPoint"",""coordinates"":[]}"
4_740_0,1145,478,261,516,245,953,2652,3154,3271,3429,3,floating_plants,RA0137_20250429,-7.309964127773811,1,RawaPening,110.4366109241464,2025-04-29,"{""type"":""MultiPoint"",""coordinates"":[]}"
4_741_0,862,424,246,467,243,831,2290,2567,2601,2741,3,floating_plants,RA0138_20250429,-7.307665528781128,1,RawaPening,110.43824186490492,2025-04-29,"{""type"":""MultiPoint"",""coordinates"":[]}"
4_742_0,634,286,250,476,241,649,1689,1945,2519,2101,3,floating_plants,RA0139_20250429,-7.308176329579386,1,RawaPening,110.43555939655211,2025-04-29,"{""type"":""MultiPoint"",""coordinates"":[]}"
4_743_0,1087,486,262,532,245,994,2874,3045,3102,3265,3,floating_plants,RA0140_20250429,-7.306537508282929,1,RawaPening,110.43495852364109,2025-04-29,"{""type"":""MultiPoint"",""coordinates"":[]}"
4_744_0,1124,495,262,517,246,1010,2814,3332,3338,3545,3,floating_plants,RA0141_20250429,-7.307984779348485,1,RawaPening,110.43407867402136,2025-04-29,"{""type"":""MultiPoint"",""coordinates"":[]}"
4_745_0,1133,453,279,524,245,905,2864,3214,3493,3431,3,floating_plants,RA0142_20250429,-7.294065241929092,1,RawaPening,110.41770535607876,2025-04-29,"{""type"":""MultiPoint"",""coordinates"":[]}"
4_746_0,186,99,240,374,204,354,626,692,973,659,3,floating_plants,RA0143_20250429,-7.293022323472813,1,RawaPening,110.42404590316784,2025-04-29,"{""type"":""MultiPoint"",""coordinates"":[]}"
4_747_0,298,118,257,426,222,511,854,902,1898,929,3,floating_plants,RA0144_20250429,-7.291553719846876,1,RawaPening,110.42600947000209,2025-04-29,"{""type"":""MultiPoint"",""coordinates"":[]}"
4_748_0,404,185,258,452,225,649,1159,1290,2050,1502,3,floating_plants,RA0145_20250429,-7.291362162497078,1,RawaPening,110.42913186316474,2025-04-29,"{""type"":""MultiPoint"",""coordinates"":[]}"
4_749_0,665,286,274,518,253,684,2088,2582,2935,2643,3,floating_plants,RA0146_20250429,-7.293501214917961,1,RawaPening,110.43568781581902,2025-04-29,"{""type"":""MultiPoint"",""coordinates"":[]}"
4_750_0,1058,443,258,496,248,959,2575,2891,2623,3162,3,floating_plants,RA0147_20250429,-7.29533163972022,1,RawaPening,110.43320921506103,2025-04-29,"{""type"":""MultiPoint"",""coordinates"":[]}"
4_751_0,811,356,255,477,233,814,2172,2440,2326,2587,3,floating_plants,RA0148_20250429,-7.295842454890869,1,RawaPening,110.4348719989643,2025-04-29,"{""type"":""MultiPoint"",""coordinates"":[]}"
4_752_0,514,232,248,452,232,656,1374,1522,2221,1704,3,floating_plants,RA0149_20250429,-7.297162057319146,1,RawaPening,110.44106313592262,2025-04-29,"{""type"":""MultiPoint"",""coordinates"":[]}"
4_753_0,719,294,231,400,197,667,1790,2032,1881,2171,3,floating_plants,RA0150_20250429,-7.298886048452062,1,RawaPening,110.44224278402658,2025-04-29,"{""type"":""MultiPoint"",""coordinates"":[]}"
4_754_0,38,26,216,260,175,237,103,114,77,75,2,open_water,RA0151_20250429,-7.288744203206517,0,RawaPening,110.4222322713643,2025-04-29,"{""type"":""MultiPoint"",""coordinates"":[]}"
4_755_0,51,25,206,253,166,233,125,123,101,91,2,open_water,RA0152_20250429,-7.285743109824341,0,RawaPening,110.42407780959105,2025-04-29,"{""type"":""MultiPoint"",""coordinates"":[]}"
4_756_0,32,33,207,258,172,242,135,123,108,112,2,open_water,RA0153_20250429,-7.285828247502314,0,RawaPening,110.43188915743445,2025-04-29,"{""type"":""MultiPoint"",""coordinates"":[]}"
4_757_0,34,30,202,258,179,245,127,125,103,92,2,open_water,RA0154_20250429,-7.289318878369326,0,RawaPening,110.43002215946088,2025-04-29,"{""type"":""MultiPoint"",""coordinates"":[]}"
4_758_0,43,39,203,279,163,257,147,162,121,149,2,open_water,RA0155_20250429,-7.290872626043734,0,RawaPening,110.43543001566016,2025-04-29,"{""type"":""MultiPoint"",""coordinates"":[]}"
4_759_0,35,34,203,274,172,238,149,129,110,110,2,open_water,RA0156_20250429,-7.290170247625636,0,RawaPening,110.43676051996317,2025-04-29,"{""type"":""MultiPoint"",""coordinates"":[]}"
4_760_0,54,41,195,265,166,238,129,156,124,112,2,open_water,RA0157_20250429,-7.2892975941172065,0,RawaPening,110.43566607287522,2025-04-29,"{""type"":""MultiPoint"",""coordinates"":[]}"
4_761_0,103,33,198,265,164,242,165,163,160,113,2,open_water,RA0158_20250429,-7.2889889726932475,0,RawaPening,110.44083689882353,2025-04-29,"{""type"":""MultiPoint"",""coordinates"":[]}"
4_762_0,91,38,202,256,164,216,130,115,140,141,2,open_water,RA0159_20250429,-7.287126595432331,0,RawaPening,110.44126609375998,2025-04-29,"{""type"":""MultiPoint"",""coordinates"":[]}"
4_763_0,50,19,185,254,162,222,107,83,83,72,2,open_water,RA0160_20250429,-7.288041821796572,0,RawaPening,110.44203864464559,2025-04-29,"{""type"":""MultiPoint"",""coordinates"":[]}"
4_764_0,63,46,205,261,173,214,122,68,119,63,2,open_water,RA0161_20250429,-7.287754483488233,0,RawaPening,110.44318674110059,2025-04-29,"{""type"":""MultiPoint"",""coordinates"":[]}"
4_765_0,45,29,182,260,178,250,113,88,89,58,2,open_water,RA0162_20250429,-7.288031179640278,0,RawaPening,110.44704949552866,2025-04-29,"{""type"":""MultiPoint"",""coordinates"":[]}"
4_766_0,38,45,189,267,182,227,82,88,66,41,2,open_water,RA0163_20250429,-7.289137962539649,0,RawaPening,110.44768255805994,2025-04-29,"{""type"":""MultiPoint"",""coordinates"":[]}"
4_767_0,64,48,199,256,161,240,116,126,104,78,2,open_water,RA0164_20250429,-7.290585289897053,0,RawaPening,110.4491632805907,2025-04-29,"{""type"":""MultiPoint"",""coordinates"":[]}"
4_768_0,36,40,197,262,155,232,94,108,90,66,2,open_water,RA0165_20250429,-7.29262856784584,0,RawaPening,110.44807905818588,2025-04-29,"{""type"":""MultiPoint"",""coordinates"":[]}"
4_769_0,97,73,324,520,434,534,284,275,251,210,2,open_water,RA0166_20250429,-7.291990044560548,0,RawaPening,110.4543882237517,2025-04-29,"{""type"":""MultiPoint"",""coordinates"":[]}"
4_770_0,96,73,494,756,698,827,417,424,330,264,2,open_water,RA0167_20250429,-7.291745277059769,0,RawaPening,110.45609427362407,2025-04-29,"{""type"":""MultiPoint"",""coordinates"":[]}"
4_771_0,72,41,159,216,136,207,128,138,127,135,2,open_water,RA0168_20250429,-7.297332328351714,0,RawaPening,110.44732808115575,2025-04-29,"{""type"":""MultiPoint"",""coordinates"":[]}"
4_772_0,83,44,180,228,172,201,161,131,78,106,2,open_water,RA0169_20250429,-7.299013751119292,0,RawaPening,110.44119078858665,2025-04-29,"{""type"":""MultiPoint"",""coordinates"":[]}"
4_773_0,50,25,208,248,155,231,158,124,93,112,2,open_water,RA0170_20250429,-7.298258175912916,0,RawaPening,110.43836883187949,2025-04-29,"{""type"":""MultiPoint"",""coordinates"":[]}"
4_774_0,35,22,211,262,160,232,114,104,99,83,2,open_water,RA0171_20250429,-7.299662906263298,0,RawaPening,110.4359975298556,2025-04-29,"{""type"":""MultiPoint"",""coordinates"":[]}"
4_775_0,38,32,180,242,154,202,79,102,76,61,2,open_water,RA0172_20250429,-7.301493306152577,0,RawaPening,110.4390770450187,2025-04-29,"{""type"":""MultiPoint"",""coordinates"":[]}"
4_776_0,49,46,186,201,145,159,77,103,69,47,2,open_water,RA0173_20250429,-7.302674548424868,0,RawaPening,110.44230673691547,2025-04-29,"{""type"":""MultiPoint"",""coordinates"":[]}"
4_777_0,67,32,158,229,140,194,105,84,66,77,2,open_water,RA0174_20250429,-7.303302414668729,0,RawaPening,110.44018222198005,2025-04-29,"{""type"":""MultiPoint"",""coordinates"":[]}"
4_778_0,38,32,213,243,170,235,113,124,85,62,2,open_water,RA0175_20250429,-7.3023127267991335,0,RawaPening,110.43524648021088,2025-04-29,"{""type"":""MultiPoint"",""coordinates"":[]}"
4_779_0,45,44,204,283,172,223,99,105,76,81,2,open_water,RA0176_20250429,-7.305217933606176,0,RawaPening,110.43424879181897,2025-04-29,"{""type"":""MultiPoint"",""coordinates"":[]}"
4_780_0,53,35,210,254,163,220,98,95,65,66,2,open_water,RA0177_20250429,-7.30556911114124,0,RawaPening,110.43888409713263,2025-04-29,"{""type"":""MultiPoint"",""coordinates"":[]}"
4_781_0,45,51,222,268,168,249,106,102,79,89,2,open_water,RA0178_20250429,-7.305781945900665,0,RawaPening,110.43016109801886,2025-04-29,"{""type"":""MultiPoint"",""coordinates"":[]}"
4_782_0,48,38,209,292,177,237,118,114,86,87,2,open_water,RA0179_20250429,-7.302099890688711,0,RawaPening,110.43001087979106,2025-04-29,"{""type"":""MultiPoint"",""coordinates"":[]}"
4_783_0,38,37,203,256,164,236,103,111,74,63,2,open_water,RA0180_20250429,-7.300450404982243,0,RawaPening,110.43299381571994,2025-04-29,"{""type"":""MultiPoint"",""coordinates"":[]}"
4_784_0,37,30,211,272,162,244,143,135,110,115,2,open_water,RA0181_20250429,-7.299396859487851,0,RawaPening,110.43118046711348,2025-04-29,"{""type"":""MultiPoint"",""coordinates"":[]}"
4_785_0,38,30,203,274,161,236,110,105,84,80,2,open_water,RA0182_20250429,-7.300035372204948,0,RawaPening,110.42739282179927,2025-04-29,"{""type"":""MultiPoint"",""coordinates"":[]}"
4_786_0,33,41,210,256,160,219,94,84,60,54,2,open_water,RA0183_20250429,-7.304355951289832,0,RawaPening,110.42597699718483,2025-04-29,"{""type"":""MultiPoint"",""coordinates"":[]}"
4_787_0,54,50,220,274,170,254,109,125,98,65,2,open_water,RA0184_20250429,-7.306271465459462,0,RawaPening,110.424024160224,2025-04-29,"{""type"":""MultiPoint"",""coordinates"":[]}"
4_788_0,82,52,196,273,186,260,91,142,69,101,2,open_water,RA0185_20250429,-7.306771626140886,0,RawaPening,110.42606283617212,2025-04-29,"{""type"":""MultiPoint"",""coordinates"":[]}"
4_789_0,60,44,207,268,187,238,124,125,95,85,2,open_water,RA0186_20250429,-7.3034407582886045,0,RawaPening,110.42165285820008,2025-04-29,"{""type"":""MultiPoint"",""coordinates"":[]}"
4_790_0,48,41,183,274,164,218,113,88,55,70,2,open_water,RA0187_20250429,-7.2992053053950565,0,RawaPening,110.42199662597788,2025-04-29,"{""type"":""MultiPoint"",""coordinates"":[]}"
4_791_0,92,59,234,270,166,254,146,175,152,170,2,open_water,RA0188_20250429,-7.300397195573398,0,RawaPening,110.4189600718025,2025-04-29,"{""type"":""MultiPoint"",""coordinates"":[]}"
4_792_0,66,62,209,271,173,249,184,155,123,150,2,open_water,RA0189_20250429,-7.297545167354316,0,RawaPening,110.417747596107,2025-04-29,"{""type"":""MultiPoint"",""coordinates"":[]}"
4_793_0,35,30,218,273,162,234,116,116,92,80,2,open_water,RA0190_20250429,-7.297534525283031,0,RawaPening,110.42738339276487,2025-04-29,"{""type"":""MultiPoint"",""coordinates"":[]}"
4_794_0,30,35,196,274,165,242,97,99,64,70,2,open_water,RA0191_20250429,-7.299620338801682,0,RawaPening,110.42457216593112,2025-04-29,"{""type"":""MultiPoint"",""coordinates"":[]}"
4_795_0,54,35,347,462,304,320,165,196,132,156,2,open_water,RA0192_20250429,-7.282358871900356,0,RawaPening,110.4187831588064,2025-04-29,"{""type"":""MultiPoint"",""coordinates"":[]}"
4_796_0,59,60,608,814,668,847,389,390,305,237,2,open_water,RA0193_20250429,-7.26907709600701,0,RawaPening,110.42419101500566,2025-04-29,"{""type"":""MultiPoint"",""coordinates"":[]}"
4_797_0,44,47,330,474,341,427,175,177,151,144,2,open_water,RA0194_20250429,-7.271886735221659,0,RawaPening,110.42625115070061,2025-04-29,"{""type"":""MultiPoint"",""coordinates"":[]}"
4_798_0,44,39,231,326,228,295,114,122,96,72,2,open_water,RA0195_20250429,-7.273674678295858,0,RawaPening,110.41912651475555,2025-04-29,"{""type"":""MultiPoint"",""coordinates"":[]}"
4_799_0,78,52,252,342,251,323,152,154,140,134,2,open_water,RA0196_20250429,-7.276824846384534,0,RawaPening,110.41749557399704,2025-04-29,"{""type"":""MultiPoint"",""coordinates"":[]}"
4_800_0,60,48,192,254,173,229,88,72,63,69,2,open_water,RA0197_20250429,-7.268481109671662,0,RawaPening,110.44693834663754,2025-04-29,"{""type"":""MultiPoint"",""coordinates"":[]}"
4_801_0,50,47,204,293,180,261,101,113,84,55,2,open_water,RA0198_20250429,-7.275036915858425,0,RawaPening,110.44539324486632,2025-04-29,"{""type"":""MultiPoint"",""coordinates"":[]}"
4_802_0,35,42,211,262,168,230,76,73,65,45,2,open_water,RA0199_20250429,-7.280485824754738,0,RawaPening,110.44625163473921,2025-04-29,"{""type"":""MultiPoint"",""coordinates"":[]}"
4_803_0,41,29,202,282,172,239,106,102,82,66,2,open_water,RA0200_20250429,-7.2786127697863545,0,RawaPening,110.44350478714594,2025-04-29,"{""type"":""MultiPoint"",""coordinates"":[]}"
4_804_0,47,44,224,286,195,259,149,133,116,108,2,open_water,RA0201_20250429,-7.276654567593703,0,RawaPening,110.43517840537879,2025-04-29,"{""type"":""MultiPoint"",""coordinates"":[]}"
4_805_0,53,41,223,311,210,268,155,154,122,105,2,open_water,RA0202_20250429,-7.279974992357288,0,RawaPening,110.42745289652271,2025-04-29,"{""type"":""MultiPoint"",""coordinates"":[]}"
4_806_0,43,35,189,264,172,243,143,134,110,92,2,open_water,RA0203_20250429,-7.284657600884459,0,RawaPening,110.43646599018817,2025-04-29,"{""type"":""MultiPoint"",""coordinates"":[]}"
4_807_0,55,45,225,283,191,243,143,147,121,106,2,open_water,RA0204_20250429,-7.280570963431113,0,RawaPening,110.43886948183226,2025-04-29,"{""type"":""MultiPoint"",""coordinates"":[]}"
4_808_0,42,33,217,298,194,254,145,143,113,106,2,open_water,RA0205_20250429,-7.276824846384534,0,RawaPening,110.4282254474083,2025-04-29,"{""type"":""MultiPoint"",""coordinates"":[]}"
4_809_0,58,74,322,490,338,471,178,184,162,130,2,open_water,RA0206_20250429,-7.267459416971492,0,RawaPening,110.42899799829391,2025-04-29,"{""type"":""MultiPoint"",""coordinates"":[]}"
4_810_0,60,52,412,576,404,548,204,212,165,141,2,open_water,RA0207_20250429,-7.2678851225455645,0,RawaPening,110.43526424436611,2025-04-29,"{""type"":""MultiPoint"",""coordinates"":[]}"
4_811_0,36,22,205,322,198,298,136,149,102,82,2,open_water,RA0208_20250429,-7.271120471724585,0,RawaPening,110.43114397297614,2025-04-29,"{""type"":""MultiPoint"",""coordinates"":[]}"
4_812_0,26,26,191,269,165,236,74,86,59,49,2,open_water,RA0209_20250429,-7.2930010366366576,0,RawaPening,110.44238888031117,2025-04-29,"{""type"":""MultiPoint"",""coordinates"":[]}"
4_813_0,32,28,180,262,162,219,81,90,63,57,2,open_water,RA0210_20250429,-7.294405785626387,0,RawaPening,110.44319835687237,2025-04-29,"{""type"":""MultiPoint"",""coordinates"":[]}"
4_814_0,36,29,215,250,166,234,125,137,96,93,2,open_water,RA0211_20250429,-7.293745980835219,0,RawaPening,110.4370394095343,2025-04-29,"{""type"":""MultiPoint"",""coordinates"":[]}"
4_815_0,34,24,218,272,172,228,143,130,98,106,2,open_water,RA0212_20250429,-7.2953848490080135,0,RawaPening,110.43860597105235,2025-04-29,"{""type"":""MultiPoint"",""coordinates"":[]}"
4_816_0,51,48,236,292,206,261,137,144,128,105,2,open_water,RA0213_20250429,-7.2869350358514895,0,RawaPening,110.4288632459949,2025-04-29,"{""type"":""MultiPoint"",""coordinates"":[]}"
4_817_0,50,17,206,263,193,246,142,142,109,124,2,open_water,RA0214_20250429,-7.283806223290196,0,RawaPening,110.42626661662939,2025-04-29,"{""type"":""MultiPoint"",""coordinates"":[]}"
4_818_0,39,37,198,270,164,239,131,134,103,96,2,open_water,RA0215_20250429,-7.282167312334438,0,RawaPening,110.43369160396716,2025-04-29,"{""type"":""MultiPoint"",""coordinates"":[]}"
4_819_0,41,34,176,256,185,230,143,138,122,96,2,open_water,RA0216_20250429,-7.283529524107795,0,RawaPening,110.44077332041856,2025-04-29,"{""type"":""MultiPoint"",""coordinates"":[]}"
4_820_0,42,50,247,296,206,262,144,149,117,105,2,open_water,RA0217_20250429,-7.277782664537984,0,RawaPening,110.43193212464628,2025-04-29,"{""type"":""MultiPoint"",""coordinates"":[]}"
4_821_0,38,26,187,249,160,224,140,117,78,101,2,open_water,RA0218_20250429,-7.273483114466305,0,RawaPening,110.44304827350032,2025-04-29,"{""type"":""MultiPoint"",""coordinates"":[]}"
4_822_0,22,41,212,290,196,288,137,142,103,67,2,open_water,RA0219_20250429,-7.273036128776843,0,RawaPening,110.43317696216236,2025-04-29,"{""type"":""MultiPoint"",""coordinates"":[]}"
4_823_0,54,65,244,308,198,269,144,138,109,97,2,open_water,RA0220_20250429,-7.275462615010348,0,RawaPening,110.42418532824372,2025-04-29,"{""type"":""MultiPoint"",""coordinates"":[]}"
4_824_0,69,45,169,175,136,179,104,106,98,88,2,open_water,RA0221_20250429,-7.288339801342357,0,RawaPening,110.41682544214319,2025-04-29,"{""type"":""MultiPoint"",""coordinates"":[]}"
4_825_0,46,36,202,263,176,224,122,121,102,104,2,open_water,RA0222_20250429,-7.2937246967695435,0,RawaPening,110.419722362735,2025-04-29,"{""type"":""MultiPoint"",""coordinates"":[]}"
4_826_0,46,41,232,280,181,257,146,120,110,97,2,open_water,RA0223_20250429,-7.293511856296736,0,RawaPening,110.42319884172025,2025-04-29,"{""type"":""MultiPoint"",""coordinates"":[]}"
4_827_0,32,28,193,281,170,242,132,109,88,86,2,open_water,RA0224_20250429,-7.296576749957952,0,RawaPening,110.42508738865288,2025-04-29,"{""type"":""MultiPoint"",""coordinates"":[]}"
4_828_0,34,27,198,281,168,237,146,140,105,111,2,open_water,RA0225_20250429,-7.293916253726071,0,RawaPening,110.42847802865084,2025-04-29,"{""type"":""MultiPoint"",""coordinates"":[]}"
4_829_0,1272,687,296,458,376,620,1790,2460,2301,2558,1,LEV,RA0226_20250429,-7.272397576330903,0,RawaPening,110.40684987981037,2025-04-29,"{""type"":""MultiPoint"",""coordinates"":[]}"
4_830_0,1121,649,364,582,469,942,1449,1619,1710,1697,1,LEV,RA0227_20250429,-7.266182297333376,0,RawaPening,110.41637800739956,2025-04-29,"{""type"":""MultiPoint"",""coordinates"":[]}"
4_831_0,2667,2445,904,1040,1320,1562,1807,1791,1521,1885,1,LEV,RA0228_20250429,-7.260562929995183,0,RawaPening,110.40513310006456,2025-04-29,"{""type"":""MultiPoint"",""coordinates"":[]}"
4_832_0,2502,1489,410,816,576,1474,3622,4155,3957,4524,1,LEV,RA0229_20250429,-7.257157218643834,0,RawaPening,110.41517626157753,2025-04-29,"{""type"":""MultiPoint"",""coordinates"":[]}"
4_833_0,2252,1057,339,747,345,1140,3609,4229,4457,4595,1,LEV,RA0230_20250429,-7.258519506278521,0,RawaPening,110.44504822915445,2025-04-29,"{""type"":""MultiPoint"",""coordinates"":[]}"
4_834_0,1210,619,266,379,296,606,1677,2253,2113,2333,1,LEV,RA0231_20250429,-7.262436060245705,0,RawaPening,110.42702204182355,2025-04-29,"{""type"":""MultiPoint"",""coordinates"":[]}"
4_835_0,1298,632,241,379,256,562,1976,2814,2931,2974,1,LEV,RA0232_20250429,-7.264138899156161,0,RawaPening,110.4323440590355,2025-04-29,"{""type"":""MultiPoint"",""coordinates"":[]}"
4_836_0,1842,824,200,462,201,855,2779,3347,3600,3774,1,LEV,RA0233_20250429,-7.266863427994401,0,RawaPening,110.46298857749808,2025-04-29,"{""type"":""MultiPoint"",""coordinates"":[]}"
4_837_0,1539,757,254,483,294,749,2255,2902,2837,3027,1,LEV,RA0234_20250429,-7.279889853072129,0,RawaPening,110.46127179775227,2025-04-29,"{""type"":""MultiPoint"",""coordinates"":[]}"
4_838_0,1378,737,266,411,328,663,1667,2078,2092,2224,1,LEV,RA0235_20250429,-7.301769989797498,0,RawaPening,110.4587824671209,2025-04-29,"{""type"":""MultiPoint"",""coordinates"":[]}"
4_839_0,1140,619,266,500,398,777,1714,2012,1763,2043,1,LEV,RA0236_20250429,-7.293341581237485,0,RawaPening,110.46461951825658,2025-04-29,"{""type"":""MultiPoint"",""coordinates"":[]}"
4_840_0,1909,826,225,387,198,762,3046,3788,3503,4009,1,LEV,RA0237_20250429,-7.272227295860496,0,RawaPening,110.46401864534558,2025-04-29,"{""type"":""MultiPoint"",""coordinates"":[]}"
4_841_0,1850,1065,291,479,354,951,2465,2927,2878,3030,1,LEV,RA0238_20250429,-7.271290752119027,0,RawaPening,110.45740904332422,2025-04-29,"{""type"":""MultiPoint"",""coordinates"":[]}"
4_842_0,936,470,413,629,629,969,1445,1683,1532,1694,1,LEV,RA0239_20250429,-7.290702349964835,0,RawaPening,110.40032611677631,2025-04-29,"{""type"":""MultiPoint"",""coordinates"":[]}"
4_843_0,2060,999,315,626,333,1190,3356,4009,3772,4234,1,LEV,RA0240_20250429,-7.296151068397969,0,RawaPening,110.39783678614491,2025-04-29,"{""type"":""MultiPoint"",""coordinates"":[]}"
4_844_0,2729,2394,934,911,954,1383,1711,1890,1775,2106,1,LEV,RA0241_20250429,-7.290872623419612,0,RawaPening,110.40642068487395,2025-04-29,"{""type"":""MultiPoint"",""coordinates"":[]}"
4_845_0,1065,644,353,508,456,857,1547,1874,1662,1948,1,LEV,RA0242_20250429,-7.298024050039669,0,RawaPening,110.40959672740367,2025-04-29,"{""type"":""MultiPoint"",""coordinates"":[]}"
4_846_0,1833,804,284,549,252,747,2964,3716,4071,3955,1,LEV,RA0243_20250429,-7.302706469834303,0,RawaPening,110.4057339729756,2025-04-29,"{""type"":""MultiPoint"",""coordinates"":[]}"
4_847_0,1808,798,285,536,278,943,2982,3569,3504,3869,1,LEV,RA0244_20250429,-7.312496827130394,0,RawaPening,110.41912419938659,2025-04-29,"{""type"":""MultiPoint"",""coordinates"":[]}"
4_848_0,1551,680,253,444,218,750,2685,3252,3153,3400,1,LEV,RA0245_20250429,-7.3070483078686195,0,RawaPening,110.41508976698395,2025-04-29,"{""type"":""MultiPoint"",""coordinates"":[]}"
4_849_0,1536,620,223,372,200,679,2721,3589,3404,3900,1,LEV,RA0246_20250429,-7.3092617768343695,0,RawaPening,110.40676338521679,2025-04-29,"{""type"":""MultiPoint"",""coordinates"":[]}"
4_850_0,1553,672,354,492,298,775,2734,3522,3256,3652,1,LEV,RA0247_20250429,-7.315221061831547,0,RawaPening,110.41079781761944,2025-04-29,"{""type"":""MultiPoint"",""coordinates"":[]}"
4_851_0,1510,738,285,524,279,864,2679,3323,3471,3518,1,LEV,RA0248_20250429,-7.314710269091479,0,RawaPening,110.42556212343332,2025-04-29,"{""type"":""MultiPoint"",""coordinates"":[]}"
4_852_0,1061,613,492,683,751,1044,1519,1687,1364,1703,1,LEV,RA0249_20250429,-7.315646722001739,0,RawaPening,110.43225756444195,2025-04-29,"{""type"":""MultiPoint"",""coordinates"":[]}"
4_853_0,1134,705,417,572,593,902,1016,1197,1196,1233,1,LEV,RA0250_20250429,-7.310879304911691,0,RawaPening,110.45912516746374,2025-04-29,"{""type"":""MultiPoint"",""coordinates"":[]}"
4_854_0,811,484,392,552,566,850,1015,1131,1167,1199,1,LEV,RA0251_20250429,-7.311900898573626,0,RawaPening,110.45397482822638,2025-04-29,"{""type"":""MultiPoint"",""coordinates"":[]}"
4_855_0,946,500,422,556,578,893,1115,1210,1201,1361,1,LEV,RA0252_20250429,-7.295980798629684,0,RawaPening,110.45612080290861,2025-04-29,"{""type"":""MultiPoint"",""coordinates"":[]}"
4_856_0,2370,2104,525,672,975,1047,1357,1505,1490,1674,1,LEV,RA0253_20250429,-7.307899643384016,0,RawaPening,110.46496221859951,2025-04-29,"{""type"":""MultiPoint"",""coordinates"":[]}"
4_857_0,1702,891,254,488,258,723,2410,3191,3280,3278,1,LEV,RA0254_20250429,-7.3140292111954395,0,RawaPening,110.46315959986639,2025-04-29,"{""type"":""MultiPoint"",""coordinates"":[]}"
4_858_0,1659,738,292,514,305,772,2798,3480,3348,3556,1,LEV,RA0255_20250429,-7.308410443914598,0,RawaPening,110.40118385104296,2025-04-29,"{""type"":""MultiPoint"",""coordinates"":[]}"
4_859_0,2077,1582,571,821,620,1194,2076,2006,2083,2144,1,LEV,RA0256_20250429,-7.296832155217261,0,RawaPening,110.40307230876331,2025-04-29,"{""type"":""MultiPoint"",""coordinates"":[]}"
4_860_0,1384,756,332,478,404,735,1828,2232,2001,2393,1,LEV,RA0257_20250429,-7.26831082686089,0,RawaPening,110.39946762731766,2025-04-29,"{""type"":""MultiPoint"",""coordinates"":[]}"
4_861_0,2087,1081,211,416,233,709,2612,3570,3576,3772,1,LEV,RA0258_20250429,-7.253070328652017,0,RawaPening,110.41131471877623,2025-04-29,"{""type"":""MultiPoint"",""coordinates"":[]}"
4_862_0,1873,1115,220,433,191,867,2622,2949,2898,3199,1,LEV,RA0259_20250429,-7.25434748502891,0,RawaPening,110.40702276941172,2025-04-29,"{""type"":""MultiPoint"",""coordinates"":[]}"
4_863_0,2096,1118,220,451,235,788,2495,3357,3637,3515,1,LEV,RA0260_20250429,-7.252985184764697,0,RawaPening,110.41715176991197,2025-04-29,"{""type"":""MultiPoint"",""coordinates"":[]}"
4_864_0,1772,748,192,366,197,756,2864,3497,3407,3921,1,LEV,RA0261_20250429,-7.252985184764697,0,RawaPening,110.43560715217933,2025-04-29,"{""type"":""MultiPoint"",""coordinates"":[]}"
4_865_0,2236,1001,296,642,270,1138,3857,4719,4551,4951,1,LEV,RA0262_20250429,-7.255965211237359,0,RawaPening,110.43191607572585,2025-04-29,"{""type"":""MultiPoint"",""coordinates"":[]}"
4_866_0,2048,1058,312,502,423,911,2355,2888,2827,3219,1,LEV,RA0263_20250429,-7.256816643748096,0,RawaPening,110.43689473698868,2025-04-29,"{""type"":""MultiPoint"",""coordinates"":[]}"
4_867_0,1832,837,270,628,262,995,3467,4237,4395,4306,1,LEV,RA0264_20250429,-7.25341090404013,0,RawaPening,110.45500676330688,2025-04-29,"{""type"":""MultiPoint"",""coordinates"":[]}"
4_868_0,1916,949,296,534,268,928,2626,3174,3085,3415,1,LEV,RA0265_20250429,-7.25341090404013,0,RawaPening,110.44848300027282,2025-04-29,"{""type"":""MultiPoint"",""coordinates"":[]}"
4_869_0,1878,918,191,390,181,693,2225,2680,2556,2914,1,LEV,RA0266_20250429,-7.2595412169547675,0,RawaPening,110.45715273798912,2025-04-29,"{""type"":""MultiPoint"",""coordinates"":[]}"
4_870_0,3097,2830,2348,2586,2962,2904,2835,2738,2845,2564,1,LEV,RA0267_20250429,-7.258264075318728,0,RawaPening,110.46213139925197,2025-04-29,"{""type"":""MultiPoint"",""coordinates"":[]}"
4_871_0,2206,1909,980,1522,1484,1989,2384,2418,2240,2523,1,LEV,RA0268_20250429,-7.259030360735484,0,RawaPening,110.46547911975627,2025-04-29,"{""type"":""MultiPoint"",""coordinates"":[]}"
4_872_0,1897,907,197,335,203,730,2305,2713,2490,2966,1,LEV,RA0269_20250429,-7.26269148415094,0,RawaPening,110.46221723823926,2025-04-29,"{""type"":""MultiPoint"",""coordinates"":[]}"
4_873_0,1942,1068,254,477,264,1004,2947,3535,3817,3839,1,LEV,RA0270_20250429,-7.265501163297453,0,RawaPening,110.45303246659921,2025-04-29,"{""type"":""MultiPoint"",""coordinates"":[]}"
4_874_0,1149,687,376,540,548,856,1407,1631,1733,1890,1,LEV,RA0271_20250429,-7.262861768235499,0,RawaPening,110.44067165242943,2025-04-29,"{""type"":""MultiPoint"",""coordinates"":[]}"
4_875_0,2096,1011,285,549,282,906,3257,4029,4028,4158,1,LEV,RA0272_20250429,-7.260860927711998,0,RawaPening,110.43689096517792,2025-04-29,"{""type"":""MultiPoint"",""coordinates"":[]}"
4_876_0,1978,1119,239,411,252,749,2398,3133,3133,3223,1,LEV,RA0273_20250429,-7.259924360281503,0,RawaPening,110.42143994746571,2025-04-29,"{""type"":""MultiPoint"",""coordinates"":[]}"
4_877_0,1935,1158,330,580,412,1009,2577,3057,2873,3127,1,LEV,RA0274_20250429,-7.262436059446216,0,RawaPening,110.41006628164979,2025-04-29,"{""type"":""MultiPoint"",""coordinates"":[]}"
4_878_0,1565,883,327,498,400,808,1933,2284,2178,2371,1,LEV,RA0275_20250429,-7.259328361810291,0,RawaPening,110.41272729025579,2025-04-29,"{""type"":""MultiPoint"",""coordinates"":[]}"
4_879_0,419,219,284,451,260,487,997,1095,1629,1142,1,LEV,RA0276_20250429,-7.283252825469129,0,RawaPening,110.4076199099314,2025-04-29,"{""type"":""MultiPoint"",""coordinates"":[]}"
4_880_0,967,540,472,645,574,907,2217,2457,2031,2562,1,LEV,RA0277_20250429,-7.283125118212358,0,RawaPening,110.41044186663854,2025-04-29,"{""type"":""MultiPoint"",""coordinates"":[]}"
4_881_0,926,444,340,602,348,882,2107,2368,2946,2363,1,LEV,RA0278_20250429,-7.284668245128482,0,RawaPening,110.41128952663803,2025-04-29,"{""type"":""MultiPoint"",""coordinates"":[]}"
4_882_0,1710,762,338,637,304,1027,3305,3758,4261,3753,1,LEV,RA0279_20250429,-7.284391546899928,0,RawaPening,110.41869313929182,2025-04-29,"{""type"":""MultiPoint"",""coordinates"":[]}"
4_883_0,1361,630,390,665,375,848,2528,2914,2924,3106,1,LEV,RA0280_20250429,-7.284732098541587,0,RawaPening,110.42048502815146,2025-04-29,"{""type"":""MultiPoint"",""coordinates"":[]}"
4_884_0,1543,735,344,616,314,1023,3179,3699,3673,3785,1,LEV,RA0281_20250429,-7.284497969315756,0,RawaPening,110.41460505752211,2025-04-29,"{""type"":""MultiPoint"",""coordinates"":[]}"
4_885_0,1527,882,407,539,494,827,1852,2317,2206,2419,1,LEV,RA0282_20250429,-7.2872755856063165,0,RawaPening,110.40329591825058,2025-04-29,"{""type"":""MultiPoint"",""coordinates"":[]}"
4_886_0,881,520,406,574,552,903,1309,1514,1279,1571,1,LEV,RA0283_20250429,-7.286136871503183,0,RawaPening,110.40620371394505,2025-04-29,"{""type"":""MultiPoint"",""coordinates"":[]}"
4_887_0,1018,666,492,752,828,1121,1498,1680,1481,1740,1,LEV,RA0284_20250429,-7.293767265578442,0,RawaPening,110.41126805133094,2025-04-29,"{""type"":""MultiPoint"",""coordinates"":[]}"
4_888_0,1889,1022,404,695,523,1117,2324,2815,2846,3014,1,LEV,RA0285_20250429,-7.293660845364805,0,RawaPening,110.4069761019664,2025-04-29,"{""type"":""MultiPoint"",""coordinates"":[]}"
4_889_0,905,512,341,508,474,819,1553,1809,1738,1869,1,LEV,RA0286_20250429,-7.298949899820733,0,RawaPening,110.41368202180936,2025-04-29,"{""type"":""MultiPoint"",""coordinates"":[]}"
4_890_0,1943,1387,376,478,465,903,1538,1960,2000,2241,1,LEV,RA0287_20250429,-7.302078607004473,0,RawaPening,110.41645028246862,2025-04-29,"{""type"":""MultiPoint"",""coordinates"":[]}"
4_891_0,1549,878,348,490,427,860,2064,2377,1929,2631,1,LEV,RA0288_20250429,-7.30344075819666,0,RawaPening,110.41823144145492,2025-04-29,"{""type"":""MultiPoint"",""coordinates"":[]}"
4_892_0,1712,837,213,392,223,913,3077,3572,2979,3752,1,LEV,RA0289_20250429,-7.309527821139708,0,RawaPening,110.42275875300882,2025-04-29,"{""type"":""MultiPoint"",""coordinates"":[]}"
4_893_0,250,146,419,556,551,765,601,613,474,540,1,LEV,RA0290_20250429,-7.312592604689001,0,RawaPening,110.43125560838523,2025-04-29,"{""type"":""MultiPoint"",""coordinates"":[]}"
4_894_0,441,228,346,511,424,731,927,948,1200,956,1,LEV,RA0291_20250429,-7.314231403767222,0,RawaPening,110.43691025167296,2025-04-29,"{""type"":""MultiPoint"",""coordinates"":[]}"
4_895_0,990,581,488,684,574,867,1583,1722,1839,1835,1,LEV,RA0292_20250429,-7.311794486076638,0,RawaPening,110.44527955293375,2025-04-29,"{""type"":""MultiPoint"",""coordinates"":[]}"
4_896_0,1572,732,280,579,296,1019,2985,3373,3400,3604,1,LEV,RA0293_20250429,-7.307867721321258,0,RawaPening,110.4411053500171,2025-04-29,"{""type"":""MultiPoint"",""coordinates"":[]}"
4_897_0,1286,699,370,606,361,1110,2614,2663,2297,2912,1,LEV,RA0294_20250429,-7.311230481362035,0,RawaPening,110.42882069994789,2025-04-29,"{""type"":""MultiPoint"",""coordinates"":[]}"
4_898_0,1551,729,348,572,351,964,3023,3587,3311,3851,1,LEV,RA0295_20250429,-7.281709693427083,0,RawaPening,110.42315577284796,2025-04-29,"{""type"":""MultiPoint"",""coordinates"":[]}"
4_899_0,1075,579,304,602,319,923,2022,2433,3245,2296,1,LEV,RA0296_20250429,-7.267012426093247,0,RawaPening,110.44119117033209,2025-04-29,"{""type"":""MultiPoint"",""coordinates"":[]}"
4_900_0,1457,688,306,650,330,1129,2886,3113,3046,3363,1,LEV,RA0297_20250429,-7.263787689821427,0,RawaPening,110.4509117478785,2025-04-29,"{""type"":""MultiPoint"",""coordinates"":[]}"
4_901_0,2116,981,242,516,235,810,2942,3971,3753,4006,1,LEV,RA0298_20250429,-7.264053758026395,0,RawaPening,110.44414119775598,2025-04-29,"{""type"":""MultiPoint"",""coordinates"":[]}"
4_902_0,1635,821,289,648,282,1135,3138,3564,3453,3760,1,LEV,RA0299_20250429,-7.2707160552451535,0,RawaPening,110.4509215742186,2025-04-29,"{""type"":""MultiPoint"",""coordinates"":[]}"
4_903_0,765,369,358,710,387,956,1612,1813,1892,1780,1,LEV,RA0300_20250429,-7.274334513524922,0,RawaPening,110.45067478713014,2025-04-29,"{""type"":""MultiPoint"",""coordinates"":[]}"
5_904_0,392,176,368,542,305,548,1203,1222,1285,1185,3,floating_plants,RA0001_20230528,-7.298747703513097,1,RawaPening,110.435666759602,2023-05-28,"{""type"":""MultiPoint"",""coordinates"":[]}"
5_905_0,161,83,378,493,283,372,505,450,861,496,3,floating_plants,RA0002_20230528,-7.2991308118086815,1,RawaPening,110.43491566846323,2023-05-28,"{""type"":""MultiPoint"",""coordinates"":[]}"
5_906_0,304,136,373,513,298,523,967,1173,1146,939,3,floating_plants,RA0003_20230528,-7.298407162530418,1,RawaPening,110.43472253074182,2023-05-28,"{""type"":""MultiPoint"",""coordinates"":[]}"
5_907_0,378,177,362,548,318,502,895,1223,1821,1398,3,floating_plants,RA0004_20230528,-7.298428446349448,1,RawaPening,110.43809171099298,2023-05-28,"{""type"":""MultiPoint"",""coordinates"":[]}"
5_908_0,306,153,374,527,306,516,930,930,1380,952,3,floating_plants,RA0005_20230528,-7.2984710139844164,1,RawaPening,110.43712602238593,2023-05-28,"{""type"":""MultiPoint"",""coordinates"":[]}"
5_909_0,309,140,367,496,310,520,886,979,861,863,3,floating_plants,RA0006_20230528,-7.299024392870599,1,RawaPening,110.43751229782879,2023-05-28,"{""type"":""MultiPoint"",""coordinates"":[]}"
5_910_0,645,316,373,575,307,761,2055,2056,2426,2048,3,floating_plants,RA0007_20230528,-7.299492636008833,1,RawaPening,110.43798441225884,2023-05-28,"{""type"":""MultiPoint"",""coordinates"":[]}"
5_911_0,196,113,376,512,305,411,614,755,744,818,3,floating_plants,RA0008_20230528,-7.299960878656879,1,RawaPening,110.43873550339764,2023-05-28,"{""type"":""MultiPoint"",""coordinates"":[]}"
5_912_0,259,129,394,525,312,473,760,834,1034,856,3,floating_plants,RA0009_20230528,-7.299577771072225,1,RawaPening,110.4392505373214,2023-05-28,"{""type"":""MultiPoint"",""coordinates"":[]}"
5_913_0,714,327,390,598,332,811,2027,2305,2441,2505,3,floating_plants,RA0010_20230528,-7.299492636008833,1,RawaPening,110.44023768567521,2023-05-28,"{""type"":""MultiPoint"",""coordinates"":[]}"
5_914_0,563,292,381,583,320,712,1587,1716,2183,1729,3,floating_plants,RA0011_20230528,-7.299386217156817,1,RawaPening,110.44118191453539,2023-05-28,"{""type"":""MultiPoint"",""coordinates"":[]}"
5_915_0,291,162,381,540,304,475,880,874,1307,1037,3,floating_plants,RA0012_20230528,-7.2986625682917206,1,RawaPening,110.44191154592735,2023-05-28,"{""type"":""MultiPoint"",""coordinates"":[]}"
5_916_0,370,186,391,502,301,567,1140,1124,836,1189,3,floating_plants,RA0013_20230528,-7.297811215187043,1,RawaPening,110.44199738491464,2023-05-28,"{""type"":""MultiPoint"",""coordinates"":[]}"
5_917_0,335,160,366,528,304,517,1006,1215,1545,1338,3,floating_plants,RA0014_20230528,-7.296725737629019,1,RawaPening,110.44330642947085,2023-05-28,"{""type"":""MultiPoint"",""coordinates"":[]}"
5_918_0,332,158,389,517,315,514,967,839,1170,826,3,floating_plants,RA0015_20230528,-7.2976835120815835,1,RawaPening,110.4443150375715,2023-05-28,"{""type"":""MultiPoint"",""coordinates"":[]}"
5_919_0,260,134,385,559,310,452,795,834,1628,1050,3,floating_plants,RA0016_20230528,-7.2991095280231235,1,RawaPening,110.44313475149626,2023-05-28,"{""type"":""MultiPoint"",""coordinates"":[]}"
5_920_0,499,223,361,588,324,580,1367,1506,2953,1732,3,floating_plants,RA0017_20230528,-7.29766222822716,1,RawaPening,110.44809195301224,2023-05-28,"{""type"":""MultiPoint"",""coordinates"":[]}"
5_921_0,253,130,348,498,297,399,580,737,1187,826,3,floating_plants,RA0018_20230528,-7.2984497301674605,1,RawaPening,110.44716918389888,2023-05-28,"{""type"":""MultiPoint"",""coordinates"":[]}"
5_922_0,410,245,396,540,358,518,1013,1242,1470,1350,3,floating_plants,RA0019_20230528,-7.3003865533661125,1,RawaPening,110.44448671554609,2023-05-28,"{""type"":""MultiPoint"",""coordinates"":[]}"
5_923_0,687,381,417,594,402,719,1611,1754,2409,1925,3,floating_plants,RA0020_20230528,-7.300812227670181,1,RawaPening,110.4440360608628,2023-05-28,"{""type"":""MultiPoint"",""coordinates"":[]}"
5_924_0,465,240,366,572,340,566,1111,1577,2278,1563,3,floating_plants,RA0021_20230528,-7.300492971980109,1,RawaPening,110.44330642947085,2023-05-28,"{""type"":""MultiPoint"",""coordinates"":[]}"
5_925_0,656,334,372,610,353,719,1546,2028,2726,1999,3,floating_plants,RA0022_20230528,-7.301088915750526,1,RawaPening,110.4422334421297,2023-05-28,"{""type"":""MultiPoint"",""coordinates"":[]}"
5_926_0,553,272,370,544,320,582,1417,1499,2047,1950,3,floating_plants,RA0023_20230528,-7.3016848587268095,1,RawaPening,110.44221198238289,2023-05-28,"{""type"":""MultiPoint"",""coordinates"":[]}"
5_927_0,699,342,368,620,324,744,1840,2042,2953,2033,3,floating_plants,RA0024_20230528,-7.3024297863302285,1,RawaPening,110.44064542086487,2023-05-28,"{""type"":""MultiPoint"",""coordinates"":[]}"
5_928_0,527,284,380,538,318,597,1233,1523,1871,1565,3,floating_plants,RA0025_20230528,-7.302557488080504,1,RawaPening,110.44169694845915,2023-05-28,"{""type"":""MultiPoint"",""coordinates"":[]}"
5_929_0,753,359,396,568,324,810,1896,2451,2743,2591,3,floating_plants,RA0026_20230528,-7.30323856346588,1,RawaPening,110.44131067301635,2023-05-28,"{""type"":""MultiPoint"",""coordinates"":[]}"
5_930_0,625,357,396,568,343,663,1422,1553,2211,1715,3,floating_plants,RA0027_20230528,-7.3029618767156945,1,RawaPening,110.4399372492197,2023-05-28,"{""type"":""MultiPoint"",""coordinates"":[]}"
5_931_0,393,237,412,568,429,471,638,794,1776,917,3,floating_plants,RA0028_20230528,-7.304111189787031,1,RawaPening,110.43882134238491,2023-05-28,"{""type"":""MultiPoint"",""coordinates"":[]}"
5_932_0,310,159,353,512,300,425,1019,1094,1540,867,3,floating_plants,RA0029_20230528,-7.3049412473897,1,RawaPening,110.44064542086487,2023-05-28,"{""type"":""MultiPoint"",""coordinates"":[]}"
5_933_0,432,242,408,502,352,528,901,986,1425,919,3,floating_plants,RA0030_20230528,-7.3040686226889395,1,RawaPening,110.44118191453539,2023-05-28,"{""type"":""MultiPoint"",""coordinates"":[]}"
5_934_0,811,368,374,604,326,770,2256,2270,2814,2183,3,floating_plants,RA0031_20230528,-7.303515250044799,1,RawaPening,110.4421046836488,2023-05-28,"{""type"":""MultiPoint"",""coordinates"":[]}"
5_935_0,492,269,378,519,349,529,1189,1209,1177,1064,3,floating_plants,RA0032_20230528,-7.304238891056979,1,RawaPening,110.4419330056742,2023-05-28,"{""type"":""MultiPoint"",""coordinates"":[]}"
5_936_0,341,199,366,528,300,490,847,1045,1899,1243,3,floating_plants,RA0033_20230528,-7.302940593112458,1,RawaPening,110.44341372820493,2023-05-28,"{""type"":""MultiPoint"",""coordinates"":[]}"
5_937_0,549,293,370,491,297,605,1242,1435,1952,1446,3,floating_plants,RA0034_20230528,-7.301961546267261,1,RawaPening,110.44435795706512,2023-05-28,"{""type"":""MultiPoint"",""coordinates"":[]}"
5_938_0,548,243,352,606,338,681,1457,1772,2600,1494,3,floating_plants,RA0035_20230528,-7.301514589386041,1,RawaPening,110.44354248668589,2023-05-28,"{""type"":""MultiPoint"",""coordinates"":[]}"
5_939_0,972,417,376,582,352,947,2508,2899,2484,2750,3,floating_plants,RA0036_20230528,-7.301493305713928,1,RawaPening,110.44504466896346,2023-05-28,"{""type"":""MultiPoint"",""coordinates"":[]}"
5_940_0,342,178,354,514,329,477,790,787,1224,914,3,floating_plants,RA0037_20230528,-7.302387219072042,1,RawaPening,110.44483007149523,2023-05-28,"{""type"":""MultiPoint"",""coordinates"":[]}"
5_941_0,552,325,372,543,338,572,1050,1400,1638,1545,3,floating_plants,RA0038_20230528,-7.300684525421487,1,RawaPening,110.44643955250693,2023-05-28,"{""type"":""MultiPoint"",""coordinates"":[]}"
5_942_0,929,495,356,549,328,869,2296,2621,2670,2916,3,floating_plants,RA0039_20230528,-7.296363911191169,1,RawaPening,110.44931515858116,2023-05-28,"{""type"":""MultiPoint"",""coordinates"":[]}"
5_943_0,439,226,368,556,306,569,1223,1239,2010,1456,3,floating_plants,RA0040_20230528,-7.293703413694127,1,RawaPening,110.44603181731729,2023-05-28,"{""type"":""MultiPoint"",""coordinates"":[]}"
5_944_0,436,189,370,574,305,620,1294,1465,1572,1376,3,floating_plants,RA0041_20230528,-7.294150378378837,1,RawaPening,110.4451948871912,2023-05-28,"{""type"":""MultiPoint"",""coordinates"":[]}"
5_945_0,290,143,410,516,308,468,822,974,861,974,3,floating_plants,RA0042_20230528,-7.295150726294037,1,RawaPening,110.44407898035644,2023-05-28,"{""type"":""MultiPoint"",""coordinates"":[]}"
5_946_0,820,360,352,594,327,810,2112,2230,2802,2458,3,floating_plants,RA0043_20230528,-7.293426721046595,1,RawaPening,110.44339226845811,2023-05-28,"{""type"":""MultiPoint"",""coordinates"":[]}"
5_947_0,928,407,360,608,321,899,2299,2577,2529,2691,3,floating_plants,RA0044_20230528,-7.294639910616674,1,RawaPening,110.44326350997721,2023-05-28,"{""type"":""MultiPoint"",""coordinates"":[]}"
5_948_0,667,284,366,534,304,701,1634,1743,1770,1843,3,floating_plants,RA0045_20230528,-7.295874380838981,1,RawaPening,110.44255533833204,2023-05-28,"{""type"":""MultiPoint"",""coordinates"":[]}"
5_949_0,718,329,390,574,321,807,1967,2157,2330,2096,3,floating_plants,RA0046_20230528,-7.297108847656097,1,RawaPening,110.44216906288926,2023-05-28,"{""type"":""MultiPoint"",""coordinates"":[]}"
5_950_0,1046,470,369,575,312,951,2710,2958,2988,3227,3,floating_plants,RA0047_20230528,-7.296491614673205,1,RawaPening,110.44143943149726,2023-05-28,"{""type"":""MultiPoint"",""coordinates"":[]}"
5_951_0,535,239,366,537,304,619,1342,1935,1845,1897,3,floating_plants,RA0048_20230528,-7.2945122066062575,1,RawaPening,110.44150381073776,2023-05-28,"{""type"":""MultiPoint"",""coordinates"":[]}"
5_952_0,1088,456,345,576,320,938,2686,2986,2978,3184,3,floating_plants,RA0049_20230528,-7.295555121625197,1,RawaPening,110.44169694845915,2023-05-28,"{""type"":""MultiPoint"",""coordinates"":[]}"
5_953_0,978,427,350,602,327,874,2358,2630,2562,2839,3,floating_plants,RA0050_20230528,-7.296151071973409,1,RawaPening,110.44083855858624,2023-05-28,"{""type"":""MultiPoint"",""coordinates"":[]}"
5_954_0,394,193,356,528,280,551,1154,1303,1753,1263,3,floating_plants,RA0051_20230528,-7.296321343355723,1,RawaPening,110.43920761782775,2023-05-28,"{""type"":""MultiPoint"",""coordinates"":[]}"
5_955_0,841,387,380,602,330,817,2140,2311,2387,2577,3,floating_plants,RA0052_20230528,-7.296704453728999,1,RawaPening,110.439658272511,2023-05-28,"{""type"":""MultiPoint"",""coordinates"":[]}"
5_956_0,611,274,366,584,316,709,1743,1835,2397,1918,3,floating_plants,RA0053_20230528,-7.297747363638861,1,RawaPening,110.43950805428327,2023-05-28,"{""type"":""MultiPoint"",""coordinates"":[]}"
5_957_0,1136,480,375,626,334,1027,2823,3155,2960,3184,3,floating_plants,RA0054_20230528,-7.297364254158558,1,RawaPening,110.44023768567521,2023-05-28,"{""type"":""MultiPoint"",""coordinates"":[]}"
5_958_0,1127,494,378,636,340,964,2773,3010,3176,3283,3,floating_plants,RA0055_20230528,-7.298258175768989,1,RawaPening,110.44030206491567,2023-05-28,"{""type"":""MultiPoint"",""coordinates"":[]}"
5_959_0,1048,459,390,634,334,933,2652,2885,3011,3116,3,floating_plants,RA0056_20230528,-7.2987902711176975,1,RawaPening,110.43948659453645,2023-05-28,"{""type"":""MultiPoint"",""coordinates"":[]}"
5_960_0,1047,458,342,626,328,997,2814,3044,3156,3225,3,floating_plants,RA0057_20230528,-7.298322027244272,1,RawaPening,110.43888572162538,2023-05-28,"{""type"":""MultiPoint"",""coordinates"":[]}"
5_961_0,933,414,372,586,308,894,2495,2776,2946,2941,3,floating_plants,RA0058_20230528,-7.293745981778559,1,RawaPening,110.43798441225884,2023-05-28,"{""type"":""MultiPoint"",""coordinates"":[]}"
5_962_0,978,453,344,601,314,939,2645,3089,2822,3222,3,floating_plants,RA0059_20230528,-7.294065242282795,1,RawaPening,110.43852090592941,2023-05-28,"{""type"":""MultiPoint"",""coordinates"":[]}"
5_963_0,878,405,375,603,310,851,2267,2817,2475,2815,3,floating_plants,RA0060_20230528,-7.2944909226009615,1,RawaPening,110.4399372492197,2023-05-28,"{""type"":""MultiPoint"",""coordinates"":[]}"
5_964_0,584,276,363,534,311,635,1453,1547,1794,1634,3,floating_plants,RA0061_20230528,-7.2950443064093715,1,RawaPening,110.43959389327055,2023-05-28,"{""type"":""MultiPoint"",""coordinates"":[]}"
5_965_0,1046,453,349,606,322,930,2563,2887,2864,3003,3,floating_plants,RA0062_20230528,-7.295682825338028,1,RawaPening,110.44036644415617,2023-05-28,"{""type"":""MultiPoint"",""coordinates"":[]}"
5_966_0,1122,476,367,626,340,1019,2915,3392,3233,3498,3,floating_plants,RA0063_20230528,-7.294554774613784,1,RawaPening,110.4424051201043,2023-05-28,"{""type"":""MultiPoint"",""coordinates"":[]}"
5_967_0,701,326,370,522,288,793,2011,1976,1714,2047,3,floating_plants,RA0064_20230528,-7.294405786569727,1,RawaPening,110.44716918389888,2023-05-28,"{""type"":""MultiPoint"",""coordinates"":[]}"
5_968_0,884,387,370,601,298,863,2364,2950,2776,2995,3,floating_plants,RA0065_20230528,-7.293894970042214,1,RawaPening,110.44789881529087,2023-05-28,"{""type"":""MultiPoint"",""coordinates"":[]}"
5_969_0,681,322,315,526,277,777,2192,2050,3057,2143,3,floating_plants,RA0066_20230528,-7.292703062256768,1,RawaPening,110.44568828916776,2023-05-28,"{""type"":""MultiPoint"",""coordinates"":[]}"
5_970_0,897,386,371,598,339,869,2275,2613,2785,2688,3,floating_plants,RA0067_20230528,-7.293341584525147,1,RawaPening,110.44435778486475,2023-05-28,"{""type"":""MultiPoint"",""coordinates"":[]}"
5_971_0,613,261,360,591,320,727,1892,2071,2548,2076,3,floating_plants,RA0068_20230528,-7.292809482698043,1,RawaPening,110.4466968972684,2023-05-28,"{""type"":""MultiPoint"",""coordinates"":[]}"
5_972_0,198,99,368,520,305,433,730,632,1182,674,3,floating_plants,RA0069_20230528,-7.29002125878611,1,RawaPening,110.44607456461057,2023-05-28,"{""type"":""MultiPoint"",""coordinates"":[]}"
5_973_0,1127,541,348,558,332,1005,2747,3303,2736,3439,3,floating_plants,RA0070_20230528,-7.290319237742639,1,RawaPening,110.44875703296336,2023-05-28,"{""type"":""MultiPoint"",""coordinates"":[]}"
5_974_0,633,303,349,549,314,702,1674,1777,2058,1918,3,floating_plants,RA0071_20230528,-7.29410781004505,1,RawaPening,110.43538761069294,2023-05-28,"{""type"":""MultiPoint"",""coordinates"":[]}"
5_975_0,935,431,359,563,314,939,2516,2696,2735,2815,3,floating_plants,RA0072_20230528,-7.293873685719804,1,RawaPening,110.43676103448958,2023-05-28,"{""type"":""MultiPoint"",""coordinates"":[]}"
5_976_0,510,204,345,525,294,550,1279,1430,2227,1447,3,floating_plants,RA0073_20230528,-7.293682129362595,1,RawaPening,110.43390688816218,2023-05-28,"{""type"":""MultiPoint"",""coordinates"":[]}"
5_977_0,687,328,358,593,313,737,1841,2050,2828,2288,3,floating_plants,RA0074_20230528,-7.2952358618957955,1,RawaPening,110.43367083094712,2023-05-28,"{""type"":""MultiPoint"",""coordinates"":[]}"
5_978_0,820,359,374,603,324,856,2246,2634,2776,2704,3,floating_plants,RA0075_20230528,-7.295725392946433,1,RawaPening,110.43264076309968,2023-05-28,"{""type"":""MultiPoint"",""coordinates"":[]}"
5_979_0,1076,470,370,616,330,984,2664,3021,2799,3134,3,floating_plants,RA0076_20230528,-7.294661194327107,1,RawaPening,110.4326622228465,2023-05-28,"{""type"":""MultiPoint"",""coordinates"":[]}"
5_980_0,1174,499,400,628,339,1021,2788,3263,3121,3419,3,floating_plants,RA0077_20230528,-7.29515072600626,1,RawaPening,110.43167507449265,2023-05-28,"{""type"":""MultiPoint"",""coordinates"":[]}"
5_981_0,856,367,389,628,335,832,2179,2564,2976,2710,3,floating_plants,RA0078_20230528,-7.295512553424993,1,RawaPening,110.43032311044283,2023-05-28,"{""type"":""MultiPoint"",""coordinates"":[]}"
5_982_0,922,434,372,590,310,903,2444,2759,2620,2893,3,floating_plants,RA0079_20230528,-7.295980800238536,1,RawaPening,110.43090252360705,2023-05-28,"{""type"":""MultiPoint"",""coordinates"":[]}"
5_983_0,990,432,358,559,308,906,2539,2883,2525,3281,3,floating_plants,RA0080_20230528,-7.296938576285627,1,RawaPening,110.43167507449265,2023-05-28,"{""type"":""MultiPoint"",""coordinates"":[]}"
5_984_0,691,324,375,596,319,797,1973,2426,2524,2391,3,floating_plants,RA0081_20230528,-7.296917292395747,1,RawaPening,110.43019435196187,2023-05-28,"{""type"":""MultiPoint"",""coordinates"":[]}"
5_985_0,519,232,350,484,276,645,1300,1754,1151,1625,3,floating_plants,RA0082_20230528,-7.297470673203735,1,RawaPening,110.42950764006358,2023-05-28,"{""type"":""MultiPoint"",""coordinates"":[]}"
5_986_0,628,292,389,586,308,726,1890,1955,2301,2170,3,floating_plants,RA0083_20230528,-7.297577092511423,1,RawaPening,110.43010851297463,2023-05-28,"{""type"":""MultiPoint"",""coordinates"":[]}"
5_987_0,791,361,388,652,340,809,2088,2433,3132,2704,3,floating_plants,RA0084_20230528,-7.297853782592973,1,RawaPening,110.43088106386023,2023-05-28,"{""type"":""MultiPoint"",""coordinates"":[]}"
5_988_0,549,250,363,603,311,705,1651,1872,2292,1747,3,floating_plants,RA0085_20230528,-7.297577092882187,1,RawaPening,110.43196399268749,2023-05-28,"{""type"":""MultiPoint"",""coordinates"":[]}"
5_989_0,332,182,384,554,303,545,1104,1106,1344,1060,3,floating_plants,RA0086_20230528,-7.298109189040906,1,RawaPening,110.43633105116585,2023-05-28,"{""type"":""MultiPoint"",""coordinates"":[]}"
5_990_0,252,133,389,529,308,463,859,757,1231,782,3,floating_plants,RA0087_20230528,-7.297566450952539,1,RawaPening,110.43768301521567,2023-05-28,"{""type"":""MultiPoint"",""coordinates"":[]}"
5_991_0,969,426,354,614,322,908,2548,2682,2832,2955,3,floating_plants,RA0088_20230528,-7.297555809022649,1,RawaPening,110.44112730458068,2023-05-28,"{""type"":""MultiPoint"",""coordinates"":[]}"
5_992_0,942,439,393,614,349,909,2515,3015,3444,3012,3,floating_plants,RA0089_20230528,-7.292319948258754,1,RawaPening,110.41871464053268,2023-05-28,"{""type"":""MultiPoint"",""coordinates"":[]}"
5_993_0,329,175,356,454,278,421,721,1072,1029,1046,3,floating_plants,RA0090_20230528,-7.29108546823483,1,RawaPening,110.4189077782541,2023-05-28,"{""type"":""MultiPoint"",""coordinates"":[]}"
5_994_0,87,57,342,399,258,295,281,267,238,222,3,floating_plants,RA0091_20230528,-7.291511151386108,1,RawaPening,110.42236279749251,2023-05-28,"{""type"":""MultiPoint"",""coordinates"":[]}"
5_995_0,472,304,360,546,323,563,980,1135,1704,1268,3,floating_plants,RA0092_20230528,-7.294639910129044,1,RawaPening,110.419036536735,2023-05-28,"{""type"":""MultiPoint"",""coordinates"":[]}"
5_996_0,299,139,346,392,257,348,583,585,497,698,3,floating_plants,RA0093_20230528,-7.296789588835316,1,RawaPening,110.41856442230495,2023-05-28,"{""type"":""MultiPoint"",""coordinates"":[]}"
5_997_0,118,79,394,508,310,375,272,326,263,327,2,open_water,RA0096_20230528,-7.306920609683708,0,RawaPening,110.44075290839697,2023-05-28,"{""type"":""MultiPoint"",""coordinates"":[]}"
5_998_0,1252,529,382,643,334,1058,3011,3508,3431,3740,3,floating_plants,RA0097_20230528,-7.304196324638573,1,RawaPening,110.44394830796165,2023-05-28,"{""type"":""MultiPoint"",""coordinates"":[]}"
5_999_0,571,261,388,604,336,685,1773,2039,2491,1617,3,floating_plants,RA0098_20230528,-7.308474296842707,1,RawaPening,110.43960306089232,2023-05-28,"{""type"":""MultiPoint"",""coordinates"":[]}"
5_1000_0,639,287,375,576,326,724,1735,1968,2459,1799,3,floating_plants,RA0099_20230528,-7.309644879240547,1,RawaPening,110.43203854889289,2023-05-28,"{""type"":""MultiPoint"",""coordinates"":[]}"
5_1001_0,1306,610,392,713,342,1112,3547,4186,4297,4280,3,floating_plants,RA0100_20230528,-7.310443001694701,1,RawaPening,110.43548283825794,2023-05-28,"{""type"":""MultiPoint"",""coordinates"":[]}"
5_1002_0,1078,479,351,584,327,959,2635,3008,2900,3148,3,floating_plants,RA0101_20230528,-7.2954274179498215,1,RawaPening,110.4482841882377,2023-05-28,"{""type"":""MultiPoint"",""coordinates"":[]}"
5_1003_0,1300,551,334,618,328,999,3187,3731,3621,3927,3,floating_plants,RA0102_20230528,-7.300237567337904,1,RawaPening,110.45128855279283,2023-05-28,"{""type"":""MultiPoint"",""coordinates"":[]}"
5_1004_0,1388,567,348,578,303,1036,3339,3944,3580,4103,3,floating_plants,RA0103_20230528,-7.301046348438663,1,RawaPening,110.45034432393265,2023-05-28,"{""type"":""MultiPoint"",""coordinates"":[]}"
5_1005_0,63,45,418,526,350,362,240,252,196,190,2,open_water,RA0104_20230528,-7.279464160585186,0,RawaPening,110.42843582078045,2023-05-28,"{""type"":""MultiPoint"",""coordinates"":[]}"
5_1006_0,75,47,346,450,292,314,217,223,185,178,2,open_water,RA0105_20230528,-7.2796344383096026,0,RawaPening,110.44350056304987,2023-05-28,"{""type"":""MultiPoint"",""coordinates"":[]}"
5_1007_0,60,36,496,628,400,422,246,276,219,194,2,open_water,RA0106_20230528,-7.273930099368949,0,RawaPening,110.43470206270321,2023-05-28,"{""type"":""MultiPoint"",""coordinates"":[]}"
5_1008_0,67,47,348,436,282,302,247,237,204,214,2,open_water,RA0107_20230528,-7.282273734786625,0,RawaPening,110.43667636770974,2023-05-28,"{""type"":""MultiPoint"",""coordinates"":[]}"
5_1009_0,65,45,351,432,257,280,221,224,196,191,2,open_water,RA0108_20230528,-7.287552281094834,0,RawaPening,110.43367200315454,2023-05-28,"{""type"":""MultiPoint"",""coordinates"":[]}"
5_1010_0,63,42,391,436,281,300,221,238,196,189,2,open_water,RA0109_20230528,-7.289723278062502,0,RawaPening,110.42817830796798,2023-05-28,"{""type"":""MultiPoint"",""coordinates"":[]}"
5_1011_0,69,48,329,403,247,259,221,222,188,192,2,open_water,RA0110_20230528,-7.286488063052472,0,RawaPening,110.4231138077179,2023-05-28,"{""type"":""MultiPoint"",""coordinates"":[]}"
5_1012_0,74,20,342,404,262,275,216,233,187,167,2,open_water,RA0111_20230528,-7.290659783309808,0,RawaPening,110.42023820164367,2023-05-28,"{""type"":""MultiPoint"",""coordinates"":[]}"
5_1013_0,97,65,312,380,254,290,231,263,214,222,2,open_water,RA0112_20230528,-7.289127319158282,0,RawaPening,110.41452990898885,2023-05-28,"{""type"":""MultiPoint"",""coordinates"":[]}"
5_1014_0,73,56,337,407,243,247,202,219,179,186,2,open_water,RA0113_20230528,-7.289595572649768,0,RawaPening,110.41641836670927,2023-05-28,"{""type"":""MultiPoint"",""coordinates"":[]}"
5_1015_0,91,58,339,375,233,256,248,248,197,228,2,open_water,RA0114_20230528,-7.293384151075127,0,RawaPening,110.41684756164568,2023-05-28,"{""type"":""MultiPoint"",""coordinates"":[]}"
5_1016_0,83,52,351,403,256,280,208,212,188,172,2,open_water,RA0115_20230528,-7.292617924316628,0,RawaPening,110.41968024822627,2023-05-28,"{""type"":""MultiPoint"",""coordinates"":[]}"
5_1017_0,63,45,339,418,262,273,198,203,170,181,2,open_water,RA0116_20230528,-7.294150376522169,0,RawaPening,110.42212665936403,2023-05-28,"{""type"":""MultiPoint"",""coordinates"":[]}"
5_1018_0,66,49,349,398,253,264,199,226,176,196,2,open_water,RA0117_20230528,-7.293256446706415,0,RawaPening,110.42573189683024,2023-05-28,"{""type"":""MultiPoint"",""coordinates"":[]}"
5_1019_0,74,51,346,398,245,262,200,201,182,177,2,open_water,RA0118_20230528,-7.298109187101302,0,RawaPening,110.42319964670516,2023-05-28,"{""type"":""MultiPoint"",""coordinates"":[]}"
5_1020_0,66,43,362,424,267,282,224,222,200,194,2,open_water,RA0119_20230528,-7.291042898528405,0,RawaPening,110.43534586340672,2023-05-28,"{""type"":""MultiPoint"",""coordinates"":[]}"
5_1021_0,71,66,369,453,277,295,228,232,189,194,2,open_water,RA0120_20230528,-7.291042898528405,0,RawaPening,110.44341472821198,2023-05-28,"{""type"":""MultiPoint"",""coordinates"":[]}"
5_1022_0,70,53,351,439,283,297,202,205,173,160,2,open_water,RA0121_20230528,-7.284827877859727,0,RawaPening,110.44603281732432,2023-05-28,"{""type"":""MultiPoint"",""coordinates"":[]}"
5_1023_0,67,54,368,462,267,305,234,233,200,195,2,open_water,RA0122_20230528,-7.285466411354002,0,RawaPening,110.43938029580933,2023-05-28,"{""type"":""MultiPoint"",""coordinates"":[]}"
5_1024_0,67,56,385,506,327,336,239,256,209,208,2,open_water,RA0123_20230528,-7.276824847607687,0,RawaPening,110.44092539758056,2023-05-28,"{""type"":""MultiPoint"",""coordinates"":[]}"
5_1025_0,67,59,458,608,437,421,273,268,223,209,2,open_water,RA0124_20230528,-7.276484289961472,0,RawaPening,110.43564629986221,2023-05-28,"{""type"":""MultiPoint"",""coordinates"":[]}"
5_1026_0,71,39,476,647,412,444,266,280,227,206,2,open_water,RA0125_20230528,-7.276228871557172,0,RawaPening,110.43006676568838,2023-05-28,"{""type"":""MultiPoint"",""coordinates"":[]}"
5_1027_0,81,60,371,456,291,318,218,233,186,188,2,open_water,RA0126_20230528,-7.2792087438933475,0,RawaPening,110.44882258441127,2023-05-28,"{""type"":""MultiPoint"",""coordinates"":[]}"
5_1028_0,75,56,380,465,294,329,227,230,184,187,2,open_water,RA0127_20230528,-7.282444011444234,0,RawaPening,110.44843630896844,2023-05-28,"{""type"":""MultiPoint"",""coordinates"":[]}"
5_1029_0,78,66,411,520,323,310,188,178,162,172,2,open_water,RA0128_20230528,-7.269417659867788,0,RawaPening,110.44358641863478,2023-05-28,"{""type"":""MultiPoint"",""coordinates"":[]}"
5_1030_0,77,39,433,560,334,359,212,207,193,184,2,open_water,RA0129_20230528,-7.272312437195014,0,RawaPening,110.4395090667385,2023-05-28,"{""type"":""MultiPoint"",""coordinates"":[]}"
5_1031_0,64,56,377,498,330,331,206,220,179,166,2,open_water,RA0130_20230528,-7.274355798189534,0,RawaPening,110.44440188901405,2023-05-28,"{""type"":""MultiPoint"",""coordinates"":[]}"
5_1032_0,87,69,365,462,322,334,214,215,174,152,2,open_water,RA0131_20230528,-7.270652199539414,0,RawaPening,110.44783544850566,2023-05-28,"{""type"":""MultiPoint"",""coordinates"":[]}"
5_1033_0,83,56,400,570,360,357,214,213,187,171,2,open_water,RA0132_20230528,-7.26920480785734,0,RawaPening,110.43942322775122,2023-05-28,"{""type"":""MultiPoint"",""coordinates"":[]}"
5_1034_0,73,65,524,678,446,445,242,269,201,194,2,open_water,RA0133_20230528,-7.270396777816778,0,RawaPening,110.43766352851175,2023-05-28,"{""type"":""MultiPoint"",""coordinates"":[]}"
5_1035_0,92,56,657,894,722,819,410,441,331,295,2,open_water,RA0134_20230528,-7.26869396262064,0,RawaPening,110.43556047332315,2023-05-28,"{""type"":""MultiPoint"",""coordinates"":[]}"
5_1036_0,72,60,488,668,396,424,232,250,209,196,2,open_water,RA0135_20230528,-7.271673884977018,0,RawaPening,110.43234151129978,2023-05-28,"{""type"":""MultiPoint"",""coordinates"":[]}"
5_1037_0,62,51,488,668,438,442,236,251,216,184,2,open_water,RA0136_20230528,-7.271801595493246,0,RawaPening,110.43019553661755,2023-05-28,"{""type"":""MultiPoint"",""coordinates"":[]}"
5_1038_0,71,51,516,704,514,548,285,301,226,215,2,open_water,RA0137_20230528,-7.26971565251303,0,RawaPening,110.42886503231453,2023-05-28,"{""type"":""MultiPoint"",""coordinates"":[]}"
5_1039_0,82,63,544,714,544,576,302,311,247,230,2,open_water,RA0138_20230528,-7.268566251220727,0,RawaPening,110.43049597307306,2023-05-28,"{""type"":""MultiPoint"",""coordinates"":[]}"
5_1040_0,70,51,430,572,372,372,216,218,179,165,2,open_water,RA0139_20230528,-7.273632108901038,0,RawaPening,110.42508811687377,2023-05-28,"{""type"":""MultiPoint"",""coordinates"":[]}"
5_1041_0,77,46,410,539,347,383,224,226,176,176,2,open_water,RA0140_20230528,-7.27422808839986,0,RawaPening,110.42156871839488,2023-05-28,"{""type"":""MultiPoint"",""coordinates"":[]}"
5_1042_0,64,52,438,587,378,409,270,273,235,237,2,open_water,RA0141_20230528,-7.278644698290284,0,RawaPening,110.42516165854924,2023-05-28,"{""type"":""MultiPoint"",""coordinates"":[]}"
5_1043_0,96,49,452,599,385,412,249,266,207,226,2,open_water,RA0142_20230528,-7.277356968554377,0,RawaPening,110.42457151551163,2023-05-28,"{""type"":""MultiPoint"",""coordinates"":[]}"
5_1044_0,66,50,392,552,352,371,264,239,195,181,2,open_water,RA0143_20230528,-7.279464160743094,0,RawaPening,110.42325174108207,2023-05-28,"{""type"":""MultiPoint"",""coordinates"":[]}"
5_1045_0,173,100,551,824,676,946,652,687,541,463,2,open_water,RA0144_20230528,-7.2918410557119255,0,RawaPening,110.45471032846173,2023-05-28,"{""type"":""MultiPoint"",""coordinates"":[]}"
5_1046_0,93,65,343,417,264,304,256,263,216,245,2,open_water,RA0145_20230528,-7.299428784832586,0,RawaPening,110.44764055973458,2023-05-28,"{""type"":""MultiPoint"",""coordinates"":[]}"
5_1047_0,75,50,379,461,301,341,235,254,203,215,2,open_water,RA0146_20230528,-7.298066621420453,0,RawaPening,110.44508684986269,2023-05-28,"{""type"":""MultiPoint"",""coordinates"":[]}"
5_1048_0,88,51,368,459,292,309,246,250,218,234,2,open_water,RA0147_20230528,-7.295065590520211,0,RawaPening,110.44686800884898,2023-05-28,"{""type"":""MultiPoint"",""coordinates"":[]}"
5_1049_0,71,45,403,483,305,325,243,251,205,201,2,open_water,RA0148_20230528,-7.302387219203971,0,RawaPening,110.43832702961359,2023-05-28,"{""type"":""MultiPoint"",""coordinates"":[]}"
5_1050_0,92,69,354,438,260,314,304,288,268,276,2,open_water,RA0149_20230528,-7.303664235186753,0,RawaPening,110.43021524531468,2023-05-28,"{""type"":""MultiPoint"",""coordinates"":[]}"
5_1051_0,73,51,374,447,284,302,240,241,192,198,2,open_water,RA0150_20230528,-7.305047665051476,0,RawaPening,110.4321037030351,2023-05-28,"{""type"":""MultiPoint"",""coordinates"":[]}"
5_1052_0,80,58,385,494,336,352,249,235,204,190,2,open_water,RA0151_20230528,-7.307431411079782,0,RawaPening,110.4344857349324,2023-05-28,"{""type"":""MultiPoint"",""coordinates"":[]}"
5_1053_0,117,75,317,416,278,345,303,291,258,221,2,open_water,RA0152_20230528,-7.310730324949386,0,RawaPening,110.43433577396786,2023-05-28,"{""type"":""MultiPoint"",""coordinates"":[]}"
5_1054_0,1008,530,412,566,403,869,1760,2062,2158,2164,1,LEV,RA0153_20230528,-7.285977237374465,0,RawaPening,110.45405960911492,2023-05-28,"{""type"":""MultiPoint"",""coordinates"":[]}"
5_1055_0,1061,536,332,522,365,905,2148,2334,1920,2574,1,LEV,RA0154_20230528,-7.281081796252951,0,RawaPening,110.45247158785004,2023-05-28,"{""type"":""MultiPoint"",""coordinates"":[]}"
5_1056_0,1277,710,432,610,636,987,1612,1726,1540,1715,1,LEV,RA0155_20230528,-7.277889088466267,0,RawaPening,110.46234307138843,2023-05-28,"{""type"":""MultiPoint"",""coordinates"":[]}"
5_1057_0,1966,968,440,680,509,1006,2744,3289,3087,3500,1,LEV,RA0156_20230528,-7.287339437568644,0,RawaPening,110.46517575796896,2023-05-28,"{""type"":""MultiPoint"",""coordinates"":[]}"
5_1058_0,2053,1648,463,533,546,834,1428,1761,1799,1971,1,LEV,RA0157_20230528,-7.282741995319478,0,RawaPening,110.46135592303457,2023-05-28,"{""type"":""MultiPoint"",""coordinates"":[]}"
5_1059_0,1686,827,308,542,347,733,2396,3206,3171,3419,1,LEV,RA0158_20230528,-7.287552280974902,0,RawaPening,110.45916702885869,2023-05-28,"{""type"":""MultiPoint"",""coordinates"":[]}"
5_1060_0,1373,699,278,418,261,661,2218,3087,2934,3275,1,LEV,RA0159_20230528,-7.293213878455513,0,RawaPening,110.46526159695628,2023-05-28,"{""type"":""MultiPoint"",""coordinates"":[]}"
5_1061_0,1527,737,319,472,290,649,2427,3286,3082,3409,1,LEV,RA0160_20230528,-7.2971726973187945,0,RawaPening,110.45573346936709,2023-05-28,"{""type"":""MultiPoint"",""coordinates"":[]}"
5_1062_0,2432,1743,424,615,618,1127,1998,2356,2105,2618,1,LEV,RA0161_20230528,-7.300067297186324,0,RawaPening,110.4662910589904,2023-05-28,"{""type"":""MultiPoint"",""coordinates"":[]}"
5_1063_0,1434,729,372,611,363,956,2467,3081,3245,3342,1,LEV,RA0162_20230528,-7.303387548382268,0,RawaPening,110.457750079755,2023-05-28,"{""type"":""MultiPoint"",""coordinates"":[]}"
5_1064_0,2232,1844,493,630,645,967,1421,1617,1424,1814,1,LEV,RA0164_20230528,-7.309261778545088,0,RawaPening,110.46290041899242,2023-05-28,"{""type"":""MultiPoint"",""coordinates"":[]}"
5_1065_0,1554,813,355,560,388,830,2225,2769,2411,2919,1,LEV,RA0166_20230528,-7.307601678572329,0,RawaPening,110.45055769525118,2023-05-28,"{""type"":""MultiPoint"",""coordinates"":[]}"
5_1066_0,814,418,449,578,531,811,1139,1280,1214,1355,1,LEV,RA0167_20230528,-7.309517178999966,0,RawaPening,110.44946372327033,2023-05-28,"{""type"":""MultiPoint"",""coordinates"":[]}"
5_1067_0,1573,842,402,592,374,869,2218,2677,2592,2739,1,LEV,RA0168_20230528,-7.310091827474957,0,RawaPening,110.45268268529368,2023-05-28,"{""type"":""MultiPoint"",""coordinates"":[]}"
5_1068_0,1330,690,379,580,420,836,2161,2822,2617,3026,1,LEV,RA0169_20230528,-7.308857396505809,0,RawaPening,110.45585872782341,2023-05-28,"{""type"":""MultiPoint"",""coordinates"":[]}"
5_1069_0,1127,601,366,475,388,701,1333,1587,1519,1725,1,LEV,RA0170_20230528,-7.306707775814343,0,RawaPening,110.45461406250772,2023-05-28,"{""type"":""MultiPoint"",""coordinates"":[]}"
5_1070_0,1536,901,400,594,518,997,1629,1841,1807,2080,1,LEV,RA0171_20230528,-7.314348460551081,0,RawaPening,110.4406007254251,2023-05-28,"{""type"":""MultiPoint"",""coordinates"":[]}"
5_1071_0,1404,754,395,602,420,835,2014,2486,2492,2742,1,LEV,RA0172_20230528,-7.314944385840707,0,RawaPening,110.44738200542102,2023-05-28,"{""type"":""MultiPoint"",""coordinates"":[]}"
5_1072_0,1618,841,418,674,426,1110,2755,3423,3388,3680,1,LEV,RA0173_20230528,-7.3163916296600915,0,RawaPening,110.45427058415106,2023-05-28,"{""type"":""MultiPoint"",""coordinates"":[]}"
5_1073_0,1521,815,430,598,498,953,2130,2678,2520,2892,1,LEV,RA0176_20230528,-7.314944385840707,0,RawaPening,110.43710278669306,2023-05-28,"{""type"":""MultiPoint"",""coordinates"":[]}"
5_1074_0,1307,751,465,650,546,934,1634,1912,2056,2060,1,LEV,RA0177_20230528,-7.313156607585128,0,RawaPening,110.43360484796098,2023-05-28,"{""type"":""MultiPoint"",""coordinates"":[]}"
5_1075_0,1447,836,476,674,584,1038,1976,2274,2219,2467,1,LEV,RA0178_20230528,-7.311986033671483,0,RawaPening,110.42908144307353,2023-05-28,"{""type"":""MultiPoint"",""coordinates"":[]}"
5_1076_0,1494,641,304,456,264,723,2623,3384,3195,3556,1,LEV,RA0179_20230528,-7.313305588440585,0,RawaPening,110.4189095230796,2023-05-28,"{""type"":""MultiPoint"",""coordinates"":[]}"
5_1077_0,1819,1222,393,633,482,998,1845,2316,2903,2441,1,LEV,RA0180_20230528,-7.31190090097179,0,RawaPening,110.4150896881452,2023-05-28,"{""type"":""MultiPoint"",""coordinates"":[]}"
5_1078_0,1518,639,240,396,205,674,2707,3403,3195,3667,1,LEV,RA0181_20230528,-7.3078570790450055,0,RawaPening,110.406291191948,2023-05-28,"{""type"":""MultiPoint"",""coordinates"":[]}"
5_1079_0,1524,678,266,411,256,706,2385,2940,3009,3438,1,LEV,RA0182_20230528,-7.301982830418761,0,RawaPening,110.40676330637807,2023-05-28,"{""type"":""MultiPoint"",""coordinates"":[]}"
5_1080_0,1791,1308,410,571,512,869,1837,2273,2446,2419,1,LEV,RA0183_20230528,-7.3030044444208135,0,RawaPening,110.41560472206896,2023-05-28,"{""type"":""MultiPoint"",""coordinates"":[]}"
5_1081_0,1171,548,315,416,272,642,1875,2428,2071,2681,1,LEV,RA0184_20230528,-7.300833511876374,0,RawaPening,110.41483217118335,2023-05-28,"{""type"":""MultiPoint"",""coordinates"":[]}"
5_1082_0,1284,589,298,459,268,782,1965,2486,2202,2730,1,LEV,RA0185_20230528,-7.300993139676322,0,RawaPening,110.41689014503739,2023-05-28,"{""type"":""MultiPoint"",""coordinates"":[]}"
5_1083_0,1552,773,384,676,400,1229,3215,3837,3609,3936,1,LEV,RA0186_20230528,-7.3014188134029805,0,RawaPening,110.4157420485824,2023-05-28,"{""type"":""MultiPoint"",""coordinates"":[]}"
5_1084_0,1367,745,340,500,324,807,1917,2373,2469,2455,1,LEV,RA0187_20230528,-7.298832838984058,0,RawaPening,110.409143508387,2023-05-28,"{""type"":""MultiPoint"",""coordinates"":[]}"
5_1085_0,1370,706,375,536,360,752,2111,2542,2340,2842,1,LEV,RA0188_20230528,-7.298822197084295,0,RawaPening,110.41360713572612,2023-05-28,"{""type"":""MultiPoint"",""coordinates"":[]}"
5_1086_0,1073,622,393,558,466,834,1526,1771,1661,1982,1,LEV,RA0189_20230528,-7.299599055101337,0,RawaPening,110.41674025876216,2023-05-28,"{""type"":""MultiPoint"",""coordinates"":[]}"
5_1087_0,2363,1842,529,730,745,1187,1932,2175,2210,2393,1,LEV,RA0190_20230528,-7.295342281999792,0,RawaPening,110.41023811626445,2023-05-28,"{""type"":""MultiPoint"",""coordinates"":[]}"
5_1088_0,2258,1795,576,756,888,1221,1914,2113,1643,2129,1,LEV,RA0191_20230528,-7.296587392237868,0,RawaPening,110.40505558740684,2023-05-28,"{""type"":""MultiPoint"",""coordinates"":[]}"
5_1089_0,1818,1018,448,677,610,1147,2148,2453,2339,2780,1,LEV,RA0192_20230528,-7.293511857241043,0,RawaPening,110.40658995930465,2023-05-28,"{""type"":""MultiPoint"",""coordinates"":[]}"
5_1090_0,2410,2041,564,754,904,1379,1716,1821,1567,1972,1,LEV,RA0193_20230528,-7.2879034736542545,0,RawaPening,110.40828522951075,2023-05-28,"{""type"":""MultiPoint"",""coordinates"":[]}"
5_1091_0,861,476,469,624,504,839,1277,1494,1633,1553,1,LEV,RA0194_20230528,-7.2876906304148354,0,RawaPening,110.41080674976237,2023-05-28,"{""type"":""MultiPoint"",""coordinates"":[]}"
5_1092_0,1301,619,377,675,422,976,2403,2649,3148,2713,1,LEV,RA0195_20230528,-7.279974993941217,0,RawaPening,110.4168047790825,2023-05-28,"{""type"":""MultiPoint"",""coordinates"":[]}"
5_1093_0,1149,573,320,477,332,770,1701,1796,1835,1978,1,LEV,RA0196_20230528,-7.2815819857068425,0,RawaPening,110.42113872262293,2023-05-28,"{""type"":""MultiPoint"",""coordinates"":[]}"
5_1094_0,734,360,508,720,518,756,1590,1617,1515,1764,1,LEV,RA0197_20230528,-7.282156670053682,0,RawaPening,110.42456155224112,2023-05-28,"{""type"":""MultiPoint"",""coordinates"":[]}"
5_1095_0,1888,1448,788,1066,1050,1195,1178,1258,1442,1384,1,LEV,RA0198_20230528,-7.276665211501058,0,RawaPening,110.41484088548243,2023-05-28,"{""type"":""MultiPoint"",""coordinates"":[]}"
5_1096_0,1306,685,324,514,326,783,2204,2823,2578,2938,1,LEV,RA0199_20230528,-7.271524889509673,0,RawaPening,110.40868228669451,2023-05-28,"{""type"":""MultiPoint"",""coordinates"":[]}"
5_1097_0,1253,581,251,428,258,683,1981,2432,2392,2816,1,LEV,RA0200_20230528,-7.269694367511495,0,RawaPening,110.41434765985568,2023-05-28,"{""type"":""MultiPoint"",""coordinates"":[]}"
5_1098_0,2324,1912,669,970,1042,1132,1568,1842,2172,2015,1,LEV,RA0201_20230528,-7.273781104030785,0,RawaPening,110.40380019429243,2023-05-28,"{""type"":""MultiPoint"",""coordinates"":[]}"
5_1099_0,2202,1703,692,878,1336,1690,2068,2173,1807,2184,1,LEV,RA0202_20230528,-7.270034929899918,0,RawaPening,110.4221279913236,2023-05-28,"{""type"":""MultiPoint"",""coordinates"":[]}"
5_1100_0,1453,648,308,570,342,1063,2927,3384,3642,3941,1,LEV,RA0203_20230528,-7.267310420023179,0,RawaPening,110.44390685632065,2023-05-28,"{""type"":""MultiPoint"",""coordinates"":[]}"
5_1101_0,1374,737,459,704,642,898,1794,1988,1498,1878,1,LEV,RA0204_20230528,-7.2647348918444505,0,RawaPening,110.4363101059455,2023-05-28,"{""type"":""MultiPoint"",""coordinates"":[]}"
5_1102_0,1318,695,390,584,474,786,1692,2049,1942,2132,1,LEV,RA0205_20230528,-7.265394739313205,0,RawaPening,110.43206107607463,2023-05-28,"{""type"":""MultiPoint"",""coordinates"":[]}"
5_1103_0,1414,661,268,367,241,691,2238,2719,2334,3125,1,LEV,RA0206_20230528,-7.267161422927504,0,RawaPening,110.45088127403797,2023-05-28,"{""type"":""MultiPoint"",""coordinates"":[]}"
6_1104_0,1046,494,314,560,354,1038,2488,3055,2630,3195,3,floating_plants,RA0001_20241029,-7.296172355452056,1,RawaPening,110.44725384445466,2024-10-29,"{""type"":""MultiPoint"",""coordinates"":[]}"
6_1105_0,1177,651,294,597,420,1033,2322,2652,3085,2851,3,floating_plants,RA0002_20241029,-7.294874034093487,1,RawaPening,110.4473826029356,2024-10-29,"{""type"":""MultiPoint"",""coordinates"":[]}"
6_1106_0,1572,685,253,602,305,1156,3600,4160,4240,4555,3,floating_plants,RA0003_20241029,-7.291596288007806,1,RawaPening,110.44828391230214,2024-10-29,"{""type"":""MultiPoint"",""coordinates"":[]}"
6_1107_0,1408,637,280,622,340,1075,2823,3254,3417,3529,3,floating_plants,RA0004_20241029,-7.290191532339942,1,RawaPening,110.44882040597271,2024-10-29,"{""type"":""MultiPoint"",""coordinates"":[]}"
6_1108_0,941,476,311,576,404,997,2097,2364,3007,2484,3,floating_plants,RA0005_20241029,-7.2929584711135265,1,RawaPening,110.44066570218013,2024-10-29,"{""type"":""MultiPoint"",""coordinates"":[]}"
6_1109_0,1051,543,407,590,496,996,2125,2384,2135,2586,3,floating_plants,RA0006_20241029,-7.291404730676228,1,RawaPening,110.43929227838352,2024-10-29,"{""type"":""MultiPoint"",""coordinates"":[]}"
6_1110_0,968,498,327,553,386,1054,2228,2590,2690,2771,3,floating_plants,RA0007_20241029,-7.290148963917595,1,RawaPening,110.43251099838758,2024-10-29,"{""type"":""MultiPoint"",""coordinates"":[]}"
6_1111_0,602,318,313,595,356,871,1751,1886,2612,1871,3,floating_plants,RA0008_20241029,-7.290595932150519,1,RawaPening,110.43077275889496,2024-10-29,"{""type"":""MultiPoint"",""coordinates"":[]}"
6_1112_0,771,396,377,604,460,946,1497,1524,1795,1656,3,floating_plants,RA0009_20241029,-7.296938576125735,1,RawaPening,110.43716776344806,2024-10-29,"{""type"":""MultiPoint"",""coordinates"":[]}"
6_1113_0,718,381,323,534,352,872,1371,1658,2120,1945,3,floating_plants,RA0010_20241029,-7.3002801342791175,1,RawaPening,110.43729652192901,2024-10-29,"{""type"":""MultiPoint"",""coordinates"":[]}"
6_1114_0,1008,496,263,555,316,1023,2615,2846,2980,3135,3,floating_plants,RA0011_20241029,-7.297747363191204,1,RawaPening,110.44553706470884,2024-10-29,"{""type"":""MultiPoint"",""coordinates"":[]}"
6_1115_0,764,382,248,524,254,854,2413,2556,4232,2697,3,floating_plants,RA0012_20241029,-7.296661885478275,1,RawaPening,110.44871310723859,2024-10-29,"{""type"":""MultiPoint"",""coordinates"":[]}"
6_1116_0,995,468,297,525,347,884,2210,2645,3030,2632,3,floating_plants,RA0013_20241029,-7.295682824890371,1,RawaPening,110.44912084242824,2024-10-29,"{""type"":""MultiPoint"",""coordinates"":[]}"
6_1117_0,1062,536,294,536,367,1038,2243,2558,2137,2962,3,floating_plants,RA0014_20241029,-7.305047665193367,1,RawaPening,110.43794056744751,2024-10-29,"{""type"":""MultiPoint"",""coordinates"":[]}"
6_1118_0,1030,486,272,604,372,1063,2757,3101,3620,2978,3,floating_plants,RA0015_20241029,-7.304792263079067,1,RawaPening,110.44000070314246,2024-10-29,"{""type"":""MultiPoint"",""coordinates"":[]}"
6_1119_0,1316,604,276,576,303,1091,3068,3342,3688,3728,3,floating_plants,RA0016_20241029,-7.299258514219202,1,RawaPening,110.44203944755581,2024-10-29,"{""type"":""MultiPoint"",""coordinates"":[]}"
6_1120_0,1099,473,289,543,317,983,2692,2971,2683,2977,3,floating_plants,RA0017_20241029,-7.298109188676173,1,RawaPening,110.44276907894776,2024-10-29,"{""type"":""MultiPoint"",""coordinates"":[]}"
6_1121_0,1179,584,290,571,321,1069,2711,3173,3207,3355,3,floating_plants,RA0018_20241029,-7.292958471043554,1,RawaPening,110.41867126252963,2024-10-29,"{""type"":""MultiPoint"",""coordinates"":[]}"
6_1122_0,1342,614,290,569,312,1075,3048,3386,3564,3755,3,floating_plants,RA0019_20241029,-7.293554424849079,1,RawaPening,110.41916483670653,2024-10-29,"{""type"":""MultiPoint"",""coordinates"":[]}"
6_1123_0,1077,479,318,554,313,1012,2650,2886,2912,3027,3,floating_plants,RA0020_20241029,-7.294129093838699,1,RawaPening,110.41757681544165,2024-10-29,"{""type"":""MultiPoint"",""coordinates"":[]}"
6_1124_0,1041,526,290,544,362,1014,2023,2269,2254,2546,3,floating_plants,RA0021_20241029,-7.306963176797969,1,RawaPening,110.43296253481978,2024-10-29,"{""type"":""MultiPoint"",""coordinates"":[]}"
6_1125_0,1318,620,274,552,323,1035,2616,3017,3062,3369,3,floating_plants,RA0022_20241029,-7.307154727466845,1,RawaPening,110.43416428064188,2024-10-29,"{""type"":""MultiPoint"",""coordinates"":[]}"
6_1126_0,1058,468,285,576,327,997,2259,2721,3148,3023,3,floating_plants,RA0023_20241029,-7.306941893385235,1,RawaPening,110.43596689937496,2024-10-29,"{""type"":""MultiPoint"",""coordinates"":[]}"
6_1127_0,775,392,270,518,341,845,1715,1763,2281,2189,3,floating_plants,RA0024_20241029,-7.30672905920223,1,RawaPening,110.4350441302616,2024-10-29,"{""type"":""MultiPoint"",""coordinates"":[]}"
6_1128_0,1048,556,342,604,407,1147,2411,2566,2646,2732,3,floating_plants,RA0025_20241029,-7.2894891522101455,1,RawaPening,110.43240473285577,2024-10-29,"{""type"":""MultiPoint"",""coordinates"":[]}"
6_1129_0,603,360,331,553,360,846,1614,1678,2234,1809,3,floating_plants,RA0026_20241029,-7.291042899293862,1,RawaPening,110.43178240019792,2024-10-29,"{""type"":""MultiPoint"",""coordinates"":[]}"
6_1130_0,804,362,321,524,367,850,1777,1914,2186,2154,3,floating_plants,RA0027_20241029,-7.2923199476551614,1,RawaPening,110.43126736627418,2024-10-29,"{""type"":""MultiPoint"",""coordinates"":[]}"
6_1131_0,878,410,337,584,404,1012,1985,2094,2574,2208,3,floating_plants,RA0028_20241029,-7.2913408780732345,1,RawaPening,110.43235023182297,2024-10-29,"{""type"":""MultiPoint"",""coordinates"":[]}"
6_1132_0,935,502,330,604,401,1021,1965,2336,2623,2536,3,floating_plants,RA0029_20241029,-7.29255407329563,1,RawaPening,110.43288672549353,2024-10-29,"{""type"":""MultiPoint"",""coordinates"":[]}"
6_1133_0,699,372,338,580,412,903,1653,1918,2018,2076,3,floating_plants,RA0030_20241029,-7.288744203569265,1,RawaPening,110.43311205283516,2024-10-29,"{""type"":""MultiPoint"",""coordinates"":[]}"
6_1134_0,510,264,293,542,353,735,1192,1608,2452,1672,3,floating_plants,RA0031_20241029,-7.287445860672426,1,RawaPening,110.43019352726729,2024-10-29,"{""type"":""MultiPoint"",""coordinates"":[]}"
6_1135_0,780,387,335,586,405,926,1707,1756,2473,1915,3,floating_plants,RA0032_20241029,-7.288850624951336,1,RawaPening,110.43447474675841,2024-10-29,"{""type"":""MultiPoint"",""coordinates"":[]}"
6_1136_0,700,348,568,670,693,855,960,936,1101,1015,1,LEV,RA0033_20241029,-7.291404730535317,0,RawaPening,110.43845552979398,2024-10-29,"{""type"":""MultiPoint"",""coordinates"":[]}"
6_1137_0,814,427,574,714,744,936,1249,1367,1245,1417,1,LEV,RA0034_20241029,-7.28748842935166,0,RawaPening,110.43902421308476,2024-10-29,"{""type"":""MultiPoint"",""coordinates"":[]}"
6_1138_0,867,474,695,788,812,966,1165,1302,1171,1379,1,LEV,RA0035_20241029,-7.29090455267204,0,RawaPening,110.43986114321083,2024-10-29,"{""type"":""MultiPoint"",""coordinates"":[]}"
6_1139_0,338,215,487,622,650,683,661,799,900,781,1,LEV,RA0036_20241029,-7.2914260146873,0,RawaPening,110.44353075991751,2024-10-29,"{""type"":""MultiPoint"",""coordinates"":[]}"
6_1140_0,620,354,626,768,795,853,821,822,971,886,1,LEV,RA0037_20241029,-7.290979047282846,0,RawaPening,110.44623468801713,2024-10-29,"{""type"":""MultiPoint"",""coordinates"":[]}"
6_1141_0,570,326,524,606,638,691,680,701,902,740,1,LEV,RA0038_20241029,-7.2927030619559385,0,RawaPening,110.44285477789258,2024-10-29,"{""type"":""MultiPoint"",""coordinates"":[]}"
6_1142_0,700,382,612,689,744,888,847,1006,936,1043,1,LEV,RA0039_20241029,-7.293969463790709,0,RawaPening,110.44309059132999,2024-10-29,"{""type"":""MultiPoint"",""coordinates"":[]}"
6_1143_0,737,391,606,740,739,967,1032,1103,1043,1133,1,LEV,RA0040_20241029,-7.2957998870767975,0,RawaPening,110.4438198202295,2024-10-29,"{""type"":""MultiPoint"",""coordinates"":[]}"
6_1144_0,2053,1200,374,762,542,1361,3065,3662,3916,3892,1,LEV,RA0041_20241029,-7.295012380472964,0,RawaPening,110.45006460655485,2024-10-29,"{""type"":""MultiPoint"",""coordinates"":[]}"
6_1145_0,1507,738,288,471,320,835,2401,3368,3529,3610,1,LEV,RA0042_20241029,-7.296119146116006,0,RawaPening,110.45236079946486,2024-10-29,"{""type"":""MultiPoint"",""coordinates"":[]}"
6_1146_0,2121,1013,338,780,350,1313,4122,4884,5379,5073,1,LEV,RA0043_20241029,-7.295874380872962,0,RawaPening,110.45443166503324,2024-10-29,"{""type"":""MultiPoint"",""coordinates"":[]}"
6_1147_0,2464,1606,734,992,1181,1470,1828,2083,2048,2383,1,LEV,RA0044_20241029,-7.299843818272645,0,RawaPening,110.45423823270396,2024-10-29,"{""type"":""MultiPoint"",""coordinates"":[]}"
6_1148_0,1344,590,292,549,328,1060,2942,3368,3468,3738,3,floating_plants,RA0045_20241029,-7.298715778038799,1,RawaPening,110.44359419828,2024-10-29,"{""type"":""MultiPoint"",""coordinates"":[]}"
6_1149_0,979,485,324,559,387,985,2155,2444,2676,2751,3,floating_plants,RA0046_20241029,-7.2961936400569,1,RawaPening,110.4431435435967,2024-10-29,"{""type"":""MultiPoint"",""coordinates"":[]}"
6_1150_0,1500,635,263,570,295,1086,3499,4295,4397,4601,3,floating_plants,RA0047_20241029,-7.299588413185824,1,RawaPening,110.44416288157078,2024-10-29,"{""type"":""MultiPoint"",""coordinates"":[]}"
6_1151_0,472,239,308,505,354,611,944,1156,1487,1090,3,floating_plants,RA0048_20241029,-7.306218257010278,1,RawaPening,110.43414206570299,2024-10-29,"{""type"":""MultiPoint"",""coordinates"":[]}"
6_1152_0,1245,561,288,576,339,1090,2869,3230,3284,3462,3,floating_plants,RA0049_20241029,-7.306814193148395,1,RawaPening,110.43744686671367,2024-10-29,"{""type"":""MultiPoint"",""coordinates"":[]}"
6_1153_0,1253,577,286,536,335,988,2444,2906,2674,3352,3,floating_plants,RA0050_20241029,-7.307356920011287,1,RawaPening,110.43684599380266,2024-10-29,"{""type"":""MultiPoint"",""coordinates"":[]}"
6_1154_0,1436,723,375,592,507,1003,2523,3050,2383,3379,1,LEV,RA0051_20241029,-7.274121663561378,0,RawaPening,110.4428552478129,2024-10-29,"{""type"":""MultiPoint"",""coordinates"":[]}"
6_1155_0,1209,682,474,720,655,965,1566,1691,1670,1891,1,LEV,RA0052_20241029,-7.273099983693842,0,RawaPening,110.44386385591358,2024-10-29,"{""type"":""MultiPoint"",""coordinates"":[]}"
6_1156_0,1754,995,537,830,818,1409,2613,3080,2911,3397,1,LEV,RA0053_20241029,-7.2709289062555955,0,RawaPening,110.44888543667001,2024-10-29,"{""type"":""MultiPoint"",""coordinates"":[]}"
6_1157_0,1956,1026,422,756,595,1258,2891,3696,3428,3925,1,LEV,RA0054_20241029,-7.26918352266473,0,RawaPening,110.43615980680426,2024-10-29,"{""type"":""MultiPoint"",""coordinates"":[]}"
6_1158_0,1826,997,560,898,874,1582,3134,3752,3524,4133,1,LEV,RA0055_20241029,-7.271695170079542,0,RawaPening,110.427125253392,2024-10-29,"{""type"":""MultiPoint"",""coordinates"":[]}"
6_1159_0,2159,1299,692,1062,1216,1801,2678,3063,3119,3477,1,LEV,RA0056_20241029,-7.273057413648917,0,RawaPening,110.42137404124357,2024-10-29,"{""type"":""MultiPoint"",""coordinates"":[]}"
6_1160_0,2440,1638,589,838,929,1488,1942,2124,2013,2371,1,LEV,RA0057_20241029,-7.273036128624914,0,RawaPening,110.45038761894759,2024-10-29,"{""type"":""MultiPoint"",""coordinates"":[]}"
6_1161_0,1558,770,250,542,341,1050,2904,3417,3515,3848,1,LEV,RA0058_20241029,-7.272801993334465,0,RawaPening,110.44547332862643,2024-10-29,"{""type"":""MultiPoint"",""coordinates"":[]}"
6_1162_0,526,306,304,548,324,862,1588,2164,2543,1973,3,floating_plants,RA0059_20241029,-7.292213527818,1,RawaPening,110.43005453476708,2024-10-29,"{""type"":""MultiPoint"",""coordinates"":[]}"
6_1163_0,744,416,345,549,393,903,1507,1657,1845,1781,3,floating_plants,RA0060_20241029,-7.2950975163738345,1,RawaPening,110.42804776835423,2024-10-29,"{""type"":""MultiPoint"",""coordinates"":[]}"
6_1164_0,80,50,290,458,296,440,177,169,123,98,2,open_water,RA0061_20241029,-7.291064184228503,0,RawaPening,110.42047328997224,2024-10-29,"{""type"":""MultiPoint"",""coordinates"":[]}"
6_1165_0,71,76,312,425,303,434,193,186,129,92,2,open_water,RA0062_20241029,-7.295831812631207,0,RawaPening,110.42006555478258,2024-10-29,"{""type"":""MultiPoint"",""coordinates"":[]}"
6_1166_0,109,89,320,486,355,537,327,352,278,289,2,open_water,RA0063_20241029,-7.2950655900625545,0,RawaPening,110.43219031173732,2024-10-29,"{""type"":""MultiPoint"",""coordinates"":[]}"
6_1167_0,109,75,325,520,356,571,339,352,239,251,2,open_water,RA0064_20241029,-7.294299366182139,0,RawaPening,110.43697583527874,2024-10-29,"{""type"":""MultiPoint"",""coordinates"":[]}"
6_1168_0,124,101,339,541,397,585,342,368,300,287,2,open_water,RA0065_20241029,-7.2964703304363265,0,RawaPening,110.43401439021724,2024-10-29,"{""type"":""MultiPoint"",""coordinates"":[]}"
6_1169_0,87,80,321,490,360,523,269,265,231,173,2,open_water,RA0066_20241029,-7.299428784374891,0,RawaPening,110.4349371593306,2024-10-29,"{""type"":""MultiPoint"",""coordinates"":[]}"
6_1170_0,81,61,300,493,332,501,261,254,191,174,2,open_water,RA0067_20241029,-7.300280134401022,0,RawaPening,110.43070958920656,2024-10-29,"{""type"":""MultiPoint"",""coordinates"":[]}"
6_1171_0,72,61,286,490,317,464,240,241,186,171,2,open_water,RA0068_20241029,-7.298598716539284,0,RawaPening,110.42725456996813,2024-10-29,"{""type"":""MultiPoint"",""coordinates"":[]}"
6_1172_0,87,76,322,466,305,450,182,157,113,94,2,open_water,RA0069_20241029,-7.298683851772836,0,RawaPening,110.42079518617456,2024-10-29,"{""type"":""MultiPoint"",""coordinates"":[]}"
6_1173_0,61,45,294,472,312,434,177,158,118,108,2,open_water,RA0070_20241029,-7.301493305388124,0,RawaPening,110.42594552541198,2024-10-29,"{""type"":""MultiPoint"",""coordinates"":[]}"
6_1174_0,229,193,398,638,471,717,466,453,402,360,2,open_water,RA0071_20241029,-7.284529895946644,0,RawaPening,110.43753318080803,2024-10-29,"{""type"":""MultiPoint"",""coordinates"":[]}"
6_1175_0,218,188,430,596,527,704,534,568,485,447,2,open_water,RA0072_20241029,-7.283955214641967,0,RawaPening,110.43358458739269,2024-10-29,"{""type"":""MultiPoint"",""coordinates"":[]}"
6_1176_0,199,185,409,610,462,647,442,423,354,347,2,open_water,RA0073_20241029,-7.28180547434031,0,RawaPening,110.43064460207799,2024-10-29,"{""type"":""MultiPoint"",""coordinates"":[]}"
6_1177_0,191,168,444,630,490,691,393,400,320,297,2,open_water,RA0074_20241029,-7.285679256345423,0,RawaPening,110.44152469371703,2024-10-29,"{""type"":""MultiPoint"",""coordinates"":[]}"
6_1178_0,172,157,426,584,491,661,446,445,389,329,2,open_water,RA0075_20241029,-7.289808415679563,0,RawaPening,110.4393143397943,2024-10-29,"{""type"":""MultiPoint"",""coordinates"":[]}"
6_1179_0,204,164,402,616,469,675,458,460,375,385,2,open_water,RA0076_20241029,-7.287424575758737,0,RawaPening,110.43547304511308,2024-10-29,"{""type"":""MultiPoint"",""coordinates"":[]}"
6_1180_0,159,147,373,550,370,552,279,284,223,195,2,open_water,RA0077_20241029,-7.277633671133471,0,RawaPening,110.42886367753324,2024-10-29,"{""type"":""MultiPoint"",""coordinates"":[]}"
6_1181_0,204,182,440,634,479,685,425,429,328,338,2,open_water,RA0078_20241029,-7.277697525548274,0,RawaPening,110.43450759094753,2024-10-29,"{""type"":""MultiPoint"",""coordinates"":[]}"
6_1182_0,108,107,400,508,448,646,385,419,307,223,2,open_water,RA0079_20241029,-7.278612771161436,0,RawaPening,110.44356360410663,2024-10-29,"{""type"":""MultiPoint"",""coordinates"":[]}"
6_1183_0,155,135,377,544,486,678,359,369,245,231,2,open_water,RA0080_20241029,-7.271163042788599,0,RawaPening,110.44085976106983,2024-10-29,"{""type"":""MultiPoint"",""coordinates"":[]}"
7_1184_0,1374,566,364,630,279,982,3268,4086,4164,4241,3,floating_plants,RA0001_20210423,-7.281635197480215,1,RawaPening,110.44993910120881,2021-04-23,"{""type"":""MultiPoint"",""coordinates"":[]}"
7_1185_0,1718,703,338,608,257,1084,3712,4504,4284,4781,3,floating_plants,RA0002_20210423,-7.28329539449765,1,RawaPening,110.45152712247368,2021-04-23,"{""type"":""MultiPoint"",""coordinates"":[]}"
7_1186_0,1386,564,366,579,303,970,3311,4143,4086,4508,3,floating_plants,RA0003_20210423,-7.284955585366871,1,RawaPening,110.45251427082752,2021-04-23,"{""type"":""MultiPoint"",""coordinates"":[]}"
7_1187_0,1268,509,322,546,257,938,3029,3828,3782,4068,3,floating_plants,RA0004_20210423,-7.284785309663277,1,RawaPening,110.44847983842489,2021-04-23,"{""type"":""MultiPoint"",""coordinates"":[]}"
7_1188_0,1373,545,345,568,275,973,3334,4134,4232,4491,3,floating_plants,RA0005_20210423,-7.287084026203065,1,RawaPening,110.4526001098148,2021-04-23,"{""type"":""MultiPoint"",""coordinates"":[]}"
7_1189_0,1892,832,380,741,311,1173,3744,4481,4483,4772,3,floating_plants,RA0006_20210423,-7.284827878595237,1,RawaPening,110.45062581310717,2021-04-23,"{""type"":""MultiPoint"",""coordinates"":[]}"
7_1190_0,1494,625,388,681,323,1017,3359,4227,4276,4493,3,floating_plants,RA0007_20210423,-7.2835082398245055,1,RawaPening,110.44993910120881,2021-04-23,"{""type"":""MultiPoint"",""coordinates"":[]}"
7_1191_0,1923,873,418,778,334,1244,3727,4398,4363,4554,3,floating_plants,RA0008_20210423,-7.290063826387225,1,RawaPening,110.44633386374265,2021-04-23,"{""type"":""MultiPoint"",""coordinates"":[]}"
7_1192_0,1694,755,379,717,317,1033,3386,4101,4384,4430,3,floating_plants,RA0009_20210423,-7.293639560438637,1,RawaPening,110.44860859690584,2021-04-23,"{""type"":""MultiPoint"",""coordinates"":[]}"
7_1193_0,1495,601,314,540,258,974,3354,4125,3969,4369,3,floating_plants,RA0010_20210423,-7.29117060426389,1,RawaPening,110.44933822829778,2021-04-23,"{""type"":""MultiPoint"",""coordinates"":[]}"
7_1194_0,1415,558,307,572,267,976,3342,4109,4012,4465,3,floating_plants,RA0011_20210423,-7.291255740910358,1,RawaPening,110.45204215639744,2021-04-23,"{""type"":""MultiPoint"",""coordinates"":[]}"
7_1195_0,1349,527,315,561,255,967,3284,4138,4244,4490,3,floating_plants,RA0012_20210423,-7.2930861748936575,1,RawaPening,110.45105500804358,2021-04-23,"{""type"":""MultiPoint"",""coordinates"":[]}"
7_1196_0,1246,515,327,561,260,913,2989,3652,3672,3912,3,floating_plants,RA0013_20210423,-7.29627877439501,1,RawaPening,110.44882319437403,2021-04-23,"{""type"":""MultiPoint"",""coordinates"":[]}"
7_1197_0,1277,547,331,546,270,925,2949,3658,3466,3908,3,floating_plants,RA0014_20210423,-7.2964490457287265,1,RawaPening,110.45066873260078,2021-04-23,"{""type"":""MultiPoint"",""coordinates"":[]}"
7_1198_0,901,397,320,517,239,705,2032,2347,2843,2537,3,floating_plants,RA0015_20210423,-7.293767264698052,1,RawaPening,110.44611926627441,2021-04-23,"{""type"":""MultiPoint"",""coordinates"":[]}"
7_1199_0,1114,454,318,523,261,855,2640,3092,3086,3324,3,floating_plants,RA0016_20210423,-7.291511150752592,1,RawaPening,110.4435440966557,2021-04-23,"{""type"":""MultiPoint"",""coordinates"":[]}"
7_1200_0,1171,508,338,568,257,907,2890,3403,3635,3597,3,floating_plants,RA0017_20210423,-7.290489510509615,1,RawaPening,110.44431664754131,2021-04-23,"{""type"":""MultiPoint"",""coordinates"":[]}"
7_1201_0,1000,430,322,501,264,762,2171,2653,3060,2633,3,floating_plants,RA0018_20210423,-7.303089577192794,1,RawaPening,110.43478851995212,2021-04-23,"{""type"":""MultiPoint"",""coordinates"":[]}"
7_1202_0,1113,465,318,505,263,877,2695,3202,3115,3371,3,floating_plants,RA0019_20210423,-7.303983487359399,1,RawaPening,110.43663405817884,2021-04-23,"{""type"":""MultiPoint"",""coordinates"":[]}"
7_1203_0,1265,520,344,577,251,932,2982,3667,3720,3806,3,floating_plants,RA0020_20210423,-7.305217931793514,1,RawaPening,110.4378358040009,2021-04-23,"{""type"":""MultiPoint"",""coordinates"":[]}"
7_1204_0,1266,514,345,558,267,936,3102,3830,3662,4021,3,floating_plants,RA0021_20210423,-7.307218575876875,1,RawaPening,110.43779288450726,2021-04-23,"{""type"":""MultiPoint"",""coordinates"":[]}"
7_1205_0,1470,603,419,777,310,975,3184,3840,4668,4047,3,floating_plants,RA0022_20210423,-7.306324672180624,1,RawaPening,110.43268546476354,2021-04-23,"{""type"":""MultiPoint"",""coordinates"":[]}"
7_1206_0,1375,547,343,577,263,966,3297,4062,4019,4384,3,floating_plants,RA0023_20210423,-7.305686168445617,1,RawaPening,110.43457392248388,2021-04-23,"{""type"":""MultiPoint"",""coordinates"":[]}"
7_1207_0,1299,533,337,572,270,942,3070,3713,3972,4004,3,floating_plants,RA0024_20210423,-7.304579426477402,1,RawaPening,110.4322991893207,2021-04-23,"{""type"":""MultiPoint"",""coordinates"":[]}"
7_1208_0,1348,546,326,588,265,967,3238,4052,3982,4234,3,floating_plants,RA0025_20210423,-7.304494292366306,1,RawaPening,110.43071116805586,2021-04-23,"{""type"":""MultiPoint"",""coordinates"":[]}"
7_1209_0,1405,553,328,591,254,995,3454,4258,4236,4585,3,floating_plants,RA0026_20210423,-7.305388199723782,1,RawaPening,110.42809307894349,2021-04-23,"{""type"":""MultiPoint"",""coordinates"":[]}"
7_1210_0,1256,515,329,553,268,960,3161,3706,3794,3979,3,floating_plants,RA0027_20210423,-7.302961875594536,1,RawaPening,110.42826475691807,2021-04-23,"{""type"":""MultiPoint"",""coordinates"":[]}"
7_1211_0,1188,474,337,551,267,895,2893,3445,3450,3683,3,floating_plants,RA0028_20210423,-7.30262133782077,1,RawaPening,110.43075408754947,2021-04-23,"{""type"":""MultiPoint"",""coordinates"":[]}"
7_1212_0,1361,561,359,578,264,982,3174,3843,3862,3941,3,floating_plants,RA0029_20210423,-7.301174049388864,1,RawaPening,110.42998153666385,2021-04-23,"{""type"":""MultiPoint"",""coordinates"":[]}"
7_1213_0,1727,765,404,779,309,1145,3827,4585,4583,4785,3,floating_plants,RA0030_20210423,-7.2992585133798285,1,RawaPening,110.43041073160032,2021-04-23,"{""type"":""MultiPoint"",""coordinates"":[]}"
7_1214_0,914,407,329,492,244,759,2206,2673,2768,2836,3,floating_plants,RA0031_20210423,-7.295895663657307,1,RawaPening,110.42938066375284,2021-04-23,"{""type"":""MultiPoint"",""coordinates"":[]}"
7_1215_0,841,366,300,465,244,728,2056,2433,2444,2435,3,floating_plants,RA0032_20210423,-7.296065935136755,1,RawaPening,110.43186999438426,2021-04-23,"{""type"":""MultiPoint"",""coordinates"":[]}"
7_1216_0,944,401,316,500,241,779,2340,2723,2688,2807,3,floating_plants,RA0033_20210423,-7.2970449948864555,1,RawaPening,110.42388696856628,2021-04-23,"{""type"":""MultiPoint"",""coordinates"":[]}"
7_1217_0,2164,963,392,798,291,1281,4451,5237,4996,5351,3,floating_plants,RA0034_20210423,-7.292703061423361,1,RawaPening,110.41800699793693,2021-04-23,"{""type"":""MultiPoint"",""coordinates"":[]}"
7_1218_0,1797,803,371,664,288,1096,3820,4534,4628,4774,3,floating_plants,RA0035_20210423,-7.293767264698052,1,RawaPening,110.41676233262122,2021-04-23,"{""type"":""MultiPoint"",""coordinates"":[]}"
7_1219_0,1718,780,344,597,293,1003,3321,4147,3997,4349,3,floating_plants,RA0036_20210423,-7.295257145032266,1,RawaPening,110.41727736654492,2021-04-23,"{""type"":""MultiPoint"",""coordinates"":[]}"
7_1220_0,1152,508,374,605,316,962,2572,2997,3024,3232,3,floating_plants,RA0037_20210423,-7.294788897461611,1,RawaPening,110.41560350629281,2021-04-23,"{""type"":""MultiPoint"",""coordinates"":[]}"
7_1221_0,1377,794,422,626,445,1060,2188,2629,2482,3078,3,floating_plants,RA0038_20210423,-7.2942780813712975,1,RawaPening,110.41440176047071,2021-04-23,"{""type"":""MultiPoint"",""coordinates"":[]}"
7_1222_0,798,362,302,403,230,695,2004,2370,1679,2333,3,floating_plants,RA0039_20210423,-7.286445495013712,1,RawaPening,110.42805015944987,2021-04-23,"{""type"":""MultiPoint"",""coordinates"":[]}"
7_1223_0,1248,532,308,543,250,986,3070,3698,3812,4153,3,floating_plants,RA0040_20210423,-7.284785309663277,1,RawaPening,110.42654797717225,2021-04-23,"{""type"":""MultiPoint"",""coordinates"":[]}"
7_1224_0,1948,897,416,774,321,1213,3691,4322,4200,4473,3,floating_plants,RA0041_20210423,-7.281294643486064,1,RawaPening,110.4405826515942,2021-04-23,"{""type"":""MultiPoint"",""coordinates"":[]}"
7_1225_0,831,369,347,478,250,746,2055,2627,2471,2780,3,floating_plants,RA0042_20210423,-7.284572464942813,1,RawaPening,110.44101184653061,2021-04-23,"{""type"":""MultiPoint"",""coordinates"":[]}"
7_1226_0,813,349,320,484,243,741,2119,2446,2579,2680,3,floating_plants,RA0043_20210423,-7.285594118679167,1,RawaPening,110.44023929564506,2021-04-23,"{""type"":""MultiPoint"",""coordinates"":[]}"
7_1227_0,1442,613,358,596,261,980,3546,4346,4212,4494,3,floating_plants,RA0044_20210423,-7.304579428190118,1,RawaPening,110.44472195117858,2021-04-23,"{""type"":""MultiPoint"",""coordinates"":[]}"
7_1228_0,1164,494,322,540,258,839,2825,3402,3140,3511,3,floating_plants,RA0045_20210423,-7.303813220606801,1,RawaPening,110.44508676687458,2021-04-23,"{""type"":""MultiPoint"",""coordinates"":[]}"
7_1229_0,1819,803,379,625,300,1079,3797,4625,4192,4796,3,floating_plants,RA0046_20210423,-7.303834504168499,1,RawaPening,110.44742587927823,2021-04-23,"{""type"":""MultiPoint"",""coordinates"":[]}"
7_1230_0,1832,816,384,695,296,1082,3876,4770,4820,4954,3,floating_plants,RA0047_20210423,-7.303408832741687,1,RawaPening,110.44946455522638,2021-04-23,"{""type"":""MultiPoint"",""coordinates"":[]}"
7_1231_0,2009,947,404,755,318,1282,3875,4424,4476,4822,3,floating_plants,RA0048_20210423,-7.301450738958103,1,RawaPening,110.45098819725077,2021-04-23,"{""type"":""MultiPoint"",""coordinates"":[]}"
7_1232_0,1152,468,312,557,263,830,2749,3357,3703,3454,3,floating_plants,RA0049_20210423,-7.304387876417437,1,RawaPening,110.45081651927617,2021-04-23,"{""type"":""MultiPoint"",""coordinates"":[]}"
7_1233_0,1257,506,341,560,256,950,3043,3687,3550,3922,3,floating_plants,RA0050_20210423,-7.309219212715033,1,RawaPening,110.43776899320808,2021-04-23,"{""type"":""MultiPoint"",""coordinates"":[]}"
7_1234_0,1302,522,341,561,262,914,3097,3811,3713,4121,3,floating_plants,RA0051_20210423,-7.311070856389434,1,RawaPening,110.43431397396967,2021-04-23,"{""type"":""MultiPoint"",""coordinates"":[]}"
7_1235_0,1208,495,332,561,277,973,3152,3748,3594,4024,3,floating_plants,RA0052_20210423,-7.311155989247328,1,RawaPening,110.4378548321954,2021-04-23,"{""type"":""MultiPoint"",""coordinates"":[]}"
7_1236_0,1351,528,338,581,269,976,3272,4027,4049,4334,3,floating_plants,RA0053_20210423,-7.307686812145415,1,RawaPening,110.43577323675358,2021-04-23,"{""type"":""MultiPoint"",""coordinates"":[]}"
7_1237_0,1294,522,349,549,269,955,3163,3797,3736,4061,3,floating_plants,RA0054_20210423,-7.307601678626284,1,RawaPening,110.43173880435094,2021-04-23,"{""type"":""MultiPoint"",""coordinates"":[]}"
7_1238_0,1162,487,348,550,265,919,2908,3522,3502,3802,3,floating_plants,RA0055_20210423,-7.307899645872177,1,RawaPening,110.43060143776937,2021-04-23,"{""type"":""MultiPoint"",""coordinates"":[]}"
7_1239_0,1397,589,361,588,267,1006,3274,4004,4083,4248,3,floating_plants,RA0056_20210423,-7.308963812985131,1,RawaPening,110.42920655422593,2021-04-23,"{""type"":""MultiPoint"",""coordinates"":[]}"
7_1240_0,1294,534,342,561,265,957,3114,3809,3812,4138,3,floating_plants,RA0057_20210423,-7.309581028749098,1,RawaPening,110.43038684030115,2021-04-23,"{""type"":""MultiPoint"",""coordinates"":[]}"
7_1241_0,1201,498,331,550,267,896,2844,3463,3530,3695,3,floating_plants,RA0058_20210423,-7.30868712977961,1,RawaPening,110.43233967726198,2021-04-23,"{""type"":""MultiPoint"",""coordinates"":[]}"
7_1242_0,1369,534,332,588,267,981,3382,4158,4180,4487,3,floating_plants,RA0059_20210423,-7.307431411539449,1,RawaPening,110.43384185953957,2021-04-23,"{""type"":""MultiPoint"",""coordinates"":[]}"
7_1243_0,1457,578,341,591,265,1004,3516,4278,4193,4552,3,floating_plants,RA0060_20210423,-7.3064098076557205,1,RawaPening,110.43002202460515,2021-04-23,"{""type"":""MultiPoint"",""coordinates"":[]}"
7_1244_0,1334,527,333,582,264,979,3322,4084,4132,4374,3,floating_plants,RA0061_20210423,-7.304792263396855,1,RawaPening,110.42912071523861,2021-04-23,"{""type"":""MultiPoint"",""coordinates"":[]}"
7_1245_0,1562,644,379,689,282,1079,3772,4475,4499,4674,3,floating_plants,RA0062_20210423,-7.303430116322634,1,RawaPening,110.42982888688375,2021-04-23,"{""type"":""MultiPoint"",""coordinates"":[]}"
7_1246_0,1046,448,331,561,263,893,2712,3283,3498,3509,3,floating_plants,RA0063_20210423,-7.30311086250171,1,RawaPening,110.43304784890715,2021-04-23,"{""type"":""MultiPoint"",""coordinates"":[]}"
7_1247_0,1377,613,388,748,298,978,3067,3773,4584,3869,3,floating_plants,RA0064_20210423,-7.3017061429814225,1,RawaPening,110.43274741245163,2021-04-23,"{""type"":""MultiPoint"",""coordinates"":[]}"
7_1248_0,664,275,317,436,236,638,1760,2090,2144,2190,3,floating_plants,RA0065_20210423,-7.301056990917046,1,RawaPening,110.43546149054505,2021-04-23,"{""type"":""MultiPoint"",""coordinates"":[]}"
7_1249_0,729,342,320,509,241,666,1842,2105,2542,2268,3,floating_plants,RA0066_20210423,-7.302004114271441,1,RawaPening,110.43525762295023,2021-04-23,"{""type"":""MultiPoint"",""coordinates"":[]}"
7_1250_0,925,380,327,484,233,751,2292,2738,2666,2934,3,floating_plants,RA0067_20210423,-7.302844817590717,1,RawaPening,110.43586922573469,2021-04-23,"{""type"":""MultiPoint"",""coordinates"":[]}"
7_1251_0,1216,527,381,656,267,934,3001,3476,4376,3714,3,floating_plants,RA0068_20210423,-7.304526219486503,1,RawaPening,110.43763965484757,2021-04-23,"{""type"":""MultiPoint"",""coordinates"":[]}"
7_1252_0,803,334,313,451,248,742,2093,2305,2137,2398,3,floating_plants,RA0069_20210423,-7.306090556077024,1,RawaPening,110.43877702142915,2021-04-23,"{""type"":""MultiPoint"",""coordinates"":[]}"
7_1253_0,1008,450,340,555,252,881,2679,3175,3433,3358,3,floating_plants,RA0070_20210423,-7.303887713182295,1,RawaPening,110.44182430547794,2021-04-23,"{""type"":""MultiPoint"",""coordinates"":[]}"
7_1254_0,1196,509,341,570,256,939,2993,3476,3936,3806,3,floating_plants,RA0071_20210423,-7.302365936146913,1,RawaPening,110.44360546446421,2021-04-23,"{""type"":""MultiPoint"",""coordinates"":[]}"
7_1255_0,1227,486,348,555,262,878,3079,3740,3693,3941,3,floating_plants,RA0072_20210423,-7.304973173356806,1,RawaPening,110.4429294824393,2021-04-23,"{""type"":""MultiPoint"",""coordinates"":[]}"
7_1256_0,1355,551,362,659,290,920,3113,3783,4003,3995,3,floating_plants,RA0073_20210423,-7.305781945890677,1,RawaPening,110.44305824092027,2021-04-23,"{""type"":""MultiPoint"",""coordinates"":[]}"
7_1257_0,1395,598,379,592,286,891,2775,3457,3396,3420,3,floating_plants,RA0074_20210423,-7.305675528535621,1,RawaPening,110.44171700674386,2021-04-23,"{""type"":""MultiPoint"",""coordinates"":[]}"
7_1258_0,1173,465,338,584,272,862,2823,3391,3438,3509,3,floating_plants,RA0075_20210423,-7.306558791814831,1,RawaPening,110.4417921158577,2021-04-23,"{""type"":""MultiPoint"",""coordinates"":[]}"
7_1259_0,1358,540,345,590,276,977,3331,4100,4013,4409,3,floating_plants,RA0076_20210423,-7.306558791814831,1,RawaPening,110.43586922573469,2021-04-23,"{""type"":""MultiPoint"",""coordinates"":[]}"
7_1260_0,664,293,293,411,226,625,1720,2005,1964,2186,3,floating_plants,RA0077_20210423,-7.299077602650604,1,RawaPening,110.43938864288593,2021-04-23,"{""type"":""MultiPoint"",""coordinates"":[]}"
7_1261_0,717,323,319,508,263,657,1753,2148,2655,2237,3,floating_plants,RA0078_20210423,-7.297779289721866,1,RawaPening,110.4428651218712,2021-04-23,"{""type"":""MultiPoint"",""coordinates"":[]}"
7_1262_0,765,336,310,479,243,697,1888,2203,2454,2449,3,floating_plants,RA0079_20210423,-7.297640944679469,1,RawaPening,110.44168483579595,2021-04-23,"{""type"":""MultiPoint"",""coordinates"":[]}"
7_1263_0,830,327,329,451,229,698,1969,2291,2236,2379,3,floating_plants,RA0080_20210423,-7.297481315731239,1,RawaPening,110.43992513655651,2021-04-23,"{""type"":""MultiPoint"",""coordinates"":[]}"
7_1264_0,579,258,329,415,216,530,1367,1752,1706,1807,3,floating_plants,RA0081_20210423,-7.298417804747868,1,RawaPening,110.43890579858244,2021-04-23,"{""type"":""MultiPoint"",""coordinates"":[]}"
7_1265_0,613,285,301,424,224,583,1505,1738,2170,1747,3,floating_plants,RA0082_20210423,-7.29881155522626,1,RawaPening,110.43706026035568,2021-04-23,"{""type"":""MultiPoint"",""coordinates"":[]}"
7_1266_0,1029,432,314,512,250,835,2475,2929,2849,3117,3,floating_plants,RA0083_20210423,-7.297353612531622,1,RawaPening,110.43757529427943,2021-04-23,"{""type"":""MultiPoint"",""coordinates"":[]}"
7_1267_0,631,284,324,465,234,555,1461,1654,2310,1780,3,floating_plants,RA0084_20210423,-7.297577093107001,1,RawaPening,110.43554734820468,2021-04-23,"{""type"":""MultiPoint"",""coordinates"":[]}"
7_1268_0,647,274,307,440,222,603,1612,1837,2233,1964,3,floating_plants,RA0085_20210423,-7.297151415724385,1,RawaPening,110.43493574542025,2021-04-23,"{""type"":""MultiPoint"",""coordinates"":[]}"
7_1269_0,612,280,310,415,220,597,1565,1901,2068,1963,3,floating_plants,RA0086_20210423,-7.297928276642768,1,RawaPening,110.43447436086358,2021-04-23,"{""type"":""MultiPoint"",""coordinates"":[]}"
7_1270_0,336,157,282,383,205,398,862,940,1406,867,3,floating_plants,RA0087_20210423,-7.299003109387716,1,RawaPening,110.44066549782187,2021-04-23,"{""type"":""MultiPoint"",""coordinates"":[]}"
7_1271_0,693,323,317,516,254,656,1831,2138,2706,2438,3,floating_plants,RA0088_20210423,-7.298194324592411,1,RawaPening,110.44057965883457,2021-04-23,"{""type"":""MultiPoint"",""coordinates"":[]}"
7_1272_0,589,276,284,395,211,533,1442,1664,1718,1852,3,floating_plants,RA0089_20210423,-7.298279459902882,1,RawaPening,110.44226424896016,2021-04-23,"{""type"":""MultiPoint"",""coordinates"":[]}"
7_1273_0,959,436,332,520,252,816,2378,2798,2857,2956,3,floating_plants,RA0090_20210423,-7.299013751283179,1,RawaPening,110.44315482845326,2021-04-23,"{""type"":""MultiPoint"",""coordinates"":[]}"
7_1274_0,418,181,289,376,205,453,1110,1305,1289,1179,3,floating_plants,RA0091_20210423,-7.299630980786379,1,RawaPening,110.4451613147812,2021-04-23,"{""type"":""MultiPoint"",""coordinates"":[]}"
7_1275_0,682,273,317,432,232,600,1584,1854,2088,1740,3,floating_plants,RA0092_20210423,-7.299822534596931,1,RawaPening,110.44436730414874,2021-04-23,"{""type"":""MultiPoint"",""coordinates"":[]}"
7_1276_0,571,236,292,376,216,569,1450,1613,1641,1599,3,floating_plants,RA0093_20210423,-7.300620674591259,1,RawaPening,110.44055819908773,2021-04-23,"{""type"":""MultiPoint"",""coordinates"":[]}"
7_1277_0,426,232,300,325,195,389,828,1085,1170,1281,3,floating_plants,RA0094_20210423,-7.300131148896956,1,RawaPening,110.43910966617725,2021-04-23,"{""type"":""MultiPoint"",""coordinates"":[]}"
7_1278_0,554,262,272,328,184,531,1354,1618,859,1684,3,floating_plants,RA0095_20210423,-7.299662906427185,1,RawaPening,110.4398392975692,2021-04-23,"{""type"":""MultiPoint"",""coordinates"":[]}"
7_1279_0,320,150,303,366,197,375,806,875,1189,820,3,floating_plants,RA0097_20210423,-7.300237567571726,1,RawaPening,110.44589094617315,2021-04-23,"{""type"":""MultiPoint"",""coordinates"":[]}"
7_1280_0,734,320,304,410,215,645,1686,2004,1438,2138,3,floating_plants,RA0098_20210423,-7.2986838524063895,1,RawaPening,110.44784378313399,2021-04-23,"{""type"":""MultiPoint"",""coordinates"":[]}"
7_1281_0,722,313,313,431,221,679,1842,2222,1832,2373,3,floating_plants,RA0099_20210423,-7.29849229810817,1,RawaPening,110.44880947174099,2021-04-23,"{""type"":""MultiPoint"",""coordinates"":[]}"
7_1282_0,738,321,331,498,269,732,1914,2253,2200,2389,3,floating_plants,RA0100_20210423,-7.299567129497935,1,RawaPening,110.44983953958851,2021-04-23,"{""type"":""MultiPoint"",""coordinates"":[]}"
7_1283_0,491,214,287,384,193,493,1249,1490,1702,1538,3,floating_plants,RA0101_20210423,-7.295661541504317,1,RawaPening,110.44527950417822,2021-04-23,"{""type"":""MultiPoint"",""coordinates"":[]}"
7_1284_0,810,354,294,490,244,714,2041,2425,2781,2475,3,floating_plants,RA0102_20210423,-7.295406134030018,1,RawaPening,110.44676022670897,2021-04-23,"{""type"":""MultiPoint"",""coordinates"":[]}"
7_1285_0,521,254,300,444,238,494,1263,1492,1930,1625,3,floating_plants,RA0103_20210423,-7.2947782567028145,1,RawaPening,110.44421724671051,2021-04-23,"{""type"":""MultiPoint"",""coordinates"":[]}"
7_1286_0,844,360,318,469,236,749,2181,2435,2607,2627,3,floating_plants,RA0104_20210423,-7.2951613683970375,1,RawaPening,110.44214638114214,2021-04-23,"{""type"":""MultiPoint"",""coordinates"":[]}"
7_1287_0,875,398,302,480,238,773,2166,2591,2552,2817,3,floating_plants,RA0105_20210423,-7.295406134030018,1,RawaPening,110.4431657191162,2021-04-23,"{""type"":""MultiPoint"",""coordinates"":[]}"
7_1288_0,951,407,324,459,238,741,2164,2579,2270,2737,3,floating_plants,RA0106_20210423,-7.296374553265329,1,RawaPening,110.44325155810348,2021-04-23,"{""type"":""MultiPoint"",""coordinates"":[]}"
7_1289_0,1038,444,322,493,243,847,2536,2966,2916,3050,3,floating_plants,RA0107_20210423,-7.296044652442497,1,RawaPening,110.44230732924329,2021-04-23,"{""type"":""MultiPoint"",""coordinates"":[]}"
7_1290_0,780,353,296,422,221,680,1862,2149,2016,2333,3,floating_plants,RA0108_20210423,-7.296683169943912,1,RawaPening,110.44053690013043,2021-04-23,"{""type"":""MultiPoint"",""coordinates"":[]}"
7_1291_0,760,333,318,488,232,701,1920,2191,2226,2398,3,floating_plants,RA0109_20210423,-7.296864083070308,1,RawaPening,110.44176010569933,2021-04-23,"{""type"":""MultiPoint"",""coordinates"":[]}"
7_1292_0,708,310,318,472,237,683,1899,2278,2657,2331,3,floating_plants,RA0110_20210423,-7.297119489712497,1,RawaPening,110.44260776569881,2021-04-23,"{""type"":""MultiPoint"",""coordinates"":[]}"
7_1293_0,1049,446,344,507,274,838,2492,2859,2854,3001,3,floating_plants,RA0111_20210423,-7.296917292799461,1,RawaPening,110.44415286747002,2021-04-23,"{""type"":""MultiPoint"",""coordinates"":[]}"
7_1294_0,891,366,313,504,248,757,2140,2544,2776,2711,3,floating_plants,RA0112_20210423,-7.296161714052632,1,RawaPening,110.44429235582437,2021-04-23,"{""type"":""MultiPoint"",""coordinates"":[]}"
7_1295_0,883,367,302,471,238,751,2129,2523,2353,2566,3,floating_plants,RA0113_20210423,-7.297034354181308,1,RawaPening,110.44511855607708,2021-04-23,"{""type"":""MultiPoint"",""coordinates"":[]}"
7_1296_0,1016,438,329,551,254,792,2395,2783,2912,2853,3,floating_plants,RA0114_20210423,-7.297704796050964,1,RawaPening,110.44467863126721,2021-04-23,"{""type"":""MultiPoint"",""coordinates"":[]}"
7_1297_0,681,284,280,371,195,603,1654,1905,1516,1992,3,floating_plants,RA0115_20210423,-7.29578924518683,1,RawaPening,110.43809048899267,2021-04-23,"{""type"":""MultiPoint"",""coordinates"":[]}"
7_1298_0,884,361,294,480,244,749,2298,2560,2553,2646,3,floating_plants,RA0116_20210423,-7.2925327895739755,1,RawaPening,110.43642756297224,2021-04-23,"{""type"":""MultiPoint"",""coordinates"":[]}"
7_1299_0,891,385,330,496,257,795,2192,2564,2807,2715,3,floating_plants,RA0117_20210423,-7.293905611847299,1,RawaPening,110.43390604272055,2021-04-23,"{""type"":""MultiPoint"",""coordinates"":[]}"
7_1300_0,922,390,318,515,254,805,2313,2707,2828,2746,3,floating_plants,RA0118_20210423,-7.292852050943437,1,RawaPening,110.43240386044299,2021-04-23,"{""type"":""MultiPoint"",""coordinates"":[]}"
7_1301_0,853,366,317,510,227,789,2226,2730,2899,2932,3,floating_plants,RA0119_20210423,-7.294235514246795,1,RawaPening,110.43020423639369,2021-04-23,"{""type"":""MultiPoint"",""coordinates"":[]}"
7_1302_0,602,273,289,424,226,576,1519,1772,1871,1898,3,floating_plants,RA0120_20210423,-7.292085823274294,1,RawaPening,110.43217853310136,2021-04-23,"{""type"":""MultiPoint"",""coordinates"":[]}"
7_1303_0,748,325,326,513,240,701,1940,2304,2775,2507,3,floating_plants,RA0121_20210423,-7.295278429910446,1,RawaPening,110.42801534221776,2021-04-23,"{""type"":""MultiPoint"",""coordinates"":[]}"
7_1304_0,799,359,303,451,244,741,2113,2396,2294,2581,3,floating_plants,RA0122_20210423,-7.29577860288694,1,RawaPening,110.42647024044655,2021-04-23,"{""type"":""MultiPoint"",""coordinates"":[]}"
7_1305_0,890,408,326,510,256,756,2112,2554,2842,2664,3,floating_plants,RA0123_20210423,-7.295214578000915,1,RawaPening,110.42569768956093,2021-04-23,"{""type"":""MultiPoint"",""coordinates"":[]}"
7_1306_0,608,277,298,406,223,594,1581,1961,1967,1910,3,floating_plants,RA0124_20210423,-7.2961510717615585,1,RawaPening,110.42724279133219,2021-04-23,"{""type"":""MultiPoint"",""coordinates"":[]}"
7_1307_0,803,358,338,463,252,707,1899,2305,2438,2667,3,floating_plants,RA0125_20210423,-7.296853440795977,1,RawaPening,110.42853037614152,2021-04-23,"{""type"":""MultiPoint"",""coordinates"":[]}"
7_1308_0,1079,468,318,515,257,869,2634,3214,3016,3372,3,floating_plants,RA0126_20210423,-7.297002428025164,1,RawaPening,110.42995744930523,2021-04-23,"{""type"":""MultiPoint"",""coordinates"":[]}"
7_1309_0,572,318,350,624,259,501,1341,1753,3306,2057,3,floating_plants,RA0127_20210423,-7.292319948534559,1,RawaPening,110.43061197158329,2021-04-23,"{""type"":""MultiPoint"",""coordinates"":[]}"
7_1310_0,248,100,287,361,183,344,723,768,1114,778,3,floating_plants,RA0128_20210423,-7.2931287439461485,1,RawaPening,110.43109481588682,2021-04-23,"{""type"":""MultiPoint"",""coordinates"":[]}"
7_1311_0,711,328,318,484,246,722,2072,2465,2604,2483,3,floating_plants,RA0129_20210423,-7.293703413482277,1,RawaPening,110.43163130955736,2021-04-23,"{""type"":""MultiPoint"",""coordinates"":[]}"
7_1312_0,611,261,315,420,201,554,1481,1793,1535,1993,3,floating_plants,RA0130_20210423,-7.2939694639436174,1,RawaPening,110.43276867613895,2021-04-23,"{""type"":""MultiPoint"",""coordinates"":[]}"
7_1313_0,921,397,319,492,241,747,2169,2633,2509,2817,3,floating_plants,RA0131_20210423,-7.294703762396375,1,RawaPening,110.43255407867076,2021-04-23,"{""type"":""MultiPoint"",""coordinates"":[]}"
7_1314_0,1058,444,301,525,262,852,2492,2944,3038,3216,3,floating_plants,RA0132_20210423,-7.295757318941858,1,RawaPening,110.43408845056854,2021-04-23,"{""type"":""MultiPoint"",""coordinates"":[]}"
7_1315_0,741,320,302,482,232,679,1889,2279,2375,2466,3,floating_plants,RA0133_20210423,-7.294703762396375,1,RawaPening,110.43415282980905,2021-04-23,"{""type"":""MultiPoint"",""coordinates"":[]}"
7_1316_0,852,366,325,502,234,722,2045,2477,2797,2781,3,floating_plants,RA0134_20210423,-7.2945867004049285,1,RawaPening,110.43581596018777,2021-04-23,"{""type"":""MultiPoint"",""coordinates"":[]}"
7_1317_0,903,369,292,448,235,753,2194,2591,2150,2778,3,floating_plants,RA0135_20210423,-7.294288724288457,1,RawaPening,110.43754346980695,2021-04-23,"{""type"":""MultiPoint"",""coordinates"":[]}"
7_1318_0,1015,451,328,510,247,811,2417,2857,2902,2997,3,floating_plants,RA0136_20210423,-7.295906306536007,1,RawaPening,110.43542968474499,2021-04-23,"{""type"":""MultiPoint"",""coordinates"":[]}"
7_1319_0,674,298,309,413,221,607,1581,1974,2058,1990,3,floating_plants,RA0137_20210423,-7.292766914600521,1,RawaPening,110.44088046043787,2021-04-23,"{""type"":""MultiPoint"",""coordinates"":[]}"
7_1320_0,826,346,319,464,249,734,1993,2409,2310,2479,3,floating_plants,RA0138_20210423,-7.292181601804637,1,RawaPening,110.44121308651361,2021-04-23,"{""type"":""MultiPoint"",""coordinates"":[]}"
7_1321_0,809,342,282,410,203,714,2016,2454,1865,2419,3,floating_plants,RA0139_20210423,-7.2926817782414215,1,RawaPening,110.44282256752534,2021-04-23,"{""type"":""MultiPoint"",""coordinates"":[]}"
7_1322_0,427,182,312,429,222,403,1023,1303,1970,1407,3,floating_plants,RA0140_20210423,-7.294416428362674,1,RawaPening,110.44523678904288,2021-04-23,"{""type"":""MultiPoint"",""coordinates"":[]}"
7_1323_0,969,434,304,462,247,804,2344,2779,2591,2983,3,floating_plants,RA0141_20210423,-7.292873335026657,1,RawaPening,110.43776879714864,2021-04-23,"{""type"":""MultiPoint"",""coordinates"":[]}"
7_1324_0,619,271,303,472,235,594,1630,1908,2343,1863,3,floating_plants,RA0142_20210423,-7.291692066878709,1,RawaPening,110.43564428221318,2021-04-23,"{""type"":""MultiPoint"",""coordinates"":[]}"
7_1325_0,749,330,296,431,225,650,1823,2072,2104,2235,3,floating_plants,RA0143_20210423,-7.2894040156535596,1,RawaPening,110.43934606571835,2021-04-23,"{""type"":""MultiPoint"",""coordinates"":[]}"
7_1326_0,760,339,318,462,238,716,1904,2337,2513,2515,3,floating_plants,RA0144_20210423,-7.290021258408413,1,RawaPening,110.43801556141533,2021-04-23,"{""type"":""MultiPoint"",""coordinates"":[]}"
7_1327_0,898,394,308,518,248,778,2263,2722,2700,2772,3,floating_plants,RA0145_20210423,-7.288818698462441,1,RawaPening,110.43691038445398,2021-04-23,"{""type"":""MultiPoint"",""coordinates"":[]}"
7_1328_0,1490,629,304,594,260,1048,3516,4269,4112,4487,3,floating_plants,RA0146_20210423,-7.276792920516256,1,RawaPening,110.43893893115533,2021-04-23,"{""type"":""MultiPoint"",""coordinates"":[]}"
7_1329_0,1267,502,320,554,250,947,3244,4120,4006,4379,3,floating_plants,RA0147_20210423,-7.275271051423179,1,RawaPening,110.43018335445176,2021-04-23,"{""type"":""MultiPoint"",""coordinates"":[]}"
7_1330_0,1053,475,325,568,293,928,2514,2817,3405,3080,3,floating_plants,RA0148_20210423,-7.27745275026722,1,RawaPening,110.42829489673137,2021-04-23,"{""type"":""MultiPoint"",""coordinates"":[]}"
7_1331_0,1323,568,350,605,278,1027,3254,3847,3960,4135,3,floating_plants,RA0149_20210423,-7.279400306614733,1,RawaPening,110.4222217883806,2021-04-23,"{""type"":""MultiPoint"",""coordinates"":[]}"
7_1332_0,808,406,344,496,267,752,1939,2228,2122,2207,3,floating_plants,RA0150_20210423,-7.276356580954379,1,RawaPening,110.42084836458397,2021-04-23,"{""type"":""MultiPoint"",""coordinates"":[]}"
7_1333_0,855,371,328,566,246,846,2475,2785,3282,2945,3,floating_plants,RA0151_20210423,-7.278453135458089,1,RawaPening,110.42369178103793,2021-04-23,"{""type"":""MultiPoint"",""coordinates"":[]}"
7_1334_0,46,48,314,392,208,279,165,148,124,128,2,open_water,RA0152_20210423,-7.27931516741139,0,RawaPening,110.42946564173825,2021-04-23,"{""type"":""MultiPoint"",""coordinates"":[]}"
7_1335_0,40,34,338,423,255,259,163,173,130,100,2,open_water,RA0153_20210423,-7.277101550377054,0,RawaPening,110.43251292578702,2021-04-23,"{""type"":""MultiPoint"",""coordinates"":[]}"
7_1336_0,46,30,333,386,243,249,136,157,121,103,2,open_water,RA0154_20210423,-7.273291549331782,0,RawaPening,110.42796345946066,2021-04-23,"{""type"":""MultiPoint"",""coordinates"":[]}"
7_1337_0,54,49,330,443,290,360,137,183,139,100,2,open_water,RA0155_20210423,-7.27463250310883,0,RawaPening,110.41755548225171,2021-04-23,"{""type"":""MultiPoint"",""coordinates"":[]}"
7_1338_0,78,58,380,521,323,352,210,255,195,234,2,open_water,RA0156_20210423,-7.279208743765452,0,RawaPening,110.41598892073368,2021-04-23,"{""type"":""MultiPoint"",""coordinates"":[]}"
7_1339_0,59,37,362,487,333,372,177,192,163,132,2,open_water,RA0157_20210423,-7.283423100842467,0,RawaPening,110.4175984017454,2021-04-23,"{""type"":""MultiPoint"",""coordinates"":[]}"
7_1340_0,48,43,356,462,304,318,157,157,145,124,2,open_water,RA0158_20210423,-7.283423100842467,0,RawaPening,110.42184743161621,2021-04-23,"{""type"":""MultiPoint"",""coordinates"":[]}"
7_1341_0,49,38,493,726,525,657,276,298,219,182,2,open_water,RA0159_20210423,-7.2805283951901725,0,RawaPening,110.4083707106117,2021-04-23,"{""type"":""MultiPoint"",""coordinates"":[]}"
7_1342_0,60,45,423,566,419,478,187,200,157,125,2,open_water,RA0160_20210423,-7.283103832753651,0,RawaPening,110.40684706858727,2021-04-23,"{""type"":""MultiPoint"",""coordinates"":[]}"
7_1343_0,50,38,376,514,381,394,163,165,137,109,2,open_water,RA0161_20210423,-7.282316303829194,0,RawaPening,110.40980851364883,2021-04-23,"{""type"":""MultiPoint"",""coordinates"":[]}"
7_1344_0,75,54,543,887,616,873,401,407,331,231,2,open_water,RA0162_20210423,-7.280081416914685,0,RawaPening,110.40553882901605,2021-04-23,"{""type"":""MultiPoint"",""coordinates"":[]}"
7_1345_0,152,95,614,810,733,832,614,607,480,460,2,open_water,RA0163_20210423,-7.28212474252827,0,RawaPening,110.39914382446295,2021-04-23,"{""type"":""MultiPoint"",""coordinates"":[]}"
7_1346_0,70,61,372,506,354,432,192,230,145,143,2,open_water,RA0164_20210423,-7.2852748523386,0,RawaPening,110.40845689814913,2021-04-23,"{""type"":""MultiPoint"",""coordinates"":[]}"
7_1347_0,80,87,276,349,226,358,195,217,198,144,2,open_water,RA0165_20210423,-7.288339801756096,0,RawaPening,110.41079601055282,2021-04-23,"{""type"":""MultiPoint"",""coordinates"":[]}"
7_1348_0,53,49,234,219,143,218,132,120,109,107,2,open_water,RA0166_20210423,-7.290957762778814,0,RawaPening,110.4160107290307,2021-04-23,"{""type"":""MultiPoint"",""coordinates"":[]}"
7_1349_0,47,30,242,258,150,236,128,130,126,107,2,open_water,RA0167_20210423,-7.2870627420466025,0,RawaPening,110.42139712548313,2021-04-23,"{""type"":""MultiPoint"",""coordinates"":[]}"
7_1350_0,41,33,233,229,130,158,101,107,89,80,2,open_water,RA0168_20210423,-7.290851341897426,0,RawaPening,110.42214821662193,2021-04-23,"{""type"":""MultiPoint"",""coordinates"":[]}"
7_1351_0,45,34,274,237,154,154,107,129,92,90,2,open_water,RA0169_20210423,-7.292745629804743,0,RawaPening,110.42635432699913,2021-04-23,"{""type"":""MultiPoint"",""coordinates"":[]}"
7_1352_0,53,39,250,208,135,169,117,130,111,95,2,open_water,RA0170_20210423,-7.293831117015928,0,RawaPening,110.41905801307948,2021-04-23,"{""type"":""MultiPoint"",""coordinates"":[]}"
7_1353_0,44,35,251,229,144,150,98,115,82,70,2,open_water,RA0171_20210423,-7.295406132994786,0,RawaPening,110.42253449206473,2021-04-23,"{""type"":""MultiPoint"",""coordinates"":[]}"
7_1354_0,61,43,275,256,168,167,121,157,123,102,2,open_water,RA0172_20210423,-7.289467868137981,0,RawaPening,110.44232037863509,2021-04-23,"{""type"":""MultiPoint"",""coordinates"":[]}"
7_1355_0,72,44,276,263,162,170,151,126,130,133,2,open_water,RA0173_20210423,-7.287509713359004,0,RawaPening,110.44590415635444,2021-04-23,"{""type"":""MultiPoint"",""coordinates"":[]}"
7_1356_0,55,42,276,280,189,197,122,121,117,107,2,open_water,RA0174_20210423,-7.28457246514469,0,RawaPening,110.44468095078557,2021-04-23,"{""type"":""MultiPoint"",""coordinates"":[]}"
7_1357_0,61,38,289,318,192,215,137,157,122,127,2,open_water,RA0175_20210423,-7.284317051346724,0,RawaPening,110.44646210977184,2021-04-23,"{""type"":""MultiPoint"",""coordinates"":[]}"
7_1358_0,66,47,254,224,149,180,128,122,105,116,2,open_water,RA0176_20210423,-7.2980666213964716,0,RawaPening,110.41766346356324,2021-04-23,"{""type"":""MultiPoint"",""coordinates"":[]}"
7_1359_0,48,48,229,219,136,180,129,122,99,87,2,open_water,RA0177_20210423,-7.298790271225608,0,RawaPening,110.42335029647123,2021-04-23,"{""type"":""MultiPoint"",""coordinates"":[]}"
7_1360_0,58,43,234,214,140,203,104,127,118,73,2,open_water,RA0178_20210423,-7.2987051360123605,0,RawaPening,110.4210541035612,2021-04-23,"{""type"":""MultiPoint"",""coordinates"":[]}"
7_1361_0,65,51,263,255,164,174,148,180,139,111,2,open_water,RA0179_20210423,-7.297449389734885,0,RawaPening,110.42787830305079,2021-04-23,"{""type"":""MultiPoint"",""coordinates"":[]}"
7_1362_0,61,37,244,227,130,243,104,132,110,103,2,open_water,RA0180_20210423,-7.301408171123103,0,RawaPening,110.42661217798825,2021-04-23,"{""type"":""MultiPoint"",""coordinates"":[]}"
7_1363_0,62,48,238,241,139,221,100,114,93,86,2,open_water,RA0181_20210423,-7.303940921478214,0,RawaPening,110.42650487925414,2021-04-23,"{""type"":""MultiPoint"",""coordinates"":[]}"
7_1364_0,74,52,244,202,131,188,108,120,88,72,2,open_water,RA0182_20210423,-7.305579752296869,0,RawaPening,110.42433744482503,2021-04-23,"{""type"":""MultiPoint"",""coordinates"":[]}"
7_1365_0,69,48,246,217,149,208,109,127,85,79,2,open_water,RA0183_20210423,-7.307069593280789,0,RawaPening,110.42491685798925,2021-04-23,"{""type"":""MultiPoint"",""coordinates"":[]}"
7_1366_0,57,44,234,225,143,166,114,136,104,62,2,open_water,RA0184_20210423,-7.30219566646795,0,RawaPening,110.42249190659832,2021-04-23,"{""type"":""MultiPoint"",""coordinates"":[]}"
7_1367_0,67,53,235,229,136,210,123,121,125,112,2,open_water,RA0185_20210423,-7.301408171123103,0,RawaPening,110.41963776027093,2021-04-23,"{""type"":""MultiPoint"",""coordinates"":[]}"
7_1368_0,43,44,238,247,141,172,122,148,102,86,2,open_water,RA0186_20210423,-7.299641622467053,0,RawaPening,110.4367626382353,2021-04-23,"{""type"":""MultiPoint"",""coordinates"":[]}"
7_1369_0,63,54,226,253,154,187,179,179,148,178,2,open_water,RA0187_20210423,-7.297342970396816,0,RawaPening,110.43358659570555,2021-04-23,"{""type"":""MultiPoint"",""coordinates"":[]}"
7_1370_0,70,33,259,260,154,160,94,94,104,113,2,open_water,RA0188_20210423,-7.301110199549849,0,RawaPening,110.43852233747474,2021-04-23,"{""type"":""MultiPoint"",""coordinates"":[]}"
7_1371_0,61,57,255,265,154,175,105,126,96,66,2,open_water,RA0189_20210423,-7.302898026010817,0,RawaPening,110.43820044127239,2021-04-23,"{""type"":""MultiPoint"",""coordinates"":[]}"
7_1372_0,53,40,273,266,167,180,87,127,88,76,2,open_water,RA0190_20210423,-7.302876742404504,0,RawaPening,110.43998160025866,2021-04-23,"{""type"":""MultiPoint"",""coordinates"":[]}"
7_1373_0,62,42,272,290,171,199,143,153,126,110,2,open_water,RA0191_20210423,-7.301174050617983,0,RawaPening,110.44594740987533,2021-04-23,"{""type"":""MultiPoint"",""coordinates"":[]}"
7_1374_0,62,50,272,305,171,210,154,170,118,96,2,open_water,RA0192_20210423,-7.302642622668353,0,RawaPening,110.44519631873654,2021-04-23,"{""type"":""MultiPoint"",""coordinates"":[]}"
7_1375_0,73,52,278,317,180,233,163,158,141,117,2,open_water,RA0193_20210423,-7.301535873175111,0,RawaPening,110.44993808045476,2021-04-23,"{""type"":""MultiPoint"",""coordinates"":[]}"
7_1376_0,60,58,299,369,194,264,156,185,115,138,2,open_water,RA0194_20210423,-7.3004504046554475,0,RawaPening,110.45214843437745,2021-04-23,"{""type"":""MultiPoint"",""coordinates"":[]}"
7_1377_0,60,34,273,272,172,170,128,148,126,144,2,open_water,RA0195_20210423,-7.2986838522164845,0,RawaPening,110.44607532602669,2021-04-23,"{""type"":""MultiPoint"",""coordinates"":[]}"
7_1378_0,76,74,495,586,354,307,180,251,221,216,2,open_water,RA0196_20210423,-7.307835795736798,0,RawaPening,110.44204078159007,2021-04-23,"{""type"":""MultiPoint"",""coordinates"":[]}"
7_1379_0,63,47,288,294,181,192,135,124,118,103,2,open_water,RA0197_20210423,-7.308665846421061,0,RawaPening,110.43959437045233,2021-04-23,"{""type"":""MultiPoint"",""coordinates"":[]}"
7_1380_0,101,63,505,560,355,327,201,208,188,217,2,open_water,RA0198_20210423,-7.309815144822292,0,RawaPening,110.44395069905728,2021-04-23,"{""type"":""MultiPoint"",""coordinates"":[]}"
7_1381_0,38,31,257,237,147,183,119,118,98,83,2,open_water,RA0199_20210423,-7.28719044823533,0,RawaPening,110.43272806267812,2021-04-23,"{""type"":""MultiPoint"",""coordinates"":[]}"
7_1382_0,45,46,256,248,170,227,141,143,132,137,2,open_water,RA0200_20210423,-7.2844660428005135,0,RawaPening,110.42832881457952,2021-04-23,"{""type"":""MultiPoint"",""coordinates"":[]}"
7_1383_0,55,37,275,246,156,176,135,150,139,118,2,open_water,RA0201_20210423,-7.286977604657195,0,RawaPening,110.43805007989012,2021-04-23,"{""type"":""MultiPoint"",""coordinates"":[]}"
7_1384_0,45,45,254,225,143,155,124,130,102,97,2,open_water,RA0202_20210423,-7.290255384548203,0,RawaPening,110.43234178723533,2021-04-23,"{""type"":""MultiPoint"",""coordinates"":[]}"
7_1385_0,39,33,249,228,141,168,108,115,91,79,2,open_water,RA0203_20210423,-7.289255025695813,0,RawaPening,110.4245948186324,2021-04-23,"{""type"":""MultiPoint"",""coordinates"":[]}"
7_1386_0,39,29,255,236,145,160,101,108,86,83,2,open_water,RA0204_20210423,-7.292468936619251,0,RawaPening,110.42429438217687,2021-04-23,"{""type"":""MultiPoint"",""coordinates"":[]}"
7_1387_0,64,62,307,338,219,247,116,129,136,128,2,open_water,RA0205_20210423,-7.268076690457984,0,RawaPening,110.44914350965242,2021-04-23,"{""type"":""MultiPoint"",""coordinates"":[]}"
7_1388_0,51,34,332,382,237,230,127,140,122,97,2,open_water,RA0206_20210423,-7.270162641050183,0,RawaPening,110.4436068949722,2021-04-23,"{""type"":""MultiPoint"",""coordinates"":[]}"
7_1389_0,45,45,295,301,186,198,102,118,90,78,2,open_water,RA0207_20210423,-7.27118432760159,0,RawaPening,110.44725505193202,2021-04-23,"{""type"":""MultiPoint"",""coordinates"":[]}"
7_1390_0,59,43,301,313,218,219,126,133,104,85,2,open_water,RA0208_20210423,-7.275377475138708,0,RawaPening,110.44796322357716,2021-04-23,"{""type"":""MultiPoint"",""coordinates"":[]}"
7_1391_0,51,34,301,341,217,225,154,152,129,119,2,open_water,RA0209_20210423,-7.273844958752906,0,RawaPening,110.4431347805421,2021-04-23,"{""type"":""MultiPoint"",""coordinates"":[]}"
7_1392_0,62,40,324,382,242,251,178,181,165,151,2,open_water,RA0210_20210423,-7.274973061600665,0,RawaPening,110.44040939269566,2021-04-23,"{""type"":""MultiPoint"",""coordinates"":[]}"
7_1393_0,48,44,329,400,259,256,141,145,110,96,2,open_water,RA0211_20210423,-7.267033711529627,0,RawaPening,110.4388428311776,2021-04-23,"{""type"":""MultiPoint"",""coordinates"":[]}"
7_1394_0,42,38,331,396,252,248,125,142,115,86,2,open_water,RA0212_20210423,-7.269545370965726,0,RawaPening,110.43854239472208,2021-04-23,"{""type"":""MultiPoint"",""coordinates"":[]}"
7_1395_0,53,42,369,473,336,347,170,188,105,111,2,open_water,RA0213_20210423,-7.266373866467472,0,RawaPening,110.43568824839467,2021-04-23,"{""type"":""MultiPoint"",""coordinates"":[]}"
7_1396_0,45,35,336,402,265,266,114,139,106,91,2,open_water,RA0214_20210423,-7.2692048077973554,0,RawaPening,110.43551657042012,2021-04-23,"{""type"":""MultiPoint"",""coordinates"":[]}"
7_1397_0,66,52,565,784,604,689,297,289,236,164,2,open_water,RA0215_20210423,-7.26658671981921,0,RawaPening,110.43221176940943,2021-04-23,"{""type"":""MultiPoint"",""coordinates"":[]}"
7_1398_0,67,49,526,680,512,543,212,256,183,160,2,open_water,RA0216_20210423,-7.266650575805079,0,RawaPening,110.43023747270179,2021-04-23,"{""type"":""MultiPoint"",""coordinates"":[]}"
7_1399_0,58,35,464,611,439,504,205,233,190,172,2,open_water,RA0217_20210423,-7.267778696725526,0,RawaPening,110.42639617802054,2021-04-23,"{""type"":""MultiPoint"",""coordinates"":[]}"
7_1400_0,54,43,423,597,419,465,162,174,141,119,2,open_water,RA0218_20210423,-7.269353804215278,0,RawaPening,110.42755500434895,2021-04-23,"{""type"":""MultiPoint"",""coordinates"":[]}"
7_1401_0,34,31,368,461,280,293,123,132,100,92,2,open_water,RA0219_20210423,-7.268991955686008,0,RawaPening,110.43137483928338,2021-04-23,"{""type"":""MultiPoint"",""coordinates"":[]}"
7_1402_0,37,39,367,473,287,326,168,161,125,114,2,open_water,RA0220_20210423,-7.271397178673901,0,RawaPening,110.42997995573991,2021-04-23,"{""type"":""MultiPoint"",""coordinates"":[]}"
7_1403_0,40,31,359,445,267,272,126,136,112,96,2,open_water,RA0221_20210423,-7.271652599827485,0,RawaPening,110.4328341020673,2021-04-23,"{""type"":""MultiPoint"",""coordinates"":[]}"
7_1404_0,85,72,494,673,543,671,299,343,267,217,2,open_water,RA0222_20210423,-7.270737340021365,0,RawaPening,110.42036598916339,2021-04-23,"{""type"":""MultiPoint"",""coordinates"":[]}"
7_1405_0,47,32,346,426,290,316,130,134,92,92,2,open_water,RA0223_20210423,-7.272355007250652,0,RawaPening,110.42375662916136,2021-04-23,"{""type"":""MultiPoint"",""coordinates"":[]}"
7_1406_0,43,39,343,371,234,230,123,137,104,90,2,open_water,RA0224_20210423,-7.2736959638252126,0,RawaPening,110.42579530510949,2021-04-23,"{""type"":""MultiPoint"",""coordinates"":[]}"
7_1407_0,42,30,323,376,218,235,126,157,111,86,2,open_water,RA0225_20210423,-7.276207585996076,0,RawaPening,110.42470085802154,2021-04-23,"{""type"":""MultiPoint"",""coordinates"":[]}"
7_1408_0,35,34,299,309,202,226,130,142,123,97,2,open_water,RA0226_20210423,-7.2779742270678485,0,RawaPening,110.4359028458629,2021-04-23,"{""type"":""MultiPoint"",""coordinates"":[]}"
7_1409_0,555,377,575,832,832,1191,1237,1400,1517,1280,1,LEV,RA0227_20210423,-7.292234809654171,0,RawaPening,110.40710981172697,2021-04-23,"{""type"":""MultiPoint"",""coordinates"":[]}"
7_1410_0,1752,1049,510,762,586,1308,2456,2896,3321,3198,1,LEV,RA0228_20210423,-7.289255023913049,0,RawaPening,110.39972765882004,2021-04-23,"{""type"":""MultiPoint"",""coordinates"":[]}"
7_1411_0,2254,1901,653,801,797,1246,1692,1921,2160,2058,1,LEV,RA0229_20210423,-7.296491612025126,0,RawaPening,110.40110108261665,2021-04-23,"{""type"":""MultiPoint"",""coordinates"":[]}"
7_1412_0,1388,752,439,648,434,994,2293,3032,3034,3236,1,LEV,RA0230_20210423,-7.297683509433504,0,RawaPening,110.40994249830753,2021-04-23,"{""type"":""MultiPoint"",""coordinates"":[]}"
7_1413_0,1995,879,318,480,242,738,2772,3784,3846,4097,1,LEV,RA0231_20210423,-7.304153754233023,0,RawaPening,110.40959914235839,2021-04-23,"{""type"":""MultiPoint"",""coordinates"":[]}"
7_1414_0,1851,825,300,445,232,697,2616,3598,3488,3832,1,LEV,RA0232_20210423,-7.310113107380124,0,RawaPening,110.41535035450683,2021-04-23,"{""type"":""MultiPoint"",""coordinates"":[]}"
7_1415_0,1523,1033,588,833,724,1040,2166,2518,2765,2629,1,LEV,RA0233_20210423,-7.313263019068957,0,RawaPening,110.42470680412143,2021-04-23,"{""type"":""MultiPoint"",""coordinates"":[]}"
7_1416_0,1600,1242,479,561,560,881,1651,2080,1902,2291,1,LEV,RA0234_20210423,-7.305090229276407,0,RawaPening,110.41844055804924,2021-04-23,"{""type"":""MultiPoint"",""coordinates"":[]}"
7_1417_0,896,550,624,801,864,1155,1279,1372,1301,1354,1,LEV,RA0235_20210423,-7.315902117157545,0,RawaPening,110.43878439803701,2021-04-23,"{""type"":""MultiPoint"",""coordinates"":[]}"
7_1418_0,331,185,509,588,538,745,932,1049,691,933,1,LEV,RA0236_20210423,-7.3161575129186245,0,RawaPening,110.44693910182957,2021-04-23,"{""type"":""MultiPoint"",""coordinates"":[]}"
7_1419_0,805,498,550,684,739,934,1009,1140,1160,1178,1,LEV,RA0237_20210423,-7.310283373452871,0,RawaPening,110.45560972751892,2021-04-23,"{""type"":""MultiPoint"",""coordinates"":[]}"
7_1420_0,1536,964,453,646,481,898,1604,1847,1651,1927,1,LEV,RA0238_20210423,-7.298194321644559,0,RawaPening,110.45792738017575,2021-04-23,"{""type"":""MultiPoint"",""coordinates"":[]}"
7_1421_0,2454,2408,2150,2296,2282,1651,1944,2011,2178,2076,1,LEV,RA0239_20210423,-7.290532077380678,0,RawaPening,110.46582456700644,2021-04-23,"{""type"":""MultiPoint"",""coordinates"":[]}"
7_1422_0,1754,1239,790,919,949,1252,1969,2208,1648,2379,1,LEV,RA0240_20210423,-7.283210254819642,0,RawaPening,110.45887160903592,2021-04-23,"{""type"":""MultiPoint"",""coordinates"":[]}"
7_1423_0,2128,1047,327,526,282,881,2712,3635,3824,3893,1,LEV,RA0241_20210423,-7.275803173110149,0,RawaPening,110.4650520161208,2021-04-23,"{""type"":""MultiPoint"",""coordinates"":[]}"
7_1424_0,2180,1305,595,724,541,1091,2478,2977,2740,3331,1,LEV,RA0242_20210423,-7.294788895942705,0,RawaPening,110.46256268548942,2021-04-23,"{""type"":""MultiPoint"",""coordinates"":[]}"
7_1425_0,1932,1168,466,750,464,1020,2686,3352,3895,3767,1,LEV,RA0243_20210423,-7.299471349600373,0,RawaPening,110.46316355840044,2021-04-23,"{""type"":""MultiPoint"",""coordinates"":[]}"
7_1426_0,1468,806,401,554,360,803,1756,2098,2059,2141,1,LEV,RA0244_20210423,-7.3022807982687805,0,RawaPening,110.45869993106133,2021-04-23,"{""type"":""MultiPoint"",""coordinates"":[]}"
7_1427_0,1764,1062,337,506,310,776,1974,2458,2707,2674,1,LEV,RA0245_20210423,-7.305260497263289,0,RawaPening,110.46307771941318,2021-04-23,"{""type"":""MultiPoint"",""coordinates"":[]}"
7_1428_0,1355,831,484,708,465,963,1959,2286,2346,2309,1,LEV,RA0246_20210423,-7.312411693784667,0,RawaPening,110.45998751587071,2021-04-23,"{""type"":""MultiPoint"",""coordinates"":[]}"
7_1429_0,1569,761,370,542,353,812,2403,2976,3106,3205,1,LEV,RA0247_20210423,-7.273589538750632,0,RawaPening,110.45801321916302,2021-04-23,"{""type"":""MultiPoint"",""coordinates"":[]}"
7_1430_0,1838,954,343,504,323,793,2497,3317,3227,3516,1,LEV,RA0248_20210423,-7.268481110111342,0,RawaPening,110.4537212697985,2021-04-23,"{""type"":""MultiPoint"",""coordinates"":[]}"
7_1431_0,1501,780,367,521,349,715,2213,3049,2896,3116,1,LEV,RA0249_20210423,-7.274185517154758,0,RawaPening,110.3998148505139,2021-04-23,"{""type"":""MultiPoint"",""coordinates"":[]}"
7_1432_0,1995,1189,492,774,585,1155,2698,3115,3051,3313,1,LEV,RA0250_20210423,-7.273589537615391,0,RawaPening,110.40839874094412,2021-04-23,"{""type"":""MultiPoint"",""coordinates"":[]}"
7_1433_0,1979,1281,466,727,487,1058,2183,2589,3436,2934,1,LEV,RA0251_20210423,-7.268991954454815,0,RawaPening,110.4050510204398,2021-04-23,"{""type"":""MultiPoint"",""coordinates"":[]}"
7_1434_0,1447,873,422,466,426,764,1921,2610,2480,2687,1,LEV,RA0252_20210423,-7.271631313505689,0,RawaPening,110.41372075815609,2021-04-23,"{""type"":""MultiPoint"",""coordinates"":[]}"
7_1435_0,1548,1059,822,976,946,1098,1788,2091,1747,2204,1,LEV,RA0253_20210423,-7.2675445574229975,0,RawaPening,110.4180127075206,2021-04-23,"{""type"":""MultiPoint"",""coordinates"":[]}"
7_1436_0,1658,995,725,846,733,1026,2294,2688,2117,2665,1,LEV,RA0254_20210423,-7.26567144846022,0,RawaPening,110.42264801283427,2021-04-23,"{""type"":""MultiPoint"",""coordinates"":[]}"
7_1437_0,2531,2284,703,947,1266,1372,1591,1751,1918,1928,1,LEV,RA0255_20210423,-7.262861770378125,0,RawaPening,110.41947197030454,2021-04-23,"{""type"":""MultiPoint"",""coordinates"":[]}"
7_1438_0,1926,1387,697,951,937,1358,1924,2219,2336,2420,1,LEV,RA0256_20210423,-7.263032054398183,0,RawaPening,110.41500834296548,2021-04-23,"{""type"":""MultiPoint"",""coordinates"":[]}"
7_1439_0,2110,1437,493,562,568,894,1923,2342,1962,2545,1,LEV,RA0257_20210423,-7.263883473530895,0,RawaPening,110.40814122398226,2021-04-23,"{""type"":""MultiPoint"",""coordinates"":[]}"
7_1440_0,2406,2203,888,993,1158,1297,1593,1857,1691,1844,1,LEV,RA0258_20210423,-7.262776628343923,0,RawaPening,110.3989564523422,2021-04-23,"{""type"":""MultiPoint"",""coordinates"":[]}"
7_1441_0,928,505,467,650,651,945,1308,1419,1258,1481,1,LEV,RA0259_20210423,-7.268906813582051,0,RawaPening,110.39663879968538,2021-04-23,"{""type"":""MultiPoint"",""coordinates"":[]}"
7_1442_0,1801,1504,425,531,525,880,1458,1740,1910,1704,1,LEV,RA0260_20210423,-7.258860077342797,0,RawaPening,110.40367759664313,2021-04-23,"{""type"":""MultiPoint"",""coordinates"":[]}"
7_1443_0,2084,1376,624,925,951,1503,2391,2695,2541,2888,1,LEV,RA0261_20210423,-7.259456076434498,0,RawaPening,110.40874209689326,2021-04-23,"{""type"":""MultiPoint"",""coordinates"":[]}"
7_1444_0,1959,1349,472,658,514,1064,2245,2825,2452,2946,1,LEV,RA0262_20210423,-7.2585195060786685,0,RawaPening,110.41569505486378,2021-04-23,"{""type"":""MultiPoint"",""coordinates"":[]}"
7_1445_0,1474,832,366,561,414,773,1787,2278,2115,2324,1,LEV,RA0263_20210423,-7.26022235982056,0,RawaPening,110.42445063156734,2021-04-23,"{""type"":""MultiPoint"",""coordinates"":[]}"
7_1446_0,1248,628,353,482,322,643,1965,2876,2707,3014,1,LEV,RA0264_20210423,-7.261499495895896,0,RawaPening,110.42900009789373,2021-04-23,"{""type"":""MultiPoint"",""coordinates"":[]}"
7_1447_0,2390,2038,542,627,782,1056,1330,1604,1582,1780,1,LEV,RA0265_20210423,-7.261073784273819,0,RawaPening,110.43578137788967,2021-04-23,"{""type"":""MultiPoint"",""coordinates"":[]}"
7_1448_0,2048,992,366,480,300,796,2539,3483,3037,3686,1,LEV,RA0266_20210423,-7.259541219097418,0,RawaPening,110.44041668320334,2021-04-23,"{""type"":""MultiPoint"",""coordinates"":[]}"
7_1449_0,1959,1172,655,785,563,1027,2870,3699,3508,3881,1,LEV,RA0267_20210423,-7.256986932199583,0,RawaPening,110.44453695459326,2021-04-23,"{""type"":""MultiPoint"",""coordinates"":[]}"
7_1450_0,1992,1166,527,716,515,1019,2685,3411,3392,3550,1,LEV,RA0268_20210423,-7.262180633652953,0,RawaPening,110.44608205636445,2021-04-23,"{""type"":""MultiPoint"",""coordinates"":[]}"
7_1451_0,1901,960,445,614,390,900,2795,3480,3682,3703,1,LEV,RA0269_20210423,-7.261244068970991,0,RawaPening,110.44977313281794,2021-04-23,"{""type"":""MultiPoint"",""coordinates"":[]}"
7_1452_0,2490,1969,780,910,870,1228,1768,2182,2039,2286,1,LEV,RA0270_20210423,-7.2576680767903925,0,RawaPening,110.45191910750017,2021-04-23,"{""type"":""MultiPoint"",""coordinates"":[]}"
7_1453_0,1700,731,316,493,259,734,2757,3527,3476,3874,1,LEV,RA0271_20210423,-7.2574126476896845,0,RawaPening,110.43766983561002,2021-04-23,"{""type"":""MultiPoint"",""coordinates"":[]}"
7_1454_0,2109,1065,343,579,382,941,2580,3223,3295,3553,1,LEV,RA0272_20210423,-7.257327504623864,0,RawaPening,110.43037352169038,2021-04-23,"{""type"":""MultiPoint"",""coordinates"":[]}"
7_1455_0,1671,764,318,493,282,757,2456,3076,2994,3246,1,LEV,RA0273_20210423,-7.259030362878135,0,RawaPening,110.45895790445799,2021-04-23,"{""type"":""MultiPoint"",""coordinates"":[]}"
7_1456_0,2330,1981,1318,1650,1648,2043,2322,2426,2297,2467,1,LEV,RA0274_20210423,-7.258093791635936,0,RawaPening,110.46359320977164,2021-04-23,"{""type"":""MultiPoint"",""coordinates"":[]}"
7_1457_0,2328,1102,368,574,288,952,3011,4075,4212,4396,1,LEV,RA0275_20210423,-7.261584638171971,0,RawaPening,110.46634005736489,2021-04-23,"{""type"":""MultiPoint"",""coordinates"":[]}"
7_1458_0,2034,1094,422,664,498,1087,2611,3239,3216,3526,1,LEV,RA0276_20210423,-7.265245740788877,0,RawaPening,110.46230562496228,2021-04-23,"{""type"":""MultiPoint"",""coordinates"":[]}"
7_1459_0,2229,1198,408,710,473,1231,3044,3629,3550,3748,1,LEV,RA0277_20210423,-7.269587940112425,0,RawaPening,110.46711260825052,2021-04-23,"{""type"":""MultiPoint"",""coordinates"":[]}"
7_1460_0,1946,1348,411,536,480,864,1946,2470,2414,2626,1,LEV,RA0278_20210423,-7.264820032714289,0,RawaPening,110.45569602294093,2021-04-23,"{""type"":""MultiPoint"",""coordinates"":[]}"
7_1461_0,1359,765,366,553,406,787,1960,2656,2598,2786,1,LEV,RA0279_20210423,-7.278187073689062,0,RawaPening,110.45415092116971,2021-04-23,"{""type"":""MultiPoint"",""coordinates"":[]}"
7_1462_0,1617,857,369,489,305,875,2105,2653,2272,2786,1,LEV,RA0280_20210423,-7.287722553828376,0,RawaPening,110.45981629433088,2021-04-23,"{""type"":""MultiPoint"",""coordinates"":[]}"
7_1463_0,1722,787,349,508,252,763,2606,3370,3378,3617,1,LEV,RA0281_20210423,-7.283465668113045,0,RawaPening,110.46591086242847,2021-04-23,"{""type"":""MultiPoint"",""coordinates"":[]}"
7_1464_0,954,573,428,595,490,840,1482,1782,1578,1783,1,LEV,RA0282_20210423,-7.294703758832932,0,RawaPening,110.4569836077503,2021-04-23,"{""type"":""MultiPoint"",""coordinates"":[]}"
7_1465_0,2298,1229,478,844,512,1227,3016,3472,3768,3679,1,LEV,RA0283_20210423,-7.290702349764994,0,RawaPening,110.4611897181275,2021-04-23,"{""type"":""MultiPoint"",""coordinates"":[]}"
7_1466_0,2371,1918,818,1032,1186,1421,1781,1846,2038,2080,1,LEV,RA0284_20210423,-7.295640253662495,0,RawaPening,110.40453598651604,2021-04-23,"{""type"":""MultiPoint"",""coordinates"":[]}"
7_1467_0,1625,694,281,422,221,697,2515,3438,3370,3690,1,LEV,RA0285_20210423,-7.305515897974862,0,RawaPening,110.41329156321966,2021-04-23,"{""type"":""MultiPoint"",""coordinates"":[]}"
7_1468_0,1358,585,393,644,392,1059,3172,3600,3091,3853,1,LEV,RA0286_20210423,-7.2845724648588845,0,RawaPening,110.41504638483144,2021-04-23,"{""type"":""MultiPoint"",""coordinates"":[]}"
7_1469_0,2380,2020,608,735,796,945,1455,1708,1646,2019,1,LEV,RA0287_20210423,-7.286360357369097,0,RawaPening,110.40081857268811,2021-04-23,"{""type"":""MultiPoint"",""coordinates"":[]}"
7_1470_0,908,480,373,534,381,744,1599,2043,2048,2013,1,LEV,RA0288_20210423,-7.2841254906169,0,RawaPening,110.40251389268711,2021-04-23,"{""type"":""MultiPoint"",""coordinates"":[]}"
7_1471_0,1448,752,438,639,473,948,2299,3019,2934,3272,1,LEV,RA0289_20210423,-7.291064183349143,0,RawaPening,110.39886573572727,2021-04-23,"{""type"":""MultiPoint"",""coordinates"":[]}"
7_1472_0,813,590,549,671,687,894,1063,1255,1272,1287,1,LEV,RA0290_20210423,-7.292575357312045,0,RawaPening,110.41262079235716,2021-04-23,"{""type"":""MultiPoint"",""coordinates"":[]}"
7_1473_0,1052,603,496,733,616,1092,1934,2313,2286,2370,1,LEV,RA0291_20210423,-7.295618972816635,0,RawaPening,110.41371523944511,2021-04-23,"{""type"":""MultiPoint"",""coordinates"":[]}"
7_1474_0,1969,1374,452,612,597,918,1637,2018,2321,2287,1,LEV,RA0292_20210423,-7.302153099479245,0,RawaPening,110.4165682758062,2021-04-23,"{""type"":""MultiPoint"",""coordinates"":[]}"
7_1475_0,790,436,414,572,408,757,1437,1618,1895,1649,1,LEV,RA0293_20210423,-7.29947135264017,0,RawaPening,110.41632148871777,2021-04-23,"{""type"":""MultiPoint"",""coordinates"":[]}"
7_1476_0,655,337,357,514,334,585,1218,1629,2136,1713,1,LEV,RA0294_20210423,-7.300897362882092,0,RawaPening,110.41597813276856,2021-04-23,"{""type"":""MultiPoint"",""coordinates"":[]}"
7_1477_0,1507,722,342,496,289,717,2294,3322,3454,3486,1,LEV,RA0295_20210423,-7.298311385732079,0,RawaPening,110.41389653732678,2021-04-23,"{""type"":""MultiPoint"",""coordinates"":[]}"
7_1478_0,966,631,524,651,645,944,1226,1330,1379,1407,1,LEV,RA0296_20210423,-7.311102781925498,0,RawaPening,110.4450858560798,2021-04-23,"{""type"":""MultiPoint"",""coordinates"":[]}"
7_1479_0,591,389,471,570,517,766,873,1047,735,979,1,LEV,RA0297_20210423,-7.311996676060174,0,RawaPening,110.4426287150686,2021-04-23,"{""type"":""MultiPoint"",""coordinates"":[]}"
7_1480_0,667,386,385,492,477,774,1216,1467,962,1474,1,LEV,RA0298_20210423,-7.308516863818933,0,RawaPening,110.45228560113871,2021-04-23,"{""type"":""MultiPoint"",""coordinates"":[]}"
7_1481_0,188,117,464,545,499,582,430,529,463,417,1,LEV,RA0299_20210423,-7.311954109713393,0,RawaPening,110.45265041683474,2021-04-23,"{""type"":""MultiPoint"",""coordinates"":[]}"
7_1482_0,249,148,472,571,521,756,766,866,793,787,1,LEV,RA0300_20210423,-7.3148273293919885,0,RawaPening,110.45178091638033,2021-04-23,"{""type"":""MultiPoint"",""coordinates"":[]}"
7_1483_0,810,454,484,620,609,829,1194,1360,1339,1467,1,LEV,RA0301_20210423,-7.3166576671098715,0,RawaPening,110.45020373391078,2021-04-23,"{""type"":""MultiPoint"",""coordinates"":[]}"
8_1484_0,862,343,329,527,307,757,2191,2435,2910,2502,3,floating_plants,RA0001_20190728,-7.297289760794249,1,RawaPening,110.42151378789848,2019-07-28,"{""type"":""MultiPoint"",""coordinates"":[]}"
8_1485_0,814,351,315,470,258,746,2221,2568,2500,2709,3,floating_plants,RA0002_20190728,-7.296853441191663,1,RawaPening,110.4222004997968,2019-07-28,"{""type"":""MultiPoint"",""coordinates"":[]}"
8_1486_0,667,273,302,437,253,620,1585,1663,1930,1740,3,floating_plants,RA0003_20190728,-7.297726079971352,1,RawaPening,110.42280137270782,2019-07-28,"{""type"":""MultiPoint"",""coordinates"":[]}"
8_1487_0,914,398,315,512,268,763,2164,2574,2586,2719,3,floating_plants,RA0004_20190728,-7.29849229798428,1,RawaPening,110.42265115448009,2019-07-28,"{""type"":""MultiPoint"",""coordinates"":[]}"
8_1488_0,873,377,310,509,278,797,2223,2580,2918,2750,3,floating_plants,RA0007_20190728,-7.295991442677543,1,RawaPening,110.42567697878205,2019-07-28,"{""type"":""MultiPoint"",""coordinates"":[]}"
8_1489_0,868,366,319,510,307,766,2195,2519,2692,2683,3,floating_plants,RA0008_20190728,-7.296480972901657,1,RawaPening,110.42590230612366,2019-07-28,"{""type"":""MultiPoint"",""coordinates"":[]}"
8_1490_0,807,327,324,496,283,665,1966,2376,2526,2463,3,floating_plants,RA0009_20190728,-7.29733232853756,1,RawaPening,110.42693237397117,2019-07-28,"{""type"":""MultiPoint"",""coordinates"":[]}"
8_1491_0,875,395,318,511,295,793,2319,2753,2620,2867,3,floating_plants,RA0010_20190728,-7.298024053798983,1,RawaPening,110.42779076384407,2019-07-28,"{""type"":""MultiPoint"",""coordinates"":[]}"
8_1492_0,822,351,327,532,301,768,2169,2495,2730,2591,3,floating_plants,RA0011_20190728,-7.297406822078657,1,RawaPening,110.42854185498288,2019-07-28,"{""type"":""MultiPoint"",""coordinates"":[]}"
8_1493_0,882,373,337,533,295,842,2492,2839,3228,2998,3,floating_plants,RA0012_20190728,-7.296768305609854,1,RawaPening,110.4302049853616,2019-07-28,"{""type"":""MultiPoint"",""coordinates"":[]}"
8_1494_0,929,407,324,522,304,777,2194,2609,2578,2826,3,floating_plants,RA0013_20190728,-7.2975451671934435,1,RawaPening,110.43242606915774,2019-07-28,"{""type"":""MultiPoint"",""coordinates"":[]}"
8_1495_0,947,411,324,517,293,829,2482,2807,2814,2945,3,floating_plants,RA0014_20190728,-7.298119831058553,1,RawaPening,110.43256555751209,2019-07-28,"{""type"":""MultiPoint"",""coordinates"":[]}"
8_1496_0,777,328,316,515,296,761,2161,2363,2624,2427,3,floating_plants,RA0015_20190728,-7.298800913202099,1,RawaPening,110.43396044105555,2019-07-28,"{""type"":""MultiPoint"",""coordinates"":[]}"
8_1497_0,1350,612,420,710,363,1065,2935,3469,3536,3624,3,floating_plants,RA0016_20190728,-7.298854122700891,1,RawaPening,110.43177154687963,2019-07-28,"{""type"":""MultiPoint"",""coordinates"":[]}"
8_1498_0,1140,545,427,766,341,1018,2795,3014,4075,3178,3,floating_plants,RA0017_20190728,-7.298864764599853,1,RawaPening,110.43105264536109,2019-07-28,"{""type"":""MultiPoint"",""coordinates"":[]}"
8_1499_0,732,318,358,554,309,681,2003,2402,3181,2551,3,floating_plants,RA0018_20190728,-7.2982156082976415,1,RawaPening,110.42926075650145,2019-07-28,"{""type"":""MultiPoint"",""coordinates"":[]}"
8_1500_0,1762,791,401,751,348,1242,3933,4474,4583,4700,3,floating_plants,RA0019_20190728,-7.300269493045311,1,RawaPening,110.42847747574238,2019-07-28,"{""type"":""MultiPoint"",""coordinates"":[]}"
8_1501_0,409,184,284,446,252,477,1169,1410,1769,1370,3,floating_plants,RA0020_20190728,-7.298971183575923,1,RawaPening,110.42632077118671,2019-07-28,"{""type"":""MultiPoint"",""coordinates"":[]}"
8_1502_0,1111,480,328,523,294,926,2638,2965,2780,3187,3,floating_plants,RA0021_20190728,-7.295406134097968,1,RawaPening,110.42651390890812,2019-07-28,"{""type"":""MultiPoint"",""coordinates"":[]}"
8_1503_0,422,200,297,452,246,509,1106,1156,1539,1146,3,floating_plants,RA0023_20190728,-7.295714751444404,1,RawaPening,110.42193225296153,2019-07-28,"{""type"":""MultiPoint"",""coordinates"":[]}"
8_1504_0,540,221,345,505,290,590,1526,1763,2548,1860,3,floating_plants,RA0024_20190728,-7.299673548354887,1,RawaPening,110.43100952980801,2019-07-28,"{""type"":""MultiPoint"",""coordinates"":[]}"
8_1505_0,1289,593,405,702,369,1054,3062,3481,4033,3673,3,floating_plants,RA0025_20190728,-7.301003781330534,1,RawaPening,110.43373491765443,2019-07-28,"{""type"":""MultiPoint"",""coordinates"":[]}"
8_1506_0,714,337,313,440,279,661,1703,1933,1863,2097,3,floating_plants,RA0026_20190728,-7.302185024896051,1,RawaPening,110.43271557968038,2019-07-28,"{""type"":""MultiPoint"",""coordinates"":[]}"
8_1507_0,1259,533,344,590,310,1002,3069,3524,3496,3751,3,floating_plants,RA0027_20190728,-7.298524223878234,1,RawaPening,110.43989386499248,2019-07-28,"{""type"":""MultiPoint"",""coordinates"":[]}"
8_1508_0,1408,577,348,597,318,977,3132,3686,3893,4003,3,floating_plants,RA0028_20190728,-7.29910952837885,1,RawaPening,110.44032305992896,2019-07-28,"{""type"":""MultiPoint"",""coordinates"":[]}"
8_1509_0,1251,498,377,602,320,939,2954,3527,3495,3758,3,floating_plants,RA0029_20190728,-7.299013751331155,1,RawaPening,110.43905693486639,2019-07-28,"{""type"":""MultiPoint"",""coordinates"":[]}"
8_1510_0,1234,567,387,652,350,945,2781,3170,3483,3399,3,floating_plants,RA0030_20190728,-7.2995564876636525,1,RawaPening,110.43832730347445,2019-07-28,"{""type"":""MultiPoint"",""coordinates"":[]}"
8_1511_0,1480,645,402,714,365,1080,3175,3604,3975,3779,3,floating_plants,RA0031_20190728,-7.299662906475122,1,RawaPening,110.43702898879171,2019-07-28,"{""type"":""MultiPoint"",""coordinates"":[]}"
8_1512_0,1410,640,364,566,307,963,2977,3442,3310,3671,3,floating_plants,RA0032_20190728,-7.300492972335835,1,RawaPening,110.43747964347496,2019-07-28,"{""type"":""MultiPoint"",""coordinates"":[]}"
8_1513_0,801,354,354,517,300,741,2058,2318,2417,2425,3,floating_plants,RA0033_20190728,-7.2985667915040935,1,RawaPening,110.43766205132297,2019-07-28,"{""type"":""MultiPoint"",""coordinates"":[]}"
8_1514_0,869,389,340,517,308,808,2332,2747,2457,2807,3,floating_plants,RA0034_20190728,-7.297768647845015,1,RawaPening,110.43729723562696,2019-07-28,"{""type"":""MultiPoint"",""coordinates"":[]}"
8_1515_0,575,279,303,477,292,636,1642,1712,2273,1767,3,floating_plants,RA0035_20190728,-7.297002428592752,1,RawaPening,110.43669636271595,2019-07-28,"{""type"":""MultiPoint"",""coordinates"":[]}"
8_1516_0,666,298,309,488,289,651,1692,1906,2458,1956,3,floating_plants,RA0037_20190728,-7.2975132415733865,1,RawaPening,110.43313404474341,2019-07-28,"{""type"":""MultiPoint"",""coordinates"":[]}"
8_1517_0,422,199,302,423,262,509,1122,1352,1428,1398,3,floating_plants,RA0038_20190728,-7.29760901894233,1,RawaPening,110.43022624904894,2019-07-28,"{""type"":""MultiPoint"",""coordinates"":[]}"
8_1518_0,699,296,331,470,282,680,1772,2017,2285,2200,3,floating_plants,RA0039_20190728,-7.29833266951167,1,RawaPening,110.4301833295553,2019-07-28,"{""type"":""MultiPoint"",""coordinates"":[]}"
8_1519_0,748,345,317,502,272,759,2085,2369,2520,2474,3,floating_plants,RA0040_20190728,-7.299928953393096,1,RawaPening,110.42933566955584,2019-07-28,"{""type"":""MultiPoint"",""coordinates"":[]}"
8_1520_0,1464,632,353,583,314,997,3149,3707,3809,3992,3,floating_plants,RA0041_20190728,-7.30104634872046,1,RawaPening,110.42955026702406,2019-07-28,"{""type"":""MultiPoint"",""coordinates"":[]}"
8_1521_0,1151,545,373,599,345,797,2139,2716,2391,2884,3,floating_plants,RA0042_20190728,-7.302046681216344,1,RawaPening,110.43107390904845,2019-07-28,"{""type"":""MultiPoint"",""coordinates"":[]}"
8_1522_0,1743,765,413,764,359,1165,3568,4163,4216,4481,3,floating_plants,RA0043_20190728,-7.305377559947586,1,RawaPening,110.43290853897726,2019-07-28,"{""type"":""MultiPoint"",""coordinates"":[]}"
8_1523_0,1351,560,350,554,300,968,3162,3751,3682,4071,3,floating_plants,RA0044_20190728,-7.304047339984745,1,RawaPening,110.43114883973783,2019-07-28,"{""type"":""MultiPoint"",""coordinates"":[]}"
8_1524_0,1046,451,336,542,300,861,2536,2958,2878,3149,3,floating_plants,RA0045_20190728,-7.303100220958576,1,RawaPening,110.43311240657208,2019-07-28,"{""type"":""MultiPoint"",""coordinates"":[]}"
8_1525_0,1265,510,329,550,295,911,3068,3655,3606,3949,3,floating_plants,RA0046_20190728,-7.304089907084859,1,RawaPening,110.43562319695033,2019-07-28,"{""type"":""MultiPoint"",""coordinates"":[]}"
8_1526_0,1394,628,392,641,335,985,2926,3406,3297,3704,3,floating_plants,RA0047_20190728,-7.3046752043005165,1,RawaPening,110.43859537188523,2019-07-28,"{""type"":""MultiPoint"",""coordinates"":[]}"
8_1527_0,1359,571,331,537,312,890,3019,3571,3594,3831,3,floating_plants,RA0048_20190728,-7.30552654433688,1,RawaPening,110.4403765308715,2019-07-28,"{""type"":""MultiPoint"",""coordinates"":[]}"
8_1528_0,1489,596,343,577,310,986,3424,4232,4272,4525,3,floating_plants,RA0049_20190728,-7.305824512966492,1,RawaPening,110.43610604125384,2019-07-28,"{""type"":""MultiPoint"",""coordinates"":[]}"
8_1529_0,1985,851,419,796,391,1263,3570,4084,4243,4317,3,floating_plants,RA0050_20190728,-7.306260823815708,1,RawaPening,110.4372219480886,2019-07-28,"{""type"":""MultiPoint"",""coordinates"":[]}"
8_1530_0,1435,581,335,587,321,1004,3256,3978,4068,4388,3,floating_plants,RA0051_20190728,-7.307112160831486,1,RawaPening,110.43402444581204,2019-07-28,"{""type"":""MultiPoint"",""coordinates"":[]}"
8_1531_0,1511,613,353,629,325,1044,3397,4133,4327,4497,3,floating_plants,RA0052_20190728,-7.306548150239854,1,RawaPening,110.43258664277495,2019-07-28,"{""type"":""MultiPoint"",""coordinates"":[]}"
8_1532_0,1278,513,281,566,293,940,3348,4115,4007,4499,3,floating_plants,RA0053_20190728,-7.307559112115489,1,RawaPening,110.4318784711298,2019-07-28,"{""type"":""MultiPoint"",""coordinates"":[]}"
8_1533_0,1280,564,341,572,326,953,3104,3697,4072,4075,3,floating_plants,RA0054_20190728,-7.308229538498897,1,RawaPening,110.43356299901427,2019-07-28,"{""type"":""MultiPoint"",""coordinates"":[]}"
8_1534_0,1244,526,311,554,286,944,3103,3675,3858,3890,3,floating_plants,RA0055_20190728,-7.308548788663214,1,RawaPening,110.43237198306561,2019-07-28,"{""type"":""MultiPoint"",""coordinates"":[]}"
8_1535_0,1401,554,338,585,316,980,3437,4189,4272,4542,3,floating_plants,RA0056_20190728,-7.308197613469889,1,RawaPening,110.4349256929375,2019-07-28,"{""type"":""MultiPoint"",""coordinates"":[]}"
8_1536_0,1805,762,389,739,369,1132,3755,4414,4496,4717,3,floating_plants,RA0057_20190728,-7.306920610440145,1,RawaPening,110.43549437622826,2019-07-28,"{""type"":""MultiPoint"",""coordinates"":[]}"
8_1537_0,1421,554,331,581,310,989,3393,4091,4242,4495,3,floating_plants,RA0058_20190728,-7.307952854838607,1,RawaPening,110.4360845192659,2019-07-28,"{""type"":""MultiPoint"",""coordinates"":[]}"
8_1538_0,1751,788,422,779,378,1196,3190,3713,4003,3986,3,floating_plants,RA0059_20190728,-7.291553719643027,1,RawaPening,110.43225535280814,2019-07-28,"{""type"":""MultiPoint"",""coordinates"":[]}"
8_1539_0,860,373,352,527,287,841,2306,2566,2801,2617,3,floating_plants,RA0060_20190728,-7.29125574150792,1,RawaPening,110.43032397559415,2019-07-28,"{""type"":""MultiPoint"",""coordinates"":[]}"
8_1540_0,661,277,338,533,294,654,1719,1924,2462,2015,3,floating_plants,RA0061_20190728,-7.2922560958912115,1,RawaPening,110.43008791837912,2019-07-28,"{""type"":""MultiPoint"",""coordinates"":[]}"
8_1541_0,955,390,334,536,301,813,2357,2768,2865,2985,3,floating_plants,RA0062_20190728,-7.294725046079785,1,RawaPening,110.42854281660784,2019-07-28,"{""type"":""MultiPoint"",""coordinates"":[]}"
8_1542_0,1012,420,341,538,309,851,2431,2817,2875,2993,3,floating_plants,RA0063_20190728,-7.293682129126751,1,RawaPening,110.4287788738229,2019-07-28,"{""type"":""MultiPoint"",""coordinates"":[]}"
8_1543_0,718,350,314,478,276,669,1842,2230,2415,2370,3,floating_plants,RA0064_20190728,-7.293341584289291,1,RawaPening,110.42399335028152,2019-07-28,"{""type"":""MultiPoint"",""coordinates"":[]}"
8_1544_0,994,451,357,563,308,892,2479,2830,3118,2994,3,floating_plants,RA0065_20190728,-7.2888931935620604,1,RawaPening,110.43214805407406,2019-07-28,"{""type"":""MultiPoint"",""coordinates"":[]}"
8_1545_0,1597,691,422,806,386,1181,3298,3713,4123,3901,3,floating_plants,RA0066_20190728,-7.288169527734214,1,RawaPening,110.43377899483256,2019-07-28,"{""type"":""MultiPoint"",""coordinates"":[]}"
8_1546_0,1606,713,399,661,332,1121,3354,3821,3897,4166,3,floating_plants,RA0067_20190728,-7.290936479000279,1,RawaPening,110.43716963483052,2019-07-28,"{""type"":""MultiPoint"",""coordinates"":[]}"
8_1547_0,922,398,366,576,313,771,2135,2460,3098,2658,3,floating_plants,RA0068_20190728,-7.290979047347768,1,RawaPening,110.43852159888036,2019-07-28,"{""type"":""MultiPoint"",""coordinates"":[]}"
8_1548_0,1175,494,338,568,314,902,2846,3244,3541,3566,3,floating_plants,RA0069_20190728,-7.291149320697332,1,RawaPening,110.44008816039837,2019-07-28,"{""type"":""MultiPoint"",""coordinates"":[]}"
8_1549_0,1104,522,398,611,340,837,2396,2778,3753,3081,3,floating_plants,RA0070_20190728,-7.291936834096802,1,RawaPening,110.43787780647567,2019-07-28,"{""type"":""MultiPoint"",""coordinates"":[]}"
8_1550_0,428,216,335,502,287,556,1256,1444,2121,1494,3,floating_plants,RA0071_20190728,-7.293980105646975,1,RawaPening,110.43777050774153,2019-07-28,"{""type"":""MultiPoint"",""coordinates"":[]}"
8_1551_0,542,274,333,467,289,621,1430,1551,1766,1615,3,floating_plants,RA0072_20190728,-7.294469638071078,1,RawaPening,110.43852159888036,2019-07-28,"{""type"":""MultiPoint"",""coordinates"":[]}"
8_1552_0,1301,540,331,575,306,970,3113,3708,3771,4046,3,floating_plants,RA0073_20190728,-7.292596641554318,1,RawaPening,110.43995940191745,2019-07-28,"{""type"":""MultiPoint"",""coordinates"":[]}"
8_1553_0,1110,459,356,558,299,891,2750,3209,3140,3482,3,floating_plants,RA0074_20190728,-7.294107809809243,1,RawaPening,110.44056027482848,2019-07-28,"{""type"":""MultiPoint"",""coordinates"":[]}"
8_1554_0,1294,546,359,593,324,1004,3168,3732,3722,4071,3,floating_plants,RA0075_20190728,-7.293320300228386,1,RawaPening,110.44266333001707,2019-07-28,"{""type"":""MultiPoint"",""coordinates"":[]}"
8_1555_0,1490,644,384,700,374,1019,3102,3578,3553,3894,3,floating_plants,RA0076_20190728,-7.2922560958912115,1,RawaPening,110.441826399891,2019-07-28,"{""type"":""MultiPoint"",""coordinates"":[]}"
8_1556_0,1004,422,349,547,314,811,2350,2730,2844,2854,3,floating_plants,RA0077_20190728,-7.290915194825001,1,RawaPening,110.44171910115689,2019-07-28,"{""type"":""MultiPoint"",""coordinates"":[]}"
8_1557_0,888,396,331,544,314,793,2170,2545,2858,2710,3,floating_plants,RA0078_20190728,-7.289744563627454,1,RawaPening,110.44096801001808,2019-07-28,"{""type"":""MultiPoint"",""coordinates"":[]}"
8_1558_0,1090,463,361,574,325,850,2643,3116,3331,3355,3,floating_plants,RA0079_20190728,-7.289191173269023,1,RawaPening,110.44210537659968,2019-07-28,"{""type"":""MultiPoint"",""coordinates"":[]}"
8_1559_0,1325,534,371,597,321,980,3307,3898,4070,4207,3,floating_plants,RA0080_20190728,-7.290957763174551,1,RawaPening,110.44392945507963,2019-07-28,"{""type"":""MultiPoint"",""coordinates"":[]}"
8_1560_0,1349,554,348,604,331,984,3261,3926,3978,4219,3,floating_plants,RA0081_20190728,-7.2935969929416915,1,RawaPening,110.44410113305419,2019-07-28,"{""type"":""MultiPoint"",""coordinates"":[]}"
8_1561_0,1317,529,349,602,322,965,3162,3841,3952,4195,3,floating_plants,RA0082_20190728,-7.295065589864686,1,RawaPening,110.44446594875019,2019-07-28,"{""type"":""MultiPoint"",""coordinates"":[]}"
8_1562_0,1464,586,351,611,328,998,3322,4051,4068,4436,3,floating_plants,RA0083_20190728,-7.29625749107132,1,RawaPening,110.44575353355954,2019-07-28,"{""type"":""MultiPoint"",""coordinates"":[]}"
8_1563_0,1231,513,325,579,318,914,2979,3514,3654,3832,3,floating_plants,RA0084_20190728,-7.295193293717245,1,RawaPening,110.44193369862514,2019-07-28,"{""type"":""MultiPoint"",""coordinates"":[]}"
8_1564_0,1104,469,370,567,315,924,2836,3392,3395,3536,3,floating_plants,RA0085_20190728,-7.296704453205365,1,RawaPening,110.44146158419503,2019-07-28,"{""type"":""MultiPoint"",""coordinates"":[]}"
8_1565_0,1418,587,368,624,330,994,3235,3869,3983,4232,3,floating_plants,RA0086_20190728,-7.297470672967929,1,RawaPening,110.44433719026924,2019-07-28,"{""type"":""MultiPoint"",""coordinates"":[]}"
8_1566_0,1364,574,354,605,319,968,3110,3693,3789,4028,3,floating_plants,RA0087_20190728,-7.29857743253054,1,RawaPening,110.44289938723213,2019-07-28,"{""type"":""MultiPoint"",""coordinates"":[]}"
8_1567_0,1379,554,367,604,332,993,3306,4030,4125,4418,3,floating_plants,RA0088_20190728,-7.298109188434336,1,RawaPening,110.44156888292915,2019-07-28,"{""type"":""MultiPoint"",""coordinates"":[]}"
8_1568_0,1285,528,340,569,312,957,3167,3767,3835,4056,3,floating_plants,RA0089_20190728,-7.27422808878561,1,RawaPening,110.43759824885002,2019-07-28,"{""type"":""MultiPoint"",""coordinates"":[]}"
8_1569_0,1600,666,357,612,320,1099,3389,3801,3894,4019,3,floating_plants,RA0091_20190728,-7.274632502994876,1,RawaPening,110.44126786555668,2019-07-28,"{""type"":""MultiPoint"",""coordinates"":[]}"
8_1570_0,1418,573,334,581,312,950,3149,3771,3880,4116,3,floating_plants,RA0092_20190728,-7.272589143259906,1,RawaPening,110.4435640584667,2019-07-28,"{""type"":""MultiPoint"",""coordinates"":[]}"
8_1571_0,1266,518,333,572,306,995,3011,3570,3771,3903,3,floating_plants,RA0093_20190728,-7.275271051004477,1,RawaPening,110.44354259871989,2019-07-28,"{""type"":""MultiPoint"",""coordinates"":[]}"
8_1572_0,1366,552,332,613,309,1019,3293,4004,4011,4395,3,floating_plants,RA0094_20190728,-7.2773143985295015,1,RawaPening,110.4423408528978,2019-07-28,"{""type"":""MultiPoint"",""coordinates"":[]}"
8_1573_0,1354,542,368,636,322,1032,3422,4067,4091,4371,3,floating_plants,RA0095_20190728,-7.276697138278824,1,RawaPening,110.43796306454598,2019-07-28,"{""type"":""MultiPoint"",""coordinates"":[]}"
8_1574_0,1363,562,341,612,331,1017,3246,3825,3812,4158,3,floating_plants,RA0096_20190728,-7.279591868658697,1,RawaPening,110.43976568327912,2019-07-28,"{""type"":""MultiPoint"",""coordinates"":[]}"
8_1575_0,1387,556,362,631,321,1016,3505,4211,4228,4472,3,floating_plants,RA0097_20190728,-7.280358117691256,1,RawaPening,110.4412893253035,2019-07-28,"{""type"":""MultiPoint"",""coordinates"":[]}"
8_1576_0,1520,636,404,707,357,1080,3288,3852,4035,4252,3,floating_plants,RA0098_20190728,-7.280570964412416,1,RawaPening,110.44324216226437,2019-07-28,"{""type"":""MultiPoint"",""coordinates"":[]}"
8_1577_0,1224,504,340,569,309,930,2841,3372,3366,3668,3,floating_plants,RA0099_20190728,-7.278974611541603,1,RawaPening,110.44401471314995,2019-07-28,"{""type"":""MultiPoint"",""coordinates"":[]}"
8_1578_0,1310,537,344,589,304,1011,3150,3695,3748,3992,3,floating_plants,RA0100_20190728,-7.28152877340747,1,RawaPening,110.4449160225165,2019-07-28,"{""type"":""MultiPoint"",""coordinates"":[]}"
8_1579_0,1230,498,334,581,307,962,3047,3603,3689,3853,3,floating_plants,RA0101_20190728,-7.282550434080563,1,RawaPening,110.44158976175903,2019-07-28,"{""type"":""MultiPoint"",""coordinates"":[]}"
8_1580_0,1355,563,349,608,333,1011,3330,3964,4095,4289,3,floating_plants,RA0102_20190728,-7.277782664731858,1,RawaPening,110.44053820719357,2019-07-28,"{""type"":""MultiPoint"",""coordinates"":[]}"
8_1581_0,1356,546,392,586,318,1022,3275,3847,3902,4136,3,floating_plants,RA0103_20190728,-7.278208360517355,1,RawaPening,110.43903602491599,2019-07-28,"{""type"":""MultiPoint"",""coordinates"":[]}"
8_1582_0,1226,541,361,568,331,963,2803,3237,3130,3456,3,floating_plants,RA0104_20190728,-7.2836572308875835,1,RawaPening,110.44309191706544,2019-07-28,"{""type"":""MultiPoint"",""coordinates"":[]}"
8_1583_0,1100,466,371,560,325,945,2884,3380,3093,3661,3,floating_plants,RA0105_20190728,-7.2842744815587865,1,RawaPening,110.44234082592665,2019-07-28,"{""type"":""MultiPoint"",""coordinates"":[]}"
8_1584_0,1887,924,404,677,493,1116,2727,3253,3242,3669,1,LEV,RA0106_20190728,-7.294405785774308,0,RawaPening,110.45085914208725,2019-07-28,"{""type"":""MultiPoint"",""coordinates"":[]}"
8_1585_0,2463,1442,517,766,663,1228,2497,2999,3018,3403,1,LEV,RA0107_20190728,-7.292894618525253,0,RawaPening,110.4523613243648,2019-07-28,"{""type"":""MultiPoint"",""coordinates"":[]}"
8_1586_0,2268,1329,587,848,707,1138,2451,2731,2681,2978,1,LEV,RA0108_20190728,-7.29183041317628,0,RawaPening,110.45517255119857,2019-07-28,"{""type"":""MultiPoint"",""coordinates"":[]}"
8_1587_0,1579,840,450,741,484,1126,2734,3322,3309,3600,1,LEV,RA0109_20190728,-7.29449092180553,0,RawaPening,110.4553013096795,2019-07-28,"{""type"":""MultiPoint"",""coordinates"":[]}"
8_1588_0,851,402,618,764,728,1074,1470,1589,1444,1687,1,LEV,RA0110_20190728,-7.297449388831543,0,RawaPening,110.45375620790827,2019-07-28,"{""type"":""MultiPoint"",""coordinates"":[]}"
8_1589_0,2178,1488,594,767,957,1235,2099,2498,2048,2833,1,LEV,RA0111_20190728,-7.298109188780075,0,RawaPening,110.45017283475609,2019-07-28,"{""type"":""MultiPoint"",""coordinates"":[]}"
8_1590_0,1952,1410,650,891,960,1287,1773,1865,1801,2028,1,LEV,RA0112_20190728,-7.298896689933608,0,RawaPening,110.45266216538751,2019-07-28,"{""type"":""MultiPoint"",""coordinates"":[]}"
8_1591_0,2820,2001,506,646,784,1038,1275,1508,1656,1843,1,LEV,RA0113_20190728,-7.300429120636895,0,RawaPening,110.45249048741292,2019-07-28,"{""type"":""MultiPoint"",""coordinates"":[]}"
8_1592_0,1829,1157,508,687,662,1075,1777,2033,1957,2283,1,LEV,RA0114_20190728,-7.302216949820889,0,RawaPening,110.45588112741089,2019-07-28,"{""type"":""MultiPoint"",""coordinates"":[]}"
8_1593_0,1740,1045,430,669,462,1173,2443,2885,3098,3139,1,LEV,RA0115_20190728,-7.299066960271022,0,RawaPening,110.4550441972848,2019-07-28,"{""type"":""MultiPoint"",""coordinates"":[]}"
8_1594_0,1531,760,313,479,324,739,2161,2599,2774,2864,1,LEV,RA0116_20190728,-7.301195334019546,0,RawaPening,110.4609670874078,2019-07-28,"{""type"":""MultiPoint"",""coordinates"":[]}"
8_1595_0,1827,923,379,561,451,822,2221,2806,2710,3072,1,LEV,RA0117_20190728,-7.296534182314612,0,RawaPening,110.4602803755095,2019-07-28,"{""type"":""MultiPoint"",""coordinates"":[]}"
8_1596_0,1843,939,369,620,380,828,2397,2892,3204,3165,1,LEV,RA0118_20190728,-7.30138688716007,0,RawaPening,110.46607450715157,2019-07-28,"{""type"":""MultiPoint"",""coordinates"":[]}"
8_1597_0,1464,715,338,461,305,746,2052,2536,2584,2825,1,LEV,RA0119_20190728,-7.302195666182146,0,RawaPening,110.46339203879876,2019-07-28,"{""type"":""MultiPoint"",""coordinates"":[]}"
8_1598_0,2410,1487,478,700,573,1190,2096,2314,2809,2601,1,LEV,RA0120_20190728,-7.297428105583512,0,RawaPening,110.46890719373215,2019-07-28,"{""type"":""MultiPoint"",""coordinates"":[]}"
8_1599_0,1805,851,486,665,460,1050,2621,2996,3178,3253,1,LEV,RA0121_20190728,-7.293384152753913,0,RawaPening,110.4675337699355,2019-07-28,"{""type"":""MultiPoint"",""coordinates"":[]}"
8_1600_0,1815,833,372,562,351,914,2746,3354,3413,3640,1,LEV,RA0122_20190728,-7.294788898404951,0,RawaPening,110.4635422570265,2019-07-28,"{""type"":""MultiPoint"",""coordinates"":[]}"
8_1601_0,413,267,604,780,742,999,1155,1309,1352,1267,1,LEV,RA0123_20190728,-7.301578440412409,0,RawaPening,110.45356398305637,2019-07-28,"{""type"":""MultiPoint"",""coordinates"":[]}"
8_1602_0,1899,1269,469,633,597,1058,1954,2199,2307,2419,1,LEV,RA0124_20190728,-7.304302742339826,0,RawaPening,110.4486282558101,2019-07-28,"{""type"":""MultiPoint"",""coordinates"":[]}"
8_1603_0,1957,1239,541,767,761,1131,1677,1787,1746,1988,1,LEV,RA0125_20190728,-7.305260500564844,0,RawaPening,110.44334915809176,2019-07-28,"{""type"":""MultiPoint"",""coordinates"":[]}"
8_1604_0,801,462,388,530,465,622,841,891,1275,994,1,LEV,RA0126_20190728,-7.304962531559214,0,RawaPening,110.4301299540491,2019-07-28,"{""type"":""MultiPoint"",""coordinates"":[]}"
8_1605_0,1021,676,371,553,585,916,1192,1332,1287,1419,1,LEV,RA0127_20190728,-7.309325629296006,0,RawaPening,110.42794105987319,2019-07-28,"{""type"":""MultiPoint"",""coordinates"":[]}"
8_1606_0,1299,683,334,486,349,796,1712,1885,1908,2119,1,LEV,RA0128_20190728,-7.306409807725693,0,RawaPening,110.4225117439271,2019-07-28,"{""type"":""MultiPoint"",""coordinates"":[]}"
8_1607_0,1735,1235,363,619,456,1157,2347,2772,2812,2888,1,LEV,RA0129_20190728,-7.3101982437301265,0,RawaPening,110.42373494949598,2019-07-28,"{""type"":""MultiPoint"",""coordinates"":[]}"
8_1608_0,1803,823,364,698,379,1171,3433,3817,4019,4166,1,LEV,RA0130_20190728,-7.310709041632235,0,RawaPening,110.431589216833,2019-07-28,"{""type"":""MultiPoint"",""coordinates"":[]}"
8_1609_0,1661,854,469,672,678,1185,1957,2168,2487,2342,1,LEV,RA0131_20190728,-7.311815768415782,0,RawaPening,110.436310361134,2019-07-28,"{""type"":""MultiPoint"",""coordinates"":[]}"
8_1610_0,1612,854,549,789,888,1177,1578,1708,1917,1864,1,LEV,RA0132_20190728,-7.308750979835259,0,RawaPening,110.43948640366372,2019-07-28,"{""type"":""MultiPoint"",""coordinates"":[]}"
8_1611_0,1969,1091,536,941,565,1393,3036,3342,3669,3548,1,LEV,RA0133_20190728,-7.3124542633893785,0,RawaPening,110.4430916411299,2019-07-28,"{""type"":""MultiPoint"",""coordinates"":[]}"
8_1612_0,2381,1443,564,935,634,1342,2741,2959,3244,3146,1,LEV,RA0134_20190728,-7.3090276630012525,0,RawaPening,110.44313456062353,2019-07-28,"{""type"":""MultiPoint"",""coordinates"":[]}"
8_1613_0,867,442,527,634,648,863,966,1064,1104,1213,1,LEV,RA0135_20190728,-7.312581962274509,0,RawaPening,110.44903599099976,2019-07-28,"{""type"":""MultiPoint"",""coordinates"":[]}"
8_1614_0,1746,1485,1214,1294,1332,1483,1744,1781,1686,1827,1,LEV,RA0136_20190728,-7.308495579837668,0,RawaPening,110.44568827049541,2019-07-28,"{""type"":""MultiPoint"",""coordinates"":[]}"
8_1615_0,1310,772,490,653,584,1022,1603,1766,2106,1978,1,LEV,RA0137_20190728,-7.308091196209512,0,RawaPening,110.44957248467031,2019-07-28,"{""type"":""MultiPoint"",""coordinates"":[]}"
8_1616_0,652,361,415,556,509,750,1054,1156,1278,1245,1,LEV,RA0138_20190728,-7.306580075201853,0,RawaPening,110.45189013732714,2019-07-28,"{""type"":""MultiPoint"",""coordinates"":[]}"
8_1617_0,1673,725,298,498,284,768,2924,3685,3892,3957,1,LEV,RA0139_20190728,-7.31190090113167,0,RawaPening,110.4213529175987,2019-07-28,"{""type"":""MultiPoint"",""coordinates"":[]}"
8_1618_0,1418,622,288,450,258,680,2165,2695,2707,2960,1,LEV,RA0140_20190728,-7.306324673919306,0,RawaPening,110.4156241714282,2019-07-28,"{""type"":""MultiPoint"",""coordinates"":[]}"
8_1619_0,2089,1664,857,1050,1094,1108,1650,1867,2046,2036,1,LEV,RA0141_20190728,-7.300471688013526,0,RawaPening,110.40727735066832,2019-07-28,"{""type"":""MultiPoint"",""coordinates"":[]}"
8_1620_0,1950,1750,705,788,854,1158,1354,1501,1562,1701,1,LEV,RA0142_20190728,-7.300599390322956,0,RawaPening,110.41210579370342,2019-07-28,"{""type"":""MultiPoint"",""coordinates"":[]}"
8_1621_0,1241,693,397,647,511,990,1692,1903,1968,2096,1,LEV,RA0143_20190728,-7.298173040208668,0,RawaPening,110.41463804382842,2019-07-28,"{""type"":""MultiPoint"",""coordinates"":[]}"
8_1622_0,2428,2031,739,934,1019,1298,1727,1926,2136,2106,1,LEV,RA0144_20190728,-7.295597689287685,0,RawaPening,110.40965938256564,2019-07-28,"{""type"":""MultiPoint"",""coordinates"":[]}"
8_1623_0,2248,1977,678,768,965,994,1190,1376,1377,1603,1,LEV,RA0145_20190728,-7.295618973240349,0,RawaPening,110.40287810256972,2019-07-28,"{""type"":""MultiPoint"",""coordinates"":[]}"
8_1624_0,1760,1037,456,698,719,1295,2030,2153,2108,2404,1,LEV,RA0146_20190728,-7.293873685761737,0,RawaPening,110.39910118712896,2019-07-28,"{""type"":""MultiPoint"",""coordinates"":[]}"
8_1625_0,325,173,503,766,785,996,1000,1057,1156,938,1,LEV,RA0147_20190728,-7.282635573246285,0,RawaPening,110.41114010924576,2019-07-28,"{""type"":""MultiPoint"",""coordinates"":[]}"
8_1626_0,659,424,488,662,680,922,1067,1096,1042,1239,1,LEV,RA0148_20190728,-7.283401817077773,0,RawaPening,110.40796406671602,2019-07-28,"{""type"":""MultiPoint"",""coordinates"":[]}"
8_1627_0,1601,983,505,828,659,1547,2277,2463,2099,2583,1,LEV,RA0149_20190728,-7.280847665880287,0,RawaPening,110.41755657354572,2019-07-28,"{""type"":""MultiPoint"",""coordinates"":[]}"
8_1628_0,2027,1493,828,1148,1308,1567,1999,2083,1885,2130,1,LEV,RA0150_20190728,-7.281975751119809,0,RawaPening,110.4198527664557,2019-07-28,"{""type"":""MultiPoint"",""coordinates"":[]}"
8_1629_0,1731,808,354,664,388,994,2643,3010,3259,3319,1,LEV,RA0151_20190728,-7.2848065940338405,0,RawaPening,110.41908021557012,2019-07-28,"{""type"":""MultiPoint"",""coordinates"":[]}"
8_1630_0,965,511,472,741,612,1049,1816,1968,2101,1947,1,LEV,RA0152_20190728,-7.284593749323479,0,RawaPening,110.42073261607543,2019-07-28,"{""type"":""MultiPoint"",""coordinates"":[]}"
8_1631_0,1163,675,503,792,670,1083,1444,1490,1508,1526,1,LEV,RA0153_20190728,-7.2827632806424525,0,RawaPening,110.42105451227779,2019-07-28,"{""type"":""MultiPoint"",""coordinates"":[]}"
8_1632_0,1482,1010,468,631,531,1021,1574,1857,1526,1808,1,LEV,RA0154_20190728,-7.2822098816629115,0,RawaPening,110.42438077303527,2019-07-28,"{""type"":""MultiPoint"",""coordinates"":[]}"
8_1633_0,1486,1040,729,999,1040,1173,1389,1443,1679,1628,1,LEV,RA0155_20190728,-7.280911519837548,0,RawaPening,110.42197728139115,2019-07-28,"{""type"":""MultiPoint"",""coordinates"":[]}"
8_1634_0,965,562,524,742,705,1097,1241,1279,1289,1320,1,LEV,RA0156_20190728,-7.278868188224572,0,RawaPening,110.41826518710269,2019-07-28,"{""type"":""MultiPoint"",""coordinates"":[]}"
8_1635_0,1997,1471,495,703,731,1223,1562,1695,1580,1883,1,LEV,RA0157_20190728,-7.277165405163333,0,RawaPening,110.41620505140772,2019-07-28,"{""type"":""MultiPoint"",""coordinates"":[]}"
8_1637_0,755,361,577,774,813,1113,1211,1240,1217,1269,1,LEV,RA0159_20190728,-7.279889854958872,0,RawaPening,110.41019632229741,2019-07-28,"{""type"":""MultiPoint"",""coordinates"":[]}"
8_1638_0,694,376,568,762,822,1059,1129,1196,1221,1148,1,LEV,RA0160_20190728,-7.279655723204462,0,RawaPening,110.40530350002187,2019-07-28,"{""type"":""MultiPoint"",""coordinates"":[]}"
8_1639_0,2038,1510,543,754,777,1060,1985,2230,2147,2457,1,LEV,RA0161_20190728,-7.274760212387643,0,RawaPening,110.4126643301124,2019-07-28,"{""type"":""MultiPoint"",""coordinates"":[]}"
8_1640_0,1420,743,359,585,418,854,2360,2976,2852,3152,1,LEV,RA0162_20190728,-7.27048191851105,0,RawaPening,110.41290038732747,2019-07-28,"{""type"":""MultiPoint"",""coordinates"":[]}"
8_1641_0,1710,1053,379,596,420,1001,2373,3063,3164,3285,1,LEV,RA0163_20190728,-7.272248582118032,0,RawaPening,110.4064410035339,2019-07-28,"{""type"":""MultiPoint"",""coordinates"":[]}"
8_1642_0,2702,1920,747,1008,1212,1549,1993,2211,2229,2488,1,LEV,RA0164_20190728,-7.268566251324642,0,RawaPening,110.42114093010734,2019-07-28,"{""type"":""MultiPoint"",""coordinates"":[]}"
8_1643_0,1701,1105,681,971,969,1441,2086,2188,2365,2219,1,LEV,RA0165_20190728,-7.271482319238444,0,RawaPening,110.42536850023134,2019-07-28,"{""type"":""MultiPoint"",""coordinates"":[]}"
8_1644_0,773,335,390,582,312,786,2371,2971,3437,3269,3,floating_plants,RA0166_20190728,-7.278548916960888,1,RawaPening,110.43461473304153,2019-07-28,"{""type"":""MultiPoint"",""coordinates"":[]}"
8_1645_0,723,347,352,570,327,800,2198,2548,3226,2834,3,floating_plants,RA0167_20190728,-7.276952556894274,1,RawaPening,110.42852016494393,2019-07-28,"{""type"":""MultiPoint"",""coordinates"":[]}"
8_1646_0,1260,541,368,610,327,1010,3168,3698,3825,4010,3,floating_plants,RA0168_20190728,-7.282497223396124,1,RawaPening,110.43343436397818,2019-07-28,"{""type"":""MultiPoint"",""coordinates"":[]}"
8_1647_0,1147,501,348,566,322,945,2951,3378,3476,3681,3,floating_plants,RA0169_20190728,-7.283731727083095,1,RawaPening,110.43261889359891,2019-07-28,"{""type"":""MultiPoint"",""coordinates"":[]}"
8_1648_0,1336,542,386,660,356,1069,3223,3828,4002,4027,3,floating_plants,RA0170_20190728,-7.283859434167008,1,RawaPening,110.43510822423033,2019-07-28,"{""type"":""MultiPoint"",""coordinates"":[]}"
8_1649_0,1209,512,355,602,327,967,3225,3836,4013,3979,3,floating_plants,RA0171_20190728,-7.2847427408062115,1,RawaPening,110.42643846680437,2019-07-28,"{""type"":""MultiPoint"",""coordinates"":[]}"
8_1650_0,859,444,394,642,416,788,1787,2102,2634,2226,3,floating_plants,RA0172_20190728,-7.285998522718724,1,RawaPening,110.43405667692635,2019-07-28,"{""type"":""MultiPoint"",""coordinates"":[]}"
8_1651_0,551,253,328,462,274,624,1535,1743,1716,1853,3,floating_plants,RA0173_20190728,-7.286966962298757,1,RawaPening,110.44112766350436,2019-07-28,"{""type"":""MultiPoint"",""coordinates"":[]}"
8_1652_0,901,420,367,586,343,827,2072,2317,2496,2402,3,floating_plants,RA0174_20190728,-7.28713723717341,1,RawaPening,110.4395503721129,2019-07-28,"{""type"":""MultiPoint"",""coordinates"":[]}"
8_1653_0,1421,592,353,607,334,1021,3303,3995,3991,4339,3,floating_plants,RA0175_20190728,-7.272897776340177,1,RawaPening,110.43834833272032,2019-07-28,"{""type"":""MultiPoint"",""coordinates"":[]}"
8_1654_0,1788,773,422,781,350,1156,4110,4715,4988,4810,3,floating_plants,RA0176_20190728,-7.274313228673395,1,RawaPening,110.43874533803655,2019-07-28,"{""type"":""MultiPoint"",""coordinates"":[]}"
8_1655_0,1059,457,390,585,326,862,2617,3168,3344,3479,3,floating_plants,RA0177_20190728,-7.272003804146102,1,RawaPening,110.43596630082304,2019-07-28,"{""type"":""MultiPoint"",""coordinates"":[]}"
8_1656_0,1189,472,372,608,314,943,3451,4161,3928,4482,3,floating_plants,RA0178_20190728,-7.273930099159096,1,RawaPening,110.43020435880116,2019-07-28,"{""type"":""MultiPoint"",""coordinates"":[]}"
8_1657_0,1131,493,381,615,316,898,2958,3529,4203,3776,3,floating_plants,RA0179_20190728,-7.272227297361515,1,RawaPening,110.43040822639601,2019-07-28,"{""type"":""MultiPoint"",""coordinates"":[]}"
8_1658_0,1115,459,359,586,317,956,3046,3474,3231,3489,3,floating_plants,RA0180_20190728,-7.271737740649399,1,RawaPening,110.43495769272236,2019-07-28,"{""type"":""MultiPoint"",""coordinates"":[]}"
8_1659_0,774,336,348,549,321,834,2396,2840,2901,2680,3,floating_plants,RA0181_20190728,-7.274930492203046,1,RawaPening,110.42886312462475,2019-07-28,"{""type"":""MultiPoint"",""coordinates"":[]}"
8_1660_0,1357,570,321,564,300,930,3004,3567,3651,3958,3,floating_plants,RA0182_20190728,-7.271322681150814,1,RawaPening,110.44431342656432,2019-07-28,"{""type"":""MultiPoint"",""coordinates"":[]}"
8_1661_0,714,322,358,583,331,701,1973,2453,3089,2477,3,floating_plants,RA0183_20190728,-7.275888313111861,1,RawaPening,110.43473164960805,2019-07-28,"{""type"":""MultiPoint"",""coordinates"":[]}"
8_1662_0,1249,552,373,623,332,993,3207,3645,3958,3904,3,floating_plants,RA0184_20190728,-7.271365251360263,1,RawaPening,110.438068640239,2019-07-28,"{""type"":""MultiPoint"",""coordinates"":[]}"
8_1663_0,1078,430,348,555,315,901,2940,3513,3718,3914,3,floating_plants,RA0185_20190728,-7.275239123817438,1,RawaPening,110.43017191814185,2019-07-28,"{""type"":""MultiPoint"",""coordinates"":[]}"
8_1664_0,102,61,597,873,771,923,629,660,556,447,2,open_water,RA0186_20190728,-7.280954088625697,0,RawaPening,110.40629036206664,2019-07-28,"{""type"":""MultiPoint"",""coordinates"":[]}"
8_1665_0,188,132,421,604,518,667,479,501,345,389,2,open_water,RA0187_20190728,-7.282614288165071,0,RawaPening,110.40607576459841,2019-07-28,"{""type"":""MultiPoint"",""coordinates"":[]}"
8_1666_0,143,100,469,647,685,793,555,584,474,405,2,open_water,RA0188_20190728,-7.28495558475927,0,RawaPening,110.407577946876,2019-07-28,"{""type"":""MultiPoint"",""coordinates"":[]}"
8_1667_0,116,71,550,812,661,751,485,488,371,351,2,open_water,RA0189_20190728,-7.283295393890038,0,RawaPening,110.4177927863635,2019-07-28,"{""type"":""MultiPoint"",""coordinates"":[]}"
8_1668_0,136,81,401,523,399,460,320,363,269,282,2,open_water,RA0190_20190728,-7.2851258603981845,0,RawaPening,110.41264244712612,2019-07-28,"{""type"":""MultiPoint"",""coordinates"":[]}"
8_1669_0,83,60,296,396,263,322,272,301,251,225,2,open_water,RA0191_20190728,-7.288403653836587,0,RawaPening,110.41629060408594,2019-07-28,"{""type"":""MultiPoint"",""coordinates"":[]}"
8_1670_0,84,86,311,362,237,307,252,244,217,213,2,open_water,RA0192_20190728,-7.290830056908689,0,RawaPening,110.41830782028725,2019-07-28,"{""type"":""MultiPoint"",""coordinates"":[]}"
8_1671_0,64,35,325,372,260,328,206,217,168,157,2,open_water,RA0193_20190728,-7.287296869123092,0,RawaPening,110.4211834263615,2019-07-28,"{""type"":""MultiPoint"",""coordinates"":[]}"
8_1672_0,53,37,320,372,258,313,185,208,169,153,2,open_water,RA0194_20190728,-7.288063104985178,0,RawaPening,110.42581873167515,2019-07-28,"{""type"":""MultiPoint"",""coordinates"":[]}"
8_1673_0,61,53,348,403,276,322,211,204,175,156,2,open_water,RA0195_20190728,-7.2804432567616,0,RawaPening,110.43444554989775,2019-07-28,"{""type"":""MultiPoint"",""coordinates"":[]}"
8_1674_0,57,43,342,441,323,365,246,232,185,177,2,open_water,RA0196_20190728,-7.278442493025214,0,RawaPening,110.42976732509048,2019-07-28,"{""type"":""MultiPoint"",""coordinates"":[]}"
8_1675_0,317,171,435,574,409,495,582,576,437,428,2,open_water,RA0197_20190728,-7.279038466135268,0,RawaPening,110.44946737267354,2019-07-28,"{""type"":""MultiPoint"",""coordinates"":[]}"
8_1676_0,175,89,384,450,257,397,562,639,642,565,2,open_water,RA0198_20190728,-7.300365267911527,0,RawaPening,110.44603381318197,2019-07-28,"{""type"":""MultiPoint"",""coordinates"":[]}"
8_1677_0,170,95,373,458,260,362,402,413,402,367,2,open_water,RA0199_20190728,-7.300450402808792,0,RawaPening,110.44908109723073,2019-07-28,"{""type"":""MultiPoint"",""coordinates"":[]}"
8_1678_0,145,73,279,311,261,298,390,407,365,372,2,open_water,RA0200_20190728,-7.276739707360971,0,RawaPening,110.44161336674914,2019-07-28,"{""type"":""MultiPoint"",""coordinates"":[]}"
8_1679_0,217,131,372,476,351,504,572,590,523,588,2,open_water,RA0201_20190728,-7.277378253021681,0,RawaPening,110.44925036439997,2019-07-28,"{""type"":""MultiPoint"",""coordinates"":[]}"
8_1680_0,207,116,414,517,380,452,473,456,377,332,2,open_water,RA0202_20190728,-7.272887133832496,0,RawaPening,110.44757650414783,2019-07-28,"{""type"":""MultiPoint"",""coordinates"":[]}"
8_1681_0,109,51,347,436,297,393,302,341,291,289,2,open_water,RA0203_20190728,-7.272163442176432,0,RawaPening,110.43774794010315,2019-07-28,"{""type"":""MultiPoint"",""coordinates"":[]}"
8_1682_0,117,64,441,552,458,534,357,333,305,244,2,open_water,RA0204_20190728,-7.272972273950654,0,RawaPening,110.42435705808587,2019-07-28,"{""type"":""MultiPoint"",""coordinates"":[]}"
8_1683_0,72,70,333,388,285,335,222,166,161,157,2,open_water,RA0205_20190728,-7.276079877211024,0,RawaPening,110.42163167023944,2019-07-28,"{""type"":""MultiPoint"",""coordinates"":[]}"
8_1684_0,54,43,334,393,284,337,209,206,160,169,2,open_water,RA0206_20190728,-7.275952167911931,0,RawaPening,110.42431413859222,2019-07-28,"{""type"":""MultiPoint"",""coordinates"":[]}"
8_1685_0,71,47,359,420,307,349,213,209,176,157,2,open_water,RA0207_20190728,-7.2745047933159235,0,RawaPening,110.42650303276814,2019-07-28,"{""type"":""MultiPoint"",""coordinates"":[]}"
8_1686_0,80,39,322,372,260,316,255,261,217,221,2,open_water,RA0208_20190728,-7.2816351965348645,0,RawaPening,110.43111687833498,2019-07-28,"{""type"":""MultiPoint"",""coordinates"":[]}"
8_1687_0,76,43,335,402,280,333,228,235,211,183,2,open_water,RA0209_20190728,-7.279315167329433,0,RawaPening,110.43759772187538,2019-07-28,"{""type"":""MultiPoint"",""coordinates"":[]}"
8_1688_0,53,48,359,413,283,331,215,226,172,148,2,open_water,RA0210_20190728,-7.2767397080105285,0,RawaPening,110.43418562213057,2019-07-28,"{""type"":""MultiPoint"",""coordinates"":[]}"
8_1689_0,58,45,330,390,278,343,231,247,205,173,2,open_water,RA0211_20190728,-7.275675464305925,0,RawaPening,110.43156753301822,2019-07-28,"{""type"":""MultiPoint"",""coordinates"":[]}"
8_1690_0,69,46,314,362,252,287,213,197,159,156,2,open_water,RA0212_20190728,-7.281869327255799,0,RawaPening,110.43806983630547,2019-07-28,"{""type"":""MultiPoint"",""coordinates"":[]}"
8_1691_0,65,36,284,337,242,288,188,186,151,129,2,open_water,RA0213_20190728,-7.2829548408191265,0,RawaPening,110.43603116035735,2019-07-28,"{""type"":""MultiPoint"",""coordinates"":[]}"
8_1692_0,70,41,308,314,240,267,173,175,146,159,2,open_water,RA0214_20190728,-7.285296136418104,0,RawaPening,110.43989361602809,2019-07-28,"{""type"":""MultiPoint"",""coordinates"":[]}"
8_1693_0,64,39,320,318,232,284,193,189,148,139,2,open_water,RA0215_20190728,-7.2862539353175695,0,RawaPening,110.43701800995385,2019-07-28,"{""type"":""MultiPoint"",""coordinates"":[]}"
8_1694_0,55,46,325,351,253,282,205,220,183,180,2,open_water,RA0216_20190728,-7.287935399544874,0,RawaPening,110.43568750565089,2019-07-28,"{""type"":""MultiPoint"",""coordinates"":[]}"
8_1695_0,58,36,299,371,252,317,190,184,152,135,2,open_water,RA0217_20190728,-7.288978329881925,0,RawaPening,110.42386318515167,2019-07-28,"{""type"":""MultiPoint"",""coordinates"":[]}"
8_1696_0,63,45,285,343,232,299,202,195,166,147,2,open_water,RA0218_20190728,-7.295193293595302,0,RawaPening,110.43706090040169,2019-07-28,"{""type"":""MultiPoint"",""coordinates"":[]}"
8_1697_0,85,65,287,337,244,277,249,302,259,241,2,open_water,RA0219_20190728,-7.296704453083461,0,RawaPening,110.44032278191871,2019-07-28,"{""type"":""MultiPoint"",""coordinates"":[]}"
8_1698_0,55,43,282,336,202,261,192,180,146,143,2,open_water,RA0220_20190728,-7.298151755977781,0,RawaPening,110.43504368420038,2019-07-28,"{""type"":""MultiPoint"",""coordinates"":[]}"
8_1699_0,64,46,303,345,226,288,250,248,269,214,2,open_water,RA0221_20190728,-7.2946824779665125,0,RawaPening,110.43294062901174,2019-07-28,"{""type"":""MultiPoint"",""coordinates"":[]}"
8_1700_0,68,48,322,340,237,283,239,225,194,221,2,open_water,RA0222_20190728,-7.293682129004834,0,RawaPening,110.43122384926593,2019-07-28,"{""type"":""MultiPoint"",""coordinates"":[]}"
8_1701_0,64,44,306,328,240,280,201,225,184,148,2,open_water,RA0223_20190728,-7.292107106960212,0,RawaPening,110.42796196774893,2019-07-28,"{""type"":""MultiPoint"",""coordinates"":[]}"
8_1702_0,64,42,293,354,218,286,233,226,205,164,2,open_water,RA0224_20190728,-7.290574647761229,0,RawaPening,110.42854138091312,2019-07-28,"{""type"":""MultiPoint"",""coordinates"":[]}"
8_1703_0,56,37,283,300,222,262,172,164,134,120,2,open_water,RA0225_20190728,-7.292617925797558,0,RawaPening,110.42214737014297,2019-07-28,"{""type"":""MultiPoint"",""coordinates"":[]}"
8_1704_0,85,52,282,348,219,296,242,238,234,204,2,open_water,RA0226_20190728,-7.295214577837015,0,RawaPening,110.41886402887909,2019-07-28,"{""type"":""MultiPoint"",""coordinates"":[]}"
8_1705_0,81,63,273,335,226,288,259,263,200,223,2,open_water,RA0227_20190728,-7.2968534406320895,0,RawaPening,110.41873527039819,2019-07-28,"{""type"":""MultiPoint"",""coordinates"":[]}"
8_1706_0,66,43,254,286,192,234,180,226,217,192,2,open_water,RA0228_20190728,-7.299535203166821,0,RawaPening,110.42515173469809,2019-07-28,"{""type"":""MultiPoint"",""coordinates"":[]}"
8_1707_0,78,52,259,330,234,290,199,190,169,169,2,open_water,RA0229_20190728,-7.3013443196047545,0,RawaPening,110.42287700153491,2019-07-28,"{""type"":""MultiPoint"",""coordinates"":[]}"
8_1708_0,79,39,280,325,224,259,236,250,191,222,2,open_water,RA0230_20190728,-7.29998216202623,0,RawaPening,110.43360687494616,2019-07-28,"{""type"":""MultiPoint"",""coordinates"":[]}"
8_1709_0,207,105,475,728,610,743,607,685,601,578,2,open_water,RA0231_20190728,-7.3083465967021235,0,RawaPening,110.4383492217307,2019-07-28,"{""type"":""MultiPoint"",""coordinates"":[]}"
8_1710_0,84,45,270,312,218,261,227,264,201,208,2,open_water,RA0232_20190728,-7.30606927284258,0,RawaPening,110.4295507255335,2019-07-28,"{""type"":""MultiPoint"",""coordinates"":[]}"
8_1711_0,71,45,251,284,199,221,153,158,111,142,2,open_water,RA0233_20190728,-7.3073037115154635,0,RawaPening,110.4248725007262,2019-07-28,"{""type"":""MultiPoint"",""coordinates"":[]}"
8_1712_0,68,42,245,284,188,209,133,121,103,95,2,open_water,RA0234_20190728,-7.305452052227389,0,RawaPening,110.4261171660419,2019-07-28,"{""type"":""MultiPoint"",""coordinates"":[]}"
8_1713_0,80,53,273,338,230,291,171,163,155,127,2,open_water,RA0235_20190728,-7.303621668839502,0,RawaPening,110.42289820401851,2019-07-28,"{""type"":""MultiPoint"",""coordinates"":[]}"
8_1714_0,80,40,265,324,232,293,233,247,193,194,2,open_water,RA0236_20190728,-7.300024729623287,0,RawaPening,110.42174095653937,2019-07-28,"{""type"":""MultiPoint"",""coordinates"":[]}"
8_1715_0,89,32,298,335,258,309,218,211,193,183,2,open_water,RA0237_20190728,-7.301514589120236,0,RawaPening,110.42126884210927,2019-07-28,"{""type"":""MultiPoint"",""coordinates"":[]}"
8_1716_0,64,48,296,318,225,269,194,195,164,142,2,open_water,RA0238_20190728,-7.292788198633793,0,RawaPening,110.42041045223638,2019-07-28,"{""type"":""MultiPoint"",""coordinates"":[]}"
8_1717_0,134,77,305,331,205,281,310,361,244,335,2,open_water,RA0239_20190728,-7.29368212950147,0,RawaPening,110.4275545396154,2019-07-28,"{""type"":""MultiPoint"",""coordinates"":[]}"
8_1718_0,85,48,287,355,213,298,198,206,186,118,2,open_water,RA0240_20190728,-7.2921390336344185,0,RawaPening,110.4255695130343,2019-07-28,"{""type"":""MultiPoint"",""coordinates"":[]}"
8_1719_0,81,55,259,307,191,264,238,204,206,188,2,open_water,RA0241_20190728,-7.2956508992643485,0,RawaPening,110.42487207126257,2019-07-28,"{""type"":""MultiPoint"",""coordinates"":[]}"
8_1720_0,107,46,283,312,221,255,221,283,226,230,2,open_water,RA0242_20190728,-7.29688536669792,0,RawaPening,110.43120269657521,2019-07-28,"{""type"":""MultiPoint"",""coordinates"":[]}"
8_1721_0,73,50,242,277,183,218,192,196,161,135,2,open_water,RA0243_20190728,-7.29661931796993,0,RawaPening,110.42323040063066,2019-07-28,"{""type"":""MultiPoint"",""coordinates"":[]}"
8_1722_0,137,76,535,648,568,688,487,534,493,376,2,open_water,RA0244_20190728,-7.269034526254275,0,RawaPening,110.43257729050458,2019-07-28,"{""type"":""MultiPoint"",""coordinates"":[]}"
8_1723_0,101,76,396,525,397,473,334,313,276,242,2,open_water,RA0245_20190728,-7.268991955823942,0,RawaPening,110.43895083531086,2019-07-28,"{""type"":""MultiPoint"",""coordinates"":[]}"
9_1724_0,1200,514,383,612,350,971,2546,2933,2945,3138,3,floating_plants,RA0001_20200831,-7.293618276847563,1,RawaPening,110.42575325076717,2020-08-31,"{""type"":""MultiPoint"",""coordinates"":[]}"
9_1725_0,1071,470,407,599,357,935,2427,2781,2710,2923,3,floating_plants,RA0002_20200831,-7.292000686331983,1,RawaPening,110.42738419152569,2020-08-31,"{""type"":""MultiPoint"",""coordinates"":[]}"
9_1726_0,1327,564,372,645,361,1019,2931,3367,3382,3579,3,floating_plants,RA0003_20200831,-7.293384152266245,1,RawaPening,110.43287788671228,2020-08-31,"{""type"":""MultiPoint"",""coordinates"":[]}"
9_1727_0,1278,572,387,622,360,1078,2940,3377,3131,3647,3,floating_plants,RA0004_20200831,-7.290766205427897,1,RawaPening,110.43266328924403,2020-08-31,"{""type"":""MultiPoint"",""coordinates"":[]}"
9_1728_0,1300,546,414,662,375,1071,3141,3702,3632,3955,3,floating_plants,RA0005_20200831,-7.289510436878867,1,RawaPening,110.4296803844357,2020-08-31,"{""type"":""MultiPoint"",""coordinates"":[]}"
9_1729_0,1347,624,470,844,411,1060,3006,3270,4288,3487,3,floating_plants,RA0006_20200831,-7.28946786839179,1,RawaPening,110.4307533717768,2020-08-31,"{""type"":""MultiPoint"",""coordinates"":[]}"
9_1730_0,1851,853,450,815,418,1210,3592,4151,4233,4416,3,floating_plants,RA0007_20200831,-7.290702352874775,1,RawaPening,110.43538867709047,2020-08-31,"{""type"":""MultiPoint"",""coordinates"":[]}"
9_1731_0,1882,845,449,867,406,1322,3995,4509,4636,4822,3,floating_plants,RA0008_20200831,-7.294725045937857,1,RawaPening,110.43528137835638,2020-08-31,"{""type"":""MultiPoint"",""coordinates"":[]}"
9_1732_0,2024,914,450,848,417,1374,4043,4596,4608,4794,3,floating_plants,RA0009_20200831,-7.295853096232992,1,RawaPening,110.43755611151957,2020-08-31,"{""type"":""MultiPoint"",""coordinates"":[]}"
9_1733_0,2184,969,477,855,435,1397,4248,4782,4751,5102,3,floating_plants,RA0010_20200831,-7.294065241617296,1,RawaPening,110.44375797835124,2020-08-31,"{""type"":""MultiPoint"",""coordinates"":[]}"
9_1734_0,1924,868,404,847,407,1328,3849,4290,4536,4629,3,floating_plants,RA0011_20200831,-7.2958318122914605,1,RawaPening,110.43985230442958,2020-08-31,"{""type"":""MultiPoint"",""coordinates"":[]}"
9_1735_0,1573,681,410,744,394,1124,3412,3814,4204,4091,3,floating_plants,RA0012_20200831,-7.297193982507588,1,RawaPening,110.42910097127151,2020-08-31,"{""type"":""MultiPoint"",""coordinates"":[]}"
9_1736_0,1807,781,413,818,405,1221,3599,4124,4233,4341,3,floating_plants,RA0013_20200831,-7.296406478357044,1,RawaPening,110.42783484620894,2020-08-31,"{""type"":""MultiPoint"",""coordinates"":[]}"
9_1737_0,1896,865,456,847,374,1309,3777,4358,4711,4537,3,floating_plants,RA0014_20200831,-7.293618276847563,1,RawaPening,110.42729835253839,2020-08-31,"{""type"":""MultiPoint"",""coordinates"":[]}"
9_1738_0,1647,686,437,812,392,1205,3373,3843,4256,4123,3,floating_plants,RA0015_20200831,-7.294810181908407,1,RawaPening,110.42841425937316,2020-08-31,"{""type"":""MultiPoint"",""coordinates"":[]}"
9_1739_0,1216,522,380,624,361,982,2788,3185,3350,3431,3,floating_plants,RA0016_20200831,-7.293299016024521,1,RawaPening,110.4296803844357,2020-08-31,"{""type"":""MultiPoint"",""coordinates"":[]}"
9_1740_0,1203,519,392,641,355,972,2684,3233,3344,3449,3,floating_plants,RA0017_20200831,-7.294533489944999,1,RawaPening,110.43146154342197,2020-08-31,"{""type"":""MultiPoint"",""coordinates"":[]}"
9_1741_0,1151,509,364,578,352,973,2630,3004,2975,3244,3,floating_plants,RA0018_20200831,-7.2953422813572315,1,RawaPening,110.43025979759992,2020-08-31,"{""type"":""MultiPoint"",""coordinates"":[]}"
9_1742_0,1213,534,382,625,355,990,2793,3214,3296,3454,3,floating_plants,RA0019_20200831,-7.295874380173469,1,RawaPening,110.4317834396243,2020-08-31,"{""type"":""MultiPoint"",""coordinates"":[]}"
9_1743_0,1263,563,395,589,352,1011,2833,3209,3119,3529,3,floating_plants,RA0020_20200831,-7.296832156448377,1,RawaPening,110.43086067051094,2020-08-31,"{""type"":""MultiPoint"",""coordinates"":[]}"
9_1744_0,1081,477,358,574,343,930,2506,2865,2630,3038,3,floating_plants,RA0021_20200831,-7.29832202657876,1,RawaPening,110.43184781886477,2020-08-31,"{""type"":""MultiPoint"",""coordinates"":[]}"
9_1745_0,614,310,367,518,337,716,1670,1767,2297,1856,3,floating_plants,RA0022_20200831,-7.297747363415039,1,RawaPening,110.42652591576147,2020-08-31,"{""type"":""MultiPoint"",""coordinates"":[]}"
9_1746_0,793,372,383,552,354,784,2001,2310,2350,2233,3,floating_plants,RA0023_20200831,-7.298385878486586,1,RawaPening,110.4275130641153,2020-08-31,"{""type"":""MultiPoint"",""coordinates"":[]}"
9_1747_0,967,520,449,744,426,812,1848,1905,3074,2061,3,floating_plants,RA0024_20200831,-7.2991733791529985,1,RawaPening,110.42783496031763,2020-08-31,"{""type"":""MultiPoint"",""coordinates"":[]}"
9_1748_0,1754,776,401,722,378,1195,3406,3923,4058,4222,3,floating_plants,RA0025_20200831,-7.299556487084053,1,RawaPening,110.42916546462065,2020-08-31,"{""type"":""MultiPoint"",""coordinates"":[]}"
9_1749_0,818,412,337,630,326,896,2429,2654,3388,2586,3,floating_plants,RA0026_20200831,-7.300769660034144,1,RawaPening,110.42646153652102,2020-08-31,"{""type"":""MultiPoint"",""coordinates"":[]}"
9_1750_0,1029,445,333,518,297,847,2258,2589,2626,2751,3,floating_plants,RA0027_20200831,-7.3014720218169105,1,RawaPening,110.43083932487279,2020-08-31,"{""type"":""MultiPoint"",""coordinates"":[]}"
9_1751_0,1106,510,346,560,325,903,2609,3034,2832,3234,3,floating_plants,RA0028_20200831,-7.303430116006869,1,RawaPening,110.43131104303454,2020-08-31,"{""type"":""MultiPoint"",""coordinates"":[]}"
9_1752_0,1428,587,364,658,345,1076,3335,3961,3982,4312,3,floating_plants,RA0029_20200831,-7.304600711399576,1,RawaPening,110.43062433113624,2020-08-31,"{""type"":""MultiPoint"",""coordinates"":[]}"
9_1753_0,1384,573,349,654,347,1047,3241,3725,3747,4053,3,floating_plants,RA0030_20200831,-7.3046645619692026,1,RawaPening,110.43234111088202,2020-08-31,"{""type"":""MultiPoint"",""coordinates"":[]}"
9_1754_0,1294,583,369,593,339,1043,3016,3601,3450,3765,3,floating_plants,RA0031_20200831,-7.3032172801515784,1,RawaPening,110.43313512151443,2020-08-31,"{""type"":""MultiPoint"",""coordinates"":[]}"
9_1755_0,977,437,342,547,311,920,2418,2617,2561,2807,3,floating_plants,RA0032_20200831,-7.302855458965054,1,RawaPening,110.43442270632382,2020-08-31,"{""type"":""MultiPoint"",""coordinates"":[]}"
9_1756_0,1193,532,355,575,338,963,2821,3245,3272,3496,3,floating_plants,RA0033_20200831,-7.303579101045264,1,RawaPening,110.4356673716395,2020-08-31,"{""type"":""MultiPoint"",""coordinates"":[]}"
9_1757_0,988,462,344,578,335,917,2402,2715,2802,2900,3,floating_plants,RA0034_20200831,-7.302961876991499,1,RawaPening,110.4365043017656,2020-08-31,"{""type"":""MultiPoint"",""coordinates"":[]}"
9_1758_0,1206,541,323,606,336,1017,2854,3279,3288,3555,3,floating_plants,RA0035_20200831,-7.30509023220024,1,RawaPening,110.4353883949308,2020-08-31,"{""type"":""MultiPoint"",""coordinates"":[]}"
9_1759_0,1955,871,399,856,401,1364,4017,4562,4624,4797,3,floating_plants,RA0036_20200831,-7.3051115157011255,1,RawaPening,110.43427248809603,2020-08-31,"{""type"":""MultiPoint"",""coordinates"":[]}"
9_1760_0,1753,816,423,803,410,1261,3732,4328,4572,4527,3,floating_plants,RA0037_20200831,-7.307154727069135,1,RawaPening,110.43556007290542,2020-08-31,"{""type"":""MultiPoint"",""coordinates"":[]}"
9_1761_0,1203,540,362,601,349,1014,2814,3235,3241,3395,3,floating_plants,RA0038_20200831,-7.308304029357959,1,RawaPening,110.43506649872847,2020-08-31,"{""type"":""MultiPoint"",""coordinates"":[]}"
9_1762_0,1565,687,397,783,419,1186,3271,3811,3846,4084,3,floating_plants,RA0039_20200831,-7.3067290588045335,1,RawaPening,110.43242694986931,2020-08-31,"{""type"":""MultiPoint"",""coordinates"":[]}"
9_1763_0,1940,884,395,853,412,1392,3938,4473,4659,4734,3,floating_plants,RA0040_20200831,-7.308176329249626,1,RawaPening,110.43133250278136,2020-08-31,"{""type"":""MultiPoint"",""coordinates"":[]}"
9_1764_0,1274,545,324,603,304,998,3036,3584,3693,3951,3,floating_plants,RA0041_20200831,-7.307133443665524,1,RawaPening,110.43916531037156,2020-08-31,"{""type"":""MultiPoint"",""coordinates"":[]}"
9_1765_0,1065,498,385,628,428,798,2508,2951,2984,3050,3,floating_plants,RA0042_20200831,-7.303025727795202,1,RawaPening,110.4419550774585,2020-08-31,"{""type"":""MultiPoint"",""coordinates"":[]}"
9_1766_0,1623,772,408,765,399,1334,3482,3856,3948,4214,3,floating_plants,RA0043_20200831,-7.298768987591686,1,RawaPening,110.43680473822108,2020-08-31,"{""type"":""MultiPoint"",""coordinates"":[]}"
9_1767_0,1258,576,354,561,325,962,2826,3234,2908,3440,3,floating_plants,RA0044_20200831,-7.297938918531806,1,RawaPening,110.44019537821907,2020-08-31,"{""type"":""MultiPoint"",""coordinates"":[]}"
9_1768_0,1894,850,471,774,414,1321,4022,4564,4407,4749,3,floating_plants,RA0045_20200831,-7.292383800587202,1,RawaPening,110.43613953586251,2020-08-31,"{""type"":""MultiPoint"",""coordinates"":[]}"
9_1769_0,1732,787,376,631,390,1178,3430,3978,3496,4194,3,floating_plants,RA0046_20200831,-7.289042183482263,1,RawaPening,110.4371052244695,2020-08-31,"{""type"":""MultiPoint"",""coordinates"":[]}"
9_1770_0,1139,485,371,579,340,940,2571,2923,2766,3116,3,floating_plants,RA0047_20200831,-7.289467868044066,1,RawaPening,110.43525937711198,2020-08-31,"{""type"":""MultiPoint"",""coordinates"":[]}"
9_1771_0,746,345,375,504,332,709,1620,1826,1430,1972,3,floating_plants,RA0048_20200831,-7.287850262537107,1,RawaPening,110.43779162723702,2020-08-31,"{""type"":""MultiPoint"",""coordinates"":[]}"
9_1772_0,1159,527,357,621,345,1001,2716,3024,3122,3249,3,floating_plants,RA0049_20200831,-7.285977238337791,1,RawaPening,110.43545251483337,2020-08-31,"{""type"":""MultiPoint"",""coordinates"":[]}"
9_1773_0,1128,497,354,647,361,928,2540,2989,3493,3153,3,floating_plants,RA0050_20200831,-7.284253197780569,1,RawaPening,110.43626798521262,2020-08-31,"{""type"":""MultiPoint"",""coordinates"":[]}"
9_1774_0,906,425,335,543,314,846,2140,2466,2373,2610,3,floating_plants,RA0051_20200831,-7.285657972068291,1,RawaPening,110.43744827128785,2020-08-31,"{""type"":""MultiPoint"",""coordinates"":[]}"
9_1775_0,913,424,351,586,342,893,2303,2531,2917,2744,3,floating_plants,RA0052_20200831,-7.283337963679018,1,RawaPening,110.43886461457814,2020-08-31,"{""type"":""MultiPoint"",""coordinates"":[]}"
9_1776_0,1257,528,371,626,340,1010,2927,3486,3332,3672,3,floating_plants,RA0053_20200831,-7.28576439371174,1,RawaPening,110.44032384831623,2020-08-31,"{""type"":""MultiPoint"",""coordinates"":[]}"
9_1777_0,1412,645,410,635,401,1102,3027,3440,3460,3735,3,floating_plants,RA0054_20200831,-7.28463631800583,1,RawaPening,110.42631063364115,2020-08-31,"{""type"":""MultiPoint"",""coordinates"":[]}"
9_1778_0,1219,586,432,653,397,988,2647,3014,3415,3262,3,floating_plants,RA0055_20200831,-7.286424210261305,1,RawaPening,110.42817763161469,2020-08-31,"{""type"":""MultiPoint"",""coordinates"":[]}"
9_1779_0,1266,638,440,705,426,995,2521,2946,3780,3102,3,floating_plants,RA0056_20200831,-7.287743840445747,1,RawaPening,110.4191216184556,2020-08-31,"{""type"":""MultiPoint"",""coordinates"":[]}"
9_1780_0,1267,553,329,634,340,1048,2928,3370,3408,3630,3,floating_plants,RA0057_20200831,-7.269311233815212,1,RawaPening,110.44077399054777,2020-08-31,"{""type"":""MultiPoint"",""coordinates"":[]}"
9_1781_0,1285,558,361,672,342,1101,3209,3660,3576,3913,3,floating_plants,RA0058_20200831,-7.267587129221719,1,RawaPening,110.44150362193975,2020-08-31,"{""type"":""MultiPoint"",""coordinates"":[]}"
9_1782_0,1462,619,369,644,372,1091,3179,3679,3646,4066,3,floating_plants,RA0059_20200831,-7.2728871333548275,1,RawaPening,110.440258956624,2020-08-31,"{""type"":""MultiPoint"",""coordinates"":[]}"
9_1783_0,1330,569,347,648,355,1065,3321,3809,3792,4019,3,floating_plants,RA0060_20200831,-7.272397577362178,1,RawaPening,110.43751210903076,2020-08-31,"{""type"":""MultiPoint"",""coordinates"":[]}"
9_1784_0,2264,968,491,921,401,1494,4852,5558,5424,5815,3,floating_plants,RA0061_20200831,-7.274270658273824,1,RawaPening,110.43858509637188,2020-08-31,"{""type"":""MultiPoint"",""coordinates"":[]}"
9_1785_0,1301,542,365,631,346,1072,3182,3718,3777,4002,3,floating_plants,RA0062_20200831,-7.275760603417501,1,RawaPening,110.43553781232308,2020-08-31,"{""type"":""MultiPoint"",""coordinates"":[]}"
9_1786_0,1276,541,387,666,368,1050,3219,3723,3727,3970,3,floating_plants,RA0063_20200831,-7.279974992525183,1,RawaPening,110.42174105612513,2020-08-31,"{""type"":""MultiPoint"",""coordinates"":[]}"
9_1787_0,1144,519,406,667,360,1000,2918,3289,3442,3426,3,floating_plants,RA0064_20200831,-7.277080264617492,1,RawaPening,110.41955216194923,2020-08-31,"{""type"":""MultiPoint"",""coordinates"":[]}"
9_1788_0,1008,415,372,631,344,923,2902,3316,3847,3456,3,floating_plants,RA0065_20200831,-7.2779742267001,1,RawaPening,110.42186981460605,2020-08-31,"{""type"":""MultiPoint"",""coordinates"":[]}"
9_1789_0,553,301,408,554,347,650,1457,1472,1800,1603,3,floating_plants,RA0066_20200831,-7.276665211399128,1,RawaPening,110.42370260012359,2020-08-31,"{""type"":""MultiPoint"",""coordinates"":[]}"
9_1790_0,832,358,385,624,350,883,2366,2515,3370,2731,3,floating_plants,RA0067_20200831,-7.277176047565574,1,RawaPening,110.42253304392176,2020-08-31,"{""type"":""MultiPoint"",""coordinates"":[]}"
9_1791_0,844,406,412,656,354,923,2455,2665,3305,2822,3,floating_plants,RA0068_20200831,-7.277101550660836,1,RawaPening,110.42517259278092,2020-08-31,"{""type"":""MultiPoint"",""coordinates"":[]}"
9_1792_0,930,434,371,665,325,1010,2945,3457,3742,3595,3,floating_plants,RA0069_20200831,-7.276814205341078,1,RawaPening,110.42700740113423,2020-08-31,"{""type"":""MultiPoint"",""coordinates"":[]}"
9_1793_0,880,433,389,637,366,884,2278,2658,3172,2764,3,floating_plants,RA0070_20200831,-7.2784424930531895,1,RawaPening,110.4283593651841,2020-08-31,"{""type"":""MultiPoint"",""coordinates"":[]}"
9_1794_0,975,461,386,636,382,913,2370,2700,3464,2758,3,floating_plants,RA0071_20200831,-7.280145271266805,1,RawaPening,110.4244644211358,2020-08-31,"{""type"":""MultiPoint"",""coordinates"":[]}"
9_1795_0,1005,454,400,686,383,986,2739,3051,3786,3383,3,floating_plants,RA0072_20200831,-7.279485445476152,1,RawaPening,110.42049436797363,2020-08-31,"{""type"":""MultiPoint"",""coordinates"":[]}"
9_1796_0,1033,490,377,640,345,1003,2916,3349,3737,3457,3,floating_plants,RA0073_20200831,-7.280485826321657,1,RawaPening,110.42895996319692,2020-08-31,"{""type"":""MultiPoint"",""coordinates"":[]}"
9_1797_0,2018,912,467,865,425,1387,3910,4325,4351,4598,3,floating_plants,RA0074_20200831,-7.2860304495594646,1,RawaPening,110.43651306689489,2020-08-31,"{""type"":""MultiPoint"",""coordinates"":[]}"
9_1798_0,337,190,337,441,303,460,785,791,867,816,3,floating_plants,RA0075_20200831,-7.286519990672817,1,RawaPening,110.43899166765289,2020-08-31,"{""type"":""MultiPoint"",""coordinates"":[]}"
9_1799_0,1008,472,374,586,348,913,2391,2680,2788,2850,3,floating_plants,RA0076_20200831,-7.287371365248224,1,RawaPening,110.43933502360208,2020-08-31,"{""type"":""MultiPoint"",""coordinates"":[]}"
9_1800_0,1172,522,387,597,348,932,2547,2885,2919,3119,3,floating_plants,RA0077_20200831,-7.288871908998883,1,RawaPening,110.43949597170324,2020-08-31,"{""type"":""MultiPoint"",""coordinates"":[]}"
9_1801_0,1290,556,361,600,351,963,2823,3267,3252,3557,3,floating_plants,RA0078_20200831,-7.292362515937106,1,RawaPening,110.43963660736856,2020-08-31,"{""type"":""MultiPoint"",""coordinates"":[]}"
9_1802_0,1786,775,450,775,432,1167,3499,4083,4070,4495,3,floating_plants,RA0079_20200831,-7.287467144575867,1,RawaPening,110.44755525394606,2020-08-31,"{""type"":""MultiPoint"",""coordinates"":[]}"
9_1803_0,1543,632,367,651,326,1120,3585,4164,4157,4418,3,floating_plants,RA0080_20200831,-7.2762075862079,1,RawaPening,110.43807025747026,2020-08-31,"{""type"":""MultiPoint"",""coordinates"":[]}"
9_1804_0,1320,652,388,675,355,1121,3062,3411,3658,3506,3,floating_plants,RA0081_20200831,-7.276335295434299,1,RawaPening,110.43311305595427,2020-08-31,"{""type"":""MultiPoint"",""coordinates"":[]}"
9_1805_0,1422,600,422,700,375,1136,3335,3913,3943,4157,3,floating_plants,RA0082_20200831,-7.276654568341235,1,RawaPening,110.43064518506964,2020-08-31,"{""type"":""MultiPoint"",""coordinates"":[]}"
9_1806_0,1311,554,366,672,346,1090,3435,4026,3992,4288,3,floating_plants,RA0083_20200831,-7.2744835080947645,1,RawaPening,110.4291644625389,2020-08-31,"{""type"":""MultiPoint"",""coordinates"":[]}"
9_1807_0,1101,472,335,585,299,1036,3267,3852,3895,4235,3,floating_plants,RA0084_20200831,-7.271503604384046,1,RawaPening,110.43152503468939,2020-08-31,"{""type"":""MultiPoint"",""coordinates"":[]}"
9_1808_0,1416,632,372,712,368,1192,3673,4214,3907,4292,3,floating_plants,RA0085_20200831,-7.270716055099255,1,RawaPening,110.42929322101986,2020-08-31,"{""type"":""MultiPoint"",""coordinates"":[]}"
9_1809_0,1442,624,353,631,331,1077,3379,3995,3918,4246,3,floating_plants,RA0086_20200831,-7.27014135585499,1,RawaPening,110.43491572655495,2020-08-31,"{""type"":""MultiPoint"",""coordinates"":[]}"
9_1810_0,1363,571,331,647,339,1084,3389,4016,4023,4292,3,floating_plants,RA0087_20200831,-7.2710779019936185,1,RawaPening,110.43513032402316,2020-08-31,"{""type"":""MultiPoint"",""coordinates"":[]}"
9_1811_0,1420,578,347,657,313,1093,3367,3912,4101,4252,3,floating_plants,RA0088_20200831,-7.268225687216099,1,RawaPening,110.43929351490672,2020-08-31,"{""type"":""MultiPoint"",""coordinates"":[]}"
9_1812_0,801,434,327,456,281,819,2051,2041,1649,2434,3,floating_plants,RA0089_20200831,-7.2690983817203145,1,RawaPening,110.44519494528289,2020-08-31,"{""type"":""MultiPoint"",""coordinates"":[]}"
9_1813_0,1042,468,343,520,326,855,2339,2610,2300,2735,3,floating_plants,RA0090_20200831,-7.2687365329852875,1,RawaPening,110.4417613857913,2020-08-31,"{""type"":""MultiPoint"",""coordinates"":[]}"
9_1814_0,1880,824,387,752,379,1188,3740,4356,4576,4679,3,floating_plants,RA0091_20200831,-7.2725040025894,1,RawaPening,110.43895015895757,2020-08-31,"{""type"":""MultiPoint"",""coordinates"":[]}"
9_1815_0,1687,731,435,822,390,1220,3681,4311,4560,4574,3,floating_plants,RA0092_20200831,-7.2770376952838145,1,RawaPening,110.43641790883251,2020-08-31,"{""type"":""MultiPoint"",""coordinates"":[]}"
9_1816_0,1164,506,387,610,365,982,2720,3137,3115,3347,3,floating_plants,RA0093_20200831,-7.290979046956051,1,RawaPening,110.42918612768135,2020-08-31,"{""type"":""MultiPoint"",""coordinates"":[]}"
9_1817_0,1081,473,361,601,350,951,2491,2901,2949,3053,3,floating_plants,RA0094_20200831,-7.291787844789785,1,RawaPening,110.4311175048954,2020-08-31,"{""type"":""MultiPoint"",""coordinates"":[]}"
9_1818_0,1813,813,420,800,408,1225,3613,4283,4264,4560,3,floating_plants,RA0095_20200831,-7.290510794839047,1,RawaPening,110.41523778602615,2020-08-31,"{""type"":""MultiPoint"",""coordinates"":[]}"
9_1819_0,1646,711,391,712,373,1216,3611,4189,4356,4570,3,floating_plants,RA0096_20200831,-7.287594850633327,1,RawaPening,110.41476567159602,2020-08-31,"{""type"":""MultiPoint"",""coordinates"":[]}"
9_1820_0,1276,573,414,678,386,1080,3191,3839,4093,4231,3,floating_plants,RA0097_20200831,-7.286147513614517,1,RawaPening,110.41740522045518,2020-08-31,"{""type"":""MultiPoint"",""coordinates"":[]}"
9_1821_0,1908,837,452,877,408,1299,3824,4345,4512,4644,3,floating_plants,RA0098_20200831,-7.296023367888529,1,RawaPening,110.41740531174217,2020-08-31,"{""type"":""MultiPoint"",""coordinates"":[]}"
9_1822_0,1595,774,444,763,450,1152,3004,3379,3696,3580,3,floating_plants,RA0099_20200831,-7.2991308117367755,1,RawaPening,110.41931498646906,2020-08-31,"{""type"":""MultiPoint"",""coordinates"":[]}"
9_1823_0,1604,697,422,779,395,1236,3703,4396,4284,4497,3,floating_plants,RA0100_20200831,-7.300748376478438,1,RawaPening,110.42079570899982,2020-08-31,"{""type"":""MultiPoint"",""coordinates"":[]}"
9_1824_0,184,133,350,392,281,342,316,335,305,282,2,open_water,RA0101_20200831,-7.3037600119328925,0,RawaPening,110.42256552192578,2020-08-31,"{""type"":""MultiPoint"",""coordinates"":[]}"
9_1825_0,143,102,340,374,266,291,267,255,229,206,2,open_water,RA0102_20200831,-7.302312727186856,0,RawaPening,110.4226728206599,2020-08-31,"{""type"":""MultiPoint"",""coordinates"":[]}"
9_1826_0,134,101,340,375,271,288,258,232,211,238,2,open_water,RA0103_20200831,-7.301918979790867,0,RawaPening,110.42339172217845,2020-08-31,"{""type"":""MultiPoint"",""coordinates"":[]}"
9_1827_0,150,95,334,368,268,298,234,238,224,189,2,open_water,RA0104_20200831,-7.302131816264202,0,RawaPening,110.42518361103812,2020-08-31,"{""type"":""MultiPoint"",""coordinates"":[]}"
9_1828_0,142,108,336,368,285,312,238,248,206,233,2,open_water,RA0105_20200831,-7.302749041463907,0,RawaPening,110.42416427306404,2020-08-31,"{""type"":""MultiPoint"",""coordinates"":[]}"
9_1829_0,141,92,330,347,259,300,246,188,190,171,2,open_water,RA0106_20200831,-7.30267454881259,0,RawaPening,110.42604200091101,2020-08-31,"{""type"":""MultiPoint"",""coordinates"":[]}"
9_1830_0,151,105,323,350,242,344,246,255,188,208,2,open_water,RA0107_20200831,-7.302876743122965,0,RawaPening,110.42725447660649,2020-08-31,"{""type"":""MultiPoint"",""coordinates"":[]}"
9_1831_0,132,104,294,339,237,287,232,265,218,233,2,open_water,RA0108_20200831,-7.305058307497557,0,RawaPening,110.42918585382054,2020-08-31,"{""type"":""MultiPoint"",""coordinates"":[]}"
9_1832_0,150,101,314,347,243,266,223,227,196,160,2,open_water,RA0109_20200831,-7.304515577843182,0,RawaPening,110.4280377573655,2020-08-31,"{""type"":""MultiPoint"",""coordinates"":[]}"
9_1833_0,134,91,323,377,258,355,221,215,201,186,2,open_water,RA0110_20200831,-7.304100548839283,0,RawaPening,110.4252801798988,2020-08-31,"{""type"":""MultiPoint"",""coordinates"":[]}"
9_1834_0,126,101,325,343,234,330,208,205,193,188,2,open_water,RA0111_20200831,-7.304675204280504,0,RawaPening,110.42673944268275,2020-08-31,"{""type"":""MultiPoint"",""coordinates"":[]}"
9_1835_0,183,131,311,328,239,332,247,235,195,185,2,open_water,RA0112_20200831,-7.306420449609744,0,RawaPening,110.42636389711333,2020-08-31,"{""type"":""MultiPoint"",""coordinates"":[]}"
9_1836_0,154,105,287,340,244,287,226,234,204,214,2,open_water,RA0113_20200831,-7.305750020807741,0,RawaPening,110.42832746394762,2020-08-31,"{""type"":""MultiPoint"",""coordinates"":[]}"
9_1837_0,142,94,307,321,242,278,204,212,224,221,2,open_water,RA0114_20200831,-7.304451727252271,0,RawaPening,110.43729763811945,2020-08-31,"{""type"":""MultiPoint"",""coordinates"":[]}"
9_1838_0,154,86,273,294,229,278,244,254,229,239,2,open_water,RA0115_20200831,-7.300769660367899,0,RawaPening,110.43219156900754,2020-08-31,"{""type"":""MultiPoint"",""coordinates"":[]}"
9_1839_0,156,109,303,292,218,300,256,245,225,204,2,open_water,RA0116_20200831,-7.301514589495987,0,RawaPening,110.43330747584234,2020-08-31,"{""type"":""MultiPoint"",""coordinates"":[]}"
9_1840_0,158,100,290,326,257,284,232,236,213,207,2,open_water,RA0117_20200831,-7.299769325015508,0,RawaPening,110.44034627280014,2020-08-31,"{""type"":""MultiPoint"",""coordinates"":[]}"
9_1841_0,133,105,316,305,247,259,210,206,181,194,2,open_water,RA0118_20200831,-7.30087607889074,0,RawaPening,110.44152655887537,2020-08-31,"{""type"":""MultiPoint"",""coordinates"":[]}"
9_1842_0,129,89,287,300,252,268,191,211,171,154,2,open_water,RA0119_20200831,-7.301067632168065,0,RawaPening,110.43987415837005,2020-08-31,"{""type"":""MultiPoint"",""coordinates"":[]}"
9_1843_0,140,98,278,319,232,296,180,213,163,160,2,open_water,RA0120_20200831,-7.302216950108666,0,RawaPening,110.43781402267507,2020-08-31,"{""type"":""MultiPoint"",""coordinates"":[]}"
9_1844_0,144,118,277,306,233,242,163,182,144,148,2,open_water,RA0121_20200831,-7.302876742406475,0,RawaPening,110.44000291685094,2020-08-31,"{""type"":""MultiPoint"",""coordinates"":[]}"
9_1845_0,206,138,420,505,408,461,393,404,345,343,2,open_water,RA0122_20200831,-7.30560103577647,0,RawaPening,110.44639792140408,2020-08-31,"{""type"":""MultiPoint"",""coordinates"":[]}"
9_1846_0,156,104,308,323,242,273,220,248,209,227,2,open_water,RA0123_20200831,-7.304792262915179,0,RawaPening,110.44169823684993,2020-08-31,"{""type"":""MultiPoint"",""coordinates"":[]}"
9_1847_0,139,90,289,307,246,263,173,173,151,175,2,open_water,RA0124_20200831,-7.3041537569909964,0,RawaPening,110.44008875583827,2020-08-31,"{""type"":""MultiPoint"",""coordinates"":[]}"
9_1848_0,145,90,297,317,260,262,218,238,206,221,2,open_water,RA0125_20200831,-7.305473334895656,0,RawaPening,110.44032481305331,2020-08-31,"{""type"":""MultiPoint"",""coordinates"":[]}"
9_1849_0,167,116,287,324,233,273,265,255,261,271,2,open_water,RA0126_20200831,-7.306345956853812,0,RawaPening,110.43648351837206,2020-08-31,"{""type"":""MultiPoint"",""coordinates"":[]}"
9_1850_0,155,125,360,376,262,346,268,276,233,240,2,open_water,RA0127_20200831,-7.304983814514622,0,RawaPening,110.423435992304,2020-08-31,"{""type"":""MultiPoint"",""coordinates"":[]}"
9_1851_0,178,144,346,372,285,347,304,299,282,263,2,open_water,RA0128_20200831,-7.307750662218124,0,RawaPening,110.42345740433261,2020-08-31,"{""type"":""MultiPoint"",""coordinates"":[]}"
9_1852_0,161,132,328,350,242,374,258,255,234,220,2,open_water,RA0129_20200831,-7.307580395188017,0,RawaPening,110.42502396585068,2020-08-31,"{""type"":""MultiPoint"",""coordinates"":[]}"
9_1853_0,170,116,309,359,255,379,287,264,218,238,2,open_water,RA0130_20200831,-7.306494941345965,0,RawaPening,110.42399389800316,2020-08-31,"{""type"":""MultiPoint"",""coordinates"":[]}"
9_1854_0,134,103,306,335,244,317,217,207,189,184,2,open_water,RA0131_20200831,-7.305601036202155,0,RawaPening,110.42528148281255,2020-08-31,"{""type"":""MultiPoint"",""coordinates"":[]}"
9_1855_0,148,98,338,365,266,355,314,304,292,282,2,open_water,RA0132_20200831,-7.29470376233242,0,RawaPening,110.41830727464024,2020-08-31,"{""type"":""MultiPoint"",""coordinates"":[]}"
9_1856_0,118,86,311,357,263,312,248,247,215,211,2,open_water,RA0133_20200831,-7.294107810057059,0,RawaPening,110.4232000969158,2020-08-31,"{""type"":""MultiPoint"",""coordinates"":[]}"
9_1857_0,128,88,343,374,258,294,256,246,202,230,2,open_water,RA0134_20200831,-7.295299713814346,0,RawaPening,110.42071076628436,2020-08-31,"{""type"":""MultiPoint"",""coordinates"":[]}"
9_1858_0,149,102,333,371,256,343,299,328,266,271,2,open_water,RA0135_20200831,-7.296959860186525,0,RawaPening,110.41884376831082,2020-08-31,"{""type"":""MultiPoint"",""coordinates"":[]}"
9_1859_0,143,101,349,383,264,326,294,307,258,282,2,open_water,RA0136_20200831,-7.297640944095876,0,RawaPening,110.41944464122186,2020-08-31,"{""type"":""MultiPoint"",""coordinates"":[]}"
9_1860_0,133,117,334,362,263,317,272,264,226,231,2,open_water,RA0137_20200831,-7.298151756347502,0,RawaPening,110.42129017944858,2020-08-31,"{""type"":""MultiPoint"",""coordinates"":[]}"
9_1861_0,148,120,347,374,268,327,285,267,259,254,2,open_water,RA0138_20200831,-7.299492635733015,0,RawaPening,110.42129017944858,2020-08-31,"{""type"":""MultiPoint"",""coordinates"":[]}"
9_1862_0,125,109,364,367,260,321,274,238,233,233,2,open_water,RA0139_20200831,-7.299237230445667,0,RawaPening,110.42330739564989,2020-08-31,"{""type"":""MultiPoint"",""coordinates"":[]}"
9_1863_0,147,113,350,343,249,298,227,233,224,221,2,open_water,RA0140_20200831,-7.299620338322029,0,RawaPening,110.42465935969972,2020-08-31,"{""type"":""MultiPoint"",""coordinates"":[]}"
9_1864_0,132,101,287,331,248,306,243,246,221,227,2,open_water,RA0141_20200831,-7.29915209531748,0,RawaPening,110.42568942754723,2020-08-31,"{""type"":""MultiPoint"",""coordinates"":[]}"
9_1865_0,148,100,321,377,269,301,300,314,291,281,2,open_water,RA0142_20200831,-7.288382370408346,0,RawaPening,110.41646162437955,2020-08-31,"{""type"":""MultiPoint"",""coordinates"":[]}"
9_1866_0,136,91,373,448,314,431,314,330,272,277,2,open_water,RA0143_20200831,-7.2871265951765,0,RawaPening,110.42483092564035,2020-08-31,"{""type"":""MultiPoint"",""coordinates"":[]}"
9_1867_0,145,93,348,367,281,327,293,316,273,259,2,open_water,RA0144_20200831,-7.289446583950872,0,RawaPening,110.43161220563624,2020-08-31,"{""type"":""MultiPoint"",""coordinates"":[]}"
9_1868_0,163,117,320,350,263,292,270,343,291,278,2,open_water,RA0145_20200831,-7.286530632818031,0,RawaPening,110.43712736056962,2020-08-31,"{""type"":""MultiPoint"",""coordinates"":[]}"
9_1869_0,144,102,457,587,466,556,409,408,342,336,2,open_water,RA0146_20200831,-7.2829974104705535,0,RawaPening,110.42178360424687,2020-08-31,"{""type"":""MultiPoint"",""coordinates"":[]}"
9_1870_0,142,112,382,416,303,347,312,306,282,293,2,open_water,RA0147_20200831,-7.278655340863269,0,RawaPening,110.42504548576387,2020-08-31,"{""type"":""MultiPoint"",""coordinates"":[]}"
9_1871_0,148,106,443,567,451,568,383,425,335,318,2,open_water,RA0148_20200831,-7.283699800132549,0,RawaPening,110.41648304678174,2020-08-31,"{""type"":""MultiPoint"",""coordinates"":[]}"
9_1872_0,204,132,451,603,493,555,383,407,326,298,2,open_water,RA0149_20200831,-7.280379403028467,0,RawaPening,110.41280235580089,2020-08-31,"{""type"":""MultiPoint"",""coordinates"":[]}"
9_1873_0,149,99,347,419,308,380,294,311,256,244,2,open_water,RA0150_20200831,-7.277867804029179,0,RawaPening,110.41869272331375,2020-08-31,"{""type"":""MultiPoint"",""coordinates"":[]}"
9_1874_0,1484,868,556,796,700,1184,1771,1968,2290,2108,1,LEV,RA0156_20200831,-7.296002084174967,0,RawaPening,110.45601002489693,2020-08-31,"{""type"":""MultiPoint"",""coordinates"":[]}"
9_1875_0,671,353,659,881,788,1007,1486,1617,1524,1567,1,LEV,RA0157_20200831,-7.301812561067523,0,RawaPening,110.45345629635273,2020-08-31,"{""type"":""MultiPoint"",""coordinates"":[]}"
9_1876_0,1902,930,436,764,455,1168,3057,3546,4168,3839,1,LEV,RA0158_20200831,-7.304217607892266,0,RawaPening,110.44854201433037,2020-08-31,"{""type"":""MultiPoint"",""coordinates"":[]}"
9_1877_0,1638,703,396,734,367,1134,3867,4578,4828,4964,1,LEV,RA0159_20200831,-7.302834175458685,0,RawaPening,110.44918580673506,2020-08-31,"{""type"":""MultiPoint"",""coordinates"":[]}"
9_1878_0,1967,954,414,833,441,1252,3415,3808,3977,4107,1,LEV,RA0160_20200831,-7.305260500281075,0,RawaPening,110.45465804217478,2020-08-31,"{""type"":""MultiPoint"",""coordinates"":[]}"
9_1879_0,632,383,398,540,518,793,1065,1114,1262,1128,1,LEV,RA0162_20200831,-7.309570387688797,0,RawaPening,110.44999966714447,2020-08-31,"{""type"":""MultiPoint"",""coordinates"":[]}"
9_1880_0,880,484,471,672,582,891,1400,1520,1194,1491,1,LEV,RA0163_20200831,-7.310698400758658,0,RawaPening,110.43995707617498,2020-08-31,"{""type"":""MultiPoint"",""coordinates"":[]}"
9_1881_0,337,205,519,740,561,659,571,521,413,478,1,LEV,RA0164_20200831,-7.312624529304905,0,RawaPening,110.43680249339205,2020-08-31,"{""type"":""MultiPoint"",""coordinates"":[]}"
9_1882_0,1419,815,529,777,624,1174,1949,2201,2699,2237,1,LEV,RA0165_20200831,-7.307889004549951,0,RawaPening,110.44278951690316,2020-08-31,"{""type"":""MultiPoint"",""coordinates"":[]}"
9_1883_0,1159,725,462,730,572,999,1713,2269,3254,2393,1,LEV,RA0166_20200831,-7.3062927490899865,0,RawaPening,110.44527884753461,2020-08-31,"{""type"":""MultiPoint"",""coordinates"":[]}"
9_1884_0,553,249,501,732,683,838,1035,1197,1072,1127,1,LEV,RA0167_20200831,-7.312337206740362,0,RawaPening,110.43413155367347,2020-08-31,"{""type"":""MultiPoint"",""coordinates"":[]}"
9_1885_0,2047,1078,574,937,673,1310,3212,3764,3723,4066,1,LEV,RA0168_20200831,-7.310272735821718,0,RawaPening,110.43297272734505,2020-08-31,"{""type"":""MultiPoint"",""coordinates"":[]}"
9_1886_0,1343,738,450,738,600,1118,2250,2722,2749,2805,1,LEV,RA0169_20200831,-7.309314988340536,0,RawaPening,110.42942113924592,2020-08-31,"{""type"":""MultiPoint"",""coordinates"":[]}"
9_1887_0,788,499,560,715,731,1005,1259,1328,1298,1375,1,LEV,RA0170_20200831,-7.312135016711179,0,RawaPening,110.42956062760024,2020-08-31,"{""type"":""MultiPoint"",""coordinates"":[]}"
9_1888_0,609,354,576,709,639,877,1126,1079,901,1064,1,LEV,RA0171_20200831,-7.309719370860868,0,RawaPening,110.42421715064144,2020-08-31,"{""type"":""MultiPoint"",""coordinates"":[]}"
9_1889_0,1834,834,382,620,375,959,3166,3810,3989,4189,1,LEV,RA0172_20200831,-7.311113423584837,0,RawaPening,110.4260626888682,2020-08-31,"{""type"":""MultiPoint"",""coordinates"":[]}"
9_1890_0,1797,965,449,641,566,1065,2479,2738,2990,2933,1,LEV,RA0173_20200831,-7.314369743588865,0,RawaPening,110.42558141304045,2020-08-31,"{""type"":""MultiPoint"",""coordinates"":[]}"
9_1891_0,1674,773,348,505,331,836,2455,3116,3150,3412,1,LEV,RA0174_20200831,-7.3143271774683365,0,RawaPening,110.42071005051173,2020-08-31,"{""type"":""MultiPoint"",""coordinates"":[]}"
9_1892_0,1659,797,399,564,426,834,2386,2880,3038,3125,1,LEV,RA0175_20200831,-7.309538462999435,0,RawaPening,110.41304892089607,2020-08-31,"{""type"":""MultiPoint"",""coordinates"":[]}"
9_1893_0,1820,1009,465,771,547,1067,2409,2787,2568,2878,1,LEV,RA0176_20200831,-7.298236892219696,0,RawaPening,110.40905803247281,2020-08-31,"{""type"":""MultiPoint"",""coordinates"":[]}"
9_1894_0,2614,2304,833,1142,1536,1789,1819,1899,2133,2096,1,LEV,RA0177_20200831,-7.300471688537147,0,RawaPening,110.40405791146317,2020-08-31,"{""type"":""MultiPoint"",""coordinates"":[]}"
9_1895_0,2156,1075,369,657,501,918,2633,3399,3542,3727,1,LEV,RA0178_20200831,-7.303025727797186,0,RawaPening,110.41186925930658,2020-08-31,"{""type"":""MultiPoint"",""coordinates"":[]}"
9_1896_0,1710,947,417,585,407,938,2401,2684,2980,2869,1,LEV,RA0179_20200831,-7.30287674257437,0,RawaPening,110.41609682943059,2020-08-31,"{""type"":""MultiPoint"",""coordinates"":[]}"
9_1897_0,810,490,602,758,835,1065,1205,1282,1355,1285,1,LEV,RA0180_20200831,-7.300386553643889,0,RawaPening,110.41605390993695,2020-08-31,"{""type"":""MultiPoint"",""coordinates"":[]}"
9_1898_0,561,295,542,735,588,814,966,1064,891,1103,1,LEV,RA0181_20200831,-7.298620000952785,0,RawaPening,110.41682646082258,2020-08-31,"{""type"":""MultiPoint"",""coordinates"":[]}"
9_1899_0,919,558,492,587,579,878,1284,1398,1236,1436,1,LEV,RA0182_20200831,-7.293469288871532,0,RawaPening,110.41457352765754,2020-08-31,"{""type"":""MultiPoint"",""coordinates"":[]}"
9_1900_0,2506,2056,753,911,975,1325,1742,2044,1738,2204,1,LEV,RA0183_20200831,-7.2915962881696705,0,RawaPening,110.40955194690109,2020-08-31,"{""type"":""MultiPoint"",""coordinates"":[]}"
9_1901_0,2960,1537,567,910,692,1392,3286,3842,3706,4160,1,LEV,RA0184_20200831,-7.294469638308894,0,RawaPening,110.4057321119667,2020-08-31,"{""type"":""MultiPoint"",""coordinates"":[]}"
9_1902_0,2664,2333,586,699,858,1153,1424,1437,1519,1761,1,LEV,RA0185_20200831,-7.295555121339393,0,RawaPening,110.41058201474856,2020-08-31,"{""type"":""MultiPoint"",""coordinates"":[]}"
9_1903_0,1734,923,430,650,453,926,2658,3482,3422,3643,1,LEV,RA0186_20200831,-7.28687118284622,0,RawaPening,110.40330745518364,2020-08-31,"{""type"":""MultiPoint"",""coordinates"":[]}"
9_1904_0,1601,834,405,667,447,959,2504,3159,2896,3196,1,LEV,RA0187_20200831,-7.289127320165589,0,RawaPening,110.3978566794907,2020-08-31,"{""type"":""MultiPoint"",""coordinates"":[]}"
9_1905_0,1549,788,424,656,457,831,2177,2971,2678,3165,1,LEV,RA0188_20200831,-7.279996278493148,0,RawaPening,110.400174566589,2020-08-31,"{""type"":""MultiPoint"",""coordinates"":[]}"
9_1906_0,621,383,610,758,819,1034,1116,1145,1097,1210,1,LEV,RA0189_20200831,-7.274510114808916,0,RawaPening,110.4000133207679,2020-08-31,"{""type"":""MultiPoint"",""coordinates"":[]}"
9_1907_0,2219,1694,477,692,591,1211,1741,1974,2115,2113,1,LEV,RA0190_20200831,-7.274989026031886,0,RawaPening,110.40336104127222,2020-08-31,"{""type"":""MultiPoint"",""coordinates"":[]}"
9_1908_0,575,386,657,837,879,1073,1188,1190,1123,1286,1,LEV,RA0191_20200831,-7.2764576839289505,0,RawaPening,110.40233633836142,2020-08-31,"{""type"":""MultiPoint"",""coordinates"":[]}"
9_1909_0,2402,1968,447,673,641,1204,2034,2394,2676,2470,1,LEV,RA0192_20200831,-7.273855601869448,0,RawaPening,110.41240595422337,2020-08-31,"{""type"":""MultiPoint"",""coordinates"":[]}"
9_1910_0,1345,734,636,845,852,1054,1521,1646,1372,1722,1,LEV,RA0193_20200831,-7.278814976490664,0,RawaPening,110.4094446989972,2020-08-31,"{""type"":""MultiPoint"",""coordinates"":[]}"
9_1911_0,1012,588,496,775,623,1114,1987,2261,2654,2455,1,LEV,RA0194_20200831,-7.28159262781637,0,RawaPening,110.40792105697278,2020-08-31,"{""type"":""MultiPoint"",""coordinates"":[]}"
9_1912_0,849,497,579,785,744,1018,1271,1290,1295,1289,1,LEV,RA0195_20200831,-7.283039980043994,0,RawaPening,110.4083929068782,2020-08-31,"{""type"":""MultiPoint"",""coordinates"":[]}"
9_1913_0,1010,583,618,846,811,1073,1442,1515,1416,1571,1,LEV,RA0196_20200831,-7.286690265482472,0,RawaPening,110.40726627017004,2020-08-31,"{""type"":""MultiPoint"",""coordinates"":[]}"
9_1914_0,793,416,502,607,564,902,1169,1207,1138,1273,1,LEV,RA0197_20200831,-7.286541274822078,0,RawaPening,110.40986289953557,2020-08-31,"{""type"":""MultiPoint"",""coordinates"":[]}"
9_1915_0,1052,565,526,708,552,944,1412,1607,1523,1637,1,LEV,RA0198_20200831,-7.291330235844436,0,RawaPening,110.41324278995044,2020-08-31,"{""type"":""MultiPoint"",""coordinates"":[]}"
9_1916_0,836,492,672,865,815,1139,1543,1653,1663,1673,1,LEV,RA0199_20200831,-7.271120472234237,0,RawaPening,110.4235417619817,2020-08-31,"{""type"":""MultiPoint"",""coordinates"":[]}"
9_1917_0,511,308,500,672,648,942,1303,1472,1408,1406,1,LEV,RA0200_20200831,-7.2710885449249245,0,RawaPening,110.41730787876749,2020-08-31,"{""type"":""MultiPoint"",""coordinates"":[]}"
9_1918_0,1477,787,561,812,681,1159,2237,2560,2330,2760,1,LEV,RA0201_20200831,-7.296065935116782,0,RawaPening,110.45478907453065,2020-08-31,"{""type"":""MultiPoint"",""coordinates"":[]}"
9_1919_0,2808,1816,797,1152,1216,1750,2699,2966,3060,3228,1,LEV,RA0203_20200831,-7.296193638623906,0,RawaPening,110.47041177021744,2020-08-31,"{""type"":""MultiPoint"",""coordinates"":[]}"
9_1920_0,1538,932,495,707,660,1114,1871,2030,1839,2210,1,LEV,RA0204_20200831,-7.293894968841059,0,RawaPening,110.45521826946707,2020-08-31,"{""type"":""MultiPoint"",""coordinates"":[]}"
9_1921_0,845,542,514,802,698,1049,1462,1537,1498,1551,1,LEV,RA0205_20200831,-7.301450738414507,0,RawaPening,110.45734027816083,2020-08-31,"{""type"":""MultiPoint"",""coordinates"":[]}"
9_1922_0,1493,861,513,716,630,1007,2211,2447,2054,2529,1,LEV,RA0206_20200831,-7.2833166789749155,0,RawaPening,110.45525909351029,2020-08-31,"{""type"":""MultiPoint"",""coordinates"":[]}"
9_1923_0,242,146,620,832,758,898,742,817,777,674,1,LEV,RA0207_20200831,-7.2674807025555515,0,RawaPening,110.42858617593862,2020-08-31,"{""type"":""MultiPoint"",""coordinates"":[]}"
10_1924_0,2672,1202,433,890,370,1409,5229,6211,6168,6536,1,LEV,RA0001_20191105,-7.292490220876561,0,RawaPening,110.41734082254243,2019-11-05,"{""type"":""MultiPoint"",""coordinates"":[]}"
10_1925_0,2636,1134,406,866,353,1466,5324,6206,5900,6499,1,LEV,RA0003_20191105,-7.293745981069041,0,RawaPening,110.41813483317483,2019-11-05,"{""type"":""MultiPoint"",""coordinates"":[]}"
10_1926_0,2453,1048,431,855,379,1422,4815,5521,5412,5835,1,LEV,RA0004_20191105,-7.29485274984362,0,RawaPening,110.41774855773203,2019-11-05,"{""type"":""MultiPoint"",""coordinates"":[]}"
10_1927_0,2404,1031,468,888,377,1423,4562,5297,5400,5565,1,LEV,RA0005_20191105,-7.2961510712639415,0,RawaPening,110.41768417849158,2019-11-05,"{""type"":""MultiPoint"",""coordinates"":[]}"
10_1928_0,2788,1683,544,805,734,1264,3117,3671,3274,3960,1,LEV,RA0006_20191105,-7.293618276803608,0,RawaPening,110.41586010001164,2019-11-05,"{""type"":""MultiPoint"",""coordinates"":[]}"
10_1929_0,3645,2716,846,1130,1338,1763,2269,2511,2564,2844,1,LEV,RA0007_20191105,-7.296768304716512,0,RawaPening,110.41586010001164,2019-11-05,"{""type"":""MultiPoint"",""coordinates"":[]}"
10_1930_0,2893,1487,479,798,547,1336,3955,4481,4188,4893,1,LEV,RA0008_20191105,-7.291468582867352,0,RawaPening,110.41429353849361,2019-11-05,"{""type"":""MultiPoint"",""coordinates"":[]}"
10_1931_0,2892,1543,485,841,634,1350,3744,4321,4252,4807,1,LEV,RA0009_20191105,-7.28938273136153,0,RawaPening,110.41459397494913,2019-11-05,"{""type"":""MultiPoint"",""coordinates"":[]}"
10_1932_0,2956,1675,487,767,684,1278,3388,3817,3681,4209,1,LEV,RA0010_20191105,-7.292170959249093,0,RawaPening,110.41568842203708,2019-11-05,"{""type"":""MultiPoint"",""coordinates"":[]}"
10_1933_0,2410,1105,419,850,410,1304,4323,4964,5083,5358,1,LEV,RA0011_20191105,-7.286998889175451,0,RawaPening,110.41480857241737,2019-11-05,"{""type"":""MultiPoint"",""coordinates"":[]}"
10_1934_0,1922,1068,553,883,683,1323,2972,3753,3585,4116,1,LEV,RA0012_20191105,-7.285828246888709,0,RawaPening,110.41955135074019,2019-11-05,"{""type"":""MultiPoint"",""coordinates"":[]}"
10_1935_0,2829,1520,480,805,530,1316,3467,4319,4672,4606,1,LEV,RA0013_20191105,-7.285806962470768,0,RawaPening,110.41706202010879,2019-11-05,"{""type"":""MultiPoint"",""coordinates"":[]}"
10_1936_0,2024,985,504,875,521,1286,3500,4291,4676,4625,1,LEV,RA0014_20191105,-7.285147145012379,0,RawaPening,110.4213325097265,2019-11-05,"{""type"":""MultiPoint"",""coordinates"":[]}"
10_1937_0,1672,921,491,745,519,1123,2713,3474,3414,3639,1,LEV,RA0015_20191105,-7.283423101262198,0,RawaPening,110.42234111782713,2019-11-05,"{""type"":""MultiPoint"",""coordinates"":[]}"
10_1938_0,1644,870,503,856,529,1215,3078,4010,4124,4391,1,LEV,RA0016_20191105,-7.2811243659482825,0,RawaPening,110.4216114864352,2019-11-05,"{""type"":""MultiPoint"",""coordinates"":[]}"
10_1939_0,2209,1329,628,950,936,1478,2646,3098,3116,3414,1,LEV,RA0017_20191105,-7.281997035371903,0,RawaPening,110.42478752896488,2019-11-05,"{""type"":""MultiPoint"",""coordinates"":[]}"
10_1940_0,1892,996,556,918,705,1437,2993,3581,3629,3924,1,LEV,RA0018_20191105,-7.278442493189101,0,RawaPening,110.41873588036098,2019-11-05,"{""type"":""MultiPoint"",""coordinates"":[]}"
10_1941_0,3031,2074,985,1372,1804,1930,2493,2781,2977,3101,1,LEV,RA0019_20191105,-7.2791874594529515,0,RawaPening,110.41555983783124,2019-11-05,"{""type"":""MultiPoint"",""coordinates"":[]}"
10_1942_0,1463,773,399,626,387,816,2317,3062,3066,3218,1,LEV,RA0020_20191105,-7.283295394053938,0,RawaPening,110.4148731259329,2019-11-05,"{""type"":""MultiPoint"",""coordinates"":[]}"
10_1943_0,1493,722,403,697,422,1092,2890,3903,3818,4135,1,LEV,RA0021_20191105,-7.283231540436208,0,RawaPening,110.40817768492425,2019-11-05,"{""type"":""MultiPoint"",""coordinates"":[]}"
10_1944_0,1739,934,537,877,545,1302,2964,3877,4064,4056,1,LEV,RA0022_20191105,-7.286445494570012,0,RawaPening,110.40631068695072,2019-11-05,"{""type"":""MultiPoint"",""coordinates"":[]}"
10_1945_0,1921,1065,545,830,797,1314,2668,3423,3095,3781,1,LEV,RA0023_20191105,-7.287871546306419,0,RawaPening,110.41088161302389,2019-11-05,"{""type"":""MultiPoint"",""coordinates"":[]}"
10_1946_0,1979,1105,890,1380,1117,1403,3558,4087,3947,4180,1,LEV,RA0024_20191105,-7.283763653639621,0,RawaPening,110.42470168997761,2019-11-05,"{""type"":""MultiPoint"",""coordinates"":[]}"
10_1947_0,2637,1174,457,959,381,1495,5215,6373,6309,6485,1,LEV,RA0025_20191105,-7.284040352255794,0,RawaPening,110.43081771782201,2019-11-05,"{""type"":""MultiPoint"",""coordinates"":[]}"
10_1948_0,1336,616,592,939,700,1177,2068,2212,1925,2274,1,LEV,RA0026_20191105,-7.291553719519138,0,RawaPening,110.43453009219546,2019-11-05,"{""type"":""MultiPoint"",""coordinates"":[]}"
10_1949_0,2876,1529,482,770,623,1355,3747,4268,3928,4744,1,LEV,RA0027_20191105,-7.29908824424249,0,RawaPening,110.44800601443919,2019-11-05,"{""type"":""MultiPoint"",""coordinates"":[]}"
10_1950_0,2630,1593,602,932,936,1389,3004,3518,3239,3794,1,LEV,RA0028_20191105,-7.302429786336259,0,RawaPening,110.44246939975898,2019-11-05,"{""type"":""MultiPoint"",""coordinates"":[]}"
10_1951_0,2425,1291,415,725,594,1228,3039,3535,3318,3927,1,LEV,RA0029_20191105,-7.301578440402421,0,RawaPening,110.44455099520076,2019-11-05,"{""type"":""MultiPoint"",""coordinates"":[]}"
10_1952_0,2793,1584,422,814,467,1264,3523,4404,4949,4580,1,LEV,RA0030_20191105,-7.3037706528947615,0,RawaPening,110.44551668380781,2019-11-05,"{""type"":""MultiPoint"",""coordinates"":[]}"
10_1953_0,3014,1924,504,721,795,1319,2272,2581,2710,3121,1,LEV,RA0031_20191105,-7.306920609851603,0,RawaPening,110.43843508146503,2019-11-05,"{""type"":""MultiPoint"",""coordinates"":[]}"
10_1954_0,584,346,343,661,299,752,1623,2130,3920,2463,3,floating_plants,RA0032_20191105,-7.287988611011641,1,RawaPening,110.41808611098207,2019-11-05,"{""type"":""MultiPoint"",""coordinates"":[]}"
10_1955_0,727,367,377,616,321,849,2043,2794,3673,2950,3,floating_plants,RA0033_20191105,-7.288563287143756,1,RawaPening,110.41796271743785,2019-11-05,"{""type"":""MultiPoint"",""coordinates"":[]}"
10_1956_0,642,313,323,618,320,754,1890,2594,4116,2706,3,floating_plants,RA0034_20191105,-7.288435581400306,1,RawaPening,110.422571198068,2019-11-05,"{""type"":""MultiPoint"",""coordinates"":[]}"
10_1957_0,560,269,349,617,303,649,1756,1864,3818,2077,3,floating_plants,RA0035_20191105,-7.2892124574432575,1,RawaPening,110.4198136206013,2019-11-05,"{""type"":""MultiPoint"",""coordinates"":[]}"
10_1958_0,744,323,349,612,303,804,2342,2444,3203,2666,3,floating_plants,RA0036_20191105,-7.289611537078456,1,RawaPening,110.41891231123476,2019-11-05,"{""type"":""MultiPoint"",""coordinates"":[]}"
10_1959_0,795,359,426,662,367,870,1869,2435,2802,2429,3,floating_plants,RA0037_20191105,-7.288393012811082,1,RawaPening,110.41890158136134,2019-11-05,"{""type"":""MultiPoint"",""coordinates"":[]}"
10_1960_0,733,367,371,669,323,809,2059,2708,3673,2649,3,floating_plants,RA0038_20191105,-7.287030815739088,1,RawaPening,110.41937877338171,2019-11-05,"{""type"":""MultiPoint"",""coordinates"":[]}"
10_1961_0,790,330,317,633,285,896,3009,3410,4597,3683,3,floating_plants,RA0039_20191105,-7.287781088812952,1,RawaPening,110.42414820211303,2019-11-05,"{""type"":""MultiPoint"",""coordinates"":[]}"
10_1962_0,763,416,424,650,451,796,1669,2001,1643,1870,3,floating_plants,RA0040_20191105,-7.286716871314097,1,RawaPening,110.42294109135425,2019-11-05,"{""type"":""MultiPoint"",""coordinates"":[]}"
10_1963_0,677,282,341,588,257,837,2411,3739,4428,3711,3,floating_plants,RA0041_20191105,-7.290143642836026,1,RawaPening,110.42737748010649,2019-11-05,"{""type"":""MultiPoint"",""coordinates"":[]}"
10_1964_0,485,229,312,626,291,672,1679,1986,4162,2208,3,floating_plants,RA0042_20191105,-7.290649142596277,1,RawaPening,110.42869188959936,2019-11-05,"{""type"":""MultiPoint"",""coordinates"":[]}"
10_1965_0,806,334,329,540,279,884,2849,3236,3065,3326,3,floating_plants,RA0043_20191105,-7.293330942617216,1,RawaPening,110.42764575546892,2019-11-05,"{""type"":""MultiPoint"",""coordinates"":[]}"
10_1966_0,691,294,319,573,291,821,2237,3246,3415,3169,3,floating_plants,RA0044_20191105,-7.292351874743375,1,RawaPening,110.42897625977191,2019-11-05,"{""type"":""MultiPoint"",""coordinates"":[]}"
10_1967_0,688,302,314,598,262,780,2299,2913,4104,3183,3,floating_plants,RA0045_20191105,-7.294480280643401,1,RawaPening,110.42430342790985,2019-11-05,"{""type"":""MultiPoint"",""coordinates"":[]}"
10_1968_0,943,434,328,511,289,874,2844,2953,2269,3183,3,floating_plants,RA0046_20191105,-7.295262467191255,1,RawaPening,110.42594509854175,2019-11-05,"{""type"":""MultiPoint"",""coordinates"":[]}"
10_1969_0,486,222,326,593,282,559,1713,1783,3355,2048,3,floating_plants,RA0047_20191105,-7.2940333162881075,1,RawaPening,110.42707710018662,2019-11-05,"{""type"":""MultiPoint"",""coordinates"":[]}"
10_1970_0,850,303,310,633,278,955,2844,4021,4368,3617,3,floating_plants,RA0048_20191105,-7.297188662449089,1,RawaPening,110.42710912175589,2019-11-05,"{""type"":""MultiPoint"",""coordinates"":[]}"
10_1971_0,900,363,333,647,256,859,3058,3579,4996,3835,3,floating_plants,RA0049_20191105,-7.295767961229306,1,RawaPening,110.43201813790863,2019-11-05,"{""type"":""MultiPoint"",""coordinates"":[]}"
10_1972_0,837,368,304,617,243,912,3266,4199,4729,4076,3,floating_plants,RA0050_20191105,-7.296502256731361,1,RawaPening,110.43443235942615,2019-11-05,"{""type"":""MultiPoint"",""coordinates"":[]}"
10_1973_0,668,277,329,450,271,736,2166,2475,1552,2562,3,floating_plants,RA0051_20191105,-7.294171662193478,1,RawaPening,110.43750085944413,2019-11-05,"{""type"":""MultiPoint"",""coordinates"":[]}"
10_1974_0,808,373,350,549,280,800,3093,3163,3165,3265,3,floating_plants,RA0052_20191105,-7.295140084099868,1,RawaPening,110.43473255210407,2019-11-05,"{""type"":""MultiPoint"",""coordinates"":[]}"
10_1975_0,645,280,316,612,254,767,2146,3268,4593,3371,3,floating_plants,RA0053_20191105,-7.287935400065493,1,RawaPening,110.42832717556384,2019-11-05,"{""type"":""MultiPoint"",""coordinates"":[]}"
10_1976_0,472,265,355,566,333,574,919,1138,2685,1041,3,floating_plants,RA0054_20191105,-7.286839256380123,1,RawaPening,110.43614925328066,2019-11-05,"{""type"":""MultiPoint"",""coordinates"":[]}"
10_1977_0,678,281,380,642,368,757,2516,2995,3208,2555,3,floating_plants,RA0055_20191105,-7.278612771264359,1,RawaPening,110.4316426120489,2019-11-05,"{""type"":""MultiPoint"",""coordinates"":[]}"
10_1978_0,842,507,379,691,389,888,1993,2111,3548,2263,3,floating_plants,RA0056_20191105,-7.28127335837218,1,RawaPening,110.42905671255681,2019-11-05,"{""type"":""MultiPoint"",""coordinates"":[]}"
10_1979_0,817,354,309,642,273,925,2842,3333,5155,3643,3,floating_plants,RA0057_20191105,-7.2777294528551435,1,RawaPening,110.4208590892706,2019-11-05,"{""type"":""MultiPoint"",""coordinates"":[]}"
10_1980_0,660,361,390,622,385,801,1654,1790,2728,1991,3,floating_plants,RA0058_20191105,-7.282539792500394,1,RawaPening,110.43698533070365,2019-11-05,"{""type"":""MultiPoint"",""coordinates"":[]}"
10_1981_0,458,285,351,617,322,689,1133,1460,2841,1254,3,floating_plants,RA0059_20191105,-7.285434485398435,1,RawaPening,110.43607366076088,2019-11-05,"{""type"":""MultiPoint"",""coordinates"":[]}"
10_1982_0,538,238,413,697,427,812,1668,2018,2781,2202,3,floating_plants,RA0060_20191105,-7.27290841888254,1,RawaPening,110.43340181128485,2019-11-05,"{""type"":""MultiPoint"",""coordinates"":[]}"
10_1983_0,1285,548,346,649,287,1078,3989,4781,5296,4639,3,floating_plants,RA0061_20191105,-7.27190802102865,1,RawaPening,110.43495787944568,2019-11-05,"{""type"":""MultiPoint"",""coordinates"":[]}"
10_1984_0,761,367,391,658,346,892,2403,2846,3996,2823,3,floating_plants,RA0062_20191105,-7.272599785529759,1,RawaPening,110.43505444830637,2019-11-05,"{""type"":""MultiPoint"",""coordinates"":[]}"
10_1985_0,818,404,441,713,439,975,2437,2975,2765,3228,3,floating_plants,RA0063_20191105,-7.27274878082127,1,RawaPening,110.4361059759007,2019-11-05,"{""type"":""MultiPoint"",""coordinates"":[]}"
10_1986_0,735,333,321,641,317,915,2535,3082,4299,3053,3,floating_plants,RA0064_20191105,-7.273706606514568,1,RawaPening,110.43560167185035,2019-11-05,"{""type"":""MultiPoint"",""coordinates"":[]}"
10_1987_0,1139,467,341,675,310,1059,3969,4893,5297,5248,3,floating_plants,RA0065_20191105,-7.278612771182415,1,RawaPening,110.4209556332349,2019-11-05,"{""type"":""MultiPoint"",""coordinates"":[]}"
10_1988_0,871,390,345,662,263,963,3290,3753,4908,3615,3,floating_plants,RA0066_20191105,-7.276824847593743,1,RawaPening,110.4223831887671,2019-11-05,"{""type"":""MultiPoint"",""coordinates"":[]}"
10_1989_0,492,248,495,709,459,731,1321,1472,2072,1378,3,floating_plants,RA0067_20191105,-7.278038082107719,1,RawaPening,110.42842410749763,2019-11-05,"{""type"":""MultiPoint"",""coordinates"":[]}"
10_1990_0,811,404,368,655,327,924,2399,2592,3183,2879,3,floating_plants,RA0068_20191105,-7.2787830490431755,1,RawaPening,110.42815586066237,2019-11-05,"{""type"":""MultiPoint"",""coordinates"":[]}"
10_1991_0,640,269,369,672,349,796,2223,2789,3553,2517,3,floating_plants,RA0069_20191105,-7.277484677554587,1,RawaPening,110.43411045596237,2019-11-05,"{""type"":""MultiPoint"",""coordinates"":[]}"
10_1992_0,591,304,330,599,295,725,2365,2505,3986,2164,3,floating_plants,RA0070_20191105,-7.281475562574831,1,RawaPening,110.43015111296394,2019-11-05,"{""type"":""MultiPoint"",""coordinates"":[]}"
10_1993_0,617,271,481,716,419,801,1867,2267,3098,2418,3,floating_plants,RA0071_20191105,-7.2889996147838065,1,RawaPening,110.42170714553842,2019-11-05,"{""type"":""MultiPoint"",""coordinates"":[]}"
10_1994_0,328,275,493,567,486,517,357,392,352,317,2,open_water,RA0072_20191105,-7.2873394382981616,0,RawaPening,110.41708363545835,2019-11-05,"{""type"":""MultiPoint"",""coordinates"":[]}"
10_1995_0,237,188,462,556,435,482,339,323,304,287,2,open_water,RA0073_20191105,-7.2898722682741965,0,RawaPening,110.41804932406538,2019-11-05,"{""type"":""MultiPoint"",""coordinates"":[]}"
10_1996_0,92,88,353,386,327,356,179,177,166,127,2,open_water,RA0074_20191105,-7.290595931351094,0,RawaPening,110.42646154481982,2019-11-05,"{""type"":""MultiPoint"",""coordinates"":[]}"
10_1997_0,140,118,395,420,398,448,287,321,273,221,2,open_water,RA0075_20191105,-7.28893576138028,0,RawaPening,110.42809248557832,2019-11-05,"{""type"":""MultiPoint"",""coordinates"":[]}"
10_1998_0,244,222,487,520,446,466,249,222,239,198,2,open_water,RA0076_20191105,-7.2843170510189355,0,RawaPening,110.43811418734444,2019-11-05,"{""type"":""MultiPoint"",""coordinates"":[]}"
10_1999_0,283,222,422,502,415,459,362,259,283,298,2,open_water,RA0077_20191105,-7.287488428693145,0,RawaPening,110.43594675291538,2019-11-05,"{""type"":""MultiPoint"",""coordinates"":[]}"
10_2000_0,322,264,448,477,445,420,351,171,289,339,2,open_water,RA0078_20191105,-7.28506200752286,0,RawaPening,110.44165504557014,2019-11-05,"{""type"":""MultiPoint"",""coordinates"":[]}"
10_2001_0,257,195,474,528,436,451,300,359,288,324,2,open_water,RA0079_20191105,-7.295299713560512,0,RawaPening,110.43534588207906,2019-11-05,"{""type"":""MultiPoint"",""coordinates"":[]}"
10_2002_0,182,164,423,452,386,424,252,268,222,211,2,open_water,RA0080_20191105,-7.294554774084171,0,RawaPening,110.4332213671436,2019-11-05,"{""type"":""MultiPoint"",""coordinates"":[]}"
10_2003_0,102,111,321,379,260,271,190,194,139,155,2,open_water,RA0081_20191105,-7.299045676130653,0,RawaPening,110.42296360816246,2019-11-05,"{""type"":""MultiPoint"",""coordinates"":[]}"
