system:index,B11,B12,B2,B3,B4,B5,B6,B7,B8,B8A,class_int,class_label,label_id,latitude,lc,location,longitude,obs_date,.geo
0_0_0,211,149,290,415,249,346,213,247,203,118,2,open_water,MU0001_20211026,18.567615713461986,0,Mula,73.78862078946027,2021-10-26,"{""type"":""MultiPoint"",""coordinates"":[]}"
0_1_0,262,200,321,443,286,415,230,260,269,174,2,open_water,MU0002_20211026,18.569019220611395,0,Mula,73.78987576071131,2021-10-26,"{""type"":""MultiPoint"",""coordinates"":[]}"
0_2_0,415,248,280,416,250,411,311,471,226,453,2,open_water,MU0030_20211026,18.56952773488337,0,Mula,73.82214737289834,2021-10-26,"{""type"":""MultiPoint"",""coordinates"":[]}"
0_3_0,353,219,289,390,262,379,291,402,292,297,2,open_water,MU0031_20211026,18.569273477956482,0,Mula,73.82272659039883,2021-10-26,"{""type"":""MultiPoint"",""coordinates"":[]}"
0_4_0,671,407,300,384,257,567,716,722,227,878,2,open_water,MU0032_20211026,18.56917177501227,0,Mula,73.8240202956942,2021-10-26,"{""type"":""MultiPoint"",""coordinates"":[]}"
0_5_0,266,143,258,394,250,377,198,303,283,239,2,open_water,MU0033_20211026,18.56881072930954,0,Mula,73.82457806069466,2021-10-26,"{""type"":""MultiPoint"",""coordinates"":[]}"
0_6_0,243,163,275,352,215,339,259,259,255,115,2,open_water,MU0034_20211026,18.568561556477405,0,Mula,73.82572576944563,2021-10-26,"{""type"":""MultiPoint"",""coordinates"":[]}"
0_7_0,307,188,272,355,225,337,307,308,277,235,2,open_water,MU0035_20211026,18.568129317027612,0,Mula,73.82674476319649,2021-10-26,"{""type"":""MultiPoint"",""coordinates"":[]}"
0_8_0,237,151,195,344,175,351,187,274,262,194,2,open_water,MU0036_20211026,18.56818525395929,0,Mula,73.82772621507233,2021-10-26,"{""type"":""MultiPoint"",""coordinates"":[]}"
0_9_0,576,331,290,438,274,493,896,919,283,862,2,open_water,MU0037_20211026,18.56804795418517,0,Mula,73.82820889632275,2021-10-26,"{""type"":""MultiPoint"",""coordinates"":[]}"
0_10_0,273,175,223,343,214,375,267,327,211,237,2,open_water,MU0038_20211026,18.568775133212945,0,Mula,73.82952822507387,2021-10-26,"{""type"":""MultiPoint"",""coordinates"":[]}"
0_11_0,466,238,226,330,186,427,624,588,275,766,2,open_water,MU0039_20211026,18.56844459767557,0,Mula,73.82885783444829,2021-10-26,"{""type"":""MultiPoint"",""coordinates"":[]}"
0_12_0,423,263,255,352,246,402,371,358,261,414,2,open_water,MU0040_20211026,18.57039729076853,0,Mula,73.83054300778521,2021-10-26,"{""type"":""MultiPoint"",""coordinates"":[]}"
0_13_0,307,238,242,394,221,430,360,254,180,292,2,open_water,MU0041_20211026,18.57076341821058,0,Mula,73.83093451591053,2021-10-26,"{""type"":""MultiPoint"",""coordinates"":[]}"
0_14_0,444,248,272,375,240,387,457,596,294,400,2,open_water,MU0042_20211026,18.569415861942396,0,Mula,73.83025339903494,2021-10-26,"{""type"":""MultiPoint"",""coordinates"":[]}"
0_15_0,271,165,244,348,227,380,322,34,233,277,2,open_water,MU0043_20211026,18.572029603046346,0,Mula,73.83107409939342,2021-10-26,"{""type"":""MultiPoint"",""coordinates"":[]}"
0_16_0,205,147,284,372,269,332,197,209,195,151,2,open_water,MU0044_20211026,18.572288940916636,0,Mula,73.83177130564404,2021-10-26,"{""type"":""MultiPoint"",""coordinates"":[]}"
0_17_0,238,186,304,366,265,392,170,272,229,98,2,open_water,MU0045_20211026,18.571495670895033,0,Mula,73.83127253501858,2021-10-26,"{""type"":""MultiPoint"",""coordinates"":[]}"
0_18_0,496,302,241,357,242,410,537,522,172,644,2,open_water,MU0046_20211026,18.57129735281306,0,Mula,73.83073622251814,2021-10-26,"{""type"":""MultiPoint"",""coordinates"":[]}"
0_19_0,196,161,316,324,247,321,268,281,212,199,2,open_water,MU0047_20211026,18.57311780255444,0,Mula,73.83218980395276,2021-10-26,"{""type"":""MultiPoint"",""coordinates"":[]}"
0_20_0,232,191,294,279,256,254,159,313,215,159,2,open_water,MU0048_20211026,18.573402563867646,0,Mula,73.83147114520217,2021-10-26,"{""type"":""MultiPoint"",""coordinates"":[]}"
0_21_0,201,144,330,352,262,277,219,174,180,188,2,open_water,MU0049_20211026,18.57425176007942,0,Mula,73.83345055080387,2021-10-26,"{""type"":""MultiPoint"",""coordinates"":[]}"
0_22_0,215,146,325,378,291,359,250,249,199,190,2,open_water,MU0050_20211026,18.574389054858884,0,Mula,73.8345017233048,2021-10-26,"{""type"":""MultiPoint"",""coordinates"":[]}"
0_23_0,188,157,293,297,265,330,222,221,190,187,2,open_water,MU0051_20211026,18.574536519498864,0,Mula,73.83400295267936,2021-10-26,"{""type"":""MultiPoint"",""coordinates"":[]}"
0_24_0,241,181,294,339,256,317,205,205,156,196,2,open_water,MU0052_20211026,18.57519248149556,0,Mula,73.83554813523043,2021-10-26,"{""type"":""MultiPoint"",""coordinates"":[]}"
0_25_0,194,151,313,352,266,338,212,251,182,180,2,open_water,MU0053_20211026,18.57493823301484,0,Mula,73.83474366647972,2021-10-26,"{""type"":""MultiPoint"",""coordinates"":[]}"
0_26_0,248,133,312,333,260,296,262,268,309,293,2,open_water,MU0054_20211026,18.57558402341431,0,Mula,73.83679774335648,2021-10-26,"{""type"":""MultiPoint"",""coordinates"":[]}"
0_27_0,220,154,342,383,262,347,311,251,267,255,2,open_water,MU0055_20211026,18.575085697179833,0,Mula,73.83741450273202,2021-10-26,"{""type"":""MultiPoint"",""coordinates"":[]}"
0_28_0,196,148,282,271,234,243,242,289,253,203,2,open_water,MU0056_20211026,18.57541113488571,0,Mula,73.83804735148254,2021-10-26,"{""type"":""MultiPoint"",""coordinates"":[]}"
0_29_0,198,139,262,315,232,300,261,253,224,271,2,open_water,MU0057_20211026,18.574851788445038,0,Mula,73.83863729523307,2021-10-26,"{""type"":""MultiPoint"",""coordinates"":[]}"
0_30_0,183,119,284,349,242,306,289,281,260,251,2,open_water,MU0058_20211026,18.57458228434448,0,Mula,73.83985096871446,2021-10-26,"{""type"":""MultiPoint"",""coordinates"":[]}"
0_31_0,196,133,260,337,232,295,260,237,244,209,2,open_water,MU0059_20211026,18.57493823285441,0,Mula,73.83936292433904,2021-10-26,"{""type"":""MultiPoint"",""coordinates"":[]}"
0_32_0,242,164,297,369,248,353,310,272,249,212,2,open_water,MU0060_20211026,18.574028020185253,0,Mula,73.84070370559017,2021-10-26,"{""type"":""MultiPoint"",""coordinates"":[]}"
0_33_0,409,221,249,330,235,387,348,523,274,578,2,open_water,MU0061_20211026,18.57394666015702,0,Mula,73.84155644246589,2021-10-26,"{""type"":""MultiPoint"",""coordinates"":[]}"
0_34_0,279,145,308,360,264,306,281,286,206,335,2,open_water,MU0062_20211026,18.57321441815595,0,Mula,73.84255398371673,2021-10-26,"{""type"":""MultiPoint"",""coordinates"":[]}"
0_35_0,177,127,300,354,247,271,262,322,231,219,2,open_water,MU0063_20211026,18.573122887684725,0,Mula,73.84340135746746,2021-10-26,"{""type"":""MultiPoint"",""coordinates"":[]}"
0_36_0,249,151,318,367,270,351,280,272,281,184,2,open_water,MU0064_20211026,18.57267031963268,0,Mula,73.84408247434304,2021-10-26,"{""type"":""MultiPoint"",""coordinates"":[]}"
0_37_0,186,129,242,328,248,276,220,303,232,237,2,open_water,MU0065_20211026,18.572802530648488,0,Mula,73.8446402393435,2021-10-26,"{""type"":""MultiPoint"",""coordinates"":[]}"
0_38_0,180,135,293,348,240,302,287,249,208,292,2,open_water,MU0066_20211026,18.572527938424116,0,Mula,73.84512828371895,2021-10-26,"{""type"":""MultiPoint"",""coordinates"":[]}"
0_39_0,265,169,314,321,266,362,353,258,255,178,2,open_water,MU0067_20211026,18.57232453649134,0,Mula,73.84597029434464,2021-10-26,"{""type"":""MultiPoint"",""coordinates"":[]}"
0_40_0,182,116,266,292,236,264,220,199,254,199,2,open_water,MU0068_20211026,18.572827955832086,0,Mula,73.84650660684508,2021-10-26,"{""type"":""MultiPoint"",""coordinates"":[]}"
0_41_0,174,124,222,283,219,249,213,209,181,153,2,open_water,MU0069_20211026,18.573133057738556,0,Mula,73.84756970423037,2021-10-26,"{""type"":""MultiPoint"",""coordinates"":[]}"
0_42_0,383,265,358,348,275,453,484,391,217,368,2,open_water,MU0070_20211026,18.572853381010923,0,Mula,73.8481489217309,2021-10-26,"{""type"":""MultiPoint"",""coordinates"":[]}"
0_43_0,173,110,267,293,221,289,268,253,196,243,2,open_water,MU0071_20211026,18.573382223891308,0,Mula,73.84830445235603,2021-10-26,"{""type"":""MultiPoint"",""coordinates"":[]}"
0_44_0,212,134,304,374,283,344,363,312,281,297,2,open_water,MU0072_20211026,18.57320933313011,0,Mula,73.84911428423172,2021-10-26,"{""type"":""MultiPoint"",""coordinates"":[]}"
0_45_0,165,105,252,310,226,285,243,266,229,188,2,open_water,MU0073_20211026,18.57398225517319,0,Mula,73.84945752423198,2021-10-26,"{""type"":""MultiPoint"",""coordinates"":[]}"
0_46_0,186,135,255,333,228,335,241,257,236,239,2,open_water,MU0074_20211026,18.57441447978824,0,Mula,73.8500474679825,2021-10-26,"{""type"":""MultiPoint"",""coordinates"":[]}"
0_47_0,165,116,289,333,232,333,278,329,226,183,2,open_water,MU0075_20211026,18.57431277997739,0,Mula,73.850626685483,2021-10-26,"{""type"":""MultiPoint"",""coordinates"":[]}"
0_48_0,171,123,283,314,230,329,289,291,217,231,2,open_water,MU0076_20211026,18.575019592555595,0,Mula,73.85076139201836,2021-10-26,"{""type"":""MultiPoint"",""coordinates"":[]}"
0_49_0,182,123,324,343,246,326,322,277,241,294,2,open_water,MU0077_20211026,18.575334860464807,0,Mula,73.85157122389404,2021-10-26,"{""type"":""MultiPoint"",""coordinates"":[]}"
0_50_0,182,83,231,296,202,255,153,254,208,144,2,open_water,MU0078_20211026,18.57599590418819,0,Mula,73.85137278826886,2021-10-26,"{""type"":""MultiPoint"",""coordinates"":[]}"
0_51_0,186,123,298,357,277,322,211,268,219,203,2,open_water,MU0079_20211026,18.576484057907933,0,Mula,73.85171066514418,2021-10-26,"{""type"":""MultiPoint"",""coordinates"":[]}"
0_52_0,173,123,348,414,281,426,297,279,263,219,2,open_water,MU0080_20211026,18.577216286074417,0,Mula,73.85229568539826,2021-10-26,"{""type"":""MultiPoint"",""coordinates"":[]}"
0_53_0,139,98,261,370,219,344,289,227,199,177,2,open_water,MU0081_20211026,18.5778671527308,0,Mula,73.85203825539803,2021-10-26,"{""type"":""MultiPoint"",""coordinates"":[]}"
0_54_0,171,120,281,380,231,398,268,301,222,188,2,open_water,MU0082_20211026,18.57825868850668,0,Mula,73.85273546164863,2021-10-26,"{""type"":""MultiPoint"",""coordinates"":[]}"
0_55_0,181,113,282,400,233,379,277,273,210,224,2,open_water,MU0083_20211026,18.578594289884535,0,Mula,73.8523278641483,2021-10-26,"{""type"":""MultiPoint"",""coordinates"":[]}"
0_56_0,150,128,277,384,247,365,273,276,219,170,2,open_water,MU0084_20211026,18.579377357340388,0,Mula,73.85259080855745,2021-10-26,"{""type"":""MultiPoint"",""coordinates"":[]}"
0_57_0,171,129,308,406,260,415,246,278,225,210,2,open_water,MU0085_20211026,18.579748550328958,0,Mula,73.85296622730777,2021-10-26,"{""type"":""MultiPoint"",""coordinates"":[]}"
0_58_0,180,119,280,378,238,387,294,299,244,264,2,open_water,MU0086_20211026,18.58066381739668,0,Mula,73.85310575906965,2021-10-26,"{""type"":""MultiPoint"",""coordinates"":[]}"
0_59_0,190,119,283,384,269,396,304,263,245,221,2,open_water,MU0087_20211026,18.58100958362402,0,Mula,73.85379223907024,2021-10-26,"{""type"":""MultiPoint"",""coordinates"":[]}"
0_60_0,181,133,300,369,261,337,265,258,201,203,2,open_water,MU0088_20211026,18.58155874030806,0,Mula,73.85377614969522,2021-10-26,"{""type"":""MultiPoint"",""coordinates"":[]}"
0_61_0,183,160,301,364,250,308,283,299,225,224,2,open_water,MU0089_20211026,18.5820163696835,0,Mula,73.85423228039079,2021-10-26,"{""type"":""MultiPoint"",""coordinates"":[]}"
0_62_0,276,227,291,313,256,361,227,304,223,247,2,open_water,MU0090_20211026,18.582219760052787,0,Mula,73.85479540851624,2021-10-26,"{""type"":""MultiPoint"",""coordinates"":[]}"
0_63_0,240,122,364,391,299,371,284,313,239,237,2,open_water,MU0091_20211026,18.582031623969606,0,Mula,73.85551943039185,2021-10-26,"{""type"":""MultiPoint"",""coordinates"":[]}"
0_64_0,215,152,334,414,290,429,304,359,283,256,2,open_water,MU0092_20211026,18.58242315017932,0,Mula,73.85640970914261,2021-10-26,"{""type"":""MultiPoint"",""coordinates"":[]}"
0_65_0,232,165,314,370,266,384,291,256,254,220,2,open_water,MU0093_20211026,18.58274348913643,0,Mula,73.85716054664327,2021-10-26,"{""type"":""MultiPoint"",""coordinates"":[]}"
0_66_0,198,130,294,414,261,453,253,276,253,254,2,open_water,MU0094_20211026,18.58359263889216,0,Mula,73.85844326320448,2021-10-26,"{""type"":""MultiPoint"",""coordinates"":[]}"
0_67_0,256,160,344,429,296,407,370,340,301,218,2,open_water,MU0095_20211026,18.58304857349343,0,Mula,73.85812147570424,2021-10-26,"{""type"":""MultiPoint"",""coordinates"":[]}"
0_68_0,210,142,290,366,245,363,200,264,196,179,2,open_water,MU0097_20211026,18.58386212858659,0,Mula,73.86005220070587,2021-10-26,"{""type"":""MultiPoint"",""coordinates"":[]}"
0_69_0,221,189,308,447,268,417,341,225,260,91,2,open_water,MU0098_20211026,18.5836078930372,0,Mula,73.86107655758175,2021-10-26,"{""type"":""MultiPoint"",""coordinates"":[]}"
0_70_0,215,111,258,334,220,351,192,225,190,209,2,open_water,MU0099_20211026,18.584096024957027,0,Mula,73.86095320570664,2021-10-26,"{""type"":""MultiPoint"",""coordinates"":[]}"
0_71_0,158,109,275,378,236,362,252,272,169,205,2,open_water,MU0100_20211026,18.583790942641397,0,Mula,73.86427472696151,2021-10-26,"{""type"":""MultiPoint"",""coordinates"":[]}"
0_72_0,132,99,271,351,231,334,211,221,171,174,2,open_water,MU0101_20211026,18.583328233465174,0,Mula,73.86461260383683,2021-10-26,"{""type"":""MultiPoint"",""coordinates"":[]}"
0_73_0,152,118,292,366,222,366,222,213,183,154,2,open_water,MU0102_20211026,18.583216369519725,0,Mula,73.86525617883737,2021-10-26,"{""type"":""MultiPoint"",""coordinates"":[]}"
0_74_0,163,109,265,378,236,363,224,244,195,140,2,open_water,MU0103_20211026,18.582789251961607,0,Mula,73.86482712883699,2021-10-26,"{""type"":""MultiPoint"",""coordinates"":[]}"
0_75_0,141,88,272,364,229,342,225,221,181,154,2,open_water,MU0104_20211026,18.58271806559783,0,Mula,73.86561014508767,2021-10-26,"{""type"":""MultiPoint"",""coordinates"":[]}"
0_76_0,166,126,278,369,237,360,265,244,215,161,2,open_water,MU0105_20211026,18.582270607634854,0,Mula,73.86601266004948,2021-10-26,"{""type"":""MultiPoint"",""coordinates"":[]}"
0_77_0,181,111,271,360,220,403,285,267,209,193,2,open_water,MU0106_20211026,18.581716368473437,0,Mula,73.86599657067448,2021-10-26,"{""type"":""MultiPoint"",""coordinates"":[]}"
0_78_0,171,114,258,368,210,395,274,281,271,178,2,open_water,MU0107_20211026,18.581065516402276,0,Mula,73.86663520536925,2021-10-26,"{""type"":""MultiPoint"",""coordinates"":[]}"
0_79_0,159,119,235,326,210,360,285,285,229,209,2,open_water,MU0108_20211026,18.579936689143317,0,Mula,73.86720905974475,2021-10-26,"{""type"":""MultiPoint"",""coordinates"":[]}"
0_80_0,188,113,266,350,219,353,243,247,201,187,2,open_water,MU0109_20211026,18.57957566605445,0,Mula,73.86780489158849,2021-10-26,"{""type"":""MultiPoint"",""coordinates"":[]}"
0_81_0,178,101,233,356,217,350,259,232,189,180,2,open_water,MU0110_20211026,18.579138369676574,0,Mula,73.86805695846371,2021-10-26,"{""type"":""MultiPoint"",""coordinates"":[]}"
0_82_0,154,119,278,348,221,342,290,274,181,209,2,open_water,MU0111_20211026,18.578873957368966,0,Mula,73.8687434384643,2021-10-26,"{""type"":""MultiPoint"",""coordinates"":[]}"
0_83_0,157,127,283,349,225,334,276,247,205,185,2,open_water,MU0112_20211026,18.578340046651412,0,Mula,73.86905986283958,2021-10-26,"{""type"":""MultiPoint"",""coordinates"":[]}"
0_84_0,162,99,278,348,250,315,272,241,206,208,2,open_water,MU0113_20211026,18.578040038942966,0,Mula,73.86951036533996,2021-10-26,"{""type"":""MultiPoint"",""coordinates"":[]}"
0_85_0,250,163,360,424,311,443,394,335,279,301,2,open_water,MU0114_20211026,18.576840002530464,0,Mula,73.87050327531807,2021-10-26,"{""type"":""MultiPoint"",""coordinates"":[]}"
0_86_0,274,184,335,405,257,395,305,346,295,274,2,open_water,MU0115_20211026,18.57631117052266,0,Mula,73.87113516852295,2021-10-26,"{""type"":""MultiPoint"",""coordinates"":[]}"
0_87_0,279,163,304,391,281,370,252,345,287,261,2,open_water,MU0116_20211026,18.57552808912584,0,Mula,73.87241159227405,2021-10-26,"{""type"":""MultiPoint"",""coordinates"":[]}"
0_88_0,708,403,1194,1244,1224,1165,933,1003,1241,963,2,open_water,MU0117_20211026,18.574612794622603,0,Mula,73.87299080977454,2021-10-26,"{""type"":""MultiPoint"",""coordinates"":[]}"
0_89_0,176,129,304,407,277,306,183,210,163,141,2,open_water,MU0118_20211026,18.57860954484361,0,Mula,73.8820829510417,2021-10-26,"{""type"":""MultiPoint"",""coordinates"":[]}"
0_90_0,206,138,322,412,288,302,230,270,179,227,2,open_water,MU0119_20211026,18.576901022011068,0,Mula,73.88165390104132,2021-10-26,"{""type"":""MultiPoint"",""coordinates"":[]}"
0_91_0,181,151,307,434,300,313,215,188,171,196,2,open_water,MU0120_20211026,18.575843356438558,0,Mula,73.88122485104095,2021-10-26,"{""type"":""MultiPoint"",""coordinates"":[]}"
0_92_0,186,143,280,434,292,328,200,199,200,180,2,open_water,MU0121_20211026,18.575212821917706,0,Mula,73.88167535354134,2021-10-26,"{""type"":""MultiPoint"",""coordinates"":[]}"
0_93_0,195,150,327,433,278,333,217,209,185,203,2,open_water,MU0122_20211026,18.578833278708426,0,Mula,73.8831770285426,2021-10-26,"{""type"":""MultiPoint"",""coordinates"":[]}"
0_94_0,170,120,277,389,252,392,217,249,199,148,2,open_water,MU0123_20211026,18.543235560906172,0,Mula,73.88217250564281,2021-10-26,"{""type"":""MultiPoint"",""coordinates"":[]}"
0_95_0,150,115,300,352,258,323,282,275,221,213,2,open_water,MU0124_20211026,18.542401468295196,0,Mula,73.87775329063909,2021-10-26,"{""type"":""MultiPoint"",""coordinates"":[]}"
0_96_0,190,92,303,380,261,340,246,241,210,211,2,open_water,MU0125_20211026,18.541180837620843,0,Mula,73.87477139313657,2021-10-26,"{""type"":""MultiPoint"",""coordinates"":[]}"
0_97_0,202,156,339,360,284,355,297,291,259,257,2,open_water,MU0126_20211026,18.539919510094652,0,Mula,73.87099575313336,2021-10-26,"{""type"":""MultiPoint"",""coordinates"":[]}"
0_98_0,146,126,295,383,254,365,215,241,176,165,2,open_water,MU0127_20211026,18.54380518278775,0,Mula,73.88691350814685,2021-10-26,"{""type"":""MultiPoint"",""coordinates"":[]}"
0_99_0,174,109,256,354,244,354,260,248,204,219,2,open_water,MU0128_20211026,18.543296591912913,0,Mula,73.89289875565194,2021-10-26,"{""type"":""MultiPoint"",""coordinates"":[]}"
0_100_0,172,121,294,354,243,347,262,257,213,167,2,open_water,MU0129_20211026,18.54295074925304,0,Mula,73.89416445315298,2021-10-26,"{""type"":""MultiPoint"",""coordinates"":[]}"
0_101_0,166,121,336,382,268,348,270,282,219,216,2,open_water,MU0130_20211026,18.542442155834117,0,Mula,73.89667439565514,2021-10-26,"{""type"":""MultiPoint"",""coordinates"":[]}"
0_102_0,189,148,333,373,256,375,276,226,185,132,2,open_water,MU0131_20211026,18.541913217072103,0,Mula,73.89757540065591,2021-10-26,"{""type"":""MultiPoint"",""coordinates"":[]}"
0_103_0,200,156,358,422,324,417,301,344,248,219,2,open_water,MU0132_20211026,18.541424964361784,0,Mula,73.90517444226512,2021-10-26,"{""type"":""MultiPoint"",""coordinates"":[]}"
0_104_0,224,146,370,451,331,418,299,280,266,217,2,open_water,MU0133_20211026,18.541282557085168,0,Mula,73.90626851976603,2021-10-26,"{""type"":""MultiPoint"",""coordinates"":[]}"
0_105_0,216,142,370,460,337,472,319,290,281,268,2,open_water,MU0134_20211026,18.54095705429279,0,Mula,73.90762002726719,2021-10-26,"{""type"":""MultiPoint"",""coordinates"":[]}"
0_106_0,203,138,395,459,328,409,277,288,255,252,2,open_water,MU0135_20211026,18.540916366400115,0,Mula,73.90890717726829,2021-10-26,"{""type"":""MultiPoint"",""coordinates"":[]}"
0_107_0,216,177,381,463,328,455,358,345,289,256,2,open_water,MU0136_20211026,18.539858477789696,0,Mula,73.91373398977237,2021-10-26,"{""type"":""MultiPoint"",""coordinates"":[]}"
0_108_0,125,109,313,417,282,421,261,261,188,158,2,open_water,MU0137_20211026,18.53583030318091,0,Mula,73.93510528296036,2021-10-26,"{""type"":""MultiPoint"",""coordinates"":[]}"
0_109_0,156,133,364,458,293,438,275,275,232,206,2,open_water,MU0138_20211026,18.535565823769666,0,Mula,73.93778684546264,2021-10-26,"{""type"":""MultiPoint"",""coordinates"":[]}"
0_110_0,164,126,296,456,282,435,253,222,195,144,2,open_water,MU0139_20211026,18.536115126704455,0,Mula,73.93231645795798,2021-10-26,"{""type"":""MultiPoint"",""coordinates"":[]}"
0_111_0,173,138,322,430,264,432,298,295,250,211,2,open_water,MU0140_20211026,18.541526683948167,0,Mula,73.9424245731564,2021-10-26,"{""type"":""MultiPoint"",""coordinates"":[]}"
0_112_0,181,139,317,433,277,455,326,282,246,249,2,open_water,MU0141_20211026,18.54358140307343,0,Mula,73.94360446065738,2021-10-26,"{""type"":""MultiPoint"",""coordinates"":[]}"
0_113_0,204,148,308,417,254,433,252,289,222,204,2,open_water,MU0142_20211026,18.545575067311034,0,Mula,73.94806658066115,2021-10-26,"{""type"":""MultiPoint"",""coordinates"":[]}"
0_114_0,142,132,313,440,278,433,300,303,217,195,2,open_water,MU0143_20211026,18.545290259559042,0,Mula,73.95040490316313,2021-10-26,"{""type"":""MultiPoint"",""coordinates"":[]}"
0_115_0,193,161,301,384,260,366,226,272,224,223,2,open_water,MU0144_20211026,18.546470174396063,0,Mula,73.96042784452989,2021-10-26,"{""type"":""MultiPoint"",""coordinates"":[]}"
0_116_0,169,118,316,410,279,390,275,307,232,219,2,open_water,MU0145_20211026,18.54406964962754,0,Mula,73.96446091453333,2021-10-26,"{""type"":""MultiPoint"",""coordinates"":[]}"
0_117_0,169,118,298,354,261,360,299,261,212,224,2,open_water,MU0146_20211026,18.542726968518664,0,Mula,73.96980258703785,2021-10-26,"{""type"":""MultiPoint"",""coordinates"":[]}"
0_118_0,187,134,328,387,254,395,306,322,242,242,2,open_water,MU0147_20211026,18.53774268072241,0,Mula,73.97497641000382,2021-10-26,"{""type"":""MultiPoint"",""coordinates"":[]}"
0_119_0,117,88,304,379,232,395,271,262,198,173,2,open_water,MU0148_20211026,18.506389197938134,0,Mula,74.01084233674645,2021-10-26,"{""type"":""MultiPoint"",""coordinates"":[]}"
0_120_0,174,126,288,344,230,362,341,331,300,280,2,open_water,MU0149_20211026,18.53178168838924,0,Mula,74.04799806677799,2021-10-26,"{""type"":""MultiPoint"",""coordinates"":[]}"
0_121_0,190,124,306,373,248,376,326,313,300,311,2,open_water,MU0150_20211026,18.536257537810616,0,Mula,74.0716637495945,2021-10-26,"{""type"":""MultiPoint"",""coordinates"":[]}"
0_122_0,357,194,296,482,292,525,945,1007,1080,661,3,floating_plants,MU0151_20211026,18.523638392260775,1,Mula,74.10023950696811,2021-10-26,"{""type"":""MultiPoint"",""coordinates"":[]}"
0_123_0,601,340,374,588,349,684,1497,1700,2587,1853,3,floating_plants,MU0152_20211026,18.523602786747627,1,Mula,74.0991561557172,2021-10-26,"{""type"":""MultiPoint"",""coordinates"":[]}"
0_124_0,396,218,371,566,321,472,963,842,2161,953,3,floating_plants,MU0153_20211026,18.52361804625417,1,Mula,74.0971396207155,2021-10-26,"{""type"":""MultiPoint"",""coordinates"":[]}"
0_125_0,274,182,349,466,321,493,532,632,811,393,3,floating_plants,MU0154_20211026,18.523460364620885,1,Mula,74.10407950447136,2021-10-26,"{""type"":""MultiPoint"",""coordinates"":[]}"
0_126_0,2317,1746,1086,1200,1378,1845,2018,2269,1863,2393,1,LEV,MU0155_20211026,18.573036446007258,0,Mula,73.79309635555181,2021-10-26,"{""type"":""MultiPoint"",""coordinates"":[]}"
0_127_0,2662,2285,2036,1876,1786,1605,1783,2205,2593,2075,1,LEV,MU0156_20211026,18.56961927152727,0,Mula,73.79292473555168,2021-10-26,"{""type"":""MultiPoint"",""coordinates"":[]}"
0_128_0,1583,758,180,364,184,650,2338,2709,2784,2966,1,LEV,MU0157_20211026,18.57108378326039,0,Mula,73.81008673556623,2021-10-26,"{""type"":""MultiPoint"",""coordinates"":[]}"
0_129_0,1353,1044,640,782,842,1009,1099,1150,1023,1142,1,LEV,MU0158_20211026,18.57401276899562,0,Mula,73.80596785556273,2021-10-26,"{""type"":""MultiPoint"",""coordinates"":[]}"
0_130_0,1786,1370,462,576,594,1209,1729,1721,1426,1966,1,LEV,MU0159_20211026,18.579219730511674,0,Mula,73.83033789558338,2021-10-26,"{""type"":""MultiPoint"",""coordinates"":[]}"
0_131_0,1754,822,279,494,318,881,2555,3152,2915,3309,1,LEV,MU0160_20211026,18.580033303881866,0,Mula,73.8473282755978,2021-10-26,"{""type"":""MultiPoint"",""coordinates"":[]}"
0_132_0,1824,859,329,512,378,851,2246,2510,2553,2780,1,LEV,MU0161_20211026,18.591748329760144,0,Mula,73.83548649558776,2021-10-26,"{""type"":""MultiPoint"",""coordinates"":[]}"
0_133_0,2014,971,454,830,566,1110,2534,3059,3338,3304,1,LEV,MU0162_20211026,18.57433820874944,0,Mula,73.86328893561138,2021-10-26,"{""type"":""MultiPoint"",""coordinates"":[]}"
0_134_0,2225,1577,606,700,760,903,1329,1493,1409,1816,1,LEV,MU0163_20211026,18.56490020373356,0,Mula,73.8660348556137,2021-10-26,"{""type"":""MultiPoint"",""coordinates"":[]}"
0_135_0,1873,1458,860,1038,1252,1347,1916,2097,2431,2269,1,LEV,MU0164_20211026,18.560994669594585,0,Mula,73.80356517556068,2021-10-26,"{""type"":""MultiPoint"",""coordinates"":[]}"
0_136_0,1873,1562,686,878,1106,1424,1397,1415,1377,1457,1,LEV,MU0165_20211026,18.572222839246713,0,Mula,73.77696407553812,2021-10-26,"{""type"":""MultiPoint"",""coordinates"":[]}"
0_137_0,2184,1737,956,1154,1302,1394,1751,1941,1917,2129,1,LEV,MU0166_20211026,18.558065460325455,0,Mula,73.77644921553768,2021-10-26,"{""type"":""MultiPoint"",""coordinates"":[]}"
0_138_0,1676,945,314,520,380,944,2098,2427,2492,2578,1,LEV,MU0167_20211026,18.557089046062824,0,Mula,73.84801475559841,2021-10-26,"{""type"":""MultiPoint"",""coordinates"":[]}"
0_139_0,1662,731,282,447,286,716,2532,2947,2839,3173,1,LEV,MU0168_20211026,18.556763571047313,0,Mula,73.86528083347353,2021-10-26,"{""type"":""MultiPoint"",""coordinates"":[]}"
0_140_0,1543,649,249,424,242,628,2371,2947,2980,3278,1,LEV,MU0169_20211026,18.557089043709556,0,Mula,73.87094429347835,2021-10-26,"{""type"":""MultiPoint"",""coordinates"":[]}"
0_141_0,1673,821,246,412,301,745,2116,2413,2562,2616,1,LEV,MU0170_20211026,18.56050646918821,0,Mula,73.88201378348776,2021-10-26,"{""type"":""MultiPoint"",""coordinates"":[]}"
0_142_0,1661,757,335,536,290,797,2697,3301,3432,3363,1,LEV,MU0171_20211026,18.564574743616852,0,Mula,73.90518248350739,2021-10-26,"{""type"":""MultiPoint"",""coordinates"":[]}"
0_143_0,2459,1467,372,646,704,1257,1940,2215,2363,2537,1,LEV,MU0172_20211026,18.570026079250443,0,Mula,73.89548595349918,2021-10-26,"{""type"":""MultiPoint"",""coordinates"":[]}"
0_144_0,1665,926,362,558,427,818,2017,2396,2655,2597,1,LEV,MU0173_20211026,18.55896049947222,0,Mula,73.92062828352051,2021-10-26,"{""type"":""MultiPoint"",""coordinates"":[]}"
0_145_0,1921,1511,488,688,781,1190,1750,2014,1581,2165,1,LEV,MU0174_20211026,18.543418657612754,0,Mula,73.92380325352322,2021-10-26,"{""type"":""MultiPoint"",""coordinates"":[]}"
0_146_0,2127,1203,527,922,778,1429,2562,2885,2944,3159,1,LEV,MU0175_20211026,18.540163642481602,0,Mula,73.91771074351804,2021-10-26,"{""type"":""MultiPoint"",""coordinates"":[]}"
0_147_0,1828,844,336,672,508,986,2711,3116,3108,3323,1,LEV,MU0176_20211026,18.53934987900803,0,Mula,73.92706403352595,2021-10-26,"{""type"":""MultiPoint"",""coordinates"":[]}"
0_148_0,2013,1210,712,1048,1106,1329,2306,2654,2592,2826,1,LEV,MU0177_20211026,18.53788509316949,0,Mula,73.92311995953679,2021-10-26,"{""type"":""MultiPoint"",""coordinates"":[]}"
0_149_0,1194,852,403,500,423,851,1149,1261,599,1199,1,LEV,MU0178_20211026,18.541140151714718,0,Mula,73.94603122955624,2021-10-26,"{""type"":""MultiPoint"",""coordinates"":[]}"
0_150_0,2257,1292,415,624,677,1122,2008,2326,2337,2553,1,LEV,MU0179_20211026,18.544151025650784,0,Mula,73.96027568956833,2021-10-26,"{""type"":""MultiPoint"",""coordinates"":[]}"
0_151_0,2353,1432,453,650,679,1252,2043,2284,2574,2635,1,LEV,MU0180_20211026,18.539838135738684,0,Mula,73.97125936957765,2021-10-26,"{""type"":""MultiPoint"",""coordinates"":[]}"
0_152_0,2169,1517,514,816,643,1698,2690,2869,2716,3182,1,LEV,MU0181_20211026,18.547731455298987,0,Mula,73.96448037957187,2021-10-26,"{""type"":""MultiPoint"",""coordinates"":[]}"
0_153_0,2263,1742,1054,1314,1402,1627,2332,2675,2321,2657,1,LEV,MU0182_20211026,18.54919615488284,0,Mula,73.9331597295453,2021-10-26,"{""type"":""MultiPoint"",""coordinates"":[]}"
0_154_0,1799,967,389,637,516,972,2387,2878,3149,3111,1,LEV,MU0183_20211026,18.535199623185775,0,Mula,73.98258628958727,2021-10-26,"{""type"":""MultiPoint"",""coordinates"":[]}"
0_155_0,2020,1458,1128,1514,1388,1410,2120,2505,3272,2655,1,LEV,MU0184_20211026,18.525596688335373,0,Mula,73.96302160957063,2021-10-26,"{""type"":""MultiPoint"",""coordinates"":[]}"
0_156_0,1648,661,314,567,294,858,3092,3683,3705,3881,1,LEV,MU0185_20211026,18.52380625099144,0,Mula,73.92826855954117,2021-10-26,"{""type"":""MultiPoint"",""coordinates"":[]}"
0_157_0,2026,1058,451,988,552,1449,3187,3481,3435,3582,1,LEV,MU0186_20211026,18.524538704898074,0,Mula,73.92054565953462,2021-10-26,"{""type"":""MultiPoint"",""coordinates"":[]}"
0_158_0,1863,939,598,1150,684,1855,3529,3906,4391,4129,1,LEV,MU0187_20211026,18.53096788787288,0,Mula,73.91599772953074,2021-10-26,"{""type"":""MultiPoint"",""coordinates"":[]}"
0_159_0,1508,1032,700,806,892,1040,1656,1967,1210,2288,1,LEV,MU0188_20211026,18.52893336244816,0,Mula,73.91737068953191,2021-10-26,"{""type"":""MultiPoint"",""coordinates"":[]}"
0_160_0,2614,1400,554,878,698,1203,2628,3008,3481,3260,1,LEV,MU0189_20211026,18.525840837429737,0,Mula,73.88922500950804,2021-10-26,"{""type"":""MultiPoint"",""coordinates"":[]}"
0_161_0,2948,1647,678,1020,900,1481,2908,3221,3659,3551,1,LEV,MU0190_20211026,18.527509178111675,0,Mula,73.89056078485282,2021-10-26,"{""type"":""MultiPoint"",""coordinates"":[]}"
0_162_0,1688,800,354,567,363,865,2521,2963,2990,3096,1,LEV,MU0191_20211026,18.538251287619985,0,Mula,73.91935143634448,2021-10-26,"{""type"":""MultiPoint"",""coordinates"":[]}"
0_163_0,3147,1965,610,914,935,1528,2397,2727,2832,3035,1,LEV,MU0192_20211026,18.529299576079715,0,Mula,73.88725849631727,2021-10-26,"{""type"":""MultiPoint"",""coordinates"":[]}"
0_164_0,1591,785,318,467,364,724,2029,2590,2692,2641,1,LEV,MU0193_20211026,18.51802789007926,0,Mula,73.89909607658133,2021-10-26,"{""type"":""MultiPoint"",""coordinates"":[]}"
0_165_0,2673,1829,732,1004,1078,1576,2350,2532,2691,2777,1,LEV,MU0194_20211026,18.513429480218125,0,Mula,73.89150189157489,2021-10-26,"{""type"":""MultiPoint"",""coordinates"":[]}"
0_166_0,1990,1769,1166,1388,1312,1436,1631,1708,1633,1812,1,LEV,MU0195_20211026,18.517498875767586,0,Mula,73.86665989655383,2021-10-26,"{""type"":""MultiPoint"",""coordinates"":[]}"
0_167_0,1775,1622,1048,1140,1246,1281,1427,1496,1609,1532,1,LEV,MU0196_20211026,18.511842389719394,0,Mula,73.85803599154653,2021-10-26,"{""type"":""MultiPoint"",""coordinates"":[]}"
0_168_0,1306,922,590,692,700,853,1274,1437,1192,1407,1,LEV,MU0197_20211026,18.525189768960736,0,Mula,73.82966704567184,2021-10-26,"{""type"":""MultiPoint"",""coordinates"":[]}"
0_169_0,2257,1236,394,560,600,1131,2083,2406,2475,2690,1,LEV,MU0198_20211026,18.526369822701852,0,Mula,73.79482176189292,2021-10-26,"{""type"":""MultiPoint"",""coordinates"":[]}"
0_170_0,2172,1218,380,564,578,1005,1734,2014,2080,2249,1,LEV,MU0199_20211026,18.53141547698042,0,Mula,73.80069974689793,2021-10-26,"{""type"":""MultiPoint"",""coordinates"":[]}"
0_171_0,1624,723,251,430,258,702,2477,3012,3045,3216,1,LEV,MU0200_20211026,18.531740997948816,0,Mula,73.8198782819142,2021-10-26,"{""type"":""MultiPoint"",""coordinates"":[]}"
0_172_0,2068,1148,373,619,525,1066,2028,2220,2436,2492,1,LEV,MU0201_20211026,18.515382802360378,0,Mula,73.81335672190865,2021-10-26,"{""type"":""MultiPoint"",""coordinates"":[]}"
0_173_0,2104,1997,1322,1248,1308,1360,1556,1690,1923,1668,1,LEV,MU0202_20211026,18.51912660708234,0,Mula,73.80880879190482,2021-10-26,"{""type"":""MultiPoint"",""coordinates"":[]}"
0_174_0,1767,888,364,546,482,842,2092,2623,2547,2841,1,LEV,MU0203_20211026,18.515138638336975,0,Mula,73.79580857689376,2021-10-26,"{""type"":""MultiPoint"",""coordinates"":[]}"
0_175_0,1820,1002,317,477,330,835,2071,2403,2251,2537,1,LEV,MU0204_20211026,18.519737002291905,0,Mula,73.7809132905956,2021-10-26,"{""type"":""MultiPoint"",""coordinates"":[]}"
0_176_0,1503,714,270,466,331,666,1787,2079,2444,2352,1,LEV,MU0205_20211026,18.532473417895382,0,Mula,73.77396268058975,2021-10-26,"{""type"":""MultiPoint"",""coordinates"":[]}"
0_177_0,1306,580,288,562,308,1001,3494,4192,4260,4350,3,floating_plants,MU0206_20211026,18.533409283100166,1,Mula,73.78290222157057,2021-10-26,"{""type"":""MultiPoint"",""coordinates"":[]}"
0_178_0,1428,637,341,578,314,920,3374,4071,4296,4333,3,floating_plants,MU0207_20211026,18.531364614191904,1,Mula,73.78062825656868,2021-10-26,"{""type"":""MultiPoint"",""coordinates"":[]}"
0_179_0,1544,716,305,576,317,1023,3137,3908,3696,4010,3,floating_plants,MU0208_20211026,18.53106961019104,1,Mula,73.78793283282486,2021-10-26,"{""type"":""MultiPoint"",""coordinates"":[]}"
0_180_0,1149,518,291,531,295,860,2634,3490,3311,3348,3,floating_plants,MU0209_20211026,18.53126288873188,1,Mula,73.78339562907098,2021-10-26,"{""type"":""MultiPoint"",""coordinates"":[]}"
0_181_0,634,297,264,565,280,695,1495,1975,3396,1793,3,floating_plants,MU0210_20211026,18.530988229687402,1,Mula,73.78634534782351,2021-10-26,"{""type"":""MultiPoint"",""coordinates"":[]}"
0_182_0,1243,591,328,612,333,910,2774,3351,3717,3511,3,floating_plants,MU0211_20211026,18.531496857199425,1,Mula,73.78197976406979,2021-10-26,"{""type"":""MultiPoint"",""coordinates"":[]}"
0_183_0,415,206,298,476,301,727,1260,1182,1456,1409,3,floating_plants,MU0212_20211026,18.535291170676373,1,Mula,73.78488657782229,2021-10-26,"{""type"":""MultiPoint"",""coordinates"":[]}"
0_184_0,460,254,342,616,344,846,1580,1620,2912,1840,3,floating_plants,MU0213_20211026,18.534355315661184,1,Mula,73.7848114940722,2021-10-26,"{""type"":""MultiPoint"",""coordinates"":[]}"
0_185_0,409,182,302,464,300,668,1082,1137,1636,1228,3,floating_plants,MU0214_20211026,18.5360337478258,1,Mula,73.78625779741148,2021-10-26,"{""type"":""MultiPoint"",""coordinates"":[]}"
0_186_0,740,341,330,636,351,819,1600,1778,2254,1776,3,floating_plants,MU0215_20211026,18.5360337478258,1,Mula,73.78720170741228,2021-10-26,"{""type"":""MultiPoint"",""coordinates"":[]}"
0_187_0,851,396,334,508,324,916,2113,2374,1750,2448,3,floating_plants,MU0216_20211026,18.532015655476577,1,Mula,73.78225854054197,2021-10-26,"{""type"":""MultiPoint"",""coordinates"":[]}"
0_188_0,1027,533,326,620,353,1094,2463,2770,2990,2827,3,floating_plants,MU0217_20211026,18.532661608274513,1,Mula,73.78218345679191,2021-10-26,"{""type"":""MultiPoint"",""coordinates"":[]}"
0_189_0,1730,798,321,571,321,964,2707,3173,3471,3399,3,floating_plants,MU0218_20211026,18.530728828847597,1,Mula,73.78447887429387,2021-10-26,"{""type"":""MultiPoint"",""coordinates"":[]}"
0_190_0,1151,516,246,520,274,951,2612,3113,3063,3384,3,floating_plants,MU0219_20211026,18.530917021489028,1,Mula,73.78869429054744,2021-10-26,"{""type"":""MultiPoint"",""coordinates"":[]}"
0_191_0,1129,505,328,592,330,1031,3045,3286,3053,3577,3,floating_plants,MU0220_20211026,18.53538780765874,1,Mula,73.78343340239758,2021-10-26,"{""type"":""MultiPoint"",""coordinates"":[]}"
0_192_0,1513,692,269,474,278,725,1968,2390,2534,2640,1,LEV,MU0221_20211026,18.529991315051646,0,Mula,73.78338207626783,2021-10-26,"{""type"":""MultiPoint"",""coordinates"":[]}"
0_193_0,1737,859,354,619,407,971,2353,2688,2802,2949,1,LEV,MU0222_20211026,18.53725441574552,0,Mula,73.78582794573546,2021-10-26,"{""type"":""MultiPoint"",""coordinates"":[]}"
0_194_0,1484,790,340,538,477,894,1729,2032,2271,2334,1,LEV,MU0223_20211026,18.53273790263488,0,Mula,73.78960358573867,2021-10-26,"{""type"":""MultiPoint"",""coordinates"":[]}"
0_195_0,3338,1961,617,1024,928,1815,3196,3557,3800,3884,1,LEV,MU0224_20211026,18.54522922881004,0,Mula,73.80709050754666,2021-10-26,"{""type"":""MultiPoint"",""coordinates"":[]}"
0_196_0,1914,978,382,822,508,1384,3130,3535,3823,3910,1,LEV,MU0225_20211026,18.543215216861814,0,Mula,73.79868112753951,2021-10-26,"{""type"":""MultiPoint"",""coordinates"":[]}"
0_197_0,1615,706,240,436,238,742,2594,3110,3124,3333,1,LEV,MU0226_20211026,18.542849030319804,0,Mula,73.81511374255348,2021-10-26,"{""type"":""MultiPoint"",""coordinates"":[]}"
0_198_0,1705,803,280,505,342,774,2291,2680,2616,2865,1,LEV,MU0227_20211026,18.539166777569836,0,Mula,73.81247508505126,2021-10-26,"{""type"":""MultiPoint"",""coordinates"":[]}"
0_199_0,2159,1162,389,570,582,1057,1948,2158,2358,2569,1,LEV,MU0228_20211026,18.528974050120077,0,Mula,73.81612440990916,2021-10-26,"{""type"":""MultiPoint"",""coordinates"":[]}"
0_200_0,1579,760,298,484,325,760,2184,2561,2504,2734,1,LEV,MU0229_20211026,18.52639016854341,0,Mula,73.81657491240954,2021-10-26,"{""type"":""MultiPoint"",""coordinates"":[]}"
0_201_0,1995,1059,382,600,522,1016,2085,2396,2431,2643,1,LEV,MU0230_20211026,18.519635268588072,0,Mula,73.81921619216698,2021-10-26,"{""type"":""MultiPoint"",""coordinates"":[]}"
0_202_0,2020,1758,942,1090,1120,1517,1658,1833,1575,1775,1,LEV,MU0231_20211026,18.504110197680774,0,Mula,73.8290869333979,2021-10-26,"{""type"":""MultiPoint"",""coordinates"":[]}"
0_203_0,1923,913,338,620,384,1057,2646,3151,3489,3363,1,LEV,MU0232_20211026,18.50836294533695,0,Mula,73.83987754090707,2021-10-26,"{""type"":""MultiPoint"",""coordinates"":[]}"
0_204_0,1987,986,442,746,511,1231,3370,3923,3892,4121,1,LEV,MU0233_20211026,18.5063484990913,0,Mula,73.83713162090473,2021-10-26,"{""type"":""MultiPoint"",""coordinates"":[]}"
0_205_0,2201,1043,398,730,398,1331,4167,4905,5152,5183,1,LEV,MU0234_20211026,18.496133466338115,0,Mula,73.83361279024965,2021-10-26,"{""type"":""MultiPoint"",""coordinates"":[]}"
0_206_0,1977,1064,375,596,397,1047,2761,3153,3839,3398,1,LEV,MU0235_20211026,18.490740823428503,0,Mula,73.82876452524553,2021-10-26,"{""type"":""MultiPoint"",""coordinates"":[]}"
0_207_0,1749,677,390,637,368,944,3183,3763,3808,4021,1,LEV,MU0236_20211026,18.509482075900305,0,Mula,74.00492028819083,2021-10-26,"{""type"":""MultiPoint"",""coordinates"":[]}"
0_208_0,1659,829,469,726,506,1033,2569,2915,2675,3127,1,LEV,MU0237_20211026,18.508749557548573,0,Mula,73.97102533816208,2021-10-26,"{""type"":""MultiPoint"",""coordinates"":[]}"
0_209_0,1609,819,397,604,458,883,2278,2849,2997,3091,1,LEV,MU0238_20211026,18.514446840040662,0,Mula,73.95557953814895,2021-10-26,"{""type"":""MultiPoint"",""coordinates"":[]}"
0_210_0,1496,880,436,650,513,917,2047,2535,2699,2561,1,LEV,MU0239_20211026,18.543174530236733,0,Mula,73.99977168818646,2021-10-26,"{""type"":""MultiPoint"",""coordinates"":[]}"
0_211_0,1650,878,485,681,556,976,2145,2695,2673,2876,1,LEV,MU0240_20211026,18.528038162016127,0,Mula,73.98690018817554,2021-10-26,"{""type"":""MultiPoint"",""coordinates"":[]}"
0_212_0,1748,747,319,547,320,844,2968,3441,3792,3745,1,LEV,MU0241_20211026,18.53161892932036,0,Mula,73.9804644381701,2021-10-26,"{""type"":""MultiPoint"",""coordinates"":[]}"
0_213_0,2611,1704,598,850,1018,1488,2000,2220,2322,2526,1,LEV,MU0242_20211026,18.532432729610253,0,Mula,73.97394287816456,2021-10-26,"{""type"":""MultiPoint"",""coordinates"":[]}"
0_214_0,2099,1173,513,737,700,1107,2019,2439,2482,2659,1,LEV,MU0243_20211026,18.51867898423166,0,Mula,74.04138953822178,2021-10-26,"{""type"":""MultiPoint"",""coordinates"":[]}"
0_215_0,1715,1004,422,644,586,1037,2076,2379,2575,2698,1,LEV,MU0244_20211026,18.540000886704263,0,Mula,74.05966706823726,2021-10-26,"{""type"":""MultiPoint"",""coordinates"":[]}"
0_216_0,1377,652,420,576,425,810,2512,3027,2931,3268,1,LEV,MU0245_20211026,18.518109278612084,0,Mula,74.01435938819884,2021-10-26,"{""type"":""MultiPoint"",""coordinates"":[]}"
0_217_0,1762,1104,1068,1114,1102,1151,2422,3011,2629,3048,1,LEV,MU0246_20211026,18.53446721338247,0,Mula,74.01247156819724,2021-10-26,"{""type"":""MultiPoint"",""coordinates"":[]}"
0_218_0,1705,853,294,512,375,753,1872,2267,2456,2516,1,LEV,MU0247_20211026,18.55090495822543,0,Mula,73.82536128797045,2021-10-26,"{""type"":""MultiPoint"",""coordinates"":[]}"
0_219_0,2099,1062,351,530,534,1134,2114,2476,2365,2869,1,LEV,MU0248_20211026,18.559855537500486,0,Mula,73.8277639679725,2021-10-26,"{""type"":""MultiPoint"",""coordinates"":[]}"
1_220_0,1765,743,334,722,337,1146,4739,5880,6103,6140,3,floating_plants,MU0001_20220223,18.538230943081423,1,Mula,74.08106465638645,2022-02-23,"{""type"":""MultiPoint"",""coordinates"":[]}"
1_221_0,1670,673,342,730,365,1197,4577,5497,5604,5840,3,floating_plants,MU0002_20220223,18.53735613729537,1,Mula,74.08035672388581,2022-02-23,"{""type"":""MultiPoint"",""coordinates"":[]}"
1_222_0,1976,898,358,703,374,1250,4182,5362,5820,5533,3,floating_plants,MU0003_20220223,18.53672546057819,1,Mula,74.0809359413863,2022-02-23,"{""type"":""MultiPoint"",""coordinates"":[]}"
1_223_0,1830,732,324,704,335,1070,4675,6021,6100,6179,3,floating_plants,MU0004_20220223,18.536928904934847,1,Mula,74.08280230888789,2022-02-23,"{""type"":""MultiPoint"",""coordinates"":[]}"
1_224_0,1857,741,378,674,330,1059,4594,5842,5888,6030,3,floating_plants,MU0005_20220223,18.535525133943636,1,Mula,74.08265214138778,2022-02-23,"{""type"":""MultiPoint"",""coordinates"":[]}"
1_225_0,1847,759,313,695,334,1046,4441,5625,5687,5920,3,floating_plants,MU0006_20220223,18.53542341095995,1,Mula,74.08464722388945,2022-02-23,"{""type"":""MultiPoint"",""coordinates"":[]}"
1_226_0,1573,671,325,667,353,980,3632,4573,5176,4726,3,floating_plants,MU0007_20220223,18.534426522515414,1,Mula,74.08393929138887,2022-02-23,"{""type"":""MultiPoint"",""coordinates"":[]}"
1_227_0,1772,722,345,644,334,1010,4346,5413,5557,5747,3,floating_plants,MU0008_20220223,18.533449973094715,1,Mula,74.08511917888985,2022-02-23,"{""type"":""MultiPoint"",""coordinates"":[]}"
1_228_0,1761,706,342,636,331,995,4265,5308,5384,5610,3,floating_plants,MU0009_20220223,18.533734800585496,1,Mula,74.08604163639065,2022-02-23,"{""type"":""MultiPoint"",""coordinates"":[]}"
1_229_0,1723,686,362,643,347,982,4079,5133,5208,5407,3,floating_plants,MU0010_20220223,18.531802033294433,1,Mula,74.08717861889158,2022-02-23,"{""type"":""MultiPoint"",""coordinates"":[]}"
1_230_0,1771,714,406,653,354,987,4295,5521,5580,5739,3,floating_plants,MU0011_20220223,18.53064236242899,1,Mula,74.08741459639181,2022-02-23,"{""type"":""MultiPoint"",""coordinates"":[]}"
1_231_0,1738,715,356,648,342,969,4045,4984,5104,5232,3,floating_plants,MU0012_20220223,18.53277859213115,1,Mula,74.08576275389039,2022-02-23,"{""type"":""MultiPoint"",""coordinates"":[]}"
1_232_0,1770,728,406,694,370,1044,4432,5668,5759,5828,3,floating_plants,MU0013_20220223,18.530011660936005,1,Mula,74.08865884139288,2022-02-23,"{""type"":""MultiPoint"",""coordinates"":[]}"
1_233_0,1729,737,404,732,412,1044,4003,5036,5205,5324,3,floating_plants,MU0014_20220223,18.528465415172196,1,Mula,74.08908789139322,2022-02-23,"{""type"":""MultiPoint"",""coordinates"":[]}"
1_234_0,1820,844,406,722,396,1115,4028,5113,5468,5229,3,floating_plants,MU0015_20220223,18.529401302436835,1,Mula,74.0896242038937,2022-02-23,"{""type"":""MultiPoint"",""coordinates"":[]}"
1_235_0,665,401,417,616,426,726,1439,1563,2439,1691,3,floating_plants,MU0016_20220223,18.537498548127555,1,Mula,74.07351192819175,2022-02-23,"{""type"":""MultiPoint"",""coordinates"":[]}"
1_236_0,355,233,258,412,276,509,661,678,870,606,3,floating_plants,MU0017_20220223,18.53648132731322,1,Mula,74.07183863319034,2022-02-23,"{""type"":""MultiPoint"",""coordinates"":[]}"
1_237_0,608,403,378,593,420,597,889,1084,1406,1097,3,floating_plants,MU0018_20220223,18.537661302895856,1,Mula,74.07621494319405,2022-02-23,"{""type"":""MultiPoint"",""coordinates"":[]}"
1_238_0,925,480,356,677,408,738,1460,1909,3348,1881,3,floating_plants,MU0019_20220223,18.538576795579033,1,Mula,74.0764294681942,2022-02-23,"{""type"":""MultiPoint"",""coordinates"":[]}"
1_239_0,714,445,366,554,387,718,1406,1340,1686,1565,3,floating_plants,MU0020_20220223,18.53745785941123,1,Mula,74.07876779069619,2022-02-23,"{""type"":""MultiPoint"",""coordinates"":[]}"
1_240_0,989,509,377,617,465,689,1420,1495,2075,1638,3,floating_plants,MU0021_20220223,18.53861748402888,1,Mula,74.07951862819685,2022-02-23,"{""type"":""MultiPoint"",""coordinates"":[]}"
1_241_0,1279,629,400,690,394,1156,2843,3314,2690,3215,3,floating_plants,MU0022_20220223,18.53359238667593,1,Mula,74.04675440242693,2022-02-23,"{""type"":""MultiPoint"",""coordinates"":[]}"
1_242_0,293,201,240,361,249,432,553,578,635,489,3,floating_plants,MU0023_20220223,18.533053247926123,1,Mula,74.03685383316584,2022-02-23,"{""type"":""MultiPoint"",""coordinates"":[]}"
1_243_0,353,235,292,456,277,482,589,663,1042,609,3,floating_plants,MU0024_20220223,18.53259548740176,1,Mula,74.03708981066602,2022-02-23,"{""type"":""MultiPoint"",""coordinates"":[]}"
1_244_0,307,231,232,391,262,464,508,472,806,535,3,floating_plants,MU0025_20220223,18.535545478370725,1,Mula,74.042710324294,2022-02-23,"{""type"":""MultiPoint"",""coordinates"":[]}"
1_245_0,1801,717,348,668,365,1031,4411,5538,5584,5735,3,floating_plants,MU0026_20220223,18.507406595259756,1,Mula,73.99922440186252,2022-02-23,"{""type"":""MultiPoint"",""coordinates"":[]}"
1_246_0,1733,645,332,659,350,1020,4359,5560,5620,5765,3,floating_plants,MU0027_20220223,18.50689789610813,1,Mula,74.00018976436333,2022-02-23,"{""type"":""MultiPoint"",""coordinates"":[]}"
1_247_0,1851,813,342,698,346,1092,4324,5405,5692,5671,3,floating_plants,MU0028_20220223,18.506145018589255,1,Mula,74.0001468593633,2022-02-23,"{""type"":""MultiPoint"",""coordinates"":[]}"
1_248_0,1641,716,312,606,312,1048,3788,4702,4588,4787,3,floating_plants,MU0029_20220223,18.505310745038532,1,Mula,74.01035824937195,2022-02-23,"{""type"":""MultiPoint"",""coordinates"":[]}"
1_249_0,1731,763,360,654,373,1078,4222,5044,4944,5254,3,floating_plants,MU0030_20220223,18.502502672483175,1,Mula,74.01662237937724,2022-02-23,"{""type"":""MultiPoint"",""coordinates"":[]}"
1_250_0,1797,843,375,732,384,1125,4120,4899,5576,5098,3,floating_plants,MU0031_20220223,18.50573805638953,1,Mula,73.9963712193601,2022-02-23,"{""type"":""MultiPoint"",""coordinates"":[]}"
1_251_0,1908,833,350,686,374,1093,4215,5476,5700,5600,3,floating_plants,MU0032_20220223,18.505147959481405,1,Mula,73.99740093936096,2022-02-23,"{""type"":""MultiPoint"",""coordinates"":[]}"
1_252_0,1212,596,378,758,414,1049,2763,2985,3628,3099,3,floating_plants,MU0033_20220223,18.54583953096904,1,Mula,73.95120009902418,2022-02-23,"{""type"":""MultiPoint"",""coordinates"":[]}"
1_253_0,1579,715,429,788,429,1223,3645,4040,3948,4086,3,floating_plants,MU0034_20220223,18.545046137992852,1,Mula,73.9512430040242,2022-02-23,"{""type"":""MultiPoint"",""coordinates"":[]}"
1_254_0,1500,725,365,645,365,966,3518,4086,3724,4232,3,floating_plants,MU0035_20220223,18.544720642372333,1,Mula,73.95038490402352,2022-02-23,"{""type"":""MultiPoint"",""coordinates"":[]}"
1_255_0,1069,531,282,602,296,792,2458,2614,4040,2702,3,floating_plants,MU0036_20220223,18.544964763960586,1,Mula,73.94795270631737,2022-02-23,"{""type"":""MultiPoint"",""coordinates"":[]}"
1_256_0,1844,919,348,654,378,1113,3695,4640,4608,4711,3,floating_plants,MU0037_20220223,18.543276247887285,1,Mula,73.94389818381394,2022-02-23,"{""type"":""MultiPoint"",""coordinates"":[]}"
1_257_0,1469,726,314,631,347,932,3344,4039,4092,4304,3,floating_plants,MU0038_20220223,18.54398827477281,1,Mula,73.9447348313146,2022-02-23,"{""type"":""MultiPoint"",""coordinates"":[]}"
1_258_0,994,535,362,631,422,859,2000,2081,2963,2255,3,floating_plants,MU0039_20220223,18.54427308469595,1,Mula,73.94354421756363,2022-02-23,"{""type"":""MultiPoint"",""coordinates"":[]}"
1_259_0,1096,597,447,716,513,976,2199,2324,2410,2590,3,floating_plants,MU0040_20220223,18.536878044061332,1,Mula,73.94057207912823,2022-02-23,"{""type"":""MultiPoint"",""coordinates"":[]}"
1_260_0,1492,740,345,688,414,1107,3497,4125,4332,4200,3,floating_plants,MU0041_20220223,18.5391871212195,1,Mula,73.94185922912932,2022-02-23,"{""type"":""MultiPoint"",""coordinates"":[]}"
1_261_0,1504,829,338,633,467,992,3048,3804,3824,3503,3,floating_plants,MU0042_20220223,18.537854573998132,1,Mula,73.94003557008794,2022-02-23,"{""type"":""MultiPoint"",""coordinates"":[]}"
1_262_0,951,510,400,628,394,802,2575,3034,4128,3039,3,floating_plants,MU0043_20220223,18.5360134034683,1,Mula,73.93338468218833,2022-02-23,"{""type"":""MultiPoint"",""coordinates"":[]}"
1_263_0,1086,526,396,650,385,831,2719,3134,4484,3344,3,floating_plants,MU0044_20220223,18.53687804391425,1,Mula,73.93163630343683,2022-02-23,"{""type"":""MultiPoint"",""coordinates"":[]}"
1_264_0,1335,637,313,570,321,869,3504,4090,4179,4319,3,floating_plants,MU0045_20220223,18.538902302806186,1,Mula,73.92482293912421,2022-02-23,"{""type"":""MultiPoint"",""coordinates"":[]}"
1_265_0,1235,586,299,578,341,817,2762,3494,4396,3735,3,floating_plants,MU0046_20220223,18.53858696759211,1,Mula,73.92629243537546,2022-02-23,"{""type"":""MultiPoint"",""coordinates"":[]}"
1_266_0,1355,627,379,624,414,923,3066,3901,4176,4106,3,floating_plants,MU0047_20220223,18.538251287531175,1,Mula,73.92711835662617,2022-02-23,"{""type"":""MultiPoint"",""coordinates"":[]}"
1_267_0,1523,687,342,589,347,914,3772,4658,4695,4743,3,floating_plants,MU0048_20220223,18.53766130279558,1,Mula,73.92893109287772,2022-02-23,"{""type"":""MultiPoint"",""coordinates"":[]}"
1_268_0,1843,1045,546,780,865,1173,2519,2989,2252,3173,1,LEV,MU0049_20220223,18.537956295418024,0,Mula,73.92850204287734,2022-02-23,"{""type"":""MultiPoint"",""coordinates"":[]}"
1_269_0,869,426,336,628,383,751,2443,2782,4064,2568,3,floating_plants,MU0050_20220223,18.538800581832994,1,Mula,73.92369668287327,2022-02-23,"{""type"":""MultiPoint"",""coordinates"":[]}"
1_270_0,1505,791,334,574,356,974,3179,3949,3860,4027,3,floating_plants,MU0051_20220223,18.53965503623358,1,Mula,73.91650685763197,2022-02-23,"{""type"":""MultiPoint"",""coordinates"":[]}"
1_271_0,1617,827,294,596,310,1008,3667,4470,4940,4585,3,floating_plants,MU0052_20220223,18.539207465470373,1,Mula,73.91740786263274,2022-02-23,"{""type"":""MultiPoint"",""coordinates"":[]}"
1_272_0,1269,617,282,562,305,857,3041,4142,4832,4141,3,floating_plants,MU0053_20220223,18.539299014130957,1,Mula,73.91879154888393,2022-02-23,"{""type"":""MultiPoint"",""coordinates"":[]}"
1_273_0,1640,762,314,660,385,1046,3901,4841,4907,5056,3,floating_plants,MU0054_20220223,18.540346734197726,1,Mula,73.91274194387879,2022-02-23,"{""type"":""MultiPoint"",""coordinates"":[]}"
1_274_0,1459,873,391,758,503,1055,2087,2194,3460,2512,3,floating_plants,MU0055_20220223,18.541089289189287,1,Mula,73.91043580012682,2022-02-23,"{""type"":""MultiPoint"",""coordinates"":[]}"
1_275_0,1157,615,334,617,391,876,2783,3692,4596,3351,3,floating_plants,MU0056_20220223,18.53999071353653,1,Mula,73.91431870263011,2022-02-23,"{""type"":""MultiPoint"",""coordinates"":[]}"
1_276_0,1960,1538,661,843,1020,1249,1335,1381,1460,1604,1,LEV,MU0057_20220223,18.5407943019763,0,Mula,73.9108863026272,2022-02-23,"{""type"":""MultiPoint"",""coordinates"":[]}"
1_277_0,1834,1183,638,853,1054,1157,2517,2789,1708,2645,1,LEV,MU0058_20220223,18.53999071353653,0,Mula,73.91495155138067,2022-02-23,"{""type"":""MultiPoint"",""coordinates"":[]}"
1_278_0,2863,2097,714,997,1356,1624,1821,2023,2143,2298,1,LEV,MU0059_20220223,18.5399398533815,0,Mula,73.91774037638305,2022-02-23,"{""type"":""MultiPoint"",""coordinates"":[]}"
1_279_0,1633,896,395,678,530,1038,2488,2800,3264,2967,1,LEV,MU0060_20220223,18.54026535813016,0,Mula,73.90898722494222,2022-02-23,"{""type"":""MultiPoint"",""coordinates"":[]}"
1_280_0,1531,1222,676,838,1096,1098,1312,1337,1492,1428,1,LEV,MU0061_20220223,18.541557198914234,0,Mula,73.90669180744031,2022-02-23,"{""type"":""MultiPoint"",""coordinates"":[]}"
1_281_0,2258,1656,786,1030,1372,1418,1862,2061,2138,2375,1,LEV,MU0062_20220223,18.541801325216653,0,Mula,73.9027650327541,2022-02-23,"{""type"":""MultiPoint"",""coordinates"":[]}"
1_282_0,2220,1658,620,802,946,1247,1932,2205,2076,2500,1,LEV,MU0063_20220223,18.54184201289852,0,Mula,73.90122045275275,2022-02-23,"{""type"":""MultiPoint"",""coordinates"":[]}"
1_283_0,1308,987,708,886,920,1061,1594,1828,2396,1877,1,LEV,MU0064_20220223,18.541292728421343,0,Mula,73.89917059208766,2022-02-23,"{""type"":""MultiPoint"",""coordinates"":[]}"
1_284_0,2060,1548,632,836,932,1255,1815,1822,1937,2029,1,LEV,MU0065_20220223,18.542360780038806,0,Mula,73.89836076021194,2022-02-23,"{""type"":""MultiPoint"",""coordinates"":[]}"
1_285_0,951,685,620,828,782,940,1584,1497,2392,1271,1,LEV,MU0066_20220223,18.54155719896772,0,Mula,73.89836612333697,2022-02-23,"{""type"":""MultiPoint"",""coordinates"":[]}"
1_286_0,2340,2014,1090,1300,1624,1772,1799,1899,1976,2030,1,LEV,MU0067_20220223,18.541363932053077,0,Mula,73.90192784347579,2022-02-23,"{""type"":""MultiPoint"",""coordinates"":[]}"
1_287_0,1789,1467,1030,1282,1534,1599,1876,1801,1904,1931,1,LEV,MU0068_20220223,18.541155406997433,0,Mula,73.90357968597722,2022-02-23,"{""type"":""MultiPoint"",""coordinates"":[]}"
1_288_0,1943,1383,602,1380,763,1681,2731,3140,3867,3162,3,floating_plants,MU0069_20220223,18.541470737470803,1,Mula,73.90316136222685,2022-02-23,"{""type"":""MultiPoint"",""coordinates"":[]}"
1_289_0,432,273,327,606,347,554,1142,1503,2743,1283,3,floating_plants,MU0070_20220223,18.542391296029763,1,Mula,73.8803833890016,2022-02-23,"{""type"":""MultiPoint"",""coordinates"":[]}"
1_290_0,1212,607,366,639,366,926,2564,3012,4532,3083,3,floating_plants,MU0071_20220223,18.5438153542106,1,Mula,73.88389087275459,2022-02-23,"{""type"":""MultiPoint"",""coordinates"":[]}"
1_291_0,1700,871,379,746,454,1210,3531,4005,4720,4475,3,floating_plants,MU0072_20220223,18.54237095225544,1,Mula,73.8822819352532,2022-02-23,"{""type"":""MultiPoint"",""coordinates"":[]}"
1_292_0,904,501,391,700,432,836,2360,2476,3980,2040,3,floating_plants,MU0073_20220223,18.541974248172114,1,Mula,73.87881735650028,2022-02-23,"{""type"":""MultiPoint"",""coordinates"":[]}"
1_293_0,1018,611,366,646,464,883,1925,2380,3042,2219,1,LEV,MU0074_20220223,18.543703464353786,0,Mula,73.8909931708583,2022-02-23,"{""type"":""MultiPoint"",""coordinates"":[]}"
1_294_0,620,512,696,836,924,680,754,909,1290,920,1,LEV,MU0075_20220223,18.544089992636003,0,Mula,73.8879683683557,2022-02-23,"{""type"":""MultiPoint"",""coordinates"":[]}"
1_295_0,1504,982,497,725,836,1095,1739,1978,2248,2183,1,LEV,MU0076_20220223,18.543622089867107,0,Mula,73.89196925960913,2022-02-23,"{""type"":""MultiPoint"",""coordinates"":[]}"
1_296_0,1428,760,454,682,595,1055,2607,3044,2630,3285,1,LEV,MU0077_20220223,18.536389776776108,0,Mula,73.86409688656067,2022-02-23,"{""type"":""MultiPoint"",""coordinates"":[]}"
1_297_0,1136,643,379,588,496,871,2050,2320,2450,2318,1,LEV,MU0078_20220223,18.53442652243137,0,Mula,73.86254158030933,2022-02-23,"{""type"":""MultiPoint"",""coordinates"":[]}"
1_298_0,1331,750,363,585,471,865,1742,2038,2269,2223,1,LEV,MU0079_20220223,18.53546410007663,0,Mula,73.86332459656,2022-02-23,"{""type"":""MultiPoint"",""coordinates"":[]}"
1_299_0,1083,529,337,632,425,877,2921,3327,4311,3421,3,floating_plants,MU0080_20220223,18.532371692975847,1,Mula,73.86109311244583,2022-02-23,"{""type"":""MultiPoint"",""coordinates"":[]}"
1_300_0,587,356,369,524,406,663,1093,1302,1886,1382,3,floating_plants,MU0081_20220223,18.533867041441066,1,Mula,73.86246607244699,2022-02-23,"{""type"":""MultiPoint"",""coordinates"":[]}"
1_301_0,544,314,357,568,350,597,854,1242,2526,1337,3,floating_plants,MU0082_20220223,18.532259795625784,1,Mula,73.85607322744156,2022-02-23,"{""type"":""MultiPoint"",""coordinates"":[]}"
1_302_0,1364,881,416,731,558,994,2624,2916,3044,2782,3,floating_plants,MU0083_20220223,18.532341175524,1,Mula,73.85556909369112,2022-02-23,"{""type"":""MultiPoint"",""coordinates"":[]}"
1_303_0,766,423,411,695,430,742,1828,1706,4008,1661,3,floating_plants,MU0084_20220223,18.53481307171076,1,Mula,73.8549566268157,2022-02-23,"{""type"":""MultiPoint"",""coordinates"":[]}"
1_304_0,805,370,376,651,396,719,1747,2103,4024,1997,3,floating_plants,MU0085_20220223,18.545661526305857,1,Mula,73.85536971286452,2022-02-23,"{""type"":""MultiPoint"",""coordinates"":[]}"
1_305_0,1407,729,388,702,439,1003,3185,4116,4419,4303,3,floating_plants,MU0086_20220223,18.54501053679008,1,Mula,73.85528926598948,2022-02-23,"{""type"":""MultiPoint"",""coordinates"":[]}"
1_306_0,1053,501,418,688,437,872,2482,2882,4644,2803,3,floating_plants,MU0087_20220223,18.546424401486874,1,Mula,73.85570222661481,2022-02-23,"{""type"":""MultiPoint"",""coordinates"":[]}"
1_307_0,1656,1062,381,637,396,1083,2114,2851,3192,3180,3,floating_plants,MU0088_20220223,18.5459768484605,1,Mula,73.85476904286402,2022-02-23,"{""type"":""MultiPoint"",""coordinates"":[]}"
1_308_0,1340,733,390,564,373,952,2663,2973,3113,2797,3,floating_plants,MU0089_20220223,18.545407233821578,1,Mula,73.85457060723884,2022-02-23,"{""type"":""MultiPoint"",""coordinates"":[]}"
1_309_0,1121,620,346,565,367,853,2156,2420,2500,2511,3,floating_plants,MU0090_20220223,18.550045469620848,1,Mula,73.85635153842466,2022-02-23,"{""type"":""MultiPoint"",""coordinates"":[]}"
1_310_0,1576,1052,387,614,432,1087,2287,2833,3272,2949,3,floating_plants,MU0091_20220223,18.54897238031318,1,Mula,73.85582595217421,2022-02-23,"{""type"":""MultiPoint"",""coordinates"":[]}"
1_311_0,1004,564,400,680,506,787,2052,2564,2880,2137,3,floating_plants,MU0092_20220223,18.549257181924272,1,Mula,73.85678595155001,2022-02-23,"{""type"":""MultiPoint"",""coordinates"":[]}"
1_312_0,1002,553,368,562,358,780,2419,2842,3132,2448,3,floating_plants,MU0093_20220223,18.550660840067458,1,Mula,73.85768695655076,2022-02-23,"{""type"":""MultiPoint"",""coordinates"":[]}"
1_313_0,653,376,317,604,352,582,1513,2063,3340,1583,3,floating_plants,MU0094_20220223,18.550045469620848,1,Mula,73.85725254342542,2022-02-23,"{""type"":""MultiPoint"",""coordinates"":[]}"
1_314_0,783,411,351,547,351,641,1894,1813,3280,1685,3,floating_plants,MU0095_20220223,18.551591520225173,1,Mula,73.85867394740306,2022-02-23,"{""type"":""MultiPoint"",""coordinates"":[]}"
1_315_0,822,467,362,598,375,715,1483,1629,3308,1768,3,floating_plants,MU0096_20220223,18.552491681315136,1,Mula,73.85877048365313,2022-02-23,"{""type"":""MultiPoint"",""coordinates"":[]}"
1_316_0,1008,520,384,660,425,770,1844,2158,3444,2441,3,floating_plants,MU0097_20220223,18.55196785933732,1,Mula,73.85926925427857,2022-02-23,"{""type"":""MultiPoint"",""coordinates"":[]}"
1_317_0,1533,779,334,638,353,977,3075,3831,4344,4028,3,floating_plants,MU0098_20220223,18.55492768691261,1,Mula,73.86371110490042,2022-02-23,"{""type"":""MultiPoint"",""coordinates"":[]}"
1_318_0,1724,810,390,700,376,1133,4317,5128,4964,5262,3,floating_plants,MU0099_20220223,18.55448524175824,1,Mula,73.86398998740066,2022-02-23,"{""type"":""MultiPoint"",""coordinates"":[]}"
1_319_0,688,373,318,478,341,587,1084,1598,1844,1583,3,floating_plants,MU0100_20220223,18.555120938459254,1,Mula,73.86691289052813,2022-02-23,"{""type"":""MultiPoint"",""coordinates"":[]}"
1_320_0,774,467,274,498,304,639,1132,1545,1590,1418,3,floating_plants,MU0101_20220223,18.555420986479707,1,Mula,73.86552384115195,2022-02-23,"{""type"":""MultiPoint"",""coordinates"":[]}"
1_321_0,1147,615,357,641,380,832,2320,3009,4372,3185,3,floating_plants,MU0102_20220223,18.553656289703795,1,Mula,73.86235423427428,2022-02-23,"{""type"":""MultiPoint"",""coordinates"":[]}"
1_322_0,1512,861,344,578,415,1020,2779,3271,3680,3326,3,floating_plants,MU0103_20220223,18.553320639260743,1,Mula,73.86033233614755,2022-02-23,"{""type"":""MultiPoint"",""coordinates"":[]}"
1_323_0,1251,682,392,656,386,837,1993,2261,3824,2773,3,floating_plants,MU0104_20220223,18.553056186931684,1,Mula,73.86126551989834,2022-02-23,"{""type"":""MultiPoint"",""coordinates"":[]}"
1_324_0,1561,921,311,584,391,1026,2739,2967,3816,2908,3,floating_plants,MU0105_20220223,18.556061765365218,1,Mula,73.86946730905598,2022-02-23,"{""type"":""MultiPoint"",""coordinates"":[]}"
1_325_0,1688,1020,335,638,414,1083,3089,3574,4708,3583,3,floating_plants,MU0106_20220223,18.555298933244522,1,Mula,73.86801926530471,2022-02-23,"{""type"":""MultiPoint"",""coordinates"":[]}"
1_326_0,1224,679,345,628,459,840,2590,2822,4015,2606,3,floating_plants,MU0107_20220223,18.555370131053373,1,Mula,73.86925278405577,2022-02-23,"{""type"":""MultiPoint"",""coordinates"":[]}"
1_327_0,1048,540,318,591,342,808,2296,2511,4097,2689,3,floating_plants,MU0108_20220223,18.555349788825303,1,Mula,73.87061501780694,2022-02-23,"{""type"":""MultiPoint"",""coordinates"":[]}"
1_328_0,388,228,314,435,336,508,783,768,1627,652,3,floating_plants,MU0109_20220223,18.555532868790642,1,Mula,73.87167155343285,2022-02-23,"{""type"":""MultiPoint"",""coordinates"":[]}"
1_329_0,623,326,310,479,304,553,1116,1072,1750,1216,3,floating_plants,MU0110_20220223,18.55605159429271,1,Mula,73.87182172093296,2022-02-23,"{""type"":""MultiPoint"",""coordinates"":[]}"
1_330_0,883,539,369,658,460,737,1568,2159,3704,1784,3,floating_plants,MU0111_20220223,18.556153304990584,1,Mula,73.87308741843405,2022-02-23,"{""type"":""MultiPoint"",""coordinates"":[]}"
1_331_0,1583,878,329,584,365,1010,2210,2497,2382,2766,3,floating_plants,MU0112_20220223,18.56014540241101,1,Mula,73.87258947922382,2022-02-23,"{""type"":""MultiPoint"",""coordinates"":[]}"
1_332_0,545,306,273,463,294,542,959,775,1866,933,3,floating_plants,MU0113_20220223,18.559169000048637,1,Mula,73.8730399817242,2022-02-23,"{""type"":""MultiPoint"",""coordinates"":[]}"
1_333_0,1115,609,341,622,385,700,1583,2149,3180,2087,3,floating_plants,MU0114_20220223,18.56085735894485,1,Mula,73.87256802672381,2022-02-23,"{""type"":""MultiPoint"",""coordinates"":[]}"
1_334_0,999,518,317,567,434,760,1991,2643,2609,2484,1,LEV,MU0115_20220223,18.55971314156677,0,Mula,73.87290657726524,2022-02-23,"{""type"":""MultiPoint"",""coordinates"":[]}"
1_335_0,488,291,282,534,352,507,981,886,1682,897,1,LEV,MU0116_20220223,18.56065648572415,0,Mula,73.87309428664041,2022-02-23,"{""type"":""MultiPoint"",""coordinates"":[]}"
1_336_0,700,406,408,582,407,683,1527,1367,2487,1580,1,LEV,MU0117_20220223,18.561571855293234,0,Mula,73.87304867938947,2022-02-23,"{""type"":""MultiPoint"",""coordinates"":[]}"
1_337_0,616,396,414,611,497,610,1045,1131,1738,1100,1,LEV,MU0118_20220223,18.56257875601443,0,Mula,73.8728985093033,2022-02-23,"{""type"":""MultiPoint"",""coordinates"":[]}"
1_338_0,1665,912,363,594,476,1003,2196,2416,2730,2715,3,floating_plants,MU0119_20220223,18.562255836498185,1,Mula,73.87245873305292,2022-02-23,"{""type"":""MultiPoint"",""coordinates"":[]}"
1_339_0,1159,626,370,584,394,838,1569,2053,2824,1916,3,floating_plants,MU0120_20220223,18.564137406406648,1,Mula,73.87217107918501,2022-02-23,"{""type"":""MultiPoint"",""coordinates"":[]}"
1_340_0,1820,928,349,686,404,1023,3515,4269,5131,4549,3,floating_plants,MU0121_20220223,18.57431786507488,1,Mula,73.87229350266796,2022-02-23,"{""type"":""MultiPoint"",""coordinates"":[]}"
1_341_0,1327,734,366,626,439,925,2633,2946,3232,3105,3,floating_plants,MU0122_20220223,18.575721317065085,1,Mula,73.87265819516828,2022-02-23,"{""type"":""MultiPoint"",""coordinates"":[]}"
1_342_0,1581,859,546,932,546,1210,2486,2813,3332,3012,3,floating_plants,MU0123_20220223,18.576677285244514,1,Mula,73.85256266370249,2022-02-23,"{""type"":""MultiPoint"",""coordinates"":[]}"
1_343_0,1572,943,332,461,465,784,1341,1547,1536,1686,1,LEV,MU0124_20220223,18.5735347747731,0,Mula,73.84628780744717,2022-02-23,"{""type"":""MultiPoint"",""coordinates"":[]}"
1_344_0,1565,985,274,397,356,623,1098,1237,1200,1351,1,LEV,MU0125_20220223,18.57791800158463,0,Mula,73.85096445245115,2022-02-23,"{""type"":""MultiPoint"",""coordinates"":[]}"
1_345_0,2291,1593,490,648,790,1201,1618,1810,1753,2034,1,LEV,MU0126_20220223,18.573117803011865,0,Mula,73.85536221495487,2022-02-23,"{""type"":""MultiPoint"",""coordinates"":[]}"
1_346_0,2128,1710,746,986,1286,1372,1515,1477,1732,1704,1,LEV,MU0127_20220223,18.575060272527224,0,Mula,73.85925584370817,2022-02-23,"{""type"":""MultiPoint"",""coordinates"":[]}"
1_347_0,1487,826,293,493,421,710,1619,1810,2292,1928,1,LEV,MU0128_20220223,18.57391106584725,0,Mula,73.83831408928411,2022-02-23,"{""type"":""MultiPoint"",""coordinates"":[]}"
1_348_0,1315,793,307,459,484,722,1194,1291,1519,1412,1,LEV,MU0129_20220223,18.577145097744065,0,Mula,73.8367695092828,2022-02-23,"{""type"":""MultiPoint"",""coordinates"":[]}"
1_349_0,2238,1940,1492,1716,2116,1953,1859,2266,2016,2063,1,LEV,MU0130_20220223,18.584223142766902,0,Mula,73.81494816873933,2022-02-23,"{""type"":""MultiPoint"",""coordinates"":[]}"
1_350_0,2098,1459,408,659,734,1141,1488,1668,1882,1915,1,LEV,MU0131_20220223,18.57193807349194,0,Mula,73.81293163373763,2022-02-23,"{""type"":""MultiPoint"",""coordinates"":[]}"
1_351_0,1509,853,331,498,460,793,1575,1821,1954,1937,1,LEV,MU0132_20220223,18.5671377065781,0,Mula,73.82357207374665,2022-02-23,"{""type"":""MultiPoint"",""coordinates"":[]}"
1_352_0,2000,1248,470,678,812,1083,1696,1856,2197,2138,1,LEV,MU0133_20220223,18.56022168516893,0,Mula,73.86060025767287,2022-02-23,"{""type"":""MultiPoint"",""coordinates"":[]}"
1_353_0,2482,1325,448,850,530,1213,3136,3401,4360,3746,1,LEV,MU0134_20220223,18.557150067176412,0,Mula,73.88667568937873,2022-02-23,"{""type"":""MultiPoint"",""coordinates"":[]}"
1_354_0,2438,1367,518,954,708,1344,3250,3605,4100,3772,1,LEV,MU0135_20220223,18.553691889641684,0,Mula,73.88210630687483,2022-02-23,"{""type"":""MultiPoint"",""coordinates"":[]}"
1_355_0,3148,3046,1714,2076,2364,2468,2431,2476,2480,2555,1,LEV,MU0136_20220223,18.581009588358544,0,Mula,73.92815459262357,2022-02-23,"{""type"":""MultiPoint"",""coordinates"":[]}"
1_356_0,1963,1173,483,748,672,1097,2182,2559,2898,2886,1,LEV,MU0137_20220223,18.541953912391413,0,Mula,74.000578232685,2022-02-23,"{""type"":""MultiPoint"",""coordinates"":[]}"
1_357_0,1940,1162,501,744,808,1120,1881,2159,2338,2407,1,LEV,MU0138_20220223,18.533490668962607,0,Mula,74.05912878896378,2022-02-23,"{""type"":""MultiPoint"",""coordinates"":[]}"
1_358_0,1450,848,402,660,542,891,2015,2375,2337,2471,1,LEV,MU0139_20220223,18.526532588522187,0,Mula,74.05440695564052,2022-02-23,"{""type"":""MultiPoint"",""coordinates"":[]}"
1_359_0,2165,1010,364,704,345,1205,4214,4883,4752,5057,1,LEV,MU0140_20220223,18.528160233656276,0,Mula,74.06659197565088,2022-02-23,"{""type"":""MultiPoint"",""coordinates"":[]}"
1_360_0,1925,1321,474,848,714,1486,2477,2552,3083,2815,1,LEV,MU0141_20220223,18.527875396876382,0,Mula,74.07620269565903,2022-02-23,"{""type"":""MultiPoint"",""coordinates"":[]}"
1_361_0,1463,904,411,655,536,936,2001,2396,2600,2589,1,LEV,MU0142_20220223,18.53564720166572,0,Mula,74.07727532065992,2022-02-23,"{""type"":""MultiPoint"",""coordinates"":[]}"
1_362_0,1570,739,314,471,350,847,2242,2554,2502,2842,1,LEV,MU0143_20220223,18.525515303247207,0,Mula,74.10680598064754,2022-02-23,"{""type"":""MultiPoint"",""coordinates"":[]}"
1_363_0,1816,1115,490,722,766,1075,1870,2156,2311,2390,1,LEV,MU0144_20220223,18.516318763044648,0,Mula,74.1218944001364,2022-02-23,"{""type"":""MultiPoint"",""coordinates"":[]}"
1_364_0,1766,1306,487,695,682,1073,1676,1783,2272,2041,1,LEV,MU0145_20220223,18.50614502254249,0,Mula,74.07092326009315,2022-02-23,"{""type"":""MultiPoint"",""coordinates"":[]}"
1_365_0,2426,1907,826,1032,1400,1620,1687,1789,1724,1898,1,LEV,MU0146_20220223,18.55717040987565,0,Mula,74.09512027330226,2022-02-23,"{""type"":""MultiPoint"",""coordinates"":[]}"
1_366_0,1660,711,355,633,357,894,2711,3178,3176,3239,1,LEV,MU0147_20220223,18.51005181031516,0,Mula,74.00587514235724,2022-02-23,"{""type"":""MultiPoint"",""coordinates"":[]}"
1_367_0,1594,1083,424,628,692,1000,1819,2181,2188,2379,1,LEV,MU0148_20220223,18.501342804647606,0,Mula,74.00389944351515,2022-02-23,"{""type"":""MultiPoint"",""coordinates"":[]}"
1_368_0,1431,770,413,636,566,898,2033,2504,2531,2657,1,LEV,MU0149_20220223,18.522483753210334,0,Mula,74.1016208114668,2022-02-23,"{""type"":""MultiPoint"",""coordinates"":[]}"
1_369_0,1626,752,358,534,386,817,2569,2980,2854,3130,1,LEV,MU0150_20220223,18.526207056802996,0,Mula,74.11612270147913,2022-02-23,"{""type"":""MultiPoint"",""coordinates"":[]}"
1_370_0,239,200,285,381,242,418,397,372,346,315,2,open_water,MU0151_20220223,18.532046173240136,0,Mula,74.04746266076987,2022-02-23,"{""type"":""MultiPoint"",""coordinates"":[]}"
1_371_0,223,192,283,402,245,397,363,274,307,316,2,open_water,MU0152_20220223,18.527387103641495,0,Mula,74.05591494577706,2022-02-23,"{""type"":""MultiPoint"",""coordinates"":[]}"
1_372_0,208,164,274,334,235,370,308,305,281,247,2,open_water,MU0153_20220223,18.530642362142434,0,Mula,74.06833594328758,2022-02-23,"{""type"":""MultiPoint"",""coordinates"":[]}"
1_373_0,223,162,287,344,239,355,336,346,286,320,2,open_water,MU0154_20220223,18.5322292781855,0,Mula,74.06975180828879,2022-02-23,"{""type"":""MultiPoint"",""coordinates"":[]}"
1_374_0,271,215,288,387,310,426,338,337,286,311,2,open_water,MU0155_20220223,18.529523374024443,0,Mula,74.03750870076142,2022-02-23,"{""type"":""MultiPoint"",""coordinates"":[]}"
1_375_0,268,234,252,352,249,412,390,340,303,309,2,open_water,MU0156_20220223,18.531842723070785,0,Mula,74.03740143826134,2022-02-23,"{""type"":""MultiPoint"",""coordinates"":[]}"
1_376_0,225,160,264,339,227,433,343,350,308,296,2,open_water,MU0157_20220223,18.518719674777223,0,Mula,74.03941751294606,2022-02-23,"{""type"":""MultiPoint"",""coordinates"":[]}"
1_377_0,198,154,228,341,234,396,334,289,272,319,2,open_water,MU0158_20220223,18.513510868298123,0,Mula,74.03707919044406,2022-02-23,"{""type"":""MultiPoint"",""coordinates"":[]}"
1_378_0,183,165,306,389,271,391,269,252,192,181,2,open_water,MU0159_20220223,18.52689880892222,0,Mula,74.09089430802477,2022-02-23,"{""type"":""MultiPoint"",""coordinates"":[]}"
1_379_0,201,148,308,386,275,375,271,254,200,162,2,open_water,MU0160_20220223,18.526003599411155,0,Mula,74.09190257552562,2022-02-23,"{""type"":""MultiPoint"",""coordinates"":[]}"
1_380_0,218,167,277,380,251,382,283,253,239,205,2,open_water,MU0161_20220223,18.52498631018647,0,Mula,74.09413363552753,2022-02-23,"{""type"":""MultiPoint"",""coordinates"":[]}"
1_381_0,254,177,336,434,285,413,329,375,342,249,2,open_water,MU0162_20220223,18.523297596711473,0,Mula,74.10696223053841,2022-02-23,"{""type"":""MultiPoint"",""coordinates"":[]}"
1_382_0,218,180,279,377,268,398,302,344,279,276,2,open_water,MU0163_20220223,18.523704517146204,0,Mula,74.11052334554141,2022-02-23,"{""type"":""MultiPoint"",""coordinates"":[]}"
1_383_0,257,212,333,403,314,429,358,371,337,299,2,open_water,MU0164_20220223,18.523989360874374,0,Mula,74.11326926554375,2022-02-23,"{""type"":""MultiPoint"",""coordinates"":[]}"
1_384_0,249,176,351,448,315,418,332,349,304,283,2,open_water,MU0165_20220223,18.534324798986674,0,Mula,74.12397762663036,2022-02-23,"{""type"":""MultiPoint"",""coordinates"":[]}"
1_385_0,214,156,349,354,260,358,320,302,258,269,2,open_water,MU0166_20220223,18.537803713017137,0,Mula,74.12485717913111,2022-02-23,"{""type"":""MultiPoint"",""coordinates"":[]}"
1_386_0,228,176,364,454,324,413,344,335,306,341,2,open_water,MU0167_20220223,18.53292100719452,0,Mula,74.13829965748572,2022-02-23,"{""type"":""MultiPoint"",""coordinates"":[]}"
1_387_0,242,198,333,391,302,391,394,353,308,309,2,open_water,MU0168_20220223,18.538658172885505,0,Mula,74.13443820748245,2022-02-23,"{""type"":""MultiPoint"",""coordinates"":[]}"
1_388_0,339,273,611,866,714,835,507,480,464,438,2,open_water,MU0169_20220223,18.51633910692377,0,Mula,74.09767059302173,2022-02-23,"{""type"":""MultiPoint"",""coordinates"":[]}"
1_389_0,374,314,363,524,364,397,255,268,241,256,2,open_water,MU0170_20220223,18.524131782375235,0,Mula,74.08340398227601,2022-02-23,"{""type"":""MultiPoint"",""coordinates"":[]}"
1_390_0,157,137,289,386,258,401,270,288,220,214,2,open_water,MU0171_20220223,18.50663337284028,0,Mula,74.00205550086858,2022-02-23,"{""type"":""MultiPoint"",""coordinates"":[]}"
1_391_0,152,132,292,398,249,426,299,268,236,211,2,open_water,MU0172_20220223,18.50687754899908,0,Mula,74.00840544087396,2022-02-23,"{""type"":""MultiPoint"",""coordinates"":[]}"
1_392_0,149,129,276,394,217,424,260,241,207,183,2,open_water,MU0173_20220223,18.5060229309194,0,Mula,74.00604566587195,2022-02-23,"{""type"":""MultiPoint"",""coordinates"":[]}"
1_393_0,185,159,336,446,277,419,273,287,210,182,2,open_water,MU0174_20220223,18.513877117423313,0,Mula,73.99175830085983,2022-02-23,"{""type"":""MultiPoint"",""coordinates"":[]}"
1_394_0,179,151,300,424,275,440,299,276,234,198,2,open_water,MU0175_20220223,18.511109880404355,0,Mula,73.99167249085977,2022-02-23,"{""type"":""MultiPoint"",""coordinates"":[]}"
1_395_0,226,177,372,477,308,457,359,376,320,304,2,open_water,MU0176_20220223,18.522382022428022,0,Mula,73.9914109024904,2022-02-23,"{""type"":""MultiPoint"",""coordinates"":[]}"
1_396_0,228,186,318,420,261,375,291,282,250,241,2,open_water,MU0177_20220223,18.541953904417852,0,Mula,73.9717558299923,2022-02-23,"{""type"":""MultiPoint"",""coordinates"":[]}"
1_397_0,233,188,308,399,257,423,264,264,221,215,2,open_water,MU0178_20220223,18.533856870125142,0,Mula,73.97647537999632,2022-02-23,"{""type"":""MultiPoint"",""coordinates"":[]}"
1_398_0,232,167,322,430,272,427,317,339,268,273,2,open_water,MU0179_20220223,18.528851978684667,0,Mula,73.98196722000095,2022-02-23,"{""type"":""MultiPoint"",""coordinates"":[]}"
1_399_0,185,178,271,396,260,407,249,239,193,169,2,open_water,MU0180_20220223,18.54366277860339,0,Mula,73.96557164482459,2022-02-23,"{""type"":""MultiPoint"",""coordinates"":[]}"
1_400_0,224,175,287,424,307,441,315,330,262,266,2,open_water,MU0181_20220223,18.536094782805577,0,Mula,73.93857421076284,2022-02-23,"{""type"":""MultiPoint"",""coordinates"":[]}"
1_401_0,207,175,354,498,360,509,321,319,286,259,2,open_water,MU0182_20220223,18.535525135215934,0,Mula,73.9356995757604,2022-02-23,"{""type"":""MultiPoint"",""coordinates"":[]}"
1_402_0,260,209,266,407,264,427,332,301,245,240,2,open_water,MU0183_20220223,18.545005451515486,0,Mula,73.9624870052382,2022-02-23,"{""type"":""MultiPoint"",""coordinates"":[]}"
1_403_0,358,256,410,555,400,581,413,409,392,361,2,open_water,MU0184_20220223,18.54618536822084,0,Mula,73.95527896523208,2022-02-23,"{""type"":""MultiPoint"",""coordinates"":[]}"
1_404_0,266,204,373,438,328,452,337,351,302,290,2,open_water,MU0185_20220223,18.538251288685956,0,Mula,73.97471493024858,2022-02-23,"{""type"":""MultiPoint"",""coordinates"":[]}"
1_405_0,1749,917,3708,4028,4040,4240,4055,3713,4188,3699,2,open_water,MU0186_20220223,18.545656440897794,0,Mula,73.95210320907005,2022-02-23,"{""type"":""MultiPoint"",""coordinates"":[]}"
1_406_0,160,143,274,397,252,448,260,249,211,181,2,open_water,MU0187_20220223,18.505534574940224,0,Mula,74.01282536962768,2022-02-23,"{""type"":""MultiPoint"",""coordinates"":[]}"
1_407_0,287,209,282,388,260,471,362,349,227,282,2,open_water,MU0188_20220223,18.495299144043052,0,Mula,74.02567300762686,2022-02-23,"{""type"":""MultiPoint"",""coordinates"":[]}"
1_408_0,246,187,270,372,268,432,390,313,308,299,2,open_water,MU0189_20220223,18.49970472726041,0,Mula,74.03153047110999,2022-02-23,"{""type"":""MultiPoint"",""coordinates"":[]}"
1_409_0,276,179,308,376,284,397,276,371,322,266,2,open_water,MU0190_20220223,18.50151576544312,0,Mula,74.03218477236052,2022-02-23,"{""type"":""MultiPoint"",""coordinates"":[]}"
1_410_0,207,152,287,372,275,404,330,281,258,294,2,open_water,MU0191_20220223,18.506399369022805,0,Mula,74.03514618971802,2022-02-23,"{""type"":""MultiPoint"",""coordinates"":[]}"
1_411_0,285,217,297,379,291,442,362,317,304,308,2,open_water,MU0192_20220223,18.5274888306934,0,Mula,74.03836625251947,2022-02-23,"{""type"":""MultiPoint"",""coordinates"":[]}"
1_412_0,231,185,216,340,230,392,308,297,242,236,2,open_water,MU0193_20220223,18.524416625460468,0,Mula,74.04105854127177,2022-02-23,"{""type"":""MultiPoint"",""coordinates"":[]}"
1_413_0,232,195,288,366,272,404,297,274,239,215,2,open_water,MU0194_20220223,18.53503686284713,0,Mula,74.04469377542803,2022-02-23,"{""type"":""MultiPoint"",""coordinates"":[]}"
1_414_0,228,161,243,330,211,344,282,316,264,228,2,open_water,MU0195_20220223,18.535718407223268,0,Mula,74.03782897542217,2022-02-23,"{""type"":""MultiPoint"",""coordinates"":[]}"
1_415_0,272,194,280,349,241,360,271,273,248,206,2,open_water,MU0196_20220223,18.536288054339124,0,Mula,74.04167030603445,2022-02-23,"{""type"":""MultiPoint"",""coordinates"":[]}"
1_416_0,233,163,256,329,236,366,315,301,245,235,2,open_water,MU0197_20220223,18.529930279088124,0,Mula,74.04965822704868,2022-02-23,"{""type"":""MultiPoint"",""coordinates"":[]}"
1_417_0,214,168,198,318,210,361,303,297,228,254,2,open_water,MU0198_20220223,18.52852645061374,0,Mula,74.05115990205,2022-02-23,"{""type"":""MultiPoint"",""coordinates"":[]}"
1_418_0,229,196,326,398,282,450,347,316,300,293,2,open_water,MU0199_20220223,18.527565126540566,0,Mula,74.05875075268803,2022-02-23,"{""type"":""MultiPoint"",""coordinates"":[]}"
1_419_0,282,247,434,682,590,585,327,309,255,245,2,open_water,MU0200_20220223,18.601347541035704,0,Mula,73.88197409553447,2022-02-23,"{""type"":""MultiPoint"",""coordinates"":[]}"
2_420_0,1936,960,413,1004,572,1495,4102,4655,4640,4705,3,floating_plants,MU0001_20250420,18.538576796247664,1,Mula,74.12551833272806,2025-04-20,"{""type"":""MultiPoint"",""coordinates"":[]}"
2_421_0,2157,1049,320,878,486,1502,4710,5455,5507,5669,3,floating_plants,MU0002_20250420,18.540285702798034,1,Mula,74.12564704772821,2025-04-20,"{""type"":""MultiPoint"",""coordinates"":[]}"
2_422_0,2048,957,316,883,443,1444,4588,5245,5331,5370,3,floating_plants,MU0003_20250420,18.542279405501827,1,Mula,74.12581866772832,2025-04-20,"{""type"":""MultiPoint"",""coordinates"":[]}"
2_423_0,2199,1113,458,1022,622,1627,4855,5519,5499,5717,3,floating_plants,MU0004_20250420,18.541262213152066,1,Mula,74.1262477177287,2025-04-20,"{""type"":""MultiPoint"",""coordinates"":[]}"
2_424_0,2245,1053,428,900,582,1450,5194,6276,5955,6304,3,floating_plants,MU0005_20250420,18.54350002832612,1,Mula,74.1263764327288,2025-04-20,"{""type"":""MultiPoint"",""coordinates"":[]}"
2_425_0,2243,1010,335,861,433,1410,5431,6623,6521,6694,3,floating_plants,MU0006_20250420,18.544679955431533,1,Mula,74.1274490577297,2025-04-20,"{""type"":""MultiPoint"",""coordinates"":[]}"
2_426_0,2248,1002,294,816,408,1327,5303,6579,6568,6703,3,floating_plants,MU0007_20250420,18.54476132941421,1,Mula,74.13036659773222,2025-04-20,"{""type"":""MultiPoint"",""coordinates"":[]}"
2_427_0,2377,1054,342,889,473,1455,5567,6845,6797,6991,3,floating_plants,MU0008_20250420,18.544476520305253,1,Mula,74.12882201773087,2025-04-20,"{""type"":""MultiPoint"",""coordinates"":[]}"
2_428_0,2079,944,292,794,400,1306,4993,5962,5752,6103,3,floating_plants,MU0009_20250420,18.540000886226682,1,Mula,74.13251184773401,2025-04-20,"{""type"":""MultiPoint"",""coordinates"":[]}"
2_429_0,2221,985,324,833,406,1302,5371,6705,6663,6753,3,floating_plants,MU0010_20250420,18.53947193990585,1,Mula,74.13384190273514,2025-04-20,"{""type"":""MultiPoint"",""coordinates"":[]}"
2_430_0,2213,961,313,830,387,1329,5349,6707,6636,6813,3,floating_plants,MU0011_20250420,18.537763025215973,1,Mula,74.13495743273607,2025-04-20,"{""type"":""MultiPoint"",""coordinates"":[]}"
2_431_0,2208,962,327,830,390,1287,5275,6558,6551,6647,3,floating_plants,MU0012_20250420,18.532473419045434,1,Mula,74.13856145273915,2025-04-20,"{""type"":""MultiPoint"",""coordinates"":[]}"
2_432_0,2227,953,308,776,375,1280,5327,6629,6640,6752,3,floating_plants,MU0013_20250420,18.535036864021045,1,Mula,74.13693106273774,2025-04-20,"{""type"":""MultiPoint"",""coordinates"":[]}"
2_433_0,2260,982,300,830,372,1328,5330,6619,6572,6667,3,floating_plants,MU0014_20250420,18.530357530736225,1,Mula,74.14027765274058,2025-04-20,"{""type"":""MultiPoint"",""coordinates"":[]}"
2_434_0,2226,984,332,770,396,1332,5277,6606,6523,6706,3,floating_plants,MU0015_20250420,18.528811288100876,1,Mula,74.14220837774225,2025-04-20,"{""type"":""MultiPoint"",""coordinates"":[]}"
2_435_0,2139,981,366,797,416,1325,4954,6073,5992,6251,3,floating_plants,MU0016_20250420,18.532432729132648,1,Mula,74.1229440327259,2025-04-20,"{""type"":""MultiPoint"",""coordinates"":[]}"
2_436_0,1123,647,387,733,442,1023,2369,2473,3124,2650,3,floating_plants,MU0017_20250420,18.535840474775778,1,Mula,74.12423846763116,2025-04-20,"{""type"":""MultiPoint"",""coordinates"":[]}"
2_437_0,1822,941,352,792,420,1182,4290,5075,5349,5105,3,floating_plants,MU0018_20250420,18.533633076088147,1,Mula,74.12330535628978,2025-04-20,"{""type"":""MultiPoint"",""coordinates"":[]}"
2_438_0,1976,991,370,762,392,1335,4656,5740,5780,5744,3,floating_plants,MU0019_20250420,18.525576338754217,1,Mula,74.11589277275095,2025-04-20,"{""type"":""MultiPoint"",""coordinates"":[]}"
2_439_0,1610,840,322,698,418,1077,3678,4298,5444,4292,3,floating_plants,MU0020_20250420,18.524721814076912,1,Mula,74.1139513214993,2025-04-20,"{""type"":""MultiPoint"",""coordinates"":[]}"
2_440_0,1336,839,517,894,774,1169,2469,2962,3451,3350,1,LEV,MU0021_20250420,18.5268174265133,0,Mula,74.1190033852536,2025-04-20,"{""type"":""MultiPoint"",""coordinates"":[]}"
2_441_0,1536,892,668,1060,936,1201,2635,2904,3516,2936,1,LEV,MU0022_20250420,18.528302650842345,0,Mula,74.12022617775462,2025-04-20,"{""type"":""MultiPoint"",""coordinates"":[]}"
2_442_0,1409,823,447,866,612,1078,2467,2981,4029,3116,1,LEV,MU0023_20250420,18.527560040290645,0,Mula,74.11940025650395,2025-04-20,"{""type"":""MultiPoint"",""coordinates"":[]}"
2_443_0,1464,853,343,782,428,1071,2542,3181,4597,3499,1,LEV,MU0024_20250420,18.52683777213923,0,Mula,74.11846707275315,2025-04-20,"{""type"":""MultiPoint"",""coordinates"":[]}"
2_444_0,2202,1324,412,845,518,1568,3869,4344,5516,4428,1,LEV,MU0025_20250420,18.53098822942377,0,Mula,74.12318700032051,2025-04-20,"{""type"":""MultiPoint"",""coordinates"":[]}"
2_445_0,2212,1003,288,766,361,1312,5207,6443,6352,6589,3,floating_plants,MU0026_20250420,18.523389153589935,1,Mula,74.09879024777317,2025-04-20,"{""type"":""MultiPoint"",""coordinates"":[]}"
2_446_0,1987,984,311,722,476,1283,3969,5113,4952,5318,3,floating_plants,MU0027_20250420,18.52364347883894,1,Mula,74.09944454902372,2025-04-20,"{""type"":""MultiPoint"",""coordinates"":[]}"
2_447_0,1123,617,326,770,418,990,2613,2621,4492,2735,3,floating_plants,MU0028_20250420,18.52333828849474,1,Mula,74.10391739527752,2025-04-20,"{""type"":""MultiPoint"",""coordinates"":[]}"
2_448_0,1741,848,273,702,346,1195,4737,5396,5751,5244,3,floating_plants,MU0029_20250420,18.524264030859136,1,Mula,74.10008812402428,2025-04-20,"{""type"":""MultiPoint"",""coordinates"":[]}"
2_449_0,1949,937,313,813,369,1345,4589,5243,5684,5362,3,floating_plants,MU0030_20250420,18.52346036469778,1,Mula,74.09766399152224,2025-04-20,"{""type"":""MultiPoint"",""coordinates"":[]}"
2_450_0,1431,722,282,720,367,945,3331,4411,5751,4312,3,floating_plants,MU0031_20250420,18.524060571428507,1,Mula,74.09817885152266,2025-04-20,"{""type"":""MultiPoint"",""coordinates"":[]}"
2_451_0,849,539,371,672,462,826,1514,1584,2646,1986,1,LEV,MU0032_20250420,18.52649189601558,0,Mula,74.09168872031252,2025-04-20,"{""type"":""MultiPoint"",""coordinates"":[]}"
2_452_0,1241,737,428,814,572,1105,2429,2463,3336,2599,1,LEV,MU0033_20250420,18.526451204679017,0,Mula,74.09286860781351,2025-04-20,"{""type"":""MultiPoint"",""coordinates"":[]}"
2_453_0,1840,1169,728,1072,1144,1570,2865,3171,3120,3313,1,LEV,MU0034_20250420,18.527183647255562,0,Mula,74.09237520031309,2025-04-20,"{""type"":""MultiPoint"",""coordinates"":[]}"
2_454_0,1954,974,319,676,393,1132,4172,5321,5536,5397,1,LEV,MU0035_20250420,18.524569219781373,0,Mula,74.0986286040684,2025-04-20,"{""type"":""MultiPoint"",""coordinates"":[]}"
2_455_0,2273,1018,330,884,372,1461,5670,6733,6676,6832,3,floating_plants,MU0036_20250420,18.531903758072524,1,Mula,74.08720029896405,2025-04-20,"{""type"":""MultiPoint"",""coordinates"":[]}"
2_456_0,2285,1031,310,850,366,1373,5485,6678,6679,6808,3,floating_plants,MU0037_20250420,18.53068305240691,1,Mula,74.08739337146424,2025-04-20,"{""type"":""MultiPoint"",""coordinates"":[]}"
2_457_0,2315,999,341,896,381,1420,5440,6751,6721,6825,3,floating_plants,MU0038_20250420,18.529340266105997,1,Mula,74.08938845396592,2025-04-20,"{""type"":""MultiPoint"",""coordinates"":[]}"
2_458_0,2262,1009,324,856,412,1410,5327,6448,6376,6533,3,floating_plants,MU0039_20250420,18.528526451093253,1,Mula,74.08880923646544,2025-04-20,"{""type"":""MultiPoint"",""coordinates"":[]}"
2_459_0,1297,690,326,682,357,863,2337,3231,4296,3076,3,floating_plants,MU0040_20250420,18.526990364370093,1,Mula,74.08989545306027,2025-04-20,"{""type"":""MultiPoint"",""coordinates"":[]}"
2_460_0,2229,1103,372,832,474,1422,4836,5938,5904,6175,3,floating_plants,MU0041_20250420,18.537559580884864,1,Mula,74.07869638948202,2025-04-20,"{""type"":""MultiPoint"",""coordinates"":[]}"
2_461_0,2159,1010,318,860,408,1408,5206,6300,6300,6476,3,floating_plants,MU0042_20250420,18.537996983816967,1,Mula,74.08004789698317,2025-04-20,"{""type"":""MultiPoint"",""coordinates"":[]}"
2_462_0,2295,1129,362,846,473,1424,4854,5942,5956,5955,3,floating_plants,MU0043_20250420,18.53833266437753,1,Mula,74.08190353823476,2025-04-20,"{""type"":""MultiPoint"",""coordinates"":[]}"
2_463_0,2146,996,330,898,390,1332,5005,6016,6528,6358,3,floating_plants,MU0044_20250420,18.53667459943495,1,Mula,74.08062711448366,2025-04-20,"{""type"":""MultiPoint"",""coordinates"":[]}"
2_464_0,2333,1022,344,830,372,1378,5454,6708,6636,6822,3,floating_plants,MU0045_20250420,18.536613566062563,1,Mula,74.08309415198573,2025-04-20,"{""type"":""MultiPoint"",""coordinates"":[]}"
2_465_0,2288,1031,330,849,498,1363,5107,6291,5960,6445,3,floating_plants,MU0046_20250420,18.535311515591705,1,Mula,74.08293325823561,2025-04-20,"{""type"":""MultiPoint"",""coordinates"":[]}"
2_466_0,2311,1013,322,819,394,1373,5386,6622,6564,6767,3,floating_plants,MU0047_20250420,18.535087724667903,1,Mula,74.08519649698755,2025-04-20,"{""type"":""MultiPoint"",""coordinates"":[]}"
2_467_0,2231,983,287,750,380,1207,5052,6252,6392,6464,3,floating_plants,MU0048_20250420,18.534558763137596,1,Mula,74.08468163698711,2025-04-20,"{""type"":""MultiPoint"",""coordinates"":[]}"
2_468_0,2179,949,270,761,351,1259,5202,6574,6436,6640,3,floating_plants,MU0049_20250420,18.53302273095226,1,Mula,74.08548610573777,2025-04-20,"{""type"":""MultiPoint"",""coordinates"":[]}"
2_469_0,2089,953,300,774,362,1271,5354,6429,6276,6363,3,floating_plants,MU0050_20250420,18.532870143944695,1,Mula,74.08669858317081,2025-04-20,"{""type"":""MultiPoint"",""coordinates"":[]}"
2_470_0,2138,1024,333,816,408,1332,5139,6255,6260,6264,3,floating_plants,MU0051_20250420,18.537071315997025,1,Mula,74.0733639872811,2025-04-20,"{""type"":""MultiPoint"",""coordinates"":[]}"
2_471_0,2006,1024,389,892,485,1746,4690,5338,5953,5564,3,floating_plants,MU0052_20250420,18.536613566235445,1,Mula,74.07312800978089,2025-04-20,"{""type"":""MultiPoint"",""coordinates"":[]}"
2_472_0,1933,980,421,938,425,1744,4811,5501,5997,5550,3,floating_plants,MU0053_20250420,18.5358913363402,1,Mula,74.07196957477991,2025-04-20,"{""type"":""MultiPoint"",""coordinates"":[]}"
2_473_0,2094,1049,356,875,550,1583,4294,4936,5200,5147,3,floating_plants,MU0054_20250420,18.537610441921338,1,Mula,74.07536979603279,2025-04-20,"{""type"":""MultiPoint"",""coordinates"":[]}"
2_474_0,1960,1061,454,916,606,1340,3564,4352,5217,4707,3,floating_plants,MU0055_20250420,18.537529064532325,1,Mula,74.07659258853381,2025-04-20,"{""type"":""MultiPoint"",""coordinates"":[]}"
2_475_0,2049,1081,498,1098,713,1897,4495,5230,5308,5459,3,floating_plants,MU0056_20250420,18.53852593487704,1,Mula,74.07751504603459,2025-04-20,"{""type"":""MultiPoint"",""coordinates"":[]}"
2_476_0,2375,1761,764,1224,1274,1809,2483,2652,2614,2818,1,LEV,MU0057_20250420,18.538027500431696,0,Mula,74.07696800728414,2025-04-20,"{""type"":""MultiPoint"",""coordinates"":[]}"
2_477_0,2277,1585,970,1268,1500,1788,2204,2434,2187,2653,1,LEV,MU0058_20250420,18.538261459638125,0,Mula,74.079145436036,2025-04-20,"{""type"":""MultiPoint"",""coordinates"":[]}"
2_478_0,536,370,196,316,264,417,524,565,482,531,2,open_water,MU0059_20250420,18.536979766142792,0,Mula,74.0725273397804,2025-04-20,"{""type"":""MultiPoint"",""coordinates"":[]}"
2_479_0,501,385,226,323,251,451,436,487,420,465,2,open_water,MU0060_20250420,18.53788509032311,0,Mula,74.0741040985317,2025-04-20,"{""type"":""MultiPoint"",""coordinates"":[]}"
2_480_0,552,397,194,320,278,432,433,474,450,500,2,open_water,MU0061_20250420,18.538373353058397,0,Mula,74.07543415353284,2025-04-20,"{""type"":""MultiPoint"",""coordinates"":[]}"
2_481_0,736,465,234,394,306,483,641,732,724,519,2,open_water,MU0062_20250420,18.538658172215932,0,Mula,74.08005702246794,2025-04-20,"{""type"":""MultiPoint"",""coordinates"":[]}"
2_482_0,549,378,223,314,276,475,458,503,480,436,2,open_water,MU0063_20250420,18.53376531754684,0,Mula,74.07058456705693,2025-04-20,"{""type"":""MultiPoint"",""coordinates"":[]}"
2_483_0,514,363,195,316,256,439,491,452,465,472,2,open_water,MU0064_20250420,18.531018747453412,0,Mula,74.06836423330508,2025-04-20,"{""type"":""MultiPoint"",""coordinates"":[]}"
2_484_0,524,391,214,320,298,440,419,473,411,488,2,open_water,MU0065_20250420,18.529960797286574,0,Mula,74.06633641605248,2025-04-20,"{""type"":""MultiPoint"",""coordinates"":[]}"
2_485_0,524,354,198,318,270,468,446,527,489,509,2,open_water,MU0066_20250420,18.530113386798686,0,Mula,74.06806378969068,2025-04-20,"{""type"":""MultiPoint"",""coordinates"":[]}"
2_486_0,2012,966,290,766,430,1276,4725,5470,5755,5525,3,floating_plants,MU0067_20250420,18.536013403205626,1,Mula,74.07099170682635,2025-04-20,"{""type"":""MultiPoint"",""coordinates"":[]}"
2_487_0,2204,1035,342,821,435,1329,4997,6069,5908,6180,3,floating_plants,MU0068_20250420,18.534986001223267,1,Mula,74.07021941682567,2025-04-20,"{""type"":""MultiPoint"",""coordinates"":[]}"
2_488_0,2127,1077,370,748,419,1348,4525,5487,5583,5599,3,floating_plants,MU0069_20250420,18.533297386526833,1,Mula,74.06990835557544,2025-04-20,"{""type"":""MultiPoint"",""coordinates"":[]}"
2_489_0,2412,1393,778,1088,1302,1539,2724,3260,2916,3460,1,LEV,MU0070_20250420,18.533999282613646,0,Mula,74.06983327182539,2025-04-20,"{""type"":""MultiPoint"",""coordinates"":[]}"
2_490_0,2238,1145,491,882,860,1326,3509,4384,3647,4606,1,LEV,MU0071_20250420,18.532524280254574,0,Mula,74.06899662432467,2025-04-20,"{""type"":""MultiPoint"",""coordinates"":[]}"
2_491_0,1207,681,496,1012,687,1097,2157,2586,3632,2594,3,floating_plants,MU0072_20250420,18.531710480400594,1,Mula,74.07015505932563,2025-04-20,"{""type"":""MultiPoint"",""coordinates"":[]}"
2_492_0,1822,937,312,774,430,1310,4349,4816,5659,5041,3,floating_plants,MU0073_20250420,18.530113386439538,1,Mula,74.04999641683611,2025-04-20,"{""type"":""MultiPoint"",""coordinates"":[]}"
2_493_0,2001,1038,338,790,447,1394,4410,4951,5379,5135,3,floating_plants,MU0074_20250420,18.528211096394298,1,Mula,74.05870613184348,2025-04-20,"{""type"":""MultiPoint"",""coordinates"":[]}"
2_494_0,2017,1028,322,754,414,1296,4511,5556,5816,5344,3,floating_plants,MU0075_20250420,18.527987296173784,1,Mula,74.05775149559267,2025-04-20,"{""type"":""MultiPoint"",""coordinates"":[]}"
2_495_0,1375,774,308,818,394,1001,2656,3200,5517,3604,3,floating_plants,MU0076_20250420,18.52809919632066,1,Mula,74.05488758684025,2025-04-20,"{""type"":""MultiPoint"",""coordinates"":[]}"
2_496_0,1614,890,331,752,403,1173,3353,3876,4532,3973,3,floating_plants,MU0077_20250420,18.529228366431393,1,Mula,74.04927775808547,2025-04-20,"{""type"":""MultiPoint"",""coordinates"":[]}"
2_497_0,1876,1027,222,505,429,1017,2568,3284,3776,3253,1,LEV,MU0078_20250420,18.52853662346475,0,Mula,74.04946010433567,2025-04-20,"{""type"":""MultiPoint"",""coordinates"":[]}"
2_498_0,1805,1033,388,588,468,1078,2540,3033,2896,3163,1,LEV,MU0079_20250420,18.530286320848507,0,Mula,74.04807641808448,2025-04-20,"{""type"":""MultiPoint"",""coordinates"":[]}"
2_499_0,1067,657,604,1162,750,1443,2318,2621,3371,2747,3,floating_plants,MU0080_20250420,18.53439600527385,1,Mula,74.04622848516199,2025-04-20,"{""type"":""MultiPoint"",""coordinates"":[]}"
2_500_0,1436,830,504,1030,706,1557,3220,3584,4096,3632,3,floating_plants,MU0081_20250420,18.533816179624733,1,Mula,74.04641083141217,2025-04-20,"{""type"":""MultiPoint"",""coordinates"":[]}"
2_501_0,1117,813,374,628,560,841,870,976,1407,1067,3,floating_plants,MU0082_20250420,18.535545478376452,1,Mula,74.04148748265798,2025-04-20,"{""type"":""MultiPoint"",""coordinates"":[]}"
2_502_0,1215,810,302,507,408,797,1006,1081,1222,1047,3,floating_plants,MU0083_20250420,18.53520979234045,1,Mula,74.04276390640906,2025-04-20,"{""type"":""MultiPoint"",""coordinates"":[]}"
2_503_0,1126,723,585,1120,802,1613,2523,2612,3194,2747,3,floating_plants,MU0084_20250420,18.533002385922046,1,Mula,74.03733642390449,2025-04-20,"{""type"":""MultiPoint"",""coordinates"":[]}"
2_504_0,1715,892,325,767,421,1113,3494,4781,5443,4446,3,floating_plants,MU0085_20250420,18.532473417937403,1,Mula,74.0366821226539,2025-04-20,"{""type"":""MultiPoint"",""coordinates"":[]}"
2_505_0,1196,730,526,1130,725,1734,2727,3000,2874,3019,3,floating_plants,MU0086_20250420,18.529777689933137,1,Mula,74.03752909039473,2025-04-20,"{""type"":""MultiPoint"",""coordinates"":[]}"
2_506_0,1244,834,278,489,341,926,1658,2044,1675,1904,3,floating_plants,MU0087_20250420,18.530805123224404,1,Mula,74.03711076664437,2025-04-20,"{""type"":""MultiPoint"",""coordinates"":[]}"
2_507_0,1484,986,353,814,467,1172,2865,3156,4576,2998,3,floating_plants,MU0088_20250420,18.528221269323307,1,Mula,74.03837646414541,2025-04-20,"{""type"":""MultiPoint"",""coordinates"":[]}"
2_508_0,1473,815,390,845,506,1141,2463,3020,3876,2709,3,floating_plants,MU0089_20250420,18.527885568902636,1,Mula,74.03736819664456,2025-04-20,"{""type"":""MultiPoint"",""coordinates"":[]}"
2_509_0,1200,729,536,1006,677,1409,2201,2484,2410,2508,3,floating_plants,MU0090_20250420,18.53056098121951,1,Mula,74.03779724664493,2025-04-20,"{""type"":""MultiPoint"",""coordinates"":[]}"
2_510_0,1508,830,306,560,421,792,2476,3480,3459,3627,1,LEV,MU0091_20250420,18.53313462750482,0,Mula,74.03610236466889,2025-04-20,"{""type"":""MultiPoint"",""coordinates"":[]}"
2_511_0,2501,1643,196,593,458,1463,2760,3085,3532,3226,1,LEV,MU0092_20250420,18.53526065374584,0,Mula,74.03882683217121,2025-04-20,"{""type"":""MultiPoint"",""coordinates"":[]}"
2_512_0,1870,1039,294,620,514,1008,2431,2902,3192,2960,1,LEV,MU0093_20250420,18.53544375524725,0,Mula,74.03669230841938,2025-04-20,"{""type"":""MultiPoint"",""coordinates"":[]}"
2_513_0,2313,1489,552,938,992,1598,2796,3151,3311,3413,1,LEV,MU0094_20250420,18.52935043857235,0,Mula,74.0380654416859,2025-04-20,"{""type"":""MultiPoint"",""coordinates"":[]}"
2_514_0,1903,1114,296,598,484,1082,2498,2932,3040,3110,1,LEV,MU0095_20250420,18.526359649379916,0,Mula,74.03868757194462,2025-04-20,"{""type"":""MultiPoint"",""coordinates"":[]}"
2_515_0,1951,1028,290,706,376,1218,4141,5108,5401,4934,3,floating_plants,MU0096_20250420,18.522941540254966,1,Mula,74.04058649834562,2025-04-20,"{""type"":""MultiPoint"",""coordinates"":[]}"
2_516_0,2206,1369,333,772,456,1367,3799,4342,5132,4484,3,floating_plants,MU0097_20250420,18.524131782278737,1,Mula,74.04060795084564,2025-04-20,"{""type"":""MultiPoint"",""coordinates"":[]}"
2_517_0,1751,1147,658,1296,881,1854,3157,3379,3558,3677,3,floating_plants,MU0098_20250420,18.524660776074523,1,Mula,74.04142314584634,2025-04-20,"{""type"":""MultiPoint"",""coordinates"":[]}"
2_518_0,1618,908,718,1390,933,2223,3678,3955,4132,4182,3,floating_plants,MU0099_20250420,18.52355192181486,1,Mula,74.04157331334645,2025-04-20,"{""type"":""MultiPoint"",""coordinates"":[]}"
2_519_0,1478,842,654,1250,886,1926,3317,3709,3544,3904,3,floating_plants,MU0100_20250420,18.522280291106604,1,Mula,74.04143387209635,2025-04-20,"{""type"":""MultiPoint"",""coordinates"":[]}"
2_520_0,1307,712,260,544,278,984,2758,3466,2407,3695,3,floating_plants,MU0101_20250420,18.52216838715161,1,Mula,74.04052214084558,2025-04-20,"{""type"":""MultiPoint"",""coordinates"":[]}"
2_521_0,1967,1056,323,786,412,1292,3779,4307,5356,4579,3,floating_plants,MU0102_20250420,18.525749277390616,1,Mula,74.0396211358448,2025-04-20,"{""type"":""MultiPoint"",""coordinates"":[]}"
2_522_0,1253,807,355,758,520,1043,2031,2546,3539,2695,3,floating_plants,MU0103_20250420,18.527061573697335,1,Mula,74.03962088758395,2025-04-20,"{""type"":""MultiPoint"",""coordinates"":[]}"
2_523_0,1690,866,270,706,308,1109,3726,4435,4686,5155,3,floating_plants,MU0104_20250420,18.52061189694322,1,Mula,74.03981387474448,2025-04-20,"{""type"":""MultiPoint"",""coordinates"":[]}"
2_524_0,2037,1062,300,708,334,1273,4474,5531,5892,5428,3,floating_plants,MU0105_20250420,18.519523362927284,1,Mula,74.03930974099406,2025-04-20,"{""type"":""MultiPoint"",""coordinates"":[]}"
2_525_0,1765,920,279,619,420,1097,3105,3721,3488,3966,1,LEV,MU0106_20250420,18.521140901627035,0,Mula,74.04131554974575,2025-04-20,"{""type"":""MultiPoint"",""coordinates"":[]}"
2_526_0,1840,1034,288,633,435,1240,3159,3858,3996,3696,1,LEV,MU0107_20250420,18.518984179961354,0,Mula,74.04012493599473,2025-04-20,"{""type"":""MultiPoint"",""coordinates"":[]}"
2_527_0,1706,1003,294,498,386,1018,2303,2688,2160,2869,1,LEV,MU0108_20250420,18.51632893314177,0,Mula,74.03883774461683,2025-04-20,"{""type"":""MultiPoint"",""coordinates"":[]}"
2_528_0,1645,893,294,692,356,1054,3244,3627,4731,4362,3,floating_plants,MU0109_20250420,18.516583268889036,1,Mula,74.03777584586594,2025-04-20,"{""type"":""MultiPoint"",""coordinates"":[]}"
2_529_0,1840,999,308,714,384,1196,3644,4273,4161,4767,3,floating_plants,MU0110_20250420,18.51742766085836,1,Mula,74.03817271711628,2025-04-20,"{""type"":""MultiPoint"",""coordinates"":[]}"
2_530_0,1594,747,318,722,380,1062,3520,4384,5296,4503,3,floating_plants,MU0111_20250420,18.508861466453883,1,Mula,74.0356726940164,2025-04-20,"{""type"":""MultiPoint"",""coordinates"":[]}"
2_531_0,2233,1001,338,805,399,1273,5204,6335,6283,6302,3,floating_plants,MU0112_20250420,18.509675375033357,1,Mula,74.0356834202664,2025-04-20,"{""type"":""MultiPoint"",""coordinates"":[]}"
2_532_0,1355,650,298,568,308,921,2866,3991,2697,3380,3,floating_plants,MU0113_20250420,18.510580843779614,1,Mula,74.03626263776692,2025-04-20,"{""type"":""MultiPoint"",""coordinates"":[]}"
2_533_0,2198,1007,339,796,377,1381,5136,6271,6495,6453,3,floating_plants,MU0114_20250420,18.50455786014366,1,Mula,74.03466435152009,2025-04-20,"{""type"":""MultiPoint"",""coordinates"":[]}"
2_534_0,2163,1030,349,822,496,1371,4834,5892,5658,5918,3,floating_plants,MU0115_20250420,18.50388636576962,1,Mula,74.0340100502695,2025-04-20,"{""type"":""MultiPoint"",""coordinates"":[]}"
2_535_0,2196,1051,394,896,610,1432,4807,5712,5611,5988,3,floating_plants,MU0116_20250420,18.50726415925418,1,Mula,74.0354902727708,2025-04-20,"{""type"":""MultiPoint"",""coordinates"":[]}"
2_536_0,1245,631,286,770,363,842,2503,3244,5229,3193,3,floating_plants,MU0117_20250420,18.50656215344437,1,Mula,74.03613384777132,2025-04-20,"{""type"":""MultiPoint"",""coordinates"":[]}"
2_537_0,2177,1070,293,726,416,1290,3966,5051,5443,5118,1,LEV,MU0118_20250420,18.4985550130206,0,Mula,74.02956716393447,2025-04-20,"{""type"":""MultiPoint"",""coordinates"":[]}"
2_538_0,1304,780,379,774,566,929,2128,2892,4164,2982,1,LEV,MU0119_20250420,18.49821925439192,0,Mula,74.03031800143509,2025-04-20,"{""type"":""MultiPoint"",""coordinates"":[]}"
2_539_0,1234,668,369,622,418,970,2534,2359,2598,2587,1,LEV,MU0120_20250420,18.499196004938277,0,Mula,74.0310152076857,2025-04-20,"{""type"":""MultiPoint"",""coordinates"":[]}"
2_540_0,2503,1312,465,930,740,1472,3566,4263,4522,4533,1,LEV,MU0121_20250420,18.497730877029635,0,Mula,74.03134772143595,2025-04-20,"{""type"":""MultiPoint"",""coordinates"":[]}"
2_541_0,1936,959,280,572,416,993,2854,3376,3604,3585,1,LEV,MU0122_20250420,18.49710005420882,0,Mula,74.02320649767906,2025-04-20,"{""type"":""MultiPoint"",""coordinates"":[]}"
2_542_0,2174,976,280,826,348,1340,5371,6500,6504,6532,3,floating_plants,MU0123_20250420,18.506897896004936,1,Mula,73.99497879811774,2025-04-20,"{""type"":""MultiPoint"",""coordinates"":[]}"
2_543_0,2232,968,292,819,352,1338,5547,6825,6840,6939,3,floating_plants,MU0124_20250420,18.506226410809926,1,Mula,73.99989142062194,2025-04-20,"{""type"":""MultiPoint"",""coordinates"":[]}"
2_544_0,2215,916,269,836,315,1358,5632,6725,6640,6804,3,floating_plants,MU0125_20250420,18.506816504000387,1,Mula,74.00632717062737,2025-04-20,"{""type"":""MultiPoint"",""coordinates"":[]}"
2_545_0,2263,946,300,816,340,1339,5575,6959,6904,7013,3,floating_plants,MU0126_20250420,18.505473530337703,1,Mula,74.00791465562875,2025-04-20,"{""type"":""MultiPoint"",""coordinates"":[]}"
2_546_0,2288,996,357,872,412,1403,5517,6815,6828,6943,3,floating_plants,MU0127_20250420,18.50665371987516,1,Mula,74.01216225063231,2025-04-20,"{""type"":""MultiPoint"",""coordinates"":[]}"
2_547_0,2035,861,287,726,354,1215,5013,6072,6151,6217,3,floating_plants,MU0128_20250420,18.50284859684888,1,Mula,74.01735375563672,2025-04-20,"{""type"":""MultiPoint"",""coordinates"":[]}"
2_548_0,2128,889,299,795,380,1281,5155,6356,6411,6547,3,floating_plants,MU0129_20250420,18.505066566541622,1,Mula,74.01402861813389,2025-04-20,"{""type"":""MultiPoint"",""coordinates"":[]}"
2_549_0,2118,957,321,780,342,1381,5571,6472,6347,6753,3,floating_plants,MU0130_20250420,18.516298412575445,1,Mula,73.99240231548897,2025-04-20,"{""type"":""MultiPoint"",""coordinates"":[]}"
2_550_0,2016,987,311,818,417,1271,4871,5559,5831,5780,3,floating_plants,MU0131_20250420,18.512819060967068,1,Mula,73.99117952298792,2025-04-20,"{""type"":""MultiPoint"",""coordinates"":[]}"
2_551_0,2227,1036,272,848,372,1352,4892,5955,6485,6095,3,floating_plants,MU0132_20250420,18.51169995623045,1,Mula,73.99261684048915,2025-04-20,"{""type"":""MultiPoint"",""coordinates"":[]}"
2_552_0,2089,964,266,742,354,1271,5168,6276,6288,6335,3,floating_plants,MU0133_20250420,18.522972059263406,1,Mula,73.9916933951171,2025-04-20,"{""type"":""MultiPoint"",""coordinates"":[]}"
2_553_0,2182,1004,334,806,409,1362,5262,6388,6541,6485,3,floating_plants,MU0134_20250420,18.52482354348259,1,Mula,73.98832405441689,2025-04-20,"{""type"":""MultiPoint"",""coordinates"":[]}"
2_554_0,1804,926,504,1194,620,1924,4676,5206,5355,5450,3,floating_plants,MU0135_20250420,18.52563737612123,1,Mula,73.98819533941679,2025-04-20,"{""type"":""MultiPoint"",""coordinates"":[]}"
2_555_0,2051,956,247,733,330,1222,5180,6169,6419,6396,3,floating_plants,MU0136_20250420,18.53076443349142,1,Mula,73.97976227773415,2025-04-20,"{""type"":""MultiPoint"",""coordinates"":[]}"
2_556_0,3027,2783,1864,2174,2624,2683,2510,2656,2746,2749,1,LEV,MU0137_20250420,18.533165148652003,0,Mula,73.95753839663034,2025-04-20,"{""type"":""MultiPoint"",""coordinates"":[]}"
2_557_0,2392,2017,498,701,1021,1235,1346,1489,1507,1717,1,LEV,MU0138_20250420,18.53625754116138,0,Mula,73.96800721663922,2025-04-20,"{""type"":""MultiPoint"",""coordinates"":[]}"
2_558_0,1684,1038,476,761,804,1140,2197,2410,2326,2761,1,LEV,MU0139_20250420,18.513958511068047,0,Mula,73.99889881666547,2025-04-20,"{""type"":""MultiPoint"",""coordinates"":[]}"
2_559_0,2233,1600,579,830,1216,1373,1456,1640,1823,1929,1,LEV,MU0140_20250420,18.51330740081119,0,Mula,74.01434461667854,2025-04-20,"{""type"":""MultiPoint"",""coordinates"":[]}"
2_560_0,1782,1059,426,693,594,1014,2436,2943,2965,3091,1,LEV,MU0141_20250420,18.514772395404773,0,Mula,74.02447019668712,2025-04-20,"{""type"":""MultiPoint"",""coordinates"":[]}"
2_561_0,2551,2071,997,1284,1692,2040,2104,2203,2040,2223,1,LEV,MU0142_20250420,18.520795019157084,0,Mula,73.9214981965998,2025-04-20,"{""type"":""MultiPoint"",""coordinates"":[]}"
2_562_0,2797,2219,928,1318,1824,2119,2209,2291,2244,2378,1,LEV,MU0143_20250420,18.557577250240268,0,Mula,74.08488043673842,2025-04-20,"{""type"":""MultiPoint"",""coordinates"":[]}"
2_563_0,2006,1292,476,802,727,1286,2288,2677,2865,2770,1,LEV,MU0144_20250420,18.528282309717905,0,Mula,74.07818725673273,2025-04-20,"{""type"":""MultiPoint"",""coordinates"":[]}"
2_564_0,2048,1141,392,796,622,1373,2679,2980,3038,3226,1,LEV,MU0145_20250420,18.520469477348488,0,Mula,74.05519017671321,2025-04-20,"{""type"":""MultiPoint"",""coordinates"":[]}"
2_565_0,2908,2185,894,1290,1764,2053,2315,2586,2598,2760,1,LEV,MU0146_20250420,18.556112622561987,0,Mula,74.11611527676489,2025-04-20,"{""type"":""MultiPoint"",""coordinates"":[]}"
2_566_0,1770,903,251,567,381,1026,2821,3338,3415,3485,1,LEV,MU0147_20250420,18.525515305746104,0,Mula,74.10667617675692,2025-04-20,"{""type"":""MultiPoint"",""coordinates"":[]}"
2_567_0,2555,2409,1646,1648,1830,1865,1990,2221,2375,2401,1,LEV,MU0148_20250420,18.550904955704002,0,Mula,73.92441573660228,2025-04-20,"{""type"":""MultiPoint"",""coordinates"":[]}"
2_568_0,1835,1491,824,886,1078,1215,1421,1779,1488,1633,1,LEV,MU0149_20250420,18.523399331318444,0,Mula,73.90639563658698,2025-04-20,"{""type"":""MultiPoint"",""coordinates"":[]}"
2_569_0,3068,2683,1674,2122,2686,2696,2947,2951,3002,3007,1,LEV,MU0150_20250420,18.50907512375178,0,Mula,73.94157773661682,2025-04-20,"{""type"":""MultiPoint"",""coordinates"":[]}"
2_570_0,3134,2925,1244,1566,1886,2076,2127,2496,2509,2567,1,LEV,MU0151_20250420,18.5613201305353,0,Mula,73.9542776166276,2025-04-20,"{""type"":""MultiPoint"",""coordinates"":[]}"
2_571_0,2568,2365,1120,1446,1682,1793,1842,1962,2105,2019,1,LEV,MU0152_20250420,18.56766656600225,0,Mula,73.94912901662323,2025-04-20,"{""type"":""MultiPoint"",""coordinates"":[]}"
2_572_0,1886,1323,377,710,708,1169,2138,2304,2261,2470,1,LEV,MU0153_20250420,18.53479272786607,0,Mula,73.99375327854484,2025-04-20,"{""type"":""MultiPoint"",""coordinates"":[]}"
2_573_0,3028,2874,1244,1306,1480,1921,2085,2338,2390,2475,1,LEV,MU0154_20250420,18.501668384302988,0,Mula,73.91721075847991,2025-04-20,"{""type"":""MultiPoint"",""coordinates"":[]}"
2_574_0,2975,2420,1138,1572,2162,2439,2405,2537,2558,2662,1,LEV,MU0155_20250420,18.509807637966414,0,Mula,73.89369881845994,2025-04-20,"{""type"":""MultiPoint"",""coordinates"":[]}"
2_575_0,2664,1479,252,618,458,1135,2837,3396,3252,3793,1,LEV,MU0156_20250420,18.55399702555593,0,Mula,73.8863020698322,2025-04-20,"{""type"":""MultiPoint"",""coordinates"":[]}"
2_576_0,3144,1904,642,1168,1048,1606,3071,3725,4320,3949,1,LEV,MU0157_20250420,18.527875398672236,0,Mula,73.88870474983422,2025-04-20,"{""type"":""MultiPoint"",""coordinates"":[]}"
2_577_0,2184,1709,542,818,1178,1498,1764,1762,1627,1978,1,LEV,MU0158_20250420,18.538129223725825,0,Mula,73.84090857979366,2025-04-20,"{""type"":""MultiPoint"",""coordinates"":[]}"
2_578_0,388,328,141,394,281,433,231,292,252,256,2,open_water,MU0159_20250420,18.53666442924129,0,Mula,73.93950426987732,2025-04-20,"{""type"":""MultiPoint"",""coordinates"":[]}"
2_579_0,340,276,173,300,251,336,184,190,210,210,2,open_water,MU0160_20250420,18.541547028686466,0,Mula,73.87531838982287,2025-04-20,"{""type"":""MultiPoint"",""coordinates"":[]}"
2_580_0,2132,1040,287,771,313,1235,5027,6066,6336,6088,3,floating_plants,MU0161_20250420,18.552573052156415,1,Mula,73.85929982709126,2025-04-20,"{""type"":""MultiPoint"",""coordinates"":[]}"
2_581_0,1302,671,258,724,331,978,2968,3835,5505,3046,3,floating_plants,MU0162_20250420,18.550131927483154,1,Mula,73.85719748208945,2025-04-20,"{""type"":""MultiPoint"",""coordinates"":[]}"
2_582_0,2182,1016,266,768,361,1328,4924,6062,6180,6160,3,floating_plants,MU0163_20250420,18.554770034518278,1,Mula,73.86399792459525,2025-04-20,"{""type"":""MultiPoint"",""coordinates"":[]}"
2_583_0,2263,1039,315,856,409,1449,5100,6094,6281,6294,3,floating_plants,MU0164_20250420,18.554932772827666,1,Mula,73.86534943209637,2025-04-20,"{""type"":""MultiPoint"",""coordinates"":[]}"
2_584_0,2255,1002,256,806,323,1388,5522,6657,6687,6778,3,floating_plants,MU0165_20250420,18.555685435490442,1,Mula,73.86770920709837,2025-04-20,"{""type"":""MultiPoint"",""coordinates"":[]}"
2_585_0,2312,1003,254,858,344,1394,5725,6921,6969,7028,3,floating_plants,MU0166_20250420,18.555400644602948,1,Mula,73.87165646710174,2025-04-20,"{""type"":""MultiPoint"",""coordinates"":[]}"
2_586_0,2288,985,237,762,316,1383,5572,6843,6888,7116,3,floating_plants,MU0167_20250420,18.55653980530186,1,Mula,73.8727934496027,2025-04-20,"{""type"":""MultiPoint"",""coordinates"":[]}"
2_587_0,2167,988,261,798,366,1386,5164,6201,6521,6535,3,floating_plants,MU0168_20250420,18.559123231484417,1,Mula,73.87326567355235,2025-04-20,"{""type"":""MultiPoint"",""coordinates"":[]}"
2_588_0,1823,863,349,916,428,1554,4530,5235,5780,5341,3,floating_plants,MU0169_20250420,18.560282708978765,1,Mula,73.87300824355212,2025-04-20,"{""type"":""MultiPoint"",""coordinates"":[]}"
2_589_0,2237,950,229,824,312,1370,5528,6774,6796,6888,3,floating_plants,MU0170_20250420,18.555787147034966,1,Mula,73.86916824604886,2025-04-20,"{""type"":""MultiPoint"",""coordinates"":[]}"
2_590_0,2009,928,259,758,332,1296,5120,6182,6352,6062,3,floating_plants,MU0171_20250420,18.553025673093387,1,Mula,73.86016554395997,2025-04-20,"{""type"":""MultiPoint"",""coordinates"":[]}"
2_591_0,2166,997,280,752,332,1322,5347,6613,6363,6462,3,floating_plants,MU0172_20250420,18.553971597012918,1,Mula,73.86193537521149,2025-04-20,"{""type"":""MultiPoint"",""coordinates"":[]}"
2_592_0,1146,599,313,763,355,788,1856,2829,4239,2738,3,floating_plants,MU0173_20250420,18.55311721434696,1,Mula,73.86119526396084,2025-04-20,"{""type"":""MultiPoint"",""coordinates"":[]}"
2_593_0,1882,926,281,734,319,1267,4787,5519,5623,5505,3,floating_plants,MU0174_20250420,18.55175934717123,1,Mula,73.85877049011825,2025-04-20,"{""type"":""MultiPoint"",""coordinates"":[]}"
2_594_0,1819,927,251,722,303,1206,4297,5267,5540,5047,3,floating_plants,MU0175_20250420,18.551871231748812,1,Mula,73.85793384261757,2025-04-20,"{""type"":""MultiPoint"",""coordinates"":[]}"
2_595_0,1756,807,209,766,268,1239,5085,5935,6680,5900,3,floating_plants,MU0176_20250420,18.545559809265892,1,Mula,73.85535866853031,2025-04-20,"{""type"":""MultiPoint"",""coordinates"":[]}"
2_596_0,1750,781,210,688,248,1132,4951,5638,6196,5942,3,floating_plants,MU0177_20250420,18.545941247509543,1,Mula,73.8549028029049,2025-04-20,"{""type"":""MultiPoint"",""coordinates"":[]}"
2_597_0,1293,640,205,708,224,871,3135,2836,5881,3500,3,floating_plants,MU0178_20250420,18.544161195084047,1,Mula,73.85411978665427,2025-04-20,"{""type"":""MultiPoint"",""coordinates"":[]}"
2_598_0,1580,762,218,715,264,1088,3942,3878,5416,3991,3,floating_plants,MU0179_20250420,18.544339201161446,1,Mula,73.85507442290508,2025-04-20,"{""type"":""MultiPoint"",""coordinates"":[]}"
2_599_0,2231,1093,294,768,478,1388,4725,6100,5155,6285,1,LEV,MU0180_20250420,18.545030880158315,0,Mula,73.85524067978022,2025-04-20,"{""type"":""MultiPoint"",""coordinates"":[]}"
2_600_0,1791,906,175,734,233,1226,3741,5091,5355,4470,3,floating_plants,MU0181_20250420,18.541572456905293,1,Mula,73.85367463564165,2025-04-20,"{""type"":""MultiPoint"",""coordinates"":[]}"
2_601_0,1519,792,181,733,241,1035,3633,4241,5932,4608,3,floating_plants,MU0182_20250420,18.542533702087443,1,Mula,73.85378726126676,2025-04-20,"{""type"":""MultiPoint"",""coordinates"":[]}"
2_602_0,1197,676,227,697,329,914,2492,3921,5324,3241,3,floating_plants,MU0183_20250420,18.540840075921004,1,Mula,73.8545702762244,2025-04-20,"{""type"":""MultiPoint"",""coordinates"":[]}"
2_603_0,1745,846,224,816,299,1325,4886,6367,6125,5867,3,floating_plants,MU0184_20250420,18.537361223353578,1,Mula,73.8545703525129,2025-04-20,"{""type"":""MultiPoint"",""coordinates"":[]}"
2_604_0,1947,947,210,714,338,1227,5107,5537,5916,5726,3,floating_plants,MU0185_20250420,18.532097035935664,1,Mula,73.8559101200322,2025-04-20,"{""type"":""MultiPoint"",""coordinates"":[]}"
2_605_0,1825,902,239,706,345,1279,4464,5234,5059,5259,3,floating_plants,MU0186_20250420,18.531995310911554,1,Mula,73.85675749378294,2025-04-20,"{""type"":""MultiPoint"",""coordinates"":[]}"
2_606_0,2160,1107,329,858,525,1462,5155,5836,5875,6187,3,floating_plants,MU0187_20250420,18.532514107901637,1,Mula,73.86140196003689,2025-04-20,"{""type"":""MultiPoint"",""coordinates"":[]}"
2_607_0,2023,996,280,796,386,1411,5059,6461,6231,5921,3,floating_plants,MU0188_20250420,18.53348049025304,1,Mula,73.86239950128774,2025-04-20,"{""type"":""MultiPoint"",""coordinates"":[]}"
2_608_0,2123,1003,232,787,350,1368,5090,6352,6224,6184,3,floating_plants,MU0189_20250420,18.536827182691294,1,Mula,73.86407279628916,2025-04-20,"{""type"":""MultiPoint"",""coordinates"":[]}"
2_609_0,1208,632,317,690,433,831,2449,2955,5169,3065,3,floating_plants,MU0190_20250420,18.532361520715085,1,Mula,73.86208844003745,2025-04-20,"{""type"":""MultiPoint"",""coordinates"":[]}"
2_610_0,2094,971,196,666,327,1281,5194,6533,6188,6464,3,floating_plants,MU0191_20250420,18.538790409849817,1,Mula,73.86669219167612,2025-04-20,"{""type"":""MultiPoint"",""coordinates"":[]}"
2_611_0,1884,962,202,620,374,1153,4580,5459,5592,5593,3,floating_plants,MU0192_20250420,18.540926537890893,1,Mula,73.87263620994189,2025-04-20,"{""type"":""MultiPoint"",""coordinates"":[]}"
2_612_0,2013,1041,282,716,446,1396,4059,4553,4619,4859,1,LEV,MU0193_20250420,18.535525133869147,0,Mula,73.86338799463532,2025-04-20,"{""type"":""MultiPoint"",""coordinates"":[]}"
3_613_0,1513,846,540,860,560,1254,3238,3564,4005,3680,3,floating_plants,MU0001_20251216,18.533124455205378,1,Mula,73.86185545718374,2025-12-16,"{""type"":""MultiPoint"",""coordinates"":[]}"
3_614_0,714,384,481,668,487,838,1458,1564,1698,1830,3,floating_plants,MU0002_20251216,18.5374578593501,1,Mula,73.92919896207633,2025-12-16,"{""type"":""MultiPoint"",""coordinates"":[]}"
3_615_0,1549,917,568,828,736,1189,2847,3365,3707,3303,3,floating_plants,MU0003_20251216,18.539695724781946,1,Mula,73.9185883371672,2025-12-16,"{""type"":""MultiPoint"",""coordinates"":[]}"
3_616_0,1536,882,497,773,576,1282,3486,3891,3143,3479,3,floating_plants,MU0004_20251216,18.539777101139006,1,Mula,73.91710811466595,2025-12-16,"{""type"":""MultiPoint"",""coordinates"":[]}"
3_617_0,1014,782,662,784,854,978,1159,1220,1425,1157,1,LEV,MU0005_20251216,18.540041574257152,0,Mula,73.91493932263533,2025-12-16,"{""type"":""MultiPoint"",""coordinates"":[]}"
3_618_0,1833,1583,866,1074,1360,1531,1606,1615,1610,1615,1,LEV,MU0006_20251216,18.540855334436014,0,Mula,73.91097061013198,2025-12-16,"{""type"":""MultiPoint"",""coordinates"":[]}"
3_619_0,812,646,794,1000,1056,900,1118,1132,1761,969,1,LEV,MU0007_20251216,18.537885090573354,0,Mula,73.92854401431315,2025-12-16,"{""type"":""MultiPoint"",""coordinates"":[]}"
3_620_0,627,359,520,701,522,730,1144,1189,2227,1416,3,floating_plants,MU0008_20251216,18.53570823556859,1,Mula,73.93433618931806,2025-12-16,"{""type"":""MultiPoint"",""coordinates"":[]}"
3_621_0,1433,682,618,914,615,1190,3599,4413,4499,4436,3,floating_plants,MU0009_20251216,18.545737814453446,1,Mula,73.95133186556386,2025-12-16,"{""type"":""MultiPoint"",""coordinates"":[]}"
3_622_0,856,419,598,884,596,939,1945,2286,3496,2310,3,floating_plants,MU0010_20251216,18.544405317821028,1,Mula,73.94446781809872,2025-12-16,"{""type"":""MultiPoint"",""coordinates"":[]}"
3_623_0,456,246,440,589,459,679,1077,1281,1407,1159,3,floating_plants,MU0011_20251216,18.5455547235807,1,Mula,73.94662379435053,2025-12-16,"{""type"":""MultiPoint"",""coordinates"":[]}"
3_624_0,1040,658,560,888,664,949,1656,1921,2727,1775,3,floating_plants,MU0012_20251216,18.544893561920592,1,Mula,73.94432837684862,2025-12-16,"{""type"":""MultiPoint"",""coordinates"":[]}"
3_625_0,860,459,411,620,447,725,1810,1930,2793,2193,3,floating_plants,MU0013_20251216,18.543876385138176,1,Mula,73.94318066809761,2025-12-16,"{""type"":""MultiPoint"",""coordinates"":[]}"
3_626_0,1342,734,385,580,449,872,2151,2489,2472,2386,1,LEV,MU0014_20251216,18.539939853478927,0,Mula,73.94080902898341,2025-12-16,"{""type"":""MultiPoint"",""coordinates"":[]}"
3_627_0,1265,696,486,642,530,820,1722,2024,2134,2153,1,LEV,MU0015_20251216,18.542482842681395,0,Mula,73.9420961789845,2025-12-16,"{""type"":""MultiPoint"",""coordinates"":[]}"
3_628_0,1436,781,277,453,344,744,1745,1970,2183,2167,1,LEV,MU0016_20251216,18.53824111560317,0,Mula,73.93991875023264,2025-12-16,"{""type"":""MultiPoint"",""coordinates"":[]}"
3_629_0,802,478,455,644,544,763,1521,1678,2254,1641,1,LEV,MU0017_20251216,18.54347968457499,0,Mula,73.8906050552875,2025-12-16,"{""type"":""MultiPoint"",""coordinates"":[]}"
3_630_0,995,542,451,629,496,889,1727,2033,2428,2143,1,LEV,MU0018_20251216,18.543581402762065,0,Mula,73.89182784778855,2025-12-16,"{""type"":""MultiPoint"",""coordinates"":[]}"
3_631_0,1775,973,460,692,611,1006,2046,2301,2281,2614,1,LEV,MU0019_20251216,18.538108877913793,0,Mula,73.85533044221475,2025-12-16,"{""type"":""MultiPoint"",""coordinates"":[]}"
3_632_0,2748,1560,987,993,1078,1123,1122,1146,1214,1176,1,LEV,MU0020_20251216,18.538556451554893,0,Mula,73.84874452470915,2025-12-16,"{""type"":""MultiPoint"",""coordinates"":[]}"
3_633_0,176,121,322,375,354,342,264,259,216,212,2,open_water,MU0021_20251216,18.540997741684794,0,Mula,73.87405847473066,2025-12-16,"{""type"":""MultiPoint"",""coordinates"":[]}"
3_634_0,127,84,301,396,326,369,281,257,225,217,2,open_water,MU0022_20251216,18.542645592800756,0,Mula,73.85410764971373,2025-12-16,"{""type"":""MultiPoint"",""coordinates"":[]}"
3_635_0,189,151,371,404,342,372,313,311,238,240,2,open_water,MU0023_20251216,18.533246525083527,0,Mula,73.85522317971466,2025-12-16,"{""type"":""MultiPoint"",""coordinates"":[]}"
3_636_0,190,135,351,436,376,382,238,301,249,249,2,open_water,MU0024_20251216,18.542991436493015,0,Mula,73.87978886276966,2025-12-16,"{""type"":""MultiPoint"",""coordinates"":[]}"
3_637_0,156,117,385,439,392,413,299,294,265,307,2,open_water,MU0025_20251216,18.543988274963862,0,Mula,73.88712561777591,2025-12-16,"{""type"":""MultiPoint"",""coordinates"":[]}"
3_638_0,184,132,374,416,347,412,316,319,320,276,2,open_water,MU0026_20251216,18.555705777819856,0,Mula,73.8684156138292,2025-12-16,"{""type"":""MultiPoint"",""coordinates"":[]}"
3_639_0,161,109,292,370,298,351,265,291,225,239,2,open_water,MU0027_20251216,18.551088038946304,0,Mula,73.85745338631989,2025-12-16,"{""type"":""MultiPoint"",""coordinates"":[]}"
3_640_0,155,134,594,732,501,469,365,347,308,257,2,open_water,MU0028_20251216,18.579016333491303,0,Mula,73.88244864692959,2025-12-16,"{""type"":""MultiPoint"",""coordinates"":[]}"
3_641_0,253,170,654,910,539,575,375,327,312,273,2,open_water,MU0029_20251216,18.575212821938713,0,Mula,73.88114004442846,2025-12-16,"{""type"":""MultiPoint"",""coordinates"":[]}"
3_642_0,132,111,220,194,185,177,189,220,206,232,2,open_water,MU0030_20251216,18.578243434270597,0,Mula,73.86904083441817,2025-12-16,"{""type"":""MultiPoint"",""coordinates"":[]}"
3_643_0,1381,658,440,708,397,1268,3685,4396,5043,4499,3,floating_plants,MU0031_20251216,18.523521402803876,1,Mula,74.09842431914073,2025-12-16,"{""type"":""MultiPoint"",""coordinates"":[]}"
3_644_0,1523,758,496,848,497,1332,3756,4243,4915,4380,3,floating_plants,MU0032_20251216,18.52653258714951,1,Mula,74.09298611038614,2025-12-16,"{""type"":""MultiPoint"",""coordinates"":[]}"
3_645_0,308,201,466,624,422,618,667,779,1439,740,3,floating_plants,MU0033_20251216,18.52607480916371,1,Mula,74.09229963038554,2025-12-16,"{""type"":""MultiPoint"",""coordinates"":[]}"
3_646_0,487,241,419,521,365,627,934,1109,996,1011,3,floating_plants,MU0034_20251216,18.52488458066461,1,Mula,74.09327571913636,2025-12-16,"{""type"":""MultiPoint"",""coordinates"":[]}"
3_647_0,577,258,403,576,362,675,1460,1765,2425,1402,3,floating_plants,MU0035_20251216,18.52340949966103,1,Mula,74.10405560039551,2025-12-16,"{""type"":""MultiPoint"",""coordinates"":[]}"
3_648_0,1012,492,575,784,601,941,2458,2641,3499,2417,3,floating_plants,MU0036_20251216,18.526746216548485,1,Mula,74.11902317750919,2025-12-16,"{""type"":""MultiPoint"",""coordinates"":[]}"
3_649_0,791,400,527,736,468,860,1772,2179,3500,2068,3,floating_plants,MU0037_20251216,18.52795677775436,1,Mula,74.12024852373509,2025-12-16,"{""type"":""MultiPoint"",""coordinates"":[]}"
3_650_0,813,415,468,728,497,854,1945,2394,3052,2101,3,floating_plants,MU0038_20251216,18.52895370393311,1,Mula,74.12147667936112,2025-12-16,"{""type"":""MultiPoint"",""coordinates"":[]}"
4_651_0,1428,594,548,946,488,1440,3453,3893,4350,4243,3,floating_plants,MU0001_20250207,18.53467065886976,1,Mula,74.08423038711813,2025-02-07,"{""type"":""MultiPoint"",""coordinates"":[]}"
4_652_0,1718,720,480,865,449,1532,4065,4564,4479,4725,3,floating_plants,MU0002_20250207,18.53410100653291,1,Mula,74.084058767118,2025-02-07,"{""type"":""MultiPoint"",""coordinates"":[]}"
4_653_0,517,304,398,499,388,612,976,917,789,983,3,floating_plants,MU0003_20250207,18.533592386770483,1,Mula,74.08567843086935,2025-02-07,"{""type"":""MultiPoint"",""coordinates"":[]}"
4_654_0,856,353,484,838,453,916,1744,2099,3125,2099,3,floating_plants,MU0004_20250207,18.53337876601889,1,Mula,74.08492759336873,2025-02-07,"{""type"":""MultiPoint"",""coordinates"":[]}"
4_655_0,1733,792,434,769,398,1418,3934,4629,5264,4762,3,floating_plants,MU0005_20250207,18.536328743316318,1,Mula,74.07260141497076,2025-02-07,"{""type"":""MultiPoint"",""coordinates"":[]}"
4_656_0,1177,590,440,646,391,1026,2631,3308,3257,2761,3,floating_plants,MU0006_20250207,18.53564720137441,1,Mula,74.07190420872014,2025-02-07,"{""type"":""MultiPoint"",""coordinates"":[]}"
4_657_0,778,365,457,814,455,871,2137,2119,3508,1956,1,LEV,MU0007_20250207,18.53673563289921,0,Mula,74.08087178559818,2025-02-07,"{""type"":""MultiPoint"",""coordinates"":[]}"
4_658_0,882,414,510,889,478,980,2022,2210,3575,2620,1,LEV,MU0008_20250207,18.536186331959073,0,Mula,74.08192295809911,2025-02-07,"{""type"":""MultiPoint"",""coordinates"":[]}"
4_659_0,792,424,458,700,458,818,1450,1631,2568,1542,1,LEV,MU0009_20250207,18.538017328225802,0,Mula,74.07554083934366,2025-02-07,"{""type"":""MultiPoint"",""coordinates"":[]}"
4_660_0,1740,1038,766,1054,1064,1608,2766,2977,2546,3331,1,LEV,MU0010_20250207,18.53790543457237,0,Mula,74.07942374184695,2025-02-07,"{""type"":""MultiPoint"",""coordinates"":[]}"
4_661_0,2251,1750,748,1020,1146,1505,1883,1888,1957,2041,1,LEV,MU0011_20250207,18.537956295333,0,Mula,74.0772141343451,2025-02-07,"{""type"":""MultiPoint"",""coordinates"":[]}"
4_662_0,871,513,585,814,609,953,1533,1792,2579,1653,1,LEV,MU0012_20250207,18.53804784466402,0,Mula,74.08041055684778,2025-02-07,"{""type"":""MultiPoint"",""coordinates"":[]}"
4_663_0,823,446,429,698,497,862,1588,1823,2348,1815,1,LEV,MU0013_20250207,18.53752906447312,0,Mula,74.07457547684285,2025-02-07,"{""type"":""MultiPoint"",""coordinates"":[]}"
4_664_0,540,304,526,775,464,937,1473,1182,2192,1577,3,floating_plants,MU0014_20250207,18.53590150824473,1,Mula,74.03918285298963,2025-02-07,"{""type"":""MultiPoint"",""coordinates"":[]}"
4_665_0,960,503,468,714,419,1117,2061,2451,2580,2278,3,floating_plants,MU0015_20250207,18.535591253638525,1,Mula,74.04207983270283,2025-02-07,"{""type"":""MultiPoint"",""coordinates"":[]}"
4_666_0,1052,598,532,744,506,1090,1839,2167,2474,2284,3,floating_plants,MU0016_20250207,18.526125673516997,1,Mula,74.04027182625751,2025-02-07,"{""type"":""MultiPoint"",""coordinates"":[]}"
4_667_0,645,299,482,643,414,866,1449,1463,1428,1463,3,floating_plants,MU0017_20250207,18.512228988018855,1,Mula,74.0362754882109,2025-02-07,"{""type"":""MultiPoint"",""coordinates"":[]}"
4_668_0,652,338,484,742,494,869,1391,1437,1798,1639,3,floating_plants,MU0018_20250207,18.506531631506743,1,Mula,74.0345265938184,2025-02-07,"{""type"":""MultiPoint"",""coordinates"":[]}"
4_669_0,1397,659,570,1006,560,1401,3222,3578,5268,3544,3,floating_plants,MU0019_20250207,18.503998281425492,1,Mula,74.03387231299033,2025-02-07,"{""type"":""MultiPoint"",""coordinates"":[]}"
4_670_0,1251,631,530,910,522,1242,2797,3186,3416,3067,3,floating_plants,MU0020_20250207,18.504272983808185,1,Mula,74.03459119314138,2025-02-07,"{""type"":""MultiPoint"",""coordinates"":[]}"
4_671_0,1685,730,492,756,428,1232,4482,5397,5250,5644,3,floating_plants,MU0021_20250207,18.504110197148652,1,Mula,74.03292826450286,2025-02-07,"{""type"":""MultiPoint"",""coordinates"":[]}"
4_672_0,1746,727,422,727,449,1213,4634,5748,5515,5870,3,floating_plants,MU0022_20250207,18.503550617223286,1,Mula,74.03248835276865,2025-02-07,"{""type"":""MultiPoint"",""coordinates"":[]}"
4_673_0,1651,765,574,1060,529,1755,4660,5322,5615,5527,3,floating_plants,MU0023_20250207,18.502584065771575,1,Mula,74.03199479326196,2025-02-07,"{""type"":""MultiPoint"",""coordinates"":[]}"
4_674_0,2059,1197,626,997,731,1674,3182,3409,4168,3895,3,floating_plants,MU0024_20250207,18.501973609411717,1,Mula,74.03168363618165,2025-02-07,"{""type"":""MultiPoint"",""coordinates"":[]}"
4_675_0,1985,1082,626,1268,675,1716,3072,3418,3880,3393,3,floating_plants,MU0025_20250207,18.501597160238227,1,Mula,74.03080381271317,2025-02-07,"{""type"":""MultiPoint"",""coordinates"":[]}"
4_676_0,1811,906,524,963,542,1572,3659,4310,5090,4462,3,floating_plants,MU0026_20250207,18.500376238082232,1,Mula,74.03010647716475,2025-02-07,"{""type"":""MultiPoint"",""coordinates"":[]}"
4_677_0,2139,1171,507,818,558,1495,3256,3906,4432,3854,3,floating_plants,MU0027_20250207,18.499541936420943,1,Mula,74.02955926988558,2025-02-07,"{""type"":""MultiPoint"",""coordinates"":[]}"
4_678_0,1923,922,602,938,612,1688,3913,4258,4159,4634,3,floating_plants,MU0028_20250207,18.498636409286085,1,Mula,74.02976313142095,2025-02-07,"{""type"":""MultiPoint"",""coordinates"":[]}"
4_679_0,1752,824,450,796,473,1298,4024,4857,5208,5024,3,floating_plants,MU0029_20250207,18.498707630694906,1,Mula,74.02882966018005,2025-02-07,"{""type"":""MultiPoint"",""coordinates"":[]}"
4_680_0,1940,1376,850,1102,1276,1553,1931,2002,1953,2038,1,LEV,MU0030_20250207,18.5012817560168,0,Mula,74.03137256459496,2025-02-07,"{""type"":""MultiPoint"",""coordinates"":[]}"
4_681_0,2029,1249,736,972,1114,1616,2487,2902,2366,2863,1,LEV,MU0031_20250207,18.500030308618406,0,Mula,74.03087900508825,2025-02-07,"{""type"":""MultiPoint"",""coordinates"":[]}"
4_682_0,1889,1326,836,1106,1252,1603,1994,2141,2186,2248,1,LEV,MU0032_20250207,18.499755599428703,0,Mula,74.03019231360071,2025-02-07,"{""type"":""MultiPoint"",""coordinates"":[]}"
4_683_0,1524,936,678,904,976,1258,1936,2176,2329,2343,1,LEV,MU0033_20250207,18.498239603751887,0,Mula,74.0285185030997,2025-02-07,"{""type"":""MultiPoint"",""coordinates"":[]}"
4_684_0,1280,667,642,900,794,1138,1931,2044,2654,2190,1,LEV,MU0034_20250207,18.499145132984943,0,Mula,74.03014939538272,2025-02-07,"{""type"":""MultiPoint"",""coordinates"":[]}"
4_685_0,898,430,538,751,538,888,2143,2396,2795,2404,1,LEV,MU0035_20250207,18.50770163969476,0,Mula,74.03595376609744,2025-02-07,"{""type"":""MultiPoint"",""coordinates"":[]}"
4_686_0,1057,571,536,792,580,1048,1893,2049,3476,2109,1,LEV,MU0036_20250207,18.506989461686757,0,Mula,74.03584647055251,2025-02-07,"{""type"":""MultiPoint"",""coordinates"":[]}"
4_687_0,1535,759,568,928,563,1358,2530,2760,3707,3039,1,LEV,MU0037_20250207,18.504995347500778,0,Mula,74.03459111267682,2025-02-07,"{""type"":""MultiPoint"",""coordinates"":[]}"
4_688_0,841,414,444,656,444,924,1713,2167,2724,2147,1,LEV,MU0038_20250207,18.511038663094727,0,Mula,74.03600735423991,2025-02-07,"{""type"":""MultiPoint"",""coordinates"":[]}"
4_689_0,667,364,480,669,419,738,1501,1458,2590,1498,1,LEV,MU0039_20250207,18.509146334759425,0,Mula,74.03602881334889,2025-02-07,"{""type"":""MultiPoint"",""coordinates"":[]}"
4_690_0,604,311,495,686,444,785,1572,1854,3079,1634,1,LEV,MU0040_20250207,18.510051806304713,0,Mula,74.03584641092253,2025-02-07,"{""type"":""MultiPoint"",""coordinates"":[]}"
4_691_0,1907,1233,485,682,648,1091,1902,2167,2382,2283,1,LEV,MU0041_20250207,18.51009250154256,0,Mula,74.03514898988045,2025-02-07,"{""type"":""MultiPoint"",""coordinates"":[]}"
4_692_0,2109,1147,574,910,648,1645,3821,4503,5173,4827,3,floating_plants,MU0042_20250207,18.49566543226307,1,Mula,74.0282933570348,2025-02-07,"{""type"":""MultiPoint"",""coordinates"":[]}"
4_693_0,1784,798,550,900,567,1312,3689,3991,4549,4238,3,floating_plants,MU0043_20250207,18.495991021252436,1,Mula,74.02896931896787,2025-02-07,"{""type"":""MultiPoint"",""coordinates"":[]}"
4_694_0,1039,591,675,924,572,1411,2198,2512,2997,2277,3,floating_plants,MU0044_20250207,18.49553316155937,1,Mula,74.0258041003923,2025-02-07,"{""type"":""MultiPoint"",""coordinates"":[]}"
4_695_0,2031,959,513,842,518,1415,4425,5517,5812,5513,3,floating_plants,MU0045_20250207,18.496479403576007,1,Mula,74.02843284124319,2025-02-07,"{""type"":""MultiPoint"",""coordinates"":[]}"
4_696_0,980,483,536,780,487,1032,1995,2531,2674,2257,3,floating_plants,MU0046_20250207,18.494820932937433,1,Mula,74.02469895627952,2025-02-07,"{""type"":""MultiPoint"",""coordinates"":[]}"
4_697_0,674,364,447,624,401,791,1295,1375,1290,1355,3,floating_plants,MU0047_20250207,18.495482288184583,1,Mula,74.02298222756058,2025-02-07,"{""type"":""MultiPoint"",""coordinates"":[]}"
4_698_0,333,193,460,554,372,619,658,805,822,575,3,floating_plants,MU0048_20250207,18.495634908365826,1,Mula,74.02427004135714,2025-02-07,"{""type"":""MultiPoint"",""coordinates"":[]}"
4_699_0,1579,695,470,824,430,1411,4428,5242,5440,5557,3,floating_plants,MU0049_20250207,18.507732161625313,1,Mula,74.00796242535829,2025-02-07,"{""type"":""MultiPoint"",""coordinates"":[]}"
4_700_0,805,389,469,764,432,972,1908,2072,2700,1835,3,floating_plants,MU0050_20250207,18.505432833806744,1,Mula,74.00987228605811,2025-02-07,"{""type"":""MultiPoint"",""coordinates"":[]}"
4_701_0,526,259,409,602,380,694,1173,1184,1354,1220,3,floating_plants,MU0051_20250207,18.505331092924237,1,Mula,74.00899246258967,2025-02-07,"{""type"":""MultiPoint"",""coordinates"":[]}"
4_702_0,1008,478,464,666,406,981,2065,2384,2303,2546,3,floating_plants,MU0052_20250207,18.505168307386434,1,Mula,74.01077356863556,2025-02-07,"{""type"":""MultiPoint"",""coordinates"":[]}"
4_703_0,1660,744,410,687,370,1188,4012,4644,4463,5052,1,LEV,MU0053_20250207,18.507365899085197,0,Mula,74.00646028772924,2025-02-07,"{""type"":""MultiPoint"",""coordinates"":[]}"
4_704_0,1918,881,415,720,424,1243,3572,4167,4163,4455,1,LEV,MU0054_20250207,18.507671117923067,0,Mula,74.00963623585925,2025-02-07,"{""type"":""MultiPoint"",""coordinates"":[]}"
4_705_0,1073,503,446,731,452,989,1977,2104,2207,2140,3,floating_plants,MU0055_20250207,18.50555492268466,1,Mula,74.00255539947393,2025-02-07,"{""type"":""MultiPoint"",""coordinates"":[]}"
4_706_0,1181,615,480,708,482,948,1954,1954,2282,2140,3,floating_plants,MU0056_20250207,18.505412485533817,1,Mula,74.00349960026936,2025-02-07,"{""type"":""MultiPoint"",""coordinates"":[]}"
4_707_0,2073,1168,586,951,667,1468,3185,3669,4125,3925,3,floating_plants,MU0057_20250207,18.506185714914597,1,Mula,73.99792070322539,2025-02-07,"{""type"":""MultiPoint"",""coordinates"":[]}"
4_708_0,1478,691,492,838,478,1233,2835,3156,3804,3321,3,floating_plants,MU0058_20250207,18.505270048822346,1,Mula,73.99712671619285,2025-02-07,"{""type"":""MultiPoint"",""coordinates"":[]}"
4_709_0,1987,1056,615,802,745,1392,2916,3253,2919,3576,1,LEV,MU0059_20250207,18.510418063427593,0,Mula,73.99270613974161,2025-02-07,"{""type"":""MultiPoint"",""coordinates"":[]}"
4_710_0,1914,935,534,826,536,1322,3301,3903,4196,4073,1,LEV,MU0060_20250207,18.511883082758384,0,Mula,73.99289927172246,2025-02-07,"{""type"":""MultiPoint"",""coordinates"":[]}"
4_711_0,2128,1031,526,844,548,1404,3530,4076,4288,4362,1,LEV,MU0061_20250207,18.50948207228919,0,Mula,73.99461600044141,2025-02-07,"{""type"":""MultiPoint"",""coordinates"":[]}"
4_712_0,2141,1052,544,805,528,1412,3397,3888,4079,4365,1,LEV,MU0062_20250207,18.508505380426232,0,Mula,73.9972340117378,2025-02-07,"{""type"":""MultiPoint"",""coordinates"":[]}"
4_713_0,1728,758,385,660,324,1233,3980,5016,5020,5306,3,floating_plants,MU0063_20250207,18.517254714019145,1,Mula,73.99171910406655,2025-02-07,"{""type"":""MultiPoint"",""coordinates"":[]}"
4_714_0,1820,918,371,648,360,1273,3327,4216,4871,4424,3,floating_plants,MU0064_20250207,18.516501882065175,1,Mula,73.99156889030363,2025-02-07,"{""type"":""MultiPoint"",""coordinates"":[]}"
4_715_0,1927,1130,626,836,866,1362,2872,2737,2412,3053,3,floating_plants,MU0065_20250207,18.532005483514112,1,Mula,73.97880154809226,2025-02-07,"{""type"":""MultiPoint"",""coordinates"":[]}"
4_716_0,1085,664,433,714,494,1036,2270,2529,3288,2277,3,floating_plants,MU0066_20250207,18.544283256523638,1,Mula,73.9443401480543,2025-02-07,"{""type"":""MultiPoint"",""coordinates"":[]}"
4_717_0,655,362,418,676,451,837,1431,1471,1932,1526,3,floating_plants,MU0067_20250207,18.5442120540916,1,Mula,73.94494100310594,2025-02-07,"{""type"":""MultiPoint"",""coordinates"":[]}"
4_718_0,399,207,298,494,378,615,748,858,802,762,3,floating_plants,MU0068_20250207,18.544934248811444,1,Mula,73.94888947915949,2025-02-07,"{""type"":""MultiPoint"",""coordinates"":[]}"
4_719_0,366,210,327,589,355,579,799,725,1196,707,3,floating_plants,MU0069_20250207,18.54496476401407,1,Mula,73.9504774532245,2025-02-07,"{""type"":""MultiPoint"",""coordinates"":[]}"
4_720_0,1310,644,520,916,582,1317,2917,3301,4160,3328,3,floating_plants,MU0070_20250207,18.53513858625768,1,Mula,73.93795667882848,2025-02-07,"{""type"":""MultiPoint"",""coordinates"":[]}"
4_721_0,1221,641,418,722,479,1136,2896,3380,3840,3209,3,floating_plants,MU0071_20250207,18.53659322159069,1,Mula,73.93453395094514,2025-02-07,"{""type"":""MultiPoint"",""coordinates"":[]}"
4_722_0,1838,903,293,606,334,1308,4222,5143,5195,5172,3,floating_plants,MU0072_20250207,18.539553315719036,1,Mula,73.91903089204098,2025-02-07,"{""type"":""MultiPoint"",""coordinates"":[]}"
4_723_0,2054,1286,409,758,528,1412,3289,4280,4917,4133,3,floating_plants,MU0073_20250207,18.539634692143935,1,Mula,73.91779699327427,2025-02-07,"{""type"":""MultiPoint"",""coordinates"":[]}"
4_724_0,1944,1163,380,656,458,1348,3744,4684,5236,4691,3,floating_plants,MU0074_20250207,18.53975675670857,1,Mula,73.91713176089564,2025-02-07,"{""type"":""MultiPoint"",""coordinates"":[]}"
4_725_0,1639,929,393,808,473,1288,3205,3809,4709,3568,3,floating_plants,MU0075_20250207,18.540194154015698,1,Mula,73.91449229049027,2025-02-07,"{""type"":""MultiPoint"",""coordinates"":[]}"
4_726_0,489,346,421,670,518,675,1022,1049,1798,924,3,floating_plants,MU0076_20250207,18.53710183274843,1,Mula,73.92896645950182,2025-02-07,"{""type"":""MultiPoint"",""coordinates"":[]}"
4_727_0,677,427,441,644,480,762,1177,1235,1445,1174,3,floating_plants,MU0077_20250207,18.540163637960863,1,Mula,73.91275410266236,2025-02-07,"{""type"":""MultiPoint"",""coordinates"":[]}"
4_728_0,1120,730,421,747,576,1020,1925,2644,3872,2095,3,floating_plants,MU0078_20250207,18.538637828268318,1,Mula,73.92111242561269,2025-02-07,"{""type"":""MultiPoint"",""coordinates"":[]}"
4_729_0,1636,803,364,738,402,1305,4054,4669,5401,4815,3,floating_plants,MU0079_20250207,18.541740293797925,1,Mula,73.90360312681108,2025-02-07,"{""type"":""MultiPoint"",""coordinates"":[]}"
4_730_0,1367,972,672,939,1018,1062,1568,1981,2327,1951,1,LEV,MU0080_20250207,18.542238717411205,0,Mula,73.89859242486268,2025-02-07,"{""type"":""MultiPoint"",""coordinates"":[]}"
4_731_0,2333,1843,836,1042,1320,1687,1954,2000,1914,2084,1,LEV,MU0081_20250207,18.541770809571155,0,Mula,73.901296272595,2025-02-07,"{""type"":""MultiPoint"",""coordinates"":[]}"
4_732_0,1559,1028,359,477,440,1112,1741,1957,1707,2193,1,LEV,MU0082_20250207,18.541252040685062,0,Mula,73.89619973421068,2025-02-07,"{""type"":""MultiPoint"",""coordinates"":[]}"
4_733_0,1710,1080,468,626,687,999,1329,1544,1737,1674,1,LEV,MU0083_20250207,18.539878821323548,0,Mula,73.90019112848218,2025-02-07,"{""type"":""MultiPoint"",""coordinates"":[]}"
4_734_0,1462,819,388,675,414,1198,2589,3282,4271,3280,3,floating_plants,MU0084_20250207,18.544252741056923,1,Mula,73.8866511412426,2025-02-07,"{""type"":""MultiPoint"",""coordinates"":[]}"
4_735_0,1586,894,477,800,575,1389,3473,3955,4728,3903,3,floating_plants,MU0085_20250207,18.54423239750432,1,Mula,73.88911893877605,2025-02-07,"{""type"":""MultiPoint"",""coordinates"":[]}"
4_736_0,586,393,496,723,505,791,1605,1410,2940,1399,3,floating_plants,MU0086_20250207,18.544018790055624,1,Mula,73.8885824610514,2025-02-07,"{""type"":""MultiPoint"",""coordinates"":[]}"
4_737_0,1109,677,507,670,592,955,1611,1789,2208,1899,1,LEV,MU0087_20250207,18.543662777047466,0,Mula,73.89092150393095,2025-02-07,"{""type"":""MultiPoint"",""coordinates"":[]}"
4_738_0,697,565,658,770,920,711,846,763,1130,848,1,LEV,MU0088_20250207,18.542716796020468,0,Mula,73.89495581642046,2025-02-07,"{""type"":""MultiPoint"",""coordinates"":[]}"
4_739_0,1057,540,380,684,452,942,2361,2853,3712,2657,3,floating_plants,MU0089_20250207,18.54230992080909,1,Mula,73.88037497187231,2025-02-07,"{""type"":""MultiPoint"",""coordinates"":[]}"
4_740_0,878,494,392,547,417,880,2250,2200,2048,2501,3,floating_plants,MU0090_20250207,18.543347450580473,1,Mula,73.88064321073468,2025-02-07,"{""type"":""MultiPoint"",""coordinates"":[]}"
4_741_0,1870,1048,414,858,538,1503,3690,4752,4852,4571,3,floating_plants,MU0091_20250207,18.542543874150972,1,Mula,73.88231702123564,2025-02-07,"{""type"":""MultiPoint"",""coordinates"":[]}"
4_742_0,1470,719,392,622,410,1156,3911,4460,4141,4443,3,floating_plants,MU0092_20250207,18.540662066455095,1,Mula,73.87416255982069,2025-02-07,"{""type"":""MultiPoint"",""coordinates"":[]}"
4_743_0,1009,517,290,548,298,851,2374,2779,4335,2993,3,floating_plants,MU0093_20250207,18.540987569664352,1,Mula,73.87251042611412,2025-02-07,"{""type"":""MultiPoint"",""coordinates"":[]}"
4_744_0,1097,619,324,529,342,944,2502,2516,2893,2701,3,floating_plants,MU0094_20250207,18.540733270221683,1,Mula,73.87195248928046,2025-02-07,"{""type"":""MultiPoint"",""coordinates"":[]}"
4_745_0,1712,1120,425,733,536,1412,2800,3107,4432,3448,3,floating_plants,MU0095_20250207,18.539970369622477,1,Mula,73.872746476313,2025-02-07,"{""type"":""MultiPoint"",""coordinates"":[]}"
4_746_0,761,383,414,530,419,668,1460,1621,2251,1767,3,floating_plants,MU0096_20250207,18.540346734343867,1,Mula,73.87356192245448,2025-02-07,"{""type"":""MultiPoint"",""coordinates"":[]}"
4_747_0,820,420,277,522,318,826,1858,2361,3885,2202,3,floating_plants,MU0097_20250207,18.542859201916126,1,Mula,73.87807906489618,2025-02-07,"{""type"":""MultiPoint"",""coordinates"":[]}"
4_748_0,208,152,350,415,359,378,324,347,287,246,3,floating_plants,MU0098_20250207,18.5408858499671,1,Mula,73.873465313358,2025-02-07,"{""type"":""MultiPoint"",""coordinates"":[]}"
4_749_0,1590,1170,790,1076,1326,1404,2347,2487,1704,2451,3,floating_plants,MU0099_20250207,18.540560346418847,1,Mula,73.87474213034274,2025-02-07,"{""type"":""MultiPoint"",""coordinates"":[]}"
4_750_0,1736,948,486,634,590,1049,1915,2173,2051,2466,1,LEV,MU0100_20250207,18.536878044084258,0,Mula,73.86595510871861,2025-02-07,"{""type"":""MultiPoint"",""coordinates"":[]}"
4_751_0,1321,756,373,490,448,815,1415,1632,1555,1764,1,LEV,MU0101_20250207,18.538230943297282,0,Mula,73.86885208843181,2025-02-07,"{""type"":""MultiPoint"",""coordinates"":[]}"
4_752_0,1442,914,402,518,526,877,1523,1759,2024,1792,1,LEV,MU0102_20250207,18.540682410067088,0,Mula,73.8690452204127,2025-02-07,"{""type"":""MultiPoint"",""coordinates"":[]}"
4_753_0,2482,2239,1136,1350,1566,1722,1849,1958,1931,2044,1,LEV,MU0103_20250207,18.537722335827166,0,Mula,73.87294004869379,2025-02-07,"{""type"":""MultiPoint"",""coordinates"":[]}"
4_754_0,1936,1449,816,1078,1288,1636,1956,2079,2117,2251,1,LEV,MU0105_20250207,18.534151868379105,0,Mula,73.86390619774437,2025-02-07,"{""type"":""MultiPoint"",""coordinates"":[]}"
4_755_0,1370,835,521,645,520,1168,2597,2890,2940,3170,3,floating_plants,MU0106_20250207,18.53200548333646,1,Mula,73.8603117969891,2025-02-07,"{""type"":""MultiPoint"",""coordinates"":[]}"
4_756_0,1352,745,506,746,561,1135,2935,3256,3460,3428,3,floating_plants,MU0107_20250207,18.53242255552581,1,Mula,73.8611165135761,2025-02-07,"{""type"":""MultiPoint"",""coordinates"":[]}"
4_757_0,2097,1428,647,958,855,1648,2749,3180,3783,3093,3,floating_plants,MU0108_20250207,18.533236351989355,1,Mula,73.86191050060862,2025-02-07,"{""type"":""MultiPoint"",""coordinates"":[]}"
4_758_0,1776,907,395,747,413,1353,3689,4052,4559,4229,3,floating_plants,MU0109_20250207,18.534579107682596,1,Mula,73.86500061230272,2025-02-07,"{""type"":""MultiPoint"",""coordinates"":[]}"
4_759_0,1034,529,362,670,461,955,2245,2793,4295,2732,3,floating_plants,MU0110_20250207,18.537132348873516,1,Mula,73.86420662527019,2025-02-07,"{""type"":""MultiPoint"",""coordinates"":[]}"
4_760_0,1507,741,475,727,484,1215,3244,3862,4383,4184,3,floating_plants,MU0111_20250207,18.535606512255466,1,Mula,73.86305884672075,2025-02-07,"{""type"":""MultiPoint"",""coordinates"":[]}"
4_761_0,1292,652,450,728,532,1081,2492,2892,2842,2830,1,LEV,MU0112_20250207,18.535087724652634,0,Mula,73.86301592850276,2025-02-07,"{""type"":""MultiPoint"",""coordinates"":[]}"
4_762_0,1450,674,470,758,501,1226,3626,4523,4509,4105,3,floating_plants,MU0113_20250207,18.532198760650903,1,Mula,73.85577360350881,2025-02-07,"{""type"":""MultiPoint"",""coordinates"":[]}"
4_763_0,1589,714,470,818,489,1383,3621,3964,4208,4065,3,floating_plants,MU0114_20250207,18.57422633517068,1,Mula,73.83048557275428,2025-02-07,"{""type"":""MultiPoint"",""coordinates"":[]}"
4_764_0,1627,752,451,781,483,1352,3735,3939,4012,4164,3,floating_plants,MU0115_20250207,18.57487721324189,1,Mula,73.82975059827149,2025-02-07,"{""type"":""MultiPoint"",""coordinates"":[]}"
4_765_0,1299,705,391,693,427,960,2737,3207,4548,3055,3,floating_plants,MU0116_20250207,18.575823016115958,1,Mula,73.82972378192882,2025-02-07,"{""type"":""MultiPoint"",""coordinates"":[]}"
4_766_0,1311,743,466,774,469,1364,2730,3111,2764,3037,3,floating_plants,MU0117_20250207,18.528567141594884,1,Mula,74.1203790424277,2025-02-07,"{""type"":""MultiPoint"",""coordinates"":[]}"
4_767_0,1298,709,450,728,484,1016,2103,2625,3532,2905,3,floating_plants,MU0118_20250207,18.527987296172817,1,Mula,74.11927389831487,2025-02-07,"{""type"":""MultiPoint"",""coordinates"":[]}"
4_768_0,2247,1553,843,1108,1236,1588,2189,2268,2321,2486,1,LEV,MU0119_20250207,18.530174422132333,0,Mula,74.12241765778143,2025-02-07,"{""type"":""MultiPoint"",""coordinates"":[]}"
4_769_0,1927,1105,602,892,786,1384,2936,3351,3219,3616,1,LEV,MU0120_20250207,18.530510118058285,0,Mula,74.12120521812368,2025-02-07,"{""type"":""MultiPoint"",""coordinates"":[]}"
4_770_0,1745,841,456,678,482,1062,2548,2834,2752,2953,1,LEV,MU0121_20250207,18.52808902358209,0,Mula,74.12246057599941,2025-02-07,"{""type"":""MultiPoint"",""coordinates"":[]}"
4_771_0,1642,814,420,632,436,1010,2453,2680,2642,2829,1,LEV,MU0122_20250207,18.526410513588765,0,Mula,74.1164949437011,2025-02-07,"{""type"":""MultiPoint"",""coordinates"":[]}"
4_772_0,1487,809,497,882,514,1280,2511,2905,3332,2874,3,floating_plants,MU0123_20250207,18.523155174073576,1,Mula,74.10965005477858,2025-02-07,"{""type"":""MultiPoint"",""coordinates"":[]}"
4_773_0,1390,698,504,899,532,1502,3079,3204,2898,3353,3,floating_plants,MU0124_20250207,18.52364347888577,1,Mula,74.11324445553386,2025-02-07,"{""type"":""MultiPoint"",""coordinates"":[]}"
4_774_0,973,503,510,826,534,1138,2078,2188,2666,2154,3,floating_plants,MU0125_20250207,18.52415212824907,1,Mula,74.11446762474611,2025-02-07,"{""type"":""MultiPoint"",""coordinates"":[]}"
4_775_0,1060,465,550,892,538,1140,2627,2800,3572,2562,3,floating_plants,MU0126_20250207,18.52519994116874,1,Mula,74.11684958584362,2025-02-07,"{""type"":""MultiPoint"",""coordinates"":[]}"
4_776_0,1091,541,408,763,440,1212,2462,2679,2747,2857,3,floating_plants,MU0127_20250207,18.52392832271561,1,Mula,74.11086249443635,2025-02-07,"{""type"":""MultiPoint"",""coordinates"":[]}"
4_777_0,1079,503,544,875,553,1249,2502,2638,3009,2610,3,floating_plants,MU0128_20250207,18.523226385278857,1,Mula,74.11125948795261,2025-02-07,"{""type"":""MultiPoint"",""coordinates"":[]}"
4_778_0,1131,536,454,760,418,1045,2754,2780,4328,3059,3,floating_plants,MU0129_20250207,18.52335863453654,1,Mula,74.10336295253708,2025-02-07,"{""type"":""MultiPoint"",""coordinates"":[]}"
4_779_0,422,239,311,438,308,565,873,827,661,764,3,floating_plants,MU0130_20250207,18.523592613821315,1,Mula,74.104317882887,2025-02-07,"{""type"":""MultiPoint"",""coordinates"":[]}"
4_780_0,1612,814,542,843,582,1285,2783,3374,4108,3337,3,floating_plants,MU0131_20250207,18.523185693120297,1,Mula,74.10277282703993,2025-02-07,"{""type"":""MultiPoint"",""coordinates"":[]}"
4_781_0,784,429,402,619,404,919,1837,1770,1660,2072,3,floating_plants,MU0132_20250207,18.52411143648177,1,Mula,74.09575623291603,2025-02-07,"{""type"":""MultiPoint"",""coordinates"":[]}"
4_782_0,1466,755,476,791,439,1367,3314,3536,4464,3598,3,floating_plants,MU0133_20250207,18.523460364870672,1,Mula,74.09832059643995,2025-02-07,"{""type"":""MultiPoint"",""coordinates"":[]}"
4_783_0,868,435,356,604,355,799,2312,2321,4040,2475,3,floating_plants,MU0134_20250207,18.523531575948887,1,Mula,74.09954376565219,2025-02-07,"{""type"":""MultiPoint"",""coordinates"":[]}"
4_784_0,335,205,384,536,340,513,615,617,1133,791,1,LEV,MU0135_20250207,18.5261155007255,0,Mula,74.09232277547814,2025-02-07,"{""type"":""MultiPoint"",""coordinates"":[]}"
4_785_0,783,385,430,610,446,679,1492,1323,2069,1882,1,LEV,MU0136_20250207,18.526532587285168,0,Mula,74.09164681354507,2025-02-07,"{""type"":""MultiPoint"",""coordinates"":[]}"
4_786_0,465,236,364,544,384,541,1117,1030,1826,1209,1,LEV,MU0137_20250207,18.52364347901185,0,Mula,74.097387125199,2025-02-07,"{""type"":""MultiPoint"",""coordinates"":[]}"
4_787_0,1456,946,630,919,808,1317,2463,2648,3344,2895,1,LEV,MU0138_20250207,18.527203993062376,0,Mula,74.0924517772733,2025-02-07,"{""type"":""MultiPoint"",""coordinates"":[]}"
4_788_0,1515,643,414,731,391,1222,3989,4779,5253,4631,3,floating_plants,MU0139_20250207,18.528353514531418,1,Mula,74.08901831983542,2025-02-07,"{""type"":""MultiPoint"",""coordinates"":[]}"
4_789_0,1052,476,476,791,479,1266,2528,2808,3084,2897,3,floating_plants,MU0140_20250207,18.5293300930697,1,Mula,74.08952260889662,2025-02-07,"{""type"":""MultiPoint"",""coordinates"":[]}"
4_790_0,1699,796,498,811,428,1436,3894,4592,4743,4611,3,floating_plants,MU0141_20250207,18.526563106055765,1,Mula,74.0929560663345,2025-02-07,"{""type"":""MultiPoint"",""coordinates"":[]}"
4_791_0,837,473,418,664,363,807,1682,1681,2500,1736,3,floating_plants,MU0142_20250207,18.52715312910199,1,Mula,74.08973719998646,2025-02-07,"{""type"":""MultiPoint"",""coordinates"":[]}"
4_792_0,961,495,380,620,366,899,2163,2513,2691,2397,3,floating_plants,MU0143_20250207,18.527671940692336,1,Mula,74.09193667819304,2025-02-07,"{""type"":""MultiPoint"",""coordinates"":[]}"
4_793_0,1429,674,368,677,378,999,2904,3450,4007,3634,3,floating_plants,MU0144_20250207,18.524599738502175,1,Mula,74.09847078577612,2025-02-07,"{""type"":""MultiPoint"",""coordinates"":[]}"
4_794_0,1156,524,342,518,286,931,2495,3362,3132,2944,3,floating_plants,MU0145_20250207,18.524650603222153,1,Mula,74.09946863434398,2025-02-07,"{""type"":""MultiPoint"",""coordinates"":[]}"
4_795_0,687,345,313,493,298,635,1312,1343,2558,1731,3,floating_plants,MU0146_20250207,18.524355587635707,1,Mula,74.10055231934781,2025-02-07,"{""type"":""MultiPoint"",""coordinates"":[]}"
4_796_0,652,287,396,606,360,597,1229,1319,2884,1776,1,LEV,MU0147_20250207,18.52748883102582,0,Mula,74.09085341993885,2025-02-07,"{""type"":""MultiPoint"",""coordinates"":[]}"
4_797_0,706,347,446,682,443,756,1436,1389,2338,1963,1,LEV,MU0148_20250207,18.53426376436957,0,Mula,74.08497904668766,2025-02-07,"{""type"":""MultiPoint"",""coordinates"":[]}"
4_798_0,3844,2540,970,1234,1700,2068,2606,2832,3111,3250,1,LEV,MU0149_20250207,18.53414169594537,0,Mula,74.08845006510983,2025-02-07,"{""type"":""MultiPoint"",""coordinates"":[]}"
4_799_0,2461,2123,1352,1642,1888,1879,1975,2025,2234,2198,1,LEV,MU0150_20250207,18.53043891136818,0,Mula,74.09334344530546,2025-02-07,"{""type"":""MultiPoint"",""coordinates"":[]}"
4_800_0,1644,840,404,588,392,951,2308,2571,2544,2569,1,LEV,MU0151_20250207,18.525555994561966,0,Mula,74.10634766535144,2025-02-07,"{""type"":""MultiPoint"",""coordinates"":[]}"
4_801_0,249,178,349,426,300,445,400,342,304,283,2,open_water,MU0152_20250207,18.535301343215536,0,Mula,74.04401091937987,2025-02-07,"{""type"":""MultiPoint"",""coordinates"":[]}"
4_802_0,255,161,353,386,296,502,450,416,326,372,2,open_water,MU0153_20250207,18.52742779427866,0,Mula,74.05712187028179,2025-02-07,"{""type"":""MultiPoint"",""coordinates"":[]}"
4_803_0,239,170,374,432,312,503,393,437,342,356,2,open_water,MU0154_20250207,18.523378981324836,0,Mula,74.04111496846384,2025-02-07,"{""type"":""MultiPoint"",""coordinates"":[]}"
4_804_0,316,242,421,508,404,558,437,341,324,330,2,open_water,MU0155_20250207,18.525210114784166,0,Mula,74.04105059113691,2025-02-07,"{""type"":""MultiPoint"",""coordinates"":[]}"
4_805_0,273,177,325,410,315,448,333,355,259,255,2,open_water,MU0156_20250207,18.53172065270394,0,Mula,74.03740254260916,2025-02-07,"{""type"":""MultiPoint"",""coordinates"":[]}"
4_806_0,240,147,387,491,372,537,486,432,381,417,2,open_water,MU0157_20250207,18.511618566138903,0,Mula,74.0365973209632,2025-02-07,"{""type"":""MultiPoint"",""coordinates"":[]}"
4_807_0,236,174,458,529,425,556,482,483,423,356,2,open_water,MU0158_20250207,18.506134844088436,0,Mula,74.03519202304784,2025-02-07,"{""type"":""MultiPoint"",""coordinates"":[]}"
4_808_0,237,164,465,534,396,539,450,431,382,353,2,open_water,MU0159_20250207,18.507223463281726,0,Mula,74.03531004814725,2025-02-07,"{""type"":""MultiPoint"",""coordinates"":[]}"
4_809_0,200,154,381,467,323,519,420,399,357,337,2,open_water,MU0160_20250207,18.497313720154263,0,Mula,74.02144816996227,2025-02-07,"{""type"":""MultiPoint"",""coordinates"":[]}"
4_810_0,2230,1173,4500,4720,5004,4931,4803,4892,5316,4614,2,open_water,MU0161_20250207,18.495991021249573,0,Mula,74.02643741280167,2025-02-07,"{""type"":""MultiPoint"",""coordinates"":[]}"
4_811_0,1685,864,3680,3960,3856,2979,3215,3277,4380,3176,2,open_water,MU0162_20250207,18.496662546585448,0,Mula,74.02680221765442,2025-02-07,"{""type"":""MultiPoint"",""coordinates"":[]}"
4_812_0,219,144,448,555,407,561,447,421,370,328,2,open_water,MU0163_20250207,18.504252635454712,0,Mula,74.0162450939806,2025-02-07,"{""type"":""MultiPoint"",""coordinates"":[]}"
4_813_0,182,137,444,525,380,535,408,378,331,312,2,open_water,MU0164_20250207,18.505717707558667,0,Mula,74.01153481955802,2025-02-07,"{""type"":""MultiPoint"",""coordinates"":[]}"
4_814_0,165,123,387,445,293,484,325,297,265,212,2,open_water,MU0165_20250207,18.506429891526647,0,Mula,74.00425038314722,2025-02-07,"{""type"":""MultiPoint"",""coordinates"":[]}"
4_815_0,165,127,346,451,327,428,323,309,266,245,2,open_water,MU0166_20250207,18.5214054041597,0,Mula,73.99197737060358,2025-02-07,"{""type"":""MultiPoint"",""coordinates"":[]}"
4_816_0,211,139,371,510,371,525,355,345,306,234,2,open_water,MU0167_20250207,18.526044291043384,0,Mula,73.9869559391007,2025-02-07,"{""type"":""MultiPoint"",""coordinates"":[]}"
5_817_0,1957,991,337,679,380,1148,3574,4141,4572,4527,3,floating_plants,MU0001_20240413,18.533999282904986,1,Mula,74.08482443336331,2024-04-13,"{""type"":""MultiPoint"",""coordinates"":[]}"
5_818_0,2131,1209,340,640,501,1179,2752,3305,3500,3703,3,floating_plants,MU0002_20240413,18.53528099875556,1,Mula,74.08306478642639,2024-04-13,"{""type"":""MultiPoint"",""coordinates"":[]}"
5_819_0,2283,1359,335,616,567,1184,2580,2982,3212,3606,3,floating_plants,MU0003_20240413,18.536542360524635,1,Mula,74.08334375484324,2024-04-13,"{""type"":""MultiPoint"",""coordinates"":[]}"
5_820_0,1974,1176,325,588,574,1135,2437,2802,3032,3345,3,floating_plants,MU0004_20240413,18.531659618072407,1,Mula,74.08677721228113,2024-04-13,"{""type"":""MultiPoint"",""coordinates"":[]}"
5_821_0,1999,865,322,789,313,1274,4929,6010,6100,6263,3,floating_plants,MU0005_20240413,18.53072374317178,1,Mula,74.08821497258322,2024-04-13,"{""type"":""MultiPoint"",""coordinates"":[]}"
5_822_0,2073,878,346,775,339,1241,4874,6108,6088,6382,3,floating_plants,MU0006_20240413,18.528851977998826,1,Mula,74.08894458228879,2024-04-13,"{""type"":""MultiPoint"",""coordinates"":[]}"
5_823_0,2082,899,348,782,365,1278,4653,5726,5713,5997,3,floating_plants,MU0007_20240413,18.529177503848953,1,Mula,74.08980294664826,2024-04-13,"{""type"":""MultiPoint"",""coordinates"":[]}"
5_824_0,2204,1179,302,618,467,1188,2836,3395,3664,3851,3,floating_plants,MU0008_20240413,18.533327904099288,1,Mula,74.08630511188339,2024-04-13,"{""type"":""MultiPoint"",""coordinates"":[]}"
5_825_0,2110,1105,290,637,456,1219,2966,3449,3724,4015,3,floating_plants,MU0009_20240413,18.537681647022765,1,Mula,74.08207766741303,2024-04-13,"{""type"":""MultiPoint"",""coordinates"":[]}"
5_826_0,2063,1004,352,700,476,1243,3227,3980,4215,4382,3,floating_plants,MU0010_20240413,18.536949249431682,1,Mula,74.08003905205929,2024-04-13,"{""type"":""MultiPoint"",""coordinates"":[]}"
5_827_0,2056,1137,361,691,380,1155,3246,3810,4732,4357,3,floating_plants,MU0011_20240413,18.536725460652704,1,Mula,74.08169140345125,2024-04-13,"{""type"":""MultiPoint"",""coordinates"":[]}"
5_828_0,2347,1542,300,579,598,1192,2018,2289,2600,2755,3,floating_plants,MU0012_20240413,18.5380681889302,1,Mula,74.0798459200784,2024-04-13,"{""type"":""MultiPoint"",""coordinates"":[]}"
5_829_0,2096,905,281,732,327,1220,4698,5726,5979,5878,3,floating_plants,MU0013_20240413,18.537722335685796,1,Mula,74.07327943272847,2024-04-13,"{""type"":""MultiPoint"",""coordinates"":[]}"
5_830_0,2134,922,298,734,351,1232,4564,5592,5759,5824,3,floating_plants,MU0014_20240413,18.537173037917576,1,Mula,74.07349402381833,2024-04-13,"{""type"":""MultiPoint"",""coordinates"":[]}"
5_831_0,2090,946,295,715,396,1242,3895,4748,4817,5046,3,floating_plants,MU0015_20240413,18.53723407109015,1,Mula,74.07473865213957,2024-04-13,"{""type"":""MultiPoint"",""coordinates"":[]}"
5_832_0,2095,1027,294,698,428,1305,3522,4111,4288,4633,3,floating_plants,MU0016_20240413,18.537701991355497,1,Mula,74.07656267640344,2024-04-13,"{""type"":""MultiPoint"",""coordinates"":[]}"
5_833_0,2267,932,328,761,358,1238,5035,6164,6275,6512,3,floating_plants,MU0017_20240413,18.536705116203706,1,Mula,74.072421068369,2024-04-13,"{""type"":""MultiPoint"",""coordinates"":[]}"
5_834_0,1705,760,350,762,372,1071,3809,4349,4397,4703,3,floating_plants,MU0018_20240413,18.53580995805032,1,Mula,74.07104768539385,2024-04-13,"{""type"":""MultiPoint"",""coordinates"":[]}"
5_835_0,1903,918,323,728,406,1247,4265,4891,4908,5363,3,floating_plants,MU0019_20240413,18.535036863144192,1,Mula,74.0706399623231,2024-04-13,"{""type"":""MultiPoint"",""coordinates"":[]}"
5_836_0,2026,872,295,744,366,1283,4378,5148,5503,5342,3,floating_plants,MU0020_20240413,18.537885090240948,1,Mula,74.07486740679346,2024-04-13,"{""type"":""MultiPoint"",""coordinates"":[]}"
5_837_0,1593,756,286,720,260,983,4062,4663,6036,5150,3,floating_plants,MU0021_20240413,18.5382919759506,1,Mula,74.0741592561969,2024-04-13,"{""type"":""MultiPoint"",""coordinates"":[]}"
5_838_0,1584,765,329,697,336,947,3646,4560,5656,4856,3,floating_plants,MU0022_20240413,18.53863782804195,1,Mula,74.07527512986421,2024-04-13,"{""type"":""MultiPoint"",""coordinates"":[]}"
5_839_0,2037,895,282,677,308,1150,4615,5796,5728,5987,3,floating_plants,MU0023_20240413,18.53849541844205,1,Mula,74.08102617107266,2024-04-13,"{""type"":""MultiPoint"",""coordinates"":[]}"
5_840_0,2134,1142,314,698,477,1190,3274,4029,4169,4261,3,floating_plants,MU0024_20240413,18.534182385757877,1,Mula,74.08587592970368,2024-04-13,"{""type"":""MultiPoint"",""coordinates"":[]}"
5_841_0,2071,925,315,734,357,1246,4657,5553,5427,5880,3,floating_plants,MU0025_20240413,18.529808208419606,1,Mula,74.08868707298096,2024-04-13,"{""type"":""MultiPoint"",""coordinates"":[]}"
5_842_0,1929,847,303,739,315,1198,4454,5353,5352,5601,3,floating_plants,MU0026_20240413,18.52376555521005,1,Mula,74.10229042958487,2024-04-13,"{""type"":""MultiPoint"",""coordinates"":[]}"
5_843_0,2002,859,266,683,305,1183,4323,5276,5491,5613,3,floating_plants,MU0027_20240413,18.523745209218585,1,Mula,74.10473676800939,2024-04-13,"{""type"":""MultiPoint"",""coordinates"":[]}"
5_844_0,1984,881,274,695,349,1159,4004,4877,5219,5240,3,floating_plants,MU0028_20240413,18.52333828888066,1,Mula,74.10611015098453,2024-04-13,"{""type"":""MultiPoint"",""coordinates"":[]}"
5_845_0,2195,1197,308,618,489,1132,2933,3575,3696,3809,3,floating_plants,MU0029_20240413,18.523724863224675,1,Mula,74.10767666594056,2024-04-13,"{""type"":""MultiPoint"",""coordinates"":[]}"
5_846_0,2380,1249,323,686,440,1219,3829,4534,4748,5044,3,floating_plants,MU0030_20240413,18.52327725074647,1,Mula,74.10913588535163,2024-04-13,"{""type"":""MultiPoint"",""coordinates"":[]}"
5_847_0,2179,976,364,789,405,1309,4693,5862,5812,6259,3,floating_plants,MU0031_20240413,18.523684171229608,1,Mula,74.11233329259069,2024-04-13,"{""type"":""MultiPoint"",""coordinates"":[]}"
5_848_0,2073,913,382,766,413,1257,4587,5762,5904,5960,3,floating_plants,MU0032_20240413,18.52441662565916,1,Mula,74.11340624804002,2024-04-13,"{""type"":""MultiPoint"",""coordinates"":[]}"
5_849_0,2066,940,317,732,348,1189,4740,5692,5955,6159,3,floating_plants,MU0033_20240413,18.52492527272268,1,Mula,74.11578820913755,2024-04-13,"{""type"":""MultiPoint"",""coordinates"":[]}"
5_850_0,1920,819,288,730,289,1160,4808,5844,6045,6046,3,floating_plants,MU0034_20240413,18.525739104877125,1,Mula,74.11645344151613,2024-04-13,"{""type"":""MultiPoint"",""coordinates"":[]}"
5_851_0,2066,883,325,771,302,1262,5275,6561,6464,6839,3,floating_plants,MU0035_20240413,18.525535647201654,1,Mula,74.11744056052953,2024-04-13,"{""type"":""MultiPoint"",""coordinates"":[]}"
5_852_0,2030,980,274,657,355,1092,3813,4674,5136,4857,3,floating_plants,MU0036_20240413,18.527366757565133,1,Mula,74.11902853459453,2024-04-13,"{""type"":""MultiPoint"",""coordinates"":[]}"
5_853_0,1761,790,282,701,267,1200,4208,4933,3010,4601,3,floating_plants,MU0037_20240413,18.5286281777404,1,Mula,74.12059504955057,2024-04-13,"{""type"":""MultiPoint"",""coordinates"":[]}"
5_854_0,2260,1208,354,708,458,1221,3663,4398,4588,4823,3,floating_plants,MU0038_20240413,18.523480711109077,1,Mula,74.11057364565377,2024-04-13,"{""type"":""MultiPoint"",""coordinates"":[]}"
5_855_0,1965,930,307,778,324,1205,4989,6275,6176,6291,3,floating_plants,MU0039_20240413,18.523389153408925,1,Mula,74.09949510691611,2024-04-13,"{""type"":""MultiPoint"",""coordinates"":[]}"
5_856_0,1794,816,236,602,268,1143,4214,5375,5500,5685,3,floating_plants,MU0040_20240413,18.52434541443322,1,Mula,74.09993502727153,2024-04-13,"{""type"":""MultiPoint"",""coordinates"":[]}"
5_857_0,1875,826,276,669,380,1173,4131,5009,4860,5168,3,floating_plants,MU0041_20240413,18.5234400185396,1,Mula,74.10174295720365,2024-04-13,"{""type"":""MultiPoint"",""coordinates"":[]}"
5_858_0,698,385,251,572,275,774,2318,2560,3704,1992,3,floating_plants,MU0042_20240413,18.52448783597614,1,Mula,74.09503732546449,2024-04-13,"{""type"":""MultiPoint"",""coordinates"":[]}"
5_859_0,559,313,325,614,310,649,1384,1162,2108,1201,1,LEV,MU0043_20240413,18.52593238935478,0,Mula,74.09231230384137,2024-04-13,"{""type"":""MultiPoint"",""coordinates"":[]}"
5_860_0,984,650,449,725,617,1048,1600,1945,2412,1676,1,LEV,MU0044_20240413,18.526502068914123,0,Mula,74.09166853057181,2024-04-13,"{""type"":""MultiPoint"",""coordinates"":[]}"
5_861_0,668,556,524,768,855,965,961,1007,1018,798,1,LEV,MU0045_20240413,18.523750295287773,0,Mula,74.09766043571761,2024-04-13,"{""type"":""MultiPoint"",""coordinates"":[]}"
5_862_0,1876,832,332,746,327,1178,4406,5343,5472,5303,3,floating_plants,MU0046_20240413,18.53180203283305,1,Mula,74.12365132664937,2024-04-13,"{""type"":""MultiPoint"",""coordinates"":[]}"
5_863_0,2200,1273,292,576,564,1162,2405,2979,2907,3414,3,floating_plants,MU0047_20240413,18.53344997263336,1,Mula,74.12332944001454,2024-04-13,"{""type"":""MultiPoint"",""coordinates"":[]}"
5_864_0,2102,996,296,702,452,1300,3590,4303,4433,4683,3,floating_plants,MU0048_20240413,18.532432727719907,1,Mula,74.1229539056073,2024-04-13,"{""type"":""MultiPoint"",""coordinates"":[]}"
5_865_0,2103,1008,273,676,281,1174,4352,5491,5628,5558,3,floating_plants,MU0049_20240413,18.53593202578103,1,Mula,74.12391970848,2024-04-13,"{""type"":""MultiPoint"",""coordinates"":[]}"
5_866_0,1667,783,294,706,291,1162,4585,5554,5892,5324,3,floating_plants,MU0050_20240413,18.537071316348516,1,Mula,74.12415575867888,2024-04-13,"{""type"":""MultiPoint"",""coordinates"":[]}"
5_867_0,1359,608,288,622,339,958,3117,3619,4340,3987,3,floating_plants,MU0051_20240413,18.54382552621931,1,Mula,74.12643035957242,2024-04-13,"{""type"":""MultiPoint"",""coordinates"":[]}"
5_868_0,1836,995,294,648,354,1177,3715,4478,4423,4791,3,floating_plants,MU0052_20240413,18.54248284319143,1,Mula,74.12557199521297,2024-04-13,"{""type"":""MultiPoint"",""coordinates"":[]}"
5_869_0,1489,712,293,716,303,1058,3756,4409,5960,4771,3,floating_plants,MU0053_20240413,18.54504613799476,1,Mula,74.12846897492616,2024-04-13,"{""type"":""MultiPoint"",""coordinates"":[]}"
5_870_0,1651,759,304,672,356,990,3873,4952,5252,4973,3,floating_plants,MU0054_20240413,18.54490373373711,1,Mula,74.12735310125885,2024-04-13,"{""type"":""MultiPoint"",""coordinates"":[]}"
5_871_0,2074,1027,308,726,424,1183,4546,5597,5570,5611,3,floating_plants,MU0055_20240413,18.545249572442575,1,Mula,74.12930588017662,2024-04-13,"{""type"":""MultiPoint"",""coordinates"":[]}"
5_872_0,1890,963,313,714,310,1196,3954,5151,5816,5056,3,floating_plants,MU0056_20240413,18.54512751180296,1,Mula,74.13016424453609,2024-04-13,"{""type"":""MultiPoint"",""coordinates"":[]}"
5_873_0,1560,748,299,696,370,1064,3774,4399,4808,4669,3,floating_plants,MU0057_20240413,18.54223871787063,1,Mula,74.13160200483823,2024-04-13,"{""type"":""MultiPoint"",""coordinates"":[]}"
5_874_0,1768,811,263,684,324,1092,4344,5188,5504,5165,3,floating_plants,MU0058_20240413,18.54457823784519,1,Mula,74.13078655869673,2024-04-13,"{""type"":""MultiPoint"",""coordinates"":[]}"
5_875_0,1892,896,316,659,322,1084,3793,4816,5208,5035,3,floating_plants,MU0059_20240413,18.53285997213196,1,Mula,74.13778154284057,2024-04-13,"{""type"":""MultiPoint"",""coordinates"":[]}"
5_876_0,2208,1202,375,693,440,1316,3528,4367,4905,4617,3,floating_plants,MU0060_20240413,18.53519962053228,1,Mula,74.13606481412162,2024-04-13,"{""type"":""MultiPoint"",""coordinates"":[]}"
5_877_0,1986,995,356,696,379,1107,3295,4199,5156,4392,3,floating_plants,MU0061_20240413,18.53680683869952,1,Mula,74.1351206133262,2024-04-13,"{""type"":""MultiPoint"",""coordinates"":[]}"
5_878_0,1060,528,299,674,341,759,2512,2943,4996,3032,3,floating_plants,MU0062_20240413,18.540733270151012,1,Mula,74.132824224281,2024-04-13,"{""type"":""MultiPoint"",""coordinates"":[]}"
5_879_0,1662,836,260,564,302,1052,3635,4206,3636,4612,3,floating_plants,MU0063_20240413,18.540173810044685,1,Mula,74.1334787271051,2024-04-13,"{""type"":""MultiPoint"",""coordinates"":[]}"
5_880_0,1612,749,347,686,339,1066,3653,4652,5167,4845,3,floating_plants,MU0064_20240413,18.529360611876807,1,Mula,74.14089334354244,2024-04-13,"{""type"":""MultiPoint"",""coordinates"":[]}"
5_881_0,2169,978,314,693,291,1299,5005,5740,5820,6075,3,floating_plants,MU0065_20240413,18.527855050798912,1,Mula,74.05716533307259,2024-04-13,"{""type"":""MultiPoint"",""coordinates"":[]}"
5_882_0,2003,972,306,758,291,1329,4409,5549,5944,5439,3,floating_plants,MU0066_20240413,18.52797712377721,1,Mula,74.0553842270267,2024-04-13,"{""type"":""MultiPoint"",""coordinates"":[]}"
5_883_0,1754,856,319,662,301,1135,4354,5096,5260,4992,3,floating_plants,MU0067_20240413,18.52822126947231,1,Mula,74.05892498000948,2024-04-13,"{""type"":""MultiPoint"",""coordinates"":[]}"
5_884_0,1443,722,322,691,312,1065,3985,4539,5264,4864,3,floating_plants,MU0068_20240413,18.527692286692275,1,Mula,74.0592468666443,2024-04-13,"{""type"":""MultiPoint"",""coordinates"":[]}"
5_885_0,2126,1024,331,791,329,1234,4746,5889,6368,5965,3,floating_plants,MU0069_20240413,18.527244684599978,1,Mula,74.06004085367682,2024-04-13,"{""type"":""MultiPoint"",""coordinates"":[]}"
5_886_0,1414,646,302,672,306,1130,3382,3812,3272,3926,3,floating_plants,MU0070_20240413,18.52893335909153,1,Mula,74.0498477769081,2024-04-13,"{""type"":""MultiPoint"",""coordinates"":[]}"
5_887_0,1245,567,335,655,300,887,2976,3409,4824,3192,3,floating_plants,MU0071_20240413,18.53497582891272,1,Mula,74.04373234179103,2024-04-13,"{""type"":""MultiPoint"",""coordinates"":[]}"
5_888_0,864,461,302,618,311,848,1800,2084,2754,2084,3,floating_plants,MU0072_20240413,18.53344997289508,1,Mula,74.04655421462276,2024-04-13,"{""type"":""MultiPoint"",""coordinates"":[]}"
5_889_0,911,461,251,529,248,827,2176,2332,2304,2568,3,floating_plants,MU0073_20240413,18.533755145188458,1,Mula,74.03692980424222,2024-04-13,"{""type"":""MultiPoint"",""coordinates"":[]}"
5_890_0,1398,724,276,667,304,1107,3151,3546,3264,3332,3,floating_plants,MU0074_20240413,18.536247365187002,1,Mula,74.03875382850609,2024-04-13,"{""type"":""MultiPoint"",""coordinates"":[]}"
5_891_0,1520,879,284,678,307,1112,3409,3797,5123,3394,3,floating_plants,MU0075_20240413,18.530530463450113,1,Mula,74.03712297717384,2024-04-13,"{""type"":""MultiPoint"",""coordinates"":[]}"
5_892_0,1462,742,296,698,340,1011,3161,3555,4965,3800,3,floating_plants,MU0076_20240413,18.52824161449942,1,Mula,74.03830315273255,2024-04-13,"{""type"":""MultiPoint"",""coordinates"":[]}"
5_893_0,1605,872,331,772,345,1148,3543,4651,5832,4318,3,floating_plants,MU0077_20240413,18.525535646969537,1,Mula,74.0410497706855,2024-04-13,"{""type"":""MultiPoint"",""coordinates"":[]}"
5_894_0,1809,963,334,722,372,1234,4075,4960,5052,4833,3,floating_plants,MU0078_20240413,18.525861179134083,1,Mula,74.04064204761477,2024-04-13,"{""type"":""MultiPoint"",""coordinates"":[]}"
5_895_0,1714,781,355,706,334,1124,3788,4470,4928,4722,3,floating_plants,MU0079_20240413,18.52319586597576,1,Mula,74.04072788979816,2024-04-13,"{""type"":""MultiPoint"",""coordinates"":[]}"
5_896_0,1925,892,311,639,301,1029,3945,5204,4815,5345,3,floating_plants,MU0080_20240413,18.522361675561218,1,Mula,74.04060986469875,2024-04-13,"{""type"":""MultiPoint"",""coordinates"":[]}"
5_897_0,1399,626,270,622,304,939,3019,3683,4860,3854,3,floating_plants,MU0081_20240413,18.519126605787946,1,Mula,74.03917211804686,2024-04-13,"{""type"":""MultiPoint"",""coordinates"":[]}"
5_898_0,1808,807,259,600,284,1016,4222,5665,5131,5678,3,floating_plants,MU0082_20240413,18.51980821359166,1,Mula,74.03959057067213,2024-04-13,"{""type"":""MultiPoint"",""coordinates"":[]}"
5_899_0,1877,834,325,634,313,950,4225,5391,5325,5594,3,floating_plants,MU0083_20240413,18.516217025163247,1,Mula,74.03774523817036,2024-04-13,"{""type"":""MultiPoint"",""coordinates"":[]}"
5_900_0,1928,845,268,618,308,1015,4111,4987,4740,5315,3,floating_plants,MU0084_20240413,18.517071592333924,1,Mula,74.0381958794591,2024-04-13,"{""type"":""MultiPoint"",""coordinates"":[]}"
5_901_0,2001,870,288,669,315,1058,4332,5225,5097,5397,3,floating_plants,MU0085_20240413,18.51790580854952,1,Mula,74.03852849564836,2024-04-13,"{""type"":""MultiPoint"",""coordinates"":[]}"
5_902_0,1682,769,266,620,310,980,3996,5384,4576,5493,3,floating_plants,MU0086_20240413,18.515545576534514,1,Mula,74.03831390455849,2024-04-13,"{""type"":""MultiPoint"",""coordinates"":[]}"
5_903_0,1773,759,228,562,292,1033,3982,4827,4704,5227,3,floating_plants,MU0087_20240413,18.5127681926351,1,Mula,74.03712298795033,2024-04-13,"{""type"":""MultiPoint"",""coordinates"":[]}"
5_904_0,1953,801,247,626,264,1061,4710,5817,5744,5837,3,floating_plants,MU0088_20240413,18.51199499355054,1,Mula,74.03692985596945,2024-04-13,"{""type"":""MultiPoint"",""coordinates"":[]}"
5_905_0,1889,793,323,676,322,1152,4674,5532,5472,5614,3,floating_plants,MU0089_20240413,18.51244263555166,1,Mula,74.03620024626392,2024-04-13,"{""type"":""MultiPoint"",""coordinates"":[]}"
5_906_0,2301,1272,330,694,322,1186,4202,5239,5441,5443,3,floating_plants,MU0090_20240413,18.51359225623434,1,Mula,74.0366830762161,2024-04-13,"{""type"":""MultiPoint"",""coordinates"":[]}"
5_907_0,1700,718,263,624,318,1046,4225,4791,5039,5144,3,floating_plants,MU0091_20240413,18.513958505448947,1,Mula,74.03777749077443,2024-04-13,"{""type"":""MultiPoint"",""coordinates"":[]}"
5_908_0,2485,1292,292,755,304,1288,4700,5779,6304,5923,3,floating_plants,MU0092_20240413,18.511242138121826,1,Mula,74.03578185542398,2024-04-13,"{""type"":""MultiPoint"",""coordinates"":[]}"
5_909_0,1836,772,294,754,319,1264,4810,5523,5569,5853,3,floating_plants,MU0093_20240413,18.510794492980317,1,Mula,74.03659730156548,2024-04-13,"{""type"":""MultiPoint"",""coordinates"":[]}"
5_910_0,2024,908,281,686,374,1167,4197,4973,5084,5366,1,LEV,MU0094_20240413,18.50942102898845,0,Mula,74.03614666027674,2024-04-13,"{""type"":""MultiPoint"",""coordinates"":[]}"
5_911_0,1935,935,378,742,464,1235,4023,5167,4584,5163,1,LEV,MU0095_20240413,18.507030157703383,0,Mula,74.03581405055334,2024-04-13,"{""type"":""MultiPoint"",""coordinates"":[]}"
5_912_0,2111,1225,666,1016,876,1502,3845,4433,3872,4575,1,LEV,MU0096_20240413,18.507966162250785,0,Mula,74.03667241491281,2024-04-13,"{""type"":""MultiPoint"",""coordinates"":[]}"
5_913_0,2740,1818,642,921,1284,1652,2372,2653,2473,3070,1,LEV,MU0097_20240413,18.5061958884666,0,Mula,74.03452650401415,2024-04-13,"{""type"":""MultiPoint"",""coordinates"":[]}"
5_914_0,1985,1019,534,874,680,1285,3751,4523,4175,4685,1,LEV,MU0098_20240413,18.504954651101645,0,Mula,74.03449431535067,2024-04-13,"{""type"":""MultiPoint"",""coordinates"":[]}"
5_915_0,2261,944,316,770,313,1235,5150,6430,6444,6571,3,floating_plants,MU0099_20240413,18.507630422077938,1,Mula,74.03528830238318,2024-04-13,"{""type"":""MultiPoint"",""coordinates"":[]}"
5_916_0,2135,865,324,775,314,1197,5031,6317,6420,6420,3,floating_plants,MU0100_20240413,18.507070853659716,1,Mula,74.03506298173885,2024-04-13,"{""type"":""MultiPoint"",""coordinates"":[]}"
5_917_0,2164,919,279,736,283,1204,5123,6438,6424,6453,3,floating_plants,MU0101_20240413,18.506755459745147,1,Mula,74.03455869267765,2024-04-13,"{""type"":""MultiPoint"",""coordinates"":[]}"
5_918_0,1793,732,258,684,284,1133,4265,5241,6201,5161,3,floating_plants,MU0102_20240413,18.509014074312173,1,Mula,74.03576040278088,2024-04-13,"{""type"":""MultiPoint"",""coordinates"":[]}"
5_919_0,1787,737,280,642,312,1048,4354,5478,5604,5501,3,floating_plants,MU0103_20240413,18.50820016258787,1,Mula,74.03550289347305,2024-04-13,"{""type"":""MultiPoint"",""coordinates"":[]}"
5_920_0,1964,898,309,744,327,1222,4754,5801,5657,5757,3,floating_plants,MU0104_20240413,18.505209003753876,1,Mula,74.03509517040229,2024-04-13,"{""type"":""MultiPoint"",""coordinates"":[]}"
5_921_0,1450,738,434,822,626,1110,2676,3263,4551,3183,1,LEV,MU0105_20240413,18.498239603662068,0,Mula,74.03032084913228,2024-04-13,"{""type"":""MultiPoint"",""coordinates"":[]}"
5_922_0,1294,647,386,824,620,1082,2467,2827,3737,2620,1,LEV,MU0106_20240413,18.497985240656558,0,Mula,74.02982728962563,2024-04-13,"{""type"":""MultiPoint"",""coordinates"":[]}"
5_923_0,1423,759,346,692,452,1098,2469,2751,2996,2881,1,LEV,MU0107_20240413,18.497313720506806,0,Mula,74.02936591878242,2024-04-13,"{""type"":""MultiPoint"",""coordinates"":[]}"
5_924_0,1312,717,397,816,532,1128,2237,2765,3648,2919,1,LEV,MU0108_20240413,18.49918583072576,0,Mula,74.0309860815109,2024-04-13,"{""type"":""MultiPoint"",""coordinates"":[]}"
5_925_0,2117,1040,320,728,441,1366,4109,4792,4808,4908,1,LEV,MU0109_20240413,18.498595711235065,0,Mula,74.02991312606154,2024-04-13,"{""type"":""MultiPoint"",""coordinates"":[]}"
5_926_0,1008,490,406,693,388,800,1510,1984,2361,1690,1,LEV,MU0110_20240413,18.49710005445245,0,Mula,74.02874360462177,2024-04-13,"{""type"":""MultiPoint"",""coordinates"":[]}"
5_927_0,2152,889,268,696,332,1182,4457,5520,5435,5865,3,floating_plants,MU0111_20240413,18.49641835640631,1,Mula,74.02206002398104,2024-04-13,"{""type"":""MultiPoint"",""coordinates"":[]}"
5_928_0,2087,912,244,657,356,1222,4038,4923,4936,5325,3,floating_plants,MU0112_20240413,18.49550263808089,1,Mula,74.02343340695619,2024-04-13,"{""type"":""MultiPoint"",""coordinates"":[]}"
5_929_0,2144,907,278,687,309,1194,4484,5516,5617,5813,3,floating_plants,MU0113_20240413,18.49517704816317,1,Mula,74.02429177131566,2024-04-13,"{""type"":""MultiPoint"",""coordinates"":[]}"
5_930_0,2072,910,286,657,343,1197,4120,5004,5028,5434,3,floating_plants,MU0114_20240413,18.49592997390867,1,Mula,74.02532180854705,2024-04-13,"{""type"":""MultiPoint"",""coordinates"":[]}"
5_931_0,1787,738,246,568,270,977,3909,4887,4876,5057,3,floating_plants,MU0115_20240413,18.499836994895208,1,Mula,74.01843343456231,2024-04-13,"{""type"":""MultiPoint"",""coordinates"":[]}"
5_932_0,2104,866,248,692,306,1161,4884,6097,6020,6235,3,floating_plants,MU0116_20240413,18.498148033218513,1,Mula,74.01961368555656,2024-04-13,"{""type"":""MultiPoint"",""coordinates"":[]}"
5_933_0,1821,777,304,656,344,1030,3906,4840,4795,5034,3,floating_plants,MU0117_20240413,18.502309360646507,1,Mula,74.01698503450989,2024-04-13,"{""type"":""MultiPoint"",""coordinates"":[]}"
5_934_0,1830,797,323,676,363,1071,4297,5381,5467,5429,3,floating_plants,MU0118_20240413,18.503377655752935,1,Mula,74.0158798903971,2024-04-13,"{""type"":""MultiPoint"",""coordinates"":[]}"
5_935_0,2158,937,266,720,286,1192,4766,5885,6268,6208,3,floating_plants,MU0119_20240413,18.49796489190745,1,Mula,74.02094447217206,2024-04-13,"{""type"":""MultiPoint"",""coordinates"":[]}"
5_936_0,2095,844,268,700,283,1166,5040,6238,6224,6385,3,floating_plants,MU0120_20240413,18.499287575567628,1,Mula,74.01952817097894,2024-04-13,"{""type"":""MultiPoint"",""coordinates"":[]}"
5_937_0,2201,929,330,714,312,1222,4791,5922,6152,6060,3,floating_plants,MU0121_20240413,18.504964825185375,1,Mula,74.0156227984993,2024-04-13,"{""type"":""MultiPoint"",""coordinates"":[]}"
5_938_0,1853,807,326,690,348,1183,4642,5461,5141,5569,3,floating_plants,MU0122_20240413,18.503092778150087,1,Mula,74.01691034503848,2024-04-13,"{""type"":""MultiPoint"",""coordinates"":[]}"
5_939_0,1441,623,314,682,298,1008,3692,4339,5200,4448,3,floating_plants,MU0123_20240413,18.504863084171852,1,Mula,74.01379924409109,2024-04-13,"{""type"":""MultiPoint"",""coordinates"":[]}"
5_940_0,2141,914,292,745,319,1190,5063,6159,6364,6266,3,floating_plants,MU0124_20240413,18.52529149783011,1,Mula,73.9889722993208,2024-04-13,"{""type"":""MultiPoint"",""coordinates"":[]}"
5_941_0,2026,873,316,772,349,1191,4735,5582,5492,5708,3,floating_plants,MU0125_20240413,18.525108385453713,1,Mula,73.9880066394164,2024-04-13,"{""type"":""MultiPoint"",""coordinates"":[]}"
5_942_0,1487,742,487,982,540,1556,3632,4005,4016,4162,3,floating_plants,MU0126_20240413,18.52618671106954,1,Mula,73.98762037545463,2024-04-13,"{""type"":""MultiPoint"",""coordinates"":[]}"
5_943_0,1364,679,477,968,544,1459,3129,3592,3748,3542,3,floating_plants,MU0127_20240413,18.52584083378263,1,Mula,73.98680492931314,2024-04-13,"{""type"":""MultiPoint"",""coordinates"":[]}"
5_944_0,1770,781,289,609,310,1038,3864,4429,3903,4669,3,floating_plants,MU0128_20240413,18.523033098150368,1,Mula,73.99161176972616,2024-04-13,"{""type"":""MultiPoint"",""coordinates"":[]}"
5_945_0,1618,738,323,658,363,970,3766,4568,4664,4890,3,floating_plants,MU0129_20240413,18.51615598519178,1,Mula,73.99165441781302,2024-04-13,"{""type"":""MultiPoint"",""coordinates"":[]}"
5_946_0,2001,888,286,662,344,1097,3958,5054,5080,5265,3,floating_plants,MU0130_20240413,18.517356447812872,1,Mula,73.99277029148033,2024-04-13,"{""type"":""MultiPoint"",""coordinates"":[]}"
5_947_0,1418,602,294,690,304,960,3619,4478,5531,4337,3,floating_plants,MU0131_20240413,18.513592256641296,1,Mula,73.99231966456033,2024-04-13,"{""type"":""MultiPoint"",""coordinates"":[]}"
5_948_0,1834,787,309,680,343,1110,4186,5184,4803,5288,3,floating_plants,MU0132_20240413,18.51249350429373,1,Mula,73.99234112366929,2024-04-13,"{""type"":""MultiPoint"",""coordinates"":[]}"
5_949_0,1977,892,268,674,300,1112,4447,5570,6080,5822,3,floating_plants,MU0133_20240413,18.50647058791419,1,Mula,73.99523786342559,2024-04-13,"{""type"":""MultiPoint"",""coordinates"":[]}"
5_950_0,1585,764,324,689,339,1011,3479,4328,5200,4304,3,floating_plants,MU0134_20240413,18.505839797291934,1,Mula,74.00148246414075,2024-04-13,"{""type"":""MultiPoint"",""coordinates"":[]}"
5_951_0,2192,1021,407,834,430,1265,4064,4933,5159,5214,1,LEV,MU0135_20240413,18.51106918478174,0,Mula,73.99304903430895,2024-04-13,"{""type"":""MultiPoint"",""coordinates"":[]}"
5_952_0,2273,1128,428,762,524,1205,3632,4521,4383,4657,1,LEV,MU0136_20240413,18.510153544814923,0,Mula,73.99307049341797,2024-04-13,"{""type"":""MultiPoint"",""coordinates"":[]}"
5_953_0,2437,1274,553,952,874,1518,3439,4177,3775,4455,1,LEV,MU0137_20240413,18.50923789994915,0,Mula,73.99452971282903,2024-04-13,"{""type"":""MultiPoint"",""coordinates"":[]}"
5_954_0,2737,1434,526,984,714,1509,4062,4826,5080,5188,1,LEV,MU0138_20240413,18.506613024184606,0,Mula,73.99620352333,2024-04-13,"{""type"":""MultiPoint"",""coordinates"":[]}"
5_955_0,2482,1433,546,1002,790,1510,3404,3871,3952,4141,1,LEV,MU0139_20240413,18.505921189760898,0,Mula,73.99980865363979,2024-04-13,"{""type"":""MultiPoint"",""coordinates"":[]}"
5_956_0,1895,922,290,561,405,1091,2968,3746,3608,3939,1,LEV,MU0140_20240413,18.507671118482897,0,Mula,74.0060961725729,2024-04-13,"{""type"":""MultiPoint"",""coordinates"":[]}"
5_957_0,2836,1678,560,894,1094,1642,3300,3752,3764,4362,1,LEV,MU0141_20240413,18.507793205865646,0,Mula,74.00766268752893,2024-04-13,"{""type"":""MultiPoint"",""coordinates"":[]}"
5_958_0,1760,867,363,606,394,949,2424,2775,2820,2896,1,LEV,MU0142_20240413,18.509827982757223,0,Mula,74.00568844950214,2024-04-13,"{""type"":""MultiPoint"",""coordinates"":[]}"
5_959_0,2075,896,265,520,379,1075,3806,4581,4328,4951,1,LEV,MU0143_20240413,18.50846468491416,0,Mula,73.99920779858816,2024-04-13,"{""type"":""MultiPoint"",""coordinates"":[]}"
5_960_0,2186,1295,267,560,376,1265,2783,3394,3751,3521,1,LEV,MU0144_20240413,18.51904521947678,0,Mula,73.99390759264554,2024-04-13,"{""type"":""MultiPoint"",""coordinates"":[]}"
5_961_0,2016,1047,379,760,517,1166,3320,4154,4609,4374,1,LEV,MU0145_20240413,18.509929721045136,0,Mula,73.99598896816184,2024-04-13,"{""type"":""MultiPoint"",""coordinates"":[]}"
5_962_0,1843,861,338,599,363,904,3250,3765,3724,3961,1,LEV,MU0146_20240413,18.505738056261517,0,Mula,73.99270574316611,2024-04-13,"{""type"":""MultiPoint"",""coordinates"":[]}"
5_963_0,1789,1087,341,625,508,986,2833,3661,3288,3746,1,LEV,MU0147_20240413,18.504110197787792,0,Mula,73.99882158922735,2024-04-13,"{""type"":""MultiPoint"",""coordinates"":[]}"
5_964_0,2986,2693,1410,1770,2244,2503,2494,2583,2469,2553,1,LEV,MU0148_20240413,18.497557910552988,0,Mula,74.00210448805409,2024-04-13,"{""type"":""MultiPoint"",""coordinates"":[]}"
5_965_0,1753,1046,331,724,447,1041,2842,3193,3120,3361,1,LEV,MU0149_20240413,18.500223622730978,0,Mula,73.98888608211494,2024-04-13,"{""type"":""MultiPoint"",""coordinates"":[]}"
5_966_0,1931,1410,463,698,744,1087,1823,2022,1986,2163,1,LEV,MU0150_20240413,18.502624763064773,0,Mula,73.99055989261592,2024-04-13,"{""type"":""MultiPoint"",""coordinates"":[]}"
5_967_0,1638,915,354,535,505,1029,2526,3050,3140,3200,1,LEV,MU0151_20240413,18.500773039167996,0,Mula,74.01101042348026,2024-04-13,"{""type"":""MultiPoint"",""coordinates"":[]}"
5_968_0,2032,1229,459,764,804,1273,2391,2923,3060,3183,1,LEV,MU0152_20240413,18.500447459269964,0,Mula,74.00543105514372,2024-04-13,"{""type"":""MultiPoint"",""coordinates"":[]}"
5_969_0,1755,1055,458,714,628,1006,2475,3049,3042,3072,1,LEV,MU0153_20240413,18.540326392174283,0,Mula,74.00073495157346,2024-04-13,"{""type"":""MultiPoint"",""coordinates"":[]}"
5_970_0,1591,943,462,700,691,1028,2278,2849,2874,3028,1,LEV,MU0154_20240413,18.545208886959234,0,Mula,73.99627145690424,2024-04-13,"{""type"":""MultiPoint"",""coordinates"":[]}"
5_971_0,2384,1592,501,838,702,1311,2571,2874,3288,3076,1,LEV,MU0155_20240413,18.535850649369316,0,Mula,73.99515558323692,2024-04-13,"{""type"":""MultiPoint"",""coordinates"":[]}"
5_972_0,2805,2302,860,1226,1738,2008,2125,2266,2241,2293,1,LEV,MU0156_20240413,18.535362379425464,0,Mula,74.01824558450667,2024-04-13,"{""type"":""MultiPoint"",""coordinates"":[]}"
5_973_0,1673,1098,449,684,719,934,1701,1959,1920,2042,1,LEV,MU0157_20240413,18.546754981211915,0,Mula,74.04433986103452,2024-04-13,"{""type"":""MultiPoint"",""coordinates"":[]}"
5_974_0,1857,1306,404,618,640,966,1416,1739,1744,1892,1,LEV,MU0158_20240413,18.522666871293566,0,Mula,74.02537000869023,2024-04-13,"{""type"":""MultiPoint"",""coordinates"":[]}"
5_975_0,1950,1215,247,532,472,1047,2258,2430,2497,2732,1,LEV,MU0159_20240413,18.541384277887218,0,Mula,73.96082100885818,2024-04-13,"{""type"":""MultiPoint"",""coordinates"":[]}"
5_976_0,2912,2715,1130,1356,1621,2405,2647,2959,2695,3057,1,LEV,MU0160_20240413,18.549033410386816,0,Mula,73.96674372293852,2024-04-13,"{""type"":""MultiPoint"",""coordinates"":[]}"
5_977_0,1919,984,366,802,433,1006,3371,4109,4477,4155,1,LEV,MU0161_20240413,18.520306704973795,0,Mula,73.96064933598628,2024-04-13,"{""type"":""MultiPoint"",""coordinates"":[]}"
5_978_0,2459,1780,704,1092,1316,1479,2254,2443,2591,2601,1,LEV,MU0162_20240413,18.54260490710788,0,Mula,73.95343907536675,2024-04-13,"{""type"":""MultiPoint"",""coordinates"":[]}"
5_979_0,1519,940,274,440,440,853,1511,1718,1434,1742,1,LEV,MU0163_20240413,18.557902720113066,0,Mula,73.94305286661718,2024-04-13,"{""type"":""MultiPoint"",""coordinates"":[]}"
5_980_0,2300,1347,456,832,727,1337,2667,3330,3268,3313,1,LEV,MU0164_20240413,18.527224341660816,0,Mula,73.94082111928256,2024-04-13,"{""type"":""MultiPoint"",""coordinates"":[]}"
5_981_0,2063,1019,286,678,385,959,3777,4939,5004,5045,1,LEV,MU0165_20240413,18.525922219665365,0,Mula,73.95258071100727,2024-04-13,"{""type"":""MultiPoint"",""coordinates"":[]}"
5_982_0,2583,2239,1194,1396,1596,1670,1733,1832,1878,1942,1,LEV,MU0166_20240413,18.537722337896053,0,Mula,73.94803137990209,2024-04-13,"{""type"":""MultiPoint"",""coordinates"":[]}"
5_983_0,2498,2206,583,782,1070,1387,1509,1565,1703,1771,1,LEV,MU0167_20240413,18.53552513622842,0,Mula,73.96734457799015,2024-04-13,"{""type"":""MultiPoint"",""coordinates"":[]}"
5_984_0,1867,1071,245,580,468,979,2485,2825,2784,3034,1,LEV,MU0168_20240413,18.552776479734348,0,Mula,73.93026477223566,2024-04-13,"{""type"":""MultiPoint"",""coordinates"":[]}"
5_985_0,2752,1771,821,1326,1586,1935,3186,3716,3927,3773,1,LEV,MU0169_20240413,18.545208888663197,0,Mula,73.9191918719985,2024-04-13,"{""type"":""MultiPoint"",""coordinates"":[]}"
5_986_0,1844,1225,232,441,418,814,1412,1747,2033,1913,1,LEV,MU0170_20240413,18.536013407411286,0,Mula,73.91816183476716,2024-04-13,"{""type"":""MultiPoint"",""coordinates"":[]}"
5_987_0,2306,1461,285,624,552,1236,2501,2935,2842,2980,1,LEV,MU0171_20240413,18.538495419593996,0,Mula,73.94305418278786,2024-04-13,"{""type"":""MultiPoint"",""coordinates"":[]}"
5_988_0,2540,2113,1260,1396,1686,1900,2234,2321,2085,2409,1,LEV,MU0172_20240413,18.540041574612456,0,Mula,73.93236754651248,2024-04-13,"{""type"":""MultiPoint"",""coordinates"":[]}"
5_989_0,2031,1710,912,1106,1318,1585,1768,1745,1736,1765,1,LEV,MU0173_20240413,18.533816181007854,0,Mula,73.92447059440538,2024-04-13,"{""type"":""MultiPoint"",""coordinates"":[]}"
5_990_0,1821,838,293,666,325,1062,4661,5510,5473,5720,3,floating_plants,MU0174_20240413,18.54577850097792,1,Mula,73.95120753206731,2024-04-13,"{""type"":""MultiPoint"",""coordinates"":[]}"
5_991_0,1742,800,279,670,349,1024,4091,4547,5023,4774,3,floating_plants,MU0175_20240413,18.545005451181172,1,Mula,73.95095002275949,2024-04-13,"{""type"":""MultiPoint"",""coordinates"":[]}"
5_992_0,1563,778,266,670,308,1031,3506,4396,4764,4287,3,floating_plants,MU0176_20240413,18.54492407731483,1,Mula,73.95013457661798,2024-04-13,"{""type"":""MultiPoint"",""coordinates"":[]}"
5_993_0,436,315,327,567,343,605,915,997,1524,970,3,floating_plants,MU0177_20240413,18.545636097330927,1,Mula,73.9489757847327,2024-04-13,"{""type"":""MultiPoint"",""coordinates"":[]}"
5_994_0,890,499,298,589,356,871,2225,2569,2082,2226,3,floating_plants,MU0178_20240413,18.545351289680678,1,Mula,73.94794574750135,2024-04-13,"{""type"":""MultiPoint"",""coordinates"":[]}"
5_995_0,426,321,281,492,290,576,890,950,769,887,3,floating_plants,MU0179_20240413,18.54551403696755,1,Mula,73.94678695561606,2024-04-13,"{""type"":""MultiPoint"",""coordinates"":[]}"
5_996_0,740,439,304,574,320,711,1526,1873,2029,1575,3,floating_plants,MU0180_20240413,18.544964764252853,1,Mula,73.94659382363518,2024-04-13,"{""type"":""MultiPoint"",""coordinates"":[]}"
5_997_0,1876,892,291,652,339,1118,4383,5301,5296,5458,3,floating_plants,MU0181_20240413,18.536257538167842,1,Mula,73.93307499448082,2024-04-13,"{""type"":""MultiPoint"",""coordinates"":[]}"
5_998_0,1641,803,297,669,385,1041,3954,4799,5156,4885,3,floating_plants,MU0182_20240413,18.53898368012858,1,Mula,73.92359061862892,2024-04-13,"{""type"":""MultiPoint"",""coordinates"":[]}"
5_999_0,1414,709,288,704,355,932,2993,3932,5291,4068,3,floating_plants,MU0183_20240413,18.538719205598234,1,Mula,73.92223869476278,2024-04-13,"{""type"":""MultiPoint"",""coordinates"":[]}"
5_1000_0,1264,686,338,711,357,982,3170,3719,4689,3662,3,floating_plants,MU0184_20240413,18.53819025530938,1,Mula,73.92620862992533,2024-04-13,"{""type"":""MultiPoint"",""coordinates"":[]}"
5_1001_0,855,549,360,677,384,843,2012,2064,3776,1619,3,floating_plants,MU0185_20240413,18.5375188929692,1,Mula,73.92895539587565,2024-04-13,"{""type"":""MultiPoint"",""coordinates"":[]}"
5_1002_0,1615,838,240,644,278,1034,3860,4966,5088,4465,3,floating_plants,MU0186_20240413,18.53957366029788,1,Mula,73.94105833334416,2024-04-13,"{""type"":""MultiPoint"",""coordinates"":[]}"
5_1003_0,1170,561,232,646,302,843,2825,3043,5000,3344,3,floating_plants,MU0187_20240413,18.53819025530938,1,Mula,73.94032872363859,2024-04-13,"{""type"":""MultiPoint"",""coordinates"":[]}"
5_1004_0,1391,702,246,580,339,855,3207,3848,5197,3974,3,floating_plants,MU0188_20240413,18.53532168868557,1,Mula,73.93844032204777,2024-04-13,"{""type"":""MultiPoint"",""coordinates"":[]}"
5_1005_0,2106,1042,350,702,414,1144,4424,5259,5337,5503,3,floating_plants,MU0189_20240413,18.54093671017573,1,Mula,73.91041599159145,2024-04-13,"{""type"":""MultiPoint"",""coordinates"":[]}"
5_1006_0,2132,954,286,675,355,1107,4732,5806,5840,6001,3,floating_plants,MU0190_20240413,18.54014329442654,1,Mula,73.9135275623945,2024-04-13,"{""type"":""MultiPoint"",""coordinates"":[]}"
5_1007_0,2185,973,291,701,384,1145,4782,5969,6024,6243,3,floating_plants,MU0191_20240413,18.539655036749352,1,Mula,73.91402112190121,2024-04-13,"{""type"":""MultiPoint"",""coordinates"":[]}"
5_1008_0,2089,955,387,813,470,1193,4447,5452,5716,5564,3,floating_plants,MU0192_20240413,18.539634692649198,1,Mula,73.91558763685724,2024-04-13,"{""type"":""MultiPoint"",""coordinates"":[]}"
5_1009_0,1963,956,333,629,448,1084,3691,4330,4324,4548,3,floating_plants,MU0193_20240413,18.54164874681329,1,Mula,73.90378512691456,2024-04-13,"{""type"":""MultiPoint"",""coordinates"":[]}"
5_1010_0,2136,1291,301,641,352,1295,3899,4790,5399,4866,3,floating_plants,MU0194_20240413,18.541445308076838,1,Mula,73.90294822166405,2024-04-13,"{""type"":""MultiPoint"",""coordinates"":[]}"
5_1011_0,1594,788,278,614,332,1051,3694,4937,4895,4793,3,floating_plants,MU0195_20240413,18.541567371347778,1,Mula,73.90490100058186,2024-04-13,"{""type"":""MultiPoint"",""coordinates"":[]}"
5_1012_0,1464,747,308,603,350,906,3247,3793,4803,3970,3,floating_plants,MU0196_20240413,18.541506339723206,1,Mula,73.90181088888778,2024-04-13,"{""type"":""MultiPoint"",""coordinates"":[]}"
5_1013_0,1930,857,233,568,297,1033,4536,5870,5628,5985,3,floating_plants,MU0197_20240413,18.541018085941662,1,Mula,73.90573790583231,2024-04-13,"{""type"":""MultiPoint"",""coordinates"":[]}"
5_1014_0,1890,880,257,630,309,1093,4487,5246,5704,5281,3,floating_plants,MU0198_20240413,18.540509486768673,1,Mula,73.90837737623768,2024-04-13,"{""type"":""MultiPoint"",""coordinates"":[]}"
5_1015_0,1930,1081,363,704,526,1093,2495,2827,2734,2841,1,LEV,MU0199_20240413,18.546470173949068,0,Mula,73.90048042413058,2024-04-13,"{""type"":""MultiPoint"",""coordinates"":[]}"
5_1016_0,2235,1558,656,1034,987,1530,2537,3106,3020,3195,1,LEV,MU0200_20240413,18.54370346447031,0,Mula,73.90897823128931,2024-04-13,"{""type"":""MultiPoint"",""coordinates"":[]}"
5_1017_0,1704,1051,347,582,531,964,1877,2165,2238,2258,1,LEV,MU0201_20240413,18.54305246749149,0,Mula,73.91865628944237,2024-04-13,"{""type"":""MultiPoint"",""coordinates"":[]}"
5_1018_0,2177,1357,418,738,719,1279,2350,2700,2654,3005,1,LEV,MU0202_20240413,18.54529025921137,0,Mula,73.9261669775877,2024-04-13,"{""type"":""MultiPoint"",""coordinates"":[]}"
5_1019_0,2164,1328,462,816,646,1571,2911,3304,2890,3271,1,LEV,MU0203_20240413,18.546836352727382,0,Mula,73.9115962425857,2024-04-13,"{""type"":""MultiPoint"",""coordinates"":[]}"
5_1020_0,2526,2355,746,1134,1210,1669,2056,2158,1998,2233,1,LEV,MU0204_20240413,18.544395146041698,0,Mula,73.920845118559,2024-04-13,"{""type"":""MultiPoint"",""coordinates"":[]}"
5_1021_0,3310,3220,1648,2088,2352,2832,2784,2803,2581,2661,1,LEV,MU0205_20240413,18.544435833105737,0,Mula,73.92863477512118,2024-04-13,"{""type"":""MultiPoint"",""coordinates"":[]}"
5_1022_0,2700,2506,1350,1620,1700,2075,2244,2416,2336,2445,1,LEV,MU0206_20240413,18.540489142770255,0,Mula,73.93015837185924,2024-04-13,"{""type"":""MultiPoint"",""coordinates"":[]}"
5_1023_0,2694,2282,1090,1498,1899,2216,2157,2394,2278,2479,1,LEV,MU0207_20240413,18.53556582392633,0,Mula,73.90786235762201,2024-04-13,"{""type"":""MultiPoint"",""coordinates"":[]}"
5_1024_0,1777,918,432,777,610,1188,2880,3639,3344,4121,1,LEV,MU0208_20240413,18.543662777270015,0,Mula,73.89176914520185,2024-04-13,"{""type"":""MultiPoint"",""coordinates"":[]}"
5_1025_0,836,610,534,767,612,809,1336,1314,1786,1190,1,LEV,MU0209_20240413,18.542543874413635,0,Mula,73.89507384798578,2024-04-13,"{""type"":""MultiPoint"",""coordinates"":[]}"
5_1026_0,1433,878,367,684,461,1001,2080,2767,3616,3059,1,LEV,MU0210_20240413,18.541201181311486,0,Mula,73.89917253780226,2024-04-13,"{""type"":""MultiPoint"",""coordinates"":[]}"
5_1027_0,1198,1037,867,973,1096,1126,1236,1272,1164,1255,1,LEV,MU0211_20240413,18.543540715496405,0,Mula,73.88500952587101,2024-04-13,"{""type"":""MultiPoint"",""coordinates"":[]}"
5_1028_0,1482,640,336,686,368,993,3499,3629,4948,3972,3,floating_plants,MU0212_20240413,18.54411033636032,1,Mula,73.8897090707391,2024-04-13,"{""type"":""MultiPoint"",""coordinates"":[]}"
5_1029_0,646,362,358,672,410,876,1556,1705,1896,1649,3,floating_plants,MU0213_20240413,18.543642433647147,1,Mula,73.88595372666643,2024-04-13,"{""type"":""MultiPoint"",""coordinates"":[]}"
5_1030_0,1860,859,301,700,357,1184,4171,5243,4940,5105,3,floating_plants,MU0214_20240413,18.543581402763987,1,Mula,73.89052451688059,2024-04-13,"{""type"":""MultiPoint"",""coordinates"":[]}"
5_1031_0,1666,822,326,650,367,1130,3512,4280,4129,4557,3,floating_plants,MU0215_20240413,18.54272696810985,1,Mula,73.89644723096093,2024-04-13,"{""type"":""MultiPoint"",""coordinates"":[]}"
5_1032_0,2216,951,256,714,272,1210,5274,6714,6832,6846,3,floating_plants,MU0216_20240413,18.53766130320726,1,Mula,73.86535433125783,2024-04-13,"{""type"":""MultiPoint"",""coordinates"":[]}"
5_1033_0,1742,841,178,431,307,861,2757,3199,3408,3362,1,LEV,MU0217_20240413,18.538291976470212,0,Mula,73.8689594615676,2024-04-13,"{""type"":""MultiPoint"",""coordinates"":[]}"
5_1034_0,2025,1130,260,466,447,1082,2338,2691,3205,3122,1,LEV,MU0218_20240413,18.535158931513088,0,Mula,73.86591226809149,2024-04-13,"{""type"":""MultiPoint"",""coordinates"":[]}"
5_1035_0,2442,1669,738,1018,1406,1418,1862,1905,2364,2195,1,LEV,MU0219_20240413,18.54512751149923,0,Mula,73.86797234255418,2024-04-13,"{""type"":""MultiPoint"",""coordinates"":[]}"
5_1036_0,2562,2057,1490,1924,2086,2137,2411,2420,3039,2729,1,LEV,MU0220_20240413,18.53751889279344,0,Mula,73.87951734318908,2024-04-13,"{""type"":""MultiPoint"",""coordinates"":[]}"
5_1037_0,2179,1531,1020,1304,1574,1533,2388,2764,2792,2822,1,LEV,MU0221_20240413,18.533490663359448,0,Mula,73.8847748248908,2024-04-13,"{""type"":""MultiPoint"",""coordinates"":[]}"
5_1038_0,2919,2901,1382,1436,1583,1903,1908,2018,1808,2081,1,LEV,MU0222_20240413,18.53686787224741,0,Mula,73.87376630198062,2024-04-13,"{""type"":""MultiPoint"",""coordinates"":[]}"
5_1039_0,1723,981,248,489,445,847,2251,2434,2943,2601,1,LEV,MU0223_20240413,18.5359930594828,0,Mula,73.89048294788128,2024-04-13,"{""type"":""MultiPoint"",""coordinates"":[]}"
5_1040_0,1558,986,365,674,565,1023,1838,2042,2288,2129,1,LEV,MU0224_20240413,18.534202730331465,0,Mula,73.89863709174851,2024-04-13,"{""type"":""MultiPoint"",""coordinates"":[]}"
5_1041_0,2512,1827,503,722,1104,1404,1569,1740,1838,2025,1,LEV,MU0225_20240413,18.530560981257725,0,Mula,73.90910803629346,2024-04-13,"{""type"":""MultiPoint"",""coordinates"":[]}"
5_1042_0,249,167,251,392,249,386,210,300,224,221,2,open_water,MU0226_20240413,18.54120118108989,0,Mula,73.87436660814883,2024-04-13,"{""type"":""MultiPoint"",""coordinates"":[]}"
5_1043_0,251,187,238,332,243,335,203,218,163,204,2,open_water,MU0227_20240413,18.540224670386998,0,Mula,73.87207048348724,2024-04-13,"{""type"":""MultiPoint"",""coordinates"":[]}"
5_1044_0,216,181,324,471,323,463,307,376,291,311,2,open_water,MU0228_20240413,18.5426455929364,0,Mula,73.87925928499781,2024-04-13,"{""type"":""MultiPoint"",""coordinates"":[]}"
5_1045_0,203,198,299,436,306,445,302,262,233,210,2,open_water,MU0229_20240413,18.542991436214116,0,Mula,73.88181291896723,2024-04-13,"{""type"":""MultiPoint"",""coordinates"":[]}"
5_1046_0,256,194,336,458,331,472,311,398,295,326,2,open_water,MU0230_20240413,18.54301177991453,0,Mula,73.89374418356385,2024-04-13,"{""type"":""MultiPoint"",""coordinates"":[]}"
5_1047_0,233,182,318,434,325,487,292,334,263,234,2,open_water,MU0231_20240413,18.543886556740183,0,Mula,73.88724207354086,2024-04-13,"{""type"":""MultiPoint"",""coordinates"":[]}"
5_1048_0,267,231,356,532,382,502,307,373,299,250,2,open_water,MU0232_20240413,18.539187121542323,0,Mula,73.91925726806458,2024-04-13,"{""type"":""MultiPoint"",""coordinates"":[]}"
5_1049_0,259,243,349,554,362,549,321,337,317,272,2,open_water,MU0233_20240413,18.538515763119157,0,Mula,73.9252229003629,2024-04-13,"{""type"":""MultiPoint"",""coordinates"":[]}"
5_1050_0,185,190,328,500,326,492,293,304,255,223,2,open_water,MU0234_20240413,18.535891336494927,0,Mula,73.93528597527661,2024-04-13,"{""type"":""MultiPoint"",""coordinates"":[]}"
5_1051_0,192,189,292,476,274,500,284,285,260,216,2,open_water,MU0235_20240413,18.536664427535356,0,Mula,73.93972801083684,2024-04-13,"{""type"":""MultiPoint"",""coordinates"":[]}"
5_1052_0,208,178,236,418,239,446,253,268,212,184,2,open_water,MU0236_20240413,18.54274731170997,0,Mula,73.94311808451167,2024-04-13,"{""type"":""MultiPoint"",""coordinates"":[]}"
5_1053_0,199,186,223,425,229,481,256,328,229,163,2,open_water,MU0237_20240413,18.540651894596124,0,Mula,73.94170178331854,2024-04-13,"{""type"":""MultiPoint"",""coordinates"":[]}"
5_1054_0,1112,627,3078,2502,2640,2384,2314,2438,2785,2130,2,open_water,MU0238_20240413,18.545758157637614,0,Mula,73.95234445102574,2024-04-13,"{""type"":""MultiPoint"",""coordinates"":[]}"
5_1055_0,839,479,780,780,770,1432,1281,1376,763,1415,2,open_water,MU0239_20240413,18.545656440746896,0,Mula,73.9540182615267,2024-04-13,"{""type"":""MultiPoint"",""coordinates"":[]}"
5_1056_0,265,222,291,434,288,439,319,288,267,223,2,open_water,MU0240_20240413,18.545107168490173,0,Mula,73.96221564115963,2024-04-13,"{""type"":""MultiPoint"",""coordinates"":[]}"
5_1057_0,204,171,275,420,227,420,232,234,202,161,2,open_water,MU0241_20240413,18.543581402953077,0,Mula,73.96575639414245,2024-04-13,"{""type"":""MultiPoint"",""coordinates"":[]}"
5_1058_0,203,213,242,373,207,352,236,206,223,209,2,open_water,MU0242_20240413,18.541892873009722,0,Mula,73.97152727654698,2024-04-13,"{""type"":""MultiPoint"",""coordinates"":[]}"
5_1059_0,204,194,225,348,191,361,253,237,191,215,2,open_water,MU0243_20240413,18.53351100789309,0,Mula,73.97667749862548,2024-04-13,"{""type"":""MultiPoint"",""coordinates"":[]}"
5_1060_0,229,184,208,328,184,329,352,340,214,179,2,open_water,MU0244_20240413,18.537335793217554,0,Mula,73.97491785168859,2024-04-13,"{""type"":""MultiPoint"",""coordinates"":[]}"
5_1061_0,221,159,290,448,230,443,253,277,250,217,2,open_water,MU0245_20240413,18.52990993425625,0,Mula,73.98064679438195,2024-04-13,"{""type"":""MultiPoint"",""coordinates"":[]}"
5_1062_0,207,185,254,421,215,409,234,271,209,199,2,open_water,MU0246_20240413,18.528648523538653,0,Mula,73.98236352310089,2024-04-13,"{""type"":""MultiPoint"",""coordinates"":[]}"
5_1063_0,212,164,243,405,238,442,287,269,222,210,2,open_water,MU0247_20240413,18.52748883127992,0,Mula,73.98435922023664,2024-04-13,"{""type"":""MultiPoint"",""coordinates"":[]}"
5_1064_0,187,150,323,461,267,493,297,317,247,206,2,open_water,MU0248_20240413,18.52409109113229,0,Mula,73.99002442500914,2024-04-13,"{""type"":""MultiPoint"",""coordinates"":[]}"
5_1065_0,168,148,296,434,227,469,283,313,254,231,2,open_water,MU0249_20240413,18.520347393911308,0,Mula,73.99219103347697,2024-04-13,"{""type"":""MultiPoint"",""coordinates"":[]}"
5_1066_0,178,116,275,441,225,446,304,365,236,227,2,open_water,MU0250_20240413,18.51483343147459,0,Mula,73.99193352416914,2024-04-13,"{""type"":""MultiPoint"",""coordinates"":[]}"
5_1067_0,210,146,264,443,220,478,384,409,320,353,2,open_water,MU0251_20240413,18.510987795286265,0,Mula,73.99195498327813,2024-04-13,"{""type"":""MultiPoint"",""coordinates"":[]}"
5_1068_0,188,177,295,463,225,510,286,312,241,245,2,open_water,MU0252_20240413,18.50642989170626,0,Mula,74.00508766054644,2024-04-13,"{""type"":""MultiPoint"",""coordinates"":[]}"
5_1069_0,234,192,328,472,259,472,328,302,298,235,2,open_water,MU0253_20240413,18.50579910093401,0,Mula,74.01092453819082,2024-04-13,"{""type"":""MultiPoint"",""coordinates"":[]}"
5_1070_0,298,209,299,425,227,478,339,346,264,262,2,open_water,MU0254_20240413,18.50557527139158,0,Mula,74.00678293015638,2024-04-13,"{""type"":""MultiPoint"",""coordinates"":[]}"
5_1071_0,213,144,255,408,207,475,330,356,238,212,2,open_water,MU0255_20240413,18.5059415377632,0,Mula,74.01326358107036,2024-04-13,"{""type"":""MultiPoint"",""coordinates"":[]}"
5_1072_0,225,141,235,354,198,420,322,374,268,252,2,open_water,MU0256_20240413,18.50099687486841,0,Mula,74.0183698029696,2024-04-13,"{""type"":""MultiPoint"",""coordinates"":[]}"
5_1073_0,231,154,324,502,280,558,362,389,277,280,2,open_water,MU0257_20240413,18.501220710396606,0,Mula,74.0321465509391,2024-04-13,"{""type"":""MultiPoint"",""coordinates"":[]}"
5_1074_0,245,194,330,498,268,555,356,300,326,280,2,open_water,MU0258_20240413,18.50274685392616,0,Mula,74.03296199708059,2024-04-13,"{""type"":""MultiPoint"",""coordinates"":[]}"
5_1075_0,195,152,187,265,128,318,237,295,203,172,2,open_water,MU0259_20240413,18.5293199208333,0,Mula,74.05029894121662,2024-04-13,"{""type"":""MultiPoint"",""coordinates"":[]}"
5_1076_0,231,166,172,282,125,337,282,259,212,111,2,open_water,MU0260_20240413,18.53259548746863,0,Mula,74.03684407988193,2024-04-13,"{""type"":""MultiPoint"",""coordinates"":[]}"
5_1077_0,230,180,231,314,188,389,274,203,180,92,2,open_water,MU0261_20240413,18.529706481653175,0,Mula,74.03761660780548,2024-04-13,"{""type"":""MultiPoint"",""coordinates"":[]}"
5_1078_0,198,184,171,252,145,308,146,101,219,178,2,open_water,MU0262_20240413,18.527732977781227,0,Mula,74.05356072578263,2024-04-13,"{""type"":""MultiPoint"",""coordinates"":[]}"
5_1079_0,199,155,156,262,155,306,252,234,196,197,2,open_water,MU0263_20240413,18.535036862764038,0,Mula,74.04510583684186,2024-04-13,"{""type"":""MultiPoint"",""coordinates"":[]}"
5_1080_0,205,175,175,273,154,308,236,237,191,200,2,open_water,MU0264_20240413,18.53607443698819,0,Mula,74.04102867654088,2024-04-13,"{""type"":""MultiPoint"",""coordinates"":[]}"
5_1081_0,212,189,204,367,164,361,228,267,263,197,2,open_water,MU0265_20240413,18.535504789833137,0,Mula,74.08403063024987,2024-04-13,"{""type"":""MultiPoint"",""coordinates"":[]}"
5_1082_0,174,128,175,244,130,259,205,229,191,173,2,open_water,MU0266_20240413,18.530866159412383,0,Mula,74.06853724552099,2024-04-13,"{""type"":""MultiPoint"",""coordinates"":[]}"
5_1083_0,463,340,234,336,288,312,235,159,205,215,2,open_water,MU0267_20240413,18.52824161485475,0,Mula,74.07184284203657,2024-04-13,"{""type"":""MultiPoint"",""coordinates"":[]}"
5_1084_0,326,247,260,483,266,411,226,209,185,155,2,open_water,MU0268_20240413,18.52398936132908,0,Mula,74.08057669939414,2024-04-13,"{""type"":""MultiPoint"",""coordinates"":[]}"
5_1085_0,318,209,236,402,264,339,193,135,171,146,2,open_water,MU0269_20240413,18.524111436711976,0,Mula,74.08293563519705,2024-04-13,"{""type"":""MultiPoint"",""coordinates"":[]}"
5_1086_0,315,215,739,1060,970,973,459,529,511,380,2,open_water,MU0270_20240413,18.52484388931139,0,Mula,74.0852317598586,2024-04-13,"{""type"":""MultiPoint"",""coordinates"":[]}"
5_1087_0,228,156,342,520,252,537,355,379,317,268,2,open_water,MU0271_20240413,18.527997468833377,0,Mula,74.0897810909638,2024-04-13,"{""type"":""MultiPoint"",""coordinates"":[]}"
5_1088_0,152,135,185,289,123,334,231,220,167,133,2,open_water,MU0272_20240413,18.524945618590955,0,Mula,74.09428750385102,2024-04-13,"{""type"":""MultiPoint"",""coordinates"":[]}"
5_1089_0,218,144,260,443,189,446,358,370,310,216,2,open_water,MU0273_20240413,18.52618671067408,0,Mula,74.11829754405923,2024-04-13,"{""type"":""MultiPoint"",""coordinates"":[]}"
5_1090_0,154,106,171,208,121,228,155,179,152,135,2,open_water,MU0274_20240413,18.534507901301694,0,Mula,74.13713849231534,2024-04-13,"{""type"":""MultiPoint"",""coordinates"":[]}"
5_1091_0,165,114,161,213,123,218,164,166,157,126,2,open_water,MU0275_20240413,18.53170030801448,0,Mula,74.13896251657921,2024-04-13,"{""type"":""MultiPoint"",""coordinates"":[]}"
5_1092_0,184,138,172,212,119,222,222,202,168,160,2,open_water,MU0276_20240413,18.528974050110524,0,Mula,74.1422243011452,2024-04-13,"{""type"":""MultiPoint"",""coordinates"":[]}"
5_1093_0,145,130,151,242,137,272,152,192,129,127,2,open_water,MU0277_20240413,18.536522015899102,0,Mula,74.12454199534012,2024-04-13,"{""type"":""MultiPoint"",""coordinates"":[]}"
5_1094_0,164,137,212,312,166,329,272,285,160,164,2,open_water,MU0278_20240413,18.53416204085139,0,Mula,74.12406989494244,2024-04-13,"{""type"":""MultiPoint"",""coordinates"":[]}"
5_1095_0,125,94,170,239,132,267,140,183,126,114,2,open_water,MU0279_20240413,18.540834989972538,0,Mula,74.12576527375433,2024-04-13,"{""type"":""MultiPoint"",""coordinates"":[]}"
5_1096_0,140,120,152,238,131,268,198,209,110,166,2,open_water,MU0280_20240413,18.538800582015405,0,Mula,74.12520733692068,2024-04-13,"{""type"":""MultiPoint"",""coordinates"":[]}"
5_1097_0,184,157,158,254,136,285,180,208,215,159,2,open_water,MU0281_20240413,18.5443137718903,0,Mula,74.13003564650076,2024-04-13,"{""type"":""MultiPoint"",""coordinates"":[]}"
5_1098_0,128,106,150,250,136,268,212,195,155,148,2,open_water,MU0282_20240413,18.54227940509876,0,Mula,74.12630190522384,2024-04-13,"{""type"":""MultiPoint"",""coordinates"":[]}"
5_1099_0,167,135,159,256,139,267,215,236,213,184,2,open_water,MU0283_20240413,18.54421205387574,0,Mula,74.12752507443608,2024-04-13,"{""type"":""MultiPoint"",""coordinates"":[]}"
5_1100_0,169,139,180,284,143,331,172,203,173,162,2,open_water,MU0284_20240413,18.535097896869583,0,Mula,74.12422042337934,2024-04-13,"{""type"":""MultiPoint"",""coordinates"":[]}"
5_1101_0,154,128,288,426,184,443,292,288,180,150,2,open_water,MU0285_20240413,18.526980191745142,0,Mula,74.09119663492773,2024-04-13,"{""type"":""MultiPoint"",""coordinates"":[]}"
6_1102_0,1540,664,259,664,259,1219,4536,4981,5559,5249,3,floating_plants,MU0001_20230218,18.528526451257548,1,Mula,74.08890110512931,2023-02-18,"{""type"":""MultiPoint"",""coordinates"":[]}"
6_1103_0,1383,653,372,852,382,1437,3901,4270,4229,4266,3,floating_plants,MU0002_20230218,18.53257514307053,1,Mula,74.08578990216435,2023-02-18,"{""type"":""MultiPoint"",""coordinates"":[]}"
6_1104_0,1856,950,373,944,430,1554,3828,4362,5029,4427,3,floating_plants,MU0003_20230218,18.53332790426166,1,Mula,74.08491007869586,2023-02-18,"{""type"":""MultiPoint"",""coordinates"":[]}"
6_1105_0,1499,671,347,831,347,1537,4523,4992,4951,5051,3,floating_plants,MU0004_20230218,18.536237193370866,1,Mula,74.08216331274556,2023-02-18,"{""type"":""MultiPoint"",""coordinates"":[]}"
6_1106_0,1177,597,299,814,402,1177,3579,4099,5472,4247,3,floating_plants,MU0005_20230218,18.536237193428178,1,Mula,74.07250715625676,2023-02-18,"{""type"":""MultiPoint"",""coordinates"":[]}"
6_1107_0,1512,682,281,674,306,1065,3833,4691,4919,4797,3,floating_plants,MU0006_20230218,18.535270826288734,1,Mula,74.06945985573401,2023-02-18,"{""type"":""MultiPoint"",""coordinates"":[]}"
6_1108_0,810,407,321,828,360,925,1998,2384,3988,2287,3,floating_plants,MU0007_20230218,18.53795629515344,1,Mula,74.0731937406977,2023-02-18,"{""type"":""MultiPoint"",""coordinates"":[]}"
6_1109_0,1074,538,270,604,303,861,2769,3198,4995,3659,3,floating_plants,MU0008_20230218,18.536288054309036,1,Mula,74.07115512534398,2023-02-18,"{""type"":""MultiPoint"",""coordinates"":[]}"
6_1110_0,1452,654,302,727,313,1144,4134,5012,5811,5190,3,floating_plants,MU0009_20230218,18.53194444810931,1,Mula,74.06870903046854,2023-02-18,"{""type"":""MultiPoint"",""coordinates"":[]}"
6_1111_0,1659,789,300,636,352,1059,3562,4132,4356,4327,3,floating_plants,MU0010_20230218,18.532473417731087,1,Mula,74.06881632601346,2023-02-18,"{""type"":""MultiPoint"",""coordinates"":[]}"
6_1112_0,1078,521,233,567,282,844,2709,3394,4860,3463,3,floating_plants,MU0011_20230218,18.534223074930306,1,Mula,74.07026477420094,2023-02-18,"{""type"":""MultiPoint"",""coordinates"":[]}"
6_1113_0,1178,572,299,634,295,860,2814,3248,4439,3233,3,floating_plants,MU0012_20230218,18.533297386494365,1,Mula,74.0697819442487,2023-02-18,"{""type"":""MultiPoint"",""coordinates"":[]}"
6_1114_0,1860,1069,518,808,786,1359,2647,2996,3376,3354,1,LEV,MU0013_20230218,18.531507029799187,0,Mula,74.06815105196573,2023-02-18,"{""type"":""MultiPoint"",""coordinates"":[]}"
6_1115_0,1903,1022,344,665,425,1149,2775,3125,3588,3473,1,LEV,MU0014_20230218,18.532493762797507,0,Mula,74.06817251107469,2023-02-18,"{""type"":""MultiPoint"",""coordinates"":[]}"
6_1116_0,2006,1207,514,820,901,1357,2301,2517,2779,2765,1,LEV,MU0015_20230218,18.533872127543944,0,Mula,74.06977634059226,2023-02-18,"{""type"":""MultiPoint"",""coordinates"":[]}"
6_1117_0,1473,828,454,744,667,1042,2419,2730,3001,3059,1,LEV,MU0016_20230218,18.53612529815438,0,Mula,74.07064534398354,2023-02-18,"{""type"":""MultiPoint"",""coordinates"":[]}"
6_1118_0,1943,1142,352,704,558,1154,2690,3011,3405,3429,1,LEV,MU0017_20230218,18.537188295977792,0,Mula,74.07180413586883,2023-02-18,"{""type"":""MultiPoint"",""coordinates"":[]}"
6_1119_0,1089,632,468,872,576,1173,2295,2660,3704,2758,1,LEV,MU0018_20230218,18.537757938124262,0,Mula,74.07524274147616,2023-02-18,"{""type"":""MultiPoint"",""coordinates"":[]}"
6_1120_0,672,310,234,556,240,588,1911,2671,4693,1928,1,LEV,MU0019_20230218,18.53749854778558,0,Mula,74.07349382409372,2023-02-18,"{""type"":""MultiPoint"",""coordinates"":[]}"
6_1121_0,1283,716,412,662,559,927,1957,2148,3124,2154,1,LEV,MU0020_20230218,18.538876872444863,0,Mula,74.07633153369869,2023-02-18,"{""type"":""MultiPoint"",""coordinates"":[]}"
6_1122_0,1986,1548,736,979,1266,1576,1934,2225,1929,2058,1,LEV,MU0021_20230218,18.538047844625332,0,Mula,74.07683045798267,2023-02-18,"{""type"":""MultiPoint"",""coordinates"":[]}"
6_1123_0,2505,2051,889,1204,1544,1860,2073,2124,2243,2339,1,LEV,MU0022_20230218,18.538068188914437,0,Mula,74.07841843204767,2023-02-18,"{""type"":""MultiPoint"",""coordinates"":[]}"
6_1124_0,1672,1251,353,546,725,1188,1825,2002,1727,2345,1,LEV,MU0023_20230218,18.53910065840605,0,Mula,74.07987765145877,2023-02-18,"{""type"":""MultiPoint"",""coordinates"":[]}"
6_1125_0,1383,854,545,770,809,1071,2100,2277,2434,2290,1,LEV,MU0024_20230218,18.538236029207212,0,Mula,74.08000640611272,2023-02-18,"{""type"":""MultiPoint"",""coordinates"":[]}"
6_1126_0,881,550,431,886,550,930,2078,2336,3688,2171,3,floating_plants,MU0025_20230218,18.537605355737764,1,Mula,74.07940555106109,2023-02-18,"{""type"":""MultiPoint"",""coordinates"":[]}"
6_1127_0,648,347,282,560,260,469,918,1062,2386,619,3,floating_plants,MU0026_20230218,18.53857679535505,1,Mula,74.07832186605722,2023-02-18,"{""type"":""MultiPoint"",""coordinates"":[]}"
6_1128_0,614,342,263,458,280,567,1376,1393,1587,1442,1,LEV,MU0027_20230218,18.53863274197108,0,Mula,74.07695921263657,2023-02-18,"{""type"":""MultiPoint"",""coordinates"":[]}"
6_1129_0,690,345,316,706,365,750,1594,2102,3328,1619,3,floating_plants,MU0028_20230218,18.537712163505184,1,Mula,74.07626715637174,2023-02-18,"{""type"":""MultiPoint"",""coordinates"":[]}"
6_1130_0,906,451,361,886,401,1164,2924,3428,4327,3164,3,floating_plants,MU0029_20230218,18.53484358851347,1,Mula,74.08367008881532,2023-02-18,"{""type"":""MultiPoint"",""coordinates"":[]}"
6_1131_0,1230,608,362,830,391,1346,3516,3860,4024,3841,3,floating_plants,MU0030_20230218,18.53111030011264,1,Mula,74.08818154246615,2023-02-18,"{""type"":""MultiPoint"",""coordinates"":[]}"
6_1132_0,1371,691,342,830,396,1223,3220,3265,4492,3477,3,floating_plants,MU0031_20230218,18.526430858924947,1,Mula,74.09311154285702,2023-02-18,"{""type"":""MultiPoint"",""coordinates"":[]}"
6_1133_0,829,475,316,711,360,632,1404,1649,3158,1680,3,floating_plants,MU0032_20230218,18.526985277618767,1,Mula,74.09255897080064,2023-02-18,"{""type"":""MultiPoint"",""coordinates"":[]}"
6_1134_0,1084,528,257,704,296,913,2620,2986,3232,2995,3,floating_plants,MU0033_20230218,18.525016828660398,1,Mula,74.09259645814547,2023-02-18,"{""type"":""MultiPoint"",""coordinates"":[]}"
6_1135_0,1144,630,324,800,338,1107,2665,3305,3820,2974,3,floating_plants,MU0034_20230218,18.524258944389224,1,Mula,74.09476919293036,2023-02-18,"{""type"":""MultiPoint"",""coordinates"":[]}"
6_1136_0,566,291,211,428,227,532,996,1569,1710,1240,1,LEV,MU0035_20230218,18.526781821467264,0,Mula,74.09178106193511,2023-02-18,"{""type"":""MultiPoint"",""coordinates"":[]}"
6_1137_0,403,240,248,547,230,533,1050,1435,1758,1500,1,LEV,MU0036_20230218,18.52786013652903,0,Mula,74.09057935183185,2023-02-18,"{""type"":""MultiPoint"",""coordinates"":[]}"
6_1138_0,411,215,154,378,193,409,866,826,1498,914,1,LEV,MU0037_20230218,18.525901870541805,0,Mula,74.09231751882518,2023-02-18,"{""type"":""MultiPoint"",""coordinates"":[]}"
6_1139_0,1416,707,371,706,474,1175,3841,4622,5064,4223,3,floating_plants,MU0038_20230218,18.523297596264886,1,Mula,74.09807872633604,2023-02-18,"{""type"":""MultiPoint"",""coordinates"":[]}"
6_1140_0,1114,557,310,646,368,901,2890,3700,5268,3606,3,floating_plants,MU0039_20230218,18.52340949948096,1,Mula,74.09918387044887,2023-02-18,"{""type"":""MultiPoint"",""coordinates"":[]}"
6_1141_0,1635,712,242,704,260,1231,5072,5999,6192,6022,3,floating_plants,MU0040_20230218,18.52322638508926,1,Mula,74.09979009027772,2023-02-18,"{""type"":""MultiPoint"",""coordinates"":[]}"
6_1142_0,1656,732,324,848,353,1367,4648,5427,5308,5406,3,floating_plants,MU0041_20230218,18.523282336729732,1,Mula,74.10029974411617,2023-02-18,"{""type"":""MultiPoint"",""coordinates"":[]}"
6_1143_0,505,256,254,560,245,548,1390,1245,2043,1511,3,floating_plants,MU0042_20230218,18.523546835146085,1,Mula,74.1044520817051,2023-02-18,"{""type"":""MultiPoint"",""coordinates"":[]}"
6_1144_0,786,417,275,655,316,689,2172,2048,4208,2910,3,floating_plants,MU0043_20230218,18.523440018527182,1,Mula,74.10394779264391,2023-02-18,"{""type"":""MultiPoint"",""coordinates"":[]}"
6_1145_0,1987,1154,406,830,596,1332,2926,3351,3848,3626,1,LEV,MU0044_20230218,18.52292628046309,0,Mula,74.10314824290566,2023-02-18,"{""type"":""MultiPoint"",""coordinates"":[]}"
6_1146_0,1582,895,329,826,485,1361,3456,3659,4132,3942,1,LEV,MU0045_20230218,18.5227380790259,0,Mula,74.10057851460446,2023-02-18,"{""type"":""MultiPoint"",""coordinates"":[]}"
6_1147_0,1567,837,254,433,330,858,1979,2304,2231,2347,1,LEV,MU0046_20230218,18.5229618861171,0,Mula,74.1056482291026,2023-02-18,"{""type"":""MultiPoint"",""coordinates"":[]}"
6_1148_0,1923,1054,262,518,326,964,2206,2460,2695,2690,1,LEV,MU0047_20230218,18.522148040723174,0,Mula,74.11004180852507,2023-02-18,"{""type"":""MultiPoint"",""coordinates"":[]}"
6_1149_0,414,213,178,457,197,481,898,884,1194,1030,3,floating_plants,MU0048_20230218,18.52359770021553,1,Mula,74.11137186161969,2023-02-18,"{""type"":""MultiPoint"",""coordinates"":[]}"
6_1150_0,491,276,259,494,278,558,1072,1110,1942,965,3,floating_plants,MU0049_20230218,18.524050398344134,1,Mula,74.11211756565697,2023-02-18,"{""type"":""MultiPoint"",""coordinates"":[]}"
6_1151_0,1059,595,299,634,312,946,2179,2648,2910,2731,3,floating_plants,MU0050_20230218,18.524635343589456,1,Mula,74.1139254955891,2023-02-18,"{""type"":""MultiPoint"",""coordinates"":[]}"
6_1152_0,1088,640,223,481,234,930,1999,2029,1627,2228,3,floating_plants,MU0051_20230218,18.524508181749813,1,Mula,74.11330854620576,2023-02-18,"{""type"":""MultiPoint"",""coordinates"":[]}"
6_1153_0,996,488,288,697,304,899,3115,3466,4768,3486,3,floating_plants,MU0052_20230218,18.525576338411277,1,Mula,74.11774492925599,2023-02-18,"{""type"":""MultiPoint"",""coordinates"":[]}"
6_1154_0,703,361,313,787,327,771,1999,2083,3776,2059,3,floating_plants,MU0053_20230218,18.524721813733983,1,Mula,74.11601747098257,2023-02-18,"{""type"":""MultiPoint"",""coordinates"":[]}"
6_1155_0,1017,517,335,780,456,1078,2808,3112,4333,3377,3,floating_plants,MU0054_20230218,18.52861800532276,1,Mula,74.12102266626304,2023-02-18,"{""type"":""MultiPoint"",""coordinates"":[]}"
6_1156_0,1010,582,274,591,288,1039,2483,2712,3184,3197,3,floating_plants,MU0055_20230218,18.52806867791785,1,Mula,74.12036268874134,2023-02-18,"{""type"":""MultiPoint"",""coordinates"":[]}"
6_1157_0,1209,775,531,830,738,1162,2342,2463,2944,2544,1,LEV,MU0056_20230218,18.52747865803124,0,Mula,74.11943458227769,2023-02-18,"{""type"":""MultiPoint"",""coordinates"":[]}"
6_1158_0,1595,1077,661,932,1010,1304,2429,2829,2544,2866,1,LEV,MU0057_20230218,18.52986415707569,0,Mula,74.12197205761554,2023-02-18,"{""type"":""MultiPoint"",""coordinates"":[]}"
6_1159_0,1659,1055,470,854,696,1414,2872,3492,3931,3237,1,LEV,MU0058_20230218,18.530718656050603,0,Mula,74.12308256650559,2023-02-18,"{""type"":""MultiPoint"",""coordinates"":[]}"
6_1160_0,2012,1036,277,720,354,1277,4258,4795,4952,4738,1,LEV,MU0059_20230218,18.533577127850005,0,Mula,74.12286248311648,2023-02-18,"{""type"":""MultiPoint"",""coordinates"":[]}"
6_1161_0,1201,610,378,882,407,1262,3283,3734,4432,3858,3,floating_plants,MU0060_20230218,18.543144013906243,1,Mula,74.13045344535122,2023-02-18,"{""type"":""MultiPoint"",""coordinates"":[]}"
6_1162_0,1014,483,374,886,396,1008,2669,2853,4227,2994,3,floating_plants,MU0061_20230218,18.54256421794385,1,Mula,74.13036760891531,2023-02-18,"{""type"":""MultiPoint"",""coordinates"":[]}"
6_1163_0,810,421,326,754,366,952,1855,2123,3077,2120,3,floating_plants,MU0062_20230218,18.541262212821582,1,Mula,74.12631183731682,2023-02-18,"{""type"":""MultiPoint"",""coordinates"":[]}"
6_1164_0,1269,646,344,852,379,1225,3206,3335,4103,3625,3,floating_plants,MU0063_20230218,18.540245014109342,1,Mula,74.13212684418964,2023-02-18,"{""type"":""MultiPoint"",""coordinates"":[]}"
6_1165_0,1054,516,378,808,406,1000,2302,2611,3687,2627,3,floating_plants,MU0064_20230218,18.53901419593952,1,Mula,74.13344657939233,2023-02-18,"{""type"":""MultiPoint"",""coordinates"":[]}"
6_1166_0,1151,541,338,852,367,1203,3239,3585,4544,3556,3,floating_plants,MU0065_20230218,18.535423410946567,1,Mula,74.13593562409683,2023-02-18,"{""type"":""MultiPoint"",""coordinates"":[]}"
6_1167_0,1543,756,333,822,378,1329,3440,3676,3876,3745,3,floating_plants,MU0066_20230218,18.53028632093161,1,Mula,74.13988412026653,2023-02-18,"{""type"":""MultiPoint"",""coordinates"":[]}"
6_1168_0,1470,697,331,797,362,1302,3532,3820,3872,3927,3,floating_plants,MU0067_20230218,18.53189358530437,1,Mula,74.1385107372914,2023-02-18,"{""type"":""MultiPoint"",""coordinates"":[]}"
6_1169_0,1007,630,220,510,425,746,1490,1818,2299,1661,1,LEV,MU0068_20230218,18.54370346430315,0,Mula,73.89111438302312,2023-02-18,"{""type"":""MultiPoint"",""coordinates"":[]}"
6_1170_0,1072,754,479,720,797,920,1441,1424,2133,1449,1,LEV,MU0069_20230218,18.543581402558612,0,Mula,73.89206931337304,2023-02-18,"{""type"":""MultiPoint"",""coordinates"":[]}"
6_1171_0,645,513,708,747,794,589,914,950,1400,911,1,LEV,MU0070_20230218,18.542696452302092,0,Mula,73.89498775219525,2023-02-18,"{""type"":""MultiPoint"",""coordinates"":[]}"
6_1172_0,1914,1457,656,870,1100,1206,1612,1827,1785,1872,1,LEV,MU0071_20230218,18.54169960629239,0,Mula,73.8955456890289,2023-02-18,"{""type"":""MultiPoint"",""coordinates"":[]}"
6_1173_0,943,771,730,956,1018,939,1246,1221,1742,1044,1,LEV,MU0072_20230218,18.54154702730818,0,Mula,73.89877528493138,2023-02-18,"{""type"":""MultiPoint"",""coordinates"":[]}"
6_1174_0,617,437,528,768,661,661,1212,1256,1898,931,1,LEV,MU0073_20230218,18.544079820799706,0,Mula,73.88805645999254,2023-02-18,"{""type"":""MultiPoint"",""coordinates"":[]}"
6_1175_0,818,727,585,780,910,861,757,733,943,920,1,LEV,MU0074_20230218,18.541414791935047,0,Mula,73.90443982443419,2023-02-18,"{""type"":""MultiPoint"",""coordinates"":[]}"
6_1176_0,2176,2023,902,1110,1484,1681,1754,1795,1759,1760,1,LEV,MU0075_20230218,18.541007913662604,0,Mula,73.91144622351838,2023-02-18,"{""type"":""MultiPoint"",""coordinates"":[]}"
6_1177_0,1869,1124,304,620,540,1164,2741,3097,2427,3008,1,LEV,MU0076_20230218,18.542726967761237,0,Mula,73.91158570772676,2023-02-18,"{""type"":""MultiPoint"",""coordinates"":[]}"
6_1178_0,2470,2277,1722,1888,1974,2142,2119,2306,2315,2266,1,LEV,MU0077_20230218,18.538668344790555,0,Mula,73.90791620009006,2023-02-18,"{""type"":""MultiPoint"",""coordinates"":[]}"
6_1179_0,2048,1844,907,1162,1456,1639,1666,1663,1718,1635,1,LEV,MU0078_20230218,18.542157342284053,0,Mula,73.9016608698204,2023-02-18,"{""type"":""MultiPoint"",""coordinates"":[]}"
6_1180_0,1702,988,274,740,376,1337,3848,4304,4680,4284,3,floating_plants,MU0079_20230218,18.541669090363197,1,Mula,73.90368875561964,2023-02-18,"{""type"":""MultiPoint"",""coordinates"":[]}"
6_1181_0,1390,663,175,530,243,927,3784,4691,5574,4723,3,floating_plants,MU0080_20230218,18.53946176720714,1,Mula,73.91928852779316,2023-02-18,"{""type"":""MultiPoint"",""coordinates"":[]}"
6_1182_0,1502,665,146,483,215,950,4188,5192,5568,5228,3,floating_plants,MU0081_20230218,18.539248153792943,1,Mula,73.91854818853314,2023-02-18,"{""type"":""MultiPoint"",""coordinates"":[]}"
6_1183_0,1827,1153,235,592,331,1240,3734,4508,5403,4583,3,floating_plants,MU0082_20230218,18.539695724449565,1,Mula,73.91646665496143,2023-02-18,"{""type"":""MultiPoint"",""coordinates"":[]}"
6_1184_0,1535,926,290,618,435,1077,3322,3924,4692,4198,3,floating_plants,MU0083_20230218,18.53996019746826,1,Mula,73.91524348574914,2023-02-18,"{""type"":""MultiPoint"",""coordinates"":[]}"
6_1185_0,1399,827,276,646,357,1087,2870,3048,3380,3155,3,floating_plants,MU0084_20230218,18.536857699682088,1,Mula,73.92835454369772,2023-02-18,"{""type"":""MultiPoint"",""coordinates"":[]}"
6_1186_0,1558,788,236,624,300,1063,3749,4472,5312,4693,3,floating_plants,MU0085_20230218,18.537925779025542,1,Mula,73.92891248053141,2023-02-18,"{""type"":""MultiPoint"",""coordinates"":[]}"
6_1187_0,1465,673,180,560,240,1040,4383,5511,5283,5367,3,floating_plants,MU0086_20230218,18.538332664638272,1,Mula,73.92739961334784,2023-02-18,"{""type"":""MultiPoint"",""coordinates"":[]}"
6_1188_0,1114,594,312,610,372,834,3194,3791,4716,3787,3,floating_plants,MU0087_20230218,18.53894299124061,1,Mula,73.92509275913176,2023-02-18,"{""type"":""MultiPoint"",""coordinates"":[]}"
6_1189_0,1091,553,266,628,335,924,2462,2806,3427,2791,3,floating_plants,MU0088_20230218,18.538759893284425,1,Mula,73.94071412404293,2023-02-18,"{""type"":""MultiPoint"",""coordinates"":[]}"
6_1190_0,1501,693,179,584,263,991,4030,4736,5167,4818,3,floating_plants,MU0089_20230218,18.536694943943935,1,Mula,73.93473776219014,2023-02-18,"{""type"":""MultiPoint"",""coordinates"":[]}"
6_1191_0,621,366,307,601,350,660,1379,1849,2598,1681,3,floating_plants,MU0090_20230218,18.535138586323594,1,Mula,73.9376883896758,2023-02-18,"{""type"":""MultiPoint"",""coordinates"":[]}"
6_1192_0,284,198,221,456,244,463,737,787,1349,701,3,floating_plants,MU0091_20230218,18.535809958015943,1,Mula,73.93744160992244,2023-02-18,"{""type"":""MultiPoint"",""coordinates"":[]}"
6_1193_0,608,336,307,598,348,647,1404,1583,2779,1426,3,floating_plants,MU0092_20230218,18.535708235201795,1,Mula,73.93952314349416,2023-02-18,"{""type"":""MultiPoint"",""coordinates"":[]}"
6_1194_0,1420,872,221,614,288,1081,3248,3663,3604,3338,3,floating_plants,MU0093_20230218,18.53638977690029,1,Mula,73.93802100586511,2023-02-18,"{""type"":""MultiPoint"",""coordinates"":[]}"
6_1195_0,1465,769,202,532,229,1030,3168,3918,3659,3804,3,floating_plants,MU0094_20230218,18.53805801675156,1,Mula,73.9402634827542,2023-02-18,"{""type"":""MultiPoint"",""coordinates"":[]}"
6_1196_0,1506,1140,253,484,494,953,1398,1564,2009,1654,1,LEV,MU0095_20230218,18.543642433455155,0,Mula,73.94275234856869,2023-02-18,"{""type"":""MultiPoint"",""coordinates"":[]}"
6_1197_0,1375,1005,531,708,755,838,1327,1556,1348,1631,1,LEV,MU0096_20230218,18.542289577095765,0,Mula,73.94187252510025,2023-02-18,"{""type"":""MultiPoint"",""coordinates"":[]}"
6_1198_0,1757,1428,748,924,1188,1214,1566,1675,1708,1741,1,LEV,MU0097_20230218,18.546480345659266,0,Mula,73.95043462983978,2023-02-18,"{""type"":""MultiPoint"",""coordinates"":[]}"
6_1199_0,1504,926,277,724,351,1101,2866,2942,4508,3148,3,floating_plants,MU0098_20230218,18.54378483895354,1,Mula,73.94461891746498,2023-02-18,"{""type"":""MultiPoint"",""coordinates"":[]}"
6_1200_0,1023,510,361,788,402,1092,2664,3141,3608,2994,3,floating_plants,MU0099_20230218,18.544262912939303,1,Mula,73.96534734268762,2023-02-18,"{""type"":""MultiPoint"",""coordinates"":[]}"
6_1201_0,717,418,294,686,386,798,1688,1804,3042,1865,3,floating_plants,MU0100_20230218,18.54581918743829,1,Mula,73.96140959618853,2023-02-18,"{""type"":""MultiPoint"",""coordinates"":[]}"
6_1202_0,1329,894,289,593,361,1052,1691,1829,1842,1928,3,floating_plants,MU0101_20230218,18.543021951743768,1,Mula,73.96601228050834,2023-02-18,"{""type"":""MultiPoint"",""coordinates"":[]}"
6_1203_0,1035,589,350,850,444,973,1968,1996,3591,2127,3,floating_plants,MU0102_20230218,18.539634692240405,1,Mula,73.97347978892583,2023-02-18,"{""type"":""MultiPoint"",""coordinates"":[]}"
6_1204_0,1064,452,198,552,198,808,3248,4163,5591,4043,3,floating_plants,MU0103_20230218,18.517570087901678,1,Mula,73.99180452309243,2023-02-18,"{""type"":""MultiPoint"",""coordinates"":[]}"
6_1205_0,1317,640,217,511,240,922,3344,3654,4751,3499,3,floating_plants,MU0104_20230218,18.51641032051505,1,Mula,73.99158993200257,2023-02-18,"{""type"":""MultiPoint"",""coordinates"":[]}"
6_1206_0,1845,818,332,748,366,1299,4297,5124,5604,5493,3,floating_plants,MU0105_20230218,18.50759990014546,1,Mula,73.99897143874433,2023-02-18,"{""type"":""MultiPoint"",""coordinates"":[]}"
6_1207_0,1998,907,400,838,460,1393,4493,5352,5824,5680,3,floating_plants,MU0106_20230218,18.50724381130021,1,Mula,73.9998727213218,2023-02-18,"{""type"":""MultiPoint"",""coordinates"":[]}"
6_1208_0,1866,781,285,788,353,1291,4970,5933,6291,6219,3,floating_plants,MU0107_20230218,18.506450239208604,1,Mula,73.99991563953972,2023-02-18,"{""type"":""MultiPoint"",""coordinates"":[]}"
6_1209_0,1822,833,393,896,437,1422,4311,4983,5308,4976,3,floating_plants,MU0108_20230218,18.50612467010675,1,Mula,73.9981881812663,2023-02-18,"{""type"":""MultiPoint"",""coordinates"":[]}"
6_1210_0,2046,1012,446,1000,538,1602,4254,4824,5532,5297,3,floating_plants,MU0109_20230218,18.50587031881505,1,Mula,74.0001195010751,2023-02-18,"{""type"":""MultiPoint"",""coordinates"":[]}"
6_1211_0,1714,751,353,812,381,1358,4351,4914,5116,5243,3,floating_plants,MU0110_20230218,18.50646041323306,1,Mula,73.9991538411707,2023-02-18,"{""type"":""MultiPoint"",""coordinates"":[]}"
6_1212_0,1611,678,306,764,330,1283,4657,5630,5754,5704,3,floating_plants,MU0111_20230218,18.50703015763747,1,Mula,73.99898216829882,2023-02-18,"{""type"":""MultiPoint"",""coordinates"":[]}"
6_1213_0,1718,770,385,922,420,1523,4205,4624,4544,4748,3,floating_plants,MU0112_20230218,18.50587031881505,1,Mula,73.99877830676346,2023-02-18,"{""type"":""MultiPoint"",""coordinates"":[]}"
6_1214_0,1534,743,375,678,416,1003,3356,4308,4096,4375,3,floating_plants,MU0113_20230218,18.507711813555037,1,Mula,74.00890637685717,2023-02-18,"{""type"":""MultiPoint"",""coordinates"":[]}"
6_1215_0,1499,678,239,583,265,963,3883,4583,5132,5013,3,floating_plants,MU0114_20230218,18.507365898913232,1,Mula,74.00691067972143,2023-02-18,"{""type"":""MultiPoint"",""coordinates"":[]}"
6_1216_0,1457,682,277,638,281,1092,3669,4638,5312,4629,3,floating_plants,MU0115_20230218,18.507579552156887,1,Mula,74.01047289181321,2023-02-18,"{""type"":""MultiPoint"",""coordinates"":[]}"
6_1217_0,950,418,253,522,238,747,2478,3263,4540,2964,3,floating_plants,MU0116_20230218,18.505158133113245,1,Mula,74.01029048938683,2023-02-18,"{""type"":""MultiPoint"",""coordinates"":[]}"
6_1218_0,1210,575,279,646,273,940,3304,3951,5548,3788,3,floating_plants,MU0117_20230218,18.497893669627008,1,Mula,74.02130887326506,2023-02-18,"{""type"":""MultiPoint"",""coordinates"":[]}"
6_1219_0,1019,430,320,726,348,1001,2416,2829,3721,2615,3,floating_plants,MU0118_20230218,18.49563490835818,1,Mula,74.0227144449037,2023-02-18,"{""type"":""MultiPoint"",""coordinates"":[]}"
6_1220_0,689,421,427,638,549,736,1225,1401,2117,1440,1,LEV,MU0119_20230218,18.497191625605392,0,Mula,74.02878694168666,2023-02-18,"{""type"":""MultiPoint"",""coordinates"":[]}"
6_1221_0,1721,853,347,657,622,1052,3726,4503,4014,4808,1,LEV,MU0120_20230218,18.498565187711982,0,Mula,74.02896934411304,2023-02-18,"{""type"":""MultiPoint"",""coordinates"":[]}"
6_1222_0,1383,915,882,995,1078,1157,2059,2185,2596,2322,1,LEV,MU0121_20230218,18.49936897079801,0,Mula,74.0303534566427,2023-02-18,"{""type"":""MultiPoint"",""coordinates"":[]}"
6_1223_0,2022,1342,580,848,1112,1415,2142,2415,2234,2581,1,LEV,MU0122_20230218,18.501241058548647,0,Mula,74.03121182100217,2023-02-18,"{""type"":""MultiPoint"",""coordinates"":[]}"
6_1224_0,932,561,293,428,353,812,1653,1641,1189,1978,1,LEV,MU0123_20230218,18.49827012692792,0,Mula,74.02946303724845,2023-02-18,"{""type"":""MultiPoint"",""coordinates"":[]}"
6_1225_0,1666,1131,592,954,1090,1295,1918,2291,2714,2124,1,LEV,MU0124_20230218,18.497049181273646,0,Mula,74.02665189397116,2023-02-18,"{""type"":""MultiPoint"",""coordinates"":[]}"
6_1226_0,1804,1146,600,916,988,1367,1948,2070,2314,2266,1,LEV,MU0125_20230218,18.50226866353151,0,Mula,74.03139408477081,2023-02-18,"{""type"":""MultiPoint"",""coordinates"":[]}"
6_1227_0,1674,983,554,857,874,1225,3095,3544,3116,3810,1,LEV,MU0126_20230218,18.50396775873649,0,Mula,74.03433398270198,2023-02-18,"{""type"":""MultiPoint"",""coordinates"":[]}"
6_1228_0,1268,591,273,714,311,1209,4419,5497,5596,5291,3,floating_plants,MU0127_20230218,18.50410002309916,1,Mula,74.03288554313578,2023-02-18,"{""type"":""MultiPoint"",""coordinates"":[]}"
6_1229_0,1309,613,324,792,352,1234,4265,5335,5265,5268,3,floating_plants,MU0128_20230218,18.50305208095476,1,Mula,74.0323812540746,2023-02-18,"{""type"":""MultiPoint"",""coordinates"":[]}"
6_1230_0,1700,790,348,858,421,1311,4329,5504,5392,5386,3,floating_plants,MU0129_20230218,18.505198829293924,1,Mula,74.03513862457189,2023-02-18,"{""type"":""MultiPoint"",""coordinates"":[]}"
6_1231_0,1543,718,264,710,339,1188,3970,4545,5375,4815,3,floating_plants,MU0130_20230218,18.499333360223368,1,Mula,74.03098609695724,2023-02-18,"{""type"":""MultiPoint"",""coordinates"":[]}"
6_1232_0,592,338,292,584,392,642,1397,1578,2604,1539,1,LEV,MU0131_20230218,18.503372568661124,0,Mula,74.0332016439911,2023-02-18,"{""type"":""MultiPoint"",""coordinates"":[]}"
6_1233_0,1481,770,529,864,689,1231,3545,3900,3940,4109,1,LEV,MU0132_20230218,18.504649426962054,0,Mula,74.0342477755542,2023-02-18,"{""type"":""MultiPoint"",""coordinates"":[]}"
6_1234_0,616,330,223,468,278,604,1035,1610,2230,1348,1,LEV,MU0133_20230218,18.505346353570854,0,Mula,74.03387760592422,2023-02-18,"{""type"":""MultiPoint"",""coordinates"":[]}"
6_1235_0,649,341,247,534,280,613,1782,1728,3604,1867,1,LEV,MU0134_20230218,18.50482747417574,0,Mula,74.0335932727301,2023-02-18,"{""type"":""MultiPoint"",""coordinates"":[]}"
6_1236_0,1649,1152,422,573,798,1145,1518,1843,1528,2056,1,LEV,MU0135_20230218,18.506206062251106,0,Mula,74.03457001062942,2023-02-18,"{""type"":""MultiPoint"",""coordinates"":[]}"
6_1237_0,1301,965,600,788,994,1108,1610,1607,1503,1791,1,LEV,MU0136_20230218,18.509970415790406,0,Mula,74.03634027073453,2023-02-18,"{""type"":""MultiPoint"",""coordinates"":[]}"
6_1238_0,549,273,206,454,199,529,1158,1406,2746,1287,1,LEV,MU0137_20230218,18.509227725646504,0,Mula,74.03596473632729,2023-02-18,"{""type"":""MultiPoint"",""coordinates"":[]}"
6_1239_0,773,346,216,488,237,612,2083,2290,3256,2077,1,LEV,MU0138_20230218,18.51096744680631,0,Mula,74.03602911365422,2023-02-18,"{""type"":""MultiPoint"",""coordinates"":[]}"
6_1240_0,728,352,271,496,325,693,1556,2014,3112,1904,1,LEV,MU0139_20230218,18.507559204528924,0,Mula,74.03595400677278,2023-02-18,"{""type"":""MultiPoint"",""coordinates"":[]}"
6_1241_0,1271,809,244,630,302,1063,2805,3711,4888,3217,3,floating_plants,MU0140_20230218,18.526135846530458,1,Mula,74.04041724711647,2023-02-18,"{""type"":""MultiPoint"",""coordinates"":[]}"
6_1242_0,1496,1000,369,773,462,1264,2654,2750,3732,2872,3,floating_plants,MU0141_20230218,18.528984222219474,1,Mula,74.03717703948259,2023-02-18,"{""type"":""MultiPoint"",""coordinates"":[]}"
6_1243_0,1553,825,285,735,351,1252,3175,3548,3728,3577,3,floating_plants,MU0142_20230218,18.534507901162247,1,Mula,74.03676946871981,2023-02-18,"{""type"":""MultiPoint"",""coordinates"":[]}"
6_1244_0,1546,847,295,702,332,1235,3216,3836,4120,3674,3,floating_plants,MU0143_20230218,18.53520979227741,1,Mula,74.0369304120372,2023-02-18,"{""type"":""MultiPoint"",""coordinates"":[]}"
6_1245_0,622,305,209,476,229,801,1588,1685,1832,1534,3,floating_plants,MU0144_20230218,18.53592185295273,1,Mula,74.03986997158609,2023-02-18,"{""type"":""MultiPoint"",""coordinates"":[]}"
6_1246_0,503,242,167,357,190,575,1080,1171,1330,1155,3,floating_plants,MU0145_20230218,18.535738751963567,1,Mula,74.04085709059946,2023-02-18,"{""type"":""MultiPoint"",""coordinates"":[]}"
6_1247_0,516,249,208,506,236,615,1054,1137,1828,1104,3,floating_plants,MU0146_20230218,18.535667545970362,1,Mula,74.04174764362243,2023-02-18,"{""type"":""MultiPoint"",""coordinates"":[]}"
6_1248_0,853,520,213,474,250,791,1581,1821,1716,1822,3,floating_plants,MU0147_20230218,18.53625753758997,1,Mula,74.0387111797008,2023-02-18,"{""type"":""MultiPoint"",""coordinates"":[]}"
6_1249_0,1350,741,173,358,186,877,2459,3214,2383,3250,3,floating_plants,MU0148_20230218,18.535687890542867,1,Mula,74.03732706717113,2023-02-18,"{""type"":""MultiPoint"",""coordinates"":[]}"
6_1250_0,898,434,295,742,323,1088,2582,2599,3344,2721,3,floating_plants,MU0149_20230218,18.532503934958722,1,Mula,74.04683248256666,2023-02-18,"{""type"":""MultiPoint"",""coordinates"":[]}"
6_1251_0,957,430,299,820,333,979,2710,2838,4111,3012,3,floating_plants,MU0150_20230218,18.529228366568972,1,Mula,74.04940757564506,2023-02-18,"{""type"":""MultiPoint"",""coordinates"":[]}"
6_1252_0,1036,482,313,764,351,1122,3147,3291,4065,3281,3,floating_plants,MU0151_20230218,18.528719732307056,1,Mula,74.04993332381522,2023-02-18,"{""type"":""MultiPoint"",""coordinates"":[]}"
6_1253_0,1091,523,324,784,345,1013,2653,2812,4312,3059,3,floating_plants,MU0152_20230218,18.528027987282293,1,Mula,74.05068439262976,2023-02-18,"{""type"":""MultiPoint"",""coordinates"":[]}"
6_1254_0,806,428,201,378,213,629,1274,1350,1160,1388,3,floating_plants,MU0153_20230218,18.53131375142647,1,Mula,74.0476160827376,2023-02-18,"{""type"":""MultiPoint"",""coordinates"":[]}"
6_1255_0,1435,708,302,764,375,1193,4221,5126,5744,5303,3,floating_plants,MU0154_20230218,18.495553510912682,1,Mula,74.02818612543044,2023-02-18,"{""type"":""MultiPoint"",""coordinates"":[]}"
6_1256_0,846,451,230,452,242,732,2396,2688,1579,2881,3,floating_plants,MU0155_20230218,18.495431414802336,1,Mula,74.02591145987785,2023-02-18,"{""type"":""MultiPoint"",""coordinates"":[]}"
6_1257_0,1402,761,240,479,350,734,2180,2607,2695,2710,1,LEV,MU0156_20230218,18.499674203860454,0,Mula,74.0248717089574,2023-02-18,"{""type"":""MultiPoint"",""coordinates"":[]}"
6_1258_0,1426,816,355,620,503,901,1996,2325,2621,2589,1,LEV,MU0157_20230218,18.495095650313782,0,Mula,74.03768279702248,2023-02-18,"{""type"":""MultiPoint"",""coordinates"":[]}"
6_1259_0,1482,855,284,570,482,939,1921,2250,2359,2409,1,LEV,MU0159_20230218,18.501912563785005,0,Mula,74.00701841854001,2023-02-18,"{""type"":""MultiPoint"",""coordinates"":[]}"
6_1260_0,1362,1142,310,434,654,784,871,924,1050,1113,1,LEV,MU0160_20230218,18.497883495789974,0,Mula,74.00779094646352,2023-02-18,"{""type"":""MultiPoint"",""coordinates"":[]}"
6_1261_0,1924,1452,486,681,836,1120,1740,1963,1520,2076,1,LEV,MU0161_20230218,18.50604327749185,0,Mula,74.02281232275423,2023-02-18,"{""type"":""MultiPoint"",""coordinates"":[]}"
6_1262_0,3081,2173,784,1108,1610,1690,2115,2361,2781,2740,1,LEV,MU0162_20230218,18.51184238787564,0,Mula,74.01304848420313,2023-02-18,"{""type"":""MultiPoint"",""coordinates"":[]}"
6_1263_0,1797,1100,344,569,594,999,1868,2240,2328,2334,1,LEV,MU0163_20230218,18.513327742245504,0,Mula,74.02298405166397,2023-02-18,"{""type"":""MultiPoint"",""coordinates"":[]}"
6_1264_0,1507,1324,351,494,632,858,1009,1024,955,1161,1,LEV,MU0164_20230218,18.51224933556069,0,Mula,73.99920735890667,2023-02-18,"{""type"":""MultiPoint"",""coordinates"":[]}"
6_1265_0,1338,740,310,558,439,826,1942,2380,2609,2516,1,LEV,MU0165_20230218,18.508749553797948,0,Mula,74.03173872872446,2023-02-18,"{""type"":""MultiPoint"",""coordinates"":[]}"
6_1266_0,1845,1002,360,572,514,878,2400,2659,2576,2889,1,LEV,MU0166_20230218,18.50929894272384,0,Mula,74.04680190247643,2023-02-18,"{""type"":""MultiPoint"",""coordinates"":[]}"
6_1267_0,142,94,58,191,62,235,189,136,145,103,2,open_water,MU0167_20230218,18.515382801005778,0,Mula,74.03796058289726,2023-02-18,"{""type"":""MultiPoint"",""coordinates"":[]}"
6_1268_0,159,106,68,163,76,236,183,153,166,125,2,open_water,MU0168_20230218,18.518048235594993,0,Mula,74.03892624280165,2023-02-18,"{""type"":""MultiPoint"",""coordinates"":[]}"
6_1269_0,112,111,57,168,74,220,130,118,118,111,2,open_water,MU0169_20230218,18.52144609580477,0,Mula,74.04075026706552,2023-02-18,"{""type"":""MultiPoint"",""coordinates"":[]}"
6_1270_0,96,85,160,289,149,335,198,163,175,143,2,open_water,MU0170_20230218,18.50671476365557,0,Mula,74.00246866499573,2023-02-18,"{""type"":""MultiPoint"",""coordinates"":[]}"
6_1271_0,97,93,122,271,118,326,178,185,128,150,2,open_water,MU0171_20230218,18.505534574538977,0,Mula,74.0065673548122,2023-02-18,"{""type"":""MultiPoint"",""coordinates"":[]}"
6_1272_0,131,102,155,274,141,342,234,198,187,130,2,open_water,MU0172_20230218,18.506409543112376,0,Mula,74.0125329871105,2023-02-18,"{""type"":""MultiPoint"",""coordinates"":[]}"
6_1273_0,122,91,91,209,107,304,211,176,177,148,2,open_water,MU0173_20230218,18.501607334930373,0,Mula,74.01787630524822,2023-02-18,"{""type"":""MultiPoint"",""coordinates"":[]}"
6_1274_0,136,132,123,280,134,353,196,189,174,153,2,open_water,MU0174_20230218,18.507854249543463,0,Mula,73.99392999002909,2023-02-18,"{""type"":""MultiPoint"",""coordinates"":[]}"
6_1275_0,111,91,157,282,135,320,137,176,151,97,2,open_water,MU0175_20230218,18.51259524052501,0,Mula,73.99195575200231,2023-02-18,"{""type"":""MultiPoint"",""coordinates"":[]}"
6_1276_0,183,119,146,291,149,353,211,232,171,179,2,open_water,MU0176_20230218,18.5298082078503,0,Mula,73.98075439166908,2023-02-18,"{""type"":""MultiPoint"",""coordinates"":[]}"
6_1277_0,105,117,154,313,151,349,200,182,193,143,2,open_water,MU0177_20230218,18.526105328390475,0,Mula,73.98734233812799,2023-02-18,"{""type"":""MultiPoint"",""coordinates"":[]}"
6_1278_0,197,168,195,332,194,377,268,270,227,164,2,open_water,MU0178_20230218,18.541872529105362,0,Mula,73.97161336443476,2023-02-18,"{""type"":""MultiPoint"",""coordinates"":[]}"
6_1279_0,138,132,86,188,89,243,145,170,127,111,2,open_water,MU0179_20230218,18.527671940731494,0,Mula,74.05439676963097,2023-02-18,"{""type"":""MultiPoint"",""coordinates"":[]}"
6_1280_0,150,126,96,160,94,236,165,172,146,148,2,open_water,MU0180_20230218,18.527224338585945,0,Mula,74.05716499469027,2023-02-18,"{""type"":""MultiPoint"",""coordinates"":[]}"
6_1281_0,156,122,106,197,103,260,162,174,150,137,2,open_water,MU0181_20230218,18.52494561819643,0,Mula,74.04091078650698,2023-02-18,"{""type"":""MultiPoint"",""coordinates"":[]}"
6_1282_0,161,125,73,204,101,248,147,182,159,143,2,open_water,MU0182_20230218,18.536064264677478,0,Mula,74.04143653683249,2023-02-18,"{""type"":""MultiPoint"",""coordinates"":[]}"
6_1283_0,154,126,91,191,83,255,192,176,141,150,2,open_water,MU0183_20230218,18.53532168784692,0,Mula,74.0443013278822,2023-02-18,"{""type"":""MultiPoint"",""coordinates"":[]}"
6_1284_0,228,162,71,179,110,216,144,157,186,127,2,open_water,MU0184_20230218,18.529370783928343,0,Mula,74.06487865423153,2023-02-18,"{""type"":""MultiPoint"",""coordinates"":[]}"
6_1285_0,184,134,108,200,121,265,188,223,183,152,2,open_water,MU0185_20230218,18.530042178277448,0,Mula,74.06801168414356,2023-02-18,"{""type"":""MultiPoint"",""coordinates"":[]}"
6_1286_0,157,105,64,168,89,204,176,149,130,131,2,open_water,MU0186_20230218,18.536959421688756,0,Mula,74.07281827813382,2023-02-18,"{""type"":""MultiPoint"",""coordinates"":[]}"
6_1287_0,150,126,87,161,84,207,132,166,115,168,2,open_water,MU0187_20230218,18.536745805323733,0,Mula,74.08281711222301,2023-02-18,"{""type"":""MultiPoint"",""coordinates"":[]}"
6_1288_0,216,165,104,186,123,236,225,164,172,125,2,open_water,MU0188_20230218,18.537681647247236,0,Mula,74.08215187984439,2023-02-18,"{""type"":""MultiPoint"",""coordinates"":[]}"
6_1289_0,752,558,167,550,242,648,415,446,296,360,2,open_water,MU0189_20230218,18.540224670063203,0,Mula,74.09229130884064,2023-02-18,"{""type"":""MultiPoint"",""coordinates"":[]}"
6_1290_0,159,126,125,215,128,274,182,218,179,165,2,open_water,MU0190_20230218,18.529584409674758,0,Mula,74.08848203321415,2023-02-18,"{""type"":""MultiPoint"",""coordinates"":[]}"
6_1291_0,157,103,113,200,125,247,175,199,178,169,2,open_water,MU0191_20230218,18.53175117016149,0,Mula,74.08704427291201,2023-02-18,"{""type"":""MultiPoint"",""coordinates"":[]}"
6_1292_0,130,111,104,190,110,206,157,154,145,136,2,open_water,MU0192_20230218,18.527326066263885,0,Mula,74.09131452783532,2023-02-18,"{""type"":""MultiPoint"",""coordinates"":[]}"
6_1293_0,138,104,99,183,98,215,115,139,105,115,2,open_water,MU0193_20230218,18.52538305361328,0,Mula,74.09340679096152,2023-02-18,"{""type"":""MultiPoint"",""coordinates"":[]}"
6_1294_0,160,118,75,159,80,203,116,167,110,105,2,open_water,MU0194_20230218,18.524202993268403,0,Mula,74.09623939334776,2023-02-18,"{""type"":""MultiPoint"",""coordinates"":[]}"
6_1295_0,166,115,124,197,100,241,158,217,178,178,2,open_water,MU0195_20230218,18.523368807625303,0,Mula,74.10875957000687,2023-02-18,"{""type"":""MultiPoint"",""coordinates"":[]}"
6_1296_0,288,183,215,367,288,441,284,315,310,144,2,open_water,MU0196_20230218,18.531405304148823,0,Mula,74.12234251354144,2023-02-18,"{""type"":""MultiPoint"",""coordinates"":[]}"
6_1297_0,137,110,99,161,110,191,161,183,99,139,2,open_water,MU0197_20230218,18.535565823163136,0,Mula,74.12432732450414,2023-02-18,"{""type"":""MultiPoint"",""coordinates"":[]}"
6_1298_0,122,103,113,169,113,193,155,152,132,107,2,open_water,MU0198_20230218,18.537956295278576,0,Mula,74.12491745000125,2023-02-18,"{""type"":""MultiPoint"",""coordinates"":[]}"
6_1299_0,138,89,104,187,103,172,106,111,144,102,2,open_water,MU0199_20230218,18.543581402526144,0,Mula,74.1267736392203,2023-02-18,"{""type"":""MultiPoint"",""coordinates"":[]}"
6_1300_0,126,89,136,184,112,207,151,152,131,158,2,open_water,MU0200_20230218,18.540285702453236,0,Mula,74.12561484733502,2023-02-18,"{""type"":""MultiPoint"",""coordinates"":[]}"
6_1301_0,185,130,116,199,116,204,171,170,179,170,2,open_water,MU0201_20230218,18.53818008251047,0,Mula,74.13509889701793,2023-02-18,"{""type"":""MultiPoint"",""coordinates"":[]}"
7_1302_0,1464,663,562,1274,510,1614,3601,3624,4317,3634,3,floating_plants,MU0001_20221220,18.503642185164637,1,Mula,74.03261759092852,2022-12-20,"{""type"":""MultiPoint"",""coordinates"":[]}"
7_1303_0,1680,765,554,1214,492,1808,4443,4785,4752,4805,3,floating_plants,MU0002_20221220,18.503133474826512,1,Mula,74.03227424518471,2022-12-20,"{""type"":""MultiPoint"",""coordinates"":[]}"
7_1304_0,1772,752,516,1046,464,1658,4771,5279,5179,5140,3,floating_plants,MU0003_20221220,18.50439507369099,1,Mula,74.03450599251934,2022-12-20,"{""type"":""MultiPoint"",""coordinates"":[]}"
7_1305_0,1706,783,648,995,605,1440,4130,4583,4580,4670,3,floating_plants,MU0004_20221220,18.49548228845592,1,Mula,74.02585831931965,2022-12-20,"{""type"":""MultiPoint"",""coordinates"":[]}"
7_1306_0,1160,502,534,912,500,1163,2528,3068,3560,2691,3,floating_plants,MU0005_20221220,18.49491250562606,1,Mula,74.02512870961412,2022-12-20,"{""type"":""MultiPoint"",""coordinates"":[]}"
7_1307_0,1549,818,382,737,412,1235,3866,4518,5228,4829,3,floating_plants,MU0006_20221220,18.528282306028856,1,Mula,74.08903011985626,2022-12-20,"{""type"":""MultiPoint"",""coordinates"":[]}"
7_1308_0,1625,948,477,906,456,1421,2882,3355,3701,3092,3,floating_plants,MU0007_20221220,18.538108878110556,1,Mula,74.07956715569678,2022-12-20,"{""type"":""MultiPoint"",""coordinates"":[]}"
7_1309_0,1733,738,469,957,429,1538,4886,5691,5420,5500,3,floating_plants,MU0008_20221220,18.523399327046562,1,Mula,74.09945854132182,2022-12-20,"{""type"":""MultiPoint"",""coordinates"":[]}"
7_1310_0,1725,828,432,770,421,1120,3486,4041,3944,4248,3,floating_plants,MU0009_20221220,18.523094136266618,1,Mula,74.10209801172718,2022-12-20,"{""type"":""MultiPoint"",""coordinates"":[]}"
7_1311_0,1746,850,424,756,414,1144,3373,3810,4036,4001,3,floating_plants,MU0010_20221220,18.523053444121476,1,Mula,74.1032138853945,2022-12-20,"{""type"":""MultiPoint"",""coordinates"":[]}"
7_1312_0,352,207,310,398,251,531,933,784,516,715,3,floating_plants,MU0011_20221220,18.541953904473257,1,Mula,74.1264735263685,2022-12-20,"{""type"":""MultiPoint"",""coordinates"":[]}"
7_1313_0,1414,733,553,968,497,1292,3379,3862,4499,3604,3,floating_plants,MU0012_20221220,18.538434386119295,1,Mula,73.92706756184751,2022-12-20,"{""type"":""MultiPoint"",""coordinates"":[]}"
7_1314_0,1774,1199,598,978,700,1476,2951,3220,3784,3022,3,floating_plants,MU0013_20221220,18.5395940041092,1,Mula,73.91773284943825,2022-12-20,"{""type"":""MultiPoint"",""coordinates"":[]}"
7_1315_0,1335,604,470,860,424,1143,3315,3572,3916,3422,3,floating_plants,MU0014_20221220,18.57677898397628,1,Mula,73.85256624693439,2022-12-20,"{""type"":""MultiPoint"",""coordinates"":[]}"
7_1316_0,1215,529,409,640,430,1036,2991,3523,3119,3493,3,floating_plants,MU0015_20221220,18.5802366934912,1,Mula,73.85372503881969,2022-12-20,"{""type"":""MultiPoint"",""coordinates"":[]}"
7_1317_0,1797,712,442,808,399,1252,4598,5245,5340,5410,3,floating_plants,MU0016_20221220,18.57513146207667,1,Mula,73.83683764395299,2022-12-20,"{""type"":""MultiPoint"",""coordinates"":[]}"
7_1318_0,1570,669,392,740,360,1140,3739,4218,4359,4340,3,floating_plants,MU0017_20221220,18.57568063769761,1,Mula,73.83752433544053,2022-12-20,"{""type"":""MultiPoint"",""coordinates"":[]}"
7_1319_0,1311,592,403,698,359,1063,3088,3421,3428,3437,3,floating_plants,MU0018_20221220,18.57507044245406,1,Mula,73.83906939128761,2022-12-20,"{""type"":""MultiPoint"",""coordinates"":[]}"
7_1320_0,1430,614,408,697,369,1084,3287,3587,3483,3604,3,floating_plants,MU0019_20221220,18.57415514549401,1,Mula,73.84104362931438,2022-12-20,"{""type"":""MultiPoint"",""coordinates"":[]}"
7_1321_0,986,479,455,686,392,932,2455,2565,2765,2547,3,floating_plants,MU0020_20221220,18.573260183715497,1,Mula,73.8424599305075,2022-12-20,"{""type"":""MultiPoint"",""coordinates"":[]}"
7_1322_0,1272,739,527,850,492,1290,2171,2355,1473,2486,3,floating_plants,MU0021_20221220,18.568805644895853,1,Mula,73.81593848772515,2022-12-20,"{""type"":""MultiPoint"",""coordinates"":[]}"
7_1323_0,1667,836,607,1138,579,1676,3717,3902,4062,4018,3,floating_plants,MU0022_20221220,18.568419172580978,1,Mula,73.81430759544213,2022-12-20,"{""type"":""MultiPoint"",""coordinates"":[]}"
7_1324_0,2028,1118,539,988,584,1363,2872,3111,3663,3228,3,floating_plants,MU0023_20221220,18.59195170685649,1,Mula,73.82774024187549,2022-12-20,"{""type"":""MultiPoint"",""coordinates"":[]}"
7_1325_0,1566,638,412,782,406,1183,3868,4329,4440,4487,3,floating_plants,MU0024_20221220,18.57515180190211,1,Mula,73.83754602588523,2022-12-20,"{""type"":""MultiPoint"",""coordinates"":[]}"
7_1326_0,1477,642,423,748,353,1096,3422,3869,4028,3971,3,floating_plants,MU0025_20221220,18.573809365506953,1,Mula,73.84181588423304,2022-12-20,"{""type"":""MultiPoint"",""coordinates"":[]}"
7_1327_0,182,128,341,420,310,409,250,303,220,209,2,open_water,MU0026_20221220,18.571002418209897,0,Mula,73.87383126411271,2022-12-20,"{""type"":""MultiPoint"",""coordinates"":[]}"
7_1328_0,152,134,300,446,300,410,241,220,208,181,2,open_water,MU0027_20221220,18.575965394850865,0,Mula,73.88155659363827,2022-12-20,"{""type"":""MultiPoint"",""coordinates"":[]}"
7_1329_0,1685,847,3428,3356,3400,3605,3561,3456,3580,3384,2,open_water,MU0028_20221220,18.576901022396857,0,Mula,73.87031268867266,2022-12-20,"{""type"":""MultiPoint"",""coordinates"":[]}"
7_1330_0,188,124,359,421,304,401,414,388,359,301,2,open_water,MU0029_20221220,18.58074517468897,0,Mula,73.86679339479885,2022-12-20,"{""type"":""MultiPoint"",""coordinates"":[]}"
7_1331_0,178,120,356,369,269,345,314,310,260,270,2,open_water,MU0030_20221220,18.58196552236599,0,Mula,73.85417543871462,2022-12-20,"{""type"":""MultiPoint"",""coordinates"":[]}"
7_1332_0,167,122,426,435,310,400,358,358,349,333,2,open_water,MU0031_20221220,18.573280524281753,0,Mula,73.84870368059703,2022-12-20,"{""type"":""MultiPoint"",""coordinates"":[]}"
7_1333_0,126,84,352,417,330,384,244,280,258,231,2,open_water,MU0032_20221220,18.541831841793698,0,Mula,73.87640650087785,2022-12-20,"{""type"":""MultiPoint"",""coordinates"":[]}"
7_1334_0,116,102,385,412,316,366,259,294,264,249,2,open_water,MU0033_20221220,18.543703464795044,0,Mula,73.88713605537122,2022-12-20,"{""type"":""MultiPoint"",""coordinates"":[]}"
7_1335_0,105,106,396,536,358,483,268,254,234,180,2,open_water,MU0034_20221220,18.53621684974633,0,Mula,73.93228390848394,2022-12-20,"{""type"":""MultiPoint"",""coordinates"":[]}"
7_1336_0,173,130,420,526,371,524,327,320,314,249,2,open_water,MU0035_20221220,18.53971606934861,0,Mula,73.9415542435662,2022-12-20,"{""type"":""MultiPoint"",""coordinates"":[]}"
7_1337_0,1814,1213,460,704,795,907,1465,1666,1592,1847,1,LEV,MU0036_20221220,18.54431377219786,0,Mula,73.8935716758719,2022-12-20,"{""type"":""MultiPoint"",""coordinates"":[]}"
7_1338_0,871,498,439,617,474,768,1488,1739,2389,1758,1,LEV,MU0037_20221220,18.54366277754511,0,Mula,73.89099658279348,2022-12-20,"{""type"":""MultiPoint"",""coordinates"":[]}"
7_1339_0,1371,765,406,530,432,783,1819,2028,2312,2192,1,LEV,MU0038_20221220,18.54305246780476,0,Mula,73.90159738263294,2022-12-20,"{""type"":""MultiPoint"",""coordinates"":[]}"
7_1340_0,1401,684,298,385,298,583,1889,2283,2442,2357,1,LEV,MU0039_20221220,18.535118242765034,0,Mula,73.9181208965527,2022-12-20,"{""type"":""MultiPoint"",""coordinates"":[]}"
7_1341_0,2781,1491,564,862,636,1278,3140,3625,3743,3978,1,LEV,MU0040_20221220,18.527997470738082,0,Mula,73.88777771644544,2022-12-20,"{""type"":""MultiPoint"",""coordinates"":[]}"
7_1342_0,2638,1500,483,794,604,1260,2839,3231,3204,3553,1,LEV,MU0041_20221220,18.524213167231604,0,Mula,73.89018120562162,2022-12-20,"{""type"":""MultiPoint"",""coordinates"":[]}"
7_1343_0,1456,938,591,769,788,1093,1563,1745,2225,1857,1,LEV,MU0042_20221220,18.52457939370562,0,Mula,73.92661877268108,2022-12-20,"{""type"":""MultiPoint"",""coordinates"":[]}"
7_1344_0,1585,810,352,534,394,860,2355,2746,2729,2918,1,LEV,MU0043_20221220,18.52295171448429,0,Mula,73.94078178461233,2022-12-20,"{""type"":""MultiPoint"",""coordinates"":[]}"
7_1345_0,1421,1341,796,848,928,1045,1181,1305,1151,1221,1,LEV,MU0044_20221220,18.53080512374594,0,Mula,73.94091053926626,2022-12-20,"{""type"":""MultiPoint"",""coordinates"":[]}"
7_1346_0,3048,2049,596,857,1326,1678,1896,2083,2253,2427,1,LEV,MU0045_20221220,18.553956341282,0,Mula,73.97301094949911,2022-12-20,"{""type"":""MultiPoint"",""coordinates"":[]}"
7_1347_0,2862,1965,706,943,1282,1645,1924,2118,2312,2362,1,LEV,MU0046_20221220,18.544517208927765,0,Mula,73.97515686039777,2022-12-20,"{""type"":""MultiPoint"",""coordinates"":[]}"
7_1348_0,1533,690,294,428,298,696,2054,2478,2504,2659,1,LEV,MU0047_20221220,18.531700309378518,0,Mula,73.98026293286277,2022-12-20,"{""type"":""MultiPoint"",""coordinates"":[]}"
7_1349_0,1492,856,482,672,644,893,1980,2366,2118,2455,1,LEV,MU0048_20221220,18.53609478281704,0,Mula,73.99416843548619,2022-12-20,"{""type"":""MultiPoint"",""coordinates"":[]}"
7_1350_0,1404,763,428,656,498,874,2164,2627,2779,2807,1,LEV,MU0049_20221220,18.543947588175257,0,Mula,74.00129285966979,2022-12-20,"{""type"":""MultiPoint"",""coordinates"":[]}"
7_1351_0,1178,631,283,476,352,722,1485,1669,1936,1842,1,LEV,MU0050_20221220,18.531252717062294,0,Mula,73.9697905629452,2022-12-20,"{""type"":""MultiPoint"",""coordinates"":[]}"
8_1352_0,1936,874,260,713,311,1263,4764,5885,6081,6065,3,floating_plants,MU0001_20230524,18.498616060128988,1,Mula,74.01905572860677,2023-05-24,"{""type"":""MultiPoint"",""coordinates"":[]}"
8_1353_0,2192,947,341,825,291,1306,5214,6663,6668,6821,3,floating_plants,MU0002_20230524,18.498616060128988,1,Mula,74.02032181603698,2023-05-24,"{""type"":""MultiPoint"",""coordinates"":[]}"
8_1354_0,2280,989,330,818,295,1352,5476,6873,6788,7037,3,floating_plants,MU0003_20230524,18.49768000446338,1,Mula,74.020278897819,2023-05-24,"{""type"":""MultiPoint"",""coordinates"":[]}"
8_1355_0,2311,990,311,954,331,1426,5577,6976,7000,7300,3,floating_plants,MU0004_20230524,18.49770035355399,1,Mula,74.0213947714863,2023-05-24,"{""type"":""MultiPoint"",""coordinates"":[]}"
8_1356_0,2330,1038,307,886,306,1426,5514,6920,6864,7222,3,floating_plants,MU0005_20230524,18.496825340474405,1,Mula,74.02120163950542,2023-05-24,"{""type"":""MultiPoint"",""coordinates"":[]}"
8_1357_0,2192,910,322,852,326,1279,5159,6477,6488,6771,3,floating_plants,MU0006_20230524,18.49599102151422,1,Mula,74.02251064515362,2023-05-24,"{""type"":""MultiPoint"",""coordinates"":[]}"
8_1358_0,2294,992,300,838,331,1349,5319,6737,6720,6950,3,floating_plants,MU0007_20230524,18.49562473385768,1,Mula,74.02321879575017,2023-05-24,"{""type"":""MultiPoint"",""coordinates"":[]}"
8_1359_0,2288,971,290,798,311,1354,5468,6772,6756,7077,3,floating_plants,MU0008_20230524,18.495909624324895,1,Mula,74.02420591476358,2023-05-24,"{""type"":""MultiPoint"",""coordinates"":[]}"
8_1360_0,2209,973,302,784,398,1346,4871,6022,5952,6339,3,floating_plants,MU0009_20230524,18.49617416504876,1,Mula,74.02562221595672,2023-05-24,"{""type"":""MultiPoint"",""coordinates"":[]}"
8_1361_0,2304,999,342,903,381,1391,5303,6601,6526,6828,3,floating_plants,MU0010_20230524,18.495461939092227,1,Mula,74.02502136090507,2023-05-24,"{""type"":""MultiPoint"",""coordinates"":[]}"
8_1362_0,2234,1002,324,804,404,1401,4871,6034,6080,6319,3,floating_plants,MU0011_20230524,18.494932855035923,1,Mula,74.02568659328367,2023-05-24,"{""type"":""MultiPoint"",""coordinates"":[]}"
8_1363_0,2237,983,297,794,356,1323,5028,6346,6264,6690,3,floating_plants,MU0012_20230524,18.495075300904148,1,Mula,74.02418445565458,2023-05-24,"{""type"":""MultiPoint"",""coordinates"":[]}"
8_1364_0,1919,900,354,720,414,1219,3894,4845,5128,5124,3,floating_plants,MU0013_20230524,18.495421240376672,1,Mula,74.02688830338693,2023-05-24,"{""type"":""MultiPoint"",""coordinates"":[]}"
8_1365_0,2097,995,333,664,416,1209,4345,5386,5555,5803,3,floating_plants,MU0014_20230524,18.49621486358539,1,Mula,74.02894837784963,2023-05-24,"{""type"":""MultiPoint"",""coordinates"":[]}"
8_1366_0,2166,1035,364,848,388,1322,4585,5651,6256,5883,3,floating_plants,MU0015_20230524,18.498941643509028,1,Mula,74.03062218835059,2023-05-24,"{""type"":""MultiPoint"",""coordinates"":[]}"
8_1367_0,2023,957,346,775,398,1309,4320,5632,5272,5709,3,floating_plants,MU0016_20230524,18.497537560761383,1,Mula,74.02815439081714,2023-05-24,"{""type"":""MultiPoint"",""coordinates"":[]}"
8_1368_0,2084,1039,312,774,418,1298,4270,5254,5467,5561,3,floating_plants,MU0017_20230524,18.498046287724442,1,Mula,74.02860503210587,2023-05-24,"{""type"":""MultiPoint"",""coordinates"":[]}"
8_1369_0,2042,1052,438,831,445,1391,4460,5497,5605,5648,3,floating_plants,MU0018_20230524,18.498168381970714,1,Mula,74.03004279240797,2023-05-24,"{""type"":""MultiPoint"",""coordinates"":[]}"
8_1370_0,1890,905,400,830,382,1305,4702,5716,5841,5767,3,floating_plants,MU0019_20230524,18.503194519990224,1,Mula,74.03334749375506,2023-05-24,"{""type"":""MultiPoint"",""coordinates"":[]}"
8_1371_0,2012,946,324,741,384,1245,4216,5236,5192,5424,3,floating_plants,MU0020_20230524,18.50524970018424,1,Mula,74.03510702143193,2023-05-24,"{""type"":""MultiPoint"",""coordinates"":[]}"
8_1372_0,2141,936,344,817,334,1277,5154,6748,6680,6951,3,floating_plants,MU0021_20230524,18.507406594971254,1,Mula,74.03545036717573,2023-05-24,"{""type"":""MultiPoint"",""coordinates"":[]}"
8_1373_0,2125,972,328,800,358,1315,5098,6377,6532,6573,3,floating_plants,MU0022_20230524,18.50677580779826,1,Mula,74.03457054370728,2023-05-24,"{""type"":""MultiPoint"",""coordinates"":[]}"
8_1374_0,2059,965,355,860,379,1359,5013,6087,5916,6024,3,floating_plants,MU0023_20230524,18.508261206142524,1,Mula,74.03658769995205,2023-05-24,"{""type"":""MultiPoint"",""coordinates"":[]}"
8_1375_0,1797,875,362,818,391,1186,3920,5112,5748,5165,3,floating_plants,MU0024_20230524,18.507549030462776,1,Mula,74.03667353638797,2023-05-24,"{""type"":""MultiPoint"",""coordinates"":[]}"
8_1376_0,2069,933,367,824,336,1281,5090,6419,6111,6348,3,floating_plants,MU0025_20230524,18.514894472048823,1,Mula,74.03740303545472,2023-05-24,"{""type"":""MultiPoint"",""coordinates"":[]}"
8_1377_0,1987,880,355,827,326,1263,4963,6161,6104,6202,3,floating_plants,MU0026_20230524,18.513978852551052,1,Mula,74.03701677149299,2023-05-24,"{""type"":""MultiPoint"",""coordinates"":[]}"
8_1378_0,1873,888,349,814,330,1213,4791,6116,5980,6059,3,floating_plants,MU0027_20230524,18.514121282572543,1,Mula,74.03774638119852,2023-05-24,"{""type"":""MultiPoint"",""coordinates"":[]}"
8_1379_0,1960,861,321,795,340,1271,5001,5980,6276,6132,3,floating_plants,MU0028_20230524,18.512717324328143,1,Mula,74.03720990347384,2023-05-24,"{""type"":""MultiPoint"",""coordinates"":[]}"
8_1380_0,2180,1011,339,822,367,1327,4771,6112,6323,6235,3,floating_plants,MU0029_20230524,18.512208640961827,1,Mula,74.03609402980653,2023-05-24,"{""type"":""MultiPoint"",""coordinates"":[]}"
8_1381_0,2015,858,352,825,353,1276,4862,5998,6500,6107,3,floating_plants,MU0030_20230524,18.511537176602857,1,Mula,74.03581506138971,2023-05-24,"{""type"":""MultiPoint"",""coordinates"":[]}"
8_1382_0,1996,897,328,788,386,1271,4376,5671,5680,5749,3,floating_plants,MU0031_20230524,18.51058084402799,1,Mula,74.03590089782564,2023-05-24,"{""type"":""MultiPoint"",""coordinates"":[]}"
8_1383_0,2021,977,316,723,321,1277,4602,5667,6060,5816,3,floating_plants,MU0032_20230524,18.509726244439435,1,Mula,74.03607257069754,2023-05-24,"{""type"":""MultiPoint"",""coordinates"":[]}"
8_1384_0,2078,911,340,807,327,1362,5278,6641,6452,6638,3,floating_plants,MU0033_20230524,18.512005167191884,1,Mula,74.036973853275,2023-05-24,"{""type"":""MultiPoint"",""coordinates"":[]}"
8_1385_0,1990,884,378,788,340,1289,4828,5896,6056,5949,3,floating_plants,MU0034_20230524,18.508098423893774,1,Mula,74.03555755208188,2023-05-24,"{""type"":""MultiPoint"",""coordinates"":[]}"
8_1386_0,2172,1047,332,776,333,1320,4824,6145,6147,6280,3,floating_plants,MU0035_20230524,18.517580261730227,1,Mula,74.03836848126585,2023-05-24,"{""type"":""MultiPoint"",""coordinates"":[]}"
8_1387_0,1603,783,322,846,354,1200,4020,4582,5948,4580,3,floating_plants,MU0036_20230524,18.51845516871409,1,Mula,74.03881912255459,2023-05-24,"{""type"":""MultiPoint"",""coordinates"":[]}"
8_1388_0,1843,869,344,825,319,1203,4688,5588,6176,5979,3,floating_plants,MU0037_20230524,18.516562922401402,1,Mula,74.03789638086816,2023-05-24,"{""type"":""MultiPoint"",""coordinates"":[]}"
8_1389_0,1531,775,364,852,390,1108,3635,4116,5412,4045,3,floating_plants,MU0038_20230524,18.523053443477643,1,Mula,74.04173756137679,2023-05-24,"{""type"":""MultiPoint"",""coordinates"":[]}"
8_1390_0,1818,958,372,876,358,1432,4316,5174,5560,5039,3,floating_plants,MU0039_20230524,18.534426522454297,1,Mula,74.04641585260795,2023-05-24,"{""type"":""MultiPoint"",""coordinates"":[]}"
8_1391_0,2125,1152,375,874,356,1520,5008,5963,6104,6155,3,floating_plants,MU0040_20230524,18.533063420679696,1,Mula,74.03738156772452,2023-05-24,"{""type"":""MultiPoint"",""coordinates"":[]}"
8_1392_0,1849,970,310,724,300,1170,3790,4741,4560,5061,3,floating_plants,MU0041_20230524,18.53249376298567,1,Mula,74.03675925356393,2023-05-24,"{""type"":""MultiPoint"",""coordinates"":[]}"
8_1393_0,1779,973,397,792,374,1288,3394,4151,4776,4079,3,floating_plants,MU0042_20230524,18.528241614749692,1,Mula,74.05877523897603,2023-05-24,"{""type"":""MultiPoint"",""coordinates"":[]}"
8_1394_0,2076,1073,390,818,396,1383,4332,5271,5524,5348,3,floating_plants,MU0043_20230524,18.527224338840988,1,Mula,74.06004132640624,2023-05-24,"{""type"":""MultiPoint"",""coordinates"":[]}"
8_1395_0,2199,1015,400,870,430,1383,5073,6250,6156,6585,3,floating_plants,MU0044_20230524,18.537396826104665,1,Mula,74.07351612808085,2023-05-24,"{""type"":""MultiPoint"",""coordinates"":[]}"
8_1396_0,2177,983,420,861,347,1354,5300,6573,6396,6722,3,floating_plants,MU0045_20230524,18.53666442729273,1,Mula,74.07280797748429,2023-05-24,"{""type"":""MultiPoint"",""coordinates"":[]}"
8_1397_0,2089,930,352,860,345,1342,5238,6562,6488,6732,3,floating_plants,MU0046_20230524,18.533673766231907,1,Mula,74.08536155624154,2023-05-24,"{""type"":""MultiPoint"",""coordinates"":[]}"
8_1398_0,2196,968,336,805,372,1287,5241,6585,6400,6741,3,floating_plants,MU0047_20230524,18.532269968502035,1,Mula,74.08632721614593,2023-05-24,"{""type"":""MultiPoint"",""coordinates"":[]}"
8_1399_0,2384,1030,390,902,396,1438,5479,6843,6793,7050,3,floating_plants,MU0048_20230524,18.53153754771804,1,Mula,74.08752892624919,2023-05-24,"{""type"":""MultiPoint"",""coordinates"":[]}"
8_1400_0,2313,1009,370,888,394,1401,5443,6858,6728,7008,3,floating_plants,MU0049_20230524,18.530377875058218,1,Mula,74.0876791400121,2023-05-24,"{""type"":""MultiPoint"",""coordinates"":[]}"
8_1401_0,2249,1034,389,863,366,1320,4865,6269,6336,6389,3,floating_plants,MU0050_20230524,18.52860783319872,1,Mula,74.08866625902552,2023-05-24,"{""type"":""MultiPoint"",""coordinates"":[]}"
8_1402_0,2264,987,389,840,366,1318,5277,6622,6660,6889,3,floating_plants,MU0051_20230524,18.529319921207737,1,Mula,74.08900960476927,2023-05-24,"{""type"":""MultiPoint"",""coordinates"":[]}"
8_1403_0,2228,1097,399,865,388,1406,4974,6165,6311,6331,3,floating_plants,MU0052_20230524,18.52883163260688,1,Mula,74.08952462338495,2023-05-24,"{""type"":""MultiPoint"",""coordinates"":[]}"
8_1404_0,1872,907,375,910,356,1466,4954,5856,5900,5816,3,floating_plants,MU0053_20230524,18.534853761201067,1,Mula,74.08529717891459,2023-05-24,"{""type"":""MultiPoint"",""coordinates"":[]}"
8_1405_0,1466,697,390,850,372,1308,3660,4227,4156,4163,3,floating_plants,MU0054_20230524,18.53401962767036,1,Mula,74.08450319188206,2023-05-24,"{""type"":""MultiPoint"",""coordinates"":[]}"
8_1406_0,2178,974,353,889,335,1408,5406,6605,6688,6894,3,floating_plants,MU0055_20230524,18.535280998749823,1,Mula,74.08441735544613,2023-05-24,"{""type"":""MultiPoint"",""coordinates"":[]}"
8_1407_0,2011,974,396,868,402,1452,4777,5741,5660,5909,3,floating_plants,MU0056_20230524,18.536603393916717,1,Mula,74.08340877732375,2023-05-24,"{""type"":""MultiPoint"",""coordinates"":[]}"
8_1408_0,2122,995,360,861,358,1325,4906,5871,6144,6193,3,floating_plants,MU0057_20230524,18.536603393916717,1,Mula,74.08171350771379,2023-05-24,"{""type"":""MultiPoint"",""coordinates"":[]}"
8_1409_0,1975,943,388,856,381,1444,4915,5898,5500,5896,3,floating_plants,MU0058_20230524,18.53599305895746,1,Mula,74.0718423175799,2023-05-24,"{""type"":""MultiPoint"",""coordinates"":[]}"
8_1410_0,1662,817,355,828,342,1137,4262,5310,5744,5359,3,floating_plants,MU0059_20230524,18.537274759854004,1,Mula,74.07240025441355,2023-05-24,"{""type"":""MultiPoint"",""coordinates"":[]}"
8_1411_0,1928,906,416,900,402,1383,4639,5544,5672,5740,3,floating_plants,MU0060_20230524,18.538271631719645,1,Mula,74.07507119504861,2023-05-24,"{""type"":""MultiPoint"",""coordinates"":[]}"
8_1412_0,2139,1022,414,874,414,1369,4813,6211,6156,6328,3,floating_plants,MU0061_20230524,18.53774268004519,1,Mula,74.07661625089564,2023-05-24,"{""type"":""MultiPoint"",""coordinates"":[]}"
8_1413_0,1441,766,400,820,405,1088,3203,3645,4451,3898,3,floating_plants,MU0062_20230524,18.537468031414523,1,Mula,74.07730294238323,2023-05-24,"{""type"":""MultiPoint"",""coordinates"":[]}"
8_1414_0,2108,954,407,855,360,1406,5363,6573,6284,6630,3,floating_plants,MU0063_20230524,18.538495418473577,1,Mula,74.07592955940808,2023-05-24,"{""type"":""MultiPoint"",""coordinates"":[]}"
8_1415_0,1763,909,380,845,376,1301,4383,5258,6040,5652,3,floating_plants,MU0064_20230524,18.537254415507675,1,Mula,74.07965271481726,2023-05-24,"{""type"":""MultiPoint"",""coordinates"":[]}"
8_1416_0,1825,858,398,877,413,1416,4620,5344,5168,5420,3,floating_plants,MU0065_20230524,18.535728579621416,1,Mula,74.08380459691918,2023-05-24,"{""type"":""MultiPoint"",""coordinates"":[]}"
8_1417_0,2324,1021,416,882,352,1457,5560,7010,6883,7216,3,floating_plants,MU0066_20230524,18.533124455309512,1,Mula,74.08652987502313,2023-05-24,"{""type"":""MultiPoint"",""coordinates"":[]}"
8_1418_0,2204,989,405,860,340,1405,5388,6694,6572,6864,3,floating_plants,MU0067_20230524,18.525769623255382,1,Mula,74.0936103931423,2023-05-24,"{""type"":""MultiPoint"",""coordinates"":[]}"
8_1419_0,2235,977,335,811,316,1318,5305,6730,6612,6909,3,floating_plants,MU0068_20230524,18.52475233263866,1,Mula,74.09381425467768,2023-05-24,"{""type"":""MultiPoint"",""coordinates"":[]}"
8_1420_0,2238,955,327,796,308,1282,5285,6722,6664,6948,3,floating_plants,MU0069_20230524,18.524569219684913,1,Mula,74.09525201497978,2023-05-24,"{""type"":""MultiPoint"",""coordinates"":[]}"
8_1421_0,2173,943,349,798,372,1289,4983,6446,6485,6618,3,floating_plants,MU0070_20230524,18.524213166157914,1,Mula,74.09735500766048,2023-05-24,"{""type"":""MultiPoint"",""coordinates"":[]}"
8_1422_0,2179,1042,396,810,426,1314,4638,5817,5948,6112,3,floating_plants,MU0071_20230524,18.52341967277352,1,Mula,74.09787002627617,2023-05-24,"{""type"":""MultiPoint"",""coordinates"":[]}"
8_1423_0,2209,984,338,826,381,1312,5074,6428,6379,6759,3,floating_plants,MU0072_20230524,18.524457317227743,1,Mula,74.09873912019012,2023-05-24,"{""type"":""MultiPoint"",""coordinates"":[]}"
8_1424_0,2144,965,336,741,349,1234,4746,6116,6220,6294,3,floating_plants,MU0073_20230524,18.52360278695827,1,Mula,74.09884641573504,2023-05-24,"{""type"":""MultiPoint"",""coordinates"":[]}"
8_1425_0,2115,955,316,754,399,1258,4414,5613,5524,5944,3,floating_plants,MU0074_20230524,18.523246731418997,1,Mula,74.09996228940236,2023-05-24,"{""type"":""MultiPoint"",""coordinates"":[]}"
8_1426_0,2173,952,322,816,369,1300,4971,6362,6288,6550,3,floating_plants,MU0075_20230524,18.523948668772224,1,Mula,74.10096013797025,2023-05-24,"{""type"":""MultiPoint"",""coordinates"":[]}"
8_1427_0,2176,995,346,746,357,1178,4567,5976,5988,6194,3,floating_plants,MU0076_20230524,18.52316534719164,1,Mula,74.10171120678478,2023-05-24,"{""type"":""MultiPoint"",""coordinates"":[]}"
8_1428_0,2107,925,336,784,378,1262,4635,5920,5864,6187,3,floating_plants,MU0077_20230524,18.523531575909725,1,Mula,74.103020212433,2023-05-24,"{""type"":""MultiPoint"",""coordinates"":[]}"
8_1429_0,2010,873,355,706,367,1152,4447,5601,5592,5931,3,floating_plants,MU0078_20230524,18.523460364736962,1,Mula,74.10958626728578,2023-05-24,"{""type"":""MultiPoint"",""coordinates"":[]}"
8_1430_0,2023,886,344,754,364,1159,4559,5837,5800,6243,3,floating_plants,MU0079_20230524,18.523673997882582,1,Mula,74.10849185272745,2023-05-24,"{""type"":""MultiPoint"",""coordinates"":[]}"
8_1431_0,2028,895,320,744,358,1189,4715,6045,5960,6224,3,floating_plants,MU0080_20230524,18.52325690435013,1,Mula,74.10740816772363,2023-05-24,"{""type"":""MultiPoint"",""coordinates"":[]}"
8_1432_0,2046,868,342,756,342,1180,4818,6065,6064,6379,3,floating_plants,MU0081_20230524,18.523735035875184,1,Mula,74.10649615559169,2023-05-24,"{""type"":""MultiPoint"",""coordinates"":[]}"
8_1433_0,2087,920,340,740,378,1220,4732,6040,5924,6313,3,floating_plants,MU0082_20230524,18.523389153629097,1,Mula,74.10535882281538,2023-05-24,"{""type"":""MultiPoint"",""coordinates"":[]}"
8_1434_0,2052,898,379,760,374,1181,4582,5817,5644,6120,3,floating_plants,MU0083_20230524,18.52325690435013,1,Mula,74.11051973852669,2023-05-24,"{""type"":""MultiPoint"",""coordinates"":[]}"
8_1435_0,2029,902,388,742,377,1188,4598,5848,5748,6080,3,floating_plants,MU0084_20230524,18.525983253466276,1,Mula,74.11714987902235,2023-05-24,"{""type"":""MultiPoint"",""coordinates"":[]}"
8_1436_0,2029,849,365,755,377,1190,4654,5996,5856,6140,3,floating_plants,MU0085_20230524,18.525505128227604,1,Mula,74.11746103610265,2023-05-24,"{""type"":""MultiPoint"",""coordinates"":[]}"
8_1437_0,2065,940,366,800,420,1315,4319,5446,5484,5670,3,floating_plants,MU0086_20230524,18.525413572178312,1,Mula,74.11591598025558,2023-05-24,"{""type"":""MultiPoint"",""coordinates"":[]}"
8_1438_0,2098,989,391,800,464,1386,4004,4905,5005,5291,3,floating_plants,MU0087_20230524,18.52489475363968,1,Mula,74.11583014381966,2023-05-24,"{""type"":""MultiPoint"",""coordinates"":[]}"
8_1439_0,2065,933,390,802,440,1324,4100,5066,5236,5450,3,floating_plants,MU0088_20230524,18.524864234853087,1,Mula,74.11483229525177,2023-05-24,"{""type"":""MultiPoint"",""coordinates"":[]}"
8_1440_0,2047,923,399,766,413,1256,4402,5550,5456,5810,3,floating_plants,MU0089_20230524,18.52414195531388,1,Mula,74.11399539000128,2023-05-24,"{""type"":""MultiPoint"",""coordinates"":[]}"
8_1441_0,2049,932,376,800,432,1249,4406,5585,5556,5895,3,floating_plants,MU0090_20230524,18.52422333907644,1,Mula,74.11284732767051,2023-05-24,"{""type"":""MultiPoint"",""coordinates"":[]}"
8_1442_0,2051,963,370,751,417,1259,4398,5562,5524,5831,3,floating_plants,MU0091_20230524,18.523562094884475,1,Mula,74.1123537681638,2023-05-24,"{""type"":""MultiPoint"",""coordinates"":[]}"
8_1443_0,2008,884,333,756,402,1191,4464,5694,5663,5991,3,floating_plants,MU0092_20230524,18.523745208916722,1,Mula,74.11129154226896,2023-05-24,"{""type"":""MultiPoint"",""coordinates"":[]}"
8_1444_0,2012,966,439,819,497,1301,4714,6160,5224,5919,3,floating_plants,MU0093_20230524,18.52749900354408,1,Mula,74.11903811393654,2023-05-24,"{""type"":""MultiPoint"",""coordinates"":[]}"
8_1445_0,1999,1018,402,802,463,1299,4303,5377,5424,5736,3,floating_plants,MU0094_20230524,18.527885568481402,1,Mula,74.11939218923482,2023-05-24,"{""type"":""MultiPoint"",""coordinates"":[]}"
8_1446_0,2096,974,353,802,382,1348,4954,6229,6084,6505,3,floating_plants,MU0095_20230524,18.528618004912964,1,Mula,74.12056171067458,2023-05-24,"{""type"":""MultiPoint"",""coordinates"":[]}"
8_1447_0,1816,913,386,776,356,1275,4115,5017,4468,4719,3,floating_plants,MU0096_20230524,18.526959845724466,1,Mula,74.11844798843939,2023-05-24,"{""type"":""MultiPoint"",""coordinates"":[]}"
8_1448_0,1514,818,352,741,370,1184,3165,4048,4718,3867,3,floating_plants,MU0097_20230524,18.528038159663407,1,Mula,74.12037930824818,2023-05-24,"{""type"":""MultiPoint"",""coordinates"":[]}"
8_1449_0,1759,991,418,711,389,1288,3753,4333,3991,4408,3,floating_plants,MU0098_20230524,18.53011338645768,1,Mula,74.12312586369738,2023-05-24,"{""type"":""MultiPoint"",""coordinates"":[]}"
8_1450_0,1547,804,483,809,496,1223,3807,4498,4761,4572,1,LEV,MU0099_20230524,18.533511007203444,0,Mula,74.12349050762099,2023-05-24,"{""type"":""MultiPoint"",""coordinates"":[]}"
8_1451_0,1069,626,540,876,580,1003,2644,3368,4208,3388,1,LEV,MU0100_20230524,18.532859971388817,0,Mula,74.12346904851202,2023-05-24,"{""type"":""MultiPoint"",""coordinates"":[]}"
8_1452_0,2653,2029,1001,1294,1616,2056,2575,2922,2571,3065,1,LEV,MU0101_20230524,18.53128323374945,0,Mula,74.12306132544127,2023-05-24,"{""type"":""MultiPoint"",""coordinates"":[]}"
8_1453_0,2501,2046,1028,1288,1686,1864,1945,2162,2096,2187,1,LEV,MU0102_20230524,18.530428737596807,0,Mula,74.1223639043992,2023-05-24,"{""type"":""MultiPoint"",""coordinates"":[]}"
8_1454_0,2058,1188,417,668,517,1109,2920,3882,3351,4154,1,LEV,MU0103_20230524,18.529035085897743,0,Mula,74.12562568896517,2023-05-24,"{""type"":""MultiPoint"",""coordinates"":[]}"
8_1455_0,2238,1514,920,1218,1466,1751,2894,3299,2775,3394,1,LEV,MU0104_20230524,18.529655618349462,0,Mula,74.12158064692117,2023-05-24,"{""type"":""MultiPoint"",""coordinates"":[]}"
8_1456_0,1504,861,518,913,664,1551,3353,3826,3108,3781,1,LEV,MU0105_20230524,18.533633076142614,0,Mula,74.1228360047969,2023-05-24,"{""type"":""MultiPoint"",""coordinates"":[]}"
8_1457_0,2128,1280,511,812,724,1437,2444,2922,2894,3041,1,LEV,MU0106_20230524,18.5340501443602,0,Mula,74.12887674397669,2023-05-24,"{""type"":""MultiPoint"",""coordinates"":[]}"
8_1458_0,1901,1193,827,1136,1224,1656,2956,3699,3284,3437,1,LEV,MU0107_20230524,18.531817291511793,0,Mula,74.12250306926379,2023-05-24,"{""type"":""MultiPoint"",""coordinates"":[]}"
8_1459_0,2201,1336,530,906,693,1543,3681,4468,4445,4658,1,LEV,MU0108_20230524,18.532036000719277,0,Mula,74.12314702609322,2023-05-24,"{""type"":""MultiPoint"",""coordinates"":[]}"
8_1460_0,1574,852,432,846,461,1188,3803,4314,5376,4234,3,floating_plants,MU0109_20230524,18.53627788215911,1,Mula,74.12400533728861,2023-05-24,"{""type"":""MultiPoint"",""coordinates"":[]}"
8_1461_0,1600,840,400,732,407,1123,3480,4043,3688,4212,3,floating_plants,MU0110_20230524,18.535779441156084,1,Mula,74.1238551235257,2023-05-24,"{""type"":""MultiPoint"",""coordinates"":[]}"
8_1462_0,1435,766,420,860,436,1087,3094,3913,5379,3826,3,floating_plants,MU0111_20230524,18.542035279393584,1,Mula,74.12549654276482,2023-05-24,"{""type"":""MultiPoint"",""coordinates"":[]}"
8_1463_0,1538,789,352,822,358,1140,3433,4585,5149,4217,3,floating_plants,MU0112_20230524,18.54436463070675,1,Mula,74.13099002868567,2023-05-24,"{""type"":""MultiPoint"",""coordinates"":[]}"
8_1464_0,1328,730,372,810,334,980,3275,3808,5044,3650,3,floating_plants,MU0113_20230524,18.545096996507183,1,Mula,74.13002436878128,2023-05-24,"{""type"":""MultiPoint"",""coordinates"":[]}"
8_1465_0,1627,833,412,841,375,1195,4130,5051,6092,4887,3,floating_plants,MU0114_20230524,18.539695724599536,1,Mula,74.13390814780486,2023-05-24,"{""type"":""MultiPoint"",""coordinates"":[]}"
8_1466_0,1786,932,388,861,398,1191,4293,5126,5625,5180,3,floating_plants,MU0115_20230524,18.533612731531775,1,Mula,74.1371590066839,2023-05-24,"{""type"":""MultiPoint"",""coordinates"":[]}"
8_1467_0,2012,962,346,858,346,1318,5059,6118,5884,6341,3,floating_plants,MU0116_20230524,18.536054092295487,1,Mula,74.13564613950034,2023-05-24,"{""type"":""MultiPoint"",""coordinates"":[]}"
8_1468_0,1807,933,349,807,362,1209,4195,5134,5752,5222,3,floating_plants,MU0117_20230524,18.5353928938658,1,Mula,74.13597875568965,2023-05-24,"{""type"":""MultiPoint"",""coordinates"":[]}"
8_1469_0,1659,865,572,1210,670,1893,4115,4768,4808,4887,3,floating_plants,MU0118_20230524,18.526064636793777,1,Mula,73.98762095594913,2023-05-24,"{""type"":""MultiPoint"",""coordinates"":[]}"
8_1470_0,1756,892,563,1164,616,1906,4417,5086,5084,5352,3,floating_plants,MU0119_20230524,18.525311843618493,1,Mula,73.98764241505812,2023-05-24,"{""type"":""MultiPoint"",""coordinates"":[]}"
8_1471_0,2077,969,488,1020,497,1548,4896,6036,5745,6308,3,floating_plants,MU0120_20230524,18.525189768737206,1,Mula,73.98858661585356,2023-05-24,"{""type"":""MultiPoint"",""coordinates"":[]}"
8_1472_0,2048,976,314,718,302,1232,4879,6103,5820,6378,3,floating_plants,MU0121_20230524,18.522137868381865,1,Mula,73.99094711784207,2023-05-24,"{""type"":""MultiPoint"",""coordinates"":[]}"
8_1473_0,2133,1023,335,800,372,1277,4931,6294,6256,6352,3,floating_plants,MU0122_20230524,18.52126298023545,1,Mula,73.99257801012506,2023-05-24,"{""type"":""MultiPoint"",""coordinates"":[]}"
8_1474_0,2099,976,338,756,340,1190,4301,5588,5888,5697,3,floating_plants,MU0123_20230524,18.518902794089676,1,Mula,73.99176251944067,2023-05-24,"{""type"":""MultiPoint"",""coordinates"":[]}"
8_1475_0,2106,925,350,800,412,1304,4898,6123,5968,6303,3,floating_plants,MU0124_20230524,18.517702342320163,1,Mula,73.99197711053053,2023-05-24,"{""type"":""MultiPoint"",""coordinates"":[]}"
8_1476_0,1715,793,356,808,394,1180,4213,5018,5996,5215,3,floating_plants,MU0125_20230524,18.516542575830158,1,Mula,73.99169814211373,2023-05-24,"{""type"":""MultiPoint"",""coordinates"":[]}"
8_1477_0,1862,963,496,1084,586,1741,4272,4970,4861,5290,3,floating_plants,MU0126_20230524,18.514609613835667,1,Mula,73.9923848235432,2023-05-24,"{""type"":""MultiPoint"",""coordinates"":[]}"
8_1478_0,1806,914,490,1064,596,1760,4427,5122,4544,5364,3,floating_plants,MU0127_20230524,18.513449826380057,1,Mula,73.99227752799828,2023-05-24,"{""type"":""MultiPoint"",""coordinates"":[]}"
8_1479_0,2151,955,375,814,393,1324,4887,6146,5748,6373,3,floating_plants,MU0128_20230524,18.51129300711857,1,Mula,73.9924920371867,2023-05-24,"{""type"":""MultiPoint"",""coordinates"":[]}"
8_1480_0,2146,992,375,845,354,1300,4935,6086,6460,6446,3,floating_plants,MU0129_20230524,18.506450239844867,1,Mula,73.99523880313701,2023-05-24,"{""type"":""MultiPoint"",""coordinates"":[]}"
8_1481_0,2260,1139,414,928,446,1456,4263,5479,5956,5584,3,floating_plants,MU0131_20230524,18.50632815150424,1,Mula,73.99985251156916,2023-05-24,"{""type"":""MultiPoint"",""coordinates"":[]}"
8_1482_0,3132,1947,772,1190,1042,1940,3474,4242,4848,4328,1,LEV,MU0132_20230524,18.50640954352127,0,Mula,73.9964615800844,2023-05-24,"{""type"":""MultiPoint"",""coordinates"":[]}"
8_1483_0,2272,1275,530,925,790,1363,3024,3767,3728,4090,1,LEV,MU0133_20230524,18.509298942851878,0,Mula,73.99386502789702,2023-05-24,"{""type"":""MultiPoint"",""coordinates"":[]}"
8_1484_0,2076,1101,441,794,449,1229,3379,4291,4819,4475,1,LEV,MU0134_20230524,18.51102848953539,0,Mula,73.99339292749927,2023-05-24,"{""type"":""MultiPoint"",""coordinates"":[]}"
8_1485_0,2683,1799,646,944,987,1569,2620,2939,3444,3384,1,LEV,MU0135_20230524,18.508322249943852,0,Mula,73.99581780681478,2023-05-24,"{""type"":""MultiPoint"",""coordinates"":[]}"
8_1486_0,2831,1615,554,1046,808,1901,4089,4906,5184,5569,1,LEV,MU0136_20230524,18.507467639247423,0,Mula,73.9978136318318,2023-05-24,"{""type"":""MultiPoint"",""coordinates"":[]}"
8_1487_0,2577,1821,706,972,1296,1393,1900,2219,2191,2422,1,LEV,MU0137_20230524,18.532859971780443,0,Mula,73.97828733124868,2023-05-24,"{""type"":""MultiPoint"",""coordinates"":[]}"
8_1488_0,2749,1993,712,965,1210,1664,2406,2747,2365,3050,1,LEV,MU0138_20230524,18.547161844840943,0,Mula,73.95470449465354,2023-05-24,"{""type"":""MultiPoint"",""coordinates"":[]}"
8_1489_0,2518,2213,636,1054,845,1976,3144,3709,4053,3738,1,LEV,MU0139_20230524,18.547812826156232,0,Mula,73.96575593578169,2023-05-24,"{""type"":""MultiPoint"",""coordinates"":[]}"
8_1490_0,3047,2417,850,1184,1620,1957,2124,2284,2430,2522,1,LEV,MU0140_20230524,18.54740596312498,0,Mula,73.97665716314697,2023-05-24,"{""type"":""MultiPoint"",""coordinates"":[]}"
8_1491_0,2422,1717,472,758,711,1302,2401,2850,3060,3086,1,LEV,MU0141_20230524,18.54254387490076,0,Mula,73.97843826919286,2023-05-24,"{""type"":""MultiPoint"",""coordinates"":[]}"
8_1492_0,2436,1694,421,695,733,1340,2436,2653,2518,2905,1,LEV,MU0142_20230524,18.55326469724165,0,Mula,73.96367440220999,2023-05-24,"{""type"":""MultiPoint"",""coordinates"":[]}"
8_1493_0,2102,1325,305,612,438,1166,2550,2969,3484,3155,1,LEV,MU0143_20230524,18.51608477041803,0,Mula,74.03879694573024,2023-05-24,"{""type"":""MultiPoint"",""coordinates"":[]}"
8_1494_0,2200,1362,510,750,764,1259,2504,3138,2858,3274,1,LEV,MU0144_20230524,18.518383955113382,0,Mula,74.0400201149425,2023-05-24,"{""type"":""MultiPoint"",""coordinates"":[]}"
8_1495_0,3231,2485,1038,1310,1914,2069,2344,2672,2730,2930,1,LEV,MU0145_20230524,18.507376072989302,0,Mula,74.03447319965304,2023-05-24,"{""type"":""MultiPoint"",""coordinates"":[]}"
8_1496_0,2026,906,364,673,374,1175,4416,5567,5130,5696,1,LEV,MU0146_20230524,18.50771181366108,0,Mula,74.03595387817315,2023-05-24,"{""type"":""MultiPoint"",""coordinates"":[]}"
8_1497_0,904,522,394,712,452,789,1491,1890,2706,1864,1,LEV,MU0147_20230524,18.504150894029397,0,Mula,74.03316421986847,2023-05-24,"{""type"":""MultiPoint"",""coordinates"":[]}"
8_1498_0,1967,1041,584,966,763,1424,3590,4506,4080,4516,1,LEV,MU0148_20230524,18.502757028241398,0,Mula,74.03225220773653,2023-05-24,"{""type"":""MultiPoint"",""coordinates"":[]}"
8_1499_0,1682,961,375,758,550,1190,2349,2817,3320,2949,1,LEV,MU0149_20230524,18.50448664102685,0,Mula,74.03408696155489,2023-05-24,"{""type"":""MultiPoint"",""coordinates"":[]}"
8_1500_0,3609,2791,1852,2096,2570,2872,2949,3287,3495,3534,1,LEV,MU0150_20230524,18.496011370856134,0,Mula,74.02741348614968,2023-05-24,"{""type"":""MultiPoint"",""coordinates"":[]}"
8_1501_0,1806,1012,366,589,462,945,2261,2697,2574,2897,1,LEV,MU0151_20230524,18.496896562687017,0,Mula,74.02477401574433,2023-05-24,"{""type"":""MultiPoint"",""coordinates"":[]}"
8_1502_0,1609,1409,584,816,1084,1227,1210,1302,1278,1338,1,LEV,MU0152_20230524,18.50988902518199,0,Mula,74.01111701064947,2023-05-24,"{""type"":""MultiPoint"",""coordinates"":[]}"
8_1503_0,1838,960,365,613,510,948,2727,3312,3332,3796,1,LEV,MU0154_20230524,18.507894944776503,0,Mula,74.00931444549457,2023-05-24,"{""type"":""MultiPoint"",""coordinates"":[]}"
8_1504_0,1807,953,378,588,466,962,2712,3301,2922,3520,1,LEV,MU0155_20230524,18.504802039412034,0,Mula,74.00970070945634,2023-05-24,"{""type"":""MultiPoint"",""coordinates"":[]}"
8_1505_0,2227,1534,504,854,732,1441,2468,2877,3200,3100,1,LEV,MU0156_20230524,18.499470716102405,0,Mula,74.00352048606817,2023-05-24,"{""type"":""MultiPoint"",""coordinates"":[]}"
8_1506_0,2233,1721,826,1106,1532,1703,2263,2495,2111,2654,1,LEV,MU0157_20230524,18.504272984213262,0,Mula,74.05558028446998,2023-05-24,"{""type"":""MultiPoint"",""coordinates"":[]}"
8_1507_0,1618,912,526,754,641,1066,2441,3103,3062,3208,1,LEV,MU0158_20230524,18.50830190228,0,Mula,74.02034413439279,2023-05-24,"{""type"":""MultiPoint"",""coordinates"":[]}"
8_1508_0,1802,1454,634,839,912,1151,1637,1694,2105,1982,1,LEV,MU0159_20230524,18.512737671602686,0,Mula,74.02798357719206,2023-05-24,"{""type"":""MultiPoint"",""coordinates"":[]}"
8_1509_0,1650,1040,458,708,584,1030,2370,3083,3408,3245,1,LEV,MU0160_20230524,18.49662184977268,0,Mula,74.03867021346744,2023-05-24,"{""type"":""MultiPoint"",""coordinates"":[]}"
8_1510_0,4973,5534,1758,2292,2344,2633,2978,3290,3244,3384,1,LEV,MU0161_20230524,18.513877118092005,0,Mula,74.04772512982412,2023-05-24,"{""type"":""MultiPoint"",""coordinates"":[]}"
8_1511_0,2595,2361,1046,1300,1568,1933,2066,2283,2227,2371,1,LEV,MU0162_20230524,18.523480711105247,0,Mula,74.04540754605354,2023-05-24,"{""type"":""MultiPoint"",""coordinates"":[]}"
8_1512_0,2612,2112,938,1194,1608,1761,1784,1929,1886,2089,1,LEV,MU0163_20230524,18.526654661416913,0,Mula,74.04854057596562,2023-05-24,"{""type"":""MultiPoint"",""coordinates"":[]}"
8_1513_0,2881,2049,726,1011,1334,1645,1972,2152,2210,2505,1,LEV,MU0164_20230524,18.53292100688887,0,Mula,74.04103054877932,2023-05-24,"{""type"":""MultiPoint"",""coordinates"":[]}"
8_1514_0,2569,2121,1006,1230,1558,1834,2225,2451,2292,2568,1,LEV,MU0165_20230524,18.535321688309246,0,Mula,74.03021515785005,2023-05-24,"{""type"":""MultiPoint"",""coordinates"":[]}"
8_1515_0,1872,1139,508,834,722,1128,2577,3068,2910,3239,1,LEV,MU0166_20230524,18.537885090559985,0,Mula,74.06622354272974,2023-05-24,"{""type"":""MultiPoint"",""coordinates"":[]}"
8_1516_0,1704,1006,452,726,641,1012,2390,2986,2992,3204,1,LEV,MU0167_20230524,18.533043075867326,0,Mula,74.07562156056274,2023-05-24,"{""type"":""MultiPoint"",""coordinates"":[]}"
8_1517_0,3036,2564,1114,1466,1934,2116,2105,2304,2445,2518,1,LEV,MU0168_20230524,18.524945619387598,0,Mula,74.07892626334667,2023-05-24,"{""type"":""MultiPoint"",""coordinates"":[]}"
8_1518_0,1835,1175,556,826,764,1082,2162,2600,2734,2699,1,LEV,MU0169_20230524,18.543215217434888,0,Mula,74.07377460296371,2023-05-24,"{""type"":""MultiPoint"",""coordinates"":[]}"
8_1519_0,2958,2594,1368,1356,1682,1934,2058,2325,2341,2497,1,LEV,MU0170_20230524,18.543215217434888,0,Mula,74.0646330225354,2023-05-24,"{""type"":""MultiPoint"",""coordinates"":[]}"
8_1520_0,2446,2068,1762,2132,2410,2237,2233,2285,2464,2261,1,LEV,MU0171_20230524,18.54805694345047,0,Mula,74.06162874727723,2023-05-24,"{""type"":""MultiPoint"",""coordinates"":[]}"
8_1521_0,2198,1740,700,1004,1410,1574,2067,2311,2106,2517,1,LEV,MU0172_20230524,18.544476520626173,0,Mula,74.04939705515478,2023-05-24,"{""type"":""MultiPoint"",""coordinates"":[]}"
8_1522_0,2570,2080,926,1278,1736,2005,1950,2100,2008,2171,1,LEV,MU0173_20230524,18.54537163336937,0,Mula,74.08029817209568,2023-05-24,"{""type"":""MultiPoint"",""coordinates"":[]}"
8_1523_0,2752,2179,874,1154,1532,1773,1812,1993,1986,2171,1,LEV,MU0174_20230524,18.544273085257558,0,Mula,74.1078945862526,2023-05-24,"{""type"":""MultiPoint"",""coordinates"":[]}"
8_1524_0,1912,1335,621,898,874,1202,2137,2470,2318,2507,1,LEV,MU0175_20230524,18.537437516039002,0,Mula,74.08986893470376,2023-05-24,"{""type"":""MultiPoint"",""coordinates"":[]}"
8_1525_0,2096,1411,557,898,898,1378,2443,2996,3066,3012,1,LEV,MU0176_20230524,18.528851978268193,0,Mula,74.08085581580838,2023-05-24,"{""type"":""MultiPoint"",""coordinates"":[]}"
8_1526_0,1912,1136,526,711,662,1053,2507,3119,3034,3200,1,LEV,MU0177_20230524,18.523948669358756,0,Mula,74.09117628220677,2023-05-24,"{""type"":""MultiPoint"",""coordinates"":[]}"
8_1527_0,1986,1133,428,658,586,1176,2272,2707,2514,2913,1,LEV,MU0178_20230524,18.52657327914972,0,Mula,74.08939517616089,2023-05-24,"{""type"":""MultiPoint"",""coordinates"":[]}"
8_1528_0,1843,1013,372,653,442,991,2690,3206,3236,3373,1,LEV,MU0179_20230524,18.52415212832071,0,Mula,74.1093933228161,2023-05-24,"{""type"":""MultiPoint"",""coordinates"":[]}"
8_1529_0,2229,1359,469,785,750,1381,2876,3387,3375,3650,1,LEV,MU0180_20230524,18.52496596415492,0,Mula,74.1034491496268,2023-05-24,"{""type"":""MultiPoint"",""coordinates"":[]}"
8_1530_0,1999,1155,482,726,548,1084,2836,3696,3765,3825,1,LEV,MU0181_20230524,18.522565137303538,0,Mula,74.10840620380273,2023-05-24,"{""type"":""MultiPoint"",""coordinates"":[]}"
8_1531_0,2015,1210,494,756,737,1085,2798,3510,3284,3664,1,LEV,MU0182_20230524,18.534263764664242,0,Mula,74.13849051532537,2023-05-24,"{""type"":""MultiPoint"",""coordinates"":[]}"
8_1532_0,415,330,280,324,263,335,323,352,287,345,2,open_water,MU0183_20230524,18.544598581119736,0,Mula,74.12806180792317,2023-05-24,"{""type"":""MultiPoint"",""coordinates"":[]}"
8_1533_0,443,359,315,381,296,402,318,358,297,348,2,open_water,MU0184_20230524,18.54408999260737,0,Mula,74.13031501436674,2023-05-24,"{""type"":""MultiPoint"",""coordinates"":[]}"
8_1534_0,421,362,338,377,290,384,323,331,278,305,2,open_water,MU0185_20230524,18.54057051860419,0,Mula,74.12533650108185,2023-05-24,"{""type"":""MultiPoint"",""coordinates"":[]}"
8_1535_0,454,369,324,338,318,421,400,394,340,428,2,open_water,MU0186_20230524,18.538169910925916,0,Mula,74.13469267260007,2023-05-24,"{""type"":""MultiPoint"",""coordinates"":[]}"
8_1536_0,432,339,347,365,314,421,339,318,286,298,2,open_water,MU0187_20230524,18.537173037969165,0,Mula,74.12480011387983,2023-05-24,"{""type"":""MultiPoint"",""coordinates"":[]}"
8_1537_0,923,830,735,784,800,982,827,865,732,843,2,open_water,MU0188_20230524,18.534446867361765,0,Mula,74.1240705041743,2023-05-24,"{""type"":""MultiPoint"",""coordinates"":[]}"
8_1538_0,402,313,306,306,256,362,331,315,271,328,2,open_water,MU0189_20230524,18.532331003483023,0,Mula,74.13851248452235,2023-05-24,"{""type"":""MultiPoint"",""coordinates"":[]}"
8_1539_0,822,674,730,951,918,1035,643,748,678,636,2,open_water,MU0190_20230524,18.52409109157743,0,Mula,74.08300044214741,2023-05-24,"{""type"":""MultiPoint"",""coordinates"":[]}"
8_1540_0,779,588,3832,4164,2322,1616,391,563,483,503,2,open_water,MU0191_20230524,18.516237373961808,0,Mula,74.09630508971918,2023-05-24,"{""type"":""MultiPoint"",""coordinates"":[]}"
8_1541_0,351,308,272,334,228,404,225,280,212,271,2,open_water,MU0192_20230524,18.527671941552025,0,Mula,74.0912836582163,2023-05-24,"{""type"":""MultiPoint"",""coordinates"":[]}"
8_1542_0,382,332,290,375,325,415,265,306,277,240,2,open_water,MU0193_20230524,18.526329131599883,0,Mula,74.0912836582163,2023-05-24,"{""type"":""MultiPoint"",""coordinates"":[]}"
8_1543_0,363,279,253,310,214,373,283,310,240,257,2,open_water,MU0194_20230524,18.53064236245956,0,Mula,74.06849408447238,2023-05-24,"{""type"":""MultiPoint"",""coordinates"":[]}"
8_1544_0,378,287,236,301,228,386,299,361,235,281,2,open_water,MU0195_20230524,18.53007269669663,0,Mula,74.06699194684333,2023-05-24,"{""type"":""MultiPoint"",""coordinates"":[]}"
8_1545_0,405,363,340,398,290,454,370,384,283,321,2,open_water,MU0196_20230524,18.528038160617676,0,Mula,74.08991027524111,2023-05-24,"{""type"":""MultiPoint"",""coordinates"":[]}"
8_1546_0,418,352,276,325,262,444,376,364,331,351,2,open_water,MU0197_20230524,18.53259548771698,0,Mula,74.04742427985921,2023-05-24,"{""type"":""MultiPoint"",""coordinates"":[]}"
8_1547_0,396,345,292,369,301,449,327,362,300,328,2,open_water,MU0198_20230524,18.5295030289474,0,Mula,74.04978478184776,2023-05-24,"{""type"":""MultiPoint"",""coordinates"":[]}"
8_1548_0,488,340,276,303,222,420,235,435,268,201,2,open_water,MU0199_20230524,18.527712632510195,0,Mula,74.0524886295801,2023-05-24,"{""type"":""MultiPoint"",""coordinates"":[]}"
8_1549_0,605,547,511,607,572,703,578,614,554,540,2,open_water,MU0200_20230524,18.527387103870748,0,Mula,74.05708087890326,2023-05-24,"{""type"":""MultiPoint"",""coordinates"":[]}"
8_1550_0,407,350,280,340,284,407,343,257,240,236,2,open_water,MU0201_20230524,18.53552513388632,0,Mula,74.04296078518999,2023-05-24,"{""type"":""MultiPoint"",""coordinates"":[]}"
8_1551_0,389,344,244,332,246,439,314,324,247,280,2,open_water,MU0202_20230524,18.530967884812398,0,Mula,74.03751017150735,2023-05-24,"{""type"":""MultiPoint"",""coordinates"":[]}"
8_1552_0,343,318,248,285,201,335,262,334,215,343,2,open_water,MU0203_20230524,18.5295030289474,0,Mula,74.03751017150735,2023-05-24,"{""type"":""MultiPoint"",""coordinates"":[]}"
8_1553_0,339,285,210,296,180,394,315,300,230,241,2,open_water,MU0204_20230524,18.52441662640424,0,Mula,74.04107238359917,2023-05-24,"{""type"":""MultiPoint"",""coordinates"":[]}"
8_1554_0,310,271,181,269,165,333,243,278,227,228,2,open_water,MU0205_20230524,18.522015791840406,0,Mula,74.04094362894523,2023-05-24,"{""type"":""MultiPoint"",""coordinates"":[]}"
8_1555_0,333,261,325,417,267,511,340,293,235,291,2,open_water,MU0206_20230524,18.501261408591834,0,Mula,74.03218903665993,2023-05-24,"{""type"":""MultiPoint"",""coordinates"":[]}"
8_1556_0,281,224,310,379,260,431,235,217,191,143,2,open_water,MU0207_20230524,18.505819448935537,0,Mula,74.01167488138724,2023-05-24,"{""type"":""MultiPoint"",""coordinates"":[]}"
8_1557_0,296,228,267,361,221,433,275,264,182,206,2,open_water,MU0208_20230524,18.5055752712674,0,Mula,74.01407830159373,2023-05-24,"{""type"":""MultiPoint"",""coordinates"":[]}"
8_1558_0,334,250,262,357,231,459,287,319,263,248,2,open_water,MU0209_20230524,18.500854434561678,0,Mula,74.01858471448094,2023-05-24,"{""type"":""MultiPoint"",""coordinates"":[]}"
8_1559_0,326,247,315,384,273,467,340,282,246,273,2,open_water,MU0210_20230524,18.5056159675696,0,Mula,74.0081555875134,2023-05-24,"{""type"":""MultiPoint"",""coordinates"":[]}"
8_1560_0,276,226,333,392,235,447,265,245,177,142,2,open_water,MU0211_20230524,18.5058601451797,0,Mula,74.00575216730691,2023-05-24,"{""type"":""MultiPoint"",""coordinates"":[]}"
8_1561_0,311,237,299,404,255,470,318,291,211,192,2,open_water,MU0212_20230524,18.506592675920135,0,Mula,74.00369209284416,2023-05-24,"{""type"":""MultiPoint"",""coordinates"":[]}"
8_1562_0,293,230,253,373,224,442,271,241,205,232,2,open_water,MU0213_20230524,18.526410513339446,0,Mula,73.98631194167974,2023-05-24,"{""type"":""MultiPoint"",""coordinates"":[]}"
8_1563_0,306,255,246,350,196,412,227,219,181,151,2,open_water,MU0214_20230524,18.528282305243653,0,Mula,73.98305015711378,2023-05-24,"{""type"":""MultiPoint"",""coordinates"":[]}"
8_1564_0,291,243,248,366,229,465,269,271,214,207,2,open_water,MU0215_20230524,18.523846939002727,0,Mula,73.99004582664344,2023-05-24,"{""type"":""MultiPoint"",""coordinates"":[]}"
8_1565_0,294,246,305,393,250,473,337,357,223,329,2,open_water,MU0216_20230524,18.51542349561202,0,Mula,73.99189131001629,2023-05-24,"{""type"":""MultiPoint"",""coordinates"":[]}"
8_1566_0,313,227,286,400,200,438,328,293,237,253,2,open_water,MU0217_20230524,18.512045863163205,0,Mula,73.99159088249047,2023-05-24,"{""type"":""MultiPoint"",""coordinates"":[]}"
8_1567_0,320,264,251,330,195,389,240,252,183,187,2,open_water,MU0218_20230524,18.54170977863151,0,Mula,73.97227900344687,2023-05-24,"{""type"":""MultiPoint"",""coordinates"":[]}"
8_1568_0,297,269,250,334,174,390,256,260,188,157,2,open_water,MU0219_20230524,18.543052467735997,0,Mula,73.96931764640668,2023-05-24,"{""type"":""MultiPoint"",""coordinates"":[]}"
8_1569_0,333,277,248,362,194,425,250,278,199,168,2,open_water,MU0220_20230524,18.54382552637213,0,Mula,73.96579835253289,2023-05-24,"{""type"":""MultiPoint"",""coordinates"":[]}"
8_1570_0,315,294,268,370,171,412,277,281,202,143,2,open_water,MU0221_20230524,18.544842703457455,0,Mula,73.96257948618486,2023-05-24,"{""type"":""MultiPoint"",""coordinates"":[]}"
8_1571_0,304,248,268,316,192,404,239,212,183,203,2,open_water,MU0222_20230524,18.52962510185697,0,Mula,73.98077681060562,2023-05-24,"{""type"":""MultiPoint"",""coordinates"":[]}"
8_1572_0,305,262,262,342,186,405,270,273,192,227,2,open_water,MU0223_20230524,18.533856870415526,0,Mula,73.97648498880827,2023-05-24,"{""type"":""MultiPoint"",""coordinates"":[]}"
8_1573_0,321,294,284,356,199,439,305,299,227,204,2,open_water,MU0224_20230524,18.54541232029629,0,Mula,73.94983380424394,2023-05-24,"{""type"":""MultiPoint"",""coordinates"":[]}"
8_1574_0,377,318,289,384,264,444,284,326,254,233,2,open_water,MU0225_20230524,18.54598193491825,0,Mula,73.9548981539648,2023-05-24,"{""type"":""MultiPoint"",""coordinates"":[]}"
8_1575_0,313,305,285,400,203,417,274,322,249,260,2,open_water,MU0226_20230524,18.545575067524997,0,Mula,73.94751622047337,2023-05-24,"{""type"":""MultiPoint"",""coordinates"":[]}"
8_1576_0,281,254,149,302,133,379,219,280,195,226,2,open_water,MU0227_20230524,18.541750466652296,0,Mula,73.94245187075249,2023-05-24,"{""type"":""MultiPoint"",""coordinates"":[]}"
8_1577_0,262,267,280,390,227,440,241,217,204,195,2,open_water,MU0228_20230524,18.53690856063998,0,Mula,73.92970646469014,2023-05-24,"{""type"":""MultiPoint"",""coordinates"":[]}"
8_1578_0,267,248,254,393,230,377,213,239,179,135,2,open_water,MU0229_20230524,18.536338915763157,0,Mula,73.93228155776856,2023-05-24,"{""type"":""MultiPoint"",""coordinates"":[]}"
8_1579_0,275,232,254,357,190,379,172,215,172,151,2,open_water,MU0230_20230524,18.535769268987337,0,Mula,73.93494248728292,2023-05-24,"{""type"":""MultiPoint"",""coordinates"":[]}"
8_1580_0,269,282,197,342,169,406,212,262,205,191,2,open_water,MU0231_20230524,18.536013403552356,0,Mula,73.93880512690053,2023-05-24,"{""type"":""MultiPoint"",""coordinates"":[]}"
8_1581_0,301,296,293,403,318,443,263,295,267,199,2,open_water,MU0232_20230524,18.53894299146601,0,Mula,73.92245400428644,2023-05-24,"{""type"":""MultiPoint"",""coordinates"":[]}"
8_1582_0,307,249,324,402,266,409,195,224,199,140,2,open_water,MU0233_20230524,18.54150633966209,0,Mula,73.90515848546296,2023-05-24,"{""type"":""MultiPoint"",""coordinates"":[]}"
8_1583_0,278,238,246,363,214,413,223,268,205,176,2,open_water,MU0234_20230524,18.53572858072656,0,Mula,73.93687331568302,2023-05-24,"{""type"":""MultiPoint"",""coordinates"":[]}"
8_1584_0,260,225,204,287,215,313,212,211,156,173,2,open_water,MU0235_20230524,18.54325590510855,0,Mula,73.88232840456487,2023-05-24,"{""type"":""MultiPoint"",""coordinates"":[]}"
8_1585_0,284,230,236,268,193,286,200,241,170,182,2,open_water,MU0236_20230524,18.541302901611846,0,Mula,73.87486063463747,2023-05-24,"{""type"":""MultiPoint"",""coordinates"":[]}"
8_1586_0,290,253,266,298,226,290,253,232,215,148,2,open_water,MU0237_20230524,18.540448455560828,0,Mula,73.8719851140333,2023-05-24,"{""type"":""MultiPoint"",""coordinates"":[]}"
8_1587_0,297,227,220,426,190,148,56,107,71,75,2,open_water,MU0238_20230524,18.554525927741256,0,Mula,73.87563328038414,2023-05-24,"{""type"":""MultiPoint"",""coordinates"":[]}"
8_1588_0,278,231,334,452,251,342,155,219,216,189,2,open_water,MU0239_20230524,18.55497345832056,0,Mula,73.86486156633889,2023-05-24,"{""type"":""MultiPoint"",""coordinates"":[]}"
8_1589_0,278,242,355,469,281,432,204,214,162,159,2,open_water,MU0240_20230524,18.55338675356406,0,Mula,73.8609989267213,2023-05-24,"{""type"":""MultiPoint"",""coordinates"":[]}"
8_1590_0,303,245,327,458,261,519,334,344,243,234,2,open_water,MU0241_20230524,18.58389772200734,0,Mula,73.86177093449876,2023-05-24,"{""type"":""MultiPoint"",""coordinates"":[]}"
8_1591_0,279,242,317,443,226,509,270,286,222,175,2,open_water,MU0242_20230524,18.579626515333036,0,Mula,73.86782240323299,2023-05-24,"{""type"":""MultiPoint"",""coordinates"":[]}"
9_1592_0,2161,954,190,656,274,1142,4768,6146,6328,6421,3,floating_plants,MU0001_20210429,18.5691056682344,1,Mula,73.82341519435548,2021-04-29,"{""type"":""MultiPoint"",""coordinates"":[]}"
9_1593_0,2259,975,207,674,313,1201,5100,6564,6480,6840,3,floating_plants,MU0002_20210429,18.569131094155388,1,Mula,73.82396264697975,2021-04-29,"{""type"":""MultiPoint"",""coordinates"":[]}"
9_1594_0,2147,996,255,677,317,1154,4077,5273,5932,5623,3,floating_plants,MU0003_20210429,18.568531045804193,1,Mula,73.82500341376563,2021-04-29,"{""type"":""MultiPoint"",""coordinates"":[]}"
9_1595_0,2234,1016,231,650,321,1234,4982,6247,6257,6511,3,floating_plants,MU0004_20210429,18.568581897441266,1,Mula,73.82595834411555,2021-04-29,"{""type"":""MultiPoint"",""coordinates"":[]}"
9_1596_0,2310,1081,301,831,432,1498,4772,5796,5772,6236,3,floating_plants,MU0005_20210429,18.56811406180847,1,Mula,73.82747121129911,2021-04-29,"{""type"":""MultiPoint"",""coordinates"":[]}"
9_1597_0,2287,1133,307,864,474,1465,4420,5136,5396,5648,3,floating_plants,MU0006_20210429,18.568398831476905,1,Mula,73.82901626714613,2021-04-29,"{""type"":""MultiPoint"",""coordinates"":[]}"
9_1598_0,2100,1068,292,784,414,1325,3949,4652,5015,5183,3,floating_plants,MU0007_20210429,18.56974131065253,1,Mula,73.83013214081345,2021-04-29,"{""type"":""MultiPoint"",""coordinates"":[]}"
9_1599_0,1008,608,399,737,470,1007,1987,1951,2718,2084,3,floating_plants,MU0008_20210429,18.57156177689594,1,Mula,73.83080810274654,2021-04-29,"{""type"":""MultiPoint"",""coordinates"":[]}"
9_1600_0,1484,756,340,731,443,1019,2634,3565,4056,3766,3,floating_plants,MU0009_20210429,18.574999252617474,1,Mula,73.83474508986107,2021-04-29,"{""type"":""MultiPoint"",""coordinates"":[]}"
9_1601_0,1117,670,411,795,469,1041,2260,2496,2871,2417,3,floating_plants,MU0010_20210429,18.573697494922172,1,Mula,73.83227729232762,2021-04-29,"{""type"":""MultiPoint"",""coordinates"":[]}"
9_1602_0,1265,661,356,644,395,942,2524,2621,3376,2567,3,floating_plants,MU0011_20210429,18.57335171386379,1,Mula,73.8328244996068,2021-04-29,"{""type"":""MultiPoint"",""coordinates"":[]}"
9_1603_0,1994,936,336,771,382,1269,4559,5488,5672,5773,3,floating_plants,MU0012_20210429,18.57395174525302,1,Mula,73.83368286396622,2021-04-29,"{""type"":""MultiPoint"",""coordinates"":[]}"
9_1604_0,1833,900,304,744,397,1305,4020,4713,4476,4986,3,floating_plants,MU0013_20210429,18.574592454405305,1,Mula,73.83386526639262,2021-04-29,"{""type"":""MultiPoint"",""coordinates"":[]}"
9_1605_0,801,478,383,766,479,792,1312,1901,3006,1560,3,floating_plants,MU0014_20210429,18.572629639392623,1,Mula,73.83206270123773,2021-04-29,"{""type"":""MultiPoint"",""coordinates"":[]}"
9_1606_0,1667,841,289,734,382,1087,3197,3750,3883,3956,3,floating_plants,MU0015_20210429,18.57537554009958,1,Mula,73.83825365418042,2021-04-29,"{""type"":""MultiPoint"",""coordinates"":[]}"
9_1607_0,1549,759,302,678,407,1106,3125,3928,3996,4104,3,floating_plants,MU0016_20210429,18.574846703401654,1,Mula,73.83895107522251,2021-04-29,"{""type"":""MultiPoint"",""coordinates"":[]}"
9_1608_0,1951,913,318,706,414,1237,4070,4938,4980,5205,3,floating_plants,MU0017_20210429,18.574439904825542,1,Mula,73.84014205577124,2021-04-29,"{""type"":""MultiPoint"",""coordinates"":[]}"
9_1609_0,2050,948,340,760,410,1247,4380,5309,5316,5669,3,floating_plants,MU0018_20210429,18.57358562465648,1,Mula,73.84203045736206,2021-04-29,"{""type"":""MultiPoint"",""coordinates"":[]}"
9_1610_0,2213,959,345,774,392,1251,4941,6154,6132,6398,3,floating_plants,MU0019_20210429,18.572466917801478,1,Mula,73.84590333656233,2021-04-29,"{""type"":""MultiPoint"",""coordinates"":[]}"
9_1611_0,2199,949,334,764,380,1240,4991,6298,6168,6478,3,floating_plants,MU0020_20210429,18.57303644212627,1,Mula,73.84710504666559,2021-04-29,"{""type"":""MultiPoint"",""coordinates"":[]}"
9_1612_0,2219,960,366,832,403,1290,5239,6383,6504,6694,3,floating_plants,MU0021_20210429,18.57286355101447,1,Mula,73.84845697053176,2021-04-29,"{""type"":""MultiPoint"",""coordinates"":[]}"
9_1613_0,2102,908,301,731,364,1179,4732,5946,5948,6221,3,floating_plants,MU0022_20210429,18.57411446523716,1,Mula,73.84946530007602,2021-04-29,"{""type"":""MultiPoint"",""coordinates"":[]}"
9_1614_0,2093,917,310,714,382,1201,4733,5863,5833,6226,3,floating_plants,MU0023_20210429,18.574511094617765,1,Mula,73.85102108547757,2021-04-29,"{""type"":""MultiPoint"",""coordinates"":[]}"
9_1615_0,1932,821,317,700,353,1076,4301,5523,5775,5816,3,floating_plants,MU0024_20210429,18.575121291863205,1,Mula,73.85057044418885,2021-04-29,"{""type"":""MultiPoint"",""coordinates"":[]}"
9_1616_0,1967,879,315,704,379,1123,4343,5551,5557,5813,3,floating_plants,MU0025_20210429,18.57522299119178,1,Mula,73.85153610409324,2021-04-29,"{""type"":""MultiPoint"",""coordinates"":[]}"
9_1617_0,1966,920,309,694,389,1174,4144,5013,4927,5256,3,floating_plants,MU0026_20210429,18.575904375356725,1,Mula,73.85182563898012,2021-04-29,"{""type"":""MultiPoint"",""coordinates"":[]}"
9_1618_0,1701,792,336,636,403,1016,3325,4000,3576,4246,3,floating_plants,MU0027_20210429,18.577338323700644,1,Mula,73.8524908713587,2021-04-29,"{""type"":""MultiPoint"",""coordinates"":[]}"
9_1619_0,2051,911,350,692,396,1117,4311,5493,5516,5799,3,floating_plants,MU0028_20210429,18.581955352463787,1,Mula,73.85407869024203,2021-04-29,"{""type"":""MultiPoint"",""coordinates"":[]}"
9_1620_0,2030,893,363,717,450,1160,3918,4871,4800,5310,3,floating_plants,MU0029_20210429,18.581111279535243,1,Mula,73.85392847647913,2021-04-29,"{""type"":""MultiPoint"",""coordinates"":[]}"
9_1621_0,1944,845,302,632,393,1074,3851,4871,4860,5236,3,floating_plants,MU0030_20210429,18.580694326305164,1,Mula,73.85314521900108,2021-04-29,"{""type"":""MultiPoint"",""coordinates"":[]}"
9_1622_0,2002,881,357,702,415,1148,4069,5055,5035,5458,3,floating_plants,MU0031_20210429,18.57999262222496,1,Mula,73.85317740766457,2021-04-29,"{""type"":""MultiPoint"",""coordinates"":[]}"
9_1623_0,1880,792,306,634,364,1039,3925,4850,4836,5156,3,floating_plants,MU0032_20210429,18.579718041581117,1,Mula,73.852512175286,2021-04-29,"{""type"":""MultiPoint"",""coordinates"":[]}"
9_1624_0,1680,740,322,624,364,962,3234,4006,3924,4355,3,floating_plants,MU0033_20210429,18.57854852647734,1,Mula,73.852512175286,2021-04-29,"{""type"":""MultiPoint"",""coordinates"":[]}"
9_1625_0,1620,719,291,600,360,971,3249,4022,3852,4225,3,floating_plants,MU0034_20210429,18.577704436677838,1,Mula,73.85188986112536,2021-04-29,"{""type"":""MultiPoint"",""coordinates"":[]}"
9_1626_0,1774,812,323,679,402,992,3099,3963,4251,4137,3,floating_plants,MU0035_20210429,18.579219727431052,1,Mula,73.85308084167414,2021-04-29,"{""type"":""MultiPoint"",""coordinates"":[]}"
9_1627_0,2314,1156,355,739,532,1307,3691,4472,4752,4883,3,floating_plants,MU0036_20210429,18.582819760415592,1,Mula,73.85681446728321,2021-04-29,"{""type"":""MultiPoint"",""coordinates"":[]}"
9_1628_0,2140,1005,352,762,488,1215,4129,5085,5168,5554,3,floating_plants,MU0037_20210429,18.582809590938705,1,Mula,73.8578230454056,2021-04-29,"{""type"":""MultiPoint"",""coordinates"":[]}"
9_1629_0,2131,947,393,750,430,1204,4529,5699,5619,6031,3,floating_plants,MU0038_20210429,18.58334857237796,1,Mula,73.85940028991612,2021-04-29,"{""type"":""MultiPoint"",""coordinates"":[]}"
9_1630_0,2107,949,349,703,408,1164,4329,5528,5371,5855,3,floating_plants,MU0039_20210429,18.58400958502333,1,Mula,73.86046251581097,2021-04-29,"{""type"":""MultiPoint"",""coordinates"":[]}"
9_1631_0,2141,968,322,739,410,1167,4499,5729,5712,6138,3,floating_plants,MU0040_20210429,18.583572300021906,1,Mula,73.86085950932721,2021-04-29,"{""type"":""MultiPoint"",""coordinates"":[]}"
9_1632_0,2081,894,338,670,378,1111,4371,5520,5530,5868,3,floating_plants,MU0041_20210429,18.584090940248633,1,Mula,73.8617071441322,2021-04-29,"{""type"":""MultiPoint"",""coordinates"":[]}"
9_1633_0,2197,989,343,750,399,1226,4487,5527,5523,5956,3,floating_plants,MU0042_20210429,18.583846874456214,1,Mula,73.8641427530022,2021-04-29,"{""type"":""MultiPoint"",""coordinates"":[]}"
9_1634_0,2203,1004,308,684,418,1176,4260,5275,5332,5740,3,floating_plants,MU0043_20210429,18.582097726037482,1,Mula,73.86620223906765,2021-04-29,"{""type"":""MultiPoint"",""coordinates"":[]}"
9_1635_0,2025,900,302,662,363,1083,4157,5183,5200,5594,3,floating_plants,MU0044_20210429,18.580694326543895,1,Mula,73.86642755971198,2021-04-29,"{""type"":""MultiPoint"",""coordinates"":[]}"
9_1636_0,2143,981,352,672,396,1133,4164,5118,5449,5521,3,floating_plants,MU0045_20210429,18.58096890561497,1,Mula,73.86696403743666,2021-04-29,"{""type"":""MultiPoint"",""coordinates"":[]}"
9_1637_0,2139,951,340,712,390,1161,4545,5716,5712,6044,3,floating_plants,MU0046_20210429,18.583582469442778,1,Mula,73.86245762454946,2021-04-29,"{""type"":""MultiPoint"",""coordinates"":[]}"
9_1638_0,1877,1053,487,852,601,1168,2786,3552,4344,3818,3,floating_plants,MU0047_20210429,18.56294744308838,1,Mula,73.87293960218716,2021-04-29,"{""type"":""MultiPoint"",""coordinates"":[]}"
9_1639_0,2307,1125,416,846,552,1347,4004,4859,5023,5383,3,floating_plants,MU0048_20210429,18.56239314111868,1,Mula,73.87261235077511,2021-04-29,"{""type"":""MultiPoint"",""coordinates"":[]}"
9_1640_0,1240,669,424,894,564,1036,2050,2547,4004,2920,3,floating_plants,MU0049_20210429,18.564025529835376,1,Mula,73.87247823134396,2021-04-29,"{""type"":""MultiPoint"",""coordinates"":[]}"
9_1641_0,2063,1083,408,828,575,1416,3836,4379,4720,4924,3,floating_plants,MU0050_20210429,18.5634915726282,1,Mula,73.87253724389367,2021-04-29,"{""type"":""MultiPoint"",""coordinates"":[]}"
9_1642_0,2210,1166,334,698,420,1199,3680,4120,4607,4518,3,floating_plants,MU0051_20210429,18.560074206666837,1,Mula,73.87267675612101,2021-04-29,"{""type"":""MultiPoint"",""coordinates"":[]}"
9_1643_0,2145,1041,305,704,436,1254,3993,4970,4984,5341,3,floating_plants,MU0052_20210429,18.557806095530267,1,Mula,73.87304149523709,2021-04-29,"{""type"":""MultiPoint"",""coordinates"":[]}"
9_1644_0,2241,1035,370,720,436,1242,4569,5484,5711,5944,3,floating_plants,MU0053_20210429,18.556987330621,1,Mula,73.87333655798567,2021-04-29,"{""type"":""MultiPoint"",""coordinates"":[]}"
9_1645_0,2517,1224,400,792,538,1377,4066,4863,4964,5369,3,floating_plants,MU0054_20210429,18.55703310019162,1,Mula,73.8728376337017,2021-04-29,"{""type"":""MultiPoint"",""coordinates"":[]}"
9_1646_0,2255,1049,380,816,504,1320,4217,5102,5156,5528,3,floating_plants,MU0055_20210429,18.555838001691427,1,Mula,73.87254265285459,2021-04-29,"{""type"":""MultiPoint"",""coordinates"":[]}"
9_1647_0,2141,1023,355,742,464,1231,3855,4761,4901,5115,3,floating_plants,MU0056_20210429,18.555482013326003,1,Mula,73.87067571037275,2021-04-29,"{""type"":""MultiPoint"",""coordinates"":[]}"
9_1648_0,2244,1028,378,802,484,1373,4337,5167,5264,5584,3,floating_plants,MU0057_20210429,18.55594988359579,1,Mula,73.86943644682877,2021-04-29,"{""type"":""MultiPoint"",""coordinates"":[]}"
9_1649_0,2200,1010,361,806,482,1341,4247,5157,5224,5558,3,floating_plants,MU0058_20210429,18.55577697509179,1,Mula,73.86816515770579,2021-04-29,"{""type"":""MultiPoint"",""coordinates"":[]}"
9_1650_0,1167,589,345,700,413,788,2166,2361,3860,2574,3,floating_plants,MU0059_20210429,18.555420986599078,1,Mula,73.86663083141322,2021-04-29,"{""type"":""MultiPoint"",""coordinates"":[]}"
9_1651_0,2059,962,376,746,471,1189,3626,4394,4616,4749,3,floating_plants,MU0060_20210429,18.555283676553497,1,Mula,73.86718876824688,2021-04-29,"{""type"":""MultiPoint"",""coordinates"":[]}"
9_1652_0,2185,1021,407,805,511,1389,4054,4860,4960,5345,3,floating_plants,MU0061_20210429,18.555812573900212,1,Mula,73.86754284354515,2021-04-29,"{""type"":""MultiPoint"",""coordinates"":[]}"
9_1653_0,2036,949,350,728,424,1253,4016,4932,4979,5328,3,floating_plants,MU0062_20210429,18.55469883629868,1,Mula,73.86392721501657,2021-04-29,"{""type"":""MultiPoint"",""coordinates"":[]}"
9_1654_0,1796,827,328,638,429,1089,3700,4309,4341,4614,3,floating_plants,MU0063_20210429,18.554973457220317,1,Mula,73.86459244739515,2021-04-29,"{""type"":""MultiPoint"",""coordinates"":[]}"
9_1655_0,1867,853,352,696,367,1147,4620,5722,5751,5632,3,floating_plants,MU0064_20210429,18.54555472426171,1,Mula,73.85531242089523,2021-04-29,"{""type"":""MultiPoint"",""coordinates"":[]}"
9_1656_0,1022,535,373,706,383,674,2548,3149,4709,2864,1,LEV,MU0065_20210429,18.534935139652077,0,Mula,73.85491511557875,2021-04-29,"{""type"":""MultiPoint"",""coordinates"":[]}"
9_1657_0,1834,921,302,625,425,1144,2902,3287,3639,3731,1,LEV,MU0066_20210429,18.5348334163172,0,Mula,73.86277987902237,2021-04-29,"{""type"":""MultiPoint"",""coordinates"":[]}"
9_1658_0,1589,819,309,651,438,983,2669,3330,4184,3764,1,LEV,MU0067_20210429,18.535942197400402,0,Mula,73.86382064580825,2021-04-29,"{""type"":""MultiPoint"",""coordinates"":[]}"
9_1659_0,1005,628,458,652,664,776,1083,1241,1217,1266,1,LEV,MU0068_20210429,18.53687804392093,0,Mula,73.8538315304372,2021-04-29,"{""type"":""MultiPoint"",""coordinates"":[]}"
9_1660_0,1616,799,315,702,345,957,3788,4530,5289,4416,3,floating_plants,MU0069_20210429,18.540814646110313,1,Mula,73.85377795594496,2021-04-29,"{""type"":""MultiPoint"",""coordinates"":[]}"
9_1661_0,1251,594,288,715,343,797,2952,3365,4828,3047,3,floating_plants,MU0070_20210429,18.54156737100392,1,Mula,73.853756496836,2021-04-29,"{""type"":""MultiPoint"",""coordinates"":[]}"
9_1662_0,1867,869,324,720,365,1154,4197,4982,5305,5419,3,floating_plants,MU0071_20210429,18.539360046499205,1,Mula,73.86886284097619,2021-04-29,"{""type"":""MultiPoint"",""coordinates"":[]}"
9_1663_0,2035,886,314,658,371,1212,4774,6102,5780,6419,3,floating_plants,MU0072_20210429,18.53880058189602,1,Mula,73.86761821265495,2021-04-29,"{""type"":""MultiPoint"",""coordinates"":[]}"
9_1664_0,1791,889,409,803,465,1245,3923,4753,5512,4843,3,floating_plants,MU0073_20210429,18.543001608077997,1,Mula,73.89580286426501,2021-04-29,"{""type"":""MultiPoint"",""coordinates"":[]}"
9_1665_0,2029,1092,364,750,436,1217,3804,4392,4961,4833,3,floating_plants,MU0074_20210429,18.540326390361404,1,Mula,73.91270080261184,2021-04-29,"{""type"":""MultiPoint"",""coordinates"":[]}"
9_1666_0,2029,1212,476,816,538,1299,3368,3447,4640,4092,3,floating_plants,MU0075_20210429,18.541068945441395,1,Mula,73.9105119734952,2021-04-29,"{""type"":""MultiPoint"",""coordinates"":[]}"
9_1667_0,1847,1007,437,840,476,1284,3837,4229,4677,4709,3,floating_plants,MU0076_20210429,18.54047897043583,1,Mula,73.9106621872581,2021-04-29,"{""type"":""MultiPoint"",""coordinates"":[]}"
9_1668_0,2136,1171,313,728,378,1214,3881,4612,5348,5036,3,floating_plants,MU0077_20210429,18.539695724608123,1,Mula,73.9164776057935,2021-04-29,"{""type"":""MultiPoint"",""coordinates"":[]}"
9_1669_0,1765,873,288,690,341,1070,3694,4369,5168,4813,3,floating_plants,MU0078_20210429,18.539309186382816,1,Mula,73.91730378148948,2021-04-29,"{""type"":""MultiPoint"",""coordinates"":[]}"
9_1670_0,1937,982,209,594,334,1108,3902,4762,5304,5089,3,floating_plants,MU0079_20210429,18.539390562923977,1,Mula,73.91883810778207,2021-04-29,"{""type"":""MultiPoint"",""coordinates"":[]}"
9_1671_0,1436,740,363,656,432,965,2791,3106,4764,3229,3,floating_plants,MU0080_20210429,18.539532971777746,1,Mula,73.9132801985545,2021-04-29,"{""type"":""MultiPoint"",""coordinates"":[]}"
9_1672_0,1994,1067,362,804,490,1280,4116,4884,5323,5250,3,floating_plants,MU0081_20210429,18.539380390858437,1,Mula,73.91522224791778,2021-04-29,"{""type"":""MultiPoint"",""coordinates"":[]}"
9_1673_0,2255,1780,674,929,1130,1287,1413,1569,1606,1767,1,LEV,MU0082_20210429,18.540926537867954,0,Mula,73.9110377216654,2021-04-29,"{""type"":""MultiPoint"",""coordinates"":[]}"
9_1674_0,2012,1403,624,868,1044,1267,2214,2429,1660,2785,1,LEV,MU0083_20210429,18.54001105777578,0,Mula,73.91485744306502,2021-04-29,"{""type"":""MultiPoint"",""coordinates"":[]}"
9_1675_0,2320,1762,670,896,1168,1471,1708,1821,1807,1963,1,LEV,MU0084_20210429,18.53965503641505,0,Mula,73.91803339119507,2021-04-29,"{""type"":""MultiPoint"",""coordinates"":[]}"
9_1676_0,792,546,389,642,532,591,821,1238,1577,1283,1,LEV,MU0085_20210429,18.53882092632189,0,Mula,73.92363421864061,2021-04-29,"{""type"":""MultiPoint"",""coordinates"":[]}"
9_1677_0,1916,1275,594,860,948,1269,2102,2600,1782,2680,1,LEV,MU0086_20210429,18.539024368183515,0,Mula,73.91573726653348,2021-04-29,"{""type"":""MultiPoint"",""coordinates"":[]}"
9_1678_0,1345,937,714,1056,1050,1114,1830,1891,2114,1969,1,LEV,MU0087_20210429,18.540397594413097,0,Mula,73.90961069091775,2021-04-29,"{""type"":""MultiPoint"",""coordinates"":[]}"
9_1679_0,2056,916,260,674,321,1169,4472,5580,5556,5871,3,floating_plants,MU0088_20210429,18.538597139728743,1,Mula,73.92615488875649,2021-04-29,"{""type"":""MultiPoint"",""coordinates"":[]}"
9_1680_0,1907,1001,254,640,441,1100,3321,3925,4092,4259,3,floating_plants,MU0089_20210429,18.53839369735843,1,Mula,73.92722784420582,2021-04-29,"{""type"":""MultiPoint"",""coordinates"":[]}"
9_1681_0,1959,893,220,612,286,1169,4677,5879,5716,6094,3,floating_plants,MU0090_20210429,18.537671474987338,1,Mula,73.9289767615882,2021-04-29,"{""type"":""MultiPoint"",""coordinates"":[]}"
9_1682_0,1902,1021,226,694,364,1137,3865,4764,4839,5005,3,floating_plants,MU0091_20210429,18.536918732929074,1,Mula,73.9315625842211,2021-04-29,"{""type"":""MultiPoint"",""coordinates"":[]}"
9_1683_0,2025,976,235,750,328,1261,4589,5462,5080,5683,3,floating_plants,MU0092_20210429,18.536542360656437,1,Mula,73.933365149376,2021-04-29,"{""type"":""MultiPoint"",""coordinates"":[]}"
9_1684_0,1882,879,194,670,267,1152,4514,5470,5079,5619,3,floating_plants,MU0093_20210429,18.53684752742757,1,Mula,73.93296815585975,2021-04-29,"{""type"":""MultiPoint"",""coordinates"":[]}"
9_1685_0,1759,856,331,916,437,1535,4187,4732,4752,4934,3,floating_plants,MU0094_20210429,18.536165987308337,1,Mula,73.9379885470705,2021-04-29,"{""type"":""MultiPoint"",""coordinates"":[]}"
9_1686_0,2066,963,217,754,353,1278,4596,5550,5548,5819,3,floating_plants,MU0095_20210429,18.536043920178432,1,Mula,73.93959798024451,2021-04-29,"{""type"":""MultiPoint"",""coordinates"":[]}"
9_1687_0,1580,867,410,946,590,1630,3572,3980,3796,4142,3,floating_plants,MU0096_20210429,18.535474272419226,1,Mula,73.93731258513742,2021-04-29,"{""type"":""MultiPoint"",""coordinates"":[]}"
9_1688_0,1955,903,228,677,320,1254,4382,5164,5135,5456,3,floating_plants,MU0097_20210429,18.53711200460861,1,Mula,73.93982330088889,2021-04-29,"{""type"":""MultiPoint"",""coordinates"":[]}"
9_1689_0,2025,942,246,728,333,1272,4548,5440,5337,5733,3,floating_plants,MU0098_20210429,18.538098705446256,1,Mula,73.94090706348356,2021-04-29,"{""type"":""MultiPoint"",""coordinates"":[]}"
9_1690_0,1973,932,229,774,389,1312,4458,5211,5220,5551,3,floating_plants,MU0099_20210429,18.539197293265,1,Mula,73.94099289991952,2021-04-29,"{""type"":""MultiPoint"",""coordinates"":[]}"
9_1691_0,1989,968,226,690,357,1214,4274,4866,5159,5271,3,floating_plants,MU0100_20210429,18.54058069042118,1,Mula,73.94142189171428,2021-04-29,"{""type"":""MultiPoint"",""coordinates"":[]}"
9_1692_0,2121,972,258,750,336,1304,4812,5700,5691,5988,3,floating_plants,MU0101_20210429,18.539655036426524,1,Mula,73.94191545122099,2021-04-29,"{""type"":""MultiPoint"",""coordinates"":[]}"
9_1693_0,1865,900,166,667,327,1166,4142,4953,5084,5277,3,floating_plants,MU0102_20210429,18.5417301219172,1,Mula,73.94223733785577,2021-04-29,"{""type"":""MultiPoint"",""coordinates"":[]}"
9_1694_0,1625,859,254,728,407,1196,2874,3349,3220,3544,3,floating_plants,MU0103_20210429,18.543082982929995,1,Mula,73.94378234987838,2021-04-29,"{""type"":""MultiPoint"",""coordinates"":[]}"
9_1695_0,1334,704,226,662,318,1048,2734,3203,3316,3374,3,floating_plants,MU0104_20210429,18.54408999265225,1,Mula,73.94358921789748,2021-04-29,"{""type"":""MultiPoint"",""coordinates"":[]}"
9_1696_0,1541,791,256,648,370,1096,3176,3670,3336,3790,3,floating_plants,MU0105_20210429,18.544690126936025,1,Mula,73.94573512879614,2021-04-29,"{""type"":""MultiPoint"",""coordinates"":[]}"
9_1697_0,1577,821,274,677,363,1144,3296,3775,4176,4050,3,floating_plants,MU0106_20210429,18.5454123196344,1,Mula,73.94559564458777,2021-04-29,"{""type"":""MultiPoint"",""coordinates"":[]}"
9_1698_0,1519,772,278,691,364,1122,3090,3657,3792,3920,3,floating_plants,MU0107_20210429,18.545137683334296,1,Mula,73.94695829800838,2021-04-29,"{""type"":""MultiPoint"",""coordinates"":[]}"
9_1699_0,1718,851,274,746,395,1197,3711,4217,4332,4531,3,floating_plants,MU0108_20210429,18.545239400533962,1,Mula,73.94780593281335,2021-04-29,"{""type"":""MultiPoint"",""coordinates"":[]}"
9_1700_0,1590,838,288,718,402,1201,3359,3736,3660,3820,3,floating_plants,MU0109_20210429,18.54568695549288,1,Mula,73.9489003473717,2021-04-29,"{""type"":""MultiPoint"",""coordinates"":[]}"
9_1701_0,1369,727,347,670,370,1046,2729,3228,3275,3391,3,floating_plants,MU0110_20210429,18.54538180451175,1,Mula,73.95115355381529,2021-04-29,"{""type"":""MultiPoint"",""coordinates"":[]}"
9_1702_0,1613,810,265,700,390,1141,3309,3932,3864,4040,3,floating_plants,MU0111_20210429,18.54506648125848,1,Mula,73.94972652306768,2021-04-29,"{""type"":""MultiPoint"",""coordinates"":[]}"
9_1703_0,666,461,440,758,472,851,1180,1341,1556,1294,3,floating_plants,MU0112_20210429,18.546714293331693,1,Mula,73.95917818364408,2021-04-29,"{""type"":""MultiPoint"",""coordinates"":[]}"
9_1704_0,848,554,452,787,516,1107,1837,1916,1945,2009,3,floating_plants,MU0113_20210429,18.54664309191317,1,Mula,73.95746145492514,2021-04-29,"{""type"":""MultiPoint"",""coordinates"":[]}"
9_1705_0,1285,763,553,1006,646,1459,2278,2360,2467,2435,3,floating_plants,MU0114_20210429,18.54621588277869,1,Mula,73.95618463794044,2021-04-29,"{""type"":""MultiPoint"",""coordinates"":[]}"
9_1706_0,614,455,393,628,416,765,1075,1107,1145,1081,3,floating_plants,MU0115_20210429,18.546297256029543,1,Mula,73.96073396904562,2021-04-29,"{""type"":""MultiPoint"",""coordinates"":[]}"
9_1707_0,730,503,436,783,484,917,1359,1383,1666,1438,3,floating_plants,MU0116_20210429,18.545076653195526,1,Mula,73.9622468362292,2021-04-29,"{""type"":""MultiPoint"",""coordinates"":[]}"
9_1708_0,705,482,483,694,460,968,1396,1416,1384,1404,3,floating_plants,MU0117_20210429,18.54462909663735,1,Mula,73.96318030747011,2021-04-29,"{""type"":""MultiPoint"",""coordinates"":[]}"
9_1709_0,725,482,480,807,500,955,1288,1441,1605,1387,3,floating_plants,MU0118_20210429,18.543581402835624,1,Mula,73.96481119975307,2021-04-29,"{""type"":""MultiPoint"",""coordinates"":[]}"
9_1710_0,687,460,430,681,438,904,1259,1309,1165,1260,3,floating_plants,MU0119_20210429,18.543398309730513,1,Mula,73.96662400664593,2021-04-29,"{""type"":""MultiPoint"",""coordinates"":[]}"
9_1711_0,1050,591,576,992,596,1400,2353,2529,2397,2492,3,floating_plants,MU0120_20210429,18.542960920627447,1,Mula,73.9678471758582,2021-04-29,"{""type"":""MultiPoint"",""coordinates"":[]}"
9_1712_0,922,587,550,954,576,1325,2157,2325,2292,2376,3,floating_plants,MU0121_20210429,18.542828686492072,1,Mula,73.96936004304172,2021-04-29,"{""type"":""MultiPoint"",""coordinates"":[]}"
9_1713_0,970,572,552,974,606,1357,2226,2356,2308,2429,3,floating_plants,MU0122_20210429,18.542259061354088,1,Mula,73.97033643250064,2021-04-29,"{""type"":""MultiPoint"",""coordinates"":[]}"
9_1714_0,975,623,515,1034,634,1375,2302,2505,2658,2535,3,floating_plants,MU0123_20210429,18.541872528928664,1,Mula,73.97110896042416,2021-04-29,"{""type"":""MultiPoint"",""coordinates"":[]}"
9_1715_0,1105,635,548,1054,628,1574,2724,2902,2984,2976,3,floating_plants,MU0124_20210429,18.53776302444609,1,Mula,73.97468152058211,2021-04-29,"{""type"":""MultiPoint"",""coordinates"":[]}"
9_1716_0,1078,608,536,1026,619,1417,2473,2560,2792,2642,3,floating_plants,MU0125_20210429,18.53898367954019,1,Mula,73.97411285419396,2021-04-29,"{""type"":""MultiPoint"",""coordinates"":[]}"
9_1717_0,1075,660,527,1036,655,1415,2556,2706,2930,2773,3,floating_plants,MU0126_20210429,18.5360540926642,1,Mula,73.97507851409837,2021-04-29,"{""type"":""MultiPoint"",""coordinates"":[]}"
9_1718_0,1020,602,442,871,512,1319,2322,2385,2262,2503,3,floating_plants,MU0127_20210429,18.532829454303087,1,Mula,73.9768915422688,2021-04-29,"{""type"":""MultiPoint"",""coordinates"":[]}"
9_1719_0,677,450,490,867,480,844,1330,1378,2026,1409,3,floating_plants,MU0128_20210429,18.53370428326242,1,Mula,73.9764194418711,2021-04-29,"{""type"":""MultiPoint"",""coordinates"":[]}"
9_1720_0,1934,877,389,911,479,1417,4584,5412,5220,5668,3,floating_plants,MU0129_20210429,18.525199941390348,1,Mula,73.98858632632472,2021-04-29,"{""type"":""MultiPoint"",""coordinates"":[]}"
9_1721_0,896,498,414,826,518,1189,1948,2016,1867,2079,3,floating_plants,MU0130_20210429,18.52824161436473,1,Mula,73.982502668927,2021-04-29,"{""type"":""MultiPoint"",""coordinates"":[]}"
9_1722_0,2127,1363,389,748,664,1156,2168,2555,2712,2776,1,LEV,MU0131_20210429,18.537885091572456,0,Mula,73.98571556965497,2021-04-29,"{""type"":""MultiPoint"",""coordinates"":[]}"
9_1723_0,2093,1345,404,762,728,1215,2246,2642,2510,2761,1,LEV,MU0132_20210429,18.535769270263465,0,Mula,73.9972176520719,2021-04-29,"{""type"":""MultiPoint"",""coordinates"":[]}"
9_1724_0,2228,1848,834,1078,1332,1590,1670,1759,1732,1834,1,LEV,MU0133_20210429,18.53121202769948,0,Mula,74.01069397251555,2021-04-29,"{""type"":""MultiPoint"",""coordinates"":[]}"
9_1725_0,2600,1765,568,875,928,1300,2297,2667,2750,2874,1,LEV,MU0134_20210429,18.508423992797223,0,Mula,73.97249675851916,2021-04-29,"{""type"":""MultiPoint"",""coordinates"":[]}"
9_1726_0,2460,1653,679,938,1004,1514,2358,2665,2946,3044,1,LEV,MU0135_20210429,18.515504885880684,0,Mula,73.94202482375802,2021-04-29,"{""type"":""MultiPoint"",""coordinates"":[]}"
9_1727_0,2107,1112,300,668,555,1105,2778,3297,3365,3620,1,LEV,MU0136_20210429,18.515342110019965,0,Mula,73.92657426528758,2021-04-29,"{""type"":""MultiPoint"",""coordinates"":[]}"
9_1728_0,3358,2906,1876,2352,3124,2852,2888,3060,3128,3020,1,LEV,MU0137_20210429,18.522422716788636,0,Mula,73.91138121612495,2021-04-29,"{""type"":""MultiPoint"",""coordinates"":[]}"
9_1729_0,2711,3174,2066,1628,1726,2655,3125,3194,3287,3018,1,LEV,MU0138_20210429,18.53406031854262,0,Mula,73.90829110443087,2021-04-29,"{""type"":""MultiPoint"",""coordinates"":[]}"
9_1730_0,2626,2176,982,1208,1394,1940,2329,2408,2348,2646,1,LEV,MU0139_20210429,18.546999099198864,0,Mula,73.92348415359346,2021-04-29,"{""type"":""MultiPoint"",""coordinates"":[]}"
9_1731_0,1518,1235,401,545,762,943,1032,1111,969,1233,1,LEV,MU0140_20210429,18.528770597771004,0,Mula,74.02022181690565,2021-04-29,"{""type"":""MultiPoint"",""coordinates"":[]}"
9_1732_0,2350,1580,924,1284,1638,1890,2749,3207,3364,3401,1,LEV,MU0141_20210429,18.514853781508577,0,Mula,74.0217668727527,2021-04-29,"{""type"":""MultiPoint"",""coordinates"":[]}"
9_1733_0,2506,1605,683,916,1050,1467,2372,2553,2928,2931,1,LEV,MU0142_20210429,18.510458762189483,0,Mula,74.00880557092472,2021-04-29,"{""type"":""MultiPoint"",""coordinates"":[]}"
9_1734_0,2489,1954,630,790,1112,1317,1344,1450,1534,1670,1,LEV,MU0143_20210429,18.513144620742874,0,Mula,74.00700300576982,2021-04-29,"{""type"":""MultiPoint"",""coordinates"":[]}"
9_1735_0,1976,1150,403,656,616,1173,2239,2561,2386,2749,1,LEV,MU0144_20210429,18.50931929431022,0,Mula,73.99730348850781,2021-04-29,"{""type"":""MultiPoint"",""coordinates"":[]}"
9_1736_0,1727,948,407,791,619,1184,2445,3132,3508,3270,1,LEV,MU0145_20210429,18.505229352254492,0,Mula,74.0346779412698,2021-04-29,"{""type"":""MultiPoint"",""coordinates"":[]}"
9_1737_0,1871,916,320,578,401,940,2509,2878,3006,3069,1,LEV,MU0146_20210429,18.496906737576293,0,Mula,74.0240131146991,2021-04-29,"{""type"":""MultiPoint"",""coordinates"":[]}"
9_1738_0,1863,990,301,556,480,992,2548,3020,2940,3149,1,LEV,MU0147_20210429,18.498738154316815,0,Mula,74.02090154389602,2021-04-29,"{""type"":""MultiPoint"",""coordinates"":[]}"
9_1739_0,1460,816,307,616,503,868,2071,2663,3082,2871,1,LEV,MU0148_20210429,18.501159664160387,0,Mula,74.02248951796106,2021-04-29,"{""type"":""MultiPoint"",""coordinates"":[]}"
9_1740_0,2722,2491,1390,1618,1852,1846,1924,2017,2125,2067,1,LEV,MU0149_20210429,18.495380541999236,0,Mula,74.01487153427075,2021-04-29,"{""type"":""MultiPoint"",""coordinates"":[]}"
9_1741_0,1475,899,429,842,616,1361,2629,2743,2490,2938,1,LEV,MU0150_20210429,18.495461939201142,0,Mula,74.04336827261443,2021-04-29,"{""type"":""MultiPoint"",""coordinates"":[]}"
9_1742_0,2190,1424,448,818,764,1314,2280,2508,2710,2769,1,LEV,MU0151_20210429,18.498799200965337,0,Mula,74.04931244580376,2021-04-29,"{""type"":""MultiPoint"",""coordinates"":[]}"
9_1743_0,2666,2036,574,950,1000,1630,2393,2610,2652,2839,1,LEV,MU0152_20210429,18.502584065898635,0,Mula,74.05933311402437,2021-04-29,"{""type"":""MultiPoint"",""coordinates"":[]}"
9_1744_0,2591,1979,634,950,1236,1563,1992,2260,2172,2403,1,LEV,MU0153_20210429,18.495929974153242,0,Mula,74.06456913661712,2021-04-29,"{""type"":""MultiPoint"",""coordinates"":[]}"
9_1745_0,1754,1099,388,710,675,1055,2260,2690,2564,2842,1,LEV,MU0154_20210429,18.519167299294402,0,Mula,74.04210271682523,2021-04-29,"{""type"":""MultiPoint"",""coordinates"":[]}"
9_1746_0,2690,2259,790,1086,1428,1829,2091,2187,2134,2470,1,LEV,MU0155_20210429,18.52270756014528,0,Mula,74.0484975313033,2021-04-29,"{""type"":""MultiPoint"",""coordinates"":[]}"
9_1747_0,1626,828,308,661,501,1149,2685,3177,3257,3472,1,LEV,MU0156_20210429,18.52116124832766,0,Mula,74.06613691889036,2021-04-29,"{""type"":""MultiPoint"",""coordinates"":[]}"
9_1748_0,2058,1368,522,756,850,1306,2042,2406,2248,2482,1,LEV,MU0157_20210429,18.516440841567697,0,Mula,74.03098689837013,2021-04-29,"{""type"":""MultiPoint"",""coordinates"":[]}"
9_1749_0,2506,1991,617,919,1030,1794,2233,2395,2362,2570,1,LEV,MU0158_20210429,18.530438910489394,0,Mula,74.0272533640021,2021-04-29,"{""type"":""MultiPoint"",""coordinates"":[]}"
9_1750_0,3105,2338,640,924,1258,1555,1761,1939,2036,2219,1,LEV,MU0159_20210429,18.53202582842133,0,Mula,74.0392704650347,2021-04-29,"{""type"":""MultiPoint"",""coordinates"":[]}"
9_1751_0,1595,1045,357,684,690,1070,1857,2001,1790,2146,1,LEV,MU0160_20210429,18.531700307995383,0,Mula,74.05253219438849,2021-04-29,"{""type"":""MultiPoint"",""coordinates"":[]}"
9_1752_0,2108,1689,604,816,1064,1175,1246,1351,1400,1577,1,LEV,MU0161_20210429,18.5278347060716,0,Mula,74.06094379439945,2021-04-29,"{""type"":""MultiPoint"",""coordinates"":[]}"
9_1753_0,1732,1356,652,876,1094,1253,1201,1311,1376,1365,1,LEV,MU0162_20210429,18.528282306619154,0,Mula,74.05987083895013,2021-04-29,"{""type"":""MultiPoint"",""coordinates"":[]}"
9_1754_0,1826,1121,412,745,580,1074,2331,2776,2862,2970,1,LEV,MU0163_20210429,18.536054092906802,0,Mula,74.06678067204383,2021-04-29,"{""type"":""MultiPoint"",""coordinates"":[]}"
9_1755_0,2279,1664,849,1166,1478,1718,2004,2108,2117,2237,1,LEV,MU0164_20210429,18.53816991068904,0,Mula,74.07854026376853,2021-04-29,"{""type"":""MultiPoint"",""coordinates"":[]}"
9_1756_0,1779,1188,375,665,660,1030,1670,1986,2098,2107,1,LEV,MU0165_20210429,18.534548591224745,0,Mula,74.07905528238426,2021-04-29,"{""type"":""MultiPoint"",""coordinates"":[]}"
9_1757_0,2093,1595,585,881,1282,1484,1539,1594,1715,1723,1,LEV,MU0166_20210429,18.520672937952604,0,Mula,74.0815445390267,2021-04-29,"{""type"":""MultiPoint"",""coordinates"":[]}"
9_1758_0,1644,900,419,637,558,990,2354,2941,2899,3176,1,LEV,MU0167_20210429,18.539024368135745,0,Mula,74.05433438883152,2021-04-29,"{""type"":""MultiPoint"",""coordinates"":[]}"
9_1759_0,1695,1111,461,672,589,988,1998,2311,2375,2374,1,LEV,MU0168_20210429,18.544313772858793,0,Mula,74.00858433863284,2021-04-29,"{""type"":""MultiPoint"",""coordinates"":[]}"
9_1760_0,2084,1659,761,1088,1376,1473,1463,1586,1707,1615,1,LEV,MU0169_20210429,18.54838243322033,0,Mula,74.02892757395226,2021-04-29,"{""type"":""MultiPoint"",""coordinates"":[]}"
9_1761_0,1947,1176,171,473,331,1027,2212,2625,2912,2873,1,LEV,MU0170_20210429,18.526898810013073,0,Mula,73.93670192443719,2021-04-29,"{""type"":""MultiPoint"",""coordinates"":[]}"
9_1762_0,2131,1335,296,645,516,1289,2700,2913,3315,3052,1,LEV,MU0171_20210429,18.52209717687847,0,Mula,73.93395515848685,2021-04-29,"{""type"":""MultiPoint"",""coordinates"":[]}"
9_1763_0,2090,1321,352,666,648,1124,2016,2361,2225,2680,1,LEV,MU0172_20210429,18.55794340450835,0,Mula,73.94352659067523,2021-04-29,"{""type"":""MultiPoint"",""coordinates"":[]}"
9_1764_0,1871,984,248,484,375,971,2683,3154,3355,3506,1,LEV,MU0173_20210429,18.556438095655643,0,Mula,73.91322707308339,2021-04-29,"{""type"":""MultiPoint"",""coordinates"":[]}"
9_1765_0,1871,1112,324,658,542,1158,2299,2611,2570,2745,1,LEV,MU0174_20210429,18.549521641682702,0,Mula,73.90305545542368,2021-04-29,"{""type"":""MultiPoint"",""coordinates"":[]}"
9_1766_0,1936,1030,393,583,486,960,2479,2873,2890,3168,1,LEV,MU0175_20210429,18.542767656812956,0,Mula,73.9020260130555,2021-04-29,"{""type"":""MultiPoint"",""coordinates"":[]}"
9_1767_0,2989,2307,748,1010,1348,1568,1815,1925,2126,2218,1,LEV,MU0176_20210429,18.542645594399684,0,Mula,73.89863547383558,2021-04-29,"{""type"":""MultiPoint"",""coordinates"":[]}"
9_1768_0,2491,1973,677,974,1134,1469,1836,1926,2053,2219,1,LEV,MU0177_20210429,18.540814647734063,0,Mula,73.90035220255453,2021-04-29,"{""type"":""MultiPoint"",""coordinates"":[]}"
9_1769_0,1996,1148,212,482,444,1009,2268,2602,2957,2958,1,LEV,MU0178_20210429,18.53467066058048,0,Mula,73.91824976902974,2021-04-29,"{""type"":""MultiPoint"",""coordinates"":[]}"
9_1770_0,2776,1577,516,889,810,1333,2614,3033,3636,3349,1,LEV,MU0179_20210429,18.555258249118566,0,Mula,73.88958073277676,2021-04-29,"{""type"":""MultiPoint"",""coordinates"":[]}"
9_1771_0,2004,939,264,578,386,1144,3356,3988,4128,4272,1,LEV,MU0180_20210429,18.560669200064233,0,Mula,73.86516127543092,2021-04-29,"{""type"":""MultiPoint"",""coordinates"":[]}"
9_1772_0,308,255,286,392,308,372,268,235,173,222,2,open_water,MU0181_20210429,18.523928323131127,0,Mula,73.9897465830965,2021-04-29,"{""type"":""MultiPoint"",""coordinates"":[]}"
9_1773_0,392,260,272,306,285,343,164,223,179,161,2,open_water,MU0182_20210429,18.52225994537878,0,Mula,73.99197833043111,2021-04-29,"{""type"":""MultiPoint"",""coordinates"":[]}"
9_1774_0,262,214,254,342,265,367,201,191,166,146,2,open_water,MU0183_20210429,18.51509794380628,0,Mula,73.99197833043111,2021-04-29,"{""type"":""MultiPoint"",""coordinates"":[]}"
9_1775_0,285,246,294,349,265,347,178,72,144,139,2,open_water,MU0184_20210429,18.512086557246676,0,Mula,73.99137612328713,2021-04-29,"{""type"":""MultiPoint"",""coordinates"":[]}"
9_1776_0,798,423,345,428,294,552,779,1074,1129,976,2,open_water,MU0185_20210429,18.51092675268977,0,Mula,73.99270658804429,2021-04-29,"{""type"":""MultiPoint"",""coordinates"":[]}"
9_1777_0,269,210,309,388,302,403,256,230,169,170,2,open_water,MU0186_20210429,18.50571770791596,0,Mula,74.00525983488511,2021-04-29,"{""type"":""MultiPoint"",""coordinates"":[]}"
9_1778_0,302,253,316,393,292,379,247,267,210,226,2,open_water,MU0187_20210429,18.50671476370524,0,Mula,74.00118260417761,2021-04-29,"{""type"":""MultiPoint"",""coordinates"":[]}"
9_1779_0,328,268,307,398,298,400,258,223,199,238,2,open_water,MU0188_20210429,18.507487986645536,0,Mula,73.99429423019288,2021-04-29,"{""type"":""MultiPoint"",""coordinates"":[]}"
9_1780_0,319,232,329,374,304,423,213,276,196,197,2,open_water,MU0189_20210429,18.506979287735795,0,Mula,74.0104529392599,2021-04-29,"{""type"":""MultiPoint"",""coordinates"":[]}"
9_1781_0,265,210,342,404,297,404,271,287,195,213,2,open_water,MU0190_20210429,18.50581944856869,0,Mula,74.01210529065186,2021-04-29,"{""type"":""MultiPoint"",""coordinates"":[]}"
9_1782_0,343,231,268,420,278,394,262,209,265,178,2,open_water,MU0191_20210429,18.503662533720593,0,Mula,74.01611687671516,2021-04-29,"{""type"":""MultiPoint"",""coordinates"":[]}"
9_1783_0,289,221,237,306,246,359,238,220,166,185,2,open_water,MU0192_20210429,18.50158698629065,0,Mula,74.01819841028691,2021-04-29,"{""type"":""MultiPoint"",""coordinates"":[]}"
9_1784_0,400,295,318,368,322,371,222,251,310,331,2,open_water,MU0193_20210429,18.50290964170335,0,Mula,74.0330041681274,2021-04-29,"{""type"":""MultiPoint"",""coordinates"":[]}"
9_1785_0,314,238,221,308,226,351,249,238,171,204,2,open_water,MU0194_20210429,18.497110229441414,0,Mula,74.02126603551166,2021-04-29,"{""type"":""MultiPoint"",""coordinates"":[]}"
9_1786_0,301,234,259,317,234,352,266,293,209,183,2,open_water,MU0195_20210429,18.499938739256557,0,Mula,74.01903428817705,2021-04-29,"{""type"":""MultiPoint"",""coordinates"":[]}"
9_1787_0,422,297,328,436,330,482,424,496,464,395,2,open_water,MU0196_20210429,18.49983699510922,0,Mula,74.03167370337025,2021-04-29,"{""type"":""MultiPoint"",""coordinates"":[]}"
9_1788_0,326,252,213,270,250,320,253,191,201,199,2,open_water,MU0197_20210429,18.51257489307495,0,Mula,74.0365232062388,2021-04-29,"{""type"":""MultiPoint"",""coordinates"":[]}"
9_1789_0,302,238,196,293,196,303,218,297,168,157,2,open_water,MU0198_20210429,18.52242271399547,0,Mula,74.04092174021284,2021-04-29,"{""type"":""MultiPoint"",""coordinates"":[]}"
9_1790_0,277,248,166,251,193,304,235,253,171,247,2,open_water,MU0199_20210429,18.520204969262664,0,Mula,74.04014921228934,2021-04-29,"{""type"":""MultiPoint"",""coordinates"":[]}"
9_1791_0,312,233,284,271,232,330,209,279,157,150,2,open_water,MU0200_20210429,18.515220025229507,0,Mula,74.03770287386482,2021-04-29,"{""type"":""MultiPoint"",""coordinates"":[]}"
9_1792_0,360,288,228,316,228,328,296,244,248,265,2,open_water,MU0201_20210429,18.533287214240918,0,Mula,74.04675826726155,2021-04-29,"{""type"":""MultiPoint"",""coordinates"":[]}"
9_1793_0,316,245,184,281,204,263,202,174,154,157,2,open_water,MU0202_20210429,18.529706481884325,0,Mula,74.04952649232081,2021-04-29,"{""type"":""MultiPoint"",""coordinates"":[]}"
9_1794_0,328,239,241,276,210,304,204,207,186,209,2,open_water,MU0203_20210429,18.528770596290418,0,Mula,74.05074966153309,2021-04-29,"{""type"":""MultiPoint"",""coordinates"":[]}"
9_1795_0,323,276,209,305,241,340,211,196,208,239,2,open_water,MU0204_20210429,18.52757021378951,0,Mula,74.05551358372813,2021-04-29,"{""type"":""MultiPoint"",""coordinates"":[]}"
9_1796_0,315,247,200,281,225,314,201,209,166,193,2,open_water,MU0205_20210429,18.527753323529357,0,Mula,74.05894704116602,2021-04-29,"{""type"":""MultiPoint"",""coordinates"":[]}"
9_1797_0,355,283,237,310,253,342,229,260,247,228,2,open_water,MU0206_20210429,18.535972714277985,0,Mula,74.0382604601028,2021-04-29,"{""type"":""MultiPoint"",""coordinates"":[]}"
9_1798_0,414,318,270,306,214,321,256,290,250,207,2,open_water,MU0207_20210429,18.534731692990537,0,Mula,74.03761668683319,2021-04-29,"{""type"":""MultiPoint"",""coordinates"":[]}"
9_1799_0,337,284,217,317,231,345,234,220,167,218,2,open_water,MU0208_20210429,18.535342032454885,0,Mula,74.04360377824047,2021-04-29,"{""type"":""MultiPoint"",""coordinates"":[]}"
9_1800_0,333,304,256,302,233,312,225,182,148,186,2,open_water,MU0209_20210429,18.53507755228797,0,Mula,74.04474111101679,2021-04-29,"{""type"":""MultiPoint"",""coordinates"":[]}"
9_1801_0,358,278,240,323,266,326,241,277,222,270,2,open_water,MU0210_20210429,18.53613547049966,0,Mula,74.04152224466877,2021-04-29,"{""type"":""MultiPoint"",""coordinates"":[]}"
9_1802_0,384,294,254,314,234,347,314,286,226,299,2,open_water,MU0211_20210429,18.53178168818482,0,Mula,74.03735917752535,2021-04-29,"{""type"":""MultiPoint"",""coordinates"":[]}"
9_1803_0,311,248,226,248,193,262,179,181,160,189,2,open_water,MU0212_20210429,18.530988229976845,0,Mula,74.0687740328329,2021-04-29,"{""type"":""MultiPoint"",""coordinates"":[]}"
9_1804_0,527,385,324,488,345,375,126,248,210,164,2,open_water,MU0213_20210429,18.52830265162181,0,Mula,74.07179976720003,2021-04-29,"{""type"":""MultiPoint"",""coordinates"":[]}"
9_1805_0,455,343,267,276,231,306,178,189,184,224,2,open_water,MU0214_20210429,18.529177503749615,0,Mula,74.06409594707381,2021-04-29,"{""type"":""MultiPoint"",""coordinates"":[]}"
9_1806_0,333,256,172,289,171,273,225,203,149,239,2,open_water,MU0215_20210429,18.53603374792895,0,Mula,74.07143496234727,2021-04-29,"{""type"":""MultiPoint"",""coordinates"":[]}"
9_1807_0,283,233,206,261,178,239,174,152,128,161,2,open_water,MU0216_20210429,18.534141696261514,0,Mula,74.08548951918141,2021-04-29,"{""type"":""MultiPoint"",""coordinates"":[]}"
9_1808_0,336,268,214,255,200,284,219,157,171,199,2,open_water,MU0217_20210429,18.534365488424157,0,Mula,74.08420197264223,2021-04-29,"{""type"":""MultiPoint"",""coordinates"":[]}"
9_1809_0,343,271,320,324,256,322,255,232,204,205,2,open_water,MU0218_20210429,18.528302651239724,0,Mula,74.09035981014182,2021-04-29,"{""type"":""MultiPoint"",""coordinates"":[]}"
9_1810_0,325,287,284,333,264,310,186,212,152,192,2,open_water,MU0219_20210429,18.526959846241258,0,Mula,74.09087482875749,2021-04-29,"{""type"":""MultiPoint"",""coordinates"":[]}"
9_1811_0,339,270,301,310,268,324,223,239,189,213,2,open_water,MU0220_20210429,18.525291498067,0,Mula,74.09291344411122,2021-04-29,"{""type"":""MultiPoint"",""coordinates"":[]}"
9_1812_0,362,269,241,324,233,320,234,252,219,214,2,open_water,MU0221_20210429,18.52468112271649,0,Mula,74.09501643679194,2021-04-29,"{""type"":""MultiPoint"",""coordinates"":[]}"
9_1813_0,377,264,206,298,232,322,265,239,177,212,2,open_water,MU0222_20210429,18.524030053274444,0,Mula,74.10063872334646,2021-04-29,"{""type"":""MultiPoint"",""coordinates"":[]}"
9_1814_0,326,268,249,300,239,286,147,221,174,119,2,open_water,MU0223_20210429,18.523602787605906,0,Mula,74.10276317513615,2021-04-29,"{""type"":""MultiPoint"",""coordinates"":[]}"
9_1815_0,360,254,262,276,220,315,175,239,210,181,2,open_water,MU0224_20210429,18.5239283234502,0,Mula,74.10441552652813,2021-04-29,"{""type"":""MultiPoint"",""coordinates"":[]}"
9_1816_0,329,251,200,292,222,294,291,239,210,248,2,open_water,MU0225_20210429,18.53475203781391,0,Mula,74.13720183797138,2021-04-29,"{""type"":""MultiPoint"",""coordinates"":[]}"
9_1817_0,349,268,225,269,227,289,255,261,196,283,2,open_water,MU0226_20210429,18.544415489544367,0,Mula,74.130357083396,2021-04-29,"{""type"":""MultiPoint"",""coordinates"":[]}"
9_1818_0,350,271,256,356,282,283,245,233,225,213,2,open_water,MU0227_20210429,18.54372380805534,0,Mula,74.1272455125929,2021-04-29,"{""type"":""MultiPoint"",""coordinates"":[]}"
9_1819_0,344,260,216,276,202,248,87,96,181,207,2,open_water,MU0228_20210429,18.541709778356417,0,Mula,74.12557170209195,2021-04-29,"{""type"":""MultiPoint"",""coordinates"":[]}"
9_1820_0,360,258,266,335,250,319,249,285,223,225,2,open_water,MU0229_20210429,18.538576796071904,0,Mula,74.12537857011107,2021-04-29,"{""type"":""MultiPoint"",""coordinates"":[]}"
9_1821_0,430,273,273,264,261,261,145,258,192,219,2,open_water,MU0230_20210429,18.536074437376,0,Mula,74.12406971533399,2021-04-29,"{""type"":""MultiPoint"",""coordinates"":[]}"
9_1822_0,344,263,229,313,268,333,224,172,172,180,2,open_water,MU0231_20210429,18.533856869731608,0,Mula,74.1238980424621,2021-04-29,"{""type"":""MultiPoint"",""coordinates"":[]}"
9_1823_0,361,278,260,312,224,332,252,236,199,225,2,open_water,MU0232_20210429,18.529035086113613,0,Mula,74.12194541154167,2021-04-29,"{""type"":""MultiPoint"",""coordinates"":[]}"
9_1824_0,382,281,259,289,238,309,232,215,231,218,2,open_water,MU0233_20210429,18.52622740293522,0,Mula,74.11825444479595,2021-04-29,"{""type"":""MultiPoint"",""coordinates"":[]}"
9_1825_0,603,381,348,608,480,663,457,730,420,463,2,open_water,MU0234_20210429,18.515769393727588,0,Mula,74.09769825497887,2021-04-29,"{""type"":""MultiPoint"",""coordinates"":[]}"
9_1826_0,811,513,891,1674,1016,1120,265,599,436,172,2,open_water,MU0235_20210429,18.516359454012157,0,Mula,74.09621757645876,2021-04-29,"{""type"":""MultiPoint"",""coordinates"":[]}"
9_1827_0,483,360,246,344,247,299,283,252,157,270,2,open_water,MU0236_20210429,18.523928322878973,0,Mula,74.08057502975404,2021-04-29,"{""type"":""MultiPoint"",""coordinates"":[]}"
9_1828_0,322,247,228,227,174,272,215,216,178,227,2,open_water,MU0237_20210429,18.532758247076654,0,Mula,74.08589691177264,2021-04-29,"{""type"":""MultiPoint"",""coordinates"":[]}"
9_1829_0,349,269,210,239,205,268,178,182,157,203,2,open_water,MU0238_20210429,18.535748924158963,0,Mula,74.08418018305369,2021-04-29,"{""type"":""MultiPoint"",""coordinates"":[]}"
9_1830_0,329,278,264,320,260,341,258,198,203,200,2,open_water,MU0239_20210429,18.52588152577265,0,Mula,74.09169087119903,2021-04-29,"{""type"":""MultiPoint"",""coordinates"":[]}"
9_1831_0,329,254,185,268,205,314,222,266,170,241,2,open_water,MU0240_20210429,18.530093041931305,0,Mula,74.06707864971041,2021-04-29,"{""type"":""MultiPoint"",""coordinates"":[]}"
10_1832_0,1897,780,272,623,300,1051,4408,5510,5629,5728,3,floating_plants,MU0001_20210228,18.53291083387752,1,Mula,74.08626139692234,2021-02-28,"{""type"":""MultiPoint"",""coordinates"":[]}"
10_1833_0,1875,787,296,626,300,1017,4346,5483,5552,5746,3,floating_plants,MU0002_20210228,18.532249623286702,1,Mula,74.08654036533919,2021-02-28,"{""type"":""MultiPoint"",""coordinates"":[]}"
10_1834_0,1919,814,276,652,329,1087,4438,5554,5500,5692,3,floating_plants,MU0003_20210228,18.533907731163296,1,Mula,74.08436226577703,2021-02-28,"{""type"":""MultiPoint"",""coordinates"":[]}"
10_1835_0,1901,799,302,670,314,1043,4477,5612,5643,5793,3,floating_plants,MU0004_20210228,18.53430445397584,1,Mula,74.08562835320726,2021-02-28,"{""type"":""MultiPoint"",""coordinates"":[]}"
10_1836_0,1964,826,303,683,342,1092,4642,5869,5976,6050,3,floating_plants,MU0005_20210228,18.535677718138455,1,Mula,74.08290304636593,2021-02-28,"{""type"":""MultiPoint"",""coordinates"":[]}"
10_1837_0,1926,845,250,648,296,1021,4665,5863,5980,6182,3,floating_plants,MU0006_20210228,18.538068188941665,1,Mula,74.07974872473994,2021-02-28,"{""type"":""MultiPoint"",""coordinates"":[]}"
10_1838_0,1976,911,292,655,324,1101,4699,5750,5840,5938,3,floating_plants,MU0007_20210228,18.53879040963584,1,Mula,74.07927662434226,2021-02-28,"{""type"":""MultiPoint"",""coordinates"":[]}"
10_1839_0,1893,782,268,634,289,1026,4617,5891,5824,5976,3,floating_plants,MU0008_20210228,18.538495418453515,1,Mula,74.08105773038815,2021-02-28,"{""type"":""MultiPoint"",""coordinates"":[]}"
10_1840_0,1902,803,273,626,289,1014,4696,5964,5824,6053,3,floating_plants,MU0009_20210228,18.538739549123523,1,Mula,74.08009207048374,2021-02-28,"{""type"":""MultiPoint"",""coordinates"":[]}"
10_1841_0,1854,968,348,744,406,1238,3500,4269,4952,4387,3,floating_plants,MU0010_20210228,18.538597139608402,1,Mula,74.07830023488337,2021-02-28,"{""type"":""MultiPoint"",""coordinates"":[]}"
10_1842_0,1212,550,266,600,312,881,3634,4252,4616,3893,3,floating_plants,MU0011_20210228,18.53735613738133,1,Mula,74.0774096818604,2021-02-28,"{""type"":""MultiPoint"",""coordinates"":[]}"
10_1843_0,1135,570,298,664,356,866,3237,3738,5308,3847,3,floating_plants,MU0012_20210228,18.537783368718504,1,Mula,74.07545713715201,2021-02-28,"{""type"":""MultiPoint"",""coordinates"":[]}"
10_1844_0,1932,810,277,648,287,1061,4708,5963,6101,6171,3,floating_plants,MU0013_20210228,18.53732562086445,1,Mula,74.08083264395322,2021-02-28,"{""type"":""MultiPoint"",""coordinates"":[]}"
10_1845_0,1968,844,264,622,300,1065,4467,5653,6016,5973,3,floating_plants,MU0014_20210228,18.537162865776402,1,Mula,74.08154079454978,2021-02-28,"{""type"":""MultiPoint"",""coordinates"":[]}"
10_1846_0,1957,813,264,648,279,1040,4662,5901,6000,6089,3,floating_plants,MU0015_20210228,18.53729510429724,1,Mula,74.08261374999911,2021-02-28,"{""type"":""MultiPoint"",""coordinates"":[]}"
10_1847_0,1953,805,275,650,295,1048,4605,5833,5916,6015,3,floating_plants,MU0016_20210228,18.535860819491052,1,Mula,74.0835794099035,2021-02-28,"{""type"":""MultiPoint"",""coordinates"":[]}"
10_1848_0,1957,870,302,648,357,1057,4465,5599,5529,5709,3,floating_plants,MU0017_20210228,18.534955484585918,1,Mula,74.08322533460523,2021-02-28,"{""type"":""MultiPoint"",""coordinates"":[]}"
10_1849_0,1841,764,272,623,313,990,4238,5274,5384,5532,3,floating_plants,MU0018_20210228,18.53098822946962,1,Mula,74.08724838446236,2021-02-28,"{""type"":""MultiPoint"",""coordinates"":[]}"
10_1850_0,1858,767,281,634,310,1022,4403,5527,5592,5693,3,floating_plants,MU0019_20210228,18.53115099043812,1,Mula,74.08792434639547,2021-02-28,"{""type"":""MultiPoint"",""coordinates"":[]}"
10_1851_0,1557,701,251,582,279,1004,3869,4665,4528,4797,3,floating_plants,MU0020_20210228,18.529859070983488,1,Mula,74.08825696258474,2021-02-28,"{""type"":""MultiPoint"",""coordinates"":[]}"
10_1852_0,1647,689,293,590,302,986,3884,4741,5024,4933,3,floating_plants,MU0021_20210228,18.529035085759222,1,Mula,74.08876125164592,2021-02-28,"{""type"":""MultiPoint"",""coordinates"":[]}"
10_1853_0,1762,761,289,618,328,977,4080,5048,5149,5317,3,floating_plants,MU0022_20210228,18.52922836660047,1,Mula,74.08963034555987,2021-02-28,"{""type"":""MultiPoint"",""coordinates"":[]}"
10_1854_0,1831,761,279,614,288,1008,4250,5274,5340,5454,3,floating_plants,MU0023_20210228,18.5287095596379,1,Mula,74.08926554070712,2021-02-28,"{""type"":""MultiPoint"",""coordinates"":[]}"
10_1855_0,708,398,237,464,275,552,1297,1362,1978,1443,3,floating_plants,MU0024_20210228,18.523419672684696,1,Mula,74.09798819218862,2021-02-28,"{""type"":""MultiPoint"",""coordinates"":[]}"
10_1856_0,2020,1051,410,781,478,1270,3294,4061,4352,4201,3,floating_plants,MU0025_20210228,18.52307378980075,1,Mula,74.10197958646015,2021-02-28,"{""type"":""MultiPoint"",""coordinates"":[]}"
10_1857_0,833,437,322,520,312,565,1350,1410,2945,1838,3,floating_plants,MU0026_20210228,18.52313482800756,1,Mula,74.10114268120965,2021-02-28,"{""type"":""MultiPoint"",""coordinates"":[]}"
10_1858_0,1273,617,300,622,346,1039,2844,3242,3264,3386,3,floating_plants,MU0027_20210228,18.524782851377413,1,Mula,74.11419936145704,2021-02-28,"{""type"":""MultiPoint"",""coordinates"":[]}"
10_1859_0,1351,653,323,678,358,1116,3051,3557,3208,3604,3,floating_plants,MU0028_20210228,18.524314895744883,1,Mula,74.1145641663098,2021-02-28,"{""type"":""MultiPoint"",""coordinates"":[]}"
10_1860_0,1586,686,284,600,302,980,3799,4492,4476,4591,3,floating_plants,MU0029_20210228,18.525301670255576,1,Mula,74.1152508577974,2021-02-28,"{""type"":""MultiPoint"",""coordinates"":[]}"
10_1861_0,1686,777,324,670,378,1095,3844,4492,4571,4698,3,floating_plants,MU0030_20210228,18.52489475362152,1,Mula,74.11608776304786,2021-02-28,"{""type"":""MultiPoint"",""coordinates"":[]}"
10_1862_0,1752,762,313,642,367,1075,4188,5073,5109,5279,3,floating_plants,MU0031_20210228,18.525464436638043,1,Mula,74.11767573711286,2021-02-28,"{""type"":""MultiPoint"",""coordinates"":[]}"
10_1863_0,1656,718,274,614,320,986,3896,4716,4773,4874,3,floating_plants,MU0032_20210228,18.525545819771185,1,Mula,74.11658132255455,2021-02-28,"{""type"":""MultiPoint"",""coordinates"":[]}"
10_1864_0,1659,744,277,582,322,993,3849,4753,4744,4918,3,floating_plants,MU0033_20210228,18.526146019181756,1,Mula,74.11723582537866,2021-02-28,"{""type"":""MultiPoint"",""coordinates"":[]}"
10_1865_0,1160,835,296,626,345,879,1726,1954,2128,2097,3,floating_plants,MU0034_20210228,18.52795677795543,1,Mula,74.11929541705388,2021-02-28,"{""type"":""MultiPoint"",""coordinates"":[]}"
10_1866_0,1148,699,388,764,453,1065,2598,2867,3496,2707,3,floating_plants,MU0035_20210228,18.529523373828635,1,Mula,74.12176303713419,2021-02-28,"{""type"":""MultiPoint"",""coordinates"":[]}"
10_1867_0,1181,726,472,848,596,1082,2278,2373,3584,2186,3,floating_plants,MU0036_20210228,18.53153754716689,1,Mula,74.1232437156543,2021-02-28,"{""type"":""MultiPoint"",""coordinates"":[]}"
10_1868_0,1757,759,271,593,299,958,4287,5376,5324,5375,3,floating_plants,MU0037_20210228,18.503906713824616,1,Mula,74.03268164711555,2021-02-28,"{""type"":""MultiPoint"",""coordinates"":[]}"
10_1869_0,1797,910,290,566,327,1076,3695,4528,5068,4728,3,floating_plants,MU0038_20210228,18.50305208091368,1,Mula,74.03223100582687,2021-02-28,"{""type"":""MultiPoint"",""coordinates"":[]}"
10_1870_0,1850,781,277,628,340,990,4161,5277,5307,5398,3,floating_plants,MU0039_20210228,18.504445944299484,1,Mula,74.03440910538902,2021-02-28,"{""type"":""MultiPoint"",""coordinates"":[]}"
10_1871_0,1284,579,306,667,372,1022,2896,3265,3851,3195,3,floating_plants,MU0040_20210228,18.505097088269483,1,Mula,74.03498850133164,2021-02-28,"{""type"":""MultiPoint"",""coordinates"":[]}"
10_1872_0,1743,874,306,620,374,1164,3639,4135,4567,4403,3,floating_plants,MU0041_20210228,18.498198905416444,1,Mula,74.02975272300638,2021-02-28,"{""type"":""MultiPoint"",""coordinates"":[]}"
10_1873_0,1719,959,352,712,474,1307,2840,3330,3908,3541,3,floating_plants,MU0042_20210228,18.4984023955972,1,Mula,74.03029993028551,2021-02-28,"{""type"":""MultiPoint"",""coordinates"":[]}"
10_1874_0,1597,767,386,759,406,1144,4376,5504,5644,5586,3,floating_plants,MU0043_20210228,18.496357308285216,1,Mula,74.02916259750924,2021-02-28,"{""type"":""MultiPoint"",""coordinates"":[]}"
10_1875_0,1419,642,286,612,318,962,3596,4153,4876,4272,3,floating_plants,MU0044_20210228,18.504863083746713,1,Mula,74.01605199073708,2021-02-28,"{""type"":""MultiPoint"",""coordinates"":[]}"
10_1876_0,1527,707,324,684,386,952,3136,4037,4552,4238,3,floating_plants,MU0045_20210228,18.5047002977639,1,Mula,74.01351981587665,2021-02-28,"{""type"":""MultiPoint"",""coordinates"":[]}"
10_1877_0,1245,526,307,618,309,856,3019,3511,4247,3276,3,floating_plants,MU0046_20210228,18.503398004328883,1,Mula,74.01591250652866,2021-02-28,"{""type"":""MultiPoint"",""coordinates"":[]}"
10_1878_0,1953,1049,304,592,340,1026,3251,3888,4468,4200,3,floating_plants,MU0047_20210228,18.502258489447115,1,Mula,74.01668503445221,2021-02-28,"{""type"":""MultiPoint"",""coordinates"":[]}"
10_1879_0,1925,872,312,608,402,1058,2560,2950,3079,3474,3,floating_plants,MU0048_20210228,18.506643545575596,1,Mula,73.99978709969753,2021-02-28,"{""type"":""MultiPoint"",""coordinates"":[]}"
10_1880_0,1914,850,285,592,341,1028,3046,3770,4200,4051,3,floating_plants,MU0049_20210228,18.50753885640178,1,Mula,74.00008752722334,2021-02-28,"{""type"":""MultiPoint"",""coordinates"":[]}"
10_1881_0,1913,922,397,874,526,1430,3804,4353,4356,4641,3,floating_plants,MU0050_20210228,18.5061857143223,1,Mula,73.99884318986783,2021-02-28,"{""type"":""MultiPoint"",""coordinates"":[]}"
10_1882_0,991,549,333,648,384,846,1729,2112,2518,1950,3,floating_plants,MU0051_20210228,18.543866213274804,1,Mula,73.94314938662784,2021-02-28,"{""type"":""MultiPoint"",""coordinates"":[]}"
10_1883_0,1933,1102,434,696,460,1206,3208,3823,4672,3754,3,floating_plants,MU0052_20210228,18.542177686341677,1,Mula,73.94336397771771,2021-02-28,"{""type"":""MultiPoint"",""coordinates"":[]}"
10_1884_0,1391,640,284,564,325,824,3197,4016,4602,3867,3,floating_plants,MU0053_20210228,18.544659611732104,1,Mula,73.95042402457435,2021-02-28,"{""type"":""MultiPoint"",""coordinates"":[]}"
10_1885_0,1136,576,318,602,342,756,2576,2795,4276,2796,3,floating_plants,MU0054_20210228,18.544832531419544,1,Mula,73.94844978654757,2021-02-28,"{""type"":""MultiPoint"",""coordinates"":[]}"
10_1886_0,1625,732,259,603,350,995,4070,5081,5248,5124,3,floating_plants,MU0055_20210228,18.538424213778114,1,Mula,73.92753902068384,2021-02-28,"{""type"":""MultiPoint"",""coordinates"":[]}"
10_1887_0,1360,636,284,624,386,943,3588,4254,5096,4233,3,floating_plants,MU0056_20210228,18.538973507524002,1,Mula,73.92469568874306,2021-02-28,"{""type"":""MultiPoint"",""coordinates"":[]}"
10_1888_0,918,469,245,513,286,685,2066,2306,3552,2465,3,floating_plants,MU0057_20210228,18.537620614190626,1,Mula,73.92880510811405,2021-02-28,"{""type"":""MultiPoint"",""coordinates"":[]}"
10_1889_0,1621,857,256,594,323,1000,3687,4660,5067,4752,3,floating_plants,MU0058_20210228,18.53691873297779,1,Mula,73.93168062871827,2021-02-28,"{""type"":""MultiPoint"",""coordinates"":[]}"
10_1890_0,1913,1071,217,551,290,1053,3417,4303,5280,4443,3,floating_plants,MU0059_20210228,18.5395431437167,1,Mula,73.91913837581558,2021-02-28,"{""type"":""MultiPoint"",""coordinates"":[]}"
10_1891_0,1773,994,280,556,340,1098,3303,3882,4607,4060,3,floating_plants,MU0060_20210228,18.53934987454076,1,Mula,73.91865554586336,2021-02-28,"{""type"":""MultiPoint"",""coordinates"":[]}"
10_1892_0,1197,584,281,575,278,793,2508,3505,4216,3432,3,floating_plants,MU0061_20210228,18.539299014194963,1,Mula,73.91736799932417,2021-02-28,"{""type"":""MultiPoint"",""coordinates"":[]}"
10_1893_0,1686,867,320,717,357,1134,3708,4189,4615,4335,3,floating_plants,MU0062_20210228,18.53964486424781,1,Mula,73.91655255318268,2021-02-28,"{""type"":""MultiPoint"",""coordinates"":[]}"
10_1894_0,1698,845,297,660,336,1050,4034,4959,5328,5264,3,floating_plants,MU0063_20210228,18.540306046223705,1,Mula,73.91268991356505,2021-02-28,"{""type"":""MultiPoint"",""coordinates"":[]}"
10_1895_0,1046,529,242,538,288,695,2315,2693,4704,2878,3,floating_plants,MU0064_20210228,18.540000885629706,1,Mula,73.91531865441591,2021-02-28,"{""type"":""MultiPoint"",""coordinates"":[]}"
10_1896_0,1869,1113,392,720,481,1258,3300,3751,4396,4146,3,floating_plants,MU0065_20210228,18.541028257579203,1,Mula,73.91054441361051,2021-02-28,"{""type"":""MultiPoint"",""coordinates"":[]}"
10_1897_0,1637,838,311,608,318,1058,3620,4558,5376,4710,3,floating_plants,MU0066_20210228,18.5415368552918,1,Mula,73.90393551238311,2021-02-28,"{""type"":""MultiPoint"",""coordinates"":[]}"
10_1898_0,1780,1345,432,764,624,1417,1869,1934,1972,2114,3,floating_plants,MU0067_20210228,18.54150633947679,1,Mula,73.90291620470624,2021-02-28,"{""type"":""MultiPoint"",""coordinates"":[]}"
10_1899_0,1571,1026,350,662,432,1189,2084,2534,2866,2728,3,floating_plants,MU0068_20210228,18.54356105903588,1,Mula,73.89373271761471,2021-02-28,"{""type"":""MultiPoint"",""coordinates"":[]}"
10_1900_0,535,283,265,472,263,555,1071,1015,1510,1084,3,floating_plants,MU0069_20210228,18.542686280411456,1,Mula,73.87754233571971,2021-02-28,"{""type"":""MultiPoint"",""coordinates"":[]}"
10_1901_0,1304,667,678,1268,872,2038,3360,3725,3684,3896,3,floating_plants,MU0070_20210228,18.555431157819484,1,Mula,73.86741459538706,2021-02-28,"{""type"":""MultiPoint"",""coordinates"":[]}"
10_1902_0,1582,749,516,1030,710,1796,4088,4634,4681,4875,3,floating_plants,MU0071_20210228,18.555105681995855,1,Mula,73.86500044562608,2021-02-28,"{""type"":""MultiPoint"",""coordinates"":[]}"
10_1903_0,1588,753,640,1226,802,1865,4016,4497,4772,4778,3,floating_plants,MU0072_20210228,18.555095510866366,1,Mula,73.86565494845019,2021-02-28,"{""type"":""MultiPoint"",""coordinates"":[]}"
10_1904_0,1571,676,293,651,342,1031,4145,4960,4864,5188,3,floating_plants,MU0073_20210228,18.5548920881493,1,Mula,73.86385238329527,2021-02-28,"{""type"":""MultiPoint"",""coordinates"":[]}"
10_1905_0,1549,760,634,1214,843,1919,3773,4151,4308,4396,3,floating_plants,MU0074_20210228,18.555451500037858,1,Mula,73.86650258325513,2021-02-28,"{""type"":""MultiPoint"",""coordinates"":[]}"
10_1906_0,626,392,476,783,590,993,1449,1398,1654,1457,3,floating_plants,MU0075_20210228,18.571358373752023,1,Mula,73.87426464720691,2021-02-28,"{""type"":""MultiPoint"",""coordinates"":[]}"
10_1907_0,1689,874,278,604,386,1041,3439,4114,3932,4402,3,floating_plants,MU0076_20210228,18.575711147323677,1,Mula,73.87262860890979,2021-02-28,"{""type"":""MultiPoint"",""coordinates"":[]}"
10_1908_0,905,449,316,489,335,618,1791,2276,2199,2444,3,floating_plants,MU0077_20210228,18.575756911870716,1,Mula,73.87139471014304,2021-02-28,"{""type"":""MultiPoint"",""coordinates"":[]}"
10_1909_0,1353,634,315,631,334,1094,3719,4284,4463,4601,3,floating_plants,MU0078_20210228,18.578472253180347,1,Mula,73.86917910778972,2021-02-28,"{""type"":""MultiPoint"",""coordinates"":[]}"
10_1910_0,1237,585,347,588,359,877,3057,3332,3528,3568,3,floating_plants,MU0079_20210228,18.577475616139655,1,Mula,73.86937223977061,2021-02-28,"{""type"":""MultiPoint"",""coordinates"":[]}"
10_1911_0,1346,714,390,670,536,1082,2374,3015,2691,3117,3,floating_plants,MU0080_20210228,18.579316339373104,1,Mula,73.86774147033981,2021-02-28,"{""type"":""MultiPoint"",""coordinates"":[]}"
10_1912_0,1575,901,362,679,461,1202,2976,3233,3476,3448,3,floating_plants,MU0081_20210228,18.57923498186863,1,Mula,73.86853545737233,2021-02-28,"{""type"":""MultiPoint"",""coordinates"":[]}"
10_1913_0,1500,691,308,586,397,882,3221,3880,3641,4138,3,floating_plants,MU0082_20210228,18.579992622126134,1,Mula,73.86689383553487,2021-02-28,"{""type"":""MultiPoint"",""coordinates"":[]}"
10_1914_0,1336,640,319,664,376,944,3010,3426,3888,3522,3,floating_plants,MU0083_20210228,18.5799366890679,1,Mula,73.86759125657689,2021-02-28,"{""type"":""MultiPoint"",""coordinates"":[]}"
10_1915_0,1422,789,372,598,434,848,2281,2739,3271,2941,3,floating_plants,MU0084_20210228,18.580658732590653,1,Mula,73.86729082905107,2021-02-28,"{""type"":""MultiPoint"",""coordinates"":[]}"
10_1916_0,799,438,346,637,404,740,1580,1716,2911,1738,3,floating_plants,MU0085_20210228,18.58124348407848,1,Mula,73.86667934035587,2021-02-28,"{""type"":""MultiPoint"",""coordinates"":[]}"
10_1917_0,586,359,295,479,286,526,1181,1854,2632,1317,3,floating_plants,MU0086_20210228,18.582911285504654,1,Mula,73.86480703309681,2021-02-28,"{""type"":""MultiPoint"",""coordinates"":[]}"
10_1918_0,1324,656,320,530,370,852,2752,3514,3327,3672,3,floating_plants,MU0087_20210228,18.584268904624146,1,Mula,73.86321924474692,2021-02-28,"{""type"":""MultiPoint"",""coordinates"":[]}"
10_1919_0,592,366,262,438,314,475,929,1132,2331,1138,3,floating_plants,MU0088_20210228,18.584131618001404,1,Mula,73.8608270771147,2021-02-28,"{""type"":""MultiPoint"",""coordinates"":[]}"
10_1920_0,1271,637,364,585,375,820,2850,3231,3340,3517,3,floating_plants,MU0089_20210228,18.583015522554973,1,Mula,73.85864065845946,2021-02-28,"{""type"":""MultiPoint"",""coordinates"":[]}"
10_1921_0,1079,583,312,538,311,673,2070,2675,3672,2707,3,floating_plants,MU0090_20210228,18.583877382636825,1,Mula,73.85933015878001,2021-02-28,"{""type"":""MultiPoint"",""coordinates"":[]}"
10_1922_0,1680,821,288,560,334,905,3852,4829,4900,4922,3,floating_plants,MU0091_20210228,18.58216382768436,1,Mula,73.85420162570932,2021-02-28,"{""type"":""MultiPoint"",""coordinates"":[]}"
10_1923_0,1820,778,336,642,350,1044,4532,5830,5748,5773,3,floating_plants,MU0092_20210228,18.581472299211516,1,Mula,73.85433574514047,2021-02-28,"{""type"":""MultiPoint"",""coordinates"":[]}"
10_1924_0,1717,764,296,560,313,905,3810,4697,4948,4944,3,floating_plants,MU0093_20210228,18.58157399475116,1,Mula,73.85343446256303,2021-02-28,"{""type"":""MultiPoint"",""coordinates"":[]}"
10_1925_0,1673,716,266,576,296,904,4041,5120,5184,5326,3,floating_plants,MU0094_20210228,18.58079602217673,1,Mula,73.85304822302804,2021-02-28,"{""type"":""MultiPoint"",""coordinates"":[]}"
10_1926_0,1768,733,318,606,302,975,4587,5638,5848,5787,3,floating_plants,MU0095_20210228,18.580033300668997,1,Mula,73.85327354367239,2021-02-28,"{""type"":""MultiPoint"",""coordinates"":[]}"
10_1927_0,1720,685,282,550,276,893,4319,5518,5472,5582,3,floating_plants,MU0096_20210228,18.579718041448857,1,Mula,73.85274779550222,2021-02-28,"{""type"":""MultiPoint"",""coordinates"":[]}"
10_1928_0,1712,763,346,598,377,934,4051,5099,4401,4898,3,floating_plants,MU0097_20210228,18.578670562887236,1,Mula,73.85302675709393,2021-02-28,"{""type"":""MultiPoint"",""coordinates"":[]}"
10_1929_0,1701,682,217,514,264,886,4265,5180,5332,5388,3,floating_plants,MU0098_20210228,18.57831462216998,1,Mula,73.85192697775837,2021-02-28,"{""type"":""MultiPoint"",""coordinates"":[]}"
10_1930_0,1840,766,268,596,288,992,4584,5742,5464,5946,3,floating_plants,MU0099_20210228,18.577302729499753,1,Mula,73.8526780465729,2021-02-28,"{""type"":""MultiPoint"",""coordinates"":[]}"
10_1931_0,1706,667,218,563,236,954,4598,5664,5664,5767,3,floating_plants,MU0100_20210228,18.576992550052,1,Mula,73.85166953382799,2021-02-28,"{""type"":""MultiPoint"",""coordinates"":[]}"
10_1932_0,1703,668,235,614,262,1021,4504,5451,5417,5504,3,floating_plants,MU0101_20210228,18.57537554035359,1,Mula,73.85091325469946,2021-02-28,"{""type"":""MultiPoint"",""coordinates"":[]}"
10_1933_0,1701,742,258,648,294,1047,4258,5227,5092,5158,3,floating_plants,MU0102_20210228,18.574582284691594,1,Mula,73.85107419801686,2021-02-28,"{""type"":""MultiPoint"",""coordinates"":[]}"
10_1934_0,1337,557,200,490,242,838,3282,3945,3164,3866,3,floating_plants,MU0103_20210228,18.574521264872423,1,Mula,73.85028021098438,2021-02-28,"{""type"":""MultiPoint"",""coordinates"":[]}"
10_1935_0,1554,641,236,560,234,903,3773,4680,4732,4647,3,floating_plants,MU0104_20210228,18.574205995458808,1,Mula,73.84951841261535,2021-02-28,"{""type"":""MultiPoint"",""coordinates"":[]}"
10_1936_0,1650,685,265,611,286,1022,4076,4729,4760,4761,3,floating_plants,MU0105_20210228,18.573504264671172,1,Mula,73.8494003875159,2021-02-28,"{""type"":""MultiPoint"",""coordinates"":[]}"
10_1937_0,1416,589,216,508,228,860,3354,4310,4612,4129,3,floating_plants,MU0106_20210228,18.573636475040374,1,Mula,73.84871369602834,2021-02-28,"{""type"":""MultiPoint"",""coordinates"":[]}"
10_1938_0,1765,718,287,694,307,1136,4482,5116,5263,5307,3,floating_plants,MU0107_20210228,18.572975422169296,1,Mula,73.84857421181992,2021-02-28,"{""type"":""MultiPoint"",""coordinates"":[]}"
10_1939_0,818,391,211,520,224,610,2334,2326,3208,2304,3,floating_plants,MU0108_20210228,18.573229673290356,1,Mula,73.84774830481817,2021-02-28,"{""type"":""MultiPoint"",""coordinates"":[]}"
10_1940_0,1013,538,324,518,291,760,2134,2563,2060,2453,3,floating_plants,MU0109_20210228,18.572314366448985,1,Mula,73.8467397266958,2021-02-28,"{""type"":""MultiPoint"",""coordinates"":[]}"
10_1941_0,614,328,233,426,236,501,1262,1710,2456,1416,3,floating_plants,MU0110_20210228,18.572822870856296,1,Mula,73.84652513560594,2021-02-28,"{""type"":""MultiPoint"",""coordinates"":[]}"
10_1942_0,1778,762,308,643,324,1059,3937,4694,4881,5124,3,floating_plants,MU0111_20210228,18.575497579224944,1,Mula,73.8366549613374,2021-02-28,"{""type"":""MultiPoint"",""coordinates"":[]}"
10_1943_0,1788,735,308,659,327,982,4512,5741,5936,5979,3,floating_plants,MU0112_20210228,18.575233161270276,1,Mula,73.83796396698558,2021-02-28,"{""type"":""MultiPoint"",""coordinates"":[]}"
10_1944_0,1776,721,283,622,321,1001,4492,5736,5885,5876,3,floating_plants,MU0113_20210228,18.57477551384122,1,Mula,73.83944464550571,2021-02-28,"{""type"":""MultiPoint"",""coordinates"":[]}"
10_1945_0,1492,678,345,734,356,1163,3469,3874,3952,3925,3,floating_plants,MU0114_20210228,18.57174483961705,1,Mula,73.83107577332773,2021-02-28,"{""type"":""MultiPoint"",""coordinates"":[]}"
10_1946_0,812,433,347,574,340,809,1811,2044,2480,2040,3,floating_plants,MU0115_20210228,18.573005931976223,1,Mula,73.83220237654956,2021-02-28,"{""type"":""MultiPoint"",""coordinates"":[]}"
10_1947_0,1331,631,369,711,375,1106,3003,3358,3368,3374,3,floating_plants,MU0116_20210228,18.57367715475135,1,Mula,73.83226675387651,2021-02-28,"{""type"":""MultiPoint"",""coordinates"":[]}"
10_1948_0,1563,702,334,730,354,1270,3714,3987,3616,3982,3,floating_plants,MU0117_20210228,18.5704633975056,1,Mula,73.83067877981152,2021-02-28,"{""type"":""MultiPoint"",""coordinates"":[]}"
10_1949_0,950,417,251,546,300,799,1957,2216,2188,2326,3,floating_plants,MU0118_20210228,18.569802332334017,1,Mula,73.8303139749587,2021-02-28,"{""type"":""MultiPoint"",""coordinates"":[]}"
10_1950_0,1000,522,236,574,297,939,2230,2500,2712,2424,3,floating_plants,MU0119_20210228,18.568500534786033,1,Mula,73.82918746657018,2021-02-28,"{""type"":""MultiPoint"",""coordinates"":[]}"
10_1951_0,1037,598,355,632,371,894,2134,2246,2674,2310,3,floating_plants,MU0120_20210228,18.573605964739848,1,Mula,73.83130118162104,2021-02-28,"{""type"":""MultiPoint"",""coordinates"":[]}"
10_1952_0,258,193,244,324,256,311,290,279,304,232,2,open_water,MU0121_20210228,18.57286355126085,0,Mula,73.84357489894825,2021-02-28,"{""type"":""MultiPoint"",""coordinates"":[]}"
10_1953_0,244,186,272,336,288,310,279,360,273,275,2,open_water,MU0122_20210228,18.572375387175388,0,Mula,73.84561351430197,2021-02-28,"{""type"":""MultiPoint"",""coordinates"":[]}"
10_1954_0,323,256,348,386,350,353,318,307,334,357,2,open_water,MU0123_20210228,18.583511283649084,0,Mula,73.85989359725258,2021-02-28,"{""type"":""MultiPoint"",""coordinates"":[]}"
10_1955_0,303,245,348,396,337,378,312,396,316,323,2,open_water,MU0124_20210228,18.58359263911227,0,Mula,73.86102020047437,2021-02-28,"{""type"":""MultiPoint"",""coordinates"":[]}"
10_1956_0,368,260,268,420,353,420,297,394,336,370,2,open_water,MU0125_20210228,18.585728206129527,0,Mula,73.86625622306711,2021-02-28,"{""type"":""MultiPoint"",""coordinates"":[]}"
10_1957_0,283,195,268,306,270,292,267,301,290,290,2,open_water,MU0126_20210228,18.58279942168943,0,Mula,73.86558026113404,2021-02-28,"{""type"":""MultiPoint"",""coordinates"":[]}"
10_1958_0,347,232,189,290,219,346,338,497,243,473,2,open_water,MU0127_20210228,18.56088278610669,0,Mula,73.87297198734232,2021-02-28,"{""type"":""MultiPoint"",""coordinates"":[]}"
10_1959_0,378,213,188,288,229,450,535,362,226,550,2,open_water,MU0128_20210228,18.557251777005778,0,Mula,73.87298272839173,2021-02-28,"{""type"":""MultiPoint"",""coordinates"":[]}"
10_1960_0,260,194,257,374,291,406,312,312,290,287,2,open_water,MU0129_20210228,18.5559803971081,0,Mula,73.87272521908389,2021-02-28,"{""type"":""MultiPoint"",""coordinates"":[]}"
10_1961_0,284,190,238,388,250,144,149,189,254,165,2,open_water,MU0130_20210228,18.55472935004466,0,Mula,73.87537541904373,2021-02-28,"{""type"":""MultiPoint"",""coordinates"":[]}"
10_1962_0,271,187,221,325,234,308,229,212,268,232,2,open_water,MU0131_20210228,18.555624409039677,0,Mula,73.86855142238599,2021-02-28,"{""type"":""MultiPoint"",""coordinates"":[]}"
10_1963_0,242,191,216,298,233,285,190,292,220,215,2,open_water,MU0132_20210228,18.553315553680623,0,Mula,73.86094507706895,2021-02-28,"{""type"":""MultiPoint"",""coordinates"":[]}"
10_1964_0,291,215,250,330,242,356,195,273,237,284,2,open_water,MU0133_20210228,18.552359454833407,0,Mula,73.85936783255839,2021-02-28,"{""type"":""MultiPoint"",""coordinates"":[]}"
10_1965_0,213,139,192,269,192,250,175,211,162,230,2,open_water,MU0134_20210228,18.550772725780853,0,Mula,73.85707170789684,2021-02-28,"{""type"":""MultiPoint"",""coordinates"":[]}"
10_1966_0,213,144,190,286,207,309,217,248,191,197,2,open_water,MU0135_20210228,18.548687578131055,0,Mula,73.85620297248134,2021-02-28,"{""type"":""MultiPoint"",""coordinates"":[]}"
10_1967_0,229,158,219,313,239,356,278,175,224,182,2,open_water,MU0136_20210228,18.547294075361645,0,Mula,73.85584889718307,2021-02-28,"{""type"":""MultiPoint"",""coordinates"":[]}"
10_1968_0,209,149,204,301,211,342,209,237,209,229,2,open_water,MU0137_20210228,18.544578238019014,0,Mula,73.85482958950617,2021-02-28,"{""type"":""MultiPoint"",""coordinates"":[]}"
10_1969_0,192,149,181,305,215,325,212,247,205,208,2,open_water,MU0138_20210228,18.541852185018055,0,Mula,73.85396062850248,2021-02-28,"{""type"":""MultiPoint"",""coordinates"":[]}"
10_1970_0,286,203,232,329,209,213,192,195,189,219,2,open_water,MU0139_20210228,18.540631550418862,0,Mula,73.8499155864585,2021-02-28,"{""type"":""MultiPoint"",""coordinates"":[]}"
10_1971_0,222,146,225,329,254,321,245,271,247,242,2,open_water,MU0140_20210228,18.540183982080165,0,Mula,73.85435742947848,2021-02-28,"{""type"":""MultiPoint"",""coordinates"":[]}"
10_1972_0,272,192,201,313,228,294,139,237,255,222,2,open_water,MU0141_20210228,18.537437515011252,0,Mula,73.85409991801534,2021-02-28,"{""type"":""MultiPoint"",""coordinates"":[]}"
10_1973_0,192,149,181,259,212,271,189,180,190,162,2,open_water,MU0142_20210228,18.533246524447378,0,Mula,73.86241523797248,2021-02-28,"{""type"":""MultiPoint"",""coordinates"":[]}"
10_1974_0,182,142,187,281,223,296,193,197,208,173,2,open_water,MU0143_20210228,18.53159858268547,0,Mula,73.86071996836256,2021-02-28,"{""type"":""MultiPoint"",""coordinates"":[]}"
10_1975_0,286,192,268,371,278,374,293,360,269,327,2,open_water,MU0144_20210228,18.531456167219417,0,Mula,73.85740453602409,2021-02-28,"{""type"":""MultiPoint"",""coordinates"":[]}"
10_1976_0,202,168,214,290,213,289,213,245,210,200,2,open_water,MU0145_20210228,18.54032639078933,0,Mula,73.87286530246611,2021-02-28,"{""type"":""MultiPoint"",""coordinates"":[]}"
10_1977_0,197,140,210,306,212,305,241,246,212,201,2,open_water,MU0146_20210228,18.541465652054978,0,Mula,73.87559060930742,2021-02-28,"{""type"":""MultiPoint"",""coordinates"":[]}"
10_1978_0,179,158,221,367,236,379,236,253,214,199,2,open_water,MU0147_20210228,18.54303212388952,0,Mula,73.88089100922711,2021-02-28,"{""type"":""MultiPoint"",""coordinates"":[]}"
10_1979_0,183,152,229,356,252,350,229,278,215,210,2,open_water,MU0148_20210228,18.5434389973405,0,Mula,73.88636308201873,2021-02-28,"{""type"":""MultiPoint"",""coordinates"":[]}"
10_1980_0,190,157,195,313,211,325,220,237,186,208,2,open_water,MU0149_20210228,18.543601746449525,0,Mula,73.889174225296,2021-02-28,"{""type"":""MultiPoint"",""coordinates"":[]}"
10_1981_0,232,182,251,354,254,402,322,317,240,246,2,open_water,MU0150_20210228,18.541363932455187,0,Mula,73.90578120769393,2021-02-28,"{""type"":""MultiPoint"",""coordinates"":[]}"
10_1982_0,233,172,215,348,232,376,261,275,232,285,2,open_water,MU0151_20210228,18.538861614988672,0,Mula,73.92189699854299,2021-02-28,"{""type"":""MultiPoint"",""coordinates"":[]}"
10_1983_0,203,155,234,353,246,333,284,299,280,250,2,open_water,MU0152_20210228,18.541872529084344,0,Mula,73.89749799162509,2021-02-28,"{""type"":""MultiPoint"",""coordinates"":[]}"
10_1984_0,196,167,197,352,215,367,261,308,217,200,2,open_water,MU0153_20210228,18.53690856100868,0,Mula,73.93056498566823,2021-02-28,"{""type"":""MultiPoint"",""coordinates"":[]}"
10_1985_0,182,181,212,344,210,390,240,249,189,192,2,open_water,MU0154_20210228,18.535952370312508,0,Mula,73.93245338725905,2021-02-28,"{""type"":""MultiPoint"",""coordinates"":[]}"
10_1986_0,189,151,157,303,180,344,173,192,176,167,2,open_water,MU0155_20210228,18.53599305938729,0,Mula,73.93560787628007,2021-02-28,"{""type"":""MultiPoint"",""coordinates"":[]}"
10_1987_0,192,160,223,360,231,371,205,222,186,167,2,open_water,MU0156_20210228,18.53568789109019,0,Mula,73.93856923332027,2021-02-28,"{""type"":""MultiPoint"",""coordinates"":[]}"
10_1988_0,251,194,251,417,258,426,304,367,282,239,2,open_water,MU0157_20210228,18.54077395822003,0,Mula,73.94176664055928,2021-02-28,"{""type"":""MultiPoint"",""coordinates"":[]}"
10_1989_0,222,173,245,388,233,396,255,294,267,220,2,open_water,MU0158_20210228,18.545432663750383,0,Mula,73.94966239144507,2021-02-28,"{""type"":""MultiPoint"",""coordinates"":[]}"
10_1990_0,223,186,197,354,204,382,264,270,244,200,2,open_water,MU0159_20210228,18.54508682541567,0,Mula,73.94554224251964,2021-02-28,"{""type"":""MultiPoint"",""coordinates"":[]}"
10_1991_0,195,175,200,294,182,304,194,225,189,169,2,open_water,MU0160_20210228,18.543500028671875,0,Mula,73.9660990760534,2021-02-28,"{""type"":""MultiPoint"",""coordinates"":[]}"
10_1992_0,246,225,212,325,218,339,250,321,234,232,2,open_water,MU0161_20210228,18.54309315536629,0,Mula,73.96865271002284,2021-02-28,"{""type"":""MultiPoint"",""coordinates"":[]}"
10_1993_0,258,211,221,344,229,374,298,319,258,289,2,open_water,MU0162_20210228,18.53922781013528,0,Mula,73.97414554216893,2021-02-28,"{""type"":""MultiPoint"",""coordinates"":[]}"
10_1994_0,240,197,216,310,181,348,255,277,229,220,2,open_water,MU0163_20210228,18.53365342140816,0,Mula,73.97674148656134,2021-02-28,"{""type"":""MultiPoint"",""coordinates"":[]}"
10_1995_0,238,186,198,321,192,360,284,305,263,250,2,open_water,MU0164_20210228,18.528363688044198,0,Mula,73.9831148419304,2021-02-28,"{""type"":""MultiPoint"",""coordinates"":[]}"
10_1996_0,202,162,200,342,210,359,276,317,271,295,2,open_water,MU0165_20210228,18.521730943856333,0,Mula,73.992255280049,2021-02-28,"{""type"":""MultiPoint"",""coordinates"":[]}"
10_1997_0,172,144,194,316,184,359,258,269,209,223,2,open_water,MU0166_20210228,18.518943487312157,0,Mula,73.99236257559393,2021-02-28,"{""type"":""MultiPoint"",""coordinates"":[]}"
10_1998_0,164,135,234,317,185,366,240,240,226,184,2,open_water,MU0167_20210228,18.51481308473778,0,Mula,73.99199774487752,2021-02-28,"{""type"":""MultiPoint"",""coordinates"":[]}"
10_1999_0,181,130,207,306,209,339,230,237,214,203,2,open_water,MU0168_20210228,18.51110987955792,0,Mula,73.99178353168386,2021-02-28,"{""type"":""MultiPoint"",""coordinates"":[]}"
10_2000_0,146,120,171,273,149,317,211,212,180,156,2,open_water,MU0169_20210228,18.50638919548673,0,Mula,74.00214828132447,2021-02-28,"{""type"":""MultiPoint"",""coordinates"":[]}"
10_2001_0,126,118,178,266,140,308,197,166,178,150,2,open_water,MU0170_20210228,18.505717708296185,0,Mula,74.00624697114092,2021-02-28,"{""type"":""MultiPoint"",""coordinates"":[]}"
10_2002_0,128,120,155,291,153,335,201,212,188,164,2,open_water,MU0171_20210228,18.50636884742873,0,Mula,74.01086067957307,2021-02-28,"{""type"":""MultiPoint"",""coordinates"":[]}"
10_2003_0,184,147,176,303,180,344,249,296,258,217,2,open_water,MU0172_20210228,18.49745616459751,0,Mula,74.02103015198946,2021-02-28,"{""type"":""MultiPoint"",""coordinates"":[]}"
10_2004_0,186,136,166,278,167,353,254,297,233,239,2,open_water,MU0173_20210228,18.501505591285323,0,Mula,74.01783274475042,2021-02-28,"{""type"":""MultiPoint"",""coordinates"":[]}"
10_2005_0,206,145,165,247,159,305,248,209,185,228,2,open_water,MU0174_20210228,18.513327742851185,0,Mula,74.03714499594275,2021-02-28,"{""type"":""MultiPoint"",""coordinates"":[]}"
10_2006_0,190,164,159,243,156,288,197,213,205,180,2,open_water,MU0175_20210228,18.52256513733029,0,Mula,74.04120057787472,2021-02-28,"{""type"":""MultiPoint"",""coordinates"":[]}"
10_2007_0,220,149,161,254,174,265,216,231,213,203,2,open_water,MU0176_20210228,18.535342032731897,0,Mula,74.04390423019308,2021-02-28,"{""type"":""MultiPoint"",""coordinates"":[]}"
10_2008_0,164,143,123,235,154,275,199,229,200,184,2,open_water,MU0177_20210228,18.52846541525625,0,Mula,74.0512004479454,2021-02-28,"{""type"":""MultiPoint"",""coordinates"":[]}"
10_2009_0,213,163,138,208,130,267,235,211,223,223,2,open_water,MU0178_20210228,18.52771263265158,0,Mula,74.05748796687854,2021-02-28,"{""type"":""MultiPoint"",""coordinates"":[]}"
10_2010_0,470,329,220,450,271,347,161,264,215,240,2,open_water,MU0179_20210228,18.528261960588196,0,Mula,74.07182190738425,2021-02-28,"{""type"":""MultiPoint"",""coordinates"":[]}"
10_2011_0,223,161,143,236,166,283,276,280,239,238,2,open_water,MU0180_20210228,18.532351348173794,0,Mula,74.06989058757544,2021-02-28,"{""type"":""MultiPoint"",""coordinates"":[]}"
10_2012_0,1435,764,373,605,528,905,2211,2763,2714,2871,1,LEV,MU0181_20210228,18.533449973373624,0,Mula,74.04853913909804,2021-02-28,"{""type"":""MultiPoint"",""coordinates"":[]}"
10_2013_0,1358,737,302,542,400,770,2092,2632,2734,2815,1,LEV,MU0182_20210228,18.537763024543516,0,Mula,74.07107120353409,2021-02-28,"{""type"":""MultiPoint"",""coordinates"":[]}"
10_2014_0,1745,1032,311,571,386,938,2378,2906,3140,3048,1,LEV,MU0183_20210228,18.53422307545852,0,Mula,74.07532010711346,2021-02-28,"{""type"":""MultiPoint"",""coordinates"":[]}"
10_2015_0,1677,1004,398,656,660,956,2075,2459,2316,2636,1,LEV,MU0184_20210228,18.535809958254738,0,Mula,74.03574951014193,2021-02-28,"{""type"":""MultiPoint"",""coordinates"":[]}"
10_2016_0,1571,868,368,657,580,974,2052,2456,2570,2662,1,LEV,MU0185_20210228,18.537112004927643,0,Mula,74.08600674338884,2021-02-28,"{""type"":""MultiPoint"",""coordinates"":[]}"
10_2017_0,2837,1923,498,714,884,1449,2030,2209,2221,2501,1,LEV,MU0186_20210228,18.535036863348612,0,Mula,74.07763769088402,2021-02-28,"{""type"":""MultiPoint"",""coordinates"":[]}"
10_2018_0,1759,1132,420,650,594,1048,1989,2316,2482,2476,1,LEV,MU0187_20210228,18.526532588579514,0,Mula,74.09682213431816,2021-02-28,"{""type"":""MultiPoint"",""coordinates"":[]}"
10_2019_0,1676,803,296,504,338,839,2331,2708,2659,2898,1,LEV,MU0188_20210228,18.52559668510286,0,Mula,74.1055322134625,2021-02-28,"{""type"":""MultiPoint"",""coordinates"":[]}"
10_2020_0,1534,835,368,598,506,953,2106,2580,2536,2784,1,LEV,MU0189_20210228,18.52181232956299,0,Mula,74.10484552197491,2021-02-28,"{""type"":""MultiPoint"",""coordinates"":[]}"
10_2021_0,1854,1046,276,504,384,952,2100,2367,2598,2711,1,LEV,MU0190_20210228,18.519533537444968,0,Mula,74.11046780852942,2021-02-28,"{""type"":""MultiPoint"",""coordinates"":[]}"
10_2022_0,2725,1869,596,870,1014,1330,2171,2472,2611,2671,1,LEV,MU0191_20210228,18.513877118669008,0,Mula,74.1090515073363,2021-02-28,"{""type"":""MultiPoint"",""coordinates"":[]}"
10_2023_0,1328,693,295,544,408,808,2174,2739,2832,2890,1,LEV,MU0192_20210228,18.52022531683311,0,Mula,74.07759245356178,2021-02-28,"{""type"":""MultiPoint"",""coordinates"":[]}"
10_2024_0,1996,1275,410,665,578,1134,2172,2464,2090,2770,1,LEV,MU0193_20210228,18.517498875970098,0,Mula,74.07179849413535,2021-02-28,"{""type"":""MultiPoint"",""coordinates"":[]}"
10_2025_0,1770,956,399,662,572,1045,2569,2957,3094,3195,1,LEV,MU0194_20210228,18.536257537409433,0,Mula,74.10536054059058,2021-02-28,"{""type"":""MultiPoint"",""coordinates"":[]}"
10_2026_0,1742,873,340,568,411,851,2259,2630,2710,2847,1,LEV,MU0195_20210228,18.525555993553247,0,Mula,74.12699132244921,2021-02-28,"{""type"":""MultiPoint"",""coordinates"":[]}"
10_2027_0,2719,2207,758,995,1324,1519,1594,1718,1764,1878,1,LEV,MU0196_20210228,18.511435441261472,0,Mula,74.10634766247773,2021-02-28,"{""type"":""MultiPoint"",""coordinates"":[]}"
10_2028_0,1915,1545,761,954,1310,1396,1460,1486,1490,1542,1,LEV,MU0197_20210228,18.553183327691347,0,Mula,74.08768085275825,2021-02-28,"{""type"":""MultiPoint"",""coordinates"":[]}"
10_2029_0,2688,2248,1180,1476,1782,1903,2033,2101,2246,2151,1,LEV,MU0198_20210228,18.553997025250304,0,Mula,74.06227326771797,2021-02-28,"{""type"":""MultiPoint"",""coordinates"":[]}"
10_2030_0,1609,1231,495,706,966,1113,1553,1730,1366,1748,1,LEV,MU0199_20210228,18.540977399458075,0,Mula,74.00116201868414,2021-02-28,"{""type"":""MultiPoint"",""coordinates"":[]}"
10_2031_0,3764,2727,778,1092,1562,1909,2183,2453,2622,2786,1,LEV,MU0200_20210228,18.52380625018904,0,Mula,74.00665555058472,2021-02-28,"{""type"":""MultiPoint"",""coordinates"":[]}"
10_2032_0,2618,2321,1144,1388,1666,1768,1980,2259,2281,2301,1,LEV,MU0201_20210228,18.524701469859444,0,Mula,73.96571241551622,2021-02-28,"{""type"":""MultiPoint"",""coordinates"":[]}"
10_2033_0,2914,2397,1026,1380,1814,1961,2330,2523,2410,2604,1,LEV,MU0202_20210228,18.509970419191358,0,Mula,73.96751498067107,2021-02-28,"{""type"":""MultiPoint"",""coordinates"":[]}"
10_2034_0,2199,1278,414,730,679,1274,2884,3183,3264,3323,1,LEV,MU0203_20210228,18.518272051266706,0,Mula,73.97481107772656,2021-02-28,"{""type"":""MultiPoint"",""coordinates"":[]}"
10_2035_0,2504,1706,493,700,840,1228,1803,2054,2030,2269,1,LEV,MU0204_20210228,18.530967885725573,0,Mula,73.97481107772656,2021-02-28,"{""type"":""MultiPoint"",""coordinates"":[]}"
10_2036_0,2772,2112,535,750,996,1309,1532,1688,1728,1882,1,LEV,MU0205_20210228,18.563354269624917,0,Mula,73.96846106663678,2021-02-28,"{""type"":""MultiPoint"",""coordinates"":[]}"
10_2037_0,1544,905,331,527,476,809,1717,1965,2126,2161,1,LEV,MU0206_20210228,18.557658617525995,0,Mula,73.94331099090432,2021-02-28,"{""type"":""MultiPoint"",""coordinates"":[]}"
10_2038_0,1587,941,272,456,470,814,1501,1775,1699,1873,1,LEV,MU0207_20210228,18.544313774050813,0,Mula,73.93404065582206,2021-02-28,"{""type"":""MultiPoint"",""coordinates"":[]}"
10_2039_0,1450,728,196,360,255,679,2045,2491,2271,2724,1,LEV,MU0208_20210228,18.533978939791552,0,Mula,73.91842126373007,2021-02-28,"{""type"":""MultiPoint"",""coordinates"":[]}"
10_2040_0,1982,1115,425,654,706,1027,2203,2770,2657,2866,1,LEV,MU0209_20210228,18.523236561182046,0,Mula,73.94073873707626,2021-02-28,"{""type"":""MultiPoint"",""coordinates"":[]}"
10_2041_0,1907,1261,874,1320,1408,1647,2566,2775,2665,2891,1,LEV,MU0210_20210228,18.527712634302183,0,Mula,73.94065290064034,2021-02-28,"{""type"":""MultiPoint"",""coordinates"":[]}"
10_2042_0,1575,986,222,392,362,712,1493,1550,1618,1793,1,LEV,MU0211_20210228,18.50866816673023,0,Mula,73.90545996190208,2021-02-28,"{""type"":""MultiPoint"",""coordinates"":[]}"
10_2043_0,2844,2027,576,838,1136,1481,1746,1913,2018,2159,1,LEV,MU0212_20210228,18.511272663501135,0,Mula,73.89395787948523,2021-02-28,"{""type"":""MultiPoint"",""coordinates"":[]}"
10_2044_0,1460,1532,572,768,952,1375,1484,1344,1038,1367,1,LEV,MU0213_20210228,18.52478285423453,0,Mula,73.91490196985627,2021-02-28,"{""type"":""MultiPoint"",""coordinates"":[]}"
10_2045_0,2552,2374,1056,1316,1488,1958,2070,2199,2188,2279,1,LEV,MU0214_20210228,18.528363689721573,0,Mula,73.89876471989824,2021-02-28,"{""type"":""MultiPoint"",""coordinates"":[]}"
10_2046_0,1755,1406,772,901,1144,1341,1641,1937,2062,1974,1,LEV,MU0215_20210228,18.537396827770486,0,Mula,73.89842137415445,2021-02-28,"{""type"":""MultiPoint"",""coordinates"":[]}"
10_2047_0,3467,3356,2596,2934,3236,3408,3308,3316,3209,3169,1,LEV,MU0216_20210228,18.580358729461175,0,Mula,73.92048132669788,2021-02-28,"{""type"":""MultiPoint"",""coordinates"":[]}"
10_2048_0,3083,2382,706,907,1238,1481,1592,1659,1821,1908,1,LEV,MU0217_20210228,18.576860343097938,0,Mula,73.92640404077821,2021-02-28,"{""type"":""MultiPoint"",""coordinates"":[]}"
10_2049_0,3146,2539,879,1224,1736,2055,2186,2247,2354,2411,1,LEV,MU0218_20210228,18.57067697302553,0,Mula,73.93747694101533,2021-02-28,"{""type"":""MultiPoint"",""coordinates"":[]}"
10_2050_0,1634,1067,357,585,492,922,1863,2026,2118,2166,1,LEV,MU0219_20210228,18.564330649558208,0,Mula,73.92133969105736,2021-02-28,"{""type"":""MultiPoint"",""coordinates"":[]}"
10_2051_0,2113,1898,1534,1700,1996,1699,1865,1773,2289,1955,1,LEV,MU0220_20210228,18.55847229527105,0,Mula,73.92709073226577,2021-02-28,"{""type"":""MultiPoint"",""coordinates"":[]}"
10_2052_0,867,941,297,321,436,447,477,519,556,567,1,LEV,MU0221_20210228,18.591178866984666,0,Mula,74.01859049356239,2021-02-28,"{""type"":""MultiPoint"",""coordinates"":[]}"
10_2053_0,2234,2067,1358,1652,1882,1929,1910,1943,2020,2000,1,LEV,MU0222_20210228,18.566202027577877,0,Mula,73.99876227685864,2021-02-28,"{""type"":""MultiPoint"",""coordinates"":[]}"
10_2054_0,3083,2275,738,1004,1500,1802,1917,2055,2065,2276,1,LEV,MU0223_20210228,18.591097515120957,0,Mula,74.04477060652619,2021-02-28,"{""type"":""MultiPoint"",""coordinates"":[]}"
10_2055_0,2747,2024,603,844,1266,1541,1699,1891,1959,2113,1,LEV,MU0224_20210228,18.587192581074532,0,Mula,74.02811833795249,2021-02-28,"{""type"":""MultiPoint"",""coordinates"":[]}"
10_2056_0,2556,1994,746,1036,1420,1604,1642,1753,1852,1867,1,LEV,MU0225_20210228,18.57531452279413,0,Mula,74.06167603357267,2021-02-28,"{""type"":""MultiPoint"",""coordinates"":[]}"
10_2057_0,1829,1045,404,686,673,1059,2111,2545,2394,2799,1,LEV,MU0226_20210228,18.561726962565483,0,Mula,74.06030265059752,2021-02-28,"{""type"":""MultiPoint"",""coordinates"":[]}"
10_2058_0,1418,728,320,536,460,808,2166,2765,2834,2987,1,LEV,MU0227_20210228,18.56555111590817,0,Mula,74.07249142450199,2021-02-28,"{""type"":""MultiPoint"",""coordinates"":[]}"
10_2059_0,2228,1733,626,906,1180,1412,1592,1705,1926,1851,1,LEV,MU0228_20210228,18.56302881162452,0,Mula,74.09068874892272,2021-02-28,"{""type"":""MultiPoint"",""coordinates"":[]}"
10_2060_0,1903,1208,456,778,722,1123,2248,2478,2481,2641,1,LEV,MU0229_20210228,18.570758335805657,0,Mula,74.10777019967615,2021-02-28,"{""type"":""MultiPoint"",""coordinates"":[]}"
10_2061_0,1754,1066,490,728,748,1086,2150,2439,2584,2593,1,LEV,MU0230_20210228,18.54602262404938,0,Mula,74.12630712249002,2021-02-28,"{""type"":""MultiPoint"",""coordinates"":[]}"
10_2062_0,1627,806,286,536,342,799,2302,2644,2764,2811,1,LEV,MU0231_20210228,18.52592221890118,0,Mula,74.12390346663722,2021-02-28,"{""type"":""MultiPoint"",""coordinates"":[]}"
10_2063_0,2120,1217,360,652,534,1127,2680,2950,3520,3355,1,LEV,MU0232_20210228,18.530296493701798,0,Mula,74.06973922288158,2021-02-28,"{""type"":""MultiPoint"",""coordinates"":[]}"
10_2064_0,2052,1231,365,564,531,1044,2172,2465,2707,2770,1,LEV,MU0233_20210228,18.525311843826717,0,Mula,74.0655546966292,2021-02-28,"{""type"":""MultiPoint"",""coordinates"":[]}"
10_2065_0,2095,1397,358,610,578,1096,1894,2138,2352,2297,1,LEV,MU0234_20210228,18.52506769397702,0,Mula,74.07018986417032,2021-02-28,"{""type"":""MultiPoint"",""coordinates"":[]}"
10_2066_0,1970,988,312,544,332,1003,3100,3770,4632,4023,1,LEV,MU0235_20210228,18.52752952210205,0,Mula,74.05057754610597,2021-02-28,"{""type"":""MultiPoint"",""coordinates"":[]}"
10_2067_0,1874,1122,429,574,584,912,2111,2411,2512,2561,1,LEV,MU0236_20210228,18.53131375182385,0,Mula,74.04703723280461,2021-02-28,"{""type"":""MultiPoint"",""coordinates"":[]}"
10_2068_0,1996,1114,286,494,368,954,2316,2624,2746,2875,1,LEV,MU0237_20210228,18.53511824168568,0,Mula,74.04040636812772,2021-02-28,"{""type"":""MultiPoint"",""coordinates"":[]}"
10_2069_0,1816,1290,410,603,662,964,1596,1792,1826,1899,1,LEV,MU0238_20210228,18.52575945080329,0,Mula,74.03907603556236,2021-02-28,"{""type"":""MultiPoint"",""coordinates"":[]}"
10_2070_0,1836,1158,337,472,423,853,1969,2236,2459,2594,1,LEV,MU0239_20210228,18.517091939811866,0,Mula,74.03759531968373,2021-02-28,"{""type"":""MultiPoint"",""coordinates"":[]}"
10_2071_0,653,389,264,462,326,572,1281,1390,1719,1352,1,LEV,MU0240_20210228,18.509380333479132,0,Mula,74.0359858390931,2021-02-28,"{""type"":""MultiPoint"",""coordinates"":[]}"
