system:index,B11,B12,B2,B3,B4,B5,B6,B7,B8,B8A,class_int,class_label,label_id,latitude,lc,location,longitude,obs_date,.geo
0_0_0,838,417,295,518,310,814,2069,2460,2362,2648,3,floating_plants,WI0001_20241126,-0.3252536465441358,1,Winam,34.716492226467565,2024-11-26,"{""type"":""MultiPoint"",""coordinates"":[]}"
0_1_0,1342,579,236,441,181,604,2885,4126,4164,4475,3,floating_plants,WI0002_20241126,-0.32585445157619475,1,Winam,34.70932709146149,2024-11-26,"{""type"":""MultiPoint"",""coordinates"":[]}"
0_2_0,776,356,258,476,290,755,1873,2228,2324,2425,3,floating_plants,WI0003_20241126,-0.3237945483498858,1,Winam,34.71940976647003,2024-11-26,"{""type"":""MultiPoint"",""coordinates"":[]}"
0_3_0,825,391,266,470,292,816,2025,2400,2392,2635,3,floating_plants,WI0004_20241126,-0.32469575606307044,1,Winam,34.7212546814716,2024-11-26,"{""type"":""MultiPoint"",""coordinates"":[]}"
0_4_0,967,435,240,469,310,820,2246,2743,2778,3033,3,floating_plants,WI0005_20241126,-0.3267985737476534,1,Winam,34.719753006470334,2024-11-26,"{""type"":""MultiPoint"",""coordinates"":[]}"
0_5_0,657,321,286,494,302,804,1750,2063,2092,2135,3,floating_plants,WI0006_20241126,-0.32688440303160643,1,Winam,34.72134049147167,2024-11-26,"{""type"":""MultiPoint"",""coordinates"":[]}"
0_6_0,375,184,351,563,398,787,1181,1361,1548,1273,3,floating_plants,WI0007_20241126,-0.3286009889082683,1,Winam,34.72312374880987,2024-11-26,"{""type"":""MultiPoint"",""coordinates"":[]}"
0_7_0,756,386,289,491,316,829,1860,2162,2384,2372,3,floating_plants,WI0008_20241126,-0.3285795315910108,1,Winam,34.72112866630818,2024-11-26,"{""type"":""MultiPoint"",""coordinates"":[]}"
0_8_0,497,238,290,472,313,701,1374,1552,1720,1565,3,floating_plants,WI0009_20241126,-0.32727063515272314,1,Winam,34.717052691304744,2024-11-26,"{""type"":""MultiPoint"",""coordinates"":[]}"
0_9_0,249,129,363,536,354,623,753,858,1005,723,3,floating_plants,WI0010_20241126,-0.32583299460569404,1,Winam,34.714800178802825,2024-11-26,"{""type"":""MultiPoint"",""coordinates"":[]}"
0_10_0,821,382,276,486,317,791,1898,2243,2260,2439,3,floating_plants,WI0011_20241126,-0.3282576718269709,1,Winam,34.71962699130691,2024-11-26,"{""type"":""MultiPoint"",""coordinates"":[]}"
0_11_0,802,355,267,486,289,786,1964,2379,2380,2584,3,floating_plants,WI0012_20241126,-0.3296094827661902,1,Winam,34.71879034380619,2024-11-26,"{""type"":""MultiPoint"",""coordinates"":[]}"
0_12_0,969,438,264,462,280,802,2309,2812,2832,3011,3,floating_plants,WI0013_20241126,-0.33076817771093664,1,Winam,34.720013136307244,2024-11-26,"{""type"":""MultiPoint"",""coordinates"":[]}"
0_13_0,802,370,293,513,344,840,1995,2391,2332,2544,3,floating_plants,WI0014_20241126,-0.33057506189620334,1,Winam,34.72160062130858,2024-11-26,"{""type"":""MultiPoint"",""coordinates"":[]}"
0_14_0,473,226,345,528,367,840,1432,1651,1682,1500,3,floating_plants,WI0015_20241126,-0.3308325496483584,1,Winam,34.723724418810406,2024-11-26,"{""type"":""MultiPoint"",""coordinates"":[]}"
0_15_0,370,185,383,556,396,841,1176,1302,1462,1186,3,floating_plants,WI0016_20241126,-0.3313260678212893,1,Winam,34.72438944631095,2024-11-26,"{""type"":""MultiPoint"",""coordinates"":[]}"
0_16_0,550,281,351,575,417,887,1657,1847,1842,1798,3,floating_plants,WI0017_20241126,-0.3323131040934004,1,Winam,34.72625581381254,2024-11-26,"{""type"":""MultiPoint"",""coordinates"":[]}"
0_17_0,623,303,353,564,394,895,1692,2007,1832,2106,3,floating_plants,WI0018_20241126,-0.33214144561840475,1,Winam,34.727521511313626,2024-11-26,"{""type"":""MultiPoint"",""coordinates"":[]}"
0_18_0,522,256,384,576,410,847,1426,1679,1560,1661,3,floating_plants,WI0019_20241126,-0.32997425711519196,1,Winam,34.729108996314956,2024-11-26,"{""type"":""MultiPoint"",""coordinates"":[]}"
0_19_0,611,307,323,526,350,890,1711,1985,2132,2055,3,floating_plants,WI0020_20241126,-0.3317766713490568,1,Winam,34.729409331315225,2024-11-26,"{""type"":""MultiPoint"",""coordinates"":[]}"
0_20_0,289,158,353,558,395,912,1057,1227,1746,1191,3,floating_plants,WI0021_20241126,-0.32727063515272314,1,Winam,34.73157603381704,2024-11-26,"{""type"":""MultiPoint"",""coordinates"":[]}"
0_21_0,524,273,302,522,346,843,1651,1852,2034,1667,3,floating_plants,WI0022_20241126,-0.32347268878548296,1,Winam,34.72936642631519,2024-11-26,"{""type"":""MultiPoint"",""coordinates"":[]}"
0_22_0,557,257,346,539,367,857,1599,1875,1930,1977,3,floating_plants,WI0023_20241126,-0.32538239080989484,1,Winam,34.72992419131566,2024-11-26,"{""type"":""MultiPoint"",""coordinates"":[]}"
0_23_0,623,305,351,530,358,874,1759,2029,1952,2135,3,floating_plants,WI0024_20241126,-0.32654108624409056,1,Winam,34.72919480631502,2024-11-26,"{""type"":""MultiPoint"",""coordinates"":[]}"
0_24_0,470,223,342,602,406,870,1520,1764,1588,1660,3,floating_plants,WI0025_20241126,-0.32815038523665063,1,Winam,34.72917335381501,2024-11-26,"{""type"":""MultiPoint"",""coordinates"":[]}"
0_25_0,804,377,315,511,344,821,1926,2251,2184,2418,3,floating_plants,WI0026_20241126,-0.3323131040934004,1,Winam,34.72194386130888,2024-11-26,"{""type"":""MultiPoint"",""coordinates"":[]}"
0_26_0,539,259,396,614,440,832,1437,1702,1606,1689,3,floating_plants,WI0027_20241126,-0.3333859694947369,1,Winam,34.72063525880777,2024-11-26,"{""type"":""MultiPoint"",""coordinates"":[]}"
0_27_0,944,441,272,503,313,830,2232,2671,2636,2881,3,floating_plants,WI0028_20241126,-0.3342442617316029,1,Winam,34.71891905880633,2024-11-26,"{""type"":""MultiPoint"",""coordinates"":[]}"
0_28_0,443,239,371,634,441,897,1173,1383,1500,1498,3,floating_plants,WI0029_20241126,-0.33463049321377164,1,Winam,34.72052799630768,2024-11-26,"{""type"":""MultiPoint"",""coordinates"":[]}"
0_29_0,584,289,308,492,302,826,1620,1900,2062,1965,3,floating_plants,WI0030_20241126,-0.33701225411076846,1,Winam,34.717438893198164,2024-11-26,"{""type"":""MultiPoint"",""coordinates"":[]}"
0_30_0,270,144,436,640,480,873,891,977,1008,876,3,floating_plants,WI0031_20241126,-0.3371624552020331,1,Winam,34.71896202069945,2024-11-26,"{""type"":""MultiPoint"",""coordinates"":[]}"
0_31_0,840,406,270,499,301,839,2073,2547,2710,2816,3,floating_plants,WI0032_20241126,-0.33611104751478543,1,Winam,34.72052805320077,2024-11-26,"{""type"":""MultiPoint"",""coordinates"":[]}"
0_32_0,882,400,267,476,302,783,2106,2568,2684,2768,3,floating_plants,WI0033_20241126,-0.3351883835327305,1,Winam,34.71831844569892,2024-11-26,"{""type"":""MultiPoint"",""coordinates"":[]}"
0_33_0,395,192,357,562,386,877,1300,1489,1542,1389,3,floating_plants,WI0034_20241126,-0.3341155183280031,1,Winam,34.7270281607063,2024-11-26,"{""type"":""MultiPoint"",""coordinates"":[]}"
0_34_0,465,240,378,552,378,852,1431,1661,1368,1643,3,floating_plants,WI0035_20241126,-0.33364345760079867,1,Winam,34.72524760320478,2024-11-26,"{""type"":""MultiPoint"",""coordinates"":[]}"
0_35_0,698,341,302,488,297,847,1833,2188,2216,2327,3,floating_plants,WI0036_20241126,-0.3254467627134246,1,Winam,34.73376548184416,2024-11-26,"{""type"":""MultiPoint"",""coordinates"":[]}"
0_36_0,382,183,340,516,349,870,1389,1587,1584,1473,3,floating_plants,WI0037_20241126,-0.3237730913064741,1,Winam,34.73460212934484,2024-11-26,"{""type"":""MultiPoint"",""coordinates"":[]}"
0_37_0,326,161,450,677,526,811,1026,1165,732,980,3,floating_plants,WI0038_20241126,-0.32179901624687834,1,Winam,34.728939895127986,2024-11-26,"{""type"":""MultiPoint"",""coordinates"":[]}"
0_38_0,784,389,290,497,311,839,2079,2443,2502,2735,3,floating_plants,WI0039_20241126,-0.3204686615967959,1,Winam,34.72799598512718,2024-11-26,"{""type"":""MultiPoint"",""coordinates"":[]}"
0_39_0,892,437,232,474,280,830,2136,2521,2874,2821,3,floating_plants,WI0040_20241126,-0.3204686615967959,1,Winam,34.72692336012624,2024-11-26,"{""type"":""MultiPoint"",""coordinates"":[]}"
0_40_0,886,403,247,478,270,803,2177,2634,2578,2785,3,floating_plants,WI0041_20241126,-0.31817272655273504,1,Winam,34.725593305125145,2024-11-26,"{""type"":""MultiPoint"",""coordinates"":[]}"
0_41_0,880,427,266,463,290,812,2062,2505,2430,2682,3,floating_plants,WI0042_20241126,-0.3196961975270884,1,Winam,34.72430615512404,2024-11-26,"{""type"":""MultiPoint"",""coordinates"":[]}"
0_42_0,986,445,231,448,238,820,2358,2905,3030,3205,3,floating_plants,WI0043_20241126,-0.31943870949092257,1,Winam,34.72557185262513,2024-11-26,"{""type"":""MultiPoint"",""coordinates"":[]}"
0_43_0,905,409,222,466,285,795,2206,2674,2898,2885,3,floating_plants,WI0044_20241126,-0.32083343627614275,1,Winam,34.72409163012384,2024-11-26,"{""type"":""MultiPoint"",""coordinates"":[]}"
0_44_0,531,218,306,494,308,687,1236,1598,1978,1620,3,floating_plants,WI0045_20241126,-0.3213913269370367,1,Winam,34.72509989762473,2024-11-26,"{""type"":""MultiPoint"",""coordinates"":[]}"
0_45_0,702,332,300,475,300,867,1968,2304,2156,2397,3,floating_plants,WI0046_20241126,-0.32115529627653605,1,Winam,34.73880804513633,2024-11-26,"{""type"":""MultiPoint"",""coordinates"":[]}"
0_46_0,761,362,281,488,301,874,1996,2359,2232,2465,3,floating_plants,WI0047_20241126,-0.3226787668073801,1,Winam,34.73709184513489,2024-11-26,"{""type"":""MultiPoint"",""coordinates"":[]}"
0_47_0,528,264,292,494,336,849,1487,1699,1902,1769,3,floating_plants,WI0048_20241126,-0.3214556989344183,1,Winam,34.73741363263518,2024-11-26,"{""type"":""MultiPoint"",""coordinates"":[]}"
0_48_0,544,283,296,482,317,891,1665,1880,1990,1837,3,floating_plants,WI0049_20241126,-0.3234297733231841,1,Winam,34.73625519763417,2024-11-26,"{""type"":""MultiPoint"",""coordinates"":[]}"
0_49_0,777,396,314,521,317,913,1967,2289,2254,2465,3,floating_plants,WI0050_20241126,-0.31821564123114165,1,Winam,34.7411249151383,2024-11-26,"{""type"":""MultiPoint"",""coordinates"":[]}"
0_50_0,571,284,297,472,316,866,1691,1926,1922,1914,3,floating_plants,WI0051_20241126,-0.31885936138599424,1,Winam,34.74211173013913,2024-11-26,"{""type"":""MultiPoint"",""coordinates"":[]}"
0_51_0,421,203,310,490,322,889,1492,1742,2078,1660,3,floating_plants,WI0052_20241126,-0.3236014319475768,1,Winam,34.74249787513946,2024-11-26,"{""type"":""MultiPoint"",""coordinates"":[]}"
0_52_0,172,161,340,486,321,1253,1216,1256,983,768,3,floating_plants,WI0053_20241126,-0.3231722860047677,1,Winam,34.757810913670816,2024-11-26,"{""type"":""MultiPoint"",""coordinates"":[]}"
0_53_0,165,127,440,617,436,1100,988,1044,882,670,3,floating_plants,WI0054_20241126,-0.3244489969864774,1,Winam,34.75651303741971,2024-11-26,"{""type"":""MultiPoint"",""coordinates"":[]}"
0_54_0,186,89,411,625,489,1000,978,1137,1284,747,3,floating_plants,WI0055_20241126,-0.3206081345217053,1,Winam,34.747706077584425,2024-11-26,"{""type"":""MultiPoint"",""coordinates"":[]}"
0_55_0,74,37,316,440,280,936,799,864,690,502,3,floating_plants,WI0056_20241126,-0.32177755916705564,1,Winam,34.750441271336754,2024-11-26,"{""type"":""MultiPoint"",""coordinates"":[]}"
0_56_0,63,59,301,477,293,1013,835,841,616,451,3,floating_plants,WI0057_20241126,-0.31949235305898066,1,Winam,34.74584895193988,2024-11-26,"{""type"":""MultiPoint"",""coordinates"":[]}"
0_57_0,671,291,232,418,226,630,1713,2103,2214,2240,3,floating_plants,WI0058_20241126,-0.31521161220196936,1,Winam,34.822018885667106,2024-11-26,"{""type"":""MultiPoint"",""coordinates"":[]}"
0_58_0,650,275,214,385,188,563,1736,2010,2166,2098,3,floating_plants,WI0059_20241126,-0.31585533254353326,1,Winam,34.817428050663196,2024-11-26,"{""type"":""MultiPoint"",""coordinates"":[]}"
0_59_0,884,367,204,392,184,648,2473,3132,3156,3279,3,floating_plants,WI0060_20241126,-0.31542618565360586,1,Winam,34.81296593065943,2024-11-26,"{""type"":""MultiPoint"",""coordinates"":[]}"
0_60_0,941,387,208,389,209,661,2231,2901,2818,3145,3,floating_plants,WI0061_20241126,-0.31083431282817164,1,Winam,34.809233195656255,2024-11-26,"{""type"":""MultiPoint"",""coordinates"":[]}"
0_61_0,840,338,228,406,201,629,2107,2634,2558,2847,3,floating_plants,WI0062_20241126,-0.306671585269666,1,Winam,34.80863252565575,2024-11-26,"{""type"":""MultiPoint"",""coordinates"":[]}"
0_62_0,855,353,218,408,215,702,2142,2713,2644,2938,3,floating_plants,WI0063_20241126,-0.3059420349116673,1,Winam,34.82098916566624,2024-11-26,"{""type"":""MultiPoint"",""coordinates"":[]}"
0_63_0,973,398,208,432,207,718,2358,2954,3184,3220,3,floating_plants,WI0064_20241126,-0.3107055687013392,1,Winam,34.82789687067208,2024-11-26,"{""type"":""MultiPoint"",""coordinates"":[]}"
0_64_0,796,335,220,420,213,733,2092,2578,2622,2784,3,floating_plants,WI0065_20241126,-0.31044808044299255,1,Winam,34.834847480677986,2024-11-26,"{""type"":""MultiPoint"",""coordinates"":[]}"
0_65_0,969,380,179,368,176,668,2447,3136,3104,3464,3,floating_plants,WI0066_20241126,-0.31649905284526386,1,Winam,34.83278804067625,2024-11-26,"{""type"":""MultiPoint"",""coordinates"":[]}"
0_66_0,873,367,184,407,200,713,2146,2725,2828,2961,3,floating_plants,WI0067_20241126,-0.3086456624593301,1,Winam,34.8441578656859,2024-11-26,"{""type"":""MultiPoint"",""coordinates"":[]}"
0_67_0,985,393,200,411,187,696,2369,2991,2966,3280,3,floating_plants,WI0068_20241126,-0.320318459144292,1,Winam,34.83381776067712,2024-11-26,"{""type"":""MultiPoint"",""coordinates"":[]}"
0_68_0,1040,429,194,390,166,715,2635,3397,3584,3692,3,floating_plants,WI0069_20241126,-0.3194172510441102,1,Winam,34.8215469306667,2024-11-26,"{""type"":""MultiPoint"",""coordinates"":[]}"
0_69_0,772,306,192,368,175,599,1888,2421,2246,2627,3,floating_plants,WI0070_20241126,-0.3211767524993392,1,Winam,34.82600905067047,2024-11-26,"{""type"":""MultiPoint"",""coordinates"":[]}"
0_70_0,1783,752,275,547,238,851,3597,4814,4792,5095,3,floating_plants,WI0071_20241126,-0.29268137403932226,1,Winam,34.80730072248449,2024-11-26,"{""type"":""MultiPoint"",""coordinates"":[]}"
0_71_0,836,349,213,380,204,645,2116,2655,2742,2823,3,floating_plants,WI0072_20241126,-0.2954279196404054,1,Winam,34.80609938248349,2024-11-26,"{""type"":""MultiPoint"",""coordinates"":[]}"
0_72_0,1879,858,324,570,356,840,2876,3745,3672,3959,3,floating_plants,WI0073_20241126,-0.28886195794622127,1,Winam,34.79129715747094,2024-11-26,"{""type"":""MultiPoint"",""coordinates"":[]}"
0_73_0,933,387,202,423,210,704,2297,2916,2814,3122,3,floating_plants,WI0074_20241126,-0.29765948744170856,1,Winam,34.797818717476446,2024-11-26,"{""type"":""MultiPoint"",""coordinates"":[]}"
0_74_0,928,372,212,422,210,714,2294,2865,2798,3129,3,floating_plants,WI0075_20241126,-0.29920441873213716,1,Winam,34.801508547479585,2024-11-26,"{""type"":""MultiPoint"",""coordinates"":[]}"
0_75_0,848,354,233,414,201,651,2069,2582,2468,2737,3,floating_plants,WI0076_20241126,-0.30688615717424256,1,Winam,34.80116530747928,2024-11-26,"{""type"":""MultiPoint"",""coordinates"":[]}"
0_76_0,981,411,195,400,183,692,2308,2869,3008,3135,3,floating_plants,WI0077_20241126,-0.3023801101447488,1,Winam,34.796274137475145,2024-11-26,"{""type"":""MultiPoint"",""coordinates"":[]}"
0_77_0,846,343,209,423,217,718,2241,2757,2678,2968,3,floating_plants,WI0078_20241126,-0.2949129423917265,1,Winam,34.82553534749998,2024-11-26,"{""type"":""MultiPoint"",""coordinates"":[]}"
0_78_0,843,350,240,428,226,720,2092,2603,2514,2800,3,floating_plants,WI0079_20241126,-0.2990756744662509,1,Winam,34.82725154750141,2024-11-26,"{""type"":""MultiPoint"",""coordinates"":[]}"
0_79_0,884,362,216,438,200,741,2312,2877,2762,3084,3,floating_plants,WI0080_20241126,-0.29954773676720653,1,Winam,34.82163099249664,2024-11-26,"{""type"":""MultiPoint"",""coordinates"":[]}"
0_80_0,861,360,227,433,201,717,2195,2668,2688,2851,3,floating_plants,WI0081_20241126,-0.29894693019881247,1,Winam,34.81806987749364,2024-11-26,"{""type"":""MultiPoint"",""coordinates"":[]}"
0_81_0,829,341,224,422,199,695,2074,2591,2494,2750,3,floating_plants,WI0082_20241126,-0.29697285124308814,1,Winam,34.8141226174903,2024-11-26,"{""type"":""MultiPoint"",""coordinates"":[]}"
0_82_0,809,322,195,406,200,704,2138,2656,2448,2905,3,floating_plants,WI0083_20241126,-0.29362549916588515,1,Winam,34.810776027487464,2024-11-26,"{""type"":""MultiPoint"",""coordinates"":[]}"
0_83_0,792,333,231,416,215,708,2060,2529,2558,2722,3,floating_plants,WI0084_20241126,-0.2987323564164237,1,Winam,34.80948887748636,2024-11-26,"{""type"":""MultiPoint"",""coordinates"":[]}"
0_84_0,760,314,230,416,208,682,1932,2271,2646,2470,3,floating_plants,WI0085_20241126,-0.3034100639174109,1,Winam,34.816439487492275,2024-11-26,"{""type"":""MultiPoint"",""coordinates"":[]}"
0_85_0,849,351,204,406,197,702,2190,2673,2688,2913,3,floating_plants,WI0086_20241126,-0.2997623105336416,1,Winam,34.81399390249017,2024-11-26,"{""type"":""MultiPoint"",""coordinates"":[]}"
0_86_0,898,369,193,408,196,736,2266,2828,2856,3073,3,floating_plants,WI0087_20241126,-0.29371132841261294,1,Winam,34.83081812424304,2024-11-26,"{""type"":""MultiPoint"",""coordinates"":[]}"
0_87_0,820,349,198,378,193,679,2066,2598,2454,2814,3,floating_plants,WI0088_20241126,-0.29122227110851384,1,Winam,34.83313499424501,2024-11-26,"{""type"":""MultiPoint"",""coordinates"":[]}"
0_88_0,641,274,246,431,234,678,1606,1900,1960,2004,3,floating_plants,WI0089_20241126,-0.29692993617298985,1,Winam,34.82978840424217,2024-11-26,"{""type"":""MultiPoint"",""coordinates"":[]}"
0_89_0,599,257,205,434,215,594,1612,1973,2232,2146,3,floating_plants,WI0090_20241126,-0.30092100849343945,1,Winam,34.83330661424514,2024-11-26,"{""type"":""MultiPoint"",""coordinates"":[]}"
0_90_0,781,322,223,414,208,703,2048,2541,2584,2721,3,floating_plants,WI0091_20241126,-0.3018222181708201,1,Winam,34.83000292924233,2024-11-26,"{""type"":""MultiPoint"",""coordinates"":[]}"
0_91_0,903,369,227,468,253,790,2250,2797,2770,2966,3,floating_plants,WI0092_20241126,-0.2990327594043584,1,Winam,34.845062584255125,2024-11-26,"{""type"":""MultiPoint"",""coordinates"":[]}"
0_92_0,637,291,236,471,257,774,1907,2311,2270,2479,3,floating_plants,WI0093_20241126,-0.29607164086144355,1,Winam,34.84296023925336,2024-11-26,"{""type"":""MultiPoint"",""coordinates"":[]}"
0_93_0,789,324,210,408,210,714,2110,2613,2396,2729,3,floating_plants,WI0094_20241126,-0.28933402037299966,1,Winam,34.83974236425062,2024-11-26,"{""type"":""MultiPoint"",""coordinates"":[]}"
0_94_0,942,389,200,423,200,770,2425,3039,3020,3318,3,floating_plants,WI0095_20241126,-0.3013930707147158,1,Winam,34.85475911426337,2024-11-26,"{""type"":""MultiPoint"",""coordinates"":[]}"
0_95_0,962,380,190,429,194,758,2382,2970,2880,3217,3,floating_plants,WI0096_20241126,-0.30491207935370906,1,Winam,34.85295710426183,2024-11-26,"{""type"":""MultiPoint"",""coordinates"":[]}"
0_96_0,730,294,199,399,199,683,2061,2567,2508,2663,3,floating_plants,WI0097_20241126,-0.2725543227835084,1,Winam,34.835235353160044,2024-11-26,"{""type"":""MultiPoint"",""coordinates"":[]}"
0_97_0,517,218,211,389,180,704,1471,1797,2046,1861,3,floating_plants,WI0098_20241126,-0.26924987852407745,1,Winam,34.834119823159064,2024-11-26,"{""type"":""MultiPoint"",""coordinates"":[]}"
0_98_0,760,315,202,437,211,767,2071,2528,2776,2744,3,floating_plants,WI0099_20241126,-0.27040857986042843,1,Winam,34.83716607816167,2024-11-26,"{""type"":""MultiPoint"",""coordinates"":[]}"
0_99_0,924,359,181,404,175,736,2471,3144,3094,3316,3,floating_plants,WI0100_20241126,-0.27817616742143086,1,Winam,34.83673702816131,2024-11-26,"{""type"":""MultiPoint"",""coordinates"":[]}"
0_100_0,763,312,190,395,194,692,1978,2473,2534,2670,3,floating_plants,WI0101_20241126,-0.27989276067278124,1,Winam,34.83956875816371,2024-11-26,"{""type"":""MultiPoint"",""coordinates"":[]}"
0_101_0,683,285,212,415,205,707,2053,2501,2758,2609,3,floating_plants,WI0102_20241126,-0.28315428715695035,1,Winam,34.83682283816137,2024-11-26,"{""type"":""MultiPoint"",""coordinates"":[]}"
0_102_0,895,354,169,410,180,710,2393,3066,3196,3312,3,floating_plants,WI0103_20241126,-0.28195267224266474,1,Winam,34.83124518815663,2024-11-26,"{""type"":""MultiPoint"",""coordinates"":[]}"
0_103_0,788,317,172,384,190,676,2067,2584,2460,2766,3,floating_plants,WI0104_20241126,-0.2863299831152235,1,Winam,34.831674238157,2024-11-26,"{""type"":""MultiPoint"",""coordinates"":[]}"
0_104_0,809,340,197,412,206,677,2122,2547,2522,2752,3,floating_plants,WI0105_20241126,-0.2895915082497688,1,Winam,34.801721562226305,2024-11-26,"{""type"":""MultiPoint"",""coordinates"":[]}"
0_105_0,817,351,189,393,189,642,2083,2600,2636,2720,3,floating_plants,WI0106_20241126,-0.28804657563093705,1,Winam,34.795028382220636,2024-11-26,"{""type"":""MultiPoint"",""coordinates"":[]}"
0_106_0,684,308,201,368,178,680,1797,2162,1992,2285,3,floating_plants,WI0107_20241126,-0.28538585785268555,1,Winam,34.808800887232316,2024-11-26,"{""type"":""MultiPoint"",""coordinates"":[]}"
0_107_0,691,289,200,345,173,561,1750,2188,2246,2288,3,floating_plants,WI0108_20241126,-0.28894778635077634,1,Winam,34.80944446223285,2024-11-26,"{""type"":""MultiPoint"",""coordinates"":[]}"
0_108_0,861,361,195,419,194,673,2191,2657,3020,2867,3,floating_plants,WI0109_20241126,-0.2876174276440745,1,Winam,34.81189004723491,2024-11-26,"{""type"":""MultiPoint"",""coordinates"":[]}"
0_109_0,585,263,216,357,194,645,1675,1918,1876,2003,3,floating_plants,WI0110_20241126,-0.29066437800011946,1,Winam,34.81412110723682,2024-11-26,"{""type"":""MultiPoint"",""coordinates"":[]}"
0_110_0,502,224,204,389,186,634,1512,1778,2370,1858,3,floating_plants,WI0111_20241126,-0.29019231532248435,1,Winam,34.818111272240195,2024-11-26,"{""type"":""MultiPoint"",""coordinates"":[]}"
0_111_0,930,382,227,404,194,711,2310,2922,2836,3243,3,floating_plants,WI0112_20241126,-0.29435504916068994,1,Winam,34.79906145222403,2024-11-26,"{""type"":""MultiPoint"",""coordinates"":[]}"
0_112_0,783,326,212,385,188,641,1870,2356,2276,2512,3,floating_plants,WI0113_20241126,-0.29208056591447923,1,Winam,34.79438480722006,2024-11-26,"{""type"":""MultiPoint"",""coordinates"":[]}"
0_113_0,612,251,234,409,207,534,1441,1788,1138,1809,3,floating_plants,WI0114_20241126,-0.295127515063491,1,Winam,34.79399866221972,2024-11-26,"{""type"":""MultiPoint"",""coordinates"":[]}"
0_114_0,767,336,219,432,223,701,2087,2575,2348,2714,3,floating_plants,WI0115_20241126,-0.28804657563093705,1,Winam,34.78730548221405,2024-11-26,"{""type"":""MultiPoint"",""coordinates"":[]}"
0_115_0,992,400,202,431,196,793,2722,3455,3424,3750,3,floating_plants,WI0116_20241126,-0.26422883702131833,1,Winam,34.79065190670968,2024-11-26,"{""type"":""MultiPoint"",""coordinates"":[]}"
0_116_0,898,352,216,441,229,773,2342,2975,2912,3226,3,floating_plants,WI0117_20241126,-0.26525879419119447,1,Winam,34.79477078671319,2024-11-26,"{""type"":""MultiPoint"",""coordinates"":[]}"
0_117_0,914,360,198,412,184,719,2493,3213,3064,3454,3,floating_plants,WI0118_20241126,-0.26693247440929924,1,Winam,34.79013704670925,2024-11-26,"{""type"":""MultiPoint"",""coordinates"":[]}"
0_118_0,1060,421,184,427,188,810,2907,3747,3712,4109,3,floating_plants,WI0119_20241126,-0.2683057503156461,1,Winam,34.793440731712046,2024-11-26,"{""type"":""MultiPoint"",""coordinates"":[]}"
0_119_0,922,376,185,450,208,792,2487,3098,3220,3323,3,floating_plants,WI0120_20241126,-0.2705802381960649,1,Winam,34.79554307671381,2024-11-26,"{""type"":""MultiPoint"",""coordinates"":[]}"
0_120_0,854,352,215,460,219,793,2337,2864,2868,3071,3,floating_plants,WI0121_20241126,-0.27199642854795086,1,Winam,34.79949033671715,2024-11-26,"{""type"":""MultiPoint"",""coordinates"":[]}"
0_121_0,872,375,209,454,206,852,2460,2923,3074,3215,3,floating_plants,WI0122_20241126,-0.2720822582608971,1,Winam,34.80867200672497,2024-11-26,"{""type"":""MultiPoint"",""coordinates"":[]}"
0_122_0,866,369,219,462,235,804,2354,2858,2812,3102,3,floating_plants,WI0123_20241126,-0.2677478569972206,1,Winam,34.81176116672757,2024-11-26,"{""type"":""MultiPoint"",""coordinates"":[]}"
0_123_0,522,243,211,394,206,735,1586,1898,1766,1921,3,floating_plants,WI0124_20241126,-0.2708806422239392,1,Winam,34.81545099673071,2024-11-26,"{""type"":""MultiPoint"",""coordinates"":[]}"
0_124_0,700,303,242,448,240,789,1931,2297,2358,2459,3,floating_plants,WI0125_20241126,-0.27375593754143795,1,Winam,34.81236183672811,2024-11-26,"{""type"":""MultiPoint"",""coordinates"":[]}"
0_125_0,512,211,320,470,288,693,1389,1749,1156,1830,3,floating_plants,WI0126_20241126,-0.27542961658837345,1,Winam,34.81459289672997,2024-11-26,"{""type"":""MultiPoint"",""coordinates"":[]}"
0_126_0,687,297,231,438,215,764,1872,2283,2220,2497,3,floating_plants,WI0127_20241126,-0.251611854031926,1,Winam,34.78936336024131,2024-11-26,"{""type"":""MultiPoint"",""coordinates"":[]}"
0_127_0,830,344,211,420,197,758,2256,2876,2922,3058,3,floating_plants,WI0128_20241126,-0.25397217476980366,1,Winam,34.79283866524429,2024-11-26,"{""type"":""MultiPoint"",""coordinates"":[]}"
0_128_0,714,303,241,456,246,809,2077,2483,2380,2489,3,floating_plants,WI0129_20241126,-0.2570620485382492,1,Winam,34.802964245252866,2024-11-26,"{""type"":""MultiPoint"",""coordinates"":[]}"
0_129_0,862,358,206,439,200,756,2423,2963,2990,3209,3,floating_plants,WI0130_20241126,-0.259765687472654,1,Winam,34.795713300246724,2024-11-26,"{""type"":""MultiPoint"",""coordinates"":[]}"
0_130_0,675,293,259,454,259,790,1947,2285,2118,2516,3,floating_plants,WI0131_20241126,-0.2621260067045645,1,Winam,34.795884920246856,2024-11-26,"{""type"":""MultiPoint"",""coordinates"":[]}"
0_131_0,719,305,247,440,206,762,2069,2547,2480,2689,3,floating_plants,WI0132_20241126,-0.2610960492760075,1,Winam,34.79313900024452,2024-11-26,"{""type"":""MultiPoint"",""coordinates"":[]}"
0_132_0,634,248,249,403,216,659,1682,2093,1858,2177,3,floating_plants,WI0133_20241126,-0.26289847472044975,1,Winam,34.794040005245286,2024-11-26,"{""type"":""MultiPoint"",""coordinates"":[]}"
0_133_0,604,271,238,454,231,775,1818,2250,2588,2488,3,floating_plants,WI0134_20241126,-0.24877946771280846,1,Winam,34.791721635334035,2024-11-26,"{""type"":""MultiPoint"",""coordinates"":[]}"
0_134_0,490,236,222,433,214,621,1276,1423,2470,1680,3,floating_plants,WI0135_20241126,-0.2374070038235475,1,Winam,34.79052051256127,2024-11-26,"{""type"":""MultiPoint"",""coordinates"":[]}"
0_135_0,879,374,220,448,222,803,2416,2807,2994,3045,3,floating_plants,WI0136_20241126,-0.23993898692738425,1,Winam,34.790220177561004,2024-11-26,"{""type"":""MultiPoint"",""coordinates"":[]}"
0_136_0,296,144,245,382,207,610,939,1015,645,996,3,floating_plants,WI0137_20241126,-0.23564748986783532,1,Winam,34.78889012255991,2024-11-26,"{""type"":""MultiPoint"",""coordinates"":[]}"
0_137_0,404,194,262,474,270,672,1097,1267,1628,1320,3,floating_plants,WI0138_20241126,-0.22333088496860126,1,Winam,34.78442656471206,2024-11-26,"{""type"":""MultiPoint"",""coordinates"":[]}"
0_138_0,219,112,249,408,215,595,707,797,730,697,3,floating_plants,WI0139_20241126,-0.22612036062557672,1,Winam,34.786271479713626,2024-11-26,"{""type"":""MultiPoint"",""coordinates"":[]}"
0_139_0,311,132,303,482,275,576,876,1255,1220,1359,3,floating_plants,WI0140_20241126,-0.24195599099655885,1,Winam,34.78772879118237,2024-11-26,"{""type"":""MultiPoint"",""coordinates"":[]}"
0_140_0,706,310,210,439,212,775,2184,2559,2680,2604,3,floating_plants,WI0141_20241126,-0.28465630660380076,1,Winam,34.821246719796854,2024-11-26,"{""type"":""MultiPoint"",""coordinates"":[]}"
0_141_0,530,225,264,428,224,671,1620,1953,1720,2149,3,floating_plants,WI0142_20241126,-0.2911793559518409,1,Winam,34.8268243698016,2024-11-26,"{""type"":""MultiPoint"",""coordinates"":[]}"
0_142_0,647,281,248,434,241,787,1885,2282,2230,2357,3,floating_plants,WI0143_20241126,-0.2806223137078655,1,Winam,34.82884090480331,2024-11-26,"{""type"":""MultiPoint"",""coordinates"":[]}"
0_143_0,91,46,391,548,405,621,304,344,335,272,3,floating_plants,WI0144_20241126,-0.28890487206397236,1,Winam,34.84252759981492,2024-11-26,"{""type"":""MultiPoint"",""coordinates"":[]}"
0_144_0,370,174,280,475,320,797,1158,1317,1554,1318,3,floating_plants,WI0145_20241126,-0.2949987712578437,1,Winam,34.84510189981713,2024-11-26,"{""type"":""MultiPoint"",""coordinates"":[]}"
0_145_0,907,378,218,422,205,736,2226,2781,2778,3023,3,floating_plants,WI0146_20241126,-0.3031096600668334,1,Winam,34.841540784814086,2024-11-26,"{""type"":""MultiPoint"",""coordinates"":[]}"
0_146_0,599,257,278,447,252,652,1526,1886,1356,1980,3,floating_plants,WI0147_20241126,-0.3106197380253465,1,Winam,34.838583143090275,2024-11-26,"{""type"":""MultiPoint"",""coordinates"":[]}"
0_147_0,828,335,212,407,206,630,2134,2808,2366,3032,3,floating_plants,WI0148_20241126,-0.30924646780688736,1,Winam,34.81450887627682,2024-11-26,"{""type"":""MultiPoint"",""coordinates"":[]}"
0_148_0,714,315,224,417,213,652,1835,2275,2670,2399,3,floating_plants,WI0149_20241126,-0.30435418916250667,1,Winam,34.812149101274855,2024-11-26,"{""type"":""MultiPoint"",""coordinates"":[]}"
0_149_0,897,374,218,396,201,697,2201,2745,2708,2957,3,floating_plants,WI0150_20241126,-0.30366755338488993,1,Winam,34.80442620126827,2024-11-26,"{""type"":""MultiPoint"",""coordinates"":[]}"
0_150_0,145,126,351,432,278,850,650,650,510,393,4,surface_algae,WI0151_20241126,-0.3431490399876005,0,Winam,34.709670507313206,2024-11-26,"{""type"":""MultiPoint"",""coordinates"":[]}"
0_151_0,151,146,310,390,268,876,707,717,570,413,4,surface_algae,WI0152_20241126,-0.3440502459265063,0,Winam,34.711944472315146,2024-11-26,"{""type"":""MultiPoint"",""coordinates"":[]}"
0_152_0,137,136,267,376,248,881,694,687,524,383,4,surface_algae,WI0153_20241126,-0.3424194922605439,0,Winam,34.70207632230676,2024-11-26,"{""type"":""MultiPoint"",""coordinates"":[]}"
0_153_0,117,104,311,388,239,848,641,636,485,347,4,surface_algae,WI0154_20241126,-0.3404883362448187,0,Winam,34.70096079230583,2024-11-26,"{""type"":""MultiPoint"",""coordinates"":[]}"
0_154_0,132,128,315,417,249,864,617,619,443,341,4,surface_algae,WI0155_20241126,-0.3445223061462724,0,Winam,34.700746267305625,2024-11-26,"{""type"":""MultiPoint"",""coordinates"":[]}"
0_155_0,77,68,298,386,226,824,667,681,538,366,4,surface_algae,WI0156_20241126,-0.3399304466570312,0,Winam,34.73399764233383,2024-11-26,"{""type"":""MultiPoint"",""coordinates"":[]}"
0_156_0,113,109,271,345,210,866,773,795,616,458,4,surface_algae,WI0157_20241126,-0.3431919545580336,0,Winam,34.73459831233438,2024-11-26,"{""type"":""MultiPoint"",""coordinates"":[]}"
0_157_0,167,154,356,442,297,962,803,829,622,492,4,surface_algae,WI0158_20241126,-0.3446510498385393,0,Winam,34.73129462733157,2024-11-26,"{""type"":""MultiPoint"",""coordinates"":[]}"
0_158_0,144,136,334,422,299,904,697,704,539,417,4,surface_algae,WI0159_20241126,-0.345809742990318,0,Winam,34.73824523733744,2024-11-26,"{""type"":""MultiPoint"",""coordinates"":[]}"
0_159_0,142,139,294,418,260,902,687,688,522,392,4,surface_algae,WI0160_20241126,-0.34984371063472286,0,Winam,34.733954737333804,2024-11-26,"{""type"":""MultiPoint"",""coordinates"":[]}"
0_160_0,119,97,252,308,186,881,942,970,747,559,4,surface_algae,WI0161_20241126,-0.3391579840977183,0,Winam,34.723872062325256,2024-11-26,"{""type"":""MultiPoint"",""coordinates"":[]}"
0_161_0,156,152,360,467,286,885,635,627,501,395,4,surface_algae,WI0162_20241126,-0.34211909023911613,0,Winam,34.707010397310974,2024-11-26,"{""type"":""MultiPoint"",""coordinates"":[]}"
0_162_0,53,34,378,556,366,1078,643,655,505,367,4,surface_algae,WI0163_20241126,-0.33366491443762697,0,Winam,34.76347889081845,2024-11-26,"{""type"":""MultiPoint"",""coordinates"":[]}"
0_163_0,144,150,360,473,300,1030,817,821,624,462,4,surface_algae,WI0164_20241126,-0.3381709477136389,0,Winam,34.76107621081641,2024-11-26,"{""type"":""MultiPoint"",""coordinates"":[]}"
0_164_0,130,120,445,589,407,997,698,732,558,420,4,surface_algae,WI0165_20241126,-0.3340511459425303,0,Winam,34.73623421579535,2024-11-26,"{""type"":""MultiPoint"",""coordinates"":[]}"
0_165_0,139,121,432,640,411,1028,756,785,628,446,4,surface_algae,WI0166_20241126,-0.3351240111542931,0,Winam,34.732887625792515,2024-11-26,"{""type"":""MultiPoint"",""coordinates"":[]}"
0_166_0,131,125,417,572,392,1041,801,808,610,450,4,surface_algae,WI0167_20241126,-0.32375163290908754,0,Winam,34.7519797094682,2024-11-26,"{""type"":""MultiPoint"",""coordinates"":[]}"
0_167_0,114,108,460,562,376,830,476,487,381,274,4,surface_algae,WI0168_20241126,-0.3444364775490902,0,Winam,34.679928653158385,2024-11-26,"{""type"":""MultiPoint"",""coordinates"":[]}"
0_168_0,104,92,397,518,334,833,501,506,398,272,4,surface_algae,WI0169_20241126,-0.344178990157063,0,Winam,34.68855255816574,2024-11-26,"{""type"":""MultiPoint"",""coordinates"":[]}"
0_169_0,106,100,292,393,246,832,564,561,426,279,4,surface_algae,WI0170_20241126,-0.34765506936074103,0,Winam,34.68632149816383,2024-11-26,"{""type"":""MultiPoint"",""coordinates"":[]}"
0_170_0,101,96,350,458,278,795,484,492,376,250,4,surface_algae,WI0171_20241126,-0.3491999930412727,0,Winam,34.67748306815632,2024-11-26,"{""type"":""MultiPoint"",""coordinates"":[]}"
0_171_0,115,103,444,576,380,837,457,463,360,239,4,surface_algae,WI0172_20241126,-0.345809743522234,0,Winam,34.69430182817061,2024-11-26,"{""type"":""MultiPoint"",""coordinates"":[]}"
0_172_0,174,155,475,624,432,940,605,627,463,361,4,surface_algae,WI0173_20241126,-0.34628180365467476,0,Winam,34.71888639319144,2024-11-26,"{""type"":""MultiPoint"",""coordinates"":[]}"
0_173_0,180,158,379,510,357,936,582,611,446,355,4,surface_algae,WI0174_20241126,-0.35198943793178855,0,Winam,34.72871163819978,2024-11-26,"{""type"":""MultiPoint"",""coordinates"":[]}"
0_174_0,164,154,393,524,345,939,652,643,506,399,4,surface_algae,WI0175_20241126,-0.3468396928718386,0,Winam,34.72219007819424,2024-11-26,"{""type"":""MultiPoint"",""coordinates"":[]}"
0_175_0,19,8,452,670,370,608,286,288,205,157,4,surface_algae,WI0176_20241126,-0.32941636566162746,0,Winam,34.45834848652724,2024-11-26,"{""type"":""MultiPoint"",""coordinates"":[]}"
0_176_0,24,18,522,749,412,607,299,301,193,173,4,surface_algae,WI0177_20241126,-0.326498170333448,0,Winam,34.460150496528776,2024-11-26,"{""type"":""MultiPoint"",""coordinates"":[]}"
0_177_0,22,12,515,697,400,621,296,284,211,160,4,surface_algae,WI0178_20241126,-0.3223783637241051,0,Winam,34.46349708653162,2024-11-26,"{""type"":""MultiPoint"",""coordinates"":[]}"
0_178_0,39,18,515,783,449,720,468,443,260,320,4,surface_algae,WI0179_20241126,-0.31328045159563506,0,Winam,34.47353689791695,2024-11-26,"{""type"":""MultiPoint"",""coordinates"":[]}"
0_179_0,23,16,564,752,454,624,298,281,214,167,4,surface_algae,WI0180_20241126,-0.3137954279673587,0,Winam,34.480573317922925,2024-11-26,"{""type"":""MultiPoint"",""coordinates"":[]}"
0_180_0,20,14,540,742,433,630,276,287,201,150,4,surface_algae,WI0181_20241126,-0.32315082759902264,0,Winam,34.48460638792633,2024-11-26,"{""type"":""MultiPoint"",""coordinates"":[]}"
0_181_0,20,13,506,676,348,576,269,270,200,157,4,surface_algae,WI0182_20241126,-0.33799928812429136,0,Winam,34.45405802790042,2024-11-26,"{""type"":""MultiPoint"",""coordinates"":[]}"
0_182_0,16,12,505,708,386,556,239,233,175,143,4,surface_algae,WI0183_20241126,-0.34194742991811383,0,Winam,34.449424287896484,2024-11-26,"{""type"":""MultiPoint"",""coordinates"":[]}"
0_183_0,21,9,517,664,378,511,203,210,152,106,4,surface_algae,WI0184_20241126,-0.34752632315846943,0,Winam,34.44779389789512,2024-11-26,"{""type"":""MultiPoint"",""coordinates"":[]}"
0_184_0,22,13,475,756,406,611,305,306,248,190,4,surface_algae,WI0185_20241126,-0.3327637063168988,0,Winam,34.45483031790109,2024-11-26,"{""type"":""MultiPoint"",""coordinates"":[]}"
0_185_0,17,20,492,717,387,619,310,308,232,181,4,surface_algae,WI0186_20241126,-0.32255002142331257,0,Winam,34.46976537490609,2024-11-26,"{""type"":""MultiPoint"",""coordinates"":[]}"
0_186_0,85,81,346,472,292,531,204,213,145,133,4,surface_algae,WI0187_20241126,-0.2892481846776209,0,Winam,34.77444874062985,2024-11-26,"{""type"":""MultiPoint"",""coordinates"":[]}"
0_187_0,30,25,327,456,274,420,144,154,125,92,4,surface_algae,WI0188_20241126,-0.2808368820949521,0,Winam,34.7850891806389,2024-11-26,"{""type"":""MultiPoint"",""coordinates"":[]}"
0_188_0,39,38,400,560,409,615,236,245,187,137,4,surface_algae,WI0189_20241126,-0.2595511101582974,0,Winam,34.81237676066203,2024-11-26,"{""type"":""MultiPoint"",""coordinates"":[]}"
0_189_0,49,54,363,498,317,530,217,230,154,144,4,surface_algae,WI0190_20241126,-0.24478837614929064,0,Winam,34.80259442065376,2024-11-26,"{""type"":""MultiPoint"",""coordinates"":[]}"
0_190_0,60,60,186,266,206,320,154,162,123,106,4,surface_algae,WI0191_20241126,-0.2846133920954012,0,Winam,34.813563890479045,2024-11-26,"{""type"":""MultiPoint"",""coordinates"":[]}"
0_191_0,176,163,410,584,397,1231,979,977,774,598,4,surface_algae,WI0192_20241126,-0.3268414877570621,0,Winam,34.76046781369709,2024-11-26,"{""type"":""MultiPoint"",""coordinates"":[]}"
0_192_0,93,90,237,392,237,972,768,785,597,397,4,surface_algae,WI0193_20241126,-0.33370782810707256,0,Winam,34.76046781369709,2024-11-26,"{""type"":""MultiPoint"",""coordinates"":[]}"
0_193_0,151,144,358,494,311,1039,755,758,572,440,4,surface_algae,WI0194_20241126,-0.34271989252766677,0,Winam,34.76175496369819,2024-11-26,"{""type"":""MultiPoint"",""coordinates"":[]}"
0_194_0,76,72,417,550,358,831,476,495,381,250,4,surface_algae,WI0195_20241126,-0.3373126547012138,0,Winam,34.705282446296174,2024-11-26,"{""type"":""MultiPoint"",""coordinates"":[]}"
0_195_0,129,113,429,621,383,847,467,459,350,252,4,surface_algae,WI0196_20241126,-0.34555225371330334,0,Winam,34.70511082629601,2024-11-26,"{""type"":""MultiPoint"",""coordinates"":[]}"
0_196_0,72,76,297,371,223,845,648,649,511,335,4,surface_algae,WI0197_20241126,-0.34752632325518373,0,Winam,34.72982410631697,2024-11-26,"{""type"":""MultiPoint"",""coordinates"":[]}"
0_197_0,78,85,264,382,215,581,314,302,238,161,4,surface_algae,WI0198_20241126,-0.09372706827337833,0,Winam,34.74178181314424,2024-11-26,"{""type"":""MultiPoint"",""coordinates"":[]}"
0_198_0,84,80,284,447,241,571,268,274,215,166,4,surface_algae,WI0199_20241126,-0.10368341241494526,0,Winam,34.73869265314164,2024-11-26,"{""type"":""MultiPoint"",""coordinates"":[]}"
0_199_0,78,72,269,416,227,568,279,285,224,166,4,surface_algae,WI0200_20241126,-0.1067733116984366,0,Winam,34.72976841313407,2024-11-26,"{""type"":""MultiPoint"",""coordinates"":[]}"
0_200_0,48,42,669,886,700,648,255,259,214,154,2,open_water,WI0201_20241126,-0.32340830415365324,0,Winam,34.586998034025704,2024-11-26,"{""type"":""MultiPoint"",""coordinates"":[]}"
0_201_0,22,17,606,796,632,680,257,259,180,129,2,open_water,WI0202_20241126,-0.3210050831030312,0,Winam,34.65084067407985,2024-11-26,"{""type"":""MultiPoint"",""coordinates"":[]}"
0_202_0,22,26,592,832,568,623,235,239,163,114,2,open_water,WI0203_20241126,-0.2756870994096255,0,Winam,34.64740827407695,2024-11-26,"{""type"":""MultiPoint"",""coordinates"":[]}"
0_203_0,35,33,454,636,385,465,167,193,122,104,2,open_water,WI0204_20241126,-0.21766609966308206,0,Winam,34.75484239416809,2024-11-26,"{""type"":""MultiPoint"",""coordinates"":[]}"
0_204_0,46,51,476,642,434,534,192,228,164,136,2,open_water,WI0205_20241126,-0.2976594784312735,0,Winam,34.72703995414449,2024-11-26,"{""type"":""MultiPoint"",""coordinates"":[]}"
0_205_0,133,131,485,694,473,592,285,295,224,209,2,open_water,WI0206_20241126,-0.3096756048992687,0,Winam,34.74282899415791,2024-11-26,"{""type"":""MultiPoint"",""coordinates"":[]}"
0_206_0,29,30,552,762,552,582,227,228,164,116,2,open_water,WI0207_20241126,-0.3302746468630755,0,Winam,34.68962679411277,2024-11-26,"{""type"":""MultiPoint"",""coordinates"":[]}"
0_207_0,20,16,678,855,628,570,222,217,160,106,2,open_water,WI0208_20241126,-0.29491293338129143,0,Winam,34.524871593972996,2024-11-26,"{""type"":""MultiPoint"",""coordinates"":[]}"
0_208_0,27,19,678,868,655,633,240,232,158,122,2,open_water,WI0209_20241126,-0.2410118575536088,0,Winam,34.51903651396801,2024-11-26,"{""type"":""MultiPoint"",""coordinates"":[]}"
0_209_0,26,19,708,877,688,634,243,246,169,134,2,open_water,WI0210_20241126,-0.23036894324477722,0,Winam,34.56983603401112,2024-11-26,"{""type"":""MultiPoint"",""coordinates"":[]}"
0_210_0,30,25,678,840,590,595,225,238,169,115,2,open_water,WI0211_20241126,-0.2015300397670291,0,Winam,34.622351754055686,2024-11-26,"{""type"":""MultiPoint"",""coordinates"":[]}"
0_211_0,40,33,638,842,724,709,259,258,185,133,2,open_water,WI0212_20241126,-0.3210050831030312,0,Winam,34.55130107399539,2024-11-26,"{""type"":""MultiPoint"",""coordinates"":[]}"
0_212_0,20,16,612,778,570,585,224,232,163,117,2,open_water,WI0213_20241126,-0.2434150945181489,0,Winam,34.47129487306106,2024-11-26,"{""type"":""MultiPoint"",""coordinates"":[]}"
0_213_0,16,16,656,838,620,590,220,215,156,119,2,open_water,WI0214_20241126,-0.2722539108304551,0,Winam,34.498410833084066,2024-11-26,"{""type"":""MultiPoint"",""coordinates"":[]}"
0_214_0,13,12,682,860,664,600,214,230,161,111,2,open_water,WI0215_20241126,-0.29044979561995354,0,Winam,34.455505833047674,2024-11-26,"{""type"":""MultiPoint"",""coordinates"":[]}"
0_215_0,39,35,690,869,676,647,230,249,181,133,2,open_water,WI0216_20241126,-0.29010647730441014,0,Winam,34.60138283317143,2024-11-26,"{""type"":""MultiPoint"",""coordinates"":[]}"
0_216_0,86,87,682,876,776,771,336,331,253,184,2,open_water,WI0217_20241126,-0.34091746804031703,0,Winam,34.6065314331758,2024-11-26,"{""type"":""MultiPoint"",""coordinates"":[]}"
0_217_0,62,57,650,908,1090,1167,544,575,416,294,2,open_water,WI0218_20241126,-0.2986465263542653,0,Winam,34.85767553709201,2024-11-26,"{""type"":""MultiPoint"",""coordinates"":[]}"
0_218_0,113,103,505,693,683,821,337,347,236,202,2,open_water,WI0219_20241126,-0.29860361159696824,0,Winam,34.849266157084905,2024-11-26,"{""type"":""MultiPoint"",""coordinates"":[]}"
0_219_0,26,17,385,518,364,419,141,156,100,71,2,open_water,WI0220_20241126,-0.28289679936539464,0,Winam,34.82622617206533,2024-11-26,"{""type"":""MultiPoint"",""coordinates"":[]}"
0_220_0,34,27,766,1084,1440,1598,1146,1217,970,856,2,open_water,WI0221_20241126,-0.28208141781186596,0,Winam,34.84969520708527,2024-11-26,"{""type"":""MultiPoint"",""coordinates"":[]}"
0_221_0,79,48,746,1094,1472,1723,1458,1587,1450,1288,2,open_water,WI0222_20241126,-0.28040773970744337,0,Winam,34.852526937087674,2024-11-26,"{""type"":""MultiPoint"",""coordinates"":[]}"
0_222_0,44,40,376,514,401,532,159,164,101,74,2,open_water,WI0223_20241126,-0.3020797078654544,0,Winam,34.806608884187355,2024-11-26,"{""type"":""MultiPoint"",""coordinates"":[]}"
0_223_0,175,153,604,816,769,861,370,379,297,259,2,open_water,WI0224_20241126,-0.31782940836339607,0,Winam,34.756403186283116,2024-11-26,"{""type"":""MultiPoint"",""coordinates"":[]}"
0_224_0,142,138,586,848,782,877,363,378,278,237,2,open_water,WI0225_20241126,-0.32190630214911736,0,Winam,34.755931231282716,2024-11-26,"{""type"":""MultiPoint"",""coordinates"":[]}"
0_225_0,154,120,592,924,1418,1619,1038,1111,862,726,2,open_water,WI0226_20241126,-0.3193743367252844,0,Winam,34.77845635630181,2024-11-26,"{""type"":""MultiPoint"",""coordinates"":[]}"
0_226_0,119,74,433,697,1100,1226,815,863,776,654,2,open_water,WI0227_20241126,-0.31830146983188606,0,Winam,34.76798753629293,2024-11-26,"{""type"":""MultiPoint"",""coordinates"":[]}"
0_227_0,136,133,512,698,485,575,280,297,229,203,2,open_water,WI0228_20241126,-0.31319462147256266,0,Winam,34.729578903163386,2024-11-26,"{""type"":""MultiPoint"",""coordinates"":[]}"
0_228_0,130,127,587,832,717,881,424,426,311,267,2,open_water,WI0229_20241126,-0.32164881374541937,0,Winam,34.73245353816583,2024-11-26,"{""type"":""MultiPoint"",""coordinates"":[]}"
0_229_0,129,132,606,828,717,822,364,366,273,246,2,open_water,WI0230_20241126,-0.3265839997448522,0,Winam,34.72631812316062,2024-11-26,"{""type"":""MultiPoint"",""coordinates"":[]}"
0_230_0,139,139,628,888,732,759,351,364,280,248,2,open_water,WI0231_20241126,-0.3319912433078809,0,Winam,34.71597801815184,2024-11-26,"{""type"":""MultiPoint"",""coordinates"":[]}"
0_231_0,39,27,556,836,840,978,421,439,324,235,2,open_water,WI0232_20241126,-0.33516692466021997,0,Winam,34.724044158158684,2024-11-26,"{""type"":""MultiPoint"",""coordinates"":[]}"
0_232_0,117,109,622,894,862,1031,507,528,407,340,2,open_water,WI0233_20241126,-0.33220581640446567,0,Winam,34.746740903177944,2024-11-26,"{""type"":""MultiPoint"",""coordinates"":[]}"
0_233_0,160,150,697,942,894,1069,490,498,378,306,2,open_water,WI0234_20241126,-0.3491999929163787,0,Winam,34.75360662381772,2024-11-26,"{""type"":""MultiPoint"",""coordinates"":[]}"
0_234_0,107,105,626,826,760,982,426,456,305,239,2,open_water,WI0235_20241126,-0.34722592372411754,0,Winam,34.75536572881922,2024-11-26,"{""type"":""MultiPoint"",""coordinates"":[]}"
0_235_0,134,122,732,958,940,968,416,413,317,240,2,open_water,WI0236_20241126,-0.35108823262544414,0,Winam,34.71567860378558,2024-11-26,"{""type"":""MultiPoint"",""coordinates"":[]}"
0_236_0,137,119,672,918,907,936,395,421,324,245,2,open_water,WI0237_20241126,-0.35014411281843527,0,Winam,34.7116026287821,2024-11-26,"{""type"":""MultiPoint"",""coordinates"":[]}"
0_237_0,105,83,574,809,648,712,311,351,231,210,2,open_water,WI0238_20241126,-0.33237747614368096,0,Winam,34.70323157129355,2024-11-26,"{""type"":""MultiPoint"",""coordinates"":[]}"
0_238_0,123,107,646,914,790,892,370,372,267,206,2,open_water,WI0239_20241126,-0.3489854191544218,0,Winam,34.69447895128614,2024-11-26,"{""type"":""MultiPoint"",""coordinates"":[]}"
0_239_0,62,62,572,784,636,732,320,329,241,184,2,open_water,WI0240_20241126,-0.33782763101424984,0,Winam,34.68919525390912,2024-11-26,"{""type"":""MultiPoint"",""coordinates"":[]}"
0_240_0,80,74,616,827,651,745,343,335,274,205,2,open_water,WI0241_20241126,-0.3429344663789209,0,Winam,34.666112363889525,2024-11-26,"{""type"":""MultiPoint"",""coordinates"":[]}"
0_241_0,74,65,634,844,683,725,311,306,243,192,2,open_water,WI0242_20241126,-0.3344373774806387,0,Winam,34.67061738889333,2024-11-26,"{""type"":""MultiPoint"",""coordinates"":[]}"
0_242_0,73,66,646,908,850,937,346,335,229,157,2,open_water,WI0243_20241126,-0.34821295600245705,0,Winam,34.64219517312839,2024-11-26,"{""type"":""MultiPoint"",""coordinates"":[]}"
0_243_0,79,79,690,1026,1064,1159,504,520,388,269,2,open_water,WI0244_20241126,-0.3386000924707245,0,Winam,34.62263049311176,2024-11-26,"{""type"":""MultiPoint"",""coordinates"":[]}"
0_244_0,75,75,706,980,954,1012,457,477,354,257,2,open_water,WI0245_20241126,-0.3337078279056035,0,Winam,34.62589125242612,2024-11-26,"{""type"":""MultiPoint"",""coordinates"":[]}"
0_245_0,54,57,623,833,665,705,285,295,220,179,2,open_water,WI0246_20241126,-0.3222925344825425,0,Winam,34.66862463246238,2024-11-26,"{""type"":""MultiPoint"",""coordinates"":[]}"
0_246_0,77,70,602,816,616,743,325,322,266,201,2,open_water,WI0247_20241126,-0.3427198923261977,0,Winam,34.65386531244986,2024-11-26,"{""type"":""MultiPoint"",""coordinates"":[]}"
0_247_0,48,42,598,770,564,614,250,248,172,115,2,open_water,WI0248_20241126,-0.28435590145909373,0,Winam,34.697387822847446,2024-11-26,"{""type"":""MultiPoint"",""coordinates"":[]}"
0_248_0,164,138,500,652,491,647,246,245,172,153,2,open_water,WI0249_20241126,-0.29817446241880985,0,Winam,34.778135032915955,2024-11-26,"{""type"":""MultiPoint"",""coordinates"":[]}"
0_249_0,94,93,468,638,499,642,280,293,208,199,2,open_water,WI0250_20241126,-0.29302469013253574,0,Winam,34.750847452892785,2024-11-26,"{""type"":""MultiPoint"",""coordinates"":[]}"
0_250_0,1548,763,243,487,312,753,2112,2632,2662,2933,1,LEV,WI0251_20241126,-0.29851778285554154,0,Winam,34.76758580258039,2024-11-26,"{""type"":""MultiPoint"",""coordinates"":[]}"
0_251_0,1473,672,208,451,253,646,2262,3012,2956,3298,1,LEV,WI0252_20241126,-0.3017793039579068,0,Winam,34.76089262257468,2024-11-26,"{""type"":""MultiPoint"",""coordinates"":[]}"
0_252_0,1028,450,338,596,512,827,2017,2557,2088,2722,1,LEV,WI0253_20241126,-0.3088173198330905,0,Winam,34.768958762581526,2024-11-26,"{""type"":""MultiPoint"",""coordinates"":[]}"
0_253_0,1575,742,259,489,291,736,2263,2894,2918,3151,1,LEV,WI0254_20241126,-0.3184302120153614,0,Winam,34.762608822576155,2024-11-26,"{""type"":""MultiPoint"",""coordinates"":[]}"
0_254_0,1402,637,196,388,251,846,2468,3058,3140,3401,1,LEV,WI0255_20241126,-0.31104888487437193,0,Winam,34.75900480257308,2024-11-26,"{""type"":""MultiPoint"",""coordinates"":[]}"
0_255_0,2168,1104,446,816,488,1287,3171,3716,3764,3883,1,LEV,WI0256_20241126,-0.3057274597724794,0,Winam,34.777711382588976,2024-11-26,"{""type"":""MultiPoint"",""coordinates"":[]}"
0_256_0,963,555,362,558,439,946,1714,1996,2202,2064,1,LEV,WI0257_20241126,-0.3007493500307207,0,Winam,34.78406132259434,2024-11-26,"{""type"":""MultiPoint"",""coordinates"":[]}"
0_257_0,1466,604,350,596,406,1430,3217,3698,3596,3790,1,LEV,WI0258_20241126,-0.31431040216190365,0,Winam,34.78835182259799,2024-11-26,"{""type"":""MultiPoint"",""coordinates"":[]}"
0_258_0,2805,1688,576,950,737,1537,3220,3755,3704,3915,1,LEV,WI0259_20241126,-0.3187735294291158,0,Winam,34.7984774026066,2024-11-26,"{""type"":""MultiPoint"",""coordinates"":[]}"
0_259_0,2457,1501,580,925,898,1508,2483,2808,2642,2920,1,LEV,WI0260_20241126,-0.3357677268561274,0,Winam,34.791440982600626,2024-11-26,"{""type"":""MultiPoint"",""coordinates"":[]}"
0_260_0,2337,1373,540,828,702,1307,2248,2557,2788,2816,1,LEV,WI0261_20241126,-0.3301029975887884,0,Winam,34.80499896261211,2024-11-26,"{""type"":""MultiPoint"",""coordinates"":[]}"
0_261_0,2394,1389,511,728,745,1171,2161,2655,2482,3047,1,LEV,WI0262_20241126,-0.3276997781336598,0,Winam,34.837435142639656,2024-11-26,"{""type"":""MultiPoint"",""coordinates"":[]}"
0_262_0,2568,1576,502,776,868,1230,2195,2653,2576,3005,1,LEV,WI0263_20241126,-0.34932873196722397,0,Winam,34.80877460261531,2024-11-26,"{""type"":""MultiPoint"",""coordinates"":[]}"
0_263_0,1844,822,358,742,339,1187,3065,3565,3500,3801,1,LEV,WI0264_20241126,-0.36323303333796403,0,Winam,34.7962463426047,2024-11-26,"{""type"":""MultiPoint"",""coordinates"":[]}"
0_264_0,1730,795,327,622,344,1089,2832,3237,3060,3469,1,LEV,WI0265_20241126,-0.36203142787940384,0,Winam,34.78303160259348,2024-11-26,"{""type"":""MultiPoint"",""coordinates"":[]}"
0_266_0,2094,1116,402,686,418,1115,2727,3154,3384,3564,1,LEV,WI0267_20241126,-0.3659795594995987,0,Winam,34.730172642548645,2024-11-26,"{""type"":""MultiPoint"",""coordinates"":[]}"
0_267_0,2423,1785,1560,1554,1386,1543,2588,3002,3108,3161,1,LEV,WI0268_20241126,-0.35885575913974516,0,Winam,34.74777184379466,2024-11-26,"{""type"":""MultiPoint"",""coordinates"":[]}"
0_268_0,2313,1355,458,824,620,1155,2972,3487,3728,3672,1,LEV,WI0269_20241126,-0.35301938549570255,0,Winam,34.74373877379122,2024-11-26,"{""type"":""MultiPoint"",""coordinates"":[]}"
0_269_0,2151,1146,382,602,555,951,2178,2596,2404,2829,1,LEV,WI0270_20241126,-0.3563667178904881,0,Winam,34.73129632378067,2024-11-26,"{""type"":""MultiPoint"",""coordinates"":[]}"
0_270_0,2499,1510,430,742,709,1234,2732,3152,3090,3349,1,LEV,WI0271_20241126,-0.35404933409400924,0,Winam,34.70931926090065,2024-11-26,"{""type"":""MultiPoint"",""coordinates"":[]}"
0_271_0,1557,715,256,556,260,879,3470,4249,4136,4583,1,LEV,WI0272_20241126,-0.3502943146602345,0,Winam,34.68922002172584,2024-11-26,"{""type"":""MultiPoint"",""coordinates"":[]}"
0_272_0,1609,770,242,521,256,823,3003,4013,3844,4239,1,LEV,WI0273_20241126,-0.3556586303867619,0,Winam,34.68025287671822,2024-11-26,"{""type"":""MultiPoint"",""coordinates"":[]}"
0_273_0,2188,1511,764,980,1036,1351,2662,2715,2206,3165,1,LEV,WI0274_20241126,-0.35527240037660474,0,Winam,34.68724614346332,2024-11-26,"{""type"":""MultiPoint"",""coordinates"":[]}"
0_274_0,2656,1718,960,1296,1050,1605,3215,3511,3544,3672,1,LEV,WI0275_20241126,-0.35922053492831685,0,Winam,34.68355631346018,2024-11-26,"{""type"":""MultiPoint"",""coordinates"":[]}"
0_275_0,3787,3085,666,1034,1576,1917,2326,2611,2542,2681,1,LEV,WI0276_20241126,-0.36411278624359056,0,Winam,34.695247925970115,2024-11-26,"{""type"":""MultiPoint"",""coordinates"":[]}"
0_276_0,1994,943,332,580,323,908,3033,3901,4492,4161,1,LEV,WI0277_20241126,-0.3553796866639708,0,Winam,34.70616724847938,2024-11-26,"{""type"":""MultiPoint"",""coordinates"":[]}"
0_277_0,1691,795,261,449,251,746,2518,3374,3256,3597,1,LEV,WI0278_20241126,-0.347955471332285,0,Winam,34.63872837105937,2024-11-26,"{""type"":""MultiPoint"",""coordinates"":[]}"
0_278_0,1519,729,241,456,262,783,2463,3212,3272,3499,1,LEV,WI0279_20241126,-0.350744916592852,0,Winam,34.64091652606125,2024-11-26,"{""type"":""MultiPoint"",""coordinates"":[]}"
0_279_0,1632,711,307,570,277,848,3264,4242,4096,4551,1,LEV,WI0280_20241126,-0.3509165747356578,0,Winam,34.64361954106351,2024-11-26,"{""type"":""MultiPoint"",""coordinates"":[]}"
0_280_0,1618,699,266,526,248,781,2949,3939,3900,4162,1,LEV,WI0281_20241126,-0.35173195087088255,0,Winam,34.65065596106949,2024-11-26,"{""type"":""MultiPoint"",""coordinates"":[]}"
0_281_0,1798,851,306,692,297,1143,3240,3987,3920,4167,1,LEV,WI0282_20241126,-0.35404933528683175,0,Winam,34.6513424410701,2024-11-26,"{""type"":""MultiPoint"",""coordinates"":[]}"
0_282_0,1592,702,300,629,283,978,3194,4161,4288,4284,1,LEV,WI0283_20241126,-0.3422049200459015,0,Winam,34.62298223604602,2024-11-26,"{""type"":""MultiPoint"",""coordinates"":[]}"
0_283_0,1670,725,290,614,272,1012,3872,4909,4744,5107,1,LEV,WI0284_20241126,-0.3482129582993773,0,Winam,34.61225004846503,2024-11-26,"{""type"":""MultiPoint"",""coordinates"":[]}"
0_284_0,1587,691,276,620,258,987,3462,4327,4648,4651,1,LEV,WI0285_20241126,-0.3446939647366713,0,Winam,34.6161114984683,2024-11-26,"{""type"":""MultiPoint"",""coordinates"":[]}"
0_285_0,2688,1591,520,800,732,1339,2325,2632,2668,2943,1,LEV,WI0286_20241126,-0.3484275310352364,0,Winam,34.62241853347368,2024-11-26,"{""type"":""MultiPoint"",""coordinates"":[]}"
0_286_0,2547,1991,1134,1460,1652,2095,2383,2584,2310,2710,1,LEV,WI0287_20241126,-0.34748341096094637,0,Winam,34.60405519345809,2024-11-26,"{""type"":""MultiPoint"",""coordinates"":[]}"
0_287_0,958,487,399,710,422,1023,1732,1861,1732,1893,1,LEV,WI0288_20241126,-0.35731083797515945,0,Winam,34.60225318345655,2024-11-26,"{""type"":""MultiPoint"",""coordinates"":[]}"
0_288_0,1708,1012,370,594,534,999,1940,2303,1782,2378,1,LEV,WI0289_20241126,-0.35207526679469975,0,Winam,34.59401542344958,2024-11-26,"{""type"":""MultiPoint"",""coordinates"":[]}"
0_289_0,1795,1027,386,626,479,913,1731,1996,2126,2246,1,LEV,WI0290_20241126,-0.36374801197325024,0,Winam,34.59323874750729,2024-11-26,"{""type"":""MultiPoint"",""coordinates"":[]}"
0_290_0,2000,1146,456,664,570,1039,2146,2431,2062,2705,1,LEV,WI0291_20241126,-0.3574395819024184,0,Winam,34.58821886250306,2024-11-26,"{""type"":""MultiPoint"",""coordinates"":[]}"
0_291_0,2252,1351,376,601,478,1118,2100,2625,2204,2662,1,LEV,WI0292_20241126,-0.3550363693028991,0,Winam,34.57980948249592,2024-11-26,"{""type"":""MultiPoint"",""coordinates"":[]}"
0_292_0,2456,1670,486,660,697,1208,1975,2245,2136,2415,1,LEV,WI0293_20241126,-0.36443464387131547,0,Winam,34.57800310724118,2024-11-26,"{""type"":""MultiPoint"",""coordinates"":[]}"
0_293_0,2032,1106,403,647,443,1088,2825,3136,2732,3273,1,LEV,WI0294_20241126,-0.3709147283366313,0,Winam,34.59328059739877,2024-11-26,"{""type"":""MultiPoint"",""coordinates"":[]}"
0_294_0,2413,2285,866,1040,1456,1862,1859,1965,1654,1948,1,LEV,WI0295_20241126,-0.36906940528572774,0,Winam,34.6503461507803,2024-11-26,"{""type"":""MultiPoint"",""coordinates"":[]}"
0_295_0,2304,1678,522,758,843,1396,2200,2498,2340,2706,1,LEV,WI0296_20241126,-0.3763648587531493,0,Winam,34.705178740826845,2024-11-26,"{""type"":""MultiPoint"",""coordinates"":[]}"
0_296_0,2751,1538,566,990,714,1622,3256,3849,3696,4192,1,LEV,WI0297_20241126,-0.3092464683146311,0,Winam,34.795831050392835,2024-11-26,"{""type"":""MultiPoint"",""coordinates"":[]}"
0_297_0,2464,1597,400,674,571,1032,1998,2275,2508,2517,1,LEV,WI0298_20241126,-0.31722860229898,0,Winam,34.84663057043594,2024-11-26,"{""type"":""MultiPoint"",""coordinates"":[]}"
0_298_0,1775,840,264,583,342,908,2728,3378,3348,3677,1,LEV,WI0299_20241126,-0.294054644490369,0,Winam,34.85865694207529,2024-11-26,"{""type"":""MultiPoint"",""coordinates"":[]}"
0_299_0,1642,766,249,532,292,982,2970,3726,3952,3998,1,LEV,WI0300_20241126,-0.24410173319939582,0,Winam,34.821131780524325,2024-11-26,"{""type"":""MultiPoint"",""coordinates"":[]}"
1_300_0,1221,553,372,614,354,884,2787,3411,3564,3678,3,floating_plants,WI0001_20250614,-0.33417988930667847,1,Winam,34.65070113144972,2025-06-14,"{""type"":""MultiPoint"",""coordinates"":[]}"
1_301_0,1075,456,336,588,328,932,2845,3398,3448,3575,3,floating_plants,WI0002_20250614,-0.3276997810350508,1,Winam,34.637357676438405,2025-06-14,"{""type"":""MultiPoint"",""coordinates"":[]}"
1_302_0,952,436,392,622,374,828,2309,2741,2600,3032,3,floating_plants,WI0003_20250614,-0.32357997491586954,1,Winam,34.62997801643217,2025-06-14,"{""type"":""MultiPoint"",""coordinates"":[]}"
1_303_0,735,338,371,588,340,857,2311,2571,2800,2730,3,floating_plants,WI0004_20250614,-0.32735646392283846,1,Winam,34.633238796434945,2025-06-14,"{""type"":""MultiPoint"",""coordinates"":[]}"
1_304_0,1027,464,353,590,344,941,2738,3286,3400,3390,3,floating_plants,WI0005_20250614,-0.3296309395714674,1,Winam,34.64074717144128,2025-06-14,"{""type"":""MultiPoint"",""coordinates"":[]}"
1_305_0,1335,617,361,547,305,745,2828,3819,3996,4182,3,floating_plants,WI0006_20250614,-0.33139043924534406,1,Winam,34.642592086442846,2025-06-14,"{""type"":""MultiPoint"",""coordinates"":[]}"
1_306_0,1169,556,317,548,321,795,2817,3553,3728,3844,3,floating_plants,WI0007_20250614,-0.33100420763630933,1,Winam,34.644265381444285,2025-06-14,"{""type"":""MultiPoint"",""coordinates"":[]}"
1_307_0,585,289,430,668,470,903,1725,2035,1662,1828,3,floating_plants,WI0008_20250614,-0.3321199877990522,1,Winam,34.64623901144596,2025-06-14,"{""type"":""MultiPoint"",""coordinates"":[]}"
1_308_0,508,251,449,657,455,831,1562,1806,1726,1774,3,floating_plants,WI0009_20250614,-0.33576772975751845,1,Winam,34.64821264144762,2025-06-14,"{""type"":""MultiPoint"",""coordinates"":[]}"
1_309_0,682,323,367,580,369,827,1828,2311,2460,2423,3,floating_plants,WI0010_20250614,-0.336153961179562,1,Winam,34.6505295114496,2025-06-14,"{""type"":""MultiPoint"",""coordinates"":[]}"
1_310_0,690,321,445,698,498,867,1853,2074,1830,2164,3,floating_plants,WI0011_20250614,-0.33718391156364835,1,Winam,34.651773756450666,2025-06-14,"{""type"":""MultiPoint"",""coordinates"":[]}"
1_311_0,774,363,398,618,392,896,2204,2621,2780,2859,3,floating_plants,WI0012_20250614,-0.32834350058863865,1,Winam,34.65456258145303,2025-06-14,"{""type"":""MultiPoint"",""coordinates"":[]}"
1_312_0,1477,673,350,586,370,797,2643,3449,3432,3742,3,floating_plants,WI0013_20250614,-0.32787143958669784,1,Winam,34.646710966446356,2025-06-14,"{""type"":""MultiPoint"",""coordinates"":[]}"
1_313_0,1636,731,402,629,359,893,2961,3916,3984,4101,3,floating_plants,WI0014_20250614,-0.32229253515954265,1,Winam,34.653189621451865,2025-06-14,"{""type"":""MultiPoint"",""coordinates"":[]}"
1_314_0,1455,652,330,532,309,774,2934,3934,3972,4225,3,floating_plants,WI0015_20250614,-0.3216488152202935,1,Winam,34.655420681453734,2025-06-14,"{""type"":""MultiPoint"",""coordinates"":[]}"
1_315_0,642,273,522,748,549,825,1531,1868,1418,2047,3,floating_plants,WI0016_20250614,-0.3251678170569199,1,Winam,34.654605486453065,2025-06-14,"{""type"":""MultiPoint"",""coordinates"":[]}"
1_316_0,1386,632,342,545,356,747,2526,3428,3488,3766,3,floating_plants,WI0017_20250614,-0.32546821959612926,1,Winam,34.65696526145507,2025-06-14,"{""type"":""MultiPoint"",""coordinates"":[]}"
1_317_0,1426,648,348,563,313,773,2916,3986,4020,4263,3,floating_plants,WI0018_20250614,-0.32881556156829017,1,Winam,34.66014023145774,2025-06-14,"{""type"":""MultiPoint"",""coordinates"":[]}"
1_318_0,1308,625,392,670,392,989,2876,3524,3848,3718,3,floating_plants,WI0019_20250614,-0.33096129301216304,1,Winam,34.66477397146168,2025-06-14,"{""type"":""MultiPoint"",""coordinates"":[]}"
1_319_0,780,435,437,662,487,899,1704,2192,3020,2267,3,floating_plants,WI0020_20250614,-0.3340511454751033,1,Winam,34.66348682146057,2025-06-14,"{""type"":""MultiPoint"",""coordinates"":[]}"
1_320_0,1026,458,361,608,378,891,2695,3212,3156,3464,3,floating_plants,WI0021_20250614,-0.3310900368840931,1,Winam,34.6582095064561,2025-06-14,"{""type"":""MultiPoint"",""coordinates"":[]}"
1_321_0,1541,689,366,602,308,813,3195,4271,4228,4461,3,floating_plants,WI0022_20250614,-0.33207707317974033,1,Winam,34.654605486453065,2025-06-14,"{""type"":""MultiPoint"",""coordinates"":[]}"
1_322_0,939,423,404,611,384,918,2529,2961,2786,3079,3,floating_plants,WI0023_20250614,-0.33576772975751845,1,Winam,34.6553777764537,2025-06-14,"{""type"":""MultiPoint"",""coordinates"":[]}"
1_323_0,847,388,396,592,367,942,2537,3012,2854,3034,3,floating_plants,WI0024_20250614,-0.33890049529487337,1,Winam,34.65494872645333,2025-06-14,"{""type"":""MultiPoint"",""coordinates"":[]}"
1_324_0,928,436,360,586,343,921,2602,3082,3132,3275,3,floating_plants,WI0025_20250614,-0.33993044538771,1,Winam,34.65649330645467,2025-06-14,"{""type"":""MultiPoint"",""coordinates"":[]}"
1_325_0,821,384,388,608,360,963,2404,2797,2718,2817,3,floating_plants,WI0026_20250614,-0.34220491811971937,1,Winam,34.65803788645597,2025-06-14,"{""type"":""MultiPoint"",""coordinates"":[]}"
1_326_0,707,359,415,634,420,1001,2209,2587,2534,2513,3,floating_plants,WI0027_20250614,-0.3356819005505221,1,Winam,34.673998546469484,2025-06-14,"{""type"":""MultiPoint"",""coordinates"":[]}"
1_327_0,770,377,436,658,393,972,2162,2667,2254,2599,3,floating_plants,WI0028_20250614,-0.3382996910234886,1,Winam,34.68112077647553,2025-06-14,"{""type"":""MultiPoint"",""coordinates"":[]}"
1_328_0,739,320,387,641,383,894,2176,2548,2720,2655,3,floating_plants,WI0029_20250614,-0.3393725557676971,1,Winam,34.683609266477674,2025-06-14,"{""type"":""MultiPoint"",""coordinates"":[]}"
1_329_0,449,213,423,650,434,850,1451,1643,2106,1791,3,floating_plants,WI0030_20250614,-0.3397158724607505,1,Winam,34.686097756479775,2025-06-14,"{""type"":""MultiPoint"",""coordinates"":[]}"
1_330_0,817,386,398,642,396,947,2331,2739,2580,2812,3,floating_plants,WI0031_20250614,-0.33954421411573776,1,Winam,34.68755652648101,2025-06-14,"{""type"":""MultiPoint"",""coordinates"":[]}"
1_331_0,713,320,435,645,413,884,1923,2293,2264,2270,3,floating_plants,WI0032_20250614,-0.3395012995290329,1,Winam,34.69017373148325,2025-06-14,"{""type"":""MultiPoint"",""coordinates"":[]}"
1_332_0,620,274,501,724,493,936,1844,2019,1692,2049,3,floating_plants,WI0033_20250614,-0.337269740757439,1,Winam,34.691375071484245,2025-06-14,"{""type"":""MultiPoint"",""coordinates"":[]}"
1_333_0,935,423,414,629,383,959,2732,3258,2932,3332,3,floating_plants,WI0034_20250614,-0.3364543633861489,1,Winam,34.693048366485684,2025-06-14,"{""type"":""MultiPoint"",""coordinates"":[]}"
1_334_0,879,395,385,614,378,958,2423,2880,2762,2891,3,floating_plants,WI0035_20250614,-0.3382138618388325,1,Winam,34.69467875648705,2025-06-14,"{""type"":""MultiPoint"",""coordinates"":[]}"
1_335_0,993,425,382,624,345,927,2675,3191,3220,3302,3,floating_plants,WI0036_20250614,-0.33894340988428806,1,Winam,34.69240479148511,2025-06-14,"{""type"":""MultiPoint"",""coordinates"":[]}"
1_336_0,1405,660,426,674,384,939,3048,3887,4124,4248,3,floating_plants,WI0037_20250614,-0.34353526984530725,1,Winam,34.693391606485946,2025-06-14,"{""type"":""MultiPoint"",""coordinates"":[]}"
1_337_0,885,391,402,642,376,940,2564,2983,2818,3142,3,floating_plants,WI0038_20250614,-0.3367118509844796,1,Winam,34.697982441489856,2025-06-14,"{""type"":""MultiPoint"",""coordinates"":[]}"
1_338_0,876,391,377,646,373,902,2395,2832,2846,2881,3,floating_plants,WI0039_20250614,-0.33684059478105594,1,Winam,34.69961283149122,2025-06-14,"{""type"":""MultiPoint"",""coordinates"":[]}"
1_339_0,832,365,386,602,386,851,1981,2643,2784,2750,3,floating_plants,WI0040_20250614,-0.32937345178820654,1,Winam,34.6560642564543,2025-06-14,"{""type"":""MultiPoint"",""coordinates"":[]}"
1_340_0,1039,459,378,611,350,919,2866,3364,3384,3600,3,floating_plants,WI0041_20250614,-0.3302317445262897,1,Winam,34.7059703124198,2025-06-14,"{""type"":""MultiPoint"",""coordinates"":[]}"
1_341_0,515,231,464,696,465,921,1246,1622,1392,1470,3,floating_plants,WI0042_20250614,-0.325983195509853,1,Winam,34.69983489741459,2025-06-14,"{""type"":""MultiPoint"",""coordinates"":[]}"
1_342_0,931,407,355,596,334,913,2595,3108,3448,3133,3,floating_plants,WI0043_20250614,-0.3243095241917672,1,Winam,34.699277132414124,2025-06-14,"{""type"":""MultiPoint"",""coordinates"":[]}"
1_343_0,891,391,389,612,373,907,2449,2896,2720,2975,3,floating_plants,WI0044_20250614,-0.32834350074178875,1,Winam,34.704254112418326,2025-06-14,"{""type"":""MultiPoint"",""coordinates"":[]}"
1_344_0,960,423,380,634,364,915,2567,3076,3240,3185,3,floating_plants,WI0045_20250614,-0.32675565910139587,1,Winam,34.70532673741927,2025-06-14,"{""type"":""MultiPoint"",""coordinates"":[]}"
1_345_0,979,429,389,628,404,920,2587,3160,2984,3178,3,floating_plants,WI0046_20250614,-0.3288155617214402,1,Winam,34.707300367420935,2025-06-14,"{""type"":""MultiPoint"",""coordinates"":[]}"
1_346_0,807,373,401,668,390,931,2316,2654,2700,2661,3,floating_plants,WI0047_20250614,-0.3307896346668449,1,Winam,34.7090594724224,2025-06-14,"{""type"":""MultiPoint"",""coordinates"":[]}"
1_347_0,978,425,391,634,370,912,2602,3074,2822,3217,3,floating_plants,WI0048_20250614,-0.3321629025712979,1,Winam,34.70781522742137,2025-06-14,"{""type"":""MultiPoint"",""coordinates"":[]}"
1_348_0,1400,648,358,580,322,787,2948,3990,3944,4237,3,floating_plants,WI0049_20250614,-0.33643290694230993,1,Winam,34.70327334877559,2025-06-14,"{""type"":""MultiPoint"",""coordinates"":[]}"
1_349_0,597,276,471,658,421,875,1588,2044,1672,1908,3,floating_plants,WI0050_20250614,-0.3384928075425367,1,Winam,34.70430306877649,2025-06-14,"{""type"":""MultiPoint"",""coordinates"":[]}"
1_350_0,382,195,574,773,558,889,1246,1353,871,1042,3,floating_plants,WI0051_20250614,-0.33681913833806937,1,Winam,34.70634105627821,2025-06-14,"{""type"":""MultiPoint"",""coordinates"":[]}"
1_351_0,637,301,392,648,399,876,1824,2263,2410,2111,3,floating_plants,WI0052_20250614,-0.33643290694230993,1,Winam,34.708057256279645,2025-06-14,"{""type"":""MultiPoint"",""coordinates"":[]}"
1_352_0,705,344,435,656,410,947,2193,2505,2302,2523,3,floating_plants,WI0054_20250614,-0.33581064521701837,1,Winam,34.71136094128245,2025-06-14,"{""type"":""MultiPoint"",""coordinates"":[]}"
1_353_0,826,361,416,634,353,923,2262,2773,2884,2603,3,floating_plants,WI0055_20250614,-0.3327637079227481,1,Winam,34.70998798128132,2025-06-14,"{""type"":""MultiPoint"",""coordinates"":[]}"
1_354_0,812,361,410,661,404,923,2061,2516,2468,2646,3,floating_plants,WI0056_20250614,-0.33439446321191296,1,Winam,34.708207423779804,2025-06-14,"{""type"":""MultiPoint"",""coordinates"":[]}"
1_355_0,641,291,436,652,394,870,2093,2343,2132,2478,3,floating_plants,WI0057_20250614,-0.3341155182474206,1,Winam,34.70586910127781,2025-06-14,"{""type"":""MultiPoint"",""coordinates"":[]}"
1_356_0,349,164,509,730,508,948,1078,1187,1432,1205,3,floating_plants,WI0058_20250614,-0.3344159205165627,1,Winam,34.714128313784805,2025-06-14,"{""type"":""MultiPoint"",""coordinates"":[]}"
1_357_0,792,384,431,645,394,943,2235,2550,2486,2590,3,floating_plants,WI0059_20250614,-0.33585355982003307,1,Winam,34.71432138628499,2025-06-14,"{""type"":""MultiPoint"",""coordinates"":[]}"
1_358_0,913,446,373,633,354,962,2629,3003,3164,3103,3,floating_plants,WI0060_20250614,-0.336196876637408,1,Winam,34.71288406878377,2025-06-14,"{""type"":""MultiPoint"",""coordinates"":[]}"
1_359_0,680,317,414,670,418,961,1994,2277,2432,2365,3,floating_plants,WI0061_20250614,-0.3343730059072505,1,Winam,34.71515803378566,2025-06-14,"{""type"":""MultiPoint"",""coordinates"":[]}"
1_360_0,514,261,461,672,439,965,1688,1894,2024,1887,3,floating_plants,WI0062_20250614,-0.3351454688461944,1,Winam,34.71736764128756,2025-06-14,"{""type"":""MultiPoint"",""coordinates"":[]}"
1_361_0,878,408,408,646,376,939,2326,2779,2592,2831,3,floating_plants,WI0063_20250614,-0.33417989016298555,1,Winam,34.71921255628913,2025-06-14,"{""type"":""MultiPoint"",""coordinates"":[]}"
1_362_0,968,433,407,597,365,960,2568,3083,3034,3128,3,floating_plants,WI0064_20250614,-0.3345017497346146,1,Winam,34.72080004129046,2025-06-14,"{""type"":""MultiPoint"",""coordinates"":[]}"
1_363_0,906,416,430,626,369,897,2383,2949,2648,2848,3,floating_plants,WI0065_20250614,-0.329523653852212,1,Winam,34.71816139930455,2025-06-14,"{""type"":""MultiPoint"",""coordinates"":[]}"
1_364_0,450,207,494,686,480,941,1087,1386,1414,1232,3,floating_plants,WI0066_20250614,-0.3310042084926164,1,Winam,34.71595179180266,2025-06-14,"{""type"":""MultiPoint"",""coordinates"":[]}"
1_365_0,813,365,388,621,403,914,2140,2648,2584,2743,3,floating_plants,WI0067_20250614,-0.3213913266489166,1,Winam,34.7298739729649,2025-06-14,"{""type"":""MultiPoint"",""coordinates"":[]}"
1_366_0,768,342,375,629,371,920,2223,2616,2610,2580,3,floating_plants,WI0068_20250614,-0.3236658036428566,1,Winam,34.7303459279653,2025-06-14,"{""type"":""MultiPoint"",""coordinates"":[]}"
1_367_0,677,318,398,628,376,920,1873,2282,2496,2337,3,floating_plants,WI0069_20250614,-0.3230649984485893,1,Winam,34.728629727963835,2025-06-14,"{""type"":""MultiPoint"",""coordinates"":[]}"
1_368_0,1035,447,366,590,348,910,2788,3323,3332,3431,3,floating_plants,WI0070_20250614,-0.3167136270923444,1,Winam,34.72107844795742,2025-06-14,"{""type"":""MultiPoint"",""coordinates"":[]}"
1_369_0,902,394,380,616,375,907,2399,2987,2786,2961,3,floating_plants,WI0071_20250614,-0.3161557361780493,1,Winam,34.72536894796106,2025-06-14,"{""type"":""MultiPoint"",""coordinates"":[]}"
1_370_0,960,420,397,611,346,898,2621,3060,3108,3126,3,floating_plants,WI0072_20250614,-0.3137095987390781,1,Winam,34.71974839295629,2025-06-14,"{""type"":""MultiPoint"",""coordinates"":[]}"
1_371_0,913,390,398,640,380,866,2431,2960,2894,3014,3,floating_plants,WI0073_20250614,-0.31576950398902137,1,Winam,34.71224001794991,2025-06-14,"{""type"":""MultiPoint"",""coordinates"":[]}"
1_372_0,952,396,395,642,372,876,2443,2966,2920,3094,3,floating_plants,WI0074_20250614,-0.3182585556212882,1,Winam,34.718118002954924,2025-06-14,"{""type"":""MultiPoint"",""coordinates"":[]}"
1_373_0,1117,474,360,598,340,888,2861,3520,3640,3641,3,floating_plants,WI0075_20250614,-0.3194172518661564,1,Winam,34.71455688795188,2025-06-14,"{""type"":""MultiPoint"",""coordinates"":[]}"
1_374_0,1077,458,376,606,350,890,2813,3348,3308,3491,3,floating_plants,WI0076_20250614,-0.32169172929989065,1,Winam,34.71434236295171,2025-06-14,"{""type"":""MultiPoint"",""coordinates"":[]}"
1_375_0,379,180,474,676,426,857,1114,1332,1606,1416,3,floating_plants,WI0077_20250614,-0.32126258265297036,1,Winam,34.708936332947104,2025-06-14,"{""type"":""MultiPoint"",""coordinates"":[]}"
1_376_0,365,170,453,697,468,944,1183,1292,2070,1221,3,floating_plants,WI0078_20250614,-0.31851604368696956,1,Winam,34.697351982937285,2025-06-14,"{""type"":""MultiPoint"",""coordinates"":[]}"
1_377_0,540,242,424,642,420,916,1773,2196,2270,2177,3,floating_plants,WI0079_20250614,-0.31855895836395126,1,Winam,34.69473477793509,2025-06-14,"{""type"":""MultiPoint"",""coordinates"":[]}"
1_378_0,1040,442,357,612,357,878,2740,3400,3388,3495,3,floating_plants,WI0080_20250614,-0.3195459958853207,1,Winam,34.71138191794921,2025-06-14,"{""type"":""MultiPoint"",""coordinates"":[]}"
1_379_0,991,436,360,581,336,889,2638,3188,3196,3326,3,floating_plants,WI0081_20250614,-0.32375163295341175,1,Winam,34.71232582795001,2025-06-14,"{""type"":""MultiPoint"",""coordinates"":[]}"
1_380_0,938,417,396,639,392,897,2442,2899,2886,2974,3,floating_plants,WI0082_20250614,-0.32714189013747275,1,Winam,34.71421364795161,2025-06-14,"{""type"":""MultiPoint"",""coordinates"":[]}"
1_381_0,900,398,392,628,381,929,2461,2872,2790,2995,3,floating_plants,WI0083_20250614,-0.3266698290789562,1,Winam,34.71700247295395,2025-06-14,"{""type"":""MultiPoint"",""coordinates"":[]}"
1_382_0,440,219,468,689,495,890,1297,1413,1636,1333,3,floating_plants,WI0084_20250614,-0.3282469432435686,1,Winam,34.71651578142662,2025-06-14,"{""type"":""MultiPoint"",""coordinates"":[]}"
1_383_0,814,370,418,658,402,939,2251,2696,2684,2716,3,floating_plants,WI0085_20250614,-0.32783925419382004,1,Winam,34.718779020178516,2025-06-14,"{""type"":""MultiPoint"",""coordinates"":[]}"
1_384_0,1285,671,382,598,374,875,2792,3579,3544,3809,3,floating_plants,WI0086_20250614,-0.3302746587022832,1,Winam,34.73202214003165,2025-06-14,"{""type"":""MultiPoint"",""coordinates"":[]}"
1_385_0,560,282,434,684,440,918,1381,1805,2004,1882,3,floating_plants,WI0087_20250614,-0.3409818545547552,1,Winam,34.71170853619174,2025-06-14,"{""type"":""MultiPoint"",""coordinates"":[]}"
1_386_0,1336,645,352,587,306,783,3059,3903,3848,4171,3,floating_plants,WI0088_20250614,-0.3404668795781755,1,Winam,34.70840485118894,2025-06-14,"{""type"":""MultiPoint"",""coordinates"":[]}"
1_387_0,540,260,426,650,415,873,1753,2071,2230,2147,3,floating_plants,WI0089_20250614,-0.34138954305833896,1,Winam,34.71027121869052,2025-06-14,"{""type"":""MultiPoint"",""coordinates"":[]}"
1_388_0,770,359,426,664,434,908,2057,2501,2292,2652,3,floating_plants,WI0090_20250614,-0.34233366373712515,1,Winam,34.71464752869423,2025-06-14,"{""type"":""MultiPoint"",""coordinates"":[]}"
1_389_0,885,392,382,620,364,903,2439,2770,2988,2842,3,floating_plants,WI0091_20250614,-0.3422478345883584,1,Winam,34.71668551619599,2025-06-14,"{""type"":""MultiPoint"",""coordinates"":[]}"
1_390_0,849,371,378,634,369,900,2190,2707,2730,2793,3,floating_plants,WI0092_20250614,-0.3431704978974207,1,Winam,34.71587032119528,2025-06-14,"{""type"":""MultiPoint"",""coordinates"":[]}"
1_391_0,659,310,512,744,528,925,1724,2218,1444,2286,3,floating_plants,WI0093_20250614,-0.34381421643248045,1,Winam,34.718015571197085,2025-06-14,"{""type"":""MultiPoint"",""coordinates"":[]}"
1_392_0,561,260,461,662,408,899,1728,1958,2258,2169,3,floating_plants,WI0094_20250614,-0.34435064851184644,1,Winam,34.72009646369887,2025-06-14,"{""type"":""MultiPoint"",""coordinates"":[]}"
1_393_0,544,242,426,658,398,890,1613,1958,2316,2206,3,floating_plants,WI0095_20250614,-0.346324718303693,1,Winam,34.722284618700705,2025-06-14,"{""type"":""MultiPoint"",""coordinates"":[]}"
1_394_0,610,287,498,736,463,866,1762,2136,1588,2220,3,floating_plants,WI0096_20250614,-0.34778381310313344,1,Winam,34.722627858701,2025-06-14,"{""type"":""MultiPoint"",""coordinates"":[]}"
1_395_0,1715,754,376,701,332,965,3498,4240,4500,4530,3,floating_plants,WI0097_20250614,-0.33838552148278384,1,Winam,34.71142950370059,2025-06-14,"{""type"":""MultiPoint"",""coordinates"":[]}"
1_396_0,778,358,416,648,392,965,2194,2520,2562,2543,3,floating_plants,WI0098_20250614,-0.3370337117481551,1,Winam,34.71383218370263,2025-06-14,"{""type"":""MultiPoint"",""coordinates"":[]}"
1_397_0,802,358,437,676,424,896,2233,2696,2598,2683,3,floating_plants,WI0099_20250614,-0.34055270812430344,1,Winam,34.71458302120324,2025-06-14,"{""type"":""MultiPoint"",""coordinates"":[]}"
1_398_0,1503,683,342,589,332,794,2859,3876,4064,4196,3,floating_plants,WI0101_20250614,-0.3472259226804122,1,Winam,34.71339764610316,2025-06-14,"{""type"":""MultiPoint"",""coordinates"":[]}"
1_399_0,241,125,544,737,542,846,685,931,1004,862,3,floating_plants,WI0102_20250614,-0.34880303405471125,1,Winam,34.72094643643031,2025-06-14,"{""type"":""MultiPoint"",""coordinates"":[]}"
1_400_0,316,192,500,713,512,883,970,1270,1624,1203,3,floating_plants,WI0103_20250614,-0.3501441137956289,1,Winam,34.718522435816844,2025-06-14,"{""type"":""MultiPoint"",""coordinates"":[]}"
1_401_0,228,122,490,687,470,858,762,839,450,657,3,floating_plants,WI0104_20250614,-0.32146642808066417,1,Winam,34.72605484678763,2025-06-14,"{""type"":""MultiPoint"",""coordinates"":[]}"
1_402_0,720,314,407,642,387,892,1903,2508,2222,2400,3,floating_plants,WI0105_20250614,-0.3214556994144657,1,Winam,34.72781395178914,2025-06-14,"{""type"":""MultiPoint"",""coordinates"":[]}"
1_403_0,915,394,416,665,424,959,2378,2876,3042,2878,3,floating_plants,WI0106_20250614,-0.2918016211761879,1,Winam,34.7744715289066,2025-06-14,"{""type"":""MultiPoint"",""coordinates"":[]}"
1_404_0,1113,518,381,646,403,963,2728,3347,3164,3484,3,floating_plants,WI0107_20250614,-0.2908789532899512,1,Winam,34.7774319739091,2025-06-14,"{""type"":""MultiPoint"",""coordinates"":[]}"
1_405_0,980,443,376,616,429,899,2393,2889,2754,3015,3,floating_plants,WI0108_20250614,-0.29272428898675285,1,Winam,34.776724041408514,2025-06-14,"{""type"":""MultiPoint"",""coordinates"":[]}"
1_406_0,802,358,435,658,463,855,1886,2247,2138,2299,3,floating_plants,WI0109_20250614,-0.2923595133497664,1,Winam,34.781400686412496,2025-06-14,"{""type"":""MultiPoint"",""coordinates"":[]}"
1_407_0,906,416,424,614,467,902,2232,2685,2624,2724,3,floating_plants,WI0110_20250614,-0.28899070249714887,1,Winam,34.78047822891171,2025-06-14,"{""type"":""MultiPoint"",""coordinates"":[]}"
1_408_0,994,436,415,634,410,939,2500,2936,2786,3102,3,floating_plants,WI0111_20250614,-0.28875467112592146,1,Winam,34.7711678439038,2025-06-14,"{""type"":""MultiPoint"",""coordinates"":[]}"
1_409_0,930,423,392,602,398,902,2430,2880,2798,2943,3,floating_plants,WI0112_20250614,-0.28978462616430434,1,Winam,34.76657700889992,2025-06-14,"{""type"":""MultiPoint"",""coordinates"":[]}"
1_410_0,764,363,475,677,526,942,1998,2291,2008,2326,3,floating_plants,WI0113_20250614,-0.2909647828639326,1,Winam,34.76861499640164,2025-06-14,"{""type"":""MultiPoint"",""coordinates"":[]}"
1_411_0,679,318,426,624,448,883,1963,2309,2338,2229,3,floating_plants,WI0114_20250614,-0.29242388552186216,1,Winam,34.768250303901326,2025-06-14,"{""type"":""MultiPoint"",""coordinates"":[]}"
1_412_0,724,336,427,654,439,844,2057,2504,2418,2654,3,floating_plants,WI0115_20250614,-0.29128664376061897,1,Winam,34.764603378898215,2025-06-14,"{""type"":""MultiPoint"",""coordinates"":[]}"
1_413_0,586,278,534,712,506,889,1469,1839,1828,1923,3,floating_plants,WI0116_20250614,-0.2923595133497664,1,Winam,34.760806286394995,2025-06-14,"{""type"":""MultiPoint"",""coordinates"":[]}"
1_414_0,859,371,440,639,476,926,2121,2432,2416,2543,3,floating_plants,WI0117_20250614,-0.28637289919686537,1,Winam,34.77998581962676,2025-06-14,"{""type"":""MultiPoint"",""coordinates"":[]}"
1_415_0,833,384,408,626,373,885,1958,2373,2928,2591,3,floating_plants,WI0118_20250614,-0.28590083634133545,1,Winam,34.77599565462339,2025-06-14,"{""type"":""MultiPoint"",""coordinates"":[]}"
1_416_0,899,394,396,600,390,864,2293,2698,2732,2852,3,floating_plants,WI0119_20250614,-0.28759597105024054,1,Winam,34.773314092121105,2025-06-14,"{""type"":""MultiPoint"",""coordinates"":[]}"
1_417_0,1020,454,379,594,375,893,2595,3152,3012,3322,3,floating_plants,WI0120_20250614,-0.28210287539113754,1,Winam,34.77953531712638,2025-06-14,"{""type"":""MultiPoint"",""coordinates"":[]}"
1_418_0,650,306,432,656,460,893,1710,1912,2320,1993,3,floating_plants,WI0121_20250614,-0.28364780880954804,1,Winam,34.78095118212758,2025-06-14,"{""type"":""MultiPoint"",""coordinates"":[]}"
1_419_0,969,428,390,616,410,864,2309,2747,2584,2980,3,floating_plants,WI0122_20250614,-0.28678058982920707,1,Winam,34.78715095463284,2025-06-14,"{""type"":""MultiPoint"",""coordinates"":[]}"
1_420_0,1118,481,374,570,358,864,2633,3294,3188,3490,3,floating_plants,WI0123_20250614,-0.28699516384035406,1,Winam,34.784962799631,2025-06-14,"{""type"":""MultiPoint"",""coordinates"":[]}"
1_421_0,875,409,408,636,430,913,2278,2673,2802,2682,3,floating_plants,WI0124_20250614,-0.2909433254967023,1,Winam,34.78322582984684,2025-06-14,"{""type"":""MultiPoint"",""coordinates"":[]}"
1_422_0,1177,526,372,562,358,859,2708,3473,3588,3758,3,floating_plants,WI0125_20250614,-0.2883469803122754,1,Winam,34.79075787101241,2025-06-14,"{""type"":""MultiPoint"",""coordinates"":[]}"
1_423_0,691,344,397,604,399,948,1645,2013,2852,2034,3,floating_plants,WI0126_20250614,-0.29274574612493237,1,Winam,34.79657149851737,2025-06-14,"{""type"":""MultiPoint"",""coordinates"":[]}"
1_424_0,1243,538,332,558,313,823,2941,3737,3648,3993,3,floating_plants,WI0127_20250614,-0.2943121340804775,1,Winam,34.793168023325656,2025-06-14,"{""type"":""MultiPoint"",""coordinates"":[]}"
1_425_0,1233,521,322,544,305,811,2925,3787,3832,4022,3,floating_plants,WI0128_20250614,-0.29757365642824624,1,Winam,34.796600423328556,2025-06-14,"{""type"":""MultiPoint"",""coordinates"":[]}"
1_426_0,1486,667,309,639,337,831,3071,4075,3764,4314,3,floating_plants,WI0129_20250614,-0.3066715820580055,1,Winam,34.800290253331696,2025-06-14,"{""type"":""MultiPoint"",""coordinates"":[]}"
1_427_0,624,271,471,751,476,1032,1934,2345,2314,2317,3,floating_plants,WI0130_20250614,-0.31057682474826687,1,Winam,34.808117412222366,2025-06-14,"{""type"":""MultiPoint"",""coordinates"":[]}"
1_428_0,889,383,449,754,436,1122,2609,3010,2784,3027,3,floating_plants,WI0131_20250614,-0.30993310408279523,1,Winam,34.80655137972105,2025-06-14,"{""type"":""MultiPoint"",""coordinates"":[]}"
1_429_0,836,396,371,604,354,858,2402,3043,3672,3197,3,floating_plants,WI0132_20250614,-0.30637118236239014,1,Winam,34.806208139720745,2025-06-14,"{""type"":""MultiPoint"",""coordinates"":[]}"
1_430_0,692,330,454,695,472,1050,2239,2433,2126,2345,3,floating_plants,WI0133_20250614,-0.31227195564618043,1,Winam,34.816140647229176,2025-06-14,"{""type"":""MultiPoint"",""coordinates"":[]}"
1_431_0,679,287,457,739,468,1024,2007,2348,1992,2256,3,floating_plants,WI0134_20250614,-0.3140743730099528,1,Winam,34.81922980723178,2025-06-14,"{""type"":""MultiPoint"",""coordinates"":[]}"
1_432_0,852,364,337,594,353,889,2417,3242,3608,3212,3,floating_plants,WI0135_20250614,-0.315104325649803,1,Winam,34.82180410723399,2025-06-14,"{""type"":""MultiPoint"",""coordinates"":[]}"
1_433_0,592,277,461,676,496,999,1448,1960,3094,1759,3,floating_plants,WI0136_20250614,-0.3087744067864484,1,Winam,34.804127247219,2025-06-14,"{""type"":""MultiPoint"",""coordinates"":[]}"
1_434_0,1331,669,373,606,416,979,2740,3426,3420,3609,3,floating_plants,WI0137_20250614,-0.31197155272213667,1,Winam,34.803462219718405,2025-06-14,"{""type"":""MultiPoint"",""coordinates"":[]}"
1_435_0,686,328,312,594,352,895,1967,2550,4024,2811,3,floating_plants,WI0138_20250614,-0.32106946727855307,1,Winam,34.82901782103481,2025-06-14,"{""type"":""MultiPoint"",""coordinates"":[]}"
1_436_0,418,200,465,694,550,843,1468,1477,1146,1421,3,floating_plants,WI0139_20250614,-0.2999554276955688,1,Winam,34.840303429051474,2025-06-14,"{""type"":""MultiPoint"",""coordinates"":[]}"
1_437_0,454,215,355,628,334,808,1441,1636,3090,1571,3,floating_plants,WI0140_20250614,-0.2984319538897712,1,Winam,34.843414041554134,2025-06-14,"{""type"":""MultiPoint"",""coordinates"":[]}"
1_438_0,675,290,350,637,342,868,2033,2376,2930,2499,3,floating_plants,WI0141_20250614,-0.29628621577753467,1,Winam,34.84470119155523,2025-06-14,"{""type"":""MultiPoint"",""coordinates"":[]}"
1_439_0,409,202,400,670,433,729,1409,1529,1726,1226,3,floating_plants,WI0142_20250614,-0.3019938782305081,1,Winam,34.83530499654726,2025-06-14,"{""type"":""MultiPoint"",""coordinates"":[]}"
1_440_0,391,173,380,640,411,835,1353,1838,2254,1706,3,floating_plants,WI0143_20250614,-0.3027019713499362,1,Winam,34.82640012985511,2025-06-14,"{""type"":""MultiPoint"",""coordinates"":[]}"
1_441_0,239,118,371,623,430,704,881,960,1294,848,3,floating_plants,WI0144_20250614,-0.3040752433589586,1,Winam,34.836870387708075,2025-06-14,"{""type"":""MultiPoint"",""coordinates"":[]}"
1_442_0,242,128,409,634,429,678,892,939,1416,793,3,floating_plants,WI0145_20250614,-0.3033456928249735,1,Winam,34.83082078270293,2025-06-14,"{""type"":""MultiPoint"",""coordinates"":[]}"
1_443_0,258,124,412,658,450,691,785,998,1282,849,3,floating_plants,WI0146_20250614,-0.30280925857741064,1,Winam,34.833266367705,2025-06-14,"{""type"":""MultiPoint"",""coordinates"":[]}"
1_444_0,422,193,420,662,460,838,1641,2042,1954,1601,3,floating_plants,WI0147_20250614,-0.29905421810393584,1,Winam,34.841740105212196,2025-06-14,"{""type"":""MultiPoint"",""coordinates"":[]}"
1_445_0,1027,466,377,594,348,887,2650,3249,3332,3463,3,floating_plants,WI0149_20250614,-0.29341092556252346,1,Winam,34.719323459948264,2025-06-14,"{""type"":""MultiPoint"",""coordinates"":[]}"
1_446_0,877,426,417,640,414,899,2409,2909,2612,2786,3,floating_plants,WI0150_20250614,-0.29474128358560964,1,Winam,34.722069379950604,2025-06-14,"{""type"":""MultiPoint"",""coordinates"":[]}"
1_447_0,910,443,378,578,373,932,2373,2861,3076,2981,3,floating_plants,WI0151_20250614,-0.2967153629396921,1,Winam,34.72653149995441,2025-06-14,"{""type"":""MultiPoint"",""coordinates"":[]}"
1_448_0,663,338,446,662,447,941,2081,2384,2136,2391,3,floating_plants,WI0152_20250614,-0.29744491391632133,1,Winam,34.728676749956215,2025-06-14,"{""type"":""MultiPoint"",""coordinates"":[]}"
1_449_0,752,354,398,620,385,900,2197,2463,2768,2793,3,floating_plants,WI0153_20250614,-0.2998910550735645,1,Winam,34.70954111993999,2025-06-14,"{""type"":""MultiPoint"",""coordinates"":[]}"
1_450_0,92,69,495,657,429,887,537,536,417,329,4,surface_algae,WI0154_20250614,-0.33913652686396945,0,Winam,34.7291300143585,2025-06-14,"{""type"":""MultiPoint"",""coordinates"":[]}"
1_451_0,86,69,475,606,392,906,553,554,432,326,4,surface_algae,WI0155_20250614,-0.3354887861618732,0,Winam,34.72698476435666,2025-06-14,"{""type"":""MultiPoint"",""coordinates"":[]}"
1_452_0,95,82,508,684,455,943,562,556,436,336,4,surface_algae,WI0156_20250614,-0.33939401439117023,0,Winam,34.722608454352965,2025-06-14,"{""type"":""MultiPoint"",""coordinates"":[]}"
1_453_0,98,80,510,657,416,945,580,568,452,350,4,surface_algae,WI0157_20250614,-0.33426571985664494,0,Winam,34.72998811435924,2025-06-14,"{""type"":""MultiPoint"",""coordinates"":[]}"
1_454_0,96,69,493,664,430,931,558,559,433,341,4,surface_algae,WI0158_20250614,-0.3415397435174874,0,Winam,34.7272421943569,2025-06-14,"{""type"":""MultiPoint"",""coordinates"":[]}"
1_455_0,91,74,504,648,419,924,572,562,448,343,4,surface_algae,WI0159_20250614,-0.34151828622857505,0,Winam,34.72906565685845,2025-06-14,"{""type"":""MultiPoint"",""coordinates"":[]}"
1_456_0,96,74,529,706,472,930,563,574,452,353,4,surface_algae,WI0160_20250614,-0.34342798475250663,0,Winam,34.72979504185905,2025-06-14,"{""type"":""MultiPoint"",""coordinates"":[]}"
1_457_0,94,80,548,725,466,892,522,528,420,323,4,surface_algae,WI0161_20250614,-0.3363256209142736,0,Winam,34.73333470436208,2025-06-14,"{""type"":""MultiPoint"",""coordinates"":[]}"
1_458_0,81,62,436,587,358,872,532,514,414,313,4,surface_algae,WI0162_20250614,-0.33340742762159825,0,Winam,34.733463419362174,2025-06-14,"{""type"":""MultiPoint"",""coordinates"":[]}"
1_459_0,88,69,494,676,467,913,540,541,432,327,4,surface_algae,WI0163_20250614,-0.3368835107093315,0,Winam,34.7390196168669,2025-06-14,"{""type"":""MultiPoint"",""coordinates"":[]}"
1_460_0,102,75,516,704,478,932,581,574,447,367,4,surface_algae,WI0164_20250614,-0.33819240587231847,0,Winam,34.743674809370816,2025-06-14,"{""type"":""MultiPoint"",""coordinates"":[]}"
1_461_0,97,76,452,654,420,924,602,591,472,369,4,surface_algae,WI0165_20250614,-0.3361325049324976,0,Winam,34.74713218407451,2025-06-14,"{""type"":""MultiPoint"",""coordinates"":[]}"
1_462_0,105,83,320,412,260,809,609,591,480,349,4,surface_algae,WI0166_20250614,-0.3411320553123796,0,Winam,34.76174435709383,2025-06-14,"{""type"":""MultiPoint"",""coordinates"":[]}"
1_463_0,120,98,421,536,340,865,568,574,459,359,4,surface_algae,WI0167_20250614,-0.33943692927052427,0,Winam,34.7586122920912,2025-06-14,"{""type"":""MultiPoint"",""coordinates"":[]}"
1_464_0,97,77,392,516,312,845,590,570,436,340,4,surface_algae,WI0168_20250614,-0.33774180293155415,0,Winam,34.757110617089936,2025-06-14,"{""type"":""MultiPoint"",""coordinates"":[]}"
1_465_0,131,102,359,460,289,830,645,635,488,368,4,surface_algae,WI0169_20250614,-0.34233366346511135,0,Winam,34.76026413459258,2025-06-14,"{""type"":""MultiPoint"",""coordinates"":[]}"
1_466_0,104,74,292,353,227,814,713,685,532,390,4,surface_algae,WI0170_20250614,-0.3438571307279228,0,Winam,34.76127240209344,2025-06-14,"{""type"":""MultiPoint"",""coordinates"":[]}"
1_467_0,93,74,366,438,277,808,575,555,433,303,4,surface_algae,WI0171_20250614,-0.343728387024982,0,Winam,34.75777564459048,2025-06-14,"{""type"":""MultiPoint"",""coordinates"":[]}"
1_468_0,102,77,347,390,266,803,605,608,474,340,4,surface_algae,WI0172_20250614,-0.3451874828560544,0,Winam,34.759170967381436,2025-06-14,"{""type"":""MultiPoint"",""coordinates"":[]}"
1_469_0,103,75,304,383,238,809,608,599,475,349,4,surface_algae,WI0173_20250614,-0.3463676332204758,0,Winam,34.760694094882716,2025-06-14,"{""type"":""MultiPoint"",""coordinates"":[]}"
1_470_0,104,80,301,390,243,808,662,644,514,362,4,surface_algae,WI0174_20250614,-0.3468611506020847,0,Winam,34.75848448738086,2025-06-14,"{""type"":""MultiPoint"",""coordinates"":[]}"
1_471_0,102,79,292,374,235,803,632,634,497,353,4,surface_algae,WI0175_20250614,-0.348620647138077,0,Winam,34.759321124537344,2025-06-14,"{""type"":""MultiPoint"",""coordinates"":[]}"
1_472_0,97,73,310,339,211,802,692,673,521,376,4,surface_algae,WI0176_20250614,-0.34898542077033445,0,Winam,34.757090064535475,2025-06-14,"{""type"":""MultiPoint"",""coordinates"":[]}"
1_473_0,113,84,274,346,213,812,714,726,558,418,4,surface_algae,WI0177_20250614,-0.35018702792941003,0,Winam,34.75588872453444,2025-06-14,"{""type"":""MultiPoint"",""coordinates"":[]}"
1_474_0,122,95,296,374,232,774,602,603,488,339,4,surface_algae,WI0178_20250614,-0.3504016006202069,0,Winam,34.75754056703586,2025-06-14,"{""type"":""MultiPoint"",""coordinates"":[]}"
1_475_0,127,93,501,662,430,805,419,410,327,258,4,surface_algae,WI0179_20250614,-0.35181777772536255,0,Winam,34.65910876328674,2025-06-14,"{""type"":""MultiPoint"",""coordinates"":[]}"
1_476_0,119,106,421,584,384,838,493,470,386,308,4,surface_algae,WI0180_20250614,-0.348127127317746,0,Winam,34.66734652329376,2025-06-14,"{""type"":""MultiPoint"",""coordinates"":[]}"
1_477_0,105,79,417,542,340,890,587,588,471,355,4,surface_algae,WI0181_20250614,-0.32495324249552426,0,Winam,34.74397425339504,2025-06-14,"{""type"":""MultiPoint"",""coordinates"":[]}"
1_478_0,100,79,438,608,382,895,550,542,426,324,4,surface_algae,WI0182_20250614,-0.32040428857570824,0,Winam,34.737967553389964,2025-06-14,"{""type"":""MultiPoint"",""coordinates"":[]}"
1_479_0,97,74,472,644,428,890,570,562,450,344,4,surface_algae,WI0183_20250614,-0.3379134583728477,0,Winam,34.75075324340081,2025-06-14,"{""type"":""MultiPoint"",""coordinates"":[]}"
1_480_0,84,61,488,642,455,815,473,470,358,302,4,surface_algae,WI0184_20250614,-0.3265839990638064,0,Winam,34.75392821340348,2025-06-14,"{""type"":""MultiPoint"",""coordinates"":[]}"
1_481_0,164,126,554,737,560,1031,651,658,537,443,4,surface_algae,WI0185_20250614,-0.32027554475266967,0,Winam,34.82227158836707,2025-06-14,"{""type"":""MultiPoint"",""coordinates"":[]}"
1_482_0,141,112,566,770,603,1011,583,580,468,360,4,surface_algae,WI0186_20250614,-0.31512578309811207,0,Winam,34.83806062838046,2025-06-14,"{""type"":""MultiPoint"",""coordinates"":[]}"
1_483_0,119,102,351,493,305,787,468,462,376,298,4,surface_algae,WI0187_20250614,-0.19964177519279425,0,Winam,34.34934421556774,2025-06-14,"{""type"":""MultiPoint"",""coordinates"":[]}"
1_484_0,121,106,440,556,341,660,387,392,322,282,4,surface_algae,WI0188_20250614,-0.19929845455168016,0,Winam,34.35921236557612,2025-06-14,"{""type"":""MultiPoint"",""coordinates"":[]}"
1_485_0,117,89,452,568,348,635,397,394,310,286,4,surface_algae,WI0189_20250614,-0.20316081134854713,0,Winam,34.36642040558223,2025-06-14,"{""type"":""MultiPoint"",""coordinates"":[]}"
1_486_0,115,79,425,547,317,644,357,355,292,250,4,surface_algae,WI0190_20250614,-0.1976676814089805,0,Winam,34.365219065581236,2025-06-14,"{""type"":""MultiPoint"",""coordinates"":[]}"
1_487_0,123,107,430,532,342,588,361,353,319,277,4,surface_algae,WI0191_20250614,-0.1974960210688185,0,Winam,34.38409726559722,2025-06-14,"{""type"":""MultiPoint"",""coordinates"":[]}"
1_488_0,106,90,402,500,292,576,330,322,268,242,4,surface_algae,WI0192_20250614,-0.19329034218513538,0,Winam,34.388816815601224,2025-06-14,"{""type"":""MultiPoint"",""coordinates"":[]}"
1_489_0,116,91,414,522,320,593,356,365,300,259,4,surface_algae,WI0193_20250614,-0.19629439863820786,0,Winam,34.39259245560443,2025-06-14,"{""type"":""MultiPoint"",""coordinates"":[]}"
1_490_0,140,101,492,647,412,710,448,447,368,335,4,surface_algae,WI0194_20250614,-0.2069373371018383,0,Winam,34.35269080557058,2025-06-14,"{""type"":""MultiPoint"",""coordinates"":[]}"
1_491_0,120,94,502,647,410,668,408,401,340,303,4,surface_algae,WI0195_20250614,-0.206765676859701,0,Winam,34.36015627557693,2025-06-14,"{""type"":""MultiPoint"",""coordinates"":[]}"
1_492_0,106,87,436,525,334,538,345,338,261,238,4,surface_algae,WI0196_20250614,-0.1974960210688185,0,Winam,34.37680341559105,2025-06-14,"{""type"":""MultiPoint"",""coordinates"":[]}"
1_493_0,143,111,435,535,337,767,477,460,390,324,4,surface_algae,WI0197_20250614,-0.2017016987997541,0,Winam,34.34522159096316,2025-06-14,"{""type"":""MultiPoint"",""coordinates"":[]}"
1_494_0,123,100,508,650,410,636,396,392,322,293,4,surface_algae,WI0198_20250614,-0.2110571822635369,0,Winam,34.363070070978324,2025-06-14,"{""type"":""MultiPoint"",""coordinates"":[]}"
1_495_0,112,77,392,508,302,630,395,388,324,272,4,surface_algae,WI0199_20250614,-0.20264583040660814,0,Winam,34.3725949809864,2025-06-14,"{""type"":""MultiPoint"",""coordinates"":[]}"
1_496_0,121,100,422,514,322,533,317,321,288,253,4,surface_algae,WI0200_20250614,-0.19612273819526305,0,Winam,34.372251740986094,2025-06-14,"{""type"":""MultiPoint"",""coordinates"":[]}"
1_497_0,111,71,511,884,466,1025,732,704,582,493,4,surface_algae,WI0201_20250614,-0.46227907083011377,0,Winam,34.34084466030737,2025-06-14,"{""type"":""MultiPoint"",""coordinates"":[]}"
1_498_0,77,62,509,830,467,953,584,592,441,368,4,surface_algae,WI0202_20250614,-0.46545470192846755,0,Winam,34.3435047703096,2025-06-14,"{""type"":""MultiPoint"",""coordinates"":[]}"
1_499_0,121,112,731,903,750,714,346,363,294,247,2,open_water,WI0204_20250614,-0.28941983877228034,0,Winam,34.63467860276474,2025-06-14,"{""type"":""MultiPoint"",""coordinates"":[]}"
1_500_0,95,71,340,415,286,347,215,217,184,184,2,open_water,WI0205_20250614,-0.2269357408850013,0,Winam,34.76202064287277,2025-06-14,"{""type"":""MultiPoint"",""coordinates"":[]}"
1_501_0,128,107,690,879,692,725,378,376,317,263,2,open_water,WI0206_20250614,-0.20599320444153366,0,Winam,34.5742683627135,2025-06-14,"{""type"":""MultiPoint"",""coordinates"":[]}"
1_502_0,115,91,704,870,623,627,321,314,249,222,2,open_water,WI0207_20250614,-0.2980027940322898,0,Winam,34.488458362640685,2025-06-14,"{""type"":""MultiPoint"",""coordinates"":[]}"
1_503_0,124,97,622,790,490,590,329,337,279,256,2,open_water,WI0208_20250614,-0.22350254019273927,0,Winam,34.39544032256176,2025-06-14,"{""type"":""MultiPoint"",""coordinates"":[]}"
1_504_0,117,101,667,854,570,652,346,334,286,245,2,open_water,WI0210_20250614,-0.31310877892920796,0,Winam,34.40848344257285,2025-06-14,"{""type"":""MultiPoint"",""coordinates"":[]}"
1_505_0,120,100,742,889,610,594,328,326,279,240,2,open_water,WI0211_20250614,-0.35911323081414537,0,Winam,34.44006152259963,2025-06-14,"{""type"":""MultiPoint"",""coordinates"":[]}"
1_506_0,134,116,734,932,722,716,380,353,302,254,2,open_water,WI0212_20250614,-0.24787824700930977,0,Winam,34.52724448267361,2025-06-14,"{""type"":""MultiPoint"",""coordinates"":[]}"
1_507_0,153,142,771,958,802,764,407,390,317,293,2,open_water,WI0213_20250614,-0.23689201824068307,0,Winam,34.60756264274174,2025-06-14,"{""type"":""MultiPoint"",""coordinates"":[]}"
1_508_0,70,63,363,428,291,324,198,198,160,157,2,open_water,WI0214_20250614,-0.18882717031332816,0,Winam,34.745888362859084,2025-06-14,"{""type"":""MultiPoint"",""coordinates"":[]}"
1_509_0,125,112,610,854,669,810,398,405,320,273,2,open_water,WI0215_20250614,-0.23963857626514,0,Winam,34.728726362844526,2025-06-14,"{""type"":""MultiPoint"",""coordinates"":[]}"
1_510_0,77,65,360,457,309,368,220,230,179,162,2,open_water,WI0216_20250614,-0.24581832979719861,0,Winam,34.79222576289841,2025-06-14,"{""type"":""MultiPoint"",""coordinates"":[]}"
1_511_0,107,77,404,557,371,438,262,258,213,196,2,open_water,WI0217_20250614,-0.27019399571066544,0,Winam,34.75378288286579,2025-06-14,"{""type"":""MultiPoint"",""coordinates"":[]}"
1_512_0,114,110,666,918,759,982,516,482,382,296,2,open_water,WI0218_20250614,-0.26916403895454133,0,Winam,34.684791642807276,2025-06-14,"{""type"":""MultiPoint"",""coordinates"":[]}"
1_513_0,75,65,358,415,300,314,204,213,170,161,2,open_water,WI0219_20250614,-0.11878958204354277,0,Winam,34.69268434223442,2025-06-14,"{""type"":""MultiPoint"",""coordinates"":[]}"
1_514_0,72,60,392,508,310,335,191,194,163,140,2,open_water,WI0220_20250614,-0.16342139938198988,0,Winam,34.71671114225482,2025-06-14,"{""type"":""MultiPoint"",""coordinates"":[]}"
1_515_0,72,63,408,486,293,306,197,188,149,141,2,open_water,WI0221_20250614,-0.14797193399618747,0,Winam,34.69371406223529,2025-06-14,"{""type"":""MultiPoint"",""coordinates"":[]}"
1_516_0,112,100,553,737,560,642,305,325,255,217,2,open_water,WI0223_20250614,-0.2094263993295251,0,Winam,34.70778690224724,2025-06-14,"{""type"":""MultiPoint"",""coordinates"":[]}"
1_517_0,137,118,732,936,744,782,387,396,326,273,2,open_water,WI0224_20250614,-0.20805311755663242,0,Winam,34.59520418215173,2025-06-14,"{""type"":""MultiPoint"",""coordinates"":[]}"
1_518_0,83,72,430,564,357,348,159,164,124,123,2,open_water,WI0225_20250614,-0.14659864764690916,0,Winam,34.59863658215463,2025-06-14,"{""type"":""MultiPoint"",""coordinates"":[]}"
1_519_0,118,94,672,888,634,636,351,346,309,247,2,open_water,WI0226_20250614,-0.18848383968467441,0,Winam,34.48365118205709,2025-06-14,"{""type"":""MultiPoint"",""coordinates"":[]}"
1_520_0,138,131,740,910,690,654,348,346,282,262,2,open_water,WI0227_20250614,-0.26126769119107623,0,Winam,34.557791022119986,2025-06-14,"{""type"":""MultiPoint"",""coordinates"":[]}"
1_521_0,126,112,710,842,628,627,342,335,283,255,2,open_water,WI0228_20250614,-0.3254682113594086,0,Winam,34.600353278677765,2025-06-14,"{""type"":""MultiPoint"",""coordinates"":[]}"
1_522_0,102,97,678,874,672,716,352,354,271,242,2,open_water,WI0229_20250614,-0.3086456556289744,0,Winam,34.651839278721475,2025-06-14,"{""type"":""MultiPoint"",""coordinates"":[]}"
1_523_0,80,69,436,615,425,534,278,284,241,211,2,open_water,WI0230_20250614,-0.2732838745932776,0,Winam,34.792619317096644,2025-06-14,"{""type"":""MultiPoint"",""coordinates"":[]}"
1_524_0,96,80,597,820,720,855,447,454,366,295,2,open_water,WI0231_20250614,-0.2880465744623249,0,Winam,34.81304209711397,2025-06-14,"{""type"":""MultiPoint"",""coordinates"":[]}"
1_525_0,104,79,399,550,372,457,269,268,254,216,2,open_water,WI0232_20250614,-0.2744854903903707,0,Winam,34.83089057712913,2025-06-14,"{""type"":""MultiPoint"",""coordinates"":[]}"
1_526_0,113,92,522,723,489,600,316,313,246,222,2,open_water,WI0233_20250614,-0.28186683887369635,0,Winam,34.73976437060214,2025-06-14,"{""type"":""MultiPoint"",""coordinates"":[]}"
1_527_0,104,95,738,993,847,917,448,438,344,285,2,open_water,WI0234_20250614,-0.3019509573269545,0,Winam,34.66116241053544,2025-06-14,"{""type"":""MultiPoint"",""coordinates"":[]}"
1_528_0,125,101,634,845,740,894,490,478,399,308,2,open_water,WI0235_20250614,-0.3009210034160019,0,Winam,34.746285930607684,2025-06-14,"{""type"":""MultiPoint"",""coordinates"":[]}"
1_529_0,96,71,473,660,516,599,332,326,264,230,2,open_water,WI0236_20250614,-0.2925097095331425,0,Winam,34.828320290677254,2025-06-14,"{""type"":""MultiPoint"",""coordinates"":[]}"
1_530_0,150,130,782,932,674,648,342,348,278,268,2,open_water,WI0237_20250614,-0.27791867824697,0,Winam,34.57807482843832,2025-06-14,"{""type"":""MultiPoint"",""coordinates"":[]}"
1_531_0,125,105,694,853,622,585,308,324,248,241,2,open_water,WI0238_20250614,-0.30452584523898246,0,Winam,34.56177092842446,2025-06-14,"{""type"":""MultiPoint"",""coordinates"":[]}"
1_532_0,83,77,640,791,568,594,303,312,251,203,2,open_water,WI0239_20250614,-0.3376559671715465,0,Winam,34.606735368462616,2025-06-14,"{""type"":""MultiPoint"",""coordinates"":[]}"
1_533_0,146,137,758,930,686,670,353,372,300,278,2,open_water,WI0240_20250614,-0.3264981661425456,0,Winam,34.61102586846626,2025-06-14,"{""type"":""MultiPoint"",""coordinates"":[]}"
1_534_0,121,105,678,883,630,635,324,320,261,218,2,open_water,WI0241_20250614,-0.31310878860048597,0,Winam,34.63316484848506,2025-06-14,"{""type"":""MultiPoint"",""coordinates"":[]}"
1_535_0,102,95,692,952,830,917,451,443,365,294,2,open_water,WI0242_20250614,-0.3134521061900996,0,Winam,34.66457130851169,2025-06-14,"{""type"":""MultiPoint"",""coordinates"":[]}"
1_536_0,113,83,740,980,858,899,425,427,325,276,2,open_water,WI0243_20250614,-0.2918230765792985,0,Winam,34.65393086850265,2025-06-14,"{""type"":""MultiPoint"",""coordinates"":[]}"
1_537_0,96,89,650,907,769,882,436,421,338,278,2,open_water,WI0244_20250614,-0.33319285202047927,0,Winam,34.66965948318741,2025-06-14,"{""type"":""MultiPoint"",""coordinates"":[]}"
1_538_0,114,98,652,875,738,792,388,378,297,248,2,open_water,WI0245_20250614,-0.3373984833458244,0,Winam,34.65927647317859,2025-06-14,"{""type"":""MultiPoint"",""coordinates"":[]}"
1_539_0,103,99,728,990,853,989,509,504,401,320,2,open_water,WI0246_20250614,-0.3154261858591206,0,Winam,34.674379033191414,2025-06-14,"{""type"":""MultiPoint"",""coordinates"":[]}"
1_540_0,99,74,644,902,772,843,403,421,311,254,2,open_water,WI0247_20250614,-0.34443647454693915,0,Winam,34.713250963224404,2025-06-14,"{""type"":""MultiPoint"",""coordinates"":[]}"
1_541_0,82,68,659,856,666,846,404,411,324,260,2,open_water,WI0248_20250614,-0.3401879335989463,0,Winam,34.704167278342275,2025-06-14,"{""type"":""MultiPoint"",""coordinates"":[]}"
1_542_0,136,125,670,908,742,806,381,357,308,252,2,open_water,WI0249_20250614,-0.3512169752569579,0,Winam,34.67640774331874,2025-06-14,"{""type"":""MultiPoint"",""coordinates"":[]}"
1_543_0,107,95,614,857,672,781,379,387,312,244,2,open_water,WI0250_20250614,-0.34791255556236295,0,Winam,34.66190585330642,2025-06-14,"{""type"":""MultiPoint"",""coordinates"":[]}"
1_544_0,89,71,592,849,662,812,404,398,318,259,2,open_water,WI0252_20250614,-0.34271989370833955,0,Winam,34.68528907832625,2025-06-14,"{""type"":""MultiPoint"",""coordinates"":[]}"
1_545_0,123,109,658,916,804,821,372,384,311,234,2,open_water,WI0253_20250614,-0.35087365977308776,0,Winam,34.71931980844501,2025-06-14,"{""type"":""MultiPoint"",""coordinates"":[]}"
1_546_0,89,79,617,847,676,816,363,369,289,220,2,open_water,WI0254_20250614,-0.3467753213792365,0,Winam,34.703018111746196,2025-06-14,"{""type"":""MultiPoint"",""coordinates"":[]}"
1_547_0,88,75,634,854,712,848,383,384,303,235,2,open_water,WI0255_20250614,-0.34394296038005684,0,Winam,34.710140341752236,2025-06-14,"{""type"":""MultiPoint"",""coordinates"":[]}"
1_548_0,98,63,667,902,746,824,397,409,314,263,2,open_water,WI0256_20250614,-0.3451874827412364,0,Winam,34.718378101759214,2025-06-14,"{""type"":""MultiPoint"",""coordinates"":[]}"
1_549_0,142,124,524,661,430,763,374,388,306,257,4,surface_algae,WI0257_20250614,-0.3444364765214784,0,Winam,34.59289569370265,2025-06-14,"{""type"":""MultiPoint"",""coordinates"":[]}"
1_550_0,1868,1104,587,925,818,1152,2423,3001,2938,3056,1,LEV,WI0258_20250614,-0.13904557217665386,0,Winam,34.61567529028025,2025-06-14,"{""type"":""MultiPoint"",""coordinates"":[]}"
1_551_0,2018,1166,445,772,561,1293,2718,3100,3164,3212,1,LEV,WI0259_20250614,-0.12016287087936603,0,Winam,34.62185361028549,2025-06-14,"{""type"":""MultiPoint"",""coordinates"":[]}"
1_552_0,2230,1347,425,717,511,1110,2211,2630,2912,2865,1,LEV,WI0260_20250614,-0.08720394401926794,0,Winam,34.661326210318975,2025-06-14,"{""type"":""MultiPoint"",""coordinates"":[]}"
1_553_0,1537,756,403,677,405,1055,2476,2916,2950,3142,1,LEV,WI0261_20250614,-0.1354406939415892,0,Winam,34.770991390412014,2025-06-14,"{""type"":""MultiPoint"",""coordinates"":[]}"
1_554_0,1534,844,372,536,489,875,1802,2190,2330,2519,1,LEV,WI0262_20250614,-0.1534650794701048,0,Winam,34.75709017040023,2025-06-14,"{""type"":""MultiPoint"",""coordinates"":[]}"
1_555_0,1443,690,323,545,355,710,2277,2965,2962,3307,1,LEV,WI0263_20250614,-0.14076218066744114,0,Winam,34.745076770390014,2025-06-14,"{""type"":""MultiPoint"",""coordinates"":[]}"
1_556_0,2263,2082,972,1212,1376,1605,1611,1775,1650,1891,1,LEV,WI0264_20250614,-0.09784693449816037,0,Winam,34.75211319039599,2025-06-14,"{""type"":""MultiPoint"",""coordinates"":[]}"
1_557_0,2164,1160,500,844,590,1254,2751,3266,3144,3522,1,LEV,WI0265_20250614,-0.09201045624302806,0,Winam,34.725855330373726,2025-06-14,"{""type"":""MultiPoint"",""coordinates"":[]}"
1_558_0,1457,1459,866,954,1032,1095,1121,1207,1158,1218,1,LEV,WI0266_20250614,-0.09080882824647217,0,Winam,34.71933377036818,2025-06-14,"{""type"":""MultiPoint"",""coordinates"":[]}"
1_559_0,2289,2031,898,1078,1338,1368,1799,2104,1746,2242,1,LEV,WI0267_20250614,-0.09201045624302806,0,Winam,34.78025887041986,2025-06-14,"{""type"":""MultiPoint"",""coordinates"":[]}"
1_560_0,1351,891,513,602,626,818,969,1116,1066,1158,1,LEV,WI0268_20250614,-0.13629899833242326,0,Winam,34.84839201047768,2025-06-14,"{""type"":""MultiPoint"",""coordinates"":[]}"
1_561_0,2357,1576,578,854,827,1259,2142,2465,2512,2634,1,LEV,WI0269_20250614,-0.1447103797142503,0,Winam,34.83397593046546,2025-06-14,"{""type"":""MultiPoint"",""coordinates"":[]}"
1_562_0,2226,1928,682,942,1012,1289,1715,1942,1880,2037,1,LEV,WI0270_20250614,-0.08239743118177527,0,Winam,34.76738737040894,2025-06-14,"{""type"":""MultiPoint"",""coordinates"":[]}"
1_563_0,189,133,398,612,328,935,916,858,750,555,1,LEV,WI0271_20250614,-0.12119283675978908,0,Winam,34.77408055041462,2025-06-14,"{""type"":""MultiPoint"",""coordinates"":[]}"
1_564_0,1717,816,351,648,404,1010,2990,3574,3620,3854,1,LEV,WI0272_20250614,-0.21835273607387093,0,Winam,34.81116838660375,2025-06-14,"{""type"":""MultiPoint"",""coordinates"":[]}"
1_565_0,1581,673,338,687,334,1081,3285,4048,3968,4361,1,LEV,WI0273_20250614,-0.2005000738788582,0,Winam,34.8046468265982,2025-06-14,"{""type"":""MultiPoint"",""coordinates"":[]}"
1_566_0,2079,1226,520,843,700,1298,2657,3038,2930,3253,1,LEV,WI0274_20250614,-0.22985395925364044,0,Winam,34.82592770661626,2025-06-14,"{""type"":""MultiPoint"",""coordinates"":[]}"
1_567_0,1497,708,290,510,330,730,2365,3164,3192,3467,1,LEV,WI0275_20250614,-0.24736326988000346,0,Winam,34.83004778654717,2025-06-14,"{""type"":""MultiPoint"",""coordinates"":[]}"
1_568_0,1221,533,260,456,306,990,2419,2952,2328,3195,1,LEV,WI0276_20250614,-0.24169849656628223,0,Winam,34.819235726538025,2025-06-14,"{""type"":""MultiPoint"",""coordinates"":[]}"
1_569_0,1483,651,314,600,324,962,3225,4072,4064,4392,1,LEV,WI0277_20250614,-0.25628957441545724,0,Winam,34.85338810656696,2025-06-14,"{""type"":""MultiPoint"",""coordinates"":[]}"
1_570_0,1718,976,376,641,440,1050,2419,2775,2604,2840,1,LEV,WI0278_20250614,-0.21783775944573097,0,Winam,34.84394900655899,2025-06-14,"{""type"":""MultiPoint"",""coordinates"":[]}"
1_571_0,2073,1276,529,824,718,1198,2243,2575,2534,2803,1,LEV,WI0279_20250614,-0.19912679506664208,0,Winam,34.83142074654833,2025-06-14,"{""type"":""MultiPoint"",""coordinates"":[]}"
1_572_0,1799,989,411,715,430,1099,2409,3000,3016,3179,1,LEV,WI0280_20250614,-0.17887085994586782,0,Winam,34.846520286054194,2025-06-14,"{""type"":""MultiPoint"",""coordinates"":[]}"
1_573_0,2269,1408,473,804,552,1239,2909,3471,3676,3726,1,LEV,WI0281_20250614,-0.1726910800420747,0,Winam,34.804645006018674,2025-06-14,"{""type"":""MultiPoint"",""coordinates"":[]}"
1_574_0,1670,699,336,638,301,953,3647,4454,4352,4701,1,LEV,WI0282_20250614,-0.182647391089474,0,Winam,34.78782624600442,2025-06-14,"{""type"":""MultiPoint"",""coordinates"":[]}"
1_575_0,1574,772,359,579,408,831,2156,2703,2692,2953,1,LEV,WI0283_20250614,-0.29989105032654845,0,Winam,34.76707036330461,2025-06-14,"{""type"":""MultiPoint"",""coordinates"":[]}"
1_576_0,1592,818,356,548,446,829,2025,2506,2522,2807,1,LEV,WI0284_20250614,-0.304869160462467,0,Winam,34.75917584329794,2025-06-14,"{""type"":""MultiPoint"",""coordinates"":[]}"
1_577_0,1350,615,364,592,343,748,2521,3395,3636,3704,1,LEV,WI0285_20250614,-0.30435418365794614,0,Winam,34.774793263311196,2025-06-14,"{""type"":""MultiPoint"",""coordinates"":[]}"
1_578_0,1563,726,346,623,391,872,2657,3485,3648,3954,1,LEV,WI0286_20250614,-0.3096756094447648,0,Winam,34.77084600330782,2025-06-14,"{""type"":""MultiPoint"",""coordinates"":[]}"
1_579_0,2024,1025,377,669,417,1082,2868,3461,3540,3740,1,LEV,WI0287_20250614,-0.32855806617205363,0,Winam,34.79161202332545,2025-06-14,"{""type"":""MultiPoint"",""coordinates"":[]}"
1_580_0,1740,859,351,553,407,876,2236,2781,2908,3132,1,LEV,WI0288_20250614,-0.32838640763213645,0,Winam,34.76707036330461,2025-06-14,"{""type"":""MultiPoint"",""coordinates"":[]}"
1_581_0,1741,819,414,606,400,887,2690,3436,3432,3701,1,LEV,WI0289_20250614,-0.31637030260254284,0,Winam,34.765354163303186,2025-06-14,"{""type"":""MultiPoint"",""coordinates"":[]}"
1_582_0,1733,786,345,589,354,867,2858,3811,3992,4152,1,LEV,WI0290_20250614,-0.3083023385278813,0,Winam,34.8557979033799,2025-06-14,"{""type"":""MultiPoint"",""coordinates"":[]}"
1_583_0,1939,980,353,629,490,1018,2379,2884,2876,3327,1,LEV,WI0291_20250614,-0.29302468781143054,0,Winam,34.85699924338093,2025-06-14,"{""type"":""MultiPoint"",""coordinates"":[]}"
1_584_0,1435,623,371,555,367,894,2930,3657,3716,3929,1,LEV,WI0292_20250614,-0.3228933368371851,0,Winam,34.83548137350557,2025-06-14,"{""type"":""MultiPoint"",""coordinates"":[]}"
1_585_0,1710,818,286,495,342,812,2381,3062,2984,3303,1,LEV,WI0293_20250614,-0.3305321431981736,0,Winam,34.831105063501866,2025-06-14,"{""type"":""MultiPoint"",""coordinates"":[]}"
1_586_0,2209,1357,548,886,880,1366,2215,2503,2570,2687,1,LEV,WI0294_20250614,-0.3357677284035436,0,Winam,34.81471191921292,2025-06-14,"{""type"":""MultiPoint"",""coordinates"":[]}"
1_587_0,2413,1307,467,776,579,1210,2829,3239,3228,3485,1,LEV,WI0295_20250614,-0.34031667529021176,0,Winam,34.78896891919109,2025-06-14,"{""type"":""MultiPoint"",""coordinates"":[]}"
1_588_0,1737,929,307,594,350,1023,2423,2834,2950,3044,1,LEV,WI0296_20250614,-0.3597998774287516,0,Winam,34.80981901138286,2025-06-14,"{""type"":""MultiPoint"",""coordinates"":[]}"
1_589_0,1989,1160,388,688,493,1233,2594,2972,2972,3256,1,LEV,WI0297_20250614,-0.3612589701092175,0,Winam,34.786478691363065,2025-06-14,"{""type"":""MultiPoint"",""coordinates"":[]}"
1_590_0,1584,721,284,590,312,1000,2769,3229,3216,3453,1,LEV,WI0298_20250614,-0.3658079046049407,0,Winam,34.768115351347475,2025-06-14,"{""type"":""MultiPoint"",""coordinates"":[]}"
1_591_0,2374,1360,426,758,499,1159,3171,3859,3956,4091,1,LEV,WI0299_20250614,-0.358769929513768,0,Winam,34.76545524134524,2025-06-14,"{""type"":""MultiPoint"",""coordinates"":[]}"
1_592_0,4251,3447,944,1384,2002,2696,3124,3374,3344,3585,1,LEV,WI0300_20250614,-0.3582549555127789,0,Winam,34.776181491354315,2025-06-14,"{""type"":""MultiPoint"",""coordinates"":[]}"
1_593_0,2475,1552,554,876,874,1234,2504,2969,2814,3186,1,LEV,WI0301_20250614,-0.3824587043343695,0,Winam,34.74064773114386,2025-06-14,"{""type"":""MultiPoint"",""coordinates"":[]}"
1_594_0,3560,2470,848,1198,1218,1896,3066,3478,3276,3714,1,LEV,WI0302_20250614,-0.3538347629943039,0,Winam,34.722714744498084,2025-06-14,"{""type"":""MultiPoint"",""coordinates"":[]}"
1_595_0,2527,1665,566,850,864,1251,2290,2753,2576,3037,1,LEV,WI0303_20250614,-0.3642200714155743,0,Winam,34.72850691950299,2025-06-14,"{""type"":""MultiPoint"",""coordinates"":[]}"
1_596_0,2314,1294,414,727,438,1228,3205,3649,3720,4019,1,LEV,WI0304_20250614,-0.3511740622582404,0,Winam,34.70641084448427,2025-06-14,"{""type"":""MultiPoint"",""coordinates"":[]}"
1_597_0,2053,1059,502,849,540,1144,3143,3748,4132,3983,1,LEV,WI0305_20250614,-0.34997245561452917,0,Winam,34.709532625451516,2025-06-14,"{""type"":""MultiPoint"",""coordinates"":[]}"
1_598_0,2374,1245,529,880,583,1282,2848,3477,3300,3766,1,LEV,WI0306_20250614,-0.3556371737858798,0,Winam,34.71939095432755,2025-06-14,"{""type"":""MultiPoint"",""coordinates"":[]}"
1_599_0,2704,2458,1398,1644,1608,1746,2461,2702,2700,2737,1,LEV,WI0307_20250614,-0.3579330999722103,0,Winam,34.71374894682276,2025-06-14,"{""type"":""MultiPoint"",""coordinates"":[]}"
2_600_0,1365,654,229,438,275,663,2341,3274,3396,3548,3,floating_plants,WI0001_20210106,-0.34231220623240577,1,Winam,34.748872712264124,2021-01-06,"{""type"":""MultiPoint"",""coordinates"":[]}"
2_601_0,1380,801,397,694,604,1294,2529,2793,2854,3063,3,floating_plants,WI0002_20210106,-0.34177577403873066,1,Winam,34.756338182270426,2021-01-06,"{""type"":""MultiPoint"",""coordinates"":[]}"
2_602_0,1228,742,360,634,536,1239,2350,2683,2920,2970,3,floating_plants,WI0003_20210106,-0.3423551208065919,1,Winam,34.75517974726946,2021-01-06,"{""type"":""MultiPoint"",""coordinates"":[]}"
2_603_0,1418,604,172,387,193,555,2370,3296,3216,3564,3,floating_plants,WI0004_20210106,-0.3129156764831221,1,Winam,34.84272745293941,2021-01-06,"{""type"":""MultiPoint"",""coordinates"":[]}"
2_604_0,1485,675,207,474,298,701,2431,3281,3238,3531,3,floating_plants,WI0005_20210106,-0.3096541587632767,1,Winam,34.83974555543689,2021-01-06,"{""type"":""MultiPoint"",""coordinates"":[]}"
2_605_0,1907,1010,339,578,525,899,2356,3035,3064,3292,3,floating_plants,WI0006_20210106,-0.3105553677077049,1,Winam,34.835733937933504,2021-01-06,"{""type"":""MultiPoint"",""coordinates"":[]}"
2_606_0,1381,593,210,437,214,644,2974,4287,4356,4532,3,floating_plants,WI0007_20210106,-0.3125938162267323,1,Winam,34.8323444429306,2021-01-06,"{""type"":""MultiPoint"",""coordinates"":[]}"
2_607_0,1317,590,198,441,225,666,2571,3505,3506,3750,3,floating_plants,WI0008_20210106,-0.31046953828771323,1,Winam,34.83270913543092,2021-01-06,"{""type"":""MultiPoint"",""coordinates"":[]}"
2_608_0,1771,827,245,531,325,800,2762,3705,3796,3893,3,floating_plants,WI0009_20210106,-0.31688528549674444,1,Winam,34.83378176043182,2021-01-06,"{""type"":""MultiPoint"",""coordinates"":[]}"
2_609_0,1296,571,212,450,236,651,2603,3691,3716,3912,3,floating_plants,WI0010_20210106,-0.3192455928390164,1,Winam,34.825458190424776,2021-01-06,"{""type"":""MultiPoint"",""coordinates"":[]}"
2_610_0,1581,748,286,508,294,759,2598,3509,3576,3777,3,floating_plants,WI0011_20210106,-0.3193743368603053,1,Winam,34.835261982933105,2021-01-06,"{""type"":""MultiPoint"",""coordinates"":[]}"
2_611_0,1401,686,296,530,343,784,2356,3054,3034,3319,3,floating_plants,WI0012_20210106,-0.3144820629230184,1,Winam,34.84006734293718,2021-01-06,"{""type"":""MultiPoint"",""coordinates"":[]}"
2_612_0,1123,534,202,443,254,691,2306,3309,3486,3342,3,floating_plants,WI0013_20210106,-0.3138168851484248,1,Winam,34.83923069543646,2021-01-06,"{""type"":""MultiPoint"",""coordinates"":[]}"
2_613_0,1586,700,204,499,228,747,3253,4426,4320,4724,3,floating_plants,WI0014_20210106,-0.30259468546734025,1,Winam,34.837579851150544,2021-01-06,"{""type"":""MultiPoint"",""coordinates"":[]}"
2_614_0,1454,697,312,587,339,880,2686,3488,3406,3707,3,floating_plants,WI0015_20210106,-0.3051051975664406,1,Winam,34.84017560365273,2021-01-06,"{""type"":""MultiPoint"",""coordinates"":[]}"
2_615_0,1392,647,272,556,344,782,2541,3350,3152,3620,3,floating_plants,WI0016_20210106,-0.3070578176832029,1,Winam,34.84124822865363,2021-01-06,"{""type"":""MultiPoint"",""coordinates"":[]}"
2_616_0,1493,653,212,498,221,715,3039,4138,4336,4455,3,floating_plants,WI0017_20210106,-0.30562017433503386,1,Winam,34.83820197365107,2021-01-06,"{""type"":""MultiPoint"",""coordinates"":[]}"
2_617_0,1721,781,232,624,262,964,3374,4232,4360,4434,3,floating_plants,WI0018_20210106,-0.30763716644056477,1,Winam,34.85049425616149,2021-01-06,"{""type"":""MultiPoint"",""coordinates"":[]}"
2_618_0,1620,756,193,507,280,798,2657,3525,3482,3847,3,floating_plants,WI0019_20210106,-0.3068647014237772,1,Winam,34.853283081163866,2021-01-06,"{""type"":""MultiPoint"",""coordinates"":[]}"
2_619_0,1394,608,172,398,206,582,2546,3675,3790,3992,3,floating_plants,WI0020_20210106,-0.3051051975664406,1,Winam,34.854226991164666,2021-01-06,"{""type"":""MultiPoint"",""coordinates"":[]}"
2_620_0,1525,732,266,511,310,749,2545,3338,3296,3693,3,floating_plants,WI0021_20210106,-0.3089246080108638,1,Winam,34.84982922866095,2021-01-06,"{""type"":""MultiPoint"",""coordinates"":[]}"
2_621_0,1503,670,196,453,207,643,2792,3985,4300,4284,3,floating_plants,WI0022_20210106,-0.3090533521593494,1,Winam,34.85058006616156,2021-01-06,"{""type"":""MultiPoint"",""coordinates"":[]}"
2_622_0,1743,811,274,578,324,836,2767,3672,3838,3979,3,floating_plants,WI0023_20210106,-0.3119930097900259,1,Winam,34.84744800115893,2021-01-06,"{""type"":""MultiPoint"",""coordinates"":[]}"
2_623_0,1654,747,193,476,233,721,2773,3739,3776,3997,3,floating_plants,WI0024_20210106,-0.31046953768932367,1,Winam,34.84601068365767,2021-01-06,"{""type"":""MultiPoint"",""coordinates"":[]}"
2_624_0,1420,629,188,416,232,608,2492,3440,3488,3786,3,floating_plants,WI0025_20210106,-0.30806631364796244,1,Winam,34.843994148655966,2021-01-06,"{""type"":""MultiPoint"",""coordinates"":[]}"
2_625_0,1417,631,177,455,237,666,2627,3745,3670,3950,3,floating_plants,WI0026_20210106,-0.3089246080108638,1,Winam,34.84686878365841,2021-01-06,"{""type"":""MultiPoint"",""coordinates"":[]}"
2_626_0,1383,608,176,425,196,595,2575,3666,3660,3945,3,floating_plants,WI0027_20210106,-0.31044808033420485,1,Winam,34.841977613654265,2021-01-06,"{""type"":""MultiPoint"",""coordinates"":[]}"
2_627_0,507,267,349,617,448,804,1073,1361,1916,1407,3,floating_plants,WI0028_20210106,-0.31214321125285566,1,Winam,34.83921024115191,2021-01-06,"{""type"":""MultiPoint"",""coordinates"":[]}"
2_628_0,1413,623,194,476,245,717,2594,3379,3362,3728,3,floating_plants,WI0029_20210106,-0.321713186776812,1,Winam,34.8311207815166,2021-01-06,"{""type"":""MultiPoint"",""coordinates"":[]}"
2_629_0,1462,659,220,466,258,762,3000,4083,4070,4467,3,floating_plants,WI0030_20210106,-0.31847312915485576,1,Winam,34.827838549013855,2021-01-06,"{""type"":""MultiPoint"",""coordinates"":[]}"
2_630_0,1391,662,294,586,361,878,2506,3158,3306,3300,3,floating_plants,WI0031_20210106,-0.3224641933638731,1,Winam,34.82824614651417,2021-01-06,"{""type"":""MultiPoint"",""coordinates"":[]}"
2_631_0,1146,553,374,604,477,778,1763,2179,1556,2288,3,floating_plants,WI0032_20210106,-0.32330102920991355,1,Winam,34.83242938401772,2021-01-06,"{""type"":""MultiPoint"",""coordinates"":[]}"
2_632_0,1483,697,275,542,323,845,2601,3296,3260,3542,3,floating_plants,WI0033_20210106,-0.3210050948012131,1,Winam,34.833695081518805,2021-01-06,"{""type"":""MultiPoint"",""coordinates"":[]}"
2_633_0,1556,733,289,518,362,786,2535,3369,3034,3613,3,floating_plants,WI0034_20210106,-0.32323665722423645,1,Winam,34.834188489019226,2021-01-06,"{""type"":""MultiPoint"",""coordinates"":[]}"
2_634_0,1598,744,252,515,307,813,2675,3601,3440,3858,3,floating_plants,WI0035_20210106,-0.31761483557402737,1,Winam,34.83813574902256,2021-01-06,"{""type"":""MultiPoint"",""coordinates"":[]}"
2_635_0,1742,793,267,513,273,769,2908,3919,4204,4257,3,floating_plants,WI0036_20210106,-0.316842371290294,1,Winam,34.84158960152552,2021-01-06,"{""type"":""MultiPoint"",""coordinates"":[]}"
2_636_0,1054,522,345,645,385,984,2374,2896,2556,2785,3,floating_plants,WI0037_20210106,-0.3176577502547621,1,Winam,34.83185016651724,2021-01-06,"{""type"":""MultiPoint"",""coordinates"":[]}"
2_637_0,1254,607,259,547,333,833,2433,3125,3486,3267,3,floating_plants,WI0038_20210106,-0.31896664793150686,1,Winam,34.831442569016886,2021-01-06,"{""type"":""MultiPoint"",""coordinates"":[]}"
2_638_0,1253,617,297,615,339,959,2482,2953,3296,3153,3,floating_plants,WI0039_20210106,-0.31147803394444235,1,Winam,34.83762142692061,2021-01-06,"{""type"":""MultiPoint"",""coordinates"":[]}"
2_639_0,1427,625,200,467,217,658,2823,3958,3868,4240,3,floating_plants,WI0040_20210106,-0.30474042227393366,1,Winam,34.83674241749049,2021-01-06,"{""type"":""MultiPoint"",""coordinates"":[]}"
2_640_0,1218,631,263,574,412,846,2348,2771,2968,2888,3,floating_plants,WI0041_20210106,-0.2999125131126043,1,Winam,34.85633038093083,2021-01-06,"{""type"":""MultiPoint"",""coordinates"":[]}"
2_641_0,967,538,265,556,445,785,1282,1678,2048,1693,3,floating_plants,WI0042_20210106,-0.3008995523704548,1,Winam,34.85901194343312,2021-01-06,"{""type"":""MultiPoint"",""coordinates"":[]}"
2_642_0,1531,778,261,549,339,846,2442,3190,3184,3392,3,floating_plants,WI0043_20210106,-0.3017578473047364,1,Winam,34.86036345093427,2021-01-06,"{""type"":""MultiPoint"",""coordinates"":[]}"
2_643_0,794,421,344,573,519,746,898,1428,1356,1217,3,floating_plants,WI0044_20210106,-0.30242302642656205,1,Winam,34.857897085805305,2021-01-06,"{""type"":""MultiPoint"",""coordinates"":[]}"
2_644_0,1565,719,263,531,329,769,2651,3492,3364,3819,3,floating_plants,WI0045_20210106,-0.31137074662466824,1,Winam,34.843673023184635,2021-01-06,"{""type"":""MultiPoint"",""coordinates"":[]}"
2_645_0,1552,732,261,537,292,831,2695,3511,3652,3819,3,floating_plants,WI0046_20210106,-0.3284293298835328,1,Winam,34.81919073993066,2021-01-06,"{""type"":""MultiPoint"",""coordinates"":[]}"
2_646_0,1042,545,269,521,309,785,2068,2634,2834,2659,3,floating_plants,WI0047_20210106,-0.3268844028985956,1,Winam,34.8201775549315,2021-01-06,"{""type"":""MultiPoint"",""coordinates"":[]}"
2_647_0,1526,720,279,508,294,786,2495,3289,3444,3611,3,floating_plants,WI0048_20210106,-0.32787143961088283,1,Winam,34.8220653749331,2021-01-06,"{""type"":""MultiPoint"",""coordinates"":[]}"
2_648_0,1049,532,323,628,421,974,2250,2713,2254,2701,3,floating_plants,WI0049_20210106,-0.3207690645952264,1,Winam,34.82680637743712,2021-01-06,"{""type"":""MultiPoint"",""coordinates"":[]}"
2_649_0,1616,770,271,528,308,851,2821,3703,3692,3916,3,floating_plants,WI0050_20210106,-0.32808601279634503,1,Winam,34.825390512435916,2021-01-06,"{""type"":""MultiPoint"",""coordinates"":[]}"
2_650_0,1714,790,254,520,267,734,2844,3890,3860,4151,3,floating_plants,WI0051_20210106,-0.32950219570482975,1,Winam,34.82129308493243,2021-01-06,"{""type"":""MultiPoint"",""coordinates"":[]}"
2_651_0,1574,737,250,537,289,767,2736,3648,3658,3858,3,floating_plants,WI0052_20210106,-0.3282576713414147,1,Winam,34.82369576493447,2021-01-06,"{""type"":""MultiPoint"",""coordinates"":[]}"
2_652_0,920,450,333,575,393,768,1861,2438,2978,2369,3,floating_plants,WI0053_20210106,-0.3243738960417364,1,Winam,34.82116436993233,2021-01-06,"{""type"":""MultiPoint"",""coordinates"":[]}"
2_653_0,956,460,279,492,272,722,2256,3098,3538,2902,3,floating_plants,WI0054_20210106,-0.3199751432126634,1,Winam,34.82157196743269,2021-01-06,"{""type"":""MultiPoint"",""coordinates"":[]}"
2_654_0,1289,669,270,567,333,978,2721,3290,3110,3329,3,floating_plants,WI0055_20210106,-0.3204042899135768,1,Winam,34.82380302743455,2021-01-06,"{""type"":""MultiPoint"",""coordinates"":[]}"
2_655_0,1015,508,335,619,367,924,2063,2574,2708,2676,3,floating_plants,WI0056_20210106,-0.32445972534628664,1,Winam,34.82796481243809,2021-01-06,"{""type"":""MultiPoint"",""coordinates"":[]}"
2_656_0,1342,664,267,526,308,822,2430,3126,3212,3274,3,floating_plants,WI0057_20210106,-0.32134841259228303,1,Winam,34.82955229743946,2021-01-06,"{""type"":""MultiPoint"",""coordinates"":[]}"
2_657_0,763,370,341,596,417,854,1588,1783,2626,1868,3,floating_plants,WI0058_20210106,-0.319460167147876,1,Winam,34.82953084493945,2021-01-06,"{""type"":""MultiPoint"",""coordinates"":[]}"
2_658_0,839,423,350,660,446,983,1890,1955,1722,2044,3,floating_plants,WI0059_20210106,-0.31568367452913276,1,Winam,34.82981035326389,2021-01-06,"{""type"":""MultiPoint"",""coordinates"":[]}"
2_659_0,1198,573,355,664,439,911,2417,3120,2950,3069,3,floating_plants,WI0061_20210106,-0.3144606058259698,1,Winam,34.83206286576578,2021-01-06,"{""type"":""MultiPoint"",""coordinates"":[]}"
2_660_0,103,57,333,636,320,1061,1084,1113,791,753,4,surface_algae,WI0062_20210106,-0.28272513856439574,0,Winam,34.78879874737921,2021-01-06,"{""type"":""MultiPoint"",""coordinates"":[]}"
2_661_0,208,82,321,728,317,1331,2009,2006,1826,1578,4,surface_algae,WI0063_20210106,-0.29139392847756707,0,Winam,34.79935337738815,2021-01-06,"{""type"":""MultiPoint"",""coordinates"":[]}"
2_662_0,130,72,350,710,354,1116,1093,1099,839,753,4,surface_algae,WI0064_20210106,-0.27637374381571816,0,Winam,34.81334040740004,2021-01-06,"{""type"":""MultiPoint"",""coordinates"":[]}"
2_663_0,98,63,401,741,461,1065,893,898,680,580,4,surface_algae,WI0065_20210106,-0.2864158123004394,0,Winam,34.83410642741763,2021-01-06,"{""type"":""MultiPoint"",""coordinates"":[]}"
2_664_0,92,56,373,690,419,1010,814,814,643,553,4,surface_algae,WI0066_20210106,-0.28255347929222585,0,Winam,34.826040287410784,2021-01-06,"{""type"":""MultiPoint"",""coordinates"":[]}"
2_665_0,110,60,303,734,315,1280,1533,1541,1222,1033,4,surface_algae,WI0067_20210106,-0.2738846827808793,0,Winam,34.827842297412325,2021-01-06,"{""type"":""MultiPoint"",""coordinates"":[]}"
2_666_0,145,87,331,760,352,1182,1247,1269,1086,910,4,surface_algae,WI0068_20210106,-0.2676191130707631,0,Winam,34.8099080073971,2021-01-06,"{""type"":""MultiPoint"",""coordinates"":[]}"
2_667_0,117,66,378,741,380,1117,1121,1124,940,790,4,surface_algae,WI0069_20210106,-0.30177930165289524,0,Winam,34.81282554739961,2021-01-06,"{""type"":""MultiPoint"",""coordinates"":[]}"
2_668_0,99,60,382,661,391,951,755,772,621,505,4,surface_algae,WI0070_20210106,-0.3015218131802301,0,Winam,34.80175605739019,2021-01-06,"{""type"":""MultiPoint"",""coordinates"":[]}"
2_669_0,82,56,300,700,317,1214,1192,1173,962,746,4,surface_algae,WI0071_20210106,-0.2913080989068552,0,Winam,34.77464009736719,2021-01-06,"{""type"":""MultiPoint"",""coordinates"":[]}"
2_670_0,75,65,420,772,449,1105,790,791,613,460,4,surface_algae,WI0072_20210106,-0.29044980316358043,0,Winam,34.76417127735831,2021-01-06,"{""type"":""MultiPoint"",""coordinates"":[]}"
2_671_0,89,49,385,772,461,1082,808,814,653,521,4,surface_algae,WI0073_20210106,-0.2778328483180259,0,Winam,34.7797028873715,2021-01-06,"{""type"":""MultiPoint"",""coordinates"":[]}"
2_672_0,103,60,339,751,411,1172,1000,999,797,651,4,surface_algae,WI0074_20210106,-0.2654733692799006,0,Winam,34.78450824737557,2021-01-06,"{""type"":""MultiPoint"",""coordinates"":[]}"
2_673_0,107,59,349,745,379,1149,1055,1025,802,693,4,surface_algae,WI0075_20210106,-0.2680482617840134,0,Winam,34.79343248738315,2021-01-06,"{""type"":""MultiPoint"",""coordinates"":[]}"
2_674_0,96,59,379,758,393,1158,1096,1080,792,709,4,surface_algae,WI0076_20210106,-0.27268306692361005,0,Winam,34.79669326738592,2021-01-06,"{""type"":""MultiPoint"",""coordinates"":[]}"
2_675_0,100,56,408,760,434,1119,999,1004,801,670,4,surface_algae,WI0077_20210106,-0.27182476980926173,0,Winam,34.81857481740448,2021-01-06,"{""type"":""MultiPoint"",""coordinates"":[]}"
2_676_0,81,64,344,685,362,1078,982,990,833,644,4,surface_algae,WI0078_20210106,-0.28564334580232753,0,Winam,34.81763090740368,2021-01-06,"{""type"":""MultiPoint"",""coordinates"":[]}"
2_677_0,109,61,390,721,397,1072,997,1022,825,705,4,surface_algae,WI0079_20210106,-0.2954279175610605,0,Winam,34.811795827398704,2021-01-06,"{""type"":""MultiPoint"",""coordinates"":[]}"
2_678_0,81,56,509,878,611,1045,686,682,544,413,4,surface_algae,WI0080_20210106,-0.34486562037022306,0,Winam,34.719455888516855,2021-01-06,"{""type"":""MultiPoint"",""coordinates"":[]}"
2_679_0,123,75,395,720,430,1205,1313,1346,969,883,4,surface_algae,WI0081_20210106,-0.3380851170448978,0,Winam,34.74657184853986,2021-01-06,"{""type"":""MultiPoint"",""coordinates"":[]}"
2_680_0,114,69,356,727,370,1204,1268,1277,1078,876,4,surface_algae,WI0082_20210106,-0.3280430971199567,0,Winam,34.74948938854233,2021-01-06,"{""type"":""MultiPoint"",""coordinates"":[]}"
2_681_0,96,57,391,720,390,1195,1062,1073,893,682,4,surface_algae,WI0083_20210106,-0.32203504617324336,0,Winam,34.7562683785481,2021-01-06,"{""type"":""MultiPoint"",""coordinates"":[]}"
2_682_0,83,65,594,940,677,1076,727,712,516,441,4,surface_algae,WI0084_20210106,-0.3381709465450395,0,Winam,34.65370302291981,2021-01-06,"{""type"":""MultiPoint"",""coordinates"":[]}"
2_683_0,139,59,353,841,431,1526,2008,2237,1622,1613,4,surface_algae,WI0085_20210106,-0.33748431303735915,0,Winam,34.64546526291283,2021-01-06,"{""type"":""MultiPoint"",""coordinates"":[]}"
2_684_0,78,58,500,878,505,1183,904,926,726,563,4,surface_algae,WI0086_20210106,-0.34589557013656935,0,Winam,34.664086032928616,2021-01-06,"{""type"":""MultiPoint"",""coordinates"":[]}"
2_685_0,95,84,563,930,586,1164,792,778,651,464,4,surface_algae,WI0087_20210106,-0.3445223041757661,0,Winam,34.67524133293811,2021-01-06,"{""type"":""MultiPoint"",""coordinates"":[]}"
2_686_0,80,57,478,863,506,1213,919,936,747,570,4,surface_algae,WI0088_20210106,-0.34460813330410095,0,Winam,34.69806679295746,2021-01-06,"{""type"":""MultiPoint"",""coordinates"":[]}"
2_687_0,93,81,519,883,539,1219,878,904,708,532,4,surface_algae,WI0089_20210106,-0.3406599926024937,0,Winam,34.709908572967514,2021-01-06,"{""type"":""MultiPoint"",""coordinates"":[]}"
2_688_0,68,45,579,929,669,1029,666,658,511,408,4,surface_algae,WI0090_20210106,-0.3211767515362545,0,Winam,34.62254040061214,2021-01-06,"{""type"":""MultiPoint"",""coordinates"":[]}"
2_689_0,78,45,433,837,467,1162,1134,1157,982,791,4,surface_algae,WI0091_20210106,-0.314825379014807,0,Winam,34.62777481061658,2021-01-06,"{""type"":""MultiPoint"",""coordinates"":[]}"
2_690_0,80,49,502,890,590,1073,819,861,787,575,4,surface_algae,WI0092_20210106,-0.3065857548552802,0,Winam,34.62331269061277,2021-01-06,"{""type"":""MultiPoint"",""coordinates"":[]}"
2_691_0,227,62,379,942,414,1682,3086,3026,2788,2550,4,surface_algae,WI0093_20210106,-0.3047833362192351,0,Winam,34.630606540618984,2021-01-06,"{""type"":""MultiPoint"",""coordinates"":[]}"
2_692_0,94,51,419,823,446,1174,1177,1226,1036,906,4,surface_algae,WI0094_20210106,-0.32521072933648854,0,Winam,34.5913913705857,2021-01-06,"{""type"":""MultiPoint"",""coordinates"":[]}"
2_693_0,278,90,378,895,392,1693,3889,3631,2392,3414,4,surface_algae,WI0095_20210106,-0.33671184861501724,0,Winam,34.59156299058583,2021-01-06,"{""type"":""MultiPoint"",""coordinates"":[]}"
2_694_0,65,56,538,880,566,1070,791,820,599,520,4,surface_algae,WI0096_20210106,-0.32950219331118247,0,Winam,34.58426914057966,2021-01-06,"{""type"":""MultiPoint"",""coordinates"":[]}"
2_695_0,116,72,461,910,556,1070,733,706,627,500,4,surface_algae,WI0097_20210106,-0.27783284797953856,0,Winam,34.54478476884444,2021-01-06,"{""type"":""MultiPoint"",""coordinates"":[]}"
2_696_0,116,69,459,864,531,1115,918,876,647,649,4,surface_algae,WI0098_20210106,-0.28186684183956356,0,Winam,34.565808218862266,2021-01-06,"{""type"":""MultiPoint"",""coordinates"":[]}"
2_697_0,122,61,440,865,511,1104,850,814,730,583,4,surface_algae,WI0099_20210106,-0.2943121331536766,0,Winam,34.56340553886022,2021-01-06,"{""type"":""MultiPoint"",""coordinates"":[]}"
2_698_0,106,63,562,938,641,1022,674,652,498,438,4,surface_algae,WI0100_20210106,-0.2882182335881002,0,Winam,34.527708578829944,2021-01-06,"{""type"":""MultiPoint"",""coordinates"":[]}"
2_699_0,134,64,476,940,572,1097,814,769,640,555,4,surface_algae,WI0101_20210106,-0.2678766019620147,0,Winam,34.526249808828716,2021-01-06,"{""type"":""MultiPoint"",""coordinates"":[]}"
2_700_0,57,59,722,1036,904,890,405,393,302,230,2,open_water,WI0102_20210106,-0.3144820498003169,0,Winam,34.582173226922066,2021-01-06,"{""type"":""MultiPoint"",""coordinates"":[]}"
2_701_0,77,67,675,988,830,931,427,428,328,240,2,open_water,WI0103_20210106,-0.33370781454311366,0,Winam,34.61718370695178,2021-01-06,"{""type"":""MultiPoint"",""coordinates"":[]}"
2_702_0,81,75,679,1017,843,982,473,471,368,279,2,open_water,WI0104_20210106,-0.33302118072218684,0,Winam,34.66798322699488,2021-01-06,"{""type"":""MultiPoint"",""coordinates"":[]}"
2_703_0,62,49,697,975,933,930,422,418,314,231,2,open_water,WI0105_20210106,-0.29353965869973797,0,Winam,34.72496106704322,2021-01-06,"{""type"":""MultiPoint"",""coordinates"":[]}"
2_704_0,71,55,720,1036,945,946,433,421,316,243,2,open_water,WI0106_20210106,-0.23929525712234706,0,Winam,34.65631306698496,2021-01-06,"{""type"":""MultiPoint"",""coordinates"":[]}"
2_705_0,58,46,601,905,805,893,427,428,313,234,2,open_water,WI0107_20210106,-0.20908308924590605,0,Winam,34.69647214701905,2021-01-06,"{""type"":""MultiPoint"",""coordinates"":[]}"
2_706_0,87,73,741,1020,902,920,375,373,269,200,2,open_water,WI0108_20210106,-0.3240949367332223,0,Winam,34.560892346904005,2021-01-06,"{""type"":""MultiPoint"",""coordinates"":[]}"
2_707_0,77,64,686,1002,833,908,417,411,306,214,2,open_water,WI0109_20210106,-0.32203503314926635,0,Winam,34.53961146688598,2021-01-06,"{""type"":""MultiPoint"",""coordinates"":[]}"
2_708_0,53,42,724,1012,957,899,397,398,284,204,2,open_water,WI0110_20210106,-0.24925152555312524,0,Winam,34.55883290690227,2021-01-06,"{""type"":""MultiPoint"",""coordinates"":[]}"
2_709_0,52,42,694,991,927,902,399,394,298,225,2,open_water,WI0111_20210106,-0.22212926027071314,0,Winam,34.58320294692293,2021-01-06,"{""type"":""MultiPoint"",""coordinates"":[]}"
2_710_0,81,56,515,725,694,702,255,258,187,112,2,open_water,WI0112_20210106,-0.2537146779416814,0,Winam,34.82621686712911,2021-01-06,"{""type"":""MultiPoint"",""coordinates"":[]}"
2_711_0,96,81,525,761,705,904,528,525,417,331,2,open_water,WI0113_20210106,-0.30074933889262173,0,Winam,34.84543830714544,2021-01-06,"{""type"":""MultiPoint"",""coordinates"":[]}"
2_712_0,70,52,506,765,642,848,435,442,335,259,2,open_water,WI0114_20210106,-0.28495670003844337,0,Winam,34.797727947104946,2021-01-06,"{""type"":""MultiPoint"",""coordinates"":[]}"
2_713_0,85,72,565,916,735,977,507,506,380,314,2,open_water,WI0115_20210106,-0.28530001850893066,0,Winam,34.76306070707553,2021-01-06,"{""type"":""MultiPoint"",""coordinates"":[]}"
2_714_0,93,83,731,1046,968,963,445,449,334,259,2,open_water,WI0116_20210106,-0.2931963404785044,0,Winam,34.70299370702459,2021-01-06,"{""type"":""MultiPoint"",""coordinates"":[]}"
2_715_0,2605,1490,435,791,642,1389,3131,3830,3732,4023,1,LEV,WI0117_20210106,-0.34023083343799154,0,Winam,34.56569770690812,2021-01-06,"{""type"":""MultiPoint"",""coordinates"":[]}"
2_716_0,2221,1296,325,630,412,1109,2614,3036,3428,3190,1,LEV,WI0118_20210106,-0.36597954836157615,0,Winam,34.683429027008,2021-01-06,"{""type"":""MultiPoint"",""coordinates"":[]}"
2_717_0,3215,2047,688,1116,1212,1690,2615,2954,3056,3306,1,LEV,WI0119_20210106,-0.31276546190867194,0,Winam,34.78056594709039,2021-01-06,"{""type"":""MultiPoint"",""coordinates"":[]}"
2_718_0,1495,655,214,484,256,839,2780,3495,3558,3838,1,LEV,WI0120_20210106,-0.24066853596297189,0,Winam,34.83651406713786,2021-01-06,"{""type"":""MultiPoint"",""coordinates"":[]}"
2_719_0,2459,1409,504,855,805,1272,2517,3056,3012,3304,1,LEV,WI0121_20210106,-0.34263404981841433,0,Winam,34.82038178712418,2021-01-06,"{""type"":""MultiPoint"",""coordinates"":[]}"
3_720_0,1437,677,285,532,349,818,2648,3438,3374,3735,3,floating_plants,WI0001_20210307,-0.319717654766435,1,Winam,34.82307479581247,2021-03-07,"{""type"":""MultiPoint"",""coordinates"":[]}"
3_721_0,1505,668,285,555,299,741,2894,4083,4092,4453,3,floating_plants,WI0002_20210307,-0.32336540124159424,1,Winam,34.82434049331355,2021-03-07,"{""type"":""MultiPoint"",""coordinates"":[]}"
3_722_0,1404,692,405,697,466,1020,2347,2838,3184,2949,3,floating_plants,WI0003_20210307,-0.3255325911747335,1,Winam,34.82556328581457,2021-03-07,"{""type"":""MultiPoint"",""coordinates"":[]}"
3_723_0,891,509,430,686,539,907,1714,2168,2354,2184,3,floating_plants,WI0006_20210307,-0.3261119388998909,1,Winam,34.82863099331719,2021-03-07,"{""type"":""MultiPoint"",""coordinates"":[]}"
3_724_0,1326,700,440,702,583,983,2365,2789,2408,3076,3,floating_plants,WI0007_20210307,-0.3259402803181176,1,Winam,34.82461937581377,2021-03-07,"{""type"":""MultiPoint"",""coordinates"":[]}"
3_725_0,1516,777,348,612,420,937,2798,3471,3536,3748,3,floating_plants,WI0008_20210307,-0.32570424976344037,1,Winam,34.822860270812264,2021-03-07,"{""type"":""MultiPoint"",""coordinates"":[]}"
3_726_0,833,417,419,645,486,948,1723,2139,2586,2049,3,floating_plants,WI0009_20210307,-0.3199107707889094,1,Winam,34.826335575815236,2021-03-07,"{""type"":""MultiPoint"",""coordinates"":[]}"
3_727_0,553,290,425,688,505,964,1404,1768,2684,1349,3,floating_plants,WI0010_20210307,-0.32478158481481484,1,Winam,34.831248198319386,2021-03-07,"{""type"":""MultiPoint"",""coordinates"":[]}"
3_728_0,1629,784,233,498,287,812,2814,3812,3926,4097,3,floating_plants,WI0011_20210307,-0.3290301347133339,1,Winam,34.82373971469889,2021-03-07,"{""type"":""MultiPoint"",""coordinates"":[]}"
3_729_0,1013,536,391,662,490,960,1996,2366,2532,2547,3,floating_plants,WI0012_20210307,-0.32804309811530497,1,Winam,34.822667089698,2021-03-07,"{""type"":""MultiPoint"",""coordinates"":[]}"
3_730_0,544,315,449,713,550,1045,1489,1801,2410,1521,3,floating_plants,WI0013_20210307,-0.32750666514072735,1,Winam,34.821894799697326,2021-03-07,"{""type"":""MultiPoint"",""coordinates"":[]}"
3_731_0,1216,655,393,691,470,1025,2413,2895,2918,2907,3,floating_plants,WI0014_20210307,-0.326455256427331,1,Winam,34.82204496719748,2021-03-07,"{""type"":""MultiPoint"",""coordinates"":[]}"
3_732_0,1096,544,385,667,462,977,1949,2583,2956,2444,3,floating_plants,WI0015_20210307,-0.3265196283925508,1,Winam,34.82354664219875,2021-03-07,"{""type"":""MultiPoint"",""coordinates"":[]}"
3_733_0,1189,616,316,579,370,929,2100,2615,3182,2675,3,floating_plants,WI0016_20210307,-0.3275924944186119,1,Winam,34.82461926719965,2021-03-07,"{""type"":""MultiPoint"",""coordinates"":[]}"
3_734_0,1599,793,388,645,490,1000,2472,3101,3038,3355,3,floating_plants,WI0017_20210307,-0.327721238334001,1,Winam,34.82680742220152,2021-03-07,"{""type"":""MultiPoint"",""coordinates"":[]}"
3_735_0,1450,743,400,686,502,964,2454,3123,3034,3315,3,floating_plants,WI0018_20210307,-0.326777116249257,1,Winam,34.825627534700494,2021-03-07,"{""type"":""MultiPoint"",""coordinates"":[]}"
3_736_0,1662,840,366,662,444,1128,2835,3540,3606,3782,3,floating_plants,WI0019_20210307,-0.3282576712970778,1,Winam,34.82573479720058,2021-03-07,"{""type"":""MultiPoint"",""coordinates"":[]}"
3_737_0,1730,847,344,633,454,928,2821,3598,3492,3959,3,floating_plants,WI0020_20210307,-0.32954511029094935,1,Winam,34.821830442197275,2021-03-07,"{""type"":""MultiPoint"",""coordinates"":[]}"
3_738_0,1518,766,418,743,509,1125,2783,3466,3330,3725,3,floating_plants,WI0021_20210307,-0.3247815851875886,1,Winam,34.823804072198946,2021-03-07,"{""type"":""MultiPoint"",""coordinates"":[]}"
3_739_0,1675,871,454,695,524,1037,2631,3284,2932,3469,3,floating_plants,WI0022_20210307,-0.3243524386711474,1,Winam,34.82491960219991,2021-03-07,"{""type"":""MultiPoint"",""coordinates"":[]}"
3_740_0,1846,864,325,633,449,840,2601,3383,3250,3614,3,floating_plants,WI0023_20210307,-0.3140529161780098,1,Winam,34.83669871598691,2021-03-07,"{""type"":""MultiPoint"",""coordinates"":[]}"
3_741_0,1436,661,267,506,310,718,2586,3438,3494,3749,3,floating_plants,WI0024_20210307,-0.3130873354839652,1,Winam,34.83779279348783,2021-03-07,"{""type"":""MultiPoint"",""coordinates"":[]}"
3_742_0,872,438,357,570,418,878,1744,2374,3018,2426,3,floating_plants,WI0025_20210307,-0.31177843706793235,1,Winam,34.837299385987414,2021-03-07,"{""type"":""MultiPoint"",""coordinates"":[]}"
3_743_0,1325,616,255,488,289,745,2686,3424,3606,3613,3,floating_plants,WI0026_20210307,-0.31175697971552335,1,Winam,34.83281581348363,2021-03-07,"{""type"":""MultiPoint"",""coordinates"":[]}"
3_744_0,1481,727,358,638,464,1026,2798,3444,3648,3577,3,floating_plants,WI0027_20210307,-0.31392417209061624,1,Winam,34.833201958483926,2021-03-07,"{""type"":""MultiPoint"",""coordinates"":[]}"
3_745_0,1080,538,446,741,482,1153,2276,2694,2520,2841,3,floating_plants,WI0028_20210307,-0.31594116261050065,1,Winam,34.833244863483955,2021-03-07,"{""type"":""MultiPoint"",""coordinates"":[]}"
3_746_0,1506,746,362,660,460,982,2769,3463,3410,3703,3,floating_plants,WI0029_20210307,-0.3171105881174506,1,Winam,34.831819513537006,2021-03-07,"{""type"":""MultiPoint"",""coordinates"":[]}"
3_747_0,1303,626,309,557,362,837,2616,3325,3640,3360,3,floating_plants,WI0030_20210307,-0.31721787482419184,1,Winam,34.8349086735396,2021-03-07,"{""type"":""MultiPoint"",""coordinates"":[]}"
3_748_0,1316,672,380,662,438,1046,2654,3243,3398,3331,3,floating_plants,WI0031_20210307,-0.31834438517768754,1,Winam,34.830371469785774,2021-03-07,"{""type"":""MultiPoint"",""coordinates"":[]}"
3_749_0,905,433,273,555,323,858,1891,2592,3542,2721,3,floating_plants,WI0032_20210307,-0.31510432649702647,1,Winam,34.83137973728663,2021-03-07,"{""type"":""MultiPoint"",""coordinates"":[]}"
3_750_0,1429,667,260,476,284,696,2357,3254,3300,3499,3,floating_plants,WI0033_20210307,-0.3187520746086574,1,Winam,34.83444744478921,2021-03-07,"{""type"":""MultiPoint"",""coordinates"":[]}"
3_751_0,1443,733,376,662,471,993,2302,2856,3480,2997,3,floating_plants,WI0034_20210307,-0.3199644141369113,1,Winam,34.83481213728953,2021-03-07,"{""type"":""MultiPoint"",""coordinates"":[]}"
3_752_0,1518,702,297,535,333,802,2569,3472,3548,3771,3,floating_plants,WI0035_20210307,-0.320254088389973,1,Winam,34.830542975999684,2021-03-07,"{""type"":""MultiPoint"",""coordinates"":[]}"
3_753_0,1515,746,377,649,449,1006,2741,3464,3466,3658,3,floating_plants,WI0036_20210307,-0.32111238175042717,1,Winam,34.830038842249266,2021-03-07,"{""type"":""MultiPoint"",""coordinates"":[]}"
3_754_0,1297,650,430,747,523,1074,2521,3186,2740,3519,3,floating_plants,WI0037_20210307,-0.3220672330292654,1,Winam,34.829352362248656,2021-03-07,"{""type"":""MultiPoint"",""coordinates"":[]}"
3_755_0,963,492,409,691,470,973,1991,2297,2746,2221,3,floating_plants,WI0038_20210307,-0.32147715640681046,1,Winam,34.83407191225267,2021-03-07,"{""type"":""MultiPoint"",""coordinates"":[]}"
3_756_0,1024,515,400,679,511,999,1861,2304,2640,2348,3,floating_plants,WI0039_20210307,-0.3223354496645581,1,Winam,34.833095823501836,2021-03-07,"{""type"":""MultiPoint"",""coordinates"":[]}"
3_757_0,1221,607,412,672,475,885,2097,2654,2876,2774,3,floating_plants,WI0040_20210307,-0.320136073047274,1,Winam,34.83312800225187,2021-03-07,"{""type"":""MultiPoint"",""coordinates"":[]}"
3_758_0,1214,612,403,666,449,958,2336,2729,2824,2734,3,floating_plants,WI0041_20210307,-0.3222067056804817,1,Winam,34.8314976122505,2021-03-07,"{""type"":""MultiPoint"",""coordinates"":[]}"
3_759_0,531,305,302,583,402,869,1518,1598,3226,1868,3,floating_plants,WI0042_20210307,-0.32369799025696555,1,Winam,34.83392176802702,2021-03-07,"{""type"":""MultiPoint"",""coordinates"":[]}"
3_760_0,855,451,430,736,517,1146,2170,2512,3034,2673,3,floating_plants,WI0043_20210307,-0.32227107786716985,1,Winam,34.834318639277356,2021-03-07,"{""type"":""MultiPoint"",""coordinates"":[]}"
3_761_0,1898,955,324,596,423,859,2592,3382,3418,3645,3,floating_plants,WI0044_20210307,-0.31696038686012284,1,Winam,34.833106518719276,2021-03-07,"{""type"":""MultiPoint"",""coordinates"":[]}"
3_762_0,1099,532,382,657,480,870,2274,3075,2752,3218,3,floating_plants,WI0045_20210307,-0.3161557365125037,1,Winam,34.834500931220454,2021-03-07,"{""type"":""MultiPoint"",""coordinates"":[]}"
3_763_0,1182,615,392,643,489,955,2159,2681,2576,2782,3,floating_plants,WI0046_20210307,-0.31638103861612793,1,Winam,34.83541266247119,2021-03-07,"{""type"":""MultiPoint"",""coordinates"":[]}"
3_764_0,777,364,483,690,606,933,1256,1656,1838,1598,3,floating_plants,WI0047_20210307,-0.3138061565800857,1,Winam,34.839296345961756,2021-03-07,"{""type"":""MultiPoint"",""coordinates"":[]}"
3_765_0,1606,747,312,567,379,756,2582,3419,3364,3736,3,floating_plants,WI0048_20210307,-0.3148039232271165,1,Winam,34.83508092970818,2021-03-07,"{""type"":""MultiPoint"",""coordinates"":[]}"
3_766_0,1324,672,386,662,432,978,2470,3048,3262,3136,3,floating_plants,WI0049_20210307,-0.31263673103393863,1,Winam,34.83562796845863,2021-03-07,"{""type"":""MultiPoint"",""coordinates"":[]}"
3_767_0,980,512,428,741,492,1118,2401,2836,3030,2804,3,floating_plants,WI0050_20210307,-0.312572358981737,1,Winam,34.834319365957505,2021-03-07,"{""type"":""MultiPoint"",""coordinates"":[]}"
3_768_0,1461,689,309,567,344,855,2728,3596,3682,3845,3,floating_plants,WI0051_20210307,-0.31096305754880094,1,Winam,34.8343086397075,2021-03-07,"{""type"":""MultiPoint"",""coordinates"":[]}"
3_769_0,1082,564,361,636,443,959,2355,2982,3582,3161,3,floating_plants,WI0052_20210307,-0.3102656935182924,1,Winam,34.83312875220652,2021-03-07,"{""type"":""MultiPoint"",""coordinates"":[]}"
3_770_0,1143,599,317,557,475,913,2209,2761,3186,2898,3,floating_plants,WI0053_20210307,-0.31030860822917883,1,Winam,34.84423042096593,2021-03-07,"{""type"":""MultiPoint"",""coordinates"":[]}"
3_771_0,1091,525,375,645,451,885,2138,2751,3012,2686,3,floating_plants,WI0054_20210307,-0.3104266236832736,1,Winam,34.84080874721303,2021-03-07,"{""type"":""MultiPoint"",""coordinates"":[]}"
3_772_0,1229,597,308,558,359,817,2472,3347,3658,3676,3,floating_plants,WI0055_20210307,-0.3100940346729403,1,Winam,34.83936070346181,2021-03-07,"{""type"":""MultiPoint"",""coordinates"":[]}"
3_773_0,1274,608,318,593,344,880,2481,3359,3934,3394,3,floating_plants,WI0056_20210307,-0.3086456627656048,1,Winam,34.84247167801149,2021-03-07,"{""type"":""MultiPoint"",""coordinates"":[]}"
3_774_0,1016,525,346,575,438,888,1959,2599,3122,2658,3,floating_plants,WI0057_20210307,-0.30834525973854926,1,Winam,34.84420933051298,2021-03-07,"{""type"":""MultiPoint"",""coordinates"":[]}"
3_775_0,1710,774,263,532,282,817,2914,3854,3770,4166,3,floating_plants,WI0058_20210307,-0.3093966702960057,1,Winam,34.847030334265376,2021-03-07,"{""type"":""MultiPoint"",""coordinates"":[]}"
3_776_0,1728,789,287,536,314,761,2876,3986,4058,4244,3,floating_plants,WI0059_20210307,-0.30923574011537625,1,Winam,34.84851055676663,2021-03-07,"{""type"":""MultiPoint"",""coordinates"":[]}"
3_777_0,1434,649,271,529,287,709,2763,3848,3852,4185,3,floating_plants,WI0060_20210307,-0.30749769400951915,1,Winam,34.83723726800705,2021-03-07,"{""type"":""MultiPoint"",""coordinates"":[]}"
3_778_0,1144,588,463,717,544,1071,2355,2854,2474,2833,3,floating_plants,WI0061_20210307,-0.3075513374120866,1,Winam,34.837816485507574,2021-03-07,"{""type"":""MultiPoint"",""coordinates"":[]}"
3_779_0,1438,654,259,464,261,686,2613,3760,3658,3985,3,floating_plants,WI0062_20210307,-0.30923574011537625,1,Winam,34.834941850505096,2021-03-07,"{""type"":""MultiPoint"",""coordinates"":[]}"
3_780_0,1000,475,296,544,355,784,2194,3101,3466,3259,3,floating_plants,WI0063_20210307,-0.3081199574627425,1,Winam,34.832753695503264,2021-03-07,"{""type"":""MultiPoint"",""coordinates"":[]}"
3_781_0,1629,838,389,670,530,982,2522,3182,3052,3378,3,floating_plants,WI0064_20210307,-0.3097721740412959,1,Winam,34.83674386050664,2021-03-07,"{""type"":""MultiPoint"",""coordinates"":[]}"
3_782_0,1336,681,407,684,451,999,2495,3038,3046,3296,3,floating_plants,WI0065_20210307,-0.30888169370944196,1,Winam,34.83764486550741,2021-03-07,"{""type"":""MultiPoint"",""coordinates"":[]}"
3_783_0,885,471,401,651,516,894,1749,2222,2468,2346,3,floating_plants,WI0066_20210307,-0.3098043600759715,1,Winam,34.84007972425947,2021-03-07,"{""type"":""MultiPoint"",""coordinates"":[]}"
3_784_0,1300,677,347,622,435,1030,2474,3006,3184,3272,3,floating_plants,WI0067_20210307,-0.3065213838604095,1,Winam,34.83340721835262,2021-03-07,"{""type"":""MultiPoint"",""coordinates"":[]}"
3_785_0,1356,651,277,538,350,884,2568,3478,3504,3588,3,floating_plants,WI0068_20210307,-0.3056630893043849,1,Winam,34.83147649335098,2021-03-07,"{""type"":""MultiPoint"",""coordinates"":[]}"
3_786_0,1620,798,350,616,422,916,2795,3528,3574,3712,3,floating_plants,WI0069_20210307,-0.30646774045267683,1,Winam,34.82837660709834,2021-03-07,"{""type"":""MultiPoint"",""coordinates"":[]}"
3_787_0,1002,493,348,626,395,967,2258,2629,3654,2881,3,floating_plants,WI0070_20210307,-0.30654284122340336,1,Winam,34.82924543334908,2021-03-07,"{""type"":""MultiPoint"",""coordinates"":[]}"
3_788_0,1499,686,269,513,289,765,2624,3636,3652,3908,3,floating_plants,WI0071_20210307,-0.3086778486283905,1,Winam,34.828322975848295,2021-03-07,"{""type"":""MultiPoint"",""coordinates"":[]}"
3_789_0,1270,623,351,592,391,909,2604,3535,3576,3672,3,floating_plants,WI0072_20210307,-0.3050515543913846,1,Winam,34.82907381334895,2021-03-07,"{""type"":""MultiPoint"",""coordinates"":[]}"
3_790_0,459,252,518,761,634,1060,1545,1650,1900,1417,3,floating_plants,WI0073_20210307,-0.3052768567318202,1,Winam,34.83014643834985,2021-03-07,"{""type"":""MultiPoint"",""coordinates"":[]}"
3_791_0,555,289,511,745,630,1070,1400,1739,1160,1684,3,floating_plants,WI0074_20210307,-0.3050193683423838,1,Winam,34.83272073835206,2021-03-07,"{""type"":""MultiPoint"",""coordinates"":[]}"
3_792_0,529,258,375,619,465,963,1364,1496,2592,1466,3,floating_plants,WI0075_20210307,-0.30456876341029965,1,Winam,34.836625186453176,2021-03-07,"{""type"":""MultiPoint"",""coordinates"":[]}"
3_793_0,752,374,449,786,544,1160,2113,2556,2322,2352,3,floating_plants,WI0076_20210307,-0.3042683602689604,1,Winam,34.834340495201225,2021-03-07,"{""type"":""MultiPoint"",""coordinates"":[]}"
3_794_0,595,275,483,759,565,1037,2065,2231,1968,2198,3,floating_plants,WI0077_20210307,-0.3049442673252279,1,Winam,34.83441557895129,2021-03-07,"{""type"":""MultiPoint"",""coordinates"":[]}"
3_795_0,561,329,435,702,550,1088,1563,1749,2932,1662,3,floating_plants,WI0078_20210307,-0.30202606512875513,1,Winam,34.834243958951156,2021-03-07,"{""type"":""MultiPoint"",""coordinates"":[]}"
3_796_0,1223,596,329,610,351,938,2236,2816,3892,2898,3,floating_plants,WI0079_20210307,-0.3074655075567915,1,Winam,34.84576395146092,2021-03-07,"{""type"":""MultiPoint"",""coordinates"":[]}"
3_797_0,1439,664,261,509,328,717,2650,3580,3638,3867,3,floating_plants,WI0080_20210307,-0.307465507702868,1,Winam,34.82510302941917,2021-03-07,"{""type"":""MultiPoint"",""coordinates"":[]}"
3_798_0,1429,655,260,495,326,674,2503,3545,3464,3792,3,floating_plants,WI0081_20210307,-0.3087422206146782,1,Winam,34.8248026944189,2021-03-07,"{""type"":""MultiPoint"",""coordinates"":[]}"
3_799_0,1376,657,276,534,318,800,2815,3679,3784,4070,3,floating_plants,WI0082_20210307,-0.3037748409503555,1,Winam,34.82421275066841,2021-03-07,"{""type"":""MultiPoint"",""coordinates"":[]}"
3_800_0,86,61,473,782,451,1183,1225,1279,1062,844,4,surface_algae,WI0083_20210307,-0.26796243164762085,0,Winam,34.80828989596338,2021-03-07,"{""type"":""MultiPoint"",""coordinates"":[]}"
3_801_0,99,64,486,773,505,1137,1078,1123,878,766,4,surface_algae,WI0084_20210307,-0.267533282931419,0,Winam,34.81215134596665,2021-03-07,"{""type"":""MultiPoint"",""coordinates"":[]}"
3_802_0,128,78,458,788,477,1224,1366,1350,1118,1031,4,surface_algae,WI0085_20210307,-0.2642717521992628,0,Winam,34.825752230978196,2021-03-07,"{""type"":""MultiPoint"",""coordinates"":[]}"
3_803_0,125,72,501,789,508,1113,1069,1080,893,751,4,surface_algae,WI0086_20210307,-0.2719535139854182,0,Winam,34.82266307097556,2021-03-07,"{""type"":""MultiPoint"",""coordinates"":[]}"
3_804_0,151,81,452,766,523,1136,1102,1109,901,805,4,surface_algae,WI0087_20210307,-0.2724684922558694,0,Winam,34.83973926099005,2021-03-07,"{""type"":""MultiPoint"",""coordinates"":[]}"
3_805_0,128,74,495,783,613,1036,820,812,693,573,4,surface_algae,WI0088_20210307,-0.2698936006842952,0,Winam,34.83913859098955,2021-03-07,"{""type"":""MultiPoint"",""coordinates"":[]}"
3_806_0,214,93,440,843,438,1289,1643,1587,1686,1320,4,surface_algae,WI0089_20210307,-0.2706660682132248,0,Winam,34.82866977098067,2021-03-07,"{""type"":""MultiPoint"",""coordinates"":[]}"
3_807_0,143,71,383,772,407,1324,1752,1812,1558,1361,4,surface_algae,WI0090_20210307,-0.2773607847214649,0,Winam,34.82497994097753,2021-03-07,"{""type"":""MultiPoint"",""coordinates"":[]}"
3_808_0,117,76,439,749,450,1170,1321,1367,1282,971,4,surface_algae,WI0091_20210307,-0.28268222335171955,0,Winam,34.81382464096805,2021-03-07,"{""type"":""MultiPoint"",""coordinates"":[]}"
3_809_0,98,74,479,740,511,1107,1105,1142,963,793,4,surface_algae,WI0092_20210307,-0.279892759854768,0,Winam,34.81249458596695,2021-03-07,"{""type"":""MultiPoint"",""coordinates"":[]}"
3_810_0,156,73,472,772,481,1286,1750,1941,1144,1497,4,surface_algae,WI0093_20210307,-0.2735413635818796,0,Winam,34.81322397096754,2021-03-07,"{""type"":""MultiPoint"",""coordinates"":[]}"
3_811_0,173,69,414,825,388,1576,3065,3163,3096,2606,4,surface_algae,WI0094_20210307,-0.27032274931754824,0,Winam,34.80863313596364,2021-03-07,"{""type"":""MultiPoint"",""coordinates"":[]}"
3_812_0,144,72,401,783,405,1479,2397,2480,2194,2013,4,surface_algae,WI0095_20210307,-0.251440194099562,0,Winam,34.80038999697169,2021-03-07,"{""type"":""MultiPoint"",""coordinates"":[]}"
3_813_0,96,60,455,786,449,1210,1425,1521,1256,1082,4,surface_algae,WI0096_20210307,-0.2554312816940529,0,Winam,34.79807312696972,2021-03-07,"{""type"":""MultiPoint"",""coordinates"":[]}"
3_814_0,118,68,424,775,431,1261,1750,1780,1572,1301,4,surface_algae,WI0097_20210307,-0.25736245266699803,0,Winam,34.80407982697482,2021-03-07,"{""type"":""MultiPoint"",""coordinates"":[]}"
3_815_0,104,69,430,745,424,1190,1428,1439,1278,1044,4,surface_algae,WI0098_20210307,-0.2595511127494317,0,Winam,34.8084132319785,2021-03-07,"{""type"":""MultiPoint"",""coordinates"":[]}"
3_816_0,111,69,471,774,473,1211,1580,1679,1392,1270,4,surface_algae,WI0099_20210307,-0.2647867294431709,0,Winam,34.79648564196838,2021-03-07,"{""type"":""MultiPoint"",""coordinates"":[]}"
3_817_0,128,67,471,774,495,1115,1086,1102,886,800,4,surface_algae,WI0100_20210307,-0.2483503189939349,0,Winam,34.81085881698057,2021-03-07,"{""type"":""MultiPoint"",""coordinates"":[]}"
3_818_0,98,68,488,786,461,1168,1201,1261,1044,844,4,surface_algae,WI0101_20210307,-0.24899404303415312,0,Winam,34.79657145196845,2021-03-07,"{""type"":""MultiPoint"",""coordinates"":[]}"
3_819_0,88,59,474,781,487,1110,1064,1108,1050,821,4,surface_algae,WI0102_20210307,-0.24787825467785612,0,Winam,34.79905994197055,2021-03-07,"{""type"":""MultiPoint"",""coordinates"":[]}"
3_820_0,109,61,438,785,443,1234,1710,1778,1348,1328,4,surface_algae,WI0103_20210307,-0.24079728650896517,0,Winam,34.796913709269546,2021-03-07,"{""type"":""MultiPoint"",""coordinates"":[]}"
3_821_0,136,67,420,777,401,1261,1809,1847,1550,1354,4,surface_algae,WI0104_20210307,-0.24320052412409413,0,Winam,34.80746833927853,2021-03-07,"{""type"":""MultiPoint"",""coordinates"":[]}"
3_822_0,105,64,530,811,573,1139,1203,1207,908,852,4,surface_algae,WI0105_20210307,-0.23285801639917056,0,Winam,34.79695661426958,2021-03-07,"{""type"":""MultiPoint"",""coordinates"":[]}"
3_823_0,101,84,586,800,655,982,649,644,537,418,4,surface_algae,WI0106_20210307,-0.2306264369621516,0,Winam,34.80399303427556,2021-03-07,"{""type"":""MultiPoint"",""coordinates"":[]}"
3_824_0,151,85,400,786,403,1368,1805,1877,1844,1504,4,surface_algae,WI0107_20210307,-0.21843857260251684,0,Winam,34.799186143329635,2021-03-07,"{""type"":""MultiPoint"",""coordinates"":[]}"
3_825_0,92,75,515,796,522,1104,1031,1108,935,787,4,surface_algae,WI0108_20210307,-0.21680780143798226,0,Winam,34.78760179331978,2021-03-07,"{""type"":""MultiPoint"",""coordinates"":[]}"
3_826_0,105,81,500,791,560,1081,985,1039,946,703,4,surface_algae,WI0109_20210307,-0.22109930412201134,0,Winam,34.78399777331675,2021-03-07,"{""type"":""MultiPoint"",""coordinates"":[]}"
3_827_0,107,93,558,822,569,1127,1055,1110,999,767,4,surface_algae,WI0110_20210307,-0.23217137525990192,0,Winam,34.78412648831684,2021-03-07,"{""type"":""MultiPoint"",""coordinates"":[]}"
3_828_0,122,100,598,824,677,1115,875,908,714,601,4,surface_algae,WI0111_20210307,-0.294226302984677,0,Winam,34.8236421381692,2021-03-07,"{""type"":""MultiPoint"",""coordinates"":[]}"
3_829_0,153,131,590,824,618,1135,984,1040,863,710,4,surface_algae,WI0112_20210307,-0.29765948440331197,0,Winam,34.82063878816662,2021-03-07,"{""type"":""MultiPoint"",""coordinates"":[]}"
3_830_0,150,120,597,855,623,1174,1014,1066,891,693,4,surface_algae,WI0113_20210307,-0.2851283671490267,0,Winam,34.791291768141754,2021-03-07,"{""type"":""MultiPoint"",""coordinates"":[]}"
3_831_0,157,136,639,895,706,1206,986,1050,796,676,4,surface_algae,WI0114_20210307,-0.2883040625616565,0,Winam,34.796097128145824,2021-03-07,"{""type"":""MultiPoint"",""coordinates"":[]}"
3_832_0,145,127,608,861,661,1152,901,937,792,612,4,surface_algae,WI0115_20210307,-0.2776611880151145,0,Winam,34.8077672881557,2021-03-07,"{""type"":""MultiPoint"",""coordinates"":[]}"
3_833_0,104,74,516,769,612,1052,854,877,729,607,4,surface_algae,WI0116_20210307,-0.2760304241241141,0,Winam,34.83908793818228,2021-03-07,"{""type"":""MultiPoint"",""coordinates"":[]}"
3_834_0,118,74,515,794,591,1065,850,855,722,596,4,surface_algae,WI0117_20210307,-0.2758587647541231,0,Winam,34.833338668177404,2021-03-07,"{""type"":""MultiPoint"",""coordinates"":[]}"
3_835_0,103,80,636,861,746,1009,646,621,501,397,4,surface_algae,WI0118_20210307,-0.2740563412201891,0,Winam,34.80261868815138,2021-03-07,"{""type"":""MultiPoint"",""coordinates"":[]}"
3_836_0,116,93,603,824,683,1113,896,919,756,617,4,surface_algae,WI0119_20210307,-0.297745313925145,0,Winam,34.83677106818031,2021-03-07,"{""type"":""MultiPoint"",""coordinates"":[]}"
3_837_0,103,83,571,802,649,1063,784,814,661,533,4,surface_algae,WI0120_20210307,-0.2909647796583025,0,Winam,34.83248056817667,2021-03-07,"{""type"":""MultiPoint"",""coordinates"":[]}"
3_838_0,101,69,506,772,548,1091,912,924,760,651,4,surface_algae,WI0121_20210307,-0.2840984116914976,0,Winam,34.834025148178014,2021-03-07,"{""type"":""MultiPoint"",""coordinates"":[]}"
3_839_0,91,78,601,824,696,1035,749,770,625,480,4,surface_algae,WI0122_20210307,-0.25105395864297214,0,Winam,34.79137559205505,2021-03-07,"{""type"":""MultiPoint"",""coordinates"":[]}"
3_840_0,90,69,586,846,666,1026,751,778,612,512,4,surface_algae,WI0123_20210307,-0.2447025477348631,0,Winam,34.79437894205763,2021-03-07,"{""type"":""MultiPoint"",""coordinates"":[]}"
3_841_0,169,137,633,931,756,1146,831,834,681,557,4,surface_algae,WI0124_20210307,-0.2899348259764643,0,Winam,34.80304374528978,2021-03-07,"{""type"":""MultiPoint"",""coordinates"":[]}"
3_842_0,182,156,669,917,722,1185,862,902,737,583,4,surface_algae,WI0125_20210307,-0.2821243313907421,0,Winam,34.80347279529015,2021-03-07,"{""type"":""MultiPoint"",""coordinates"":[]}"
3_843_0,136,110,534,772,584,1145,1022,1098,908,749,4,surface_algae,WI0127_20210307,-0.3078302829620682,0,Winam,34.822365632351826,2021-03-07,"{""type"":""MultiPoint"",""coordinates"":[]}"
3_844_0,186,159,630,890,624,1178,944,985,819,645,4,surface_algae,WI0128_20210307,-0.3454235125518165,0,Winam,34.73502875880196,2021-03-07,"{""type"":""MultiPoint"",""coordinates"":[]}"
3_845_0,200,171,631,914,651,1193,1028,1043,845,700,4,surface_algae,WI0129_20210307,-0.34673240703649294,0,Winam,34.73157857331861,2021-03-07,"{""type"":""MultiPoint"",""coordinates"":[]}"
3_846_0,165,137,580,822,574,1148,1047,1080,885,708,4,surface_algae,WI0130_20210307,-0.3480413008546778,0,Winam,34.73863644582461,2021-03-07,"{""type"":""MultiPoint"",""coordinates"":[]}"
3_847_0,220,187,566,841,611,1225,1181,1215,1102,840,4,surface_algae,WI0131_20210307,-0.35010119895445424,0,Winam,34.7550476083385,2021-03-07,"{""type"":""MultiPoint"",""coordinates"":[]}"
3_848_0,192,161,648,951,673,1176,914,932,794,619,4,surface_algae,WI0132_20210307,-0.34177577401254833,0,Winam,34.73093501383438,2021-03-07,"{""type"":""MultiPoint"",""coordinates"":[]}"
3_849_0,197,169,606,863,636,1246,1163,1209,1006,826,4,surface_algae,WI0133_20210307,-0.3399089897453835,0,Winam,34.73923713134141,2021-03-07,"{""type"":""MultiPoint"",""coordinates"":[]}"
3_850_0,160,136,705,975,912,1046,596,616,488,409,2,open_water,WI0134_20210307,-0.2762020813719882,0,Winam,34.775820666210834,2021-03-07,"{""type"":""MultiPoint"",""coordinates"":[]}"
3_851_0,151,132,660,900,839,897,455,445,353,290,2,open_water,WI0135_20210307,-0.2916514141071471,0,Winam,34.780626026214904,2021-03-07,"{""type"":""MultiPoint"",""coordinates"":[]}"
3_852_0,147,119,813,1090,973,996,502,512,403,326,2,open_water,WI0136_20210307,-0.2861583203948235,0,Winam,34.73480348617605,2021-03-07,"{""type"":""MultiPoint"",""coordinates"":[]}"
3_853_0,131,114,769,1062,971,1008,518,508,404,325,2,open_water,WI0137_20210307,-0.24993817023568446,0,Winam,34.743384486183324,2021-03-07,"{""type"":""MultiPoint"",""coordinates"":[]}"
3_854_0,122,107,818,1070,941,973,489,492,400,317,2,open_water,WI0138_20210307,-0.27379885000208193,0,Winam,34.69275658614036,2021-03-07,"{""type"":""MultiPoint"",""coordinates"":[]}"
3_855_0,76,61,589,833,778,864,411,386,296,198,2,open_water,WI0139_20210307,-0.25646123824869527,0,Winam,34.82970934625657,2021-03-07,"{""type"":""MultiPoint"",""coordinates"":[]}"
3_856_0,94,87,636,869,802,1050,675,682,542,437,2,open_water,WI0140_20210307,-0.281523520527098,0,Winam,34.8261053262535,2021-03-07,"{""type"":""MultiPoint"",""coordinates"":[]}"
3_857_0,187,168,676,946,963,1094,619,638,519,418,2,open_water,WI0141_20210307,-0.3359393798841433,0,Winam,34.75488302619307,2021-03-07,"{""type"":""MultiPoint"",""coordinates"":[]}"
3_858_0,198,173,722,988,943,1130,676,678,572,439,2,open_water,WI0142_20210307,-0.30538413654923835,0,Winam,34.80173528623284,2021-03-07,"{""type"":""MultiPoint"",""coordinates"":[]}"
3_859_0,175,150,705,923,889,1072,693,713,563,464,2,open_water,WI0143_20210307,-0.3184302066316747,0,Winam,34.81580812624475,2021-03-07,"{""type"":""MultiPoint"",""coordinates"":[]}"
3_860_0,107,80,596,841,778,1005,603,620,511,395,2,open_water,WI0144_20210307,-0.3165419606519421,0,Winam,34.82747828625467,2021-03-07,"{""type"":""MultiPoint"",""coordinates"":[]}"
3_861_0,109,79,735,1015,818,948,544,524,430,357,2,open_water,WI0145_20210307,-0.16685461570695803,0,Winam,34.629562235293456,2021-03-07,"{""type"":""MultiPoint"",""coordinates"":[]}"
3_862_0,85,59,775,1020,933,934,478,463,353,293,2,open_water,WI0146_20210307,-0.14883024129021913,0,Winam,34.66766187532576,2021-03-07,"{""type"":""MultiPoint"",""coordinates"":[]}"
3_863_0,196,178,846,1100,1018,1041,531,536,445,362,2,open_water,WI0147_20210307,-0.15706995724435796,0,Winam,34.73751121538502,2021-03-07,"{""type"":""MultiPoint"",""coordinates"":[]}"
3_864_0,100,83,783,1040,844,962,488,483,379,299,2,open_water,WI0148_20210307,-0.2071948268651598,0,Winam,34.55731120827552,2021-03-07,"{""type"":""MultiPoint"",""coordinates"":[]}"
3_865_0,1720,867,281,575,433,871,2158,2748,2740,3018,1,LEV,WI0149_20210307,-0.18659558440549615,0,Winam,34.78373219208542,2021-03-07,"{""type"":""MultiPoint"",""coordinates"":[]}"
3_866_0,1022,630,587,691,723,904,978,1073,1030,1136,1,LEV,WI0150_20210307,-0.1829907145779988,0,Winam,34.81239273210976,2021-03-07,"{""type"":""MultiPoint"",""coordinates"":[]}"
3_867_0,1586,908,347,585,526,925,1837,2244,2376,2475,1,LEV,WI0151_20210307,-0.22350253999933611,0,Winam,34.82148859211747,2021-03-07,"{""type"":""MultiPoint"",""coordinates"":[]}"
3_868_0,2472,1434,398,799,551,1386,2850,3414,3596,3630,1,LEV,WI0152_20210307,-0.2338021396193726,0,Winam,34.814623792111625,2021-03-07,"{""type"":""MultiPoint"",""coordinates"":[]}"
3_869_0,1436,609,300,629,283,918,3183,4033,4016,4367,1,LEV,WI0153_20210307,-0.25045314288011605,0,Winam,34.8201156321163,2021-03-07,"{""type"":""MultiPoint"",""coordinates"":[]}"
3_870_0,2939,2277,653,912,1058,1441,1817,2013,2014,2214,1,LEV,WI0154_20210307,-0.24032521549203018,0,Winam,34.855640972146446,2021-03-07,"{""type"":""MultiPoint"",""coordinates"":[]}"
3_871_0,2670,1977,650,901,975,1359,1846,2076,2006,2359,1,LEV,WI0155_20210307,-0.18058746762300562,0,Winam,34.83195741212635,2021-03-07,"{""type"":""MultiPoint"",""coordinates"":[]}"
3_872_0,3780,2748,918,1304,1548,2091,2744,3063,3116,3384,1,LEV,WI0156_20210307,-0.3088173198169842,0,Winam,34.788710247886634,2021-03-07,"{""type"":""MultiPoint"",""coordinates"":[]}"
3_873_0,3032,2115,678,1088,1058,1681,2574,2994,3156,3151,1,LEV,WI0157_20210307,-0.3337078256650681,0,Winam,34.80209660789802,2021-03-07,"{""type"":""MultiPoint"",""coordinates"":[]}"
3_874_0,3551,2310,761,1162,1262,1884,2759,3088,3142,3471,1,LEV,WI0158_20210307,-0.3292447049765661,0,Winam,34.77738332787702,2021-03-07,"{""type"":""MultiPoint"",""coordinates"":[]}"
3_875_0,3238,2240,669,982,1126,1529,2496,2971,2902,3256,1,LEV,WI0159_20210307,-0.35722500444203625,0,Winam,34.76828746786931,2021-03-07,"{""type"":""MultiPoint"",""coordinates"":[]}"
3_876_0,3965,3028,846,1148,1378,1849,2317,2606,2620,2986,1,LEV,WI0160_20210307,-0.36443464344014675,0,Winam,34.65224859748336,2021-03-07,"{""type"":""MultiPoint"",""coordinates"":[]}"
3_877_0,3178,2153,620,948,1078,1564,2653,3013,2636,3227,1,LEV,WI0161_20210307,-0.37095764082311405,0,Winam,34.71265883753465,2021-03-07,"{""type"":""MultiPoint"",""coordinates"":[]}"
3_878_0,3130,2399,519,791,865,1323,2101,2445,2778,2761,1,LEV,WI0162_20210307,-0.3517319508466976,0,Winam,34.74217747755968,2021-03-07,"{""type"":""MultiPoint"",""coordinates"":[]}"
3_879_0,1582,725,421,632,406,951,2791,3509,3372,3788,1,LEV,WI0163_20210307,-0.3416899447640776,0,Winam,34.6210061648127,2021-03-07,"{""type"":""MultiPoint"",""coordinates"":[]}"
4_880_0,732,322,348,588,369,919,2049,2526,2966,2391,3,floating_plants,WI0001_20240604,-0.32383746239220684,1,Winam,34.73207097225936,2024-06-04,"{""type"":""MultiPoint"",""coordinates"":[]}"
4_881_0,1611,704,368,676,390,1083,3898,4645,4264,5010,3,floating_plants,WI0002_20240604,-0.32091926545140986,1,Winam,34.72979700725742,2024-06-04,"{""type"":""MultiPoint"",""coordinates"":[]}"
4_882_0,939,411,347,601,353,933,2997,3465,3732,3429,3,floating_plants,WI0003_20240604,-0.3158124188063673,1,Winam,34.733787172260826,2024-06-04,"{""type"":""MultiPoint"",""coordinates"":[]}"
4_883_0,1064,427,365,602,382,913,2834,3639,3376,3746,3,floating_plants,WI0005_20240604,-0.31855895849289095,1,Winam,34.74880392227354,2024-06-04,"{""type"":""MultiPoint"",""coordinates"":[]}"
4_884_0,830,336,441,668,500,897,2212,2598,2128,2616,3,floating_plants,WI0006_20240604,-0.3237945477373873,1,Winam,34.75176436727604,2024-06-04,"{""type"":""MultiPoint"",""coordinates"":[]}"
4_885_0,918,358,324,622,377,864,2387,2798,2896,3097,3,floating_plants,WI0007_20240604,-0.3225929373285736,1,Winam,34.73919320226539,2024-06-04,"{""type"":""MultiPoint"",""coordinates"":[]}"
4_886_0,1060,439,348,595,350,965,2888,3335,3456,3645,3,floating_plants,WI0008_20240604,-0.32495324335382875,1,Winam,34.742668507268334,2024-06-04,"{""type"":""MultiPoint"",""coordinates"":[]}"
4_887_0,748,312,436,706,473,862,2022,2304,1992,2689,3,floating_plants,WI0009_20240604,-0.3263694267045632,1,Winam,34.73837800726469,2024-06-04,"{""type"":""MultiPoint"",""coordinates"":[]}"
4_888_0,902,360,370,606,411,905,2521,2780,2820,3219,3,floating_plants,WI0010_20240604,-0.32757103666398996,1,Winam,34.738120577264496,2024-06-04,"{""type"":""MultiPoint"",""coordinates"":[]}"
4_889_0,974,409,394,610,381,917,2785,3333,3156,3486,3,floating_plants,WI0011_20240604,-0.3294592805946692,1,Winam,34.74181040726759,2024-06-04,"{""type"":""MultiPoint"",""coordinates"":[]}"
4_890_0,1226,505,353,640,358,864,2803,3680,4276,3902,3,floating_plants,WI0012_20240604,-0.3318195850045461,1,Winam,34.7433120822689,2024-06-04,"{""type"":""MultiPoint"",""coordinates"":[]}"
4_891_0,1002,408,358,618,373,927,2656,3216,3260,3407,3,floating_plants,WI0013_20240604,-0.3331499386510236,1,Winam,34.755756642496614,2024-06-04,"{""type"":""MultiPoint"",""coordinates"":[]}"
4_892_0,1092,436,341,598,332,901,2799,3471,3628,3689,3,floating_plants,WI0014_20240604,-0.33435154779054155,1,Winam,34.75275329249408,2024-06-04,"{""type"":""MultiPoint"",""coordinates"":[]}"
4_893_0,1139,462,337,601,343,932,2992,3665,3508,3904,3,floating_plants,WI0015_20240604,-0.3373126553983532,1,Winam,34.74112603748423,2024-06-04,"{""type"":""MultiPoint"",""coordinates"":[]}"
4_894_0,1009,413,339,623,354,910,2703,3239,3360,3392,3,floating_plants,WI0016_20240604,-0.34057416418426223,1,Winam,34.74232737748523,2024-06-04,"{""type"":""MultiPoint"",""coordinates"":[]}"
4_895_0,978,452,402,616,408,912,2388,2843,2790,3070,3,floating_plants,WI0017_20240604,-0.34314903958461146,1,Winam,34.7538708499586,2024-06-04,"{""type"":""MultiPoint"",""coordinates"":[]}"
4_896_0,1665,740,338,638,339,889,3335,4325,4292,4693,3,floating_plants,WI0018_20240604,-0.34615305904963956,1,Winam,34.75005230495537,2024-06-04,"{""type"":""MultiPoint"",""coordinates"":[]}"
4_897_0,1658,730,378,658,411,967,3079,3890,3776,4228,3,floating_plants,WI0019_20240604,-0.3472259229141448,1,Winam,34.755372524959874,2024-06-04,"{""type"":""MultiPoint"",""coordinates"":[]}"
4_898_0,1665,715,311,570,306,832,3250,4414,4268,4775,3,floating_plants,WI0020_20240604,-0.34932873573497264,1,Winam,34.75112492995627,2024-06-04,"{""type"":""MultiPoint"",""coordinates"":[]}"
4_899_0,1360,565,302,556,317,898,3386,4238,4276,4689,3,floating_plants,WI0021_20240604,-0.3514744626181591,1,Winam,34.75614481496051,2024-06-04,"{""type"":""MultiPoint"",""coordinates"":[]}"
4_900_0,1074,428,353,596,337,895,2940,3562,3424,3759,3,floating_plants,WI0022_20240604,-0.3378276313647978,1,Winam,34.74992358995523,2024-06-04,"{""type"":""MultiPoint"",""coordinates"":[]}"
4_901_0,1064,427,336,604,348,949,2828,3392,3428,3501,3,floating_plants,WI0023_20240604,-0.3444793911788679,1,Winam,34.74147130494809,2024-06-04,"{""type"":""MultiPoint"",""coordinates"":[]}"
4_902_0,1252,537,324,613,327,842,2844,3833,4188,4098,3,floating_plants,WI0024_20240604,-0.3338365738129486,1,Winam,34.74694310443628,2024-06-04,"{""type"":""MultiPoint"",""coordinates"":[]}"
4_903_0,933,379,351,578,362,900,2659,3203,3292,3302,3,floating_plants,WI0025_20240604,-0.33497381095851997,1,Winam,34.74413282693389,2024-06-04,"{""type"":""MultiPoint"",""coordinates"":[]}"
4_904_0,1129,459,341,575,354,896,2879,3501,3372,3792,3,floating_plants,WI0026_20240604,-0.34096039676493095,1,Winam,34.74677148443611,2024-06-04,"{""type"":""MultiPoint"",""coordinates"":[]}"
4_905_0,645,294,380,642,404,873,1757,2085,2014,2129,3,floating_plants,WI0027_20240604,-0.3431919546829276,1,Winam,34.744733496934394,2024-06-04,"{""type"":""MultiPoint"",""coordinates"":[]}"
4_906_0,808,365,439,676,472,919,2079,2457,2382,2717,3,floating_plants,WI0028_20240604,-0.34565954292072393,1,Winam,34.75428047492251,2024-06-04,"{""type"":""MultiPoint"",""coordinates"":[]}"
4_907_0,606,293,345,628,397,897,1887,2225,3002,2217,3,floating_plants,WI0029_20240604,-0.3427413520967061,1,Winam,34.739882501061,2024-06-04,"{""type"":""MultiPoint"",""coordinates"":[]}"
4_908_0,870,366,415,647,424,942,2472,2834,2658,2954,3,floating_plants,WI0030_20240604,-0.34078873885513256,1,Winam,34.738917138560176,2024-06-04,"{""type"":""MultiPoint"",""coordinates"":[]}"
4_909_0,941,406,382,648,387,922,2681,3512,2766,3187,3,floating_plants,WI0031_20240604,-0.3305536046234991,1,Winam,34.74005423484735,2024-06-04,"{""type"":""MultiPoint"",""coordinates"":[]}"
4_910_0,887,384,360,594,388,900,2452,2840,3132,3017,3,floating_plants,WI0032_20240604,-0.3273779217927491,1,Winam,34.741620267348665,2024-06-04,"{""type"":""MultiPoint"",""coordinates"":[]}"
4_911_0,847,359,356,604,358,921,2400,2774,3176,2974,3,floating_plants,WI0033_20240604,-0.32619776913260334,1,Winam,34.733597032341855,2024-06-04,"{""type"":""MultiPoint"",""coordinates"":[]}"
4_912_0,1038,417,339,591,338,892,2891,3406,3760,3654,3,floating_plants,WI0034_20240604,-0.322356906756327,1,Winam,34.74799153572367,2024-06-04,"{""type"":""MultiPoint"",""coordinates"":[]}"
4_913_0,953,354,402,630,423,875,2422,2890,2662,3143,3,floating_plants,WI0035_20240604,-0.324888871439078,1,Winam,34.745910643221876,2024-06-04,"{""type"":""MultiPoint"",""coordinates"":[]}"
4_914_0,1045,436,382,609,377,933,3041,3776,3340,3819,3,floating_plants,WI0036_20240604,-0.31804398241767134,1,Winam,34.73711511821444,2024-06-04,"{""type"":""MultiPoint"",""coordinates"":[]}"
4_915_0,905,394,402,664,444,968,2723,3006,2600,3219,3,floating_plants,WI0037_20240604,-0.31652051098989814,1,Winam,34.730698446714655,2024-06-04,"{""type"":""MultiPoint"",""coordinates"":[]}"
4_916_0,890,371,386,664,457,963,2477,3048,2680,3174,3,floating_plants,WI0038_20240604,-0.3099760188071545,1,Winam,34.735204568203876,2024-06-04,"{""type"":""MultiPoint"",""coordinates"":[]}"
4_917_0,900,397,358,618,386,947,2878,3144,3184,3353,3,floating_plants,WI0039_20240604,-0.31081285566120176,1,Winam,34.73653462320502,2024-06-04,"{""type"":""MultiPoint"",""coordinates"":[]}"
4_918_0,1722,746,372,620,380,901,3429,4531,4536,4935,3,floating_plants,WI0040_20240604,-0.30969707317441486,1,Winam,34.73812210820635,2024-06-04,"{""type"":""MultiPoint"",""coordinates"":[]}"
4_919_0,775,344,428,651,457,937,2089,2441,2426,2465,3,floating_plants,WI0041_20240604,-0.29180162107542795,1,Winam,34.78004817552377,2024-06-04,"{""type"":""MultiPoint"",""coordinates"":[]}"
4_920_0,710,308,422,662,449,911,1936,2096,2632,2442,3,floating_plants,WI0042_20240604,-0.2925526297642123,1,Winam,34.78144258802495,2024-06-04,"{""type"":""MultiPoint"",""coordinates"":[]}"
4_921_0,709,311,384,628,413,990,2053,2376,3084,2689,3,floating_plants,WI0043_20240604,-0.28869029883218855,1,Winam,34.78414560302722,2024-06-04,"{""type"":""MultiPoint"",""coordinates"":[]}"
4_922_0,1110,451,342,616,363,961,2962,3542,3412,3792,3,floating_plants,WI0044_20240604,-0.28959150950098633,1,Winam,34.786483925529204,2024-06-04,"{""type"":""MultiPoint"",""coordinates"":[]}"
4_923_0,1092,456,343,600,348,949,3015,3629,3564,3849,3,floating_plants,WI0045_20240604,-0.2878105454913858,1,Winam,34.78824303053071,2024-06-04,"{""type"":""MultiPoint"",""coordinates"":[]}"
4_924_0,1191,488,324,578,327,956,3245,4006,3916,4267,3,floating_plants,WI0046_20240604,-0.2910720697297653,1,Winam,34.790259565532416,2024-06-04,"{""type"":""MultiPoint"",""coordinates"":[]}"
4_925_0,593,253,467,681,498,895,1655,1967,2254,2026,3,floating_plants,WI0047_20240604,-0.28854009704711775,1,Winam,34.78092772802452,2024-06-04,"{""type"":""MultiPoint"",""coordinates"":[]}"
4_926_0,631,304,414,664,416,948,2119,2338,2868,2240,3,floating_plants,WI0048_20240604,-0.2939473600527499,1,Winam,34.77923298052306,2024-06-04,"{""type"":""MultiPoint"",""coordinates"":[]}"
4_927_0,953,419,380,648,400,1024,2768,3238,3064,3328,3,floating_plants,WI0049_20240604,-0.31158532058011734,1,Winam,34.827513963406936,2024-06-04,"{""type"":""MultiPoint"",""coordinates"":[]}"
4_928_0,823,387,344,638,388,1050,2747,3138,3488,3395,3,floating_plants,WI0050_20240604,-0.3107484837872639,1,Winam,34.82478949590466,2024-06-04,"{""type"":""MultiPoint"",""coordinates"":[]}"
4_929_0,604,278,469,698,519,1006,1920,2085,1960,2138,3,floating_plants,WI0051_20240604,-0.30926792622222493,1,Winam,34.83008826340915,2024-06-04,"{""type"":""MultiPoint"",""coordinates"":[]}"
4_930_0,808,378,436,658,416,949,2255,2638,2820,2883,3,floating_plants,WI0052_20240604,-0.309890189571864,1,Winam,34.81713095339813,2024-06-04,"{""type"":""MultiPoint"",""coordinates"":[]}"
4_931_0,793,356,465,678,475,925,2302,2655,2468,2701,3,floating_plants,WI0053_20240604,-0.30956832922314903,1,Winam,34.81507151339639,2024-06-04,"{""type"":""MultiPoint"",""coordinates"":[]}"
4_932_0,676,304,482,752,564,975,1925,2214,2018,2252,3,floating_plants,WI0054_20240604,-0.307744453729602,1,Winam,34.813312408394886,2024-06-04,"{""type"":""MultiPoint"",""coordinates"":[]}"
4_933_0,674,319,440,705,503,953,1856,2229,2320,2183,3,floating_plants,WI0055_20240604,-0.3076371669261719,1,Winam,34.811188610893105,2024-06-04,"{""type"":""MultiPoint"",""coordinates"":[]}"
4_934_0,948,427,372,648,432,970,2536,3005,3188,3239,3,floating_plants,WI0056_20240604,-0.312615273464654,1,Winam,34.81818212589905,2024-06-04,"{""type"":""MultiPoint"",""coordinates"":[]}"
4_935_0,731,316,460,750,510,977,2067,2373,2496,2371,3,floating_plants,WI0057_20240604,-0.3141816599494979,1,Winam,34.81768871839863,2024-06-04,"{""type"":""MultiPoint"",""coordinates"":[]}"
4_936_0,967,421,428,681,462,950,2492,2925,2916,3186,3,floating_plants,WI0058_20240604,-0.31611282104581573,1,Winam,34.817753075898686,2024-06-04,"{""type"":""MultiPoint"",""coordinates"":[]}"
4_937_0,646,311,497,752,622,1001,1865,2222,2434,2042,3,floating_plants,WI0059_20240604,-0.31690674272578606,1,Winam,34.81676626089784,2024-06-04,"{""type"":""MultiPoint"",""coordinates"":[]}"
4_938_0,1112,468,362,642,388,962,2778,3300,3228,3602,3,floating_plants,WI0060_20240604,-0.3178723230654151,1,Winam,34.81929765589998,2024-06-04,"{""type"":""MultiPoint"",""coordinates"":[]}"
4_939_0,1123,481,380,642,406,970,2696,3213,3236,3431,3,floating_plants,WI0061_20240604,-0.31667071196242624,1,Winam,34.81015889089224,2024-06-04,"{""type"":""MultiPoint"",""coordinates"":[]}"
4_940_0,1291,537,315,586,352,932,3223,3997,4024,4312,3,floating_plants,WI0062_20240604,-0.3185804152570754,1,Winam,34.81408469839556,2024-06-04,"{""type"":""MultiPoint"",""coordinates"":[]}"
4_941_0,593,279,416,692,479,873,1979,2149,2568,2351,3,floating_plants,WI0063_20240604,-0.31126346028301644,1,Winam,34.81391307839543,2024-06-04,"{""type"":""MultiPoint"",""coordinates"":[]}"
4_942_0,608,282,465,730,531,945,1709,2037,2396,2042,3,floating_plants,WI0064_20240604,-0.3125294440614811,1,Winam,34.817216763398235,2024-06-04,"{""type"":""MultiPoint"",""coordinates"":[]}"
4_943_0,961,424,400,674,452,958,2603,3070,2868,3039,3,floating_plants,WI0065_20240604,-0.31102742939221817,1,Winam,34.81781743339873,2024-06-04,"{""type"":""MultiPoint"",""coordinates"":[]}"
4_944_0,1143,473,360,589,367,976,3128,3799,3680,3981,3,floating_plants,WI0066_20240604,-0.30716510458318197,1,Winam,34.807367888435365,2024-06-04,"{""type"":""MultiPoint"",""coordinates"":[]}"
4_945_0,862,372,422,687,486,932,2312,2741,2452,2929,3,floating_plants,WI0067_20240604,-0.3103193362933492,1,Winam,34.807217720935256,2024-06-04,"{""type"":""MultiPoint"",""coordinates"":[]}"
4_946_0,620,302,412,670,453,923,1894,2108,2536,2108,3,floating_plants,WI0068_20240604,-0.3116067775379594,1,Winam,34.805952023434166,2024-06-04,"{""type"":""MultiPoint"",""coordinates"":[]}"
4_947_0,1563,719,351,648,436,989,3048,3940,3896,4324,3,floating_plants,WI0069_20240604,-0.30913918168146237,1,Winam,34.80449325343293,2024-06-04,"{""type"":""MultiPoint"",""coordinates"":[]}"
4_948_0,1273,535,338,598,347,933,3105,3831,3680,4081,3,floating_plants,WI0070_20240604,-0.31439623302739383,1,Winam,34.80442889593288,2024-06-04,"{""type"":""MultiPoint"",""coordinates"":[]}"
4_949_0,1280,544,338,608,357,951,3115,3864,3832,4083,3,floating_plants,WI0071_20240604,-0.3175290055470968,1,Winam,34.80820159818273,2024-06-04,"{""type"":""MultiPoint"",""coordinates"":[]}"
4_950_0,1468,662,356,608,355,839,2979,4037,4092,4395,3,floating_plants,WI0072_20240604,-0.31832292711847027,1,Winam,34.80970327318399,2024-06-04,"{""type"":""MultiPoint"",""coordinates"":[]}"
4_951_0,1593,694,286,568,308,786,3189,4362,4304,4701,3,floating_plants,WI0073_20240604,-0.3246957557406894,1,Winam,34.8155834252993,2024-06-04,"{""type"":""MultiPoint"",""coordinates"":[]}"
4_952_0,1403,570,292,556,290,932,3502,4447,4444,4842,3,floating_plants,WI0074_20240604,-0.3247601277171047,1,Winam,34.819659400302776,2024-06-04,"{""type"":""MultiPoint"",""coordinates"":[]}"
4_953_0,1582,688,322,550,342,782,2959,4014,3832,4420,3,floating_plants,WI0075_20240604,-0.32606902448237884,1,Winam,34.81920889780239,2024-06-04,"{""type"":""MultiPoint"",""coordinates"":[]}"
4_954_0,1463,588,321,588,331,917,3567,4604,4644,5032,3,floating_plants,WI0076_20240604,-0.3290945070105654,1,Winam,34.821998808945935,2024-06-04,"{""type"":""MultiPoint"",""coordinates"":[]}"
4_955_0,1573,722,345,592,369,861,3118,4244,4160,4633,3,floating_plants,WI0077_20240604,-0.30244448325375967,1,Winam,34.796379708698225,2024-06-04,"{""type"":""MultiPoint"",""coordinates"":[]}"
4_956_0,1259,539,308,608,345,931,3199,3953,3848,4190,3,floating_plants,WI0078_20240604,-0.3082165153377311,1,Winam,34.799469830711615,2024-06-04,"{""type"":""MultiPoint"",""coordinates"":[]}"
4_957_0,835,367,378,634,431,1020,2660,3062,2784,3197,3,floating_plants,WI0079_20240604,-0.30093173895962827,1,Winam,34.82355678141529,2024-06-04,"{""type"":""MultiPoint"",""coordinates"":[]}"
4_958_0,733,311,396,636,401,968,2134,2500,2958,2687,3,floating_plants,WI0080_20240604,-0.30127505694041196,1,Winam,34.82586292516726,2024-06-04,"{""type"":""MultiPoint"",""coordinates"":[]}"
4_959_0,545,252,382,638,424,950,1826,2164,2632,1974,3,floating_plants,WI0081_20240604,-0.3031311196015863,1,Winam,34.831549435851265,2024-06-04,"{""type"":""MultiPoint"",""coordinates"":[]}"
4_960_0,145,101,398,525,361,1021,844,829,662,537,4,surface_algae,WI0082_20240604,-0.29963356446090766,0,Winam,34.835059316185685,2024-06-04,"{""type"":""MultiPoint"",""coordinates"":[]}"
4_961_0,174,129,461,608,408,1097,864,868,732,592,4,surface_algae,WI0083_20240604,-0.2851283683740745,0,Winam,34.83420121618495,2024-06-04,"{""type"":""MultiPoint"",""coordinates"":[]}"
4_962_0,141,109,404,552,392,1049,842,869,686,575,4,surface_algae,WI0084_20240604,-0.2785194859346012,0,Winam,34.83703294618735,2024-06-04,"{""type"":""MultiPoint"",""coordinates"":[]}"
4_963_0,167,129,411,562,381,1066,873,874,715,592,4,surface_algae,WI0085_20240604,-0.27105230262012986,0,Winam,34.83746199618772,2024-06-04,"{""type"":""MultiPoint"",""coordinates"":[]}"
4_964_0,145,119,417,568,386,1005,766,763,603,520,4,surface_algae,WI0086_20240604,-0.29654370178390865,0,Winam,34.84089439619063,2024-06-04,"{""type"":""MultiPoint"",""coordinates"":[]}"
4_965_0,135,105,516,670,479,1087,781,780,620,536,4,surface_algae,WI0087_20240604,-0.2809227163459774,0,Winam,34.8245904961768,2024-06-04,"{""type"":""MultiPoint"",""coordinates"":[]}"
4_966_0,132,91,500,665,498,1135,872,886,676,558,4,surface_algae,WI0088_20240604,-0.275000469092156,0,Winam,34.82107228617384,2024-06-04,"{""type"":""MultiPoint"",""coordinates"":[]}"
4_967_0,156,116,487,667,465,1123,871,878,698,591,4,surface_algae,WI0089_20240604,-0.2704514945654626,0,Winam,34.82690736617877,2024-06-04,"{""type"":""MultiPoint"",""coordinates"":[]}"
4_968_0,160,122,508,687,502,1142,858,861,712,585,4,surface_algae,WI0090_20240604,-0.275172128474513,0,Winam,34.829395856180874,2024-06-04,"{""type"":""MultiPoint"",""coordinates"":[]}"
4_969_0,150,101,542,744,518,1123,817,806,640,542,4,surface_algae,WI0091_20240604,-0.2633276227391687,0,Winam,34.824329280198675,2024-06-04,"{""type"":""MultiPoint"",""coordinates"":[]}"
4_970_0,139,100,517,732,494,1065,677,674,539,446,4,surface_algae,WI0092_20240604,-0.22067015317565541,0,Winam,34.77790222211619,2024-06-04,"{""type"":""MultiPoint"",""coordinates"":[]}"
4_971_0,119,92,461,638,429,1075,789,813,638,508,4,surface_algae,WI0093_20240604,-0.2375786619567735,0,Winam,34.79120277212748,2024-06-04,"{""type"":""MultiPoint"",""coordinates"":[]}"
4_972_0,115,90,508,680,454,1034,736,737,562,466,4,surface_algae,WI0094_20240604,-0.22796570509302508,0,Winam,34.79000143212648,2024-06-04,"{""type"":""MultiPoint"",""coordinates"":[]}"
4_973_0,231,196,552,785,543,912,553,558,444,399,4,surface_algae,WI0095_20240604,-0.3479554713201734,0,Winam,34.68902475108278,2024-06-04,"{""type"":""MultiPoint"",""coordinates"":[]}"
4_974_0,190,129,454,662,438,897,535,531,444,369,4,surface_algae,WI0096_20240604,-0.35087366018815014,0,Winam,34.730170646117664,2024-06-04,"{""type"":""MultiPoint"",""coordinates"":[]}"
4_975_0,210,139,430,582,422,851,558,581,468,391,4,surface_algae,WI0097_20240604,-0.35104531832860236,0,Winam,34.737035446123514,2024-06-04,"{""type"":""MultiPoint"",""coordinates"":[]}"
4_976_0,245,190,554,736,514,908,561,556,456,400,4,surface_algae,WI0098_20240604,-0.35100240372124936,0,Winam,34.66588956352784,2024-06-04,"{""type"":""MultiPoint"",""coordinates"":[]}"
4_977_0,214,188,535,795,544,949,578,588,451,424,4,surface_algae,WI0099_20240604,-0.3360252180105981,0,Winam,34.63833227493683,2024-06-04,"{""type"":""MultiPoint"",""coordinates"":[]}"
4_978_0,172,128,604,800,595,1195,813,795,652,547,4,surface_algae,WI0100_20240604,-0.2955995782424833,0,Winam,34.81007404152827,2024-06-04,"{""type"":""MultiPoint"",""coordinates"":[]}"
4_979_0,160,125,544,716,539,1154,833,837,669,545,4,surface_algae,WI0101_20240604,-0.2889048722654414,0,Winam,34.823202971539374,2024-06-04,"{""type"":""MultiPoint"",""coordinates"":[]}"
4_980_0,1849,839,370,730,353,1055,3695,4681,4964,4984,1,LEV,WI0102_20240604,-0.3050408233006239,0,Winam,34.85796891044442,2024-06-04,"{""type"":""MultiPoint"",""coordinates"":[]}"
4_981_0,1723,750,349,598,334,860,3400,4620,4508,4918,1,LEV,WI0103_20240604,-0.3089031484846602,0,Winam,34.855308800442145,2024-06-04,"{""type"":""MultiPoint"",""coordinates"":[]}"
4_982_0,1378,681,391,634,483,1038,2603,3106,2886,3489,1,LEV,WI0104_20240604,-0.3202326275280255,0,Winam,34.84046367042956,2024-06-04,"{""type"":""MultiPoint"",""coordinates"":[]}"
4_983_0,1886,886,356,686,535,1128,2781,3277,3244,3668,1,LEV,WI0105_20240604,-0.2950846009211732,0,Winam,34.85736824044392,2024-06-04,"{""type"":""MultiPoint"",""coordinates"":[]}"
4_984_0,2995,1832,615,1038,834,1593,3128,3547,3528,3817,1,LEV,WI0106_20240604,-0.3241807763964957,0,Winam,34.80914302040299,2024-06-04,"{""type"":""MultiPoint"",""coordinates"":[]}"
4_985_0,3187,2029,822,1196,1126,1830,3005,3360,3444,3573,1,LEV,WI0107_20240604,-0.3325062156813801,0,Winam,34.81523553040817,2024-06-04,"{""type"":""MultiPoint"",""coordinates"":[]}"
4_986_0,1588,661,342,563,364,890,3362,4385,3860,4714,1,LEV,WI0108_20240604,-0.32347268817901476,0,Winam,34.835262262226536,2024-06-04,"{""type"":""MultiPoint"",""coordinates"":[]}"
4_987_0,1547,728,341,590,408,813,2472,3221,3352,3526,1,LEV,WI0109_20240604,-0.30349589323283865,0,Winam,34.77240845809001,2024-06-04,"{""type"":""MultiPoint"",""coordinates"":[]}"
4_988_0,743,443,456,742,588,1124,1716,1854,1842,1790,1,LEV,WI0110_20240604,-0.29860361198381274,0,Winam,34.78407861809989,2024-06-04,"{""type"":""MultiPoint"",""coordinates"":[]}"
4_989_0,2147,1199,480,812,590,1202,2817,3549,3396,3644,1,LEV,WI0111_20240604,-0.29525626039895964,0,Winam,34.78991369810483,2024-06-04,"{""type"":""MultiPoint"",""coordinates"":[]}"
4_990_0,747,436,322,455,374,641,785,790,543,893,1,LEV,WI0112_20240604,-0.32297916642831603,0,Winam,34.78914140810421,2024-06-04,"{""type"":""MultiPoint"",""coordinates"":[]}"
4_991_0,655,375,474,732,682,1071,1505,1580,1502,1486,1,LEV,WI0113_20240604,-0.3137954254286781,0,Winam,34.7881974981034,2024-06-04,"{""type"":""MultiPoint"",""coordinates"":[]}"
4_992_0,1060,628,359,575,413,799,1753,2108,1042,2082,1,LEV,WI0114_20240604,-0.33224872836763275,0,Winam,34.77009158808804,2024-06-04,"{""type"":""MultiPoint"",""coordinates"":[]}"
4_993_0,1554,718,326,568,398,832,2513,3214,3086,3512,1,LEV,WI0115_20240604,-0.3295021923924093,0,Winam,34.76425650808307,2024-06-04,"{""type"":""MultiPoint"",""coordinates"":[]}"
4_994_0,1926,914,318,634,382,1188,3184,3753,3516,3922,1,LEV,WI0116_20240604,-0.3749915981683867,0,Winam,34.83539728064302,2024-06-04,"{""type"":""MultiPoint"",""coordinates"":[]}"
4_995_0,2941,1343,606,1192,634,1904,5268,6134,6036,6574,1,LEV,WI0117_20240604,-0.36108731483466133,0,Winam,34.8168623206273,2024-06-04,"{""type"":""MultiPoint"",""coordinates"":[]}"
4_996_0,4000,2998,834,1164,1720,2438,2685,2926,2584,3131,1,LEV,WI0118_20240604,-0.3814287589493136,0,Winam,34.79746926061084,2024-06-04,"{""type"":""MultiPoint"",""coordinates"":[]}"
4_997_0,2293,1221,329,669,388,1282,3112,3477,3772,3862,1,LEV,WI0119_20240604,-0.3614735457057819,0,Winam,34.757820054671896,2024-06-04,"{""type"":""MultiPoint"",""coordinates"":[]}"
4_998_0,3989,3132,1272,1828,2414,2751,3309,3485,3492,3738,1,LEV,WI0120_20240604,-0.3576970701423433,0,Winam,34.74790899966348,2024-06-04,"{""type"":""MultiPoint"",""coordinates"":[]}"
4_999_0,1618,719,339,586,370,894,3120,4074,3672,4384,1,LEV,WI0121_20240604,-0.35198943844757274,0,Winam,34.73855190298927,2024-06-04,"{""type"":""MultiPoint"",""coordinates"":[]}"
4_1000_0,1883,1142,452,653,517,1069,2418,2822,2854,3018,1,LEV,WI0122_20240604,-0.3575683257190323,0,Winam,34.730485762982426,2024-06-04,"{""type"":""MultiPoint"",""coordinates"":[]}"
4_1001_0,2675,1417,440,784,571,1386,2984,3421,3404,3742,1,LEV,WI0123_20240604,-0.3622460067217497,0,Winam,34.71323390838486,2024-06-04,"{""type"":""MultiPoint"",""coordinates"":[]}"
4_1002_0,1753,843,358,687,431,1134,2795,3296,3252,3583,1,LEV,WI0124_20240604,-0.376407774734909,0,Winam,34.72323077339334,2024-06-04,"{""type"":""MultiPoint"",""coordinates"":[]}"
4_1003_0,2989,2119,1858,1868,1804,1689,3092,3442,2852,3626,1,LEV,WI0125_20240604,-0.3601002823435809,0,Winam,34.73404283340248,2024-06-04,"{""type"":""MultiPoint"",""coordinates"":[]}"
4_1004_0,4321,3430,1120,1636,2410,2646,2949,3139,3066,3312,1,LEV,WI0126_20240604,-0.35829787233102456,0,Winam,34.77596456649931,2024-06-04,"{""type"":""MultiPoint"",""coordinates"":[]}"
4_1005_0,175,127,446,592,397,909,593,573,453,386,4,surface_algae,WI0127_20240604,-0.16985868086438172,0,Winam,34.53627817952673,2024-06-04,"{""type"":""MultiPoint"",""coordinates"":[]}"
4_1006_0,172,133,508,688,488,950,592,595,469,414,4,surface_algae,WI0128_20240604,-0.1706311535780862,0,Winam,34.54142677953111,2024-06-04,"{""type"":""MultiPoint"",""coordinates"":[]}"
4_1007_0,152,99,363,464,305,839,608,604,468,380,4,surface_algae,WI0129_20240604,-0.14436706483081801,0,Winam,34.5563577195438,2024-06-04,"{""type"":""MultiPoint"",""coordinates"":[]}"
4_1008_0,169,120,349,474,310,670,420,426,345,323,4,surface_algae,WI0130_20240604,-0.1926036997406307,0,Winam,34.41140118945935,2024-06-04,"{""type"":""MultiPoint"",""coordinates"":[]}"
4_1009_0,123,93,262,370,227,639,391,378,301,261,4,surface_algae,WI0131_20240604,-0.19998509556880276,0,Winam,34.34872573285162,2024-06-04,"{""type"":""MultiPoint"",""coordinates"":[]}"
4_1010_0,149,108,324,456,271,754,484,500,396,372,4,surface_algae,WI0132_20240604,-0.20470575355187867,0,Winam,34.35644863285816,2024-06-04,"{""type"":""MultiPoint"",""coordinates"":[]}"
4_1011_0,114,98,458,636,394,1126,884,877,706,573,4,surface_algae,WI0133_20240604,-0.23938109218778514,0,Winam,34.78888286093018,2024-06-04,"{""type"":""MultiPoint"",""coordinates"":[]}"
4_1012_0,157,122,558,778,547,1178,815,814,636,518,4,surface_algae,WI0134_20240604,-0.25131144736360606,0,Winam,34.81205156094984,2024-06-04,"{""type"":""MultiPoint"",""coordinates"":[]}"
4_1013_0,143,111,522,726,530,1137,835,838,665,532,4,surface_algae,WI0135_20240604,-0.2659883441244873,0,Winam,34.8136819509512,2024-06-04,"{""type"":""MultiPoint"",""coordinates"":[]}"
4_1014_0,145,114,554,736,550,1169,831,844,682,549,4,surface_algae,WI0136_20240604,-0.27628791255385454,0,Winam,34.816345991750204,2024-06-04,"{""type"":""MultiPoint"",""coordinates"":[]}"
4_1015_0,175,126,756,1022,943,1244,735,737,611,515,2,open_water,WI0137_20240604,-0.2871024503366825,0,Winam,34.79086852123863,2024-06-04,"{""type"":""MultiPoint"",""coordinates"":[]}"
4_1016_0,199,137,607,818,771,830,479,489,426,378,2,open_water,WI0138_20240604,-0.28032190971613496,0,Winam,34.85428211129245,2024-06-04,"{""type"":""MultiPoint"",""coordinates"":[]}"
4_1017_0,229,145,576,766,710,629,364,416,387,376,2,open_water,WI0139_20240604,-0.2793348686632812,0,Winam,34.860460431297696,2024-06-04,"{""type"":""MultiPoint"",""coordinates"":[]}"
4_1018_0,150,96,633,894,874,1046,624,655,514,454,2,open_water,WI0140_20240604,-0.28624415427592476,0,Winam,34.84797507628707,2024-06-04,"{""type"":""MultiPoint"",""coordinates"":[]}"
4_1019_0,219,158,650,860,808,997,596,607,499,421,2,open_water,WI0141_20240604,-0.2974878275095354,0,Winam,34.86131853129839,2024-06-04,"{""type"":""MultiPoint"",""coordinates"":[]}"
4_1020_0,164,126,735,984,888,1229,735,726,560,486,2,open_water,WI0142_20240604,-0.28066522832774987,0,Winam,34.80751564056435,2024-06-04,"{""type"":""MultiPoint"",""coordinates"":[]}"
4_1021_0,175,119,660,908,792,1022,602,607,488,427,2,open_water,WI0143_20240604,-0.30680032828476733,0,Winam,34.827169575200266,2024-06-04,"{""type"":""MultiPoint"",""coordinates"":[]}"
4_1022_0,170,122,794,1094,1028,1089,639,652,536,460,2,open_water,WI0144_20240604,-0.304826250754733,0,Winam,34.81215282518751,2024-06-04,"{""type"":""MultiPoint"",""coordinates"":[]}"
4_1023_0,166,122,776,1038,1040,1100,630,638,522,442,2,open_water,WI0145_20240604,-0.3006206061174561,0,Winam,34.81537070019025,2024-06-04,"{""type"":""MultiPoint"",""coordinates"":[]}"
4_1024_0,140,92,688,856,748,780,535,527,436,382,2,open_water,WI0146_20240604,-0.31469663473948084,0,Winam,34.82236421519615,2024-06-04,"{""type"":""MultiPoint"",""coordinates"":[]}"
4_1025_0,181,120,596,852,664,936,586,624,470,431,2,open_water,WI0147_20240604,-0.30529831280579883,0,Winam,34.85518654022404,2024-06-04,"{""type"":""MultiPoint"",""coordinates"":[]}"
4_1026_0,139,102,688,860,761,813,516,499,398,360,2,open_water,WI0148_20240604,-0.32014680035987925,0,Winam,34.82506559581456,2024-06-04,"{""type"":""MultiPoint"",""coordinates"":[]}"
4_1027_0,161,109,784,991,922,990,613,597,480,412,2,open_water,WI0149_20240604,-0.3156836736849118,0,Winam,34.81283767080421,2024-06-04,"{""type"":""MultiPoint"",""coordinates"":[]}"
4_1028_0,226,171,836,1080,1050,1089,679,679,556,494,2,open_water,WI0150_20240604,-0.30680032934055884,0,Winam,34.80018069579346,2024-06-04,"{""type"":""MultiPoint"",""coordinates"":[]}"
4_1029_0,172,133,706,951,826,893,470,470,375,333,2,open_water,WI0151_20240604,-0.30426835708949984,0,Winam,34.751806506805146,2024-06-04,"{""type"":""MultiPoint"",""coordinates"":[]}"
4_1030_0,229,145,543,766,941,923,609,648,565,493,2,open_water,WI0152_20240604,-0.3183014702328395,0,Winam,34.76801556253326,2024-06-04,"{""type"":""MultiPoint"",""coordinates"":[]}"
4_1031_0,246,185,486,751,861,886,500,521,420,379,2,open_water,WI0153_20240604,-0.3190739344073653,0,Winam,34.778162595041856,2024-06-04,"{""type"":""MultiPoint"",""coordinates"":[]}"
4_1032_0,337,217,481,720,876,899,565,572,512,468,2,open_water,WI0154_20240604,-0.3144176911481357,0,Winam,34.77352885503792,2024-06-04,"{""type"":""MultiPoint"",""coordinates"":[]}"
4_1033_0,233,160,511,700,832,884,553,613,486,432,2,open_water,WI0155_20240604,-0.31639176688666537,0,Winam,34.77977153254324,2024-06-04,"{""type"":""MultiPoint"",""coordinates"":[]}"
4_1034_0,736,525,478,693,872,969,664,698,553,585,2,open_water,WI0156_20240604,-0.32757103713544994,0,Winam,34.78871760778628,2024-06-04,"{""type"":""MultiPoint"",""coordinates"":[]}"
4_1035_0,185,127,511,750,919,938,515,558,443,384,2,open_water,WI0157_20240604,-0.31233632809918277,0,Winam,34.7686995806138,2024-06-04,"{""type"":""MultiPoint"",""coordinates"":[]}"
4_1036_0,250,148,589,890,1001,963,607,683,594,503,2,open_water,WI0158_20240604,-0.3101691353969508,0,Winam,34.762242378108304,2024-06-04,"{""type"":""MultiPoint"",""coordinates"":[]}"
4_1037_0,212,176,804,1072,943,918,502,504,416,386,2,open_water,WI0159_20240604,-0.30538413977302314,0,Winam,34.705621796876535,2024-06-04,"{""type"":""MultiPoint"",""coordinates"":[]}"
4_1038_0,158,121,724,1022,902,977,509,503,405,348,2,open_water,WI0160_20240604,-0.28255347945341636,0,Winam,34.739602846543015,2024-06-04,"{""type"":""MultiPoint"",""coordinates"":[]}"
4_1039_0,195,129,718,976,864,823,439,428,342,316,2,open_water,WI0161_20240604,-0.3434923502312523,0,Winam,34.76036886656065,2024-06-04,"{""type"":""MultiPoint"",""coordinates"":[]}"
5_1040_0,844,423,323,648,420,1138,2345,2664,2678,2688,3,floating_plants,WI0001_20200913,-0.32915887764712753,1,Winam,34.624525016156205,2020-09-13,"{""type"":""MultiPoint"",""coordinates"":[]}"
5_1041_0,1059,486,286,560,336,961,2438,2855,2824,3136,3,floating_plants,WI0002_20200913,-0.3241807790963668,1,Winam,34.62718512615844,2020-09-13,"{""type"":""MultiPoint"",""coordinates"":[]}"
5_1042_0,1281,568,228,554,298,1008,2865,3431,3452,3784,3,floating_plants,WI0003_20200913,-0.3221208755298148,1,Winam,34.63576612616572,2020-09-13,"{""type"":""MultiPoint"",""coordinates"":[]}"
5_1043_0,1440,620,193,434,218,652,2862,3842,3984,4168,3,floating_plants,WI0004_20200913,-0.3186877019949098,1,Winam,34.63988500616922,2020-09-13,"{""type"":""MultiPoint"",""coordinates"":[]}"
5_1044_0,1278,579,200,566,304,1046,2960,3574,3664,3945,3,floating_plants,WI0005_20200913,-0.31877353134727016,1,Winam,34.6450336061736,2020-09-13,"{""type"":""MultiPoint"",""coordinates"":[]}"
5_1045_0,1293,579,184,516,276,1000,3006,3636,3676,4004,3,floating_plants,WI0006_20200913,-0.32255002214056583,1,Winam,34.64949572617737,2020-09-13,"{""type"":""MultiPoint"",""coordinates"":[]}"
5_1046_0,898,414,298,606,397,1005,2246,2543,2618,2701,3,floating_plants,WI0007_20200913,-0.3316479259930799,1,Winam,34.6444329361731,2020-09-13,"{""type"":""MultiPoint"",""coordinates"":[]}"
5_1047_0,1354,603,221,538,282,1017,2982,3677,3760,4025,3,floating_plants,WI0008_20200913,-0.3327637060831662,1,Winam,34.65146935617907,2020-09-13,"{""type"":""MultiPoint"",""coordinates"":[]}"
5_1048_0,1795,931,300,584,528,985,2271,2744,2790,3051,3,floating_plants,WI0009_20200913,-0.336025216390678,1,Winam,34.63756813616725,2020-09-13,"{""type"":""MultiPoint"",""coordinates"":[]}"
5_1049_0,1515,752,254,542,358,847,2425,3002,3086,3307,3,floating_plants,WI0010_20200913,-0.33911506725668716,1,Winam,34.63473640616485,2020-09-13,"{""type"":""MultiPoint"",""coordinates"":[]}"
5_1050_0,1088,510,319,620,432,1039,2531,3046,2810,3250,3,floating_plants,WI0011_20200913,-0.34546642426303276,1,Winam,34.64366064617243,2020-09-13,"{""type"":""MultiPoint"",""coordinates"":[]}"
5_1051_0,1158,545,307,590,365,961,2567,3072,3388,3320,3,floating_plants,WI0012_20200913,-0.34203325883584507,1,Winam,34.64340321617223,2020-09-13,"{""type"":""MultiPoint"",""coordinates"":[]}"
5_1052_0,1066,477,305,607,393,985,2383,2830,2888,3095,3,floating_plants,WI0013_20200913,-0.3358535579804893,1,Winam,34.64735047617557,2020-09-13,"{""type"":""MultiPoint"",""coordinates"":[]}"
5_1053_0,996,448,530,858,818,905,1786,2338,1432,2391,3,floating_plants,WI0014_20200913,-0.3395442131325138,1,Winam,34.64777952617594,2020-09-13,"{""type"":""MultiPoint"",""coordinates"":[]}"
5_1054_0,957,443,366,639,456,1013,2229,2656,2460,2726,3,floating_plants,WI0015_20200913,-0.34014501732662383,1,Winam,34.651297736178904,2020-09-13,"{""type"":""MultiPoint"",""coordinates"":[]}"
5_1055_0,950,447,357,712,538,1042,2332,2645,2534,2784,3,floating_plants,WI0016_20200913,-0.3429773794512619,1,Winam,34.653614606180874,2020-09-13,"{""type"":""MultiPoint"",""coordinates"":[]}"
5_1056_0,1115,532,313,616,392,1028,2617,3053,2976,3291,3,floating_plants,WI0017_20200913,-0.34563808250194217,1,Winam,34.649238296177174,2020-09-13,"{""type"":""MultiPoint"",""coordinates"":[]}"
5_1057_0,902,415,343,690,528,1062,2193,2508,2580,2652,3,floating_plants,WI0018_20200913,-0.34795546842281533,1,Winam,34.64735047617557,2020-09-13,"{""type"":""MultiPoint"",""coordinates"":[]}"
5_1058_0,977,457,348,713,556,1083,2321,2739,2410,2816,3,floating_plants,WI0019_20200913,-0.3482987848072532,1,Winam,34.64323159617206,2020-09-13,"{""type"":""MultiPoint"",""coordinates"":[]}"
5_1059_0,1042,498,318,636,412,1043,2501,2895,2888,3184,3,floating_plants,WI0020_20200913,-0.3478696393247848,1,Winam,34.66082264618698,2020-09-13,"{""type"":""MultiPoint"",""coordinates"":[]}"
5_1060_0,1222,575,263,590,363,1026,2720,3282,3192,3564,3,floating_plants,WI0021_20200913,-0.35164611889792324,1,Winam,34.66631448619166,2020-09-13,"{""type"":""MultiPoint"",""coordinates"":[]}"
5_1061_0,894,424,354,701,475,1072,2136,2446,2450,2584,3,floating_plants,WI0022_20200913,-0.349586221137283,1,Winam,34.662281416188215,2020-09-13,"{""type"":""MultiPoint"",""coordinates"":[]}"
5_1062_0,915,438,340,650,457,1007,2251,2621,2670,2771,3,floating_plants,WI0023_20200913,-0.3483846139013907,1,Winam,34.66682934619209,2020-09-13,"{""type"":""MultiPoint"",""coordinates"":[]}"
5_1063_0,1226,566,224,498,307,978,2701,3249,3436,3566,3,floating_plants,WI0024_20200913,-0.34443647476456546,1,Winam,34.666228676191594,2020-09-13,"{""type"":""MultiPoint"",""coordinates"":[]}"
5_1064_0,1289,574,225,537,300,998,2869,3506,3508,3825,3,floating_plants,WI0025_20200913,-0.3389434089010132,1,Winam,34.65721862618395,2020-09-13,"{""type"":""MultiPoint"",""coordinates"":[]}"
5_1065_0,1346,591,226,552,285,981,3003,3681,3748,4113,3,floating_plants,WI0026_20200913,-0.33671185000120474,1,Winam,34.65387203618111,2020-09-13,"{""type"":""MultiPoint"",""coordinates"":[]}"
5_1066_0,1269,606,263,568,331,977,2781,3343,3500,3582,3,floating_plants,WI0027_20200913,-0.3442433615664872,1,Winam,34.66973731401039,2020-09-13,"{""type"":""MultiPoint"",""coordinates"":[]}"
5_1067_0,1416,630,213,544,278,983,3159,3935,3988,4371,3,floating_plants,WI0028_20200913,-0.3403381352978241,1,Winam,34.665232289006596,2020-09-13,"{""type"":""MultiPoint"",""coordinates"":[]}"
5_1068_0,1593,768,203,494,332,777,2423,3090,3184,3436,3,floating_plants,WI0029_20200913,-0.3389434112462906,1,Winam,34.663258659004924,2020-09-13,"{""type"":""MultiPoint"",""coordinates"":[]}"
5_1069_0,1171,521,209,531,284,973,2761,3320,3560,3610,3,floating_plants,WI0030_20200913,-0.33720537022423214,1,Winam,34.67643049401607,2020-09-13,"{""type"":""MultiPoint"",""coordinates"":[]}"
5_1070_0,1258,577,177,539,286,992,2955,3543,3552,3901,3,floating_plants,WI0031_20200913,-0.3365831085482137,1,Winam,34.67879026901807,2020-09-13,"{""type"":""MultiPoint"",""coordinates"":[]}"
5_1071_0,1037,463,239,554,327,995,2576,2985,3168,3259,3,floating_plants,WI0032_20200913,-0.34085311028128645,1,Winam,34.67973417901887,2020-09-13,"{""type"":""MultiPoint"",""coordinates"":[]}"
5_1072_0,973,485,262,589,376,1059,2453,2872,2942,3175,3,floating_plants,WI0033_20200913,-0.3417972310127681,1,Winam,34.67773909651719,2020-09-13,"{""type"":""MultiPoint"",""coordinates"":[]}"
5_1073_0,1382,640,211,469,263,743,2688,3491,3616,3880,3,floating_plants,WI0034_20200913,-0.34113205505247746,1,Winam,34.6725690440128,2020-09-13,"{""type"":""MultiPoint"",""coordinates"":[]}"
5_1074_0,1203,542,221,545,316,982,2772,3316,3352,3573,3,floating_plants,WI0035_20200913,-0.34218346219433626,1,Winam,34.670423794011,2020-09-13,"{""type"":""MultiPoint"",""coordinates"":[]}"
5_1075_0,874,429,339,647,447,1079,2213,2549,2480,2623,3,floating_plants,WI0036_20200913,-0.3416899445706744,1,Winam,34.681707809020544,2020-09-13,"{""type"":""MultiPoint"",""coordinates"":[]}"
5_1076_0,713,369,322,664,410,1083,1935,2348,2718,2374,3,floating_plants,WI0037_20200913,-0.34390004503527316,1,Winam,34.68331674652193,2020-09-13,"{""type"":""MultiPoint"",""coordinates"":[]}"
5_1077_0,548,275,412,700,568,1031,1473,1611,1968,1833,3,floating_plants,WI0038_20200913,-0.3437498440489923,1,Winam,34.67769619151716,2020-09-13,"{""type"":""MultiPoint"",""coordinates"":[]}"
5_1078_0,630,312,428,722,586,1001,1716,2000,1852,1805,3,floating_plants,WI0039_20200913,-0.3426340652198687,1,Winam,34.67926222401848,2020-09-13,"{""type"":""MultiPoint"",""coordinates"":[]}"
5_1079_0,1650,754,183,532,291,955,3037,3653,3604,3942,3,floating_plants,WI0040_20200913,-0.33969441652983323,1,Winam,34.681600546520464,2020-09-13,"{""type"":""MultiPoint"",""coordinates"":[]}"
5_1080_0,1446,641,178,518,297,944,3116,3855,3884,4187,3,floating_plants,WI0041_20200913,-0.33757014429169124,1,Winam,34.68089261401988,2020-09-13,"{""type"":""MultiPoint"",""coordinates"":[]}"
5_1081_0,1142,520,228,536,322,948,2520,3061,3268,3312,3,floating_plants,WI0042_20200913,-0.3399733613345727,1,Winam,34.6849471365233,2020-09-13,"{""type"":""MultiPoint"",""coordinates"":[]}"
5_1082_0,941,455,280,612,386,1023,2374,2661,2880,2883,3,floating_plants,WI0043_20200913,-0.33681913897878574,1,Winam,34.692545252326475,2020-09-13,"{""type"":""MultiPoint"",""coordinates"":[]}"
5_1083_0,1110,511,238,568,315,983,2669,3219,3288,3495,3,floating_plants,WI0044_20200913,-0.33658310868318375,1,Winam,34.695612959829056,2020-09-13,"{""type"":""MultiPoint"",""coordinates"":[]}"
5_1084_0,805,420,303,610,406,1020,2082,2483,2968,2793,3,floating_plants,WI0045_20200913,-0.33757014442664857,1,Winam,34.69007821482439,2020-09-13,"{""type"":""MultiPoint"",""coordinates"":[]}"
5_1085_0,1317,593,192,551,287,970,3023,3671,3748,4027,3,floating_plants,WI0046_20200913,-0.34044542188996363,1,Winam,34.689434639823816,2020-09-13,"{""type"":""MultiPoint"",""coordinates"":[]}"
5_1086_0,944,436,298,612,414,995,2127,2508,2688,2742,3,floating_plants,WI0047_20200913,-0.344372105393457,1,Winam,34.685530310681024,2020-09-13,"{""type"":""MultiPoint"",""coordinates"":[]}"
5_1087_0,670,332,411,706,619,997,1626,1917,1836,1839,3,floating_plants,WI0048_20200913,-0.3460886878405394,1,Winam,34.68578774068122,2020-09-13,"{""type"":""MultiPoint"",""coordinates"":[]}"
5_1088_0,882,438,329,622,478,979,2043,2479,2448,2591,3,floating_plants,WI0049_20200913,-0.3460028587255629,1,Winam,34.68789008568302,2020-09-13,"{""type"":""MultiPoint"",""coordinates"":[]}"
5_1089_0,1239,560,234,546,289,973,2730,3316,3448,3635,3,floating_plants,WI0050_20200913,-0.34332069849185726,1,Winam,34.689563380684426,2020-09-13,"{""type"":""MultiPoint"",""coordinates"":[]}"
5_1090_0,1172,525,237,576,294,941,2710,3225,3412,3519,3,floating_plants,WI0051_20200913,-0.3431919547816902,1,Winam,34.69531265068934,2020-09-13,"{""type"":""MultiPoint"",""coordinates"":[]}"
5_1091_0,1256,549,231,547,286,953,2901,3499,3680,3889,3,floating_plants,WI0052_20200913,-0.34003773334238646,1,Winam,34.69674996819056,2020-09-13,"{""type"":""MultiPoint"",""coordinates"":[]}"
5_1092_0,1581,780,220,446,353,695,2139,2721,2750,3069,3,floating_plants,WI0053_20200913,-0.3483846168994833,1,Winam,34.68817123356348,2020-09-13,"{""type"":""MultiPoint"",""coordinates"":[]}"
5_1093_0,1022,496,284,624,389,1029,2330,2731,2786,2904,3,floating_plants,WI0054_20200913,-0.35040160038648704,1,Winam,34.685360956061096,2020-09-13,"{""type"":""MultiPoint"",""coordinates"":[]}"
5_1094_0,949,439,272,605,353,994,2656,3231,3444,3215,3,floating_plants,WI0055_20200913,-0.34817004417471803,1,Winam,34.6832995558331,2020-09-13,"{""type"":""MultiPoint"",""coordinates"":[]}"
5_1095_0,1406,637,228,550,286,964,3009,3692,3872,4155,3,floating_plants,WI0056_20200913,-0.34915707872368096,1,Winam,34.69052904833923,2020-09-13,"{""type"":""MultiPoint"",""coordinates"":[]}"
5_1096_0,1171,551,279,592,385,962,2600,3112,3054,3406,3,floating_plants,WI0057_20200913,-0.3490712496365916,1,Winam,34.693682565841875,2020-09-13,"{""type"":""MultiPoint"",""coordinates"":[]}"
5_1097_0,1163,517,244,566,342,967,2596,3060,3152,3415,3,floating_plants,WI0058_20200913,-0.34574537190986493,1,Winam,34.69271720334106,2020-09-13,"{""type"":""MultiPoint"",""coordinates"":[]}"
5_1098_0,942,419,230,582,348,936,2248,2552,3156,2689,3,floating_plants,WI0059_20200913,-0.34542351271300703,1,Winam,34.695141335843104,2020-09-13,"{""type"":""MultiPoint"",""coordinates"":[]}"
5_1099_0,1065,476,353,652,440,914,2314,2714,2544,2982,3,floating_plants,WI0060_20200913,-0.34385713113290917,1,Winam,34.69306044334136,2020-09-13,"{""type"":""MultiPoint"",""coordinates"":[]}"
5_1100_0,981,467,288,614,411,975,2425,2785,2802,3033,3,floating_plants,WI0061_20200913,-0.3467109494348939,1,Winam,34.697007703344696,2020-09-13,"{""type"":""MultiPoint"",""coordinates"":[]}"
5_1101_0,1092,488,277,580,363,939,2365,2795,2988,3071,3,floating_plants,WI0062_20200913,-0.34462959331418136,1,Winam,34.69720077584488,2020-09-13,"{""type"":""MultiPoint"",""coordinates"":[]}"
5_1102_0,1275,580,281,581,343,983,2882,3478,3332,3840,3,floating_plants,WI0063_20200913,-0.34372838742993017,1,Winam,34.6992387633466,2020-09-13,"{""type"":""MultiPoint"",""coordinates"":[]}"
5_1103_0,1228,528,276,590,314,969,2773,3321,3276,3628,3,floating_plants,WI0064_20200913,-0.34591703014369823,1,Winam,34.70252099584939,2020-09-13,"{""type"":""MultiPoint"",""coordinates"":[]}"
5_1104_0,1118,495,289,624,382,933,2535,3007,3016,3195,3,floating_plants,WI0065_20200913,-0.34604577381707263,1,Winam,34.69956055084689,2020-09-13,"{""type"":""MultiPoint"",""coordinates"":[]}"
5_1105_0,1075,504,271,574,354,947,2541,2974,3076,3178,3,floating_plants,WI0066_20200913,-0.34774089868639746,1,Winam,34.70037574584755,2020-09-13,"{""type"":""MultiPoint"",""coordinates"":[]}"
5_1106_0,1182,556,280,595,378,976,2618,3094,3124,3417,3,floating_plants,WI0067_20200913,-0.34823441599629124,1,Winam,34.69717932334487,2020-09-13,"{""type"":""MultiPoint"",""coordinates"":[]}"
5_1107_0,1117,499,269,588,346,951,2540,2984,3064,3272,3,floating_plants,WI0068_20200913,-0.35014411316902144,1,Winam,34.69604234084388,2020-09-13,"{""type"":""MultiPoint"",""coordinates"":[]}"
5_1108_0,1041,484,322,618,415,961,2335,2718,2762,2865,3,floating_plants,WI0069_20200913,-0.3510024039066248,1,Winam,34.69752256334513,2020-09-13,"{""type"":""MultiPoint"",""coordinates"":[]}"
5_1109_0,1311,605,250,586,315,949,2839,3421,3496,3826,3,floating_plants,WI0070_20200913,-0.3516890364399867,1,Winam,34.69664301084442,2020-09-13,"{""type"":""MultiPoint"",""coordinates"":[]}"
5_1110_0,959,452,327,634,460,979,2305,2621,2558,2848,3,floating_plants,WI0071_20200913,-0.3503157713228447,1,Winam,34.699260215846614,2020-09-13,"{""type"":""MultiPoint"",""coordinates"":[]}"
5_1111_0,604,319,391,706,539,950,1612,1964,2098,1972,3,floating_plants,WI0072_20200913,-0.35007974136052666,1,Winam,34.70104077334813,2020-09-13,"{""type"":""MultiPoint"",""coordinates"":[]}"
5_1112_0,826,369,327,646,482,952,1842,2036,2414,2248,3,floating_plants,WI0073_20200913,-0.34834170236459605,1,Winam,34.70151272834854,2020-09-13,"{""type"":""MultiPoint"",""coordinates"":[]}"
5_1113_0,1183,519,250,588,336,959,2651,3131,3276,3406,3,floating_plants,WI0074_20200913,-0.3468611503743825,1,Winam,34.70490222335141,2020-09-13,"{""type"":""MultiPoint"",""coordinates"":[]}"
5_1114_0,1349,625,206,561,288,1009,3048,3729,3852,4175,3,floating_plants,WI0075_20200913,-0.348320245091014,1,Winam,34.71056568335622,2020-09-13,"{""type"":""MultiPoint"",""coordinates"":[]}"
5_1115_0,1340,600,222,572,292,932,2986,3681,3716,4022,3,floating_plants,WI0076_20200913,-0.3491356214520072,1,Winam,34.704323005850924,2020-09-13,"{""type"":""MultiPoint"",""coordinates"":[]}"
5_1116_0,1441,675,222,578,339,986,3057,3728,3764,4191,3,floating_plants,WI0077_20200913,-0.35029431405376626,1,Winam,34.71138087835692,2020-09-13,"{""type"":""MultiPoint"",""coordinates"":[]}"
5_1117_0,918,429,266,596,394,991,2334,2648,2842,3003,3,floating_plants,WI0078_20200913,-0.3446725078779608,1,Winam,34.711938643357385,2020-09-13,"{""type"":""MultiPoint"",""coordinates"":[]}"
5_1118_0,1128,564,256,590,348,1042,2711,3171,3156,3500,3,floating_plants,WI0079_20200913,-0.3448870806940207,1,Winam,34.70827026585426,2020-09-13,"{""type"":""MultiPoint"",""coordinates"":[]}"
5_1119_0,405,237,406,752,686,1027,1232,1354,1958,1395,3,floating_plants,WI0080_20200913,-0.34231220658299194,1,Winam,34.7075837858537,2020-09-13,"{""type"":""MultiPoint"",""coordinates"":[]}"
5_1120_0,316,193,482,852,798,1051,844,923,1184,1004,3,floating_plants,WI0081_20200913,-0.34351381458784064,1,Winam,34.708656410854594,2020-09-13,"{""type"":""MultiPoint"",""coordinates"":[]}"
5_1121_0,807,397,324,630,429,1046,2096,2321,2524,2548,3,floating_plants,WI0082_20200913,-0.3458526583064004,1,Winam,34.707412165853526,2020-09-13,"{""type"":""MultiPoint"",""coordinates"":[]}"
5_1122_0,813,402,271,586,345,977,2491,2976,3006,3013,3,floating_plants,WI0083_20200913,-0.3397158744876926,1,Winam,34.70846333835445,2020-09-13,"{""type"":""MultiPoint"",""coordinates"":[]}"
5_1123_0,721,352,454,816,718,1032,1788,1969,1686,2075,3,floating_plants,WI0084_20200913,-0.34460813467826595,1,Winam,34.658082012071816,2020-09-13,"{""type"":""MultiPoint"",""coordinates"":[]}"
5_1124_0,461,239,404,756,594,1052,1359,1569,1920,1543,3,floating_plants,WI0085_20200913,-0.3443077336847044,1,Winam,34.65338650061832,2020-09-13,"{""type"":""MultiPoint"",""coordinates"":[]}"
5_1125_0,500,240,382,693,550,988,1333,1564,2338,1676,3,floating_plants,WI0086_20200913,-0.34252677905715495,1,Winam,34.65967208312364,2020-09-13,"{""type"":""MultiPoint"",""coordinates"":[]}"
5_1126_0,688,348,369,684,518,1015,1761,2206,2204,2114,3,floating_plants,WI0087_20200913,-0.34385713073798607,1,Winam,34.66158135562526,2020-09-13,"{""type"":""MultiPoint"",""coordinates"":[]}"
5_1127_0,683,344,401,720,532,1099,1803,2025,2240,2104,3,floating_plants,WI0088_20200913,-0.34675386359439936,1,Winam,34.65285018811787,2020-09-13,"{""type"":""MultiPoint"",""coordinates"":[]}"
5_1128_0,603,303,374,730,530,1061,1625,1939,2240,1804,3,floating_plants,WI0089_20200913,-0.3478052701159737,1,Winam,34.65315052311809,2020-09-13,"{""type"":""MultiPoint"",""coordinates"":[]}"
5_1129_0,566,274,401,722,579,1083,1514,1842,2110,1733,3,floating_plants,WI0090_20200913,-0.3473761246111015,1,Winam,34.64937488311489,2020-09-13,"{""type"":""MultiPoint"",""coordinates"":[]}"
5_1130_0,517,281,384,672,500,1047,1439,1749,2166,1759,3,floating_plants,WI0091_20200913,-0.340037733483425,1,Winam,34.64486986845529,2020-09-13,"{""type"":""MultiPoint"",""coordinates"":[]}"
5_1131_0,1531,727,229,488,349,813,2363,2902,3018,3208,3,floating_plants,WI0092_20200913,-0.34016647667575955,1,Winam,34.64014803238267,2020-09-13,"{""type"":""MultiPoint"",""coordinates"":[]}"
5_1132_0,1191,537,272,582,350,925,2416,3005,3096,3289,3,floating_plants,WI0093_20200913,-0.3389863255474071,1,Winam,34.64122065738357,2020-09-13,"{""type"":""MultiPoint"",""coordinates"":[]}"
5_1133_0,739,362,416,728,614,1069,1877,2153,1948,2276,3,floating_plants,WI0094_20200913,-0.3362827060574633,1,Winam,34.64289395238501,2020-09-13,"{""type"":""MultiPoint"",""coordinates"":[]}"
5_1134_0,681,343,473,818,674,1098,1877,2164,1636,2122,3,floating_plants,WI0095_20200913,-0.33349325659258466,1,Winam,34.6409203223833,2020-09-13,"{""type"":""MultiPoint"",""coordinates"":[]}"
5_1135_0,966,460,311,655,440,1117,2383,2765,2708,2910,3,floating_plants,WI0096_20200913,-0.342054718180757,1,Winam,34.63538557737863,2020-09-13,"{""type"":""MultiPoint"",""coordinates"":[]}"
5_1136_0,572,274,412,770,657,1112,1698,1873,1938,1857,3,floating_plants,WI0097_20200913,-0.34203326089300234,1,Winam,34.63705887238003,2020-09-13,"{""type"":""MultiPoint"",""coordinates"":[]}"
5_1137_0,525,248,418,800,709,1203,1506,1677,1952,1568,3,floating_plants,WI0098_20200913,-0.3411105974745672,1,Winam,34.6378311623807,2020-09-13,"{""type"":""MultiPoint"",""coordinates"":[]}"
5_1138_0,401,211,599,988,984,1120,1302,1556,930,1233,3,floating_plants,WI0099_20200913,-0.3421190900436901,1,Winam,34.63905395488172,2020-09-13,"{""type"":""MultiPoint"",""coordinates"":[]}"
5_1139_0,922,446,288,619,398,1130,2380,2749,2946,2925,3,floating_plants,WI0100_20200913,-0.3446081357985082,1,Winam,34.63720837267913,2020-09-13,"{""type"":""MultiPoint"",""coordinates"":[]}"
5_1140_0,1302,590,261,600,324,1102,3070,3732,3768,4035,3,floating_plants,WI0101_20200913,-0.34246240735810946,1,Winam,34.63092279017381,2020-09-13,"{""type"":""MultiPoint"",""coordinates"":[]}"
5_1141_0,629,312,395,724,588,1126,1927,2146,2138,2267,3,floating_plants,WI0102_20200913,-0.3444793921056688,1,Winam,34.63978267268134,2020-09-13,"{""type"":""MultiPoint"",""coordinates"":[]}"
5_1142_0,1318,589,278,622,318,1093,3061,3710,3792,4082,3,floating_plants,WI0103_20200913,-0.3443077338458822,1,Winam,34.63190960517464,2020-09-13,"{""type"":""MultiPoint"",""coordinates"":[]}"
5_1143_0,1280,590,250,618,349,1102,3014,3570,3540,3926,3,floating_plants,WI0104_20200913,-0.34098185400268727,1,Winam,34.62948244182146,2020-09-13,"{""type"":""MultiPoint"",""coordinates"":[]}"
5_1144_0,1512,747,274,551,421,910,2619,3158,2990,3428,3,floating_plants,WI0105_20200913,-0.33711954100972974,1,Winam,34.620536749313864,2020-09-13,"{""type"":""MultiPoint"",""coordinates"":[]}"
5_1145_0,806,383,320,638,411,1081,2217,2516,2624,2646,3,floating_plants,WI0106_20200913,-0.3307038060773724,1,Winam,34.624290254099726,2020-09-13,"{""type"":""MultiPoint"",""coordinates"":[]}"
5_1146_0,908,451,321,651,382,1164,2602,2917,2898,3113,3,floating_plants,WI0107_20200913,-0.33370782939658394,1,Winam,34.62201628909779,2020-09-13,"{""type"":""MultiPoint"",""coordinates"":[]}"
5_1147_0,1091,514,255,570,322,980,2608,3123,3496,3384,3,floating_plants,WI0108_20200913,-0.3277856104583249,1,Winam,34.628452928704625,2020-09-13,"{""type"":""MultiPoint"",""coordinates"":[]}"
5_1148_0,1111,518,283,565,344,996,2534,3013,3104,3251,3,floating_plants,WI0109_20200913,-0.3270346042666194,1,Winam,34.632185663707794,2020-09-13,"{""type"":""MultiPoint"",""coordinates"":[]}"
5_1149_0,888,420,323,634,431,955,2114,2471,2488,2672,3,floating_plants,WI0110_20200913,-0.3167994563603819,1,Winam,34.62478524943513,2020-09-13,"{""type"":""MultiPoint"",""coordinates"":[]}"
5_1150_0,1490,706,201,442,301,707,2396,3098,3100,3418,3,floating_plants,WI0111_20200913,-0.3086456621792759,1,Winam,34.61716742930207,2020-09-13,"{""type"":""MultiPoint"",""coordinates"":[]}"
5_1151_0,988,459,262,580,322,1005,2495,2919,3176,3188,3,floating_plants,WI0112_20200913,-0.30765862358977447,1,Winam,34.611738250348346,2020-09-13,"{""type"":""MultiPoint"",""coordinates"":[]}"
5_1152_0,1349,604,217,556,300,1018,3002,3708,3792,4078,3,floating_plants,WI0113_20200913,-0.3044829337265891,1,Winam,34.612210205348745,2020-09-13,"{""type"":""MultiPoint"",""coordinates"":[]}"
5_1153_0,1458,652,221,578,375,969,2994,3735,3688,4071,3,floating_plants,WI0114_20200913,-0.3074869647023499,1,Winam,34.62177802035685,2020-09-13,"{""type"":""MultiPoint"",""coordinates"":[]}"
5_1154_0,1066,481,231,504,291,901,2410,2954,3212,3228,3,floating_plants,WI0115_20200913,-0.31205738163423197,1,Winam,34.62270047785764,2020-09-13,"{""type"":""MultiPoint"",""coordinates"":[]}"
5_1155_0,1439,631,203,541,285,1001,3178,3965,4084,4442,3,floating_plants,WI0116_20200913,-0.3125079870107541,1,Winam,34.62907487535373,2020-09-13,"{""type"":""MultiPoint"",""coordinates"":[]}"
5_1156_0,1367,607,219,575,287,1012,3038,3736,3840,4144,3,floating_plants,WI0117_20200913,-0.31643468149389115,1,Winam,34.630576550354995,2020-09-13,"{""type"":""MultiPoint"",""coordinates"":[]}"
5_1157_0,1045,474,291,595,410,969,2322,2750,2714,3006,3,floating_plants,WI0118_20200913,-0.3221637904455671,1,Winam,34.62980426035432,2020-09-13,"{""type"":""MultiPoint"",""coordinates"":[]}"
5_1158_0,1272,599,214,472,258,764,2624,3332,3284,3685,3,floating_plants,WI0119_20200913,-0.31559784508868377,1,Winam,34.62203845534775,2020-09-13,"{""type"":""MultiPoint"",""coordinates"":[]}"
5_1159_0,541,287,356,693,454,1035,1671,1918,2260,1946,3,floating_plants,WI0120_20200913,-0.3181512687802766,1,Winam,34.618434435344675,2020-09-13,"{""type"":""MultiPoint"",""coordinates"":[]}"
5_1160_0,1016,471,329,636,441,980,2415,2843,2486,3027,3,floating_plants,WI0121_20200913,-0.2946769118378762,1,Winam,34.606714543161495,2020-09-13,"{""type"":""MultiPoint"",""coordinates"":[]}"
5_1161_0,1785,849,323,652,370,975,3411,4111,4080,4563,3,floating_plants,WI0122_20200913,-0.2966080764383256,1,Winam,34.603968623159155,2020-09-13,"{""type"":""MultiPoint"",""coordinates"":[]}"
5_1162_0,1176,534,212,561,313,1025,2776,3313,3440,3552,3,floating_plants,WI0123_20200913,-0.2915870472135635,1,Winam,34.6117570392164,2020-09-13,"{""type"":""MultiPoint"",""coordinates"":[]}"
5_1163_0,1283,561,216,548,302,1008,2897,3562,3464,3831,3,floating_plants,WI0124_20200913,-0.29368987145561054,1,Winam,34.6143742442186,2020-09-13,"{""type"":""MultiPoint"",""coordinates"":[]}"
5_1164_0,1266,569,223,532,287,973,2910,3532,3516,3852,3,floating_plants,WI0125_20200913,-0.28860446929940164,1,Winam,34.61939412922288,2020-09-13,"{""type"":""MultiPoint"",""coordinates"":[]}"
5_1165_0,1242,552,225,560,282,1001,2941,3569,3708,3914,3,floating_plants,WI0126_20200913,-0.26431466622458705,1,Winam,34.58963228627261,2020-09-13,"{""type"":""MultiPoint"",""coordinates"":[]}"
5_1166_0,1075,508,214,566,292,1046,2805,3331,3688,3655,3,floating_plants,WI0127_20200913,-0.25667581462385947,1,Winam,34.58075095126506,2020-09-13,"{""type"":""MultiPoint"",""coordinates"":[]}"
5_1167_0,1521,752,236,485,426,782,2391,3056,3044,3460,3,floating_plants,WI0128_20200913,-0.25362885568240323,1,Winam,34.57980704126425,2020-09-13,"{""type"":""MultiPoint"",""coordinates"":[]}"
5_1168_0,864,405,384,703,488,980,2170,2460,2122,2784,3,floating_plants,WI0129_20200913,-0.2681770051418005,1,Winam,34.59306468627551,2020-09-13,"{""type"":""MultiPoint"",""coordinates"":[]}"
5_1169_0,1351,584,194,542,269,1015,3181,3880,3936,4270,3,floating_plants,WI0130_20200913,-0.2659883465705374,1,Winam,34.595124126277284,2020-09-13,"{""type"":""MultiPoint"",""coordinates"":[]}"
5_1170_0,1085,483,278,608,381,995,2584,3007,2812,3241,3,floating_plants,WI0131_20200913,-0.2681770051418005,1,Winam,34.598556526280184,2020-09-13,"{""type"":""MultiPoint"",""coordinates"":[]}"
5_1171_0,1196,536,216,548,291,970,2822,3408,3640,3748,3,floating_plants,WI0132_20200913,-0.26839157949048065,1,Winam,34.601474066282655,2020-09-13,"{""type"":""MultiPoint"",""coordinates"":[]}"
5_1172_0,1300,582,203,536,279,1007,3074,3770,3880,4095,3,floating_plants,WI0133_20200913,-0.26877781330870315,1,Winam,34.6123719362919,2020-09-13,"{""type"":""MultiPoint"",""coordinates"":[]}"
5_1173_0,855,413,328,644,418,1028,2223,2601,2416,2694,3,floating_plants,WI0134_20200913,-0.27075189707730646,1,Winam,34.58624279126973,2020-09-13,"{""type"":""MultiPoint"",""coordinates"":[]}"
5_1174_0,878,425,270,606,360,1073,2267,2554,2986,2755,3,floating_plants,WI0135_20200913,-0.27165310912582885,1,Winam,34.592850161275344,2020-09-13,"{""type"":""MultiPoint"",""coordinates"":[]}"
5_1175_0,972,472,241,596,328,1083,2724,3054,3184,3419,3,floating_plants,WI0136_20200913,-0.2621260069705479,1,Winam,34.574315201259616,2020-09-13,"{""type"":""MultiPoint"",""coordinates"":[]}"
5_1176_0,906,449,272,592,366,1043,2501,2839,3050,3133,3,floating_plants,WI0137_20200913,-0.26161102826684157,1,Winam,34.578391176263054,2020-09-13,"{""type"":""MultiPoint"",""coordinates"":[]}"
5_1177_0,1445,729,228,503,382,856,2647,3319,2856,3626,3,floating_plants,WI0138_20200913,-0.2651300489854797,1,Winam,34.578820226263424,2020-09-13,"{""type"":""MultiPoint"",""coordinates"":[]}"
5_1178_0,645,339,347,648,441,1009,1901,2255,2374,2368,3,floating_plants,WI0139_20200913,-0.2659454324885484,1,Winam,34.58422884231848,2020-09-13,"{""type"":""MultiPoint"",""coordinates"":[]}"
5_1179_0,811,393,327,642,442,989,2246,2621,2496,2670,3,floating_plants,WI0140_20200913,-0.26491547537578236,1,Winam,34.58654571232046,2020-09-13,"{""type"":""MultiPoint"",""coordinates"":[]}"
5_1180_0,1134,507,253,572,318,987,2768,3224,3208,3549,3,floating_plants,WI0141_20200913,-0.2266782544315558,1,Winam,34.533361073980736,2020-09-13,"{""type"":""MultiPoint"",""coordinates"":[]}"
5_1181_0,968,467,271,616,338,1053,2570,3008,3046,2998,3,floating_plants,WI0142_20200913,-0.23105558506371765,1,Winam,34.523370177576744,2020-09-13,"{""type"":""MultiPoint"",""coordinates"":[]}"
5_1182_0,1214,568,229,570,309,1059,2994,3484,3616,3852,3,floating_plants,WI0143_20200913,-0.22564829514486787,1,Winam,34.514445937569164,2020-09-13,"{""type"":""MultiPoint"",""coordinates"":[]}"
5_1183_0,671,338,465,764,582,1031,2179,2571,2196,2526,3,floating_plants,WI0144_20200913,-0.22998271024195982,1,Winam,34.510799012566096,2020-09-13,"{""type"":""MultiPoint"",""coordinates"":[]}"
5_1184_0,748,372,252,625,368,971,2292,2690,2944,2819,3,floating_plants,WI0145_20200913,-0.227064490319836,1,Winam,34.52465732757785,2020-09-13,"{""type"":""MultiPoint"",""coordinates"":[]}"
5_1185_0,1115,512,217,570,314,996,2800,3305,3328,3467,3,floating_plants,WI0146_20200913,-0.227064490319836,1,Winam,34.527961012580654,2020-09-13,"{""type"":""MultiPoint"",""coordinates"":[]}"
5_1186_0,1416,678,232,506,364,866,2687,3339,3248,3614,3,floating_plants,WI0147_20200913,-0.2281373653600979,1,Winam,34.53160793758376,2020-09-13,"{""type"":""MultiPoint"",""coordinates"":[]}"
5_1187_0,1349,599,220,570,278,1010,3149,3831,3936,4174,3,floating_plants,WI0148_20200913,-0.2308839250977034,1,Winam,34.54143318259207,2020-09-13,"{""type"":""MultiPoint"",""coordinates"":[]}"
5_1188_0,326,202,446,816,636,1069,1135,1141,1608,1086,3,floating_plants,WI0149_20200913,-0.23989607284087888,1,Winam,34.537548118837925,2020-09-13,"{""type"":""MultiPoint"",""coordinates"":[]}"
5_1189_0,653,332,319,612,389,1018,1870,2144,2652,2212,3,floating_plants,WI0150_20200913,-0.2449600381083295,1,Winam,34.53879309569129,2020-09-13,"{""type"":""MultiPoint"",""coordinates"":[]}"
5_1190_0,384,126,331,790,378,1593,2388,2476,1910,2020,4,surface_algae,WI0151_20200913,-0.1222228048093886,0,Winam,34.69377649983786,2020-09-13,"{""type"":""MultiPoint"",""coordinates"":[]}"
5_1191_0,241,99,385,809,439,1316,1510,1460,1436,1186,4,surface_algae,WI0152_20200913,-0.12668598966084862,0,Winam,34.69034409983495,2020-09-13,"{""type"":""MultiPoint"",""coordinates"":[]}"
5_1192_0,605,173,386,894,369,1729,3766,3688,3376,3540,4,surface_algae,WI0153_20200913,-0.10848992380915311,0,Winam,34.723638379863196,2020-09-13,"{""type"":""MultiPoint"",""coordinates"":[]}"
5_1193_0,234,90,467,802,529,1228,1259,1272,979,936,4,surface_algae,WI0154_20200913,-0.11655799220257322,0,Winam,34.73221937987047,2020-09-13,"{""type"":""MultiPoint"",""coordinates"":[]}"
5_1194_0,201,81,334,772,420,1275,1639,1649,1550,1354,4,surface_algae,WI0155_20200913,-0.12557019469566433,0,Winam,34.732232889398134,2020-09-13,"{""type"":""MultiPoint"",""coordinates"":[]}"
5_1195_0,411,137,396,906,430,1723,2915,2895,3268,2552,4,surface_algae,WI0156_20200913,-0.12179365355699967,0,Winam,34.73352003939923,2020-09-13,"{""type"":""MultiPoint"",""coordinates"":[]}"
5_1196_0,256,81,363,848,421,1403,1681,1743,1754,1373,4,surface_algae,WI0157_20200913,-0.11338226459774282,0,Winam,34.70468787937476,2020-09-13,"{""type"":""MultiPoint"",""coordinates"":[]}"
5_1197_0,349,105,323,822,388,1548,2739,2802,2432,2406,4,surface_algae,WI0158_20200913,-0.11269562049073678,0,Winam,34.70880675937827,2020-09-13,"{""type"":""MultiPoint"",""coordinates"":[]}"
5_1198_0,230,82,466,880,588,1205,1205,1226,938,902,4,surface_algae,WI0159_20200913,-0.11951914623425719,0,Winam,34.72168236603732,2020-09-13,"{""type"":""MultiPoint"",""coordinates"":[]}"
5_1199_0,320,107,365,804,426,1409,1906,1844,1642,1501,4,surface_algae,WI0160_20200913,-0.12325277245275494,0,Winam,34.72168236603732,2020-09-13,"{""type"":""MultiPoint"",""coordinates"":[]}"
5_1200_0,410,133,372,811,406,1632,2733,2688,2062,2343,4,surface_algae,WI0161_20200913,-0.1158713500133017,0,Winam,34.72438538103963,2020-09-13,"{""type"":""MultiPoint"",""coordinates"":[]}"
5_1201_0,678,176,417,972,411,1917,4575,4792,4520,4348,4,surface_algae,WI0162_20200913,-0.11059277214789667,0,Winam,34.722756584045314,2020-09-13,"{""type"":""MultiPoint"",""coordinates"":[]}"
5_1202_0,715,209,398,950,416,1916,4485,4567,4160,4215,4,surface_algae,WI0163_20200913,-0.10677331374151042,0,Winam,34.72683255904879,2020-09-13,"{""type"":""MultiPoint"",""coordinates"":[]}"
5_1203_0,724,216,408,937,417,1820,4223,4299,4084,3990,4,surface_algae,WI0164_20200913,-0.10303968540240964,0,Winam,34.727647754049485,2020-09-13,"{""type"":""MultiPoint"",""coordinates"":[]}"
5_1204_0,667,197,385,962,411,1931,4789,5027,4604,4762,4,surface_algae,WI0165_20200913,-0.09960646355463729,0,Winam,34.735842609056434,2020-09-13,"{""type"":""MultiPoint"",""coordinates"":[]}"
5_1205_0,489,143,385,842,382,1702,3318,3361,3140,2983,4,surface_algae,WI0166_20200913,-0.10818951747653435,0,Winam,34.734169314054995,2020-09-13,"{""type"":""MultiPoint"",""coordinates"":[]}"
5_1206_0,548,171,400,916,395,1765,3507,3407,3324,3155,4,surface_algae,WI0167_20200913,-0.10694497480381099,0,Winam,34.72992171905139,2020-09-13,"{""type"":""MultiPoint"",""coordinates"":[]}"
5_1207_0,481,165,389,832,412,1526,2391,2333,2060,2103,4,surface_algae,WI0168_20200913,-0.09926314134994978,0,Winam,34.732410209053526,2020-09-13,"{""type"":""MultiPoint"",""coordinates"":[]}"
5_1208_0,317,127,432,876,564,1317,1574,1669,1376,1370,4,surface_algae,WI0169_20200913,-0.1077174495721665,0,Winam,34.71988194904287,2020-09-13,"{""type"":""MultiPoint"",""coordinates"":[]}"
5_1209_0,155,76,465,804,566,1134,1002,1016,924,736,4,surface_algae,WI0170_20200913,-0.1119231451861143,0,Winam,34.72829132905002,2020-09-13,"{""type"":""MultiPoint"",""coordinates"":[]}"
5_1210_0,282,103,361,786,403,1350,1683,1636,1480,1383,4,surface_algae,WI0171_20200913,-0.12230863667254246,0,Winam,34.69606084007427,2020-09-13,"{""type"":""MultiPoint"",""coordinates"":[]}"
5_1211_0,269,93,366,878,431,1487,2523,2181,2902,1916,4,surface_algae,WI0172_20200913,-0.12209406045953566,0,Winam,34.689238945068496,2020-09-13,"{""type"":""MultiPoint"",""coordinates"":[]}"
5_1212_0,222,73,508,900,629,1245,1569,1386,1206,1155,4,surface_algae,WI0173_20200913,-0.12368192439499345,0,Winam,34.687394030066926,2020-09-13,"{""type"":""MultiPoint"",""coordinates"":[]}"
5_1213_0,272,105,366,807,426,1324,1611,1615,1522,1356,4,surface_algae,WI0174_20200913,-0.11840334933048666,0,Winam,34.69310039507176,2020-09-13,"{""type"":""MultiPoint"",""coordinates"":[]}"
5_1214_0,249,91,368,820,475,1332,1675,1568,1488,1343,4,surface_algae,WI0175_20200913,-0.1141976546551587,0,Winam,34.6967902250749,2020-09-13,"{""type"":""MultiPoint"",""coordinates"":[]}"
5_1215_0,184,93,476,849,567,1214,1161,1106,965,919,4,surface_algae,WI0176_20200913,-0.13230788736523189,0,Winam,34.681944970931895,2020-09-13,"{""type"":""MultiPoint"",""coordinates"":[]}"
5_1216_0,209,100,501,844,574,1224,1233,1237,900,886,4,surface_algae,WI0177_20200913,-0.13179290465046442,0,Winam,34.68842362593736,2020-09-13,"{""type"":""MultiPoint"",""coordinates"":[]}"
5_1217_0,292,119,413,814,444,1392,1754,1685,1516,1378,4,surface_algae,WI0178_20200913,-0.13325202231454353,0,Winam,34.6902256359389,2020-09-13,"{""type"":""MultiPoint"",""coordinates"":[]}"
5_1218_0,191,110,485,881,563,1198,1074,1042,916,771,4,surface_algae,WI0179_20200913,-0.13591276606708746,0,Winam,34.683360835933094,2020-09-13,"{""type"":""MultiPoint"",""coordinates"":[]}"
5_1219_0,148,96,532,911,722,1136,783,789,696,570,4,surface_algae,WI0180_20200913,-0.12904632999285148,0,Winam,34.67975681593003,2020-09-13,"{""type"":""MultiPoint"",""coordinates"":[]}"
5_1220_0,213,87,401,844,508,1230,1349,1211,996,1004,4,surface_algae,WI0181_20200913,-0.1275872120849638,0,Winam,34.68795167093696,2020-09-13,"{""type"":""MultiPoint"",""coordinates"":[]}"
5_1221_0,253,117,396,824,442,1323,1453,1485,1404,1157,4,surface_algae,WI0182_20200913,-0.12921799091767577,0,Winam,34.68979658593853,2020-09-13,"{""type"":""MultiPoint"",""coordinates"":[]}"
5_1222_0,151,97,563,897,679,1136,896,855,772,617,4,surface_algae,WI0183_20200913,-0.14097676142668192,0,Winam,34.67353559092475,2020-09-13,"{""type"":""MultiPoint"",""coordinates"":[]}"
5_1223_0,157,92,526,896,703,1124,964,845,756,692,4,surface_algae,WI0184_20200913,-0.14192089603413485,0,Winam,34.66963123592144,2020-09-13,"{""type"":""MultiPoint"",""coordinates"":[]}"
5_1224_0,143,109,636,915,747,1113,775,753,579,521,4,surface_algae,WI0185_20200913,-0.14247879373865974,0,Winam,34.678298045928784,2020-09-13,"{""type"":""MultiPoint"",""coordinates"":[]}"
5_1225_0,245,119,544,910,656,1287,1363,1380,858,1028,4,surface_algae,WI0186_20200913,-0.14110550705725516,0,Winam,34.68331793093302,2020-09-13,"{""type"":""MultiPoint"",""coordinates"":[]}"
5_1226_0,382,130,367,860,398,1573,2434,2261,1948,2125,4,surface_algae,WI0187_20200913,-0.1296471434423629,0,Winam,34.7251128627071,2020-09-13,"{""type"":""MultiPoint"",""coordinates"":[]}"
5_1227_0,148,78,494,844,594,1137,968,944,797,687,4,surface_algae,WI0188_20200913,-0.12973297390289215,0,Winam,34.71691800770015,2020-09-13,"{""type"":""MultiPoint"",""coordinates"":[]}"
5_1228_0,129,69,476,820,621,1091,880,865,787,596,4,surface_algae,WI0189_20200913,-0.13316619208370123,0,Winam,34.718333872701315,2020-09-13,"{""type"":""MultiPoint"",""coordinates"":[]}"
5_1229_0,144,56,470,824,594,1131,1108,1071,822,775,4,surface_algae,WI0190_20200913,-0.12501229814622786,0,Winam,34.72515576770713,2020-09-13,"{""type"":""MultiPoint"",""coordinates"":[]}"
5_1230_0,271,94,380,796,436,1320,1780,1727,1394,1438,4,surface_algae,WI0191_20200913,-0.12587060289329674,0,Winam,34.720564932703226,2020-09-13,"{""type"":""MultiPoint"",""coordinates"":[]}"
5_1231_0,330,116,377,789,412,1443,2096,2077,1750,1757,4,surface_algae,WI0192_20200913,-0.11771670574782686,0,Winam,34.731421252802875,2020-09-13,"{""type"":""MultiPoint"",""coordinates"":[]}"
5_1232_0,283,96,435,824,467,1308,1685,1685,1446,1420,4,surface_algae,WI0193_20200913,-0.11904707845456709,0,Winam,34.73009119780174,2020-09-13,"{""type"":""MultiPoint"",""coordinates"":[]}"
5_1233_0,331,125,386,840,407,1447,2028,2120,1960,1771,4,surface_algae,WI0194_20200913,-0.119733722407189,0,Winam,34.73485365280578,2020-09-13,"{""type"":""MultiPoint"",""coordinates"":[]}"
5_1234_0,100,69,528,853,669,1046,699,717,574,461,4,surface_algae,WI0195_20200913,-0.12449731434956292,0,Winam,34.736054992806814,2020-09-13,"{""type"":""MultiPoint"",""coordinates"":[]}"
5_1235_0,167,71,504,862,630,1146,1025,1021,812,739,4,surface_algae,WI0196_20200913,-0.11926165469160616,0,Winam,34.71108428278561,2020-09-13,"{""type"":""MultiPoint"",""coordinates"":[]}"
5_1236_0,238,88,477,894,650,1235,1247,1243,838,960,4,surface_algae,WI0197_20200913,-0.1164292482292089,0,Winam,34.70850998278345,2020-09-13,"{""type"":""MultiPoint"",""coordinates"":[]}"
5_1237_0,290,89,340,830,411,1446,2197,2189,2226,1797,4,surface_algae,WI0198_20200913,-0.11291019738040023,0,Winam,34.71069813778532,2020-09-13,"{""type"":""MultiPoint"",""coordinates"":[]}"
5_1238_0,169,74,415,838,532,1183,1099,1073,1058,842,4,surface_algae,WI0199_20200913,-0.1161717567184143,0,Winam,34.70181680277778,2020-09-13,"{""type"":""MultiPoint"",""coordinates"":[]}"
5_1239_0,247,81,358,822,439,1345,1656,1607,1560,1349,4,surface_algae,WI0200_20200913,-0.11291019738040023,0,Winam,34.700315127776506,2020-09-13,"{""type"":""MultiPoint"",""coordinates"":[]}"
5_1240_0,81,79,746,1070,1142,1060,467,471,347,247,2,open_water,WI0201_20200913,-0.09673113935678607,0,Winam,34.69438983114148,2020-09-13,"{""type"":""MultiPoint"",""coordinates"":[]}"
5_1241_0,43,38,696,1011,1064,1011,437,440,340,225,2,open_water,WI0202_20200913,-0.104885041368899,0,Winam,34.7104363011551,2020-09-13,"{""type"":""MultiPoint"",""coordinates"":[]}"
5_1242_0,33,24,730,1054,1042,1013,460,448,338,244,2,open_water,WI0203_20200913,-0.1272868028352675,0,Winam,34.704944461150426,2020-09-13,"{""type"":""MultiPoint"",""coordinates"":[]}"
5_1243_0,41,36,676,1012,1062,1020,458,457,346,254,2,open_water,WI0204_20200913,-0.11878958507392438,0,Winam,34.714812611158806,2020-09-13,"{""type"":""MultiPoint"",""coordinates"":[]}"
5_1244_0,52,51,616,930,959,979,429,422,304,229,2,open_water,WI0205_20200913,-0.15895822886883929,0,Winam,34.74046872538356,2020-09-13,"{""type"":""MultiPoint"",""coordinates"":[]}"
5_1245_0,41,27,628,915,899,907,376,368,273,169,2,open_water,WI0206_20200913,-0.16153313921038062,0,Winam,34.755399665396254,2020-09-13,"{""type"":""MultiPoint"",""coordinates"":[]}"
5_1246_0,306,262,932,1214,1284,1336,762,751,645,536,2,open_water,WI0207_20200913,-0.1840206761628283,0,Winam,34.77445513334661,2020-09-13,"{""type"":""MultiPoint"",""coordinates"":[]}"
5_1247_0,334,307,832,1166,973,1309,795,808,673,575,4,surface_algae,WI0208_20200913,-0.19775351057095286,0,Winam,34.66769787314833,2020-09-13,"{""type"":""MultiPoint"",""coordinates"":[]}"
5_1248_0,314,280,786,1124,930,1205,742,712,600,518,4,surface_algae,WI0209_20200913,-0.1847931500748131,0,Winam,34.66486614314593,2020-09-13,"{""type"":""MultiPoint"",""coordinates"":[]}"
5_1249_0,276,218,532,890,612,1281,1309,1267,1120,973,4,surface_algae,WI0210_20200913,-0.1829907150696362,0,Winam,34.74089380321042,2020-09-13,"{""type"":""MultiPoint"",""coordinates"":[]}"
5_1250_0,141,97,549,896,702,1088,745,701,602,484,4,surface_algae,WI0211_20200913,-0.19535026566042027,0,Winam,34.76097334322745,2020-09-13,"{""type"":""MultiPoint"",""coordinates"":[]}"
5_1251_0,312,197,377,806,454,1556,2388,2469,2116,1942,4,surface_algae,WI0212_20200913,-0.16488052312498683,0,Winam,34.72982454077344,2020-09-13,"{""type"":""MultiPoint"",""coordinates"":[]}"
5_1252_0,189,155,693,1028,839,1175,773,785,520,526,4,surface_algae,WI0213_20200913,-0.15930155122546827,0,Winam,34.68803507073799,2020-09-13,"{""type"":""MultiPoint"",""coordinates"":[]}"
5_1253_0,264,156,482,882,602,1321,1451,1388,1204,1117,4,surface_algae,WI0214_20200913,-0.14943105881334678,0,Winam,34.68769183073773,2020-09-13,"{""type"":""MultiPoint"",""coordinates"":[]}"
5_1254_0,303,121,324,777,361,1431,1990,1995,1748,1578,4,surface_algae,WI0215_20200913,-0.14711363584065276,0,Winam,34.70768202303765,2020-09-13,"{""type"":""MultiPoint"",""coordinates"":[]}"
5_1255_0,254,202,538,865,562,1377,1684,1762,1376,1265,4,surface_algae,WI0216_20200913,-0.15801409359386429,0,Winam,34.71840827304672,2020-09-13,"{""type"":""MultiPoint"",""coordinates"":[]}"
5_1256_0,143,123,599,958,761,1098,780,778,592,530,4,surface_algae,WI0217_20200913,-0.15578250427029464,0,Winam,34.675760703010575,2020-09-13,"{""type"":""MultiPoint"",""coordinates"":[]}"
5_1257_0,329,290,753,1146,867,1382,977,940,804,660,4,surface_algae,WI0218_20200913,-0.21200131548185075,0,Winam,34.67087174666561,2020-09-13,"{""type"":""MultiPoint"",""coordinates"":[]}"
5_1258_0,313,284,764,1134,940,1327,849,840,647,590,4,surface_algae,WI0219_20200913,-0.20389036960863388,0,Winam,34.691852291683404,2020-09-13,"{""type"":""MultiPoint"",""coordinates"":[]}"
5_1259_0,273,243,690,1056,758,1230,794,773,630,546,4,surface_algae,WI0220_20200913,-0.1948352854256458,0,Winam,34.64975504916653,2020-09-13,"{""type"":""MultiPoint"",""coordinates"":[]}"
5_1260_0,263,238,673,1008,722,1114,692,691,592,490,4,surface_algae,WI0221_20200913,-0.1847502358201073,0,Winam,34.64134566915942,2020-09-13,"{""type"":""MultiPoint"",""coordinates"":[]}"
5_1261_0,306,273,698,1058,889,1380,929,914,770,650,4,surface_algae,WI0222_20200913,-0.32834350000031237,0,Winam,34.73198381751301,2020-09-13,"{""type"":""MultiPoint"",""coordinates"":[]}"
5_1262_0,319,275,783,1148,968,1320,830,839,690,592,4,surface_algae,WI0223_20200913,-0.3225929371955628,0,Winam,34.73228415251328,2020-09-13,"{""type"":""MultiPoint"",""coordinates"":[]}"
5_1263_0,319,280,768,1150,1058,1363,856,834,722,577,4,surface_algae,WI0224_20200913,-0.3220779612626158,0,Winam,34.7235744375059,2020-09-13,"{""type"":""MultiPoint"",""coordinates"":[]}"
5_1264_0,252,210,619,944,828,1029,614,611,502,447,4,surface_algae,WI0225_20200913,-0.30765862328553534,0,Winam,34.74348254371842,2020-09-13,"{""type"":""MultiPoint"",""coordinates"":[]}"
5_1265_0,260,235,636,983,746,1164,718,715,576,500,4,surface_algae,WI0226_20200913,-0.2987752722693328,0,Winam,34.74833080872252,2020-09-13,"{""type"":""MultiPoint"",""coordinates"":[]}"
5_1266_0,242,206,626,934,745,1084,660,648,558,460,4,surface_algae,WI0227_20200913,-0.3037533829158957,0,Winam,34.74841661872259,2020-09-13,"{""type"":""MultiPoint"",""coordinates"":[]}"
5_1267_0,382,342,942,1288,1410,1392,823,811,678,613,2,open_water,WI0228_20200913,-0.3024659385254243,0,Winam,34.71662091043508,2020-09-13,"{""type"":""MultiPoint"",""coordinates"":[]}"
5_1268_0,28,23,597,840,1005,1013,459,464,346,251,2,open_water,WI0229_20200913,-0.30066351920257023,0,Winam,34.84816764054669,2020-09-13,"{""type"":""MultiPoint"",""coordinates"":[]}"
5_1269_0,130,110,626,934,1110,1064,514,520,402,328,2,open_water,WI0230_20200913,-0.2783478273099159,0,Winam,34.84173189054121,2020-09-13,"{""type"":""MultiPoint"",""coordinates"":[]}"
5_1270_0,316,280,788,1086,1174,1170,671,679,590,532,2,open_water,WI0231_20200913,-0.3089031479366252,0,Winam,34.824741510526785,2020-09-13,"{""type"":""MultiPoint"",""coordinates"":[]}"
5_1271_0,324,275,718,904,886,849,466,470,419,382,2,open_water,WI0232_20200913,-0.29851778104216736,0,Winam,34.80406686568986,2020-09-13,"{""type"":""MultiPoint"",""coordinates"":[]}"
5_1272_0,334,284,585,725,702,717,469,467,412,378,2,open_water,WI0233_20200913,-0.3096756123219836,0,Winam,34.8117897656964,2020-09-13,"{""type"":""MultiPoint"",""coordinates"":[]}"
5_1273_0,294,239,752,1040,1128,1084,619,609,535,460,2,open_water,WI0234_20200913,-0.29482711126026556,0,Winam,34.8335855057149,2020-09-13,"{""type"":""MultiPoint"",""coordinates"":[]}"
5_1274_0,317,269,693,934,878,919,531,520,424,387,2,open_water,WI0235_20200913,-0.2888190415636226,0,Winam,34.78493123567364,2020-09-13,"{""type"":""MultiPoint"",""coordinates"":[]}"
5_1275_0,348,305,872,1204,1180,1234,711,696,608,539,2,open_water,WI0236_20200913,-0.28761742724108547,0,Winam,34.73456076563091,2020-09-13,"{""type"":""MultiPoint"",""coordinates"":[]}"
5_1276_0,167,138,656,1010,1130,1091,496,486,397,297,2,open_water,WI0237_20200913,-0.31877352761575434,0,Winam,34.75712879565003,2020-09-13,"{""type"":""MultiPoint"",""coordinates"":[]}"
5_1277_0,155,99,426,780,1150,1121,537,557,450,373,2,open_water,WI0238_20200913,-0.33469486391101877,0,Winam,34.76777714897353,2020-09-13,"{""type"":""MultiPoint"",""coordinates"":[]}"
5_1278_0,218,183,758,1142,1256,1217,602,565,477,361,2,open_water,WI0239_20200913,-0.33701225356073605,0,Winam,34.76185047655965,2020-09-13,"{""type"":""MultiPoint"",""coordinates"":[]}"
5_1279_0,215,185,830,1214,1266,1215,617,616,497,417,2,open_water,WI0240_20200913,-0.3430632103141694,0,Winam,34.67263193780829,2020-09-13,"{""type"":""MultiPoint"",""coordinates"":[]}"
5_1280_0,257,239,876,1234,1318,1268,626,620,510,408,2,open_water,WI0241_20200913,-0.35293355648839414,0,Winam,34.6784241128132,2020-09-13,"{""type"":""MultiPoint"",""coordinates"":[]}"
5_1281_0,134,120,750,1090,1162,1136,496,486,380,297,2,open_water,WI0242_20200913,-0.3508307444758852,0,Winam,34.66190568779922,2020-09-13,"{""type"":""MultiPoint"",""coordinates"":[]}"
5_1282_0,307,275,918,1260,1322,1264,723,710,594,501,2,open_water,WI0243_20200913,-0.32950219641808826,0,Winam,34.696143877828256,2020-09-13,"{""type"":""MultiPoint"",""coordinates"":[]}"
5_1283_0,371,322,896,1306,1414,1383,790,770,653,582,2,open_water,WI0244_20200913,-0.32104800934692695,0,Winam,34.70296701413825,2020-09-13,"{""type"":""MultiPoint"",""coordinates"":[]}"
5_1284_0,371,343,927,1296,1372,1338,773,768,608,574,2,open_water,WI0245_20200913,-0.31864478774156524,0,Winam,34.686448589124225,2020-09-13,"{""type"":""MultiPoint"",""coordinates"":[]}"
5_1285_0,355,321,976,1312,1306,1284,709,702,574,511,2,open_water,WI0246_20200913,-0.32894430545182285,0,Winam,34.65915711968119,2020-09-13,"{""type"":""MultiPoint"",""coordinates"":[]}"
5_1286_0,269,241,933,1254,1238,1173,636,624,523,434,2,open_water,WI0247_20200913,-0.3367547661033421,0,Winam,34.61010328820975,2020-09-13,"{""type"":""MultiPoint"",""coordinates"":[]}"
5_1287_0,216,192,855,1188,1150,1125,598,584,485,410,2,open_water,WI0248_20200913,-0.3313475251426942,0,Winam,34.618898813217186,2020-09-13,"{""type"":""MultiPoint"",""coordinates"":[]}"
5_1288_0,328,275,774,1110,1036,1174,773,854,1036,632,2,open_water,WI0249_20200913,-0.31448206168389975,0,Winam,34.61078747179749,2020-09-13,"{""type"":""MultiPoint"",""coordinates"":[]}"
5_1289_0,268,243,983,1274,1260,1198,637,633,516,463,2,open_water,WI0250_20200913,-0.3025946848266239,0,Winam,34.5918234617814,2020-09-13,"{""type"":""MultiPoint"",""coordinates"":[]}"
5_1290_0,338,306,1002,1306,1344,1285,729,714,603,541,2,open_water,WI0251_20200913,-0.30126432775196643,0,Winam,34.642537171824436,2020-09-13,"{""type"":""MultiPoint"",""coordinates"":[]}"
5_1291_0,228,195,878,1200,1146,1134,593,604,464,411,2,open_water,WI0252_20200913,-0.3307038052109639,0,Winam,34.5963288177997,2020-09-13,"{""type"":""MultiPoint"",""coordinates"":[]}"
5_1292_0,277,241,937,1286,1254,1202,640,625,536,464,2,open_water,WI0253_20200913,-0.32323665761108095,0,Winam,34.58422960778942,2020-09-13,"{""type"":""MultiPoint"",""coordinates"":[]}"
5_1293_0,381,324,990,1332,1372,1304,754,727,623,557,2,open_water,WI0254_20200913,-0.29654370262211205,0,Winam,34.65034230273722,2020-09-13,"{""type"":""MultiPoint"",""coordinates"":[]}"
5_1294_0,274,244,964,1308,1292,1195,643,626,511,429,2,open_water,WI0255_20200913,-0.29216639568884833,0,Winam,34.60082993269523,2020-09-13,"{""type"":""MultiPoint"",""coordinates"":[]}"
5_1295_0,2205,1121,353,818,458,1368,3281,3592,3572,3801,1,LEV,WI0256_20200913,-0.3549934548670925,0,Winam,34.68683292388925,2020-09-13,"{""type"":""MultiPoint"",""coordinates"":[]}"
5_1296_0,2757,1857,389,714,852,1366,2225,2290,2294,2381,1,LEV,WI0257_20200913,-0.36031485337363206,0,Winam,34.69850308389916,2020-09-13,"{""type"":""MultiPoint"",""coordinates"":[]}"
5_1297_0,2678,1924,368,628,844,1243,1744,1883,1902,2032,1,LEV,WI0259_20200913,-0.36846860310415824,0,Winam,34.67353237387796,2020-09-13,"{""type"":""MultiPoint"",""coordinates"":[]}"
5_1298_0,2436,1470,378,758,693,1407,2462,2639,2536,2701,1,LEV,WI0260_20200913,-0.36812528747538203,0,Winam,34.681941753885106,2020-09-13,"{""type"":""MultiPoint"",""coordinates"":[]}"
5_1299_0,1858,895,288,552,364,896,2451,3001,2950,3248,1,LEV,WI0262_20200913,-0.3543497375989749,0,Winam,34.647765743901616,2020-09-13,"{""type"":""MultiPoint"",""coordinates"":[]}"
5_1300_0,2149,1090,338,702,417,1124,3078,3865,3784,4209,1,LEV,WI0263_20200913,-0.3547359686369856,0,Winam,34.63999674770872,2020-09-13,"{""type"":""MultiPoint"",""coordinates"":[]}"
5_1301_0,2503,1389,396,792,526,1390,3245,3711,3952,3953,1,LEV,WI0264_20200913,-0.3530623022960098,0,Winam,34.63152301020153,2020-09-13,"{""type"":""MultiPoint"",""coordinates"":[]}"
5_1302_0,2312,1522,364,590,744,1129,1726,1965,1898,2190,1,LEV,WI0265_20200913,-0.3585124454202814,0,Winam,34.63982512770859,2020-09-13,"{""type"":""MultiPoint"",""coordinates"":[]}"
5_1303_0,2324,1623,362,578,896,1045,1245,1322,1340,1493,1,LEV,WI0266_20200913,-0.35902741940677985,0,Winam,34.644973727712966,2020-09-13,"{""type"":""MultiPoint"",""coordinates"":[]}"
5_1304_0,4417,4206,1670,2088,2088,2993,3314,3388,3088,3439,1,LEV,WI0267_20200913,-0.3619670620231772,0,Winam,34.65061573521776,2020-09-13,"{""type"":""MultiPoint"",""coordinates"":[]}"
5_1305_0,3568,2960,503,764,2418,2557,2914,3067,2922,3046,1,LEV,WI0269_20200913,-0.3621816344396704,0,Winam,34.65608612272238,2020-09-13,"{""type"":""MultiPoint"",""coordinates"":[]}"
5_1306_0,1989,1079,284,594,433,957,2095,2464,2752,2705,1,LEV,WI0270_20200913,-0.3576326981263619,0,Winam,34.66355159272872,2020-09-13,"{""type"":""MultiPoint"",""coordinates"":[]}"
5_1307_0,1225,533,243,589,324,1111,2697,3130,3124,3357,1,LEV,WI0271_20200913,-0.3547359684213694,0,Winam,34.65827775854816,2020-09-13,"{""type"":""MultiPoint"",""coordinates"":[]}"
5_1308_0,2283,1128,406,806,510,1331,3448,3816,4232,4220,1,LEV,WI0272_20200913,-0.35537968616430565,0,Winam,34.66361943105272,2020-09-13,"{""type"":""MultiPoint"",""coordinates"":[]}"
5_1309_0,1880,885,302,620,358,1059,3346,4122,4140,4549,1,LEV,WI0273_20200913,-0.3536845626783567,0,Winam,34.66555015605436,2020-09-13,"{""type"":""MultiPoint"",""coordinates"":[]}"
5_1310_0,1804,918,335,596,412,987,2665,3339,3304,3627,1,LEV,WI0274_20200913,-0.3512598918378705,0,Winam,34.64901027854032,2020-09-13,"{""type"":""MultiPoint"",""coordinates"":[]}"
5_1311_0,1293,622,276,574,396,931,2313,2843,2964,2998,1,LEV,WI0275_20200913,-0.34937165200015796,0,Winam,34.63892417960091,2020-09-13,"{""type"":""MultiPoint"",""coordinates"":[]}"
5_1312_0,1229,609,345,680,882,1090,2354,2771,2552,2911,1,LEV,WI0276_20200913,-0.34849190384028794,0,Winam,34.63602809209846,2020-09-13,"{""type"":""MultiPoint"",""coordinates"":[]}"
5_1313_0,218,129,474,960,1584,2141,1919,2004,1744,1698,1,LEV,WI0277_20200913,-0.3477408992485287,0,Winam,34.62912038709262,2020-09-13,"{""type"":""MultiPoint"",""coordinates"":[]}"
5_1314_0,1686,862,322,640,430,1007,2446,2932,2736,3044,1,LEV,WI0278_20200913,-0.35413516499106323,0,Winam,34.63435479709706,2020-09-13,"{""type"":""MultiPoint"",""coordinates"":[]}"
5_1315_0,1144,533,377,658,582,1037,2283,2699,2662,2446,1,LEV,WI0279_20200913,-0.3452947689042555,0,Winam,34.63396754526714,2020-09-13,"{""type"":""MultiPoint"",""coordinates"":[]}"
5_1316_0,2292,1266,340,712,438,1343,2945,3572,4184,3871,1,LEV,WI0280_20200913,-0.3421620054448587,0,Winam,34.62768196276178,2020-09-13,"{""type"":""MultiPoint"",""coordinates"":[]}"
5_1317_0,2206,1241,415,747,571,1273,2652,3111,3344,3288,1,LEV,WI0281_20200913,-0.34231220614575475,0,Winam,34.62002122211242,2020-09-13,"{""type"":""MultiPoint"",""coordinates"":[]}"
5_1318_0,1311,627,336,600,389,1135,2531,2966,2876,3092,1,LEV,WI0282_20200913,-0.3450801957871243,0,Winam,34.62075060711302,2020-09-13,"{""type"":""MultiPoint"",""coordinates"":[]}"
5_1319_0,2289,1297,526,920,936,1518,2594,2840,2786,3108,1,LEV,WI0283_20200913,-0.3520108960149872,0,Winam,34.759772495950706,2020-09-13,"{""type"":""MultiPoint"",""coordinates"":[]}"
5_1320_0,2716,1632,458,798,802,1457,2387,2627,2730,2964,1,LEV,WI0284_20200913,-0.35512219893953745,0,Winam,34.751170043443416,2020-09-13,"{""type"":""MultiPoint"",""coordinates"":[]}"
5_1321_0,1509,665,282,573,262,987,3266,3826,3860,4177,1,LEV,WI0285_20200913,-0.35147446396610366,0,Winam,34.754127798953405,2020-09-13,"{""type"":""MultiPoint"",""coordinates"":[]}"
5_1322_0,1629,736,200,492,266,763,2989,3940,4032,4330,1,LEV,WI0286_20200913,-0.3504874296608857,0,Winam,34.7428866889439,2020-09-13,"{""type"":""MultiPoint"",""coordinates"":[]}"
5_1323_0,2587,1321,468,992,636,1377,3160,3816,3800,4115,1,LEV,WI0287_20200913,-0.35377039188827913,0,Winam,34.75151289553613,2020-09-13,"{""type"":""MultiPoint"",""coordinates"":[]}"
5_1324_0,2782,1590,518,894,773,1368,2937,3383,3816,3820,1,LEV,WI0288_20200913,-0.35338416118079174,0,Winam,34.74764071928285,2020-09-13,"{""type"":""MultiPoint"",""coordinates"":[]}"
5_1325_0,2582,1465,352,682,532,1425,3114,3550,3264,3843,1,LEV,WI0289_20200913,-0.35090584701050914,0,Winam,34.77951706098474,2020-09-13,"{""type"":""MultiPoint"",""coordinates"":[]}"
5_1326_0,2459,1386,286,602,481,1197,2538,2938,3086,3425,1,LEV,WI0290_20200913,-0.3536738341303095,0,Winam,34.78083638973587,2020-09-13,"{""type"":""MultiPoint"",""coordinates"":[]}"
5_1327_0,3134,1825,644,1144,1016,1874,3394,3675,3604,3968,1,LEV,WI0291_20200913,-0.3389648687222705,0,Winam,34.783696812492245,2020-09-13,"{""type"":""MultiPoint"",""coordinates"":[]}"
5_1328_0,1773,1133,508,886,742,1217,2103,2469,2446,2649,1,LEV,WI0292_20200913,-0.33844989363820077,0,Winam,34.76825101247916,2020-09-13,"{""type"":""MultiPoint"",""coordinates"":[]}"
5_1329_0,2874,1650,692,1236,1064,1755,3211,3518,3324,3961,1,LEV,WI0293_20200913,-0.3273993790581763,0,Winam,34.773786129875106,2020-09-13,"{""type"":""MultiPoint"",""coordinates"":[]}"
5_1330_0,1624,807,233,482,398,779,2041,2478,2410,2680,1,LEV,WI0294_20200913,-0.3236872617039567,0,Winam,34.76297070282824,2020-09-13,"{""type"":""MultiPoint"",""coordinates"":[]}"
5_1331_0,1488,741,200,415,296,842,2261,2663,2812,2913,1,LEV,WI0295_20200913,-0.32984551286819813,0,Winam,34.767153940331795,2020-09-13,"{""type"":""MultiPoint"",""coordinates"":[]}"
5_1332_0,1776,968,269,535,436,819,1896,2273,2198,2558,1,LEV,WI0296_20200913,-0.3229791698656306,0,Winam,34.7668107003315,2020-09-13,"{""type"":""MultiPoint"",""coordinates"":[]}"
5_1333_0,1504,626,190,425,232,844,3119,3885,3716,4273,1,LEV,WI0297_20200913,-0.31186426613072227,0,Winam,34.760717243831834,2020-09-13,"{""type"":""MultiPoint"",""coordinates"":[]}"
5_1334_0,1642,793,320,682,337,940,2603,2955,3724,3192,1,LEV,WI0298_20200913,-0.3096112439046599,0,Winam,34.7688906463388,2020-09-13,"{""type"":""MultiPoint"",""coordinates"":[]}"
5_1335_0,1567,824,322,568,470,884,2248,2751,2642,2975,1,LEV,WI0299_20200913,-0.30353880960896173,0,Winam,34.77365474607091,2020-09-13,"{""type"":""MultiPoint"",""coordinates"":[]}"
5_1336_0,2035,958,339,693,360,1108,3726,4319,4132,4811,1,LEV,WI0300_20200913,-0.31076994052115675,0,Winam,34.771509496069115,2020-09-13,"{""type"":""MultiPoint"",""coordinates"":[]}"
5_1337_0,828,444,363,557,541,970,1396,1594,1974,1513,1,LEV,WI0301_20200913,-0.3049120814552033,0,Winam,34.772390253669364,2020-09-13,"{""type"":""MultiPoint"",""coordinates"":[]}"
5_1338_0,1451,704,290,505,374,843,2306,2817,2750,3025,1,LEV,WI0302_20200913,-0.30596349235039655,0,Winam,34.76546109616351,2020-09-13,"{""type"":""MultiPoint"",""coordinates"":[]}"
5_1339_0,1409,722,266,524,363,779,2235,2764,2702,3107,1,LEV,WI0303_20200913,-0.3046331356902417,0,Winam,34.76788522866556,2020-09-13,"{""type"":""MultiPoint"",""coordinates"":[]}"
6_1340_0,544,308,366,613,311,791,1513,1613,2810,1644,3,floating_plants,WI0001_20251012,-0.28461339213567977,1,Winam,34.76328411738443,2025-10-12,"{""type"":""MultiPoint"",""coordinates"":[]}"
6_1341_0,533,255,345,603,328,711,1474,1731,2200,1711,3,floating_plants,WI0002_20251012,-0.28543950221265085,1,Winam,34.76121395113268,2025-10-12,"{""type"":""MultiPoint"",""coordinates"":[]}"
6_1342_0,526,298,378,596,345,794,1282,1580,2374,1804,3,floating_plants,WI0003_20251012,-0.2853858587029496,1,Winam,34.76195406238329,2025-10-12,"{""type"":""MultiPoint"",""coordinates"":[]}"
6_1343_0,243,132,332,536,308,575,784,873,1364,717,3,floating_plants,WI0004_20251012,-0.285235656874496,1,Winam,34.76367026238476,2025-10-12,"{""type"":""MultiPoint"",""coordinates"":[]}"
6_1344_0,504,236,317,542,280,698,1377,1601,1506,1898,3,floating_plants,WI0005_20251012,-0.2848923384020876,1,Winam,34.7640671336351,2025-10-12,"{""type"":""MultiPoint"",""coordinates"":[]}"
6_1345_0,805,377,331,557,297,836,2065,2453,2432,2570,3,floating_plants,WI0006_20251012,-0.2845597486221491,1,Winam,34.764667803635604,2025-10-12,"{""type"":""MultiPoint"",""coordinates"":[]}"
6_1346_0,773,316,305,540,278,785,2068,2555,2600,2373,3,floating_plants,WI0008_20251012,-0.28406622828590666,1,Winam,34.76582623863657,2025-10-12,"{""type"":""MultiPoint"",""coordinates"":[]}"
6_1347_0,775,377,322,578,267,857,2314,2412,3078,2265,3,floating_plants,WI0009_20251012,-0.283894569033558,1,Winam,34.76523629488608,2025-10-12,"{""type"":""MultiPoint"",""coordinates"":[]}"
6_1348_0,648,362,368,569,421,651,917,1408,2114,1558,3,floating_plants,WI0010_20251012,-0.2825963958553782,1,Winam,34.76348791613458,2025-10-12,"{""type"":""MultiPoint"",""coordinates"":[]}"
6_1349_0,1075,471,314,576,296,909,2813,3245,2756,3382,3,floating_plants,WI0011_20251012,-0.2827251403092989,1,Winam,34.76559026113638,2025-10-12,"{""type"":""MultiPoint"",""coordinates"":[]}"
6_1350_0,1030,428,316,599,281,897,2799,3359,3420,3406,3,floating_plants,WI0012_20251012,-0.283089916254303,1,Winam,34.766630707387264,2025-10-12,"{""type"":""MultiPoint"",""coordinates"":[]}"
6_1351_0,525,236,301,494,264,643,1541,1583,1896,1366,3,floating_plants,WI0013_20251012,-0.2841306005048838,1,Winam,34.76692031613752,2025-10-12,"{""type"":""MultiPoint"",""coordinates"":[]}"
6_1352_0,318,181,336,486,279,609,957,941,1142,983,3,floating_plants,WI0014_20251012,-0.2849567106164466,1,Winam,34.76686668488749,2025-10-12,"{""type"":""MultiPoint"",""coordinates"":[]}"
6_1353_0,1050,421,329,610,288,914,2720,3303,3680,3319,3,floating_plants,WI0015_20251012,-0.28401258476981883,1,Winam,34.76825037113862,2025-10-12,"{""type"":""MultiPoint"",""coordinates"":[]}"
6_1354_0,312,187,336,461,290,564,797,835,990,719,3,floating_plants,WI0016_20251012,-0.2820170457950958,1,Winam,34.76833618113873,2025-10-12,"{""type"":""MultiPoint"",""coordinates"":[]}"
6_1355_0,673,320,328,574,270,786,2127,2315,3078,2262,3,floating_plants,WI0017_20251012,-0.280933446399979,1,Winam,34.76945178872116,2025-10-12,"{""type"":""MultiPoint"",""coordinates"":[]}"
6_1356_0,1168,508,315,588,271,954,3187,3637,3708,3945,3,floating_plants,WI0018_20251012,-0.2817166419178271,1,Winam,34.76946251497117,2025-10-12,"{""type"":""MultiPoint"",""coordinates"":[]}"
6_1357_0,1024,429,304,572,274,932,2832,3434,3176,3454,3,floating_plants,WI0019_20251012,-0.2831328309396305,1,Winam,34.769140727470926,2025-10-12,"{""type"":""MultiPoint"",""coordinates"":[]}"
6_1358_0,1161,470,326,576,278,933,2976,3661,3236,3719,3,floating_plants,WI0020_20251012,-0.28326157538757174,1,Winam,34.76825044872016,2025-10-12,"{""type"":""MultiPoint"",""coordinates"":[]}"
6_1359_0,528,233,308,486,262,676,1370,1630,1250,1610,3,floating_plants,WI0021_20251012,-0.2854180449538647,1,Winam,34.76743550973847,2025-10-12,"{""type"":""MultiPoint"",""coordinates"":[]}"
6_1360_0,980,412,330,630,294,906,2764,3233,3684,3132,3,floating_plants,WI0022_20251012,-0.28575063470900763,1,Winam,34.76817562098907,2025-10-12,"{""type"":""MultiPoint"",""coordinates"":[]}"
6_1361_0,534,257,330,544,274,719,1471,1487,2198,1503,3,floating_plants,WI0023_20251012,-0.2874243120400339,1,Winam,34.76647014723765,2025-10-12,"{""type"":""MultiPoint"",""coordinates"":[]}"
6_1362_0,763,351,316,566,297,855,2225,2527,2684,2394,3,floating_plants,WI0024_20251012,-0.28851863939319217,1,Winam,34.76733897348839,2025-10-12,"{""type"":""MultiPoint"",""coordinates"":[]}"
6_1363_0,410,195,353,534,286,672,922,1138,1614,1321,3,floating_plants,WI0025_20251012,-0.2881753210192156,1,Winam,34.76574076223701,2025-10-12,"{""type"":""MultiPoint"",""coordinates"":[]}"
6_1364_0,1103,443,345,610,296,875,2678,3226,3020,3262,3,floating_plants,WI0026_20251012,-0.28679131871924024,1,Winam,34.767692939738666,2025-10-12,"{""type"":""MultiPoint"",""coordinates"":[]}"
6_1365_0,1090,456,327,586,293,972,2933,3467,3188,3507,3,floating_plants,WI0027_20251012,-0.2876066999395104,1,Winam,34.76832578848922,2025-10-12,"{""type"":""MultiPoint"",""coordinates"":[]}"
6_1366_0,646,316,314,550,272,843,2140,2308,2994,2074,3,floating_plants,WI0028_20251012,-0.2904712628266878,1,Winam,34.77633896186099,2025-10-12,"{""type"":""MultiPoint"",""coordinates"":[]}"
6_1367_0,620,299,304,510,238,843,1847,2134,2400,1987,3,floating_plants,WI0029_20251012,-0.29048199152386484,1,Winam,34.77734722936184,2025-10-12,"{""type"":""MultiPoint"",""coordinates"":[]}"
6_1368_0,738,357,292,532,252,919,2217,2564,2566,2494,3,floating_plants,WI0030_20251012,-0.2912759150863419,1,Winam,34.77954611061372,2025-10-12,"{""type"":""MultiPoint"",""coordinates"":[]}"
6_1369_0,236,118,244,363,201,649,675,731,1013,584,3,floating_plants,WI0031_20251012,-0.2915012177087782,1,Winam,34.778398401862724,2025-10-12,"{""type"":""MultiPoint"",""coordinates"":[]}"
6_1370_0,153,88,214,299,162,664,731,751,845,469,3,floating_plants,WI0032_20251012,-0.29242388554401155,1,Winam,34.776821643111404,2025-10-12,"{""type"":""MultiPoint"",""coordinates"":[]}"
6_1371_0,503,231,287,444,232,742,1346,1517,1024,1393,3,floating_plants,WI0033_20251012,-0.2904176193406753,1,Winam,34.771748126857084,2025-10-12,"{""type"":""MultiPoint"",""coordinates"":[]}"
6_1372_0,375,194,346,507,299,678,918,1196,1009,1258,3,floating_plants,WI0034_20251012,-0.2900206575362442,1,Winam,34.76796176060387,2025-10-12,"{""type"":""MultiPoint"",""coordinates"":[]}"
6_1373_0,219,139,346,468,279,604,562,555,658,407,3,floating_plants,WI0035_20251012,-0.29156558988579745,1,Winam,34.76869114560451,2025-10-12,"{""type"":""MultiPoint"",""coordinates"":[]}"
6_1374_0,349,182,345,505,290,703,900,1122,1446,1203,3,floating_plants,WI0036_20251012,-0.2912866437827683,1,Winam,34.76966723435533,2025-10-12,"{""type"":""MultiPoint"",""coordinates"":[]}"
6_1375_0,347,165,304,458,242,667,952,1198,1142,1192,3,floating_plants,WI0037_20251012,-0.29219858294009876,1,Winam,34.770922205606375,2025-10-12,"{""type"":""MultiPoint"",""coordinates"":[]}"
6_1376_0,192,126,325,448,250,613,539,518,924,429,3,floating_plants,WI0038_20251012,-0.29189817969484444,1,Winam,34.767317818384164,2025-10-12,"{""type"":""MultiPoint"",""coordinates"":[]}"
6_1377_0,1398,555,328,618,277,988,3522,4329,4232,4443,3,floating_plants,WI0039_20251012,-0.29470909785485516,1,Winam,34.767586101350844,2025-10-12,"{""type"":""MultiPoint"",""coordinates"":[]}"
6_1378_0,1435,565,308,618,275,993,3670,4439,4356,4620,3,floating_plants,WI0040_20251012,-0.2948485708645963,1,Winam,34.7697528038527,2025-10-12,"{""type"":""MultiPoint"",""coordinates"":[]}"
6_1379_0,1363,546,321,621,284,974,3500,4175,4220,4347,3,floating_plants,WI0041_20251012,-0.2942263066537267,1,Winam,34.769055597602126,2025-10-12,"{""type"":""MultiPoint"",""coordinates"":[]}"
6_1380_0,1315,535,329,614,276,991,3376,4168,3808,4304,3,floating_plants,WI0042_20251012,-0.2936684145731095,1,Winam,34.76841202260155,2025-10-12,"{""type"":""MultiPoint"",""coordinates"":[]}"
6_1381_0,200,109,292,355,216,665,580,748,857,609,3,floating_plants,WI0044_20251012,-0.29649006077105733,1,Winam,34.77289559510538,2025-10-12,"{""type"":""MultiPoint"",""coordinates"":[]}"
6_1382_0,481,218,301,478,242,704,1159,1421,1718,1463,3,floating_plants,WI0045_20251012,-0.2969621231827853,1,Winam,34.77216621010474,2025-10-12,"{""type"":""MultiPoint"",""coordinates"":[]}"
6_1383_0,249,125,288,396,222,628,753,918,860,842,3,floating_plants,WI0046_20251012,-0.2925204442427384,1,Winam,34.77184442260446,2025-10-12,"{""type"":""MultiPoint"",""coordinates"":[]}"
6_1384_0,293,150,233,381,192,719,1013,1038,1384,853,3,floating_plants,WI0047_20251012,-0.29172652059364845,1,Winam,34.77745510734195,2025-10-12,"{""type"":""MultiPoint"",""coordinates"":[]}"
6_1385_0,204,126,284,422,211,638,751,836,1274,728,3,floating_plants,WI0048_20251012,-0.2924453432016265,1,Winam,34.7758998010906,2025-10-12,"{""type"":""MultiPoint"",""coordinates"":[]}"
6_1386_0,425,189,286,457,235,700,1261,1552,2042,1359,3,floating_plants,WI0049_20251012,-0.293732786563392,1,Winam,34.77465555608957,2025-10-12,"{""type"":""MultiPoint"",""coordinates"":[]}"
6_1387_0,268,157,208,330,173,743,892,1052,993,877,3,floating_plants,WI0050_20251012,-0.29309979359567817,1,Winam,34.780683708594694,2025-10-12,"{""type"":""MultiPoint"",""coordinates"":[]}"
6_1388_0,341,209,307,444,264,766,910,1029,1544,963,3,floating_plants,WI0051_20251012,-0.2932607240145948,1,Winam,34.78149890359536,2025-10-12,"{""type"":""MultiPoint"",""coordinates"":[]}"
6_1389_0,172,117,260,319,190,644,623,623,662,501,3,floating_plants,WI0052_20251012,-0.2924882579827269,1,Winam,34.778913877343186,2025-10-12,"{""type"":""MultiPoint"",""coordinates"":[]}"
6_1390_0,937,409,300,510,245,892,2521,2932,2498,3033,3,floating_plants,WI0053_20251012,-0.29362549979150027,1,Winam,34.77353970541835,2025-10-12,"{""type"":""MultiPoint"",""coordinates"":[]}"
6_1391_0,816,355,303,497,249,861,2262,2750,2418,2587,3,floating_plants,WI0054_20251012,-0.293410925906087,1,Winam,34.77289613041781,2025-10-12,"{""type"":""MultiPoint"",""coordinates"":[]}"
6_1392_0,268,132,278,458,210,672,874,1016,1696,851,3,floating_plants,WI0055_20251012,-0.2948378421665669,1,Winam,34.77277814166773,2025-10-12,"{""type"":""MultiPoint"",""coordinates"":[]}"
6_1393_0,218,157,274,367,225,751,709,687,1116,478,3,floating_plants,WI0056_20251012,-0.29639350254292535,1,Winam,34.77654305542093,2025-10-12,"{""type"":""MultiPoint"",""coordinates"":[]}"
6_1394_0,852,376,320,556,261,907,2362,2764,2676,2615,3,floating_plants,WI0057_20251012,-0.29120081441370366,1,Winam,34.77269203168578,2025-10-12,"{""type"":""MultiPoint"",""coordinates"":[]}"
6_1395_0,963,408,324,550,279,914,2525,3070,2796,3179,3,floating_plants,WI0058_20251012,-0.2919732805340928,1,Winam,34.77356085793653,2025-10-12,"{""type"":""MultiPoint"",""coordinates"":[]}"
6_1396_0,1381,596,291,585,265,921,3181,3870,3816,4034,3,floating_plants,WI0059_20251012,-0.30248739843118255,1,Winam,34.79592985788255,2025-10-12,"{""type"":""MultiPoint"",""coordinates"":[]}"
6_1397_0,1321,555,304,571,271,937,3159,3809,4000,3940,3,floating_plants,WI0060_20251012,-0.30489062372424475,1,Winam,34.79756024788395,2025-10-12,"{""type"":""MultiPoint"",""coordinates"":[]}"
6_1398_0,1311,536,298,560,264,912,3159,3804,3548,3905,3,floating_plants,WI0061_20251012,-0.30313111954419636,1,Winam,34.79738862788382,2025-10-12,"{""type"":""MultiPoint"",""coordinates"":[]}"
6_1399_0,919,407,290,510,247,784,2316,2674,2676,2638,3,floating_plants,WI0062_20251012,-0.30688615860475427,1,Winam,34.79927644788538,2025-10-12,"{""type"":""MultiPoint"",""coordinates"":[]}"
6_1400_0,1340,556,286,583,258,955,3293,3932,3964,4071,3,floating_plants,WI0063_20251012,-0.30478333689221504,1,Winam,34.799598235385666,2025-10-12,"{""type"":""MultiPoint"",""coordinates"":[]}"
6_1401_0,1156,486,272,556,262,910,2893,3465,3136,3471,3,floating_plants,WI0064_20251012,-0.30553434469395546,1,Winam,34.80242996538808,2025-10-12,"{""type"":""MultiPoint"",""coordinates"":[]}"
6_1402_0,824,355,298,550,251,760,2036,2469,2780,2319,3,floating_plants,WI0065_20251012,-0.30645701134999176,1,Winam,34.80088538538678,2025-10-12,"{""type"":""MultiPoint"",""coordinates"":[]}"
6_1403_0,661,304,262,436,224,702,1813,1853,1836,1898,3,floating_plants,WI0066_20251012,-0.30731530584235445,1,Winam,34.803180802888726,2025-10-12,"{""type"":""MultiPoint"",""coordinates"":[]}"
6_1404_0,1247,519,311,620,280,958,3123,3717,4036,3776,3,floating_plants,WI0067_20251012,-0.30819505762546145,1,Winam,34.80551912539072,2025-10-12,"{""type"":""MultiPoint"",""coordinates"":[]}"
6_1405_0,572,269,283,520,246,678,1543,1731,2336,1722,3,floating_plants,WI0068_20251012,-0.30858129009268614,1,Winam,34.803524042888995,2025-10-12,"{""type"":""MultiPoint"",""coordinates"":[]}"
6_1406_0,546,249,270,424,229,647,1290,1406,1346,1515,3,floating_plants,WI0069_20251012,-0.3090318946200384,1,Winam,34.8045537628899,2025-10-12,"{""type"":""MultiPoint"",""coordinates"":[]}"
6_1407_0,1238,505,304,591,265,977,3183,3876,3664,3965,3,floating_plants,WI0070_20251012,-0.3093108402702583,1,Winam,34.8060983428912,2025-10-12,"{""type"":""MultiPoint"",""coordinates"":[]}"
6_1408_0,615,281,301,500,253,712,1738,2058,2084,1916,3,floating_plants,WI0071_20251012,-0.3101047624653386,1,Winam,34.80579800789093,2025-10-12,"{""type"":""MultiPoint"",""coordinates"":[]}"
6_1409_0,328,159,259,446,222,562,851,980,1596,1075,3,floating_plants,WI0072_20251012,-0.3096112432699738,1,Winam,34.8032666128888,2025-10-12,"{""type"":""MultiPoint"",""coordinates"":[]}"
6_1410_0,451,212,286,488,232,680,1417,1721,1990,1735,3,floating_plants,WI0073_20251012,-0.3098901889049652,1,Winam,34.804467952889794,2025-10-12,"{""type"":""MultiPoint"",""coordinates"":[]}"
6_1411_0,200,109,230,383,207,499,461,566,632,546,3,floating_plants,WI0074_20251012,-0.3101047624653386,1,Winam,34.801142815386974,2025-10-12,"{""type"":""MultiPoint"",""coordinates"":[]}"
6_1412_0,348,166,238,372,212,556,863,1107,579,918,3,floating_plants,WI0075_20251012,-0.3081521429060257,1,Winam,34.800284715386276,2025-10-12,"{""type"":""MultiPoint"",""coordinates"":[]}"
6_1413_0,1104,500,301,580,271,931,2998,3523,3864,3513,3,floating_plants,WI0076_20251012,-0.3159411622478411,1,Winam,34.80925271379052,2025-10-12,"{""type"":""MultiPoint"",""coordinates"":[]}"
6_1414_0,1384,605,321,634,267,1046,3812,4424,4852,4423,3,floating_plants,WI0077_20251012,-0.3162844797442008,1,Winam,34.81330723629398,2025-10-12,"{""type"":""MultiPoint"",""coordinates"":[]}"
6_1415_0,1187,495,314,572,274,941,3063,3595,3572,3855,3,floating_plants,WI0078_20251012,-0.317979609715886,1,Winam,34.81174120379262,2025-10-12,"{""type"":""MultiPoint"",""coordinates"":[]}"
6_1416_0,267,142,299,495,258,580,664,767,1202,681,3,floating_plants,WI0079_20251012,-0.3146322646583835,1,Winam,34.80730078972182,2025-10-12,"{""type"":""MultiPoint"",""coordinates"":[]}"
6_1417_0,1113,472,296,560,253,914,2790,3344,3288,3437,3,floating_plants,WI0080_20251012,-0.31379542810840994,1,Winam,34.80723643222178,2025-10-12,"{""type"":""MultiPoint"",""coordinates"":[]}"
6_1418_0,198,130,302,480,255,578,590,654,962,506,3,floating_plants,WI0081_20251012,-0.3114565768160335,1,Winam,34.80886947292488,2025-10-12,"{""type"":""MultiPoint"",""coordinates"":[]}"
6_1419_0,710,325,277,512,241,729,1672,1934,2798,2185,3,floating_plants,WI0082_20251012,-0.31204665384281327,1,Winam,34.80454663900817,2025-10-12,"{""type"":""MultiPoint"",""coordinates"":[]}"
6_1420_0,329,166,264,418,222,539,785,857,1422,1004,3,floating_plants,WI0083_20251012,-0.31291567655766156,1,Winam,34.804257030257915,2025-10-12,"{""type"":""MultiPoint"",""coordinates"":[]}"
6_1421_0,1179,495,292,582,255,903,2690,3269,3588,3479,3,floating_plants,WI0084_20251012,-0.31230414206211543,1,Winam,34.806091219009474,2025-10-12,"{""type"":""MultiPoint"",""coordinates"":[]}"
6_1422_0,1451,604,301,590,258,950,3407,4236,4212,4376,3,floating_plants,WI0085_20251012,-0.31438550493613787,1,Winam,34.80535110775887,2025-10-12,"{""type"":""MultiPoint"",""coordinates"":[]}"
6_1423_0,1531,710,261,478,253,715,2712,3742,3828,4042,3,floating_plants,WI0086_20251012,-0.3214986137784427,1,Winam,34.813418597684056,2025-10-12,"{""type"":""MultiPoint"",""coordinates"":[]}"
6_1424_0,787,361,258,492,222,728,1981,2284,2404,2232,3,floating_plants,WI0087_20251012,-0.3211445677893519,1,Winam,34.811498598932424,2025-10-12,"{""type"":""MultiPoint"",""coordinates"":[]}"
6_1425_0,953,417,304,534,259,802,2281,2683,2918,2642,3,floating_plants,WI0088_20251012,-0.31972838371047396,1,Winam,34.81041524768151,2025-10-12,"{""type"":""MultiPoint"",""coordinates"":[]}"
6_1426_0,1139,478,312,571,264,925,2893,3557,3332,3641,3,floating_plants,WI0089_20251012,-0.31881644669514536,1,Winam,34.81288202140644,2025-10-12,"{""type"":""MultiPoint"",""coordinates"":[]}"
6_1427_0,1313,549,304,584,268,924,3146,3784,3716,3881,3,floating_plants,WI0090_20251012,-0.31763629304233576,1,Winam,34.80977140890382,2025-10-12,"{""type"":""MultiPoint"",""coordinates"":[]}"
6_1428_0,1619,621,268,595,264,1001,3967,5037,4928,5324,3,floating_plants,WI0091_20251012,-0.3237945485060383,1,Winam,34.81843001664642,2025-10-12,"{""type"":""MultiPoint"",""coordinates"":[]}"
6_1429_0,1029,471,296,620,269,950,2913,3516,4596,3810,3,floating_plants,WI0092_20251012,-0.32319374293557507,1,Winam,34.82395308114848,2025-10-12,"{""type"":""MultiPoint"",""coordinates"":[]}"
6_1430_0,379,213,299,469,266,663,877,1022,1094,996,3,floating_plants,WI0093_20251012,-0.3193099656960637,1,Winam,34.826098331150284,2025-10-12,"{""type"":""MultiPoint"",""coordinates"":[]}"
6_1431_0,1573,613,266,588,251,981,3845,4870,4776,5090,3,floating_plants,WI0094_20251012,-0.3262192258343726,1,Winam,34.82652738115065,2025-10-12,"{""type"":""MultiPoint"",""coordinates"":[]}"
6_1432_0,1717,641,278,608,252,1004,4253,5485,5440,5810,3,floating_plants,WI0095_20251012,-0.32795726879092074,1,Winam,34.82144313864632,2025-10-12,"{""type"":""MultiPoint"",""coordinates"":[]}"
6_1433_0,483,247,364,564,348,727,1444,1451,1976,1590,3,floating_plants,WI0096_20251012,-0.34297737979782783,1,Winam,34.67464746942242,2025-10-12,"{""type"":""MultiPoint"",""coordinates"":[]}"
6_1434_0,856,398,331,530,324,836,2122,2499,2590,2707,3,floating_plants,WI0097_20251012,-0.34263406475648733,1,Winam,34.702754444192244,2025-10-12,"{""type"":""MultiPoint"",""coordinates"":[]}"
6_1435_0,637,294,387,577,375,750,1604,1947,1744,1941,3,floating_plants,WI0098_20251012,-0.33551024303296245,1,Winam,34.69181366918296,2025-10-12,"{""type"":""MultiPoint"",""coordinates"":[]}"
6_1436_0,878,416,336,522,323,841,2180,2629,2764,2901,3,floating_plants,WI0099_20251012,-0.33375074409341227,1,Winam,34.696790649187164,2025-10-12,"{""type"":""MultiPoint"",""coordinates"":[]}"
6_1437_0,640,318,346,553,344,783,1580,2044,2054,2006,3,floating_plants,WI0100_20251012,-0.33954421501437165,1,Winam,34.70592941419491,2025-10-12,"{""type"":""MultiPoint"",""coordinates"":[]}"
6_1438_0,647,324,416,585,397,831,1476,1621,1108,1621,3,floating_plants,WI0101_20251012,-0.34100331084952795,1,Winam,34.71262259420059,2025-10-12,"{""type"":""MultiPoint"",""coordinates"":[]}"
6_1439_0,517,254,375,554,330,720,1279,1518,1380,1546,3,floating_plants,WI0102_20251012,-0.34370692901763317,1,Winam,34.71154996919969,2025-10-12,"{""type"":""MultiPoint"",""coordinates"":[]}"
6_1440_0,746,352,320,532,326,767,1711,2126,2310,2128,3,floating_plants,WI0103_20251012,-0.34632471730838293,1,Winam,34.71759957420483,2025-10-12,"{""type"":""MultiPoint"",""coordinates"":[]}"
6_1441_0,522,285,360,547,348,780,1368,1446,1924,1530,3,floating_plants,WI0104_20251012,-0.3313475255214601,1,Winam,34.723992419210234,2025-10-12,"{""type"":""MultiPoint"",""coordinates"":[]}"
6_1442_0,768,375,342,548,342,850,1883,2186,2348,2351,3,floating_plants,WI0105_20251012,-0.32967385509998537,1,Winam,34.7194444892064,2025-10-12,"{""type"":""MultiPoint"",""coordinates"":[]}"
6_1443_0,804,360,334,512,312,801,1951,2268,2266,2399,3,floating_plants,WI0106_20251012,-0.345809742619618,1,Winam,34.7228768892093,2025-10-12,"{""type"":""MultiPoint"",""coordinates"":[]}"
6_1444_0,993,462,283,539,323,888,2401,2888,3112,3134,3,floating_plants,WI0107_20251012,-0.34055270862198395,1,Winam,34.71848612455816,2025-10-12,"{""type"":""MultiPoint"",""coordinates"":[]}"
6_1445_0,895,412,318,514,306,832,2092,2516,2436,2662,3,floating_plants,WI0108_20251012,-0.34177577413544497,1,Winam,34.71481774705504,2025-10-12,"{""type"":""MultiPoint"",""coordinates"":[]}"
6_1446_0,1048,475,317,534,327,904,2413,2972,2880,3233,3,floating_plants,WI0109_20251012,-0.33823532090811764,1,Winam,34.7167913770567,2025-10-12,"{""type"":""MultiPoint"",""coordinates"":[]}"
6_1447_0,742,348,346,552,342,823,1954,2206,2336,2343,3,floating_plants,WI0110_20251012,-0.339115070012994,1,Winam,34.70829618704949,2025-10-12,"{""type"":""MultiPoint"",""coordinates"":[]}"
6_1448_0,709,333,335,530,330,812,1911,2139,2336,2292,3,floating_plants,WI0111_20251012,-0.33900778354105404,1,Winam,34.7105272470514,2025-10-12,"{""type"":""MultiPoint"",""coordinates"":[]}"
6_1449_0,628,292,352,524,334,741,1469,1814,1654,1842,3,floating_plants,WI0112_20251012,-0.33778471767718493,1,Winam,34.70651562954797,2025-10-12,"{""type"":""MultiPoint"",""coordinates"":[]}"
6_1450_0,546,273,374,546,354,735,1488,1722,1700,1754,3,floating_plants,WI0113_20251012,-0.33834260738859423,1,Winam,34.702461107044556,2025-10-12,"{""type"":""MultiPoint"",""coordinates"":[]}"
6_1451_0,526,268,431,597,391,719,1439,1714,1338,1795,3,floating_plants,WI0114_20251012,-0.33892195436267,1,Winam,34.69799898704074,2025-10-12,"{""type"":""MultiPoint"",""coordinates"":[]}"
6_1452_0,470,237,391,560,352,708,1281,1457,1338,1574,3,floating_plants,WI0115_20251012,-0.34188306057658446,1,Winam,34.698234964540966,2025-10-12,"{""type"":""MultiPoint"",""coordinates"":[]}"
6_1453_0,413,207,394,564,359,683,980,1015,1294,1063,3,floating_plants,WI0116_20251012,-0.3450158241274795,1,Winam,34.712007469552645,2025-10-12,"{""type"":""MultiPoint"",""coordinates"":[]}"
6_1454_0,615,294,342,516,330,842,1569,1939,1870,2031,3,floating_plants,WI0117_20251012,-0.34338507062635887,1,Winam,34.71363785955401,2025-10-12,"{""type"":""MultiPoint"",""coordinates"":[]}"
6_1455_0,550,271,372,538,327,713,1442,1497,1688,1552,3,floating_plants,WI0118_20251012,-0.3488352197880738,1,Winam,34.718916472755836,2025-10-12,"{""type"":""MultiPoint"",""coordinates"":[]}"
6_1456_0,494,262,362,549,356,693,1215,1518,1940,1498,3,floating_plants,WI0119_20251012,-0.34832024523609817,1,Winam,34.71621345775353,2025-10-12,"{""type"":""MultiPoint"",""coordinates"":[]}"
6_1457_0,862,422,324,533,328,795,2010,2371,2438,2470,3,floating_plants,WI0120_20251012,-0.35104531858650717,1,Winam,34.71850887525549,2025-10-12,"{""type"":""MultiPoint"",""coordinates"":[]}"
6_1458_0,689,351,344,543,347,783,1628,1833,2280,2098,3,floating_plants,WI0121_20251012,-0.35018702785283495,1,Winam,34.72556674776148,2025-10-12,"{""type"":""MultiPoint"",""coordinates"":[]}"
6_1459_0,657,321,328,511,318,788,1703,2033,1898,2145,3,floating_plants,WI0122_20251012,-0.348813762515624,1,Winam,34.72552384276145,2025-10-12,"{""type"":""MultiPoint"",""coordinates"":[]}"
6_1460_0,805,387,314,513,313,807,1937,2225,2342,2347,3,floating_plants,WI0123_20251012,-0.3481700443198022,1,Winam,34.72713278026279,2025-10-12,"{""type"":""MultiPoint"",""coordinates"":[]}"
6_1461_0,477,305,359,554,360,862,1059,1180,1216,975,3,floating_plants,WI0124_20251012,-0.3465392913604827,1,Winam,34.73213121276706,2025-10-12,"{""type"":""MultiPoint"",""coordinates"":[]}"
6_1462_0,305,189,390,532,357,638,793,784,1262,794,3,floating_plants,WI0125_20251012,-0.3507449168386453,1,Winam,34.72796942776351,2025-10-12,"{""type"":""MultiPoint"",""coordinates"":[]}"
6_1463_0,538,250,322,518,318,690,1302,1618,2178,1787,3,floating_plants,WI0126_20251012,-0.347526326079987,1,Winam,34.72402216776018,2025-10-12,"{""type"":""MultiPoint"",""coordinates"":[]}"
6_1464_0,819,401,322,513,310,859,2186,2465,2448,2589,3,floating_plants,WI0127_20251012,-0.34608868851953695,1,Winam,34.72503043526103,2025-10-12,"{""type"":""MultiPoint"",""coordinates"":[]}"
6_1465_0,927,402,316,520,304,835,2261,2759,2758,2898,3,floating_plants,WI0128_20251012,-0.3438571312779934,1,Winam,34.71934552275621,2025-10-12,"{""type"":""MultiPoint"",""coordinates"":[]}"
6_1466_0,555,273,407,562,387,730,1469,1535,1396,1630,3,floating_plants,WI0129_20251012,-0.3461101457981443,1,Winam,34.71396094525165,2025-10-12,"{""type"":""MultiPoint"",""coordinates"":[]}"
6_1467_0,657,319,351,556,346,760,1601,1971,2104,2104,3,floating_plants,WI0130_20251012,-0.33570335911967136,1,Winam,34.69969273632673,2025-10-12,"{""type"":""MultiPoint"",""coordinates"":[]}"
6_1468_0,508,260,378,554,358,761,1415,1533,1460,1575,3,floating_plants,WI0131_20251012,-0.3432992411807446,1,Winam,34.68329942135847,2025-10-12,"{""type"":""MultiPoint"",""coordinates"":[]}"
6_1469_0,970,453,322,539,312,887,2486,2960,2968,3148,3,floating_plants,WI0132_20251012,-0.34128225618456765,1,Winam,34.679845568855505,2025-10-12,"{""type"":""MultiPoint"",""coordinates"":[]}"
6_1470_0,849,388,323,544,324,884,2119,2607,2928,2616,3,floating_plants,WI0133_20251012,-0.3420332612858772,1,Winam,34.67819372635413,2025-10-12,"{""type"":""MultiPoint"",""coordinates"":[]}"
6_1471_0,443,223,398,567,346,689,1189,1543,1760,1373,3,floating_plants,WI0134_20251012,-0.3361754199471524,1,Winam,34.69357516886716,2025-10-12,"{""type"":""MultiPoint"",""coordinates"":[]}"
6_1472_0,781,377,341,534,322,836,2072,2346,2540,2450,3,floating_plants,WI0135_20251012,-0.3354458716942738,1,Winam,34.68761137386212,2025-10-12,"{""type"":""MultiPoint"",""coordinates"":[]}"
6_1473_0,1172,510,299,524,310,884,2764,3383,3356,3698,3,floating_plants,WI0136_20251012,-0.32808601355995803,1,Winam,34.6845216035516,2025-10-12,"{""type"":""MultiPoint"",""coordinates"":[]}"
6_1474_0,1072,477,306,514,308,851,2604,3154,2908,3435,3,floating_plants,WI0137_20251012,-0.33293536631843346,1,Winam,34.68171132604921,2025-10-12,"{""type"":""MultiPoint"",""coordinates"":[]}"
6_1475_0,1104,483,279,501,290,843,2612,3158,3352,3472,3,floating_plants,WI0138_20251012,-0.3288799343061303,1,Winam,34.69033523105652,2025-10-12,"{""type"":""MultiPoint"",""coordinates"":[]}"
6_1476_0,866,386,333,534,329,800,2090,2442,2432,2608,3,floating_plants,WI0139_20251012,-0.331390440033142,1,Winam,34.69464718356018,2025-10-12,"{""type"":""MultiPoint"",""coordinates"":[]}"
6_1477_0,507,249,348,524,320,686,1303,1476,1560,1650,3,floating_plants,WI0140_20251012,-0.3304463182956637,1,Winam,34.6978436060629,2025-10-12,"{""type"":""MultiPoint"",""coordinates"":[]}"
6_1478_0,813,372,317,536,327,774,1925,2395,2054,2460,3,floating_plants,WI0141_20251012,-0.3299957147075038,1,Winam,34.699431091064234,2025-10-12,"{""type"":""MultiPoint"",""coordinates"":[]}"
6_1479_0,753,366,344,544,331,776,1851,2224,2298,2245,3,floating_plants,WI0142_20251012,-0.33218436051548084,1,Winam,34.70076114606537,2025-10-12,"{""type"":""MultiPoint"",""coordinates"":[]}"
6_1480_0,547,275,367,550,350,750,1507,1715,1782,1735,3,floating_plants,WI0143_20251012,-0.33229164706226566,1,Winam,34.698959136063834,2025-10-12,"{""type"":""MultiPoint"",""coordinates"":[]}"
6_1481_0,493,229,386,594,385,708,1373,1519,1560,1513,3,floating_plants,WI0144_20251012,-0.33289245170265835,1,Winam,34.69192271605786,2025-10-12,"{""type"":""MultiPoint"",""coordinates"":[]}"
6_1482_0,873,410,332,526,322,813,2199,2503,2376,2644,3,floating_plants,WI0145_20251012,-0.3317981289374247,1,Winam,34.68975601355604,2025-10-12,"{""type"":""MultiPoint"",""coordinates"":[]}"
6_1483_0,984,446,307,536,316,876,2339,2789,2896,2995,3,floating_plants,WI0146_20251012,-0.3369693393637764,1,Winam,34.6847790335518,2025-10-12,"{""type"":""MultiPoint"",""coordinates"":[]}"
6_1484_0,730,357,366,562,352,835,1866,2142,2114,2148,3,floating_plants,WI0147_20251012,-0.3363470776726821,1,Winam,34.69713567356228,2025-10-12,"{""type"":""MultiPoint"",""coordinates"":[]}"
6_1485_0,314,164,389,563,355,656,894,883,1200,989,3,floating_plants,WI0148_20251012,-0.3340082316519987,1,Winam,34.698079583563086,2025-10-12,"{""type"":""MultiPoint"",""coordinates"":[]}"
6_1486_0,985,448,314,534,312,899,2538,2990,2908,3232,3,floating_plants,WI0149_20251012,-0.332763707854239,1,Winam,34.703335446067534,2025-10-12,"{""type"":""MultiPoint"",""coordinates"":[]}"
6_1487_0,700,343,330,530,308,764,1841,2223,2324,2232,3,floating_plants,WI0150_20251012,-0.3337722012886382,1,Winam,34.70172650856618,2025-10-12,"{""type"":""MultiPoint"",""coordinates"":[]}"
6_1488_0,477,227,381,574,349,669,1122,1614,1368,1523,3,floating_plants,WI0151_20251012,-0.3349738103520645,1,Winam,34.70352851856772,2025-10-12,"{""type"":""MultiPoint"",""coordinates"":[]}"
6_1489_0,1479,719,318,550,324,806,2625,3440,3644,3644,3,floating_plants,WI0152_20251012,-0.33583210245005474,1,Winam,34.70209120106651,2025-10-12,"{""type"":""MultiPoint"",""coordinates"":[]}"
6_1490_0,243,210,662,828,639,754,423,416,350,317,2,open_water,WI0153_20251012,-0.3376130580527877,0,Winam,34.674610170979804,2025-10-12,"{""type"":""MultiPoint"",""coordinates"":[]}"
6_1491_0,112,98,466,616,422,633,306,309,249,202,2,open_water,WI0154_20251012,-0.34104622505882815,0,Winam,34.686022900989485,2025-10-12,"{""type"":""MultiPoint"",""coordinates"":[]}"
6_1492_0,225,204,706,858,666,717,365,364,317,276,2,open_water,WI0155_20251012,-0.3476550680873487,0,Winam,34.69829373099991,2025-10-12,"{""type"":""MultiPoint"",""coordinates"":[]}"
6_1493_0,158,148,656,821,610,628,320,317,295,227,2,open_water,WI0156_20251012,-0.34593848592367915,0,Winam,34.68426379598798,2025-10-12,"{""type"":""MultiPoint"",""coordinates"":[]}"
6_1494_0,58,62,489,662,428,523,211,194,144,106,2,open_water,WI0157_20251012,-0.3479554699339859,0,Winam,34.679758770984186,2025-10-12,"{""type"":""MultiPoint"",""coordinates"":[]}"
6_1495_0,312,284,808,1018,828,880,497,500,430,402,2,open_water,WI0158_20251012,-0.3274422937299164,0,Winam,34.70923450600918,2025-10-12,"{""type"":""MultiPoint"",""coordinates"":[]}"
6_1496_0,67,54,379,526,325,604,267,270,218,161,2,open_water,WI0159_20251012,-0.3280001840264333,0,Winam,34.7216340510197,2025-10-12,"{""type"":""MultiPoint"",""coordinates"":[]}"
6_1497_0,383,333,797,1028,830,977,597,581,505,475,2,open_water,WI0160_20251012,-0.3282576718451128,0,Winam,34.74038353603562,2025-10-12,"{""type"":""MultiPoint"",""coordinates"":[]}"
6_1498_0,294,262,698,876,694,727,384,400,374,322,2,open_water,WI0161_20251012,-0.35035868436173895,0,Winam,34.71468344101379,2025-10-12,"{""type"":""MultiPoint"",""coordinates"":[]}"
6_1499_0,223,217,646,816,636,693,337,372,300,283,2,open_water,WI0162_20251012,-0.3470542643655002,0,Winam,34.707518306007714,2025-10-12,"{""type"":""MultiPoint"",""coordinates"":[]}"
6_1500_0,310,264,754,972,739,874,529,520,447,413,2,open_water,WI0163_20251012,-0.31551201502895526,0,Winam,34.735826234184856,2025-10-12,"{""type"":""MultiPoint"",""coordinates"":[]}"
6_1501_0,254,233,786,973,776,728,436,420,356,341,2,open_water,WI0164_20251012,-0.3144820624293836,0,Winam,34.65456416411592,2025-10-12,"{""type"":""MultiPoint"",""coordinates"":[]}"
6_1502_0,80,78,391,692,322,738,395,406,296,191,2,open_water,WI0165_20251012,-0.36735282068584235,0,Winam,34.62924336623277,2025-10-12,"{""type"":""MultiPoint"",""coordinates"":[]}"
6_1503_0,185,177,634,810,584,658,358,378,296,272,2,open_water,WI0166_20251012,-0.3340511409940961,0,Winam,34.63525006623788,2025-10-12,"{""type"":""MultiPoint"",""coordinates"":[]}"
6_1504_0,276,255,800,964,730,698,416,429,379,364,2,open_water,WI0167_20251012,-0.29542791657782386,0,Winam,34.65737311618578,2025-10-12,"{""type"":""MultiPoint"",""coordinates"":[]}"
6_1505_0,36,38,234,318,230,324,112,109,73,67,2,open_water,WI0168_20251012,-0.2653875368770066,0,Winam,34.84084793003577,2025-10-12,"{""type"":""MultiPoint"",""coordinates"":[]}"
6_1506_0,98,80,285,343,283,351,164,171,132,111,2,open_water,WI0169_20251012,-0.27551544432232766,0,Winam,34.84702625004102,2025-10-12,"{""type"":""MultiPoint"",""coordinates"":[]}"
6_1507_0,39,35,214,293,202,281,90,86,73,41,2,open_water,WI0170_20251012,-0.2552596211392925,0,Winam,34.826775090023865,2025-10-12,"{""type"":""MultiPoint"",""coordinates"":[]}"
6_1508_0,133,120,723,848,607,549,272,275,231,204,2,open_water,WI0171_20251012,-0.2535430244523833,0,Winam,34.6726603298931,2025-10-12,"{""type"":""MultiPoint"",""coordinates"":[]}"
6_1509_0,324,300,843,1048,814,796,483,489,422,410,2,open_water,WI0172_20251012,-0.3007493450822356,0,Winam,34.70629784992164,2025-10-12,"{""type"":""MultiPoint"",""coordinates"":[]}"
6_1510_0,272,252,802,978,812,847,469,472,416,385,2,open_water,WI0173_20251012,-0.2200693412609143,0,Winam,34.72775030856301,2025-10-12,"{""type"":""MultiPoint"",""coordinates"":[]}"
6_1511_0,89,80,672,817,614,559,259,250,199,178,2,open_water,WI0174_20251012,-0.2128596155646362,0,Winam,34.666996828511465,2025-10-12,"{""type"":""MultiPoint"",""coordinates"":[]}"
6_1512_0,267,235,566,688,526,608,383,403,348,321,2,open_water,WI0175_20251012,-0.24255679612552294,0,Winam,34.76893910859796,2025-10-12,"{""type"":""MultiPoint"",""coordinates"":[]}"
6_1513_0,143,120,422,514,388,585,302,316,264,233,2,open_water,WI0176_20251012,-0.27500046197569034,0,Winam,34.82505884864557,2025-10-12,"{""type"":""MultiPoint"",""coordinates"":[]}"
6_1514_0,210,200,394,422,367,500,321,330,308,268,2,open_water,WI0177_20251012,-0.2609243843650831,0,Winam,34.78060926860788,2025-10-12,"{""type"":""MultiPoint"",""coordinates"":[]}"
6_1515_0,92,75,638,776,501,455,211,218,159,154,2,open_water,WI0178_20251012,-0.25234140242899816,0,Winam,34.616025688468234,2025-10-12,"{""type"":""MultiPoint"",""coordinates"":[]}"
6_1516_0,323,301,894,1176,1232,1528,914,910,778,607,2,open_water,WI0179_20251012,-0.3014359790457912,0,Winam,34.85544622251087,2025-10-12,"{""type"":""MultiPoint"",""coordinates"":[]}"
6_1517_0,48,45,371,501,381,499,226,223,178,147,2,open_water,WI0180_20251012,-0.28032190388110206,0,Winam,34.83347886249225,2025-10-12,"{""type"":""MultiPoint"",""coordinates"":[]}"
6_1518_0,88,69,334,432,248,519,248,250,176,147,2,open_water,WI0181_20251012,-0.3014359790457912,0,Winam,34.800184582464006,2025-10-12,"{""type"":""MultiPoint"",""coordinates"":[]}"
6_1519_0,289,260,783,965,782,855,481,489,421,380,2,open_water,WI0182_20251012,-0.29886109396480043,0,Winam,34.75110126242238,2025-10-12,"{""type"":""MultiPoint"",""coordinates"":[]}"
6_1520_0,229,215,466,568,415,619,350,336,310,271,2,open_water,WI0183_20251012,-0.32272167510602656,0,Winam,34.82885095661816,2025-10-12,"{""type"":""MultiPoint"",""coordinates"":[]}"
6_1521_0,372,345,840,1056,894,990,577,571,488,460,2,open_water,WI0184_20251012,-0.3289013841778619,0,Winam,34.75814351655817,2025-10-12,"{""type"":""MultiPoint"",""coordinates"":[]}"
6_1522_0,174,159,697,872,681,757,381,387,309,276,2,open_water,WI0185_20251012,-0.2564612356213408,0,Winam,34.73907892502172,2025-10-12,"{""type"":""MultiPoint"",""coordinates"":[]}"
6_1523_0,79,73,530,662,459,462,211,217,177,145,2,open_water,WI0186_20251012,-0.1833340354486726,0,Winam,34.655292946403435,2025-10-12,"{""type"":""MultiPoint"",""coordinates"":[]}"
6_1524_0,59,48,656,798,552,544,229,223,162,138,2,open_water,WI0187_20251012,-0.21491953468801903,0,Winam,34.5990015863557,2025-10-12,"{""type"":""MultiPoint"",""coordinates"":[]}"
6_1525_0,221,193,734,841,622,605,361,356,320,286,2,open_water,WI0188_20251012,-0.2835834251837787,0,Winam,34.536531906302685,2025-10-12,"{""type"":""MultiPoint"",""coordinates"":[]}"
6_1526_0,163,151,664,784,527,555,301,294,256,228,2,open_water,WI0189_20251012,-0.287016609837165,0,Winam,34.59419622635163,2025-10-12,"{""type"":""MultiPoint"",""coordinates"":[]}"
6_1527_0,406,382,656,786,646,763,528,540,476,496,2,open_water,WI0190_20251012,-0.18196075153974484,0,Winam,34.75757846649023,2025-10-12,"{""type"":""MultiPoint"",""coordinates"":[]}"
6_1528_0,196,192,778,925,676,626,352,353,302,265,2,open_water,WI0191_20251012,-0.2640142535856662,0,Winam,34.68927370643228,2025-10-12,"{""type"":""MultiPoint"",""coordinates"":[]}"
6_1529_0,171,152,710,839,613,578,304,325,278,249,2,open_water,WI0192_20251012,-0.3034958816111809,0,Winam,34.624401346377226,2025-10-12,"{""type"":""MultiPoint"",""coordinates"":[]}"
6_1530_0,296,268,782,1008,776,759,466,470,410,383,2,open_water,WI0193_20251012,-0.31379541380702036,0,Winam,34.68996018643284,2025-10-12,"{""type"":""MultiPoint"",""coordinates"":[]}"
6_1531_0,130,112,464,581,389,586,282,279,250,205,2,open_water,WI0194_20251012,-0.287102450622818,0,Winam,34.764595517304805,2025-10-12,"{""type"":""MultiPoint"",""coordinates"":[]}"
6_1532_0,78,58,408,540,338,493,205,224,147,143,2,open_water,WI0195_20251012,-0.28650164338704176,0,Winam,34.76343708230384,2025-10-12,"{""type"":""MultiPoint"",""coordinates"":[]}"
6_1533_0,170,146,522,702,498,614,325,337,253,264,2,open_water,WI0196_20251012,-0.2821672473993966,0,Winam,34.757559097298824,2025-10-12,"{""type"":""MultiPoint"",""coordinates"":[]}"
6_1534_0,237,201,500,611,436,704,372,372,305,287,2,open_water,WI0197_20251012,-0.2968441063506834,0,Winam,34.75996177730086,2025-10-12,"{""type"":""MultiPoint"",""coordinates"":[]}"
6_1535_0,148,118,364,448,307,503,214,231,159,164,2,open_water,WI0198_20251012,-0.3025088537712546,0,Winam,34.776051152314515,2025-10-12,"{""type"":""MultiPoint"",""coordinates"":[]}"
6_1536_0,80,61,306,346,220,540,235,247,134,128,2,open_water,WI0199_20251012,-0.29503095886256825,0,Winam,34.77483691705449,2025-10-12,"{""type"":""MultiPoint"",""coordinates"":[]}"
6_1537_0,153,121,546,648,450,616,284,301,297,210,2,open_water,WI0200_20251012,-0.28997774293412,0,Winam,34.76527899558813,2025-10-12,"{""type"":""MultiPoint"",""coordinates"":[]}"
6_1538_0,76,55,370,465,300,481,223,220,154,130,2,open_water,WI0201_20251012,-0.29194109443271465,0,Winam,34.76921552934146,2025-10-12,"{""type"":""MultiPoint"",""coordinates"":[]}"
6_1539_0,190,155,604,778,568,659,328,323,288,223,2,open_water,WI0202_20251012,-0.29109352743423617,0,Winam,34.75986223933355,2025-10-12,"{""type"":""MultiPoint"",""coordinates"":[]}"
6_1540_0,71,44,178,231,128,622,456,461,366,226,4,surface_algae,WI0203_20251012,-0.29108279854223107,0,Winam,34.78265911521302,2025-10-12,"{""type"":""MultiPoint"",""coordinates"":[]}"
6_1541_0,69,55,200,232,127,634,427,456,332,230,4,surface_algae,WI0204_20251012,-0.29068583676114523,0,Winam,34.78358157271381,2025-10-12,"{""type"":""MultiPoint"",""coordinates"":[]}"
6_1542_0,72,49,201,214,126,627,451,461,379,222,4,surface_algae,WI0205_20251012,-0.2919303655414856,0,Winam,34.782455316462865,2025-10-12,"{""type"":""MultiPoint"",""coordinates"":[]}"
6_1543_0,52,41,176,218,126,586,382,378,276,177,4,surface_algae,WI0206_20251012,-0.29078239503348685,0,Winam,34.780009731460794,2025-10-12,"{""type"":""MultiPoint"",""coordinates"":[]}"
6_1544_0,91,78,185,235,141,641,457,460,328,233,4,surface_algae,WI0207_20251012,-0.2887546711410227,0,Winam,34.780964367711604,2025-10-12,"{""type"":""MultiPoint"",""coordinates"":[]}"
6_1545_0,96,81,188,254,148,630,437,450,320,234,4,surface_algae,WI0208_20251012,-0.28734921151113124,0,Winam,34.783334868963614,2025-10-12,"{""type"":""MultiPoint"",""coordinates"":[]}"
6_1546_0,69,57,187,231,148,636,419,418,317,190,4,surface_algae,WI0209_20251012,-0.2936791430727995,0,Winam,34.77683477180229,2025-10-12,"{""type"":""MultiPoint"",""coordinates"":[]}"
6_1547_0,124,106,269,290,212,697,477,474,386,255,4,surface_algae,WI0210_20251012,-0.2956424943171152,0,Winam,34.778979791645604,2025-10-12,"{""type"":""MultiPoint"",""coordinates"":[]}"
6_1548_0,61,52,232,269,164,600,319,312,248,145,4,surface_algae,WI0211_20251012,-0.29573905254671023,0,Winam,34.77599789414308,2025-10-12,"{""type"":""MultiPoint"",""coordinates"":[]}"
6_1549_0,62,49,209,238,142,628,345,330,264,135,4,surface_algae,WI0212_20251012,-0.2970586816003511,0,Winam,34.77516124664236,2025-10-12,"{""type"":""MultiPoint"",""coordinates"":[]}"
6_1550_0,194,175,397,458,334,727,434,422,362,287,4,surface_algae,WI0213_20251012,-0.29245607187978384,0,Winam,34.76673779920804,2025-10-12,"{""type"":""MultiPoint"",""coordinates"":[]}"
6_1551_0,139,122,279,302,225,663,480,470,364,275,4,surface_algae,WI0214_20251012,-0.28708099359583067,0,Winam,34.77659857448779,2025-10-12,"{""type"":""MultiPoint"",""coordinates"":[]}"
6_1552_0,104,77,202,236,160,573,348,334,250,190,4,surface_algae,WI0215_20251012,-0.2836263515544641,0,Winam,34.78100706324155,2025-10-12,"{""type"":""MultiPoint"",""coordinates"":[]}"
6_1553_0,174,148,303,351,243,743,563,564,455,352,4,surface_algae,WI0216_20251012,-0.2859759374036044,0,Winam,34.782927061993185,2025-10-12,"{""type"":""MultiPoint"",""coordinates"":[]}"
6_1554_0,112,97,243,280,183,657,458,468,380,261,4,surface_algae,WI0217_20251012,-0.2847421363415299,0,Winam,34.77646793029404,2025-10-12,"{""type"":""MultiPoint"",""coordinates"":[]}"
6_1555_0,69,52,184,236,151,607,396,405,295,189,4,surface_algae,WI0218_20251012,-0.28796074665947985,0,Winam,34.78195977029868,2025-10-12,"{""type"":""MultiPoint"",""coordinates"":[]}"
6_1556_0,126,105,174,230,140,707,551,539,401,309,4,surface_algae,WI0219_20251012,-0.2915441322799365,0,Winam,34.78311890353332,2025-10-12,"{""type"":""MultiPoint"",""coordinates"":[]}"
6_1557_0,59,49,181,207,141,578,366,365,291,174,4,surface_algae,WI0220_20251012,-0.29051417740172636,0,Winam,34.78178884853218,2025-10-12,"{""type"":""MultiPoint"",""coordinates"":[]}"
6_1558_0,59,55,184,220,140,564,363,359,268,184,4,surface_algae,WI0221_20251012,-0.2912437287834947,0,Winam,34.78103801103153,2025-10-12,"{""type"":""MultiPoint"",""coordinates"":[]}"
6_1559_0,140,121,216,257,183,678,472,496,389,289,4,surface_algae,WI0222_20251012,-0.2921020244663008,0,Winam,34.78142415603187,2025-10-12,"{""type"":""MultiPoint"",""coordinates"":[]}"
6_1560_0,128,116,240,279,198,760,580,575,480,312,4,surface_algae,WI0223_20251012,-0.2944408798686536,0,Winam,34.779557788530276,2025-10-12,"{""type"":""MultiPoint"",""coordinates"":[]}"
6_1561_0,56,43,288,392,236,822,558,555,421,312,4,surface_algae,WI0224_20251012,-0.31160677672194353,0,Winam,34.83905344301839,2025-10-12,"{""type"":""MultiPoint"",""coordinates"":[]}"
6_1562_0,63,47,382,552,335,1012,693,711,567,391,4,surface_algae,WI0225_20251012,-0.31040516489854636,0,Winam,34.83557813801542,2025-10-12,"{""type"":""MultiPoint"",""coordinates"":[]}"
6_1563_0,66,58,387,558,353,979,667,680,528,373,4,surface_algae,WI0226_20251012,-0.3071436464053682,0,Winam,34.841499028020465,2025-10-12,"{""type"":""MultiPoint"",""coordinates"":[]}"
6_1564_0,228,203,385,489,342,914,647,648,536,442,4,surface_algae,WI0227_20251012,-0.2983461244841047,0,Winam,34.84175645802066,2025-10-12,"{""type"":""MultiPoint"",""coordinates"":[]}"
6_1565_0,209,184,389,505,352,883,627,619,510,403,4,surface_algae,WI0228_20251012,-0.2952991745930059,0,Winam,34.840382887711606,2025-10-12,"{""type"":""MultiPoint"",""coordinates"":[]}"
6_1566_0,98,96,407,590,390,1003,649,660,493,402,4,surface_algae,WI0229_20251012,-0.31044807822264736,0,Winam,34.82304022686444,2025-10-12,"{""type"":""MultiPoint"",""coordinates"":[]}"
6_1567_0,122,109,469,664,442,956,637,634,536,368,4,surface_algae,WI0230_20251012,-0.305641629588264,0,Winam,34.84552244688354,2025-10-12,"{""type"":""MultiPoint"",""coordinates"":[]}"
6_1568_0,416,384,544,670,536,1094,811,817,700,609,4,surface_algae,WI0231_20251012,-0.3410891387320141,0,Winam,34.757204923477154,2025-10-12,"{""type"":""MultiPoint"",""coordinates"":[]}"
6_1569_0,316,285,585,700,532,953,621,627,538,458,4,surface_algae,WI0232_20251012,-0.3267556585694672,0,Winam,34.72794371345231,2025-10-12,"{""type"":""MultiPoint"",""coordinates"":[]}"
6_1570_0,355,315,536,644,498,995,668,669,570,488,4,surface_algae,WI0233_20251012,-0.31765775031519267,0,Winam,34.75154146347234,2025-10-12,"{""type"":""MultiPoint"",""coordinates"":[]}"
6_1571_0,423,386,622,722,566,1082,782,778,678,623,4,surface_algae,WI0234_20251012,-0.33885758032652746,0,Winam,34.75385833347432,2025-10-12,"{""type"":""MultiPoint"",""coordinates"":[]}"
6_1572_0,406,350,575,691,538,1033,734,709,618,551,4,surface_algae,WI0235_20251012,-0.33405114509629924,0,Winam,34.756089393476216,2025-10-12,"{""type"":""MultiPoint"",""coordinates"":[]}"
6_1573_0,359,311,496,594,482,950,664,640,552,468,4,surface_algae,WI0236_20251012,-0.34915707631797305,0,Winam,34.73077544345472,2025-10-12,"{""type"":""MultiPoint"",""coordinates"":[]}"
6_1574_0,409,355,542,634,526,1019,734,719,612,566,4,surface_algae,WI0237_20251012,-0.34254823433296705,0,Winam,34.73206259345582,2025-10-12,"{""type"":""MultiPoint"",""coordinates"":[]}"
6_1575_0,322,304,591,698,520,940,595,602,483,455,4,surface_algae,WI0238_20251012,-0.33130460962140246,0,Winam,34.70614797343386,2025-10-12,"{""type"":""MultiPoint"",""coordinates"":[]}"
6_1576_0,287,250,562,674,520,877,550,562,458,415,4,surface_algae,WI0239_20251012,-0.3296738547171356,0,Winam,34.668976313331406,2025-10-12,"{""type"":""MultiPoint"",""coordinates"":[]}"
6_1577_0,242,220,496,573,433,844,531,521,457,389,4,surface_algae,WI0240_20251012,-0.3361968762968724,0,Winam,34.66477162332787,2025-10-12,"{""type"":""MultiPoint"",""coordinates"":[]}"
6_1578_0,376,343,554,664,513,974,681,675,604,515,4,surface_algae,WI0241_20251012,-0.34083165214461636,0,Winam,34.72895750338232,2025-10-12,"{""type"":""MultiPoint"",""coordinates"":[]}"
6_1579_0,101,90,304,381,218,678,388,401,288,253,4,surface_algae,WI0242_20251012,-0.34044542180534815,0,Winam,34.73947265369675,2025-10-12,"{""type"":""MultiPoint"",""coordinates"":[]}"
6_1580_0,118,102,305,386,261,719,451,429,349,264,4,surface_algae,WI0243_20251012,-0.3390077831803918,0,Winam,34.738593101196,2025-10-12,"{""type"":""MultiPoint"",""coordinates"":[]}"
6_1581_0,121,91,282,326,218,751,648,696,530,367,4,surface_algae,WI0244_20251012,-0.08977886123153253,0,Winam,34.74491474980922,2025-10-12,"{""type"":""MultiPoint"",""coordinates"":[]}"
6_1582_0,290,254,447,476,418,702,469,467,403,354,4,surface_algae,WI0245_20251012,-0.11861792185710336,0,Winam,34.739079669804276,2025-10-12,"{""type"":""MultiPoint"",""coordinates"":[]}"
6_1583_0,90,76,200,242,148,551,336,333,260,185,4,surface_algae,WI0246_20251012,-0.2887761272400387,0,Winam,34.79060773971702,2025-10-12,"{""type"":""MultiPoint"",""coordinates"":[]}"
6_1584_0,86,72,198,231,131,634,471,461,330,231,4,surface_algae,WI0247_20251012,-0.28650164287120666,0,Winam,34.78468684971197,2025-10-12,"{""type"":""MultiPoint"",""coordinates"":[]}"
6_1585_0,81,74,260,284,188,575,360,373,295,190,4,surface_algae,WI0248_20251012,-0.2816951838562689,0,Winam,34.78511589971234,2025-10-12,"{""type"":""MultiPoint"",""coordinates"":[]}"
6_1586_0,173,146,272,341,243,681,463,457,390,305,4,surface_algae,WI0249_20251012,-0.28950567873382616,0,Winam,34.78636014471341,2025-10-12,"{""type"":""MultiPoint"",""coordinates"":[]}"
6_1587_0,75,61,198,220,149,626,417,408,326,206,4,surface_algae,WI0250_20251012,-0.2895271370447525,0,Winam,34.7833997669482,2025-10-12,"{""type"":""MultiPoint"",""coordinates"":[]}"
6_1588_0,184,162,334,378,287,771,575,571,474,338,4,surface_algae,WI0251_20251012,-0.2883255227808903,0,Winam,34.77563094660677,2025-10-12,"{""type"":""MultiPoint"",""coordinates"":[]}"
6_1589_0,82,76,196,234,147,627,452,438,308,222,4,surface_algae,WI0252_20251012,-0.29010648670976835,0,Winam,34.78103697661134,2025-10-12,"{""type"":""MultiPoint"",""coordinates"":[]}"
6_1590_0,1628,743,291,583,274,820,3145,4103,4284,4407,1,LEV,WI0253_20251012,-0.29636131658426507,0,Winam,34.7633055104053,2025-10-12,"{""type"":""MultiPoint"",""coordinates"":[]}"
6_1591_0,1586,782,288,477,379,703,2011,2609,2668,2903,1,LEV,WI0254_20251012,-0.2977238603246329,0,Winam,34.76682372040827,2025-10-12,"{""type"":""MultiPoint"",""coordinates"":[]}"
6_1592_0,1853,871,331,626,400,923,2907,3654,3676,3923,1,LEV,WI0255_20251012,-0.2955566646903111,0,Winam,34.767971429159225,2025-10-12,"{""type"":""MultiPoint"",""coordinates"":[]}"
6_1593_0,1943,874,334,638,330,918,3611,4624,4532,4898,1,LEV,WI0256_20251012,-0.2962540296684468,0,Winam,34.77101768416183,2025-10-12,"{""type"":""MultiPoint"",""coordinates"":[]}"
6_1594_0,1733,780,308,538,268,820,3144,4159,4100,4414,1,LEV,WI0257_20251012,-0.2988611015920377,0,Winam,34.7608384470427,2025-10-12,"{""type"":""MultiPoint"",""coordinates"":[]}"
6_1595_0,1743,920,300,564,435,861,1902,2302,2342,2578,1,LEV,WI0258_20251012,-0.3002236450229121,0,Winam,34.765311293296485,2025-10-12,"{""type"":""MultiPoint"",""coordinates"":[]}"
6_1596_0,1583,716,276,527,271,720,2793,3785,3816,4042,1,LEV,WI0259_20251012,-0.30204752217831166,0,Winam,34.758541188272815,2025-10-12,"{""type"":""MultiPoint"",""coordinates"":[]}"
6_1597_0,1845,945,325,524,422,939,2296,2877,2774,3209,1,LEV,WI0260_20251012,-0.3043971043112155,0,Winam,34.770931496598386,2025-10-12,"{""type"":""MultiPoint"",""coordinates"":[]}"
6_1598_0,1696,896,306,530,426,779,1804,2202,2276,2480,1,LEV,WI0261_20251012,-0.3052768563338692,0,Winam,34.76390580284242,2025-10-12,"{""type"":""MultiPoint"",""coordinates"":[]}"
6_1599_0,2998,2407,1102,1336,1498,1871,2491,2755,2536,2867,1,LEV,WI0262_20251012,-0.31270110298903153,0,Winam,34.7755350723856,2025-10-12,"{""type"":""MultiPoint"",""coordinates"":[]}"
6_1600_0,3426,2291,810,1098,1038,1635,2412,2732,2802,3068,1,LEV,WI0263_20251012,-0.30961124405881496,0,Winam,34.78396590489277,2025-10-12,"{""type"":""MultiPoint"",""coordinates"":[]}"
6_1601_0,2247,1091,415,698,382,1057,3300,4268,4244,4531,1,LEV,WI0264_20251012,-0.3150184967989271,0,Winam,34.770461325972796,2025-10-12,"{""type"":""MultiPoint"",""coordinates"":[]}"
6_1602_0,1721,914,330,530,421,786,1814,2250,2328,2503,1,LEV,WI0265_20251012,-0.31456789124837764,0,Winam,34.75914958211871,2025-10-12,"{""type"":""MultiPoint"",""coordinates"":[]}"
6_1603_0,1941,957,347,572,416,903,2459,3056,2956,3340,1,LEV,WI0266_20251012,-0.3286009876892507,0,Winam,34.76498545862723,2025-10-12,"{""type"":""MultiPoint"",""coordinates"":[]}"
6_1604_0,3238,2009,547,870,720,1445,2645,3091,3240,3369,1,LEV,WI0267_20251012,-0.33242038941981916,0,Winam,34.77605494863661,2025-10-12,"{""type"":""MultiPoint"",""coordinates"":[]}"
6_1605_0,2623,1543,428,766,594,1364,2919,3441,3432,3702,1,LEV,WI0268_20251012,-0.3221208759085807,0,Winam,34.83656259453824,2025-10-12,"{""type"":""MultiPoint"",""coordinates"":[]}"
6_1606_0,1793,831,343,574,334,1009,3290,4132,4324,4463,1,LEV,WI0269_20251012,-0.32487814339507237,0,Winam,34.83483345790097,2025-10-12,"{""type"":""MultiPoint"",""coordinates"":[]}"
6_1607_0,2791,1763,575,905,831,1577,2875,3350,3144,3597,1,LEV,WI0270_20251012,-0.32275386798124833,0,Winam,34.83576664165176,2025-10-12,"{""type"":""MultiPoint"",""coordinates"":[]}"
6_1608_0,1417,679,296,517,274,866,2941,3830,3876,3890,1,LEV,WI0271_20251012,-0.3191383069622981,0,Winam,34.8403477874119,2025-10-12,"{""type"":""MultiPoint"",""coordinates"":[]}"
6_1609_0,1656,733,340,560,340,864,3270,4287,3892,4388,1,LEV,WI0272_20251012,-0.32363361840073707,0,Winam,34.835198949490874,2025-10-12,"{""type"":""MultiPoint"",""coordinates"":[]}"
6_1610_0,1781,856,327,616,370,1034,3087,3854,3928,4103,1,LEV,WI0273_20251012,-0.33025320268169966,0,Winam,34.82388034553223,2025-10-12,"{""type"":""MultiPoint"",""coordinates"":[]}"
6_1611_0,3017,2135,602,824,1000,1409,2444,2795,2418,2999,1,LEV,WI0274_20251012,-0.33174985033416854,0,Winam,34.82359620076296,2025-10-12,"{""type"":""MultiPoint"",""coordinates"":[]}"
6_1612_0,2574,1622,644,795,716,1101,2410,2936,2976,3136,1,LEV,WI0275_20251012,-0.33099348011315133,0,Winam,34.82773653326648,2025-10-12,"{""type"":""MultiPoint"",""coordinates"":[]}"
6_1613_0,2905,1921,526,794,824,1332,2218,2543,2542,2824,1,LEV,WI0276_20251012,-0.3321038959496713,0,Winam,34.82909876701764,2025-10-12,"{""type"":""MultiPoint"",""coordinates"":[]}"
6_1614_0,3174,2141,1090,1338,1216,1607,2786,3170,3060,3356,1,LEV,WI0277_20251012,-0.3327529795451659,0,Winam,34.826379662640306,2025-10-12,"{""type"":""MultiPoint"",""coordinates"":[]}"
6_1615_0,3779,2913,760,1100,1272,1741,2444,2745,2740,3047,1,LEV,WI0278_20251012,-0.3360198546217483,0,Winam,34.82963562646778,2025-10-12,"{""type"":""MultiPoint"",""coordinates"":[]}"
6_1616_0,3303,2208,644,962,983,1520,2422,2776,2856,3079,1,LEV,WI0279_20251012,-0.3353707712520986,0,Winam,34.8220729465452,2025-10-12,"{""type"":""MultiPoint"",""coordinates"":[]}"
6_1617_0,2794,1814,458,956,626,1806,3363,3875,4276,4234,1,LEV,WI0280_20251012,-0.3243095241977975,0,Winam,34.83699935096902,2025-10-12,"{""type"":""MultiPoint"",""coordinates"":[]}"
6_1618_0,1810,939,401,812,464,1184,3192,4009,4080,4341,1,LEV,WI0281_20251012,-0.3204257468612792,0,Winam,34.84186979773939,2025-10-12,"{""type"":""MultiPoint"",""coordinates"":[]}"
6_1619_0,230,201,758,968,968,1143,609,620,550,401,1,LEV,WI0282_20251012,-0.29115789902426503,0,Winam,34.851632707539146,2025-10-12,"{""type"":""MultiPoint"",""coordinates"":[]}"
6_1620_0,1977,1024,319,652,406,1003,2619,3199,3094,3492,1,LEV,WI0283_20251012,-0.2919947373221569,0,Winam,34.86038532754655,2025-10-12,"{""type"":""MultiPoint"",""coordinates"":[]}"
6_1621_0,2120,1261,406,656,558,1004,1975,2299,2340,2549,1,LEV,WI0284_20251012,-0.2891194465005885,0,Winam,34.86978152255453,2025-10-12,"{""type"":""MultiPoint"",""coordinates"":[]}"
6_1622_0,2724,1622,542,771,872,1355,2313,2700,2868,3041,1,LEV,WI0285_20251012,-0.27993567585347373,0,Winam,34.8504521373208,2025-10-12,"{""type"":""MultiPoint"",""coordinates"":[]}"
6_1623_0,3567,2918,1108,1484,1818,2269,2812,3101,2974,3274,1,LEV,WI0286_20251012,-0.2332871644532573,0,Winam,34.81566717680319,2025-10-12,"{""type"":""MultiPoint"",""coordinates"":[]}"
6_1624_0,1339,675,340,554,277,785,2486,3421,3280,3385,1,LEV,WI0287_20251012,-0.22466124996149134,0,Winam,34.835188951819745,2025-10-12,"{""type"":""MultiPoint"",""coordinates"":[]}"
6_1625_0,2189,1350,492,694,716,1209,2017,2315,2286,2617,1,LEV,WI0288_20251012,-0.19938428540577124,0,Winam,34.80841290096404,2025-10-12,"{""type"":""MultiPoint"",""coordinates"":[]}"
6_1626_0,665,401,502,612,518,755,1018,1111,1164,1141,1,LEV,WI0289_20251012,-0.1890417478465196,0,Winam,34.81403345596882,2025-10-12,"{""type"":""MultiPoint"",""coordinates"":[]}"
6_1627_0,3102,1905,684,1016,1072,1666,2646,3052,3248,3428,1,LEV,WI0290_20251012,-0.20895434550046027,0,Winam,34.818624290972686,2025-10-12,"{""type"":""MultiPoint"",""coordinates"":[]}"
6_1628_0,2608,2018,540,741,824,1306,1867,2169,2142,2311,1,LEV,WI0291_20251012,-0.19427739005756908,0,Winam,34.82913601598164,2025-10-12,"{""type"":""MultiPoint"",""coordinates"":[]}"
6_1629_0,2439,2107,648,876,912,1389,2054,2168,2244,2330,1,LEV,WI0292_20251012,-0.12690056829462648,0,Winam,34.749192984338784,2025-10-12,"{""type"":""MultiPoint"",""coordinates"":[]}"
6_1630_0,2099,2053,852,912,1044,1485,1522,1575,1296,1581,1,LEV,WI0293_20251012,-0.10282510909196337,0,Winam,34.7518915720227,2025-10-12,"{""type"":""MultiPoint"",""coordinates"":[]}"
6_1631_0,3730,4059,2194,1426,1042,1066,1112,2389,2630,3046,1,LEV,WI0294_20251012,-0.10715955117463691,0,Winam,34.770083292038116,2025-10-12,"{""type"":""MultiPoint"",""coordinates"":[]}"
6_1632_0,1919,1715,786,960,1090,1220,1523,1773,1330,1933,1,LEV,WI0295_20251012,-0.10668748325435357,0,Winam,34.764334022033246,2025-10-12,"{""type"":""MultiPoint"",""coordinates"":[]}"
6_1633_0,2448,2415,722,892,1248,1483,1592,1734,1636,1720,1,LEV,WI0296_20251012,-0.11608592498926357,0,Winam,34.76532083703408,2025-10-12,"{""type"":""MultiPoint"",""coordinates"":[]}"
6_1634_0,1993,1777,814,986,1038,1255,1661,1654,1936,1807,1,LEV,WI0297_20251012,-0.09115215120825891,0,Winam,34.718766170781095,2025-10-12,"{""type"":""MultiPoint"",""coordinates"":[]}"
6_1635_0,2005,1937,917,1164,1866,1834,1797,1946,1974,1890,1,LEV,WI0298_20251012,-0.09291167788692771,0,Winam,34.73026471079084,2025-10-12,"{""type"":""MultiPoint"",""coordinates"":[]}"
6_1636_0,2125,1457,435,695,674,995,2065,2446,2520,2633,1,LEV,WI0299_20251012,-0.0845861118814804,0,Winam,34.71408952577712,2025-10-12,"{""type"":""MultiPoint"",""coordinates"":[]}"
6_1637_0,2490,2169,706,858,1070,1372,1687,1911,1622,1875,1,LEV,WI0300_20251012,-0.07952210693153396,0,Winam,34.763215750818816,2025-10-12,"{""type"":""MultiPoint"",""coordinates"":[]}"
6_1638_0,2210,1912,697,833,999,1280,1735,1873,1678,1969,1,LEV,WI0301_20251012,-0.07819173110173075,0,Winam,34.74146349507566,2025-10-12,"{""type"":""MultiPoint"",""coordinates"":[]}"
6_1639_0,2518,1707,587,759,849,1215,2452,2889,2498,3366,1,LEV,WI0302_20251012,-0.06965158510487945,0,Winam,34.690871921120355,2025-10-12,"{""type"":""MultiPoint"",""coordinates"":[]}"
7_1640_0,1325,605,147,471,207,887,3073,3702,3840,3988,3,floating_plants,WI0001_20230205,-0.3259402794376383,1,Winam,34.81516063238846,2023-02-05,"{""type"":""MultiPoint"",""coordinates"":[]}"
7_1641_0,1321,699,247,554,333,900,2752,3494,3852,3752,3,floating_plants,WI0002_20230205,-0.3243953520703857,1,Winam,34.81331509416174,2023-02-05,"{""type"":""MultiPoint"",""coordinates"":[]}"
7_1642_0,1355,597,167,438,215,871,3155,3888,3876,4193,3,floating_plants,WI0003_20230205,-0.3257257062063252,1,Winam,34.817134929096134,2023-02-05,"{""type"":""MultiPoint"",""coordinates"":[]}"
7_1643_0,1544,651,162,456,212,878,3391,4312,4484,4720,3,floating_plants,WI0004_20230205,-0.32757103584597674,1,Winam,34.81670573415966,2023-02-05,"{""type"":""MultiPoint"",""coordinates"":[]}"
7_1644_0,1576,667,149,478,202,895,3529,4527,4660,4946,3,floating_plants,WI0005_20230205,-0.3299742553320585,1,Winam,34.8198817766894,2023-02-05,"{""type"":""MultiPoint"",""coordinates"":[]}"
7_1645_0,1408,593,153,473,206,879,3293,4132,4296,4473,3,floating_plants,WI0006_20230205,-0.3265839991041358,1,Winam,34.81945258175297,2023-02-05,"{""type"":""MultiPoint"",""coordinates"":[]}"
7_1646_0,1422,594,168,464,208,892,3319,4180,4320,4567,3,floating_plants,WI0007_20230205,-0.3267556576748789,1,Winam,34.82262862428271,2023-02-05,"{""type"":""MultiPoint"",""coordinates"":[]}"
7_1647_0,1436,596,151,472,224,899,3228,4041,4232,4453,3,floating_plants,WI0008_20230205,-0.3267556576748789,1,Winam,34.825375471875965,2023-02-05,"{""type"":""MultiPoint"",""coordinates"":[]}"
7_1648_0,1581,660,144,480,206,893,3637,4631,4832,5083,3,floating_plants,WI0009_20230205,-0.3296738529279591,1,Winam,34.82262862428271,2023-02-05,"{""type"":""MultiPoint"",""coordinates"":[]}"
7_1649_0,1559,668,173,509,246,897,3370,4252,4484,4673,3,floating_plants,WI0010_20230205,-0.3280430968620901,1,Winam,34.82692057364721,2023-02-05,"{""type"":""MultiPoint"",""coordinates"":[]}"
7_1650_0,1368,592,180,495,224,911,3166,3950,4108,4283,3,floating_plants,WI0011_20230205,-0.3265839991041358,1,Winam,34.828422755924784,2023-02-05,"{""type"":""MultiPoint"",""coordinates"":[]}"
7_1651_0,1531,681,179,462,240,853,3126,3968,3952,4313,3,floating_plants,WI0012_20230205,-0.32589736479174974,1,Winam,34.83245718832742,2023-02-05,"{""type"":""MultiPoint"",""coordinates"":[]}"
7_1652_0,1332,569,186,498,242,898,3053,3771,4024,3984,3,floating_plants,WI0013_20230205,-0.3197176538859175,1,Winam,34.83438856554142,2023-02-05,"{""type"":""MultiPoint"",""coordinates"":[]}"
7_1653_0,585,299,224,502,272,838,1496,1772,2114,1718,3,floating_plants,WI0014_20230205,-0.3221852480746207,1,Winam,34.83183314611395,2023-02-05,"{""type"":""MultiPoint"",""coordinates"":[]}"
7_1654_0,380,229,282,483,321,829,1146,1302,1034,1100,3,floating_plants,WI0015_20230205,-0.3234941451726699,1,Winam,34.83183314611395,2023-02-05,"{""type"":""MultiPoint"",""coordinates"":[]}"
7_1655_0,403,268,320,545,350,859,1007,1087,1688,962,3,floating_plants,WI0016_20230205,-0.32506053000245494,1,Winam,34.83093183674741,2023-02-05,"{""type"":""MultiPoint"",""coordinates"":[]}"
7_1656_0,351,221,298,548,382,924,890,986,1152,912,3,floating_plants,WI0017_20230205,-0.3169496580078874,1,Winam,34.83159708889894,2023-02-05,"{""type"":""MultiPoint"",""coordinates"":[]}"
7_1657_0,872,439,231,538,308,989,2371,2707,2956,2773,3,floating_plants,WI0018_20230205,-0.3154261866287639,1,Winam,34.8315541694053,2023-02-05,"{""type"":""MultiPoint"",""coordinates"":[]}"
7_1658_0,353,207,352,559,370,903,998,1162,1434,1070,3,floating_plants,WI0019_20230205,-0.31527598521309547,1,Winam,34.83230526054406,2023-02-05,"{""type"":""MultiPoint"",""coordinates"":[]}"
7_1659_0,721,364,263,536,326,941,1895,2114,2426,2009,3,floating_plants,WI0020_20230205,-0.31476100891435915,1,Winam,34.83318511016378,2023-02-05,"{""type"":""MultiPoint"",""coordinates"":[]}"
7_1660_0,452,261,350,568,402,874,1394,1736,1392,1591,3,floating_plants,WI0021_20230205,-0.3149970397211272,1,Winam,34.83483751066913,2023-02-05,"{""type"":""MultiPoint"",""coordinates"":[]}"
7_1661_0,802,393,259,519,304,893,2223,2568,2420,2500,3,floating_plants,WI0022_20230205,-0.31568367476486275,1,Winam,34.835309625099235,2023-02-05,"{""type"":""MultiPoint"",""coordinates"":[]}"
7_1662_0,728,338,255,508,317,914,1857,2361,2148,2422,3,floating_plants,WI0023_20230205,-0.31493266768345435,1,Winam,34.83698348535136,2023-02-05,"{""type"":""MultiPoint"",""coordinates"":[]}"
7_1663_0,847,397,192,510,264,897,2357,2944,3200,3065,3,floating_plants,WI0024_20230205,-0.316069906957084,1,Winam,34.83773457649016,2023-02-05,"{""type"":""MultiPoint"",""coordinates"":[]}"
7_1664_0,856,418,208,514,291,901,2217,2628,2712,2693,3,floating_plants,WI0025_20230205,-0.31493266768345435,1,Winam,34.838313989654374,2023-02-05,"{""type"":""MultiPoint"",""coordinates"":[]}"
7_1665_0,620,322,321,561,331,949,1750,2166,2434,2269,3,floating_plants,WI0026_20230205,-0.3124221573467884,1,Winam,34.831875968096554,2023-02-05,"{""type"":""MultiPoint"",""coordinates"":[]}"
7_1666_0,1094,493,226,521,280,941,2678,3207,3344,3378,3,floating_plants,WI0027_20230205,-0.3104909955702517,1,Winam,34.83230516303302,2023-02-05,"{""type"":""MultiPoint"",""coordinates"":[]}"
7_1667_0,1271,544,205,506,261,943,3047,3716,3860,3912,3,floating_plants,WI0028_20230205,-0.30980436018679475,1,Winam,34.834150701259745,2023-02-05,"{""type"":""MultiPoint"",""coordinates"":[]}"
7_1668_0,1067,474,227,526,301,901,2544,3033,2908,3211,3,floating_plants,WI0029_20230205,-0.31156386326755436,1,Winam,34.833227932146386,2023-02-05,"{""type"":""MultiPoint"",""coordinates"":[]}"
7_1669_0,1177,504,212,502,280,926,2846,3463,3404,3657,3,floating_plants,WI0030_20230205,-0.31066265440915375,1,Winam,34.83515930936038,2023-02-05,"{""type"":""MultiPoint"",""coordinates"":[]}"
7_1670_0,776,390,284,522,310,919,2257,2825,2370,2879,3,floating_plants,WI0031_20230205,-0.31340919545119167,1,Winam,34.832755817716276,2023-02-05,"{""type"":""MultiPoint"",""coordinates"":[]}"
7_1671_0,877,410,221,504,290,884,2256,2689,3062,2716,3,floating_plants,WI0032_20230205,-0.3132589940065165,1,Winam,34.83453697670254,2023-02-05,"{""type"":""MultiPoint"",""coordinates"":[]}"
7_1672_0,926,433,221,528,273,906,2564,2914,3276,2903,3,floating_plants,WI0033_20230205,-0.3124221573467884,1,Winam,34.835824561511906,2023-02-05,"{""type"":""MultiPoint"",""coordinates"":[]}"
7_1673_0,1187,509,228,516,270,921,2815,3447,3520,3637,3,floating_plants,WI0034_20230205,-0.31124200296980464,1,Winam,34.83741258277676,2023-02-05,"{""type"":""MultiPoint"",""coordinates"":[]}"
7_1674_0,716,340,239,494,278,892,1743,2126,2624,2202,3,floating_plants,WI0035_20230205,-0.31362376893986255,1,Winam,34.83696192809351,2023-02-05,"{""type"":""MultiPoint"",""coordinates"":[]}"
7_1675_0,1072,466,215,494,267,900,2509,3050,3040,3209,3,floating_plants,WI0036_20230205,-0.3126796455568924,1,Winam,34.83786323746004,2023-02-05,"{""type"":""MultiPoint"",""coordinates"":[]}"
7_1676_0,985,443,195,514,250,892,2466,2885,3956,2946,3,floating_plants,WI0037_20230205,-0.31336628075293843,1,Winam,34.838700167586126,2023-02-05,"{""type"":""MultiPoint"",""coordinates"":[]}"
7_1677_0,937,421,205,508,266,881,2425,2953,3212,3091,3,floating_plants,WI0038_20230205,-0.31461080693101257,1,Winam,34.83932250024397,2023-02-05,"{""type"":""MultiPoint"",""coordinates"":[]}"
7_1678_0,1183,514,236,538,276,892,2756,3351,3176,3624,3,floating_plants,WI0039_20230205,-0.31703548681657645,1,Winam,34.83580310176509,2023-02-05,"{""type"":""MultiPoint"",""coordinates"":[]}"
7_1679_0,1105,514,229,483,277,931,2670,3160,3324,3332,3,floating_plants,WI0040_20230205,-0.3193528794510153,1,Winam,34.830781521008596,2023-02-05,"{""type"":""MultiPoint"",""coordinates"":[]}"
7_1680_0,1094,489,227,500,274,884,2489,3001,3192,3257,3,floating_plants,WI0041_20230205,-0.3207905213628713,1,Winam,34.83254108954175,2023-02-05,"{""type"":""MultiPoint"",""coordinates"":[]}"
7_1681_0,1431,604,184,484,232,905,3298,4105,4196,4470,3,floating_plants,WI0042_20230205,-0.3228075105396457,1,Winam,34.833935973085225,2023-02-05,"{""type"":""MultiPoint"",""coordinates"":[]}"
7_1682_0,1421,593,179,487,230,906,3242,4063,4200,4410,3,floating_plants,WI0043_20230205,-0.3185804157446799,1,Winam,34.83661844143803,2023-02-05,"{""type"":""MultiPoint"",""coordinates"":[]}"
7_1683_0,1227,538,222,505,258,916,2955,3558,3664,3805,3,floating_plants,WI0044_20230205,-0.3177864941931276,1,Winam,34.83387159384472,2023-02-05,"{""type"":""MultiPoint"",""coordinates"":[]}"
7_1684_0,1463,606,188,504,228,896,3285,4135,4312,4582,3,floating_plants,WI0045_20230205,-0.3170140299222437,1,Winam,34.83994470219549,2023-02-05,"{""type"":""MultiPoint"",""coordinates"":[]}"
7_1685_0,1344,558,204,498,253,898,3048,3781,3984,4097,3,floating_plants,WI0046_20230205,-0.3100618477112984,1,Winam,34.84485833068631,2023-02-05,"{""type"":""MultiPoint"",""coordinates"":[]}"
7_1686_0,1254,529,194,512,257,924,2964,3608,3696,3885,3,floating_plants,WI0047_20230205,-0.3081736002234613,1,Winam,34.843291769168275,2023-02-05,"{""type"":""MultiPoint"",""coordinates"":[]}"
7_1687_0,1204,530,220,514,268,936,2886,3479,3512,3697,3,floating_plants,WI0048_20230205,-0.3093108402279315,1,Winam,34.84048054233452,2023-02-05,"{""type"":""MultiPoint"",""coordinates"":[]}"
7_1688_0,1283,542,201,489,262,911,2995,3640,3620,3931,3,floating_plants,WI0049_20230205,-0.311606777223657,1,Winam,34.839922588917126,2023-02-05,"{""type"":""MultiPoint"",""coordinates"":[]}"
7_1689_0,1440,590,190,480,224,897,3286,4131,4240,4496,3,floating_plants,WI0050_20230205,-0.31325899360960874,1,Winam,34.842433358548334,2023-02-05,"{""type"":""MultiPoint"",""coordinates"":[]}"
7_1690_0,1478,606,166,482,230,898,3408,4288,4528,4784,3,floating_plants,WI0051_20230205,-0.31542618567374514,1,Winam,34.84116723348578,2023-02-05,"{""type"":""MultiPoint"",""coordinates"":[]}"
7_1691_0,1521,621,173,499,248,924,3583,4566,4760,5084,3,floating_plants,WI0052_20230205,-0.3092893832231063,1,Winam,34.84919317879741,2023-02-05,"{""type"":""MultiPoint"",""coordinates"":[]}"
7_1692_0,1399,571,193,492,236,917,3245,4036,4276,4403,3,floating_plants,WI0053_20230205,-0.30847400360790944,1,Winam,34.84657508968506,2023-02-05,"{""type"":""MultiPoint"",""coordinates"":[]}"
7_1693_0,1560,642,190,488,225,917,3562,4583,4768,5036,3,floating_plants,WI0054_20230205,-0.3130229627636054,1,Winam,34.84580253879948,2023-02-05,"{""type"":""MultiPoint"",""coordinates"":[]}"
7_1694_0,1340,567,200,508,263,936,3172,3951,4224,4273,3,floating_plants,WI0055_20230205,-0.31016913484287273,1,Winam,34.8429054729784,2023-02-05,"{""type"":""MultiPoint"",""coordinates"":[]}"
7_1695_0,1477,609,156,492,231,910,3422,4361,4560,4780,3,floating_plants,WI0056_20230205,-0.305512887147609,1,Winam,34.85505069382235,2023-02-05,"{""type"":""MultiPoint"",""coordinates"":[]}"
7_1696_0,1318,561,190,484,247,926,3104,3854,3896,4126,3,floating_plants,WI0057_20230205,-0.30444001884116656,1,Winam,34.853290994582906,2023-02-05,"{""type"":""MultiPoint"",""coordinates"":[]}"
7_1697_0,1496,611,175,490,221,893,3509,4514,4716,4938,3,floating_plants,WI0058_20230205,-0.30750842191229544,1,Winam,34.85230384622905,2023-02-05,"{""type"":""MultiPoint"",""coordinates"":[]}"
7_1698_0,1405,589,194,496,220,925,3361,4251,4384,4623,3,floating_plants,WI0059_20230205,-0.305491429782516,1,Winam,34.85110210040699,2023-02-05,"{""type"":""MultiPoint"",""coordinates"":[]}"
7_1699_0,1507,614,179,512,246,941,3597,4563,4792,5013,3,floating_plants,WI0060_20230205,-0.30695053051016685,1,Winam,34.84957845838261,2023-02-05,"{""type"":""MultiPoint"",""coordinates"":[]}"
7_1700_0,1358,577,184,487,243,903,3170,3949,4116,4277,3,floating_plants,WI0061_20230205,-0.3030452898833222,1,Winam,34.85704645027685,2023-02-05,"{""type"":""MultiPoint"",""coordinates"":[]}"
7_1701_0,1343,577,203,490,257,912,3132,3889,3828,4216,3,floating_plants,WI0062_20230205,-0.3007708084287434,1,Winam,34.859621619895556,2023-02-05,"{""type"":""MultiPoint"",""coordinates"":[]}"
7_1702_0,1489,612,171,516,224,904,3454,4388,4624,4820,3,floating_plants,WI0063_20230205,-0.3035388093812976,1,Winam,34.858097977871125,2023-02-05,"{""type"":""MultiPoint"",""coordinates"":[]}"
7_1703_0,1171,508,191,498,249,944,2998,3677,3908,3872,3,floating_plants,WI0064_20230205,-0.30652138325793615,1,Winam,34.84771146040902,2023-02-05,"{""type"":""MultiPoint"",""coordinates"":[]}"
7_1704_0,1520,618,170,501,235,925,3533,4586,4764,5051,3,floating_plants,WI0065_20230205,-0.31119908795847034,1,Winam,34.84663876560108,2023-02-05,"{""type"":""MultiPoint"",""coordinates"":[]}"
7_1705_0,1432,592,199,492,239,902,3315,4176,4332,4503,3,floating_plants,WI0066_20230205,-0.31203592471554886,1,Winam,34.84404213623556,2023-02-05,"{""type"":""MultiPoint"",""coordinates"":[]}"
7_1706_0,1515,632,176,506,227,915,3404,4315,4540,4768,3,floating_plants,WI0067_20230205,-0.3152974416959662,1,Winam,34.84324812560316,2023-02-05,"{""type"":""MultiPoint"",""coordinates"":[]}"
7_1707_0,1502,620,140,477,192,882,3436,4386,4532,4820,3,floating_plants,WI0068_20230205,-0.3281718425649001,1,Winam,34.821039739941206,2023-02-05,"{""type"":""MultiPoint"",""coordinates"":[]}"
7_1708_0,1345,614,202,498,250,926,3094,3747,3896,4060,3,floating_plants,WI0069_20230205,-0.3263265130356647,1,Winam,34.83028889082171,2023-02-05,"{""type"":""MultiPoint"",""coordinates"":[]}"
7_1709_0,1395,601,172,488,216,915,3102,3871,3936,4203,3,floating_plants,WI0070_20230205,-0.3241593227307822,1,Winam,34.833765010883305,2023-02-05,"{""type"":""MultiPoint"",""coordinates"":[]}"
7_1710_0,1427,594,280,600,320,986,3720,4570,4752,4811,3,floating_plants,WI0071_20230205,-0.3418186879544529,1,Winam,34.74598159540517,2023-02-05,"{""type"":""MultiPoint"",""coordinates"":[]}"
7_1711_0,1352,564,291,612,326,996,3605,4394,4564,4681,3,floating_plants,WI0072_20230205,-0.341389542179857,1,Winam,34.74872844299843,2023-02-05,"{""type"":""MultiPoint"",""coordinates"":[]}"
7_1712_0,1017,435,297,584,333,950,2666,3229,3148,3305,3,floating_plants,WI0073_20230205,-0.3434923562918883,1,Winam,34.749629752364974,2023-02-05,"{""type"":""MultiPoint"",""coordinates"":[]}"
7_1713_0,1251,540,318,616,317,1030,3364,4028,4064,4145,3,floating_plants,WI0074_20230205,-0.34508019521291966,1,Winam,34.7453378030005,2023-02-05,"{""type"":""MultiPoint"",""coordinates"":[]}"
7_1714_0,1433,620,262,608,284,1011,3675,4471,4704,4737,3,floating_plants,WI0075_20230205,-0.34769798312504346,1,Winam,34.74748377768274,2023-02-05,"{""type"":""MultiPoint"",""coordinates"":[]}"
7_1715_0,1031,454,319,561,296,934,2586,2865,2874,3172,3,floating_plants,WI0076_20230205,-0.34628180286888693,1,Winam,34.74975851084592,2023-02-05,"{""type"":""MultiPoint"",""coordinates"":[]}"
7_1716_0,642,348,293,524,301,943,1911,1832,2526,1989,3,floating_plants,WI0077_20230205,-0.3480842140671795,1,Winam,34.7514323710981,2023-02-05,"{""type"":""MultiPoint"",""coordinates"":[]}"
7_1717_0,455,247,356,610,407,872,1284,1357,1244,1181,3,floating_plants,WI0078_20230205,-0.34585265820564043,1,Winam,34.755314991900754,2023-02-05,"{""type"":""MultiPoint"",""coordinates"":[]}"
7_1718_0,267,176,327,530,358,841,842,902,946,685,3,floating_plants,WI0079_20230205,-0.34475833690423796,1,Winam,34.75078698532119,2023-02-05,"{""type"":""MultiPoint"",""coordinates"":[]}"
7_1719_0,354,249,342,622,422,859,952,1047,1570,864,3,floating_plants,WI0080_20230205,-0.3493716513372668,1,Winam,34.75808329924087,2023-02-05,"{""type"":""MultiPoint"",""coordinates"":[]}"
7_1720_0,186,135,280,516,282,1072,1029,1042,902,706,4,surface_algae,WI0081_20230205,-0.3483417022638361,0,Winam,34.74610876051389,2023-02-05,"{""type"":""MultiPoint"",""coordinates"":[]}"
7_1721_0,151,114,287,494,289,969,833,829,675,523,4,surface_algae,WI0082_20230205,-0.34602431643756537,0,Winam,34.74284687899688,2023-02-05,"{""type"":""MultiPoint"",""coordinates"":[]}"
7_1722_0,167,127,185,362,198,921,802,827,694,507,4,surface_algae,WI0083_20230205,-0.3489639631758471,0,Winam,34.74233184507313,2023-02-05,"{""type"":""MultiPoint"",""coordinates"":[]}"
7_1723_0,607,263,530,1088,544,2045,4286,4799,4244,4418,4,surface_algae,WI0084_20230205,-0.3404668796104391,0,Winam,34.752696902788415,2023-02-05,"{""type"":""MultiPoint"",""coordinates"":[]}"
7_1724_0,224,123,337,661,344,1347,1744,1779,1542,1295,4,surface_algae,WI0085_20230205,-0.3426126084975785,0,Winam,34.75550812962217,2023-02-05,"{""type"":""MultiPoint"",""coordinates"":[]}"
7_1725_0,351,178,530,1076,497,1624,2513,2461,3032,1948,4,surface_algae,WI0086_20230205,-0.3454020553321003,0,Winam,34.758641252658265,2023-02-05,"{""type"":""MultiPoint"",""coordinates"":[]}"
7_1726_0,165,111,366,708,422,1156,987,1046,874,670,4,surface_algae,WI0087_20230205,-0.34387858831582,0,Winam,34.761044744302374,2023-02-05,"{""type"":""MultiPoint"",""coordinates"":[]}"
7_1727_0,188,123,354,636,353,1246,1474,1516,1278,1041,4,surface_algae,WI0088_20230205,-0.3425053215367109,0,Winam,34.7434927917484,2023-02-05,"{""type"":""MultiPoint"",""coordinates"":[]}"
7_1728_0,184,116,411,818,446,1303,1514,1576,1320,1160,4,surface_algae,WI0089_20230205,-0.3437498440852379,0,Winam,34.73868580846014,2023-02-05,"{""type"":""MultiPoint"",""coordinates"":[]}"
7_1729_0,172,117,298,556,342,1141,1319,1346,1094,942,4,surface_algae,WI0090_20230205,-0.33739848594493554,0,Winam,34.74508081301329,2023-02-05,"{""type"":""MultiPoint"",""coordinates"":[]}"
7_1730_0,261,152,403,840,422,1560,2614,2637,2868,2158,4,surface_algae,WI0091_20230205,-0.33791346108483034,0,Winam,34.74851437250486,2023-02-05,"{""type"":""MultiPoint"",""coordinates"":[]}"
7_1731_0,184,163,341,599,386,1189,1249,1256,1094,874,4,surface_algae,WI0092_20230205,-0.3395871301005763,0,Winam,34.74709802921457,2023-02-05,"{""type"":""MultiPoint"",""coordinates"":[]}"
7_1732_0,156,120,294,474,311,1022,1013,1022,840,672,4,surface_algae,WI0093_20230205,-0.3402308488757297,0,Winam,34.74143265605345,2023-02-05,"{""type"":""MultiPoint"",""coordinates"":[]}"
7_1733_0,149,130,293,516,292,991,801,788,644,485,4,surface_algae,WI0094_20230205,-0.34859918901486703,0,Winam,34.73898624491566,2023-02-05,"{""type"":""MultiPoint"",""coordinates"":[]}"
7_1734_0,161,116,314,513,300,1101,1134,1162,937,776,4,surface_algae,WI0095_20230205,-0.3407887384461005,0,Winam,34.75126122009816,2023-02-05,"{""type"":""MultiPoint"",""coordinates"":[]}"
7_1735_0,183,147,403,741,444,1368,1616,1787,1360,1168,4,surface_algae,WI0096_20230205,-0.3378705464908484,0,Winam,34.742848999343735,2023-02-05,"{""type"":""MultiPoint"",""coordinates"":[]}"
7_1736_0,163,112,302,490,327,1033,1030,1017,880,687,4,surface_algae,WI0097_20230205,-0.3361539607846389,0,Winam,34.748126325265396,2023-02-05,"{""type"":""MultiPoint"",""coordinates"":[]}"
7_1737_0,154,114,281,530,314,1045,909,882,738,597,4,surface_algae,WI0098_20230205,-0.33988753040778685,0,Winam,34.75606643158971,2023-02-05,"{""type"":""MultiPoint"",""coordinates"":[]}"
7_1738_0,196,177,322,554,372,896,640,642,545,437,4,surface_algae,WI0099_20230205,-0.2799785888095845,0,Winam,34.797656669903205,2023-02-05,"{""type"":""MultiPoint"",""coordinates"":[]}"
7_1739_0,183,162,316,514,347,876,655,645,532,401,4,surface_algae,WI0100_20230205,-0.281094374280177,0,Winam,34.79259216965307,2023-02-05,"{""type"":""MultiPoint"",""coordinates"":[]}"
7_1740_0,130,126,304,528,335,829,613,624,491,398,4,surface_algae,WI0101_20230205,-0.2708806418169427,0,Winam,34.821605747357104,2023-02-05,"{""type"":""MultiPoint"",""coordinates"":[]}"
7_1741_0,196,172,380,596,404,936,692,708,596,462,4,surface_algae,WI0102_20230205,-0.2742280004790516,0,Winam,34.83276481570483,2023-02-05,"{""type"":""MultiPoint"",""coordinates"":[]}"
7_1742_0,159,156,234,368,256,869,664,669,560,413,4,surface_algae,WI0103_20230205,-0.2631559644715452,0,Winam,34.827957832416566,2023-02-05,"{""type"":""MultiPoint"",""coordinates"":[]}"
7_1743_0,104,96,185,309,186,798,573,535,426,284,4,surface_algae,WI0104_20230205,-0.2580061769085581,0,Winam,34.82709944254367,2023-02-05,"{""type"":""MultiPoint"",""coordinates"":[]}"
7_1744_0,101,93,249,372,252,777,569,564,458,330,4,surface_algae,WI0105_20230205,-0.257662857663135,0,Winam,34.81250681470437,2023-02-05,"{""type"":""MultiPoint"",""coordinates"":[]}"
7_1745_0,192,175,252,384,282,894,705,702,570,439,4,surface_algae,WI0106_20230205,-0.2622976666909088,0,Winam,34.83121971393361,2023-02-05,"{""type"":""MultiPoint"",""coordinates"":[]}"
7_1746_0,163,148,264,394,286,867,655,658,536,419,4,surface_algae,WI0107_20230205,-0.267876601204432,0,Winam,34.82675608659451,2023-02-05,"{""type"":""MultiPoint"",""coordinates"":[]}"
7_1747_0,148,131,292,460,320,828,573,554,463,345,4,surface_algae,WI0108_20230205,-0.266589155001706,0,Winam,34.83963193468804,2023-02-05,"{""type"":""MultiPoint"",""coordinates"":[]}"
7_1748_0,153,141,293,490,344,905,649,641,501,384,4,surface_algae,WI0109_20230205,-0.28315428563773937,0,Winam,34.84770079949331,2023-02-05,"{""type"":""MultiPoint"",""coordinates"":[]}"
7_1749_0,189,178,371,568,388,889,682,670,563,456,4,surface_algae,WI0110_20230205,-0.28418424117945135,0,Winam,34.80658392458134,2023-02-05,"{""type"":""MultiPoint"",""coordinates"":[]}"
7_1750_0,194,186,302,484,317,839,608,600,488,366,4,surface_algae,WI0111_20230205,-0.2919089047921552,0,Winam,34.79327888155137,2023-02-05,"{""type"":""MultiPoint"",""coordinates"":[]}"
7_1751_0,122,110,157,290,169,757,586,557,444,322,4,surface_algae,WI0112_20230205,-0.24547501448629977,0,Winam,34.813622572160476,2023-02-05,"{""type"":""MultiPoint"",""coordinates"":[]}"
7_1752_0,108,101,180,300,201,812,673,689,554,376,4,surface_algae,WI0113_20230205,-0.24916569935970448,0,Winam,34.81285002127489,2023-02-05,"{""type"":""MultiPoint"",""coordinates"":[]}"
7_1753_0,104,95,144,268,180,741,580,601,474,336,4,surface_algae,WI0114_20230205,-0.2332871642638489,0,Winam,34.80898726684681,2023-02-05,"{""type"":""MultiPoint"",""coordinates"":[]}"
7_1754_0,101,94,207,364,226,806,615,602,490,363,4,surface_algae,WI0115_20230205,-0.22513331487779167,0,Winam,34.8005750460924,2023-02-05,"{""type"":""MultiPoint"",""coordinates"":[]}"
7_1755_0,128,114,207,321,227,837,798,809,661,505,4,surface_algae,WI0116_20230205,-0.22178594380029856,0,Winam,34.791905308376094,2023-02-05,"{""type"":""MultiPoint"",""coordinates"":[]}"
7_1756_0,94,76,190,337,202,779,638,648,532,383,4,surface_algae,WI0117_20230205,-0.2144903888446086,0,Winam,34.786926647113276,2023-02-05,"{""type"":""MultiPoint"",""coordinates"":[]}"
7_1757_0,90,74,142,284,169,824,606,600,496,346,4,surface_algae,WI0118_20230205,-0.21697946093214215,0,Winam,34.79834323242288,2023-02-05,"{""type"":""MultiPoint"",""coordinates"":[]}"
7_1758_0,78,79,142,314,181,822,584,574,439,311,4,surface_algae,WI0119_20230205,-0.2190393823503206,0,Winam,34.80409444457131,2023-02-05,"{""type"":""MultiPoint"",""coordinates"":[]}"
7_1759_0,93,95,177,320,189,758,521,528,429,303,4,surface_algae,WI0120_20230205,-0.23036894501786012,0,Winam,34.80727048710105,2023-02-05,"{""type"":""MultiPoint"",""coordinates"":[]}"
7_1760_0,93,87,270,462,292,779,521,546,444,347,4,surface_algae,WI0121_20230205,-0.23594789304912234,0,Winam,34.79147611343966,2023-02-05,"{""type"":""MultiPoint"",""coordinates"":[]}"
7_1761_0,86,80,282,453,291,749,495,501,384,298,4,surface_algae,WI0122_20230205,-0.21981185280926624,0,Winam,34.77928697724448,2023-02-05,"{""type"":""MultiPoint"",""coordinates"":[]}"
7_1762_0,116,100,267,397,256,803,582,566,474,352,4,surface_algae,WI0123_20230205,-0.21062803480558787,0,Winam,34.78666913015141,2023-02-05,"{""type"":""MultiPoint"",""coordinates"":[]}"
7_1763_0,116,103,194,353,214,874,595,565,440,304,4,surface_algae,WI0124_20230205,-0.2006717380804553,0,Winam,34.794995943456875,2023-02-05,"{""type"":""MultiPoint"",""coordinates"":[]}"
7_1764_0,100,90,229,408,256,783,525,521,441,320,4,surface_algae,WI0125_20230205,-0.20170169989582415,0,Winam,34.78615452776598,2023-02-05,"{""type"":""MultiPoint"",""coordinates"":[]}"
7_1765_0,94,97,241,386,255,827,610,588,501,348,4,surface_algae,WI0126_20230205,-0.19749602207624012,0,Winam,34.77842901890986,2023-02-05,"{""type"":""MultiPoint"",""coordinates"":[]}"
7_1766_0,97,89,239,393,260,742,513,517,422,311,4,surface_algae,WI0127_20230205,-0.18882717006350194,0,Winam,34.76744335468995,2023-02-05,"{""type"":""MultiPoint"",""coordinates"":[]}"
7_1767_0,82,66,232,386,234,756,530,514,426,298,4,surface_algae,WI0128_20230205,-0.19809683069610468,0,Winam,34.76581241393143,2023-02-05,"{""type"":""MultiPoint"",""coordinates"":[]}"
7_1768_0,77,67,252,446,260,766,524,518,416,292,4,surface_algae,WI0129_20230205,-0.1969810384822783,0,Winam,34.75688515925326,2023-02-05,"{""type"":""MultiPoint"",""coordinates"":[]}"
7_1769_0,68,66,295,490,266,784,531,518,411,293,4,surface_algae,WI0130_20230205,-0.19354783120372365,0,Winam,34.74993220128276,2023-02-05,"{""type"":""MultiPoint"",""coordinates"":[]}"
7_1770_0,1444,668,185,435,231,650,2730,3800,3944,4123,1,LEV,WI0131_20230205,-0.14402374022244538,0,Winam,34.74118576987167,2023-02-05,"{""type"":""MultiPoint"",""coordinates"":[]}"
7_1771_0,1400,649,264,650,367,942,2681,3248,3616,3590,1,LEV,WI0132_20230205,-0.1558683335371999,0,Winam,34.749426312651536,2023-02-05,"{""type"":""MultiPoint"",""coordinates"":[]}"
7_1772_0,1761,867,258,572,345,956,2678,3320,3560,3667,1,LEV,WI0133_20230205,-0.15964486915972678,0,Winam,34.7738045850419,2023-02-05,"{""type"":""MultiPoint"",""coordinates"":[]}"
7_1773_0,1589,759,256,564,336,931,2981,3766,3980,4140,1,LEV,WI0134_20230205,-0.14007554105804476,0,Winam,34.767109144033284,2023-02-05,"{""type"":""MultiPoint"",""coordinates"":[]}"
7_1774_0,1277,632,132,350,161,610,2244,3196,3176,3241,1,LEV,WI0135_20230205,-0.18350569115867213,0,Winam,34.81140206147495,2023-02-05,"{""type"":""MultiPoint"",""coordinates"":[]}"
7_1775_0,1470,755,234,452,318,698,2334,3332,3132,3465,1,LEV,WI0136_20230205,-0.20925474382119816,0,Winam,34.81861253640732,2023-02-05,"{""type"":""MultiPoint"",""coordinates"":[]}"
7_1776_0,1672,798,353,768,455,1191,3038,3656,3984,4036,1,LEV,WI0137_20230205,-0.20582153912784926,0,Winam,34.806080044262984,2023-02-05,"{""type"":""MultiPoint"",""coordinates"":[]}"
7_1777_0,1377,600,173,395,212,594,2888,4161,4108,4449,1,LEV,WI0138_20230205,-0.19191705269067014,0,Winam,34.78994231465245,2023-02-05,"{""type"":""MultiPoint"",""coordinates"":[]}"
7_1778_0,1778,1017,351,628,602,981,2273,2694,2652,2996,1,LEV,WI0139_20230205,-0.2509681260943833,0,Winam,34.820497608211774,2023-02-05,"{""type"":""MultiPoint"",""coordinates"":[]}"
7_1779_0,1620,766,204,458,320,712,2347,3160,3308,3491,1,LEV,WI0140_20230205,-0.25131144551798107,0,Winam,34.83234338845781,2023-02-05,"{""type"":""MultiPoint"",""coordinates"":[]}"
7_1780_0,1563,741,220,496,346,764,2551,3441,3648,3823,1,LEV,WI0141_20230205,-0.2648725554067139,0,Winam,34.835433592000264,2023-02-05,"{""type"":""MultiPoint"",""coordinates"":[]}"
7_1781_0,1602,779,212,504,344,810,2606,3464,3608,3798,1,LEV,WI0142_20230205,-0.2607527260887067,0,Winam,34.84212903300888,2023-02-05,"{""type"":""MultiPoint"",""coordinates"":[]}"
7_1782_0,2456,1395,331,612,667,1160,2022,2407,2712,2693,1,LEV,WI0143_20230205,-0.27809033178431986,0,Winam,34.851399643636206,2023-02-05,"{""type"":""MultiPoint"",""coordinates"":[]}"
7_1783_0,1503,722,163,480,277,903,2522,3031,3276,3335,1,LEV,WI0144_20230205,-0.23483210323328152,0,Winam,34.8333734563053,2023-02-05,"{""type"":""MultiPoint"",""coordinates"":[]}"
7_1784_0,1341,651,133,397,181,737,2617,3751,3800,3954,1,LEV,WI0145_20230205,-0.22230092362877624,0,Winam,34.83491855807652,2023-02-05,"{""type"":""MultiPoint"",""coordinates"":[]}"
7_1785_0,1550,694,198,431,226,623,2796,4106,4324,4456,1,LEV,WI0146_20230205,-0.2231592239476988,0,Winam,34.80968189581325,2023-02-05,"{""type"":""MultiPoint"",""coordinates"":[]}"
7_1786_0,1552,636,177,520,228,915,3600,4641,4844,5103,1,LEV,WI0147_20230205,-0.3108343121874553,0,Winam,34.84807853545702,2023-02-05,"{""type"":""MultiPoint"",""coordinates"":[]}"
7_1787_0,1909,909,182,540,255,946,3445,4407,5104,4728,1,LEV,WI0148_20230205,-0.30976144441604575,0,Winam,34.85155501444227,2023-02-05,"{""type"":""MultiPoint"",""coordinates"":[]}"
7_1788_0,1527,632,174,491,228,908,3370,4281,4440,4697,1,LEV,WI0149_20230205,-0.31662779626011006,0,Winam,34.842112725840344,2023-02-05,"{""type"":""MultiPoint"",""coordinates"":[]}"
7_1789_0,1512,625,187,496,232,912,3391,4296,4520,4718,1,LEV,WI0150_20230205,-0.3187735302834128,0,Winam,34.83859332736146,2023-02-05,"{""type"":""MultiPoint"",""coordinates"":[]}"
7_1790_0,200,180,503,706,552,852,409,446,351,303,2,open_water,WI0151_20230205,-0.3355960643794851,0,Winam,34.76212462380811,2023-02-05,"{""type"":""MultiPoint"",""coordinates"":[]}"
7_1791_0,173,148,522,771,584,760,403,402,346,282,2,open_water,WI0152_20230205,-0.32735645695953564,0,Winam,34.723325401553005,2023-02-05,"{""type"":""MultiPoint"",""coordinates"":[]}"
7_1792_0,198,170,524,780,610,824,443,448,374,308,2,open_water,WI0153_20230205,-0.3191168427695338,0,Winam,34.74873374179087,2023-02-05,"{""type"":""MultiPoint"",""coordinates"":[]}"
7_1793_0,177,160,521,777,676,853,450,458,389,308,2,open_water,WI0154_20230205,-0.27688872013890653,0,Winam,34.78015081113901,2023-02-05,"{""type"":""MultiPoint"",""coordinates"":[]}"
7_1794_0,179,162,436,679,529,837,462,466,414,326,2,open_water,WI0155_20230205,-0.27877697290783837,0,Winam,34.811567880487196,2023-02-05,"{""type"":""MultiPoint"",""coordinates"":[]}"
7_1795_0,125,110,202,328,260,456,149,140,93,63,2,open_water,WI0156_20230205,-0.2506248104497043,0,Winam,34.825473796428184,2023-02-05,"{""type"":""MultiPoint"",""coordinates"":[]}"
7_1796_0,177,155,475,739,602,875,496,488,404,340,2,open_water,WI0157_20230205,-0.26676081384233824,0,Winam,34.78478611645268,2023-02-05,"{""type"":""MultiPoint"",""coordinates"":[]}"
7_1797_0,73,66,493,720,596,813,417,417,339,240,2,open_water,WI0158_20230205,-0.2423851311599439,0,Winam,34.74358295441753,2023-02-05,"{""type"":""MultiPoint"",""coordinates"":[]}"
7_1798_0,79,81,440,676,582,857,471,472,384,269,2,open_water,WI0159_20230205,-0.23723533544463535,0,Winam,34.769334650604556,2023-02-05,"{""type"":""MultiPoint"",""coordinates"":[]}"
7_1799_0,178,170,492,678,480,704,344,333,274,203,2,open_water,WI0160_20230205,-0.34812712390864936,0,Winam,34.69963540123789,2023-02-05,"{""type"":""MultiPoint"",""coordinates"":[]}"
8_1800_0,1157,464,283,585,326,952,3132,3780,3852,3995,3,floating_plants,WI0001_20200625,-0.26907821892447575,1,Winam,34.64847839387992,2020-06-25,"{""type"":""MultiPoint"",""coordinates"":[]}"
8_1801_0,1161,471,257,582,336,973,3133,3806,3872,4096,3,floating_plants,WI0002_20200625,-0.27251140779577376,1,Winam,34.65543135185042,2020-06-25,"{""type"":""MultiPoint"",""coordinates"":[]}"
8_1802_0,1105,441,302,607,324,965,3035,3646,3624,3895,3,floating_plants,WI0003_20200625,-0.27620208474080626,1,Winam,34.657920682481844,2020-06-25,"{""type"":""MultiPoint"",""coordinates"":[]}"
8_1803_0,1110,450,317,619,338,949,3094,3689,3624,3911,3,floating_plants,WI0004_20200625,-0.2830684573913469,1,Winam,34.6589507503293,2020-06-25,"{""type"":""MultiPoint"",""coordinates"":[]}"
8_1804_0,1137,463,288,577,331,978,3128,3752,3820,4052,3,floating_plants,WI0005_20200625,-0.2747429800381999,1,Winam,34.666504581210866,2020-06-25,"{""type"":""MultiPoint"",""coordinates"":[]}"
8_1805_0,962,415,347,644,384,986,2695,3130,3012,3243,3,floating_plants,WI0006_20200625,-0.27783284860819424,1,Winam,34.670882369562655,2020-06-25,"{""type"":""MultiPoint"",""coordinates"":[]}"
8_1806_0,974,401,306,626,389,973,2753,3203,3056,3280,3,floating_plants,WI0007_20200625,-0.28109437566636447,1,Winam,34.679637946266226,2020-06-25,"{""type"":""MultiPoint"",""coordinates"":[]}"
8_1807_0,1336,593,294,555,379,729,2577,3439,3334,3798,3,floating_plants,WI0008_20200625,-0.2704514945896348,1,Winam,34.689423590817306,2020-06-25,"{""type"":""MultiPoint"",""coordinates"":[]}"
8_1808_0,1365,615,274,539,352,737,2451,3146,3162,3475,3,floating_plants,WI0009_20200625,-0.3062424344963958,1,Winam,34.694230574105525,2020-06-25,"{""type"":""MultiPoint"",""coordinates"":[]}"
8_1809_0,1609,718,273,571,382,783,2597,3303,3348,3569,3,floating_plants,WI0010_20200625,-0.29491294060253725,1,Winam,34.70418789663119,2020-06-25,"{""type"":""MultiPoint"",""coordinates"":[]}"
8_1810_0,1532,697,315,626,412,890,2816,3403,3426,3645,3,floating_plants,WI0011_20200625,-0.30710072900597163,1,Winam,34.719209719406955,2020-06-25,"{""type"":""MultiPoint"",""coordinates"":[]}"
8_1811_0,1596,734,320,614,434,850,2697,3347,3312,3715,3,floating_plants,WI0012_20200625,-0.3140529119770441,1,Winam,34.72109817712732,2020-06-25,"{""type"":""MultiPoint"",""coordinates"":[]}"
8_1812_0,1516,659,284,582,352,781,2911,3820,3652,4068,3,floating_plants,WI0013_20200625,-0.3168852814972351,1,Winam,34.67380089513051,2020-06-25,"{""type"":""MultiPoint"",""coordinates"":[]}"
8_1813_0,1147,456,315,620,351,932,3130,3735,3522,4004,3,floating_plants,WI0014_20200625,-0.27130979180148623,1,Winam,34.705303803465966,2020-06-25,"{""type"":""MultiPoint"",""coordinates"":[]}"
8_1814_0,1205,472,291,589,311,887,3238,3922,3964,4110,3,floating_plants,WI0015_20200625,-0.2746571503442607,1,Winam,34.71174172751272,2020-06-25,"{""type"":""MultiPoint"",""coordinates"":[]}"
8_1815_0,1373,608,295,543,307,708,2595,3479,3558,3844,3,floating_plants,WI0016_20200625,-0.2996335644850799,1,Winam,34.751656856602594,2020-06-25,"{""type"":""MultiPoint"",""coordinates"":[]}"
8_1816_0,1395,624,282,510,341,669,2415,3256,3238,3582,3,floating_plants,WI0017_20200625,-0.29431213378228144,1,Winam,34.735948321928525,2020-06-25,"{""type"":""MultiPoint"",""coordinates"":[]}"
8_1817_0,1127,452,328,658,397,889,2679,3433,3204,3777,3,floating_plants,WI0018_20200625,-0.32821475401359335,1,Winam,34.722643652345155,2020-06-25,"{""type"":""MultiPoint"",""coordinates"":[]}"
8_1818_0,1396,601,283,546,329,709,2684,3446,3696,3801,3,floating_plants,WI0019_20200625,-0.3320770705120819,1,Winam,34.702299812357424,2020-06-25,"{""type"":""MultiPoint"",""coordinates"":[]}"
8_1819_0,1021,414,325,683,349,1040,3250,3917,3796,4065,3,floating_plants,WI0020_20200625,-0.3290730466982941,1,Winam,34.69766450704376,2020-06-25,"{""type"":""MultiPoint"",""coordinates"":[]}"
8_1820_0,1052,413,321,651,362,1058,3328,3956,3950,4075,3,floating_plants,WI0021_20200625,-0.32426660671817464,1,Winam,34.689423964263895,2020-06-25,"{""type"":""MultiPoint"",""coordinates"":[]}"
8_1821_0,972,397,317,675,363,1074,3267,3749,3682,3933,3,floating_plants,WI0022_20200625,-0.3174002599392454,1,Winam,34.69929544780226,2020-06-25,"{""type"":""MultiPoint"",""coordinates"":[]}"
8_1822_0,830,344,385,737,490,989,2412,2658,2666,2888,3,floating_plants,WI0023_20200625,-0.30916063779605035,1,Winam,34.70341571919221,2020-06-25,"{""type"":""MultiPoint"",""coordinates"":[]}"
8_1823_0,676,316,373,708,445,1013,2389,2796,2814,2682,3,floating_plants,WI0024_20200625,-0.3035817233293471,1,Winam,34.70315820223033,2020-06-25,"{""type"":""MultiPoint"",""coordinates"":[]}"
8_1824_0,1107,471,314,605,355,952,3000,3581,3340,3775,3,floating_plants,WI0025_20200625,-0.2991185896811025,1,Winam,34.69354423565381,2020-06-25,"{""type"":""MultiPoint"",""coordinates"":[]}"
8_1825_0,922,395,339,652,408,945,2569,3041,3000,3108,3,floating_plants,WI0026_20200625,-0.3010068387553748,1,Winam,34.71311552475596,2020-06-25,"{""type"":""MultiPoint"",""coordinates"":[]}"
8_1826_0,967,385,315,652,372,942,2701,3116,3306,3259,3,floating_plants,WI0027_20200625,-0.3066715840083725,1,Winam,34.71277216880681,2020-06-25,"{""type"":""MultiPoint"",""coordinates"":[]}"
8_1827_0,972,394,298,643,344,929,2683,3091,3362,3371,3,floating_plants,WI0028_20200625,-0.318430212249094,1,Winam,34.714317270578015,2020-06-25,"{""type"":""MultiPoint"",""coordinates"":[]}"
8_1828_0,544,249,563,951,794,1089,1996,2046,1372,2043,3,floating_plants,WI0029_20200625,-0.33310702132420733,1,Winam,34.71792250804422,2020-06-25,"{""type"":""MultiPoint"",""coordinates"":[]}"
8_1829_0,712,278,608,937,823,1046,1864,2212,999,2335,3,floating_plants,WI0030_20200625,-0.33448028890622833,1,Winam,34.72375955917994,2020-06-25,"{""type"":""MultiPoint"",""coordinates"":[]}"
8_1830_0,957,400,321,646,427,1006,2790,3343,3298,3388,3,floating_plants,WI0031_20200625,-0.3353385810474486,1,Winam,34.72951077132838,2020-06-25,"{""type"":""MultiPoint"",""coordinates"":[]}"
8_1831_0,1213,486,290,622,345,973,3190,3860,3718,4070,3,floating_plants,WI0032_20200625,-0.33860009049617257,1,Winam,34.737579636133646,2020-06-25,"{""type"":""MultiPoint"",""coordinates"":[]}"
8_1832_0,703,292,404,780,564,1126,2599,2686,2746,2761,3,floating_plants,WI0033_20200625,-0.33757014026197935,1,Winam,34.72547633892574,2020-06-25,"{""type"":""MultiPoint"",""coordinates"":[]}"
8_1833_0,594,246,481,879,719,1100,1830,2091,1948,2009,3,floating_plants,WI0034_20200625,-0.33782762783076903,1,Winam,34.70624840577275,2020-06-25,"{""type"":""MultiPoint"",""coordinates"":[]}"
8_1834_0,1022,411,308,624,323,973,2884,3500,3784,3668,3,floating_plants,WI0035_20200625,-0.3288155589006317,1,Winam,34.70693511767109,2020-06-25,"{""type"":""MultiPoint"",""coordinates"":[]}"
8_1835_0,1011,413,345,655,402,1034,2989,3627,3410,3735,3,floating_plants,WI0036_20200625,-0.3237516308700721,1,Winam,34.66547488680996,2020-06-25,"{""type"":""MultiPoint"",""coordinates"":[]}"
8_1836_0,1048,431,317,602,322,974,2961,3715,3772,3832,3,floating_plants,WI0037_20200625,-0.32744229053436225,1,Winam,34.671912810856746,2020-06-25,"{""type"":""MultiPoint"",""coordinates"":[]}"
8_1837_0,836,371,416,714,542,1198,2769,3172,3054,3358,3,floating_plants,WI0038_20200625,-0.33413697202869,1,Winam,34.668135895415986,2020-06-25,"{""type"":""MultiPoint"",""coordinates"":[]}"
8_1838_0,1343,594,271,510,337,663,2469,3416,3310,3701,3,floating_plants,WI0039_20200625,-0.32117675123805844,1,Winam,34.651998165805445,2020-06-25,"{""type"":""MultiPoint"",""coordinates"":[]}"
8_1839_0,916,378,345,677,402,991,2691,3049,3134,3134,3,floating_plants,WI0040_20200625,-0.3123363279883468,1,Winam,34.66109487022677,2020-06-25,"{""type"":""MultiPoint"",""coordinates"":[]}"
8_1840_0,1047,425,301,650,335,1001,3030,3666,3684,3849,3,floating_plants,WI0041_20200625,-0.31576950363039474,1,Winam,34.66538681959124,2020-06-25,"{""type"":""MultiPoint"",""coordinates"":[]}"
8_1841_0,1417,619,334,589,395,953,2759,3650,3608,3851,3,floating_plants,WI0042_20200625,-0.3186447873587537,1,Winam,34.669678768955755,2020-06-25,"{""type"":""MultiPoint"",""coordinates"":[]}"
8_1842_0,1125,452,309,648,336,1045,3360,3994,3934,4156,3,floating_plants,WI0043_20200625,-0.32349414466091864,1,Winam,34.67092343427149,2020-06-25,"{""type"":""MultiPoint"",""coordinates"":[]}"
8_1843_0,1079,439,300,628,354,1018,3274,3946,3876,4161,3,floating_plants,WI0044_20200625,-0.3207905209618797,1,Winam,34.67852018464664,2020-06-25,"{""type"":""MultiPoint"",""coordinates"":[]}"
8_1844_0,926,387,352,744,415,1278,3645,4217,4384,4276,3,floating_plants,WI0045_20200625,-0.32280751013869224,1,Winam,34.681953744138255,2020-06-25,"{""type"":""MultiPoint"",""coordinates"":[]}"
8_1845_0,1095,431,298,641,351,1080,3533,4207,4036,4353,3,floating_plants,WI0046_20200625,-0.32109092363051217,1,Winam,34.68551606211078,2020-06-25,"{""type"":""MultiPoint"",""coordinates"":[]}"
8_1846_0,913,380,330,745,413,1257,3551,4266,4672,4488,3,floating_plants,WI0047_20200625,-0.3270131458559763,1,Winam,34.68302673147935,2020-06-25,"{""type"":""MultiPoint"",""coordinates"":[]}"
8_1847_0,868,364,393,799,455,1289,3184,3808,3746,3903,3,floating_plants,WI0048_20200625,-0.32478158426478243,1,Winam,34.677103841356356,2020-06-25,"{""type"":""MultiPoint"",""coordinates"":[]}"
8_1848_0,666,285,425,843,514,1294,2760,3058,3920,3374,3,floating_plants,WI0049_20200625,-0.3287297313579815,1,Winam,34.689207138564264,2020-06-25,"{""type"":""MultiPoint"",""coordinates"":[]}"
8_1849_0,1023,393,334,677,392,998,2988,3543,3382,3704,3,floating_plants,WI0051_20200625,-0.3244382670530696,1,Winam,34.692941134511386,2020-06-25,"{""type"":""MultiPoint"",""coordinates"":[]}"
8_1850_0,1039,419,301,627,336,1000,3160,3878,4036,3977,3,floating_plants,WI0052_20200625,-0.32675565800532586,1,Winam,34.695773821091926,2020-06-25,"{""type"":""MultiPoint"",""coordinates"":[]}"
8_1851_0,931,374,322,686,375,1074,3044,3638,3410,3728,3,floating_plants,WI0054_20200625,-0.31624156519278745,1,Winam,34.7081346352617,2020-06-25,"{""type"":""MultiPoint"",""coordinates"":[]}"
8_1852_0,856,371,387,731,474,1047,2791,3066,2800,3150,3,floating_plants,WI0055_20200625,-0.31083431329160394,1,Winam,34.70066664336746,2020-06-25,"{""type"":""MultiPoint"",""coordinates"":[]}"
8_1853_0,1614,726,328,634,394,783,2867,3720,3706,4017,3,floating_plants,WI0056_20200625,-0.31392417186291394,1,Winam,34.70843507171722,2020-06-25,"{""type"":""MultiPoint"",""coordinates"":[]}"
8_1854_0,920,379,350,664,432,982,2693,3209,3078,3073,3,floating_plants,WI0057_20200625,-0.3113922044896554,1,Winam,34.71148235576604,2020-06-25,"{""type"":""MultiPoint"",""coordinates"":[]}"
8_1855_0,957,379,355,675,418,942,2707,3043,2824,3234,3,floating_plants,WI0058_20200625,-0.31843021397380705,1,Winam,34.717705682344544,2020-06-25,"{""type"":""MultiPoint"",""coordinates"":[]}"
8_1856_0,776,341,401,706,463,1111,2614,2957,2958,2929,3,floating_plants,WI0059_20200625,-0.32160589961329217,1,Winam,34.71744816538267,2020-06-25,"{""type"":""MultiPoint"",""coordinates"":[]}"
8_1857_0,993,410,310,626,353,971,2852,3361,3370,3554,3,floating_plants,WI0060_20200625,-0.3215629849490581,1,Winam,34.71341373298004,2020-06-25,"{""type"":""MultiPoint"",""coordinates"":[]}"
8_1858_0,1402,621,289,538,340,699,2474,3276,3284,3527,3,floating_plants,WI0061_20200625,-0.325210731899354,1,Winam,34.71173857396357,2020-06-25,"{""type"":""MultiPoint"",""coordinates"":[]}"
8_1859_0,1479,669,315,627,352,960,3232,4000,4124,4197,3,floating_plants,WI0062_20200625,-0.34035959142073235,1,Winam,34.711996090925446,2020-06-25,"{""type"":""MultiPoint"",""coordinates"":[]}"
8_1860_0,845,353,366,714,441,1039,2764,3180,2908,3135,3,floating_plants,WI0063_20200625,-0.3326778780266401,1,Winam,34.71212484940641,2020-06-25,"{""type"":""MultiPoint"",""coordinates"":[]}"
8_1861_0,898,372,354,688,419,1006,2738,3235,3066,3233,3,floating_plants,WI0064_20200625,-0.3327207926433439,1,Winam,34.70796165852281,2020-06-25,"{""type"":""MultiPoint"",""coordinates"":[]}"
8_1862_0,1015,412,351,665,362,969,3018,3445,3454,3598,3,floating_plants,WI0065_20200625,-0.327914354417593,1,Winam,34.70997887472413,2020-06-25,"{""type"":""MultiPoint"",""coordinates"":[]}"
8_1863_0,1082,440,327,619,345,955,3099,3639,3724,3772,3,floating_plants,WI0066_20200625,-0.3289013910283441,1,Winam,34.71435666307592,2020-06-25,"{""type"":""MultiPoint"",""coordinates"":[]}"
8_1864_0,1047,402,342,666,416,932,2992,3460,3312,3699,3,floating_plants,WI0067_20200625,-0.3298025982833635,1,Winam,34.71920656585782,2020-06-25,"{""type"":""MultiPoint"",""coordinates"":[]}"
8_1865_0,972,409,358,688,492,1038,2765,3515,3054,3367,3,floating_plants,WI0068_20200625,-0.33426571872024546,1,Winam,34.726459960283826,2020-06-25,"{""type"":""MultiPoint"",""coordinates"":[]}"
8_1866_0,615,269,335,737,436,1171,2372,2787,3718,2628,3,floating_plants,WI0069_20200625,-0.33782763069186883,1,Winam,34.727747545093195,2020-06-25,"{""type"":""MultiPoint"",""coordinates"":[]}"
8_1867_0,770,304,357,645,382,1087,2385,2944,3370,2902,3,floating_plants,WI0070_20200625,-0.33765597231342204,1,Winam,34.73015103673731,2020-06-25,"{""type"":""MultiPoint"",""coordinates"":[]}"
8_1868_0,1129,453,325,636,372,970,3108,3786,3624,3873,3,floating_plants,WI0071_20200625,-0.335295669303231,1,Winam,34.732511608887776,2020-06-25,"{""type"":""MultiPoint"",""coordinates"":[]}"
8_1869_0,1126,459,320,640,360,940,3115,3817,3640,4026,3,floating_plants,WI0072_20200625,-0.3313475248162802,1,Winam,34.72950724433264,2020-06-25,"{""type"":""MultiPoint"",""coordinates"":[]}"
8_1870_0,1201,474,303,618,335,978,3402,4071,4018,4341,3,floating_plants,WI0073_20200625,-0.3250390733022505,1,Winam,34.72615952382831,2020-06-25,"{""type"":""MultiPoint"",""coordinates"":[]}"
8_1871_0,938,368,328,709,398,1067,3133,3629,3912,3737,3,floating_plants,WI0074_20200625,-0.3357248159076845,1,Winam,34.70390391366325,2020-06-25,"{""type"":""MultiPoint"",""coordinates"":[]}"
8_1872_0,1140,466,290,616,319,966,3530,4271,4160,4380,3,floating_plants,WI0075_20200625,-0.32986697078715294,1,Winam,34.702702167841196,2020-06-25,"{""type"":""MultiPoint"",""coordinates"":[]}"
8_1873_0,973,415,306,666,361,1024,3085,3543,3704,3639,3,floating_plants,WI0076_20200625,-0.3273779219962665,1,Winam,34.70199399619603,2020-06-25,"{""type"":""MultiPoint"",""coordinates"":[]}"
8_1874_0,851,361,337,658,403,982,2649,3230,3356,3274,3,floating_plants,WI0077_20200625,-0.33029611706762246,1,Winam,34.712359053911314,2020-06-25,"{""type"":""MultiPoint"",""coordinates"":[]}"
8_1875_0,839,359,342,727,396,1164,3103,3369,3396,3286,3,floating_plants,WI0078_20200625,-0.3339009450896546,1,Winam,34.706607841762875,2020-06-25,"{""type"":""MultiPoint"",""coordinates"":[]}"
8_1876_0,778,348,358,678,405,1077,2837,3248,3408,3141,3,floating_plants,WI0079_20200625,-0.33578918844535327,1,Winam,34.715404925087114,2020-06-25,"{""type"":""MultiPoint"",""coordinates"":[]}"
8_1877_0,725,289,391,952,476,1420,3330,3844,4484,3862,3,floating_plants,WI0080_20200625,-0.33922235609688095,1,Winam,34.718108853186735,2020-06-25,"{""type"":""MultiPoint"",""coordinates"":[]}"
8_1878_0,957,398,338,681,422,1044,2978,3498,3186,3464,3,floating_plants,WI0081_20200625,-0.33469486600243703,1,Winam,34.72104883850145,2020-06-25,"{""type"":""MultiPoint"",""coordinates"":[]}"
8_1879_0,631,257,384,753,451,1152,2341,2474,3364,2628,3,floating_plants,WI0082_20200625,-0.33799929026003384,1,Winam,34.72162825166566,2020-06-25,"{""type"":""MultiPoint"",""coordinates"":[]}"
8_1880_0,999,418,329,662,409,989,2942,3428,3232,3509,3,floating_plants,WI0083_20200625,-0.32722772036543984,1,Winam,34.71920369031893,2020-06-25,"{""type"":""MultiPoint"",""coordinates"":[]}"
8_1881_0,944,405,345,666,414,1005,2867,3217,2952,3371,3,floating_plants,WI0084_20200625,-0.32546821995878883,1,Winam,34.72143550398848,2020-06-25,"{""type"":""MultiPoint"",""coordinates"":[]}"
8_1882_0,879,381,340,673,372,1068,2852,3292,3164,3400,3,floating_plants,WI0085_20200625,-0.3223998215784056,1,Winam,34.721585923462484,2020-06-25,"{""type"":""MultiPoint"",""coordinates"":[]}"
8_1883_0,981,407,331,628,379,995,2928,3426,3366,3585,3,floating_plants,WI0086_20200625,-0.31817272661520113,1,Winam,34.721156728526005,2020-06-25,"{""type"":""MultiPoint"",""coordinates"":[]}"
8_1884_0,1085,454,332,641,394,973,3047,3680,3360,3864,3,floating_plants,WI0087_20200625,-0.3202755456473088,1,Winam,34.72684356143399,2020-06-25,"{""type"":""MultiPoint"",""coordinates"":[]}"
8_1885_0,1052,433,318,619,372,924,2830,3338,3270,3522,3,floating_plants,WI0088_20200625,-0.2924238847904618,1,Winam,34.70907881847844,2020-06-25,"{""type"":""MultiPoint"",""coordinates"":[]}"
8_1886_0,684,292,487,854,725,1088,2147,2446,1932,2621,3,floating_plants,WI0089_20200625,-0.2870595358575568,1,Winam,34.69603129241035,2020-06-25,"{""type"":""MultiPoint"",""coordinates"":[]}"
8_1887_0,752,309,376,708,502,960,1851,2129,2512,2121,3,floating_plants,WI0090_20200625,-0.2814376954762979,1,Winam,34.71195442455266,2020-06-25,"{""type"":""MultiPoint"",""coordinates"":[]}"
8_1888_0,1456,691,312,595,397,943,2586,3209,3182,3507,3,floating_plants,WI0091_20200625,-0.28697370625407254,1,Winam,34.724830272646145,2020-06-25,"{""type"":""MultiPoint"",""coordinates"":[]}"
8_1889_0,1074,435,303,630,360,954,2859,3486,3386,3557,3,floating_plants,WI0092_20200625,-0.29276720303542236,1,Winam,34.72779171770768,2020-06-25,"{""type"":""MultiPoint"",""coordinates"":[]}"
8_1890_0,840,338,394,708,490,941,2250,2535,2520,2514,3,floating_plants,WI0093_20200625,-0.2913081004220206,1,Winam,34.71779147568837,2020-06-25,"{""type"":""MultiPoint"",""coordinates"":[]}"
8_1891_0,1395,616,315,661,393,844,2887,3676,3762,4081,3,floating_plants,WI0094_20200625,-0.2970586802060977,1,Winam,34.72478735315251,2020-06-25,"{""type"":""MultiPoint"",""coordinates"":[]}"
8_1892_0,971,399,300,642,394,921,2505,3170,2788,3200,3,floating_plants,WI0095_20200625,-0.29976230996947484,1,Winam,34.73131111618657,2020-06-25,"{""type"":""MultiPoint"",""coordinates"":[]}"
8_1893_0,826,348,309,618,361,960,2332,2630,3112,2945,3,floating_plants,WI0096_20200625,-0.3027663422567819,1,Winam,34.73504511213369,2020-06-25,"{""type"":""MultiPoint"",""coordinates"":[]}"
8_1894_0,857,354,350,630,398,986,2490,2892,3120,2900,3,floating_plants,WI0097_20200625,-0.2803648248650092,1,Winam,34.69444327114547,2020-06-25,"{""type"":""MultiPoint"",""coordinates"":[]}"
8_1895_0,815,351,493,791,657,1006,2352,2791,1804,2748,3,floating_plants,WI0098_20200625,-0.2682199200239152,1,Winam,34.698435738418006,2020-06-25,"{""type"":""MultiPoint"",""coordinates"":[]}"
8_1896_0,1094,464,294,593,339,988,3080,3617,3624,3843,3,floating_plants,WI0099_20200625,-0.2581778357137844,1,Winam,34.63766735371339,2020-06-25,"{""type"":""MultiPoint"",""coordinates"":[]}"
8_1897_0,962,410,462,735,619,988,2239,2778,2336,3069,3,floating_plants,WI0100_20200625,-0.31965328278231003,1,Winam,34.81509709132816,2020-06-25,"{""type"":""MultiPoint"",""coordinates"":[]}"
8_1898_0,1031,435,338,647,442,994,2511,2927,3030,3202,3,floating_plants,WI0101_20200625,-0.31497558243773627,1,Winam,34.81003259107803,2020-06-25,"{""type"":""MultiPoint"",""coordinates"":[]}"
8_1899_0,1205,511,291,585,335,925,2966,3604,3540,3911,3,floating_plants,WI0102_20200625,-0.3245455542572242,1,Winam,34.81762934145319,2020-06-25,"{""type"":""MultiPoint"",""coordinates"":[]}"
8_1900_0,1655,864,275,509,450,789,1767,2156,2192,2536,1,LEV,WI0103_20200625,-0.305641630482865,0,Winam,34.75740110604651,2020-06-25,"{""type"":""MultiPoint"",""coordinates"":[]}"
8_1901_0,1401,656,335,611,382,860,2444,2939,3112,3102,1,LEV,WI0104_20200625,-0.306843242844412,0,Winam,34.7626372842712,2020-06-25,"{""type"":""MultiPoint"",""coordinates"":[]}"
8_1902_0,1791,1029,349,516,544,844,1396,1663,1748,1962,1,LEV,WI0105_20200625,-0.2986894420543678,0,Winam,34.763495674144096,2020-06-25,"{""type"":""MultiPoint"",""coordinates"":[]}"
8_1903_0,1485,740,329,593,403,896,2401,2953,3128,3303,1,LEV,WI0106_20200625,-0.30332423483499055,0,Winam,34.7747405814791,2020-06-25,"{""type"":""MultiPoint"",""coordinates"":[]}"
8_1904_0,1803,843,362,692,405,984,3302,4156,4058,4433,1,LEV,WI0107_20200625,-0.31928850569754774,0,Winam,34.76066298756352,2020-06-25,"{""type"":""MultiPoint"",""coordinates"":[]}"
8_1905_0,1354,597,323,640,372,1064,2831,3384,3828,3825,1,LEV,WI0108_20200625,-0.32306499630078617,0,Winam,34.83542874549318,2020-06-25,"{""type"":""MultiPoint"",""coordinates"":[]}"
8_1906_0,1090,478,286,630,380,1084,2577,2919,2814,3194,1,LEV,WI0109_20200625,-0.31868770024602455,0,Winam,34.84152331359078,2020-06-25,"{""type"":""MultiPoint"",""coordinates"":[]}"
8_1907_0,1561,886,351,561,578,947,1780,2019,1602,2247,1,LEV,WI0110_20200625,-0.30898897886833454,0,Winam,34.85388412776056,2020-06-25,"{""type"":""MultiPoint"",""coordinates"":[]}"
8_1908_0,2541,1457,444,811,639,1298,2864,3331,3370,3613,1,LEV,WI0111_20200625,-0.33525275177221037,0,Winam,34.82109363461573,2020-06-25,"{""type"":""MultiPoint"",""coordinates"":[]}"
8_1909_0,1944,1267,561,944,996,1362,1907,2105,1968,2222,1,LEV,WI0112_20200625,-0.3320770704475802,0,Winam,34.79328180273375,2020-06-25,"{""type"":""MultiPoint"",""coordinates"":[]}"
8_1910_0,2209,1280,416,767,612,1292,2453,2756,2850,2987,1,LEV,WI0113_20200625,-0.3309612902800411,0,Winam,34.780749310589414,2020-06-25,"{""type"":""MultiPoint"",""coordinates"":[]}"
8_1911_0,1683,880,327,560,539,1003,2439,2908,2938,3277,1,LEV,WI0114_20200625,-0.34100330721877214,0,Winam,34.76512661490263,2020-06-25,"{""type"":""MultiPoint"",""coordinates"":[]}"
8_1912_0,525,314,321,489,474,1013,1358,1499,1200,1442,1,LEV,WI0115_20200625,-0.29997688469076333,0,Winam,34.782637768309776,2020-06-25,"{""type"":""MultiPoint"",""coordinates"":[]}"
8_1913_0,2472,1453,439,819,572,1343,3151,3664,3902,3769,1,LEV,WI0116_20200625,-0.29405464731923064,0,Winam,34.78924737033112,2020-06-25,"{""type"":""MultiPoint"",""coordinates"":[]}"
8_1914_0,2402,1246,466,1001,645,1352,3386,3906,4196,4118,1,LEV,WI0117_20200625,-0.305641630482865,0,Winam,34.794569387543085,2020-06-25,"{""type"":""MultiPoint"",""coordinates"":[]}"
8_1915_0,1403,668,271,518,383,800,2235,2736,2578,2880,1,LEV,WI0118_20200625,-0.3186018708929008,0,Winam,34.76564164882633,2020-06-25,"{""type"":""MultiPoint"",""coordinates"":[]}"
8_1916_0,1527,748,264,526,415,785,2136,2659,2574,2944,1,LEV,WI0119_20200625,-0.2995477371621296,0,Winam,34.75843117389396,2020-06-25,"{""type"":""MultiPoint"",""coordinates"":[]}"
8_1917_0,1859,924,336,720,383,1144,3041,3547,3550,3755,1,LEV,WI0120_20200625,-0.3560233987084217,0,Winam,34.64298932113251,2020-06-25,"{""type"":""MultiPoint"",""coordinates"":[]}"
8_1918_0,1787,910,291,617,351,1090,2752,3204,3220,3407,1,LEV,WI0121_20200625,-0.3764506832212718,0,Winam,34.70874198539669,2020-06-25,"{""type"":""MultiPoint"",""coordinates"":[]}"
8_1919_0,1661,739,289,661,339,1145,3076,3545,3426,3844,1,LEV,WI0122_20200625,-0.3615164545623485,0,Winam,34.80007466787333,2020-06-25,"{""type"":""MultiPoint"",""coordinates"":[]}"
8_1920_0,1627,773,251,622,347,1050,2630,3003,2944,3368,1,LEV,WI0123_20200625,-0.3688977431244438,0,Winam,34.77037437827096,2020-06-25,"{""type"":""MultiPoint"",""coordinates"":[]}"
8_1921_0,2160,944,371,840,420,1434,3808,4322,4160,4600,1,LEV,WI0124_20200625,-0.36306137592477744,0,Winam,34.820676024822944,2020-06-25,"{""type"":""MultiPoint"",""coordinates"":[]}"
8_1922_0,1653,865,235,519,341,918,2062,2378,2392,2619,1,LEV,WI0125_20200625,-0.3573966629806812,0,Winam,34.84488261923875,2020-06-25,"{""type"":""MultiPoint"",""coordinates"":[]}"
8_1923_0,2360,1217,413,791,586,1308,2893,3447,3122,3730,1,LEV,WI0126_20200625,-0.35447847393329573,0,Winam,34.58221981608803,2020-06-25,"{""type"":""MultiPoint"",""coordinates"":[]}"
8_1924_0,638,361,340,478,412,679,1007,1113,947,1030,1,LEV,WI0127_20200625,-0.3460672244427738,0,Winam,34.62239246213979,2020-06-25,"{""type"":""MultiPoint"",""coordinates"":[]}"
8_1925_0,2404,1425,494,706,628,1174,2432,2801,2750,3224,1,LEV,WI0128_20200625,-0.35705334470743916,0,Winam,34.619988970495676,2020-06-25,"{""type"":""MultiPoint"",""coordinates"":[]}"
8_1926_0,1580,703,247,572,318,933,2980,3567,3296,3743,1,LEV,WI0129_20200625,-0.22032683123938127,0,Winam,34.80872975818379,2020-06-25,"{""type"":""MultiPoint"",""coordinates"":[]}"
8_1927_0,601,312,317,463,376,815,1238,1304,1318,1352,1,LEV,WI0130_20200625,-0.21869606027986524,0,Winam,34.82967447108254,2020-06-25,"{""type"":""MultiPoint"",""coordinates"":[]}"
8_1928_0,214,136,275,322,239,337,318,335,211,286,1,LEV,WI0131_20200625,-0.20410494396633408,0,Winam,34.81430929235763,2020-06-25,"{""type"":""MultiPoint"",""coordinates"":[]}"
8_1929_0,318,186,239,340,283,483,587,610,529,623,1,LEV,WI0132_20200625,-0.18007248671983123,0,Winam,34.80023259471394,2020-06-25,"{""type"":""MultiPoint"",""coordinates"":[]}"
8_1930_0,288,109,431,1013,507,1893,3207,3283,2566,3106,4,surface_algae,WI0133_20200625,-0.14453872318791686,0,Winam,34.65689327855351,2020-06-25,"{""type"":""MultiPoint"",""coordinates"":[]}"
8_1931_0,513,142,459,1144,513,2036,4831,5060,4740,4733,4,surface_algae,WI0134_20200625,-0.14780027842972002,0,Winam,34.674747787909816,2020-06-25,"{""type"":""MultiPoint"",""coordinates"":[]}"
8_1932_0,417,133,460,1116,503,1830,3280,3351,3272,3166,4,surface_algae,WI0135_20200625,-0.12840260109521384,0,Winam,34.67835302537602,2020-06-25,"{""type"":""MultiPoint"",""coordinates"":[]}"
8_1933_0,498,144,469,1078,478,1942,4093,4265,3942,4003,4,surface_algae,WI0136_20200625,-0.14471038400189246,0,Winam,34.70049948409683,2020-06-25,"{""type"":""MultiPoint"",""coordinates"":[]}"
8_1934_0,543,160,468,1120,497,1946,4031,4089,3738,3670,4,surface_algae,WI0137_20200625,-0.12170782397301858,0,Winam,34.718353993453185,2020-06-25,"{""type"":""MultiPoint"",""coordinates"":[]}"
8_1935_0,361,132,454,944,472,1705,2471,2411,2244,2125,4,surface_algae,WI0138_20200625,-0.14780027842972002,0,Winam,34.71303197624121,2020-06-25,"{""type"":""MultiPoint"",""coordinates"":[]}"
8_1936_0,146,70,582,999,793,1442,1229,1186,964,891,4,surface_algae,WI0139_20200625,-0.1431654366296125,0,Winam,34.64315904058708,2020-06-25,"{""type"":""MultiPoint"",""coordinates"":[]}"
8_1937_0,158,81,499,1007,688,1483,1402,1351,1188,1010,4,surface_algae,WI0140_20200625,-0.1325224630741462,0,Winam,34.65672160057891,2020-06-25,"{""type"":""MultiPoint"",""coordinates"":[]}"
8_1938_0,491,158,479,1148,522,2004,4290,4454,4042,4197,4,surface_algae,WI0141_20200625,-0.13767228958174046,0,Winam,34.681271550943876,2020-06-25,"{""type"":""MultiPoint"",""coordinates"":[]}"
8_1939_0,519,148,480,1154,512,2032,4431,4589,4208,4285,4,surface_algae,WI0142_20200625,-0.13681398523993785,0,Winam,34.69655089068152,2020-06-25,"{""type"":""MultiPoint"",""coordinates"":[]}"
8_1940_0,239,87,518,982,649,1628,2265,2468,1610,2140,4,surface_algae,WI0143_20200625,-0.16342140460451154,0,Winam,34.7042763995376,2020-06-25,"{""type"":""MultiPoint"",""coordinates"":[]}"
8_1941_0,158,83,562,1021,769,1378,1192,1168,998,815,4,surface_algae,WI0144_20200625,-0.18281904973973098,0,Winam,34.732431587368765,2020-06-25,"{""type"":""MultiPoint"",""coordinates"":[]}"
8_1942_0,151,70,422,863,520,1484,1948,1898,1784,1547,4,surface_algae,WI0145_20200625,-0.18110244478815044,0,Winam,34.68504846638464,2020-06-25,"{""type"":""MultiPoint"",""coordinates"":[]}"
8_1943_0,175,74,418,904,500,1507,1950,1989,1792,1495,4,surface_algae,WI0146_20200625,-0.17354938109070556,0,Winam,34.67406107601151,2020-06-25,"{""type"":""MultiPoint"",""coordinates"":[]}"
8_1944_0,116,83,589,938,689,1466,1413,1448,1114,999,4,surface_algae,WI0147_20200625,-0.16771292070655025,0,Winam,34.6481377018499,2020-06-25,"{""type"":""MultiPoint"",""coordinates"":[]}"
8_1945_0,122,50,511,968,705,1356,1135,1134,1011,793,4,surface_algae,WI0148_20200625,-0.20599319989596124,0,Winam,34.74908435090302,2020-06-25,"{""type"":""MultiPoint"",""coordinates"":[]}"
8_1946_0,139,77,457,930,589,1489,1500,1492,1312,1149,4,surface_algae,WI0149_20200625,-0.16204811925710796,0,Winam,34.66290200766378,2020-06-25,"{""type"":""MultiPoint"",""coordinates"":[]}"
8_1947_0,137,113,679,1072,957,1173,739,710,530,466,4,surface_algae,WI0150_20200625,-0.2459899949929862,0,Winam,34.71783952384878,2020-06-25,"{""type"":""MultiPoint"",""coordinates"":[]}"
8_1948_0,126,123,664,1001,789,1274,922,927,711,612,4,surface_algae,WI0151_20200625,-0.23105558605504567,0,Winam,34.70805387929771,2020-06-25,"{""type"":""MultiPoint"",""coordinates"":[]}"
8_1949_0,110,77,636,999,899,1123,641,627,522,397,4,surface_algae,WI0152_20200625,-0.2665891521003404,0,Winam,34.73947094864585,2020-06-25,"{""type"":""MultiPoint"",""coordinates"":[]}"
8_1950_0,108,83,620,938,763,1198,878,869,658,585,4,surface_algae,WI0153_20200625,-0.27826199266936175,0,Winam,34.7580121699005,2020-06-25,"{""type"":""MultiPoint"",""coordinates"":[]}"
8_1951_0,131,102,664,977,888,1150,696,700,554,454,4,surface_algae,WI0154_20200625,-0.28564334180485373,0,Winam,34.765737678756615,2020-06-25,"{""type"":""MultiPoint"",""coordinates"":[]}"
8_1952_0,143,118,714,1064,969,1208,706,694,558,460,4,surface_algae,WI0155_20200625,-0.24375841768332576,0,Winam,34.70513535372985,2020-06-25,"{""type"":""MultiPoint"",""coordinates"":[]}"
8_1953_0,134,125,718,1056,1007,1169,667,643,506,428,4,surface_algae,WI0156_20200625,-0.2528563843598098,0,Winam,34.70685213347565,2020-06-25,"{""type"":""MultiPoint"",""coordinates"":[]}"
8_1954_0,138,113,706,1056,896,1234,760,776,583,478,4,surface_algae,WI0157_20200625,-0.22642076410497075,0,Winam,34.65209002973135,2020-06-25,"{""type"":""MultiPoint"",""coordinates"":[]}"
8_1955_0,144,105,641,1028,822,1268,857,886,719,567,4,surface_algae,WI0158_20200625,-0.21509119840246962,0,Winam,34.65518023327377,2020-06-25,"{""type"":""MultiPoint"",""coordinates"":[]}"
8_1956_0,135,117,664,1028,816,1323,932,933,735,601,4,surface_algae,WI0159_20200625,-0.20788147036682997,0,Winam,34.66101728440948,2020-06-25,"{""type"":""MultiPoint"",""coordinates"":[]}"
8_1957_0,142,115,587,918,658,1387,1359,1375,1082,902,4,surface_algae,WI0160_20200625,-0.2029033190219148,0,Winam,34.64144976296871,2020-06-25,"{""type"":""MultiPoint"",""coordinates"":[]}"
8_1958_0,156,113,575,981,625,1477,1615,1639,1418,1163,4,surface_algae,WI0161_20200625,-0.1860806026434702,0,Winam,34.549602046568324,2020-06-25,"{""type"":""MultiPoint"",""coordinates"":[]}"
8_1959_0,130,114,644,1034,761,1421,1115,1154,968,770,4,surface_algae,WI0162_20200625,-0.1792141831028516,0,Winam,34.56488138630596,2020-06-25,"{""type"":""MultiPoint"",""coordinates"":[]}"
8_1960_0,126,100,713,1096,982,1455,1016,996,770,646,4,surface_algae,WI0163_20200625,-0.18299071417503524,0,Winam,34.65123540751975,2020-06-25,"{""type"":""MultiPoint"",""coordinates"":[]}"
8_1961_0,139,109,651,1070,832,1442,1403,1500,1144,1002,4,surface_algae,WI0164_20200625,-0.1749226695766678,0,Winam,34.610891083493435,2020-06-25,"{""type"":""MultiPoint"",""coordinates"":[]}"
8_1962_0,101,67,582,946,735,1408,1206,1213,1010,855,4,surface_algae,WI0165_20200625,-0.18539396080804174,0,Winam,34.675442001935565,2020-06-25,"{""type"":""MultiPoint"",""coordinates"":[]}"
8_1963_0,162,119,711,1102,913,1363,1100,1182,960,891,4,surface_algae,WI0166_20200625,-0.3026375934551829,0,Winam,34.606598437028595,2020-06-25,"{""type"":""MultiPoint"",""coordinates"":[]}"
8_1964_0,149,118,683,1074,813,1352,1112,1090,1005,764,4,surface_algae,WI0167_20200625,-0.2882182308639933,0,Winam,34.558185248197006,2020-06-25,"{""type"":""MultiPoint"",""coordinates"":[]}"
8_1965_0,149,127,684,1078,815,1401,1228,1242,1090,895,4,surface_algae,WI0168_20200625,-0.291308095844261,0,Winam,34.57878660514661,2020-06-25,"{""type"":""MultiPoint"",""coordinates"":[]}"
8_1966_0,140,85,545,944,624,1402,1540,1537,1200,1155,4,surface_algae,WI0169_20200625,-0.337484311546366,0,Winam,34.683335122347636,2020-06-25,"{""type"":""MultiPoint"",""coordinates"":[]}"
8_1967_0,133,89,464,915,521,1468,1905,1943,1704,1425,4,surface_algae,WI0170_20200625,-0.34005918897235965,0,Winam,34.69320049795926,2020-06-25,"{""type"":""MultiPoint"",""coordinates"":[]}"
8_1968_0,106,69,519,949,673,1314,1051,1044,935,707,4,surface_algae,WI0171_20200625,-0.33398677491063794,0,Winam,34.69358150365545,2020-06-25,"{""type"":""MultiPoint"",""coordinates"":[]}"
8_1969_0,292,114,439,1088,504,1793,3761,3803,4026,3362,4,surface_algae,WI0172_20200625,-0.33827823507935295,0,Winam,34.704204078332616,2020-06-25,"{""type"":""MultiPoint"",""coordinates"":[]}"
8_1970_0,148,109,780,1124,1094,1209,672,649,529,426,2,open_water,WI0173_20200625,-0.3454664265982469,0,Winam,34.70192934516942,2020-06-25,"{""type"":""MultiPoint"",""coordinates"":[]}"
8_1971_0,126,93,710,1130,1166,1197,633,623,498,418,2,open_water,WI0174_20200625,-0.33630416363598425,0,Winam,34.69574893808455,2020-06-25,"{""type"":""MultiPoint"",""coordinates"":[]}"
8_1972_0,180,132,741,1116,1146,1154,607,628,495,418,2,open_water,WI0175_20200625,-0.35319104386259753,0,Winam,34.68362622263795,2020-06-25,"{""type"":""MultiPoint"",""coordinates"":[]}"
8_1973_0,177,148,722,1052,1126,1158,616,600,495,390,2,open_water,WI0176_20200625,-0.34881376130268765,0,Winam,34.71242520287378,2020-06-25,"{""type"":""MultiPoint"",""coordinates"":[]}"
8_1974_0,158,114,722,1084,1148,1157,618,606,494,391,2,open_water,WI0177_20200625,-0.350144112101182,0,Winam,34.72491477552448,2020-06-25,"{""type"":""MultiPoint"",""coordinates"":[]}"
8_1975_0,173,121,700,1005,1064,1084,586,598,496,403,2,open_water,WI0178_20200625,-0.34864210312146077,0,Winam,34.743455996779126,2020-06-25,"{""type"":""MultiPoint"",""coordinates"":[]}"
8_1976_0,121,86,649,978,1006,1041,506,502,397,311,2,open_water,WI0179_20200625,-0.3258973659563162,0,Winam,34.76010605904961,2020-06-25,"{""type"":""MultiPoint"",""coordinates"":[]}"
8_1977_0,116,101,639,961,1030,1043,541,538,432,338,2,open_water,WI0180_20200625,-0.33963004317982537,0,Winam,34.75997730056866,2020-06-25,"{""type"":""MultiPoint"",""coordinates"":[]}"
8_1978_0,162,125,834,1172,1230,1210,642,634,493,414,2,open_water,WI0181_20200625,-0.32804309410573235,0,Winam,34.6194731730811,2020-06-25,"{""type"":""MultiPoint"",""coordinates"":[]}"
8_1979_0,154,130,835,1202,1286,1248,662,648,494,411,2,open_water,WI0182_20200625,-0.31860186959536174,0,Winam,34.5659096450121,2020-06-25,"{""type"":""MultiPoint"",""coordinates"":[]}"
8_1980_0,147,119,848,1224,1364,1365,750,732,576,465,2,open_water,WI0183_20200625,-0.21590658505408394,0,Winam,34.57290365524319,2020-06-25,"{""type"":""MultiPoint"",""coordinates"":[]}"
8_1981_0,151,128,866,1252,1420,1458,824,805,636,507,2,open_water,WI0184_20200625,-0.20929766816366926,0,Winam,34.56964177372618,2020-06-25,"{""type"":""MultiPoint"",""coordinates"":[]}"
8_1982_0,137,120,845,1250,1366,1481,881,866,679,557,2,open_water,WI0185_20200625,-0.1863380953599113,0,Winam,34.60049787303825,2020-06-25,"{""type"":""MultiPoint"",""coordinates"":[]}"
8_1983_0,154,118,806,1192,1334,1362,778,770,599,498,2,open_water,WI0186_20200625,-0.1680562455489099,0,Winam,34.61092967100642,2020-06-25,"{""type"":""MultiPoint"",""coordinates"":[]}"
8_1984_0,79,65,777,1122,1256,1267,662,678,533,402,2,open_water,WI0187_20200625,-0.15436630624487524,0,Winam,34.621831222392274,2020-06-25,"{""type"":""MultiPoint"",""coordinates"":[]}"
8_1985_0,88,64,736,1118,1252,1259,679,672,522,404,2,open_water,WI0188_20200625,-0.15355091772467233,0,Winam,34.60131570442994,2020-06-25,"{""type"":""MultiPoint"",""coordinates"":[]}"
8_1986_0,119,108,836,1202,1302,1345,720,731,560,440,2,open_water,WI0189_20200625,-0.1694724456323263,0,Winam,34.60015687810153,2020-06-25,"{""type"":""MultiPoint"",""coordinates"":[]}"
8_1987_0,133,102,738,1120,1208,1251,683,688,520,443,2,open_water,WI0190_20200625,-0.1610610743938861,0,Winam,34.55028655928107,2020-06-25,"{""type"":""MultiPoint"",""coordinates"":[]}"
8_1988_0,109,95,764,1108,1150,1278,781,760,598,494,2,open_water,WI0191_20200625,-0.1558254216883547,0,Winam,34.56217560757089,2020-06-25,"{""type"":""MultiPoint"",""coordinates"":[]}"
8_1989_0,111,72,745,1084,1166,1215,697,686,542,439,2,open_water,WI0192_20200625,-0.14754279006046103,0,Winam,34.567411785795585,2020-06-25,"{""type"":""MultiPoint"",""coordinates"":[]}"
8_1990_0,119,85,743,1084,1222,1265,687,702,525,426,2,open_water,WI0193_20200625,-0.14445289559722754,0,Winam,34.580588070344625,2020-06-25,"{""type"":""MultiPoint"",""coordinates"":[]}"
8_1991_0,100,76,753,1090,1240,1256,634,637,491,376,2,open_water,WI0194_20200625,-0.14410957284790185,0,Winam,34.600845274658965,2020-06-25,"{""type"":""MultiPoint"",""coordinates"":[]}"
8_1992_0,119,91,760,1114,1266,1292,690,676,520,429,2,open_water,WI0195_20200625,-0.1510189197019986,0,Winam,34.61063091921004,2020-06-25,"{""type"":""MultiPoint"",""coordinates"":[]}"
8_1993_0,77,58,775,1136,1224,1292,689,677,528,411,2,open_water,WI0196_20200625,-0.14501079212375131,0,Winam,34.630588483754984,2020-06-25,"{""type"":""MultiPoint"",""coordinates"":[]}"
8_1994_0,61,50,766,1130,1262,1273,686,672,527,405,2,open_water,WI0197_20200625,-0.17827004843136773,0,Winam,34.75277101238771,2020-06-25,"{""type"":""MultiPoint"",""coordinates"":[]}"
8_1995_0,75,57,747,1102,1262,1262,681,675,524,386,2,open_water,WI0198_20200625,-0.16848539567369042,0,Winam,34.743500401760386,2020-06-25,"{""type"":""MultiPoint"",""coordinates"":[]}"
8_1996_0,74,57,755,1118,1280,1260,663,660,527,406,2,open_water,WI0199_20200625,-0.20333247027534695,0,Winam,34.787187823851916,2020-06-25,"{""type"":""MultiPoint"",""coordinates"":[]}"
8_1997_0,70,48,731,1072,1216,1232,643,639,499,368,2,open_water,WI0200_20200625,-0.22890983612132348,0,Winam,34.80220514867076,2020-06-25,"{""type"":""MultiPoint"",""coordinates"":[]}"
8_1998_0,110,101,759,1090,1250,1257,681,683,544,425,2,open_water,WI0201_20200625,-0.2666749816418166,0,Winam,34.8200596580271,2020-06-25,"{""type"":""MultiPoint"",""coordinates"":[]}"
8_1999_0,117,85,683,1064,1216,1269,667,681,549,415,2,open_water,WI0202_20200625,-0.2944837913861104,0,Winam,34.847267264277384,2020-06-25,"{""type"":""MultiPoint"",""coordinates"":[]}"
