,test_region,val_region,run_ID,patch_size,loop,epoch,train_loss,val_loss,val_accuracy,val_f1,val_precision,val_recall,val_auroc,train_accuracy,train_f1,train_precision,train_recall,train_auroc
0,Hartbeespoort,Rodman,T-Har_V-Rod_15px_2026-07-21,15,inner,1,0.34166663214656573,0.9339201802371414,0.6723800301551819,0.7489681243896484,0.6074254512786865,0.976516604423523,0.8040347695350647,0.8543128371238708,0.8514184951782227,0.8641490340232849,0.8390575647354126,0.9291943311691284
1,Hartbeespoort,Rodman,T-Har_V-Rod_15px_2026-07-21,15,inner,2,0.2515531768643359,0.42686698678424845,0.8330068588256836,0.828384518623352,0.8528497219085693,0.805283784866333,0.8913050293922424,0.9057366847991943,0.9051021933555603,0.9066089391708374,0.9036004543304443,0.9618639945983887
2,Hartbeespoort,Rodman,T-Har_V-Rod_15px_2026-07-21,15,inner,3,0.2213676419132168,0.527313623646681,0.7492654323577881,0.710734486579895,0.8409090638160706,0.6154598593711853,0.8499894738197327,0.9201815724372864,0.9198508262634277,0.9190129041671753,0.9206902384757996,0.9695988893508911
3,Hartbeespoort,Rodman,T-Har_V-Rod_15px_2026-07-21,15,inner,4,0.19573833838388097,0.697392508548107,0.7389813661575317,0.6775559782981873,0.8874801993370056,0.5479452013969421,0.8568099737167358,0.9304168224334717,0.9300937056541443,0.9297082424163818,0.9304795265197754,0.975728452205658
4,Hartbeespoort,Rodman,T-Har_V-Rod_15px_2026-07-21,15,inner,5,0.19070952009598774,0.35239180832021266,0.887855052947998,0.8958617448806763,0.8368734121322632,0.9637964963912964,0.9562584161758423,0.933140754699707,0.9329692125320435,0.930658757686615,0.9352911710739136,0.976510226726532
5,Hartbeespoort,Rodman,T-Har_V-Rod_15px_2026-07-21,15,inner,6,0.16046427732292798,0.343335580989266,0.8741430044174194,0.8789448738098145,0.8474114537239075,0.912915825843811,0.9203484654426575,0.942302942276001,0.9422075152397156,0.9390243887901306,0.9454123377799988,0.9837907552719116
6,Hartbeespoort,Rodman,T-Har_V-Rod_15px_2026-07-21,15,inner,7,0.15553727320376576,0.3543465043783888,0.8785504698753357,0.8832391500473022,0.8511796593666077,0.9178082346916199,0.9372807741165161,0.945769727230072,0.9457069635391235,0.9420480728149414,0.9493944048881531,0.9842298030853271
7,Hartbeespoort,Rodman,T-Har_V-Rod_15px_2026-07-21,15,inner,8,0.15559985261538084,0.44541183525621597,0.8232125639915466,0.8204873204231262,0.8341759443283081,0.8072407245635986,0.9091362357139587,0.9450268149375916,0.94514000415802,0.9384917616844177,0.9518831968307495,0.983786940574646
8,Hartbeespoort,Rodman,T-Har_V-Rod_15px_2026-07-21,15,inner,9,0.1647889820156981,0.5148659570910672,0.8442703485488892,0.8465250730514526,0.8352380990982056,0.8581213355064392,0.8680068254470825,0.9437887072563171,0.9436771273612976,0.9407981634140015,0.9465737342834473,0.9820771217346191
9,Hartbeespoort,Rodman,T-Har_V-Rod_15px_2026-07-21,15,inner,10,0.15308625244228397,0.6738970301585613,0.8197845220565796,0.8247619271278381,0.8033395409584045,0.8473581075668335,0.8652310371398926,0.9453570246696472,0.9452621340751648,0.9421460628509521,0.9483988881111145,0.9843817949295044
10,Hartbeespoort,Rodman,T-Har_V-Rod_15px_2026-07-21,15,inner,11,0.13954560860739332,0.3209180134867594,0.8790401816368103,0.8819875717163086,0.8618113994598389,0.9031311273574829,0.9472411274909973,0.9508873224258423,0.9509116411209106,0.9456842541694641,0.9561971426010132,0.9870390892028809
11,Hartbeespoort,Rodman,T-Har_V-Rod_15px_2026-07-21,15,inner,12,0.1358486983090258,0.3572488632363274,0.8986287713050842,0.904033362865448,0.8590308427810669,0.9540117383003235,0.9365968704223633,0.9513000249862671,0.9512315988540649,0.9477845430374146,0.9547038078308105,0.9876244068145752
12,Hartbeespoort,Rodman,T-Har_V-Rod_15px_2026-07-21,15,inner,13,0.13525082302109495,0.4943485062689786,0.7615083456039429,0.804496169090271,0.6820966601371765,0.980430543422699,0.9197622537612915,0.9524556398391724,0.9524438381195068,0.9479047060012817,0.9570267200469971,0.9877930283546448
13,Hartbeespoort,Rodman,T-Har_V-Rod_15px_2026-07-21,15,inner,14,0.1315841375576087,0.3006621422893737,0.9020568132400513,0.9060150384902954,0.8716093897819519,0.9432485103607178,0.9473667740821838,0.9535287022590637,0.9534672498703003,0.9499341249465942,0.9570267200469971,0.9882414937019348
14,Hartbeespoort,Rodman,T-Har_V-Rod_15px_2026-07-21,15,inner,15,0.13252813897740973,0.3255515538747117,0.9030362367630005,0.9090073704719543,0.8570190668106079,0.9677103757858276,0.950329065322876,0.9551795125007629,0.9551351070404053,0.9512837529182434,0.9590177536010742,0.9883747696876526
15,Hartbeespoort,Rodman,T-Har_V-Rod_15px_2026-07-21,15,inner,16,0.1218242588758567,0.3088905807515199,0.8863859176635742,0.8899430632591248,0.8637200593948364,0.9178082346916199,0.9474329948425293,0.9560874700546265,0.9560257792472839,0.9525613784790039,0.9595155119895935,0.9904451966285706
16,Hartbeespoort,Rodman,T-Har_V-Rod_15px_2026-07-21,15,inner,17,0.11854645086900538,0.3692306882020425,0.8638589382171631,0.8682464361190796,0.841911792755127,0.8962817788124084,0.927346408367157,0.9579034447669983,0.9578233361244202,0.9548227787017822,0.9608428478240967,0.990847110748291
17,Hartbeespoort,Rodman,T-Har_V-Rod_15px_2026-07-21,15,inner,18,0.11582237757431836,0.4118472081440319,0.8476983308792114,0.8488089442253113,0.843478262424469,0.854207456111908,0.9180470705032349,0.9597193598747253,0.9596360921859741,0.9567870497703552,0.9625020623207092,0.9909817576408386
18,Hartbeespoort,Rodman,T-Har_V-Rod_15px_2026-07-21,15,inner,19,0.11800918966682426,0.3198917800018766,0.868756115436554,0.8701550364494324,0.8618042469024658,0.878669261932373,0.9428571462631226,0.9568303823471069,0.9567303657531738,0.9541254043579102,0.9593495726585388,0.9904515743255615
19,Hartbeespoort,Rodman,T-Har_V-Rod_15px_2026-07-21,15,inner,20,0.1222242926652157,0.3506752494850308,0.8707149624824524,0.8734419941902161,0.856203019618988,0.8913894295692444,0.9414988160133362,0.9561700224876404,0.9560175538063049,0.9545153975486755,0.9575244784355164,0.9902153015136719
20,Hartbeespoort,Rodman,T-Har_V-Rod_15px_2026-07-21,15,inner,21,0.11303442403200585,0.3633871436352594,0.8550440669059753,0.8544739484786987,0.8586956262588501,0.8502935171127319,0.9354121088981628,0.9612876772880554,0.9611851572990417,0.9588837623596191,0.9634975790977478,0.9912462830543518
21,Hartbeespoort,Rodman,T-Har_V-Rod_15px_2026-07-21,15,inner,22,0.10816749417973706,0.3440422780600164,0.86141037940979,0.8617488741874695,0.8604878187179565,0.8630136847496033,0.9385960102081299,0.962113082408905,0.9620504379272461,0.9588002562522888,0.965322732925415,0.9922593832015991
22,Hartbeespoort,Rodman,T-Har_V-Rod_15px_2026-07-21,15,inner,23,0.10893926625649299,0.42308251029947713,0.8388834595680237,0.8359102010726929,0.8524923920631409,0.8199608325958252,0.9210065007209778,0.9617829322814941,0.9617007374763489,0.9589244723320007,0.9644930958747864,0.992008626461029
23,Hartbeespoort,Rodman,T-Har_V-Rod_15px_2026-07-21,15,inner,24,0.10394478879570715,0.3459761878886022,0.8682664036750793,0.8688444495201111,0.8658891916275024,0.8718199729919434,0.9373685717582703,0.9630210399627686,0.962920069694519,0.9606936573982239,0.9651567935943604,0.9928349256515503
24,Hartbeespoort,Mula,T-Har_V-Mul_15px_2026-07-21,15,inner,1,0.3399245474781929,0.46297332644462585,0.8214285969734192,0.7937569618225098,0.9001263976097107,0.7098703980445862,0.8802502751350403,0.8570128083229065,0.8566213250160217,0.8594738841056824,0.8537876009941101,0.9297555088996887
25,Hartbeespoort,Mula,T-Har_V-Mul_15px_2026-07-21,15,inner,2,0.24780359715284964,0.37068998779109086,0.8479729890823364,0.8396946787834167,0.8575883507728577,0.8225324153900146,0.9171550273895264,0.9056681990623474,0.9061110019683838,0.9023950099945068,0.9098577499389648,0.9631444215774536
26,Hartbeespoort,Mula,T-Har_V-Mul_15px_2026-07-21,15,inner,3,0.2097573606150181,0.537455667284925,0.7466216087341309,0.6733043193817139,0.8956953883171082,0.5393818616867065,0.8886008262634277,0.9233760833740234,0.9240236282348633,0.9168023467063904,0.931359589099884,0.9731295108795166
27,Hartbeespoort,Mula,T-Har_V-Mul_15px_2026-07-21,15,inner,4,0.19647775050229557,0.4394468341785048,0.7953668236732483,0.7502944469451904,0.9165467619895935,0.6350947022438049,0.9289736151695251,0.9320645332336426,0.9325556755065918,0.9263913631439209,0.9388025403022766,0.975419282913208
28,Hartbeespoort,Mula,T-Har_V-Mul_15px_2026-07-21,15,inner,5,0.19147124903651866,0.5761020223836641,0.6920849680900574,0.5513361692428589,0.9355608820915222,0.3908275067806244,0.9376967549324036,0.9320645332336426,0.9323555827140808,0.9289115071296692,0.9358253479003906,0.9770404100418091
29,Hartbeespoort,Mula,T-Har_V-Mul_15px_2026-07-21,15,inner,6,0.15925818362238983,0.4665662969631578,0.7987451553344727,0.7599309086799622,0.8991825580596924,0.6580259203910828,0.9029338359832764,0.9439801573753357,0.9443119168281555,0.9392898082733154,0.9493880271911621,0.9837526082992554
30,Hartbeespoort,Mula,T-Har_V-Mul_15px_2026-07-21,15,inner,7,0.1581062760032994,0.5102589869130992,0.7384169697761536,0.6466753482818604,0.9340866208076477,0.4945164620876312,0.9437655210494995,0.9462970495223999,0.9467727541923523,0.9389946460723877,0.9546808004379272,0.9836130738258362
31,Hartbeespoort,Mula,T-Har_V-Mul_15px_2026-07-21,15,inner,8,0.14306259767873306,0.31746524008544713,0.8711389899253845,0.8620154857635498,0.8948497772216797,0.8315054774284363,0.9511064291000366,0.9501861929893494,0.950590968132019,0.9434669017791748,0.9578233361244202,0.9866188168525696
32,Hartbeespoort,Mula,T-Har_V-Mul_15px_2026-07-21,15,inner,9,0.14146230064076631,0.46766860248039127,0.8185328245162964,0.8167641162872314,0.7988560795783997,0.8354935050010681,0.869648277759552,0.9525030851364136,0.952896773815155,0.9456025958061218,0.960304319858551,0.9868289232254028
33,Hartbeespoort,Mula,T-Har_V-Mul_15px_2026-07-21,15,inner,10,0.14305791125028253,0.6399529365873015,0.6751930713653564,0.5147801041603088,0.9296875,0.35593220591545105,0.9333309531211853,0.9505171775817871,0.9508627653121948,0.9448072910308838,0.9569963812828064,0.9866307377815247
34,Hartbeespoort,Mula,T-Har_V-Mul_15px_2026-07-21,15,inner,11,0.12139321574875772,0.7582836339832733,0.6694015264511108,0.5103645324707031,0.9015151262283325,0.35593220591545105,0.9023247957229614,0.9573851823806763,0.9577834010124207,0.9494555592536926,0.966258704662323,0.9902302026748657
35,Hartbeespoort,Mula,T-Har_V-Mul_15px_2026-07-21,15,inner,12,0.12020444146638376,0.43627614956564886,0.7905405163764954,0.7398081421852112,0.927819550037384,0.6151545643806458,0.9396263957023621,0.958212673664093,0.958473801612854,0.9530662298202515,0.9639431238174438,0.990389347076416
36,Hartbeespoort,Mula,T-Har_V-Mul_15px_2026-07-21,15,inner,13,0.1207041626023171,0.4770050442932195,0.6954632997512817,0.565726101398468,0.9133333563804626,0.4097706973552704,0.9351524710655212,0.9579644203186035,0.9581823945045471,0.9537856578826904,0.9626199007034302,0.9903951287269592
37,Hartbeespoort,Mula,T-Har_V-Mul_15px_2026-07-21,15,inner,14,0.1159048224610142,0.6468530704040785,0.6394787430763245,0.43451929092407227,0.902515709400177,0.286141574382782,0.9235343337059021,0.959040105342865,0.9593629240989685,0.952404260635376,0.9664241075515747,0.9910719394683838
38,Hartbeespoort,Mula,T-Har_V-Mul_15px_2026-07-21,15,inner,15,0.12042946944219,0.4639323234097838,0.7789575457572937,0.7217497229576111,0.923794686794281,0.5922233462333679,0.9369235634803772,0.9577988982200623,0.9579970240592957,0.9540682435035706,0.9619583487510681,0.9903671741485596
39,Hartbeespoort,Mula,T-Har_V-Mul_15px_2026-07-21,15,inner,16,0.10194388149867978,0.5103652759178264,0.7388995885848999,0.6507424116134644,0.9230769276618958,0.5024925470352173,0.9230931997299194,0.962763786315918,0.9629629850387573,0.9583879709243774,0.9675818681716919,0.9932456612586975
40,Hartbeespoort,Mula,T-Har_V-Mul_15px_2026-07-21,15,inner,17,0.09755677878425098,0.7092101258229335,0.665057897567749,0.49710145592689514,0.9098142981529236,0.34197407960891724,0.9169796705245972,0.9658253788948059,0.9659774303436279,0.9622517824172974,0.9697320461273193,0.9938677549362183
41,Hartbeespoort,Mula,T-Har_V-Mul_15px_2026-07-21,15,inner,18,0.09963980977033159,0.4235250134035427,0.7948841452598572,0.7504404187202454,0.9128571152687073,0.6370887160301208,0.9367761611938477,0.9641704559326172,0.9643592238426208,0.9598557949066162,0.9689050316810608,0.9933152794837952
42,Hartbeespoort,Inle,T-Har_V-Inl_15px_2026-07-21,15,inner,1,0.3732421424074707,0.3580935372114182,0.8485000133514404,0.8380545377731323,0.9001148343086243,0.7839999794960022,0.9403020143508911,0.8384469747543335,0.8360053300857544,0.8446094393730164,0.8275747895240784,0.9147450923919678
43,Hartbeespoort,Inle,T-Har_V-Inl_15px_2026-07-21,15,inner,2,0.2785546898037781,0.3163028875589371,0.8999999761581421,0.908088207244873,0.8401360511779785,0.9879999756813049,0.9807009696960449,0.8980011343955994,0.898692786693573,0.8883863687515259,0.9092411994934082,0.9512313604354858
44,Hartbeespoort,Inle,T-Har_V-Inl_15px_2026-07-21,15,inner,3,0.2457693238024297,0.2980389792919159,0.8769999742507935,0.8692879676818848,0.9274376630783081,0.8180000185966492,0.9561090469360352,0.9128897190093994,0.9135157465934753,0.9026791453361511,0.9246156215667725,0.9612095952033997
45,Hartbeespoort,Inle,T-Har_V-Inl_15px_2026-07-21,15,inner,4,0.23815031654742377,0.4443796406388283,0.840499997138977,0.8226792812347412,0.9261577129364014,0.7400000095367432,0.9339379668235779,0.9142880439758301,0.9145481586456299,0.9074044227600098,0.9218052625656128,0.963474690914154
46,Hartbeespoort,Inle,T-Har_V-Inl_15px_2026-07-21,15,inner,5,0.22277836126035655,0.4470423508286476,0.8554999828338623,0.83863765001297,0.9494311213493347,0.7509999871253967,0.9438179731369019,0.9221025109291077,0.9225231409072876,0.9131843447685242,0.932054877281189,0.9674198627471924
47,Hartbeespoort,Inle,T-Har_V-Inl_15px_2026-07-21,15,inner,6,0.19104932793427956,0.13266683483123778,0.9620000123977661,0.9621890783309937,0.9574257135391235,0.9670000076293945,0.9887139797210693,0.931562066078186,0.9320483207702637,0.9210653901100159,0.9432964324951172,0.9763450622558594
48,Hartbeespoort,Inle,T-Har_V-Inl_15px_2026-07-21,15,inner,7,0.18604215591020704,0.18905260920524597,0.9484999775886536,0.9499270915985107,0.9243140816688538,0.9769999980926514,0.9867500066757202,0.9310685396194458,0.9315583109855652,0.9205811023712158,0.9428004622459412,0.9779911637306213
49,Hartbeespoort,Inle,T-Har_V-Inl_15px_2026-07-21,15,inner,8,0.1855208977359469,0.13115992110967636,0.9605000019073486,0.960910439491272,0.9510284066200256,0.9710000157356262,0.9866729974746704,0.9322201013565063,0.9326907396316528,0.9218472242355347,0.9437923431396484,0.9778341054916382
50,Hartbeespoort,Inle,T-Har_V-Inl_15px_2026-07-21,15,inner,9,0.18822399133376172,0.11737575799226761,0.9764999747276306,0.9763700366020203,0.9817997813224792,0.9710000157356262,0.9910639524459839,0.934112012386322,0.9346389174461365,0.9228166341781616,0.946768045425415,0.9765681028366089
51,Hartbeespoort,Inle,T-Har_V-Inl_15px_2026-07-21,15,inner,10,0.1749795911965563,0.1167581618130207,0.9674999713897705,0.9679645299911499,0.9543246030807495,0.9819999933242798,0.9938679933547974,0.9355103969573975,0.9359790682792664,0.924802303314209,0.9474292993545532,0.9803373217582703
52,Hartbeespoort,Inle,T-Har_V-Inl_15px_2026-07-21,15,inner,11,0.14990846213834932,0.09744480220973492,0.9695000052452087,0.9695152640342712,0.9690309762954712,0.9700000286102295,0.9923579692840576,0.9435716271400452,0.9437981247901917,0.9355205297470093,0.9522234797477722,0.985768735408783
53,Hartbeespoort,Inle,T-Har_V-Inl_15px_2026-07-21,15,inner,12,0.15192397422227477,0.11419496580958366,0.9599999785423279,0.9592667818069458,0.9771783947944641,0.9419999718666077,0.9915949702262878,0.9476022124290466,0.9477654695510864,0.9402863383293152,0.9553645253181458,0.9848371744155884
54,Hartbeespoort,Inle,T-Har_V-Inl_15px_2026-07-21,15,inner,13,0.1483566646632017,0.12457119473814965,0.9580000042915344,0.957317054271698,0.9731404781341553,0.9419999718666077,0.9896329641342163,0.9471086859703064,0.9471781849861145,0.9413781762123108,0.9530500769615173,0.9852414131164551
55,Hartbeespoort,Inle,T-Har_V-Inl_15px_2026-07-21,15,inner,14,0.1475063515993299,0.15456430327892304,0.9470000267028809,0.9462474584579468,0.959876537322998,0.9330000281333923,0.985971987247467,0.9469441771507263,0.9469703435897827,0.9419365525245667,0.9520581960678101,0.9859622716903687
56,Hartbeespoort,Inle,T-Har_V-Inl_15px_2026-07-21,15,inner,15,0.14436570447536737,0.11031436598300934,0.9674999713897705,0.9677739143371582,0.9596853256225586,0.9760000109672546,0.992313027381897,0.948424756526947,0.9483993053436279,0.9442805647850037,0.9525541663169861,0.9865010976791382
57,Hartbeespoort,Inle,T-Har_V-Inl_15px_2026-07-21,15,inner,16,0.12593700089883753,0.09830318722128868,0.9704999923706055,0.970544159412384,0.9690927267074585,0.972000002861023,0.9922419786453247,0.9547585844993591,0.9548588395118713,0.9481662511825562,0.961646556854248,0.9898708462715149
58,Hartbeespoort,Inle,T-Har_V-Inl_15px_2026-07-21,15,inner,17,0.12512728556447628,0.10597421038150788,0.9704999923706055,0.970426082611084,0.9728643298149109,0.9679999947547913,0.9892209768295288,0.9549230933189392,0.9549416303634644,0.9499427676200867,0.9599933624267578,0.9900076389312744
59,Hartbeespoort,Inle,T-Har_V-Inl_15px_2026-07-21,15,inner,18,0.12341739356510438,0.12965102501213552,0.9614999890327454,0.9624207019805908,0.9399427771568298,0.9860000014305115,0.9914539456367493,0.9567327499389648,0.9566935896873474,0.9529276490211487,0.9604893326759338,0.9901381134986877
60,Hartbeespoort,Inle,T-Har_V-Inl_15px_2026-07-21,15,inner,19,0.1224301517992768,0.09343151950836182,0.9725000262260437,0.9725685715675354,0.9701492786407471,0.9750000238418579,0.9917399287223816,0.9582956433296204,0.9582956433296204,0.9536673426628113,0.9629690647125244,0.9899249076843262
61,Hartbeespoort,Inle,T-Har_V-Inl_15px_2026-07-21,15,inner,20,0.12267399244601862,0.10462780269235372,0.9660000205039978,0.966469407081604,0.9533073902130127,0.9800000190734863,0.9910809993743896,0.9555811285972595,0.9556359052658081,0.9498611688613892,0.9614812135696411,0.9902022480964661
62,Hartbeespoort,Inle,T-Har_V-Inl_15px_2026-07-21,15,inner,21,0.11443193025958717,0.09714881163835526,0.9704999923706055,0.970426082611084,0.9728643298149109,0.9679999947547913,0.9922189712524414,0.9610923528671265,0.9610795974731445,0.956749677658081,0.9654488563537598,0.9912577867507935
63,Hartbeespoort,Inle,T-Har_V-Inl_15px_2026-07-21,15,inner,22,0.11439690777097788,0.1021897900402546,0.968999981880188,0.9692460298538208,0.961614191532135,0.9769999980926514,0.9917269945144653,0.9596940279006958,0.9596906900405884,0.9551334381103516,0.9642916321754456,0.9913609623908997
64,Hartbeespoort,Inle,T-Har_V-Inl_15px_2026-07-21,15,inner,23,0.11026343311895379,0.1091974966675043,0.965499997138977,0.9657907485961914,0.9577187895774841,0.9739999771118164,0.9906669855117798,0.9606810808181763,0.9606389999389648,0.9570139646530151,0.9642916321754456,0.9921922087669373
65,Hartbeespoort,Inle,T-Har_V-Inl_15px_2026-07-21,15,inner,24,0.1097799542029751,0.10216753888130188,0.972000002861023,0.9719439148902893,0.9738956093788147,0.9700000286102295,0.9897239804267883,0.960187554359436,0.9601777195930481,0.9557739496231079,0.9646222591400146,0.992277979850769
66,Hartbeespoort,Inle,T-Har_V-Inl_15px_2026-07-21,15,inner,25,0.10885013429469612,0.09122909469157457,0.972000002861023,0.9719157218933105,0.9748491048812866,0.968999981880188,0.9901029467582703,0.9617504477500916,0.9616557955741882,0.9593616127967834,0.9639610052108765,0.9921042919158936
67,Hartbeespoort,Inle,T-Har_V-Inl_15px_2026-07-21,15,inner,26,0.1073201708051291,0.09525619775056839,0.9714999794960022,0.9715142250061035,0.9710289835929871,0.972000002861023,0.9904769659042358,0.9628197550773621,0.9627615809440613,0.9595992565155029,0.965944766998291,0.992387056350708
68,Hartbeespoort,Inle,T-Har_V-Inl_15px_2026-07-21,15,inner,27,0.10477588385125372,0.10145477710664272,0.9714999794960022,0.9715142250061035,0.9710289835929871,0.972000002861023,0.9918900728225708,0.9619149565696716,0.9618270397186279,0.9593750238418579,0.9642916321754456,0.992988646030426
69,Hartbeespoort,Inle,T-Har_V-Inl_15px_2026-07-21,15,inner,28,0.10556631571266754,0.0917755391150713,0.9725000262260437,0.9724862575531006,0.9729729890823364,0.972000002861023,0.9918130040168762,0.9643003940582275,0.96427983045578,0.9601704478263855,0.9684245586395264,0.9926363229751587
70,Hartbeespoort,Inle,T-Har_V-Inl_15px_2026-07-21,15,inner,29,0.10301706186542682,0.09113298770040273,0.972000002861023,0.9720559120178223,0.9701195359230042,0.9739999771118164,0.991847038269043,0.9634778499603271,0.9635048508644104,0.9581494331359863,0.9689204692840576,0.9930812120437622
71,Hartbeespoort,Inle,T-Har_V-Inl_15px_2026-07-21,15,inner,30,0.10145238527081717,0.09936201719194651,0.9714999794960022,0.9716276526451111,0.9672943353652954,0.9760000109672546,0.990166962146759,0.9649584889411926,0.9648630619049072,0.9627983570098877,0.9669367074966431,0.9936085939407349
72,Hartbeespoort,Inle,T-Har_V-Inl_15px_2026-07-21,15,inner,31,0.1013307836272317,0.10029766143858433,0.968500018119812,0.9687654972076416,0.9606686234474182,0.9769999980926514,0.9915969967842102,0.9650407433509827,0.9649773240089417,0.9620440602302551,0.9679285883903503,0.993267297744751
73,Hartbeespoort,Inle,T-Har_V-Inl_15px_2026-07-21,15,inner,32,0.10026459457478241,0.10126227238774299,0.968500018119812,0.96879643201828,0.9597644805908203,0.9779999852180481,0.9905179738998413,0.9637246131896973,0.9636648297309875,0.960578203201294,0.9667713642120361,0.9934386610984802
74,Hartbeespoort,Inle,T-Har_V-Inl_15px_2026-07-21,15,inner,33,0.09632155361208485,0.0945573397576809,0.9704999923706055,0.970719575881958,0.9635468125343323,0.9779999852180481,0.9922900199890137,0.9655342698097229,0.9655058979988098,0.9616267681121826,0.9694164395332336,0.9939268231391907
75,Hartbeespoort,Inle,T-Har_V-Inl_15px_2026-07-21,15,inner,34,0.09687459881237348,0.10029362854361534,0.9714999794960022,0.9714571833610535,0.9729187488555908,0.9700000286102295,0.9901440143585205,0.9662745594978333,0.966210663318634,0.9633525013923645,0.9690858125686646,0.9943447113037109
76,Hartbeespoort,Inle,T-Har_V-Inl_15px_2026-07-21,15,inner,35,0.09796892039730938,0.09795357954502106,0.9700000286102295,0.9700299501419067,0.9690618515014648,0.9710000157356262,0.9909180402755737,0.9664390683174133,0.9663810133934021,0.9633645415306091,0.9694164395332336,0.9939936995506287
77,Hartbeespoort,Inle,T-Har_V-Inl_15px_2026-07-21,15,inner,36,0.0965936853678846,0.09497652888298035,0.9729999899864197,0.9730538725852966,0.9711155295372009,0.9750000238418579,0.9909720420837402,0.9677551984786987,0.9676887392997742,0.9649843573570251,0.9704083204269409,0.9937938451766968
78,Hartbeespoort,Inle,T-Har_V-Inl_15px_2026-07-21,15,inner,37,0.09642661818182663,0.09630412466824055,0.9725000262260437,0.9724586606025696,0.9739217758178711,0.9710000157356262,0.9908009767532349,0.9676729440689087,0.9676889181137085,0.9625449776649475,0.9728880524635315,0.9940007925033569
79,Hartbeespoort,Inle,T-Har_V-Inl_15px_2026-07-21,15,inner,38,0.09570291688812987,0.09680122096836567,0.972000002861023,0.9720559120178223,0.9701195359230042,0.9739999771118164,0.9910119771957397,0.9672616720199585,0.9672158360481262,0.9638811349868774,0.9705736637115479,0.9939678907394409
80,Hartbeespoort,Inle,T-Har_V-Inl_15px_2026-07-21,15,inner,39,0.09442466837560463,0.09670916417241096,0.9710000157356262,0.9710000157356262,0.9710000157356262,0.9710000157356262,0.9910779595375061,0.9666858315467834,0.9666913151741028,0.9618657827377319,0.9715655446052551,0.9942784309387207
81,Hartbeespoort,Vembanad,T-Har_V-Vem_15px_2026-07-21,15,inner,1,0.3966085429105284,0.31134490310014423,0.9275724291801453,0.9285362362861633,0.9172346591949463,0.940119743347168,0.970302402973175,0.8258329629898071,0.8231855034828186,0.8315895795822144,0.8149495720863342,0.9023736715316772
82,Hartbeespoort,Vembanad,T-Har_V-Vem_15px_2026-07-21,15,inner,2,0.2995845804583237,0.2651329268882801,0.9030969142913818,0.8985355496406555,0.9439560174942017,0.8572854399681091,0.970826268196106,0.8844919800758362,0.8849368691444397,0.8771730065345764,0.8928394317626953,0.9460706114768982
83,Hartbeespoort,Vembanad,T-Har_V-Vem_15px_2026-07-21,15,inner,3,0.24169328149847905,0.20870109034942222,0.928071916103363,0.9282868504524231,0.9264413714408875,0.9301397204399109,0.9751008152961731,0.911394476890564,0.9116561412811279,0.9044596552848816,0.9189680814743042,0.963990330696106
84,Hartbeespoort,Vembanad,T-Har_V-Vem_15px_2026-07-21,15,inner,4,0.2323452431005198,0.20761521927245727,0.9230769276618958,0.9249512553215027,0.9038095474243164,0.9471057653427124,0.976630687713623,0.9192101955413818,0.9194685816764832,0.9119895696640015,0.9270712733268738,0.9656529426574707
85,Hartbeespoort,Vembanad,T-Har_V-Vem_15px_2026-07-21,15,inner,5,0.2257852610763038,0.3206842664506409,0.8436563611030579,0.8170660138130188,0.9858956336975098,0.697604775428772,0.9851875901222229,0.918552041053772,0.9185587167739868,0.9138975143432617,0.9232677221298218,0.9678341746330261
86,Hartbeespoort,Vembanad,T-Har_V-Vem_15px_2026-07-21,15,inner,6,0.19735484554021263,0.21034131510988935,0.9210789203643799,0.9186405539512634,0.9489361643791199,0.8902195692062378,0.9781665802001953,0.9290826916694641,0.929297924041748,0.9218876957893372,0.9368281960487366,0.9753046035766602
87,Hartbeespoort,Vembanad,T-Har_V-Vem_15px_2026-07-21,15,inner,7,0.1794373606640044,0.235895295935375,0.9040958881378174,0.8958785533905029,0.980997622013092,0.8243513107299805,0.985802412033081,0.9360756874084473,0.9362226128578186,0.9294328689575195,0.943112313747406,0.9790991544723511
88,Hartbeespoort,Vembanad,T-Har_V-Vem_15px_2026-07-21,15,inner,8,0.17823167284027336,0.21005532883859418,0.922577440738678,0.9197307229042053,0.9558665156364441,0.886227548122406,0.9798043966293335,0.9378033876419067,0.9382655620574951,0.9267624020576477,0.950057864189148,0.9793552756309509
89,Hartbeespoort,Vembanad,T-Har_V-Vem_15px_2026-07-21,15,inner,9,0.17164699604779984,0.15253557095101306,0.9585414528846741,0.9582704901695251,0.9655521512031555,0.9510977864265442,0.990315318107605,0.9385437965393066,0.9389456510543823,0.9282482266426086,0.949892520904541,0.9810508489608765
90,Hartbeespoort,Vembanad,T-Har_V-Vem_15px_2026-07-21,15,inner,10,0.16798038273522609,0.17183410338350347,0.9455544352531433,0.9472154974937439,0.9200376272201538,0.976047933101654,0.9850833415985107,0.9394487738609314,0.939839780330658,0.929206371307373,0.9507193565368652,0.9819583892822266
91,Hartbeespoort,Vembanad,T-Har_V-Vem_15px_2026-07-21,15,inner,11,0.14878353604756475,0.14360659248702654,0.9575424790382385,0.9573507308959961,0.9626639485359192,0.9520958065986633,0.9897934198379517,0.9452077150344849,0.9456148743629456,0.9340215921401978,0.9574995636940002,0.9861730933189392
92,Hartbeespoort,Vembanad,T-Har_V-Vem_15px_2026-07-21,15,inner,12,0.14604595172606294,0.11514003961891323,0.9680319428443909,0.9682539701461792,0.9625246524810791,0.9740518927574158,0.9914990067481995,0.9469354152679443,0.947213351726532,0.937621533870697,0.9570034742355347,0.98624187707901
93,Hartbeespoort,Vembanad,T-Har_V-Vem_15px_2026-07-21,15,inner,13,0.1514396754791098,0.16670649643842275,0.9690309762954712,0.9694280028343201,0.9580896496772766,0.9810379147529602,0.9893323183059692,0.9443027377128601,0.9445945024490356,0.935029149055481,0.9543575048446655,0.9852962493896484
94,Hartbeespoort,Vembanad,T-Har_V-Vem_15px_2026-07-21,15,inner,14,0.14396109496588474,0.16479281772981275,0.9390609264373779,0.9414587616920471,0.9066543579101562,0.9790419340133667,0.9846367239952087,0.9489099383354187,0.9490691423416138,0.9414253234863281,0.9568381309509277,0.9867501258850098
95,Hartbeespoort,Vembanad,T-Har_V-Vem_15px_2026-07-21,15,inner,15,0.14946715429897223,0.13778813862121783,0.9590409398078918,0.9585858583450317,0.9703476428985596,0.9471057653427124,0.9903403520584106,0.9452900290489197,0.9455052018165588,0.9371345043182373,0.9540268182754517,0.9859683513641357
96,Hartbeespoort,Vembanad,T-Har_V-Vem_15px_2026-07-21,15,inner,16,0.13513066158501613,0.12366168022334396,0.9585414528846741,0.9578466415405273,0.975180983543396,0.9411177635192871,0.9924501180648804,0.9489921927452087,0.9492385983467102,0.9400032162666321,0.9586572051048279,0.9883503913879395
97,Hartbeespoort,Vembanad,T-Har_V-Vem_15px_2026-07-21,15,inner,17,0.12519948967490752,0.12133795488904882,0.9640359878540039,0.9642857313156128,0.9585798978805542,0.970059871673584,0.9914411306381226,0.955327033996582,0.9554370045661926,0.9483545422554016,0.9626260995864868,0.9900797605514526
98,Hartbeespoort,Vembanad,T-Har_V-Vem_15px_2026-07-21,15,inner,18,0.12583570122252957,0.12228307220247481,0.9615384340286255,0.961169958114624,0.9714577198028564,0.9510977864265442,0.992561936378479,0.9550802111625671,0.9551944732666016,0.9480371475219727,0.9624606966972351,0.9898602962493896
99,Hartbeespoort,Vembanad,T-Har_V-Vem_15px_2026-07-21,15,inner,19,0.12534204352078543,0.10200341617489432,0.969530463218689,0.9696668386459351,0.966303288936615,0.9730538725852966,0.9934271574020386,0.9534348249435425,0.9535608887672424,0.9462628364562988,0.9609723687171936,0.9900827407836914
100,Hartbeespoort,Vembanad,T-Har_V-Vem_15px_2026-07-21,15,inner,20,0.12196725024234509,0.1682131245479241,0.9395604133605957,0.9386098384857178,0.9545923471450806,0.9231536984443665,0.9860508441925049,0.9582064747810364,0.958175539970398,0.9540908336639404,0.9622953534126282,0.9904124736785889
101,Hartbeespoort,Vembanad,T-Har_V-Vem_15px_2026-07-21,15,inner,21,0.11657872282884975,0.140780020754535,0.9505494236946106,0.9495669603347778,0.9698231220245361,0.9301397204399109,0.9903802871704102,0.9587823748588562,0.9587688446044922,0.9542922377586365,0.9632875919342041,0.9910870790481567
102,Hartbeespoort,Vembanad,T-Har_V-Vem_15px_2026-07-21,15,inner,22,0.1134990762678599,0.1377732926806608,0.9505494236946106,0.9492567777633667,0.9757639765739441,0.9241517186164856,0.9921407103538513,0.9591114521026611,0.9590035676956177,0.956714928150177,0.9613031148910522,0.9919396638870239
103,Hartbeespoort,Vembanad,T-Har_V-Vem_15px_2026-07-21,15,inner,23,0.11521594302613075,0.1348791477623043,0.9585414528846741,0.9581442475318909,0.9683995842933655,0.9481037855148315,0.99201899766922,0.9577951431274414,0.9576557874679565,0.9559986591339111,0.9593186974525452,0.9916719794273376
104,Hartbeespoort,Vembanad,T-Har_V-Vem_15px_2026-07-21,15,inner,24,0.11198283097519397,0.1481264926656917,0.9390609264373779,0.9365904331207275,0.9772234559059143,0.8992015719413757,0.9918313026428223,0.9599341750144958,0.9599143862724304,0.9555883407592773,0.96427983045578,0.9921560287475586
105,Hartbeespoort,Vembanad,T-Har_V-Vem_15px_2026-07-21,15,inner,25,0.11021501271568272,0.13480268034723017,0.9560439586639404,0.9552845358848572,0.9730848670005798,0.9381237626075745,0.9913822412490845,0.9621555209159851,0.9620962142944336,0.9587781429290771,0.9654374122619629,0.9923076629638672
106,Hartbeespoort,Vembanad,T-Har_V-Vem_15px_2026-07-21,15,inner,26,0.10552336603452128,0.11053009724224007,0.9680319428443909,0.9678714871406555,0.973737359046936,0.9620758295059204,0.9935897588729858,0.9624022841453552,0.9623775482177734,0.9581966996192932,0.9665949940681458,0.992851734161377
107,Hartbeespoort,Vembanad,T-Har_V-Vem_15px_2026-07-21,15,inner,27,0.10246664440647804,0.14159918770000532,0.9490509629249573,0.9475848078727722,0.9766949415206909,0.9201596975326538,0.9914560914039612,0.9651172161102295,0.9650511145591736,0.9620378017425537,0.9680833220481873,0.9931986331939697
108,Hartbeespoort,Vembanad,T-Har_V-Vem_15px_2026-07-21,15,inner,28,0.1055535704534959,0.12760407462730988,0.9605394601821899,0.9597964286804199,0.979231595993042,0.9411177635192871,0.9929331541061401,0.9639654755592346,0.9639030694961548,0.9607359766960144,0.9670911431312561,0.9926019310951233
109,Hartbeespoort,Vembanad,T-Har_V-Vem_15px_2026-07-21,15,inner,29,0.10322598270069715,0.12812775334754548,0.9590409398078918,0.9582059383392334,0.9791666865348816,0.9381237626075745,0.9929002523422241,0.9645413160324097,0.9644887447357178,0.9610837697982788,0.9679179787635803,0.9931280612945557
110,Hartbeespoort,Valsequillo,T-Har_V-Val_15px_2026-07-21,15,inner,1,0.3962596913537856,0.2707844203593684,0.8999999761581421,0.8973842859268188,0.9214876294136047,0.8745098114013672,0.9619636535644531,0.8252868056297302,0.8219661712646484,0.8336744904518127,0.810582160949707,0.9035207033157349
111,Hartbeespoort,Valsequillo,T-Har_V-Val_15px_2026-07-21,15,inner,2,0.2950721082021726,0.34196027003082574,0.8921568393707275,0.8871794939041138,0.9301075339317322,0.8480392098426819,0.9524673223495483,0.8896591663360596,0.890094518661499,0.8823337554931641,0.8979930281639099,0.9473437070846558
112,Hartbeespoort,Valsequillo,T-Har_V-Val_15px_2026-07-21,15,inner,3,0.254362311876134,0.1720151594748684,0.9382352828979492,0.9385964870452881,0.9331395626068115,0.9441176652908325,0.9845646023750305,0.911859393119812,0.9122143387794495,0.9041877388954163,0.9203848242759705,0.9595954418182373
113,Hartbeespoort,Valsequillo,T-Har_V-Val_15px_2026-07-21,15,inner,4,0.22231393932172192,0.2603118947579288,0.9024509787559509,0.8956475853919983,0.9627959132194519,0.8372548818588257,0.9795626401901245,0.9204423427581787,0.9209447503089905,0.9107866883277893,0.9313318729400635,0.9688044786453247
114,Hartbeespoort,Valsequillo,T-Har_V-Val_15px_2026-07-21,15,inner,5,0.20944926456776627,0.2451462811406921,0.9264705777168274,0.9301676154136658,0.8856382966041565,0.979411780834198,0.9809765815734863,0.9264669418334961,0.9268773198127747,0.9173164367675781,0.9366395473480225,0.9713805317878723
115,Hartbeespoort,Valsequillo,T-Har_V-Val_15px_2026-07-21,15,inner,6,0.18514543509433162,0.1600802837779709,0.9426470398902893,0.943450927734375,0.9304099082946777,0.95686274766922,0.9835054278373718,0.9362878799438477,0.9368662238121033,0.924019992351532,0.9500746130943298,0.9771668910980225
116,Hartbeespoort,Valsequillo,T-Har_V-Val_15px_2026-07-21,15,inner,7,0.17513109836320018,0.14772027175800473,0.9460784196853638,0.9473180174827576,0.9260299801826477,0.9696078300476074,0.988740861415863,0.9375258088111877,0.938027024269104,0.9261234998703003,0.9502404928207397,0.9797714948654175
117,Hartbeespoort,Valsequillo,T-Har_V-Val_15px_2026-07-21,15,inner,8,0.17382713351015938,0.16728218202935716,0.9338235259056091,0.9323986172676086,0.9529170989990234,0.9127451181411743,0.9844944477081299,0.939671516418457,0.9401653409004211,0.9280866384506226,0.9525626301765442,0.9800945520401001
118,Hartbeespoort,Valsequillo,T-Har_V-Val_15px_2026-07-21,15,inner,9,0.1748010192379716,0.16464944665922837,0.9534313678741455,0.9539951682090759,0.9425837397575378,0.9656862616539001,0.9834986925125122,0.9375258088111877,0.9379762411117554,0.9268134832382202,0.949411153793335,0.9801097512245178
119,Hartbeespoort,Valsequillo,T-Har_V-Val_15px_2026-07-21,15,inner,10,0.17264973498211253,0.1583491744838801,0.9436274766921997,0.9424712061882019,0.9622063040733337,0.9235293865203857,0.9867157340049744,0.9384335875511169,0.9388123154640198,0.9286062121391296,0.9492453336715698,0.9809868335723877
120,Hartbeespoort,Valsequillo,T-Har_V-Val_15px_2026-07-21,15,inner,11,0.15507209698334576,0.15522721541278503,0.9544117450714111,0.9552238583564758,0.938505232334137,0.9725490212440491,0.9807862043380737,0.9435504078865051,0.9438700079917908,0.9340587854385376,0.9538895487785339,0.9843820929527283
121,Hartbeespoort,Valsequillo,T-Har_V-Val_15px_2026-07-21,15,inner,12,0.15072336840907014,0.15936976082476914,0.9490196108818054,0.9490196108818054,0.9490196108818054,0.9490196108818054,0.982327938079834,0.9461087584495544,0.9463567137718201,0.9375,0.9553823471069336,0.9849986433982849
122,Hartbeespoort,Valsequillo,T-Har_V-Val_15px_2026-07-21,15,inner,13,0.151283420453255,0.16882329318745465,0.9431372284889221,0.9435248374938965,0.9371373057365417,0.949999988079071,0.9794223308563232,0.9450358748435974,0.9452482461929321,0.9370822906494141,0.9535577893257141,0.9854426980018616
123,Hartbeespoort,Valsequillo,T-Har_V-Val_15px_2026-07-21,15,inner,14,0.1434831930026369,0.16945003300320868,0.9465686082839966,0.947113037109375,0.9375600218772888,0.95686274766922,0.9797260761260986,0.9486671686172485,0.9489410519599915,0.9393791556358337,0.958699643611908,0.986718475818634
124,Hartbeespoort,Valsequillo,T-Har_V-Val_15px_2026-07-21,15,inner,15,0.14739814504219811,0.2086174096546921,0.9220588207244873,0.9203007221221924,0.9415384531021118,0.8999999761581421,0.9752624034881592,0.9458611607551575,0.9460969567298889,0.937469482421875,0.9548847079277039,0.9863505363464355
125,Hartbeespoort,Valsequillo,T-Har_V-Val_15px_2026-07-21,15,inner,16,0.1307065353465275,0.1530401777695207,0.9519608020782471,0.9523346424102783,0.9449806809425354,0.9598039388656616,0.9814743995666504,0.9530411958694458,0.9531494379043579,0.9463701844215393,0.9600265622138977,0.9890575408935547
126,Hartbeespoort,Valsequillo,T-Har_V-Val_15px_2026-07-21,15,inner,17,0.12810448004785835,0.14539085591540618,0.9480392336845398,0.9478346705436707,0.9515810012817383,0.9441176652908325,0.9863831400871277,0.9551869034767151,0.9552386403083801,0.9495247602462769,0.9610217213630676,0.9894624948501587
127,Hartbeespoort,Valsequillo,T-Har_V-Val_15px_2026-07-21,15,inner,18,0.12595240857608642,0.17268967074798602,0.9460784196853638,0.9464980363845825,0.9391891956329346,0.9539215564727783,0.9768166542053223,0.9551869034767151,0.9552607536315918,0.949083149433136,0.9615193009376526,0.9895595908164978
128,Hartbeespoort,Valsequillo,T-Har_V-Val_15px_2026-07-21,15,inner,19,0.1265884055602695,0.16061843163242526,0.9450980424880981,0.945841372013092,0.9332060813903809,0.9588235020637512,0.9803258776664734,0.9530411958694458,0.9531185626983643,0.9469547867774963,0.9593631029129028,0.9898253679275513
129,Hartbeespoort,Valsequillo,T-Har_V-Val_15px_2026-07-21,15,inner,20,0.12524571214226338,0.20265548398681715,0.9323529601097107,0.9328140020370483,0.9264990091323853,0.9392156600952148,0.9693887233734131,0.9575802683830261,0.9576047658920288,0.9524199962615967,0.9628462195396423,0.9894180297851562
130,Hartbeespoort,Valsequillo,T-Har_V-Val_15px_2026-07-21,15,inner,21,0.12088644542854553,0.1614141276946255,0.9504901766777039,0.9509946703910828,0.9414024949073792,0.9607843160629272,0.9796559810638428,0.9584055542945862,0.9584843516349792,0.9520536661148071,0.9650024771690369,0.9902892112731934
131,Hartbeespoort,Valsequillo,T-Har_V-Val_15px_2026-07-21,15,inner,22,0.11867455217033918,0.14701777798872367,0.9509803652763367,0.9514091610908508,0.9431599378585815,0.9598039388656616,0.9831271767616272,0.9586531519889832,0.9586735963821411,0.9535608887672424,0.963841438293457,0.9907189011573792
132,Hartbeespoort,Valsequillo,T-Har_V-Val_15px_2026-07-21,15,inner,23,0.11501519176504876,0.170766256735021,0.9460784196853638,0.9460784196853638,0.9460784196853638,0.9460784196853638,0.9774394035339355,0.9602211713790894,0.9602310061454773,0.9553439617156982,0.9651683568954468,0.9912248849868774
133,Hartbeespoort,Valsequillo,T-Har_V-Val_15px_2026-07-21,15,inner,24,0.11337307363310752,0.14763957437346964,0.9519608020782471,0.9525653719902039,0.9407265782356262,0.9647058844566345,0.9818069934844971,0.9589832425117493,0.9590305685997009,0.9532939791679382,0.964836597442627,0.9918936491012573
134,Hartbeespoort,Valsequillo,T-Har_V-Val_15px_2026-07-21,15,inner,25,0.11704962781585954,0.1495268349846204,0.9504901766777039,0.9509946703910828,0.9414024949073792,0.9607843160629272,0.9800115823745728,0.9592308402061462,0.959227442741394,0.9546574950218201,0.963841438293457,0.99106764793396
135,Hartbeespoort,Valsequillo,T-Har_V-Val_15px_2026-07-21,15,inner,26,0.11138894431015697,0.155053581764885,0.9495097994804382,0.9497805833816528,0.9447138905525208,0.954901933670044,0.9810370802879333,0.9612115025520325,0.9612147212028503,0.9564788937568665,0.9659976959228516,0.9919202923774719
136,Hartbeespoort,Valsequillo,T-Har_V-Val_15px_2026-07-21,15,inner,27,0.11025552709709203,0.1648012874903632,0.9490196108818054,0.9496611952781677,0.937858521938324,0.9617646932601929,0.9767416715621948,0.9618717432022095,0.9617866277694702,0.9592476487159729,0.964339017868042,0.9924167990684509
137,Hartbeespoort,RawaPening,T-Har_V-Raw_15px_2026-07-21,15,inner,1,0.36958438558300943,0.26332035729220576,0.9345654249191284,0.9363768696784973,0.9120151400566101,0.9620758295059204,0.9772784113883972,0.840806245803833,0.8392723798751831,0.8431241512298584,0.835455596446991,0.9165766835212708
138,Hartbeespoort,RawaPening,T-Har_V-Raw_15px_2026-07-21,15,inner,2,0.2799775506895003,0.28561776227408,0.888611376285553,0.8998652696609497,0.817959189414978,1.0,0.9830129742622375,0.8946112990379333,0.8952832221984863,0.8852246999740601,0.9055730104446411,0.9523786902427673
139,Hartbeespoort,RawaPening,T-Har_V-Raw_15px_2026-07-21,15,inner,3,0.25882386778029626,0.2843060836746738,0.8941059112548828,0.8931451439857483,0.9022403359413147,0.8842315077781677,0.9506077766418457,0.9056355357170105,0.9059450626373291,0.8985036015510559,0.9135108590126038,0.9586141109466553
140,Hartbeespoort,RawaPening,T-Har_V-Raw_15px_2026-07-21,15,inner,4,0.2254458151981449,0.13992008595140307,0.953046977519989,0.9546331763267517,0.9242990612983704,0.9870259761810303,0.9881237745285034,0.9201974272727966,0.920738697052002,0.9100306630134583,0.93170166015625,0.9674403071403503
141,Hartbeespoort,RawaPening,T-Har_V-Raw_15px_2026-07-21,15,inner,5,0.2065080770687133,0.15590758188502057,0.9455544352531433,0.9477719068527222,0.9115207195281982,0.9870259761810303,0.9858971834182739,0.926203191280365,0.9265416264533997,0.917748212814331,0.935505211353302,0.9723352193832397
142,Hartbeespoort,RawaPening,T-Har_V-Raw_15px_2026-07-21,15,inner,6,0.17842667835980275,0.15717465503068714,0.9465534687042236,0.9457128643989563,0.9618163108825684,0.9301397204399109,0.9860548973083496,0.9383792877197266,0.9387521743774414,0.928502082824707,0.9492310285568237,0.9786264896392822
143,Hartbeespoort,RawaPening,T-Har_V-Raw_15px_2026-07-21,15,inner,7,0.18210897078758304,0.20065269453988804,0.9365634322166443,0.9380789995193481,0.9170638918876648,0.9600798487663269,0.9785369634628296,0.9351707100868225,0.9357259273529053,0.9232255220413208,0.9485695362091064,0.9781617522239685
144,Hartbeespoort,RawaPening,T-Har_V-Raw_15px_2026-07-21,15,inner,8,0.17684727229364905,0.212751995671641,0.9125874042510986,0.9084249138832092,0.9548954963684082,0.8662674427032471,0.9799730181694031,0.9387083649635315,0.9392085075378418,0.9270296096801758,0.9517115950584412,0.9796316623687744
145,Hartbeespoort,RawaPening,T-Har_V-Raw_15px_2026-07-21,15,inner,9,0.17584711760588997,0.16224337094551794,0.9415584206581116,0.9438849091529846,0.9085872769355774,0.9820359349250793,0.9858013987541199,0.9358288645744324,0.9363888502120972,0.9237328767776489,0.9493963718414307,0.9799503087997437
146,Hartbeespoort,RawaPening,T-Har_V-Raw_15px_2026-07-21,15,inner,10,0.1640608879861298,0.22920606852500708,0.9070929288864136,0.9030239582061768,0.9454148411750793,0.8642714619636536,0.9736466407775879,0.9422459602355957,0.9425343871116638,0.9332144856452942,0.9520423412322998,0.9820811748504639
147,Hartbeespoort,RawaPening,T-Har_V-Raw_15px_2026-07-21,15,inner,11,0.14768392554051785,0.14551369291353417,0.9580419659614563,0.958984375,0.9388145208358765,0.9800398945808411,0.9882335662841797,0.948169469833374,0.9485294222831726,0.9373486042022705,0.9599801301956177,0.9857047200202942
148,Hartbeespoort,RawaPening,T-Har_V-Raw_15px_2026-07-21,15,inner,12,0.13845796390160373,0.13912766282404815,0.9555444717407227,0.9563083052635193,0.9410628080368042,0.9720559120178223,0.9872874021530151,0.9513780474662781,0.9516089558601379,0.9424262046813965,0.9609723687171936,0.9877699613571167
149,Hartbeespoort,RawaPening,T-Har_V-Raw_15px_2026-07-21,15,inner,13,0.1390061638918324,0.15384394425403822,0.9455544352531433,0.9458519816398621,0.9416419267654419,0.9500998258590698,0.9835289120674133,0.9511312246322632,0.9512155055999756,0.944852352142334,0.957664966583252,0.9873467683792114
150,Hartbeespoort,RawaPening,T-Har_V-Raw_15px_2026-07-21,15,inner,14,0.13952970382290483,0.26173212027156745,0.8861138820648193,0.8738937973976135,0.9801489114761353,0.7884231805801392,0.983652651309967,0.9512134790420532,0.951421320438385,0.9426947832107544,0.9603108763694763,0.9871745109558105
151,Hartbeespoort,RawaPening,T-Har_V-Raw_15px_2026-07-21,15,inner,15,0.1394134191525713,0.19978234707773268,0.9350649118423462,0.9320083856582642,0.9791208505630493,0.8892215490341187,0.9841138124465942,0.9503907561302185,0.9504478573799133,0.9446259140968323,0.9563419818878174,0.9875056743621826
152,Hartbeespoort,RawaPening,T-Har_V-Raw_15px_2026-07-21,15,inner,16,0.12303932167678544,0.14420602393227738,0.953046977519989,0.9537856578826904,0.9399224519729614,0.9680638909339905,0.986068844795227,0.9564788341522217,0.95652174949646,0.9508169889450073,0.9622953534126282,0.990140438079834
153,Hartbeespoort,RawaPening,T-Har_V-Raw_15px_2026-07-21,15,inner,17,0.12214446653068335,0.15725283892629863,0.9475524425506592,0.9490043520927429,0.9243140816688538,0.9750499129295349,0.9867005944252014,0.9572192430496216,0.9572297930717468,0.9522173404693604,0.9622953534126282,0.9903917908668518
154,Hartbeespoort,RawaPening,T-Har_V-Raw_15px_2026-07-21,15,inner,18,0.11824630633186578,0.16927825983289954,0.9420579671859741,0.9427443146705627,0.9326171875,0.9530938267707825,0.9815249443054199,0.9575483202934265,0.957537829875946,0.9529893398284912,0.9621300101280212,0.9908580780029297
155,Hartbeespoort,RawaPening,T-Har_V-Raw_15px_2026-07-21,15,inner,19,0.12008908024262323,0.12448503096382339,0.9590409398078918,0.9592039585113525,0.9563491940498352,0.9620758295059204,0.9887166023254395,0.9568079113960266,0.956786572933197,0.9524745941162109,0.9611377716064453,0.9907479286193848
156,Hartbeespoort,RawaPening,T-Har_V-Raw_15px_2026-07-21,15,inner,20,0.11470436204097635,0.1695602309855667,0.9410589337348938,0.9399185180664062,0.9594594836235046,0.9211576581001282,0.9814301133155823,0.9582887887954712,0.9582613110542297,0.9540983438491821,0.9624606966972351,0.9916164875030518
157,Hartbeespoort,RawaPening,T-Har_V-Raw_15px_2026-07-21,15,inner,21,0.11467956491749456,0.16871752158983366,0.9420579671859741,0.9414732456207275,0.9520407915115356,0.93113774061203,0.9807405471801758,0.9595228433609009,0.9594594836235046,0.9561504125595093,0.9627914428710938,0.9916353225708008
158,Hartbeespoort,RawaPening,T-Har_V-Raw_15px_2026-07-21,15,inner,22,0.11185576260053097,0.17013994051324022,0.9415584206581116,0.9426751732826233,0.9258902668952942,0.9600798487663269,0.9823722839355469,0.958946943283081,0.9588860273361206,0.9555008411407471,0.9622953534126282,0.9918028116226196
159,Hartbeespoort,RawaPening,T-Har_V-Raw_15px_2026-07-21,15,inner,23,0.10795176993275513,0.12723983991351517,0.9560439586639404,0.9566075205802917,0.9454191327095032,0.9680638909339905,0.9893832206726074,0.9626491069793701,0.9625474214553833,0.9603292346000671,0.9647759199142456,0.9922659397125244
160,Hartbeespoort,RawaPening,T-Har_V-Raw_15px_2026-07-21,15,inner,24,0.10630299946939147,0.18561255412323252,0.9285714030265808,0.9259451031684875,0.9623250961303711,0.8922155499458313,0.9833452701568604,0.9621555209159851,0.9621337056159973,0.9578757286071777,0.9664296507835388,0.9926416873931885
161,Hartbeespoort,RawaPening,T-Har_V-Raw_15px_2026-07-21,15,inner,25,0.10477863161934595,0.13394688104058836,0.9520479440689087,0.9524752497673035,0.9449901580810547,0.9600798487663269,0.9882085919380188,0.962813675403595,0.9627493023872375,0.9595860242843628,0.9659335017204285,0.992947518825531
162,Hartbeespoort,RawaPening,T-Har_V-Raw_15px_2026-07-21,15,inner,26,0.10112559119157466,0.14506789804487438,0.9460539221763611,0.9458374977111816,0.9506048560142517,0.9411177635192871,0.9863303303718567,0.9650349617004395,0.9649484753608704,0.9624876379966736,0.9674218893051147,0.9932901859283447
163,Hartbeespoort,RawaPening,T-Har_V-Raw_15px_2026-07-21,15,inner,27,0.10098830999929882,0.1447752685426594,0.9475524425506592,0.9471032619476318,0.9562563300132751,0.9381237626075745,0.9866756200790405,0.9646236300468445,0.9645740389823914,0.9610901474952698,0.9680833220481873,0.9932519197463989
164,Hartbeespoort,RawaPening,T-Har_V-Raw_15px_2026-07-21,15,inner,28,0.1006474630791481,0.15676697306000031,0.9415584206581116,0.9407594799995422,0.9547790288925171,0.9271457195281982,0.9853552579879761,0.9639654755592346,0.9639328122138977,0.959980309009552,0.9679179787635803,0.9931616187095642
165,Hartbeespoort,RawaPening,T-Har_V-Raw_15px_2026-07-21,15,inner,29,0.09882799186661428,0.14249324590176135,0.9450549483299255,0.9446679949760437,0.9523326754570007,0.9371257424354553,0.987245500087738,0.9670094847679138,0.9669114351272583,0.9649209380149841,0.9689102172851562,0.9936788082122803
166,Hartbeespoort,Winam,T-Har_V-Win_15px_2026-07-21,15,inner,1,0.37526356317452214,0.4722735408363699,0.8014007210731506,0.8122931718826294,0.7704035639762878,0.859000027179718,0.8367927670478821,0.8397762775421143,0.8361648321151733,0.8510528802871704,0.8217887282371521,0.9137807488441467
167,Hartbeespoort,Winam,T-Har_V-Win_15px_2026-07-21,15,inner,2,0.28537886794077405,0.37259653820542094,0.8359179496765137,0.8457196354866028,0.798401415348053,0.8989999890327454,0.8993192911148071,0.897104799747467,0.896909773349762,0.8941833972930908,0.8996528387069702,0.9500452876091003
168,Hartbeespoort,Winam,T-Har_V-Win_15px_2026-07-21,15,inner,3,0.2578595307733613,0.7279625434340865,0.7828914523124695,0.8143712282180786,0.7115097045898438,0.9520000219345093,0.8779839873313904,0.9057410955429077,0.9058030843734741,0.9007683396339417,0.9108943343162537,0.9587202668190002
169,Hartbeespoort,Winam,T-Har_V-Win_15px_2026-07-21,15,inner,4,0.22524180360473012,0.3658951619447112,0.8469234704971313,0.8635147213935852,0.7793880701065063,0.9679999947547913,0.928356409072876,0.9192301630973816,0.9193495512008667,0.9134976267814636,0.9252768754959106,0.9675052762031555
170,Hartbeespoort,Winam,T-Har_V-Win_15px_2026-07-21,15,inner,5,0.2213685658882472,0.360231999580419,0.8709354400634766,0.8686354160308838,0.884854793548584,0.8529999852180481,0.9197207689285278,0.9230136275291443,0.9231526851654053,0.9169793128967285,0.9294098019599915,0.9678860902786255
171,Hartbeespoort,Winam,T-Har_V-Win_15px_2026-07-21,15,inner,6,0.17380397662282637,0.3251202516816836,0.8914456963539124,0.8957232236862183,0.8621646761894226,0.9319999814033508,0.9382362365722656,0.9392992258071899,0.9395676255226135,0.9308778047561646,0.9484212398529053,0.9801437854766846
172,Hartbeespoort,Winam,T-Har_V-Win_15px_2026-07-21,15,inner,7,0.16825510995582954,0.2860240803341036,0.90245121717453,0.905017077922821,0.8822411894798279,0.9290000200271606,0.9517778158187866,0.9414377212524414,0.9418110251426697,0.9313075542449951,0.9525541663169861,0.981292724609375
173,Hartbeespoort,Winam,T-Har_V-Win_15px_2026-07-21,15,inner,8,0.16348283965619187,0.3666081335507389,0.8714357018470764,0.8781412839889526,0.8349864482879639,0.9259999990463257,0.9113943576812744,0.9443987607955933,0.944707989692688,0.9349198937416077,0.9547032713890076,0.9814307689666748
174,Hartbeespoort,Winam,T-Har_V-Win_15px_2026-07-21,15,inner,9,0.16471826503162695,0.4708590660301997,0.8419209718704224,0.8506616353988647,0.8064516186714172,0.8999999761581421,0.8781201243400574,0.9448922276496887,0.945099949836731,0.936961829662323,0.9533807039260864,0.9809573888778687
175,Hartbeespoort,Winam,T-Har_V-Win_15px_2026-07-21,15,inner,10,0.15638432162120597,0.3294136092670564,0.872936487197876,0.8789322972297668,0.8397085666656494,0.921999990940094,0.9317517280578613,0.9464550018310547,0.9466524720191956,0.9385765194892883,0.9548685550689697,0.9830254912376404
176,Hartbeespoort,Winam,T-Har_V-Win_15px_2026-07-21,15,inner,11,0.1340730312888727,0.4178229862010631,0.8594297170639038,0.8569974303245544,0.8725388646125793,0.8420000076293945,0.9192072153091431,0.9556670784950256,0.9557071328163147,0.9501634240150452,0.961315929889679,0.987784743309021
177,Hartbeespoort,Winam,T-Har_V-Win_15px_2026-07-21,15,inner,12,0.1383057137224152,0.2806081683675443,0.8934467434883118,0.8942928314208984,0.88768470287323,0.9010000228881836,0.9487076997756958,0.9511432647705078,0.9512875080108643,0.9438567757606506,0.9588361978530884,0.9874435663223267
178,Hartbeespoort,Winam,T-Har_V-Win_15px_2026-07-21,15,inner,13,0.13242811221475564,0.4727857754863482,0.8689344525337219,0.875475287437439,0.83423912525177,0.9210000038146973,0.899297297000885,0.9526237845420837,0.9525144100189209,0.95000821352005,0.9550338983535767,0.9884967803955078
179,Hartbeespoort,Winam,T-Har_V-Win_15px_2026-07-21,15,inner,14,0.13088943433616482,0.32845284272425096,0.8724362254142761,0.8717948794364929,0.8766430616378784,0.8669999837875366,0.9382012486457825,0.9571475386619568,0.9573335647583008,0.9485556483268738,0.9662753939628601,0.9880329370498657
180,Hartbeespoort,Winam,T-Har_V-Win_15px_2026-07-21,15,inner,15,0.12715769379713324,0.40331880293745526,0.85292649269104,0.8479834794998169,0.8779443502426147,0.8199999928474426,0.9151331186294556,0.955996036529541,0.9561727046966553,0.9477102756500244,0.9647875428199768,0.9891160726547241
181,Hartbeespoort,Winam,T-Har_V-Win_15px_2026-07-21,15,inner,16,0.11682447375122076,0.4173232592025463,0.8549274802207947,0.8567193746566772,0.8466796875,0.8669999837875366,0.9141120910644531,0.9606020450592041,0.9605599045753479,0.9568569660186768,0.9642916321754456,0.9907523989677429
182,Hartbeespoort,Winam,T-Har_V-Win_15px_2026-07-21,15,inner,17,0.1100106240936674,0.5322782813234552,0.8009004592895508,0.7803531885147095,0.8706896305084229,0.7070000171661377,0.9135825634002686,0.9633985757827759,0.9633533954620361,0.9597965478897095,0.9669367074966431,0.9921372532844543
183,Hartbeespoort,Winam,T-Har_V-Win_15px_2026-07-21,15,inner,18,0.11287468763230407,0.3250223517060567,0.8804402351379395,0.8824397325515747,0.8683446049690247,0.8970000147819519,0.9438158273696899,0.9610133171081543,0.9610325694084167,0.9558462500572205,0.9662753939628601,0.9912757277488708
184,Hartbeespoort,Winam,T-Har_V-Win_15px_2026-07-21,15,inner,19,0.11230464091272922,0.41645534376727006,0.838919460773468,0.8386773467063904,0.8403614163398743,0.8370000123977661,0.914726734161377,0.96200031042099,0.9620440602302551,0.9562305808067322,0.9679285883903503,0.9913583993911743
185,Hartbeespoort,Winam,T-Har_V-Win_15px_2026-07-21,15,inner,20,0.11019684699736138,0.3658744967421456,0.8704352378845215,0.8673835396766663,0.8887723088264465,0.847000002861023,0.940675675868988,0.9630695581436157,0.9630969166755676,0.9576659202575684,0.9685898423194885,0.9916753768920898
186,Hartbeespoort,Winam,T-Har_V-Win_15px_2026-07-21,15,inner,21,0.10627595999411875,0.4038735747723102,0.8469234704971313,0.8386076092720032,0.8872767686843872,0.7950000166893005,0.9331872463226318,0.9647968411445618,0.9647620320320129,0.9609643816947937,0.9685898423194885,0.9921814203262329
187,Hartbeespoort,Winam,T-Har_V-Win_15px_2026-07-21,15,inner,22,0.0996785107292241,0.42366973476707115,0.8524262309074402,0.8470709919929504,0.8794402480125427,0.8169999718666077,0.9255305528640747,0.9669353365898132,0.9669244885444641,0.9624897837638855,0.971400260925293,0.9931402206420898
188,Hartbeespoort,,Test_Har_outer_15px_2026-07-21,15,outer,1,0.34491916115256854,,,,,,,0.857738196849823,0.8564299941062927,0.8607250452041626,0.852177619934082,0.9279940128326416
189,Hartbeespoort,,Test_Har_outer_15px_2026-07-21,15,outer,2,0.2581670795144137,,,,,,,0.9063360691070557,0.9065539240837097,0.9007141590118408,0.9124698638916016,0.9583395719528198
190,Hartbeespoort,,Test_Har_outer_15px_2026-07-21,15,outer,3,0.2287826015129596,,,,,,,0.9176379442214966,0.9177250862121582,0.912958025932312,0.9225422143936157,0.9669045209884644
191,Hartbeespoort,,Test_Har_outer_15px_2026-07-21,15,outer,4,0.22008239320619655,,,,,,,0.9235007166862488,0.9235331416130066,0.9193140268325806,0.927791178226471,0.9692437648773193
192,Hartbeespoort,,Test_Har_outer_15px_2026-07-21,15,outer,5,0.21629283784716918,,,,,,,0.9242777228355408,0.9244325160980225,0.9187333583831787,0.930202841758728,0.9694420099258423
193,Hartbeespoort,,Test_Har_outer_15px_2026-07-21,15,outer,6,0.1832807425470341,,,,,,,0.935862123966217,0.9362180233001709,0.9272297024726868,0.945382297039032,0.9769457578659058
194,Hartbeespoort,,Test_Har_outer_15px_2026-07-21,15,outer,7,0.17782371146478768,,,,,,,0.9392526745796204,0.9395132660865784,0.9316501617431641,0.947510302066803,0.9789977073669434
195,Hartbeespoort,,Test_Har_outer_15px_2026-07-21,15,outer,8,0.17702057795975262,,,,,,,0.9387581944465637,0.9389737248420715,0.9318245053291321,0.9462335109710693,0.9790693521499634
196,Hartbeespoort,,Test_Har_outer_15px_2026-07-21,15,outer,9,0.18436879437884393,,,,,,,0.9346612691879272,0.9347994923591614,0.9289717078208923,0.9407008290290833,0.9776128530502319
197,Hartbeespoort,,Test_Har_outer_15px_2026-07-21,15,outer,10,0.1669877858714986,,,,,,,0.9414423704147339,0.9416895508766174,0.9338727593421936,0.9496382474899292,0.9816403985023499
198,Hartbeespoort,,Test_Har_outer_15px_2026-07-21,15,outer,11,0.15498969211049224,,,,,,,0.9446916580200195,0.9448708295822144,0.9379368424415588,0.9519080519676208,0.9841687679290771
199,Hartbeespoort,,Test_Har_outer_15px_2026-07-21,15,outer,12,0.14898631483907962,,,,,,,0.9477290511131287,0.9480190873146057,0.9389175176620483,0.9572989344596863,0.9854183197021484
200,Hartbeespoort,,Test_Har_outer_15px_2026-07-21,15,outer,13,0.15129040772704627,,,,,,,0.9471639394760132,0.9473313689231873,0.9404445886611938,0.9543197751045227,0.9847604036331177
201,Hartbeespoort,,Test_Har_outer_15px_2026-07-21,15,outer,14,0.14907290484050223,,,,,,,0.946810781955719,0.9470129013061523,0.9395420551300049,0.9546034932136536,0.9857128858566284
202,Hartbeespoort,,Test_Har_outer_15px_2026-07-21,15,outer,15,0.15811476529701338,,,,,,,0.9424313306808472,0.9424557089805603,0.9381501078605652,0.946800947189331,0.9839589595794678
203,Hartbeespoort,,Test_Har_outer_15px_2026-07-21,15,outer,16,0.14024149457293647,,,,,,,0.9511902332305908,0.9512522220611572,0.9461128115653992,0.9564477205276489,0.9873464107513428
204,Hartbeespoort,,Test_Har_outer_15px_2026-07-21,15,outer,17,0.1340948846556934,,,,,,,0.9526029229164124,0.9527431726455688,0.9460139870643616,0.9595687389373779,0.9881412982940674
205,Rodman,Hartbeespoort,T-Rod_V-Har_15px_2026-07-21,15,inner,1,0.3479600945534511,0.4031024366382539,0.8208661675453186,0.7866353988647461,0.953125,0.6696606874465942,0.9258802533149719,0.8509286046028137,0.8452442288398743,0.8740031719207764,0.8183175921440125,0.9281952381134033
206,Rodman,Hartbeespoort,T-Rod_V-Har_15px_2026-07-21,15,inner,2,0.22745045933209812,0.26935119234670807,0.9045275449752808,0.9023162126541138,0.9105691313743591,0.8942115902900696,0.95509272813797,0.9127528071403503,0.9119093418121338,0.9161084890365601,0.9077484607696533,0.96937096118927
207,Rodman,Hartbeespoort,T-Rod_V-Har_15px_2026-07-21,15,inner,3,0.18146838177544392,0.30200360844454427,0.8813976645469666,0.8700808882713318,0.9460726976394653,0.8053892254829407,0.9485474824905396,0.9324803948402405,0.9322623610496521,0.9305670261383057,0.9339638352394104,0.9803265333175659
208,Rodman,Hartbeespoort,T-Rod_V-Har_15px_2026-07-21,15,inner,4,0.1531713226574096,0.38229316443674205,0.8543307185173035,0.8331454396247864,0.9572538733482361,0.7375249266624451,0.9375734329223633,0.9433760046958923,0.9431931376457214,0.9414779543876648,0.9449145793914795,0.9857431650161743
209,Rodman,Hartbeespoort,T-Rod_V-Har_15px_2026-07-21,15,inner,5,0.13797394624314327,0.20956819005838528,0.913385808467865,0.9073684215545654,0.9599109292030334,0.8602794408798218,0.9816725254058838,0.9484110474586487,0.9482658505439758,0.9461513161659241,0.9503899216651917,0.9880940318107605
210,Rodman,Hartbeespoort,T-Rod_V-Har_15px_2026-07-21,15,inner,6,0.1215483009766017,0.22756530922346227,0.9094488024711609,0.9040667414665222,0.9465065598487854,0.8652694821357727,0.9738144874572754,0.9555922150611877,0.95540452003479,0.954613208770752,0.9561971426010132,0.9903601408004761
211,Rodman,Hartbeespoort,T-Rod_V-Har_15px_2026-07-21,15,inner,7,0.12182067777074372,0.21344438966686333,0.9212598204612732,0.9167534112930298,0.957608699798584,0.8792415261268616,0.9734114408493042,0.9565827250480652,0.9564785957336426,0.9539527893066406,0.9590177536010742,0.9900422692298889
212,Rodman,Hartbeespoort,T-Rod_V-Har_15px_2026-07-21,15,inner,8,0.11311432164757398,0.4133948394075388,0.8444882035255432,0.819428563117981,0.9585561752319336,0.7155688405036926,0.9401895403862,0.9580684900283813,0.9579539895057678,0.9557390809059143,0.9601792097091675,0.9916916489601135
213,Rodman,Hartbeespoort,T-Rod_V-Har_15px_2026-07-21,15,inner,9,0.11081500756982876,0.16342826020412557,0.9453740119934082,0.943911075592041,0.9559876918792725,0.9321357011795044,0.9819602966308594,0.960297167301178,0.9602051973342896,0.9575907588005066,0.9628339409828186,0.9915532469749451
214,Rodman,Hartbeespoort,T-Rod_V-Har_15px_2026-07-21,15,inner,10,0.1093452546846243,0.2262087849474798,0.9256889820098877,0.9219638109207153,0.956055760383606,0.8902195692062378,0.9742175936698914,0.9603797197341919,0.9603436589241028,0.9563929438591003,0.9643272161483765,0.9919775724411011
215,Rodman,Hartbeespoort,T-Rod_V-Har_15px_2026-07-21,15,inner,11,0.09984485889165007,0.25309598432692487,0.8986220359802246,0.8898395895957947,0.9585253596305847,0.8303393125534058,0.9720500707626343,0.9631861448287964,0.9631283283233643,0.9597956538200378,0.9664841294288635,0.9932623505592346
216,Rodman,Hartbeespoort,T-Rod_V-Har_15px_2026-07-21,15,inner,12,0.09635640753912031,0.24330037624729195,0.9055117964744568,0.8981972336769104,0.9581447839736938,0.8453093767166138,0.9736003875732422,0.9655798673629761,0.9655400514602661,0.9618043899536133,0.9693048000335693,0.9935293197631836
217,Rodman,Hartbeespoort,T-Rod_V-Har_15px_2026-07-21,15,inner,13,0.0959253738035828,0.263918670730328,0.8932086825370789,0.8831448554992676,0.9590643048286438,0.8183632493019104,0.9730519652366638,0.9657449722290039,0.9657562375068665,0.9606040716171265,0.9709640145301819,0.9936308860778809
218,Rodman,Hartbeespoort,T-Rod_V-Har_15px_2026-07-21,15,inner,14,0.09386303599338074,0.3236161470413208,0.8754921555519104,0.8607594966888428,0.9595091938972473,0.7804391384124756,0.9611291885375977,0.9665703773498535,0.9665372371673584,0.9626398682594299,0.9704662561416626,0.994186282157898
219,Rodman,Hartbeespoort,T-Rod_V-Har_15px_2026-07-21,15,inner,15,0.09246744672916568,0.28940802563245843,0.8976377844810486,0.8886509537696838,0.9584295749664307,0.8283433318138123,0.9680212736129761,0.9667354226112366,0.9666252732276917,0.9649471044540405,0.9683092832565308,0.9942410588264465
220,Rodman,Hartbeespoort,T-Rod_V-Har_15px_2026-07-21,15,inner,16,0.08802573048024201,0.317655093153924,0.875984251499176,0.8616904616355896,0.957317054271698,0.7834331393241882,0.9686219692230225,0.9676434397697449,0.967603325843811,0.9639387726783752,0.9712958335876465,0.9948588609695435
221,Rodman,Hartbeespoort,T-Rod_V-Har_15px_2026-07-21,15,inner,17,0.08625594893062208,0.2907439880439733,0.8863189220428467,0.874660849571228,0.9583829045295715,0.8043912053108215,0.969870924949646,0.9695419073104858,0.9695318341255188,0.9649901390075684,0.9741165041923523,0.9947725534439087
222,Rodman,Hartbeespoort,T-Rod_V-Har_15px_2026-07-21,15,inner,18,0.08442100274061005,0.27501370282990373,0.8823819160461426,0.8693274855613708,0.9613059163093567,0.7934131622314453,0.9758899807929993,0.9696244597434998,0.9695515632629395,0.9669912457466125,0.9721254110336304,0.9953334927558899
223,Rodman,Hartbeespoort,T-Rod_V-Har_15px_2026-07-21,15,inner,19,0.08373207789755438,0.2848300309705101,0.8828740119934082,0.8702290058135986,0.9591346383094788,0.796407163143158,0.9749743342399597,0.9706149697303772,0.9705784916877747,0.9669026732444763,0.9742823839187622,0.9951224327087402
224,Rodman,Mula,T-Rod_V-Mul_15px_2026-07-21,15,inner,1,0.3085796363839945,0.59590023994791,0.7750965356826782,0.7222884297370911,0.897777795791626,0.6041874289512634,0.8568625450134277,0.8694823980331421,0.8652760982513428,0.8922778367996216,0.8398606181144714,0.9449518918991089
225,Rodman,Mula,T-Rod_V-Mul_15px_2026-07-21,15,inner,2,0.18601967086980803,0.44110497642437924,0.7837837934494019,0.7336504459381104,0.9086892604827881,0.6151545643806458,0.9275540709495544,0.9297722578048706,0.9298129677772522,0.9275099039077759,0.9321274757385254,0.9789557456970215
226,Rodman,Mula,T-Rod_V-Mul_15px_2026-07-21,15,inner,3,0.1379459369774931,0.8631737716639825,0.6124517321586609,0.3789636492729187,0.8448275923728943,0.24426719546318054,0.8639721870422363,0.9510558843612671,0.9510071873664856,0.9501407742500305,0.9518752098083496,0.988124430179596
227,Rodman,Mula,T-Rod_V-Mul_15px_2026-07-21,15,inner,4,0.12366074261211214,0.36891015000555044,0.8431467413902283,0.8253626823425293,0.8951048851013184,0.7657029032707214,0.9303613901138306,0.9568529725074768,0.9568172693252563,0.9557873606681824,0.9578493237495422,0.9899709820747375
228,Rodman,Mula,T-Rod_V-Mul_15px_2026-07-21,15,inner,5,0.11810109840972083,0.4947467114359255,0.7876448035240173,0.7330096960067749,0.9364340901374817,0.6021934151649475,0.9353296756744385,0.9573498964309692,0.9573286771774292,0.9559821486473083,0.9586790800094604,0.9904520511627197
229,Rodman,Mula,T-Rod_V-Mul_15px_2026-07-21,15,inner,6,0.09250950509038278,0.5749595191718069,0.7345559597015381,0.6456185579299927,0.9125683307647705,0.499501496553421,0.9297682046890259,0.9677018523216248,0.9677205681800842,0.9653236269950867,0.9701294302940369,0.9938915967941284
230,Rodman,Mula,T-Rod_V-Mul_15px_2026-07-21,15,inner,7,0.08751229627640228,0.638957908024659,0.7200772166252136,0.6133333444595337,0.9255533218383789,0.45862412452697754,0.9371101260185242,0.9695237874984741,0.9695414900779724,0.9671400189399719,0.971954882144928,0.9947512149810791
231,Rodman,Mula,T-Rod_V-Mul_15px_2026-07-21,15,inner,8,0.08486176902401274,0.47255441178226104,0.7784749269485474,0.7275964617729187,0.8988269567489624,0.6111664772033691,0.9326230883598328,0.9709316492080688,0.9709557294845581,0.968311607837677,0.9736143350601196,0.9948088526725769
232,Rodman,Mula,T-Rod_V-Mul_15px_2026-07-21,15,inner,9,0.07845146706262238,0.4798144614144182,0.796332061290741,0.7505910396575928,0.921625554561615,0.633100688457489,0.9362306594848633,0.9726707935333252,0.9727092385292053,0.9695021510124207,0.9759376049041748,0.9955399632453918
233,Rodman,Mula,T-Rod_V-Mul_15px_2026-07-21,15,inner,10,0.07758398377994079,0.34795938052495934,0.8542470932006836,0.8386752009391785,0.9033371806144714,0.7826520204544067,0.9435827732086182,0.9733333587646484,0.973357617855072,0.9706270694732666,0.9761035442352295,0.9954792261123657
234,Rodman,Mula,T-Rod_V-Mul_15px_2026-07-21,15,inner,11,0.07232351444275976,0.4360226554990275,0.8117760419845581,0.779411792755127,0.900653600692749,0.6869391798973083,0.9335576295852661,0.9755693674087524,0.9756057262420654,0.9723092317581177,0.9789246320724487,0.9961785078048706
235,Rodman,Mula,T-Rod_V-Mul_15px_2026-07-21,15,inner,12,0.07147324644646166,0.5027039483275882,0.7968146800994873,0.750148355960846,0.9266862273216248,0.6301096677780151,0.9439948797225952,0.9764803051948547,0.9764978289604187,0.9739187955856323,0.9790906310081482,0.9960092902183533
236,Rodman,Mula,T-Rod_V-Mul_15px_2026-07-21,15,inner,13,0.06871193119087575,0.640342449560819,0.7379343509674072,0.6503541469573975,0.918181836605072,0.5034895539283752,0.9362053871154785,0.9754037261009216,0.9754647016525269,0.9712123870849609,0.9797543883323669,0.9967184066772461
237,Rodman,Mula,T-Rod_V-Mul_15px_2026-07-21,15,inner,14,0.06527736944395193,0.49979593141658885,0.7968146800994873,0.7559420466423035,0.9030470848083496,0.6500498652458191,0.9334317445755005,0.9783850908279419,0.9783886671066284,0.9763675332069397,0.9804182052612305,0.9968405365943909
238,Rodman,Mula,T-Rod_V-Mul_15px_2026-07-21,15,inner,15,0.06654854731715244,0.5559581943920681,0.7620656490325928,0.696241557598114,0.9112903475761414,0.5633100867271423,0.936296820640564,0.9751552939414978,0.9751819968223572,0.9722864031791687,0.9780949354171753,0.9967882037162781
239,Rodman,Mula,T-Rod_V-Mul_15px_2026-07-21,15,inner,16,0.06235786341300415,0.5329795152409197,0.7837837934494019,0.7307692170143127,0.9198184609413147,0.6061814427375793,0.9409890174865723,0.9800413846969604,0.980074405670166,0.9766024351119995,0.9835711717605591,0.9970240592956543
240,Rodman,Mula,T-Rod_V-Mul_15px_2026-07-21,15,inner,17,0.0625149814300162,0.42600584887399634,0.8267374634742737,0.7988795638084412,0.9117646813392639,0.7108674049377441,0.9394762516021729,0.9792132377624512,0.9792235493659973,0.9768785834312439,0.9815798401832581,0.9968851804733276
241,Rodman,Mula,T-Rod_V-Mul_15px_2026-07-21,15,inner,18,0.05970288309436407,0.5052725776282057,0.7890926599502563,0.7415730357170105,0.9113371968269348,0.6251246333122253,0.9364992380142212,0.979296088218689,0.9793320298194885,0.9757825136184692,0.9829074144363403,0.9973316788673401
242,Rodman,Mula,T-Rod_V-Mul_15px_2026-07-21,15,inner,19,0.06028254350766879,0.48534878490054006,0.8083977103233337,0.7690517902374268,0.923184335231781,0.6590229272842407,0.9430035948753357,0.9799585938453674,0.9799867868423462,0.976755678653717,0.9832392930984497,0.9972302317619324
243,Rodman,Mula,T-Rod_V-Mul_15px_2026-07-21,15,inner,20,0.058400240203608636,0.4430521942934014,0.8243243098258972,0.7938844561576843,0.9187418222427368,0.6989032626152039,0.9451980590820312,0.9806210994720459,0.980619490146637,0.9788359999656677,0.9824095368385315,0.9973688721656799
244,Rodman,Inle,T-Rod_V-Inl_15px_2026-07-21,15,inner,1,0.29546785892415284,0.3421641154885292,0.8395000100135803,0.8450024127960205,0.8169934749603271,0.875,0.9376680254936218,0.8838396072387695,0.8831082582473755,0.8821582198143005,0.8840603828430176,0.948936402797699
245,Rodman,Inle,T-Rod_V-Inl_15px_2026-07-21,15,inner,2,0.20467120807087646,0.22020702785253524,0.906499981880188,0.9056984186172485,0.9135299921035767,0.8980000019073486,0.9718289971351624,0.9245080947875977,0.9242836833000183,0.920256495475769,0.9283463358879089,0.974097490310669
246,Rodman,Inle,T-Rod_V-Inl_15px_2026-07-21,15,inner,3,0.16058076749203617,0.1900890108346939,0.9330000281333923,0.9350775480270386,0.9069548845291138,0.9649999737739563,0.9816529750823975,0.9418786764144897,0.9417971968650818,0.9362399578094482,0.9474207758903503,0.9839149713516235
247,Rodman,Inle,T-Rod_V-Inl_15px_2026-07-21,15,inner,4,0.1485438293683791,0.16626707327365875,0.9375,0.9391134977340698,0.9154796004295349,0.9639999866485596,0.9840859770774841,0.9466534852981567,0.9465081691741943,0.9421528577804565,0.9509039521217346,0.9855409860610962
248,Rodman,Inle,T-Rod_V-Inl_15px_2026-07-21,15,inner,5,0.14229351770237972,0.17110907800495626,0.9380000233650208,0.9396299719810486,0.9155597686767578,0.9649999737739563,0.9829639792442322,0.9472297430038452,0.9471514821052551,0.9416393637657166,0.9527284502983093,0.9867542386054993
249,Rodman,Inle,T-Rod_V-Inl_15px_2026-07-21,15,inner,6,0.12290204814248412,0.20296048912405967,0.9164999723434448,0.9190499186515808,0.8918156027793884,0.9480000138282776,0.978128969669342,0.9548036456108093,0.9547067284584045,0.9497702121734619,0.9596948027610779,0.9899312853813171
250,Rodman,Inle,T-Rod_V-Inl_15px_2026-07-21,15,inner,7,0.11311988669048222,0.165869921118021,0.9319999814033508,0.9317269325256348,0.9354838728904724,0.9279999732971191,0.9842809438705444,0.9605664014816284,0.9604948163032532,0.9552165269851685,0.9658318161964417,0.9915424585342407
251,Rodman,Inle,T-Rod_V-Inl_15px_2026-07-21,15,inner,8,0.10778540738630493,0.1581380889341235,0.9325000047683716,0.934434175491333,0.9084041714668274,0.9620000123977661,0.9877349734306335,0.9608957171440125,0.9608117938041687,0.9558437466621399,0.9658318161964417,0.9921572208404541
252,Rodman,Inle,T-Rod_V-Inl_15px_2026-07-21,15,inner,9,0.1083025608999627,0.1451014190092683,0.9445000290870667,0.945239245891571,0.9328140020370483,0.9580000042915344,0.9879869818687439,0.9629538059234619,0.9629202485084534,0.9567708969116211,0.969149112701416,0.9919322729110718
253,Rodman,Inle,T-Rod_V-Inl_15px_2026-07-21,15,inner,10,0.10734093416369657,0.17095576820522546,0.9300000071525574,0.931506872177124,0.9118773937225342,0.9520000219345093,0.9835920333862305,0.9622952342033386,0.9622111916542053,0.9573140740394592,0.9671587347984314,0.9923058748245239
254,Rodman,Inle,T-Rod_V-Inl_15px_2026-07-21,15,inner,11,0.09623146142693736,0.1532538412883878,0.9355000257492065,0.9370424747467041,0.9151573181152344,0.9599999785423279,0.987123966217041,0.9650119543075562,0.9649484753608704,0.959645688533783,0.9703101515769958,0.9938743114471436
255,Rodman,Inle,T-Rod_V-Inl_15px_2026-07-21,15,inner,12,0.09608905286276459,0.12549579351395368,0.9509999752044678,0.9520078301429749,0.93282151222229,0.972000002861023,0.9922229647636414,0.9652588963508606,0.9652044773101807,0.9596655368804932,0.9708077907562256,0.9937571287155151
256,Rodman,Inle,T-Rod_V-Inl_15px_2026-07-21,15,inner,13,0.09323005169455854,0.1635199950635433,0.9290000200271606,0.9306640625,0.9093511700630188,0.953000009059906,0.9852420091629028,0.9678109884262085,0.9677366018295288,0.9628899693489075,0.9726322889328003,0.9940789937973022
257,Rodman,Inle,T-Rod_V-Inl_15px_2026-07-21,15,inner,14,0.08957347696559796,0.16128458700329065,0.9390000104904175,0.9410058259963989,0.9110487103462219,0.9729999899864197,0.987091064453125,0.9667407870292664,0.9666996598243713,0.9608389139175415,0.9726322889328003,0.9946261048316956
258,Rodman,Inle,T-Rod_V-Inl_15px_2026-07-21,15,inner,15,0.0909872022508407,0.19571566283702851,0.921999990940094,0.9247104525566101,0.8936567306518555,0.9580000042915344,0.9796800017356873,0.9670700430870056,0.9669749140739441,0.9626829028129578,0.9713053703308105,0.9944559931755066
259,Rodman,Inle,T-Rod_V-Inl_15px_2026-07-21,15,inner,16,0.08731618677798422,0.12035244072228671,0.9495000243186951,0.9502708315849304,0.9359844923019409,0.9649999737739563,0.9917210340499878,0.9684695601463318,0.9684435725212097,0.9621807336807251,0.9747885465621948,0.9948188662528992
260,Rodman,Inle,T-Rod_V-Inl_15px_2026-07-21,15,inner,17,0.0844399838249772,0.14360604912042618,0.9399999976158142,0.9408283829689026,0.9280155897140503,0.9539999961853027,0.9875739812850952,0.9691281914710999,0.9690925478935242,0.9631389379501343,0.9751202464103699,0.9950147867202759
261,Rodman,Inle,T-Rod_V-Inl_15px_2026-07-21,15,inner,18,0.08308015916549572,0.12406250466406345,0.9490000009536743,0.9496047496795654,0.9384765625,0.9610000252723694,0.9909809827804565,0.9694575071334839,0.9694675207138062,0.9621039032936096,0.9769447445869446,0.995459794998169
262,Rodman,Inle,T-Rod_V-Inl_15px_2026-07-21,15,inner,19,0.08634050800565869,0.15814988248050213,0.9359999895095825,0.9375,0.9160305261611938,0.9599999785423279,0.9864079356193542,0.9684695601463318,0.9683967232704163,0.9635468125343323,0.9732957482337952,0.9948468208312988
263,Rodman,Inle,T-Rod_V-Inl_15px_2026-07-21,15,inner,20,0.08096407590944737,0.15227602304890753,0.9419999718666077,0.9441233277320862,0.910780668258667,0.9800000190734863,0.988968014717102,0.9701160788536072,0.9699677228927612,0.967646062374115,0.9723005294799805,0.9956309199333191
264,Rodman,Inle,T-Rod_V-Inl_15px_2026-07-21,15,inner,21,0.08029368524812637,0.1311944029480219,0.9470000267028809,0.9482926726341248,0.9257143139839172,0.972000002861023,0.990664005279541,0.9722565412521362,0.9721924066543579,0.9673234820365906,0.9771106243133545,0.995468020439148
265,Rodman,Inle,T-Rod_V-Inl_15px_2026-07-21,15,inner,22,0.08013339029034539,0.15506221743673085,0.9340000152587891,0.9356725215911865,0.9125475287437439,0.9599999785423279,0.9870439767837524,0.9697044491767883,0.969596803188324,0.965925931930542,0.9732957482337952,0.9955209493637085
266,Rodman,Inle,T-Rod_V-Inl_15px_2026-07-21,15,inner,23,0.08065360338182775,0.15092598813027144,0.9409999847412109,0.9431599378585815,0.9098513126373291,0.9789999723434448,0.9898879528045654,0.9727504849433899,0.9727280139923096,0.9664374589920044,0.9791010022163391,0.9953855276107788
267,Rodman,Inle,T-Rod_V-Inl_15px_2026-07-21,15,inner,24,0.08115011200062226,0.13940898618102074,0.9430000185966492,0.9441723823547363,0.9251439571380615,0.9639999866485596,0.9891499876976013,0.9703630805015564,0.9703019261360168,0.9652059674263,0.9754520058631897,0.9956564903259277
268,Rodman,Inle,T-Rod_V-Inl_15px_2026-07-21,15,inner,25,0.08015680752373815,0.14947304967790842,0.9375,0.9394086003303528,0.9115710258483887,0.968999981880188,0.9886539578437805,0.9710216522216797,0.9709283113479614,0.9669353365898132,0.97495436668396,0.9956852197647095
269,Rodman,Inle,T-Rod_V-Inl_15px_2026-07-21,15,inner,26,0.08007775109150561,0.14151802176982164,0.9415000081062317,0.9427872896194458,0.9224880337715149,0.9639999866485596,0.9890705347061157,0.9702807068824768,0.970207154750824,0.9655058979988098,0.97495436668396,0.9955317378044128
270,Rodman,Vembanad,T-Rod_V-Vem_15px_2026-07-21,15,inner,1,0.3232308734219081,0.26295372870537664,0.8961039185523987,0.8895965814590454,0.9501133561134338,0.8363273739814758,0.9698653221130371,0.8684232234954834,0.865352213382721,0.8791303038597107,0.8519993424415588,0.938247561454773
271,Rodman,Vembanad,T-Rod_V-Vem_15px_2026-07-21,15,inner,2,0.2117782471668529,0.2858933389678106,0.8846153616905212,0.8737014532089233,0.9661427140235901,0.7974051833152771,0.969880223274231,0.9197200536727905,0.9189459085464478,0.920859694480896,0.9170399904251099,0.9729984998703003
272,Rodman,Vembanad,T-Rod_V-Vem_15px_2026-07-21,15,inner,3,0.17290872990128042,0.2042420868883719,0.9265734553337097,0.9232376217842102,0.9682365655899048,0.8822355270385742,0.980724573135376,0.9362700581550598,0.935767650604248,0.9360783696174622,0.9354571104049683,0.9815793037414551
273,Rodman,Vembanad,T-Rod_V-Vem_15px_2026-07-21,15,inner,4,0.15704937855271756,0.17247352599502205,0.9420579671859741,0.9424031972885132,0.937747061252594,0.9471057653427124,0.982977032661438,0.9424454569816589,0.9421117901802063,0.9404761791229248,0.9437531232833862,0.9848573207855225
274,Rodman,Vembanad,T-Rod_V-Vem_15px_2026-07-21,15,inner,5,0.14859437871097095,0.1941921101077334,0.9285714030265808,0.9259451031684875,0.9623250961303711,0.8922155499458313,0.9818623065948486,0.944503903388977,0.9442790746688843,0.9410117268562317,0.9475692510604858,0.9860566258430481
275,Rodman,Vembanad,T-Rod_V-Vem_15px_2026-07-21,15,inner,6,0.12740348563144216,0.15935393456336144,0.9430569410324097,0.9420731663703918,0.9596273303031921,0.92514967918396,0.985742449760437,0.9534788131713867,0.9533173441886902,0.9494733214378357,0.9571926593780518,0.9895979166030884
276,Rodman,Vembanad,T-Rod_V-Vem_15px_2026-07-21,15,inner,7,0.12214338562404142,0.20394016375074853,0.9200799465179443,0.9198396801948547,0.923541247844696,0.916167676448822,0.9748443365097046,0.9553725719451904,0.9552435874938965,0.9508466124534607,0.9596814513206482,0.9904330968856812
277,Rodman,Vembanad,T-Rod_V-Vem_15px_2026-07-21,15,inner,8,0.11594200219058755,0.18746902157257606,0.9325674176216125,0.930232584476471,0.9646302461624146,0.8982036113739014,0.9831247329711914,0.9571017026901245,0.9569812417030334,0.9524983763694763,0.9615065455436707,0.9914028644561768
278,Rodman,Vembanad,T-Rod_V-Vem_15px_2026-07-21,15,inner,9,0.11078237529986677,0.21750397552977074,0.9145854115486145,0.9126213788986206,0.9350785613059998,0.8912175893783569,0.9737534523010254,0.9594895243644714,0.9592850208282471,0.9569093585014343,0.9616724848747253,0.9919617772102356
279,Rodman,Vembanad,T-Rod_V-Vem_15px_2026-07-21,15,inner,10,0.10457238854756813,0.13592964032670476,0.9510489702224731,0.951195240020752,0.9493041634559631,0.9530938267707825,0.9876856803894043,0.9635241031646729,0.9633612036705017,0.960422158241272,0.9663182497024536,0.992646336555481
280,Rodman,Vembanad,T-Rod_V-Vem_15px_2026-07-21,15,inner,11,0.0980393578009676,0.1213284376469049,0.9575424790382385,0.957690417766571,0.9553127884864807,0.9600798487663269,0.989715576171875,0.9635241031646729,0.9634035229682922,0.9593616127967834,0.9674796462059021,0.9938227534294128
281,Rodman,Vembanad,T-Rod_V-Vem_15px_2026-07-21,15,inner,12,0.10238712850655976,0.09970312741967467,0.9705294966697693,0.9706613421440125,0.9672943353652954,0.9740518927574158,0.992895245552063,0.9645121693611145,0.9643713235855103,0.9609555006027222,0.9678115248680115,0.992718517780304
282,Rodman,Vembanad,T-Rod_V-Vem_15px_2026-07-21,15,inner,13,0.0946029482259825,0.11648369241844524,0.9605394601821899,0.9606377482414246,0.9592039585113525,0.9620758295059204,0.9908393025398254,0.9662412405014038,0.9661660194396973,0.9610901474952698,0.9712958335876465,0.9942559003829956
283,Rodman,Vembanad,T-Rod_V-Vem_15px_2026-07-21,15,inner,14,0.09613062762929461,0.10432049408778325,0.9650349617004395,0.9653121829032898,0.9586614370346069,0.9720559120178223,0.991982102394104,0.9645121693611145,0.9643831253051758,0.9606519341468811,0.9681433439254761,0.9938468933105469
284,Rodman,Vembanad,T-Rod_V-Vem_15px_2026-07-21,15,inner,15,0.09262114367511058,0.12645165340139436,0.9555444717407227,0.9557434320449829,0.9524281620979309,0.9590818285942078,0.988935112953186,0.9668999314308167,0.9668042659759521,0.9623541235923767,0.9712958335876465,0.9944199919700623
285,Rodman,Vembanad,T-Rod_V-Vem_15px_2026-07-21,15,inner,16,0.08923597766102563,0.11735130344832932,0.9585414528846741,0.9583960175514221,0.9627391695976257,0.9540917873382568,0.9911806583404541,0.967311680316925,0.9672523140907288,0.9617782235145569,0.9727891087532043,0.9947555065155029
286,Rodman,Vembanad,T-Rod_V-Vem_15px_2026-07-21,15,inner,17,0.08894369697352406,0.13372216996672628,0.9540459513664246,0.9537688493728638,0.9605262875556946,0.9471057653427124,0.9893333911895752,0.9692877531051636,0.9691557288169861,0.9660402536392212,0.9722913503646851,0.9947078227996826
287,Rodman,Vembanad,T-Rod_V-Vem_15px_2026-07-21,15,inner,18,0.0883868810201977,0.1801701918408111,0.9325674176216125,0.9318525791168213,0.9427987933158875,0.9211576581001282,0.9813323020935059,0.9672293066978455,0.9671019911766052,0.9635974168777466,0.9706321358680725,0.9948126077651978
288,Rodman,Vembanad,T-Rod_V-Vem_15px_2026-07-21,15,inner,19,0.08868459195831079,0.12289506040669822,0.9575424790382385,0.957690417766571,0.9553127884864807,0.9600798487663269,0.9892784357070923,0.9676409959793091,0.967534065246582,0.9634748101234436,0.9716276526451111,0.9948253631591797
289,Rodman,Vembanad,T-Rod_V-Vem_15px_2026-07-21,15,inner,20,0.08504541007830263,0.13559909837765174,0.9515484571456909,0.9516691565513611,0.9502487778663635,0.9530938267707825,0.9878652691841125,0.9686290621757507,0.9685305953025818,0.9643092155456543,0.9727891087532043,0.9952118992805481
290,Rodman,Vembanad,T-Rod_V-Vem_15px_2026-07-21,15,inner,21,0.08376068928761705,0.13996024910624807,0.9485514760017395,0.9480060338973999,0.9591419696807861,0.9371257424354553,0.9886746406555176,0.9696171283721924,0.9695519208908081,0.9643794894218445,0.9747801423072815,0.9954579472541809
291,Rodman,Vembanad,T-Rod_V-Vem_15px_2026-07-21,15,inner,22,0.086701331689598,0.10556905634038813,0.9650349617004395,0.9649649858474731,0.9678714871406555,0.9620758295059204,0.992348313331604,0.9698641300201416,0.9697870016098022,0.9650073647499084,0.9746142625808716,0.9950543642044067
292,Rodman,Valsequillo,T-Rod_V-Val_15px_2026-07-21,15,inner,1,0.3152881764879193,0.2574757383734572,0.9166666865348816,0.9210036993026733,0.8754416704177856,0.9715686440467834,0.96492600440979,0.871148943901062,0.8687310814857483,0.8786383271217346,0.8590447902679443,0.9422509670257568
293,Rodman,Valsequillo,T-Rod_V-Val_15px_2026-07-21,15,inner,2,0.2053373613960729,0.18595941969577004,0.9348039031028748,0.9348358511924744,0.9343780875205994,0.9352940917015076,0.977588415145874,0.9235979318618774,0.9230385422706604,0.9229617118835449,0.9231153130531311,0.9747356176376343
294,Rodman,Valsequillo,T-Rod_V-Val_15px_2026-07-21,15,inner,3,0.1684149154656154,0.1523630419636474,0.9514706134796143,0.9522891640663147,0.936492919921875,0.9686274528503418,0.9817858934402466,0.9368134140968323,0.9365829229354858,0.9331020712852478,0.9400898814201355,0.9820938110351562
295,Rodman,Valsequillo,T-Rod_V-Val_15px_2026-07-21,15,inner,4,0.1442897115027352,0.16687980643382258,0.9401960968971252,0.940891444683075,0.9300765991210938,0.9519608020782471,0.9799860715866089,0.9471380114555359,0.9469231963157654,0.9437923431396484,0.9500749111175537,0.9865003824234009
296,Rodman,Valsequillo,T-Rod_V-Val_15px_2026-07-21,15,inner,5,0.1375448932618757,0.16712704607669046,0.9519608020782471,0.9519608020782471,0.9519608020782471,0.9519608020782471,0.9801595211029053,0.9512678384780884,0.9510941505432129,0.9474813938140869,0.9547345638275146,0.9874653816223145
297,Rodman,Valsequillo,T-Rod_V-Val_15px_2026-07-21,15,inner,6,0.11660732178366272,0.12343388230485075,0.9524509906768799,0.9535217881202698,0.9325211048126221,0.9754902124404907,0.9899817705154419,0.9568844437599182,0.9567880630493164,0.9519025087356567,0.9617241024971008,0.9910978078842163
298,Rodman,Valsequillo,T-Rod_V-Val_15px_2026-07-21,15,inner,7,0.10941373085090957,0.14363449107782514,0.947549045085907,0.9487793445587158,0.9270346164703369,0.9715686440467834,0.9854200482368469,0.9597753286361694,0.9596954584121704,0.954560399055481,0.9648860096931458,0.991995096206665
299,Rodman,Valsequillo,T-Rod_V-Val_15px_2026-07-21,15,inner,8,0.11011374046335412,0.16531160814212817,0.9504901766777039,0.951927661895752,0.9250693917274475,0.9803921580314636,0.9771453142166138,0.9621706604957581,0.9619854092597961,0.9595959782600403,0.9643867611885071,0.9915225505828857
300,Rodman,Valsequillo,T-Rod_V-Val_15px_2026-07-21,15,inner,9,0.10524047964583383,0.13906876993383846,0.9485294222831726,0.9485041499137878,0.9489696025848389,0.9480392336845398,0.9865936040878296,0.9621706604957581,0.9621111750602722,0.9565718173980713,0.9677150845527649,0.9926541447639465
301,Rodman,Valsequillo,T-Rod_V-Val_15px_2026-07-21,15,inner,10,0.10453299460039521,0.16173186487719124,0.9490196108818054,0.9494163393974304,0.9420849680900574,0.95686274766922,0.9799923300743103,0.9635747671127319,0.9634540677070618,0.9595575928688049,0.9673822522163391,0.9923913478851318
302,Rodman,Valsequillo,T-Rod_V-Val_15px_2026-07-21,15,inner,11,0.09624251764597842,0.22832670838517302,0.9034313559532166,0.8973423838615417,0.9577308297157288,0.8441176414489746,0.978124737739563,0.9683654308319092,0.9683340191841125,0.9622083306312561,0.9745382070541382,0.9934628009796143
303,Rodman,Valsequillo,T-Rod_V-Val_15px_2026-07-21,15,inner,12,0.09254351978643251,0.1689314255089152,0.9411764740943909,0.9405940771102905,0.949999988079071,0.9313725233078003,0.9803757667541504,0.9674568176269531,0.9673462510108948,0.9635133147239685,0.9712098240852356,0.9940755367279053
304,Rodman,Valsequillo,T-Rod_V-Val_15px_2026-07-21,15,inner,13,0.09007487119602962,0.1779626375977315,0.9220588207244873,0.9195750951766968,0.9498432874679565,0.8911764621734619,0.981977105140686,0.9677046537399292,0.967592179775238,0.9638375043869019,0.9713762402534485,0.994428277015686
305,Rodman,Valsequillo,T-Rod_V-Val_15px_2026-07-21,15,inner,14,0.08735798924537967,0.240639992949425,0.8887255191802979,0.8818323612213135,0.9400665760040283,0.8303921818733215,0.9714773297309875,0.9677872061729431,0.9676991701126099,0.9632316827774048,0.9722083806991577,0.9946950674057007
306,Rodman,Valsequillo,T-Rod_V-Val_15px_2026-07-21,15,inner,15,0.09002841639215471,0.15104620465460947,0.949999988079071,0.9500978589057922,0.9482421875,0.9519608020782471,0.9849990606307983,0.9680350422859192,0.9679130911827087,0.9644745588302612,0.9713762402534485,0.9941988587379456
307,Rodman,Valsequillo,T-Rod_V-Val_15px_2026-07-21,15,inner,16,0.08413263680303364,0.16482025104410508,0.9421568512916565,0.9418146014213562,0.9474206566810608,0.936274528503418,0.9800259470939636,0.9709259271621704,0.9707980751991272,0.9679073691368103,0.9737061262130737,0.9952020049095154
308,Rodman,RawaPening,T-Rod_V-Raw_15px_2026-07-21,15,inner,1,0.3484215684563302,0.21647701399786012,0.9260739088058472,0.9285024404525757,0.8998127579689026,0.9590818285942078,0.9751607179641724,0.8460271954536438,0.8461918234825134,0.8390148282051086,0.8534926176071167,0.928264856338501
309,Rodman,RawaPening,T-Rod_V-Raw_15px_2026-07-21,15,inner,2,0.2183694437618558,0.161974475919069,0.9430569410324097,0.9451395869255066,0.9126393795013428,0.9800398945808411,0.9869081974029541,0.9166735410690308,0.9157649278640747,0.9188241362571716,0.9127260446548462,0.9719938039779663
310,Rodman,RawaPening,T-Rod_V-Raw_15px_2026-07-21,15,inner,3,0.17067667086731017,0.206803403065338,0.9335664510726929,0.9316195249557495,0.9607635140419006,0.9041916131973267,0.9801157712936401,0.940057635307312,0.9396451711654663,0.9390223622322083,0.9402688145637512,0.9823683500289917
311,Rodman,RawaPening,T-Rod_V-Raw_15px_2026-07-21,15,inner,4,0.14857478951686398,0.13806911786417148,0.953046977519989,0.9543689489364624,0.9291115403175354,0.9810379147529602,0.9887365102767944,0.9459036588668823,0.9457249045372009,0.9417571425437927,0.9497262239456177,0.9863277673721313
312,Rodman,RawaPening,T-Rod_V-Raw_15px_2026-07-21,15,inner,5,0.1324031011171918,0.15528140263957577,0.9470529556274414,0.9484936594963074,0.9242424368858337,0.9740518927574158,0.9864600896835327,0.9524907469749451,0.9521994590759277,0.9508603811264038,0.9535424113273621,0.9889577627182007
313,Rodman,RawaPening,T-Rod_V-Raw_15px_2026-07-21,15,inner,6,0.11460007119934566,0.13398648747852393,0.9550449848175049,0.9554896354675293,0.9470587968826294,0.9640718698501587,0.9869222044944763,0.9590778350830078,0.9589154124259949,0.9555189609527588,0.9623361825942993,0.9913084506988525
314,Rodman,RawaPening,T-Rod_V-Raw_15px_2026-07-21,15,inner,7,0.113981790974362,0.13742801768855972,0.9520479440689087,0.9535783529281616,0.9249531030654907,0.9840319156646729,0.9887834191322327,0.9601482152938843,0.9600396156311035,0.955464243888855,0.9646590352058411,0.991600513458252
315,Rodman,RawaPening,T-Rod_V-Raw_15px_2026-07-21,15,inner,8,0.10904872560756301,0.1167468242403064,0.9580419659614563,0.9584158658981323,0.9508841037750244,0.9660678505897522,0.9892983436584473,0.9608892798423767,0.9606950879096985,0.9582370519638062,0.9631657600402832,0.9920664429664612
316,Rodman,RawaPening,T-Rod_V-Raw_15px_2026-07-21,15,inner,9,0.10295680141488237,0.14067724136287693,0.9500499367713928,0.9494438767433167,0.9620901346206665,0.9371257424354553,0.9857754707336426,0.9630300402641296,0.9628649353981018,0.9599274396896362,0.9658204913139343,0.9931041598320007
317,Rodman,RawaPening,T-Rod_V-Raw_15px_2026-07-21,15,inner,10,0.09867532257191582,0.11762527662415902,0.9630369544029236,0.9637255072593689,0.9470134973526001,0.9810379147529602,0.9891108274459839,0.962618350982666,0.9624855518341064,0.9586831331253052,0.9663182497024536,0.9935389757156372
318,Rodman,RawaPening,T-Rod_V-Raw_15px_2026-07-21,15,inner,11,0.09257597975362324,0.11419468124645514,0.9635364413261414,0.9640570878982544,0.9514091610908508,0.9770458936691284,0.9896277189254761,0.9659942388534546,0.9658141136169434,0.9636604189872742,0.9679774641990662,0.9943070411682129
319,Rodman,RawaPening,T-Rod_V-Raw_15px_2026-07-21,15,inner,12,0.0894748720534057,0.12409084233698192,0.9555444717407227,0.9559187889099121,0.9488692283630371,0.9630738496780396,0.9892973899841309,0.9676409959793091,0.9675394296646118,0.9633223414421082,0.9717935919761658,0.9947099089622498
320,Rodman,RawaPening,T-Rod_V-Raw_15px_2026-07-21,15,inner,13,0.09064739695077279,0.12573898683760787,0.9575424790382385,0.9574787616729736,0.9598796367645264,0.955089807510376,0.9878003597259521,0.9669823050498962,0.9668458104133606,0.9635794162750244,0.9701343774795532,0.9945061206817627
321,Rodman,RawaPening,T-Rod_V-Raw_15px_2026-07-21,15,inner,14,0.08969051913807254,0.10841124698326185,0.9625374674797058,0.96277916431427,0.9575518369674683,0.9680638909339905,0.9906227588653564,0.9680526852607727,0.9679709672927856,0.9632002711296082,0.9727891087532043,0.9947832822799683
322,Rodman,RawaPening,T-Rod_V-Raw_15px_2026-07-21,15,inner,15,0.08863986249738585,0.11034772440151021,0.9615384340286255,0.962199330329895,0.9468598961830139,0.9780439138412476,0.9910229444503784,0.9689584374427795,0.9688042998313904,0.9663255214691162,0.9712958335876465,0.9946279525756836
323,Rodman,RawaPening,T-Rod_V-Raw_15px_2026-07-21,15,inner,16,0.08262410222220293,0.11375331053962479,0.9625374674797058,0.9625934958457947,0.9621136784553528,0.9630738496780396,0.989436149597168,0.9710168838500977,0.97096186876297,0.9655455350875854,0.976439356803894,0.9954136610031128
324,Rodman,RawaPening,T-Rod_V-Raw_15px_2026-07-21,15,inner,17,0.08415213435053973,0.11115282571146062,0.9590409398078918,0.95932537317276,0.9536489248275757,0.9650698900222778,0.9906945824623108,0.9693701267242432,0.9692917466163635,0.9645145535469055,0.9741165041923523,0.9951969981193542
325,Rodman,RawaPening,T-Rod_V-Raw_15px_2026-07-21,15,inner,18,0.07951157812739214,0.11476986850244361,0.9635364413261414,0.9642332196235657,0.9470644593238831,0.9820359349250793,0.9908064603805542,0.9701111316680908,0.9699279069900513,0.9685638546943665,0.9712958335876465,0.9959012269973755
326,Rodman,RawaPening,T-Rod_V-Raw_15px_2026-07-21,15,inner,19,0.07919482227266081,0.11518836799789439,0.9585414528846741,0.9583542346954346,0.9636730551719666,0.9530938267707825,0.9902025461196899,0.9721696376800537,0.972075343132019,0.9680763483047485,0.9761075377464294,0.9956669807434082
327,Rodman,RawaPening,T-Rod_V-Raw_15px_2026-07-21,15,inner,20,0.08344754740970034,0.11160325417509089,0.9585414528846741,0.9587270021438599,0.9554013609886169,0.9620758295059204,0.9902365207672119,0.9699465036392212,0.9698322415351868,0.9662384986877441,0.9734528064727783,0.9951447248458862
328,Rodman,RawaPening,T-Rod_V-Raw_15px_2026-07-21,15,inner,21,0.07577246905274969,0.11346272813094842,0.9600399732589722,0.9603567719459534,0.9537401795387268,0.9670658707618713,0.9900598526000977,0.973322331905365,0.9732275605201721,0.9693827033042908,0.977103054523468,0.9960547089576721
329,Rodman,RawaPening,T-Rod_V-Raw_15px_2026-07-21,15,inner,22,0.07648606223670383,0.10601939684474147,0.9650349617004395,0.9655850529670715,0.9515503644943237,0.9800398945808411,0.9912225008010864,0.9731577038764954,0.9730221629142761,0.9706125259399414,0.9754438400268555,0.9959920644760132
330,Rodman,RawaPening,T-Rod_V-Raw_15px_2026-07-21,15,inner,23,0.07969489783146785,0.11423295214735009,0.9600399732589722,0.9603174328804016,0.9546350836753845,0.9660678505897522,0.9902883768081665,0.9717579483985901,0.9716973304748535,0.966513454914093,0.9769371151924133,0.9956048727035522
331,Rodman,RawaPening,T-Rod_V-Raw_15px_2026-07-21,15,inner,24,0.07767171369027384,0.11704656238910499,0.9560439586639404,0.9561753273010254,0.9542743563652039,0.9580838084220886,0.9899550676345825,0.9721696376800537,0.9720615148544312,0.9685389399528503,0.9756097793579102,0.995963454246521
332,Rodman,RawaPening,T-Rod_V-Raw_15px_2026-07-21,15,inner,25,0.07557914984378367,0.11304722973271147,0.9615384340286255,0.9619000554084778,0.9538763761520386,0.970059871673584,0.9904021620750427,0.9740633964538574,0.9740034937858582,0.9689655303955078,0.9790940880775452,0.9960653185844421
333,Rodman,RawaPening,T-Rod_V-Raw_15px_2026-07-21,15,inner,26,0.07551969408531918,0.11443255390305739,0.9605394601821899,0.960871696472168,0.9537856578826904,0.9680638909339905,0.98996901512146,0.9739810824394226,0.9739101529121399,0.9692686796188354,0.9785963296890259,0.9960658550262451
334,Rodman,RawaPening,T-Rod_V-Raw_15px_2026-07-21,15,inner,27,0.0752068603944268,0.11178922968787271,0.9595404863357544,0.9596412777900696,0.9582089781761169,0.961077868938446,0.9903881549835205,0.9731577038764954,0.9730889797210693,0.9682930707931519,0.9779326319694519,0.9961370229721069
335,Rodman,RawaPening,T-Rod_V-Raw_15px_2026-07-21,15,inner,28,0.0728976329402847,0.11095252475114195,0.9600399732589722,0.9601593613624573,0.9582505226135254,0.9620758295059204,0.9903043508529663,0.9739810824394226,0.9738972187042236,0.969731867313385,0.9780985713005066,0.9964776635169983
336,Rodman,RawaPening,T-Rod_V-Raw_15px_2026-07-21,15,inner,29,0.07368960760966305,0.11121310243433291,0.9605394601821899,0.9607160687446594,0.9573835730552673,0.9640718698501587,0.9902175664901733,0.9715932607650757,0.9714852571487427,0.9678853750228882,0.9751120209693909,0.9962073564529419
337,Rodman,RawaPening,T-Rod_V-Raw_15px_2026-07-21,15,inner,30,0.0729312678434786,0.11870466529221445,0.9575424790382385,0.957690417766571,0.9553127884864807,0.9600798487663269,0.9890139102935791,0.9750514626502991,0.974989652633667,0.9701051115989685,0.979923665523529,0.9963627457618713
338,Rodman,RawaPening,T-Rod_V-Raw_15px_2026-07-21,15,inner,31,0.07209580544399204,0.11156705062795472,0.9630369544029236,0.9633300304412842,0.9566929340362549,0.970059871673584,0.9901806116104126,0.9748867750167847,0.9747662544250488,0.972112238407135,0.9774348735809326,0.9963006973266602
339,Rodman,RawaPening,T-Rod_V-Raw_15px_2026-07-21,15,inner,32,0.07310713017094818,0.1185675649033798,0.9575424790382385,0.9574787616729736,0.9598796367645264,0.955089807510376,0.9892160296440125,0.9747220873832703,0.9746469855308533,0.97024005651474,0.9790940880775452,0.9963767528533936
340,Rodman,Winam,T-Rod_V-Win_15px_2026-07-21,15,inner,1,0.32177233970259456,0.41112600576426983,0.833916962146759,0.8374143242835999,0.8205374479293823,0.8550000190734863,0.9113738536834717,0.864751398563385,0.8608924150466919,0.8792805075645447,0.8432576060295105,0.9392729997634888
341,Rodman,Winam,T-Rod_V-Win_15px_2026-07-21,15,inner,2,0.20425052707539526,0.3450862514574906,0.8599299788475037,0.8611111044883728,0.8543307185173035,0.8679999709129333,0.9323553442955017,0.9246789813041687,0.9237817525863647,0.927878201007843,0.9197213649749756,0.9750632047653198
342,Rodman,Winam,T-Rod_V-Win_15px_2026-07-21,15,inner,3,0.16251689180422663,0.32423431811860765,0.8794397115707397,0.8844124674797058,0.8497695922851562,0.921999990940094,0.9451702237129211,0.9432828426361084,0.9428452849388123,0.9430800080299377,0.9426107406616211,0.9835416078567505
343,Rodman,Winam,T-Rod_V-Win_15px_2026-07-21,15,inner,4,0.14597523251194525,0.3276258312267681,0.8769384622573853,0.8735868334770203,0.8985201120376587,0.8500000238418579,0.9469659328460693,0.9482219219207764,0.9478138089179993,0.9482071995735168,0.9474207758903503,0.9864956140518188
344,Rodman,Winam,T-Rod_V-Win_15px_2026-07-21,15,inner,5,0.1317283800721247,0.3247463533794519,0.8744372129440308,0.8675462007522583,0.9184357523918152,0.8220000267028809,0.9489719867706299,0.9520085453987122,0.9516944289207458,0.9508278369903564,0.9525626301765442,0.9887722134590149
345,Rodman,Winam,T-Rod_V-Win_15px_2026-07-21,15,inner,6,0.10782019354851967,0.4008292907953722,0.8414207100868225,0.8263013958930969,0.9139394164085388,0.7540000081062317,0.9375245571136475,0.9623806476593018,0.9621782898902893,0.9601916074752808,0.9641731381416321,0.992259681224823
346,Rodman,Winam,T-Rod_V-Win_15px_2026-07-21,15,inner,7,0.10544127219252025,0.41392556353225946,0.8449224829673767,0.8405349850654602,0.8654661178588867,0.8169999718666077,0.9280560612678528,0.9636154174804688,0.9634469151496887,0.9607455134391785,0.9661635160446167,0.9924989938735962
347,Rodman,Winam,T-Rod_V-Win_15px_2026-07-21,15,inner,8,0.10581545524389915,0.3386789709124612,0.8614307045936584,0.849538266658783,0.92984539270401,0.7820000052452087,0.9562592506408691,0.9640269875526428,0.9638574123382568,0.961233913898468,0.9664952754974365,0.9922806620597839
348,Rodman,Winam,T-Rod_V-Win_15px_2026-07-21,15,inner,9,0.10096462137670865,0.3499337163473805,0.8599299788475037,0.8537095189094543,0.8938730955123901,0.8169999718666077,0.9428888559341431,0.9650148153305054,0.9648905396461487,0.9611586332321167,0.968651533126831,0.9930527210235596
349,Rodman,Winam,T-Rod_V-Win_15px_2026-07-21,15,inner,10,0.09686674089819576,0.3983635154621244,0.8369184732437134,0.8113425970077515,0.9629120826721191,0.7009999752044678,0.9566166400909424,0.9647678732872009,0.9646222591400146,0.9614434242248535,0.9678221940994263,0.9936317205429077
350,Rodman,Winam,T-Rod_V-Win_15px_2026-07-21,15,inner,11,0.08685066586910481,0.395882770829923,0.858929455280304,0.846905529499054,0.9263657927513123,0.7799999713897705,0.9420250654220581,0.9688014388084412,0.9685920476913452,0.9678701758384705,0.9693149924278259,0.9948098063468933
351,Rodman,Winam,T-Rod_V-Win_15px_2026-07-21,15,inner,12,0.08724530388110163,0.42478033135658605,0.8394197225570679,0.8254486322402954,0.9046483635902405,0.7590000033378601,0.9347567558288574,0.9679782390594482,0.9678698182106018,0.9639683961868286,0.9718029499053955,0.9947590827941895
352,Rodman,Winam,T-Rod_V-Win_15px_2026-07-21,15,inner,13,0.08622755097384158,0.45119974910180966,0.8414207100868225,0.8257284164428711,0.9169719219207764,0.7509999871253967,0.9334313869476318,0.9690483808517456,0.9689204692840576,0.9657274484634399,0.9721347093582153,0.9949758052825928
353,Rodman,,Test_Rod_outer_15px_2026-07-21,15,outer,1,0.31600325147874064,,,,,,,0.8654131889343262,0.8635321259498596,0.8701429963111877,0.857020914554596,0.9409711360931396
354,Rodman,,Test_Rod_outer_15px_2026-07-21,15,outer,2,0.2056804491351702,,,,,,,0.9217501878738403,0.9215060472488403,0.9185750484466553,0.9244558215141296,0.9741544723510742
355,Rodman,,Test_Rod_outer_15px_2026-07-21,15,outer,3,0.16035514294568193,,,,,,,0.9409768581390381,0.9408849477767944,0.9364430904388428,0.9453691840171814,0.9840738773345947
356,Rodman,,Test_Rod_outer_15px_2026-07-21,15,outer,4,0.14494108867458197,,,,,,,0.9481161832809448,0.9479137063026428,0.9456321597099304,0.9502062797546387,0.9864729642868042
357,Rodman,,Test_Rod_outer_15px_2026-07-21,15,outer,5,0.12811382117099188,,,,,,,0.9529228806495667,0.9528529047966003,0.9482880234718323,0.957461953163147,0.9891518950462341
358,Rodman,,Test_Rod_outer_15px_2026-07-21,15,outer,6,0.11366015730826368,,,,,,,0.9585071206092834,0.9585188031196594,0.9522606134414673,0.9648598432540894,0.9916146397590637
359,Rodman,,Test_Rod_outer_15px_2026-07-21,15,outer,7,0.11023754281027204,,,,,,,0.9604156613349915,0.9603399634361267,0.9561415910720825,0.9645753502845764,0.9918900728225708
360,Rodman,,Test_Rod_outer_15px_2026-07-21,15,outer,8,0.10373808585637667,,,,,,,0.9636672139167786,0.9635770916938782,0.9599040150642395,0.9672784209251404,0.9927656650543213
361,Rodman,,Test_Rod_outer_15px_2026-07-21,15,outer,9,0.10062493224308129,,,,,,,0.9659291505813599,0.9658737182617188,0.9613812565803528,0.9704083204269409,0.9929032325744629
362,Rodman,,Test_Rod_outer_15px_2026-07-21,15,outer,10,0.10223707852335695,,,,,,,0.9636672139167786,0.9636235237121582,0.9587382078170776,0.9685588479042053,0.9930260181427002
363,Mula,Hartbeespoort,T-Mul_V-Har_15px_2026-07-21,15,inner,1,0.302531631454289,0.5016063955414483,0.7362204790115356,0.7346534729003906,0.7288801670074463,0.7405189871788025,0.849616289138794,0.8789408206939697,0.878740131855011,0.8807110786437988,0.8767780065536499,0.9445646405220032
364,Mula,Hartbeespoort,T-Mul_V-Har_15px_2026-07-21,15,inner,2,0.17693615132094317,0.3678107913436852,0.8385826945304871,0.8063754439353943,0.986994206905365,0.6816367506980896,0.9868883490562439,0.9340505003929138,0.934365451335907,0.930457592010498,0.9383063316345215,0.980380654335022
365,Mula,Hartbeespoort,T-Mul_V-Har_15px_2026-07-21,15,inner,3,0.14483885172851627,0.1525765200270208,0.9424212574958801,0.9397838115692139,0.9702444076538086,0.9111776351928711,0.9869794845581055,0.9466280341148376,0.946882963180542,0.9429227709770203,0.9508765935897827,0.9863448143005371
366,Mula,Hartbeespoort,T-Mul_V-Har_15px_2026-07-21,15,inner,4,0.14144843149195044,0.39463047985368827,0.8636810779571533,0.844294548034668,0.9665379524230957,0.7495009899139404,0.9278191328048706,0.9491932392120361,0.9494484066963196,0.9452459216117859,0.953688383102417,0.9868779182434082
367,Mula,Hartbeespoort,T-Mul_V-Har_15px_2026-07-21,15,inner,5,0.135174394339434,0.2387451638621608,0.939468502998352,0.936890721321106,0.9640971422195435,0.9111776351928711,0.9706848859786987,0.9500206708908081,0.9501485824584961,0.9482702016830444,0.9520344138145447,0.9880964756011963
368,Mula,Hartbeespoort,T-Mul_V-Har_15px_2026-07-21,15,inner,6,0.10840181628404741,0.21529401169987175,0.9266732335090637,0.9208709597587585,0.9841089844703674,0.8652694821357727,0.9836744070053101,0.9646669626235962,0.9648761749267578,0.9597447514533997,0.9700628519058228,0.9916563630104065
369,Mula,Hartbeespoort,T-Mul_V-Har_15px_2026-07-21,15,inner,7,0.09956762435320837,0.2703479503787409,0.8937007784843445,0.8813186883926392,0.980440080165863,0.8003991842269897,0.9835687875747681,0.9664874076843262,0.9666034579277039,0.9638217687606812,0.9694012403488159,0.9931976795196533
370,Mula,Hartbeespoort,T-Mul_V-Har_15px_2026-07-21,15,inner,8,0.09726297714318625,0.2458455323234318,0.9217519760131836,0.9154704809188843,0.979522168636322,0.8592814207077026,0.9742456674575806,0.9654943943023682,0.9656252861022949,0.962530791759491,0.9687396883964539,0.9935255646705627
371,Mula,Hartbeespoort,T-Mul_V-Har_15px_2026-07-21,15,inner,9,0.08592524050473303,0.2508537668118796,0.9242125749588013,0.9184321761131287,0.9785553216934204,0.8652694821357727,0.9736381769180298,0.9704592227935791,0.9705518484115601,0.9680763483047485,0.9730400443077087,0.9946762919425964
372,Mula,Hartbeespoort,T-Mul_V-Har_15px_2026-07-21,15,inner,10,0.08767576548504001,0.2206828215812135,0.915354311466217,0.907626211643219,0.9825581312179565,0.8433133959770203,0.9859920740127563,0.9705420136451721,0.970588207244873,0.9696269631385803,0.9715514183044434,0.994563102722168
373,Mula,Hartbeespoort,T-Mul_V-Har_15px_2026-07-21,15,inner,11,0.07574759469354848,0.2912292164919062,0.9010826945304871,0.8901038765907288,0.984280526638031,0.8123752474784851,0.9787066578865051,0.9749276041984558,0.974981427192688,0.9734542369842529,0.9765133857727051,0.9955620765686035
374,Mula,Hartbeespoort,T-Mul_V-Har_15px_2026-07-21,15,inner,12,0.07462448160024186,0.42953504848579954,0.8582677245140076,0.834482729434967,0.9837398529052734,0.7245509028434753,0.9608947038650513,0.9756723046302795,0.9757345914840698,0.9738056063652039,0.977671205997467,0.995722234249115
375,Mula,Hartbeespoort,T-Mul_V-Har_15px_2026-07-21,15,inner,13,0.07124115214565592,0.22031782429635993,0.9296259880065918,0.9242183566093445,0.9853107333183289,0.8702594637870789,0.9873534440994263,0.9774100184440613,0.9774882197380066,0.9746752381324768,0.9803175926208496,0.9958828687667847
376,Mula,Rodman,T-Mul_V-Rod_15px_2026-07-21,15,inner,1,0.27507614536438424,0.4189140999819226,0.8428011536598206,0.8453012108802795,0.8328585028648376,0.8581213355064392,0.9019214510917664,0.8901863098144531,0.8890376687049866,0.8966914415359497,0.8815134167671204,0.9539763331413269
377,Mula,Rodman,T-Mul_V-Rod_15px_2026-07-21,15,inner,2,0.1543421484064118,0.632419208237987,0.8418217301368713,0.8605955839157104,0.7698841691017151,0.9755381345748901,0.9226214289665222,0.9449275135993958,0.9447077512741089,0.9466755390167236,0.9427480697631836,0.9847376346588135
378,Mula,Rodman,T-Mul_V-Rod_15px_2026-07-21,15,inner,3,0.13444808576911627,0.38788478304134877,0.8898138999938965,0.9005744457244873,0.8211119771003723,0.9970645904541016,0.9734939336776733,0.9525465965270996,0.9524678587913513,0.9522308707237244,0.9527049660682678,0.9880564212799072
379,Mula,Rodman,T-Mul_V-Rod_15px_2026-07-21,15,inner,4,0.12493508256246831,0.33620401361663477,0.9059745073318481,0.9117646813392639,0.8596187233924866,0.9706457853317261,0.9642373323440552,0.9582608938217163,0.9581812024116516,0.9581812024116516,0.9581812024116516,0.9891330003738403
380,Mula,Rodman,T-Mul_V-Rod_15px_2026-07-21,15,inner,5,0.11516928971091413,0.44156523334933306,0.901077389717102,0.9091726541519165,0.8410981893539429,0.9892367720603943,0.9409500956535339,0.9605796933174133,0.9605110287666321,0.9603517055511475,0.9606704115867615,0.9907954931259155
381,Mula,Rodman,T-Mul_V-Rod_15px_2026-07-21,15,inner,6,0.09043139315540005,0.4203568124280737,0.8770812749862671,0.8849151730537415,0.8326143026351929,0.9442269802093506,0.9421136379241943,0.9700207114219666,0.9700281620025635,0.9679445028305054,0.9721208214759827,0.9939833879470825
382,Mula,Rodman,T-Mul_V-Rod_15px_2026-07-21,15,inner,7,0.0898929570649228,0.3068874114057109,0.8824681639671326,0.88899165391922,0.8429824709892273,0.9403131008148193,0.9548333883285522,0.9695237874984741,0.9695666432380676,0.9663699269294739,0.9727845788002014,0.9941880106925964
383,Mula,Rodman,T-Mul_V-Rod_15px_2026-07-21,15,inner,8,0.08725267946720124,0.5428535582298863,0.8663075566291809,0.8714084029197693,0.8401453495025635,0.9050880670547485,0.9147030115127563,0.970600426197052,0.9706344604492188,0.9676727652549744,0.9736143350601196,0.994296669960022
384,Mula,Rodman,T-Mul_V-Rod_15px_2026-07-21,15,inner,9,0.09279711580671385,0.27978407230363184,0.9138100147247314,0.9188939929008484,0.8684669137001038,0.9755381345748901,0.9697924852371216,0.9681159257888794,0.9681370258331299,0.9656595587730408,0.9706273078918457,0.9938498139381409
385,Mula,Rodman,T-Mul_V-Rod_15px_2026-07-21,15,inner,10,0.08632323928562997,0.5363225282610455,0.8765915632247925,0.8872987627983093,0.8171334266662598,0.9706457853317261,0.9381365180015564,0.970683217048645,0.9707244634628296,0.9675239324569702,0.973946213722229,0.9947030544281006
386,Mula,Rodman,T-Mul_V-Rod_15px_2026-07-21,15,inner,11,0.0764470572013786,0.35279705429433256,0.8971596360206604,0.9046321511268616,0.8440678119659424,0.9745596647262573,0.9609147906303406,0.9754865169525146,0.9754763841629028,0.9740238189697266,0.9769333004951477,0.995360791683197
387,Mula,Rodman,T-Mul_V-Rod_15px_2026-07-21,15,inner,12,0.06930336601862502,0.41975902172715845,0.8907933235168457,0.898033857345581,0.8429184556007385,0.9608610272407532,0.9446826577186584,0.9768944382667542,0.9768791198730469,0.9756662845611572,0.9780949354171753,0.996378481388092
388,Mula,Rodman,T-Mul_V-Rod_15px_2026-07-21,15,inner,13,0.06768486360084135,0.348156217522153,0.9089128375053406,0.9149908423423767,0.8584905862808228,0.9794520735740662,0.9648247957229614,0.9775569438934326,0.9775643944740295,0.9753841161727905,0.9797543883323669,0.9964207410812378
389,Mula,Rodman,T-Mul_V-Rod_15px_2026-07-21,15,inner,14,0.06918262543746774,0.349017757933357,0.9035259485244751,0.9101687073707581,0.8522630333900452,0.976516604423523,0.9616308808326721,0.9760662317276001,0.9760781526565552,0.9737406969070435,0.9784268140792847,0.9965056777000427
390,Mula,Rodman,T-Mul_V-Rod_15px_2026-07-21,15,inner,15,0.06517939839365566,0.44527809975721694,0.8888344764709473,0.8956322073936462,0.844752848148346,0.9530332684516907,0.9453417062759399,0.977225661277771,0.9772407412528992,0.9747399687767029,0.9797543883323669,0.9967894554138184
391,Mula,Rodman,T-Mul_V-Rod_15px_2026-07-21,15,inner,16,0.05896359044325771,0.33205578639650907,0.9089128375053406,0.9144434332847595,0.8628472089767456,0.9726027250289917,0.9643317461013794,0.9786335229873657,0.9786388278007507,0.9765366911888123,0.9807500839233398,0.9973941445350647
392,Mula,Rodman,T-Mul_V-Rod_15px_2026-07-21,15,inner,17,0.05846276552287195,0.4160647777754751,0.8927522301673889,0.8985641598701477,0.8531222343444824,0.9491193890571594,0.9490536451339722,0.9806210994720459,0.9806387424468994,0.9778878092765808,0.9834052324295044,0.9972599148750305
393,Mula,Rodman,T-Mul_V-Rod_15px_2026-07-21,15,inner,18,0.05502949183463557,0.3611945476196889,0.895200788974762,0.9029918313026428,0.8412162065505981,0.9745596647262573,0.9599051475524902,0.9813664555549622,0.9813726544380188,0.9791838526725769,0.9835711717605591,0.9975643157958984
394,Mula,Rodman,T-Mul_V-Rod_15px_2026-07-21,15,inner,19,0.055909261373691184,0.3494627169542285,0.9211557507514954,0.925359308719635,0.8792951703071594,0.976516604423523,0.9628156423568726,0.9828571677207947,0.9828770160675049,0.9798779487609863,0.9858944416046143,0.9973750114440918
395,Mula,Inle,T-Mul_V-Inl_15px_2026-07-21,15,inner,1,0.30057506607469575,0.31017516934871675,0.862500011920929,0.8580278754234314,0.8868730068206787,0.8309999704360962,0.9492779970169067,0.8808285593986511,0.8816587328910828,0.874065637588501,0.889384925365448,0.9445996284484863
396,Mula,Inle,T-Mul_V-Inl_15px_2026-07-21,15,inner,2,0.19687678467482636,0.1587963559627533,0.9545000195503235,0.9557608366012573,0.9299905300140381,0.9829999804496765,0.9880849123001099,0.9304283261299133,0.9309977889060974,0.9218674302101135,0.9403108358383179,0.97486811876297
397,Mula,Inle,T-Mul_V-Inl_15px_2026-07-21,15,inner,3,0.1638735999803865,0.16441406598687172,0.9309999942779541,0.9298067092895508,0.9461697936058044,0.9139999747276306,0.9843749403953552,0.9422299265861511,0.9428197741508484,0.9317080974578857,0.9541997313499451,0.9823721051216125
398,Mula,Inle,T-Mul_V-Inl_15px_2026-07-21,15,inner,4,0.14543783352340992,0.13094891722500324,0.9509999752044678,0.9499489068984985,0.9707724452018738,0.9300000071525574,0.9908779859542847,0.9480894804000854,0.9482857584953308,0.9430907368659973,0.9535383582115173,0.9857947826385498
399,Mula,Inle,T-Mul_V-Inl_15px_2026-07-21,15,inner,5,0.14122152267494462,0.13176787216216326,0.9524999856948853,0.9539505839347839,0.925682008266449,0.984000027179718,0.99207603931427,0.9477593302726746,0.9479141235351562,0.9434889554977417,0.9523809552192688,0.9867150783538818
400,Mula,Inle,T-Mul_V-Inl_15px_2026-07-21,15,inner,6,0.10616232852116467,0.10758105945959687,0.9585000276565552,0.9582704901695251,0.9635996222496033,0.953000009059906,0.9927629232406616,0.9642651081085205,0.9644002318382263,0.9591169357299805,0.9697420597076416,0.9921764135360718
401,Mula,Inle,T-Mul_V-Inl_15px_2026-07-21,15,inner,7,0.10171904671545852,0.15657296568900347,0.9474999904632568,0.9452840089797974,0.9869423508644104,0.9070000052452087,0.9875360131263733,0.9643476009368896,0.9643858075141907,0.9616902470588684,0.9670965671539307,0.9927875995635986
402,Mula,Inle,T-Mul_V-Inl_15px_2026-07-21,15,inner,8,0.09986900004453811,0.09218919513653964,0.965499997138977,0.9661266803741455,0.9488910436630249,0.984000027179718,0.9954429864883423,0.9676487445831299,0.9677259922027588,0.9637585878372192,0.9717261791229248,0.9926156401634216
403,Mula,Inle,T-Mul_V-Inl_15px_2026-07-21,15,inner,9,0.10078301853872697,0.08547530993074179,0.972000002861023,0.9715735912322998,0.9865979552268982,0.9570000171661377,0.9961400032043457,0.9647602438926697,0.9648299217224121,0.9612670540809631,0.9684193134307861,0.9928646683692932
404,Mula,Inle,T-Mul_V-Inl_15px_2026-07-21,15,inner,10,0.09979557077029687,0.07772437888383865,0.972000002861023,0.9718592762947083,0.9767676591873169,0.9670000076293945,0.9958840012550354,0.9659156799316406,0.9660054445266724,0.961809515953064,0.9702380895614624,0.9926517009735107
405,Mula,Inle,T-Mul_V-Inl_15px_2026-07-21,15,inner,11,0.08152890188097302,0.08102789824642241,0.9695000052452087,0.9695760607719421,0.967164158821106,0.972000002861023,0.9954900145530701,0.9724354147911072,0.9724876284599304,0.9689757227897644,0.9760251045227051,0.9951772689819336
406,Mula,Inle,T-Mul_V-Inl_15px_2026-07-21,15,inner,12,0.07655663570279855,0.07229202522616833,0.9750000238418579,0.9752230048179626,0.9666011929512024,0.984000027179718,0.9966689944267273,0.9747462272644043,0.9747899174690247,0.9714285731315613,0.97817462682724,0.9955609440803528
407,Mula,Inle,T-Mul_V-Inl_15px_2026-07-21,15,inner,13,0.07538398725684006,0.08548488931078464,0.9695000052452087,0.9699950814247131,0.9545014500617981,0.9860000014305115,0.9957459568977356,0.9737558960914612,0.97380131483078,0.9704433679580688,0.9771825671195984,0.9955697059631348
408,Mula,Inle,T-Mul_V-Inl_15px_2026-07-21,15,inner,14,0.06940510470302987,0.09629182292893529,0.9639999866485596,0.964946448802948,0.9402276873588562,0.9909999966621399,0.9968559741973877,0.9759016036987305,0.9759472608566284,0.9724228382110596,0.9794973731040955,0.9965388774871826
409,Mula,Inle,T-Mul_V-Inl_15px_2026-07-21,15,inner,15,0.07022473702186148,0.08295494108274579,0.968500018119812,0.9688273072242737,0.9588638544082642,0.9789999723434448,0.9960209131240845,0.9759016036987305,0.9759512543678284,0.9722678065299988,0.9796627163887024,0.9963264465332031
410,Mula,Inle,T-Mul_V-Inl_15px_2026-07-21,15,inner,16,0.06538426163844999,0.08106888234056532,0.9704999923706055,0.970978856086731,0.9554694890975952,0.9869999885559082,0.9962779879570007,0.9769744873046875,0.9770237803459167,0.9732567667961121,0.9808201193809509,0.997048020362854
411,Mula,Inle,T-Mul_V-Inl_15px_2026-07-21,15,inner,17,0.06153117088261115,0.08685173331480474,0.9700000286102295,0.9704142212867737,0.957198441028595,0.984000027179718,0.9956539869308472,0.9785425662994385,0.978576123714447,0.9753613471984863,0.9818121790885925,0.9971289038658142
412,Mula,Inle,T-Mul_V-Inl_15px_2026-07-21,15,inner,18,0.0584879758234139,0.08008228356670588,0.9679999947547913,0.9680957198143005,0.9652087688446045,0.9710000157356262,0.9958529472351074,0.9805232286453247,0.9805280566215515,0.9785902500152588,0.9824735522270203,0.997478187084198
413,Mula,Inle,T-Mul_V-Inl_15px_2026-07-21,15,inner,19,0.05743176547087636,0.08566555583570153,0.965499997138977,0.9661266803741455,0.9488910436630249,0.984000027179718,0.9958939552307129,0.9800280332565308,0.9800363183021545,0.9779387712478638,0.9821428656578064,0.9975701570510864
414,Mula,Inle,T-Mul_V-Inl_15px_2026-07-21,15,inner,20,0.055960294226023236,0.0803522606419865,0.9700000286102295,0.9703264236450195,0.9598825573921204,0.9810000061988831,0.9964069724082947,0.9802756309509277,0.9803016781806946,0.9773212671279907,0.9833002686500549,0.9978026747703552
415,Mula,Inle,T-Mul_V-Inl_15px_2026-07-21,15,inner,21,0.055137906764328275,0.09079866215679795,0.9679999947547913,0.9686888456344604,0.9482758641242981,0.9900000095367432,0.9962599277496338,0.9809358716011047,0.9809547662734985,0.9782930612564087,0.9836309552192688,0.9977663159370422
416,Mula,Inle,T-Mul_V-Inl_15px_2026-07-21,15,inner,22,0.05089028365218306,0.07317253126343712,0.9754999876022339,0.9757545590400696,0.9657198786735535,0.9860000014305115,0.9965919852256775,0.9825864434242249,0.9826036691665649,0.9799374938011169,0.9852843880653381,0.9981587529182434
417,Mula,Vembanad,T-Mul_V-Vem_15px_2026-07-21,15,inner,1,0.2981795274542227,0.3128850346916801,0.8866133689880371,0.8969587087631226,0.8226478099822998,0.9860279560089111,0.9748982191085815,0.8812216520309448,0.8815540671348572,0.8774373531341553,0.8857095837593079,0.9454299211502075
418,Mula,Vembanad,T-Mul_V-Vem_15px_2026-07-21,15,inner,2,0.20435385421392005,0.17456574825854687,0.9410589337348938,0.9417571425437927,0.931640625,0.9520958065986633,0.9812494516372681,0.9239785671234131,0.9242287278175354,0.9194630980491638,0.9290440082550049,0.9740980267524719
419,Mula,Vembanad,T-Mul_V-Vem_15px_2026-07-21,15,inner,3,0.1675798730372005,0.1444785521104262,0.9555444717407227,0.9563511610031128,0.9402121305465698,0.9730538725852966,0.9864799976348877,0.9394139647483826,0.9394888877868652,0.9365549087524414,0.9424412846565247,0.9818880558013916
420,Mula,Vembanad,T-Mul_V-Vem_15px_2026-07-21,15,inner,4,0.14105687590267507,0.1538364385570084,0.953046977519989,0.9525731801986694,0.9632652997970581,0.9421157836914062,0.986339807510376,0.9513000249862671,0.951472282409668,0.9463350772857666,0.956665575504303,0.9867037534713745
421,Mula,Vembanad,T-Mul_V-Vem_15px_2026-07-21,15,inner,5,0.13423390391440712,0.1783611607271713,0.9325674176216125,0.9300155639648438,0.9676375389099121,0.8952096104621887,0.9866187572479248,0.9518778324127197,0.9519808888435364,0.9481542110443115,0.9558385610580444,0.9882653951644897
422,Mula,Vembanad,T-Mul_V-Vem_15px_2026-07-21,15,inner,6,0.10892299318419377,0.13388863968087006,0.9580419659614563,0.9580000042915344,0.959919810295105,0.9560878276824951,0.9889311194419861,0.9601320624351501,0.9602370858192444,0.9559088945388794,0.9646046757698059,0.99199378490448
423,Mula,Vembanad,T-Mul_V-Vem_15px_2026-07-21,15,inner,7,0.10118118339747473,0.10536980337196297,0.9655344486236572,0.9653788208961487,0.9707366228103638,0.9600798487663269,0.991835355758667,0.9625257849693298,0.9625350832939148,0.9604743123054504,0.9646046757698059,0.9933152198791504
424,Mula,Vembanad,T-Mul_V-Vem_15px_2026-07-21,15,inner,8,0.1040938775548254,0.14110796098466163,0.9555444717407227,0.9548452496528625,0.9711042046546936,0.9391217827796936,0.9898931980133057,0.9632686972618103,0.9633412957191467,0.959625780582428,0.9670856595039368,0.9927942752838135
425,Mula,Vembanad,T-Mul_V-Vem_15px_2026-07-21,15,inner,9,0.10042429932178272,0.15242487204062952,0.9440559148788452,0.9437186121940613,0.9504048824310303,0.9371257424354553,0.9853132963180542,0.9631035923957825,0.9630975127220154,0.9614306688308716,0.9647700786590576,0.9932291507720947
426,Mula,Vembanad,T-Mul_V-Vem_15px_2026-07-21,15,inner,10,0.09321469188695893,0.11427037419377269,0.9635364413261414,0.963627278804779,0.9621890783309937,0.9650698900222778,0.9902235269546509,0.965827465057373,0.9658753871917725,0.9627012610435486,0.9690704345703125,0.9943984746932983
427,Mula,Vembanad,T-Mul_V-Vem_15px_2026-07-21,15,inner,11,0.08047140316912398,0.12080417583872388,0.9565434455871582,0.9563909769058228,0.9607250690460205,0.9520958065986633,0.9902744293212891,0.9711927175521851,0.9712259769439697,0.9682722091674805,0.9741978049278259,0.9954689145088196
428,Mula,Vembanad,T-Mul_V-Vem_15px_2026-07-21,15,inner,12,0.07561091023735207,0.09887949334128159,0.9685314893722534,0.9689502120018005,0.957156777381897,0.9810379147529602,0.9924640655517578,0.972926139831543,0.9729551672935486,0.9700756072998047,0.9758517742156982,0.9960455894470215
429,Mula,Vembanad,T-Mul_V-Vem_15px_2026-07-21,15,inner,13,0.07521089066544127,0.11712450035415091,0.9615384340286255,0.9610914587974548,0.9733878970146179,0.9491018056869507,0.9917135834693909,0.9739166498184204,0.9739574790000916,0.9705979228019714,0.9773404002189636,0.9959931969642639
430,Mula,Vembanad,T-Mul_V-Vem_15px_2026-07-21,15,inner,14,0.07688302611025051,0.09957354698892121,0.9705294966697693,0.9705735445022583,0.9700897336006165,0.9710578918457031,0.9928532838821411,0.9735039472579956,0.973530113697052,0.9707285165786743,0.9763479828834534,0.9956384897232056
431,Mula,Vembanad,T-Mul_V-Vem_15px_2026-07-21,15,inner,15,0.06784462672875433,0.13218484082064785,0.9520479440689087,0.9521912336349487,0.9502981901168823,0.9540917873382568,0.9885778427124023,0.9762278199195862,0.9762767553329468,0.9724318981170654,0.9801521897315979,0.9968351721763611
432,Mula,Vembanad,T-Mul_V-Vem_15px_2026-07-21,15,inner,16,0.06497690991747984,0.11539964202222053,0.9595404863357544,0.9595202207565308,0.9609609842300415,0.9580838084220886,0.9904401302337646,0.9791167974472046,0.9791237115859985,0.9769471287727356,0.9813099503517151,0.9969946146011353
433,Mula,Vembanad,T-Mul_V-Vem_15px_2026-07-21,15,inner,17,0.06400068710706866,0.09569553221081878,0.969530463218689,0.9697270393371582,0.9644619822502136,0.9750499129295349,0.9925718307495117,0.9786215424537659,0.9786743521690369,0.974422037601471,0.9829639196395874,0.9968841671943665
434,Mula,Vembanad,T-Mul_V-Vem_15px_2026-07-21,15,inner,18,0.05976542372770032,0.09663214461578355,0.9710289835929871,0.9709709882736206,0.9738956093788147,0.9680638909339905,0.9925369024276733,0.9791167974472046,0.9791443347930908,0.9760065674781799,0.9823023676872253,0.9974830746650696
435,Mula,Vembanad,T-Mul_V-Vem_15px_2026-07-21,15,inner,19,0.05911375310424188,0.10718705745546016,0.9640359878540039,0.9638916850090027,0.96875,0.9590818285942078,0.9916736483573914,0.9791167974472046,0.9791786670684814,0.9744471907615662,0.9839563369750977,0.9976062178611755
436,Mula,Vembanad,T-Mul_V-Vem_15px_2026-07-21,15,inner,20,0.05488477906491261,0.09945182159885421,0.969530463218689,0.9695152640342712,0.9709709882736206,0.9680638909339905,0.9921257495880127,0.9815930724143982,0.9815991520881653,0.979417085647583,0.983790934085846,0.9978245496749878
437,Mula,Vembanad,T-Mul_V-Vem_15px_2026-07-21,15,inner,21,0.0546537281146632,0.11246166993062813,0.962037980556488,0.9617321491241455,0.9705284833908081,0.9530938267707825,0.9915398955345154,0.9810152649879456,0.9810450077056885,0.9776609539985657,0.9844525456428528,0.9977518320083618
438,Mula,Vembanad,T-Mul_V-Vem_15px_2026-07-21,15,inner,22,0.051373072698354116,0.08956035572689373,0.9715284705162048,0.9715710878372192,0.9710867404937744,0.9720559120178223,0.9934101700782776,0.9826661348342896,0.9826618432998657,0.9810418486595154,0.9842871427536011,0.9980038404464722
439,Mula,Vembanad,T-Mul_V-Vem_15px_2026-07-21,15,inner,23,0.050076079418251596,0.10640029966473936,0.9625374674797058,0.9625187516212463,0.9639639854431152,0.961077868938446,0.9917504787445068,0.9823359251022339,0.9823578000068665,0.9792899489402771,0.9854449033737183,0.9980467557907104
440,Mula,Vembanad,T-Mul_V-Vem_15px_2026-07-21,15,inner,24,0.05141824814366054,0.08735466972514466,0.9730269908905029,0.9730538725852966,0.9730538725852966,0.9730538725852966,0.9936516880989075,0.9816756248474121,0.9816922545433044,0.9789473414421082,0.9844525456428528,0.9980195760726929
441,Mula,Vembanad,T-Mul_V-Vem_15px_2026-07-21,15,inner,25,0.05052222127845919,0.10966236523904285,0.9615384340286255,0.961169958114624,0.9714577198028564,0.9510977864265442,0.9921995997428894,0.9818406701087952,0.981857180595398,0.9791118502616882,0.9846179485321045,0.9981514811515808
442,Mula,Vembanad,T-Mul_V-Vem_15px_2026-07-21,15,inner,26,0.04909633253041841,0.11082265435994326,0.9610389471054077,0.9606457948684692,0.9714285731315613,0.9500998258590698,0.9920798540115356,0.9843169450759888,0.9843311905860901,0.9815789461135864,0.9870989322662354,0.9982265830039978
443,Mula,Vembanad,T-Mul_V-Vem_15px_2026-07-21,15,inner,27,0.048090795163423426,0.09890232576833262,0.9640359878540039,0.9640359878540039,0.9649999737739563,0.9630738496780396,0.9923802614212036,0.9831613898277283,0.9831683039665222,0.9809021949768066,0.9854449033737183,0.9981754422187805
444,Mula,Vembanad,T-Mul_V-Vem_15px_2026-07-21,15,inner,28,0.04742344314016454,0.10167302575695526,0.9655344486236572,0.9652392864227295,0.9745676517486572,0.9560878276824951,0.9929890632629395,0.9834089875221252,0.9834499955177307,0.979176938533783,0.9877604842185974,0.9983571767807007
445,Mula,Vembanad,T-Mul_V-Vem_15px_2026-07-21,15,inner,29,0.04592528883317809,0.10477305505123291,0.9655344486236572,0.965413510799408,0.9697884917259216,0.961077868938446,0.9923014044761658,0.9845646023750305,0.984579861164093,0.9817464351654053,0.987429678440094,0.9985622763633728
446,Mula,Vembanad,T-Mul_V-Vem_15px_2026-07-21,15,inner,30,0.04844030908628333,0.11052072199655104,0.9645354747772217,0.9641956686973572,0.9745157957077026,0.9540917873382568,0.9921976327896118,0.9830788373947144,0.9831094741821289,0.9794779419898987,0.9867681264877319,0.9983453750610352
447,Mula,Vembanad,T-Mul_V-Vem_15px_2026-07-21,15,inner,31,0.047423477185674065,0.09857433177270256,0.9670329689979553,0.9668341875076294,0.9736841917037964,0.9600798487663269,0.9929410815238953,0.9833264350891113,0.983344316482544,0.9804340600967407,0.9862719178199768,0.9984126687049866
448,Mula,Vembanad,T-Mul_V-Vem_15px_2026-07-21,15,inner,32,0.04564026224554151,0.10313583208205221,0.9670329689979553,0.9669007062911987,0.9717742204666138,0.9620758295059204,0.9924631118774414,0.9843994975090027,0.9844098091125488,0.9818989634513855,0.9869335293769836,0.9983165860176086
449,Mula,Vembanad,T-Mul_V-Vem_15px_2026-07-21,15,inner,33,0.043803014548121036,0.10502208015331617,0.9640359878540039,0.9639278650283813,0.9678068161010742,0.9600798487663269,0.9919042587280273,0.9858852624893188,0.98589688539505,0.9832209348678589,0.988587498664856,0.998597264289856
450,Mula,Vembanad,T-Mul_V-Vem_15px_2026-07-21,15,inner,34,0.0435660723998091,0.10915146648630752,0.9630369544029236,0.9626262784004211,0.9744376540184021,0.9510977864265442,0.9923703074455261,0.9848947525024414,0.984917163848877,0.9816001057624817,0.9882566928863525,0.9987348914146423
451,Mula,Valsequillo,T-Mul_V-Val_15px_2026-07-21,15,inner,1,0.3012351809653895,0.23640263261748296,0.9112744927406311,0.9094547033309937,0.9284984469413757,0.8911764621734619,0.9689273834228516,0.882172703742981,0.8814858198165894,0.885097861289978,0.8779031038284302,0.944799542427063
452,Mula,Valsequillo,T-Mul_V-Val_15px_2026-07-21,15,inner,2,0.18821313966507053,0.23501408474118102,0.9220588207244873,0.9207772612571716,0.936170220375061,0.9058823585510254,0.9643944501876831,0.9317711591720581,0.9319907426834106,0.927398145198822,0.936629056930542,0.9776506423950195
453,Mula,Valsequillo,T-Mul_V-Val_15px_2026-07-21,15,inner,3,0.15386938484159043,0.18287569217237773,0.9377450942993164,0.9372839331626892,0.9442785978317261,0.9303921461105347,0.9789465665817261,0.9450194835662842,0.9450967311859131,0.9421365261077881,0.9480756521224976,0.9848942756652832
454,Mula,Valsequillo,T-Mul_V-Val_15px_2026-07-21,15,inner,4,0.14098929216437628,0.18501695508466048,0.9504901766777039,0.9504659175872803,0.9509322643280029,0.949999988079071,0.9768156409263611,0.9504843950271606,0.9506193399429321,0.9463992118835449,0.9548772573471069,0.9868953824043274
455,Mula,Valsequillo,T-Mul_V-Val_15px_2026-07-21,15,inner,5,0.13527858062839532,0.20290514320573386,0.938725471496582,0.9369005560874939,0.9656607508659363,0.9098039269447327,0.9791811108589172,0.9499875903129578,0.9502471089363098,0.9437173008918762,0.9568679332733154,0.9881010055541992
456,Mula,Valsequillo,T-Mul_V-Val_15px_2026-07-21,15,inner,6,0.11641000557332735,0.18439983855567726,0.9465686082839966,0.9463318586349487,0.950543999671936,0.9421568512916565,0.9765273332595825,0.9581021666526794,0.9582370519638062,0.9535151124000549,0.9630059599876404,0.9907671213150024
457,Mula,Valsequillo,T-Mul_V-Val_15px_2026-07-21,15,inner,7,0.10312739766963303,0.2960153874302027,0.9240196347236633,0.9203903675079346,0.9665588140487671,0.8784313797950745,0.9730123281478882,0.9636499285697937,0.9637219905853271,0.9601514935493469,0.9673191905021667,0.9925189018249512
458,Mula,Valsequillo,T-Mul_V-Val_15px_2026-07-21,15,inner,8,0.10459712807234375,0.15046819504350423,0.9504901766777039,0.9500741362571716,0.958125650882721,0.9421568512916565,0.9844934940338135,0.9624078869819641,0.9624482989311218,0.9597492814064026,0.9651625752449036,0.9927237033843994
459,Mula,Valsequillo,T-Mul_V-Val_15px_2026-07-21,15,inner,9,0.09882546295462395,0.35726430362784395,0.8696078658103943,0.8563714623451233,0.953125,0.7774509787559509,0.9632035493850708,0.9642295241355896,0.9642206430435181,0.9627853035926819,0.9656602740287781,0.993441104888916
460,Mula,Valsequillo,T-Mul_V-Val_15px_2026-07-21,15,inner,10,0.0953231319400158,0.19646002522432338,0.9441176652908325,0.9433399438858032,0.9566532373428345,0.9303921461105347,0.9765965342521667,0.9655543565750122,0.9655857086181641,0.963036298751831,0.9681486487388611,0.9938216805458069
461,Mula,Valsequillo,T-Mul_V-Val_15px_2026-07-21,15,inner,11,0.08403766768001815,0.1601390053901602,0.9588235020637512,0.9585798978805542,0.9642857313156128,0.9529411792755127,0.980255663394928,0.9717645049095154,0.971806526184082,0.9686830639839172,0.9749502539634705,0.9949467182159424
462,Mula,Valsequillo,T-Mul_V-Val_15px_2026-07-21,15,inner,12,0.0792204905108544,0.1667719449628802,0.9558823704719543,0.9557521939277649,0.9585798978805542,0.9529411792755127,0.9776874780654907,0.9717645049095154,0.9717738628387451,0.9697670340538025,0.9737889766693115,0.995509922504425
463,Mula,Valsequillo,T-Mul_V-Val_15px_2026-07-21,15,inner,13,0.07664985137862747,0.1784727350242582,0.9514706134796143,0.9505741596221924,0.9684638977050781,0.9333333373069763,0.9815561175346375,0.9738345742225647,0.9738842844963074,0.970355749130249,0.9774386286735535,0.9955664873123169
464,Mula,Valsequillo,T-Mul_V-Val_15px_2026-07-21,15,inner,14,0.07414419233547276,0.13914647214845116,0.9632353186607361,0.9631811380386353,0.9646017551422119,0.9617646932601929,0.983840823173523,0.9744141697883606,0.9744733572006226,0.970544695854187,0.9784339666366577,0.9960033297538757
465,Mula,Valsequillo,T-Mul_V-Val_15px_2026-07-21,15,inner,15,0.07544295027774327,0.2813787821242038,0.9024509787559509,0.8949868083000183,0.9691428542137146,0.8313725590705872,0.977044403553009,0.9733377695083618,0.973410427570343,0.9690890908241272,0.9777703881263733,0.995858907699585
466,Mula,Valsequillo,T-Mul_V-Val_15px_2026-07-21,15,inner,16,0.06344478776826659,0.17972725692625138,0.9470587968826294,0.9462686777114868,0.960606038570404,0.9323529601097107,0.9798424243927002,0.9787198901176453,0.9787445068359375,0.9759194850921631,0.9815859198570251,0.9970391988754272
467,Mula,Valsequillo,T-Mul_V-Val_15px_2026-07-21,15,inner,17,0.0627182218398619,0.18596935593979616,0.9450980424880981,0.9439439177513123,0.9642126560211182,0.9245098233222961,0.9796443581581116,0.9787198901176453,0.9787726402282715,0.9746668934822083,0.982913076877594,0.9970153570175171
468,Mula,Valsequillo,T-Mul_V-Val_15px_2026-07-21,15,inner,18,0.0619007990551099,0.15676244664389422,0.954901933670044,0.9544103145599365,0.9649298787117004,0.9441176652908325,0.9816455245018005,0.9771466255187988,0.9771485328674316,0.9753718972206116,0.9789316654205322,0.9971911907196045
469,Mula,Valsequillo,T-Mul_V-Val_15px_2026-07-21,15,inner,19,0.060180408265813355,0.22936718835696285,0.9240196347236633,0.9203903675079346,0.9665588140487671,0.8784313797950745,0.9782794713973999,0.9799619317054749,0.9799966812133789,0.9766062498092651,0.9834107756614685,0.997122049331665
470,Mula,Valsequillo,T-Mul_V-Val_15px_2026-07-21,15,inner,20,0.05918957406732532,0.16465729847550392,0.9519608020782471,0.9513888955116272,0.9628514051437378,0.9401960968971252,0.9811437726020813,0.9792166948318481,0.9792544841766357,0.9757865071296692,0.9827471971511841,0.9973853230476379
471,Mula,Valsequillo,T-Mul_V-Val_15px_2026-07-21,15,inner,21,0.05555747865882844,0.1746898617157165,0.9490196108818054,0.9481555223464966,0.9645030498504639,0.9323529601097107,0.9808761477470398,0.9815351366996765,0.9815504550933838,0.9790394306182861,0.9840742945671082,0.9974135756492615
472,Mula,Valsequillo,T-Mul_V-Val_15px_2026-07-21,15,inner,22,0.054237648114744644,0.18760416801178864,0.9377450942993164,0.9358261823654175,0.965589165687561,0.9078431129455566,0.9810101985931396,0.9826115965843201,0.982636034488678,0.9795581698417664,0.9857332706451416,0.9975884556770325
473,Mula,Valsequillo,T-Mul_V-Val_15px_2026-07-21,15,inner,23,0.05280046194601781,0.21948596269038378,0.9338235259056091,0.9316455721855164,0.963350772857666,0.9019607901573181,0.9784294366836548,0.9823631644248962,0.9823748469352722,0.9800230860710144,0.9847378730773926,0.997746467590332
474,Mula,Valsequillo,T-Mul_V-Val_15px_2026-07-21,15,inner,24,0.05353893328097479,0.22083361195948195,0.9308823347091675,0.9282442927360535,0.9650793671607971,0.8941176533699036,0.9780248403549194,0.9817007780075073,0.981718897819519,0.9790463447570801,0.9844061136245728,0.9979829788208008
475,Mula,RawaPening,T-Mul_V-Raw_15px_2026-07-21,15,inner,1,0.31773964265285326,0.2983088589959092,0.8961039185523987,0.9046745896339417,0.8364406824111938,0.985029935836792,0.9653133153915405,0.871894359588623,0.8715869784355164,0.87201988697052,0.8711544871330261,0.9385943412780762
476,Mula,RawaPening,T-Mul_V-Raw_15px_2026-07-21,15,inner,2,0.20037469334755856,0.19360016153140977,0.9235764145851135,0.9288040995597839,0.8700959086418152,0.9960079789161682,0.9808403253555298,0.9300866723060608,0.9299942255020142,0.9294564723968506,0.9305325746536255,0.9743396043777466
477,Mula,RawaPening,T-Mul_V-Raw_15px_2026-07-21,15,inner,3,0.1562676904543933,0.15905293347416344,0.9520479440689087,0.9534432291984558,0.9273585081100464,0.9810379147529602,0.9830738306045532,0.9437061548233032,0.943942129611969,0.9382352828979492,0.9497188329696655,0.9841816425323486
478,Mula,RawaPening,T-Mul_V-Raw_15px_2026-07-21,15,inner,4,0.13978050149672788,0.13252769338783923,0.9535464644432068,0.9550941586494446,0.9251636862754822,0.9870259761810303,0.9898972511291504,0.9500619173049927,0.9502508044242859,0.9448896050453186,0.9556731581687927,0.9873908758163452
479,Mula,RawaPening,T-Mul_V-Raw_15px_2026-07-21,15,inner,5,0.13374097064395754,0.15662076407215456,0.9430569410324097,0.9446601867675781,0.9196597337722778,0.9710578918457031,0.9869680404663086,0.9525381922721863,0.9527099132537842,0.9474889636039734,0.9579887390136719,0.9883284568786621
480,Mula,RawaPening,T-Mul_V-Raw_15px_2026-07-21,15,inner,6,0.10465115766374228,0.13914696887864933,0.9440559148788452,0.944389283657074,0.9397233128547668,0.9491018056869507,0.9875668883323669,0.9640941023826599,0.9640881419181824,0.9624196290969849,0.9657624959945679,0.9925858974456787
481,Mula,RawaPening,T-Mul_V-Raw_15px_2026-07-21,15,inner,7,0.10226424193233435,0.1761941604286462,0.9305694103240967,0.9289002418518066,0.9527806639671326,0.9061876535415649,0.9828742742538452,0.9627734422683716,0.9627918601036072,0.960493803024292,0.965100884437561,0.9930981993675232
482,Mula,RawaPening,T-Mul_V-Raw_15px_2026-07-21,15,inner,8,0.09867716549111209,0.12788030079432897,0.9565434455871582,0.9574987888336182,0.9377990365028381,0.9780439138412476,0.9894909858703613,0.9669830799102783,0.9670130014419556,0.9643092155456543,0.9697320461273193,0.9931846857070923
483,Mula,RawaPening,T-Mul_V-Raw_15px_2026-07-21,15,inner,9,0.09516501501233332,0.16276890576466338,0.9370629191398621,0.9367470145225525,0.9424242377281189,0.93113774061203,0.9831486940383911,0.967560887336731,0.9675929546356201,0.9648084044456482,0.9703936576843262,0.9936531782150269
484,Mula,RawaPening,T-Mul_V-Raw_15px_2026-07-21,15,inner,10,0.09490840017174425,0.12469594878750248,0.9580419659614563,0.9583746194839478,0.9517716765403748,0.9650698900222778,0.9891955852508545,0.96566241979599,0.9656822085380554,0.9632982015609741,0.968078076839447,0.9939432144165039
485,Mula,RawaPening,T-Mul_V-Raw_15px_2026-07-21,15,inner,11,0.08007032810754573,0.125816778085389,0.9540459513664246,0.9548577070236206,0.9391891956329346,0.9710578918457031,0.9882684350013733,0.9720181822776794,0.9719672799110413,0.9718868732452393,0.9720476269721985,0.99544358253479
486,Mula,RawaPening,T-Mul_V-Raw_15px_2026-07-21,15,inner,12,0.0768592876021251,0.13767982522615574,0.9470529556274414,0.9466800689697266,0.954361081123352,0.9391217827796936,0.9880788326263428,0.9738340973854065,0.9738771915435791,0.9704384803771973,0.9773404002189636,0.9956620335578918
487,Mula,RawaPening,T-Mul_V-Raw_15px_2026-07-21,15,inner,13,0.07020397168383144,0.1320303365286741,0.9555444717407227,0.9553884863853455,0.9597180485725403,0.9510977864265442,0.9887534976005554,0.9762278199195862,0.976265013217926,0.9728975296020508,0.9796559810638428,0.9964651465415955
488,Mula,RawaPening,T-Mul_V-Raw_15px_2026-07-21,15,inner,14,0.07338579019183371,0.23681717075697786,0.9130868911743164,0.9089958071708679,0.9549450278282166,0.8672654628753662,0.9779151678085327,0.9733388423919678,0.9733388423919678,0.9714944958686829,0.9751902222633362,0.9962222576141357
489,Mula,RawaPening,T-Mul_V-Raw_15px_2026-07-21,15,inner,15,0.06845219339691087,0.14866556214181692,0.9475524425506592,0.9479424953460693,0.9418719410896301,0.9540917873382568,0.9852744340896606,0.9748246073722839,0.9748536348342896,0.9718888998031616,0.9778366088867188,0.9968307018280029
490,Mula,RawaPening,T-Mul_V-Raw_15px_2026-07-21,15,inner,16,0.06285815167936888,0.12072617613843509,0.9585414528846741,0.9585621356964111,0.9590409398078918,0.9580838084220886,0.9907849431037903,0.9782088398933411,0.9782106280326843,0.9762767553329468,0.9801521897315979,0.9970574378967285
491,Mula,RawaPening,T-Mul_V-Raw_15px_2026-07-21,15,inner,17,0.054099314679513524,0.11364526878465545,0.9600399732589722,0.9604352116584778,0.9519608020782471,0.9690618515014648,0.9907974004745483,0.9822534322738647,0.9822592735290527,0.9800757169723511,0.9844525456428528,0.9978110790252686
492,Mula,RawaPening,T-Mul_V-Raw_15px_2026-07-21,15,inner,18,0.05622194461444538,0.13107464933018018,0.9540459513664246,0.954365074634552,0.9487179517745972,0.9600798487663269,0.9889251589775085,0.9810152649879456,0.9810574650764465,0.9770340919494629,0.9851140975952148,0.9976422786712646
493,Mula,RawaPening,T-Mul_V-Raw_15px_2026-07-21,15,inner,19,0.05822920896669483,0.11467783744972605,0.9615384340286255,0.9619000554084778,0.9538763761520386,0.970059871673584,0.9911148548126221,0.9798596501350403,0.9798945188522339,0.9763546586036682,0.9834601283073425,0.9976625442504883
494,Mula,RawaPening,T-Mul_V-Raw_15px_2026-07-21,15,inner,20,0.05715434852583173,0.13250323152123067,0.9535464644432068,0.9535232186317444,0.954954981803894,0.9520958065986633,0.9888757467269897,0.9804374575614929,0.9804632663726807,0.9773212671279907,0.9836255311965942,0.9976649284362793
495,Mula,RawaPening,T-Mul_V-Raw_15px_2026-07-21,15,inner,21,0.052732242677965,0.15910280283845657,0.9430569410324097,0.9421906471252441,0.9577319622039795,0.9271457195281982,0.9865080118179321,0.9825835824012756,0.9825749397277832,0.9811974167823792,0.9839563369750977,0.9980117082595825
496,Mula,RawaPening,T-Mul_V-Raw_15px_2026-07-21,15,inner,22,0.05223061687755427,0.10875936488729793,0.962037980556488,0.962338924407959,0.9557086825370789,0.9690618515014648,0.9918603301048279,0.9835740923881531,0.9835740923881531,0.9817103147506714,0.9854449033737183,0.9979248642921448
497,Mula,RawaPening,T-Mul_V-Raw_15px_2026-07-21,15,inner,23,0.049549191774438346,0.1324268095707009,0.953046977519989,0.9530938267707825,0.9530938267707825,0.9530938267707825,0.9891113042831421,0.983656644821167,0.9836471676826477,0.9823490381240845,0.9849487543106079,0.9981271028518677
498,Mula,RawaPening,T-Mul_V-Raw_15px_2026-07-21,15,inner,24,0.04794728292934089,0.11731300781667976,0.957042932510376,0.9575936794281006,0.9463937878608704,0.9690618515014648,0.9916048049926758,0.9845646023750305,0.9845646023750305,0.9826989769935608,0.9864373207092285,0.9982258081436157
499,Mula,RawaPening,T-Mul_V-Raw_15px_2026-07-21,15,inner,25,0.04870047122670558,0.12680225949650714,0.9550449848175049,0.9549999833106995,0.9569138288497925,0.9530938267707825,0.9904575347900391,0.9837391376495361,0.9837391376495361,0.9818751215934753,0.98561030626297,0.9982693791389465
500,Mula,RawaPening,T-Mul_V-Raw_15px_2026-07-21,15,inner,26,0.04662700393600401,0.13012413442745194,0.9555444717407227,0.9553884863853455,0.9597180485725403,0.9510977864265442,0.9900937676429749,0.983656644821167,0.9836606979370117,0.9815546870231628,0.9857757091522217,0.9984363317489624
501,Mula,RawaPening,T-Mul_V-Raw_15px_2026-07-21,15,inner,27,0.0486791444498795,0.12379912574767143,0.9560439586639404,0.9561315774917603,0.9551792740821838,0.9570858478546143,0.9900598526000977,0.9835740923881531,0.9835903644561768,0.9807597398757935,0.9864373207092285,0.9982976913452148
502,Mula,RawaPening,T-Mul_V-Raw_15px_2026-07-21,15,inner,28,0.04677797049607619,0.14307883474231511,0.949550449848175,0.949575662612915,0.9500499367713928,0.9491018056869507,0.9877943992614746,0.9843169450759888,0.9843260049819946,0.9818959832191467,0.9867681264877319,0.9984421730041504
503,Mula,RawaPening,T-Mul_V-Raw_15px_2026-07-21,15,inner,29,0.048156383375779835,0.12433283390862482,0.9550449848175049,0.9550449848175049,0.9559999704360962,0.9540917873382568,0.990208625793457,0.983656644821167,0.983657956123352,0.9817133545875549,0.98561030626297,0.998239278793335
504,Mula,RawaPening,T-Mul_V-Raw_15px_2026-07-21,15,inner,30,0.04645312260705678,0.1333781805989164,0.9515484571456909,0.9517172574996948,0.9493545293807983,0.9540917873382568,0.9890629053115845,0.9842343926429749,0.9842292070388794,0.9826875329017639,0.9857757091522217,0.9984441995620728
505,Mula,RawaPening,T-Mul_V-Raw_15px_2026-07-21,15,inner,31,0.04266739369355053,0.13621744373534153,0.9515484571456909,0.9519087672233582,0.9458128213882446,0.9580838084220886,0.9886646866798401,0.9852249026298523,0.9852127432823181,0.9841557741165161,0.9862719178199768,0.9987084865570068
506,Mula,RawaPening,T-Mul_V-Raw_15px_2026-07-21,15,inner,32,0.04247393149804144,0.12502349101771768,0.9555444717407227,0.9559187889099121,0.9488692283630371,0.9630738496780396,0.9897494912147522,0.9859678149223328,0.985973596572876,0.9837010502815247,0.9882566928863525,0.9986106753349304
507,Mula,Winam,T-Mul_V-Win_15px_2026-07-21,15,inner,1,0.3243615161144885,0.4358473420469253,0.8494247198104858,0.8433107733726501,0.8794788122177124,0.8100000023841858,0.9039549231529236,0.8715134263038635,0.8699573874473572,0.8789873123168945,0.8611111044883728,0.9355083703994751
508,Mula,Winam,T-Mul_V-Win_15px_2026-07-21,15,inner,2,0.20269212439191442,0.3612797414197243,0.8784392476081848,0.8811736106872559,0.8622009754180908,0.9010000228881836,0.9209589958190918,0.9305166006088257,0.9306653738021851,0.9270012974739075,0.9343584775924683,0.9735558032989502
509,Mula,Winam,T-Mul_V-Win_15px_2026-07-21,15,inner,3,0.15734745279375054,0.4008681566319128,0.8874437212944031,0.8872180581092834,0.8894472122192383,0.8849999904632568,0.9318618774414062,0.9441326856613159,0.9442017674446106,0.941331148147583,0.9470899701118469,0.9836646914482117
510,Mula,Winam,T-Mul_V-Win_15px_2026-07-21,15,inner,4,0.13208850206941597,0.4496154763691338,0.8744372129440308,0.8678251504898071,0.9165739417076111,0.8240000009536743,0.9276316165924072,0.9527974724769592,0.9529373049736023,0.9484114050865173,0.9575065970420837,0.9884346723556519
511,Mula,Winam,T-Mul_V-Win_15px_2026-07-21,15,inner,5,0.12107248632580087,0.3655252781540077,0.8794397115707397,0.8755807876586914,0.9050160050392151,0.8479999899864197,0.9464839696884155,0.9578313231468201,0.9578765034675598,0.9551208019256592,0.9606481194496155,0.9900350570678711
512,Mula,Winam,T-Mul_V-Win_15px_2026-07-21,15,inner,6,0.09782625545067723,0.34545382317651196,0.882941484451294,0.8765822649002075,0.9274553656578064,0.8309999704360962,0.961660623550415,0.9661660194396973,0.9661604762077332,0.9645681977272034,0.9677579402923584,0.9932307004928589
513,Mula,Winam,T-Mul_V-Win_15px_2026-07-21,15,inner,7,0.09184604158671426,0.3242360871997028,0.8869434595108032,0.8850457668304443,0.9006211161613464,0.8700000047683716,0.9544354677200317,0.9700445532798767,0.9700618386268616,0.9677472710609436,0.9723875522613525,0.9933972358703613
514,Mula,Winam,T-Mul_V-Win_15px_2026-07-21,15,inner,8,0.08720852271088832,0.5122314863113789,0.8554277420043945,0.8402432203292847,0.939431369304657,0.7599999904632568,0.9427822828292847,0.9721901416778564,0.9721878170967102,0.9705058336257935,0.9738756418228149,0.9945954084396362
515,Mula,Winam,T-Mul_V-Win_15px_2026-07-21,15,inner,9,0.08249433669177864,0.42652875000938006,0.8594297170639038,0.8478614091873169,0.9244391918182373,0.7829999923706055,0.95281583070755,0.9743356704711914,0.9743251204490662,0.972959578037262,0.9756944179534912,0.9946460723876953
516,Mula,Winam,T-Mul_V-Win_15px_2026-07-21,15,inner,10,0.08396777582886215,0.33806162751491753,0.8699349761009216,0.8593073487281799,0.9363207817077637,0.7940000295639038,0.9661811590194702,0.9725202322006226,0.972522497177124,0.970680296421051,0.9743716716766357,0.994810938835144
517,Mula,Winam,T-Mul_V-Win_15px_2026-07-21,15,inner,11,0.06776857932033191,0.47987256821230045,0.8504251837730408,0.8347153067588806,0.933250904083252,0.7549999952316284,0.9551301598548889,0.9778841137886047,0.9778549075126648,0.9773703217506409,0.9783399701118469,0.9964599609375
518,Mula,Winam,T-Mul_V-Win_15px_2026-07-21,15,inner,12,0.06702721034325591,0.4711894513363612,0.8424212336540222,0.8239240050315857,0.9340937733650208,0.7369999885559082,0.9505465030670166,0.9777190685272217,0.9777264595031738,0.9756338596343994,0.9798280596733093,0.9963548183441162
519,Mula,Winam,T-Mul_V-Win_15px_2026-07-21,15,inner,13,0.06500534079126605,0.4595939398968239,0.8404201865196228,0.8214884996414185,0.9326556324958801,0.734000027179718,0.9565095901489258,0.9788743853569031,0.9789057374000549,0.9756898880004883,0.9821428656578064,0.996505618095398
520,Mula,Winam,T-Mul_V-Win_15px_2026-07-21,15,inner,14,0.06326358535906962,0.5228857382952146,0.8364182114601135,0.8128219842910767,0.9504685401916504,0.7099999785423279,0.9465205669403076,0.9800297021865845,0.980009913444519,0.979201078414917,0.9808201193809509,0.9967631101608276
521,Mula,Winam,T-Mul_V-Win_15px_2026-07-21,15,inner,15,0.0631202171001916,0.5010291432077554,0.8434216976165771,0.8236619830131531,0.9432258009910583,0.7310000061988831,0.957282304763794,0.9778016209602356,0.977825403213501,0.9750123023986816,0.980654776096344,0.9970623254776001
522,Mula,Winam,T-Mul_V-Win_15px_2026-07-21,15,inner,16,0.050182797266795975,0.5236124345506744,0.8384191989898682,0.8178228735923767,0.9379042983055115,0.7250000238418579,0.9500460624694824,0.9834956526756287,0.9835065007209778,0.9810792803764343,0.9859457612037659,0.9980367422103882
523,Mula,Winam,T-Mul_V-Win_15px_2026-07-21,15,inner,17,0.0531764661204325,0.5101093602015694,0.8414207100868225,0.8205999135971069,0.9452412128448486,0.7250000238418579,0.95565265417099,0.9831655621528625,0.9831544160842896,0.9820191264152527,0.9842923283576965,0.997791588306427
524,Mula,,Test_Mul_outer_15px_2026-07-21,15,outer,1,0.2960287233973061,,,,,,,0.8823404312133789,0.8818718194961548,0.8840724229812622,0.879682183265686,0.9470622539520264
525,Mula,,Test_Mul_outer_15px_2026-07-21,15,outer,2,0.17534839394891905,,,,,,,0.9385846853256226,0.9387581944465637,0.9347306489944458,0.94282066822052,0.9801015853881836
526,Mula,,Test_Mul_outer_15px_2026-07-21,15,outer,3,0.15168436934748342,,,,,,,0.9461641907691956,0.9464486837387085,0.9400895833969116,0.9528944492340088,0.984821081161499
527,Mula,,Test_Mul_outer_15px_2026-07-21,15,outer,4,0.1396976385840598,,,,,,,0.9527519941329956,0.9529386758804321,0.9477894902229309,0.9581441283226013,0.9870457649230957
528,Mula,,Test_Mul_outer_15px_2026-07-21,15,outer,5,0.12798823719016805,,,,,,,0.9550187587738037,0.9552470445632935,0.9490267634391785,0.9615494012832642,0.9891330003738403
529,Mula,,Test_Mul_outer_15px_2026-07-21,15,outer,6,0.11014020986609087,,,,,,,0.9616065621376038,0.9617663621902466,0.9563692212104797,0.9672247171401978,0.9917484521865845
530,Mula,,Test_Mul_outer_15px_2026-07-21,15,outer,7,0.09872441973650414,,,,,,,0.96614009141922,0.9661999940872192,0.963067352771759,0.9693530201911926,0.9931852221488953
531,Mula,,Test_Mul_outer_15px_2026-07-21,15,outer,8,0.0980436197804849,,,,,,,0.9655025601387024,0.9655221104621887,0.9635438919067383,0.9675084948539734,0.993485152721405
532,Mula,,Test_Mul_outer_15px_2026-07-21,15,outer,9,0.09670981334552317,,,,,,,0.966352641582489,0.9663669466972351,0.9645229578018188,0.9682179093360901,0.9933675527572632
533,Mula,,Test_Mul_outer_15px_2026-07-21,15,outer,10,0.09565800852298298,,,,,,,0.9659276008605957,0.9659661650657654,0.9634438753128052,0.9685016870498657,0.9936692714691162
534,Mula,,Test_Mul_outer_15px_2026-07-21,15,outer,11,0.0812815265479199,,,,,,,0.9713112115859985,0.9713679552078247,0.968014657497406,0.9747446179389954,0.9953504204750061
535,Mula,,Test_Mul_outer_15px_2026-07-21,15,outer,12,0.07738723507467804,,,,,,,0.972798764705658,0.9727967977523804,0.9714204668998718,0.9741770625114441,0.9957201480865479
536,Inle,Hartbeespoort,T-Inl_V-Har_15px_2026-07-21,15,inner,1,0.32520987965063,0.4312528977537249,0.8169291615486145,0.7809187173843384,0.9525862336158752,0.6616766452789307,0.9286543130874634,0.8662499189376831,0.8654641509056091,0.8663243055343628,0.864605724811554,0.9351528882980347
537,Inle,Hartbeespoort,T-Inl_V-Har_15px_2026-07-21,15,inner,2,0.2076211024296071,0.22610102013105482,0.9148622155189514,0.9097548127174377,0.9530054926872253,0.8702594637870789,0.9713931083679199,0.9234185814857483,0.9239068031311035,0.9136760234832764,0.9343693256378174,0.9724403023719788
538,Inle,Hartbeespoort,T-Inl_V-Har_15px_2026-07-21,15,inner,3,0.1846298426156806,0.19648103357300045,0.935531497001648,0.933468759059906,0.950361967086792,0.9171656966209412,0.9777106046676636,0.9316443204879761,0.9322572946548462,0.9195882678031921,0.9452801942825317,0.9778742790222168
539,Inle,Hartbeespoort,T-Inl_V-Har_15px_2026-07-21,15,inner,4,0.1607965963619991,0.3853592585156283,0.7977362275123596,0.7510599493980408,0.955315887928009,0.6187624931335449,0.9627143740653992,0.9408571124076843,0.9410993456840515,0.9327703714370728,0.9495784640312195,0.9831045866012573
540,Inle,Hartbeespoort,T-Inl_V-Har_15px_2026-07-21,15,inner,5,0.14893335338592764,0.28468049085867686,0.9069882035255432,0.898876428604126,0.9688581228256226,0.8383233547210693,0.9758434295654297,0.9450522065162659,0.9452459216117859,0.9374085664749146,0.9532154202461243,0.9855670928955078
541,Inle,Hartbeespoort,T-Inl_V-Har_15px_2026-07-21,15,inner,6,0.12300465402235579,0.5351806138678799,0.8326771855354309,0.8025551438331604,0.9597222208976746,0.6896207332611084,0.9039697051048279,0.9537714719772339,0.9537829160690308,0.9489445090293884,0.9586708545684814,0.9900791049003601
542,Inle,Hartbeespoort,T-Inl_V-Har_15px_2026-07-21,15,inner,7,0.11899930071166896,0.5106253808760267,0.8469488024711609,0.8215720057487488,0.9662618041038513,0.7145708799362183,0.9089016318321228,0.9579666256904602,0.9580011367797852,0.9525988698005676,0.9634650349617004,0.9904818534851074
543,Inle,Hartbeespoort,T-Inl_V-Har_15px_2026-07-21,15,inner,8,0.10996774654718099,0.33112807346390577,0.9025590419769287,0.8935483694076538,0.9685314893722534,0.8293412923812866,0.9532808065414429,0.9597762823104858,0.9597828984260559,0.9549918174743652,0.9646222591400146,0.9918988943099976
544,Inle,Hartbeespoort,T-Inl_V-Har_15px_2026-07-21,15,inner,9,0.10806873814895611,0.25852557494649736,0.9315944910049438,0.9285346865653992,0.9575821757316589,0.901197612285614,0.9626436233520508,0.9598585367202759,0.959835410118103,0.9557449817657471,0.9639610052108765,0.9924581050872803
545,Inle,Hartbeespoort,T-Inl_V-Har_15px_2026-07-21,15,inner,10,0.10655289983866079,0.3340826232396946,0.8951771855354309,0.8849270939826965,0.9646643400192261,0.817365288734436,0.9670251607894897,0.9606810808181763,0.9606325030326843,0.95716392993927,0.9641262888908386,0.9925373792648315
546,Inle,Hartbeespoort,T-Inl_V-Har_15px_2026-07-21,15,inner,11,0.0934604659671649,0.5007820731307578,0.8843504190444946,0.8710916042327881,0.9671132564544678,0.7924151420593262,0.9118481874465942,0.965781033039093,0.9657838344573975,0.9610410928726196,0.9705736637115479,0.9940953254699707
547,Inle,Hartbeespoort,T-Inl_V-Har_15px_2026-07-21,15,inner,12,0.09212037191491157,0.4039498232671712,0.8823819160461426,0.8687534332275391,0.9658119678497314,0.7894211411476135,0.9463393688201904,0.965698778629303,0.9656931161880493,0.9611856937408447,0.9702430367469788,0.9943572282791138
548,Inle,Hartbeespoort,T-Inl_V-Har_15px_2026-07-21,15,inner,13,0.08475018441530006,0.5733819187684791,0.8700787425041199,0.8523489832878113,0.9694656729698181,0.7604790329933167,0.9153382778167725,0.9686600565910339,0.9686548709869385,0.964133620262146,0.9732187390327454,0.9952203035354614
549,Inle,Rodman,T-Inl_V-Rod_15px_2026-07-21,15,inner,1,0.26166530074313255,0.8711548993522693,0.7345739603042603,0.7353515625,0.7339181303977966,0.7367905974388123,0.8461498618125916,0.8944595456123352,0.8934862017631531,0.8951223492622375,0.8918560147285461,0.958246111869812
550,Inle,Rodman,T-Inl_V-Rod_15px_2026-07-21,15,inner,2,0.17919436939176614,0.42031595872735183,0.8594515323638916,0.8686498999595642,0.8159931302070618,0.9285714030265808,0.9240685701370239,0.937103807926178,0.9370468258857727,0.9310626983642578,0.943108320236206,0.9786434173583984
551,Inle,Rodman,T-Inl_V-Rod_15px_2026-07-21,15,inner,3,0.15208222017255232,0.4925724709302508,0.8364348411560059,0.8515555262565613,0.7801302671432495,0.9373776912689209,0.9269022941589355,0.945830225944519,0.9456827044487,0.941331148147583,0.9500746130943298,0.9844413995742798
552,Inle,Rodman,T-Inl_V-Rod_15px_2026-07-21,15,inner,4,0.1458661412102426,0.47779385652119455,0.8393731713294983,0.8407766819000244,0.834296703338623,0.8473581075668335,0.9093703031539917,0.9483000040054321,0.9482190012931824,0.9427775144577026,0.953723669052124,0.9856436252593994
553,Inle,Rodman,T-Inl_V-Rod_15px_2026-07-21,15,inner,5,0.1265055634178889,0.7109602931613261,0.8055827617645264,0.8164586424827576,0.7738825678825378,0.8639921545982361,0.8872697949409485,0.9540627598762512,0.9540210962295532,0.9479286074638367,0.9601923823356628,0.9888474941253662
554,Inle,Rodman,T-Inl_V-Rod_15px_2026-07-21,15,inner,6,0.10822574467183317,0.5656524293861707,0.8521057963371277,0.8610855340957642,0.8125,0.9158512949943542,0.9125652313232422,0.9627891778945923,0.9627615809440613,0.9564576745033264,0.969149112701416,0.9918239116668701
555,Inle,Rodman,T-Inl_V-Rod_15px_2026-07-21,15,inner,7,0.10558658437221455,0.8598239095398132,0.7845249772071838,0.800000011920929,0.7470288872718811,0.8610567450523376,0.8577438592910767,0.9606487154960632,0.9606389999389648,0.9538838863372803,0.9674904346466064,0.9923717975616455
556,Inle,Rodman,T-Inl_V-Rod_15px_2026-07-21,15,inner,8,0.09951450759573337,0.4504533662852064,0.8682664036750793,0.8797496557235718,0.809876561164856,0.9628180265426636,0.9345938563346863,0.9646826386451721,0.9645366668701172,0.9614370465278625,0.9676563143730164,0.9929912686347961
557,Inle,Rodman,T-Inl_V-Rod_15px_2026-07-21,15,inner,9,0.09988219097576838,0.34697768100912263,0.8814887404441833,0.889194130897522,0.8356282114982605,0.9500978589057922,0.9472564458847046,0.9648472666740417,0.9647777080535889,0.959632396697998,0.9699784517288208,0.9928476810455322
558,Inle,Rodman,T-Inl_V-Rod_15px_2026-07-21,15,inner,10,0.09340259779774918,0.48430788537430836,0.8403525948524475,0.8500459790229797,0.8020833134651184,0.9041095972061157,0.91554856300354,0.9662467837333679,0.9661325216293335,0.9623169302940369,0.9699784517288208,0.9938830137252808
559,Inle,Rodman,T-Inl_V-Rod_15px_2026-07-21,15,inner,11,0.08300760390091759,0.481702666791716,0.8736532926559448,0.8824065923690796,0.8259385824203491,0.9471624493598938,0.9028615355491638,0.9708570241928101,0.9707872867584229,0.9660042524337769,0.9756178259849548,0.9950259923934937
560,Inle,Rodman,T-Inl_V-Rod_15px_2026-07-21,15,inner,12,0.08242525322364468,0.35372355303031106,0.8854064345359802,0.8916666507720947,0.8462214469909668,0.942270040512085,0.949790894985199,0.9706100225448608,0.9705178141593933,0.9664473533630371,0.9746226668357849,0.9950294494628906
561,Inle,Rodman,T-Inl_V-Rod_15px_2026-07-21,15,inner,13,0.08050241775156255,0.4115025964177904,0.8623898029327393,0.8715134859085083,0.8180257678031921,0.9324853420257568,0.9264370203018188,0.9720918536186218,0.9720320105552673,0.9670059084892273,0.9771106243133545,0.9951186180114746
562,Inle,Rodman,T-Inl_V-Rod_15px_2026-07-21,15,inner,14,0.07858280955977211,0.3541180404463197,0.8805093169212341,0.8889899849891663,0.8307822942733765,0.9559686779975891,0.9369997978210449,0.9729151129722595,0.9728569984436035,0.9678266644477844,0.9779399633407593,0.9953108429908752
563,Inle,Rodman,T-Inl_V-Rod_15px_2026-07-21,15,inner,15,0.07708145596342754,0.4252922046604866,0.8858962059020996,0.8956560492515564,0.8257638216018677,0.9784736037254333,0.9521819353103638,0.9715979099273682,0.9715135097503662,0.9672805070877075,0.9757837057113647,0.9958096742630005
564,Inle,Rodman,T-Inl_V-Rod_15px_2026-07-21,15,inner,16,0.07285572907057743,0.4291150112226824,0.8751224279403687,0.882758617401123,0.8326106071472168,0.9393346309661865,0.9319121241569519,0.9732444286346436,0.9731560349464417,0.9692332744598389,0.9771106243133545,0.9961986541748047
565,Inle,Rodman,T-Inl_V-Rod_15px_2026-07-21,15,inner,17,0.07072817512679082,0.3691254593833303,0.8770812749862671,0.8857532739639282,0.8280851244926453,0.9520547986030579,0.942520022392273,0.9749732613563538,0.9749009013175964,0.9705737233161926,0.979266881942749,0.9962774515151978
566,Inle,Rodman,T-Inl_V-Rod_15px_2026-07-21,15,inner,18,0.06882571736280885,0.3863309081224223,0.8770812749862671,0.8850206136703491,0.832041323184967,0.9452054500579834,0.9448754787445068,0.9746439456939697,0.9745454788208008,0.971174418926239,0.9779399633407593,0.9966731071472168
567,Inle,Rodman,T-Inl_V-Rod_15px_2026-07-21,15,inner,19,0.06471654910766275,0.455217624796476,0.8667972683906555,0.8756855726242065,0.8216123580932617,0.9373776912689209,0.9349329471588135,0.9775252938270569,0.9774361252784729,0.9741351008415222,0.9807596802711487,0.9968813061714172
568,Inle,Mula,T-Inl_V-Mul_15px_2026-07-21,15,inner,1,0.2957202574958982,0.6301001386867987,0.7166988253593445,0.6155861020088196,0.8969465494155884,0.4685942232608795,0.9164023399353027,0.8806635141372681,0.8801591396331787,0.8823529481887817,0.8779761791229248,0.9466789960861206
569,Inle,Mula,T-Inl_V-Mul_15px_2026-07-21,15,inner,2,0.1842112743539455,0.5367215335023909,0.799227774143219,0.7561547756195068,0.9174964427947998,0.6430708169937134,0.9226129055023193,0.9325740933418274,0.9328511357307434,0.9274391531944275,0.9383267164230347,0.9781067371368408
570,Inle,Mula,T-Inl_V-Mul_15px_2026-07-21,15,inner,3,0.1481787260657757,0.6319076515532829,0.6476833820343018,0.4592592716217041,0.8933717608451843,0.3090727925300598,0.9402960538864136,0.9468515515327454,0.9471004009246826,0.9410708546638489,0.9532076716423035,0.9856642484664917
571,Inle,Mula,T-Inl_V-Mul_15px_2026-07-21,15,inner,4,0.13019754172842268,0.3239702568551288,0.8687258958816528,0.8532902002334595,0.9294947385787964,0.7886341214179993,0.9553714394569397,0.9526285529136658,0.952811598777771,0.9475147128105164,0.9581679701805115,0.9886057376861572
572,Inle,Mula,T-Inl_V-Mul_15px_2026-07-21,15,inner,5,0.12916208292805953,0.2917349844538107,0.8832046389579773,0.8708644509315491,0.9368541836738586,0.8135592937469482,0.9633550643920898,0.9517207145690918,0.9518320560455322,0.9480072259902954,0.9556878209114075,0.9891321063041687
573,Inle,Mula,T-Inl_V-Mul_15px_2026-07-21,15,inner,6,0.10497563102351681,0.2867394831880179,0.8943049907684326,0.8871715664863586,0.9179104566574097,0.858424723148346,0.9585565328598022,0.9624494314193726,0.9626098871231079,0.9568697810173035,0.9684193134307861,0.9924967288970947
574,Inle,Mula,T-Inl_V-Mul_15px_2026-07-21,15,inner,7,0.09677395032203964,0.36686191883326497,0.8320463299751282,0.8053691387176514,0.9171974658966064,0.7178464531898499,0.9495973587036133,0.9660807251930237,0.966181218624115,0.9616707563400269,0.9707341194152832,0.9935045838356018
575,Inle,Mula,T-Inl_V-Mul_15px_2026-07-21,15,inner,8,0.09149623737495469,0.33688940012892243,0.84555983543396,0.8226163983345032,0.9263420701026917,0.7397806644439697,0.9546374678611755,0.9687216281890869,0.9687680006027222,0.9656645059585571,0.9718915224075317,0.9940879344940186
576,Inle,Mula,T-Inl_V-Mul_15px_2026-07-21,15,inner,9,0.0870204361737773,0.25398153918130056,0.9092664122581482,0.9063745141029358,0.9054726362228394,0.9072781801223755,0.9596775770187378,0.9680613875389099,0.9681140184402466,0.9648546576499939,0.9713954925537109,0.9948655366897583
577,Inle,Mula,T-Inl_V-Mul_15px_2026-07-21,15,inner,10,0.08466939077727736,0.5270163953074157,0.7659266591072083,0.7000618577003479,0.9218240976333618,0.5643070936203003,0.9376837015151978,0.9711974859237671,0.9712496995925903,0.9678213596343994,0.9747023582458496,0.9949123859405518
578,Inle,Mula,T-Inl_V-Mul_15px_2026-07-21,15,inner,11,0.07292499068318652,0.44844791336294304,0.7804054021835327,0.7270545959472656,0.9126505851745605,0.6041874289512634,0.9440042972564697,0.9749112725257874,0.9749133586883545,0.9731466174125671,0.9766865372657776,0.9961515665054321
579,Inle,Mula,T-Inl_V-Mul_15px_2026-07-21,15,inner,12,0.0665728418640574,0.4805408953814893,0.8021235466003418,0.756242573261261,0.9366715550422668,0.634097695350647,0.9504647850990295,0.9773871302604675,0.9774150848388672,0.9745233654975891,0.9803240895271301,0.9966800212860107
580,Inle,Mula,T-Inl_V-Mul_15px_2026-07-21,15,inner,13,0.06807045680465769,0.4531496582574366,0.8021235466003418,0.7627314925193787,0.908965528011322,0.6570289134979248,0.936800479888916,0.9769744873046875,0.9770162105560303,0.973567545413971,0.9804894328117371,0.9965060949325562
581,Inle,Mula,T-Inl_V-Mul_15px_2026-07-21,15,inner,14,0.06194037341920025,0.4136798920749928,0.8108108043670654,0.772357702255249,0.924895703792572,0.6630109548568726,0.9530752897262573,0.9783774614334106,0.9783756732940674,0.9767633676528931,0.9799934029579163,0.9969611763954163
582,Inle,Mula,T-Inl_V-Mul_15px_2026-07-21,15,inner,15,0.06466011818705282,0.6043358527152695,0.7456563711166382,0.6610932350158691,0.9311594367027283,0.5124626159667969,0.9396291971206665,0.9782949686050415,0.9783092737197876,0.975974977016449,0.980654776096344,0.9969058036804199
583,Inle,Mula,T-Inl_V-Mul_15px_2026-07-21,15,inner,16,0.05641072560633625,0.5306419943923195,0.7881274223327637,0.7314984798431396,0.9462025165557861,0.5962113738059998,0.9489333629608154,0.9820087552070618,0.9820339679718018,0.9789681434631348,0.9851190447807312,0.9974648952484131
584,Inle,Mula,T-Inl_V-Mul_15px_2026-07-21,15,inner,17,0.05482691907304451,0.519225962258674,0.7847490310668945,0.7316486239433289,0.9226100444793701,0.6061814427375793,0.9440267086029053,0.9814310669898987,0.981452465057373,0.9786289930343628,0.9842923283576965,0.9977018237113953
585,Inle,Mula,T-Inl_V-Mul_15px_2026-07-21,15,inner,18,0.05113585618291297,0.4194969854184559,0.825772225856781,0.7959299087524414,0.9190600514411926,0.7018943428993225,0.9501999020576477,0.9815961122512817,0.9816264510154724,0.9783215522766113,0.9849537014961243,0.9979463219642639
586,Inle,Mula,T-Inl_V-Mul_15px_2026-07-21,15,inner,19,0.054612583550641844,0.4626645375632871,0.8016409277915955,0.7614625692367554,0.9111111164093018,0.6540378928184509,0.944605827331543,0.9813485145568848,0.9813623428344727,0.9789404273033142,0.9837962985038757,0.9977508783340454
587,Inle,Vembanad,T-Inl_V-Vem_15px_2026-07-21,15,inner,1,0.31182112360451547,0.37722937430773346,0.8481518626213074,0.8389830589294434,0.8939051628112793,0.7904191613197327,0.9361256957054138,0.8718306422233582,0.8716304898262024,0.8666448593139648,0.8766738176345825,0.9400333762168884
588,Inle,Vembanad,T-Inl_V-Vem_15px_2026-07-21,15,inner,2,0.2116718775426685,0.2065486027435823,0.957042932510376,0.9580078125,0.937858521938324,0.9790419340133667,0.9848941564559937,0.9242635369300842,0.9247452020645142,0.9123230576515198,0.9375103116035461,0.9706084132194519
589,Inle,Vembanad,T-Inl_V-Vem_15px_2026-07-21,15,inner,3,0.18179365638327127,0.3048153498194196,0.8761239051818848,0.8631346821784973,0.9654321074485779,0.7804391384124756,0.9738044142723083,0.9335357546806335,0.9337152242660522,0.9244855046272278,0.9431310892105103,0.9784889221191406
590,Inle,Vembanad,T-Inl_V-Vem_15px_2026-07-21,15,inner,4,0.16819265686312407,0.1472903332420877,0.9490509629249573,0.9487951993942261,0.9545454382896423,0.9431137442588806,0.9859670996665955,0.9378025531768799,0.9377464056015015,0.9317773580551147,0.9437923431396484,0.9815694093704224
591,Inle,Vembanad,T-Inl_V-Vem_15px_2026-07-21,15,inner,5,0.15662703307852474,0.11053772881016745,0.9675324559211731,0.9681528806686401,0.9509143233299255,0.9860279560089111,0.9918652772903442,0.9434643387794495,0.9435014128684998,0.9360559582710266,0.9510663151741028,0.9838536381721497
592,Inle,Vembanad,T-Inl_V-Vem_15px_2026-07-21,15,inner,6,0.1285453560467358,0.11731490948340752,0.9615384340286255,0.961403489112854,0.965760350227356,0.9570858478546143,0.9910459518432617,0.9540494084358215,0.9539852142333984,0.9483744502067566,0.9596627354621887,0.9889479875564575
593,Inle,Vembanad,T-Inl_V-Vem_15px_2026-07-21,15,inner,7,0.12130117498058833,0.09853596706966777,0.9685314893722534,0.9688273072242737,0.9607458114624023,0.9770458936691284,0.9928094148635864,0.9554443359375,0.9552755355834961,0.9519041180610657,0.9586708545684814,0.9902227520942688
594,Inle,Vembanad,T-Inl_V-Vem_15px_2026-07-21,15,inner,8,0.1187632638929592,0.11826980607463168,0.9605394601821899,0.9605591893196106,0.9610389471054077,0.9600798487663269,0.990409255027771,0.9578239321708679,0.9576885104179382,0.9537628889083862,0.961646556854248,0.9905668497085571
595,Inle,Vembanad,T-Inl_V-Vem_15px_2026-07-21,15,inner,9,0.11081308425096391,0.13309683706555572,0.953046977519989,0.9535113573074341,0.9450980424880981,0.9620758295059204,0.9874311685562134,0.9601214528083801,0.9599406719207764,0.9572579264640808,0.9626384377479553,0.9917168021202087
596,Inle,Vembanad,T-Inl_V-Vem_15px_2026-07-21,15,inner,10,0.11021744819221813,0.10562852094997535,0.9675324559211731,0.9678376913070679,0.9597644805908203,0.976047933101654,0.9910030364990234,0.9594650268554688,0.9594084024429321,0.9537657499313354,0.9651182293891907,0.9919265508651733
597,Inle,Vembanad,T-Inl_V-Vem_15px_2026-07-21,15,inner,11,0.09543343299369068,0.11499786731246468,0.9600399732589722,0.9604743123054504,0.951076328754425,0.970059871673584,0.9909700751304626,0.965290904045105,0.9651134014129639,0.9629690647125244,0.9672673344612122,0.9938563108444214
598,Inle,Vembanad,T-Inl_V-Vem_15px_2026-07-21,15,inner,12,0.0928705816948943,0.1469142655958305,0.9505494236946106,0.9505247473716736,0.9519519805908203,0.9491018056869507,0.9862689971923828,0.9677525162696838,0.9676463603973389,0.9637585878372192,0.9715655446052551,0.9940643906593323
599,Inle,Vembanad,T-Inl_V-Vem_15px_2026-07-21,15,inner,13,0.08970924304166869,0.12024776881689077,0.9565434455871582,0.9569093585014343,0.9498525261878967,0.9640718698501587,0.989936113357544,0.9675884246826172,0.9674870371818542,0.9634426236152649,0.9715655446052551,0.9945740699768066
600,Inle,Vembanad,T-Inl_V-Vem_15px_2026-07-21,15,inner,14,0.08663798790280476,0.11092311164715907,0.9645354747772217,0.9645885229110718,0.9641076922416687,0.9650698900222778,0.9910069704055786,0.9683269262313843,0.9682095050811768,0.9647136330604553,0.9717308878898621,0.9949926137924194
601,Inle,Vembanad,T-Inl_V-Vem_15px_2026-07-21,15,inner,15,0.08682572712281618,0.12686629825598233,0.9575424790382385,0.9582309722900391,0.9438528418540955,0.9730538725852966,0.9893902540206909,0.9681627750396729,0.9680395126342773,0.9647020101547241,0.971400260925293,0.9948926568031311
602,Inle,Vembanad,T-Inl_V-Vem_15px_2026-07-21,15,inner,16,0.07535419737197391,0.11236211769171171,0.9605394601821899,0.9606769680976868,0.9582919478416443,0.9630738496780396,0.9911068677902222,0.9730040431022644,0.9728972911834717,0.9696223139762878,0.976194441318512,0.9960684776306152
603,Inle,Vembanad,T-Inl_V-Vem_15px_2026-07-21,15,inner,17,0.07479055026203608,0.10721390729362552,0.9630369544029236,0.9632206559181213,0.9594059586524963,0.9670658707618713,0.9908827543258667,0.972839891910553,0.9727280139923096,0.9696123600006104,0.9758637547492981,0.99623042345047
604,Inle,Valsequillo,T-Inl_V-Val_15px_2026-07-21,15,inner,1,0.3260435599664159,0.2365617575598698,0.904411792755127,0.9078885316848755,0.8760254979133606,0.9421568512916565,0.9696203470230103,0.8704420328140259,0.8698097467422485,0.8677999377250671,0.8718289136886597,0.934504508972168
605,Inle,Valsequillo,T-Inl_V-Val_15px_2026-07-21,15,inner,2,0.2105917494570201,0.16975661086685517,0.9397059082984924,0.9409505724906921,0.9219191074371338,0.9607843160629272,0.9804027080535889,0.9242736101150513,0.9245901703834534,0.9142486453056335,0.9351683259010315,0.9714069366455078
606,Inle,Valsequillo,T-Inl_V-Val_15px_2026-07-21,15,inner,3,0.18843252511880693,0.23477607649915358,0.9151960611343384,0.9141439199447632,0.925628125667572,0.9029411673545837,0.9649971723556519,0.9309408068656921,0.9311561584472656,0.9217023849487305,0.9408058524131775,0.9770321249961853
607,Inle,Valsequillo,T-Inl_V-Val_15px_2026-07-21,15,inner,4,0.16823277859611663,0.20273793827669292,0.9279412031173706,0.9295639395713806,0.9090909361839294,0.9509803652763367,0.9752229452133179,0.9395834803581238,0.939657986164093,0.9318441152572632,0.9476040601730347,0.9815828800201416
608,Inle,Valsequillo,T-Inl_V-Val_15px_2026-07-21,15,inner,5,0.15115351592776158,0.22106276397027222,0.9196078181266785,0.9176706671714783,0.9403291940689087,0.8960784077644348,0.9697673320770264,0.9449337124824524,0.9447518587112427,0.9410990476608276,0.9484331011772156,0.9852238297462463
609,Inle,Valsequillo,T-Inl_V-Val_15px_2026-07-21,15,inner,6,0.12724927038810452,0.18754721938029809,0.927450954914093,0.9262213110923767,0.9421906471252441,0.9107843041419983,0.9788802862167358,0.9539879560470581,0.9537978172302246,0.9508898854255676,0.9567235708236694,0.9890666007995605
610,Inle,Valsequillo,T-Inl_V-Val_15px_2026-07-21,15,inner,7,0.12144362989036386,0.2030003519180943,0.9333333373069763,0.93359375,0.929961085319519,0.9372549057006836,0.9694145917892456,0.9562103748321533,0.955974817276001,0.9542375802993774,0.9577184319496155,0.9899681806564331
611,Inle,Valsequillo,T-Inl_V-Val_15px_2026-07-21,15,inner,8,0.11681004951548032,0.15863723074104272,0.9495097994804382,0.9502174854278564,0.9370829463005066,0.9637255072593689,0.9814475774765015,0.9572804570198059,0.9571817517280579,0.952545166015625,0.9618636965751648,0.9909886717796326
612,Inle,Valsequillo,T-Inl_V-Val_15px_2026-07-21,15,inner,9,0.11259430294390499,0.16422044821813994,0.945588231086731,0.9463508725166321,0.9332697987556458,0.9598039388656616,0.9802557229995728,0.9585974216461182,0.9584674835205078,0.9546052813529968,0.9623611569404602,0.9913491010665894
613,Inle,Valsequillo,T-Inl_V-Val_15px_2026-07-21,15,inner,10,0.11449570022109448,0.16422130618171366,0.9544117450714111,0.9550941586494446,0.9410085678100586,0.9696078300476074,0.976790189743042,0.9573627710342407,0.9571617841720581,0.9547929167747498,0.9595423936843872,0.9911595582962036
614,Inle,Valsequillo,T-Inl_V-Val_15px_2026-07-21,15,inner,11,0.09901255373172636,0.1711527611220292,0.9509803652763367,0.9512194991111755,0.946601927280426,0.9558823704719543,0.9795742034912109,0.964276909828186,0.9640787839889526,0.9624855518341064,0.9656773209571838,0.9933673739433289
615,Inle,Valsequillo,T-Inl_V-Val_15px_2026-07-21,15,inner,12,0.08874888588974178,0.21753550765707214,0.9367647171020508,0.9364218711853027,0.9415262341499329,0.9313725233078003,0.9721924066543579,0.9684747457504272,0.968407154083252,0.9635587930679321,0.9733045697212219,0.9944453239440918
616,Inle,Valsequillo,T-Inl_V-Val_15px_2026-07-21,15,inner,13,0.09140205307133022,0.15977687601219207,0.9612745046615601,0.961706280708313,0.951102614402771,0.9725490212440491,0.9785111546516418,0.9682278633117676,0.968146562576294,0.9636931419372559,0.9726413488388062,0.9941095113754272
617,Inle,Valsequillo,T-Inl_V-Val_15px_2026-07-21,15,inner,14,0.08608727696790883,0.18473591624448696,0.9485294222831726,0.9489547610282898,0.9411764740943909,0.95686274766922,0.9753797054290771,0.9692978858947754,0.9692066311836243,0.9651430249214172,0.9733045697212219,0.9948851466178894
618,Inle,Valsequillo,T-Inl_V-Val_15px_2026-07-21,15,inner,15,0.09059794657916648,0.18710269009804023,0.9563725590705872,0.9568589329719543,0.9463087320327759,0.9676470756530762,0.97306227684021,0.9673224091529846,0.9672523140907288,0.9624097347259521,0.9721439480781555,0.9941966533660889
619,Inle,Valsequillo,T-Inl_V-Val_15px_2026-07-21,15,inner,16,0.08206364514222017,0.18192817144388077,0.95686274766922,0.9571149945259094,0.9515503644943237,0.9627450704574585,0.9749836921691895,0.9700387120246887,0.969917356967926,0.9668808579444885,0.9729729890823364,0.9953022003173828
620,Inle,Valsequillo,T-Inl_V-Val_15px_2026-07-21,15,inner,17,0.07637837329840001,0.21434170547507558,0.9485294222831726,0.9494949579238892,0.9320113062858582,0.9676470756530762,0.9680353403091431,0.972754955291748,0.9726830124855042,0.9682878851890564,0.977118194103241,0.9959110021591187
621,Inle,Valsequillo,T-Inl_V-Val_15px_2026-07-21,15,inner,18,0.0767392610432101,0.20293644650601872,0.9524509906768799,0.952843964099884,0.9450337290763855,0.9607843160629272,0.9723548889160156,0.9719318747520447,0.9718391299247742,0.9680815935134888,0.9756259322166443,0.9959060549736023
622,Inle,RawaPening,T-Inl_V-Raw_15px_2026-07-21,15,inner,1,0.32340152622188706,0.18449906938589297,0.9400599598884583,0.9424183964729309,0.9075785875320435,0.9800398945808411,0.9781247973442078,0.8676458597183228,0.8669909834861755,0.8649226427078247,0.8690692782402039,0.9358632564544678
623,Inle,RawaPening,T-Inl_V-Raw_15px_2026-07-21,15,inner,2,0.21840672415412263,0.21528566382326683,0.9235764145851135,0.9276595711708069,0.8814015984535217,0.9790419340133667,0.977921187877655,0.9202429056167603,0.920730710029602,0.9085788130760193,0.9332121014595032,0.9692723751068115
624,Inle,RawaPening,T-Inl_V-Raw_15px_2026-07-21,15,inner,3,0.1879611720175194,0.1458438632416201,0.9485514760017395,0.9485257267951965,0.9499499201774597,0.9471057653427124,0.9880499243736267,0.9327972531318665,0.933246374130249,0.9204180240631104,0.946437418460846,0.9767856597900391
625,Inle,RawaPening,T-Inl_V-Raw_15px_2026-07-21,15,inner,4,0.1626872464065635,0.14432258970968492,0.9465534687042236,0.9467926621437073,0.9435084462165833,0.9500998258590698,0.9869210720062256,0.9411668181419373,0.9412536025047302,0.9330734014511108,0.9495784640312195,0.9825744032859802
626,Inle,RawaPening,T-Inl_V-Raw_15px_2026-07-21,15,inner,5,0.15677720891291744,0.1552403455843905,0.9420579671859741,0.942345917224884,0.9386138319969177,0.946107804775238,0.9851517081260681,0.9406744837760925,0.9406355023384094,0.9344208836555481,0.946933388710022,0.9840807914733887
627,Inle,RawaPening,T-Inl_V-Raw_15px_2026-07-21,15,inner,6,0.12450992698348888,0.1713855282871516,0.9305694103240967,0.931962788105011,0.9145053029060364,0.9500998258590698,0.9841277599334717,0.9554443359375,0.955371081829071,0.9499836564064026,0.9608199596405029,0.9896528720855713
628,Inle,RawaPening,T-Inl_V-Raw_15px_2026-07-21,15,inner,7,0.11813948975217697,0.14507137728737785,0.9445554614067078,0.9448035955429077,0.9415262341499329,0.9481037855148315,0.9868193864822388,0.9579059481620789,0.9578437209129333,0.9522875547409058,0.9634650349617004,0.9904425144195557
629,Inle,RawaPening,T-Inl_V-Raw_15px_2026-07-21,15,inner,8,0.11485884925823582,0.1581333327962162,0.9410589337348938,0.940643846988678,0.9482758641242981,0.9331337213516235,0.9845908284187317,0.9577418565750122,0.957644522190094,0.9528641700744629,0.9624731540679932,0.9913372993469238
630,Inle,RawaPening,T-Inl_V-Raw_15px_2026-07-21,15,inner,9,0.11618813702136173,0.12105168065486047,0.9585414528846741,0.9584376811981201,0.9618090391159058,0.955089807510376,0.9897974133491516,0.9561828374862671,0.9559696316719055,0.9536107778549194,0.9583402276039124,0.9911448359489441
631,Inle,RawaPening,T-Inl_V-Raw_15px_2026-07-21,15,inner,10,0.11103518624746683,0.13973898551967387,0.9545454382896423,0.9557177424430847,0.9325736165046692,0.9800398945808411,0.9870468974113464,0.9583982825279236,0.9582269191741943,0.9551576972007751,0.961315929889679,0.9920215606689453
632,Inle,RawaPening,T-Inl_V-Raw_15px_2026-07-21,15,inner,11,0.0940065033238036,0.1434915751031787,0.9500499367713928,0.9500998258590698,0.9500998258590698,0.9500998258590698,0.9862635135650635,0.9658652544021606,0.9657500386238098,0.9619485139846802,0.9695817232131958,0.9942176342010498
633,Inle,RawaPening,T-Inl_V-Raw_15px_2026-07-21,15,inner,12,0.0892053169693608,0.1186563251288859,0.9630369544029236,0.9634025692939758,0.954901933670044,0.9720559120178223,0.9907903671264648,0.9675884246826172,0.9673904180526733,0.9661939144134521,0.9685898423194885,0.9946001172065735
634,Inle,RawaPening,T-Inl_V-Raw_15px_2026-07-21,15,inner,13,0.08823828212962703,0.12590662782153972,0.9560439586639404,0.9566929340362549,0.9436893463134766,0.970059871673584,0.9900792837142944,0.968819260597229,0.9687448740005493,0.9639875888824463,0.9735493659973145,0.9946774840354919
635,Inle,RawaPening,T-Inl_V-Raw_15px_2026-07-21,15,inner,14,0.08911420682343836,0.12268413268271591,0.9590409398078918,0.9594460725784302,0.9509803652763367,0.9680638909339905,0.9893363118171692,0.9679986834526062,0.9678005576133728,0.9666831493377686,0.9689204692840576,0.9946662187576294
636,Inle,RawaPening,T-Inl_V-Raw_15px_2026-07-21,15,inner,15,0.08416205405384422,0.18054364993610048,0.9370629191398621,0.936170220375061,0.9506173133850098,0.9221556782722473,0.9824870228767395,0.9698038697242737,0.9696570038795471,0.9672643542289734,0.9720615148544312,0.9954047203063965
637,Inle,RawaPening,T-Inl_V-Raw_15px_2026-07-21,15,inner,16,0.07776084461147698,0.13911536386558465,0.9555444717407227,0.9557434320449829,0.9524281620979309,0.9590818285942078,0.9881177544593811,0.9709526300430298,0.9708449840545654,0.9673395752906799,0.9743759036064148,0.9958741664886475
638,Inle,RawaPening,T-Inl_V-Raw_15px_2026-07-21,15,inner,17,0.07592950729894571,0.12777518161426443,0.9580419659614563,0.9585390090942383,0.9482421875,0.9690618515014648,0.9891417026519775,0.9716091156005859,0.9715132713317871,0.967689037322998,0.9753678441047668,0.9961345791816711
639,Inle,RawaPening,T-Inl_V-Raw_15px_2026-07-21,15,inner,18,0.0716466744165723,0.15181556963115245,0.9520479440689087,0.9527093768119812,0.9406614899635315,0.9650698900222778,0.9867784380912781,0.9730040431022644,0.9728704690933228,0.9705495238304138,0.9752025008201599,0.9966718554496765
640,Inle,RawaPening,T-Inl_V-Raw_15px_2026-07-21,15,inner,19,0.07434963398436736,0.14435790774605975,0.9540459513664246,0.9544554352760315,0.9469547867774963,0.9620758295059204,0.9876666069030762,0.972019374370575,0.9718948602676392,0.9690992832183838,0.9747065901756287,0.9962504506111145
641,Inle,RawaPening,T-Inl_V-Raw_15px_2026-07-21,15,inner,20,0.07546347151343441,0.13556625779353446,0.9545454382896423,0.9548835158348083,0.9487684965133667,0.961077868938446,0.9884351491928101,0.9730040431022644,0.9728615283966064,0.9708594083786011,0.9748718738555908,0.9960757493972778
642,Inle,RawaPening,T-Inl_V-Raw_15px_2026-07-21,15,inner,21,0.06881482467511392,0.11777569445247364,0.9605394601821899,0.9607940316200256,0.9555774927139282,0.9660678505897522,0.990992546081543,0.9745630621910095,0.9744393229484558,0.9720348715782166,0.9768556952476501,0.996829628944397
643,Inle,RawaPening,T-Inl_V-Raw_15px_2026-07-21,15,inner,22,0.06572633070235884,0.13620521153158674,0.9580419659614563,0.9584158658981323,0.9508841037750244,0.9660678505897522,0.9886022806167603,0.9772708415985107,0.9771809577941895,0.9738916158676147,0.9804926514625549,0.9970158338546753
644,Inle,RawaPening,T-Inl_V-Raw_15px_2026-07-21,15,inner,23,0.06582227048968564,0.13278187420005194,0.9580419659614563,0.9583333134651184,0.9526627063751221,0.9640718698501587,0.9895005226135254,0.976368248462677,0.9762454628944397,0.974156379699707,0.9783435463905334,0.9971321821212769
645,Inle,RawaPening,T-Inl_V-Raw_15px_2026-07-21,15,inner,24,0.0654098452912917,0.14178949998194848,0.9580419659614563,0.9580419659614563,0.9589999914169312,0.9570858478546143,0.9881666302680969,0.9750553965568542,0.974917471408844,0.9731510281562805,0.9766903519630432,0.9970213174819946
646,Inle,RawaPening,T-Inl_V-Raw_15px_2026-07-21,15,inner,25,0.06682839684687843,0.13912682545503469,0.9560439586639404,0.9563924670219421,0.9498031735420227,0.9630738496780396,0.9886886477470398,0.9761220812797546,0.9760118722915649,0.973363995552063,0.9786741733551025,0.9969639182090759
647,Inle,RawaPening,T-Inl_V-Raw_15px_2026-07-21,15,inner,26,0.060231190662679145,0.13626657796746397,0.9590409398078918,0.9591633677482605,0.9572564363479614,0.961077868938446,0.9889470934867859,0.9789119362831116,0.9788110852241516,0.9763157963752747,0.9813192486763,0.9975364208221436
648,Inle,RawaPening,T-Inl_V-Raw_15px_2026-07-21,15,inner,27,0.06454684678258796,0.13861993921606183,0.9595404863357544,0.9596412777900696,0.9582089781761169,0.961077868938446,0.9885179400444031,0.975957989692688,0.9758629202842712,0.9725779891014099,0.9791700839996338,0.9972268342971802
649,Inle,RawaPening,T-Inl_V-Raw_15px_2026-07-21,15,inner,28,0.061899944156062287,0.13230048245810844,0.9610389471054077,0.9612711071968079,0.95652174949646,0.9660678505897522,0.988985538482666,0.9781734347343445,0.9780491590499878,0.9764376282691956,0.9796660542488098,0.9973407983779907
650,Inle,RawaPening,T-Inl_V-Raw_15px_2026-07-21,15,inner,29,0.05953127027959147,0.1418447442842158,0.9595404863357544,0.9596009850502014,0.9591226577758789,0.9600798487663269,0.9884271621704102,0.9791581034660339,0.9790774583816528,0.9757018685340881,0.9824764132499695,0.9975162744522095
651,Inle,RawaPening,T-Inl_V-Raw_15px_2026-07-21,15,inner,30,0.05950287486702177,0.1310711103923187,0.9610389471054077,0.961309552192688,0.9556213021278381,0.9670658707618713,0.989469051361084,0.979076087474823,0.9789621233940125,0.9771080613136292,0.980823278427124,0.9976040124893188
652,Inle,RawaPening,T-Inl_V-Raw_15px_2026-07-21,15,inner,31,0.06103744631772399,0.13128619019191462,0.9585414528846741,0.9589717984199524,0.9500489830970764,0.9680638909339905,0.9895608425140381,0.9776811599731445,0.9775947332382202,0.9742242693901062,0.980988621711731,0.9974871873855591
653,Inle,Winam,T-Inl_V-Win_15px_2026-07-21,15,inner,1,0.31760189962543556,0.4681015681371041,0.848924458026886,0.8615948557853699,0.7952622771263123,0.9399999976158142,0.8932352066040039,0.8749794960021973,0.873987078666687,0.874565601348877,0.8734093308448792,0.937671422958374
654,Inle,Winam,T-Inl_V-Win_15px_2026-07-21,15,inner,2,0.22333354224818372,0.522648440846341,0.7973986864089966,0.7676420211791992,0.9004037976264954,0.6690000295639038,0.9278779029846191,0.9198523163795471,0.9201862812042236,0.9098545908927917,0.9307552576065063,0.9672309756278992
655,Inle,Winam,T-Inl_V-Win_15px_2026-07-21,15,inner,3,0.17662325391914144,0.3441010600421097,0.8979489803314209,0.8981019258499146,0.8972055912017822,0.8989999890327454,0.9453403353691101,0.9382280707359314,0.9385456442832947,0.9271202683448792,0.9502561688423157,0.9787055253982544
656,Inle,Winam,T-Inl_V-Win_15px_2026-07-21,15,inner,4,0.163895619696677,0.2934202855083485,0.8914456963539124,0.8903486728668213,0.8998978734016418,0.8809999823570251,0.9588869214057922,0.9406890869140625,0.9407619833946228,0.9328891634941101,0.9487687945365906,0.9818278551101685
657,Inle,Winam,T-Inl_V-Win_15px_2026-07-21,15,inner,5,0.14954552085821113,0.36246494703623083,0.848924458026886,0.8395324349403381,0.8956916332244873,0.7900000214576721,0.9422382116317749,0.9485644102096558,0.9485433101654053,0.9421258568763733,0.9550487399101257,0.9848012924194336
658,Inle,Winam,T-Inl_V-Win_15px_2026-07-21,15,inner,6,0.12149873504001063,0.36088552140542074,0.8904452323913574,0.8905547261238098,0.8901098966598511,0.890999972820282,0.9455045461654663,0.9578343033790588,0.9578135013580322,0.9514104127883911,0.9643034338951111,0.9896649718284607
659,Inle,Winam,T-Inl_V-Win_15px_2026-07-21,15,inner,7,0.11461320460038267,0.4678508040866626,0.8669334650039673,0.8595564961433411,0.9105145335197449,0.8140000104904175,0.9501731991767883,0.9595569968223572,0.9595271348953247,0.9533442258834839,0.9657907485961914,0.9906165599822998
660,Inle,Winam,T-Inl_V-Win_15px_2026-07-21,15,inner,8,0.1088765088325157,0.3733359728085279,0.8674337267875671,0.8598625063896179,0.9124578833580017,0.8130000233650208,0.9573613405227661,0.9620180726051331,0.9618772864341736,0.9584837555885315,0.9652950167655945,0.9918586611747742
661,Inle,Winam,T-Inl_V-Win_15px_2026-07-21,15,inner,9,0.11039320218046,0.38069449946577016,0.8694347143173218,0.8634222745895386,0.9055982232093811,0.824999988079071,0.9527828097343445,0.9626743197441101,0.9625729918479919,0.9582378268241882,0.966947615146637,0.9912596940994263
662,Inle,Winam,T-Inl_V-Win_15px_2026-07-21,15,inner,10,0.10662202579110641,0.436161302026403,0.8719359636306763,0.8674948215484619,0.8991416096687317,0.8379999995231628,0.9413033127784729,0.962756335735321,0.9626951813697815,0.9573459625244141,0.9681044220924377,0.9920980334281921
663,Inle,Winam,T-Inl_V-Win_15px_2026-07-21,15,inner,11,0.08736378062543955,0.5092907768747359,0.8464232087135315,0.8308539986610413,0.925153374671936,0.7540000081062317,0.9526827335357666,0.9688268899917603,0.9687088131904602,0.9653701186180115,0.9720707535743713,0.9945451021194458
664,Inle,Winam,T-Inl_V-Win_15px_2026-07-21,15,inner,12,0.08574200997203955,0.409786165588076,0.8709354400634766,0.8626198172569275,0.9225512742996216,0.8100000023841858,0.9571466445922852,0.9702215194702148,0.9701012969017029,0.9669950604438782,0.9732275605201721,0.9947951436042786
665,Inle,Winam,T-Inl_V-Win_15px_2026-07-21,15,inner,13,0.08347746309586682,0.4453706093479249,0.8694347143173218,0.8597528338432312,0.9291521310806274,0.800000011920929,0.9605885744094849,0.9712058901786804,0.9710991978645325,0.967673122882843,0.9745496511459351,0.9949342012405396
666,Inle,Winam,T-Inl_V-Win_15px_2026-07-21,15,inner,14,0.08060415107527652,0.4729050227803148,0.8744372129440308,0.8665603399276733,0.9250851273536682,0.8149999976158142,0.9513283967971802,0.9721083045005798,0.9719933867454529,0.9689604043960571,0.9750454425811768,0.9953080415725708
667,Inle,,Test_Inl_outer_15px_2026-07-21,15,outer,1,0.3222857563669044,,,,,,,0.8727887868881226,0.8730928897857666,0.8657278418540955,0.8805842995643616,0.9351500272750854
668,Inle,,Test_Inl_outer_15px_2026-07-21,15,outer,2,0.21482344976342063,,,,,,,0.9206427335739136,0.9214674234390259,0.906545877456665,0.9368883967399597,0.9698072671890259
669,Inle,,Test_Inl_outer_15px_2026-07-21,15,outer,3,0.1848564283507883,,,,,,,0.9347381591796875,0.9351177215576172,0.9241102337837219,0.9463905692100525,0.9773256778717041
670,Inle,,Test_Inl_outer_15px_2026-07-21,15,outer,4,0.15887619087241384,,,,,,,0.9431249499320984,0.9433246850967407,0.9343349933624268,0.9524890184402466,0.9832005500793457
671,Inle,,Test_Inl_outer_15px_2026-07-21,15,outer,5,0.14288321663626524,,,,,,,0.9493269324302673,0.9492840766906738,0.9442884922027588,0.954332709312439,0.9862314462661743
672,Inle,,Test_Inl_outer_15px_2026-07-21,15,outer,6,0.12643152657565207,,,,,,,0.9556698799133301,0.9555508494377136,0.952253520488739,0.958871066570282,0.9892253279685974
673,Inle,,Test_Inl_outer_15px_2026-07-21,15,outer,7,0.11921014632554225,,,,,,,0.9582775235176086,0.9581270217895508,0.9556935429573059,0.9605729579925537,0.9903329610824585
674,Inle,,Test_Inl_outer_15px_2026-07-21,15,outer,8,0.11509239059095193,,,,,,,0.959193766117096,0.9591072797775269,0.9552616477012634,0.9629839658737183,0.9909272193908691
675,Vembanad,Hartbeespoort,T-Vem_V-Har_15px_2026-07-21,15,inner,1,0.36253637210521517,0.4637231546652129,0.8075787425041199,0.7799662351608276,0.8941935300827026,0.6916167736053467,0.8465069532394409,0.8434389233589172,0.8418253064155579,0.846256673336029,0.8374400734901428,0.9188265204429626
676,Vembanad,Hartbeespoort,T-Vem_V-Har_15px_2026-07-21,15,inner,2,0.23799696913573634,0.26630983026478233,0.913385808467865,0.9108409285545349,0.9248971343040466,0.8972055912017822,0.9571236371994019,0.9116412997245789,0.9117792248725891,0.9058266878128052,0.9178104996681213,0.9645527601242065
677,Vembanad,Hartbeespoort,T-Vem_V-Har_15px_2026-07-21,15,inner,3,0.2030052886044523,0.3038817191364493,0.8828740119934082,0.8797979950904846,0.8905930519104004,0.8692615032196045,0.9481716156005859,0.9281777143478394,0.9283310174942017,0.921747624874115,0.9350091218948364,0.9733412265777588
678,Vembanad,Hartbeespoort,T-Vem_V-Har_15px_2026-07-21,15,inner,4,0.17664519635089285,0.31069424067895246,0.8873031735420227,0.8745205402374268,0.969623327255249,0.796407163143158,0.9646764993667603,0.9341011643409729,0.9342742562294006,0.9271987080574036,0.9414585828781128,0.980073869228363
679,Vembanad,Hartbeespoort,T-Vem_V-Har_15px_2026-07-21,15,inner,5,0.16221037474692676,0.48574574175840757,0.8188976645469666,0.7840375304222107,0.9515669345855713,0.6666666865348816,0.9170241951942444,0.9404360055923462,0.9405485391616821,0.9341053366661072,0.9470812082290649,0.9832409024238586
680,Vembanad,Hartbeespoort,T-Vem_V-Har_15px_2026-07-21,15,inner,6,0.1371360359234557,0.27888227761613105,0.8779527544975281,0.8614525198936462,0.9784263968467712,0.7694610953330994,0.9812568426132202,0.948580801486969,0.9486231207847595,0.943118691444397,0.9541921615600586,0.9878668189048767
681,Vembanad,Hartbeespoort,T-Vem_V-Har_15px_2026-07-21,15,inner,7,0.12876093769848274,0.2296293211851533,0.9281495809555054,0.9228329658508301,0.9808988571166992,0.871257483959198,0.9720423221588135,0.9538461565971375,0.953815758228302,0.9496721029281616,0.9579957127571106,0.9890621900558472
682,Vembanad,Hartbeespoort,T-Vem_V-Har_15px_2026-07-21,15,inner,8,0.12837666100935405,0.17019104256522,0.9429134130477905,0.9397715330123901,0.9794372320175171,0.9031935930252075,0.9876586198806763,0.9522830247879028,0.9521925449371338,0.9492194056510925,0.9551844000816345,0.9892524480819702
683,Vembanad,Hartbeespoort,T-Vem_V-Har_15px_2026-07-21,15,inner,9,0.11713723598047325,0.21718754626693218,0.915354311466217,0.9087048768997192,0.9705215692520142,0.8542914390563965,0.9788161516189575,0.9597696661949158,0.9596101641654968,0.9585808515548706,0.960641622543335,0.990922749042511
684,Vembanad,Hartbeespoort,T-Vem_V-Har_15px_2026-07-21,15,inner,10,0.1188980322872131,0.3097948826204135,0.8966535329818726,0.8864864706993103,0.9669811129570007,0.8183632493019104,0.9694136381149292,0.955244779586792,0.9550784230232239,0.9538182616233826,0.9563419818878174,0.9908012747764587
685,Vembanad,Hartbeespoort,T-Vem_V-Har_15px_2026-07-21,15,inner,11,0.10464763514106042,0.31802858941726325,0.8828740119934082,0.8689427375793457,0.9692874550819397,0.78742516040802,0.9687479138374329,0.9632250070571899,0.9631401300430298,0.9605262875556946,0.9657681584358215,0.9925884008407593
686,Vembanad,Hartbeespoort,T-Vem_V-Har_15px_2026-07-21,15,inner,12,0.09925872919761512,0.2921930210386205,0.8912401795387268,0.8796951770782471,0.9676646590232849,0.8063872456550598,0.9709445238113403,0.9635540843009949,0.9633975028991699,0.9626816511154175,0.9641144275665283,0.9934963583946228
687,Vembanad,Hartbeespoort,T-Vem_V-Har_15px_2026-07-21,15,inner,13,0.09650983089302999,0.4343256505103562,0.8479330539703369,0.8206616640090942,0.9805825352668762,0.7055888175964355,0.9662654995918274,0.9661045074462891,0.9659785032272339,0.9647039175033569,0.967256486415863,0.9936752319335938
688,Vembanad,Hartbeespoort,T-Vem_V-Har_15px_2026-07-21,15,inner,14,0.09468442502855666,0.4975860338276765,0.8390747904777527,0.8099941611289978,0.9694019556045532,0.6956087946891785,0.9580441117286682,0.9650349617004395,0.9648905396461487,0.9640145301818848,0.9657681584358215,0.993945837020874
689,Vembanad,Hartbeespoort,T-Vem_V-Har_15px_2026-07-21,15,inner,15,0.08863674415722152,0.3283430957418727,0.8882874250411987,0.8757526278495789,0.9696969985961914,0.7984032034873962,0.9619053602218628,0.9682435393333435,0.968214750289917,0.9642447233200073,0.9722176194190979,0.9946978092193604
690,Vembanad,Hartbeespoort,T-Vem_V-Har_15px_2026-07-21,15,inner,16,0.08669065359760733,0.37508939907658756,0.876968502998352,0.8604910969734192,0.9759493470191956,0.7694610953330994,0.9664350748062134,0.9682435393333435,0.968114972114563,0.9671562910079956,0.9690755605697632,0.9950650930404663
691,Vembanad,Hartbeespoort,T-Vem_V-Har_15px_2026-07-21,15,inner,17,0.08451627951340634,0.351376482043562,0.8735235929489136,0.8553742170333862,0.9806451797485352,0.7584830522537231,0.9744733572006226,0.9691485166549683,0.9690772891044617,0.9664473533630371,0.9717215299606323,0.9953194260597229
692,Vembanad,Hartbeespoort,T-Vem_V-Har_15px_2026-07-21,15,inner,18,0.07710792622825875,0.5771018399849651,0.8430117964744568,0.8146426677703857,0.9749652147293091,0.6996008157730103,0.9502131938934326,0.9718634486198425,0.971763551235199,0.970321536064148,0.9732098579406738,0.9960585832595825
693,Vembanad,Rodman,T-Vem_V-Rod_15px_2026-07-21,15,inner,1,0.3171277174246856,0.6845019870126633,0.767384946346283,0.7732697129249573,0.7548928260803223,0.7925636172294617,0.861431360244751,0.8718814253807068,0.8692217469215393,0.8807699084281921,0.8579724431037903,0.9383057355880737
694,Vembanad,Rodman,T-Vem_V-Rod_15px_2026-07-21,15,inner,2,0.21564627050764523,0.5065262213743399,0.707149863243103,0.7734848260879517,0.6310259699821472,0.9990215301513672,0.9372001886367798,0.9216961860656738,0.9210853576660156,0.9213147163391113,0.9208561182022095,0.9705021381378174
695,Vembanad,Rodman,T-Vem_V-Rod_15px_2026-07-21,15,inner,3,0.17668916175717825,0.5583619088532875,0.8707149624824524,0.8795620203018188,0.8239316344261169,0.9432485103607178,0.9085966348648071,0.9390695691108704,0.9386096000671387,0.9386096000671387,0.9386096000671387,0.9792965650558472
696,Vembanad,Rodman,T-Vem_V-Rod_15px_2026-07-21,15,inner,4,0.16032713178059063,0.5589833135673745,0.8570029139518738,0.8721541166305542,0.7892234325408936,0.9745596647262573,0.9380966424942017,0.9412103891372681,0.9408548474311829,0.9394540786743164,0.9422598481178284,0.9832757711410522
697,Vembanad,Rodman,T-Vem_V-Rod_15px_2026-07-21,15,inner,5,0.15549725606368864,0.5399351997426861,0.8315377235412598,0.844343900680542,0.7853535413742065,0.912915825843811,0.9096221923828125,0.9452449679374695,0.9449001550674438,0.9437272548675537,0.946075975894928,0.9839366674423218
698,Vembanad,Rodman,T-Vem_V-Rod_15px_2026-07-21,15,inner,6,0.1290365287048697,0.38318024968307,0.9045053720474243,0.9115646481513977,0.8495351076126099,0.9833659529685974,0.9493755102157593,0.951914370059967,0.9517435431480408,0.9479835629463196,0.9555334448814392,0.9891132116317749
699,Vembanad,Rodman,T-Vem_V-Rod_15px_2026-07-21,15,inner,7,0.12237593466948953,0.5399694225452585,0.7414299845695496,0.7943925261497498,0.6597671508789062,0.9980430603027344,0.9684485197067261,0.9549608826637268,0.9548642635345459,0.9497702121734619,0.9600132703781128,0.9901826977729797
700,Vembanad,Rodman,T-Vem_V-Rod_15px_2026-07-21,15,inner,8,0.11361030129774846,0.4916779266909334,0.871204674243927,0.8834736347198486,0.8072874546051025,0.9755381345748901,0.9464040994644165,0.9591601490974426,0.9589675664901733,0.9562778472900391,0.9616724848747253,0.9909836053848267
701,Vembanad,Rodman,T-Vem_V-Rod_15px_2026-07-21,15,inner,9,0.10938072620184396,0.3219980268678049,0.9015671014785767,0.9079248905181885,0.8535745143890381,0.9696673154830933,0.9573798179626465,0.9610539078712463,0.9609058499336243,0.957345187664032,0.9644930958747864,0.9918777942657471
702,Vembanad,Rodman,T-Vem_V-Rod_15px_2026-07-21,15,inner,10,0.1131597120092454,0.48254337725863516,0.8633692264556885,0.8684582710266113,0.8380345702171326,0.9011741876602173,0.9448413848876953,0.9603952169418335,0.9602446556091309,0.9566864371299744,0.9638294577598572,0.9912540912628174
703,Vembanad,Rodman,T-Vem_V-Rod_15px_2026-07-21,15,inner,11,0.10276971160813388,0.28612896060091275,0.9069539904594421,0.9134001731872559,0.8549488186836243,0.980430543422699,0.9688644409179688,0.9627007246017456,0.9625650644302368,0.9588409662246704,0.9663182497024536,0.9928743839263916
704,Vembanad,Rodman,T-Vem_V-Rod_15px_2026-07-21,15,inner,12,0.0970516937598126,0.3864502620013991,0.8888344764709473,0.8968650698661804,0.8371501564979553,0.965753436088562,0.9452390670776367,0.9634417295455933,0.9633300304412842,0.9590528011322021,0.9676455855369568,0.9935513734817505
705,Vembanad,Rodman,T-Vem_V-Rod_15px_2026-07-21,15,inner,13,0.09197466369456055,0.3718124143231978,0.8898138999938965,0.8971193432807922,0.8420600891113281,0.9598825573921204,0.9447162747383118,0.9650884866714478,0.9649296998977661,0.9620649814605713,0.9678115248680115,0.9944595098495483
706,Vembanad,Rodman,T-Vem_V-Rod_15px_2026-07-21,15,inner,14,0.09320005074253834,0.3638479944745427,0.8868756294250488,0.894568681716919,0.8383233547210693,0.9589040875434875,0.9561001062393188,0.9657472372055054,0.9656141400337219,0.9621149897575378,0.9691388607025146,0.9940133094787598
707,Vembanad,Rodman,T-Vem_V-Rod_15px_2026-07-21,15,inner,15,0.08994956657124822,0.33925365420910336,0.9030362367630005,0.9100817441940308,0.8491525650024414,0.980430543422699,0.9642766118049622,0.965582549571991,0.9654602408409119,0.9616460800170898,0.9693048000335693,0.994401216506958
708,Vembanad,Rodman,T-Vem_V-Rod_15px_2026-07-21,15,inner,16,0.08390411024966103,0.3373077213472297,0.8824681639671326,0.8905109763145447,0.8341880440711975,0.9549902081489563,0.9602221846580505,0.9684643745422363,0.968344509601593,0.9647562503814697,0.9719595313072205,0.9950040578842163
709,Vembanad,Rodman,T-Vem_V-Rod_15px_2026-07-21,15,inner,17,0.0847557765340832,0.32620559389047127,0.8912830352783203,0.898444652557373,0.8436425924301147,0.9608610272407532,0.9530174732208252,0.9696171283721924,0.969546914100647,0.9645320177078247,0.9746142625808716,0.9949681758880615
710,Vembanad,Rodman,T-Vem_V-Rod_15px_2026-07-21,15,inner,18,0.07933247354097846,0.3364392314963663,0.9030362367630005,0.9099181294441223,0.8503401279449463,0.9784736037254333,0.9628683924674988,0.9721696376800537,0.9721075892448425,0.9670004844665527,0.9772689342498779,0.9956026077270508
711,Vembanad,Rodman,T-Vem_V-Rod_15px_2026-07-21,15,inner,19,0.08033286180268986,0.33147606057325607,0.8971596360206604,0.904805064201355,0.8429054021835327,0.976516604423523,0.9670681953430176,0.970028817653656,0.9699024558067322,0.9667051434516907,0.973120927810669,0.9954299926757812
712,Vembanad,Rodman,T-Vem_V-Rod_15px_2026-07-21,15,inner,20,0.07740109052835742,0.32453973042567963,0.9015671014785767,0.9076710939407349,0.8554112315177917,0.9667319059371948,0.9649980068206787,0.9721696376800537,0.9721260070800781,0.966387927532196,0.9779326319694519,0.9957817792892456
713,Vembanad,Rodman,T-Vem_V-Rod_15px_2026-07-21,15,inner,21,0.07595571109242108,0.3262463578631432,0.8917727470397949,0.8981097340583801,0.8491717576980591,0.9530332684516907,0.9555926322937012,0.9715108871459961,0.9714049696922302,0.9677259922027588,0.9751120209693909,0.9959593415260315
714,Vembanad,Mula,T-Vem_V-Mul_15px_2026-07-21,15,inner,1,0.3311718833899134,0.49751038659493435,0.7466216087341309,0.6696035265922546,0.9078498482704163,0.5304087996482849,0.9175084829330444,0.8643004298210144,0.8634324669837952,0.867323100566864,0.8595765829086304,0.9325034618377686
715,Vembanad,Mula,T-Vem_V-Mul_15px_2026-07-21,15,inner,2,0.20890037799688396,0.5042324829055536,0.7432432174682617,0.6666666865348816,0.8971332311630249,0.5304087996482849,0.9121867418289185,0.9254642724990845,0.9258316159248352,0.9195627570152283,0.9321865439414978,0.9720717668533325
716,Vembanad,Mula,T-Vem_V-Mul_15px_2026-07-21,15,inner,3,0.16431235124318994,0.7004772364863098,0.7229729890823364,0.6233595609664917,0.9117082357406616,0.4735792577266693,0.885383129119873,0.9435410499572754,0.9438700079917908,0.936644971370697,0.9512073993682861,0.981873631477356
717,Vembanad,Mula,T-Vem_V-Mul_15px_2026-07-21,15,inner,4,0.14282142746758472,0.5874870420652927,0.7644787430763245,0.6942355632781982,0.9342327117919922,0.55234295129776,0.9368629455566406,0.9490714073181152,0.949289083480835,0.9434732794761658,0.9551769495010376,0.9865013360977173
718,Vembanad,Mula,T-Vem_V-Mul_15px_2026-07-21,15,inner,5,0.13224122069662286,0.3910740339502865,0.837837815284729,0.8141592741012573,0.9142857193946838,0.733798623085022,0.9410804510116577,0.9518778324127197,0.952004611492157,0.9477134943008423,0.9563347697257996,0.9882442951202393
719,Vembanad,Mula,T-Vem_V-Mul_15px_2026-07-21,15,inner,6,0.11517475037549185,0.48934436488795924,0.75,0.6758447885513306,0.9075630307197571,0.5383848547935486,0.9299659729003906,0.9593066573143005,0.9595138430595398,0.9528625011444092,0.966258704662323,0.9909917712211609
720,Vembanad,Mula,T-Vem_V-Mul_15px_2026-07-21,15,inner,7,0.1036798400840531,0.31169366709974283,0.8880308866500854,0.8775079250335693,0.932659924030304,0.8285144567489624,0.9562100172042847,0.9626083374023438,0.962657630443573,0.9595727324485779,0.9657624959945679,0.9929291009902954
721,Vembanad,Mula,T-Vem_V-Mul_15px_2026-07-21,15,inner,8,0.09925343361070124,0.34983060195409194,0.86583012342453,0.8532207012176514,0.9068462252616882,0.8055832386016846,0.9453136920928955,0.9651671648025513,0.9652503132820129,0.9611347913742065,0.9694012403488159,0.9931732416152954
722,Vembanad,Mula,T-Vem_V-Mul_15px_2026-07-21,15,inner,9,0.10132958248005491,0.4929458154904796,0.7697876691818237,0.706822395324707,0.9214743375778198,0.5732801556587219,0.9368321895599365,0.9640941023826599,0.9641414284706116,0.9610517621040344,0.9672510623931885,0.9929571747779846
723,Vembanad,Mula,T-Vem_V-Mul_15px_2026-07-21,15,inner,10,0.09502577514803169,0.5191581181059933,0.7972972989082336,0.7472923994064331,0.9423368573188782,0.6191425919532776,0.9480398893356323,0.9650020599365234,0.9650395512580872,0.9621834754943848,0.9679126739501953,0.9939774870872498
724,Vembanad,Mula,T-Vem_V-Mul_15px_2026-07-21,15,inner,11,0.08104007142083584,0.3885117038135133,0.8431467413902283,0.8215266466140747,0.9144254326820374,0.7457627058029175,0.9513638615608215,0.9720181822776794,0.972036600112915,0.9695573449134827,0.9745286107063293,0.9952560663223267
725,Vembanad,Mula,T-Vem_V-Mul_15px_2026-07-21,15,inner,12,0.07814411650197692,0.3630484303596167,0.8663127422332764,0.8485510945320129,0.9394673109054565,0.7736789584159851,0.9552241563796997,0.9719356298446655,0.9719656705856323,0.9690890908241272,0.9748594164848328,0.9957056641578674
726,Vembanad,Mula,T-Vem_V-Mul_15px_2026-07-21,15,inner,13,0.07483421241110433,0.48307500500591566,0.7837837934494019,0.7301204800605774,0.922374427318573,0.6041874289512634,0.9421520233154297,0.9733388423919678,0.9733344316482544,0.9716498851776123,0.9750248193740845,0.9960919618606567
727,Vembanad,Mula,T-Vem_V-Mul_15px_2026-07-21,15,inner,14,0.07111377287048769,0.49415007856419185,0.7842664122581482,0.7289265990257263,0.9303405284881592,0.5992023944854736,0.9447299242019653,0.9744119048118591,0.9744055271148682,0.9727991819381714,0.97601717710495,0.9965012669563293
728,Vembanad,Mula,T-Vem_V-Mul_15px_2026-07-21,15,inner,15,0.06935248253540317,0.58598215455139,0.739382266998291,0.6502590775489807,0.9279112815856934,0.5004985332489014,0.9415905475616455,0.9736689925193787,0.9736733436584473,0.9716686010360718,0.9756864309310913,0.9965994358062744
729,Vembanad,Mula,T-Vem_V-Mul_15px_2026-07-21,15,inner,16,0.061132890554287195,0.6661617122015208,0.7326254844665527,0.6379085183143616,0.9259961843490601,0.48654037714004517,0.9379093647003174,0.9778786897659302,0.9779059886932373,0.9748520851135254,0.9809791445732117,0.9973047971725464
730,Vembanad,Mula,T-Vem_V-Mul_15px_2026-07-21,15,inner,17,0.06006521448320807,0.5123981891566722,0.7804054021835327,0.7254073619842529,0.9189602732658386,0.5992023944854736,0.9408435821533203,0.9794469475746155,0.9794875979423523,0.975709855556488,0.9832947254180908,0.9973918199539185
731,Vembanad,Inle,T-Vem_V-Inl_15px_2026-07-21,15,inner,1,0.3414000249629417,0.38898728728294374,0.8205000162124634,0.8191435933113098,0.8253806829452515,0.8130000233650208,0.9153850078582764,0.8657585978507996,0.8647710084915161,0.8647710084915161,0.8647710084915161,0.9277122020721436
732,Vembanad,Inle,T-Vem_V-Inl_15px_2026-07-21,15,inner,2,0.23786542692097978,0.22636976398527622,0.902999997138977,0.9053658246994019,0.883809506893158,0.9279999732971191,0.9710780382156372,0.9137605428695679,0.9145597815513611,0.899712085723877,0.9299057722091675,0.962588369846344
733,Vembanad,Inle,T-Vem_V-Inl_15px_2026-07-21,15,inner,3,0.20457430571608679,0.18938305604457856,0.925000011920929,0.9274661540985107,0.8979400992393494,0.9589999914169312,0.9813259840011597,0.9252482056617737,0.9258807301521301,0.9115667939186096,0.9406513571739197,0.9727293252944946
734,Vembanad,Inle,T-Vem_V-Inl_15px_2026-07-21,15,inner,4,0.18465037455734457,0.14878020341694356,0.9445000290870667,0.9462989568710327,0.916588544845581,0.9779999852180481,0.9896559715270996,0.9323049187660217,0.9325705170631409,0.9222437739372253,0.9431310892105103,0.9775041341781616
735,Vembanad,Inle,T-Vem_V-Inl_15px_2026-07-21,15,inner,5,0.1760574486386329,0.16386418440565467,0.9384999871253967,0.9387755393981934,0.9345887303352356,0.9430000185966492,0.9836350679397583,0.9343562722206116,0.9345763921737671,0.9247450828552246,0.9446189403533936,0.9803299903869629
736,Vembanad,Inle,T-Vem_V-Inl_15px_2026-07-21,15,inner,6,0.1466594850010953,0.1043181863669306,0.9629999995231628,0.9631840586662292,0.9584158658981323,0.9679999947547913,0.9925100207328796,0.9492902159690857,0.9492777585983276,0.9426242709159851,0.9560257792472839,0.9856849312782288
737,Vembanad,Inle,T-Vem_V-Inl_15px_2026-07-21,15,inner,7,0.14251704134803278,0.12364226613752544,0.9674999713897705,0.9676455855369568,0.9633300304412842,0.972000002861023,0.9878589510917664,0.9478132724761963,0.9478346705436707,0.9405827522277832,0.9551991820335388,0.9865932464599609
738,Vembanad,Inle,T-Vem_V-Inl_15px_2026-07-21,15,inner,8,0.14009852979377754,0.10366664424538613,0.9679999947547913,0.9684418439865112,0.9552529454231262,0.9819999933242798,0.9931790232658386,0.9497004747390747,0.9496343731880188,0.9439725875854492,0.9553645253181458,0.9870423674583435
739,Vembanad,Inle,T-Vem_V-Inl_15px_2026-07-21,15,inner,9,0.1319645755913051,0.11720501519739628,0.9549999833106995,0.9555774927139282,0.943469762802124,0.9679999947547913,0.9922430515289307,0.9524903297424316,0.9524591565132141,0.9461663961410522,0.9588361978530884,0.9885601997375488
740,Vembanad,Inle,T-Vem_V-Inl_15px_2026-07-21,15,inner,10,0.12630443582822518,0.092870171578601,0.9725000262260437,0.9726775884628296,0.9664363265037537,0.9789999723434448,0.9940799474716187,0.9529006481170654,0.9529276490211487,0.9454841613769531,0.9604893326759338,0.9892558455467224
741,Vembanad,Inle,T-Vem_V-Inl_15px_2026-07-21,15,inner,11,0.11400219836603424,0.10724972033500671,0.9629999995231628,0.9628886580467224,0.9657947421073914,0.9599999785423279,0.9919840097427368,0.9577418565750122,0.9576096534729004,0.9536065459251404,0.961646556854248,0.9913954138755798
742,Vembanad,Inle,T-Vem_V-Inl_15px_2026-07-21,15,inner,12,0.10667538061912862,0.15589205882698298,0.9409999847412109,0.9425511360168457,0.918406069278717,0.9679999947547913,0.9886759519577026,0.9608599543571472,0.960711658000946,0.957321047782898,0.9641262888908386,0.9924541115760803
743,Vembanad,Inle,T-Vem_V-Inl_15px_2026-07-21,15,inner,13,0.10528429105047657,0.10704342426359653,0.9660000205039978,0.9664363265037537,0.9541910290718079,0.9789999723434448,0.9926605224609375,0.9637318253517151,0.9636034369468689,0.9599671959877014,0.9672673344612122,0.9925700426101685
744,Vembanad,Inle,T-Vem_V-Inl_15px_2026-07-21,15,inner,14,0.1046848769409042,0.09982788449618965,0.9704999923706055,0.9708353877067566,0.9599217772483826,0.9819999933242798,0.9926709532737732,0.9629113078117371,0.9628228545188904,0.958094596862793,0.9675979614257812,0.9925304651260376
745,Vembanad,Inle,T-Vem_V-Inl_15px_2026-07-21,15,inner,15,0.09883992457270985,0.10118438764289021,0.9664999842643738,0.9666500687599182,0.962338924407959,0.9710000157356262,0.9932149648666382,0.9633215665817261,0.9631461501121521,0.9606907963752747,0.9656141400337219,0.9934705495834351
746,Vembanad,Inle,T-Vem_V-Inl_15px_2026-07-21,15,inner,16,0.09249500017923436,0.10073778893146663,0.968500018119812,0.968919575214386,0.9561830759048462,0.9819999933242798,0.9939895272254944,0.9658652544021606,0.9657387733459473,0.9622517824172974,0.9692510962486267,0.9943713545799255
747,Vembanad,Inle,T-Vem_V-Inl_15px_2026-07-21,15,inner,17,0.09017609590099766,0.10548191174305975,0.9664999842643738,0.9671729803085327,0.9481267929077148,0.9869999885559082,0.9947425127029419,0.9664396643638611,0.9663734436035156,0.9612364768981934,0.9715655446052551,0.9945321083068848
748,Vembanad,Inle,T-Vem_V-Inl_15px_2026-07-21,15,inner,18,0.08449668484316826,0.11687215639464557,0.9610000252723694,0.961614191532135,0.9467054009437561,0.9769999980926514,0.9921225309371948,0.9703782796859741,0.9702169895172119,0.9683794379234314,0.9720615148544312,0.9951245188713074
749,Vembanad,Inle,T-Vem_V-Inl_15px_2026-07-21,15,inner,19,0.08534130565329984,0.12024602324794978,0.9624999761581421,0.9626680016517639,0.9583746194839478,0.9670000076293945,0.9913520216941833,0.9684089422225952,0.9682996869087219,0.9645669460296631,0.9720615148544312,0.995209276676178
750,Vembanad,Inle,T-Vem_V-Inl_15px_2026-07-21,15,inner,20,0.08305955312206462,0.09641246958635748,0.9735000133514404,0.9736711382865906,0.9674234986305237,0.9800000190734863,0.9938389658927917,0.9704603552818298,0.9703606367111206,0.9665409326553345,0.9742106199264526,0.9952144026756287
751,Vembanad,Valsequillo,T-Vem_V-Val_15px_2026-07-21,15,inner,1,0.3745378238399931,0.2106214069852642,0.9259803891181946,0.9282660484313965,0.9004608392715454,0.9578431248664856,0.9748654365539551,0.8397958278656006,0.8375897407531738,0.8429363369941711,0.8323104977607727,0.9131394028663635
752,Vembanad,Valsequillo,T-Vem_V-Val_15px_2026-07-21,15,inner,2,0.24692032195893276,0.21650992184877396,0.9264705777168274,0.9276061654090881,0.9134981036186218,0.9421568512916565,0.970450758934021,0.9060673713684082,0.9062679409980774,0.8977864384651184,0.9149112701416016,0.9615731835365295
753,Vembanad,Valsequillo,T-Vem_V-Val_15px_2026-07-21,15,inner,3,0.19683898669378722,0.19887006710849556,0.9401960968971252,0.940891444683075,0.9300765991210938,0.9519608020782471,0.9738658666610718,0.9290359616279602,0.9293558597564697,0.9185160994529724,0.9404544830322266,0.9744479656219482
754,Vembanad,Valsequillo,T-Vem_V-Val_15px_2026-07-21,15,inner,4,0.17820274409952797,0.1414982165776047,0.949999988079071,0.951055645942688,0.9313910007476807,0.9715686440467834,0.9860370755195618,0.935951292514801,0.935903787612915,0.9297757148742676,0.9421131014823914,0.9793384671211243
755,Vembanad,Valsequillo,T-Vem_V-Val_15px_2026-07-21,15,inner,5,0.1584631347863323,0.1855205595931586,0.9392156600952148,0.9401544332504272,0.9258555173873901,0.954901933670044,0.9787879586219788,0.9421256184577942,0.9421256184577942,0.9352729916572571,0.9490794539451599,0.9834732413291931
756,Vembanad,Valsequillo,T-Vem_V-Val_15px_2026-07-21,15,inner,6,0.138818560526814,0.1657509629194643,0.9485294222831726,0.9491525292396545,0.9377990365028381,0.9607843160629272,0.9775543212890625,0.9483000040054321,0.9483042359352112,0.9413302540779114,0.9553823471069336,0.9875247478485107
757,Vembanad,Valsequillo,T-Vem_V-Val_15px_2026-07-21,15,inner,7,0.1255850474353758,0.24211989010081572,0.9230391979217529,0.921460747718811,0.9407558441162109,0.9029411673545837,0.9674625396728516,0.9549683332443237,0.9548344612121582,0.9506741166114807,0.959031343460083,0.9896713495254517
758,Vembanad,Valsequillo,T-Vem_V-Val_15px_2026-07-21,15,inner,8,0.12493869904565195,0.20230961456602695,0.9446078538894653,0.9443624019622803,0.9485657811164856,0.9401960968971252,0.9744732975959778,0.9550506472587585,0.954920768737793,0.9506822228431702,0.9591972231864929,0.9895830154418945
759,Vembanad,Valsequillo,T-Vem_V-Val_15px_2026-07-21,15,inner,9,0.11406846604538992,0.20258326808027194,0.9392156600952148,0.9391560554504395,0.9400785565376282,0.9382352828979492,0.9741416573524475,0.9593315124511719,0.9592341780662537,0.9545081257820129,0.9640073180198669,0.9912418723106384
760,Vembanad,Valsequillo,T-Vem_V-Val_15px_2026-07-21,15,inner,10,0.11238712104512917,0.1822454885524862,0.9504901766777039,0.9509946703910828,0.9414024949073792,0.9607843160629272,0.9751067161560059,0.957108736038208,0.9569670557975769,0.9531095623970032,0.9608558416366577,0.9917430877685547
761,Vembanad,Valsequillo,T-Vem_V-Val_15px_2026-07-21,15,inner,11,0.10618815084116895,0.212307462344567,0.9465686082839966,0.9462789297103882,0.9514370560646057,0.9411764740943909,0.9742541313171387,0.961801290512085,0.9616718888282776,0.9578739404678345,0.9655000567436218,0.9922647476196289
762,Vembanad,Valsequillo,T-Vem_V-Val_15px_2026-07-21,15,inner,12,0.0949027803253051,0.22407534362784787,0.9210784435272217,0.918149471282959,0.9535374641418457,0.8852941393852234,0.9755545854568481,0.9666584134101868,0.9665372371673584,0.9629568457603455,0.9701443314552307,0.9939523935317993
763,Vembanad,Valsequillo,T-Vem_V-Val_15px_2026-07-21,15,inner,13,0.0999629309046236,0.17308147358251552,0.9524509906768799,0.9532530307769775,0.9374407529830933,0.9696078300476074,0.9826710820198059,0.9623775482177734,0.9621720314025879,0.9603436589241028,0.9640073180198669,0.9933510422706604
764,Vembanad,Valsequillo,T-Vem_V-Val_15px_2026-07-21,15,inner,14,0.09489905326605344,0.24157120128180468,0.9392156600952148,0.9383084774017334,0.95252525806427,0.9245098233222961,0.9700624942779541,0.9641886949539185,0.9640941023826599,0.959579348564148,0.968651533126831,0.9940688014030457
765,Vembanad,RawaPening,T-Vem_V-Raw_15px_2026-07-21,15,inner,1,0.3952738204964077,0.23572009480321085,0.9230769276618958,0.9265267252922058,0.8875685334205627,0.9690618515014648,0.9688991904258728,0.8285596966743469,0.8237577080726624,0.840854287147522,0.8073424696922302,0.9032309651374817
766,Vembanad,RawaPening,T-Vem_V-Raw_15px_2026-07-21,15,inner,2,0.27520101840103756,0.24066364566435466,0.8936063647270203,0.8895800709724426,0.9255663156509399,0.85628741979599,0.9671776294708252,0.8934755921363831,0.8933618068695068,0.8876734972000122,0.8991235494613647,0.9527839422225952
767,Vembanad,RawaPening,T-Vem_V-Raw_15px_2026-07-21,15,inner,3,0.2055703534214625,0.24879643769114168,0.9055944085121155,0.9048817157745361,0.9126903414726257,0.8972055912017822,0.965488076210022,0.9274517893791199,0.9274577498435974,0.9205082058906555,0.9345129728317261,0.9725028276443481
768,Vembanad,RawaPening,T-Vem_V-Raw_15px_2026-07-21,15,inner,4,0.1843703792031104,0.1582619328643535,0.9410589337348938,0.9438095092773438,0.9025501012802124,0.9890219569206238,0.9865449070930481,0.9346737861633301,0.9348288774490356,0.925733745098114,0.9441044926643372,0.9772330522537231
769,Vembanad,RawaPening,T-Vem_V-Raw_15px_2026-07-21,15,inner,5,0.1591829889974831,0.18533769971156097,0.9220778942108154,0.924271821975708,0.8998109698295593,0.9500998258590698,0.9801995754241943,0.9437833428382874,0.943801760673523,0.9365027546882629,0.9512155055999756,0.9831381440162659
770,Vembanad,RawaPening,T-Vem_V-Raw_15px_2026-07-21,15,inner,6,0.1410126924875529,0.13433189591305417,0.9505494236946106,0.9508684873580933,0.9457058310508728,0.9560878276824951,0.988355278968811,0.948050856590271,0.9479655027389526,0.9424648284912109,0.9535306692123413,0.98675936460495
771,Vembanad,RawaPening,T-Vem_V-Raw_15px_2026-07-21,15,inner,7,0.12939569755661032,0.1335883585403075,0.9515484571456909,0.9523809552192688,0.9371980428695679,0.9680638909339905,0.989415168762207,0.9533852934837341,0.9532971382141113,0.9479967355728149,0.9586572051048279,0.9887839555740356
772,Vembanad,RawaPening,T-Vem_V-Raw_15px_2026-07-21,15,inner,8,0.12328998690924295,0.17615691130305386,0.9365634322166443,0.934971809387207,0.9600420594215393,0.9111776351928711,0.9840099811553955,0.9527287483215332,0.9525848031044006,0.9483691453933716,0.9568381309509277,0.990138053894043
773,Vembanad,RawaPening,T-Vem_V-Raw_15px_2026-07-21,15,inner,9,0.11809525650497533,0.21737771816216744,0.9245754480361938,0.9234668016433716,0.9382080435752869,0.9091816544532776,0.9682754278182983,0.9563397765159607,0.9560620784759521,0.954957902431488,0.9571688175201416,0.990646481513977
774,Vembanad,RawaPening,T-Vem_V-Raw_15px_2026-07-21,15,inner,10,0.11387392433759957,0.16277380841044517,0.9445554614067078,0.943911075592041,0.9559876918792725,0.9321357011795044,0.9841417074203491,0.959130048751831,0.9590595364570618,0.9535720348358154,0.9646105766296387,0.9912012815475464
775,Vembanad,RawaPening,T-Vem_V-Raw_15px_2026-07-21,15,inner,11,0.09911449098616386,0.12320913851529092,0.9560439586639404,0.9559999704360962,0.9579158425331116,0.9540917873382568,0.9902844429016113,0.9634796977043152,0.9633714556694031,0.9590298533439636,0.9677525758743286,0.9933658242225647
776,Vembanad,RawaPening,T-Vem_V-Raw_15px_2026-07-21,15,inner,12,0.09702603973633242,0.16091280985813397,0.9410589337348938,0.9407035112380981,0.9473684430122375,0.9341317415237427,0.985689640045166,0.9646286368370056,0.9644829034805298,0.9612352252006531,0.9677525758743286,0.993690013885498
777,Vembanad,RawaPening,T-Vem_V-Raw_15px_2026-07-21,15,inner,13,0.09259677851204995,0.12789862100537364,0.9520479440689087,0.9523809552192688,0.9467455744743347,0.9580838084220886,0.9891476631164551,0.9658596515655518,0.9656991958618164,0.9629995226860046,0.9684140682220459,0.9943618178367615
778,Vembanad,RawaPening,T-Vem_V-Raw_15px_2026-07-21,15,inner,14,0.09560693499521736,0.13086833437899134,0.9560439586639404,0.9557788968086243,0.9625505805015564,0.9491018056869507,0.989398181438446,0.9659417271614075,0.9657901525497437,0.9628533720970154,0.9687448143959045,0.9937890768051147
779,Vembanad,RawaPening,T-Vem_V-Raw_15px_2026-07-21,15,inner,15,0.09243935858391326,0.13562025641138617,0.9500499367713928,0.9504460096359253,0.9438976645469666,0.9570858478546143,0.9884790182113647,0.9668444991111755,0.9666831493377686,0.9641388654708862,0.9692409634590149,0.9941529631614685
780,Vembanad,RawaPening,T-Vem_V-Raw_15px_2026-07-21,15,inner,16,0.08414787519684962,0.1737289229085991,0.9365634322166443,0.9353689551353455,0.9543094635009766,0.9171656966209412,0.9838292598724365,0.9703733921051025,0.970236599445343,0.967444896697998,0.9730445146560669,0.9951106309890747
781,Vembanad,RawaPening,T-Vem_V-Raw_15px_2026-07-21,15,inner,17,0.07837696037834964,0.2136338158146842,0.928071916103363,0.9252336621284485,0.9642857313156128,0.8892215490341187,0.9806965589523315,0.972425103187561,0.9723137617111206,0.9689604043960571,0.9756904244422913,0.9958632588386536
782,Vembanad,RawaPening,T-Vem_V-Raw_15px_2026-07-21,15,inner,18,0.07939660140100345,0.15322983124247797,0.9515484571456909,0.9511826634407043,0.9593908786773682,0.9431137442588806,0.9863612651824951,0.9715223908424377,0.9714097380638123,0.9679803252220154,0.974863588809967,0.9956873059272766
783,Vembanad,RawaPening,T-Vem_V-Raw_15px_2026-07-21,15,inner,19,0.07858044530678147,0.1960203293841202,0.9285714030265808,0.9270780086517334,0.9478623270988464,0.9071856141090393,0.9802095890045166,0.9718506336212158,0.9717206954956055,0.9689247012138367,0.9745328426361084,0.9957360029220581
784,Vembanad,RawaPening,T-Vem_V-Raw_15px_2026-07-21,15,inner,20,0.0788152116076057,0.1536846555970408,0.9470529556274414,0.9464105367660522,0.9590163826942444,0.9341317415237427,0.9871397018432617,0.9720147848129272,0.9719364643096924,0.9673984050750732,0.9765172600746155,0.9956943392753601
785,Vembanad,RawaPening,T-Vem_V-Raw_15px_2026-07-21,15,inner,21,0.07100745853087087,0.19300233609192854,0.931568443775177,0.9299948811531067,0.9528796076774597,0.9081836342811584,0.9820259809494019,0.9754616618156433,0.9753239154815674,0.9734761118888855,0.9771787524223328,0.9964808225631714
786,Vembanad,Winam,T-Vem_V-Win_15px_2026-07-21,15,inner,1,0.35676096614008856,0.37580477672695684,0.8619309663772583,0.8603239059448242,0.8709016442298889,0.8500000238418579,0.9141100645065308,0.8519855737686157,0.848301351070404,0.8632552027702332,0.8338568210601807,0.9214312434196472
787,Vembanad,Winam,T-Vem_V-Win_15px_2026-07-21,15,inner,2,0.23677324562589966,0.39845825666933854,0.8769384622573853,0.8747454285621643,0.8910788297653198,0.859000027179718,0.923805832862854,0.9139317274093628,0.914178192615509,0.9049238562583923,0.9236237406730652,0.9637246131896973
788,Vembanad,Winam,T-Vem_V-Win_15px_2026-07-21,15,inner,3,0.1855381945038687,0.3625705779091643,0.8794397115707397,0.8823816776275635,0.8617731332778931,0.9039999842643738,0.940026044845581,0.9336232542991638,0.9337265491485596,0.9254628419876099,0.942139208316803,0.9771043062210083
789,Vembanad,Winam,T-Vem_V-Win_15px_2026-07-21,15,inner,4,0.17238316887180885,0.38434567337954934,0.8669334650039673,0.8673977851867676,0.86481112241745,0.8700000047683716,0.9211190938949585,0.9385461211204529,0.9385209083557129,0.9320182800292969,0.9451149106025696,0.9804102182388306
790,Vembanad,Winam,T-Vem_V-Win_15px_2026-07-21,15,inner,5,0.15755691708435102,0.3464539964071169,0.8739369511604309,0.8712972402572632,0.8903966546058655,0.8529999852180481,0.9436947107315063,0.9449458718299866,0.9448598623275757,0.939379096031189,0.9504050016403198,0.9837782979011536
791,Vembanad,Winam,T-Vem_V-Win_15px_2026-07-21,15,inner,6,0.12986838540797707,0.3245582207571919,0.9049524664878845,0.9012473821640015,0.9383116960525513,0.8669999837875366,0.9716176390647888,0.9539711475372314,0.9538233876228333,0.9498360753059387,0.9578442573547363,0.9884970784187317
792,Vembanad,Winam,T-Vem_V-Win_15px_2026-07-21,15,inner,7,0.12154426275192225,0.323135376453711,0.8864431977272034,0.8834103941917419,0.908130943775177,0.8600000143051147,0.9587127566337585,0.9570889472961426,0.9569866061210632,0.95220947265625,0.9618118405342102,0.9901770353317261
793,Vembanad,Winam,T-Vem_V-Win_15px_2026-07-21,15,inner,8,0.11582609777337886,0.3469933147971151,0.8669334650039673,0.8549618124961853,0.9400479793548584,0.7839999794960022,0.9656046032905579,0.9583196640014648,0.9582374095916748,0.9530662298202515,0.9634650349617004,0.9908519387245178
794,Vembanad,Winam,T-Vem_V-Win_15px_2026-07-21,15,inner,9,0.11461723471396001,0.31309738253458047,0.8689344525337219,0.8642486929893494,0.896774172782898,0.8339999914169312,0.9532797336578369,0.9602888226509094,0.9601908326148987,0.9554755091667175,0.9649528861045837,0.9909618496894836
795,Vembanad,Winam,T-Vem_V-Win_15px_2026-07-21,15,inner,10,0.11254558903704638,0.3456616972402264,0.8989495038986206,0.8940188884735107,0.940397322177887,0.8519999980926514,0.9699249267578125,0.9599606394767761,0.9597890377044678,0.9567931890487671,0.9628037810325623,0.9913646578788757
796,Vembanad,Winam,T-Vem_V-Win_15px_2026-07-21,15,inner,11,0.09389264135574724,0.431085861296874,0.8584291934967041,0.8414565920829773,0.9566879272460938,0.7509999871253967,0.9678168296813965,0.9679192900657654,0.9678374528884888,0.9631630778312683,0.9725574254989624,0.993819534778595
797,Vembanad,Winam,T-Vem_V-Win_15px_2026-07-21,15,inner,12,0.09531677502088559,0.4429806578995769,0.8454226851463318,0.8284286260604858,0.9313358068466187,0.7459999918937683,0.9594454765319824,0.9645553231239319,0.9643975496292114,0.9615448117256165,0.9672673344612122,0.9938507080078125
798,Vembanad,Winam,T-Vem_V-Win_15px_2026-07-21,15,inner,13,0.09422568502995786,0.45961283128329844,0.8644322156906128,0.8506886959075928,0.9472392797470093,0.7720000147819519,0.9611361622810364,0.9675090312957764,0.9673859477043152,0.9638929963111877,0.9709042906761169,0.9937491416931152
799,Vembanad,Winam,T-Vem_V-Win_15px_2026-07-21,15,inner,14,0.08856234822604435,0.4476853104465793,0.8444222211837769,0.8239954710006714,0.9491525292396545,0.7279999852180481,0.9685335159301758,0.9679192900657654,0.9677950739860535,0.9643794894218445,0.971234917640686,0.9945765733718872
800,Vembanad,Winam,T-Vem_V-Win_15px_2026-07-21,15,inner,15,0.08733371818272509,0.44432816950754656,0.8454226851463318,0.826890766620636,0.9401273727416992,0.7379999756813049,0.9627347588539124,0.968165397644043,0.9680448174476624,0.9645494818687439,0.9715655446052551,0.9947766661643982
801,Vembanad,Winam,T-Vem_V-Win_15px_2026-07-21,15,inner,16,0.0791821887048495,0.4020641471635491,0.8514257073402405,0.8376162052154541,0.924004852771759,0.765999972820282,0.9632723331451416,0.9722678065299988,0.9721397757530212,0.9694229960441589,0.9748718738555908,0.9957066774368286
802,Vembanad,Winam,T-Vem_V-Win_15px_2026-07-21,15,inner,17,0.0771972237085764,0.39163080118638194,0.8549274802207947,0.8410087823867798,0.9308252334594727,0.7670000195503235,0.9656646847724915,0.9728421568870544,0.9726604223251343,0.9719379544258118,0.9733840227127075,0.9958066940307617
803,Vembanad,Winam,T-Vem_V-Win_15px_2026-07-21,15,inner,18,0.07593715576253877,0.4241449008274179,0.858929455280304,0.8470715880393982,0.9253554344177246,0.781000018119812,0.9647717475891113,0.9730062484741211,0.9728615283966064,0.9708594083786011,0.9748718738555908,0.9960343837738037
804,Vembanad,Winam,T-Vem_V-Win_15px_2026-07-21,15,inner,19,0.07462779761906096,0.40587233362158875,0.8639319539070129,0.8508771657943726,0.9417475461959839,0.7760000228881836,0.9635576009750366,0.9740728735923767,0.9739446043968201,0.9715413451194763,0.9763597249984741,0.9961440563201904
805,Vembanad,,Test_Vem_outer_15px_2026-07-21,15,outer,1,0.36870354268409206,,,,,,,0.8416860699653625,0.8391348123550415,0.8473889827728271,0.8310398459434509,0.9161145687103271
806,Vembanad,,Test_Vem_outer_15px_2026-07-21,15,outer,2,0.2389429547220874,,,,,,,0.9117501974105835,0.9122388958930969,0.9016211628913879,0.9231096506118774,0.9637552499771118
807,Vembanad,,Test_Vem_outer_15px_2026-07-21,15,outer,3,0.19449296814132258,,,,,,,0.9307112097740173,0.9309254288673401,0.9223057627677917,0.9397077560424805,0.9751040935516357
808,Vembanad,,Test_Vem_outer_15px_2026-07-21,15,outer,4,0.17087971581741007,,,,,,,0.9377599358558655,0.9378825426101685,0.9302260875701904,0.9456660747528076,0.9811100959777832
809,Vembanad,,Test_Vem_outer_15px_2026-07-21,15,outer,5,0.1622995004202831,,,,,,,0.9409318566322327,0.9409276843070984,0.935126781463623,0.946800947189331,0.9830589294433594
810,Vembanad,,Test_Vem_outer_15px_2026-07-21,15,outer,6,0.13265349044518818,,,,,,,0.9511524438858032,0.9512280821800232,0.9438547492027283,0.9587175250053406,0.9881958961486816
811,Vembanad,,Test_Vem_outer_15px_2026-07-21,15,outer,7,0.1291094565312555,,,,,,,0.9524917006492615,0.9524213075637817,0.9478712677955627,0.9570151567459106,0.9889786243438721
812,Vembanad,,Test_Vem_outer_15px_2026-07-21,15,outer,8,0.12343496855162175,,,,,,,0.9570028781890869,0.956939160823822,0.9523675441741943,0.9615548253059387,0.9896928071975708
813,Vembanad,,Test_Vem_outer_15px_2026-07-21,15,outer,9,0.12106167960103491,,,,,,,0.9567914009094238,0.956669270992279,0.9533671736717224,0.9599943161010742,0.9902575016021729
814,Valsequillo,Hartbeespoort,T-Val_V-Har_15px_2026-07-21,15,inner,1,0.34455976191945936,0.3615283469750187,0.8341535329818726,0.8157463073730469,0.9020556211471558,0.7445109486579895,0.9221072793006897,0.8606916069984436,0.8595206141471863,0.8625354766845703,0.856526792049408,0.9278401136398315
815,Valsequillo,Hartbeespoort,T-Val_V-Har_15px_2026-07-21,15,inner,2,0.23980507351260694,0.47515364976849145,0.7992125749588013,0.7565632462501526,0.9406528472900391,0.6327345371246338,0.8862740397453308,0.9140051007270813,0.914238691329956,0.9073680639266968,0.9212141036987305,0.9642840623855591
816,Valsequillo,Hartbeespoort,T-Val_V-Har_15px_2026-07-21,15,inner,3,0.22251062107585962,0.3579148173214882,0.8548228144645691,0.8372862935066223,0.9358816146850586,0.757485032081604,0.9376955032348633,0.9214326739311218,0.9219031929969788,0.9120272397994995,0.9319953322410583,0.9690588712692261
817,Valsequillo,Hartbeespoort,T-Val_V-Har_15px_2026-07-21,15,inner,4,0.21149787720665736,0.20133341655985812,0.9291338324546814,0.9250780344009399,0.966304361820221,0.8872255682945251,0.9818769693374634,0.9239910840988159,0.9243655800819397,0.9154196381568909,0.933488130569458,0.9720306396484375
818,Valsequillo,Hartbeespoort,T-Val_V-Har_15px_2026-07-21,15,inner,5,0.19298337172328556,0.5414642974968971,0.8282480239868164,0.7955477237701416,0.9631205797195435,0.6776447296142578,0.8719561100006104,0.9289427995681763,0.929374098777771,0.9193443655967712,0.9396251440048218,0.9766101837158203
819,Valsequillo,Hartbeespoort,T-Val_V-Har_15px_2026-07-21,15,inner,6,0.1711311480329406,0.49846242902081783,0.813484251499176,0.7723723649978638,0.9698340892791748,0.6417165398597717,0.931740403175354,0.9398366212844849,0.9400542974472046,0.9321591854095459,0.9480842351913452,0.981446385383606
820,Valsequillo,Hartbeespoort,T-Val_V-Har_15px_2026-07-21,15,inner,7,0.16005651747874422,0.1830634434861461,0.9473425149917603,0.9466333985328674,0.9461615085601807,0.9471057653427124,0.9746807813644409,0.9435504078865051,0.9439619779586792,0.9326533675193787,0.9555481672286987,0.9829981327056885
821,Valsequillo,Hartbeespoort,T-Val_V-Har_15px_2026-07-21,15,inner,8,0.15205893286935732,0.22758190416158947,0.9424212574958801,0.9402146339416504,0.963350772857666,0.9181636571884155,0.969399094581604,0.9460262656211853,0.9463582634925842,0.9360700845718384,0.9568750858306885,0.985222339630127
822,Valsequillo,Hartbeespoort,T-Val_V-Har_15px_2026-07-21,15,inner,9,0.15623787415394583,0.27033220790326595,0.9202755689620972,0.9138298034667969,0.9783599376678467,0.8572854399681091,0.9668236374855042,0.9446232318878174,0.9448054432868958,0.93717360496521,0.9525626301765442,0.9843888282775879
823,Valsequillo,Hartbeespoort,T-Val_V-Har_15px_2026-07-21,15,inner,10,0.15330056141727758,0.28382232949489683,0.9020669460296631,0.893068253993988,0.9674039483070374,0.8293412923812866,0.9565103054046631,0.9417347311973572,0.9420075416564941,0.9331163763999939,0.9510698318481445,0.9850625991821289
824,Valsequillo,Hartbeespoort,T-Val_V-Har_15px_2026-07-21,15,inner,11,0.12850874458502903,0.2696856646468555,0.9055117964744568,0.8974359035491943,0.9655172228813171,0.8383233547210693,0.9650708436965942,0.9528761506080627,0.9529537558555603,0.9467911124229431,0.9591972231864929,0.989562451839447
825,Valsequillo,Hartbeespoort,T-Val_V-Har_15px_2026-07-21,15,inner,12,0.12558537335854075,0.27660049575813644,0.9050197005271912,0.8968465924263,0.9654775857925415,0.8373253345489502,0.9650408029556274,0.9542791247367859,0.9544107913970947,0.9470847845077515,0.9618510603904724,0.9899846911430359
826,Valsequillo,Hartbeespoort,T-Val_V-Har_15px_2026-07-21,15,inner,13,0.1250433529872966,0.22407434200208018,0.9286417365074158,0.9242027997970581,0.9703622460365295,0.8822355270385742,0.9712575078010559,0.955682098865509,0.9557259678840637,0.9501639604568481,0.9613534808158875,0.9899455308914185
827,Valsequillo,Hartbeespoort,T-Val_V-Har_15px_2026-07-21,15,inner,14,0.12289173975728315,0.2928993145781239,0.9005905389785767,0.8915144801139832,0.9651162624359131,0.8283433318138123,0.9650717973709106,0.9567549824714661,0.9567514061927795,0.9521932005882263,0.9613534808158875,0.990186333656311
828,Valsequillo,Hartbeespoort,T-Val_V-Har_15px_2026-07-21,15,inner,15,0.12181802706286746,0.21901838191029593,0.9202755689620972,0.914826512336731,0.9666666388511658,0.8682634830474854,0.9738222360610962,0.9566724300384521,0.9566295146942139,0.9529295563697815,0.9603582620620728,0.990310549736023
829,Valsequillo,Hartbeespoort,T-Val_V-Har_15px_2026-07-21,15,inner,16,0.10974079431618383,0.32169964968219517,0.8809055089950562,0.8689057230949402,0.950236976146698,0.8003991842269897,0.950044572353363,0.9607163667678833,0.9607130885124207,0.9561360478401184,0.9653342366218567,0.9921321868896484
830,Valsequillo,Hartbeespoort,T-Val_V-Har_15px_2026-07-21,15,inner,17,0.10843496337339922,0.23284017247712518,0.9202755689620972,0.9156249761581421,0.9575163125991821,0.8772454857826233,0.9691820740699768,0.9628620743751526,0.96277916431427,0.9602375626564026,0.9653342366218567,0.9922517538070679
831,Valsequillo,Rodman,T-Val_V-Rod_15px_2026-07-21,15,inner,1,0.3203752779902539,0.5670533906467747,0.6895200610160828,0.7632561326026917,0.6171497702598572,1.0,0.9507102966308594,0.8685884475708008,0.8666499257087708,0.8730158805847168,0.8603761196136475,0.9380648136138916
832,Valsequillo,Rodman,T-Val_V-Rod_15px_2026-07-21,15,inner,2,0.21860500296544427,0.609245852029989,0.7615083456039429,0.7677634954452515,0.7488372325897217,0.7876712083816528,0.8650780916213989,0.9201288223266602,0.9197043776512146,0.9177991151809692,0.9216175675392151,0.9707324504852295
833,Valsequillo,Rodman,T-Val_V-Rod_15px_2026-07-21,15,inner,3,0.20652685328755577,0.547146096052082,0.8692458271980286,0.8786914944648743,0.8201866149902344,0.946183979511261,0.9021910429000854,0.9259106516838074,0.9254549741744995,0.9243028163909912,0.9266101121902466,0.9735610485076904
834,Valsequillo,Rodman,T-Val_V-Rod_15px_2026-07-21,15,inner,4,0.1874179726732233,0.33313371484823723,0.8961802124977112,0.9031963348388672,0.846746563911438,0.9677103757858276,0.9537652134895325,0.9314446449279785,0.9308679103851318,0.9317992329597473,0.9299384355545044,0.9782177209854126
835,Valsequillo,Rodman,T-Val_V-Rod_15px_2026-07-21,15,inner,5,0.17575233461855463,0.3739900306436387,0.8560234904289246,0.8611897826194763,0.8321167826652527,0.8923678994178772,0.9282989501953125,0.9387131333351135,0.9383720755577087,0.9366605877876282,0.9400898814201355,0.9800940752029419
836,Valsequillo,Rodman,T-Val_V-Rod_15px_2026-07-21,15,inner,6,0.1550162071710605,0.37250163570323724,0.8731635808944702,0.8809195160865784,0.8308759927749634,0.9373776912689209,0.9463076591491699,0.9460642337799072,0.9458225965499878,0.9430840611457825,0.9485771059989929,0.9843243360519409
837,Valsequillo,Rodman,T-Val_V-Rod_15px_2026-07-21,15,inner,7,0.14390414565410228,0.3708301217502291,0.887855052947998,0.8925387263298035,0.8575292825698853,0.9305284023284912,0.9199138879776001,0.9500288963317871,0.9497883915901184,0.9473509788513184,0.9522383213043213,0.9862287044525146
838,Valsequillo,Rodman,T-Val_V-Rod_15px_2026-07-21,15,inner,8,0.14089572560489844,0.43644964858437146,0.8780606985092163,0.8845618963241577,0.8405286073684692,0.9334638118743896,0.917008638381958,0.9500288963317871,0.9496713876724243,0.9494344592094421,0.9499084949493408,0.9866186380386353
839,Valsequillo,Rodman,T-Val_V-Rod_15px_2026-07-21,15,inner,9,0.1441272834117893,0.39258565459615685,0.897649347782135,0.903553307056427,0.8550218343734741,0.9579256176948547,0.9337971806526184,0.9502766728401184,0.9500828981399536,0.9467856287956238,0.9534032344818115,0.98600172996521
840,Valsequillo,Rodman,T-Val_V-Rod_15px_2026-07-21,15,inner,10,0.1430221555508846,0.42393871952107326,0.8663075566291809,0.8749427199363708,0.8225667476654053,0.9344422817230225,0.9157793521881104,0.9517634510993958,0.9514708518981934,0.9502074718475342,0.95273756980896,0.9860544800758362
841,Valsequillo,Rodman,T-Val_V-Rod_15px_2026-07-21,15,inner,11,0.12444877483217154,0.34315704339047953,0.8961802124977112,0.9036363363265991,0.8438030481338501,0.9726027250289917,0.9657381176948547,0.9563888907432556,0.9562116265296936,0.9530500769615173,0.9593942165374756,0.9892411828041077
842,Valsequillo,Rodman,T-Val_V-Rod_15px_2026-07-21,15,inner,12,0.12090490146840033,0.4458171885814536,0.8623898029327393,0.8750555515289307,0.8019559979438782,0.9628180265426636,0.9272552728652954,0.955315113067627,0.9550552368164062,0.9535501003265381,0.9565651416778564,0.9901300668716431
843,Valsequillo,Rodman,T-Val_V-Rod_15px_2026-07-21,15,inner,13,0.12336958529037026,0.4244626787045093,0.8525955080986023,0.8610982894897461,0.8148471713066101,0.912915825843811,0.9313859939575195,0.9576278328895569,0.9573246836662292,0.9570858478546143,0.9575636386871338,0.989405632019043
844,Valsequillo,Rodman,T-Val_V-Rod_15px_2026-07-21,15,inner,14,0.1210605200905326,0.3521213743700687,0.8893241882324219,0.8971792459487915,0.8384353518486023,0.9647749662399292,0.9615843296051025,0.9570496678352356,0.9568464756011963,0.9543122053146362,0.9593942165374756,0.9898972511291504
845,Valsequillo,Mula,T-Val_V-Mul_15px_2026-07-21,15,inner,1,0.3165580583613687,0.5847996374354859,0.6911196708679199,0.5646258592605591,0.8886509537696838,0.4137587249279022,0.9056795835494995,0.8706632256507874,0.8708236813545227,0.8682388067245483,0.8734239935874939,0.9392081499099731
846,Valsequillo,Mula,T-Val_V-Mul_15px_2026-07-21,15,inner,2,0.22182953035539277,0.49490060757946325,0.7495173811912537,0.6700572371482849,0.9245613813400269,0.5254237055778503,0.9061272740364075,0.9208412766456604,0.920782208442688,0.9198675751686096,0.9216987490653992,0.969243049621582
847,Valsequillo,Mula,T-Val_V-Mul_15px_2026-07-21,15,inner,3,0.19554069490931017,0.6686150283772052,0.6177605986595154,0.39263802766799927,0.8504983186721802,0.2552343010902405,0.9145668745040894,0.932350754737854,0.9325518012046814,0.9281840324401855,0.9369608759880066,0.9757945537567139
848,Valsequillo,Mula,T-Val_V-Mul_15px_2026-07-21,15,inner,4,0.19046267700272304,0.909995603731125,0.5767374634742737,0.2624053955078125,0.8387096524238586,0.15553340315818787,0.8902702927589417,0.9355800151824951,0.9356173276901245,0.9334544539451599,0.9377903342247009,0.9765205979347229
849,Valsequillo,Mula,T-Val_V-Mul_15px_2026-07-21,15,inner,5,0.1790319593786611,0.5107359694007741,0.7509652376174927,0.6696543097496033,0.9355992674827576,0.5214356780052185,0.9278683662414551,0.9382296800613403,0.938367486000061,0.9346609711647034,0.9421035051345825,0.9795000553131104
850,Valsequillo,Mula,T-Val_V-Mul_15px_2026-07-21,15,inner,6,0.14978787017212095,0.5095293499730729,0.75,0.6670951247215271,0.938517153263092,0.5174476504325867,0.9347831010818481,0.949242353439331,0.9494015574455261,0.9448003768920898,0.9540477991104126,0.9851235151290894
851,Valsequillo,Mula,T-Val_V-Mul_15px_2026-07-21,15,inner,7,0.14045711583359566,0.6027522368148027,0.6776061654090881,0.522857129573822,0.9219143390655518,0.36490529775619507,0.9149930477142334,0.9499875903129578,0.9500743746757507,0.9467874765396118,0.9533842206001282,0.9871704578399658
852,Valsequillo,Mula,T-Val_V-Mul_15px_2026-07-21,15,inner,8,0.13991508979485742,0.44906880162857676,0.7929536700248718,0.743880569934845,0.9270833134651184,0.6211366057395935,0.9231724739074707,0.949242353439331,0.94935142993927,0.9456790089607239,0.9530524015426636,0.9875196218490601
853,Valsequillo,Mula,T-Val_V-Mul_15px_2026-07-21,15,inner,9,0.14149066040731478,0.5871518486139857,0.7678571343421936,0.6953768134117126,0.953125,0.5473579168319702,0.9098373651504517,0.9496563673019409,0.9496104717254639,0.9488241076469421,0.9503981471061707,0.987450361251831
854,Valsequillo,Mula,T-Val_V-Mul_15px_2026-07-21,15,inner,10,0.13928358286675943,0.41368784502321226,0.8204632997512817,0.7876712083816528,0.921228289604187,0.6879361867904663,0.939082682132721,0.9522232413291931,0.9522943496704102,0.9492335319519043,0.9553748965263367,0.9873813390731812
855,Valsequillo,Mula,T-Val_V-Mul_15px_2026-07-21,15,inner,11,0.10960425985928471,0.46950514861975856,0.7861968874931335,0.7329716682434082,0.9268292784690857,0.6061814427375793,0.9336872696876526,0.9610002636909485,0.9610518217086792,0.9581203460693359,0.9640012979507446,0.9922841191291809
856,Valsequillo,Mula,T-Val_V-Mul_15px_2026-07-21,15,inner,12,0.10951389545025568,0.5092650672643801,0.7582046389579773,0.6835123300552368,0.932758629322052,0.5393818616867065,0.9332656860351562,0.9623250961303711,0.962517499923706,0.9559810161590576,0.9691439867019653,0.9919078350067139
857,Valsequillo,Mula,T-Val_V-Mul_15px_2026-07-21,15,inner,13,0.11247046600413103,0.6025764188481114,0.6756756901741028,0.5313807725906372,0.8839907050132751,0.37986043095588684,0.9193280935287476,0.9616626501083374,0.961618185043335,0.9610604643821716,0.962176501750946,0.9912497997283936
858,Valsequillo,Mula,T-Val_V-Mul_15px_2026-07-21,15,inner,14,0.11007219049430272,0.40531400591135025,0.8161196708679199,0.7809085845947266,0.9225543737411499,0.6769691109657288,0.9384913444519043,0.9622423052787781,0.9623327255249023,0.9583744406700134,0.9663237929344177,0.9918574094772339
859,Valsequillo,Mula,T-Val_V-Mul_15px_2026-07-21,15,inner,15,0.09958826659644116,0.40367680017092056,0.8320463299751282,0.8068812489509583,0.9098873734474182,0.7248255014419556,0.932713508605957,0.9652231335639954,0.9652892351150513,0.9617918133735657,0.9688122272491455,0.9931755065917969
860,Valsequillo,Mula,T-Val_V-Mul_15px_2026-07-21,15,inner,16,0.09055486588823762,0.5403533063570045,0.760617733001709,0.6899999976158142,0.9246231317520142,0.5503489375114441,0.9315915703773499,0.9682040214538574,0.9682539701461792,0.9650626182556152,0.9714664816856384,0.9942775964736938
861,Valsequillo,Mula,T-Val_V-Mul_15px_2026-07-21,15,inner,17,0.08700349456853125,0.45727384567951146,0.7939189076423645,0.7471876740455627,0.9198250770568848,0.6291126608848572,0.9415290355682373,0.9708536863327026,0.9709187150001526,0.9670836329460144,0.9747843146324158,0.9950865507125854
862,Valsequillo,Mula,T-Val_V-Mul_15px_2026-07-21,15,inner,18,0.08192787795516768,0.43105326331145055,0.8103281855583191,0.7708454728126526,0.9283707737922668,0.6590229272842407,0.9456047415733337,0.9733377695083618,0.9733620285987854,0.9707920551300049,0.9759455919265747,0.9953562021255493
863,Valsequillo,Mula,T-Val_V-Mul_15px_2026-07-21,15,inner,19,0.08570601577317861,0.7609547991377507,0.6573359370231628,0.4884726107120514,0.8805195093154907,0.3379860520362854,0.9118155241012573,0.9718472957611084,0.9718915224075317,0.9686881899833679,0.9751161336898804,0.9947737455368042
864,Valsequillo,Mula,T-Val_V-Mul_15px_2026-07-21,15,inner,20,0.08475402489685802,0.6199525957459648,0.7118725776672363,0.5968939661979675,0.9246861934661865,0.4406779706478119,0.9326949119567871,0.9715161323547363,0.9715420007705688,0.9689769148826599,0.9741207957267761,0.9948887825012207
865,Valsequillo,Mula,T-Val_V-Mul_15px_2026-07-21,15,inner,21,0.07880563481499632,0.5570871963464156,0.7596524953842163,0.6867924332618713,0.9301533102989197,0.5443668961524963,0.9367846250534058,0.9747453927993774,0.9748038053512573,0.9708737730979919,0.9787657856941223,0.9953851699829102
866,Valsequillo,Mula,T-Val_V-Mul_15px_2026-07-21,15,inner,22,0.07324319599780696,0.45054527121851345,0.7915058135986328,0.7461809515953064,0.9084406495094299,0.633100688457489,0.9348017573356628,0.9744141697883606,0.9744268655776978,0.9722543358802795,0.9766091704368591,0.9962930083274841
867,Valsequillo,Mula,T-Val_V-Mul_15px_2026-07-21,15,inner,23,0.07286439441873052,0.5377912416651442,0.7639961242675781,0.6968382000923157,0.9213114976882935,0.5603190660476685,0.9387925863265991,0.9768154621124268,0.9768747687339783,0.972697377204895,0.9810882806777954,0.9961795806884766
868,Valsequillo,Mula,T-Val_V-Mul_15px_2026-07-21,15,inner,24,0.07626577532552001,0.6445190388148355,0.7065637111663818,0.5897436141967773,0.9123173356056213,0.4356929063796997,0.9327797889709473,0.9762358069419861,0.9762986302375793,0.972044050693512,0.9805905818939209,0.9959074258804321
869,Valsequillo,Mula,T-Val_V-Mul_15px_2026-07-21,15,inner,25,0.07152250896248782,0.6607174559794798,0.6848455667495728,0.5505849719047546,0.8888888955116272,0.39880359172821045,0.9202654361724854,0.9777262806892395,0.9777740836143494,0.9739917516708374,0.9815859198570251,0.9963682889938354
870,Valsequillo,Inle,T-Val_V-Inl_15px_2026-07-21,15,inner,1,0.33730016444306166,0.30051963436603546,0.8550000190734863,0.8542713522911072,0.8585858345031738,0.8500000238418579,0.9488820433616638,0.8609762191772461,0.8600778579711914,0.859437108039856,0.860719621181488,0.9300827980041504
871,Valsequillo,Inle,T-Val_V-Inl_15px_2026-07-21,15,inner,2,0.25072750862399895,0.19322513321042062,0.9294999837875366,0.9285352230072021,0.9414182901382446,0.9160000085830688,0.9779539704322815,0.9068236351013184,0.907425582408905,0.895271897315979,0.9199137687683105,0.9600169658660889
872,Valsequillo,Inle,T-Val_V-Inl_15px_2026-07-21,15,inner,3,0.23278213778006432,0.25568500959873197,0.9465000033378601,0.948483407497406,0.9145775437355042,0.9850000143051147,0.9845829606056213,0.9152193665504456,0.9155322313308716,0.905727744102478,0.9255512952804565,0.9654896259307861
873,Valsequillo,Inle,T-Val_V-Inl_15px_2026-07-21,15,inner,4,0.21056263129773362,0.23429865229129793,0.8970000147819519,0.8923720121383667,0.9343544840812683,0.8539999723434448,0.9715879559516907,0.9250143766403198,0.9251990914344788,0.9163956046104431,0.9341734647750854,0.9715859293937683
874,Valsequillo,Inle,T-Val_V-Inl_15px_2026-07-21,15,inner,5,0.2090923168278445,0.16568447743356227,0.9315000176429749,0.9313970804214478,0.9327983856201172,0.9300000071525574,0.9834309816360474,0.9261667728424072,0.9263486266136169,0.9175341725349426,0.9353340864181519,0.9717711210250854
875,Valsequillo,Inle,T-Val_V-Inl_15px_2026-07-21,15,inner,6,0.17203918523661482,0.21941168224811555,0.9254999756813049,0.9228379130363464,0.9570354223251343,0.890999972820282,0.975553035736084,0.9381842017173767,0.9383668303489685,0.9289892911911011,0.9479356408119202,0.9808077812194824
876,Valsequillo,Inle,T-Val_V-Inl_15px_2026-07-21,15,inner,7,0.16996114812708557,0.1464439254105091,0.9445000290870667,0.9451310038566589,0.934506356716156,0.9559999704360962,0.9884970188140869,0.9392542839050293,0.9394585490226746,0.9296963810920715,0.9494279623031616,0.9812419414520264
877,Valsequillo,Inle,T-Val_V-Inl_15px_2026-07-21,15,inner,8,0.1703896399991229,0.1591683151423931,0.9549999833106995,0.9562682509422302,0.9300566911697388,0.984000027179718,0.9901449680328369,0.9376903176307678,0.937955915927887,0.9273905754089355,0.9487647414207458,0.981261670589447
878,Valsequillo,Inle,T-Val_V-Inl_15px_2026-07-21,15,inner,9,0.1640945131290164,0.22534678065776825,0.9164999723434448,0.9146652817726135,0.9352142214775085,0.8949999809265137,0.9773160219192505,0.9430405497550964,0.9432786703109741,0.9327281713485718,0.9540706276893616,0.9820216298103333
879,Valsequillo,Inle,T-Val_V-Inl_15px_2026-07-21,15,inner,10,0.16030858529515302,0.14838452589511872,0.9434999823570251,0.9444171190261841,0.9293320178985596,0.9599999785423279,0.9882569909095764,0.941805899143219,0.9421013593673706,0.9307443499565125,0.9537389874458313,0.9832922220230103
880,Valsequillo,Inle,T-Val_V-Inl_15px_2026-07-21,15,inner,11,0.14128249964848283,0.11269061341881752,0.9670000076293945,0.967164158821106,0.9623762369155884,0.972000002861023,0.9920049905776978,0.9493785500526428,0.9494949579238892,0.9406117796897888,0.9585475325584412,0.9867812395095825
881,Valsequillo,Inle,T-Val_V-Inl_15px_2026-07-21,15,inner,12,0.14062012899144213,0.1493673629462719,0.9470000267028809,0.9488416910171509,0.91697758436203,0.9829999804496765,0.9908319711685181,0.948308527469635,0.948329746723175,0.9412052631378174,0.955562949180603,0.987350344657898
882,Valsequillo,Inle,T-Val_V-Inl_15px_2026-07-21,15,inner,13,0.1414348492309168,0.1594244627058506,0.9415000081062317,0.9406392574310303,0.9546858668327332,0.9269999861717224,0.9847379922866821,0.9491316080093384,0.949252724647522,0.9402960538864136,0.958381712436676,0.9867935180664062
883,Valsequillo,Inle,T-Val_V-Inl_15px_2026-07-21,15,inner,14,0.13563148911494424,0.13991774211078883,0.9480000138282776,0.9496123790740967,0.9210526347160339,0.9800000190734863,0.9910889863967896,0.9505308866500854,0.9505308866500854,0.9437724947929382,0.95738685131073,0.988104522228241
884,Valsequillo,Inle,T-Val_V-Inl_15px_2026-07-21,15,inner,15,0.13348571772790857,0.10958272528648376,0.9564999938011169,0.9569519758224487,0.947110652923584,0.9670000076293945,0.9930069446563721,0.9524240493774414,0.9524514675140381,0.9451428651809692,0.9598739743232727,0.9881455898284912
885,Valsequillo,Inle,T-Val_V-Inl_15px_2026-07-21,15,inner,16,0.12210252754471804,0.13574440714716912,0.9470000267028809,0.9481915831565857,0.9273422360420227,0.9700000286102295,0.9893869757652283,0.9575273394584656,0.9574538469314575,0.952271580696106,0.9626927375793457,0.9901489615440369
886,Valsequillo,Inle,T-Val_V-Inl_15px_2026-07-21,15,inner,17,0.11759436712391397,0.12760352979600428,0.9524999856948853,0.9530400633811951,0.9423264861106873,0.9639999866485596,0.9906389713287354,0.9579389095306396,0.957834780216217,0.953350841999054,0.9623611569404602,0.9909104108810425
887,Valsequillo,Inle,T-Val_V-Inl_15px_2026-07-21,15,inner,18,0.11469732755171888,0.15276542502641677,0.9484999775886536,0.9492860436439514,0.935014545917511,0.9639999866485596,0.986847996711731,0.9590089917182922,0.9588837623596191,0.9549416303634644,0.9628585577011108,0.9912471771240234
888,Valsequillo,Inle,T-Val_V-Inl_15px_2026-07-21,15,inner,19,0.11852482764078115,0.10721797421574593,0.965499997138977,0.9662261605262756,0.9463087320327759,0.9869999885559082,0.9929150342941284,0.9581858515739441,0.9581617712974548,0.9518900513648987,0.9645166397094727,0.9903993606567383
889,Valsequillo,Inle,T-Val_V-Inl_15px_2026-07-21,15,inner,20,0.11192552596441031,0.12755245929956435,0.953499972820282,0.9539375901222229,0.9450441598892212,0.9629999995231628,0.9904959797859192,0.9603259563446045,0.9602965116500854,0.9541659951210022,0.9665063619613647,0.9918172955513
890,Valsequillo,Inle,T-Val_V-Inl_15px_2026-07-21,15,inner,21,0.10565848092498951,0.0985159647166729,0.9639999866485596,0.9644268751144409,0.953125,0.9760000109672546,0.9937440752983093,0.9633714556694031,0.9633714556694031,0.95652174949646,0.9703199863433838,0.9927147626876831
891,Valsequillo,Inle,T-Val_V-Inl_15px_2026-07-21,15,inner,22,0.10410146505230541,0.1024778115004301,0.9635000228881836,0.964127779006958,0.947826087474823,0.9810000061988831,0.9942519664764404,0.9634537696838379,0.9633724093437195,0.958627462387085,0.9681645035743713,0.9926952719688416
892,Valsequillo,Inle,T-Val_V-Inl_15px_2026-07-21,15,inner,23,0.1007141413133236,0.10799119634926319,0.9610000252723694,0.9618021249771118,0.9424183964729309,0.9819999933242798,0.9932090044021606,0.9660877585411072,0.9660513997077942,0.9601965546607971,0.9719781279563904,0.9933157563209534
893,Valsequillo,Inle,T-Val_V-Inl_15px_2026-07-21,15,inner,24,0.09924422611673091,0.10875276842713356,0.9635000228881836,0.9640216827392578,0.9504373073577881,0.9779999852180481,0.9932840466499329,0.9656761884689331,0.9656705260276794,0.9589601159095764,0.972475528717041,0.9934167265892029
894,Valsequillo,Inle,T-Val_V-Inl_15px_2026-07-21,15,inner,25,0.09759608224121394,0.11058301474153996,0.9620000123977661,0.9625246524810791,0.9494163393974304,0.9760000109672546,0.9925389289855957,0.9667462110519409,0.9666831493377686,0.9616078734397888,0.9718123078346252,0.9937342405319214
895,Valsequillo,Inle,T-Val_V-Inl_15px_2026-07-21,15,inner,26,0.09462862745425993,0.09756286020576954,0.9660000205039978,0.9663366079330444,0.95686274766922,0.9760000109672546,0.9942650198936462,0.9664993286132812,0.9664329886436462,0.961437463760376,0.971480667591095,0.9939984083175659
896,Valsequillo,Inle,T-Val_V-Inl_15px_2026-07-21,15,inner,27,0.09280804011819588,0.10024203253537417,0.9624999761581421,0.9630360007286072,0.9494655132293701,0.9769999980926514,0.994022011756897,0.9685570597648621,0.9684922695159912,0.9635647535324097,0.9734703898429871,0.9943133592605591
897,Valsequillo,Inle,T-Val_V-Inl_15px_2026-07-21,15,inner,28,0.09005013986574455,0.10390037040412425,0.9595000147819519,0.9601573944091797,0.9448208808898926,0.9760000109672546,0.9939650297164917,0.9701210260391235,0.9700568914413452,0.9652002453804016,0.9749627113342285,0.9946051836013794
898,Valsequillo,Inle,T-Val_V-Inl_15px_2026-07-21,15,inner,29,0.09126077745996274,0.10233687934279442,0.9629999995231628,0.9635108709335327,0.9503890872001648,0.9769999980926514,0.9932330250740051,0.9689686298370361,0.9688352346420288,0.9660402536392212,0.9716464877128601,0.9943934082984924
899,Valsequillo,Inle,T-Val_V-Inl_15px_2026-07-21,15,inner,30,0.09180627949949802,0.10363981305062771,0.9624999761581421,0.9629263281822205,0.9521016478538513,0.9739999771118164,0.9933669567108154,0.968063235282898,0.9680920839309692,0.9603524208068848,0.9759575724601746,0.9943543076515198
900,Valsequillo,Inle,T-Val_V-Inl_15px_2026-07-21,15,inner,31,0.08934463129454517,0.11077563678473235,0.9595000147819519,0.9602356553077698,0.9431051015853882,0.9779999852180481,0.9928749799728394,0.9702032804489136,0.9701418876647949,0.9652059674263,0.9751285314559937,0.994357705116272
901,Valsequillo,Inle,T-Val_V-Inl_15px_2026-07-21,15,inner,32,0.08524123066695141,0.10273698557913304,0.9610000252723694,0.9615004658699036,0.9493177533149719,0.9739999771118164,0.9936890006065369,0.9716026186943054,0.9715604782104492,0.9660655856132507,0.977118194103241,0.9951596856117249
902,Valsequillo,Inle,T-Val_V-Inl_15px_2026-07-21,15,inner,33,0.08818817435002482,0.1049879519417882,0.9605000019073486,0.96121746301651,0.9440694451332092,0.9789999723434448,0.9937800168991089,0.9708617925643921,0.9708065390586853,0.9657096266746521,0.9759575724601746,0.9947928786277771
903,Valsequillo,Inle,T-Val_V-Inl_15px_2026-07-21,15,inner,34,0.08762347016442763,0.10017808533459902,0.9614999890327454,0.9619377255439758,0.9511241316795349,0.9729999899864197,0.9941040277481079,0.9698740839958191,0.9698517322540283,0.9636601805686951,0.9761233329772949,0.9949073791503906
904,Valsequillo,Inle,T-Val_V-Inl_15px_2026-07-21,15,inner,35,0.08590326277301953,0.09804568830877543,0.9624999761581421,0.9629263281822205,0.9521016478538513,0.9739999771118164,0.9941924810409546,0.970450222492218,0.9704064130783081,0.9649180173873901,0.9759575724601746,0.995371401309967
905,Valsequillo,Inle,T-Val_V-Inl_15px_2026-07-21,15,inner,36,0.08365559302952978,0.1026540579199791,0.9610000252723694,0.9614624381065369,0.9501953125,0.9729999899864197,0.9933629631996155,0.9714379906654358,0.9713578224182129,0.9671269059181213,0.9756259322166443,0.995546817779541
906,Valsequillo,Vembanad,T-Val_V-Vem_15px_2026-07-21,15,inner,1,0.3509045475656097,0.4540340475864582,0.8256743550300598,0.8064337372779846,0.9076154828071594,0.7255489230155945,0.9056726694107056,0.8564254641532898,0.8563663363456726,0.8504825830459595,0.8623320460319519,0.9245594143867493
907,Valsequillo,Vembanad,T-Val_V-Vem_15px_2026-07-21,15,inner,2,0.2627759465731995,0.20862866661229454,0.9625374674797058,0.9628896713256836,0.9548577070236206,0.9710578918457031,0.9860957860946655,0.9022803902626038,0.9026490449905396,0.8927644491195679,0.912755012512207,0.9576280117034912
908,Valsequillo,Vembanad,T-Val_V-Vem_15px_2026-07-21,15,inner,3,0.2424209818306544,0.18295121562111746,0.9325674176216125,0.9341142177581787,0.9140400886535645,0.955089807510376,0.982330322265625,0.9141351580619812,0.9145011901855469,0.9040518403053284,0.9251949191093445,0.963358998298645
909,Valsequillo,Vembanad,T-Val_V-Vem_15px_2026-07-21,15,inner,4,0.21493522327378267,0.16237820262139613,0.9640359878540039,0.96484375,0.9445506930351257,0.9860279560089111,0.9880110025405884,0.9238495230674744,0.92387455701828,0.9168572425842285,0.9310001730918884,0.9708806276321411
910,Valsequillo,Vembanad,T-Val_V-Vem_15px_2026-07-21,15,inner,5,0.2155709752646299,0.2069875085642645,0.9320679306983948,0.9289446473121643,0.9747806787490845,0.8872255682945251,0.9854500889778137,0.922861635684967,0.9230642914772034,0.9139837622642517,0.9323270916938782,0.970503032207489
911,Valsequillo,Vembanad,T-Val_V-Vem_15px_2026-07-21,15,inner,6,0.173503190262446,0.17037615843943427,0.9410589337348938,0.94305020570755,0.913084089756012,0.9750499129295349,0.9845279455184937,0.9365275502204895,0.9366838932037354,0.9276187419891357,0.9459280371665955,0.980926513671875
912,Valsequillo,Vembanad,T-Val_V-Vem_15px_2026-07-21,15,inner,7,0.16349871327018428,0.18211015558742977,0.9300699234008789,0.931034505367279,0.9192606806755066,0.9431137442588806,0.9822404980659485,0.9390795826911926,0.939204752445221,0.9304900169372559,0.9480842351913452,0.9829068779945374
913,Valsequillo,Vembanad,T-Val_V-Vem_15px_2026-07-21,15,inner,8,0.16565844546775027,0.1501935439986306,0.9465534687042236,0.9485824108123779,0.9147358536720276,0.985029935836792,0.9896286725997925,0.9408084154129028,0.9407791495323181,0.9343913793563843,0.9472549557685852,0.9822099208831787
914,Valsequillo,Vembanad,T-Val_V-Vem_15px_2026-07-21,15,inner,9,0.15752643248524953,0.13794251344539785,0.962037980556488,0.9621514081954956,0.9602385759353638,0.9640718698501587,0.9899511337280273,0.9412200450897217,0.941331148147583,0.9327471256256104,0.9500746130943298,0.984298050403595
915,Valsequillo,Vembanad,T-Val_V-Vem_15px_2026-07-21,15,inner,10,0.1636691966856263,0.19763951085425996,0.9290709495544434,0.9284995198249817,0.9369918704032898,0.9201596975326538,0.9778432846069336,0.9404791593551636,0.9403219223022461,0.9359185099601746,0.9447669386863708,0.9832127690315247
916,Valsequillo,Vembanad,T-Val_V-Vem_15px_2026-07-21,15,inner,11,0.1386531648311417,0.1162521591434231,0.9660339951515198,0.9664031863212585,0.9569471478462219,0.976047933101654,0.9917425513267517,0.950193464756012,0.9503324627876282,0.940832257270813,0.9600265622138977,0.9878169298171997
917,Valsequillo,Vembanad,T-Val_V-Vem_15px_2026-07-21,15,inner,12,0.13213278228884578,0.1425673987243797,0.9455544352531433,0.9468033313751221,0.9264565706253052,0.9680638909339905,0.9876347184181213,0.9503580927848816,0.950268030166626,0.9450459480285645,0.9555481672286987,0.9891278147697449
918,Valsequillo,Vembanad,T-Val_V-Vem_15px_2026-07-21,15,inner,13,0.12427586884979772,0.11318225228226744,0.9685314893722534,0.9684526920318604,0.9718592762947083,0.9650698900222778,0.9926895499229431,0.9548859596252441,0.9547630548477173,0.9503697752952576,0.9591972231864929,0.9903304576873779
919,Valsequillo,Vembanad,T-Val_V-Vem_15px_2026-07-21,15,inner,14,0.12360674477184398,0.1448289820781121,0.9565434455871582,0.9567379355430603,0.9534192085266113,0.9600798487663269,0.9887515306472778,0.9551329612731934,0.9550737738609314,0.9493608474731445,0.9608558416366577,0.9899846315383911
920,Valsequillo,Vembanad,T-Val_V-Vem_15px_2026-07-21,15,inner,15,0.12296694689584022,0.14357357705151522,0.953046977519989,0.9531405568122864,0.9521912336349487,0.9540917873382568,0.986912190914154,0.9565324783325195,0.956536054611206,0.9495015740394592,0.9636755585670471,0.9904667139053345
921,Valsequillo,Vembanad,T-Val_V-Vem_15px_2026-07-21,15,inner,16,0.11521937829693267,0.1151904829672643,0.9635364413261414,0.9635546803474426,0.9640359878540039,0.9630738496780396,0.9917525053024292,0.9582613110542297,0.9581026434898376,0.9547101259231567,0.9615193009376526,0.9915492534637451
922,Valsequillo,Vembanad,T-Val_V-Vem_15px_2026-07-21,15,inner,17,0.11104227682403688,0.12989620469905042,0.9605394601821899,0.9606377482414246,0.9592039585113525,0.9620758295059204,0.9906476736068726,0.9599077701568604,0.9597354531288147,0.9568084478378296,0.9626803994178772,0.991905927658081
923,Valsequillo,Vembanad,T-Val_V-Vem_15px_2026-07-21,15,inner,18,0.10896850754481201,0.13273266821236282,0.9525474309921265,0.953362762928009,0.938164234161377,0.9690618515014648,0.9889940023422241,0.9624598622322083,0.962351381778717,0.9580798745155334,0.9666611552238464,0.9919710159301758
924,Valsequillo,Vembanad,T-Val_V-Vem_15px_2026-07-21,15,inner,19,0.10799620207851489,0.11261893980033867,0.9655344486236572,0.9653440713882446,0.9716885685920715,0.9590818285942078,0.9922634363174438,0.9625421762466431,0.9624184370040894,0.9585390090942383,0.9663293957710266,0.992241382598877
925,Valsequillo,Vembanad,T-Val_V-Vem_15px_2026-07-21,15,inner,20,0.1070615536694842,0.14066029290159743,0.9470529556274414,0.9464646577835083,0.9580777287483215,0.9351297616958618,0.9886177778244019,0.9628714919090271,0.9627673029899597,0.9584155082702637,0.9671587347984314,0.9927186965942383
926,Valsequillo,Vembanad,T-Val_V-Vem_15px_2026-07-21,15,inner,21,0.10234185654709563,0.11457950915847268,0.9595404863357544,0.9598413705825806,0.9536945819854736,0.9660678505897522,0.9911836385726929,0.9635300636291504,0.9633065462112427,0.9621111750602722,0.9645048975944519,0.9932275414466858
927,Valsequillo,Vembanad,T-Val_V-Vem_15px_2026-07-21,15,inner,22,0.09707798257333963,0.10927342546807899,0.962037980556488,0.9625246524810791,0.9512670636177063,0.9740518927574158,0.9924371242523193,0.966576099395752,0.9664185047149658,0.9638673663139343,0.9689832329750061,0.9938158392906189
928,Valsequillo,Vembanad,T-Val_V-Vem_15px_2026-07-21,15,inner,23,0.09774830164020568,0.110820361129292,0.962037980556488,0.9619619846343994,0.9648594260215759,0.9590818285942078,0.991254448890686,0.9651765823364258,0.9650673270225525,0.96101975440979,0.969149112701416,0.9937605261802673
929,Valsequillo,Vembanad,T-Val_V-Vem_15px_2026-07-21,15,inner,24,0.09722026032146097,0.12466960234360976,0.9605394601821899,0.9605197310447693,0.9619619846343994,0.9590818285942078,0.9897783994674683,0.9649296402931213,0.9647526144981384,0.9625226855278015,0.9669928550720215,0.993813693523407
930,Valsequillo,Vembanad,T-Val_V-Vem_15px_2026-07-21,15,inner,25,0.09557792901498423,0.1305981070458234,0.957042932510376,0.9564777612686157,0.9702258706092834,0.9431137442588806,0.9905339479446411,0.9657528400421143,0.9656027555465698,0.9627370238304138,0.9684856534004211,0.9941093921661377
931,Valsequillo,Vembanad,T-Val_V-Vem_15px_2026-07-21,15,inner,26,0.09123036320484341,0.12056349192585025,0.9650349617004395,0.9649999737739563,0.9669338464736938,0.9630738496780396,0.9900738000869751,0.9677286744117737,0.967608630657196,0.9641034007072449,0.9711394906044006,0.9946985244750977
932,Valsequillo,Vembanad,T-Val_V-Vem_15px_2026-07-21,15,inner,27,0.09428973291310017,0.12450102858848267,0.9600399732589722,0.9600798487663269,0.9600798487663269,0.9600798487663269,0.9893991947174072,0.9677286744117737,0.967603325843811,0.9642562866210938,0.9709736108779907,0.9939870834350586
933,Valsequillo,Vembanad,T-Val_V-Vem_15px_2026-07-21,15,inner,28,0.09054404545357328,0.10823647476933695,0.9640359878540039,0.9643564224243164,0.9567779898643494,0.9720559120178223,0.991881251335144,0.966905415058136,0.9667768478393555,0.9634327292442322,0.9701443314552307,0.9947195053100586
934,Valsequillo,Vembanad,T-Val_V-Vem_15px_2026-07-21,15,inner,29,0.08796182593831096,0.11558229609445615,0.9660339951515198,0.9659318923950195,0.9698188900947571,0.9620758295059204,0.9921237230300903,0.970198392868042,0.9700925350189209,0.9664197564125061,0.9737933278083801,0.9951217174530029
935,Valsequillo,Vembanad,T-Val_V-Vem_15px_2026-07-21,15,inner,30,0.08924328887929757,0.10745284857449831,0.9660339951515198,0.9660678505897522,0.9660678505897522,0.9660678505897522,0.991802453994751,0.9689635038375854,0.9688094854354858,0.9664905667304993,0.9711394906044006,0.994760274887085
936,Valsequillo,Vembanad,T-Val_V-Vem_15px_2026-07-21,15,inner,31,0.08568570578386948,0.11356780635607945,0.9670329689979553,0.9670000076293945,0.968937873840332,0.9650698900222778,0.9914241433143616,0.9706923365592957,0.9705930948257446,0.9667599201202393,0.974456787109375,0.9951958656311035
937,Valsequillo,Vembanad,T-Val_V-Vem_15px_2026-07-21,15,inner,32,0.08419102648947968,0.11445854040054412,0.9655344486236572,0.965309202671051,0.9726443886756897,0.9580838084220886,0.9911437034606934,0.970527708530426,0.9704278707504272,0.9665953516960144,0.9742909073829651,0.9955540299415588
938,Valsequillo,Vembanad,T-Val_V-Vem_15px_2026-07-21,15,inner,33,0.08340517365008487,0.1253144918205021,0.9580419659614563,0.9580000042915344,0.959919810295105,0.9560878276824951,0.9896148443222046,0.9715979099273682,0.9714899659156799,0.9680500626564026,0.97495436668396,0.995431125164032
939,Valsequillo,Vembanad,T-Val_V-Vem_15px_2026-07-21,15,inner,34,0.0826165946578478,0.10323526684220855,0.9685314893722534,0.968578577041626,0.9680957198143005,0.9690618515014648,0.9924001693725586,0.972338855266571,0.9722451567649841,0.9684054851531982,0.9761154651641846,0.9956533312797546
940,Valsequillo,Vembanad,T-Val_V-Vem_15px_2026-07-21,15,inner,35,0.07978070781709501,0.11994686692982882,0.9610389471054077,0.9610000252723694,0.9629258513450623,0.9590818285942078,0.9898054003715515,0.9733267426490784,0.9731788039207458,0.9714096784591675,0.97495436668396,0.9958224892616272
941,Valsequillo,Vembanad,T-Val_V-Vem_15px_2026-07-21,15,inner,36,0.08186869246766647,0.11792286322428869,0.9600399732589722,0.9599999785423279,0.9619238376617432,0.9580838084220886,0.9903553128242493,0.9715979099273682,0.9714522361755371,0.9692866802215576,0.9736274480819702,0.9957559704780579
942,Valsequillo,Vembanad,T-Val_V-Vem_15px_2026-07-21,15,inner,37,0.08079091831643051,0.10843058548249922,0.9635364413261414,0.9635910391807556,0.9631106853485107,0.9640718698501587,0.9913223385810852,0.971680223941803,0.9715325832366943,0.9694467186927795,0.9736274480819702,0.9958531260490417
943,Valsequillo,Vembanad,T-Val_V-Vem_15px_2026-07-21,15,inner,38,0.08346982340150443,0.1109871981027243,0.9635364413261414,0.9635910391807556,0.9631106853485107,0.9640718698501587,0.9907285571098328,0.9713509678840637,0.971230149269104,0.9681885838508606,0.9742909073829651,0.9953429698944092
944,Valsequillo,Vembanad,T-Val_V-Vem_15px_2026-07-21,15,inner,39,0.08088371473408004,0.11563348916027096,0.9625374674797058,0.9622926115989685,0.9696048498153687,0.955089807510376,0.9907854199409485,0.9717625975608826,0.9716411828994751,0.9686778783798218,0.9746226668357849,0.9956232309341431
945,Valsequillo,Vembanad,T-Val_V-Vem_15px_2026-07-21,15,inner,40,0.08089021930285979,0.11029813381341788,0.9655344486236572,0.9655172228813171,0.966966986656189,0.9640718698501587,0.991134762763977,0.9721742272377014,0.9720198512077332,0.9702528715133667,0.9737933278083801,0.9957534074783325
946,Valsequillo,Vembanad,T-Val_V-Vem_15px_2026-07-21,15,inner,41,0.079888240716762,0.1087215530288803,0.9645354747772217,0.9645885229110718,0.9641076922416687,0.9650698900222778,0.9910598993301392,0.9725857973098755,0.9724952578544617,0.9685751795768738,0.9764471650123596,0.9958443641662598
947,Valsequillo,Vembanad,T-Val_V-Vem_15px_2026-07-21,15,inner,42,0.07930174320102022,0.1071491632070932,0.9630369544029236,0.9631474018096924,0.961232602596283,0.9650698900222778,0.991455078125,0.9731621146202087,0.9730355739593506,0.9704669117927551,0.9756178259849548,0.9960317611694336
948,Valsequillo,Vembanad,T-Val_V-Vem_15px_2026-07-21,15,inner,43,0.0819907533707953,0.11232170855605995,0.9645354747772217,0.9644822478294373,0.9669007062911987,0.9620758295059204,0.9906407594680786,0.9714332818984985,0.9713436365127563,0.9672697186470032,0.9754520058631897,0.9956361055374146
949,Valsequillo,Vembanad,T-Val_V-Vem_15px_2026-07-21,15,inner,44,0.08016150577662855,0.11397392980821364,0.9625374674797058,0.9624812602996826,0.964894711971283,0.9600798487663269,0.9906926155090332,0.9727504849433899,0.9726604223251343,0.9687396883964539,0.9766130447387695,0.9958658218383789
950,Valsequillo,RawaPening,T-Val_V-Raw_15px_2026-07-21,15,inner,1,0.3528371834701949,0.22786942227082058,0.9385614395141602,0.9403780698776245,0.9142318367958069,0.9680638909339905,0.974428117275238,0.8511566519737244,0.8491069674491882,0.8545271158218384,0.8437551856040955,0.9240929484367371
951,Valsequillo,RawaPening,T-Val_V-Raw_15px_2026-07-21,15,inner,2,0.248426824305159,0.34533174197514216,0.8606393337249756,0.8770383596420288,0.7853196263313293,0.9930139780044556,0.962061882019043,0.9068905711174011,0.9069824814796448,0.8995106220245361,0.9145795106887817,0.9617279767990112
952,Valsequillo,RawaPening,T-Val_V-Raw_15px_2026-07-21,15,inner,3,0.22203792441850081,0.20628345861182465,0.9320679306983948,0.9334638118743896,0.9155470132827759,0.9520958065986633,0.9729441404342651,0.9222853183746338,0.9223045110702515,0.9153733253479004,0.9293414950370789,0.9690581560134888
953,Valsequillo,RawaPening,T-Val_V-Raw_15px_2026-07-21,15,inner,4,0.209833944276634,0.18295644275791995,0.9295704364776611,0.9339578747749329,0.8799647092819214,0.9950099587440491,0.9886007905006409,0.9272248148918152,0.9272428154945374,0.9202744364738464,0.9343174695968628,0.9714058637619019
954,Valsequillo,RawaPening,T-Val_V-Raw_15px_2026-07-21,15,inner,5,0.19735076794965262,0.21364926517783822,0.9300699234008789,0.9339622855186462,0.8855098485946655,0.9880239367485046,0.974582850933075,0.9310117959976196,0.9310742020606995,0.9234785437583923,0.938795804977417,0.974914014339447
955,Valsequillo,RawaPening,T-Val_V-Raw_15px_2026-07-21,15,inner,6,0.16713078752144125,0.15494426249802767,0.9410589337348938,0.9435946345329285,0.905504584312439,0.985029935836792,0.9879231452941895,0.9400675296783447,0.9402004480361938,0.9313262701034546,0.9492453336715698,0.9820902347564697
956,Valsequillo,RawaPening,T-Val_V-Raw_15px_2026-07-21,15,inner,7,0.15964437156027508,0.14299867152572274,0.9515484571456909,0.9523809552192688,0.9371980428695679,0.9680638909339905,0.9857385158538818,0.9447600245475769,0.9447236061096191,0.9384615421295166,0.9510698318481445,0.9832828044891357
957,Valsequillo,RawaPening,T-Val_V-Raw_15px_2026-07-21,15,inner,8,0.1601396882100744,0.19632026853856746,0.922577440738678,0.9235323071479797,0.9131707549095154,0.9341317415237427,0.9770967960357666,0.9439367651939392,0.9439090490341187,0.9375,0.9504063725471497,0.9831371903419495
958,Valsequillo,RawaPening,T-Val_V-Raw_15px_2026-07-21,15,inner,9,0.1547828938312429,0.15535145352681082,0.9435564279556274,0.9462161064147949,0.9044585824012756,0.9920159578323364,0.9885159730911255,0.9450070261955261,0.9449571371078491,0.9389225244522095,0.9510698318481445,0.9848703742027283
959,Valsequillo,RawaPening,T-Val_V-Raw_15px_2026-07-21,15,inner,10,0.15171694725192486,0.20455985860182688,0.9180819392204285,0.9160696268081665,0.9401260614395142,0.8932135701179504,0.976765513420105,0.9478060603141785,0.9479132294654846,0.9391176700592041,0.9568750858306885,0.9847267866134644
960,Valsequillo,RawaPening,T-Val_V-Raw_15px_2026-07-21,15,inner,11,0.13657375498704483,0.16297034320461523,0.949550449848175,0.9503197073936462,0.9369544386863708,0.9640718698501587,0.9850459098815918,0.952333927154541,0.9522001147270203,0.9478961229324341,0.9565433859825134,0.9876849055290222
961,Valsequillo,RawaPening,T-Val_V-Raw_15px_2026-07-21,15,inner,12,0.13043362425807828,0.18166981985072395,0.9430569410324097,0.9454023241996765,0.908839762210846,0.985029935836792,0.9833822250366211,0.953815758228302,0.9536555409431458,0.949967086315155,0.9573727250099182,0.9887672662734985
962,Valsequillo,RawaPening,T-Val_V-Raw_15px_2026-07-21,15,inner,13,0.12654574856627004,0.14407439702576572,0.953046977519989,0.9535573124885559,0.9442269802093506,0.9630738496780396,0.9854001998901367,0.9554622769355774,0.9553520083427429,0.9507227540016174,0.9600265622138977,0.9895530939102173
963,Valsequillo,RawaPening,T-Val_V-Raw_15px_2026-07-21,15,inner,14,0.12597961098721186,0.16502637862340436,0.9460539221763611,0.9454545378684998,0.9570552110671997,0.9341317415237427,0.9829131364822388,0.953486442565918,0.9532864689826965,0.9503791332244873,0.9562116265296936,0.9895177483558655
964,Valsequillo,RawaPening,T-Val_V-Raw_15px_2026-07-21,15,inner,15,0.12102060049534276,0.14448704761820477,0.949550449848175,0.9508993625640869,0.9270142316818237,0.976047933101654,0.9866576790809631,0.9575203657150269,0.9573906064033508,0.9532971382141113,0.9615193009376526,0.9902558326721191
965,Valsequillo,RawaPening,T-Val_V-Raw_15px_2026-07-21,15,inner,16,0.11145103423548518,0.1297473274217872,0.9535464644432068,0.9547004103660583,0.9324452877044678,0.9780439138412476,0.9884002208709717,0.9596608281135559,0.9595242142677307,0.9557347297668457,0.9633438587188721,0.9920432567596436
966,Valsequillo,RawaPening,T-Val_V-Raw_15px_2026-07-21,15,inner,17,0.11630163838527345,0.1371818486076373,0.9525474309921265,0.9534541964530945,0.9364773631095886,0.9710578918457031,0.9877784252166748,0.9601547718048096,0.9600528478622437,0.9554789066314697,0.9646707773208618,0.9909619092941284
967,Valsequillo,RawaPening,T-Val_V-Raw_15px_2026-07-21,15,inner,18,0.10515977333207734,0.1273100133408438,0.9560439586639404,0.957156777381897,0.9344106316566467,0.9810379147529602,0.9888991713523865,0.961801290512085,0.9616338610649109,0.9587798714637756,0.9645048975944519,0.9931361079216003
968,Valsequillo,RawaPening,T-Val_V-Raw_15px_2026-07-21,15,inner,19,0.10852852160718457,0.15108744563399018,0.9470529556274414,0.9467336535453796,0.953441321849823,0.940119743347168,0.985163688659668,0.9619659185409546,0.9618118405342102,0.958642303943634,0.9650024771690369,0.992150068283081
969,Valsequillo,RawaPening,T-Val_V-Raw_15px_2026-07-21,15,inner,20,0.10375602100011674,0.14962171906089924,0.948051929473877,0.9489696025848389,0.9333977103233337,0.9650698900222778,0.985175609588623,0.9636947512626648,0.9635747671127319,0.9596906900405884,0.9674904346466064,0.9927558898925781
970,Valsequillo,RawaPening,T-Val_V-Raw_15px_2026-07-21,15,inner,21,0.09752529740917483,0.13096681749680777,0.9555444717407227,0.9561792016029358,0.943634569644928,0.9690618515014648,0.9880968332290649,0.9674816727638245,0.9673634767532349,0.9637800455093384,0.9709736108779907,0.9936153888702393
971,Valsequillo,RawaPening,T-Val_V-Raw_15px_2026-07-21,15,inner,22,0.09660897904954409,0.12435859229999942,0.9540459513664246,0.9551219344139099,0.9341602921485901,0.9770458936691284,0.9896866083145142,0.9666584134101868,0.9665316939353943,0.9631093740463257,0.9699784517288208,0.9939568042755127
972,Valsequillo,RawaPening,T-Val_V-Raw_15px_2026-07-21,15,inner,23,0.09512513783434746,0.13356741989118892,0.9510489702224731,0.9512437582015991,0.9484127163887024,0.9540917873382568,0.9874730110168457,0.9670700430870056,0.966985821723938,0.9623788595199585,0.9716370701789856,0.9942315816879272
973,Valsequillo,RawaPening,T-Val_V-Raw_15px_2026-07-21,15,inner,24,0.09489491159674306,0.14059478098286557,0.948051929473877,0.9484637975692749,0.9419291615486145,0.955089807510376,0.9867285490036011,0.966576099395752,0.9664074182510376,0.9641736745834351,0.968651533126831,0.9940413236618042
974,Valsequillo,RawaPening,T-Val_V-Raw_15px_2026-07-21,15,inner,25,0.09409295178405776,0.12433789073527753,0.957042932510376,0.9577603340148926,0.9429400563240051,0.9730538725852966,0.9887803792953491,0.9669877290725708,0.9668403267860413,0.9640501141548157,0.969646692276001,0.994028627872467
975,Valsequillo,RawaPening,T-Val_V-Raw_15px_2026-07-21,15,inner,26,0.08925560719953934,0.13638504133834228,0.9525474309921265,0.9525237083435059,0.9539539813995361,0.9510977864265442,0.9870588779449463,0.969869077205658,0.9697520732879639,0.9663976430892944,0.9731298685073853,0.9946556091308594
976,Valsequillo,RawaPening,T-Val_V-Raw_15px_2026-07-21,15,inner,27,0.08987788360366863,0.12845985934726306,0.9540459513664246,0.95476895570755,0.940891444683075,0.9690618515014648,0.9881666898727417,0.969045877456665,0.9689204692840576,0.9657274484634399,0.9721347093582153,0.9948455691337585
977,Valsequillo,RawaPening,T-Val_V-Raw_15px_2026-07-21,15,inner,28,0.08971337879796848,0.13455869256519712,0.9510489702224731,0.9514851570129395,0.9440078735351562,0.9590818285942078,0.987228512763977,0.9685519337654114,0.9684922695159912,0.9632485508918762,0.9737933278083801,0.9947646260261536
978,Valsequillo,RawaPening,T-Val_V-Raw_15px_2026-07-21,15,inner,29,0.0875777768142441,0.13478588531320387,0.9515484571456909,0.9523341655731201,0.938044548034668,0.9670658707618713,0.9872834086418152,0.9682226181030273,0.9681622982025146,0.9629204273223877,0.9734616279602051,0.9949183464050293
979,Valsequillo,RawaPening,T-Val_V-Raw_15px_2026-07-21,15,inner,30,0.08832100468024585,0.13090120091453775,0.9555444717407227,0.9555222392082214,0.9569569826126099,0.9540917873382568,0.9879411458969116,0.9700337648391724,0.9699670076370239,0.9650303721427917,0.97495436668396,0.9947472214698792
980,Valsequillo,RawaPening,T-Val_V-Raw_15px_2026-07-21,15,inner,31,0.08520302259280199,0.1339199510937953,0.9490509629249573,0.9493545293807983,0.9446640610694885,0.9540917873382568,0.9870020151138306,0.9711862802505493,0.9710648059844971,0.9680237174034119,0.9741250872612,0.9951231479644775
981,Valsequillo,RawaPening,T-Val_V-Raw_15px_2026-07-21,15,inner,32,0.08296472358305661,0.1359953572852658,0.9515484571456909,0.9517172574996948,0.9493545293807983,0.9540917873382568,0.9866546988487244,0.9696221351623535,0.9695419073104858,0.96500164270401,0.9741250872612,0.9957290291786194
982,Valsequillo,RawaPening,T-Val_V-Raw_15px_2026-07-21,15,inner,33,0.08425818524032284,0.13323132542857935,0.9535464644432068,0.9542548060417175,0.9408341646194458,0.9680638909339905,0.987462043762207,0.9708570241928101,0.970758318901062,0.9669244885444641,0.9746226668357849,0.995368480682373
983,Valsequillo,RawaPening,T-Val_V-Raw_15px_2026-07-21,15,inner,34,0.0820912289758803,0.13613897463405406,0.953046977519989,0.9529058337211609,0.9567404389381409,0.9491018056869507,0.9871127605438232,0.9718449115753174,0.9717541933059692,0.9677578806877136,0.9757837057113647,0.9955921173095703
984,Valsequillo,RawaPening,T-Val_V-Raw_15px_2026-07-21,15,inner,35,0.08403945443801372,0.12957476863970646,0.9535464644432068,0.9540286660194397,0.9451518058776855,0.9630738496780396,0.9881287813186646,0.9706923365592957,0.9705736637115479,0.9673751592636108,0.9737933278083801,0.9954718351364136
985,Valsequillo,Winam,T-Val_V-Win_15px_2026-07-21,15,inner,1,0.35140512084274134,0.4248307949917884,0.8484241962432861,0.8590041995048523,0.8033072352409363,0.9229999780654907,0.894479513168335,0.8506172895431519,0.8495149612426758,0.8495854139328003,0.8494445085525513,0.9251720905303955
986,Valsequillo,Winam,T-Val_V-Win_15px_2026-07-21,15,inner,2,0.25744549005365175,0.4238028538288952,0.8694347143173218,0.8779803514480591,0.8244073987007141,0.9390000104904175,0.8970070481300354,0.9054321050643921,0.9059353470802307,0.8947283029556274,0.9174266457557678,0.958999514579773
987,Valsequillo,Winam,T-Val_V-Win_15px_2026-07-21,15,inner,3,0.22208461693775508,0.28891485712941495,0.9019509553909302,0.9059500694274902,0.8708487153053284,0.9440000057220459,0.9447177052497864,0.9195061922073364,0.9197439551353455,0.9104793071746826,0.9291991591453552,0.9686940908432007
988,Valsequillo,Winam,T-Val_V-Win_15px_2026-07-21,15,inner,4,0.20145918955528197,0.3930656780722202,0.8884442448616028,0.8895492553710938,0.8812561631202698,0.8980000019073486,0.931022047996521,0.9305349588394165,0.9307856559753418,0.9208177924156189,0.9409716725349426,0.9738112688064575
989,Valsequillo,Winam,T-Val_V-Win_15px_2026-07-21,15,inner,5,0.19080416533436795,0.4134142063094537,0.8394197225570679,0.8244942426681519,0.9095295667648315,0.7540000081062317,0.929984986782074,0.934650182723999,0.9348753094673157,0.9250121712684631,0.944951057434082,0.9759030938148499
990,Valsequillo,Winam,T-Val_V-Win_15px_2026-07-21,15,inner,6,0.15940721703409658,0.3426880739953531,0.8849424719810486,0.8855721354484558,0.8811880946159363,0.8899999856948853,0.9333703517913818,0.9447736740112305,0.9448779821395874,0.9363399744033813,0.9535732269287109,0.9832725524902344
991,Valsequillo,Winam,T-Val_V-Win_15px_2026-07-21,15,inner,7,0.156247083583977,0.41944622815683996,0.8784392476081848,0.8797624707221985,0.8707149624824524,0.8889999985694885,0.918868899345398,0.9448559880256653,0.944937527179718,0.9367769360542297,0.9532415866851807,0.9841405153274536
992,Valsequillo,Winam,T-Val_V-Win_15px_2026-07-21,15,inner,8,0.1532977034525616,0.37449210083364637,0.8554277420043945,0.8494007587432861,0.8868334889411926,0.8149999976158142,0.9359219074249268,0.9477366209030151,0.9477065205574036,0.941426694393158,0.9540706276893616,0.9844626188278198
993,Valsequillo,Winam,T-Val_V-Win_15px_2026-07-21,15,inner,9,0.1574339723280428,0.3893716875081691,0.8374187350273132,0.8207390904426575,0.9151291251182556,0.7440000176429749,0.9399499297142029,0.9448559880256653,0.944874107837677,0.9377756118774414,0.9520809054374695,0.983588457107544
994,Valsequillo,Winam,T-Val_V-Win_15px_2026-07-21,15,inner,10,0.1445068971733007,0.22823499976072634,0.9139569997787476,0.9125127196311951,0.9285714030265808,0.8970000147819519,0.970291256904602,0.9489712119102478,0.9489123225212097,0.9431613683700562,0.9547338485717773,0.9862133264541626
995,Valsequillo,Winam,T-Val_V-Win_15px_2026-07-21,15,inner,11,0.130969688205562,0.3733647244820756,0.8699349761009216,0.8605149984359741,0.9282407164573669,0.8019999861717224,0.9437287449836731,0.9553086161613464,0.9551942944526672,0.9507227540016174,0.9597081542015076,0.988836407661438
996,Valsequillo,Winam,T-Val_V-Win_15px_2026-07-21,15,inner,12,0.12602743636862732,0.3477636205443387,0.8544272184371948,0.8401976823806763,0.9317904710769653,0.7649999856948853,0.954322338104248,0.9559670686721802,0.9558398723602295,0.9516765475273132,0.9600397944450378,0.9896228313446045
997,Valsequillo,Winam,T-Val_V-Win_15px_2026-07-21,15,inner,13,0.12072286789677271,0.3757692806510299,0.8349174857139587,0.8125,0.9407894611358643,0.7149999737739563,0.956763744354248,0.9586831331253052,0.9585466384887695,0.9547622799873352,0.9623611569404602,0.9902912378311157
998,Valsequillo,Winam,T-Val_V-Win_15px_2026-07-21,15,inner,14,0.12418136684982865,0.43466822450583137,0.8464232087135315,0.8302929997444153,0.9283065795898438,0.7509999871253967,0.9477187395095825,0.9566255211830139,0.95652174949646,0.9518883228302002,0.961200475692749,0.9896901845932007
999,Valsequillo,Winam,T-Val_V-Win_15px_2026-07-21,15,inner,15,0.12083204442949452,0.38114834963351024,0.8724362254142761,0.860731840133667,0.9482551217079163,0.7879999876022339,0.9394063949584961,0.95876544713974,0.9586872458457947,0.9535760879516602,0.9638534188270569,0.9902499914169312
1000,Valsequillo,Winam,T-Val_V-Win_15px_2026-07-21,15,inner,16,0.10727954441873135,0.3730549193609351,0.8459229469299316,0.8248009085655212,0.9564643502235413,0.7250000238418579,0.9664504528045654,0.9625514149665833,0.9624432325363159,0.9582511782646179,0.9666721820831299,0.9923043251037598
1001,Valsequillo,Winam,T-Val_V-Win_15px_2026-07-21,15,inner,17,0.104748582140899,0.42378049376600047,0.8179089426994324,0.795045018196106,0.9097937941551208,0.7059999704360962,0.9365345239639282,0.9653497934341431,0.9651749730110168,0.9630240797996521,0.9673354625701904,0.9923079609870911
1002,Valsequillo,Winam,T-Val_V-Win_15px_2026-07-21,15,inner,18,0.10194509834419062,0.3260006568282321,0.8704352378845215,0.8582375645637512,0.9480048418045044,0.7839999794960022,0.9655755758285522,0.9664197564125061,0.9662474989891052,0.9641736745834351,0.9683302640914917,0.9930879473686218
1003,Valsequillo,Winam,T-Val_V-Win_15px_2026-07-21,15,inner,19,0.10614625820161874,0.4097385502973848,0.8349174857139587,0.8133484125137329,0.9361979365348816,0.718999981880188,0.9534344673156738,0.9618930220603943,0.9618207216262817,0.9566929340362549,0.9670038223266602,0.9924634695053101
1004,Valsequillo,Winam,T-Val_V-Win_15px_2026-07-21,15,inner,20,0.10167034769131814,0.4866630477982649,0.8049024343490601,0.7724620699882507,0.9271708726882935,0.6620000004768372,0.9356856346130371,0.9637860059738159,0.9636363387107849,0.9606195688247681,0.9666721820831299,0.9931671619415283
1005,Valsequillo,,Test_Val_outer_15px_2026-07-21,15,outer,1,0.3273940222475148,,,,,,,0.8707329034805298,0.8699793815612793,0.8696702718734741,0.8702887296676636,0.9344154596328735
1006,Valsequillo,,Test_Val_outer_15px_2026-07-21,15,outer,2,0.2508618066671737,,,,,,,0.909534215927124,0.9102258086204529,0.8978829383850098,0.9229128360748291,0.9602581262588501
1007,Valsequillo,,Test_Val_outer_15px_2026-07-21,15,outer,3,0.218418804207904,,,,,,,0.9245176315307617,0.9248522520065308,0.9151928424835205,0.9347176551818848,0.9693053364753723
1008,Valsequillo,,Test_Val_outer_15px_2026-07-21,15,outer,4,0.20298776597535495,,,,,,,0.928970217704773,0.9291205406188965,0.9215165376663208,0.9368510842323303,0.9731101989746094
1009,Valsequillo,,Test_Val_outer_15px_2026-07-21,15,outer,5,0.19786324044871864,,,,,,,0.9311612248420715,0.9314374327659607,0.9220905900001526,0.9409756660461426,0.9742835760116577
1010,Valsequillo,,Test_Val_outer_15px_2026-07-21,15,outer,6,0.16044383448061464,,,,,,,0.945155143737793,0.9452981948852539,0.9371069073677063,0.9536339044570923,0.9829075336456299
1011,Valsequillo,,Test_Val_outer_15px_2026-07-21,15,outer,7,0.16740544828973908,,,,,,,0.9421160221099854,0.9421650767326355,0.9356241226196289,0.9487981796264648,0.9816296696662903
1012,Valsequillo,,Test_Val_outer_15px_2026-07-21,15,outer,8,0.15823397360264485,,,,,,,0.9440243244171143,0.9441308975219727,0.9365990161895752,0.9517849683761597,0.983801007270813
1013,Valsequillo,,Test_Val_outer_15px_2026-07-21,15,outer,9,0.15618989330699515,,,,,,,0.9457912445068359,0.9458524584770203,0.9390243887901306,0.952780544757843,0.9837793111801147
1014,Valsequillo,,Test_Val_outer_15px_2026-07-21,15,outer,10,0.14967445417194958,,,,,,,0.9472754001617432,0.9472940564155579,0.9411764740943909,0.9534916877746582,0.985483705997467
1015,Valsequillo,,Test_Val_outer_15px_2026-07-21,15,outer,11,0.1421704272171475,,,,,,,0.9504558444023132,0.9506024718284607,0.9420391321182251,0.959322988986969,0.9868267178535461
1016,Valsequillo,,Test_Val_outer_15px_2026-07-21,15,outer,12,0.12796678411824955,,,,,,,0.9546257853507996,0.9546225666999817,0.9488548636436462,0.9604608416557312,0.9895987510681152
1017,Valsequillo,,Test_Val_outer_15px_2026-07-21,15,outer,13,0.13601391314533423,,,,,,,0.9517280459403992,0.9517143964767456,0.9461625218391418,0.9573318362236023,0.9877376556396484
1018,Valsequillo,,Test_Val_outer_15px_2026-07-21,15,outer,14,0.1357969530134776,,,,,,,0.9505972266197205,0.950492262840271,0.946670413017273,0.9543450474739075,0.9881272315979004
1019,Valsequillo,,Test_Val_outer_15px_2026-07-21,15,outer,15,0.13398352198061045,,,,,,,0.9527881741523743,0.9528847336769104,0.9451518058776855,0.9607452750205994,0.9880640506744385
1020,RawaPening,Hartbeespoort,T-Raw_V-Har_15px_2026-07-21,15,inner,1,0.4211256748018614,0.3887710368304741,0.8321850299835205,0.7992936968803406,0.9741750359535217,0.6776447296142578,0.9647026062011719,0.8082270622253418,0.8061860799789429,0.8107023239135742,0.8017198443412781,0.8901708126068115
1021,RawaPening,Hartbeespoort,T-Raw_V-Har_15px_2026-07-21,15,inner,2,0.3274517914852651,0.34793131264645283,0.8833661675453186,0.8874109387397766,0.8467814922332764,0.9321357011795044,0.9497684240341187,0.877416729927063,0.8775476813316345,0.8722431063652039,0.8829171657562256,0.9341603517532349
1022,RawaPening,Hartbeespoort,T-Raw_V-Har_15px_2026-07-21,15,inner,3,0.271809166816957,0.7279325209294013,0.6796259880065918,0.5230769515037537,0.9834710955619812,0.35628741979599,0.9728533625602722,0.903414249420166,0.9038493037223816,0.8953431844711304,0.9125186204910278,0.9534538984298706
1023,RawaPening,Hartbeespoort,T-Raw_V-Har_15px_2026-07-21,15,inner,4,0.2626912243078884,0.3860543360860329,0.8695865869522095,0.8765719532966614,0.8218340873718262,0.9391217827796936,0.94606614112854,0.9092554450035095,0.9099959135055542,0.8981958627700806,0.9221101403236389,0.9552719593048096
1024,RawaPening,Hartbeespoort,T-Raw_V-Har_15px_2026-07-21,15,inner,5,0.2695808754836223,0.6478156841646029,0.7711614370346069,0.7001934051513672,0.9890710115432739,0.5419161915779114,0.980254054069519,0.9079391360282898,0.9083162546157837,0.9001299142837524,0.9166528582572937,0.9534634351730347
1025,RawaPening,Hartbeespoort,T-Raw_V-Har_15px_2026-07-21,15,inner,6,0.2134610629630942,0.3924573846528028,0.851870059967041,0.8246942162513733,0.9902098178863525,0.7065868377685547,0.9901168346405029,0.9258741140365601,0.9261294007301331,0.9183740019798279,0.9340168833732605,0.9699369668960571
1026,RawaPening,Hartbeespoort,T-Raw_V-Har_15px_2026-07-21,15,inner,7,0.20714428548470096,0.25876735274012636,0.9050197005271912,0.8973950147628784,0.9601820111274719,0.8423153758049011,0.962741494178772,0.9285890460014343,0.9288641214370728,0.9207148551940918,0.9371589422225952,0.9717086553573608
1027,RawaPening,Hartbeespoort,T-Raw_V-Har_15px_2026-07-21,15,inner,8,0.21651346245723121,0.1543776044900727,0.9488189220428467,0.9489696025848389,0.9333977103233337,0.9650698900222778,0.9878766536712646,0.9238996505737305,0.9242858290672302,0.9150729179382324,0.9336861371994019,0.9687580466270447
1028,RawaPening,Hartbeespoort,T-Raw_V-Har_15px_2026-07-21,15,inner,9,0.2170103189908198,0.35828853879622585,0.7834645509719849,0.7250000238418579,0.9698996543884277,0.5788423418998718,0.9763579964637756,0.9235705733299255,0.923945963382721,0.9148832559585571,0.9331899881362915,0.9691673517227173
1029,RawaPening,Hartbeespoort,T-Raw_V-Har_15px_2026-07-21,15,inner,10,0.20864961573073326,0.26731529855352687,0.9281495809555054,0.9256619215011597,0.94490647315979,0.9071856141090393,0.9629139304161072,0.9303167462348938,0.9307497143745422,0.9204398393630981,0.9412931799888611,0.9698889255523682
1030,RawaPening,Hartbeespoort,T-Raw_V-Har_15px_2026-07-21,15,inner,11,0.20071871825963172,0.2761221382561631,0.8818897604942322,0.8678414225578308,0.9680589437484741,0.7864271402359009,0.9829167127609253,0.9302344918251038,0.9306509494781494,0.9205630421638489,0.9409624338150024,0.9733544588088989
1031,RawaPening,Hartbeespoort,T-Raw_V-Har_15px_2026-07-21,15,inner,12,0.1876979150359202,0.3778643104812409,0.8449802994728088,0.8173912763595581,0.9751037359237671,0.703592836856842,0.9586109519004822,0.936898410320282,0.9373417496681213,0.9262189269065857,0.9487349390983582,0.9760864973068237
1032,RawaPening,Hartbeespoort,T-Raw_V-Har_15px_2026-07-21,15,inner,13,0.19166561428998438,0.19630525519294062,0.9271653294563293,0.9225130677223206,0.9702643156051636,0.8792415261268616,0.985146164894104,0.9343479871749878,0.9347506165504456,0.9244703054428101,0.9452621340751648,0.9751962423324585
1033,RawaPening,Hartbeespoort,T-Raw_V-Har_15px_2026-07-21,15,inner,14,0.1895064901381253,0.22139595704167847,0.9202755689620972,0.9136460423469543,0.9805492162704468,0.8552893996238708,0.9871441721916199,0.9341834783554077,0.9344692230224609,0.9258237481117249,0.9432776570320129,0.9758777618408203
1034,RawaPening,Hartbeespoort,T-Raw_V-Har_15px_2026-07-21,15,inner,15,0.20022144687857368,0.14713589618290504,0.9507874250411987,0.9492385983467102,0.9659090638160706,0.9331337213516235,0.9881818294525146,0.9324557781219482,0.9327214360237122,0.9244639277458191,0.9411278367042542,0.9729205369949341
1035,RawaPening,Hartbeespoort,T-Raw_V-Har_15px_2026-07-21,15,inner,16,0.17523996324291058,0.2501858397438301,0.9178149700164795,0.911217451095581,0.9749715328216553,0.8552893996238708,0.973035454750061,0.9387083649635315,0.9391389489173889,0.9279948472976685,0.9505540132522583,0.9797990322113037
1036,RawaPening,Hartbeespoort,T-Raw_V-Har_15px_2026-07-21,15,inner,17,0.1765511398794032,0.23660992476062512,0.914370059967041,0.9076433181762695,0.9693877696990967,0.8532934188842773,0.9826502799987793,0.9388728737831116,0.9392824769020081,0.9284329414367676,0.9503886103630066,0.9788576364517212
1037,RawaPening,Hartbeespoort,T-Raw_V-Har_15px_2026-07-21,15,inner,18,0.17207839641366068,0.5219188115640184,0.787401556968689,0.7286432385444641,0.9830508232116699,0.5788423418998718,0.9796823859214783,0.9387083649635315,0.939079225063324,0.9288256168365479,0.9495617747306824,0.9803916215896606
1038,RawaPening,Hartbeespoort,T-Raw_V-Har_15px_2026-07-21,15,inner,19,0.17866198868049804,0.3453549489408262,0.8631889820098877,0.8422247171401978,0.9763157963752747,0.7405189871788025,0.980179488658905,0.9393665194511414,0.9394760727882385,0.9331158399581909,0.9459236264228821,0.9784044027328491
1039,RawaPening,Hartbeespoort,T-Raw_V-Har_15px_2026-07-21,15,inner,20,0.1809066677721181,0.283506861645875,0.8779527544975281,0.8611422181129456,0.980867326259613,0.7674650549888611,0.9884037971496582,0.9354997873306274,0.9356321692466736,0.9290722608566284,0.942285418510437,0.9781993627548218
1040,RawaPening,Hartbeespoort,T-Raw_V-Har_15px_2026-07-21,15,inner,21,0.16872571799084268,0.27029043013655296,0.8828740119934082,0.8685082793235779,0.9727723002433777,0.7844311594963074,0.9827423095703125,0.9410942196846008,0.9415032863616943,0.93040531873703,0.952869176864624,0.9811782836914062
1041,RawaPening,Hartbeespoort,T-Raw_V-Har_15px_2026-07-21,15,inner,22,0.16659166465100805,0.21434296306780004,0.9060039520263672,0.8979155421257019,0.9666283130645752,0.8383233547210693,0.9829282760620117,0.940600574016571,0.9408196806907654,0.9327157735824585,0.949065625667572,0.9816071391105652
1042,RawaPening,Hartbeespoort,T-Raw_V-Har_15px_2026-07-21,15,inner,23,0.16046774580259474,0.3040563044996243,0.8754921555519104,0.8602981567382812,0.9629172086715698,0.7774451375007629,0.9673119783401489,0.9420814514160156,0.9424178004264832,0.9323515295982361,0.9527038335800171,0.9828293323516846
1043,RawaPening,Hartbeespoort,T-Raw_V-Har_15px_2026-07-21,15,inner,24,0.1603818069142797,0.2419891893629014,0.9035432934761047,0.8957446813583374,0.9589977264404297,0.8403193354606628,0.9745528697967529,0.9419168829917908,0.9422447681427002,0.9323295950889587,0.9523730874061584,0.9832447171211243
1044,RawaPening,Hartbeespoort,T-Raw_V-Har_15px_2026-07-21,15,inner,25,0.15826950243891438,0.3390974614798553,0.8651574850082397,0.847777783870697,0.9561403393745422,0.7614770531654358,0.9569356441497803,0.9426573514938354,0.9430602192878723,0.9318695664405823,0.9545229077339172,0.9835442304611206
1045,RawaPening,Rodman,T-Raw_V-Rod_15px_2026-07-21,15,inner,1,0.4148612500120456,0.7923362039095274,0.6400587558746338,0.6209385991096497,0.6564885377883911,0.5890411138534546,0.7301801443099976,0.8139975070953369,0.8089317679405212,0.8250517845153809,0.7934295535087585,0.8930520415306091
1046,RawaPening,Rodman,T-Raw_V-Rod_15px_2026-07-21,15,inner,2,0.3075140295977355,0.39789046590872307,0.8628795146942139,0.8754448294639587,0.8026100993156433,0.9628180265426636,0.9407467842102051,0.8807739615440369,0.8798938393592834,0.8797478675842285,0.8800398111343384,0.9427775144577026
1047,RawaPening,Rodman,T-Raw_V-Rod_15px_2026-07-21,15,inner,3,0.23643932093338202,0.36897254506824767,0.848188042640686,0.848188042640686,0.8490195870399475,0.8473581075668335,0.9275123476982117,0.9182379841804504,0.9174769520759583,0.919080913066864,0.9158785343170166,0.9642713069915771
1048,RawaPening,Rodman,T-Raw_V-Rod_15px_2026-07-21,15,inner,4,0.21922099031431286,0.39352430822099693,0.8491674661636353,0.8466135263442993,0.8620689511299133,0.8317025303840637,0.925458550453186,0.9221901893615723,0.9215441942214966,0.9222332835197449,0.9208561182022095,0.9693393111228943
1049,RawaPening,Rodman,T-Raw_V-Rod_15px_2026-07-21,15,inner,5,0.21951221949085378,0.4097533144866801,0.8579823970794678,0.8703041076660156,0.8014826774597168,0.9520547986030579,0.9331846833229065,0.9242486357688904,0.9237526655197144,0.9228349328041077,0.9246723055839539,0.9688388109207153
1050,RawaPening,Rodman,T-Raw_V-Rod_15px_2026-07-21,15,inner,6,0.19194050820681627,0.3430717867688731,0.8809990286827087,0.8860759735107422,0.8505850434303284,0.9246575236320496,0.9118711948394775,0.9341292977333069,0.9336099624633789,0.9339199662208557,0.9333001375198364,0.975719690322876
1051,RawaPening,Rodman,T-Raw_V-Rod_15px_2026-07-21,15,inner,7,0.18952920791689581,0.42316216609853957,0.8854064345359802,0.8942133784294128,0.8310924172401428,0.9677103757858276,0.9002786874771118,0.9344586133956909,0.9340185523033142,0.9332450032234192,0.9347934126853943,0.9766164422035217
1052,RawaPening,Rodman,T-Raw_V-Rod_15px_2026-07-21,15,inner,8,0.1954649765521423,0.4485648408400791,0.8790401816368103,0.8889887928962708,0.8221113681793213,0.9677103757858276,0.927304744720459,0.9295183420181274,0.9288445711135864,0.9307013154029846,0.9269952178001404,0.9752366542816162
1053,RawaPening,Rodman,T-Raw_V-Rod_15px_2026-07-21,15,inner,9,0.18594152027930483,0.42788448051187367,0.868756115436554,0.8788426518440247,0.8168067336082458,0.951076328754425,0.9244009256362915,0.9347056150436401,0.9341744780540466,0.93471759557724,0.9336320161819458,0.9774361252784729
1054,RawaPening,Rodman,T-Raw_V-Rod_15px_2026-07-21,15,inner,10,0.17768423221836663,0.4859638680557079,0.703721821308136,0.7714393734931946,0.6283077001571655,0.9990215301513672,0.9606539011001587,0.937340497970581,0.9369563460350037,0.9356386661529541,0.9382777214050293,0.9795098304748535
1055,RawaPening,Rodman,T-Raw_V-Rod_15px_2026-07-21,15,inner,11,0.1623766758354567,0.4649717418967685,0.8785504698753357,0.8902654647827148,0.8126009702682495,0.9843444228172302,0.9443551301956177,0.9448332786560059,0.9443891048431396,0.9448596835136414,0.9439190030097961,0.9824881553649902
1056,RawaPening,Rodman,T-Raw_V-Rod_15px_2026-07-21,15,inner,12,0.18442248558804253,0.36068165407358255,0.8868756294250488,0.89552241563797,0.8326324820518494,0.9686888456344604,0.9373776912689209,0.93915194272995,0.9386263489723206,0.9396408200263977,0.9376140832901001,0.9771451354026794
1057,RawaPening,Rodman,T-Raw_V-Rod_15px_2026-07-21,15,inner,13,0.16331927353779246,0.3325660800256645,0.9000979661941528,0.9050279259681702,0.8632326722145081,0.951076328754425,0.9147989749908447,0.9445862770080566,0.9443755745887756,0.9408761262893677,0.9479011297225952,0.9819375276565552
1058,RawaPening,Rodman,T-Raw_V-Rod_15px_2026-07-21,15,inner,14,0.16591892925099908,0.6293572173266874,0.8364348411560059,0.8492779731750488,0.7881072163581848,0.9207436442375183,0.8900406956672668,0.9412103891372681,0.9408548474311829,0.9394540786743164,0.9422598481178284,0.9818594455718994
1059,RawaPening,Rodman,T-Raw_V-Rod_15px_2026-07-21,15,inner,15,0.16135078181622695,0.7195089033984531,0.806072473526001,0.7975460290908813,0.835117757320404,0.7632094025611877,0.8635470867156982,0.9441745281219482,0.9439298510551453,0.9409728050231934,0.9469056129455566,0.9824130535125732
1060,RawaPening,Rodman,T-Raw_V-Rod_15px_2026-07-21,15,inner,16,0.1572996995143804,0.3352591669174179,0.8966699242591858,0.9019972085952759,0.8585322499275208,0.9500978589057922,0.9243956208229065,0.9451625943183899,0.9447669386863708,0.9444536566734314,0.9450804591178894,0.9834587574005127
1061,RawaPening,Rodman,T-Raw_V-Rod_15px_2026-07-21,15,inner,17,0.15736806099554207,0.44870287156595423,0.9045053720474243,0.9126735329627991,0.8414533734321594,0.9970645904541016,0.9316200017929077,0.9454096555709839,0.9450385570526123,0.9443339705467224,0.9457441568374634,0.9832236766815186
1062,RawaPening,Rodman,T-Raw_V-Rod_15px_2026-07-21,15,inner,18,0.15019873902109632,0.36933295360157936,0.8824681639671326,0.8891966938972473,0.8417832255363464,0.942270040512085,0.9280505180358887,0.9481267929077148,0.9478821754455566,0.9452235698699951,0.9505558609962463,0.9850744009017944
1063,RawaPening,Rodman,T-Raw_V-Rod_15px_2026-07-21,15,inner,19,0.1490038250449902,0.32940523844507835,0.8800196051597595,0.8847059011459351,0.8522211909294128,0.9197651743888855,0.9463326334953308,0.9470564126968384,0.9467318654060364,0.9454004168510437,0.9480670094490051,0.9851889610290527
1064,RawaPening,Rodman,T-Raw_V-Rod_15px_2026-07-21,15,inner,20,0.15267234231744495,0.33274193602841234,0.8780606985092163,0.8820464015007019,0.8549127578735352,0.9109588861465454,0.9225499629974365,0.9456566572189331,0.9452282190322876,0.9455420970916748,0.9449145793914795,0.9842870235443115
1065,RawaPening,Rodman,T-Raw_V-Rod_15px_2026-07-21,15,inner,21,0.1482186619884048,0.3897739275779126,0.8883447647094727,0.8943465948104858,0.8494718074798584,0.9442269802093506,0.9239410161972046,0.9488678574562073,0.9486564993858337,0.945451557636261,0.9518831968307495,0.9848843812942505
1066,RawaPening,Rodman,T-Raw_V-Rod_15px_2026-07-21,15,inner,22,0.14656901823954113,0.3486002135463606,0.8932419419288635,0.8987929224967957,0.8551236987113953,0.9471624493598938,0.9411535263061523,0.9485384821891785,0.9482487440109253,0.9464462995529175,0.9500580430030823,0.985075831413269
1067,RawaPening,Rodman,T-Raw_V-Rod_15px_2026-07-21,15,inner,23,0.14469715823738014,0.3295596644180178,0.8947110772132874,0.9006928205490112,0.8530183434486389,0.9540117383003235,0.9428883194923401,0.9491148591041565,0.9487901926040649,0.9476907849311829,0.9498921632766724,0.9858971834182739
1068,RawaPening,Rodman,T-Raw_V-Rod_15px_2026-07-21,15,inner,24,0.14413311657786812,0.42239456320953184,0.8653281331062317,0.8699763417243958,0.8417200446128845,0.9001957178115845,0.9020912647247314,0.9498559236526489,0.949631929397583,0.9467348456382751,0.9525468945503235,0.9859560132026672
1069,RawaPening,Rodman,T-Raw_V-Rod_15px_2026-07-21,15,inner,25,0.14382559904324857,0.2904151909848735,0.9094025492668152,0.9143914580345154,0.8674275875091553,0.9667319059371948,0.9410210847854614,0.950432300567627,0.9501903057098389,0.9476811289787292,0.9527127742767334,0.9858270287513733
1070,RawaPening,Rodman,T-Raw_V-Rod_15px_2026-07-21,15,inner,26,0.1423606183743369,0.39418812415742266,0.8947110772132874,0.9021393060684204,0.843404233455658,0.9696673154830933,0.9260274171829224,0.9506793022155762,0.9503687024116516,0.9491890072822571,0.9515513777732849,0.9866539239883423
1071,RawaPening,Rodman,T-Raw_V-Rod_15px_2026-07-21,15,inner,27,0.139873468480811,0.3633561329906998,0.8873653411865234,0.893221914768219,0.8498232960700989,0.9412915706634521,0.9293259382247925,0.9487031698226929,0.948422908782959,0.9464640021324158,0.9503899216651917,0.987169623374939
1072,RawaPening,Rodman,T-Raw_V-Rod_15px_2026-07-21,15,inner,28,0.14066506957580838,0.3913614173126968,0.8858962059020996,0.8934613466262817,0.8386266231536865,0.9559686779975891,0.9315298795700073,0.9510909914970398,0.9508684873580933,0.948045551776886,0.953708291053772,0.9867004156112671
1073,RawaPening,Rodman,T-Raw_V-Rod_15px_2026-07-21,15,inner,29,0.13935479211029372,0.3617776488697377,0.8991184830665588,0.905936062335968,0.8493150472640991,0.9706457853317261,0.9288755655288696,0.9518320560455322,0.9515688419342041,0.9496034383773804,0.9535424113273621,0.9870304465293884
1074,RawaPening,Rodman,T-Raw_V-Rod_15px_2026-07-21,15,inner,30,0.1398672024394662,0.34067095633701994,0.9045053720474243,0.9109182357788086,0.8543273210525513,0.9755381345748901,0.9439737796783447,0.9505969285964966,0.9503475427627563,0.9479940533638,0.9527127742767334,0.9868831634521484
1075,RawaPening,Rodman,T-Raw_V-Rod_15px_2026-07-21,15,inner,31,0.13648012268194792,0.38070132093728465,0.8912830352783203,0.898444652557373,0.8436425924301147,0.9608610272407532,0.9315260648727417,0.9531494379043579,0.9528387784957886,0.9519708752632141,0.953708291053772,0.9876653552055359
1076,RawaPening,Rodman,T-Raw_V-Rod_15px_2026-07-21,15,inner,32,0.1386787308518805,0.3529177335520566,0.9005876779556274,0.9063221216201782,0.8576419353485107,0.9608610272407532,0.9370755553245544,0.951914370059967,0.951615571975708,0.9503557682037354,0.9528787136077881,0.9869368672370911
1077,RawaPening,Rodman,T-Raw_V-Rod_15px_2026-07-21,15,inner,33,0.1401832833205196,0.35871428356348123,0.895200788974762,0.9010175466537476,0.8543859720230103,0.9530332684516907,0.9261813759803772,0.9505146145820618,0.9502771496772766,0.9476897716522217,0.9528787136077881,0.9869585037231445
1078,RawaPening,Rodman,T-Raw_V-Rod_15px_2026-07-21,15,inner,34,0.13887467215818453,0.31633703003434077,0.9035259485244751,0.9095085263252258,0.8571428656578064,0.9686888456344604,0.9509367346763611,0.9518320560455322,0.9515367150306702,0.9501985311508179,0.9528787136077881,0.9867759346961975
1079,RawaPening,Rodman,T-Raw_V-Rod_15px_2026-07-21,15,inner,35,0.13623735713904755,0.3574358551789451,0.9035259485244751,0.9095085263252258,0.8571428656578064,0.9686888456344604,0.9303341507911682,0.9517496824264526,0.9514498710632324,0.9501903057098389,0.9527127742767334,0.9877712726593018
1080,RawaPening,Mula,T-Raw_V-Mul_15px_2026-07-21,15,inner,1,0.38891418798251237,0.6703754153145787,0.5868725776672363,0.3668639063835144,0.7106017470359802,0.2472582310438156,0.7617428302764893,0.8323565721511841,0.831214189529419,0.8353098630905151,0.8271584510803223,0.9071477055549622
1081,RawaPening,Mula,T-Raw_V-Mul_15px_2026-07-21,15,inner,2,0.2847733265965919,0.5572816788517371,0.7186293601989746,0.6052809953689575,0.9430379867553711,0.4456630051136017,0.9341573119163513,0.8960792422294617,0.896353006362915,0.89231276512146,0.9004300236701965,0.949677586555481
1082,RawaPening,Mula,T-Raw_V-Mul_15px_2026-07-21,15,inner,3,0.23388010550273433,0.6116684450836255,0.7060810923576355,0.5843003392219543,0.9264069199562073,0.4267198443412781,0.9004156589508057,0.9186133146286011,0.9186736941337585,0.9162553548812866,0.9211048483848572,0.9646007418632507
1083,RawaPening,Mula,T-Raw_V-Mul_15px_2026-07-21,15,inner,4,0.22634173865609555,0.8292644548744078,0.6539575457572937,0.4621155261993408,0.9333333373069763,0.3070787489414215,0.9299473166465759,0.9252166748046875,0.925468921661377,0.920621931552887,0.9303671717643738,0.9663941264152527
1084,RawaPening,Mula,T-Raw_V-Mul_15px_2026-07-21,15,inner,5,0.23299657957235545,0.3650530894290526,0.8754826188087463,0.8824065923690796,0.8127623796463013,0.9651046991348267,0.9530780911445618,0.9218324422836304,0.9220768809318542,0.9174717664718628,0.9267284274101257,0.9646093845367432
1085,RawaPening,Mula,T-Raw_V-Mul_15px_2026-07-21,15,inner,6,0.1942842896374306,0.35338330044479443,0.8629343509674072,0.8479657173156738,0.9156069159507751,0.7896311283111572,0.9397718906402588,0.9349566698074341,0.9353674650192261,0.9277579188346863,0.9431028962135315,0.9741148948669434
1086,RawaPening,Mula,T-Raw_V-Mul_15px_2026-07-21,15,inner,7,0.1928478333264208,0.45087549452846115,0.8083977103233337,0.7685131430625916,0.925561785697937,0.6570289134979248,0.9275932908058167,0.9358646273612976,0.9360546469688416,0.931531548500061,0.9406219124794006,0.9742826223373413
1087,RawaPening,Mula,T-Raw_V-Mul_15px_2026-07-21,15,inner,8,0.1828932966420437,0.42900129876541815,0.8489382266998291,0.8334220051765442,0.8938356041908264,0.7806580066680908,0.9091798067092896,0.9402393698692322,0.9407528638839722,0.9310009479522705,0.950711190700531,0.9763869643211365
1088,RawaPening,Mula,T-Raw_V-Mul_15px_2026-07-21,15,inner,9,0.19469333942080155,0.6005677869651308,0.7220077514648438,0.625,0.9005628228187561,0.4785642921924591,0.9042283892631531,0.9354519248008728,0.9357013702392578,0.9303466081619263,0.9411181211471558,0.9740110635757446
1089,RawaPening,Mula,T-Raw_V-Mul_15px_2026-07-21,15,inner,10,0.17262745802431032,0.5237608139464294,0.7557914853096008,0.6845386624336243,0.9134775400161743,0.5473579168319702,0.9354471564292908,0.9426330924034119,0.9428594708442688,0.9373875856399536,0.9483956098556519,0.9789731502532959
1090,RawaPening,Mula,T-Raw_V-Mul_15px_2026-07-21,15,inner,11,0.16252751568908097,0.6156538893040773,0.7220077514648438,0.6170212626457214,0.9261476993560791,0.4626121520996094,0.9437384605407715,0.946017324924469,0.9463846683502197,0.9382314682006836,0.9546808004379272,0.9811052083969116
1091,RawaPening,Mula,T-Raw_V-Mul_15px_2026-07-21,15,inner,12,0.15509432390166175,0.4331252685384861,0.8219112157821655,0.7906976938247681,0.9171052575111389,0.694915235042572,0.934562087059021,0.949566662311554,0.9497326016426086,0.9448354840278625,0.9546808004379272,0.9829030632972717
1092,RawaPening,Mula,T-Raw_V-Mul_15px_2026-07-21,15,inner,13,0.157534534535807,0.27222187391349245,0.9005791544914246,0.8993157148361206,0.8820709586143494,0.9172482490539551,0.9509012699127197,0.9475030899047852,0.9478517770767212,0.9398373961448669,0.9560039639472961,0.9823735356330872
1093,RawaPening,Mula,T-Raw_V-Mul_15px_2026-07-21,15,inner,14,0.15367656278182198,0.7514752721751979,0.6573359370231628,0.46536144614219666,0.9507692456245422,0.30807578563690186,0.9467052817344666,0.94791579246521,0.9483168125152588,0.9393152594566345,0.9574925303459167,0.9832465648651123
1094,RawaPening,Mula,T-Raw_V-Mul_15px_2026-07-21,15,inner,15,0.15785563556655005,0.32192628655194316,0.8861004114151001,0.8770833611488342,0.9182115793228149,0.8394815325737,0.9489370584487915,0.947833240032196,0.9482306838035583,0.9393054246902466,0.9573271870613098,0.9828073978424072
1095,RawaPening,Mula,T-Raw_V-Mul_15px_2026-07-21,15,inner,16,0.14026267998138833,0.4442347326679119,0.7813706398010254,0.7256208062171936,0.9243826866149902,0.5972083806991577,0.9478151202201843,0.9508873224258423,0.9511855244636536,0.9436757564544678,0.9588157534599304,0.9861526489257812
1096,RawaPening,Mula,T-Raw_V-Mul_15px_2026-07-21,15,inner,17,0.1392672420611964,0.4506035167508144,0.7866795659065247,0.7334137558937073,0.9282442927360535,0.6061814427375793,0.945071280002594,0.9539414048194885,0.9542772769927979,0.9455991983413696,0.9631161093711853,0.9862541556358337
1097,RawaPening,Mula,T-Raw_V-Mul_15px_2026-07-21,15,inner,18,0.13987111029942764,0.3162475586167634,0.8730695247650146,0.8640826940536499,0.8969957232475281,0.8334994912147522,0.9426323175430298,0.9533635973930359,0.9536771178245544,0.9455373287200928,0.9619583487510681,0.9864131212234497
1098,RawaPening,Mula,T-Raw_V-Mul_15px_2026-07-21,15,inner,19,0.1360491590550553,0.4994973536854085,0.7287644743919373,0.6297760009765625,0.9281553626060486,0.4765702784061432,0.9478440284729004,0.9516302347183228,0.9518962502479553,0.944915235042572,0.9589811563491821,0.9879405498504639
1099,RawaPening,Mula,T-Raw_V-Mul_15px_2026-07-21,15,inner,20,0.1366585667147845,0.3390699975393914,0.8585907220840454,0.841707170009613,0.9186320900917053,0.776669979095459,0.948646068572998,0.9529508948326111,0.9532173275947571,0.9460736513137817,0.9604697227478027,0.986956000328064
1100,RawaPening,Mula,T-Raw_V-Mul_15px_2026-07-21,15,inner,21,0.13059908136774626,0.36262292578873945,0.84555983543396,0.8220244646072388,0.9295597672462463,0.7367896437644958,0.9529008865356445,0.9562525749206543,0.9565573930740356,0.9481638073921204,0.965100884437561,0.9882816076278687
1101,RawaPening,Mula,T-Raw_V-Mul_15px_2026-07-21,15,inner,22,0.129381217903162,0.38521720914882124,0.8209459185600281,0.7864133715629578,0.9305177330970764,0.6809571385383606,0.9506205320358276,0.954849362373352,0.95517498254776,0.9465649127960205,0.9639431238174438,0.9884071350097656
1102,RawaPening,Mula,T-Raw_V-Mul_15px_2026-07-21,15,inner,23,0.1288118179873696,0.29455071612904893,0.8889961242675781,0.8797070980072021,0.9251925349235535,0.838484525680542,0.9557002782821655,0.9546842575073242,0.9549149870872498,0.948295533657074,0.9616275429725647,0.9885151386260986
1103,RawaPening,Inle,T-Raw_V-Inl_15px_2026-07-21,15,inner,1,0.42647102161419054,0.550877564907074,0.7064999938011169,0.6601042151451111,0.7840440273284912,0.5699999928474426,0.8195680379867554,0.8153770565986633,0.8116839528083801,0.8220037221908569,0.8016201257705688,0.8876326084136963
1104,RawaPening,Inle,T-Raw_V-Inl_15px_2026-07-21,15,inner,2,0.35004974547946305,0.36283676299452783,0.781499981880188,0.8184462189674377,0.7000710964202881,0.9850000143051147,0.9757709503173828,0.8639534115791321,0.8622007966041565,0.866956353187561,0.8574970960617065,0.923774242401123
1105,RawaPening,Inle,T-Raw_V-Inl_15px_2026-07-21,15,inner,3,0.2989247502109382,0.5200650005936622,0.8264999985694885,0.7947959899902344,0.9725036025047302,0.671999990940094,0.902534008026123,0.8916878700256348,0.8909811973571777,0.8902459144592285,0.8917176127433777,0.9433542490005493
1106,RawaPening,Inle,T-Raw_V-Inl_15px_2026-07-21,15,inner,4,0.2596050692407201,0.29384636241197587,0.8855000138282776,0.875880777835846,0.9562129974365234,0.8080000281333923,0.960720956325531,0.9071961641311646,0.9073634147644043,0.8991883397102356,0.9156885147094727,0.9562149047851562
1107,RawaPening,Inle,T-Raw_V-Inl_15px_2026-07-21,15,inner,5,0.2534005543252369,0.22028453695774078,0.921500027179718,0.9174987077713013,0.9667773842811584,0.8730000257492065,0.9777740240097046,0.9116271734237671,0.9119594693183899,0.9020051956176758,0.9221358895301819,0.9573456645011902
1108,RawaPening,Inle,T-Raw_V-Inl_15px_2026-07-21,15,inner,6,0.23290802818517684,0.22560417088866233,0.9259999990463257,0.929791271686554,0.8844765424728394,0.9800000190734863,0.9812719821929932,0.921966016292572,0.9223483204841614,0.9112616777420044,0.9337080717086792,0.9626568555831909
1109,RawaPening,Inle,T-Raw_V-Inl_15px_2026-07-21,15,inner,7,0.23398277423820416,0.2844607309997082,0.871999979019165,0.8829981684684753,0.8131313323974609,0.9660000205039978,0.9743640422821045,0.9201608300209045,0.9206038117408752,0.9089590907096863,0.932550847530365,0.961859941482544
1110,RawaPening,Inle,T-Raw_V-Inl_15px_2026-07-21,15,inner,8,0.2263142141989084,0.4702777274847031,0.6830000281333923,0.7583841681480408,0.6126847267150879,0.9950000047683716,0.9772160053253174,0.9213095903396606,0.9218100309371948,0.909427285194397,0.9345346093177795,0.9640889763832092
1111,RawaPening,Inle,T-Raw_V-Inl_15px_2026-07-21,15,inner,9,0.22436105536286724,0.28235983157157896,0.8815000057220459,0.8803634643554688,0.8888888955116272,0.871999979019165,0.9583500027656555,0.9244276881217957,0.9249082803726196,0.9124839305877686,0.9376756548881531,0.9639151096343994
1112,RawaPening,Inle,T-Raw_V-Inl_15px_2026-07-21,15,inner,10,0.22496285101901206,0.6553925989866257,0.7124999761581421,0.5976207256317139,0.9953380227088928,0.4269999861717224,0.9869120121002197,0.9229506850242615,0.9234032034873962,0.9114331603050232,0.9356918334960938,0.9644747972488403
1113,RawaPening,Inle,T-Raw_V-Inl_15px_2026-07-21,15,inner,11,0.20224221723107266,0.25070742762088777,0.9210000038146973,0.9164904952049255,0.9719731211662292,0.8669999837875366,0.9678529500961304,0.9338639378547668,0.9342577457427979,0.9220737218856812,0.946768045425415,0.9697610139846802
1114,RawaPening,Inle,T-Raw_V-Inl_15px_2026-07-21,15,inner,12,0.2080567786767327,0.19546076118946076,0.9409999847412109,0.9438629746437073,0.9001814723014832,0.9919999837875366,0.9890090227127075,0.9300894141197205,0.9303921461105347,0.9197221994400024,0.9413126111030579,0.9689584374427795
1115,RawaPening,Inle,T-Raw_V-Inl_15px_2026-07-21,15,inner,13,0.20143795059523883,0.3907574591040611,0.8355000019073486,0.8581284880638123,0.7543593645095825,0.9950000047683716,0.9879735112190247,0.931812584400177,0.9319911599159241,0.9228525161743164,0.9413126111030579,0.9708514213562012
1116,RawaPening,Inle,T-Raw_V-Inl_15px_2026-07-21,15,inner,14,0.19762109552238105,0.34699857167899606,0.8339999914169312,0.8567730784416199,0.7534142732620239,0.9929999709129333,0.9890210032463074,0.9341921806335449,0.9345199465751648,0.9232134222984314,0.9461067914962769,0.9715301990509033
1117,RawaPening,Inle,T-Raw_V-Inl_15px_2026-07-21,15,inner,15,0.20555590016961028,0.15026390534639358,0.9710000157356262,0.9712015986442566,0.9644970297813416,0.9779999852180481,0.9896339774131775,0.930992066860199,0.9316315650939941,0.9165067076683044,0.9472640156745911,0.9692088961601257
1118,RawaPening,Inle,T-Raw_V-Inl_15px_2026-07-21,15,inner,16,0.19134367505261005,0.1327924292087555,0.9679999947547913,0.9676440954208374,0.9785276055335999,0.9570000171661377,0.991623044013977,0.934930682182312,0.9353971481323242,0.922100841999054,0.9490824937820435,0.9735169410705566
1119,RawaPening,Inle,T-Raw_V-Inl_15px_2026-07-21,15,inner,17,0.19228802545434331,0.11038770473003387,0.968999981880188,0.9692155122756958,0.9625246524810791,0.9760000109672546,0.9925779700279236,0.9346024394035339,0.9350712895393372,0.9217796325683594,0.9487518668174744,0.972601592540741
1120,RawaPening,Inle,T-Raw_V-Inl_15px_2026-07-21,15,inner,18,0.19043909895456268,0.20440964436531067,0.9294999837875366,0.9336470365524292,0.8817777633666992,0.9919999837875366,0.9888999462127686,0.9337819218635559,0.934288740158081,0.9205712676048279,0.9484212398529053,0.9739706516265869
1121,RawaPening,Inle,T-Raw_V-Inl_15px_2026-07-21,15,inner,19,0.18840045428640673,0.1529817328453064,0.953499972820282,0.9531957507133484,0.9594731330871582,0.9470000267028809,0.9855329990386963,0.9364076256752014,0.9369046688079834,0.9230028986930847,0.9512315988540649,0.9740790128707886
1122,RawaPening,Inle,T-Raw_V-Inl_15px_2026-07-21,15,inner,20,0.18766980169931996,0.1276357252597809,0.9645000100135803,0.9652131199836731,0.9462055563926697,0.9850000143051147,0.9903169870376587,0.9382948875427246,0.9387223124504089,0.9255985617637634,0.9522234797477722,0.9742129445075989
1123,RawaPening,Inle,T-Raw_V-Inl_15px_2026-07-21,15,inner,21,0.18622284205961318,0.15975511690974237,0.9509999752044678,0.9528846144676208,0.9175925850868225,0.9909999966621399,0.9921020269393921,0.9376384615898132,0.9380502104759216,0.9252291321754456,0.9512315988540649,0.9737067818641663
1124,RawaPening,Inle,T-Raw_V-Inl_15px_2026-07-21,15,inner,22,0.18232749616130398,0.16492348796129228,0.9284999966621399,0.9315462112426758,0.8934802412986755,0.9729999899864197,0.9887370467185974,0.9395257234573364,0.9398906826972961,0.9275595545768738,0.9525541663169861,0.9753025770187378
1125,RawaPening,Inle,T-Raw_V-Inl_15px_2026-07-21,15,inner,23,0.18260088733533375,0.1553166526556015,0.9465000033378601,0.9487793445587158,0.9100092053413391,0.9909999966621399,0.9911779761314392,0.9387872219085693,0.939260721206665,0.9253970980644226,0.9535460472106934,0.9750593900680542
1126,RawaPening,Inle,T-Raw_V-Inl_15px_2026-07-21,15,inner,24,0.18074553725638656,0.1820254100561142,0.940500020980835,0.9432522654533386,0.9015496969223022,0.9890000224113464,0.9903010129928589,0.9383769631385803,0.9388585686683655,0.924927830696106,0.9532154202461243,0.9756051898002625
1127,RawaPening,Inle,T-Raw_V-Inl_15px_2026-07-21,15,inner,25,0.18327094676619413,0.1079939590394497,0.968999981880188,0.9692155122756958,0.9625246524810791,0.9760000109672546,0.992743968963623,0.938951313495636,0.9393742084503174,0.9262413382530212,0.9528847932815552,0.9753941297531128
1128,RawaPening,Inle,T-Raw_V-Inl_15px_2026-07-21,15,inner,26,0.1772175481248119,0.13309278625249862,0.953499972820282,0.9549636840820312,0.9258216023445129,0.9860000014305115,0.991694986820221,0.9403462409973145,0.940677285194397,0.9287785887718201,0.9528847932815552,0.9768707752227783
1129,RawaPening,Inle,T-Raw_V-Inl_15px_2026-07-21,15,inner,27,0.17979642334334167,0.1261870511174202,0.9624999761581421,0.9634324908256531,0.940057098865509,0.9879999756813049,0.9913580417633057,0.9383769631385803,0.9389381408691406,0.9238399863243103,0.9545379281044006,0.9758508205413818
1130,RawaPening,Inle,T-Raw_V-Inl_15px_2026-07-21,15,inner,28,0.17743363789159475,0.13737630265951156,0.9474999904632568,0.9495434761047363,0.913968563079834,0.9879999756813049,0.9918309450149536,0.9394436478614807,0.9398630857467651,0.9267234206199646,0.9533807039260864,0.9766637086868286
1131,RawaPening,Inle,T-Raw_V-Inl_15px_2026-07-21,15,inner,29,0.1756191735641984,0.10465615886449814,0.9714999794960022,0.9717682003974915,0.9627085328102112,0.9810000061988831,0.9929180145263672,0.9396898150444031,0.9402778744697571,0.9245765209197998,0.95652174949646,0.9772698283195496
1132,RawaPening,Inle,T-Raw_V-Inl_15px_2026-07-21,15,inner,30,0.1778428664468727,0.12341655462980271,0.9629999995231628,0.9636898636817932,0.9460501074790955,0.9819999933242798,0.9919619560241699,0.9382948875427246,0.9386022090911865,0.9272463321685791,0.9502397179603577,0.9775238633155823
1133,RawaPening,Inle,T-Raw_V-Inl_15px_2026-07-21,15,inner,31,0.17199739648738838,0.12513630682229995,0.9605000019073486,0.9614822268486023,0.9381541609764099,0.9860000014305115,0.9924539923667908,0.9437925815582275,0.9440861940383911,0.9324411749839783,0.9560257792472839,0.9777390956878662
1134,RawaPening,Inle,T-Raw_V-Inl_15px_2026-07-21,15,inner,32,0.17335519956595552,0.13036086320877074,0.9585000276565552,0.9598063230514526,0.9305164217948914,0.9909999966621399,0.9925659894943237,0.9394436478614807,0.9398826956748962,0.9264493584632874,0.9537113308906555,0.9783378839492798
1135,RawaPening,Inle,T-Raw_V-Inl_15px_2026-07-21,15,inner,33,0.17646510373546365,0.14793522071838378,0.9520000219345093,0.9538461565971375,0.9185185432434082,0.9919999837875366,0.9922950267791748,0.9391154646873474,0.9395568370819092,0.9261281490325928,0.9533807039260864,0.9779196977615356
1136,RawaPening,Inle,T-Raw_V-Inl_15px_2026-07-21,15,inner,34,0.16946286921968431,0.12396154910326004,0.9589999914169312,0.9599999785423279,0.9371428489685059,0.984000027179718,0.9924139976501465,0.9421514868736267,0.9425568580627441,0.929305911064148,0.9561911225318909,0.979645311832428
1137,RawaPening,Inle,T-Raw_V-Inl_15px_2026-07-21,15,inner,35,0.17118915586763736,0.12838800305128098,0.9549999833106995,0.9563530683517456,0.9284369349479675,0.9860000014305115,0.9926989674568176,0.9410027265548706,0.9414352178573608,0.9279062151908875,0.9553645253181458,0.978880763053894
1138,RawaPening,Inle,T-Raw_V-Inl_15px_2026-07-21,15,inner,36,0.17191595308983346,0.11345528107881546,0.9679999947547913,0.9685966372489929,0.9508670568466187,0.9869999885559082,0.9927094578742981,0.9410027265548706,0.9414923787117004,0.9270833134651184,0.956356406211853,0.9787153005599976
1139,RawaPening,Inle,T-Raw_V-Inl_15px_2026-07-21,15,inner,37,0.17209446180039925,0.11894385594129563,0.9624999761581421,0.9633610248565674,0.9417383074760437,0.9860000014305115,0.9927470088005066,0.9409206509590149,0.9412341117858887,0.9295502305030823,0.9532154202461243,0.9786639213562012
1140,RawaPening,Inle,T-Raw_V-Inl_15px_2026-07-21,15,inner,38,0.16797229318972087,0.12983278477191926,0.9580000042915344,0.9593023061752319,0.9304511547088623,0.9900000095367432,0.9922690391540527,0.9423155784606934,0.9427011013031006,0.9297427535057068,0.9560257792472839,0.9801462888717651
1141,RawaPening,Inle,T-Raw_V-Inl_15px_2026-07-21,15,inner,39,0.16914007664484887,0.11433667993545532,0.968500018119812,0.9691025018692017,0.9509143233299255,0.9879999756813049,0.9924860000610352,0.941659152507782,0.9420679807662964,0.9288238883018494,0.9556951522827148,0.9795740842819214
1142,RawaPening,Vembanad,T-Raw_V-Vem_15px_2026-07-21,15,inner,1,0.4065747995869664,0.8471328276139753,0.5909090638160706,0.6060606241226196,0.5849581956863403,0.628742516040802,0.684380292892456,0.8241280317306519,0.821043848991394,0.8292847275733948,0.8129650950431824,0.8974120616912842
1143,RawaPening,Vembanad,T-Raw_V-Vem_15px_2026-07-21,15,inner,2,0.34977075232557453,0.2886928344046796,0.8726273775100708,0.8703609704971313,0.8870466351509094,0.8542914390563965,0.9532923698425293,0.856380820274353,0.855967104434967,0.8520399928092957,0.8599305152893066,0.9252564907073975
1144,RawaPening,Vembanad,T-Raw_V-Vem_15px_2026-07-21,15,inner,3,0.2864321280672847,0.6594126299470217,0.7162837386131287,0.6098901033401489,0.9779735803604126,0.443113774061203,0.9659071564674377,0.8934755921363831,0.8937633037567139,0.8847836852073669,0.9029271006584167,0.9480999708175659
1145,RawaPening,Vembanad,T-Raw_V-Vem_15px_2026-07-21,15,inner,4,0.2543060534316886,0.1933727469686028,0.9275724291801453,0.9251419901847839,0.9582887887954712,0.8942115902900696,0.9824830293655396,0.9097250699996948,0.9103358387947083,0.8976048827171326,0.9234331250190735,0.9576486349105835
1146,RawaPening,Vembanad,T-Raw_V-Vem_15px_2026-07-21,15,inner,5,0.2527382992406727,0.1833918081981676,0.9540459513664246,0.9547244310379028,0.9417475461959839,0.9680638909339905,0.9839920401573181,0.9092326760292053,0.9097732305526733,0.8977620601654053,0.9221101403236389,0.9582757949829102
1147,RawaPening,Vembanad,T-Raw_V-Vem_15px_2026-07-21,15,inner,6,0.21211504359249214,0.4127201880891245,0.8116883039474487,0.7705416679382324,0.9875195026397705,0.6317365169525146,0.9833961725234985,0.9253180027008057,0.9258837103843689,0.912213146686554,0.9399702548980713,0.9698529839515686
1148,RawaPening,Vembanad,T-Raw_V-Vem_15px_2026-07-21,15,inner,7,0.217514587544397,0.2115688698215561,0.931568443775177,0.9357712268829346,0.8824049234390259,0.9960079789161682,0.9890069365501404,0.9254000782966614,0.9258624911308289,0.9134213328361511,0.9386472702026367,0.9675926566123962
1149,RawaPening,Vembanad,T-Raw_V-Vem_15px_2026-07-21,15,inner,8,0.20646776648442375,0.20797231151060863,0.9305694103240967,0.927415132522583,0.9726177453994751,0.886227548122406,0.9866446852684021,0.9250718355178833,0.9258266091346741,0.9099329113960266,0.942285418510437,0.9715063571929932
1150,RawaPening,Vembanad,T-Raw_V-Vem_15px_2026-07-21,15,inner,9,0.2165665952406998,0.19807906390784621,0.9265734553337097,0.9300998449325562,0.888283371925354,0.976047933101654,0.9791656732559204,0.9227738976478577,0.9235146045684814,0.908088207244873,0.9394741058349609,0.968306303024292
1151,RawaPening,Vembanad,T-Raw_V-Vem_15px_2026-07-21,15,inner,10,0.2085069404195751,0.5239881440684512,0.7637362480163574,0.6946417093276978,0.9835466146469116,0.5369261503219604,0.9755619168281555,0.926795244216919,0.9272904992103577,0.9143224358558655,0.9406317472457886,0.9708163738250732
1152,RawaPening,Vembanad,T-Raw_V-Vem_15px_2026-07-21,15,inner,11,0.18492093117426886,0.21714314145522637,0.9325674176216125,0.9301603436470032,0.9656283855438232,0.8972055912017822,0.9841047525405884,0.9342634677886963,0.9348833560943604,0.9194115996360779,0.9508847594261169,0.9766675233840942
1153,RawaPening,Vembanad,T-Raw_V-Vem_15px_2026-07-21,15,inner,12,0.17770097018462203,0.16343674182772755,0.9505494236946106,0.9501259326934814,0.9593082666397095,0.9411177635192871,0.9863603115081787,0.938859224319458,0.9394358396530151,0.9238886833190918,0.9555151462554932,0.9780521392822266
1154,RawaPening,Vembanad,T-Raw_V-Vem_15px_2026-07-21,15,inner,13,0.17660235838966876,0.16569019712649144,0.9430569410324097,0.9449806809425354,0.9149532914161682,0.9770458936691284,0.9856216907501221,0.9371358156204224,0.937611997127533,0.9237682819366455,0.9518769383430481,0.979066014289856
1155,RawaPening,Vembanad,T-Raw_V-Vem_15px_2026-07-21,15,inner,14,0.188521938283374,0.1763708597117966,0.9475524425506592,0.9482503533363342,0.9367088675498962,0.9600798487663269,0.9852544665336609,0.9345917105674744,0.9353346824645996,0.9181268215179443,0.9531999230384827,0.9757896661758423
1156,RawaPening,Vembanad,T-Raw_V-Vem_15px_2026-07-21,15,inner,15,0.17766162473670175,0.23784123076782837,0.8986014127731323,0.9074327349662781,0.8354324102401733,0.9930139780044556,0.9879201650619507,0.9373820424079895,0.9379018545150757,0.923397421836853,0.952869176864624,0.978111982345581
1157,RawaPening,Vembanad,T-Raw_V-Vem_15px_2026-07-21,15,inner,16,0.16890590959731114,0.2156050085619494,0.9185814261436462,0.9141653776168823,0.9676700234413147,0.8662674427032471,0.9839001893997192,0.9418137073516846,0.9424372911453247,0.9256778359413147,0.9598147869110107,0.9803750514984131
1158,RawaPening,Vembanad,T-Raw_V-Vem_15px_2026-07-21,15,inner,17,0.1633112146462947,0.1669250632916297,0.940559446811676,0.942148745059967,0.9184834361076355,0.9670658707618713,0.9837754368782043,0.9418137073516846,0.9423998594284058,0.9262216687202454,0.9591532945632935,0.9818544983863831
1159,RawaPening,Vembanad,T-Raw_V-Vem_15px_2026-07-21,15,inner,18,0.16670075345954105,0.1810459262662596,0.9370629191398621,0.9388349652290344,0.9139886498451233,0.9650698900222778,0.9822086095809937,0.9412392377853394,0.9418453574180603,0.9254589080810547,0.9588225483894348,0.9810037612915039
1160,RawaPening,Vembanad,T-Raw_V-Vem_15px_2026-07-21,15,inner,19,0.16536613962764762,0.19337359371480647,0.931568443775177,0.9311903715133667,0.9373103976249695,0.92514967918396,0.9797265529632568,0.9427984952926636,0.9432548880577087,0.9289608597755432,0.9579957127571106,0.9809924364089966
1161,RawaPening,Vembanad,T-Raw_V-Vem_15px_2026-07-21,15,inner,20,0.16606529653928395,0.17047186441473908,0.9355644583702087,0.9375907182693481,0.9098591804504395,0.9670658707618713,0.9842236042022705,0.9402543902397156,0.9407745003700256,0.9258607029914856,0.9561766386032104,0.981503427028656
1162,RawaPening,Vembanad,T-Raw_V-Vem_15px_2026-07-21,15,inner,21,0.15995242814512395,0.15784403622209967,0.9475524425506592,0.948045551776886,0.9401373863220215,0.9560878276824951,0.9858533143997192,0.9432088732719421,0.9437946677207947,0.9273743033409119,0.9608070254325867,0.9825553297996521
1163,RawaPening,Vembanad,T-Raw_V-Vem_15px_2026-07-21,15,inner,22,0.16361616178643865,0.15259569919073618,0.9500499367713928,0.9509322643280029,0.9353281855583191,0.9670658707618713,0.9879890084266663,0.9408288598060608,0.9413582682609558,0.9262163639068604,0.9570034742355347,0.9822092056274414
1164,RawaPening,Vembanad,T-Raw_V-Vem_15px_2026-07-21,15,inner,23,0.15321802854611338,0.16041553270566714,0.9425574541091919,0.9434889554977417,0.9293320178985596,0.9580838084220886,0.9867215156555176,0.9440295696258545,0.9445257782936096,0.9294061064720154,0.9601455330848694,0.984214186668396
1165,RawaPening,Vembanad,T-Raw_V-Vem_15px_2026-07-21,15,inner,24,0.15546801488175468,0.1631004792469722,0.9460539221763611,0.9469026327133179,0.9331395626068115,0.961077868938446,0.9853543043136597,0.9446861147880554,0.9452566504478455,0.9288108348846436,0.9622953534126282,0.9836019277572632
1166,RawaPening,Vembanad,T-Raw_V-Vem_15px_2026-07-21,15,inner,25,0.1545387838309448,0.14912612974405526,0.9490509629249573,0.9498525261878967,0.9360465407371521,0.9640718698501587,0.9879371523857117,0.9443578124046326,0.944994330406189,0.9275362491607666,0.9631221890449524,0.9837300777435303
1167,RawaPening,Vembanad,T-Raw_V-Vem_15px_2026-07-21,15,inner,26,0.1546067897250259,0.1469586257721399,0.9510489702224731,0.951195240020752,0.9493041634559631,0.9530938267707825,0.9880927801132202,0.9434550404548645,0.9441608190536499,0.9257787466049194,0.9632875919342041,0.984155535697937
1168,RawaPening,Vembanad,T-Raw_V-Vem_15px_2026-07-21,15,inner,27,0.15247105294727722,0.13713359261130714,0.9555444717407227,0.955610990524292,0.9551345705986023,0.9560878276824951,0.9892615079879761,0.9438654184341431,0.944426417350769,0.9282861948013306,0.9611377716064453,0.9846566915512085
1169,RawaPening,Vembanad,T-Raw_V-Vem_15px_2026-07-21,15,inner,28,0.14828638900094313,0.15675438233426997,0.9460539221763611,0.9462151527404785,0.9443339705467224,0.9481037855148315,0.9864281415939331,0.9450143575668335,0.9454929828643799,0.9305043816566467,0.9609723687171936,0.9857541918754578
1170,RawaPening,Vembanad,T-Raw_V-Vem_15px_2026-07-21,15,inner,29,0.15123076024581822,0.1588034691748681,0.9435564279556274,0.9436970353126526,0.9422885775566101,0.9451097846031189,0.9857624769210815,0.9446040391921997,0.9450460076332092,0.9307247996330261,0.9598147869110107,0.984621524810791
1171,RawaPening,Vembanad,T-Raw_V-Vem_15px_2026-07-21,15,inner,30,0.14851713746871723,0.1564514837064943,0.9450549483299255,0.945919394493103,0.932170569896698,0.9600798487663269,0.9867415428161621,0.9471481442451477,0.9476422667503357,0.9320326447486877,0.9637836813926697,0.9851603507995605
1172,RawaPening,Vembanad,T-Raw_V-Vem_15px_2026-07-21,15,inner,31,0.14710757442133612,0.1587453164778032,0.948051929473877,0.948310136795044,0.9445544481277466,0.9520958065986633,0.9859989881515503,0.9469019174575806,0.947488009929657,0.9303474426269531,0.9652720093727112,0.9854335784912109
1173,RawaPening,Vembanad,T-Raw_V-Vem_15px_2026-07-21,15,inner,32,0.15007970334566859,0.14288128145805726,0.9485514760017395,0.9494354724884033,0.9342995285987854,0.9650698900222778,0.9881467223167419,0.9448502063751221,0.945445716381073,0.9285600185394287,0.9629568457603455,0.9848363995552063
1174,RawaPening,Vembanad,T-Raw_V-Vem_15px_2026-07-21,15,inner,33,0.14573488653403205,0.1508373676480113,0.9500499367713928,0.9505928754806519,0.9412915706634521,0.9600798487663269,0.9876147508621216,0.9460812211036682,0.9465984106063843,0.9307864308357239,0.9629568457603455,0.9861621260643005
1175,RawaPening,Vembanad,T-Raw_V-Vem_15px_2026-07-21,15,inner,34,0.1438741273465683,0.1472350352264189,0.953046977519989,0.9531872272491455,0.9512922167778015,0.955089807510376,0.9878622889518738,0.94961017370224,0.9502108097076416,0.9322195649147034,0.9689102172851562,0.9861127138137817
1176,RawaPening,Vembanad,T-Raw_V-Vem_15px_2026-07-21,15,inner,35,0.1466205380248593,0.1469511422779891,0.9500499367713928,0.9504950642585754,0.943025529384613,0.9580838084220886,0.9874051809310913,0.9459171295166016,0.946435809135437,0.9306265711784363,0.9627914428710938,0.9859572649002075
1177,RawaPening,Vembanad,T-Raw_V-Vem_15px_2026-07-21,15,inner,36,0.14539327946677652,0.14291628456854083,0.9475524425506592,0.9485041499137878,0.9324975609779358,0.9650698900222778,0.9880818128585815,0.9482150077819824,0.9487533569335938,0.9321736097335815,0.9659335017204285,0.9856117963790894
1178,RawaPening,Vembanad,T-Raw_V-Vem_15px_2026-07-21,15,inner,37,0.14710444724481517,0.14493182489088366,0.9485514760017395,0.9492360949516296,0.937682569026947,0.961077868938446,0.9877485036849976,0.9457529783248901,0.9463517665863037,0.9292317628860474,0.9641144275665283,0.9854556322097778
1179,RawaPening,Valsequillo,T-Raw_V-Val_15px_2026-07-21,15,inner,1,0.4424555233067187,0.30147111789852965,0.8995097875595093,0.8949256539344788,0.937701404094696,0.8558823466300964,0.9568848609924316,0.8028319478034973,0.8021152019500732,0.79914391040802,0.8051086664199829,0.878337562084198
1180,RawaPening,Valsequillo,T-Raw_V-Val_15px_2026-07-21,15,inner,2,0.35519545026214916,0.253111126639095,0.904411792755127,0.9037986993789673,0.9096325635910034,0.8980392217636108,0.9621232151985168,0.859965443611145,0.8588733077049255,0.8592297434806824,0.8585171699523926,0.9226269721984863
1181,RawaPening,Valsequillo,T-Raw_V-Val_15px_2026-07-21,15,inner,3,0.27108811581758957,0.21557909466472328,0.9215686321258545,0.922103226184845,0.9158607125282288,0.9284313917160034,0.9707674384117126,0.9064789414405823,0.906640350818634,0.8985176682472229,0.9149112701416016,0.9527682662010193
1182,RawaPening,Valsequillo,T-Raw_V-Val_15px_2026-07-21,15,inner,4,0.2565723044632629,0.35659056376008424,0.8666666746139526,0.8721804618835449,0.8375450968742371,0.9098039269447327,0.9183391332626343,0.9095249772071838,0.9095547795295715,0.9026461839675903,0.9165698885917664,0.9576743841171265
1183,RawaPening,Valsequillo,T-Raw_V-Val_15px_2026-07-21,15,inner,5,0.254803688173148,0.2650176043969159,0.9093137383460999,0.904194712638855,0.9582875967025757,0.8558823466300964,0.9780430793762207,0.9086194038391113,0.908837080001831,0.9001138806343079,0.917730987071991,0.95844566822052
1184,RawaPening,Valsequillo,T-Raw_V-Val_15px_2026-07-21,15,inner,6,0.2206315960539725,0.32279702448377423,0.9078431129455566,0.9143117666244507,0.8543441295623779,0.9833333492279053,0.9588638544082642,0.9246727824211121,0.9248336553573608,0.9161784052848816,0.9336540102958679,0.9671988487243652
1185,RawaPening,Valsequillo,T-Raw_V-Val_15px_2026-07-21,15,inner,7,0.21268051242478994,0.2100462394309979,0.9333333373069763,0.9351145029067993,0.910780668258667,0.9607843160629272,0.9726778268814087,0.9274718165397644,0.9276267290115356,0.9189453125,0.9364737272262573,0.9697432518005371
1186,RawaPening,Valsequillo,T-Raw_V-Val_15px_2026-07-21,15,inner,8,0.20570299594384844,0.19065992120726435,0.9421568512916565,0.9421568512916565,0.9421568512916565,0.9421568512916565,0.9800066947937012,0.928706705570221,0.9287125468254089,0.921882688999176,0.9356443881988525,0.9716260433197021
1187,RawaPening,Valsequillo,T-Raw_V-Val_15px_2026-07-21,15,inner,9,0.2128513311819892,0.45152582374273564,0.7647058963775635,0.8009950518608093,0.693965494632721,0.9470587968826294,0.9073798656463623,0.9280480742454529,0.9281250238418579,0.9204044938087463,0.9359760880470276,0.9697551131248474
1188,RawaPening,Valsequillo,T-Raw_V-Val_15px_2026-07-21,15,inner,10,0.20646613923509377,0.237387361085298,0.9397059082984924,0.9401459693908691,0.9333333373069763,0.9470587968826294,0.9685601592063904,0.9299415349960327,0.9300106763839722,0.9223490953445435,0.9378006458282471,0.9712308645248413
1189,RawaPening,Valsequillo,T-Raw_V-Val_15px_2026-07-21,15,inner,11,0.19207085113329309,0.19838773929605297,0.9382352828979492,0.940733790397644,0.9041591286659241,0.9803921580314636,0.9764734506607056,0.9345517158508301,0.9345086216926575,0.9283142685890198,0.9407861828804016,0.9750078320503235
1190,RawaPening,Valsequillo,T-Raw_V-Val_15px_2026-07-21,15,inner,12,0.18490420613964467,0.1689316288367206,0.9392156600952148,0.9398642182350159,0.9299424290657043,0.949999988079071,0.9818588495254517,0.937762439250946,0.9377880096435547,0.9305895566940308,0.9450986981391907,0.9765155911445618
1191,RawaPening,Valsequillo,T-Raw_V-Val_15px_2026-07-21,15,inner,13,0.18376310441725496,0.14547626472571318,0.9539215564727783,0.9553655982017517,0.9263351559638977,0.9862744808197021,0.9836947917938232,0.9387503266334534,0.9387351870536804,0.9321340918540955,0.9454303979873657,0.977310836315155
1192,RawaPening,Valsequillo,T-Raw_V-Val_15px_2026-07-21,15,inner,14,0.18524359754842035,0.20594345731478111,0.9308823347091675,0.9332702159881592,0.9021043181419373,0.9666666388511658,0.9693944454193115,0.9362805485725403,0.9363905191421509,0.9280012845993042,0.9449328184127808,0.9769840240478516
1193,RawaPening,Valsequillo,T-Raw_V-Val_15px_2026-07-21,15,inner,15,0.1818336007926919,0.20667354134367963,0.9348039031028748,0.9334000945091248,0.9539406299591064,0.9137254953384399,0.9779421091079712,0.9388326406478882,0.9388930201530457,0.9311582446098328,0.9467573165893555,0.9772356748580933
1194,RawaPening,Valsequillo,T-Raw_V-Val_15px_2026-07-21,15,inner,16,0.16838738719475085,0.1574188907575958,0.9490196108818054,0.9485148787498474,0.9580000042915344,0.9392156600952148,0.9857045412063599,0.9441014528274536,0.9441290497779846,0.9368060231208801,0.9515674114227295,0.9804840087890625
1195,RawaPening,Valsequillo,T-Raw_V-Val_15px_2026-07-21,15,inner,17,0.16841603455999274,0.15745847359591839,0.9514706134796143,0.952654242515564,0.9299719929695129,0.9764705896377563,0.9776211380958557,0.9399028420448303,0.9400460124015808,0.9310232400894165,0.9492453336715698,0.9808534383773804
1196,RawaPening,Valsequillo,T-Raw_V-Val_15px_2026-07-21,15,inner,18,0.1713770638402719,0.17736236422377474,0.947549045085907,0.9482341408729553,0.9360076189041138,0.9607843160629272,0.9761178493499756,0.9429488778114319,0.9429770708084106,0.9356629848480225,0.9504063725471497,0.9797434210777283
1197,RawaPening,Valsequillo,T-Raw_V-Val_15px_2026-07-21,15,inner,19,0.17209514177556076,0.2109807641336731,0.9392156600952148,0.9398642182350159,0.9299424290657043,0.949999988079071,0.968259334564209,0.9399028420448303,0.9399374723434448,0.9325714111328125,0.9474207758903503,0.980007529258728
1198,RawaPening,Valsequillo,T-Raw_V-Val_15px_2026-07-21,15,inner,20,0.17017676242538035,0.21592210798579103,0.9308823347091675,0.9293940663337708,0.9498464465141296,0.9098039269447327,0.9735466837882996,0.9438544511795044,0.9437664747238159,0.9383505582809448,0.9492453336715698,0.9802665710449219
1199,RawaPening,Valsequillo,T-Raw_V-Val_15px_2026-07-21,15,inner,21,0.16303947339766878,0.14048980349565254,0.954901933670044,0.9554263353347778,0.9444444179534912,0.9666666388511658,0.9849586486816406,0.9437721371650696,0.943919837474823,0.9346341490745544,0.9533919095993042,0.9819658398628235
1200,RawaPening,Valsequillo,T-Raw_V-Val_15px_2026-07-21,15,inner,22,0.1588803084139825,0.2560494937587018,0.9093137383460999,0.9052739143371582,0.9474812150001526,0.8666666746139526,0.9687178134918213,0.9452539682388306,0.9452900290489197,0.9378060698509216,0.9528943300247192,0.9832568168640137
1201,RawaPening,Valsequillo,T-Raw_V-Val_15px_2026-07-21,15,inner,23,0.15627484096807148,0.17912658353646596,0.9446078538894653,0.9458553194999695,0.9250234365463257,0.9676470756530762,0.9738643765449524,0.9444307088851929,0.9444490075111389,0.9372754096984863,0.9517332911491394,0.9839665293693542
1202,RawaPening,Valsequillo,T-Raw_V-Val_15px_2026-07-21,15,inner,24,0.15472168830836214,0.16962812254387957,0.9485294222831726,0.9483013153076172,0.9525222778320312,0.9441176652908325,0.9810303449630737,0.946900486946106,0.9469964504241943,0.9384365081787109,0.9557140469551086,0.9839146137237549
1203,RawaPening,Valsequillo,T-Raw_V-Val_15px_2026-07-21,15,inner,25,0.15617793113191972,0.17011541455399756,0.9465686082839966,0.9473175406455994,0.9342230558395386,0.9607843160629272,0.9771318435668945,0.9442660808563232,0.9442844390869141,0.937112033367157,0.9515674114227295,0.9838441610336304
1204,RawaPening,Valsequillo,T-Raw_V-Val_15px_2026-07-21,15,inner,26,0.15544305735285258,0.1778056877208691,0.9431372284889221,0.9438528418540955,0.9321223497390747,0.9558823704719543,0.975567102432251,0.9463241696357727,0.9464256167411804,0.9377951622009277,0.9552164673805237,0.983850359916687
1205,RawaPening,Valsequillo,T-Raw_V-Val_15px_2026-07-21,15,inner,27,0.14682582505565617,0.16927292779380199,0.9480392336845398,0.9486931562423706,0.9369024634361267,0.9607843160629272,0.9765609502792358,0.948711633682251,0.9487285017967224,0.9415223598480225,0.9560458064079285,0.9856580495834351
1206,RawaPening,Valsequillo,T-Raw_V-Val_15px_2026-07-21,15,inner,28,0.14946151238646027,0.20656126762429874,0.9352940917015076,0.9354838728904724,0.932748556137085,0.9382352828979492,0.9692224264144897,0.946900486946106,0.9468567371368408,0.9407334923744202,0.9530602097511292,0.9856162071228027
1207,RawaPening,Valsequillo,T-Raw_V-Val_15px_2026-07-21,15,inner,29,0.15011025794697483,0.17915114393713427,0.9460784196853638,0.9468598961830139,0.9333333373069763,0.9607843160629272,0.9741407036781311,0.9462418556213379,0.9462684392929077,0.9389287829399109,0.953723669052124,0.9854825735092163
1208,RawaPening,Valsequillo,T-Raw_V-Val_15px_2026-07-21,15,inner,30,0.15370322760730318,0.1599099501236981,0.9495097994804382,0.950456976890564,0.9329556226730347,0.9686274528503418,0.978203535079956,0.9464888572692871,0.9465987682342529,0.9378154277801514,0.9555481672286987,0.9842615127563477
1209,RawaPening,Valsequillo,T-Raw_V-Val_15px_2026-07-21,15,inner,31,0.14947713763589004,0.17832275889083452,0.9470587968826294,0.9481267929077148,0.9293785095214844,0.9676470756530762,0.9739120006561279,0.9491232633590698,0.949211061000824,0.9407069683074951,0.9578703045845032,0.9849812984466553
1210,RawaPening,Winam,T-Raw_V-Win_15px_2026-07-21,15,inner,1,0.4146617549851483,0.39844712759999407,0.8509254455566406,0.8523290157318115,0.8447937369346619,0.8600000143051147,0.8987557888031006,0.8222842216491699,0.8164095878601074,0.8377109169960022,0.7961646318435669,0.8933777213096619
1211,RawaPening,Winam,T-Raw_V-Win_15px_2026-07-21,15,inner,2,0.34584388145666495,0.5508081953993077,0.7688844203948975,0.8111202120780945,0.6860304474830627,0.9919999837875366,0.8677247762680054,0.8668362498283386,0.86656254529953,0.8619561791419983,0.8712183833122253,0.9263279438018799
1212,RawaPening,Winam,T-Raw_V-Win_15px_2026-07-21,15,inner,3,0.27949788276390986,0.3705563478473725,0.8654327392578125,0.8667657375335693,0.8586849570274353,0.875,0.9056546688079834,0.8990810513496399,0.8987654447555542,0.8949352502822876,0.9026285409927368,0.9513828158378601
1213,RawaPening,Winam,T-Raw_V-Win_15px_2026-07-21,15,inner,4,0.2506524452644369,0.2780463255647423,0.9004502296447754,0.9015339016914368,0.8922624588012695,0.9110000133514404,0.9460530281066895,0.9149983525276184,0.9150819778442383,0.9074947237968445,0.9227971434593201,0.9598098993301392
1214,RawaPening,Winam,T-Raw_V-Win_15px_2026-07-21,15,inner,5,0.24181948412450605,0.7224481347622187,0.6963481903076172,0.7657275199890137,0.6235072016716003,0.9919999837875366,0.921288251876831,0.9186905026435852,0.9188170433044434,0.9106853008270264,0.9270954132080078,0.9614384174346924
1215,RawaPening,Winam,T-Raw_V-Win_15px_2026-07-21,15,inner,6,0.21615284628014428,0.28123916412939903,0.9044522047042847,0.9036812782287598,0.9114954471588135,0.8960000276565552,0.9580851197242737,0.9311618208885193,0.9313701391220093,0.921794056892395,0.9411472678184509,0.9675706624984741
1216,RawaPening,Winam,T-Raw_V-Win_15px_2026-07-21,15,inner,7,0.20156405291519752,0.2779856832013589,0.9004502296447754,0.9015339016914368,0.8922624588012695,0.9110000133514404,0.951072096824646,0.9355103373527527,0.9356265068054199,0.9271222352981567,0.9442883133888245,0.9708167910575867
1217,RawaPening,Winam,T-Raw_V-Win_15px_2026-07-21,15,inner,8,0.206052084295993,0.2998474996175669,0.8929464817047119,0.8898043036460876,0.9171974658966064,0.8640000224113464,0.9517307877540588,0.9319002032279968,0.932111918926239,0.9224542379379272,0.941973865032196,0.9707186222076416
1218,RawaPening,Winam,T-Raw_V-Win_15px_2026-07-21,15,inner,9,0.2032433190857695,0.5520636318415063,0.6388193964958191,0.44117647409439087,0.9760273694992065,0.2849999964237213,0.9576836824417114,0.9338693618774414,0.9338693618774414,0.9270239472389221,0.9408166408538818,0.9710786938667297
1219,RawaPening,Winam,T-Raw_V-Win_15px_2026-07-21,15,inner,10,0.20774402520012614,0.7199832730001308,0.6018009185791016,0.35073408484458923,0.9513274431228638,0.2150000035762787,0.943732738494873,0.9301772117614746,0.930182933807373,0.9232898950576782,0.937179684638977,0.9698882102966309
1220,RawaPening,Winam,T-Raw_V-Win_15px_2026-07-21,15,inner,11,0.1944343174603246,0.2782807184388864,0.8904452323913574,0.8951651453971863,0.8585858345031738,0.9350000023841858,0.946539044380188,0.9373974204063416,0.9375255703926086,0.9287800192832947,0.946437418460846,0.9723550081253052
1221,RawaPening,Winam,T-Raw_V-Win_15px_2026-07-21,15,inner,12,0.18260282498130573,0.23197419176019332,0.9109554886817932,0.9117063283920288,0.9045275449752808,0.9190000295639038,0.9705665111541748,0.9400229454040527,0.9401163458824158,0.9317960143089294,0.9485865235328674,0.975690484046936
1222,RawaPening,Winam,T-Raw_V-Win_15px_2026-07-21,15,inner,13,0.18264893680556626,0.23483972680166068,0.9114557504653931,0.9137846827507019,0.890788197517395,0.9380000233650208,0.9712092280387878,0.9385461211204529,0.9387020468711853,0.9294975399971008,0.9480906128883362,0.9760459661483765
1223,RawaPening,Winam,T-Raw_V-Win_15px_2026-07-21,15,inner,14,0.18038423227841321,0.27946843011300077,0.8979489803314209,0.9015443921089172,0.871268630027771,0.9340000152587891,0.9517247080802917,0.9406793713569641,0.9408007860183716,0.9320246577262878,0.9497437477111816,0.9769706726074219
1224,RawaPening,Winam,T-Raw_V-Win_15px_2026-07-21,15,inner,15,0.1801383878031949,0.2936071313401892,0.9004502296447754,0.8961919546127319,0.9367502927780151,0.859000027179718,0.9672462344169617,0.9408434629440308,0.9408968091011047,0.933170735836029,0.9487518668174744,0.9765619039535522
1225,RawaPening,Winam,T-Raw_V-Win_15px_2026-07-21,15,inner,16,0.17234774623928126,0.23201074146874354,0.9134567379951477,0.9135432243347168,0.9130868911743164,0.9139999747276306,0.9677817821502686,0.9415819048881531,0.9417062401771545,0.93284672498703,0.9507356882095337,0.9784876704216003
1226,RawaPening,Winam,T-Raw_V-Win_15px_2026-07-21,15,inner,17,0.17008059528330172,0.25469779312515584,0.9114557504653931,0.9090909361839294,0.9345300793647766,0.8849999904632568,0.9735205173492432,0.9442074298858643,0.9443079233169556,0.9357247352600098,0.9530500769615173,0.9788404703140259
1227,RawaPening,Winam,T-Raw_V-Win_15px_2026-07-21,15,inner,18,0.17095483161208275,0.22633150598666016,0.9119559526443481,0.9114688038825989,0.9170040488243103,0.906000018119812,0.9717147350311279,0.9437971711158752,0.9439672827720642,0.934261679649353,0.9538766741752625,0.979266345500946
1228,RawaPening,Winam,T-Raw_V-Win_15px_2026-07-21,15,inner,19,0.1682278486815366,0.24050727088829915,0.9064532518386841,0.9063595533370972,0.9077231884002686,0.9049999713897705,0.9717718362808228,0.9451919794082642,0.9452279210090637,0.937693178653717,0.9528847932815552,0.9793972969055176
1229,RawaPening,Winam,T-Raw_V-Win_15px_2026-07-21,15,inner,20,0.17022071529851024,0.253165693373595,0.9114557504653931,0.9090909361839294,0.9345300793647766,0.8849999904632568,0.9740920662879944,0.9434689879417419,0.9435107111930847,0.9359140992164612,0.9512315988540649,0.9793505668640137
1230,RawaPening,Winam,T-Raw_V-Win_15px_2026-07-21,15,inner,21,0.16205328827143733,0.22943949460968835,0.9084542393684387,0.9075290560722351,0.9172624945640564,0.8980000019073486,0.9732852578163147,0.9471611380577087,0.9473081231117249,0.9377936124801636,0.9570176601409912,0.9805936813354492
1231,RawaPening,Winam,T-Raw_V-Win_15px_2026-07-21,15,inner,22,0.1604192986482865,0.2727767882390873,0.9099549651145935,0.9069286584854126,0.9389721751213074,0.8769999742507935,0.9714474081993103,0.9465047717094421,0.9466361403465271,0.9374290704727173,0.9560257792472839,0.9816193580627441
1232,RawaPening,Winam,T-Raw_V-Win_15px_2026-07-21,15,inner,23,0.15701894016589812,0.29453190135606017,0.8954477310180664,0.8902887105941772,0.9370165467262268,0.8479999899864197,0.9696376323699951,0.9469970464706421,0.947196364402771,0.9367825388908386,0.9578442573547363,0.9826234579086304
1233,RawaPening,Winam,T-Raw_V-Win_15px_2026-07-21,15,inner,24,0.15788409682641782,0.29219977840480243,0.897448718547821,0.8940568566322327,0.9251337051391602,0.8650000095367432,0.9579379558563232,0.9464226961135864,0.9465148448944092,0.9379870295524597,0.9551991820335388,0.9824920892715454
1234,RawaPening,Winam,T-Raw_V-Win_15px_2026-07-21,15,inner,25,0.15623414735785068,0.3331743213860574,0.8784392476081848,0.8674304485321045,0.9543817639350891,0.7950000166893005,0.9673143029212952,0.9478175044059753,0.9479200839996338,0.9391530156135559,0.956852376461029,0.982336163520813
1235,RawaPening,Winam,T-Raw_V-Win_15px_2026-07-21,15,inner,26,0.15465924613762183,0.2357970675231778,0.9094547033309937,0.9077001810073853,0.9261186122894287,0.8899999856948853,0.9729769825935364,0.949704647064209,0.9498404264450073,0.9403758645057678,0.9594974517822266,0.9823213219642639
1236,RawaPening,Winam,T-Raw_V-Win_15px_2026-07-21,15,inner,27,0.1513505788476576,0.23029982812680294,0.9109554886817932,0.9110000133514404,0.9110000133514404,0.9110000133514404,0.9677147269248962,0.94929438829422,0.9492694139480591,0.9427686333656311,0.9558604955673218,0.9834507703781128
1237,RawaPening,Winam,T-Raw_V-Win_15px_2026-07-21,15,inner,28,0.1482273282713682,0.23693173664718448,0.9129564762115479,0.913690447807312,0.9064960479736328,0.9210000038146973,0.9679399728775024,0.948884129524231,0.948980450630188,0.9402791261672974,0.9578442573547363,0.9844743013381958
1238,RawaPening,,Test_Raw_outer_15px_2026-07-21,15,outer,1,0.4337985329516403,,,,,,,0.8082751631736755,0.8060467839241028,0.8103225827217102,0.8018158674240112,0.8832639455795288
1239,RawaPening,,Test_Raw_outer_15px_2026-07-21,15,outer,2,0.35072551097461163,,,,,,,0.8635370135307312,0.8630059361457825,0.8609346151351929,0.8650872707366943,0.923959493637085
1240,RawaPening,,Test_Raw_outer_15px_2026-07-21,15,outer,3,0.27437847959631434,,,,,,,0.900401771068573,0.9007376432418823,0.892151415348053,0.909490704536438,0.9520209431648254
1241,RawaPening,,Test_Raw_outer_15px_2026-07-21,15,outer,4,0.24187101321437357,,,,,,,0.9164023399353027,0.9166901111602783,0.9078892469406128,0.9256632328033447,0.9619237184524536
1242,RawaPening,,Test_Raw_outer_15px_2026-07-21,15,outer,5,0.24018439605371,,,,,,,0.9175301194190979,0.9177793264389038,0.9093440771102905,0.9263725280761719,0.9623221158981323
1243,RawaPening,,Test_Raw_outer_15px_2026-07-21,15,outer,6,0.21127074474893295,,,,,,,0.9293719530105591,0.9295952916145325,0.9209244251251221,0.9384309649467468,0.9697155952453613
1244,RawaPening,,Test_Raw_outer_15px_2026-07-21,15,outer,7,0.2063585530189007,,,,,,,0.9293719530105591,0.9295358657836914,0.9216287732124329,0.9375798106193542,0.9710821509361267
1245,RawaPening,,Test_Raw_outer_15px_2026-07-21,15,outer,8,0.203617034131657,,,,,,,0.9301472902297974,0.9303730726242065,0.921631395816803,0.9392821788787842,0.9717453718185425
1246,RawaPening,,Test_Raw_outer_15px_2026-07-21,15,outer,9,0.20591956665452543,,,,,,,0.9316275715827942,0.9319202899932861,0.9222114086151123,0.9418357014656067,0.9704965353012085
1247,RawaPening,,Test_Raw_outer_15px_2026-07-21,15,outer,10,0.20163703132626906,,,,,,,0.9300063252449036,0.9304475784301758,0.9189264178276062,0.9422613382339478,0.9722883105278015
1248,RawaPening,,Test_Raw_outer_15px_2026-07-21,15,outer,11,0.18152692516455735,,,,,,,0.9396630525588989,0.9400308132171631,0.9285812973976135,0.9517661929130554,0.9757575988769531
1249,RawaPening,,Test_Raw_outer_15px_2026-07-21,15,outer,12,0.18265667441968997,,,,,,,0.9391696453094482,0.9395107626914978,0.9285120368003845,0.9507731795310974,0.9761533141136169
1250,RawaPening,,Test_Raw_outer_15px_2026-07-21,15,outer,13,0.18532663980573616,,,,,,,0.936561644077301,0.936948299407959,0.9255363345146179,0.9486451745033264,0.9758731126785278
1251,RawaPening,,Test_Raw_outer_15px_2026-07-21,15,outer,14,0.18032058321562916,,,,,,,0.9391696453094482,0.9394937753677368,0.928749680519104,0.9504894018173218,0.9767636060714722
1252,RawaPening,,Test_Raw_outer_15px_2026-07-21,15,outer,15,0.1822285857102815,,,,,,,0.9397335648536682,0.9400715231895447,0.9290662407875061,0.9513406157493591,0.976118803024292
1253,RawaPening,,Test_Raw_outer_15px_2026-07-21,15,outer,16,0.16832386990984827,,,,,,,0.9449496269226074,0.9450734853744507,0.937099039554596,0.9531848430633545,0.9797084331512451
1254,RawaPening,,Test_Raw_outer_15px_2026-07-21,15,outer,17,0.1662306451638674,,,,,,,0.9450200796127319,0.9452323913574219,0.9357708692550659,0.9548872113227844,0.9805110692977905
1255,RawaPening,,Test_Raw_outer_15px_2026-07-21,15,outer,18,0.16740904651178384,,,,,,,0.9445266723632812,0.9448454976081848,0.9336565136909485,0.9563058614730835,0.9799891114234924
1256,RawaPening,,Test_Raw_outer_15px_2026-07-21,15,outer,19,0.17394999476284778,,,,,,,0.9414957165718079,0.9416561126708984,0.9332590103149414,0.9502056837081909,0.9790456295013428
1257,RawaPening,,Test_Raw_outer_15px_2026-07-21,15,outer,20,0.16750417663715453,,,,,,,0.943751335144043,0.9440078735351562,0.933916449546814,0.9543197751045227,0.9801265001296997
1258,RawaPening,,Test_Raw_outer_15px_2026-07-21,15,outer,21,0.1576885094016301,,,,,,,0.9481920003890991,0.9484753012657166,0.9375,0.9597105979919434,0.9823135137557983
1259,Winam,Hartbeespoort,T-Win_V-Har_15px_2026-07-21,15,inner,1,0.4014664337487573,0.31415360068946374,0.9281495809555054,0.9282907843589783,0.9139264822006226,0.9431137442588806,0.9523757696151733,0.8244777321815491,0.8230807781219482,0.8255446553230286,0.8206315040588379,0.9001222848892212
1260,Winam,Hartbeespoort,T-Win_V-Har_15px_2026-07-21,15,inner,2,0.2778690415133495,0.6649751374644675,0.6727362275123596,0.7029923796653748,0.6362166404724121,0.7854291200637817,0.7440081238746643,0.8938969969749451,0.8938096761703491,0.8901458978652954,0.8975037336349487,0.9522492289543152
1261,Winam,Hartbeespoort,T-Win_V-Har_15px_2026-07-21,15,inner,3,0.23474193631690826,0.24924055495717395,0.9104330539703369,0.9038054943084717,0.9606741666793823,0.8532934188842773,0.9764868021011353,0.9179141521453857,0.9182770848274231,0.909784197807312,0.9269300699234009,0.9646170139312744
1262,Winam,Hartbeespoort,T-Win_V-Har_15px_2026-07-21,15,inner,4,0.2208135094904825,0.3259003739694031,0.8710629940032959,0.8557268977165222,0.9545454382896423,0.7754490971565247,0.9571168422698975,0.9239184260368347,0.9240620732307434,0.9178082346916199,0.9304017424583435,0.9693760871887207
1263,Winam,Hartbeespoort,T-Win_V-Har_15px_2026-07-21,15,inner,5,0.1992948046320264,0.1751031893796808,0.9414370059967041,0.9399293065071106,0.9509703516960144,0.9291417002677917,0.9793945550918579,0.9291824102401733,0.9292231798171997,0.9241334199905396,0.9343693256378174,0.9744710922241211
1264,Winam,Hartbeespoort,T-Win_V-Har_15px_2026-07-21,15,inner,6,0.16895090627433007,0.2099165875083349,0.9375,0.9352371096611023,0.956204354763031,0.9151696562767029,0.9697052836418152,0.9441519975662231,0.9442391395568848,0.9381527304649353,0.9504050016403198,0.9802324771881104
1265,Winam,Hartbeespoort,T-Win_V-Har_15px_2026-07-21,15,inner,7,0.15839310303921172,0.22520455738573564,0.913385808467865,0.9075630307197571,0.9578713774681091,0.8622754216194153,0.9758473038673401,0.9451389908790588,0.9451074004173279,0.9410029649734497,0.9492478370666504,0.9836353659629822
1266,Winam,Hartbeespoort,T-Win_V-Har_15px_2026-07-21,15,inner,8,0.1571151535577495,0.1593557373569237,0.9488189220428467,0.9470468163490295,0.9667359590530396,0.9281437397003174,0.9835542440414429,0.9469485282897949,0.9468654990196228,0.9436781406402588,0.9500743746757507,0.983735978603363
1267,Winam,Hartbeespoort,T-Win_V-Har_15px_2026-07-21,15,inner,9,0.14777653534434151,0.1908812031707191,0.9399606585502625,0.9378818869590759,0.957380473613739,0.9191616773605347,0.9764344692230225,0.9493337869644165,0.9492753744125366,0.9456931948661804,0.9528847932815552,0.9854432344436646
1268,Winam,Hartbeespoort,T-Win_V-Har_15px_2026-07-21,15,inner,10,0.14827408095560374,0.22566740032960111,0.9202755689620972,0.9186747074127197,0.9242424368858337,0.9131736755371094,0.9687024354934692,0.9489225149154663,0.948918342590332,0.9443352818489075,0.9535460472106934,0.9851776361465454
1269,Winam,Hartbeespoort,T-Win_V-Har_15px_2026-07-21,15,inner,11,0.13020844951267108,0.23081710321579393,0.9335629940032959,0.9297971725463867,0.9706840515136719,0.8922155499458313,0.9751303195953369,0.9562427997589111,0.9561779499053955,0.9528812766075134,0.9594974517822266,0.9883588552474976
1270,Winam,Hartbeespoort,T-Win_V-Har_15px_2026-07-21,15,inner,12,0.12672581613250108,0.21109488330722795,0.9281495809555054,0.924508810043335,0.959227442741394,0.8922155499458313,0.9762940406799316,0.9539397954940796,0.9538639187812805,0.9507308006286621,0.9570176601409912,0.9890893697738647
1271,Winam,Hartbeespoort,T-Win_V-Har_15px_2026-07-21,15,inner,13,0.12178188262727625,0.2752114560191087,0.9114173054695129,0.9045599102973938,0.9649321436882019,0.8512973785400391,0.9662994146347046,0.9567363262176514,0.9565791487693787,0.9553173780441284,0.9578442573547363,0.9900557994842529
1272,Winam,Hartbeespoort,T-Win_V-Har_15px_2026-07-21,15,inner,14,0.12394521887815396,0.2921870227089137,0.8917322754859924,0.8806941509246826,0.9643705487251282,0.8103792667388916,0.9744666218757629,0.9566540718078613,0.956564724445343,0.9538132548332214,0.9593321084976196,0.9894781112670898
1273,Winam,Hartbeespoort,T-Win_V-Har_15px_2026-07-21,15,inner,15,0.11975674423539123,0.1937822153366457,0.939468502998352,0.9365652203559875,0.9690501689910889,0.9061876535415649,0.980917751789093,0.9588748216629028,0.9587594866752625,0.9567078351974487,0.9608199596405029,0.9900326728820801
1274,Winam,Hartbeespoort,T-Win_V-Har_15px_2026-07-21,15,inner,16,0.10543894848897674,0.29205027155167473,0.8986220359802246,0.8904255032539368,0.9533029794692993,0.8353293538093567,0.9641251564025879,0.9633163213729858,0.9632256031036377,0.9608488082885742,0.9656141400337219,0.992063045501709
1275,Winam,Hartbeespoort,T-Win_V-Har_15px_2026-07-21,15,inner,17,0.1070399606224443,0.26905580058576556,0.938484251499176,0.935600221157074,0.9669861793518066,0.9061876535415649,0.9604596495628357,0.963727593421936,0.9636468291282654,0.9610325694084167,0.9662753939628601,0.9917608499526978
1276,Winam,Hartbeespoort,T-Win_V-Har_15px_2026-07-21,15,inner,18,0.10993993044056416,0.2965668979592211,0.9247047305107117,0.9212557673454285,0.9511158466339111,0.8932135701179504,0.9479342699050903,0.9634808301925659,0.9634085893630981,0.9605587720870972,0.9662753939628601,0.991462230682373
1277,Winam,Rodman,T-Win_V-Rod_15px_2026-07-21,15,inner,1,0.3596842336368121,0.9678630552142421,0.7228207588195801,0.6940540671348572,0.7753623127937317,0.6281800270080566,0.8070565462112427,0.8443365097045898,0.8386381268501282,0.863620400428772,0.815060555934906,0.9196882247924805
1278,Winam,Rodman,T-Win_V-Rod_15px_2026-07-21,15,inner,2,0.2516827974462336,0.47122751277060515,0.8697355389595032,0.8741722106933594,0.8461538553237915,0.9041095972061157,0.9094605445861816,0.9065690040588379,0.9059106111526489,0.9055352807044983,0.9062862992286682,0.9606227874755859
1279,Winam,Rodman,T-Win_V-Rod_15px_2026-07-21,15,inner,3,0.19658597509426076,0.6405113837978165,0.8369246125221252,0.8477365970611572,0.795708179473877,0.9070450067520142,0.8770183324813843,0.931922972202301,0.9315906763076782,0.9292079210281372,0.933985710144043,0.9743884205818176
1280,Winam,Rodman,T-Win_V-Rod_15px_2026-07-21,15,inner,4,0.1854519709027202,1.1104343655563884,0.8398628830909729,0.8527690172195435,0.7898248434066772,0.9266144633293152,0.890670895576477,0.9350510239601135,0.934766411781311,0.9319155812263489,0.9376347661018372,0.9777433276176453
1281,Winam,Rodman,T-Win_V-Rod_15px_2026-07-21,15,inner,5,0.16879913310716918,0.45601920183678685,0.8834475874900818,0.8928892612457275,0.8266666531562805,0.9706457853317261,0.9399025440216064,0.9440237283706665,0.9437551498413086,0.9412637948989868,0.9462597370147705,0.980427622795105
1282,Winam,Rodman,T-Win_V-Rod_15px_2026-07-21,15,inner,6,0.14838390636687457,0.7304831039941305,0.858961820602417,0.8723404407501221,0.797406792640686,0.9628180265426636,0.9276371002197266,0.9520085453987122,0.9519254565238953,0.9465398788452148,0.9573727250099182,0.98410564661026
1283,Winam,Rodman,T-Win_V-Rod_15px_2026-07-21,15,inner,7,0.14204304074825014,0.398060854513428,0.884427011013031,0.889305830001831,0.8540540337562561,0.927592933177948,0.9493702054023743,0.9526671171188354,0.9525225162506104,0.9483722448348999,0.9567092657089233,0.9854828119277954
1284,Winam,Rodman,T-Win_V-Rod_15px_2026-07-21,15,inner,8,0.13979882436596253,0.48345140475746934,0.8883447647094727,0.8962693214416504,0.8375850319862366,0.9637964963912964,0.9272265434265137,0.9509384036064148,0.9507845044136047,0.9467192888259888,0.9548847079277039,0.9863625764846802
1285,Winam,Rodman,T-Win_V-Rod_15px_2026-07-21,15,inner,9,0.14007986469423062,0.5123684376726305,0.8770812749862671,0.8845977187156677,0.8343451619148254,0.9412915706634521,0.9312962293624878,0.9535726308822632,0.9534960389137268,0.9480242729187012,0.959031343460083,0.9861394762992859
1286,Winam,Rodman,T-Win_V-Rod_15px_2026-07-21,15,inner,10,0.13122686549437293,0.4142342539071803,0.8937316536903381,0.8995835185050964,0.8533801436424255,0.951076328754425,0.9275263547897339,0.9548074007034302,0.9548259973526001,0.9474200010299683,0.9623486399650574,0.9878644943237305
1287,Winam,Rodman,T-Win_V-Rod_15px_2026-07-21,15,inner,11,0.12007254950768428,0.34922275800954816,0.8917727470397949,0.8978270888328552,0.851007878780365,0.9500978589057922,0.9568819403648376,0.9594994783401489,0.9594327211380005,0.9539268612861633,0.9650024771690369,0.9893255829811096
1288,Winam,Rodman,T-Win_V-Rod_15px_2026-07-21,15,inner,12,0.11797495796211778,0.6590772376237957,0.8795298933982849,0.8918206095695496,0.809904158115387,0.9921721816062927,0.913985013961792,0.9605696201324463,0.9604752659797668,0.9556650519371033,0.9653342366218567,0.9900451302528381
1289,Winam,Rodman,T-Win_V-Rod_15px_2026-07-21,15,inner,13,0.11575170108606284,0.4498710424569048,0.8883447647094727,0.8971118927001953,0.8324958086013794,0.9726027250289917,0.9434058666229248,0.9599934220314026,0.959907591342926,0.9548662304878235,0.9650024771690369,0.9900490045547485
1290,Winam,Rodman,T-Win_V-Rod_15px_2026-07-21,15,inner,14,0.11273877789285727,0.38277870429046706,0.8834475874900818,0.8894051909446716,0.8469026684761047,0.9363992214202881,0.9557921886444092,0.9618867039680481,0.9618396162986755,0.9559305310249329,0.9678221940994263,0.990520715713501
1291,Winam,Rodman,T-Win_V-Rod_15px_2026-07-21,15,inner,15,0.1119267280346318,0.4069898070130829,0.9069539904594421,0.9141824841499329,0.8489933013916016,0.9902152419090271,0.9504196643829346,0.9596641659736633,0.9595308899879456,0.9555848240852356,0.9635096788406372,0.9912807941436768
1292,Winam,Rodman,T-Win_V-Rod_15px_2026-07-21,15,inner,16,0.10251318575776953,0.3446044721344192,0.910871684551239,0.9167429208755493,0.8608247637748718,0.980430543422699,0.949853241443634,0.9661672711372375,0.9660583138465881,0.9620065689086914,0.9701443314552307,0.9921172857284546
1293,Winam,Rodman,T-Win_V-Rod_15px_2026-07-21,15,inner,17,0.09770658439541083,0.4175731199086588,0.8927522301673889,0.8981868624687195,0.8556244373321533,0.9452054500579834,0.9565739631652832,0.9655086994171143,0.965374767780304,0.9619565010070801,0.9688173532485962,0.9933082461357117
1294,Winam,Rodman,T-Win_V-Rod_15px_2026-07-21,15,inner,18,0.09931359153055697,0.3186505110852282,0.8903036117553711,0.8946378231048584,0.8614130616188049,0.9305284023284912,0.9580656886100769,0.9659203290939331,0.9658359289169312,0.9610773324966431,0.9706419110298157,0.9926778078079224
1295,Winam,Rodman,T-Win_V-Rod_15px_2026-07-21,15,inner,19,0.10151401578712746,0.36669773772636194,0.9098922610282898,0.9159049391746521,0.8593481779098511,0.980430543422699,0.9464707374572754,0.965179443359375,0.965096116065979,0.9602627158164978,0.9699784517288208,0.9927119016647339
1296,Winam,Rodman,T-Win_V-Rod_15px_2026-07-21,15,inner,20,0.09810901203358059,0.37821097239983303,0.8917727470397949,0.8994082808494568,0.8408510684967041,0.9667319059371948,0.9604356288909912,0.9647678732872009,0.9647039175033569,0.9593242406845093,0.9701443314552307,0.9930391311645508
1297,Winam,Rodman,T-Win_V-Rod_15px_2026-07-21,15,inner,21,0.0928664273181596,0.3378485560519338,0.9054847955703735,0.9119123816490173,0.854576587677002,0.9774951338768005,0.967511773109436,0.9668258428573608,0.9667574167251587,0.9616015553474426,0.9719688296318054,0.9938468933105469
1298,Winam,Rodman,T-Win_V-Rod_15px_2026-07-21,15,inner,22,0.08809544269215092,0.3424353348957803,0.9025465250015259,0.9101580381393433,0.8449287414550781,0.9863013625144958,0.965895414352417,0.9683898687362671,0.9683011174201965,0.9638455510139465,0.9727981686592102,0.9942699670791626
1299,Winam,Rodman,T-Win_V-Rod_15px_2026-07-21,15,inner,23,0.08919436416619696,0.29393106685854664,0.9103819727897644,0.9160165190696716,0.8625756502151489,0.976516604423523,0.9718132019042969,0.9691306948661804,0.9690772891044617,0.9635946154594421,0.9746226668357849,0.9941468238830566
1300,Winam,Rodman,T-Win_V-Rod_15px_2026-07-21,15,inner,24,0.08763967168995491,0.3148996472344109,0.9079334139823914,0.9135234355926514,0.8619791865348816,0.9716242551803589,0.966301679611206,0.9696246385574341,0.9695820808410645,0.9637823700904846,0.9754520058631897,0.994447648525238
1301,Winam,Rodman,T-Win_V-Rod_15px_2026-07-21,15,inner,25,0.08470319196150065,0.400357561278997,0.9035259485244751,0.9099222421646118,0.8540772795677185,0.9735811948776245,0.9492733478546143,0.9685544967651367,0.9684558510780334,0.9643150568008423,0.9726322889328003,0.9947783946990967
1302,Winam,Rodman,T-Win_V-Rod_15px_2026-07-21,15,inner,26,0.08182027198038173,0.33175991383635683,0.9079334139823914,0.9137614965438843,0.8601036071777344,0.9745596647262573,0.9586249589920044,0.9710240364074707,0.9709187150001526,0.9672427773475647,0.9746226668357849,0.9949526786804199
1303,Winam,Rodman,T-Win_V-Rod_15px_2026-07-21,15,inner,27,0.08133017155226807,0.3261705250730127,0.9167482852935791,0.9223034977912903,0.8653516173362732,0.9872798323631287,0.9754283428192139,0.9707770943641663,0.9706974625587463,0.9661518335342407,0.9752861261367798,0.9953947067260742
1304,Winam,Rodman,T-Win_V-Rod_15px_2026-07-21,15,inner,28,0.0795102916525448,0.35043720141359685,0.897649347782135,0.9049568176269531,0.8453695774078369,0.9735811948776245,0.9617570638656616,0.972917377948761,0.9728301167488098,0.96875,0.9769447445869446,0.9951299428939819
1305,Winam,Rodman,T-Win_V-Rod_15px_2026-07-21,15,inner,29,0.08174600124550487,0.26724363393519696,0.9196865558624268,0.9241443276405334,0.8763157725334167,0.9774951338768005,0.9714650511741638,0.971682608127594,0.9715843200683594,0.9677472710609436,0.9754520058631897,0.9949628710746765
1306,Winam,Rodman,T-Win_V-Rod_15px_2026-07-21,15,inner,30,0.08157422950023348,0.3398355346877241,0.9025465250015259,0.9095865488052368,0.8490245938301086,0.9794520735740662,0.9714856147766113,0.9710240364074707,0.9709714651107788,0.9655568599700928,0.9764471650123596,0.9948923587799072
1307,Winam,Rodman,T-Win_V-Rod_15px_2026-07-21,15,inner,31,0.07601674223440746,0.304812413354812,0.9157688617706299,0.9205909371376038,0.871503472328186,0.9755381345748901,0.9676110744476318,0.974563717842102,0.9744775891304016,0.9705495238304138,0.9784375429153442,0.9955796599388123
1308,Winam,Rodman,T-Win_V-Rod_15px_2026-07-21,15,inner,32,0.07447555400664217,0.3531081837462398,0.9054847955703735,0.9115895628929138,0.8570197820663452,0.9735811948776245,0.9598389863967896,0.9748929738998413,0.9748495221138,0.9693341851234436,0.9804279208183289,0.9958294034004211
1309,Winam,Rodman,T-Win_V-Rod_15px_2026-07-21,15,inner,33,0.07480395414305628,0.2667949610881427,0.9167482852935791,0.921875,0.8691507577896118,0.9814090132713318,0.9761406183242798,0.973822832107544,0.9737536907196045,0.9691144824028015,0.9784375429153442,0.9957848191261292
1310,Winam,Rodman,T-Win_V-Rod_15px_2026-07-21,15,inner,34,0.07631608481700773,0.3199335238025191,0.9074437022209167,0.9132629632949829,0.8599827289581299,0.9735811948776245,0.9671798944473267,0.974563717842102,0.974515438079834,0.9691600799560547,0.9799303412437439,0.9954639673233032
1311,Winam,Rodman,T-Win_V-Rod_15px_2026-07-21,15,inner,35,0.07825220717012313,0.3524193858014498,0.908423125743866,0.9142594933509827,0.8602243065834045,0.9755381345748901,0.9632689356803894,0.9718472361564636,0.9717541933059692,0.9677578806877136,0.9757837057113647,0.9954603910446167
1312,Winam,Rodman,T-Win_V-Rod_15px_2026-07-21,15,inner,36,0.07714588042737466,0.33154980448621024,0.9064642786979675,0.9128251671791077,0.8554319739341736,0.9784736037254333,0.9661433696746826,0.9721764922142029,0.9720661044120789,0.9687036871910095,0.9754520058631897,0.9955008029937744
1313,Winam,Rodman,T-Win_V-Rod_15px_2026-07-21,15,inner,37,0.07288187076170506,0.3394309573831451,0.9069539904594421,0.9128440618515015,0.8592400550842285,0.9735811948776245,0.9617383480072021,0.9739051461219788,0.9738211035728455,0.9697368144989014,0.9779399633407593,0.9960798025131226
1314,Winam,Rodman,T-Win_V-Rod_15px_2026-07-21,15,inner,38,0.0719505208355838,0.3325988517437462,0.9094025492668152,0.9152542352676392,0.8604651093482971,0.9774951338768005,0.96720290184021,0.974563717842102,0.974494457244873,0.9699310064315796,0.9791010022163391,0.9963639974594116
1315,Winam,Rodman,T-Win_V-Rod_15px_2026-07-21,15,inner,39,0.07202320369276358,0.3315874758987422,0.9040156602859497,0.910091757774353,0.8566493988037109,0.9706457853317261,0.9637331962585449,0.9740698337554932,0.9739648103713989,0.9706754684448242,0.9772765040397644,0.9962305426597595
1316,Winam,Rodman,T-Win_V-Rod_15px_2026-07-21,15,inner,40,0.07456350903301832,0.3106456830820304,0.9123408198356628,0.9181527495384216,0.8618025779724121,0.9823874831199646,0.9685190320014954,0.9737405180931091,0.9736950397491455,0.9681863188743591,0.979266881942749,0.9959263801574707
1317,Winam,Rodman,T-Win_V-Rod_15px_2026-07-21,15,inner,41,0.0744419994104407,0.3170912783450641,0.9094025492668152,0.9150986671447754,0.861711323261261,0.9755381345748901,0.9661535024642944,0.9730820059776306,0.972959578037262,0.9701517224311829,0.9757837057113647,0.9959943294525146
1318,Winam,Rodman,T-Win_V-Rod_15px_2026-07-21,15,inner,42,0.07379221956677684,0.3324148750022039,0.9064642786979675,0.9125857949256897,0.8572657108306885,0.9755381345748901,0.9643240571022034,0.9728350639343262,0.9727542996406555,0.968436598777771,0.9771106243133545,0.9959772229194641
1319,Winam,Rodman,T-Win_V-Rod_15px_2026-07-21,15,inner,43,0.07207692391461434,0.3464433833314553,0.9074437022209167,0.9136592149734497,0.8568980097770691,0.9784736037254333,0.9603785276412964,0.9752222299575806,0.9751054644584656,0.9724513292312622,0.9777740836143494,0.996163547039032
1320,Winam,Mula,T-Win_V-Mul_15px_2026-07-21,15,inner,1,0.34047305495540464,1.383930870867604,0.5530887842178345,0.20446735620498657,0.739130437374115,0.11864406615495682,0.6828681230545044,0.8617758750915527,0.8617188334465027,0.8605111241340637,0.8629298806190491,0.9287717342376709
1321,Winam,Mula,T-Win_V-Mul_15px_2026-07-21,15,inner,2,0.24361995471981732,0.743573793170535,0.6549227833747864,0.4911032021045685,0.858208954334259,0.34396809339523315,0.8571656346321106,0.9135170578956604,0.913985550403595,0.9074315428733826,0.920634925365448,0.9621495008468628
1322,Winam,Mula,T-Win_V-Mul_15px_2026-07-21,15,inner,3,0.19653946880382128,0.555147024051333,0.7340733408927917,0.632421612739563,0.9556451439857483,0.47258225083351135,0.9467687010765076,0.9348077178001404,0.9352352619171143,0.9274796843528748,0.9431216716766357,0.9738185405731201
1323,Winam,Mula,T-Win_V-Mul_15px_2026-07-21,15,inner,4,0.18907029295955324,0.5747793947407638,0.7557914853096008,0.6861042380332947,0.9080459475517273,0.551345944404602,0.9159359931945801,0.9351378083229065,0.9354361891746521,0.9294809103012085,0.9414682388305664,0.9757328629493713
1324,Winam,Mula,T-Win_V-Mul_15px_2026-07-21,15,inner,5,0.18271520223273638,0.32640673456044733,0.8904440402984619,0.8842427134513855,0.905010461807251,0.8644067645072937,0.9408817291259766,0.9398415684700012,0.9401428699493408,0.9337791800498962,0.9465939402580261,0.977652370929718
1325,Winam,Mula,T-Win_V-Mul_15px_2026-07-21,15,inner,6,0.15758880022940885,0.3340063234899035,0.875,0.8606777787208557,0.9345794320106506,0.7976071834564209,0.9564915895462036,0.949414074420929,0.9496343731880188,0.9438183903694153,0.9555224776268005,0.9826443791389465
1326,Winam,Mula,T-Win_V-Mul_15px_2026-07-21,15,inner,7,0.1386148168773497,0.37695827447309455,0.8532818555831909,0.834962010383606,0.916567325592041,0.7666999101638794,0.9366866946220398,0.9554381966590881,0.9556723237037659,0.9489729404449463,0.9624669551849365,0.9863976240158081
1327,Winam,Mula,T-Win_V-Mul_15px_2026-07-21,15,inner,8,0.14593419643528766,0.5371532551800422,0.7775096297264099,0.71804279088974,0.9287974834442139,0.5852442383766174,0.9397001266479492,0.9511470794677734,0.9512677192687988,0.9472131133079529,0.9553571343421936,0.9848915934562683
1328,Winam,Mula,T-Win_V-Mul_15px_2026-07-21,15,inner,9,0.1384286523544074,0.3737955451241792,0.8310810923576355,0.7993119359016418,0.9406207799911499,0.694915235042572,0.9502624273300171,0.9553556442260742,0.9555865526199341,0.9489645957946777,0.9623016119003296,0.9862886667251587
1329,Winam,Mula,T-Win_V-Mul_15px_2026-07-21,15,inner,10,0.13580193224618647,0.5560898571113362,0.8108108043670654,0.7666666507720947,0.9512555599212646,0.6420737504959106,0.9401412010192871,0.9558507800102234,0.9560213685035706,0.9506294131278992,0.9614748954772949,0.986743688583374
1330,Winam,Mula,T-Win_V-Mul_15px_2026-07-21,15,inner,11,0.1117867915558331,0.47063132306438615,0.8132239580154419,0.7730205059051514,0.938746452331543,0.6570289134979248,0.9425409436225891,0.9634428024291992,0.9635540843009949,0.9588996171951294,0.9682539701461792,0.9906487464904785
1331,Winam,Mula,T-Win_V-Mul_15px_2026-07-21,15,inner,12,0.11149701545696523,0.4762761369059905,0.7948841452598572,0.7432023882865906,0.9432515501976013,0.6131604909896851,0.9445685148239136,0.9642680287361145,0.9643943905830383,0.9592671394348145,0.9695767164230347,0.9907317161560059
1332,Winam,Mula,T-Win_V-Mul_15px_2026-07-21,15,inner,13,0.10707018206292282,0.6620915145775066,0.6814671754837036,0.5365168452262878,0.9073634147644043,0.3808574378490448,0.9173946976661682,0.9636078476905823,0.9637066721916199,0.9593642354011536,0.9680886268615723,0.9917036294937134
1333,Winam,Mula,T-Win_V-Mul_15px_2026-07-21,15,inner,14,0.10122069421332354,0.45046292415111683,0.8006756901741028,0.7551867365837097,0.9312865734100342,0.6350947022438049,0.9406318068504333,0.9650932550430298,0.9651076197624207,0.9629629850387573,0.9672619104385376,0.992474377155304
1334,Winam,Mula,T-Win_V-Mul_15px_2026-07-21,15,inner,15,0.10430131754253068,0.6696382618030986,0.7031853199005127,0.5749827027320862,0.9369369149208069,0.4147557318210602,0.9351375102996826,0.9641029834747314,0.9641768932342529,0.9604594111442566,0.9679232835769653,0.9921543598175049
1335,Winam,Inle,T-Win_V-Inl_15px_2026-07-21,15,inner,1,0.3750299484637842,0.40443662816286086,0.784500002861023,0.8209389448165894,0.7022032737731934,0.9879999756813049,0.9773969650268555,0.8420836925506592,0.8383032083511353,0.8524085879325867,0.8246570825576782,0.913244903087616
1336,Winam,Inle,T-Win_V-Inl_15px_2026-07-21,15,inner,2,0.2656640532493005,0.2795956416130066,0.8725000023841858,0.8806738257408142,0.8276165127754211,0.9409999847412109,0.9667890071868896,0.9063166379928589,0.9066688418388367,0.8968471884727478,0.9167079925537109,0.9543876051902771
1337,Winam,Inle,T-Win_V-Inl_15px_2026-07-21,15,inner,3,0.23217259639594476,0.2385151732712984,0.9369999766349792,0.93953937292099,0.9031365513801575,0.9789999723434448,0.979773998260498,0.9212469458580017,0.921478807926178,0.9122267365455627,0.9309204816818237,0.9633129835128784
1338,Winam,Inle,T-Win_V-Inl_15px_2026-07-21,15,inner,4,0.22846598195873194,0.28197007095813753,0.8705000281333923,0.8756601214408875,0.8421052694320679,0.9120000004768372,0.9567840099334717,0.9232977628707886,0.9235548973083496,0.9139158725738525,0.9333994388580322,0.9653888940811157
1339,Winam,Inle,T-Win_V-Inl_15px_2026-07-21,15,inner,5,0.2151411796442498,0.16105572277307512,0.9455000162124634,0.9445292353630066,0.9616580605506897,0.9279999732971191,0.9856659770011902,0.9270713925361633,0.9273039698600769,0.9177727699279785,0.9370352029800415,0.9688838720321655
1340,Winam,Inle,T-Win_V-Inl_15px_2026-07-21,15,inner,6,0.18744308047968408,0.11831862623989582,0.9570000171661377,0.9574678540229797,0.9471624493598938,0.9679999947547913,0.991782009601593,0.9367514252662659,0.9369015693664551,0.9280155897140503,0.9459593296051025,0.9756379127502441
1341,Winam,Inle,T-Win_V-Inl_15px_2026-07-21,15,inner,7,0.17869033883398336,0.17425634079053998,0.9390000104904175,0.940487802028656,0.9180952310562134,0.9639999866485596,0.9851319193840027,0.9386382102966309,0.9389188289642334,0.9280064702033997,0.9500908851623535,0.9780709147453308
1342,Winam,Inle,T-Win_V-Inl_15px_2026-07-21,15,inner,8,0.17805328386254346,0.175945720795542,0.934499979019165,0.9378262758255005,0.8925022482872009,0.9879999756813049,0.9911534786224365,0.9401968717575073,0.9404070973396301,0.9304432272911072,0.9505866765975952,0.9782427549362183
1343,Winam,Inle,T-Win_V-Inl_15px_2026-07-21,15,inner,9,0.16610343060330154,0.16987847723253072,0.9440000057220459,0.946513831615448,0.9058501124382019,0.9909999966621399,0.9908379912376404,0.942165732383728,0.942227303981781,0.934492826461792,0.9500908851623535,0.9813364744186401
1344,Winam,Inle,T-Win_V-Inl_15px_2026-07-21,15,inner,10,0.16586459810074672,0.12329442621022463,0.9639999866485596,0.9643211364746094,0.9557957053184509,0.9729999899864197,0.9914599657058716,0.9433962106704712,0.9435074329376221,0.9349342584609985,0.9522392749786377,0.9810724258422852
1345,Winam,Inle,T-Win_V-Inl_15px_2026-07-21,15,inner,11,0.1455717211966636,0.11089270101487636,0.9589999914169312,0.959566056728363,0.9464980363845825,0.9729999899864197,0.9920309782028198,0.9506152868270874,0.950550377368927,0.9449616074562073,0.9562056064605713,0.9851341843605042
1346,Winam,Inle,T-Win_V-Inl_15px_2026-07-21,15,inner,12,0.13940315404822828,0.12730448311567308,0.9509999752044678,0.9526112079620361,0.9222846627235413,0.9850000143051147,0.9939479827880859,0.9543067812919617,0.9541903138160706,0.9497380256652832,0.958684504032135,0.9864082336425781
1347,Winam,Inle,T-Win_V-Inl_15px_2026-07-21,15,inner,13,0.13016125816023671,0.1511029260456562,0.940500020980835,0.9403508901596069,0.9427135586738586,0.9380000233650208,0.9862630367279053,0.9552091956138611,0.9551871418952942,0.948801577091217,0.9616592526435852,0.9881749153137207
1348,Winam,Inle,T-Win_V-Inl_15px_2026-07-21,15,inner,14,0.1361448822559833,0.11656549680233001,0.9574999809265137,0.9585163593292236,0.936129629611969,0.9819999933242798,0.9929159879684448,0.9547989964485168,0.9546539187431335,0.9508196711540222,0.9585192799568176,0.9867652654647827
1349,Winam,Inle,T-Win_V-Inl_15px_2026-07-21,15,inner,15,0.1304646230702326,0.09648848751187325,0.9614999890327454,0.9617486596107483,0.9555774927139282,0.9679999947547913,0.9940149784088135,0.9563576579093933,0.9563074707984924,0.9505305886268616,0.9621550440788269,0.9878749251365662
1350,Winam,Inle,T-Win_V-Inl_15px_2026-07-21,15,inner,16,0.11985558213588153,0.10181959876418113,0.9589999914169312,0.9594460725784302,0.9491193890571594,0.9700000286102295,0.9939559698104858,0.9594749808311462,0.9593750238418579,0.9548207521438599,0.9639729261398315,0.9895162582397461
1351,Winam,Inle,T-Win_V-Inl_15px_2026-07-21,15,inner,17,0.11531486887243363,0.08756280498951674,0.9725000262260437,0.9723200798034668,0.978723406791687,0.9660000205039978,0.9933630228042603,0.9601312279701233,0.9600460529327393,0.9551774859428406,0.9649644494056702,0.9901920557022095
1352,Winam,Inle,T-Win_V-Inl_15px_2026-07-21,15,inner,18,0.11218870735808999,0.10830387978255748,0.968500018119812,0.9688273072242737,0.9588638544082642,0.9789999723434448,0.9927780032157898,0.9630845189094543,0.9629324674606323,0.9599277377128601,0.9659560322761536,0.9910069704055786
1353,Winam,Inle,T-Win_V-Inl_15px_2026-07-21,15,inner,19,0.11301289337570301,0.1130582313798368,0.9585000276565552,0.959571361541748,0.9354225993156433,0.9850000143051147,0.994236946105957,0.9638227820396423,0.9637126922607422,0.9596853256225586,0.9677739143371582,0.9904167652130127
1354,Winam,Inle,T-Win_V-Inl_15px_2026-07-21,15,inner,20,0.11093501970294169,0.0886770196557045,0.965499997138977,0.9653440713882446,0.9697275757789612,0.9610000252723694,0.9955929517745972,0.9634126424789429,0.9632982015609741,0.9593509435653687,0.9672781229019165,0.9908166527748108
1355,Winam,Inle,T-Win_V-Inl_15px_2026-07-21,15,inner,21,0.10154440400539802,0.08247098313272,0.972000002861023,0.9721946120262146,0.9654832482337952,0.9789999723434448,0.9945899248123169,0.965873658657074,0.9657387733459473,0.9625677466392517,0.9689307808876038,0.9924658536911011
1356,Winam,Inle,T-Win_V-Inl_15px_2026-07-21,15,inner,22,0.10013423199483466,0.10078798150271177,0.9624999761581421,0.9630360007286072,0.9494655132293701,0.9769999980926514,0.994255006313324,0.9670221209526062,0.9669299125671387,0.9626535773277283,0.9712443947792053,0.9923678636550903
1357,Winam,Inle,T-Win_V-Inl_15px_2026-07-21,15,inner,23,0.0952496256309518,0.09681565627455711,0.9614999890327454,0.9614421725273132,0.9628886580467224,0.9599999785423279,0.9940549731254578,0.9668580889701843,0.9667161107063293,0.9638574123382568,0.9695917963981628,0.9933615922927856
1358,Winam,Inle,T-Win_V-Inl_15px_2026-07-21,15,inner,24,0.09492670986572184,0.08926279740780592,0.9660000205039978,0.9664031863212585,0.955078125,0.9779999852180481,0.9961069822311401,0.9672682285308838,0.9671523571014404,0.9635826945304871,0.9707486629486084,0.9933673143386841
1359,Winam,Inle,T-Win_V-Inl_15px_2026-07-21,15,inner,25,0.09423158764350209,0.12123203147947788,0.949999988079071,0.9511241316795349,0.9302103519439697,0.9729999899864197,0.99242103099823,0.9686628580093384,0.9685441255569458,0.9652059674263,0.9719054698944092,0.9932518005371094
1360,Winam,Inle,T-Win_V-Inl_15px_2026-07-21,15,inner,26,0.09197813332374219,0.09394718452915549,0.9645000100135803,0.9648689031600952,0.9549461603164673,0.9750000238418579,0.9948890209197998,0.9701394438743591,0.9700854420661926,0.9648520350456238,0.9753759503364563,0.9933465719223022
1361,Winam,Inle,T-Win_V-Inl_15px_2026-07-21,15,inner,27,0.09076919809436094,0.09831428304314613,0.9624999761581421,0.9627421498298645,0.9565646648406982,0.968999981880188,0.9938880205154419,0.9688268899917603,0.9687191247940063,0.9650647640228271,0.9724012613296509,0.9938681125640869
1362,Winam,Inle,T-Win_V-Inl_15px_2026-07-21,15,inner,28,0.08747168000698873,0.09358989302441478,0.9645000100135803,0.9647642970085144,0.9576354622840881,0.972000002861023,0.9943269491195679,0.9704675674438477,0.9704044461250305,0.9654833674430847,0.9753759503364563,0.9942405223846436
1363,Winam,Inle,T-Win_V-Inl_15px_2026-07-21,15,inner,29,0.08726066082251473,0.08469126249477267,0.9679999947547913,0.9680957198143005,0.9652087688446045,0.9710000157356262,0.995294988155365,0.9721903204917908,0.972073495388031,0.9691196084022522,0.9750454425811768,0.9939748048782349
1364,Winam,Inle,T-Win_V-Inl_15px_2026-07-21,15,inner,30,0.08731488770300291,0.08639310357347131,0.9664999842643738,0.9666832685470581,0.9614243507385254,0.972000002861023,0.9951034784317017,0.9715340733528137,0.9714474081993103,0.9673877358436584,0.9755412340164185,0.9937635660171509
1365,Winam,Inle,T-Win_V-Inl_15px_2026-07-21,15,inner,31,0.08683805392964929,0.0982234759926796,0.9620000123977661,0.9624134302139282,0.9520547986030579,0.9729999899864197,0.9947860240936279,0.9701394438743591,0.9700263738632202,0.9666830897331238,0.9733928442001343,0.9943074584007263
1366,Winam,Vembanad,T-Win_V-Vem_15px_2026-07-21,15,inner,1,0.3770368163081752,0.8744801952913924,0.7297702431678772,0.6410086154937744,0.9564356207847595,0.48203593492507935,0.838780403137207,0.8389399647712708,0.8350281715393066,0.8492307662963867,0.8212927579879761,0.9121866226196289
1367,Winam,Vembanad,T-Win_V-Vem_15px_2026-07-21,15,inner,2,0.28314895177223975,0.4358999370769425,0.8016983270645142,0.7601208686828613,0.9632465839385986,0.6277444958686829,0.9634510278701782,0.8971118927001953,0.897246778011322,0.8895207047462463,0.9051082730293274,0.9496043920516968
1368,Winam,Vembanad,T-Win_V-Vem_15px_2026-07-21,15,inner,3,0.2273178037401493,0.599710738027727,0.6803196668624878,0.5530726313591003,0.9209302067756653,0.39520958065986633,0.8991716504096985,0.9200853109359741,0.9200721979141235,0.9134756326675415,0.926764726638794,0.9665074348449707
1369,Winam,Vembanad,T-Win_V-Vem_15px_2026-07-21,15,inner,4,0.21945718970011602,0.18419250016743605,0.9385614395141602,0.9375317692756653,0.9544984698295593,0.9211576581001282,0.9817919135093689,0.9249261617660522,0.9246727824211121,0.9209576845169067,0.9284179210662842,0.9694825410842896
1370,Winam,Vembanad,T-Win_V-Vem_15px_2026-07-21,15,inner,5,0.20859325350230742,0.1510697756628771,0.9485514760017395,0.948319137096405,0.953582227230072,0.9431137442588806,0.9852824211120605,0.9273055195808411,0.9269217848777771,0.9249382615089417,0.9289138913154602,0.9720317125320435
1371,Winam,Vembanad,T-Win_V-Vem_15px_2026-07-21,15,inner,6,0.16842655823720373,0.1581396708091894,0.9430569410324097,0.9413580298423767,0.9713375568389893,0.9131736755371094,0.9877654314041138,0.9426485300064087,0.9427189826965332,0.9346766471862793,0.9509009718894958,0.9805256128311157
1372,Winam,Vembanad,T-Win_V-Vem_15px_2026-07-21,15,inner,7,0.15638936329834727,0.38696098533067314,0.8516483306884766,0.8421052694320679,0.9010238647460938,0.7904191613197327,0.9343732595443726,0.9469970464706421,0.9469796419143677,0.9403423070907593,0.9537113308906555,0.9832273125648499
1373,Winam,Vembanad,T-Win_V-Vem_15px_2026-07-21,15,inner,8,0.16626672022971398,0.21284106009073192,0.9170829057693481,0.9182265996932983,0.9066147804260254,0.9301397204399109,0.9734161496162415,0.9423202872276306,0.9420205950737,0.9399275779724121,0.9441229701042175,0.9817459583282471
1374,Winam,Vembanad,T-Win_V-Vem_15px_2026-07-21,15,inner,9,0.1605433543705729,0.1727958221833308,0.9385614395141602,0.9367609024047852,0.9660657644271851,0.9091816544532776,0.9847904443740845,0.9450278878211975,0.9450098276138306,0.9383863210678101,0.951727569103241,0.9825445413589478
1375,Winam,Vembanad,T-Win_V-Vem_15px_2026-07-21,15,inner,10,0.15524717543823116,0.2658797361246951,0.8871129155158997,0.8767721056938171,0.9663461446762085,0.802395224571228,0.9766177535057068,0.9467508792877197,0.9466326832771301,0.9417539238929749,0.951562225818634,0.9832975268363953
1376,Winam,Vembanad,T-Win_V-Vem_15px_2026-07-21,15,inner,11,0.134319544823924,0.1492257796890371,0.9450549483299255,0.9443320035934448,0.9579055309295654,0.93113774061203,0.9863702654838562,0.9524942636489868,0.9524513483047485,0.9463120102882385,0.9586708545684814,0.9873839616775513
1377,Winam,Vembanad,T-Win_V-Vem_15px_2026-07-21,15,inner,12,0.13062951590683683,0.2899780763195945,0.85964035987854,0.8402501344680786,0.9762219190597534,0.7375249266624451,0.977878212928772,0.9545454382896423,0.9544183015823364,0.9500409364700317,0.9588361978530884,0.9881141185760498
1378,Winam,Vembanad,T-Win_V-Vem_15px_2026-07-21,15,inner,13,0.13135811870151715,0.1381159604905726,0.9515484571456909,0.9520039558410645,0.9440628290176392,0.9600798487663269,0.9869576096534729,0.9541352391242981,0.9539576768875122,0.950590968132019,0.9573483467102051,0.9881335496902466
1379,Winam,Vembanad,T-Win_V-Vem_15px_2026-07-21,15,inner,14,0.12010407430209369,0.2127950891152724,0.9125874042510986,0.9064671397209167,0.975834310054779,0.8463073968887329,0.9864341020584106,0.9577453136444092,0.9576026797294617,0.9537553191184998,0.9614812135696411,0.9900846481323242
1380,Winam,Vembanad,T-Win_V-Vem_15px_2026-07-21,15,inner,15,0.1262555801950598,0.15979347222453946,0.9400599598884583,0.9402390718460083,0.9383698105812073,0.9421157836914062,0.984270453453064,0.956022322177887,0.9558120369911194,0.9532971382141113,0.9583402276039124,0.9890193343162537
1381,Winam,Vembanad,T-Win_V-Vem_15px_2026-07-21,15,inner,16,0.10952756107146912,0.15058998148758096,0.9445554614067078,0.9432805180549622,0.9664921760559082,0.9211576581001282,0.986782431602478,0.9616836309432983,0.9615035653114319,0.9588950872421265,0.9641262888908386,0.9915148019790649
1382,Winam,Vembanad,T-Win_V-Vem_15px_2026-07-21,15,inner,17,0.11098784943085872,0.14146258206396076,0.9430569410324097,0.9415384531021118,0.9683544039726257,0.916167676448822,0.9886307120323181,0.9626681804656982,0.9625298380851746,0.9589760303497314,0.966110110282898,0.9910809993743896
1383,Winam,Vembanad,T-Win_V-Vem_15px_2026-07-21,15,inner,18,0.10724215239804809,0.13632475496172072,0.9510489702224731,0.9507042169570923,0.9584178328514099,0.9431137442588806,0.9877389669418335,0.9630784392356873,0.9628467559814453,0.9617351293563843,0.9639610052108765,0.9918820858001709
1384,Winam,Vembanad,T-Win_V-Vem_15px_2026-07-21,15,inner,19,0.10693703012795851,0.13185376546659194,0.9545454382896423,0.9544772505760193,0.9568706154823303,0.9520958065986633,0.9884161949157715,0.9620118141174316,0.9618647694587708,0.9584701061248779,0.9652835130691528,0.9918820261955261
1385,Winam,Vembanad,T-Win_V-Vem_15px_2026-07-21,15,inner,20,0.10801694739131916,0.16741041198268636,0.9360639452934265,0.9332638382911682,0.9770742654800415,0.8932135701179504,0.9873173832893372,0.961355447769165,0.9612058401107788,0.9578135013580322,0.9646222591400146,0.9917810559272766
1386,Winam,Vembanad,T-Win_V-Vem_15px_2026-07-21,15,inner,21,0.09835912312665532,0.1229386278590956,0.9625374674797058,0.9626680016517639,0.9602780342102051,0.9650698900222778,0.988735556602478,0.9680013060569763,0.9678005576133728,0.9666831493377686,0.9689204692840576,0.9927312731742859
1387,Winam,Vembanad,T-Win_V-Vem_15px_2026-07-21,15,inner,22,0.09470084155406919,0.13929830521315367,0.9460539221763611,0.9455645084381104,0.9551934599876404,0.9361277222633362,0.987202525138855,0.9680013060569763,0.9678536057472229,0.9651487469673157,0.9705736637115479,0.9934414625167847
1388,Winam,Vembanad,T-Win_V-Vem_15px_2026-07-21,15,inner,23,0.09597873693123621,0.13146154460433004,0.9585414528846741,0.9586035013198853,0.958125650882721,0.9590818285942078,0.9873597621917725,0.9660321474075317,0.9658753871917725,0.9631760716438293,0.9685898423194885,0.9934328198432922
1389,Winam,Vembanad,T-Win_V-Vem_15px_2026-07-21,15,inner,24,0.09238286798347362,0.12461004000562768,0.9600399732589722,0.9597989916801453,0.96659916639328,0.9530938267707825,0.9888542890548706,0.9678372144699097,0.9677206873893738,0.9640688896179199,0.971400260925293,0.9938361644744873
1390,Winam,Vembanad,T-Win_V-Vem_15px_2026-07-21,15,inner,25,0.08963534962428685,0.10782497414163537,0.9700299501419067,0.9700897336006165,0.9691234827041626,0.9710578918457031,0.9905399680137634,0.9682474732398987,0.9681087732315063,0.9651659727096558,0.9710695743560791,0.9942982196807861
1391,Winam,Vembanad,T-Win_V-Vem_15px_2026-07-21,15,inner,26,0.08663863454455425,0.11415510836776559,0.9625374674797058,0.9627421498298645,0.9584569931030273,0.9670658707618713,0.9900259971618652,0.9693140983581543,0.9691470265388489,0.9672319889068604,0.9710695743560791,0.9945081472396851
1392,Winam,Vembanad,T-Win_V-Vem_15px_2026-07-21,15,inner,27,0.0862968475162044,0.12104231985537084,0.9590409398078918,0.9588766098022461,0.9637096524238586,0.9540917873382568,0.9892634153366089,0.967262864112854,0.9671036601066589,0.9646381735801697,0.9695817232131958,0.9949296712875366
1393,Winam,Vembanad,T-Win_V-Vem_15px_2026-07-21,15,inner,28,0.08669795397660518,0.11237368248142562,0.9640359878540039,0.9642146825790405,0.9603960514068604,0.9680638909339905,0.9903502464294434,0.9673449397087097,0.9671779870986938,0.9649497866630554,0.9694164395332336,0.9944911003112793
1394,Winam,Vembanad,T-Win_V-Vem_15px_2026-07-21,15,inner,29,0.0859955791830234,0.12600190441061804,0.9580419659614563,0.9580838084220886,0.9580838084220886,0.9580838084220886,0.988409161567688,0.9703807234764099,0.970207154750824,0.9686881899833679,0.9717308878898621,0.9946271181106567
1395,Winam,Vembanad,T-Win_V-Vem_15px_2026-07-21,15,inner,30,0.08472689892821599,0.12014716140717477,0.9605394601821899,0.9602415561676025,0.9685279130935669,0.9520958065986633,0.9898682832717896,0.9704627394676208,0.97031170129776,0.9680763483047485,0.9725574254989624,0.9947687387466431
1396,Winam,Vembanad,T-Win_V-Vem_15px_2026-07-21,15,inner,31,0.07905563135659809,0.12256781292426122,0.9580419659614563,0.9577039480209351,0.9664633870124817,0.9491018056869507,0.9896986484527588,0.9719396233558655,0.9718425869941711,0.968017041683197,0.9756984710693359,0.9955923557281494
1397,Winam,Vembanad,T-Win_V-Vem_15px_2026-07-21,15,inner,32,0.08183394727753467,0.12215320624552525,0.9580419659614563,0.9577039480209351,0.9664633870124817,0.9491018056869507,0.9896018505096436,0.9716934561729431,0.9716072678565979,0.9673877358436584,0.9758637547492981,0.9952574968338013
1398,Winam,Vembanad,T-Win_V-Vem_15px_2026-07-21,15,inner,33,0.07999092489230337,0.11924186203029606,0.9595404863357544,0.9594797492027283,0.9618856310844421,0.9570858478546143,0.9897924661636353,0.9712832570075989,0.9711411595344543,0.9687448740005493,0.9735493659973145,0.995429515838623
1399,Winam,Vembanad,T-Win_V-Vem_15px_2026-07-21,15,inner,34,0.07861290690172763,0.13341914598162954,0.9510489702224731,0.9509999752044678,0.9529058337211609,0.9491018056869507,0.9880678653717041,0.9727600812911987,0.9726207852363586,0.9703801274299622,0.9748718738555908,0.9953581690788269
1400,Winam,Vembanad,T-Win_V-Vem_15px_2026-07-21,15,inner,35,0.08110397763630973,0.12353265190219784,0.9585414528846741,0.9583123922348022,0.9646106958389282,0.9520958065986633,0.9896317720413208,0.9702986478805542,0.9701812267303467,0.9668363332748413,0.9735493659973145,0.9952496886253357
1401,Winam,Valsequillo,T-Win_V-Val_15px_2026-07-21,15,inner,1,0.39884673233385437,0.35973236192675195,0.8661764860153198,0.8653181791305542,0.8709036707878113,0.8598039150238037,0.9290734529495239,0.8207407593727112,0.8184999823570251,0.8227508664131165,0.814292848110199,0.9011795520782471
1402,Winam,Valsequillo,T-Win_V-Val_15px_2026-07-21,15,inner,2,0.26146309475839874,0.18522145105343238,0.9352940917015076,0.9372623562812805,0.9095941185951233,0.9666666388511658,0.9773731231689453,0.9074897170066833,0.9076113700866699,0.8999184966087341,0.9154369235038757,0.9571576714515686
1403,Winam,Valsequillo,T-Win_V-Val_15px_2026-07-21,15,inner,3,0.23903085523181491,0.27478181965210857,0.8789215683937073,0.8745555877685547,0.9072707891464233,0.8441176414489746,0.9572001099586487,0.9151440262794495,0.9150111079216003,0.9098360538482666,0.9202454090118408,0.9636253118515015
1404,Winam,Valsequillo,T-Win_V-Val_15px_2026-07-21,15,inner,4,0.21228198552818456,0.2606348961153451,0.8872548937797546,0.890788197517395,0.8637200593948364,0.9196078181266785,0.9632737636566162,0.9279012084007263,0.9277346730232239,0.9231653213500977,0.9323495030403137,0.970395565032959
1405,Winam,Valsequillo,T-Win_V-Val_15px_2026-07-21,15,inner,5,0.20947710094137936,0.2677587183959344,0.904411792755127,0.9002557396888733,0.9411764740943909,0.8627451062202454,0.9587321877479553,0.9282304644584656,0.9279219508171082,0.9251689314842224,0.9306914210319519,0.9717671871185303
1406,Winam,Valsequillo,T-Win_V-Val_15px_2026-07-21,15,inner,6,0.17329282939434051,0.23189424722656315,0.9073529243469238,0.902927577495575,0.9482200741767883,0.8617647290229797,0.9749990105628967,0.9395884871482849,0.93952876329422,0.9336826801300049,0.9454485177993774,0.9801012277603149
1407,Winam,Valsequillo,T-Win_V-Val_15px_2026-07-21,15,inner,7,0.16757103747546429,0.2065345899877595,0.9122549295425415,0.9094587564468384,0.939393937587738,0.8813725709915161,0.9771443605422974,0.9416460990905762,0.9413516521453857,0.9392538666725159,0.9434587955474854,0.9817463159561157
1408,Winam,Valsequillo,T-Win_V-Val_15px_2026-07-21,15,inner,8,0.1666077919384089,0.28029633757530475,0.8872548937797546,0.8785638809204102,0.9519450664520264,0.8156862854957581,0.967160701751709,0.9424691200256348,0.9423885345458984,0.9369059205055237,0.9479356408119202,0.9818953275680542
1409,Winam,Valsequillo,T-Win_V-Val_15px_2026-07-21,15,inner,9,0.16425178883007033,0.21710993888623575,0.9245098233222961,0.9237623810768127,0.9330000281333923,0.9147058725357056,0.9684514999389648,0.9451851844787598,0.9451851844787598,0.9383886456489563,0.9520809054374695,0.9813975095748901
1410,Winam,Valsequillo,T-Win_V-Val_15px_2026-07-21,15,inner,10,0.16044416289025373,0.23504899994415396,0.8867647051811218,0.8789942264556885,0.9437570571899414,0.822549045085907,0.9725826978683472,0.9458436369895935,0.9456827044487,0.9416406154632568,0.9497596025466919,0.9825509786605835
1411,Winam,Valsequillo,T-Win_V-Val_15px_2026-07-21,15,inner,11,0.13814810634517866,0.1494475281998223,0.9490196108818054,0.9498069286346436,0.9353612065315247,0.9647058844566345,0.9852441549301147,0.9539094567298889,0.9537953734397888,0.949252724647522,0.958381712436676,0.9867461919784546
1412,Winam,Valsequillo,T-Win_V-Val_15px_2026-07-21,15,inner,12,0.1310740248828268,0.1550262191278093,0.9460784196853638,0.9461312294006348,0.9452054500579834,0.9470587968826294,0.9837697148323059,0.9559670686721802,0.9558179974555969,0.9521223902702332,0.9595423936843872,0.9880340099334717
1413,Winam,Valsequillo,T-Win_V-Val_15px_2026-07-21,15,inner,13,0.1379617660869787,0.1344695811981664,0.9509803652763367,0.9521072506904602,0.9307116270065308,0.9745097756385803,0.9888753890991211,0.9534156322479248,0.9532231688499451,0.9502389430999756,0.9562261700630188,0.9868548512458801
1414,Winam,Valsequillo,T-Win_V-Val_15px_2026-07-21,15,inner,14,0.12948629680974985,0.16562515209410705,0.9480392336845398,0.9489402770996094,0.9327651262283325,0.9656862616539001,0.9771625995635986,0.9563785791397095,0.9562273025512695,0.9526081681251526,0.9598739743232727,0.9883899092674255
1415,Winam,Valsequillo,T-Win_V-Val_15px_2026-07-21,15,inner,15,0.13037248222670927,0.1482751032301024,0.9490196108818054,0.9499518871307373,0.9328922629356384,0.9676470756530762,0.9838687181472778,0.9553086161613464,0.9551498889923096,0.9516128897666931,0.9587132930755615,0.9884209632873535
1416,Winam,Valsequillo,T-Win_V-Val_15px_2026-07-21,15,inner,16,0.11213152051707845,0.1459915742278099,0.9480392336845398,0.9483934044837952,0.9419729113578796,0.954901933670044,0.984407901763916,0.9616460800170898,0.961468517780304,0.9589312076568604,0.964019238948822,0.9911470413208008
1417,Winam,Valsequillo,T-Win_V-Val_15px_2026-07-21,15,inner,17,0.11473108635763082,0.12740292055349725,0.954901933670044,0.9552093744277954,0.9487427473068237,0.9617646932601929,0.9877989292144775,0.9595884680747986,0.959431529045105,0.9561923742294312,0.9626927375793457,0.9907998442649841
1418,Winam,Valsequillo,T-Win_V-Val_15px_2026-07-21,15,inner,18,0.11440228377534038,0.14451801751320267,0.9514706134796143,0.952563464641571,0.9315838813781738,0.9745097756385803,0.9852921962738037,0.9613991975784302,0.9613514542579651,0.9556028842926025,0.9671696424484253,0.9908730983734131
1419,Winam,Valsequillo,T-Win_V-Val_15px_2026-07-21,15,inner,19,0.10888676520482993,0.14507460366277133,0.9553921818733215,0.9561022520065308,0.9411206245422363,0.9715686440467834,0.9821049571037292,0.9622222185134888,0.9620253443717957,0.9600396156311035,0.964019238948822,0.991629958152771
1420,Winam,Valsequillo,T-Win_V-Val_15px_2026-07-21,15,inner,20,0.11242859900488285,0.13742442649661327,0.9534313678741455,0.9545236825942993,0.9326473474502563,0.977450966835022,0.9897568225860596,0.961563766002655,0.9613890051841736,0.9587730765342712,0.964019238948822,0.990997850894928
1421,Winam,Valsequillo,T-Win_V-Val_15px_2026-07-21,15,inner,21,0.10187691083292902,0.14399687910781186,0.9553921818733215,0.9554576873779297,0.9540566802024841,0.95686274766922,0.9841147661209106,0.9657613039016724,0.9655799865722656,0.9636663794517517,0.9675012230873108,0.9926295280456543
1422,Winam,Valsequillo,T-Win_V-Val_15px_2026-07-21,15,inner,22,0.10230994895897776,0.13983907478989338,0.9553921818733215,0.9558894634246826,0.945349931716919,0.9666666388511658,0.9850537776947021,0.9663374423980713,0.9661619663238525,0.9641677737236023,0.9681645035743713,0.9923920631408691
1423,Winam,Valsequillo,T-Win_V-Val_15px_2026-07-21,15,inner,23,0.09964503234857885,0.16483059065306888,0.9485294222831726,0.9491032361984253,0.9386385679244995,0.9598039388656616,0.976070761680603,0.9651851654052734,0.9650037288665771,0.9630118608474731,0.9670038223266602,0.9930602312088013
1424,Winam,Valsequillo,T-Win_V-Val_15px_2026-07-21,15,inner,24,0.09676088697871063,0.14944484492435176,0.9490196108818054,0.9498069286346436,0.9353612065315247,0.9647058844566345,0.9832737445831299,0.9665843844413757,0.9663740396499634,0.9654145240783691,0.9673354625701904,0.993458092212677
1425,Winam,Valsequillo,T-Win_V-Val_15px_2026-07-21,15,inner,25,0.0980230660669107,0.18441374154359685,0.9524509906768799,0.9529354572296143,0.9433237314224243,0.9627450704574585,0.9716638326644897,0.9665843844413757,0.9664241075515747,0.9640323519706726,0.9688277244567871,0.9931426644325256
1426,Winam,Valsequillo,T-Win_V-Val_15px_2026-07-21,15,inner,26,0.09283642252991474,0.1649304855395766,0.9529411792755127,0.9534883499145508,0.9425287246704102,0.9647058844566345,0.9767598509788513,0.9688888788223267,0.9687861204147339,0.9649613499641418,0.9726413488388062,0.9936953783035278
1427,Winam,Valsequillo,T-Win_V-Val_15px_2026-07-21,15,inner,27,0.09175999718193165,0.18039521156426738,0.9460784196853638,0.946183979511261,0.9443359375,0.9480392336845398,0.9751663208007812,0.967572033405304,0.9674218893051147,0.9648689031600952,0.9699884057044983,0.9939916133880615
1428,Winam,RawaPening,T-Win_V-Raw_15px_2026-07-21,15,inner,1,0.4062565465148723,0.5891695834778168,0.7187812328338623,0.7799921631813049,0.6409762501716614,0.9960079789161682,0.9047624468803406,0.8205612301826477,0.8154585957527161,0.8328162431716919,0.7988097071647644,0.897386908531189
1429,Winam,RawaPening,T-Win_V-Raw_15px_2026-07-21,15,inner,2,0.2849210124984897,0.169029807547232,0.9475524425506592,0.9473156332969666,0.9525731801986694,0.9421157836914062,0.9841048121452332,0.8901378512382507,0.8907919526100159,0.8791049718856812,0.902793824672699,0.9495564699172974
1430,Winam,RawaPening,T-Win_V-Raw_15px_2026-07-21,15,inner,3,0.24173302385096554,0.21427009745196743,0.9215784072875977,0.927213728427887,0.8658008575439453,0.9980040192604065,0.9825089573860168,0.9162290692329407,0.9163320660591125,0.9085147976875305,0.9242849946022034,0.9625246524810791
1431,Winam,RawaPening,T-Win_V-Raw_15px_2026-07-21,15,inner,4,0.2215314138941112,0.16863789535188056,0.949550449848175,0.9505628943443298,0.9327569603919983,0.9690618515014648,0.9873732328414917,0.9262388944625854,0.9263537526130676,0.9181552529335022,0.9346999526023865,0.9674333930015564
1432,Winam,RawaPening,T-Win_V-Raw_15px_2026-07-21,15,inner,5,0.2143772520176262,0.16764834025069014,0.9410589337348938,0.9435946345329285,0.905504584312439,0.985029935836792,0.9826276898384094,0.9285362362861633,0.9286942481994629,0.9198832511901855,0.9376756548881531,0.9696089029312134
1433,Winam,RawaPening,T-Win_V-Raw_15px_2026-07-21,15,inner,6,0.18144960352777456,0.13517188325851828,0.9520479440689087,0.9525691866874695,0.9432485103607178,0.9620758295059204,0.9871697425842285,0.9387922286987305,0.9388123154640198,0.931629478931427,0.9461067914962769,0.9777340888977051
1434,Winam,RawaPening,T-Win_V-Raw_15px_2026-07-21,15,inner,7,0.17645439639330537,0.1639863156753552,0.9385614395141602,0.9396762847900391,0.9238187074661255,0.9560878276824951,0.9836028218269348,0.9401050209999084,0.9401541352272034,0.9325093626976013,0.9479252696037292,0.9791252017021179
1435,Winam,RawaPening,T-Win_V-Raw_15px_2026-07-21,15,inner,8,0.15640626585127526,0.2546704808486389,0.8751248717308044,0.8647186160087585,0.9444444179534912,0.7974051833152771,0.9748173952102661,0.9458483457565308,0.9458572864532471,0.9387722015380859,0.9530500769615173,0.9833227396011353
1436,Winam,RawaPening,T-Win_V-Raw_15px_2026-07-21,15,inner,9,0.1660851321168168,0.16198516384020195,0.9445554614067078,0.9453471302986145,0.9329445958137512,0.9580838084220886,0.9858303666114807,0.9437151551246643,0.9436966776847839,0.9370822906494141,0.9504050016403198,0.9812208414077759
1437,Winam,RawaPening,T-Win_V-Raw_15px_2026-07-21,15,inner,10,0.15703714159441104,0.18202342132439503,0.948051929473877,0.9468845725059509,0.9696652889251709,0.92514967918396,0.9859301447868347,0.9471611380577087,0.9470568895339966,0.9419460296630859,0.9522234797477722,0.9833061099052429
1438,Winam,RawaPening,T-Win_V-Raw_15px_2026-07-21,15,inner,11,0.13755038261785246,0.1332408325536387,0.9505494236946106,0.9514943361282349,0.9345524311065674,0.9690618515014648,0.990111768245697,0.9532327055931091,0.9531018733978271,0.9487305283546448,0.9575136303901672,0.9869595766067505
1439,Winam,RawaPening,T-Win_V-Raw_15px_2026-07-21,15,inner,12,0.13427680044691406,0.1457829190935422,0.9420579671859741,0.9444444179534912,0.9079189896583557,0.9840319156646729,0.9904052019119263,0.9515096545219421,0.9512898921966553,0.9485535621643066,0.9540420174598694,0.987980306148529
1440,Winam,RawaPening,T-Win_V-Raw_15px_2026-07-21,15,inner,13,0.13782375082887116,0.1349771566443391,0.949550449848175,0.9500741362571716,0.9412341117858887,0.9590818285942078,0.9894660115242004,0.9503610134124756,0.9502344131469727,0.9456450343132019,0.9548685550689697,0.987089216709137
1441,Winam,RawaPening,T-Win_V-Raw_15px_2026-07-21,15,inner,14,0.12655561818112535,0.10749396604004798,0.9635364413261414,0.9638434648513794,0.9567354917526245,0.9710578918457031,0.9925599098205566,0.9567607641220093,0.9566290974617004,0.9524745941162109,0.9608199596405029,0.9888250827789307
1442,Winam,RawaPening,T-Win_V-Raw_15px_2026-07-21,15,inner,15,0.12250393509258393,0.11525031463517534,0.9580419659614563,0.9587831497192383,0.94305020570755,0.9750499129295349,0.9911197423934937,0.9574992060661316,0.9573873281478882,0.9528409838676453,0.9619771838188171,0.989770233631134
1443,Winam,RawaPening,T-Win_V-Raw_15px_2026-07-21,15,inner,16,0.1160027906763229,0.1331937628706078,0.9535464644432068,0.9538003206253052,0.9495549201965332,0.9580838084220886,0.9889620542526245,0.9601247310638428,0.960006594657898,0.9557594656944275,0.9642916321754456,0.9902483820915222
1444,Winam,RawaPening,T-Win_V-Raw_15px_2026-07-21,15,inner,17,0.11100775767563992,0.10159274854778232,0.9630369544029236,0.9636184573173523,0.9496123790740967,0.9780439138412476,0.9943652153015137,0.9625040888786316,0.962334156036377,0.959566056728363,0.9651182293891907,0.9911279678344727
1445,Winam,RawaPening,T-Win_V-Raw_15px_2026-07-21,15,inner,18,0.10832978455911592,0.1152753863729291,0.9590409398078918,0.9590818285942078,0.9590818285942078,0.9590818285942078,0.9917984008789062,0.9628322720527649,0.9627619981765747,0.9574885368347168,0.9680938720703125,0.9917224645614624
1446,Winam,RawaPening,T-Win_V-Raw_15px_2026-07-21,15,inner,19,0.1094689487843659,0.11957546755984112,0.9580419659614563,0.9582919478416443,0.9535573124885559,0.9630738496780396,0.9911986589431763,0.9620938897132874,0.9619940519332886,0.9574258923530579,0.9666060209274292,0.9913259744644165
1447,Winam,RawaPening,T-Win_V-Raw_15px_2026-07-21,15,inner,20,0.10664407391019207,0.10713305924884178,0.9610389471054077,0.9614243507385254,0.9529411792755127,0.970059871673584,0.9932125806808472,0.9634066224098206,0.9632800817489624,0.9594882726669312,0.9671019911766052,0.991835355758667
1448,Winam,RawaPening,T-Win_V-Raw_15px_2026-07-21,15,inner,21,0.09856405736854673,0.10246448309256599,0.9610389471054077,0.9615004658699036,0.951171875,0.9720559120178223,0.9934151768684387,0.9683294892311096,0.9681990146636963,0.9650188684463501,0.971400260925293,0.9930523633956909
1449,Winam,RawaPening,T-Win_V-Raw_15px_2026-07-21,15,inner,22,0.09677992656968795,0.11947209698582564,0.9590409398078918,0.959365725517273,0.9527559280395508,0.9660678505897522,0.9914041757583618,0.9669346809387207,0.9668503999710083,0.9621807336807251,0.9715655446052551,0.9929928779602051
1450,Winam,RawaPening,T-Win_V-Raw_15px_2026-07-21,15,inner,23,0.0956742624102101,0.11018570611899073,0.9650349617004395,0.9654491543769836,0.955078125,0.976047933101654,0.9924091696739197,0.9661142230033875,0.9659774303436279,0.9627257585525513,0.9692510962486267,0.9934006929397583
1451,Winam,RawaPening,T-Win_V-Raw_15px_2026-07-21,15,inner,24,0.09578509919998252,0.10355529380677553,0.9625374674797058,0.9630360007286072,0.9513145089149475,0.9750499129295349,0.9937315583229065,0.9671808481216431,0.9670727849006653,0.9631087183952332,0.9710695743560791,0.9933339953422546
1452,Winam,RawaPening,T-Win_V-Raw_15px_2026-07-21,15,inner,25,0.09679460687997461,0.09628117657903876,0.9660339951515198,0.966303288936615,0.959645688533783,0.9730538725852966,0.9941647052764893,0.9661142230033875,0.9659606218338013,0.9631820917129517,0.9687551856040955,0.993320107460022
1453,Winam,RawaPening,T-Win_V-Raw_15px_2026-07-21,15,inner,26,0.08702117460435987,0.10252288767284566,0.9655344486236572,0.9655860066413879,0.9651046991348267,0.9660678505897522,0.9927415251731873,0.9693961143493652,0.9693130254745483,0.9647887349128723,0.9738799929618835,0.9946048259735107
1454,Winam,RawaPening,T-Win_V-Raw_15px_2026-07-21,15,inner,27,0.08708436663889439,0.11678310086416614,0.9615384340286255,0.9616342782974243,0.9601989984512329,0.9630738496780396,0.9909850358963013,0.9691500067710876,0.9690229296684265,0.9658400416374207,0.9722267985343933,0.9946392178535461
1455,Winam,RawaPening,T-Win_V-Raw_15px_2026-07-21,15,inner,28,0.08923364091025128,0.10156826938053111,0.9660339951515198,0.9662363529205322,0.9614624381065369,0.9710578918457031,0.992882251739502,0.9700525403022766,0.9700106978416443,0.9642273783683777,0.9758637547492981,0.9940601587295532
1456,Winam,RawaPening,T-Win_V-Raw_15px_2026-07-21,15,inner,29,0.08664078853992623,0.09972110752864824,0.9665334820747375,0.9666832685470581,0.9633300304412842,0.970059871673584,0.9932974576950073,0.9711191058158875,0.9710383415222168,0.9665847420692444,0.975533127784729,0.9944617748260498
1457,Winam,RawaPening,T-Win_V-Raw_15px_2026-07-21,15,inner,30,0.08678841267134425,0.10336580301647062,0.9645354747772217,0.9646590352058411,0.9622641801834106,0.9670658707618713,0.9927994012832642,0.9696422815322876,0.96952223777771,0.966179609298706,0.9728880524635315,0.9946650266647339
1458,Winam,RawaPening,T-Win_V-Raw_15px_2026-07-21,15,inner,31,0.08460346550179733,0.10224732708792526,0.9645354747772217,0.9648689031600952,0.9568204283714294,0.9730538725852966,0.9931536912918091,0.9701345562934875,0.9700509905815125,0.9656019806861877,0.9745412468910217,0.9946339130401611
1459,Winam,RawaPening,T-Win_V-Raw_15px_2026-07-21,15,inner,32,0.08236205063865425,0.10211805449045086,0.9675324559211731,0.9678376913070679,0.9597644805908203,0.976047933101654,0.9929640293121338,0.9716934561729431,0.9715932607650757,0.9678477644920349,0.9753678441047668,0.9948943257331848
1460,Winam,RawaPening,T-Win_V-Raw_15px_2026-07-21,15,inner,33,0.08226088096039547,0.10020813479513437,0.9700299501419067,0.9701492786407471,0.9672619104385376,0.9730538725852966,0.9927045702934265,0.9728421568870544,0.9727952480316162,0.9673095941543579,0.9783435463905334,0.9949408769607544
1461,Winam,RawaPening,T-Win_V-Raw_15px_2026-07-21,15,inner,34,0.08149026724053555,0.10123910577772381,0.969530463218689,0.9698169231414795,0.9617272019386292,0.9780439138412476,0.9927475452423096,0.9716114401817322,0.9715132713317871,0.967689037322998,0.9753678441047668,0.9950540065765381
1462,Winam,RawaPening,T-Win_V-Raw_15px_2026-07-21,15,inner,35,0.08457862003576494,0.10198386312721969,0.969530463218689,0.9695760607719421,0.9690927267074585,0.970059871673584,0.9924860000610352,0.9712832570075989,0.9711886644363403,0.9672077298164368,0.9752025008201599,0.9947644472122192
1463,Winam,,Test_Win_outer_15px_2026-07-21,15,outer,1,0.36998541995284423,,,,,,,0.8453840613365173,0.8440210223197937,0.8461867570877075,0.8418663740158081,0.916632890701294
1464,Winam,,Test_Win_outer_15px_2026-07-21,15,outer,2,0.2550377546354782,,,,,,,0.9090204238891602,0.9090011715888977,0.9035874605178833,0.9144802093505859,0.9587432742118835
1465,Winam,,Test_Win_outer_15px_2026-07-21,15,outer,3,0.23135535985000374,,,,,,,0.9214235544204712,0.9216389060020447,0.9134856462478638,0.9299390316009521,0.9650423526763916
1466,Winam,,Test_Win_outer_15px_2026-07-21,15,outer,4,0.21520131222583444,,,,,,,0.9257928133010864,0.9256618618965149,0.9215630888938904,0.9297971725463867,0.9698218107223511
1467,Winam,,Test_Win_outer_15px_2026-07-21,15,outer,5,0.1981273121023951,,,,,,,0.9331923723220825,0.9330035448074341,0.9298492670059204,0.9361792802810669,0.973996639251709
1468,Winam,,Test_Win_outer_15px_2026-07-21,15,outer,6,0.16957628300401675,,,,,,,0.946300208568573,0.9462395906448364,0.9414572715759277,0.9510707855224609,0.9800757169723511
1469,Winam,,Test_Win_outer_15px_2026-07-21,15,outer,7,0.16665915539560391,,,,,,,0.9431289434432983,0.9430366158485413,0.9387296438217163,0.9473833441734314,0.9810788631439209
1470,Winam,,Test_Win_outer_15px_2026-07-21,15,outer,8,0.1596814683934515,,,,,,,0.945313572883606,0.9452981948852539,0.9397336840629578,0.9509289264678955,0.9828648567199707
1471,Winam,,Test_Win_outer_15px_2026-07-21,15,outer,9,0.15708314237500515,,,,,,,0.947921097278595,0.9478659629821777,0.9430095553398132,0.9527726769447327,0.9829922318458557
1472,Winam,,Test_Win_outer_15px_2026-07-21,15,outer,10,0.1639303439599347,,,,,,,0.942776620388031,0.942639172077179,0.9390569925308228,0.9462487697601318,0.9816445708274841
1473,Winam,,Test_Win_outer_15px_2026-07-21,15,outer,11,0.13873340016397648,,,,,,,0.9517970681190491,0.9517222046852112,0.9473092555999756,0.9561764001846313,0.9869784116744995
1474,Winam,,Test_Win_outer_15px_2026-07-21,15,outer,12,0.13725495313027108,,,,,,,0.953206479549408,0.9531734585762024,0.9479590654373169,0.9584456086158752,0.9868863821029663
1475,Winam,,Test_Win_outer_15px_2026-07-21,15,outer,13,0.1301162387511527,,,,,,,0.9544749855995178,0.9544171690940857,0.9497261643409729,0.9591547250747681,0.9883539080619812
1476,Winam,,Test_Win_outer_15px_2026-07-21,15,outer,14,0.13196923092186158,,,,,,,0.9546864032745361,0.9546576142311096,0.9493688344955444,0.9600057005882263,0.987857460975647
1477,Winam,,Test_Win_outer_15px_2026-07-21,15,outer,15,0.12993550990945105,,,,,,,0.956095814704895,0.9559810757637024,0.9525485634803772,0.9594383835792542,0.9882944822311401
1478,Winam,,Test_Win_outer_15px_2026-07-21,15,outer,16,0.11460620628812937,,,,,,,0.9627906680107117,0.9626696705818176,0.9598195552825928,0.9655368328094482,0.9904736280441284
1479,Winam,,Test_Win_outer_15px_2026-07-21,15,outer,17,0.11553295884777577,,,,,,,0.96300208568573,0.9628844261169434,0.9599661827087402,0.9658204317092896,0.9901854991912842
1480,Winam,,Test_Win_outer_15px_2026-07-21,15,outer,18,0.1140823782907984,,,,,,,0.9613108038902283,0.9612588882446289,0.9566011428833008,0.965962290763855,0.9907547235488892
1481,Winam,,Test_Win_outer_15px_2026-07-21,15,outer,19,0.11611860987583965,,,,,,,0.9615222215652466,0.961418867111206,0.958034098148346,0.9648276567459106,0.9901503920555115
1482,Winam,,Test_Win_outer_15px_2026-07-21,15,outer,20,0.10931752820599659,,,,,,,0.9634954333305359,0.9633715152740479,0.9606543779373169,0.9661040902137756,0.9915398359298706
1483,Winam,,Test_Win_outer_15px_2026-07-21,15,outer,21,0.10086753205504528,,,,,,,0.9652572274208069,0.9652204513549805,0.9602751135826111,0.9702169895172119,0.9925695657730103
