test_region,val_region,run_ID,patch_size,loop,epoch,train_loss,val_loss,val_accuracy,val_f1,val_precision,val_recall,val_auroc,train_accuracy,train_f1,train_precision,train_recall,train_auroc,AWEIp95,best_epoch
Hartbeespoort,Rodman,T-Har_V-Rod_31px_2026-07-23,31,inner,1,0.4880201914218945,0.6259869375028059,0.690499484539032,0.6620320677757263,0.7299528121948242,0.6056751608848572,0.765716016292572,0.7593891620635986,0.7507907748222351,0.7744268178939819,0.7285548448562622,0.8436208963394165,False,19.0
Hartbeespoort,Rodman,T-Har_V-Rod_31px_2026-07-23,31,inner,2,0.4421113633243594,0.6076298960275678,0.6567091345787048,0.5632398724555969,0.775300145149231,0.4422700703144073,0.7474377155303955,0.7988443970680237,0.7909051775932312,0.8189409971237183,0.764725387096405,0.8766177892684937,False,19.0
Hartbeespoort,Rodman,T-Har_V-Rod_31px_2026-07-23,31,inner,3,0.4023826793703322,0.605905960402456,0.7766895294189453,0.8032786846160889,0.7183641791343689,0.9109588861465454,0.8491932153701782,0.816343367099762,0.8112006783485413,0.8301493525505066,0.793097734451294,0.899655818939209,False,19.0
Hartbeespoort,Rodman,T-Har_V-Rod_31px_2026-07-23,31,inner,4,0.3731908549614992,0.5316277932116614,0.7610186338424683,0.7476732134819031,0.7927631735801697,0.7074363827705383,0.8381786942481995,0.8335947394371033,0.8302173018455505,0.8429964184761047,0.8178198337554932,0.9149131774902344,False,19.0
Hartbeespoort,Rodman,T-Har_V-Rod_31px_2026-07-23,31,inner,5,0.3545843084489222,0.4807275254625998,0.7908912897109985,0.7840161919593811,0.8115183115005493,0.7583170533180237,0.8591046333312988,0.8476269245147705,0.845574676990509,0.8527079224586487,0.8385598063468933,0.9236971139907836,False,19.0
Hartbeespoort,Rodman,T-Har_V-Rod_31px_2026-07-23,31,inner,6,0.3211816359368228,0.4570060067615826,0.806072473526001,0.8086956739425659,0.7986640930175781,0.8189823627471924,0.8766298294067383,0.8584399223327637,0.8572379946708679,0.860173761844635,0.8543221950531006,0.937431573867798,False,19.0
Hartbeespoort,Rodman,T-Har_V-Rod_31px_2026-07-23,31,inner,7,0.3057323757917292,0.4626052358591825,0.7977473139762878,0.7952404618263245,0.8060301542282104,0.7847357988357544,0.8670225143432617,0.8713165521621704,0.8707618117332458,0.8701126575469971,0.8714119791984558,0.9434587955474854,False,19.0
Hartbeespoort,Rodman,T-Har_V-Rod_31px_2026-07-23,31,inner,8,0.2941455400462393,0.4974345552582698,0.8006855845451355,0.8128735423088074,0.7666955590248108,0.8649706244468689,0.8697929382324219,0.8770945072174072,0.8765646815299988,0.8759111762046814,0.8772192001342773,0.947510540485382,False,19.0
Hartbeespoort,Rodman,T-Har_V-Rod_31px_2026-07-23,31,inner,9,0.2868210475060057,0.5196408155382438,0.8310480117797852,0.8475475311279297,0.7727639079093933,0.9383561611175536,0.8850246071815491,0.8821296095848083,0.8817489147186279,0.8801454901695251,0.8833582401275635,0.9502661228179932,False,19.0
Hartbeespoort,Rodman,T-Har_V-Rod_31px_2026-07-23,31,inner,10,0.2843133605367823,0.422417658725051,0.8290891051292419,0.8392446041107178,0.7928633689880371,0.8913894295692444,0.8986742496490479,0.8835328221321106,0.8832050561904907,0.8812355399131775,0.8851833343505859,0.9515199661254884,False,19.0
Hartbeespoort,Rodman,T-Har_V-Rod_31px_2026-07-23,31,inner,11,0.2554396829721212,0.3924935835465628,0.8379040360450745,0.8433507084846497,0.8166819214820862,0.8718199729919434,0.9077357053756714,0.8957490921020508,0.8954037427902222,0.8938491940498352,0.8969636559486389,0.9606784582138062,False,19.0
Hartbeespoort,Rodman,T-Har_V-Rod_31px_2026-07-23,31,inner,12,0.2518113352484414,0.4931227094279447,0.819294810295105,0.8397741913795471,0.7548789978027344,0.946183979511261,0.9020164012908936,0.8978126049041748,0.8976182341575623,0.8948062658309937,0.9004479646682739,0.9617491960525512,False,19.0
Hartbeespoort,Rodman,T-Har_V-Rod_31px_2026-07-23,31,inner,13,0.2442798885170507,0.3674051598458752,0.8511263728141785,0.859649121761322,0.813811182975769,0.9109588861465454,0.9245002269744872,0.9014444947242736,0.9012733697891236,0.8983023166656494,0.9042641520500184,0.9639962911605836,False,19.0
Hartbeespoort,Rodman,T-Har_V-Rod_31px_2026-07-23,31,inner,14,0.237784542084921,0.5166157559363078,0.8295788168907166,0.8447814583778381,0.7762295007705688,0.9266144633293152,0.8975528478622437,0.9050763249397278,0.9048957824707032,0.9020609855651855,0.9077484607696532,0.9658571481704712,False,19.0
Hartbeespoort,Rodman,T-Har_V-Rod_31px_2026-07-23,31,inner,15,0.2381713399033973,0.4334179942334667,0.832517147064209,0.8385269045829773,0.8102189898490906,0.8688845634460449,0.903661608695984,0.9034255146980286,0.9032418131828308,0.9004122018814087,0.9060892462730408,0.9655891060829164,False,19.0
Hartbeespoort,Rodman,T-Har_V-Rod_31px_2026-07-23,31,inner,16,0.2262018361959485,0.3931847573727748,0.8300685882568359,0.8332532644271851,0.8186968564987183,0.8483365774154663,0.9101137518882751,0.9090383648872375,0.9087899327278136,0.9066886901855468,0.9109009504318236,0.9690465927124025,False,19.0
Hartbeespoort,Rodman,T-Har_V-Rod_31px_2026-07-23,31,inner,17,0.2245291993803,0.471148215416713,0.8393731713294983,0.8527827858924866,0.7877280116081238,0.9295498728752136,0.8978948593139648,0.9104415774345398,0.9104267954826356,0.9060137867927552,0.914883017539978,0.9695373773574828,False,19.0
Hartbeespoort,Rodman,T-Har_V-Rod_31px_2026-07-23,31,inner,18,0.2166865424853044,0.4424096870725932,0.8408423066139221,0.8526077270507812,0.7945899963378906,0.9197651743888856,0.9046995639801024,0.9130829572677612,0.9130254983901978,0.9090460538864136,0.91703999042511,0.971426248550415,False,19.0
Hartbeespoort,Rodman,T-Har_V-Rod_31px_2026-07-23,31,inner,19,0.2141138643137049,0.3591950660704632,0.85553377866745,0.8651120066642761,0.8120171427726746,0.9256359934806824,0.9338916540145874,0.915394127368927,0.91512793302536,0.9133884310722352,0.9168740510940552,0.972141683101654,False,19.0
Hartbeespoort,Rodman,T-Har_V-Rod_31px_2026-07-23,31,inner,20,0.2152857324418281,0.4399403825796316,0.8334965705871582,0.8443223237991333,0.7934595346450806,0.90215265750885,0.9094202518463136,0.9124225974082948,0.912219762802124,0.9097359776496888,0.9147170782089232,0.9718079566955566,False,19.0
Hartbeespoort,Rodman,T-Har_V-Rod_31px_2026-07-23,31,inner,21,0.2061123212192898,0.4040009908297853,0.8276199698448181,0.8315789699554443,0.8136703968048096,0.8502935171127319,0.9053422808647156,0.9167147874832152,0.9169615507125854,0.909699559211731,0.9243404865264891,0.974247932434082,False,19.0
Hartbeespoort,Rodman,T-Har_V-Rod_31px_2026-07-23,31,inner,22,0.2059992155874262,0.430666028986248,0.8241919875144958,0.8300994038581848,0.8038496971130371,0.8581213355064392,0.8998456001281738,0.918778359889984,0.9189189076423644,0.9127516746520996,0.9251700639724731,0.9741281867027284,False,19.0
Hartbeespoort,Rodman,T-Har_V-Rod_31px_2026-07-23,31,inner,23,0.1981394053415675,0.4370263956786369,0.8339862823486328,0.8392603397369385,0.8141674399375916,0.8659490942955017,0.9003587365150452,0.9211720824241638,0.9213020205497742,0.9151932001113892,0.9274929761886596,0.9761236906051636,False,19.0
Hartbeespoort,Rodman,T-Har_V-Rod_31px_2026-07-23,31,inner,24,0.201828701867331,0.3963898720984127,0.8359451293945312,0.8396362066268921,0.8219306468963623,0.8581213355064392,0.9117992520332336,0.9185307621955872,0.9186516404151917,0.912708818912506,0.924672305583954,0.9752352833747864,False,19.0
Hartbeespoort,Rodman,T-Har_V-Rod_31px_2026-07-23,31,inner,25,0.1987324268794286,0.4162180910031078,0.8467189073562622,0.8556938767433167,0.8090671300888062,0.908023476600647,0.9081098437309264,0.9218324422836304,0.921845316886902,0.9170771837234496,0.926663339138031,0.9761202335357666,False,19.0
Hartbeespoort,Rodman,T-Har_V-Rod_31px_2026-07-23,31,inner,26,0.2008340741484262,0.4168766382041804,0.8315377235412598,0.8365018963813782,0.8133087158203125,0.8610567450523376,0.9012897610664368,0.920759379863739,0.9207921028137208,0.9158050417900084,0.9258337616920472,0.975327730178833,False,19.0
Hartbeespoort,Rodman,T-Har_V-Rod_31px_2026-07-23,31,inner,27,0.1952100688693841,0.3975975387944063,0.8447600603103638,0.8499763607978821,0.8230980634689331,0.878669261932373,0.9107886552810668,0.9231531023979188,0.9232417941093444,0.917568027973175,0.9289862513542176,0.9767391085624696,False,19.0
Hartbeespoort,Rodman,T-Har_V-Rod_31px_2026-07-23,31,inner,28,0.195738531320094,0.4054798560324658,0.8369246125221252,0.8424041867256165,0.815765380859375,0.8708415031433105,0.9080599546432496,0.924143612384796,0.9242061972618104,0.91882586479187,0.9296498894691468,0.9768253564834596,False,19.0
Hartbeespoort,Rodman,T-Har_V-Rod_31px_2026-07-23,31,inner,29,0.194010491355534,0.4123505181126683,0.8535749316215515,0.8625287413597107,0.813529908657074,0.91780823469162,0.911344587802887,0.924391269683838,0.9244224429130554,0.9194157123565674,0.9294840097427368,0.9769269227981568,False,19.0
Hartbeespoort,Mula,T-Har_V-Mul_31px_2026-07-23,31,inner,1,0.445166570059169,0.8585203131768694,0.5415058135986328,0.1300366371870041,0.7977527976036072,0.070787638425827,0.7276626229286194,0.792304515838623,0.7898526191711426,0.7997626066207886,0.7801852226257324,0.8738762140274048,False,3.0
Hartbeespoort,Mula,T-Har_V-Mul_31px_2026-07-23,31,inner,2,0.3896576158014959,1.010921115350539,0.5260617733001709,0.0593869723379612,0.7560975551605225,0.0309072788804769,0.7172085046768188,0.8280513286590576,0.8254075050354004,0.8387978076934814,0.8124379515647888,0.9065028429031372,False,3.0
Hartbeespoort,Mula,T-Har_V-Mul_31px_2026-07-23,31,inner,3,0.3679983305990276,0.6661737159067139,0.6505791544914246,0.4707602262496948,0.8821917772293091,0.3210368752479553,0.7891396284103394,0.8432767987251282,0.8416123390197754,0.8511502146720886,0.8322858214378357,0.9174355268478394,False,3.0
Hartbeespoort,Mula,T-Har_V-Mul_31px_2026-07-23,31,inner,4,0.3431832770670945,1.1785720819787169,0.5120656490325928,0.0097943190485239,0.2777777910232544,0.0049850447103381,0.597416341304779,0.8544476628303528,0.8547361493110657,0.8535378575325012,0.8559378385543823,0.9280818104743958,False,3.0
Hartbeespoort,Mula,T-Har_V-Mul_31px_2026-07-23,31,inner,5,0.3260907881803437,1.2362311801236685,0.5342664122581482,0.0887629836797714,0.8392857313156128,0.0468594208359718,0.6922608613967896,0.8660322427749634,0.8665842413902283,0.8635243773460388,0.8696659207344055,0.9349111318588256,False,3.0
Hartbeespoort,Mula,T-Har_V-Mul_31px_2026-07-23,31,inner,6,0.2857709421838272,0.8784494285101366,0.6129343509674072,0.3553054630756378,0.9170124530792236,0.2203389853239059,0.7646928429603577,0.8824989795684814,0.8830313086509705,0.8795536756515503,0.8865365386009216,0.9502405524253844,False,3.0
Hartbeespoort,Mula,T-Har_V-Mul_31px_2026-07-23,31,inner,7,0.2755217236036301,0.7505794055616073,0.5965250730514526,0.3301281929016113,0.8408163189888,0.2053838521242141,0.7660302519798279,0.8884567618370056,0.8895081877708435,0.8817029595375061,0.8974528908729553,0.9537094831466676,False,3.0
Hartbeespoort,Mula,T-Har_V-Mul_31px_2026-07-23,31,inner,8,0.2507897147793981,1.0429595570766788,0.5521235466003418,0.163963958621025,0.8504672646522522,0.0907278135418891,0.7384357452392578,0.898138165473938,0.8984072208404541,0.8965573906898499,0.9002646207809448,0.9618715047836304,False,3.0
Hartbeespoort,Mula,T-Har_V-Mul_31px_2026-07-23,31,inner,9,0.2414020490167946,1.1126321940808683,0.5250965356826782,0.0520231202244758,0.7714285850524902,0.0269192419946193,0.7632070779800415,0.9050889611244202,0.905448853969574,0.9025472402572632,0.9083691835403442,0.9641791582107544,False,3.0
Hartbeespoort,Mula,T-Har_V-Mul_31px_2026-07-23,31,inner,10,0.237253576219945,1.009371932711035,0.5395752787590027,0.1117318421602249,0.8450704216957092,0.0598205365240573,0.7394663095474243,0.9083160758018494,0.9088965654373168,0.9036952257156372,0.9141581058502196,0.9650989770889282,False,3.0
Hartbeespoort,Mula,T-Har_V-Mul_31px_2026-07-23,31,inner,11,0.2073677911682468,1.1116275713854544,0.5521235466003418,0.159420296549797,0.8712871074676514,0.0877367928624153,0.7628079652786255,0.9205626845359802,0.921078622341156,0.915658712387085,0.926563024520874,0.973529040813446,False,3.0
Hartbeespoort,Mula,T-Har_V-Mul_31px_2026-07-23,31,inner,12,0.2062081107606954,1.0673845539221891,0.5550193190574646,0.1738351285457611,0.8584070801734924,0.0967098698019981,0.7847355604171753,0.9226313829421996,0.92312753200531,0.9177701473236084,0.9285477995872498,0.973288595676422,False,3.0
Hartbeespoort,Mula,T-Har_V-Mul_31px_2026-07-23,31,inner,13,0.1947524519907723,1.1335088837366825,0.5559845566749573,0.1756272464990615,0.8672566413879395,0.0977068766951561,0.784616231918335,0.9251965284347534,0.9256823658943176,0.9202353954315186,0.9311941862106324,0.9763445854187012,False,3.0
Hartbeespoort,Inle,T-Har_V-Inl_31px_2026-07-23,31,inner,1,0.5085781289503117,0.5022475416660309,0.7379999756813049,0.7092120051383972,0.7967581152915955,0.6389999985694885,0.8464169502258301,0.7510076761245728,0.7428862452507019,0.7639762163162231,0.7229294180870056,0.830287754535675,False,30.0
Hartbeespoort,Inle,T-Har_V-Inl_31px_2026-07-23,31,inner,2,0.4539663157955718,0.3900719020962715,0.7730000019073486,0.8087615966796875,0.6986899375915527,0.959999978542328,0.9411680102348328,0.7933700680732727,0.7880526781082153,0.8047561645507812,0.7720284461975098,0.8701894283294678,False,30.0
Hartbeespoort,Inle,T-Har_V-Inl_31px_2026-07-23,31,inner,3,0.416253134817868,0.3318626996874809,0.847000002861023,0.859375,0.7950680255889893,0.9350000023841858,0.9466539621353148,0.8151682019233704,0.8118563294410706,0.8225314021110535,0.8014547824859619,0.8920405507087708,False,30.0
Hartbeespoort,Inle,T-Har_V-Inl_31px_2026-07-23,31,inner,4,0.3990313592705864,0.3470427839159966,0.8379999995231628,0.8557435274124146,0.7712680697441101,0.9610000252723694,0.9526979923248292,0.8207616806030273,0.8187338709831238,0.824012041091919,0.8135228753089905,0.9012629985809326,False,30.0
Hartbeespoort,Inle,T-Har_V-Inl_31px_2026-07-23,31,inner,5,0.3790370332299462,0.36843957477808,0.8385000228881836,0.8291909098625183,0.8799102306365967,0.7839999794960022,0.9173179864883424,0.8330180048942566,0.8327015042304993,0.8302382826805115,0.8351793885231018,0.9110895395278932,False,30.0
Hartbeespoort,Inle,T-Har_V-Inl_31px_2026-07-23,31,inner,6,0.3348205682992484,0.4031181426048278,0.8309999704360962,0.8169013857841492,0.8912529349327087,0.7540000081062317,0.9156980514526368,0.8580241799354553,0.8576846718788147,0.8555683493614197,0.859811544418335,0.9314268231391908,False,30.0
Hartbeespoort,Inle,T-Har_V-Inl_31px_2026-07-23,31,inner,7,0.3244041389439209,0.2693711576461792,0.8920000195503235,0.8927507400512695,0.8865877985954285,0.8989999890327454,0.9591109752655028,0.8616434931755066,0.8617003560066223,0.8571895956993103,0.8662588596343994,0.9352785348892212,False,30.0
Hartbeespoort,Inle,T-Har_V-Inl_31px_2026-07-23,31,inner,8,0.3135295634347866,0.3181425068378448,0.909500002861023,0.9067490696907043,0.935175359249115,0.8799999952316284,0.9560269713401794,0.8661676645278931,0.8662556409835815,0.8615108132362366,0.8710530400276184,0.9398971796035768,False,30.0
Hartbeespoort,Inle,T-Har_V-Inl_31px_2026-07-23,31,inner,9,0.3025056436661583,0.2788990924954414,0.8870000243186951,0.8846938610076904,0.903124988079071,0.8669999837875366,0.9558359980583192,0.8759562373161316,0.875925600528717,0.8719082474708557,0.8799801468849182,0.9440442323684692,False,30.0
Hartbeespoort,Inle,T-Har_V-Inl_31px_2026-07-23,31,inner,10,0.2931468654048573,0.3516138899326324,0.8654999732971191,0.854358434677124,0.9315230250358582,0.7889999747276306,0.9440649747848512,0.8785061836242676,0.8788052797317505,0.8724340200424194,0.8852702975273132,0.9473466873168944,False,30.0
Hartbeespoort,Inle,T-Har_V-Inl_31px_2026-07-23,31,inner,11,0.2661114193586728,0.2539182786941528,0.912999987602234,0.9120323657989502,0.9222903847694396,0.9020000100135804,0.966128945350647,0.8919141292572021,0.8926821351051331,0.8821630477905273,0.903455138206482,0.9565864205360411,False,30.0
Hartbeespoort,Inle,T-Har_V-Inl_31px_2026-07-23,31,inner,12,0.2515982827843535,0.248273177742958,0.9350000023841858,0.9342770576477052,0.9447852969169616,0.9240000247955322,0.971162974834442,0.8952866792678833,0.8955786824226379,0.8887984156608582,0.90246319770813,0.9614889025688172,False,30.0
Hartbeespoort,Inle,T-Har_V-Inl_31px_2026-07-23,31,inner,13,0.2511718174393773,0.2032795006036758,0.94650000333786,0.947471797466278,0.9305689334869384,0.9649999737739564,0.975085973739624,0.8975076079368591,0.8976171016693115,0.8923378586769104,0.902959167957306,0.9615556001663208,False,30.0
Hartbeespoort,Inle,T-Har_V-Inl_31px_2026-07-23,31,inner,14,0.2416686244082801,0.209754708468914,0.9325000047683716,0.933464765548706,0.9203109741210938,0.9470000267028807,0.97330904006958,0.9001398086547852,0.9000987410545349,0.8961166739463806,0.90411639213562,0.9644066095352172,False,30.0
Hartbeespoort,Inle,T-Har_V-Inl_31px_2026-07-23,31,inner,15,0.2401937596855993,0.2096193981170654,0.9415000081062316,0.9415292143821716,0.9410589337348938,0.9419999718666076,0.975591003894806,0.902607560157776,0.9028552770614624,0.8962371945381165,0.9095718264579772,0.964704155921936,False,30.0
Hartbeespoort,Inle,T-Har_V-Inl_31px_2026-07-23,31,inner,16,0.2285013684068766,0.2421510162353515,0.9054999947547911,0.9014084339141846,0.9422028064727784,0.8640000224113464,0.9688400030136108,0.9068026542663574,0.9071844220161438,0.8991555571556091,0.9153578877449036,0.9681824445724488,False,30.0
Hartbeespoort,Inle,T-Har_V-Inl_31px_2026-07-23,31,inner,17,0.2219042110901047,0.2255871334671974,0.9330000281333924,0.9316326379776,0.9510416388511658,0.912999987602234,0.9751089811325072,0.9110800623893738,0.9114587306976318,0.9032467603683472,0.9198214411735536,0.969771444797516,False,30.0
Hartbeespoort,Inle,T-Har_V-Inl_31px_2026-07-23,31,inner,18,0.2171871382870289,0.2305505053400993,0.9075000286102296,0.9034950733184814,0.9443838596343994,0.8659999966621399,0.9718889594078064,0.9125606417655944,0.9126612544059752,0.9072198867797852,0.918168306350708,0.9710534811019896,False,30.0
Hartbeespoort,Inle,T-Har_V-Inl_31px_2026-07-23,31,inner,19,0.2153525658137529,0.189020033121109,0.9424999952316284,0.9424136281013488,0.943831503391266,0.9409999847412108,0.977442979812622,0.9150283932685852,0.9153764247894288,0.9072750806808472,0.9236237406730652,0.9715984463691713,False,30.0
Hartbeespoort,Inle,T-Har_V-Inl_31px_2026-07-23,31,inner,20,0.2150234543084313,0.1961375122070312,0.9419999718666076,0.9432485103607178,0.92337167263031,0.9639999866485596,0.9756829738616944,0.911738097667694,0.9119553565979004,0.905343770980835,0.9186642169952391,0.9716607332229614,False,30.0
Hartbeespoort,Inle,T-Har_V-Inl_31px_2026-07-23,31,inner,21,0.2034879123889038,0.201998095691204,0.9334999918937684,0.9325899481773376,0.945529282093048,0.9200000166893004,0.9778050184249878,0.917249321937561,0.9174462556838988,0.910868525505066,0.9241197109222412,0.9746435880661012,False,30.0
Hartbeespoort,Inle,T-Har_V-Inl_31px_2026-07-23,31,inner,22,0.1995811656410388,0.1750755603313446,0.9490000009536744,0.9494549036026,0.9410609006881714,0.9580000042915344,0.9801000356674194,0.9211976528167723,0.9213464856147766,0.9151851534843444,0.9275913238525392,0.9756442904472352,False,30.0
Hartbeespoort,Inle,T-Har_V-Inl_31px_2026-07-23,31,inner,23,0.2006971644827671,0.1939795985817909,0.9415000081062316,0.9408194422721864,0.9518935680389404,0.9300000071525574,0.9779469966888428,0.9210331439971924,0.9214916825294496,0.9117980003356934,0.9313936233520508,0.9752715826034546,False,30.0
Hartbeespoort,Inle,T-Har_V-Inl_31px_2026-07-23,31,inner,24,0.1988432320364802,0.1816995137929916,0.949999988079071,0.9503475427627563,0.9437869787216188,0.9570000171661376,0.9780150055885316,0.9199637770652772,0.9200427532196044,0.9147058725357056,0.9254422187805176,0.975811243057251,False,30.0
Hartbeespoort,Inle,T-Har_V-Inl_31px_2026-07-23,31,inner,25,0.1964376745838235,0.2049977869391441,0.9470000267028807,0.9473161101341248,0.9416996240615844,0.953000009059906,0.9756649732589722,0.922513782978058,0.9227108359336852,0.915947198867798,0.9295751452445984,0.9763715267181396,False,30.0
Hartbeespoort,Inle,T-Har_V-Inl_31px_2026-07-23,31,inner,26,0.1915472445212334,0.1940302889943123,0.940500020980835,0.9395632147789,0.9545923471450806,0.925000011920929,0.977383017539978,0.9234185814857484,0.9239441156387328,0.913275182247162,0.9348652958869934,0.977683424949646,False,30.0
Hartbeespoort,Inle,T-Har_V-Inl_31px_2026-07-23,31,inner,27,0.1908778492886837,0.1782483757436275,0.949999988079071,0.949849545955658,0.9527162909507751,0.9470000267028807,0.9787519574165344,0.9248992204666138,0.924936294555664,0.9200196266174316,0.9299057722091676,0.977564573287964,False,30.0
Hartbeespoort,Inle,T-Har_V-Inl_31px_2026-07-23,31,inner,28,0.1914785578595657,0.174268482863903,0.9484999775886536,0.9488325715065002,0.9427443146705629,0.9549999833106996,0.9796990156173706,0.922596037387848,0.9227612018585204,0.916367769241333,0.9292445182800292,0.9775164127349854,False,30.0
Hartbeespoort,Inle,T-Har_V-Inl_31px_2026-07-23,31,inner,29,0.1904484901509512,0.1807155385613441,0.9430000185966492,0.9431137442588806,0.9412350654602052,0.9449999928474426,0.9788739681243896,0.9272024631500244,0.9273577928543092,0.9209325313568116,0.9338733553886414,0.9776217341423036,False,30.0
Hartbeespoort,Inle,T-Har_V-Inl_31px_2026-07-23,31,inner,30,0.18460651287625,0.1734794802069664,0.9484999775886536,0.9489340782165528,0.9410029649734496,0.9570000171661376,0.9800550937652588,0.9253928065299988,0.9258199334144592,0.9161540865898132,0.9356918334960938,0.9791455268859864,False,30.0
Hartbeespoort,Inle,T-Har_V-Inl_31px_2026-07-23,31,inner,31,0.1872944454201705,0.1764478468894958,0.94650000333786,0.9468982815742492,0.9399014711380004,0.9539999961853028,0.9794679880142212,0.9246524572372437,0.9249303340911864,0.9171136021614076,0.932881474494934,0.9785074591636658,False,30.0
Hartbeespoort,Inle,T-Har_V-Inl_31px_2026-07-23,31,inner,32,0.1885197602786682,0.185636429131031,0.9430000185966492,0.9422492384910583,0.9548254609107972,0.9300000071525574,0.9788960218429564,0.9265443682670592,0.9269290566444396,0.91769278049469,0.936353087425232,0.9780685305595398,False,30.0
Hartbeespoort,Inle,T-Har_V-Inl_31px_2026-07-23,31,inner,33,0.1905051505226362,0.1886599879264831,0.9369999766349792,0.9368104338645936,0.9396378397941588,0.9340000152587892,0.9778950214385986,0.922596037387848,0.9227992296218872,0.9159609079360962,0.9297404289245604,0.9776658415794371,False,30.0
Hartbeespoort,Inle,T-Har_V-Inl_31px_2026-07-23,31,inner,34,0.1883251286226147,0.1799860224723816,0.9434999823570251,0.94386488199234,0.9378085136413574,0.949999988079071,0.9794999957084656,0.9273669719696044,0.927474319934845,0.92164546251297,0.93337744474411,0.9781944751739502,False,30.0
Hartbeespoort,Inle,T-Har_V-Inl_31px_2026-07-23,31,inner,35,0.1831017388252283,0.188164853811264,0.9384999871253968,0.938035249710083,0.945177674293518,0.930999994277954,0.978039026260376,0.9282717704772948,0.9285011291503906,0.9210997223854064,0.9360224604606628,0.9793792963027954,False,30.0
Hartbeespoort,Inle,T-Har_V-Inl_31px_2026-07-23,31,inner,36,0.1888710239480335,0.1795906173586845,0.9445000290870668,0.944136917591095,0.9503546357154846,0.9380000233650208,0.9792139530181884,0.9244879484176636,0.9245685935020448,0.9191308617591858,0.9300711154937744,0.978053629398346,False,30.0
Hartbeespoort,Inle,T-Har_V-Inl_31px_2026-07-23,31,inner,37,0.1852834633456314,0.1774766367077827,0.9480000138282776,0.9481555223464966,0.9453280568122864,0.9509999752044678,0.9798359870910645,0.9281072616577148,0.9281840324401855,0.9227250218391418,0.9337080717086792,0.9788044095039368,False,30.0
Hartbeespoort,Inle,T-Har_V-Inl_31px_2026-07-23,31,inner,38,0.1831871037877605,0.1797611114382744,0.94650000333786,0.9463120698928832,0.9496475458145142,0.9430000185966492,0.9793119430541992,0.92901211977005,0.9292564988136292,0.9216260313987732,0.9370144009590148,0.9794126749038696,False,30.0
Hartbeespoort,Inle,T-Har_V-Inl_31px_2026-07-23,31,inner,39,0.1812697344433469,0.1778257440924644,0.9409999847412108,0.9402834177017212,0.9518442749977112,0.9290000200271606,0.979645013809204,0.928518533706665,0.9289161562919616,0.9193652868270874,0.9386675357818604,0.979865550994873,False,30.0
Hartbeespoort,Inle,T-Har_V-Inl_31px_2026-07-23,31,inner,40,0.1819650934287628,0.1775553822517395,0.9474999904632568,0.947209656238556,0.9524772763252258,0.9419999718666076,0.9798109531402588,0.9262153506278992,0.9265777468681335,0.917639434337616,0.9356918334960938,0.9796810150146484,False,30.0
Hartbeespoort,Vembanad,T-Har_V-Vem_31px_2026-07-23,31,inner,1,0.5170594569588335,0.5201194300041808,0.7377622127532959,0.6963562965393066,0.828060507774353,0.6007984280586243,0.8359889984130859,0.7420814633369446,0.7367979288101196,0.7482946515083313,0.7256490588188171,0.8236759901046753,False,18.0
Hartbeespoort,Vembanad,T-Har_V-Vem_31px_2026-07-23,31,inner,2,0.4445487133689693,0.5044427004072454,0.7507492303848267,0.6999398469924927,0.8804841041564941,0.5808383226394653,0.8671008348464966,0.7979432344436646,0.7934398651123047,0.80729079246521,0.7800562381744385,0.8752462267875671,False,18.0
Hartbeespoort,Vembanad,T-Har_V-Vem_31px_2026-07-23,31,inner,3,0.4190955629911701,0.4122490579788977,0.8216783404350281,0.8412627577781677,0.7586206793785095,0.9441117644309998,0.9163802266120912,0.8127519488334656,0.8095397353172302,0.8194138407707214,0.7999007701873779,0.8903181552886963,False,18.0
Hartbeespoort,Vembanad,T-Har_V-Vem_31px_2026-07-23,31,inner,4,0.3961050268923093,0.5052514135182559,0.7512487769126892,0.6848101019859314,0.9359861612319946,0.5399201512336731,0.9180049896240234,0.8194158673286438,0.8169765472412109,0.8239152431488037,0.8101537823677063,0.9025236964225768,False,18.0
Hartbeespoort,Vembanad,T-Har_V-Vem_31px_2026-07-23,31,inner,5,0.3788914013870063,0.4227658475374246,0.7982017993927002,0.7755555510520935,0.8746867179870605,0.6966068148612976,0.9006592035293579,0.829206109046936,0.8271440267562866,0.8329699635505676,0.8213990330696106,0.9111663699150084,False,18.0
Hartbeespoort,Vembanad,T-Har_V-Vem_31px_2026-07-23,31,inner,6,0.3399756717441602,0.418473284218933,0.798701286315918,0.7639132738113403,0.9248226881027222,0.6506986021995544,0.9333343505859376,0.8492801189422607,0.8477393388748169,0.8521303534507751,0.8433934450149536,0.92952561378479,False,18.0
Hartbeespoort,Vembanad,T-Har_V-Vem_31px_2026-07-23,31,inner,7,0.3224026076713249,0.454659731163607,0.7827172875404358,0.7381095886230469,0.9301972389221193,0.6117764711380005,0.9321486949920654,0.8604689240455627,0.8598347306251526,0.8594085574150085,0.8602612614631653,0.9365789890289308,False,18.0
Hartbeespoort,Vembanad,T-Har_V-Vem_31px_2026-07-23,31,inner,8,0.3080548618149727,0.4580621299418536,0.7832167744636536,0.7398081421852112,0.9264264106750488,0.6157684922218323,0.923360288143158,0.8650761246681213,0.8640809059143066,0.866090714931488,0.8620803952217102,0.9422752857208252,False,18.0
Hartbeespoort,Vembanad,T-Har_V-Vem_31px_2026-07-23,31,inner,9,0.2931659382245806,0.395058323870172,0.8156843185424805,0.7835777401924133,0.9502133727073668,0.6666666865348816,0.9519800543785096,0.8716577291488647,0.8703026175498962,0.8751044869422913,0.8655531406402588,0.947992205619812,False,18.0
Hartbeespoort,Vembanad,T-Har_V-Vem_31px_2026-07-23,31,inner,10,0.2878422021375473,0.3381038978323712,0.8481518626213074,0.8344226479530334,0.918465256690979,0.7644710540771484,0.9460469484329224,0.8798848390579224,0.8790589570999146,0.8806638717651367,0.8774598836898804,0.9496869444847108,False,18.0
Hartbeespoort,Vembanad,T-Har_V-Vem_31px_2026-07-23,31,inner,11,0.2678914938601678,0.3622460650814163,0.8391608595848083,0.8188976645469666,0.938144326210022,0.7265468835830688,0.947872281074524,0.8866310119628906,0.8863598704338074,0.8840270042419434,0.8887051343917847,0.956459105014801,False,18.0
Hartbeespoort,Vembanad,T-Har_V-Vem_31px_2026-07-23,31,inner,12,0.2632290520291915,0.4806839440252397,0.7952048182487488,0.763005793094635,0.906593382358551,0.658682644367218,0.9058672785758972,0.8897572755813599,0.8895300626754761,0.8868979215621948,0.892177939414978,0.9579501152038574,False,18.0
Hartbeespoort,Vembanad,T-Har_V-Vem_31px_2026-07-23,31,inner,13,0.2587298650768057,0.4257468963776911,0.8121877908706665,0.7793427109718323,0.945868968963623,0.6626746654510498,0.9413852095603944,0.8917317986488342,0.8910776376724243,0.891963541507721,0.8901934623718262,0.9594948291778564,False,18.0
Hartbeespoort,Vembanad,T-Har_V-Vem_31px_2026-07-23,31,inner,14,0.254292072925191,0.3719054176048799,0.8271728157997131,0.8049605488777161,0.924870491027832,0.71257483959198,0.9437445402145386,0.8959276080131531,0.8955322504043579,0.8944242596626282,0.8966429829597473,0.9608442783355712,False,18.0
Hartbeespoort,Vembanad,T-Har_V-Vem_31px_2026-07-23,31,inner,15,0.2505575089335,0.3488172088916247,0.847152829170227,0.8298109173774719,0.9371859431266784,0.7445109486579895,0.9496207237243652,0.8986425399780273,0.8981649875640869,0.8978680968284607,0.8984620571136475,0.961849808692932,False,18.0
Hartbeespoort,Vembanad,T-Har_V-Vem_31px_2026-07-23,31,inner,16,0.2389264245231374,0.4003124733368953,0.8196803331375122,0.7954674363136292,0.920052409172058,0.7005987763404846,0.9372315406799316,0.9030028581619264,0.903194010257721,0.8969340920448303,0.9095419049263,0.9654187560081482,False,18.0
Hartbeespoort,Vembanad,T-Har_V-Vem_31px_2026-07-23,31,inner,17,0.2376319017933995,0.3761749716250451,0.8336663246154785,0.8106878995895386,0.9418758153915404,0.7115768194198608,0.9501477479934692,0.9026737809181212,0.9020289778709412,0.9034505486488342,0.9006118774414062,0.9657368659973145,False,18.0
Hartbeespoort,Vembanad,T-Har_V-Vem_31px_2026-07-23,31,inner,18,0.2327590949897754,0.2751513072005757,0.8876124024391174,0.8829953074455261,0.9218240976333618,0.847305417060852,0.958710551261902,0.9057177901268004,0.9052422642707824,0.9052422642707824,0.9052422642707824,0.9671772718429564,False,18.0
Hartbeespoort,Vembanad,T-Har_V-Vem_31px_2026-07-23,31,inner,19,0.2334344454897327,0.3440136537030265,0.8511488437652588,0.8323959708213806,0.9536082744598388,0.7385229468345642,0.9582015872001648,0.9027560949325562,0.902603805065155,0.8994908928871155,0.905738353729248,0.967025339603424,False,18.0
Hartbeespoort,Vembanad,T-Har_V-Vem_31px_2026-07-23,31,inner,20,0.2293736483912466,0.3919279995736304,0.8276723027229309,0.803194522857666,0.9374167919158936,0.7025948166847229,0.9512944221496582,0.9050596356391908,0.9048639535903932,0.902186393737793,0.907557487487793,0.9679888486862184,False,18.0
Hartbeespoort,Vembanad,T-Har_V-Vem_31px_2026-07-23,31,inner,21,0.2227490545851563,0.3325804480603644,0.8581418395042419,0.8453159332275391,0.9304556250572203,0.7744510769844055,0.953178644180298,0.9090086221694946,0.9088211059570312,0.9061318635940552,0.911526381969452,0.969824492931366,False,18.0
Hartbeespoort,Vembanad,T-Har_V-Vem_31px_2026-07-23,31,inner,22,0.2193299907830849,0.3582845366709716,0.8396603465080261,0.8187464475631714,0.9427828192710876,0.7235528826713562,0.9565320014953612,0.9126285314559937,0.9124773144721984,0.9094792008399964,0.9154952764511108,0.9707522392272948,False,18.0
Hartbeespoort,Vembanad,T-Har_V-Vem_31px_2026-07-23,31,inner,23,0.2218124653357922,0.314594855645558,0.8696303963661194,0.8576104640960693,0.9458483457565308,0.7844311594963074,0.9610339403152466,0.910818576812744,0.9105019569396972,0.9091508388519288,0.9118571281433104,0.9701274633407592,False,18.0
Hartbeespoort,Vembanad,T-Har_V-Vem_31px_2026-07-23,31,inner,24,0.2182799161976132,0.3750756737235542,0.8306693434715271,0.8063963651657104,0.9425901174545288,0.7045907974243164,0.9536187648773192,0.9134512543678284,0.9132871627807616,0.9104354977607728,0.916156768798828,0.97103089094162,False,18.0
Hartbeespoort,Vembanad,T-Har_V-Vem_31px_2026-07-23,31,inner,25,0.2155633925876711,0.3503451563946374,0.8516483306884766,0.8336134552955627,0.9501915574073792,0.742514967918396,0.9595788717269896,0.9122994542121888,0.912162184715271,0.909016251564026,0.915329933166504,0.9717710614204408,False,18.0
Hartbeespoort,Vembanad,T-Har_V-Vem_31px_2026-07-23,31,inner,26,0.2097745290475831,0.3454763656044816,0.8546453714370728,0.8393152952194214,0.939431369304657,0.7584830522537231,0.9564350843429564,0.9169889092445374,0.9170571565628052,0.9117358326911926,0.9224408864974976,0.9732163548469543,False,18.0
Hartbeespoort,Vembanad,T-Har_V-Vem_31px_2026-07-23,31,inner,27,0.2118743836352581,0.3364826028759067,0.8541458249092102,0.8377777934074402,0.9448621273040771,0.7524949908256531,0.958945095539093,0.9144384860992432,0.9141063690185548,0.913050651550293,0.9151645302772522,0.9728335738182068,False,18.0
Hartbeespoort,Vembanad,T-Har_V-Vem_31px_2026-07-23,31,inner,28,0.2083692791505097,0.32279984465429,0.8676323890686035,0.8552703261375427,0.9445114731788636,0.78143709897995,0.958782434463501,0.9172357320785522,0.9169692993164062,0.9153072834014891,0.9186373353004456,0.9736926555633544,False,18.0
Hartbeespoort,Valsequillo,T-Har_V-Val_31px_2026-07-23,31,inner,1,0.4908343253035725,0.4986731982698627,0.7686274647712708,0.7681728601455688,0.7696850299835205,0.7666666507720947,0.8396828174591064,0.7630601525306702,0.758475661277771,0.7695459127426147,0.7477193474769592,0.8437376022338867,False,14.0
Hartbeespoort,Valsequillo,T-Har_V-Val_31px_2026-07-23,31,inner,2,0.4534170857168045,0.4367717472945943,0.8093137145042419,0.8211494088172913,0.7731601595878601,0.8754901885986328,0.8893752694129944,0.7913674712181091,0.7856537103652954,0.8036426901817322,0.7684524655342102,0.8707948327064514,False,14.0
Hartbeespoort,Valsequillo,T-Har_V-Val_31px_2026-07-23,31,inner,3,0.4044966004051626,0.4327754249759749,0.8323529362678528,0.8388313055038452,0.807622492313385,0.8725489974021912,0.8863639235496521,0.8175290822982788,0.8145911693572998,0.8237788081169128,0.8056062459945679,0.8992078900337219,False,14.0
Hartbeespoort,Valsequillo,T-Har_V-Val_31px_2026-07-23,31,inner,4,0.3922724875299374,0.4429658124844233,0.8264706134796143,0.8302972316741943,0.8123827576637268,0.8490195870399475,0.8715484142303467,0.8274325132369995,0.8254445195198059,0.830924391746521,0.8200364708900452,0.904990553855896,False,14.0
Hartbeespoort,Valsequillo,T-Har_V-Val_31px_2026-07-23,31,inner,5,0.3660680000364579,0.5643317657942866,0.699999988079071,0.6550168991088867,0.7705570459365845,0.5696078538894653,0.8296491503715515,0.8388214707374573,0.8380999565124512,0.8377527594566345,0.8384475111961365,0.9174156785011292,False,14.0
Hartbeespoort,Valsequillo,T-Har_V-Val_31px_2026-07-23,31,inner,6,0.333165667213858,0.3833635200472439,0.8446078300476074,0.8522144556045532,0.8124444484710693,0.8960784077644348,0.903722643852234,0.8570603132247925,0.8571192622184753,0.8526177406311035,0.861668586730957,0.93198823928833,False,14.0
Hartbeespoort,Valsequillo,T-Har_V-Val_31px_2026-07-23,31,inner,7,0.3167089072611895,0.3434036673868403,0.8598039150238037,0.8626320958137512,0.8455743789672852,0.8803921341896057,0.9242762327194214,0.8674589395523071,0.8672727346420288,0.8642727732658386,0.8702935576438904,0.9387381076812744,False,14.0
Hartbeespoort,Valsequillo,T-Har_V-Val_31px_2026-07-23,31,inner,8,0.3119434328881822,0.3265631003707063,0.8651960492134094,0.875734269618988,0.8122380375862122,0.949999988079071,0.9472376108169556,0.8696047067642212,0.8691403269767761,0.8679900765419006,0.8702935576438904,0.9405468106269836,False,14.0
Hartbeespoort,Valsequillo,T-Har_V-Val_31px_2026-07-23,31,inner,9,0.2984150273060851,0.3744668952390259,0.8485293984413147,0.8571428656578064,0.8110235929489136,0.908823549747467,0.9088802337646484,0.8756293058395386,0.8760996460914612,0.8686012625694275,0.8837286233901978,0.945448398590088,False,14.0
Hartbeespoort,Valsequillo,T-Har_V-Val_31px_2026-07-23,31,inner,10,0.2955067063323379,0.3536409486158221,0.8485293984413147,0.852223813533783,0.831932783126831,0.8735294342041016,0.922947883605957,0.8778575658798218,0.8776252865791321,0.8750206232070923,0.8802455067634583,0.9469857215881348,False,14.0
Hartbeespoort,Valsequillo,T-Har_V-Val_31px_2026-07-23,31,inner,11,0.2720167815508185,0.3337937719097324,0.8627451062202454,0.8676748871803284,0.8375912308692932,0.8999999761581421,0.9325268864631652,0.8864405155181885,0.8865996599197388,0.8810811042785645,0.892187774181366,0.9546764492988586,False,14.0
Hartbeespoort,Valsequillo,T-Har_V-Val_31px_2026-07-23,31,inner,12,0.2628075827269445,0.3492428866671581,0.843137264251709,0.8449612259864807,0.8352490663528442,0.8549019694328308,0.9248385429382324,0.8918874263763428,0.8918963670730591,0.8875020742416382,0.8963344097137451,0.9578623175621032,False,14.0
Hartbeespoort,Valsequillo,T-Har_V-Val_31px_2026-07-23,31,inner,13,0.2551346601059189,0.312855326340479,0.8661764860153198,0.8677965998649597,0.8574162721633911,0.8784313797950745,0.9428085088729858,0.8952711224555969,0.8954781293869019,0.889397919178009,0.901642084121704,0.9600675106048584,False,14.0
Hartbeespoort,Valsequillo,T-Har_V-Val_31px_2026-07-23,31,inner,14,0.2517767563318374,0.2906033023315317,0.873039186000824,0.8764902353286743,0.8532962203025818,0.9009804129600524,0.9487023949623108,0.8972517848014832,0.8974717855453491,0.8912332057952881,0.903798282146454,0.9610137343406676,False,14.0
Hartbeespoort,Valsequillo,T-Har_V-Val_31px_2026-07-23,31,inner,15,0.2477563178887548,0.3095119956953853,0.8759803771972656,0.8774818181991577,0.8669856190681458,0.8882352709770203,0.9392127990722656,0.8995625972747803,0.8997281193733215,0.8939096331596375,0.9056228399276732,0.9624204635620116,False,14.0
Hartbeespoort,Valsequillo,T-Har_V-Val_31px_2026-07-23,31,inner,16,0.2382718361068689,0.3134940924013362,0.8642156720161438,0.8672735691070557,0.8481724262237549,0.8872548937797546,0.940179705619812,0.9030287861824036,0.9032045602798462,0.8972176909446716,0.9092718362808228,0.965292751789093,False,14.0
Hartbeespoort,Valsequillo,T-Har_V-Val_31px_2026-07-23,31,inner,17,0.233950935796689,0.3682077224348105,0.8500000238418579,0.8486647009849548,0.85628741979599,0.841176450252533,0.9239456653594972,0.9055871963500975,0.90567284822464,0.9004755020141602,0.9109305143356324,0.9664664268493652,False,14.0
Hartbeespoort,Valsequillo,T-Har_V-Val_31px_2026-07-23,31,inner,18,0.2297940996908321,0.3292995903421851,0.865686297416687,0.8705103993415833,0.8403284549713135,0.9029411673545836,0.9320194125175476,0.9069076776504515,0.9073283076286316,0.898909330368042,0.9159064292907716,0.9678468108177184,False,14.0
Hartbeespoort,Valsequillo,T-Har_V-Val_31px_2026-07-23,31,inner,19,0.2289041368699835,0.3251556742425058,0.8558823466300964,0.8587896227836609,0.8418079018592834,0.8764705657958984,0.9353594779968262,0.9078154563903807,0.9078914523124696,0.9027550220489502,0.9130867719650269,0.9678662419319152,False,14.0
Hartbeespoort,Valsequillo,T-Har_V-Val_31px_2026-07-23,31,inner,20,0.2278905875456355,0.3429136487490991,0.8490195870399475,0.8501945734024048,0.8436293601989746,0.8568627238273621,0.9304238557815552,0.9069076776504515,0.9070687294006348,0.9011294841766356,0.9130867719650269,0.9680518507957458,False,14.0
Hartbeespoort,Valsequillo,T-Har_V-Val_31px_2026-07-23,31,inner,21,0.2190445198510615,0.3258905387100051,0.8539215922355652,0.8544921875,0.8511673212051392,0.8578431606292725,0.9363878965377808,0.9143352508544922,0.9145256876945496,0.9080948233604432,0.9210482835769652,0.9705537557601928,False,14.0
Hartbeespoort,Valsequillo,T-Har_V-Val_31px_2026-07-23,31,inner,22,0.2182102143786631,0.3232133732122533,0.8612744808197021,0.8654303550720215,0.8402585387229919,0.8921568393707275,0.9394155740737916,0.9111166000366212,0.911072552204132,0.9071029424667358,0.9150771498680116,0.9707947969436646,False,14.0
Hartbeespoort,Valsequillo,T-Har_V-Val_31px_2026-07-23,31,inner,23,0.2137907102299452,0.3515209049862974,0.8495097756385803,0.848395049571991,0.8547263741493225,0.8421568870544434,0.928870677947998,0.9135924577713012,0.9139333963394164,0.9059647917747498,0.9220434427261353,0.9721339344978333,False,14.0
Hartbeespoort,Valsequillo,T-Har_V-Val_31px_2026-07-23,31,inner,24,0.2103375382829029,0.3710196949979838,0.8495097756385803,0.8492881655693054,0.850540816783905,0.8480392098426819,0.9224346876144408,0.9150779843330384,0.915343463420868,0.9080966114997864,0.92270690202713,0.9729403257369996,False,14.0
Hartbeespoort,RawaPening,T-Har_V-Raw_31px_2026-07-23,31,inner,1,0.492211885488558,0.4331817378054608,0.8176823258399963,0.8331047296524048,0.7687763571739197,0.9091816544532776,0.8898373246192932,0.7597696185112,0.756341814994812,0.7633485198020935,0.7494625449180603,0.8424044847488403,False,4.0
Hartbeespoort,RawaPening,T-Har_V-Raw_31px_2026-07-23,31,inner,2,0.4420793017282843,0.3735832921513072,0.847152829170227,0.8583333492279053,0.8005181550979614,0.92514967918396,0.9200419187545776,0.7962978482246399,0.7912662029266357,0.8070507049560547,0.7760873436927795,0.8773688673973083,False,4.0
Hartbeespoort,RawaPening,T-Har_V-Raw_31px_2026-07-23,31,inner,3,0.4146188523263315,0.4182016361248005,0.829170823097229,0.8509154319763184,0.7554179430007935,0.9740518927574158,0.923890233039856,0.814479649066925,0.8106474280357361,0.8234391212463379,0.7982470393180847,0.8930917978286743,False,4.0
Hartbeespoort,RawaPening,T-Har_V-Raw_31px_2026-07-23,31,inner,4,0.3833932283973066,0.352066846220167,0.8676323890686035,0.877371609210968,0.8179464936256409,0.946107804775238,0.9286018013954164,0.8310160636901855,0.8286619782447815,0.8360545635223389,0.8213990330696106,0.9096311330795288,False,4.0
Hartbeespoort,RawaPening,T-Har_V-Raw_31px_2026-07-23,31,inner,5,0.3613034097636398,0.3871031576222354,0.8541458249092102,0.8669097423553467,0.7978187799453735,0.9491018056869508,0.9075359106063844,0.8426984548568726,0.840746283531189,0.8469541668891907,0.8346287608146667,0.9202202558517456,False,4.0
Hartbeespoort,RawaPening,T-Har_V-Raw_31px_2026-07-23,31,inner,6,0.3304596831258164,0.5252382346800157,0.8156843185424805,0.8427780270576477,0.7353159785270691,0.9870259761810304,0.8971028327941895,0.8576717376708984,0.8565030097961426,0.8592112064361572,0.8538118004798889,0.9337141513824464,False,4.0
Hartbeespoort,RawaPening,T-Har_V-Raw_31px_2026-07-23,31,inner,7,0.3177729915611443,0.4985173834072841,0.8041958212852478,0.8190212249755859,0.7620275020599365,0.8852295279502869,0.865182638168335,0.8617852926254272,0.860927164554596,0.8619260787963867,0.8599305152893066,0.9388381242752076,False,4.0
Hartbeespoort,RawaPening,T-Har_V-Raw_31px_2026-07-23,31,inner,8,0.2993283848270179,0.5224454567268059,0.7847152948379517,0.814782977104187,0.7154716849327087,0.946107804775238,0.8763971924781799,0.8728918433189392,0.8717948794364929,0.8749167323112488,0.8686951994895935,0.9459134340286256,False,4.0
Hartbeespoort,RawaPening,T-Har_V-Raw_31px_2026-07-23,31,inner,9,0.295167841158841,0.5047887152844257,0.8161838054656982,0.8424657583236694,0.7376312017440796,0.9820359349250792,0.9176167845726012,0.8762649297714233,0.8755173087120056,0.8763877153396606,0.8746485710144043,0.947223663330078,False,4.0
Hartbeespoort,RawaPening,T-Har_V-Raw_31px_2026-07-23,31,inner,10,0.2860892603606758,0.3762020759291939,0.8476523756980896,0.8593822121620178,0.7986289858818054,0.9301397204399108,0.925320327281952,0.8788975477218628,0.8778220415115356,0.8811864852905273,0.8744832277297974,0.9507838487625122,False,4.0
Hartbeespoort,RawaPening,T-Har_V-Raw_31px_2026-07-23,31,inner,11,0.2681687140994384,0.4572261873182359,0.8106893301010132,0.8254260420799255,0.7664670944213867,0.8942115902900696,0.8849869966506958,0.8879473209381104,0.8875866532325745,0.8859779238700867,0.889201283454895,0.9565891027450562,False,4.0
Hartbeespoort,RawaPening,T-Har_V-Raw_31px_2026-07-23,31,inner,12,0.2567359633820383,0.3815522066779903,0.8306693434715271,0.8398677110671997,0.797309398651123,0.8872255682945251,0.9080718755722046,0.8959276080131531,0.895255446434021,0.8965173959732056,0.8939970135688782,0.9601508975028992,False,4.0
Hartbeespoort,RawaPening,T-Har_V-Raw_31px_2026-07-23,31,inner,13,0.2559057382804677,0.3919021439599943,0.8276723027229309,0.8431105017662048,0.7744361162185669,0.92514967918396,0.9117454886436462,0.8953517079353333,0.8951705694198608,0.8922293186187744,0.8981313109397888,0.9604149460792542,False,4.0
Hartbeespoort,RawaPening,T-Har_V-Raw_31px_2026-07-23,31,inner,14,0.2413079890619821,0.4881588585607774,0.8156843185424805,0.8401905298233032,0.7421576380729675,0.9680638909339904,0.9188069105148317,0.9008638262748718,0.9006185531616211,0.898321807384491,0.9029271006584167,0.9648488759994508,False,4.0
Hartbeespoort,Winam,T-Har_V-Win_31px_2026-07-23,31,inner,1,0.5162717070277927,0.6360624295889049,0.7138569355010986,0.6983122229576111,0.7388392686843872,0.6620000004768372,0.7743903398513794,0.7354828119277954,0.7375978827476501,0.7282100915908813,0.7472309470176697,0.822135329246521,False,9.0
Hartbeespoort,Winam,T-Har_V-Win_31px_2026-07-23,31,inner,2,0.4580930450976846,0.5493019421274152,0.7778889536857605,0.7846750617027283,0.7617702484130859,0.8090000152587891,0.8231271505355835,0.7874650359153748,0.78216153383255,0.798038899898529,0.7669036388397217,0.867077112197876,False,9.0
Hartbeespoort,Winam,T-Har_V-Win_31px_2026-07-23,31,inner,3,0.4357887912118174,0.5096213817875972,0.7643821835517883,0.7479935884475708,0.8043728470802307,0.6990000009536743,0.8421241044998169,0.800131618976593,0.7954889535903931,0.8102177381515503,0.7812861800193787,0.8808842897415161,False,9.0
Hartbeespoort,Winam,T-Har_V-Win_31px_2026-07-23,31,inner,4,0.4216458784610273,0.8777131889998007,0.6753376722335815,0.6246384978294373,0.7407407164573669,0.5400000214576721,0.7345445156097412,0.8127158880233765,0.8095357418060303,0.8193362951278687,0.7999669313430786,0.8895793557167053,False,9.0
Hartbeespoort,Winam,T-Har_V-Win_31px_2026-07-23,31,inner,5,0.3956142415987031,0.6818087450580381,0.7283641695976257,0.6877515912055969,0.8092015981674194,0.5979999899864197,0.8277778029441833,0.827109694480896,0.8257337212562561,0.8282055258750916,0.8232765793800354,0.9032586216926576,False,9.0
Hartbeespoort,Winam,T-Har_V-Win_31px_2026-07-23,31,inner,6,0.3641576598860908,0.4586881003806133,0.7863932251930237,0.7772561311721802,0.8124318718910217,0.7450000047683716,0.8858238458633423,0.8497285842895508,0.8498150706291199,0.8451602458953857,0.8545213937759399,0.9185397624969482,False,9.0
Hartbeespoort,Winam,T-Har_V-Win_31px_2026-07-23,31,inner,7,0.3507926999189132,0.5770541563734465,0.746373176574707,0.7074437141418457,0.8362892270088196,0.6129999756813049,0.8891842365264893,0.851455807685852,0.8509901165962219,0.8494482040405273,0.8525376319885254,0.9242956638336182,False,9.0
Hartbeespoort,Winam,T-Har_V-Win_31px_2026-07-23,31,inner,8,0.3374105750445689,0.5036826252027892,0.7833917140960693,0.7693127393722534,0.8232611417770386,0.722000002861023,0.8675545454025269,0.8597631454467773,0.8600279092788696,0.854207456111908,0.8659282326698303,0.929646372795105,False,9.0
Hartbeespoort,Winam,T-Har_V-Win_31px_2026-07-23,31,inner,9,0.3191775189166321,0.4513949825446596,0.8004001975059509,0.8052708506584167,0.7864633202552795,0.824999988079071,0.8831301331520081,0.8657674193382263,0.8657011389732361,0.8618711829185486,0.8695651888847351,0.9376657009124756,False,9.0
Hartbeespoort,Winam,T-Har_V-Win_31px_2026-07-23,31,inner,10,0.3133895846745905,0.6170423429217301,0.7458729147911072,0.7413442134857178,0.7551867365837097,0.7279999852180481,0.8150570392608643,0.8661786317825317,0.8657922744750977,0.8640105128288269,0.8675814270973206,0.9401991963386536,False,9.0
Hartbeespoort,Winam,T-Har_V-Win_31px_2026-07-23,31,inner,11,0.2960817442949831,0.5200597906206595,0.775387704372406,0.7618036866188049,0.8112994432449341,0.7179999947547913,0.8570840358734131,0.8796676993370056,0.879439651966095,0.8767663240432739,0.8821292519569397,0.9464775323867798,False,9.0
Hartbeespoort,Winam,T-Har_V-Win_31px_2026-07-23,31,inner,12,0.2850865034248939,0.5689414356171986,0.7708854675292969,0.7561235427856445,0.8086560368537903,0.7099999785423279,0.8602051734924316,0.8866589665412903,0.8866217136383057,0.8825553059577942,0.8907257318496704,0.9505748748779296,False,9.0
Hartbeespoort,Winam,T-Har_V-Win_31px_2026-07-23,31,inner,13,0.2760159660202438,0.6640523027462336,0.7373687028884888,0.6994848251342773,0.8179384469985962,0.6110000014305115,0.8440540432929993,0.8871524930000305,0.8869106769561768,0.8844320178031921,0.889403223991394,0.9535074234008788,False,9.0
Hartbeespoort,Winam,T-Har_V-Win_31px_2026-07-23,31,inner,14,0.2706647383958851,0.658229613558563,0.7458729147911072,0.7087156176567078,0.8306451439857483,0.6179999709129333,0.8617437481880188,0.8901957273483276,0.8902409076690674,0.88550865650177,0.8950239419937134,0.9552080631256104,False,9.0
Hartbeespoort,Winam,T-Har_V-Win_31px_2026-07-23,31,inner,15,0.2597491119689976,0.6162541709363222,0.760380208492279,0.7501304149627686,0.7840785384178162,0.718999981880188,0.8382102251052856,0.893814742565155,0.8941890001296997,0.8867034912109375,0.9018019437789916,0.958836555480957,False,9.0
Hartbeespoort,Winam,T-Har_V-Win_31px_2026-07-23,31,inner,16,0.2503787963592137,0.5562311410322728,0.7738869190216064,0.763350784778595,0.8010988831520081,0.7289999723434448,0.8695265054702759,0.8993255496025085,0.8994082808494568,0.894263744354248,0.904612362384796,0.961710810661316,False,9.0
Hartbeespoort,Winam,T-Har_V-Win_31px_2026-07-23,31,inner,17,0.2482888490221456,0.5288277417859282,0.765382707118988,0.7535470128059387,0.7940199375152588,0.7170000076293945,0.864499568939209,0.9021220803260804,0.9019930958747864,0.8987362384796143,0.9052736163139344,0.9625035524368286,False,9.0
Hartbeespoort,Winam,T-Har_V-Win_31px_2026-07-23,31,inner,18,0.2382133776301478,0.6102606056332859,0.7608804106712341,0.7507820725440979,0.7843137383460999,0.7200000286102295,0.8418298959732056,0.9050008058547974,0.9050554633140564,0.9000980854034424,0.9100677967071532,0.9652832746505736,False,9.0
Hartbeespoort,Winam,T-Har_V-Win_31px_2026-07-23,31,inner,19,0.2321413834812924,0.5750277903514042,0.7558779120445251,0.7420718669891357,0.786995530128479,0.7020000219345093,0.8596986532211304,0.9082086086273192,0.9083141684532166,0.90282541513443,0.9138700366020204,0.9670522212982178,False,9.0
Hartbeespoort,,Test_Har_outer_31px_2026-07-23,31,outer,1,0.5044346820830693,,,,,,,0.7527724504470825,0.7427605390548706,0.7706267833709717,0.7168392539024353,0.8329699039459229,False,
Hartbeespoort,,Test_Har_outer_31px_2026-07-23,31,outer,2,0.4354315329180722,,,,,,,0.7972028255462646,0.7925428152084351,0.807658314704895,0.7779827117919922,0.8805996179580688,False,
Hartbeespoort,,Test_Har_outer_31px_2026-07-23,31,outer,3,0.4098647205247089,,,,,,,0.8140142560005188,0.810534656047821,0.822429895401001,0.7989785671234131,0.8960181474685669,False,
Hartbeespoort,,Test_Har_outer_31px_2026-07-23,31,outer,4,0.38406381777908,,,,,,,0.8312495350837708,0.8297584056854248,0.8336197137832642,0.8259327411651611,0.9097207188606262,False,
Hartbeespoort,,Test_Har_outer_31px_2026-07-23,31,outer,5,0.3597977952883642,,,,,,,0.8453062176704407,0.8441058993339539,0.847121000289917,0.8411121964454651,0.920797884464264,False,
Hartbeespoort,,Test_Har_outer_31px_2026-07-23,31,outer,6,0.3143765976884199,,,,,,,0.8654375672340393,0.8647881150245667,0.8653408885002136,0.864236056804657,0.9400186538696288,False,
Hartbeespoort,,Test_Har_outer_31px_2026-07-23,31,outer,7,0.3015752463549757,,,,,,,0.8732076287269592,0.8725956678390503,0.8731533885002136,0.8720386028289795,0.9447673559188844,False,
Hartbeespoort,,Test_Har_outer_31px_2026-07-23,31,outer,8,0.2915216509889325,,,,,,,0.8787878751754761,0.8786078095436096,0.876252293586731,0.8809760212898254,0.9482648372650146,False,
Hartbeespoort,,Test_Har_outer_31px_2026-07-23,31,outer,9,0.2839949578204683,,,,,,,0.8811895251274109,0.8807937502861023,0.8800452947616577,0.8815434575080872,0.9512101411819458,False,
Hartbeespoort,,Test_Har_outer_31px_2026-07-23,31,outer,10,0.2783719700440568,,,,,,,0.8825315833091736,0.8821987509727478,0.881013035774231,0.8833876848220825,0.9531207084655762,False,
Hartbeespoort,,Test_Har_outer_31px_2026-07-23,31,outer,11,0.251792485448965,,,,,,,0.8946810960769653,0.8944275379180908,0.8928470611572266,0.896013617515564,0.961683750152588,False,
Hartbeespoort,,Test_Har_outer_31px_2026-07-23,31,outer,12,0.2472578134460621,,,,,,,0.8998375535011292,0.8997596502304077,0.8967169523239136,0.9028230905532836,0.9627535939216614,False,
Hartbeespoort,,Test_Har_outer_31px_2026-07-23,31,outer,13,0.2418168758642052,,,,,,,0.902239203453064,0.9021908044815063,0.8988874554634094,0.9055185317993164,0.964491367340088,False,
Hartbeespoort,,Test_Har_outer_31px_2026-07-23,31,outer,14,0.2312892133002565,,,,,,,0.9056296944618224,0.905649721622467,0.90170156955719,0.9096325635910034,0.9674004316329956,False,
Rodman,Hartbeespoort,T-Rod_V-Har_31px_2026-07-23,31,inner,1,0.4608730850266958,0.9584920304262732,0.6432086825370789,0.6133333444595337,0.6586483120918274,0.5738523006439209,0.6343158483505249,0.7766405344009399,0.7698979377746582,0.7896389365196228,0.7511199712753296,0.8641921281814575,False,8.0
Rodman,Hartbeespoort,T-Rod_V-Har_31px_2026-07-23,31,inner,2,0.4149645530360816,0.7929346249328824,0.7145669460296631,0.6463414430618286,0.8307210206985474,0.5289421081542969,0.6773191690444946,0.8094097971916199,0.8045704364776611,0.8211817741394043,0.7886179089546204,0.8925929069519043,False,8.0
Rodman,Hartbeespoort,T-Rod_V-Har_31px_2026-07-23,31,inner,3,0.3753306548112294,0.8787350893959286,0.6166338324546814,0.6027536988258362,0.6162669658660889,0.589820384979248,0.6626620292663574,0.8326042294502258,0.8292354345321655,0.8418533205986023,0.8169901967048645,0.9144188165664672,False,8.0
Rodman,Hartbeespoort,T-Rod_V-Har_31px_2026-07-23,31,inner,4,0.3480608342159301,0.8195133962499814,0.7524606585502625,0.6830497980117798,0.9264957308769226,0.5409181714057922,0.7458277940750122,0.8491126894950867,0.8478188514709473,0.8507936596870422,0.8448647856712341,0.9265342950820924,False,8.0
Rodman,Hartbeespoort,T-Rod_V-Har_31px_2026-07-23,31,inner,5,0.3261182400740428,0.7918058347514295,0.7667322754859924,0.7250580191612244,0.8656509518623352,0.6237524747848511,0.7233668565750122,0.8569542169570923,0.8558116555213928,0.8583110570907593,0.853326678276062,0.9357042908668518,False,8.0
Rodman,Hartbeespoort,T-Rod_V-Har_31px_2026-07-23,31,inner,6,0.2863690121086284,0.7825927249793931,0.7682086825370789,0.7129799127578735,0.9154929518699646,0.583832323551178,0.7688177227973938,0.8776723146438599,0.8778437376022339,0.872235894203186,0.8835241198539734,0.9503509998321532,False,8.0
Rodman,Hartbeespoort,T-Rod_V-Har_31px_2026-07-23,31,inner,7,0.2670765318114847,0.8199479872375492,0.7810039520263672,0.737463116645813,0.901875913143158,0.6237524747848511,0.754542350769043,0.8908790946006775,0.8904722332954407,0.889293372631073,0.8916541934013367,0.9570035934448242,False,8.0
Rodman,Hartbeespoort,T-Rod_V-Har_31px_2026-07-23,31,inner,8,0.2611726044895134,0.5230498600193835,0.8110235929489136,0.7793103456497192,0.9186992049217224,0.6766467094421387,0.8926767706871033,0.8959141373634338,0.8956212401390076,0.8936240673065186,0.8976273536682129,0.958499550819397,False,8.0
Rodman,Hartbeespoort,T-Rod_V-Har_31px_2026-07-23,31,inner,9,0.2503761489487019,0.834092978710734,0.7839567065238953,0.7328058481216431,0.9391575455665588,0.6007984280586243,0.7792715430259705,0.8972348570823669,0.89735347032547,0.8918387293815613,0.9029367566108704,0.9619932174682616,False,8.0
Rodman,Hartbeespoort,T-Rod_V-Har_31px_2026-07-23,31,inner,10,0.2382743323496241,0.7043928915238756,0.7942913174629211,0.7529550790786743,0.9231883883476256,0.6357285380363464,0.8188865184783936,0.902847707271576,0.9029118418693542,0.8978018164634705,0.908080279827118,0.9652946591377258,False,8.0
Rodman,Hartbeespoort,T-Rod_V-Har_31px_2026-07-23,31,inner,11,0.2187566870495252,0.7199693446553598,0.7962598204612732,0.7567567825317383,0.9200000166893004,0.6427145600318909,0.8160300254821777,0.9128352999687196,0.9129143953323364,0.9075258374214172,0.918367326259613,0.9709585309028624,False,8.0
Rodman,Hartbeespoort,T-Rod_V-Har_31px_2026-07-23,31,inner,12,0.2108291479978392,0.6509813309214482,0.7918307185173035,0.7444108724594116,0.9433384537696838,0.6147704720497131,0.8769877552986145,0.915229082107544,0.9152150750160216,0.910778820514679,0.919694721698761,0.9728704690933228,False,8.0
Rodman,Hartbeespoort,T-Rod_V-Har_31px_2026-07-23,31,inner,13,0.2087885398659094,0.7227686646240433,0.8110235929489136,0.7772621512413025,0.9279778599739076,0.6686626672744751,0.8250595927238464,0.917292594909668,0.9175308346748352,0.9103380441665648,0.9248382449150084,0.9733958840370178,False,8.0
Rodman,Hartbeespoort,T-Rod_V-Har_31px_2026-07-23,31,inner,14,0.2027871470632407,0.7175211852460396,0.8001968264579773,0.7594786882400513,0.934402346611023,0.6397205591201782,0.8312443494796753,0.918860912322998,0.918994665145874,0.9129011034965516,0.9251700639724731,0.9749272465705872,False,8.0
Rodman,Hartbeespoort,T-Rod_V-Har_31px_2026-07-23,31,inner,15,0.1965594582490275,0.7381827005251186,0.7869094610214233,0.7433313727378845,0.9153284430503844,0.6257485151290894,0.8151522278785706,0.9202641248703004,0.9204676151275636,0.9135479927062988,0.9274929761886596,0.9763160943984984,False,8.0
Rodman,Hartbeespoort,T-Rod_V-Har_31px_2026-07-23,31,inner,16,0.1895979287835423,0.7135369132646895,0.8006889820098877,0.76106196641922,0.9307359457015992,0.64371258020401,0.8460564613342285,0.9252166748046876,0.925419807434082,0.9183139801025392,0.9326364398002625,0.977985978126526,False,8.0
Rodman,Hartbeespoort,T-Rod_V-Har_31px_2026-07-23,31,inner,17,0.1851882295843692,0.752823935601655,0.8041338324546814,0.7683352828025818,0.9217877388000488,0.658682644367218,0.8460476994514465,0.9284358024597168,0.9286596179008484,0.9211557507514954,0.936286687850952,0.9790316820144652,False,8.0
Rodman,Hartbeespoort,T-Rod_V-Har_31px_2026-07-23,31,inner,18,0.1793962447051907,0.8811037469743275,0.7982283234596252,0.7553699016571045,0.93916916847229,0.6317365169525146,0.8202837109565735,0.92975652217865,0.9300451874732972,0.9216356873512268,0.9386096000671388,0.9800851941108704,False,8.0
Rodman,Mula,T-Rod_V-Mul_31px_2026-07-23,31,inner,1,0.4198473664618427,0.9915437853992216,0.5974903702735901,0.300335556268692,0.9470899701118468,0.1784646064043045,0.7416805028915405,0.8062111735343933,0.8012232184410095,0.8207448720932007,0.782608687877655,0.8896700143814087,False,9.0
Rodman,Mula,T-Rod_V-Mul_31px_2026-07-23,31,inner,2,0.3632386961955708,1.1744174831564822,0.5284749269485474,0.0668576881289482,0.7954545617103577,0.0348953157663345,0.7285608053207397,0.8417391180992126,0.8390465974807739,0.8518898487091064,0.8265848159790039,0.9194310903549194,False,9.0
Rodman,Mula,T-Rod_V-Mul_31px_2026-07-23,31,inner,3,0.3375415339973402,0.8376846018330011,0.6114864945411682,0.3481781482696533,0.926724135875702,0.214356929063797,0.7589994072914124,0.8589648008346558,0.8577632904052734,0.8634605407714844,0.8521407246589661,0.9308204650878906,False,9.0
Rodman,Mula,T-Rod_V-Mul_31px_2026-07-23,31,inner,4,0.3050628385361184,0.8221059422868099,0.6018339991569519,0.3415802121162414,0.8560000061988831,0.213359922170639,0.7953875064849854,0.8704761862754822,0.8697317838668823,0.8730769157409668,0.8664122223854065,0.9438158869743348,False,9.0
Rodman,Mula,T-Rod_V-Mul_31px_2026-07-23,31,inner,5,0.2841556266573398,1.046933570078441,0.5559845566749573,0.1651542633771896,0.9191918969154358,0.0907278135418891,0.74054354429245,0.8833126425743103,0.8828079700469971,0.8849424719810486,0.8806837201118469,0.9511538743972778,False,9.0
Rodman,Mula,T-Rod_V-Mul_31px_2026-07-23,31,inner,6,0.2525417612601017,0.7777146794851222,0.6230695247650146,0.4087812304496765,0.849056601524353,0.2691924273967743,0.7952316999435425,0.8990476131439209,0.8995136618614197,0.8936936855316162,0.9054098725318908,0.9609127044677734,False,9.0
Rodman,Mula,T-Rod_V-Mul_31px_2026-07-23,31,inner,7,0.2306648805459834,0.9157401627166968,0.6003860831260681,0.3279220759868622,0.8820960521697998,0.2013958096504211,0.7793504595756531,0.9089854955673218,0.909300982952118,0.9044491648674012,0.9142051339149476,0.9672900438308716,False,9.0
Rodman,Mula,T-Rod_V-Mul_31px_2026-07-23,31,inner,8,0.2158785260698563,0.7035200894166604,0.6187258958816528,0.4316546618938446,0.7751938104629517,0.2991026937961578,0.7942496538162231,0.9146997928619384,0.9150725603103638,0.9093739986419678,0.9208430051803588,0.9713033437728882,False,9.0
Rodman,Mula,T-Rod_V-Mul_31px_2026-07-23,31,inner,9,0.2128018271639233,0.5598653665380589,0.7340733408927917,0.6827864050865173,0.807901918888092,0.59122633934021,0.8285703659057617,0.9199171662330629,0.920326292514801,0.9139257073402404,0.9268171191215516,0.9718900322914124,False,9.0
Rodman,Mula,T-Rod_V-Mul_31px_2026-07-23,31,inner,10,0.209151061770832,0.6725689761024184,0.6409266591072083,0.4966170489788055,0.7726315855979919,0.365902304649353,0.795486330986023,0.921739101409912,0.9220618605613708,0.91654372215271,0.9276468753814696,0.97235906124115,False,9.0
Rodman,Mula,T-Rod_V-Mul_31px_2026-07-23,31,inner,11,0.1861353143043893,0.68680983830718,0.66361004114151,0.5209621787071228,0.8384955525398254,0.3778663873672485,0.8286525011062622,0.9266252517700196,0.9271381497383118,0.9189761877059937,0.9354463815689088,0.9785524606704712,False,9.0
Rodman,Mula,T-Rod_V-Mul_31px_2026-07-23,31,inner,12,0.1742882589758306,0.7625225662149517,0.6351351141929626,0.4324324429035187,0.8753799200057983,0.2871385812759399,0.837485671043396,0.934906840324402,0.935287356376648,0.9281045794487,0.9425821304321288,0.9809004664421082,False,9.0
Rodman,Mula,T-Rod_V-Mul_31px_2026-07-23,31,inner,13,0.1730961627730671,0.6718531427725172,0.6911196708679199,0.5761589407920837,0.857988178730011,0.4336988925933838,0.849281907081604,0.934906840324402,0.9352020025253296,0.9292267560958862,0.9412545561790466,0.9811215996742249,False,9.0
Rodman,Mula,T-Rod_V-Mul_31px_2026-07-23,31,inner,14,0.1719291373106263,0.8034627124178133,0.6008687019348145,0.3643351197242737,0.7953020334243774,0.2362911254167556,0.8130314350128174,0.9334161281585692,0.9336305260658264,0.9288764595985411,0.9384334683418274,0.9811670780181884,False,9.0
Rodman,Mula,T-Rod_V-Mul_31px_2026-07-23,31,inner,15,0.1687584837234538,0.805619678470849,0.5965250730514526,0.3618320524692535,0.7719869613647461,0.2362911254167556,0.8053398132324219,0.934823989868164,0.9352423548698424,0.9275338649749756,0.9430800080299376,0.9819239377975464,False,9.0
Rodman,Mula,T-Rod_V-Mul_31px_2026-07-23,31,inner,16,0.151987172741574,0.7175412289654426,0.6486486196517944,0.4844192564487457,0.8361858129501343,0.3409770727157593,0.840597927570343,0.9429399371147156,0.94333416223526,0.9351051449775696,0.9517092704772948,0.985370397567749,False,9.0
Rodman,Mula,T-Rod_V-Mul_31px_2026-07-23,31,inner,17,0.1559405929282091,0.802432390145641,0.6418918967247009,0.4560117423534393,0.861495852470398,0.3100697994232178,0.8512921929359436,0.9440993666648864,0.9444398880004884,0.9369590282440186,0.9520411491394044,0.9842885732650756,False,9.0
Rodman,Mula,T-Rod_V-Mul_31px_2026-07-23,31,inner,18,0.1494859365202625,0.6783799889810297,0.6568532586097717,0.4975264966487884,0.8543689250946045,0.3509471714496612,0.8571311235427856,0.9436852931976318,0.9439960718154908,0.9370503425598145,0.9510454535484314,0.9857465624809264,False,9.0
Rodman,Mula,T-Rod_V-Mul_31px_2026-07-23,31,inner,19,0.1496919013791202,0.6864224409965014,0.6645752787590027,0.5216792821884155,0.8422222137451172,0.3778663873672485,0.8487913012504578,0.9439337253570556,0.9442477226257324,0.9372241497039796,0.9513773918151855,0.985487937927246,False,9.0
Rodman,Inle,T-Rod_V-Inl_31px_2026-07-23,31,inner,1,0.4582775882598234,0.6199724791049958,0.6610000133514404,0.5835380554199219,0.756369411945343,0.4749999940395355,0.7621569633483887,0.7832386493682861,0.7722909450531006,0.8068305253982544,0.7405871748924255,0.8672188520431519,False,23.0
Rodman,Inle,T-Rod_V-Inl_31px_2026-07-23,31,inner,2,0.3991118724148705,0.6655901079177856,0.6704999804496765,0.5944615602493286,0.7728000283241272,0.4830000102519989,0.7841989994049072,0.8281880021095276,0.8232703804969788,0.8410034775733948,0.8062697052955627,0.9029760360717772,False,23.0
Rodman,Inle,T-Rod_V-Inl_31px_2026-07-23,31,inner,3,0.3780676245866042,0.7460507550239563,0.6850000023841858,0.5893089771270752,0.846441924571991,0.4519999921321869,0.7732279896736145,0.8364205360412598,0.8323348164558411,0.8471315503120422,0.8180460929870605,0.9126901626586914,False,23.0
Rodman,Inle,T-Rod_V-Inl_31px_2026-07-23,31,inner,4,0.3536937898487243,0.4919592329859734,0.722000002861023,0.7804107666015625,0.644908607006073,0.9879999756813048,0.9404029846191406,0.8493455052375793,0.847728431224823,0.8505593538284302,0.8449162244796753,0.924269437789917,False,23.0
Rodman,Inle,T-Rod_V-Inl_31px_2026-07-23,31,inner,5,0.3452121333015243,0.8655431444644928,0.6330000162124634,0.4642335772514343,0.8594594597816467,0.3179999887943268,0.7723970413208008,0.8520622253417969,0.8503871560096741,0.8537278771400452,0.8470724821090698,0.927598476409912,False,23.0
Rodman,Inle,T-Rod_V-Inl_31px_2026-07-23,31,inner,6,0.3029310139984989,0.4755576884746551,0.7739999890327454,0.750826895236969,0.8366093635559082,0.6809999942779541,0.8809469938278198,0.8718202114105225,0.8712265491485596,0.8688551783561707,0.8736108541488647,0.9445236325263976,False,23.0
Rodman,Inle,T-Rod_V-Inl_31px_2026-07-23,31,inner,7,0.2912406158332443,0.3039992300271988,0.8799999952316284,0.8793969750404358,0.8838383555412292,0.875,0.9522559642791748,0.87815922498703,0.8778071403503418,0.8739109039306641,0.8817382454872131,0.9483473300933838,False,23.0
Rodman,Inle,T-Rod_V-Inl_31px_2026-07-23,31,inner,8,0.2748999547799389,0.4670135207176208,0.8109999895095825,0.7982923984527588,0.8558352589607239,0.7480000257492065,0.8984450101852417,0.8884498476982117,0.8882842659950256,0.883114755153656,0.8935146927833557,0.9539771676063538,False,23.0
Rodman,Inle,T-Rod_V-Inl_31px_2026-07-23,31,inner,9,0.2718149136935593,0.3197117922902107,0.8600000143051147,0.8499463796615601,0.9157043695449828,0.7929999828338623,0.9523710012435912,0.8887791037559509,0.888595700263977,0.8835684061050415,0.8936805725097656,0.9550740122795104,False,23.0
Rodman,Inle,T-Rod_V-Inl_31px_2026-07-23,31,inner,10,0.2607744274546091,0.2617314878702164,0.8939999938011169,0.8965853452682495,0.8752381205558777,0.9190000295639038,0.9622689485549928,0.8938832879066467,0.8936907052993774,0.8887795209884644,0.8986564874649048,0.9584736824035645,False,23.0
Rodman,Inle,T-Rod_V-Inl_31px_2026-07-23,31,inner,11,0.2369165463664261,0.3027413915395737,0.8659999966621399,0.8655967712402344,0.8682092428207397,0.8629999756813049,0.9450219869613647,0.9030213356018066,0.9029973745346068,0.896647572517395,0.9094377160072328,0.9659667015075684,False,23.0
Rodman,Inle,T-Rod_V-Inl_31px_2026-07-23,31,inner,12,0.2320922755052732,0.3131712008118629,0.8650000095367432,0.8599585294723511,0.8933189511299133,0.8289999961853027,0.9442319869995116,0.9073845148086548,0.9073693156242372,0.9009156227111816,0.9139160513877868,0.9671643972396852,False,23.0
Rodman,Inle,T-Rod_V-Inl_31px_2026-07-23,31,inner,13,0.2283879361290436,0.3514457695484161,0.8410000205039978,0.8256579041481018,0.9138349294662476,0.753000020980835,0.9446779489517212,0.9084547758102416,0.9081902503967284,0.904159128665924,0.912257432937622,0.9681925773620604,False,23.0
Rodman,Inle,T-Rod_V-Inl_31px_2026-07-23,31,inner,14,0.2228144223298753,0.3507720355987548,0.8554999828338623,0.8460308909416199,0.9053592085838318,0.7940000295639038,0.938568949699402,0.909442663192749,0.9096286296844482,0.9011883735656738,0.918228566646576,0.9697132706642152,False,23.0
Rodman,Inle,T-Rod_V-Inl_31px_2026-07-23,31,inner,15,0.2221697122091676,0.3072948772907257,0.8744999766349792,0.8773815631866455,0.8576886057853699,0.8980000019073486,0.9417740106582642,0.9101012349128724,0.9100345969200134,0.9040759801864624,0.9160723090171814,0.9698639512062072,False,23.0
Rodman,Inle,T-Rod_V-Inl_31px_2026-07-23,31,inner,16,0.2096049510800633,0.2744210398197174,0.8914999961853027,0.8935753107070923,0.8768045902252197,0.9110000133514404,0.9525700211524964,0.9166872501373292,0.9166254997253418,0.9106236696243286,0.92270690202713,0.9731160402297974,False,23.0
Rodman,Inle,T-Rod_V-Inl_31px_2026-07-23,31,inner,17,0.2050392910135207,0.2768492109179497,0.8884999752044678,0.8866294026374817,0.9017580151557922,0.871999979019165,0.9533609747886658,0.920391857624054,0.9205880165100098,0.9116786122322084,0.9296732544898988,0.9742056131362916,False,23.0
Rodman,Inle,T-Rod_V-Inl_31px_2026-07-23,31,inner,18,0.2030115859434125,0.2721365166902542,0.8964999914169312,0.8960321545600891,0.9001008868217468,0.8920000195503235,0.9548059701919556,0.9199802279472352,0.9200920462608336,0.9121434688568116,0.928180456161499,0.974856972694397,False,23.0
Rodman,Inle,T-Rod_V-Inl_31px_2026-07-23,31,inner,19,0.2008296610859428,0.263657250225544,0.909500002861023,0.9116642475128174,0.8903717994689941,0.9340000152587892,0.9560460448265076,0.9205565452575684,0.9204123616218568,0.915354311466217,0.9255266189575196,0.975380003452301,False,23.0
Rodman,Inle,T-Rod_V-Inl_31px_2026-07-23,31,inner,20,0.2017294248823492,0.2339891489744186,0.9225000143051147,0.925588071346283,0.8901200294494629,0.9639999866485596,0.9681079983711244,0.9206388592720032,0.9206453561782836,0.9138748049736024,0.9275169968605042,0.9749065041542052,False,23.0
Rodman,Inle,T-Rod_V-Inl_31px_2026-07-23,31,inner,21,0.1883326324287624,0.2336979953050613,0.9169999957084656,0.9180651307106018,0.9064327478408812,0.9300000071525574,0.9655510187149048,0.9272248148918152,0.927374303340912,0.918769359588623,0.9361419677734376,0.9783388376235962,False,23.0
Rodman,Inle,T-Rod_V-Inl_31px_2026-07-23,31,inner,22,0.1886742006577297,0.2541641139984131,0.9070000052452089,0.9075546860694884,0.9021739363670348,0.912999987602234,0.9596459865570068,0.9268131852149964,0.926668345928192,0.9217262864112854,0.9316636323928832,0.9782888889312744,False,23.0
Rodman,Inle,T-Rod_V-Inl_31px_2026-07-23,31,inner,23,0.1875085232709919,0.2237599159479141,0.915499985218048,0.9162122011184692,0.9085545539855956,0.9240000247955322,0.9691795110702516,0.9272248148918152,0.927278697490692,0.9198629260063172,0.9348150491714478,0.9783746004104614,False,23.0
Rodman,Inle,T-Rod_V-Inl_31px_2026-07-23,31,inner,24,0.1847767490941751,0.2890249013900757,0.8774999976158142,0.8729912042617798,0.9063509106636048,0.8420000076293945,0.9530090093612672,0.9255783557891846,0.9256945848464966,0.9175493121147156,0.933985710144043,0.97917640209198,False,23.0
Rodman,Inle,T-Rod_V-Inl_31px_2026-07-23,31,inner,25,0.1837784355769895,0.2663699166774749,0.8895000219345093,0.8870720267295837,0.90700101852417,0.8679999709129333,0.9579260349273682,0.9252490401268004,0.925082504749298,0.92037433385849,0.9298391342163086,0.9794517755508424,False,23.0
Rodman,Inle,T-Rod_V-Inl_31px_2026-07-23,31,inner,26,0.1795546872113637,0.237179386138916,0.9049999713897704,0.9042338728904724,0.9115853905677797,0.8970000147819519,0.966847002506256,0.9290359616279602,0.9291118383407592,0.9213831424713136,0.9369713068008424,0.9802600741386414,False,23.0
Rodman,Inle,T-Rod_V-Inl_31px_2026-07-23,31,inner,27,0.1815519718853664,0.2448642569780349,0.9089999794960022,0.907707929611206,0.920781910419464,0.8949999809265137,0.965219020843506,0.9286243319511414,0.9287182688713074,0.920769453048706,0.9368054270744324,0.9796660542488098,False,23.0
Rodman,Inle,T-Rod_V-Inl_31px_2026-07-23,31,inner,28,0.1815733609719071,0.2440902079343795,0.9035000205039978,0.9034517407417296,0.9039039015769958,0.902999997138977,0.9623620510101318,0.929859220981598,0.9299802780151368,0.9216485023498536,0.938464105129242,0.9798704385757446,False,23.0
Rodman,Inle,T-Rod_V-Inl_31px_2026-07-23,31,inner,29,0.1801557404836274,0.234911164522171,0.9079999923706056,0.908366560935974,0.9047619104385376,0.9120000004768372,0.9649540185928344,0.9286243319511414,0.9286596179008484,0.9214565753936768,0.9359760880470276,0.9802173972129822,False,23.0
Rodman,Inle,T-Rod_V-Inl_31px_2026-07-23,31,inner,30,0.1822473399541677,0.2573709530830383,0.8985000252723694,0.8986520171165466,0.8973080515861511,0.8999999761581421,0.9584800004959106,0.928706705570221,0.9286302924156188,0.9228501319885254,0.9344833493232728,0.9795520901679992,False,23.0
Rodman,Inle,T-Rod_V-Inl_31px_2026-07-23,31,inner,31,0.1772490131643521,0.2393870195150375,0.9139999747276306,0.91476708650589,0.9066797494888306,0.9229999780654908,0.9637150168418884,0.9322466254234314,0.9323357939720154,0.9243560433387756,0.9404544830322266,0.9806004762649536,False,23.0
Rodman,Inle,T-Rod_V-Inl_31px_2026-07-23,31,inner,32,0.1782032506249221,0.2335049382448196,0.9079999923706056,0.9069767594337464,0.91717791557312,0.8970000147819519,0.96658194065094,0.9302708506584167,0.9303969144821168,0.921986997127533,0.9389616847038268,0.980575442314148,False,23.0
Rodman,Inle,T-Rod_V-Inl_31px_2026-07-23,31,inner,33,0.1719382624995603,0.2530914981365204,0.909500002861023,0.9094547033309937,0.9099099040031432,0.9089999794960022,0.9603569507598876,0.9350457191467284,0.935173749923706,0.9265711307525636,0.9439376592636108,0.981946587562561,False,23.0
Rodman,Vembanad,T-Rod_V-Vem_31px_2026-07-23,31,inner,1,0.4532158784804495,0.4923537647301381,0.7187812328338623,0.6425396800041199,0.8830715417861938,0.5049900412559509,0.8693353533744812,0.7856731414794922,0.7767006754875183,0.8040852546691895,0.7511199712753296,0.8705655336380005,False,23.0
Rodman,Vembanad,T-Rod_V-Vem_31px_2026-07-23,31,inner,2,0.3907049903952079,0.4931034669652209,0.7557442784309387,0.7063062787055969,0.8868778347969055,0.5868263244628906,0.8817574977874756,0.8266776204109192,0.8220775723457336,0.8378704190254211,0.8068690896034241,0.906103253364563,False,23.0
Rodman,Vembanad,T-Rod_V-Vem_31px_2026-07-23,31,inner,3,0.3506456755620062,0.5212768142397229,0.7362637519836426,0.6670870184898376,0.9058219194412231,0.5279440879821777,0.9118552803993224,0.8483326435089111,0.8457803130149841,0.8536420464515686,0.838062047958374,0.9252870082855223,False,23.0
Rodman,Vembanad,T-Rod_V-Vem_31px_2026-07-23,31,inner,4,0.3337863192348727,0.4551613381156674,0.7927072644233704,0.761904776096344,0.8960863947868347,0.6626746654510498,0.894976019859314,0.8547550439834595,0.852828323841095,0.8576942682266235,0.8480172753334045,0.9321109652519226,False,23.0
Rodman,Vembanad,T-Rod_V-Vem_31px_2026-07-23,31,inner,5,0.3051021676597992,0.3899588324390091,0.8176823258399963,0.7934352159500122,0.916339874267578,0.6996008157730103,0.9313613176345824,0.872704803943634,0.8712310791015625,0.8747282028198242,0.8677617311477661,0.9435060024261476,False,23.0
Rodman,Vembanad,T-Rod_V-Vem_31px_2026-07-23,31,inner,6,0.2801758622745272,0.3750379121267831,0.8301698565483093,0.825282633304596,0.8506355881690979,0.8013972043991089,0.9156816005706788,0.8814327120780945,0.8808736205101013,0.8784028887748718,0.8833582401275635,0.9522005319595336,False,23.0
Rodman,Vembanad,T-Rod_V-Vem_31px_2026-07-23,31,inner,7,0.2696769440331151,0.3833709249903748,0.8241758346557617,0.799315869808197,0.9321808218955994,0.6996008157730103,0.9406836032867432,0.8877727389335632,0.8873646855354309,0.8839315176010132,0.8908246159553528,0.9557156562805176,False,23.0
Rodman,Vembanad,T-Rod_V-Vem_31px_2026-07-23,31,inner,8,0.263000928758716,0.4823560283615158,0.7907093167304993,0.7587795257568359,0.8965986371040344,0.6576846241950989,0.8977404832839966,0.8899135589599609,0.8891835808753967,0.888373613357544,0.8899950385093689,0.9578776359558104,False,23.0
Rodman,Vembanad,T-Rod_V-Vem_31px_2026-07-23,31,inner,9,0.2463288760187695,0.4217832556494942,0.8186812996864319,0.7931624054908752,0.9243028163909912,0.6946107745170593,0.9333662986755372,0.9010292291641236,0.9006940126419067,0.8969886302947998,0.904430091381073,0.9629493951797484,False,23.0
Rodman,Vembanad,T-Rod_V-Vem_31px_2026-07-23,31,inner,10,0.2381310634661624,0.3925307694967691,0.8261738419532776,0.804932713508606,0.9181585907936096,0.7165668606758118,0.9401856660842896,0.9019349813461304,0.9017245769500732,0.896914005279541,0.90658700466156,0.9653498530387878,False,23.0
Rodman,Vembanad,T-Rod_V-Vem_31px_2026-07-23,31,inner,11,0.2167503201124745,0.4377179237810167,0.8091908097267151,0.7750294208526611,0.9454023241996764,0.6566866040229797,0.9419211149215698,0.9122272729873656,0.9121477007865906,0.9061732292175292,0.9182014465332032,0.9713562726974488,False,23.0
Rodman,Vembanad,T-Rod_V-Vem_31px_2026-07-23,31,inner,12,0.2067285834233816,0.4209592915200568,0.8241758346557617,0.8020247220993042,0.9188144207000732,0.7115768194198608,0.93460875749588,0.9166735410690308,0.9166666865348816,0.9099231362342834,0.9235108494758606,0.9740450978279114,False,23.0
Rodman,Vembanad,T-Rod_V-Vem_31px_2026-07-23,31,inner,13,0.2076368409304424,0.2885770957012634,0.8791208863258362,0.8738269209861755,0.9148471355438232,0.8363273739814758,0.9551715850830078,0.9166735410690308,0.9166941046714784,0.9096552729606628,0.92384272813797,0.973496675491333,False,23.0
Rodman,Vembanad,T-Rod_V-Vem_31px_2026-07-23,31,inner,14,0.2008915711474939,0.3451439121088662,0.8551448583602905,0.8411828875541687,0.9320388436317444,0.7664670944213867,0.9498782157897948,0.9179086089134216,0.9180435538291932,0.9097425937652588,0.9264973998069764,0.97515070438385,False,23.0
Rodman,Vembanad,T-Rod_V-Vem_31px_2026-07-23,31,inner,15,0.1926176873081355,0.3986374830211197,0.8101897835731506,0.7777777910232544,0.9392655491828918,0.6636726260185242,0.95297110080719,0.9225195646286012,0.922199249267578,0.9190837144851683,0.9253360033035278,0.977198362350464,False,23.0
Rodman,Vembanad,T-Rod_V-Vem_31px_2026-07-23,31,inner,16,0.1873878280350385,0.4355589012046913,0.816683292388916,0.79439777135849,0.9054917097091676,0.7075848579406738,0.9304800033569336,0.927542209625244,0.9275242686271667,0.920850396156311,0.934295654296875,0.978317379951477,False,23.0
Rodman,Vembanad,T-Rod_V-Vem_31px_2026-07-23,31,inner,17,0.1826804570721814,0.2851699501067608,0.8781218528747559,0.8693790435791016,0.937644362449646,0.8103792667388916,0.962733507156372,0.9289419651031494,0.9290237426757812,0.9210698008537292,0.9371163249015808,0.9793760776519777,False,23.0
Rodman,Vembanad,T-Rod_V-Vem_31px_2026-07-23,31,inner,18,0.1752578335001715,0.4810742357453623,0.8026973009109497,0.7677836418151855,0.9341917037963868,0.6516966223716736,0.9423881769180298,0.9291889667510986,0.929311215877533,0.9208340048789978,0.9379459023475648,0.9812359809875488,False,23.0
Rodman,Vembanad,T-Rod_V-Vem_31px_2026-07-23,31,inner,19,0.1756849387389929,0.4943784588759953,0.8011987805366516,0.763938307762146,0.9415204524993896,0.6427145600318909,0.9443872570991516,0.9307534098625184,0.930639147758484,0.9252213835716248,0.9361208081245422,0.9810068011283876,False,23.0
Rodman,Vembanad,T-Rod_V-Vem_31px_2026-07-23,31,inner,20,0.1755251486000086,0.341291145517395,0.8491508364677429,0.8324084281921387,0.9375,0.7485029697418213,0.9581567049026488,0.9298476576805116,0.9300722479820251,0.9202533960342408,0.9401028752326964,0.9808027744293212,False,23.0
Rodman,Vembanad,T-Rod_V-Vem_31px_2026-07-23,31,inner,21,0.1617095186183756,0.2862954606543054,0.8761239051818848,0.8668099045753479,0.9383720755577089,0.8053892254829407,0.9643163681030272,0.937422811985016,0.937407374382019,0.9306623339653016,0.9442508816719056,0.9838531017303468,False,23.0
Rodman,Vembanad,T-Rod_V-Vem_31px_2026-07-23,31,inner,22,0.1622041247972199,0.2812751584893816,0.879620373249054,0.8702207803726196,0.9450292587280272,0.8063872456550598,0.9657455086708068,0.9359407424926758,0.935945987701416,0.928909957408905,0.9430894255638124,0.9837939739227296,False,23.0
Rodman,Vembanad,T-Rod_V-Vem_31px_2026-07-23,31,inner,23,0.1604357038409487,0.2687638277833635,0.8891108632087708,0.8834033608436584,0.932372510433197,0.8393213748931885,0.9637126326560974,0.937422811985016,0.937458872795105,0.9299591779708862,0.9450804591178894,0.9842979907989502,False,23.0
Rodman,Vembanad,T-Rod_V-Vem_31px_2026-07-23,31,inner,24,0.1621019116801065,0.3129825224052299,0.8711288571357727,0.8588621616363525,0.9503632187843324,0.7834331393241882,0.9640707969665528,0.9369287490844728,0.9371719360351562,0.9266828894615172,0.9479011297225952,0.9837411046028136,False,23.0
Rodman,Vembanad,T-Rod_V-Vem_31px_2026-07-23,31,inner,25,0.1639402107600569,0.3234780108952498,0.867132842540741,0.8559046387672424,0.9360189437866212,0.7884231805801392,0.9578952193260192,0.9356936812400818,0.9356725215911864,0.9290153980255128,0.9424257278442384,0.9831871390342712,False,23.0
Rodman,Vembanad,T-Rod_V-Vem_31px_2026-07-23,31,inner,26,0.1589417125669316,0.3168207287609755,0.8686313629150391,0.856519341468811,0.9446449875831604,0.7834331393241882,0.9625948071479796,0.937340497970581,0.9375256299972534,0.9278517961502076,0.947403371334076,0.9844545722007751,False,23.0
Rodman,Vembanad,T-Rod_V-Vem_31px_2026-07-23,31,inner,27,0.1555472176652378,0.2770364298508479,0.8861138820648193,0.8783351182937622,0.9438073635101318,0.8213573098182678,0.9662085771560668,0.9401399493217468,0.9401498436927797,0.9330065250396729,0.947403371334076,0.9850870370864868,False,23.0
Rodman,Vembanad,T-Rod_V-Vem_31px_2026-07-23,31,inner,28,0.1574795738666231,0.2912063381293198,0.8766233921051025,0.8672756552696228,0.939464509487152,0.8053892254829407,0.9643163681030272,0.936517059803009,0.9363598823547364,0.9316688776016236,0.9410983920097352,0.984776496887207,False,23.0
Rodman,Vembanad,T-Rod_V-Vem_31px_2026-07-23,31,inner,29,0.1579871307471103,0.3271778377143295,0.8601398468017578,0.847328245639801,0.9338942170143129,0.7754490971565247,0.9592125415802002,0.9357760548591614,0.9358447194099426,0.9279073476791382,0.943919003009796,0.984666347503662,False,23.0
Rodman,Vembanad,T-Rod_V-Vem_31px_2026-07-23,31,inner,30,0.1539056863769208,0.3358232579924367,0.8606393337249756,0.8469555974006653,0.940316677093506,0.7704590559005737,0.9594341516494752,0.9409633874893188,0.941011905670166,0.9332571625709534,0.9488966464996338,0.9852780103683472,False,23.0
Rodman,Vembanad,T-Rod_V-Vem_31px_2026-07-23,31,inner,31,0.1527838256401797,0.3388391564061472,0.8616383671760559,0.8487165570259094,0.9372738003730774,0.7754490971565247,0.9569231271743774,0.9395636320114136,0.9394888877868652,0.9336391687393188,0.9454123377799988,0.985780954360962,False,23.0
Rodman,Vembanad,T-Rod_V-Vem_31px_2026-07-23,31,inner,32,0.150627937002553,0.3222136945574433,0.8641358613967896,0.8520130515098572,0.9366028904914856,0.78143709897995,0.9611077904701232,0.9410457015037536,0.9411377906799316,0.9327032566070556,0.9497262239456176,0.9860996007919312,False,23.0
Rodman,Vembanad,T-Rod_V-Vem_31px_2026-07-23,31,inner,33,0.1568785392573067,0.3276495171057713,0.8621378540992737,0.8485181331634521,0.942682921886444,0.7714570760726929,0.9624091386795044,0.9387401938438416,0.9386745691299438,0.9326781034469604,0.9447486400604248,0.984734058380127,False,23.0
Rodman,Valsequillo,T-Rod_V-Val_31px_2026-07-23,31,inner,1,0.4635998893037168,0.4927779720986591,0.8259803652763367,0.8405927419662476,0.7754763960838318,0.9176470637321472,0.9012287855148317,0.7755017876625061,0.7653660178184509,0.7951569557189941,0.7377267479896545,0.864750862121582,False,20.0
Rodman,Valsequillo,T-Rod_V-Val_31px_2026-07-23,31,inner,2,0.4070380064592281,0.4437314249721228,0.8357843160629272,0.8468221426010132,0.793487548828125,0.9078431129455566,0.911683976650238,0.8167176246643066,0.811901330947876,0.8274015188217163,0.7969712018966675,0.8995143175125122,False,20.0
Rodman,Valsequillo,T-Rod_V-Val_31px_2026-07-23,31,inner,3,0.3672136942647318,0.4277143287308075,0.8465686440467834,0.8555606603622437,0.8081952929496765,0.908823549747467,0.9207948446273804,0.8413314819335938,0.8381770849227905,0.8486864566802979,0.8279247879981995,0.9187452793121338,False,20.0
Rodman,Valsequillo,T-Rod_V-Val_31px_2026-07-23,31,inner,4,0.3445853405165379,0.4010036909989282,0.8495097756385803,0.8575406074523926,0.8140969276428223,0.9058823585510254,0.9115993976593018,0.8530601859092712,0.8506171703338623,0.8584745526313782,0.8429023027420044,0.9284794330596924,False,20.0
Rodman,Valsequillo,T-Rod_V-Val_31px_2026-07-23,31,inner,5,0.3158745701685012,0.404309134272968,0.8406862616539001,0.8526077270507812,0.7932489514350891,0.9215686321258544,0.9143627882003784,0.8651193380355835,0.8636780977249146,0.8664991855621338,0.8608753681182861,0.939587950706482,False,20.0
Rodman,Valsequillo,T-Rod_V-Val_31px_2026-07-23,31,inner,6,0.2930509875590592,0.3189886064798224,0.8774510025978088,0.8842592835426331,0.8377193212509155,0.936274528503418,0.932043433189392,0.8781696557998657,0.8777658343315125,0.8742159008979797,0.8813446760177612,0.9475486278533936,False,20.0
Rodman,Valsequillo,T-Rod_V-Val_31px_2026-07-23,31,inner,7,0.2816471491598852,0.3347297722218083,0.8720588088035583,0.8805491924285889,0.8257510662078857,0.943137228488922,0.9411717057228088,0.8844470381736755,0.8842940926551819,0.878987193107605,0.8896654844284058,0.9515141248703004,False,20.0
Rodman,Valsequillo,T-Rod_V-Val_31px_2026-07-23,31,inner,8,0.267821007955672,0.3610605634310666,0.8558823466300964,0.8699114918708801,0.7927419543266296,0.9637255072593688,0.9378979206085204,0.891219973564148,0.8908774256706238,0.8871287107467651,0.8946580290794373,0.9560370445251464,False,20.0
Rodman,Valsequillo,T-Rod_V-Val_31px_2026-07-23,31,inner,9,0.2505622147194388,0.3266752382703856,0.8632352948188782,0.8678351640701294,0.839596688747406,0.8980392217636108,0.945418119430542,0.8989840745925903,0.8987833857536316,0.8939743041992188,0.903644561767578,0.9615007638931274,False,20.0
Rodman,Valsequillo,T-Rod_V-Val_31px_2026-07-23,31,inner,10,0.242239882405058,0.4138782207872353,0.8240196108818054,0.8278177380561829,0.8103286623954773,0.8460784554481506,0.895972728729248,0.9037746787071228,0.903869926929474,0.8963993191719055,0.911466121673584,0.963893473148346,False,20.0
Rodman,Valsequillo,T-Rod_V-Val_31px_2026-07-23,31,inner,11,0.2253938564022831,0.3211155818957908,0.8686274290084839,0.8735849261283875,0.8418181538581848,0.9078431129455566,0.9359303712844848,0.9110432267189026,0.911292314529419,0.90215265750885,0.9206190705299376,0.9684687852859496,False,20.0
Rodman,Valsequillo,T-Rod_V-Val_31px_2026-07-23,31,inner,12,0.2131454176253702,0.3407436550832262,0.854411780834198,0.8574171662330627,0.8400752544403076,0.8754901885986328,0.9223865866661072,0.9173205494880676,0.9176741242408752,0.9071545004844666,0.9284406900405884,0.9716051816940308,False,20.0
Rodman,Valsequillo,T-Rod_V-Val_31px_2026-07-23,31,inner,13,0.2003127647005498,0.2765699110194748,0.8901960849761963,0.8927202820777893,0.8726591467857361,0.91372549533844,0.9525499939918518,0.9219459891319276,0.9219201803207396,0.9154906272888184,0.9284406900405884,0.9750569462776184,False,20.0
Rodman,Valsequillo,T-Rod_V-Val_31px_2026-07-23,31,inner,14,0.1972084271173763,0.307102836931453,0.8823529481887817,0.8873239159584045,0.8513513803482056,0.9264705777168274,0.9471337795257568,0.9232675433158876,0.9234193563461304,0.914897084236145,0.932101845741272,0.9757763147354126,False,20.0
Rodman,Valsequillo,T-Rod_V-Val_31px_2026-07-23,31,inner,15,0.1907184552910543,0.3109248332241002,0.8745098114013672,0.8808193802833557,0.838652491569519,0.927450954914093,0.9385303258895874,0.9235979318618774,0.9238369464874268,0.9142764210700988,0.933599591255188,0.9775637984275818,False,20.0
Rodman,Valsequillo,T-Rod_V-Val_31px_2026-07-23,31,inner,16,0.1883854111985013,0.2692143212930828,0.8995097875595093,0.903529405593872,0.8687782883644104,0.9411764740943908,0.9536937475204468,0.9275625944137572,0.9277773499488832,0.9183241128921508,0.9374271631240844,0.9778072834014891,False,20.0
Rodman,Valsequillo,T-Rod_V-Val_31px_2026-07-23,31,inner,17,0.1829793302174139,0.2820895040444299,0.8838235139846802,0.8878371715545654,0.8581884503364563,0.9196078181266784,0.9485217332839966,0.9302056431770324,0.9304469227790833,0.9205211997032166,0.9405891299247742,0.9788205623626708,False,20.0
Rodman,Valsequillo,T-Rod_V-Val_31px_2026-07-23,31,inner,18,0.1762584878944529,0.2675941426380008,0.8980392217636108,0.901794135570526,0.869763195514679,0.936274528503418,0.9549106359481812,0.9336747527122498,0.9339148998260498,0.9238033294677734,0.9442502856254578,0.980605125427246,False,20.0
Rodman,Valsequillo,T-Rod_V-Val_31px_2026-07-23,31,inner,19,0.1734368721761829,0.3277844804759119,0.8617647290229797,0.8623046875,0.8589494228363037,0.865686297416687,0.934321403503418,0.9332617521286012,0.93342125415802,0.9244328141212464,0.9425861239433287,0.981237769126892,False,20.0
Rodman,Valsequillo,T-Rod_V-Val_31px_2026-07-23,31,inner,20,0.1676676518519095,0.2668812803485814,0.8897058963775635,0.8916707038879395,0.8760643601417542,0.9078431129455566,0.9543896317481996,0.9367308020591736,0.9367778301239014,0.9292615056037904,0.9444167017936708,0.9823590517044068,False,20.0
Rodman,Valsequillo,T-Rod_V-Val_31px_2026-07-23,31,inner,21,0.161368932893454,0.303725126999266,0.8686274290084839,0.8693957328796387,0.8643410801887512,0.8745098114013672,0.9435418844223022,0.936896026134491,0.9369844794273376,0.9288634657859802,0.9452487826347352,0.9839665293693542,False,20.0
Rodman,Valsequillo,T-Rod_V-Val_31px_2026-07-23,31,inner,22,0.1609514050202296,0.2789706647980446,0.8818627595901489,0.883518636226654,0.8713060021400452,0.8960784077644348,0.9507477879524232,0.9390435218811036,0.9392092227935792,0.9298646450042723,0.9487435221672058,0.9838470220565796,False,20.0
Rodman,Valsequillo,T-Rod_V-Val_31px_2026-07-23,31,inner,23,0.1655262877725103,0.2768354353074934,0.8872548937797546,0.8917137384414673,0.8577898740768433,0.9284313917160034,0.9550250172615052,0.9343355298042296,0.9345194101333618,0.925146758556366,0.9440838694572448,0.9828448295593262,False,20.0
Rodman,Valsequillo,T-Rod_V-Val_31px_2026-07-23,31,inner,24,0.1592008412460317,0.2949759458209954,0.8818627595901489,0.884301483631134,0.866415798664093,0.9029411673545836,0.9471981525421144,0.9397869110107422,0.9399060010910034,0.9312316179275512,0.9487435221672058,0.984221577644348,False,20.0
Rodman,Valsequillo,T-Rod_V-Val_31px_2026-07-23,31,inner,25,0.162335511919459,0.2877530059685894,0.8774510025978088,0.8784046769142151,0.8716216087341309,0.8852941393852234,0.9487437605857848,0.9371438026428224,0.9372164011001588,0.9293193817138672,0.9452487826347352,0.9835038781166076,False,20.0
Rodman,Valsequillo,T-Rod_V-Val_31px_2026-07-23,31,inner,26,0.15523282375931,0.2847982611434132,0.8852941393852234,0.8888888955116272,0.8618784546852112,0.9176470637321472,0.9511322379112244,0.9398695230484008,0.9398645162582396,0.933081865310669,0.9467465281486512,0.9850455522537231,False,20.0
Rodman,Valsequillo,T-Rod_V-Val_31px_2026-07-23,31,inner,27,0.1528818893217967,0.2953019992101426,0.8813725709915161,0.8844317197799683,0.8621973991394043,0.9078431129455566,0.9471020698547364,0.9413562417030334,0.9415156245231628,0.9321480989456176,0.951073408126831,0.9852914810180664,False,20.0
Rodman,Valsequillo,T-Rod_V-Val_31px_2026-07-23,31,inner,28,0.1554552818458283,0.3076408516250404,0.8666666746139526,0.8652130961418152,0.874749481678009,0.8558823466300964,0.9424346685409546,0.9392912983894348,0.9393914341926576,0.9310231804847716,0.9479114413261414,0.9847877025604248,False,20.0
Rodman,Valsequillo,T-Rod_V-Val_31px_2026-07-23,31,inner,29,0.1557007646098138,0.3245135278678407,0.8602941036224365,0.8617176413536072,0.8530259132385254,0.8705882430076599,0.9388081431388856,0.9380523562431335,0.9381698369979858,0.92958664894104,0.946912944316864,0.9849621057510376,False,20.0
Rodman,Valsequillo,T-Rod_V-Val_31px_2026-07-23,31,inner,30,0.1559471972880556,0.3065514744204633,0.873039186000824,0.87445467710495,0.8648130297660828,0.884313702583313,0.9447578191757202,0.941191017627716,0.9414281249046326,0.9308605790138244,0.9522383213043212,0.9845157861709596,False,20.0
Rodman,RawaPening,T-Rod_V-Raw_31px_2026-07-23,31,inner,1,0.4736447137145164,0.4835686078081121,0.7862138152122498,0.7870646715164185,0.7847222089767456,0.7894211411476135,0.8625429272651672,0.7657472491264343,0.7595707178115845,0.7740268707275391,0.7456446290016174,0.8556574583053589,False,29.0
Rodman,RawaPening,T-Rod_V-Raw_31px_2026-07-23,31,inner,2,0.4044985068094686,0.4421041503652826,0.8176823258399963,0.8365427851676941,0.7587327361106873,0.9321357011795044,0.90922212600708,0.8164677023887634,0.8106362819671631,0.8306058645248413,0.7916044592857361,0.9004446268081665,False,29.0
Rodman,RawaPening,T-Rod_V-Raw_31px_2026-07-23,31,inner,3,0.3660583583378115,0.4680836363867684,0.8096902966499329,0.8286100029945374,0.7542997598648071,0.9191616773605348,0.9072664380073548,0.8420749306678772,0.8389317989349365,0.849345326423645,0.8287705183029175,0.918947458267212,False,29.0
Rodman,RawaPening,T-Rod_V-Raw_31px_2026-07-23,31,inner,4,0.3434889625035573,0.4602975937036367,0.8261738419532776,0.8481675386428833,0.7534883618354797,0.970059871673584,0.9339920282363892,0.852531909942627,0.8505632281303406,0.8554884195327759,0.845694363117218,0.9284446239471436,False,29.0
Rodman,RawaPening,T-Rod_V-Raw_31px_2026-07-23,31,inner,5,0.317651313694233,0.5402904251119592,0.8081918358802795,0.8354755640029907,0.7319819927215576,0.9730538725852966,0.8996676206588745,0.8654590249061584,0.8639693856239319,0.8670008182525635,0.860958993434906,0.9387762546539308,False,29.0
Rodman,RawaPening,T-Rod_V-Raw_31px_2026-07-23,31,inner,6,0.2864997069400836,0.5157586978032038,0.8171828389167786,0.8433219194412231,0.7383807897567749,0.9830339550971984,0.9324750304222108,0.8781391382217407,0.8773209452629089,0.8765943646430969,0.8780487775802612,0.9504739046096802,False,29.0
Rodman,RawaPening,T-Rod_V-Raw_31px_2026-07-23,31,inner,7,0.2634992508546665,0.58982433788069,0.7957043051719666,0.8295122981071472,0.7122405171394348,0.9930139780044556,0.9276746511459352,0.8906545639038086,0.8900480270385742,0.8882829546928406,0.8918201327323914,0.9580615758895874,False,29.0
Rodman,RawaPening,T-Rod_V-Raw_31px_2026-07-23,31,inner,8,0.2622633254051993,0.4041863763249004,0.8401598334312439,0.8586572408676147,0.7702060341835022,0.970059871673584,0.9318432807922364,0.8898311853408813,0.8894762992858887,0.8856719732284546,0.8933134078979492,0.9578759670257568,False,29.0
Rodman,RawaPening,T-Rod_V-Raw_31px_2026-07-23,31,inner,9,0.2453600113580334,0.4631758922939891,0.8196803331375122,0.844060480594635,0.7440974712371826,0.9750499129295348,0.9167535305023192,0.8983120918273926,0.898009717464447,0.8939493298530579,0.9021071791648864,0.9633724093437196,False,29.0
Rodman,RawaPening,T-Rod_V-Raw_31px_2026-07-23,31,inner,10,0.2415255180488353,0.4071269194027046,0.8251748085021973,0.8455427885055542,0.7579113841056824,0.9560878276824952,0.9247315526008606,0.8996294736862183,0.8993975520133972,0.8947454690933228,0.9040982127189636,0.9644495248794556,False,29.0
Rodman,RawaPening,T-Rod_V-Raw_31px_2026-07-23,31,inner,11,0.2171136371021459,0.4385186638627257,0.8376623392105103,0.8588797450065613,0.7601844668388367,0.9870259761810304,0.9534241557121276,0.9134623408317566,0.9130902290344238,0.9101549386978148,0.9160444736480712,0.9713509678840636,False,29.0
Rodman,RawaPening,T-Rod_V-Raw_31px_2026-07-23,31,inner,12,0.2096253137110731,0.3922306521312816,0.8396603465080261,0.8582781553268433,0.7695962190628052,0.970059871673584,0.9424790143966676,0.9158501625061036,0.9154813289642334,0.912613332271576,0.918367326259613,0.9731345772743224,False,29.0
Rodman,RawaPening,T-Rod_V-Raw_31px_2026-07-23,31,inner,13,0.2039595366162299,0.4348381717543264,0.8241758346557617,0.8468233346939087,0.7507715821266174,0.9710578918457032,0.9385808706283568,0.9193906784057616,0.919137716293335,0.9151315689086914,0.923179030418396,0.974395513534546,False,29.0
Rodman,RawaPening,T-Rod_V-Raw_31px_2026-07-23,31,inner,14,0.1983134969357307,0.4146465844922251,0.8531468510627747,0.870141327381134,0.7805071473121643,0.9830339550971984,0.9451626539230348,0.9178262948989868,0.918062388896942,0.9086624383926392,0.9276588559150696,0.9757134318351746,False,29.0
Rodman,RawaPening,T-Rod_V-Raw_31px_2026-07-23,31,inner,15,0.1968084775687442,0.3313663045426349,0.8591408729553223,0.8732014298439026,0.7945989966392517,0.9690618515014648,0.9536207914352416,0.9193906784057616,0.919070839881897,0.9158154726028442,0.922349452972412,0.9762957096099854,False,29.0
Rodman,RawaPening,T-Rod_V-Raw_31px_2026-07-23,31,inner,16,0.1834885554138943,0.3622973770885677,0.8546453714370728,0.8706091642379761,0.7850841879844666,0.9770458936691284,0.9501826167106628,0.9262247681617736,0.926048219203949,0.9213335514068604,0.93081134557724,0.9792540669441224,False,29.0
Rodman,RawaPening,T-Rod_V-Raw_31px_2026-07-23,31,inner,17,0.1801787673555906,0.3722914097073314,0.838161826133728,0.8565101623535156,0.7699044346809387,0.9650698900222778,0.9464181661605836,0.9284479022026062,0.9283771514892578,0.9223714470863342,0.9344615936279296,0.9799467325210572,False,29.0
Rodman,RawaPening,T-Rod_V-Raw_31px_2026-07-23,31,inner,18,0.1768189592671129,0.3452155602710707,0.8476523756980896,0.8615524172782898,0.7901748418807983,0.9471057653427124,0.9414196610450744,0.9315767884254456,0.9316218495368958,0.924094021320343,0.9392732977867126,0.9805511236190796,False,29.0
Rodman,RawaPening,T-Rod_V-Raw_31px_2026-07-23,31,inner,19,0.174532830269801,0.376243198697979,0.847152829170227,0.864960253238678,0.7753164768218994,0.9780439138412476,0.955901265144348,0.93174147605896,0.9316401481628418,0.9260655641555786,0.9372822046279908,0.9812761545181274,False,29.0
Rodman,RawaPening,T-Rod_V-Raw_31px_2026-07-23,31,inner,20,0.1717818412922105,0.309140610096457,0.8701298832893372,0.8798521161079407,0.8192771077156067,0.9500998258590698,0.9518223404884338,0.932647168636322,0.9325305223464966,0.9271773099899292,0.9379459023475648,0.9818826913833618,False,29.0
Rodman,RawaPening,T-Rod_V-Raw_31px_2026-07-23,31,inner,21,0.1656952688641487,0.320342571615101,0.8666333556175232,0.8780264854431152,0.8096040487289429,0.9590818285942078,0.9534191489219666,0.9370934367179872,0.9370052814483644,0.9313227534294128,0.9427576065063475,0.9829297065734864,False,29.0
Rodman,RawaPening,T-Rod_V-Raw_31px_2026-07-23,31,inner,22,0.1655557566498375,0.3259366385407977,0.8611388802528381,0.8732907772064209,0.8036912679672241,0.9560878276824952,0.9515788555145264,0.9345409870147704,0.9344221949577332,0.9291338324546814,0.939771056175232,0.9830451011657716,False,29.0
Rodman,RawaPening,T-Rod_V-Raw_31px_2026-07-23,31,inner,23,0.1637580173853102,0.3656847559726917,0.8536463379859924,0.8691380023956299,0.7865804433822632,0.9710578918457032,0.9498633146286012,0.9336352348327636,0.9336188435554504,0.9269010424613952,0.9404346942901612,0.9834800958633424,False,29.0
Rodman,RawaPening,T-Rod_V-Raw_31px_2026-07-23,31,inner,24,0.165589266840005,0.3068946418645498,0.8676323890686035,0.8772580027580261,0.8184961080551147,0.9451097846031188,0.9516247510910034,0.9338822364807128,0.9337732195854188,0.9283371567726136,0.9392732977867126,0.9830264449119568,False,29.0
Rodman,RawaPening,T-Rod_V-Raw_31px_2026-07-23,31,inner,25,0.1618661835709929,0.3253460853368967,0.85964035987854,0.8706856966018677,0.807856559753418,0.9441117644309998,0.9486167430877686,0.9384108781814576,0.938293993473053,0.9330598711967468,0.9435871839523317,0.983704149723053,False,29.0
Rodman,RawaPening,T-Rod_V-Raw_31px_2026-07-23,31,inner,26,0.1583006992451494,0.3102079774592663,0.8701298832893372,0.8798521161079407,0.8192771077156067,0.9500998258590698,0.9509052038192748,0.9389872550964355,0.938906729221344,0.9331367015838624,0.9447486400604248,0.9844905734062196,False,29.0
Rodman,RawaPening,T-Rod_V-Raw_31px_2026-07-23,31,inner,27,0.1599483290551473,0.310935840174392,0.867132842540741,0.8763940334320068,0.8199999928474426,0.9411177635192872,0.9505239725112916,0.937422811985016,0.9373350739479064,0.9316505193710328,0.9430894255638124,0.984150528907776,False,29.0
Rodman,RawaPening,T-Rod_V-Raw_31px_2026-07-23,31,inner,28,0.1618363436202592,0.299346447705508,0.8716283440589905,0.8804094791412354,0.8247602581977844,0.9441117644309998,0.952603816986084,0.9379168152809144,0.937942385673523,0.9305895566940308,0.9454123377799988,0.983508825302124,False,29.0
Rodman,RawaPening,T-Rod_V-Raw_31px_2026-07-23,31,inner,29,0.1533075046059573,0.2976546475252548,0.8731268644332886,0.8811973929405212,0.8292253613471985,0.940119743347168,0.9536906480789183,0.9399753212928772,0.9398663640022278,0.934547245502472,0.945246398448944,0.9856111407279968,False,29.0
Rodman,RawaPening,T-Rod_V-Raw_31px_2026-07-23,31,inner,30,0.1557033175791964,0.3156715781985225,0.8696303963661194,0.8787738084793091,0.8218939900398254,0.9441117644309998,0.9497843980789183,0.9389872550964355,0.938906729221344,0.9331367015838624,0.9447486400604248,0.9850914478302002,False,29.0
Rodman,RawaPening,T-Rod_V-Raw_31px_2026-07-23,31,inner,31,0.1536775810457689,0.3197019621208831,0.8646353483200073,0.8757450580596924,0.8100084662437439,0.9530938267707824,0.95239520072937,0.941210389137268,0.9412345886230468,0.9338559508323668,0.9487307071685792,0.985216736793518,False,29.0
Rodman,RawaPening,T-Rod_V-Raw_31px_2026-07-23,31,inner,32,0.1537595702351342,0.3035144153889361,0.8711288571357727,0.8804448843002319,0.8217992782592773,0.9481037855148317,0.9541277885437012,0.9413750767707824,0.9413702487945556,0.9344449639320374,0.9483988881111144,0.985547661781311,False,29.0
Rodman,RawaPening,T-Rod_V-Raw_31px_2026-07-23,31,inner,33,0.1529009650793032,0.3143129138709544,0.8636363744735718,0.8733178377151489,0.8161318302154541,0.9391217827796936,0.9462794661521912,0.939481258392334,0.9393614530563354,0.9341975450515748,0.94458270072937,0.9855518341064452,False,29.0
Rodman,RawaPening,T-Rod_V-Raw_31px_2026-07-23,31,inner,34,0.1512886962352244,0.2992788912294866,0.8701298832893372,0.8786181211471558,0.8254386186599731,0.9391217827796936,0.9522624611854552,0.9421984553337096,0.9421841502189636,0.9354047179222108,0.9490625262260436,0.9858518838882446,False,29.0
Rodman,RawaPening,T-Rod_V-Raw_31px_2026-07-23,31,inner,35,0.1523790876332405,0.3014950104705342,0.8731268644332886,0.8818604946136475,0.8257839679718018,0.946107804775238,0.9541596174240112,0.9420337677001952,0.9420289993286132,0.9350988864898682,0.9490625262260436,0.9855700731277466,False,29.0
Rodman,RawaPening,T-Rod_V-Raw_31px_2026-07-23,31,inner,36,0.1523225206413991,0.3160838614274691,0.8651348948478699,0.8758049607276917,0.8122866749763489,0.9500998258590698,0.9529969692230223,0.9407986998558044,0.940818190574646,0.9335184693336488,0.9482329487800598,0.9856023788452148,False,29.0
Rodman,RawaPening,T-Rod_V-Raw_31px_2026-07-23,31,inner,37,0.1512020536389749,0.3092204343814116,0.8676323890686035,0.8768014907836914,0.8207136392593384,0.9411177635192872,0.949737548828125,0.9404693245887756,0.9404301047325134,0.9340425729751588,0.9469056129455566,0.9858862161636353,False,29.0
Rodman,RawaPening,T-Rod_V-Raw_31px_2026-07-23,31,inner,38,0.1509338006420163,0.3206142391209359,0.8636363744735718,0.8740193843841553,0.812875509262085,0.9451097846031188,0.9492664933204652,0.9412927031517028,0.9412540197372437,0.93486088514328,0.9477351903915404,0.9859017133712769,False,29.0
Rodman,RawaPening,T-Rod_V-Raw_31px_2026-07-23,31,inner,39,0.151528188112637,0.3100638668109606,0.8696303963661194,0.8796680569648743,0.817480742931366,0.9520958065986632,0.9538333415985109,0.9413750767707824,0.9412831664085388,0.9357271790504456,0.9469056129455566,0.985813856124878,False,29.0
Rodman,Winam,T-Rod_V-Win_31px_2026-07-23,31,inner,1,0.4675598817512241,0.6014653254074863,0.7253626585006714,0.6907042264938354,0.7909677624702454,0.6129999756813049,0.8252352476119995,0.7751893401145935,0.7643455266952515,0.7965827584266663,0.7346160411834717,0.8599768280982971,False,18.0
Rodman,Winam,T-Rod_V-Win_31px_2026-07-23,31,inner,2,0.4235780348324799,0.5201181171777816,0.7668834328651428,0.7612704634666443,0.7804622054100037,0.7429999709129333,0.8392482995986938,0.8055647015571594,0.7991496324539185,0.8199267387390137,0.779399573802948,0.8884211778640747,False,18.0
Rodman,Winam,T-Rod_V-Win_31px_2026-07-23,31,inner,3,0.3852406676011058,0.5008817466461343,0.8069034814834595,0.8083416223526001,0.8027613162994385,0.8140000104904175,0.8840110301971436,0.8314125537872314,0.8285618424415588,0.8364036083221436,0.82086580991745,0.9090436100959778,False,18.0
Rodman,Winam,T-Rod_V-Win_31px_2026-07-23,31,inner,4,0.3647866987224311,0.506532499712965,0.7833917140960693,0.7741262316703796,0.8091602921485901,0.7419999837875366,0.8746776580810547,0.8416200280189514,0.8385093212127686,0.8487680554389954,0.8284956216812134,0.9186381697654724,False,18.0
Rodman,Winam,T-Rod_V-Win_31px_2026-07-23,31,inner,5,0.3454357352369036,0.609218289955459,0.7993996739387512,0.7874933481216431,0.8376550078392029,0.7429999709129333,0.8733143210411072,0.8533092141151428,0.8518456816673279,0.8539756536483765,0.8497263193130493,0.9276224970817566,False,18.0
Rodman,Winam,T-Rod_V-Win_31px_2026-07-23,31,inner,6,0.3071628091246586,0.5356495640463773,0.7748874425888062,0.7356051802635193,0.8917378783226013,0.6259999871253967,0.888378381729126,0.8747941851615906,0.873723566532135,0.8746675252914429,0.8727815747261047,0.9430375099182128,False,18.0
Rodman,Winam,T-Rod_V-Win_31px_2026-07-23,31,inner,7,0.2908024338071268,0.6768307248167712,0.7583791613578796,0.7143701910972595,0.8740954995155334,0.6039999723434448,0.8783793449401855,0.8795686364173889,0.8792605400085449,0.875,0.8835628032684326,0.9489126205444336,False,18.0
Rodman,Winam,T-Rod_V-Win_31px_2026-07-23,31,inner,8,0.2805549819237078,0.5844891378027073,0.7718859314918518,0.7164179086685181,0.9473684430122375,0.5759999752044678,0.907606601715088,0.887718141078949,0.8870487213134766,0.8857284784317017,0.8883728384971619,0.9522289037704468,False,18.0
Rodman,Winam,T-Rod_V-Win_31px_2026-07-23,31,inner,9,0.2674436940442664,0.6055012908859692,0.8004001975059509,0.7757167220115662,0.885750949382782,0.6899999976158142,0.8719730377197266,0.8890352249145508,0.8887054324150085,0.8847607970237732,0.8926853537559509,0.956744909286499,False,18.0
Rodman,Winam,T-Rod_V-Win_31px_2026-07-23,31,inner,10,0.2632318497744288,0.3568835572217064,0.8574287295341492,0.8433204889297485,0.9365079402923584,0.7670000195503235,0.9394754767417908,0.8947151899337769,0.89468914270401,0.8883256912231445,0.9011444449424744,0.9577590227127076,False,18.0
Rodman,Winam,T-Rod_V-Win_31px_2026-07-23,31,inner,11,0.2366532320975472,0.3915105209801869,0.8514257073402405,0.8324872851371765,0.9547218680381776,0.7379999756813049,0.9352672696113586,0.9071452021598816,0.9068846106529236,0.9027115702629088,0.9110963940620422,0.966184377670288,False,18.0
Rodman,Winam,T-Rod_V-Win_31px_2026-07-23,31,inner,12,0.2308354580337608,0.4756657653248283,0.8269134759902954,0.7955082654953003,0.9725433588027954,0.6729999780654907,0.9337207078933716,0.9078860878944396,0.907772183418274,0.9021952748298644,0.913418471813202,0.9675086736679076,False,18.0
Rodman,Winam,T-Rod_V-Win_31px_2026-07-23,31,inner,13,0.2323321356343956,0.3558842197271169,0.8789394497871399,0.8658536672592163,0.9713930487632751,0.781000018119812,0.9462332129478456,0.9085446000099182,0.9082197546958924,0.9047070145606996,0.9117598533630372,0.966804027557373,False,18.0
Rodman,Winam,T-Rod_V-Win_31px_2026-07-23,31,inner,14,0.2223784647830466,0.3897222346361128,0.8764382004737854,0.8651010394096375,0.9530686140060424,0.7919999957084656,0.923866868019104,0.9147184491157532,0.9146201014518738,0.908927083015442,0.9203848242759703,0.9696125984191896,False,18.0
Rodman,Winam,T-Rod_V-Win_31px_2026-07-23,31,inner,15,0.2143169630209709,0.3677957832623178,0.8819409608840942,0.8729817271232605,0.9452214241027832,0.8109999895095825,0.9263283014297484,0.9166117906570436,0.9164811372756958,0.9111475348472596,0.9218775629997252,0.9718717336654664,False,18.0
Rodman,Winam,T-Rod_V-Win_31px_2026-07-23,31,inner,16,0.2061959848440827,0.3839756516949844,0.8694347143173218,0.853781521320343,0.9707006216049194,0.7620000243186951,0.9441571235656738,0.9191636443138124,0.919376015663147,0.9102584719657898,0.928678035736084,0.9739620685577391,False,18.0
Rodman,Winam,T-Rod_V-Win_31px_2026-07-23,31,inner,17,0.2020081154018355,0.4247901595950969,0.8574287295341492,0.8376068472862244,0.9735099077224731,0.7350000143051147,0.9316025972366332,0.9211392998695374,0.9211133122444152,0.9146361351013184,0.927682876586914,0.9748671650886536,False,18.0
Rodman,Winam,T-Rod_V-Win_31px_2026-07-23,31,inner,18,0.2011396496614657,0.3489537294541745,0.8914456963539124,0.8814855217933655,0.9711191058158876,0.8069999814033508,0.9461621642112732,0.9227856397628784,0.9228872060775756,0.9149144291877748,0.9310001730918884,0.9750649333000184,False,18.0
Rodman,Winam,T-Rod_V-Win_31px_2026-07-23,31,inner,19,0.1954527432819632,0.4088449837449959,0.8624312281608582,0.8434832096099854,0.9788639545440674,0.7409999966621399,0.9518227577209472,0.9235265254974364,0.9232421517372132,0.9198222160339355,0.9266876578330994,0.9766265153884888,False,18.0
Rodman,Winam,T-Rod_V-Win_31px_2026-07-23,31,inner,20,0.1952865731080268,0.3848875325106516,0.873436689376831,0.8612177968025208,0.953827440738678,0.7850000262260437,0.939612627029419,0.9216331839561462,0.9214391708374025,0.91689932346344,0.9260241985321044,0.9765925407409668,False,18.0
Rodman,Winam,T-Rod_V-Win_31px_2026-07-23,31,inner,21,0.1872402425262933,0.4248199334679152,0.8599299788475037,0.84108966588974,0.9724409580230712,0.7409999966621399,0.9453964233398438,0.9267368912696838,0.9266281723976136,0.9211604595184326,0.9321612119674684,0.9783088564872742,False,18.0
Rodman,Winam,T-Rod_V-Win_31px_2026-07-23,31,inner,22,0.1889562471538222,0.3542104988716955,0.8899449706077576,0.8805646300315857,0.9631829261779784,0.8109999895095825,0.9441381692886353,0.926654577255249,0.9265881180763244,0.9205959439277648,0.9326587915420532,0.9780539274215698,False,18.0
Rodman,Winam,T-Rod_V-Win_31px_2026-07-23,31,inner,23,0.1866066533953177,0.3834577132729646,0.8769384622573853,0.8637873530387878,0.9677419066429138,0.7799999713897705,0.9470170140266418,0.9265722632408142,0.9267290830612184,0.9179821014404296,0.9356443881988524,0.978704571723938,False,18.0
Rodman,Winam,T-Rod_V-Win_31px_2026-07-23,31,inner,24,0.1860304868531376,0.3844954225945554,0.8784392476081848,0.8655229806900024,0.9690210819244384,0.7820000052452087,0.951440453529358,0.9275600910186768,0.9273687601089478,0.922950565814972,0.9318295121192932,0.978693425655365,False,18.0
Rodman,Winam,T-Rod_V-Win_31px_2026-07-23,31,inner,25,0.1869071415813494,0.3740752392140907,0.8789394497871399,0.8654060363769531,0.9749373197555542,0.777999997138977,0.9565235376358032,0.9267368912696838,0.9266765713691713,0.920608937740326,0.9328246712684632,0.978282868862152,False,18.0
Rodman,Winam,T-Rod_V-Win_31px_2026-07-23,31,inner,26,0.1811564492284368,0.3915822037970215,0.8669334650039673,0.8512304425239563,0.9657360315322876,0.7609999775886536,0.9569860100746156,0.929535746574402,0.9293962121009828,0.92436420917511,0.9344833493232728,0.9796777963638306,False,18.0
Rodman,Winam,T-Rod_V-Win_31px_2026-07-23,31,inner,27,0.1809482257843881,0.3514467567254813,0.8889444470405579,0.8789530992507935,0.9664268493652344,0.8059999942779541,0.9484224319458008,0.9298650026321412,0.929784059524536,0.9239967465400696,0.9356443881988524,0.9797723293304444,False,18.0
Rodman,Winam,T-Rod_V-Win_31px_2026-07-23,31,inner,28,0.1790220140490851,0.3692515294458389,0.8744372129440308,0.8610957264900208,0.9640644192695618,0.777999997138977,0.9517927169799804,0.93035888671875,0.9304161667823792,0.9228259325027466,0.938132345676422,0.9800564050674438,False,18.0
Rodman,,Test_Rod_outer_31px_2026-07-23,31,outer,1,0.4573598242256004,,,,,,,0.784972071647644,0.7759611010551453,0.8043976426124573,0.7494664788246155,0.8670437335968018,False,
Rodman,,Test_Rod_outer_31px_2026-07-23,31,outer,2,0.3990871662881894,,,,,,,0.8224358558654785,0.8170695900917053,0.8369386792182922,0.7981220483779907,0.9032627940177916,False,
Rodman,,Test_Rod_outer_31px_2026-07-23,31,outer,3,0.3635789277775259,,,,,,,0.8429349064826965,0.8404423594474792,0.8484848737716675,0.8325508832931519,0.9194083213806152,False,
Rodman,,Test_Rod_outer_31px_2026-07-23,31,outer,4,0.3469239607092061,,,,,,,0.8512758612632751,0.8495208024978638,0.854163646697998,0.8449281454086304,0.926918923854828,False,
Rodman,,Test_Rod_outer_31px_2026-07-23,31,outer,5,0.32917951457263,,,,,,,0.8594048023223877,0.8580400943756104,0.8609281182289124,0.8551714420318604,0.9341577887535096,False,
Rodman,,Test_Rod_outer_31px_2026-07-23,31,outer,6,0.2889010793262634,,,,,,,0.8815296292304993,0.8807796239852905,0.8807796239852905,0.8807796239852905,0.9493367075920104,False,
Rodman,,Test_Rod_outer_31px_2026-07-23,31,outer,7,0.278878315662827,,,,,,,0.8828727006912231,0.8822233080863953,0.8815340995788574,0.8829136490821838,0.952573835849762,False,
Rodman,,Test_Rod_outer_31px_2026-07-23,31,outer,8,0.2581981447818735,,,,,,,0.8966565132141113,0.8964149355888367,0.8928722739219666,0.8999857902526855,0.9593793153762816,False,
Rodman,,Test_Rod_outer_31px_2026-07-23,31,outer,9,0.2661491741299958,,,,,,,0.8922032713890076,0.892431378364563,0.8850027918815613,0.8999857902526855,0.956741452217102,False,
Rodman,,Test_Rod_outer_31px_2026-07-23,31,outer,10,0.2433176531280705,,,,,,,0.9001201391220093,0.9000495076179504,0.8950478434562683,0.9051074385643004,0.9635199904441832,False,
Rodman,,Test_Rod_outer_31px_2026-07-23,31,outer,11,0.2226915769171039,,,,,,,0.9119247794151306,0.9122534990310668,0.903221309185028,0.921468198299408,0.9696798920631408,False,
Rodman,,Test_Rod_outer_31px_2026-07-23,31,outer,12,0.2143537047272176,,,,,,,0.9131971597671508,0.9130927324295044,0.9084635972976683,0.9177692532539368,0.9718377590179444,False,
Rodman,,Test_Rod_outer_31px_2026-07-23,31,outer,13,0.2136296692556515,,,,,,,0.9142574667930604,0.9143422245979308,0.907739758491516,0.9210414290428162,0.9718807339668274,False,
Rodman,,Test_Rod_outer_31px_2026-07-23,31,outer,14,0.2085859323294498,,,,,,,0.9159539341926576,0.9162734746932985,0.9071388840675354,0.9255939722061156,0.9733065366744996,False,
Rodman,,Test_Rod_outer_31px_2026-07-23,31,outer,15,0.2009392389688608,,,,,,,0.918357253074646,0.9182879328727722,0.9133126735687256,0.9233176708221436,0.9750645160675048,False,
Rodman,,Test_Rod_outer_31px_2026-07-23,31,outer,16,0.1906901283258514,,,,,,,0.924860417842865,0.9250405430793762,0.917086124420166,0.933134138584137,0.9775750637054444,False,
Rodman,,Test_Rod_outer_31px_2026-07-23,31,outer,17,0.1864395655616312,,,,,,,0.9249311089515686,0.9250317811965942,0.9180327653884888,0.9321382641792296,0.9787263870239258,False,
Rodman,,Test_Rod_outer_31px_2026-07-23,31,outer,18,0.1871474207686819,,,,,,,0.9276171922683716,0.9278771877288818,0.918817102909088,0.937117636203766,0.9783049821853638,False,
Rodman,,Test_Rod_outer_31px_2026-07-23,31,outer,19,0.1772844520901558,,,,,,,0.93157559633255,0.9316094517707824,0.9253333210945128,0.9379712343215942,0.9806966781616212,False,
Rodman,,Test_Rod_outer_31px_2026-07-23,31,outer,20,0.1790875874146647,,,,,,,0.9282533526420592,0.928485870361328,0.9197375774383544,0.9374021887779236,0.980128824710846,False,
Mula,Hartbeespoort,T-Mul_V-Har_31px_2026-07-23,31,inner,1,0.4499462842990605,0.5040921858827195,0.7672244310379028,0.7248400449752808,0.8688982129096985,0.6217564940452576,0.8460680246353149,0.7856019735336304,0.7854954600334167,0.7863417863845825,0.784650981426239,0.8696233034133911,False,18.0
Mula,Hartbeespoort,T-Mul_V-Har_31px_2026-07-23,31,inner,2,0.3744500539127242,0.6086144559965359,0.7327755689620972,0.6964784860610962,0.7916136980056763,0.6217564940452576,0.8111757040023804,0.835498571395874,0.8339458703994751,0.8423894643783569,0.8256698846817017,0.913682460784912,False,18.0
Mula,Hartbeespoort,T-Mul_V-Har_31px_2026-07-23,31,inner,3,0.3406786340472616,0.4263029605678217,0.8503937125205994,0.8382978439331055,0.8974943161010742,0.7864271402359009,0.8942493200302124,0.8531237244606018,0.8523662686347961,0.857286274433136,0.8475024700164795,0.92918062210083,False,18.0
Mula,Hartbeespoort,T-Mul_V-Har_31px_2026-07-23,31,inner,4,0.3162569675358751,0.7487720646052145,0.7475393414497375,0.6799750328063965,0.9068219661712646,0.5439121723175049,0.7918347120285034,0.8639636039733887,0.8640872836112976,0.8638016581535339,0.8643731474876404,0.9392926692962646,False,18.0
Mula,Hartbeespoort,T-Mul_V-Har_31px_2026-07-23,31,inner,5,0.2945920311102553,0.4982844034987171,0.7928149700164795,0.7530791759490967,0.9132290482521056,0.6407185792922974,0.8960651159286499,0.8769549131393433,0.8770566582679749,0.8768391609191895,0.877274215221405,0.9473598003387452,False,18.0
Mula,Hartbeespoort,T-Mul_V-Har_31px_2026-07-23,31,inner,6,0.2659352361638042,0.4616656386418136,0.8292322754859924,0.8047270774841309,0.9225806593894958,0.7135728597640991,0.9003914594650269,0.8935871124267578,0.8940342664718628,0.8908045887947083,0.8972874879837036,0.9569129347801208,False,18.0
Mula,Hartbeespoort,T-Mul_V-Har_31px_2026-07-23,31,inner,7,0.2506612178087727,0.467746387140488,0.8179134130477905,0.7863741517066956,0.932876706123352,0.6796407103538513,0.8964052200317383,0.8957385420799255,0.8962621688842773,0.8922950625419617,0.9002646207809448,0.9618045091629028,False,18.0
Mula,Hartbeespoort,T-Mul_V-Har_31px_2026-07-23,31,inner,8,0.2377248419973541,0.438172257439358,0.8036417365074158,0.7689635157585144,0.9158620834350586,0.6626746654510498,0.9244094491004944,0.9045097231864928,0.9051766395568848,0.8994121551513672,0.9110155701637268,0.9656292796134948,False,18.0
Mula,Hartbeespoort,T-Mul_V-Har_31px_2026-07-23,31,inner,9,0.2300012997990065,0.4236864346688188,0.8351377844810486,0.8101983070373535,0.9370904564857484,0.7135728597640991,0.9248231649398804,0.907654106616974,0.9081632494926452,0.9037013053894044,0.9126695394515992,0.9677681922912598,False,18.0
Mula,Hartbeespoort,T-Mul_V-Har_31px_2026-07-23,31,inner,10,0.2222876498829396,0.4378539804941204,0.8307086825370789,0.8052095174789429,0.9306282997131348,0.7095808386802673,0.9255227446556092,0.9124534726142884,0.9130363464355468,0.907516360282898,0.9186238646507264,0.969664990901947,False,18.0
Mula,Hartbeespoort,T-Mul_V-Har_31px_2026-07-23,31,inner,11,0.2047586007383573,0.496818658140466,0.8164370059967041,0.7817437052726746,0.9448373317718506,0.6666666865348816,0.91641765832901,0.9200661778450012,0.9205592274665833,0.9154399633407592,0.9257360100746156,0.9743679761886596,False,18.0
Mula,Hartbeespoort,T-Mul_V-Har_31px_2026-07-23,31,inner,12,0.2010269211302328,0.5972340205669637,0.8016732335090637,0.761679470539093,0.9346879720687866,0.6427145600318909,0.8801106214523315,0.9216383695602416,0.9222687482833862,0.9154309630393982,0.9292094111442566,0.9750569462776184,False,18.0
Mula,Hartbeespoort,T-Mul_V-Har_31px_2026-07-23,31,inner,13,0.1932987123949743,0.5342219737248393,0.8001968264579773,0.7600472569465637,0.9318840503692628,0.6417165398597717,0.918642282485962,0.9243690371513368,0.9249958992004396,0.9179152846336364,0.9321865439414978,0.9771912097930908,False,18.0
Mula,Hartbeespoort,T-Mul_V-Har_31px_2026-07-23,31,inner,14,0.1887706520528304,0.3336146556016967,0.8690944910049438,0.8579059839248657,0.9229885339736938,0.8013972043991089,0.9433143138885498,0.9273479580879213,0.927689015865326,0.9238845109939576,0.9315249919891356,0.977944016456604,False,18.0
Mula,Hartbeespoort,T-Mul_V-Har_31px_2026-07-23,31,inner,15,0.1862289702067406,0.5328636609721841,0.8036417365074158,0.7646017670631409,0.9350649118423462,0.6467065811157227,0.910512924194336,0.9269342422485352,0.927557647228241,0.920234441757202,0.934998333454132,0.9786892533302308,False,18.0
Mula,Hartbeespoort,T-Mul_V-Har_31px_2026-07-23,31,inner,16,0.1769543511775292,0.4894848352694136,0.8243110179901123,0.7963491082191467,0.929427444934845,0.6966068148612976,0.9150834083557128,0.9338849782943726,0.9342657327651978,0.9294483661651612,0.9391332864761353,0.9805728197097778,False,18.0
Mula,Hartbeespoort,T-Mul_V-Har_31px_2026-07-23,31,inner,17,0.1766582878768123,0.5123855038729357,0.8065944910049438,0.7681415677070618,0.939393937587738,0.6497005820274353,0.92203551530838,0.9322300553321838,0.9329183101654052,0.924062967300415,0.9419450759887696,0.9806777238845824,False,18.0
Mula,Hartbeespoort,T-Mul_V-Har_31px_2026-07-23,31,inner,18,0.1731863585419037,0.3238145573812676,0.876968502998352,0.8645720481872559,0.9454976320266724,0.796407163143158,0.954631507396698,0.934546947479248,0.9349880814552308,0.9292598962783812,0.9407873153686525,0.9814836978912354,False,18.0
Mula,Hartbeespoort,T-Mul_V-Har_31px_2026-07-23,31,inner,19,0.1718361815503179,0.5328174485773669,0.7928149700164795,0.7510349154472351,0.921625554561615,0.6337325572967529,0.9201984405517578,0.9351261854171752,0.9355369210243224,0.9301831126213074,0.940952718257904,0.981651782989502,False,18.0
Mula,Hartbeespoort,T-Mul_V-Har_31px_2026-07-23,31,inner,20,0.1676062520508634,0.5094886943184602,0.8110235929489136,0.7749120593070984,0.9389204382896424,0.6596806645393372,0.9259035587310792,0.9353744387626648,0.9357994198799132,0.9302173852920532,0.9414488673210144,0.9827162027359008,False,18.0
Mula,Hartbeespoort,T-Mul_V-Har_31px_2026-07-23,31,inner,21,0.1632011405602683,0.4546956815940188,0.8228346705436707,0.7914252877235413,0.9433701634407043,0.6816367506980896,0.9374115467071532,0.9387670755386353,0.9393243789672852,0.9313821196556092,0.9474032521247864,0.9836236238479614,False,18.0
Mula,Hartbeespoort,T-Mul_V-Har_31px_2026-07-23,31,inner,22,0.1572728893729246,0.4939452985990939,0.8287401795387268,0.8009153604507446,0.9383378028869628,0.6986027956008911,0.9188865423202516,0.940918505191803,0.941331148147583,0.935336410999298,0.9474032521247864,0.9848915934562684,False,18.0
Mula,Hartbeespoort,T-Mul_V-Har_31px_2026-07-23,31,inner,23,0.1608804749724881,0.5010510751845565,0.8129921555519104,0.7780373692512512,0.9380281567573548,0.6646706461906433,0.9194484949111938,0.9385188221931458,0.9389632940292358,0.9327566623687744,0.9452530741691588,0.9838457107543944,False,18.0
Mula,Hartbeespoort,T-Mul_V-Har_31px_2026-07-23,31,inner,24,0.1603937392324566,0.4926404921396628,0.8371062874794006,0.8128886222839355,0.937418520450592,0.7175648808479309,0.921813666820526,0.9403392672538756,0.9404968023300172,0.9385603666305542,0.9424412846565248,0.9840619564056396,False,18.0
Mula,Hartbeespoort,T-Mul_V-Har_31px_2026-07-23,31,inner,25,0.1569726561175726,0.5818680371267824,0.8006889820098877,0.7596439123153687,0.937042474746704,0.6387225389480591,0.9060074090957642,0.9403392672538756,0.940721869468689,0.9352623820304872,0.9462454319000244,0.9846490025520324,False,18.0
Mula,Hartbeespoort,T-Mul_V-Har_31px_2026-07-23,31,inner,26,0.1555313541640612,0.5378492702180007,0.8075787425041199,0.7693215608596802,0.9408369660377502,0.6506986021995544,0.9228581190109252,0.940918505191803,0.9413408041000366,0.9351942539215088,0.947568655014038,0.98508620262146,False,18.0
Mula,Hartbeespoort,T-Mul_V-Har_31px_2026-07-23,31,inner,27,0.1540001641707722,0.5066477439300282,0.8223425149917603,0.7921704053878784,0.9360544085502625,0.6866267323493958,0.9170125722885132,0.9408357739448548,0.9411861300468444,0.9361806511878968,0.9462454319000244,0.9853638410568236,False,18.0
Mula,Hartbeespoort,T-Mul_V-Har_31px_2026-07-23,31,inner,28,0.1540253692056504,0.5009228376833004,0.8198819160461426,0.7872093319892883,0.9428969621658324,0.6756486892700195,0.9223921298980712,0.9441456198692322,0.9445767402648926,0.9378770589828492,0.9513728022575378,0.9849964380264282,False,18.0
Mula,Rodman,T-Mul_V-Rod_31px_2026-07-23,31,inner,1,0.4215413262631829,0.7569344640361925,0.6503428220748901,0.6068282127380371,0.6939546465873718,0.5391389727592468,0.7446337342262268,0.8034782409667969,0.7988471388816833,0.8164962530136108,0.7819449305534363,0.8886035084724426,False,11.0
Mula,Rodman,T-Mul_V-Rod_31px_2026-07-23,31,inner,2,0.3627690030995363,0.5162361974697506,0.6787463426589966,0.746718168258667,0.6167091727256775,0.946183979511261,0.8746700286865234,0.8420704007148743,0.8390038013458252,0.8539267778396606,0.8245934247970581,0.9201014637947084,False,11.0
Mula,Rodman,T-Mul_V-Rod_31px_2026-07-23,31,inner,3,0.3288907611320724,0.8427260060968875,0.6229187250137329,0.7234195470809937,0.5715096592903137,0.985322892665863,0.9001452922821045,0.8602070212364197,0.8586974740028381,0.8663851618766785,0.8511450290679932,0.934845805168152,False,11.0
Mula,Rodman,T-Mul_V-Rod_31px_2026-07-23,31,inner,4,0.3047580954697808,1.226094431861374,0.6366307735443115,0.732901394367218,0.5797266364097595,0.9960861206054688,0.8637509346008301,0.8742029070854187,0.8738895654678345,0.8743977546691895,0.873382031917572,0.9436553120613098,False,11.0
Mula,Rodman,T-Mul_V-Rod_31px_2026-07-23,31,inner,5,0.2783761015417166,0.7639740909231748,0.7683643698692322,0.8010096549987793,0.7025830149650574,0.931506872177124,0.8606500029563904,0.8888612985610962,0.8885197043418884,0.8895542025566101,0.887487530708313,0.9529128074645996,False,11.0
Mula,Rodman,T-Mul_V-Rod_31px_2026-07-23,31,inner,6,0.2471997804609638,0.7021192447679167,0.6679725646972656,0.748516321182251,0.602747917175293,0.9872798323631288,0.9024605751037598,0.9016149044036864,0.9020771384239196,0.8961676955223083,0.9080650806427002,0.9627200365066528,False,11.0
Mula,Rodman,T-Mul_V-Rod_31px_2026-07-23,31,inner,7,0.2347589888903418,0.6942505354278818,0.7649363279342651,0.796437680721283,0.7028443217277527,0.9187867045402528,0.8457685708999634,0.9057556986808776,0.9063990712165833,0.8985649347305298,0.9143710732460022,0.9663309454917908,False,11.0
Mula,Rodman,T-Mul_V-Rod_31px_2026-07-23,31,inner,8,0.2273260124709542,0.6883417804607799,0.7717923521995544,0.7952548265457153,0.7216905951499939,0.8855186104774475,0.8350561857223511,0.9082401394844056,0.9085204601287842,0.9040420651435852,0.91304349899292,0.9683213829994202,False,11.0
Mula,Rodman,T-Mul_V-Rod_31px_2026-07-23,31,inner,9,0.2203124694473748,0.754074797019669,0.78305584192276,0.817470133304596,0.7060497999191284,0.970645785331726,0.8728200197219849,0.9135403633117676,0.9137189984321594,0.9101086854934692,0.917358100414276,0.9702816009521484,False,11.0
Mula,Rodman,T-Mul_V-Rod_31px_2026-07-23,31,inner,10,0.2083991810377093,0.6119980349713512,0.8197845220565796,0.8371681571006775,0.7641357183456421,0.9256359934806824,0.873987078666687,0.9214078783988952,0.9218351244926452,0.9151267409324646,0.9286425709724426,0.9731595516204834,False,11.0
Mula,Rodman,T-Mul_V-Rod_31px_2026-07-23,31,inner,11,0.1924898989686808,0.4762947436761435,0.8379040360450745,0.8541207313537598,0.7770649790763855,0.9481409192085266,0.9030121564865112,0.9265424609184264,0.9268332719802856,0.9214367866516112,0.93229341506958,0.9770644903182985,False,11.0
Mula,Rodman,T-Mul_V-Rod_31px_2026-07-23,31,inner,12,0.177705907888294,0.5629321691688665,0.8178256750106812,0.8376963138580322,0.7559055089950562,0.9393346309661864,0.8769512176513672,0.9306832551956176,0.9311621189117432,0.9230393171310424,0.9394291639328004,0.980754256248474,False,11.0
Mula,Rodman,T-Mul_V-Rod_31px_2026-07-23,31,inner,13,0.1746824979251462,0.6701872808809495,0.8016650080680847,0.8129330277442932,0.7699037790298462,0.8610567450523376,0.8424882888793945,0.9339130520820618,0.9342777132987976,0.9274035096168518,0.9412545561790466,0.9810833930969238,False,11.0
Mula,Rodman,T-Mul_V-Rod_31px_2026-07-23,31,inner,14,0.1755218868077911,0.5504610004901419,0.8237022757530212,0.841129720211029,0.7660771608352661,0.9324853420257568,0.8851866722106934,0.933747410774231,0.9341130256652832,0.9272400140762328,0.941088616847992,0.980484664440155,False,11.0
Mula,Rodman,T-Mul_V-Rod_31px_2026-07-23,31,inner,15,0.1670498635784933,0.5690778165792976,0.821743369102478,0.8355916738510132,0.7760066986083984,0.9050880670547484,0.8686821460723877,0.936894416809082,0.93724262714386,0.9303466081619264,0.9442416429519652,0.982674241065979,False,11.0
Mula,Rodman,T-Mul_V-Rod_31px_2026-07-23,31,inner,16,0.1606156851502432,0.499417264361106,0.8496571779251099,0.8638581037521362,0.7899432182312012,0.9530332684516908,0.902424156665802,0.9405382871627808,0.9408761262893676,0.9338018894195556,0.9480584263801576,0.9836695194244384,False,11.0
Mula,Rodman,T-Mul_V-Rod_31px_2026-07-23,31,inner,17,0.1577400556360959,0.5601652075156175,0.8315377235412598,0.8529914617538452,0.7572078704833984,0.976516604423523,0.9071308970451356,0.9420289993286132,0.9422727823257446,0.9365573525428772,0.9480584263801576,0.984407901763916,False,11.0
Mula,Rodman,T-Mul_V-Rod_31px_2026-07-23,31,inner,18,0.1519604539118444,0.6373834067063514,0.8246816992759705,0.8458225727081299,0.755384624004364,0.9608610272407532,0.8927439451217651,0.9449275135993958,0.9453169703483582,0.936919331550598,0.9538666009902954,0.9854819774627686,False,11.0
Mula,Rodman,T-Mul_V-Rod_31px_2026-07-23,31,inner,19,0.1501317594387022,0.5226778200043988,0.8442703485488892,0.8630490899085999,0.7707692384719849,0.980430543422699,0.9216261506080629,0.9429399371147156,0.9431846141815186,0.9373872876167296,0.9490541219711304,0.9859039783477784,False,11.0
Mula,Rodman,T-Mul_V-Rod_31px_2026-07-23,31,inner,20,0.1490851855426101,0.5417614485502944,0.8285993933677673,0.8516949415206909,0.7511211037635803,0.9833659529685974,0.9391835927963256,0.9440165758132936,0.944407880306244,0.9360939264297484,0.9528709053993224,0.9859145879745485,False,11.0
Mula,Rodman,T-Mul_V-Rod_31px_2026-07-23,31,inner,21,0.1425528531945763,0.5964380644561028,0.832517147064209,0.8490732312202454,0.7733119130134583,0.941291570663452,0.8976315259933472,0.9471635818481444,0.9474464654922484,0.9406280517578124,0.9543644189834596,0.9871400594711304,False,11.0
Mula,Inle,T-Mul_V-Inl_31px_2026-07-23,31,inner,1,0.4512777846766805,0.4049205265045166,0.8140000104904175,0.7924107313156128,0.8964646458625793,0.7099999785423279,0.9110919833183287,0.7896344065666199,0.7854557633399963,0.7999314069747925,0.7714946866035461,0.8708541393280029,False,36.0
Mula,Inle,T-Mul_V-Inl_31px_2026-07-23,31,inner,2,0.3831973513124838,0.4378014221787453,0.7825000286102295,0.7529812455177307,0.8712220788002014,0.6629999876022339,0.9013290405273438,0.8279277086257935,0.8260034918785095,0.8338668942451477,0.8182870149612427,0.9100145697593688,False,36.0
Mula,Inle,T-Mul_V-Inl_31px_2026-07-23,31,inner,3,0.3497031259243565,0.3136372525095939,0.8694999814033508,0.8674454092979431,0.8813209533691406,0.8539999723434448,0.949317991733551,0.8461665511131287,0.8449251055717468,0.8503013849258423,0.8396164178848267,0.9253272414207458,False,36.0
Mula,Inle,T-Mul_V-Inl_31px_2026-07-23,31,inner,4,0.3270523552676381,0.3929574393630027,0.781000018119812,0.8162751793861389,0.7030346989631653,0.9729999899864196,0.957277536392212,0.8614343404769897,0.8614572286605835,0.8598253726959229,0.863095223903656,0.9350922107696532,False,36.0
Mula,Inle,T-Mul_V-Inl_31px_2026-07-23,31,inner,5,0.3000223269170982,0.3276367749869823,0.8560000061988831,0.8429661989212036,0.9268584847450256,0.7730000019073486,0.953436017036438,0.8762069940567017,0.8763600587844849,0.8737672567367554,0.8789682388305664,0.9451086521148682,False,36.0
Mula,Inle,T-Mul_V-Inl_31px_2026-07-23,31,inner,6,0.2653697191921212,0.2381565544009208,0.9114999771118164,0.9154323935508728,0.8764867186546326,0.9580000042915344,0.9740569591522216,0.8922175168991089,0.8929332494735718,0.8855284452438354,0.9004629850387573,0.957255721092224,False,36.0
Mula,Inle,T-Mul_V-Inl_31px_2026-07-23,31,inner,7,0.2492986665220064,0.2193187338411808,0.9075000286102296,0.9087321162223816,0.8967867493629456,0.9210000038146972,0.9725099802017212,0.8987373113632202,0.8994014859199524,0.8920149803161621,0.9069113731384276,0.9622000455856324,False,36.0
Mula,Inle,T-Mul_V-Inl_31px_2026-07-23,31,inner,8,0.2411335135198342,0.2921998350620269,0.878000020980835,0.8710359334945679,0.923766791820526,0.8240000009536743,0.954908013343811,0.9040191173553468,0.9043821692466736,0.8994276523590088,0.9093915224075316,0.964306116104126,False,36.0
Mula,Inle,T-Mul_V-Inl_31px_2026-07-23,31,inner,9,0.2325830865321482,0.2249604300260543,0.9004999995231628,0.898933470249176,0.9133126735687256,0.8849999904632568,0.9718019962310792,0.9069076776504515,0.907404363155365,0.9010433554649352,0.913855791091919,0.9668756127357484,False,36.0
Mula,Inle,T-Mul_V-Inl_31px_2026-07-23,31,inner,10,0.2211175184087252,0.2122431511878967,0.912999987602234,0.91076922416687,0.9347368478775024,0.8880000114440918,0.977001965045929,0.9119418859481812,0.9124189615249634,0.9059494733810424,0.9189814925193788,0.970091700553894,False,36.0
Mula,Inle,T-Mul_V-Inl_31px_2026-07-23,31,inner,11,0.2006803528083141,0.1857646287679672,0.9229999780654908,0.9231536984443665,0.9213147163391112,0.925000011920929,0.9815549850463868,0.923083245754242,0.9237440824508668,0.9143180847167968,0.9333664178848268,0.975218951702118,False,36.0
Mula,Inle,T-Mul_V-Inl_31px_2026-07-23,31,inner,12,0.1927173641330684,0.1813674087524414,0.92849999666214,0.930481255054474,0.9053926467895508,0.9570000171661376,0.9826769828796388,0.9262193441390992,0.9265406727790833,0.92094087600708,0.932209014892578,0.9773223400115968,False,36.0
Mula,Inle,T-Mul_V-Inl_31px_2026-07-23,31,inner,13,0.1895487384723536,0.1696696864366531,0.9434999823570251,0.9448511600494384,0.922783613204956,0.9679999947547911,0.9849169850349426,0.9262193441390992,0.9266852736473083,0.9192970991134644,0.9341931343078612,0.9778223633766174,False,36.0
Mula,Inle,T-Mul_V-Inl_31px_2026-07-23,31,inner,14,0.187579917662498,0.184354845046997,0.9244999885559082,0.9239294528961182,0.930964469909668,0.9169999957084656,0.981732964515686,0.9274572730064392,0.927850306034088,0.9212713837623596,0.9345238208770752,0.97801411151886,False,36.0
Mula,Inle,T-Mul_V-Inl_31px_2026-07-23,31,inner,15,0.1810310226325165,0.2264059777259826,0.9079999923706056,0.9055441617965698,0.9303797483444214,0.8820000290870667,0.9713729619979858,0.9306759238243104,0.9311813712120056,0.922864556312561,0.93964946269989,0.979573369026184,False,36.0
Mula,Inle,T-Mul_V-Inl_31px_2026-07-23,31,inner,16,0.1709199145877775,0.1687578070163727,0.9350000023841858,0.9360865354537964,0.9206963181495668,0.9520000219345092,0.9845850467681884,0.9364529252052308,0.9367296695709229,0.9310683012008668,0.942460298538208,0.9819179773330688,False,36.0
Mula,Inle,T-Mul_V-Inl_31px_2026-07-23,31,inner,17,0.1714915220588113,0.1906282110810279,0.9355000257492064,0.9385421872138976,0.8962693214416504,0.9850000143051147,0.9844579696655272,0.9310885667800904,0.9315742254257202,0.9234768748283386,0.9398148059844972,0.981894552707672,False,36.0
Mula,Inle,T-Mul_V-Inl_31px_2026-07-23,31,inner,18,0.1655203435246263,0.1739008572697639,0.9275000095367432,0.9293716549873352,0.9059829115867616,0.9539999961853028,0.982553005218506,0.9348023533821106,0.9352140426635742,0.9277579188346864,0.942790985107422,0.9831041097640992,False,36.0
Mula,Inle,T-Mul_V-Inl_31px_2026-07-23,31,inner,19,0.1614170193492633,0.1635574191212654,0.9340000152587892,0.9345238208770752,0.9271653294563292,0.9419999718666076,0.9840570092201232,0.939093828201294,0.9394585490226746,0.9322696328163148,0.9467592835426332,0.9838756918907166,False,36.0
Mula,Inle,T-Mul_V-Inl_31px_2026-07-23,31,inner,20,0.1571270122102181,0.1563585175573826,0.9419999718666076,0.9426877498626708,0.931640625,0.9539999961853028,0.9853190183639526,0.940331757068634,0.9406452775001526,0.9341268539428712,0.947255313396454,0.9847114086151124,False,36.0
Mula,Inle,T-Mul_V-Inl_31px_2026-07-23,31,inner,21,0.1571607280052504,0.1876091011166572,0.9269999861717224,0.9264854192733764,0.9330628514289856,0.9200000166893004,0.9802069664001464,0.940414309501648,0.9406737685203552,0.9349885582923888,0.9464285969734192,0.9847029447555542,False,36.0
Mula,Inle,T-Mul_V-Inl_31px_2026-07-23,31,inner,22,0.1555122900611252,0.1596075728535652,0.940500020980835,0.9414657950401306,0.9264279007911682,0.9570000171661376,0.9854090213775636,0.9421473741531372,0.942526876926422,0.9347861409187316,0.9503968358039856,0.9847202301025392,False,36.0
Mula,Inle,T-Mul_V-Inl_31px_2026-07-23,31,inner,23,0.1501202307394936,0.1556254397034645,0.9390000104904176,0.9400785565376282,0.9237451553344728,0.9570000171661376,0.985610008239746,0.9422299265861512,0.9425570368766784,0.9356467723846436,0.9495701193809508,0.9860920906066896,False,36.0
Mula,Inle,T-Mul_V-Inl_31px_2026-07-23,31,inner,24,0.1517080031461405,0.156993425399065,0.9449999928474426,0.9457058310508728,0.933723211288452,0.9580000042915344,0.9864950180053712,0.9435504078865052,0.9438515901565552,0.9372350573539734,0.9505621790885924,0.9853799343109132,False,36.0
Mula,Inle,T-Mul_V-Inl_31px_2026-07-23,31,inner,25,0.1487631788370465,0.1533173416554928,0.9390000104904176,0.9395440816879272,0.9312376976013184,0.9480000138282776,0.9858009815216064,0.9455310702323914,0.9457504749298096,0.940339982509613,0.9512235522270204,0.986235737800598,False,36.0
Mula,Inle,T-Mul_V-Inl_31px_2026-07-23,31,inner,26,0.1455026725290966,0.1604005000591278,0.9369999766349792,0.937188446521759,0.9343936443328856,0.9399999976158142,0.9847090244293212,0.9453660249710084,0.9458353519439696,0.9361839890480042,0.9556878209114076,0.9868526458740234,False,36.0
Mula,Inle,T-Mul_V-Inl_31px_2026-07-23,31,inner,27,0.1455018410800884,0.1621659390926361,0.9434999823570251,0.9437531232833862,0.9395440816879272,0.9480000138282776,0.9843800067901612,0.9456961154937744,0.9459592700004578,0.939784586429596,0.952215611934662,0.986870050430298,False,36.0
Mula,Inle,T-Mul_V-Inl_31px_2026-07-23,31,inner,28,0.1458654241639316,0.1544594738185405,0.940500020980835,0.9409429430961608,0.9339901208877563,0.9480000138282776,0.9859380125999452,0.9456961154937744,0.9461538195610046,0.9366493821144104,0.9558531641960144,0.9866873025894164,False,36.0
Mula,Inle,T-Mul_V-Inl_31px_2026-07-23,31,inner,29,0.1460975007943177,0.1724961448311805,0.9300000071525574,0.9294354915618896,0.9369918704032898,0.921999990940094,0.9827100038528442,0.9447057843208312,0.9450729489326476,0.9372357726097108,0.9530423283576964,0.9864617586135864,False,36.0
Mula,Inle,T-Mul_V-Inl_31px_2026-07-23,31,inner,30,0.1443475656336813,0.1686124991178512,0.9409999847412108,0.9415841698646544,0.9323529601097108,0.9509999752044678,0.9832619428634644,0.9479243755340576,0.9482065439224244,0.9414833188056946,0.9550264477729796,0.9870048761367798,False,36.0
Mula,Inle,T-Mul_V-Inl_31px_2026-07-23,31,inner,31,0.1398326594834773,0.1681518375873565,0.940500020980835,0.9418661594390868,0.9207258820533752,0.9639999866485596,0.982820987701416,0.9480069279670716,0.9482843279838562,0.9416368007659912,0.9550264477729796,0.987947940826416,False,36.0
Mula,Inle,T-Mul_V-Inl_31px_2026-07-23,31,inner,32,0.1431818567563807,0.159964537680149,0.9419999718666076,0.9426877498626708,0.931640625,0.9539999961853028,0.9847040176391602,0.9468515515327454,0.9471264481544496,0.9406392574310304,0.9537037014961244,0.9873087406158448,False,36.0
Mula,Inle,T-Mul_V-Inl_31px_2026-07-23,31,inner,33,0.1419531462943582,0.1608329581022262,0.9390000104904176,0.9401373863220216,0.9229286909103394,0.9580000042915344,0.9846309423446656,0.9465214014053344,0.946771800518036,0.9407443404197692,0.9528769850730896,0.9874748587608336,False,36.0
Mula,Inle,T-Mul_V-Inl_31px_2026-07-23,31,inner,34,0.1453056387456325,0.1528706751465797,0.944000005722046,0.9451518058776855,0.92610365152359,0.9649999737739564,0.9865180253982544,0.9444581866264344,0.9448315501213074,0.9369208216667176,0.9528769850730896,0.9868579506874084,False,36.0
Mula,Inle,T-Mul_V-Inl_31px_2026-07-23,31,inner,35,0.1412745966383349,0.1570747430324554,0.9415000081062316,0.9425625801086426,0.9257473349571228,0.959999978542328,0.9851920008659364,0.9474292397499084,0.9476624727249146,0.9418585896492004,0.9535383582115172,0.9874581694602966,False,36.0
Mula,Inle,T-Mul_V-Inl_31px_2026-07-23,31,inner,36,0.1419310981146896,0.1513734704256057,0.9434999823570251,0.9443075656890868,0.9310009479522704,0.9580000042915344,0.9864670038223268,0.9448708295822144,0.9451649785041808,0.9385392665863036,0.951884925365448,0.98743999004364,False,36.0
Mula,Inle,T-Mul_V-Inl_31px_2026-07-23,31,inner,37,0.1402523931175202,0.1559013447165489,0.9419999718666076,0.9426310658454896,0.9324853420257568,0.953000009059906,0.9852559566497804,0.9487496614456176,0.948918342590332,0.9441807270050048,0.9537037014961244,0.9877316951751708,False,36.0
Mula,Inle,T-Mul_V-Inl_31px_2026-07-23,31,inner,38,0.1435314343172773,0.1577096201777458,0.9430000185966492,0.9437314867973328,0.9317739009857178,0.9559999704360962,0.9852420091629028,0.9472641944885254,0.9476186633110046,0.9396846294403076,0.9556878209114076,0.9868839979171752,False,36.0
Mula,Inle,T-Mul_V-Inl_31px_2026-07-23,31,inner,39,0.1399993884506384,0.153769575536251,0.9424999952316284,0.943599820137024,0.9258902668952942,0.962000012397766,0.9863439798355104,0.9472641944885254,0.9477129578590392,0.9381176233291626,0.9575065970420836,0.987737238407135,False,36.0
Mula,Inle,T-Mul_V-Inl_31px_2026-07-23,31,inner,40,0.1406663444812142,0.1562173042893409,0.940500020980835,0.9411182403564452,0.9314397573471068,0.9509999752044678,0.9855129718780518,0.9476768374443054,0.947981595993042,0.9408794641494752,0.9551917910575868,0.9876614212989808,False,36.0
Mula,Inle,T-Mul_V-Inl_31px_2026-07-23,31,inner,41,0.1357271416842804,0.1550785066485405,0.9434999823570251,0.944252610206604,0.9318403005599976,0.9570000171661376,0.9858379364013672,0.9489972591400146,0.9493940472602844,0.940460741519928,0.9584986567497252,0.9888346195220948,False,36.0
Mula,Inle,T-Mul_V-Inl_31px_2026-07-23,31,inner,42,0.1387072144878809,0.1587522037029266,0.940500020980835,0.9411764740943908,0.9305962920188904,0.9520000219345092,0.9846439957618712,0.9477593302726746,0.947991132736206,0.9421852231025696,0.9538690447807312,0.9881194829940796,False,36.0
Mula,Inle,T-Mul_V-Inl_31px_2026-07-23,31,inner,43,0.1390407642548977,0.1565585352182388,0.9434999823570251,0.944252610206604,0.9318403005599976,0.9570000171661376,0.9855880737304688,0.9461913108825684,0.9464344382286072,0.9405617117881776,0.9523809552192688,0.9880543947219848,False,36.0
Mula,Inle,T-Mul_V-Inl_31px_2026-07-23,31,inner,44,0.1407426825544764,0.1551719799637794,0.9424999952316284,0.9430974721908568,0.9333986043930054,0.953000009059906,0.985753059387207,0.9496574997901917,0.9499918222427368,0.9421138167381288,0.9580026268959044,0.9874731302261353,False,36.0
Mula,Inle,T-Mul_V-Inl_31px_2026-07-23,31,inner,45,0.1399206549293227,0.1577689580321312,0.944000005722046,0.9444994926452636,0.9361492991447448,0.953000009059906,0.9852889776229858,0.9476768374443054,0.9479987025260924,0.9405924677848816,0.9555224776268004,0.9877731800079346,False,36.0
Mula,Inle,T-Mul_V-Inl_31px_2026-07-23,31,inner,46,0.1410902356781945,0.1585664061903953,0.9430000185966492,0.9435084462165833,0.9351670145988464,0.9520000219345092,0.9852370023727416,0.9466039538383484,0.9468757510185242,0.9404664635658264,0.9533730149269104,0.987533450126648,False,36.0
Mula,Vembanad,T-Mul_V-Vem_31px_2026-07-23,31,inner,1,0.4339586536720967,0.5982384740651309,0.7032967209815979,0.5909090638160706,0.95333331823349,0.428143709897995,0.8892055749893188,0.7966157793998718,0.7934272289276123,0.8044882416725159,0.7826662063598633,0.8810974359512329,False,39.0
Mula,Vembanad,T-Mul_V-Vem_31px_2026-07-23,31,inner,2,0.367426449990302,0.4458962697814871,0.7727272510528564,0.7267267107963562,0.9125188589096068,0.6037924289703369,0.916245460510254,0.8391250371932983,0.8380556702613831,0.8420437574386597,0.8341051936149597,0.9172989130020142,False,39.0
Mula,Vembanad,T-Mul_V-Vem_31px_2026-07-23,31,inner,3,0.3289762695220399,0.4891294641094608,0.7617382407188416,0.7357340455055237,0.8268991112709045,0.6626746654510498,0.8643503189086914,0.8624845147132874,0.861903190612793,0.8639082908630371,0.8599073886871338,0.9340939521789552,False,39.0
Mula,Vembanad,T-Mul_V-Vem_31px_2026-07-23,31,inner,4,0.3015842734783384,0.4253228933184773,0.798701286315918,0.7752370238304138,0.8786346316337585,0.6936127543449402,0.9068233966827391,0.8741229772567749,0.8736222982406616,0.8754359483718872,0.871816098690033,0.9447437524795532,False,39.0
Mula,Vembanad,T-Mul_V-Vem_31px_2026-07-23,31,inner,5,0.2805134556532594,0.4666483201287486,0.7852147817611694,0.7508690357208252,0.8950276374816895,0.6467065811157227,0.8947525024414062,0.8841106295585632,0.8846911787986755,0.8786296844482422,0.8908368945121765,0.9517107605934144,False,39.0
Mula,Vembanad,T-Mul_V-Vem_31px_2026-07-23,31,inner,6,0.252961873319392,0.5012562840611309,0.7707292437553406,0.7219866514205933,0.9183359146118164,0.5948103666305542,0.9106845855712892,0.8986380696296692,0.8990463614463806,0.8937561511993408,0.904399573802948,0.9607526659965516,False,39.0
Mula,Vembanad,T-Mul_V-Vem_31px_2026-07-23,31,inner,7,0.2408797236965847,0.3243854840943863,0.8626373410224915,0.8528624773025513,0.9192618131637572,0.7954092025756836,0.9465798139572144,0.9016095995903016,0.9019736647605896,0.8969578146934509,0.9070459604263306,0.9647336006164552,False,39.0
Mula,Vembanad,T-Mul_V-Vem_31px_2026-07-23,31,inner,8,0.2311620754505355,0.403882303735712,0.8081918358802795,0.7735849022865295,0.9452449679374696,0.6546906232833862,0.9456387162208556,0.9089558124542236,0.9093002080917358,0.9041700959205629,0.9144889116287231,0.9674165844917296,False,39.0
Mula,Vembanad,T-Mul_V-Vem_31px_2026-07-23,31,inner,9,0.2247652780601322,0.2973097886715259,0.8651348948478699,0.8578947186470032,0.9075723886489868,0.8133732676506042,0.9527046084403992,0.909781277179718,0.909989297389984,0.9061833620071412,0.9138273000717164,0.9690019488334656,False,39.0
Mula,Vembanad,T-Mul_V-Vem_31px_2026-07-23,31,inner,10,0.2182593524431424,0.5012728016336004,0.7747252583503723,0.7248322367668152,0.9324960708618164,0.5928143858909607,0.927420139312744,0.9118448495864868,0.9124159216880798,0.9048470854759216,0.9201124906539916,0.9707102179527284,False,39.0
Mula,Vembanad,T-Mul_V-Vem_31px_2026-07-23,31,inner,11,0.1975722671735892,0.3160834457877871,0.8586413860321045,0.846944272518158,0.9244391918182372,0.78143709897995,0.9511616826057434,0.9216673374176024,0.9219765067100524,0.9166257977485656,0.9273900389671326,0.9762016534805298,False,39.0
Mula,Vembanad,T-Mul_V-Vem_31px_2026-07-23,31,inner,12,0.1915856439332749,0.2791145442874281,0.8841158747673035,0.8781512379646301,0.9268292784690856,0.8343313336372375,0.9590598940849304,0.9250515699386596,0.9252920746803284,0.9205959439277648,0.9300363659858704,0.9772878885269164,False,39.0
Mula,Vembanad,T-Mul_V-Vem_31px_2026-07-23,31,inner,13,0.1894091138011209,0.3008466028012,0.8701298832893372,0.8593073487281799,0.9385342597961426,0.7924151420593262,0.9607045650482178,0.9286009073257446,0.9289060831069946,0.92321515083313,0.9346675276756288,0.9776273965835572,False,39.0
Mula,Vembanad,T-Mul_V-Vem_31px_2026-07-23,31,inner,14,0.1810336328615494,0.2902776515939376,0.867132842540741,0.8538461327552795,0.9498777389526368,0.7754490971565247,0.9676417112350464,0.9286009073257446,0.9289761185646056,0.9223870635032654,0.9356599450111388,0.9798663854599,False,39.0
Mula,Vembanad,T-Mul_V-Vem_31px_2026-07-23,31,inner,15,0.176242133252418,0.2569277070083103,0.8956043720245361,0.8910890817642212,0.9323882460594176,0.8532934188842773,0.9648323059082032,0.9325629472732544,0.9327184557914734,0.9288174510002136,0.9366523027420044,0.9806633591651917,False,39.0
Mula,Vembanad,T-Mul_V-Vem_31px_2026-07-23,31,inner,16,0.1672155009977,0.2876761546256123,0.8786213994026184,0.8692845702171326,0.9428238272666932,0.8063872456550598,0.9648044109344482,0.9359471797943116,0.936299443244934,0.9294328689575196,0.9432682991027832,0.9827094674110411,False,39.0
Mula,Vembanad,T-Mul_V-Vem_31px_2026-07-23,31,inner,17,0.1669893704954376,0.2841956691814588,0.8791208863258362,0.8690476417541504,0.9491725564002992,0.8013972043991089,0.9669181108474731,0.9373503923416138,0.937700092792511,0.930747926235199,0.9447568655014038,0.982756733894348,False,39.0
Mula,Vembanad,T-Mul_V-Vem_31px_2026-07-23,31,inner,18,0.158968544452829,0.2727441986153771,0.8836163878440857,0.8752008676528931,0.9445086717605592,0.8153692483901978,0.9657435417175292,0.9413949847221376,0.9415926337242126,0.936661183834076,0.9465762376785278,0.9840846061706544,False,39.0
Mula,Vembanad,T-Mul_V-Vem_31px_2026-07-23,31,inner,19,0.1637383890727606,0.2717988434713799,0.8901098966598511,0.8842105269432068,0.935412049293518,0.8383233547210693,0.965520977973938,0.9358646273612976,0.9362226128578186,0.9292814135551452,0.9432682991027832,0.9833993315696716,False,39.0
Mula,Vembanad,T-Mul_V-Vem_31px_2026-07-23,31,inner,20,0.1589019287237686,0.2845729156941562,0.8851149082183838,0.8773987293243408,0.9416475892066956,0.8213573098182678,0.9632115960121156,0.9384234547615052,0.9386714696884156,0.9331480860710144,0.9442606568336488,0.9845576286315918,False,39.0
Mula,Vembanad,T-Mul_V-Vem_31px_2026-07-23,31,inner,21,0.1531886702227385,0.2864754988284377,0.879620373249054,0.8695181608200073,0.950295865535736,0.8013972043991089,0.9668322801589966,0.9433760046958924,0.9435669779777528,0.9386252164840698,0.9485610127449036,0.9854108095169068,False,39.0
Mula,Vembanad,T-Mul_V-Vem_31px_2026-07-23,31,inner,22,0.1484529988674944,0.2582287876890017,0.9005994200706482,0.8955380320549011,0.9446290135383606,0.8512973785400391,0.9685888290405272,0.9446966648101808,0.9448922276496888,0.9397905468940736,0.950049638748169,0.9866201877593994,False,39.0
Mula,Vembanad,T-Mul_V-Vem_31px_2026-07-23,31,inner,23,0.147328321433392,0.2628304965414486,0.8931068778038025,0.8871307969093323,0.9407159090042114,0.8393213748931885,0.9675388932228088,0.9447792172431946,0.9451234340667723,0.9375101923942566,0.9528613686561584,0.9867002964019777,False,39.0
Mula,Vembanad,T-Mul_V-Vem_31px_2026-07-23,31,inner,24,0.1460622469698945,0.2663465255162456,0.8916084170341492,0.8847583532333374,0.9455164670944214,0.8313373327255249,0.9686297178268432,0.9432108998298644,0.9434768557548524,0.937316358089447,0.9497188329696656,0.9868741035461426,False,39.0
Mula,Vembanad,T-Mul_V-Vem_31px_2026-07-23,31,inner,25,0.1451170519713867,0.2540695031771769,0.8971028923988342,0.8921465873718262,0.9383260011672974,0.8502994179725647,0.9679121971130372,0.9454395174980164,0.9457351565361024,0.9388753175735474,0.9526960253715516,0.9869027137756348,False,39.0
Mula,Vembanad,T-Mul_V-Vem_31px_2026-07-23,31,inner,26,0.1458871581426003,0.2521730945422337,0.897602379322052,0.892162024974823,0.9432703256607056,0.8463073968887329,0.96925151348114,0.9454395174980164,0.9456459283828736,0.9403107166290284,0.9510419964790344,0.9867212772369384,False,39.0
Mula,Vembanad,T-Mul_V-Vem_31px_2026-07-23,31,inner,27,0.1397587696370928,0.2625655745947873,0.8946053981781006,0.8887717723846436,0.9418994188308716,0.841317355632782,0.9660149812698364,0.9484935998916626,0.9488189220428468,0.9410998821258544,0.956665575504303,0.988007664680481,False,39.0
Mula,Vembanad,T-Mul_V-Vem_31px_2026-07-23,31,inner,28,0.1428887150452936,0.2781765246382364,0.8836163878440857,0.8742579817771912,0.9518213868141174,0.8083832263946533,0.9687963724136353,0.9451093673706056,0.9453798532485962,0.9389786124229432,0.951869010925293,0.9874916076660156,False,39.0
Mula,Vembanad,T-Mul_V-Vem_31px_2026-07-23,31,inner,29,0.1371903178407001,0.2545491775923914,0.8986014127731323,0.8931016325950623,0.9453734755516052,0.8463073968887329,0.9687385559082032,0.9484110474586488,0.9486061930656432,0.943254292011261,0.9540191888809204,0.988482654094696,False,39.0
Mula,Vembanad,T-Mul_V-Vem_31px_2026-07-23,31,inner,30,0.1402653851245387,0.2550841948086327,0.8996003866195679,0.8942661881446838,0.9454950094223022,0.8483033776283264,0.9685598611831664,0.9451919198036194,0.9453318119049072,0.9411475658416748,0.9495534300804138,0.9879238605499268,False,39.0
Mula,Vembanad,T-Mul_V-Vem_31px_2026-07-23,31,inner,31,0.1396174113759313,0.2809747301496111,0.8806194067001343,0.8704606890678406,0.9525504112243652,0.8013972043991089,0.9682046175003052,0.9469252824783324,0.9472388625144958,0.9399120807647704,0.9546808004379272,0.9880627393722534,False,39.0
Mula,Vembanad,T-Mul_V-Vem_31px_2026-07-23,31,inner,32,0.1407054347590725,0.2492634753932009,0.9040958881378174,0.8996865153312683,0.9440789222717284,0.8592814207077026,0.9672664403915404,0.9475856423377992,0.947835385799408,0.9415701031684875,0.954184591770172,0.9876693487167358,False,39.0
Mula,Vembanad,T-Mul_V-Vem_31px_2026-07-23,31,inner,33,0.1386660002255016,0.2517309095803555,0.9020978808403016,0.8973821997642517,0.9438325762748718,0.8552893996238708,0.9679421186447144,0.9482460021972656,0.9484756588935852,0.9425118565559388,0.9545153975486756,0.988162875175476,False,39.0
Mula,Vembanad,T-Mul_V-Vem_31px_2026-07-23,31,inner,34,0.1370472723634293,0.2505370350284772,0.9015983939170836,0.8964792490005493,0.946725845336914,0.8512973785400391,0.9684680700302124,0.9481634497642516,0.9484907984733582,0.9407745003700256,0.9563347697257996,0.9885655641555786,False,39.0
Mula,Vembanad,T-Mul_V-Vem_31px_2026-07-23,31,inner,35,0.1399003486137866,0.249023157340306,0.901098906993866,0.8968750238418579,0.9379084706306458,0.8592814207077026,0.9679311513900756,0.9483284950256348,0.9486716985702516,0.9406504034996032,0.9568309783935548,0.9878074526786804,False,39.0
Mula,Vembanad,T-Mul_V-Vem_31px_2026-07-23,31,inner,36,0.1383316379420234,0.2558069275124566,0.8986014127731323,0.8932141065597534,0.944382667541504,0.847305417060852,0.9686557054519652,0.9489063024520874,0.9491581320762634,0.9427312612533568,0.9556731581687928,0.9880926609039308,False,39.0
Mula,Vembanad,T-Mul_V-Vem_31px_2026-07-23,31,inner,37,0.1385752502879573,0.2560551930200327,0.9005994200706482,0.8957569599151611,0.9426681399345398,0.8532934188842773,0.968019962310791,0.94948410987854,0.9497784376144408,0.9425081610679626,0.957161784172058,0.988012433052063,False,39.0
Mula,Vembanad,T-Mul_V-Vem_31px_2026-07-23,31,inner,38,0.1351880759984759,0.2480144459423009,0.9055944085121156,0.9015111923217772,0.9432933330535888,0.8632734417915344,0.9685309529304504,0.9484935998916626,0.9487179517745972,0.942829132080078,0.9546808004379272,0.9890003204345704,False,39.0
Mula,Vembanad,T-Mul_V-Vem_31px_2026-07-23,31,inner,39,0.1372839873148496,0.2390440025410571,0.9115884304046632,0.9090909361839294,0.9365079402923584,0.8832335472106934,0.9687774181365968,0.9477507472038268,0.948042333126068,0.941013514995575,0.9551769495010376,0.9884589314460754,False,39.0
Mula,Vembanad,T-Mul_V-Vem_31px_2026-07-23,31,inner,40,0.1364795924020217,0.2549504360610193,0.8991008996963501,0.8937960267066956,0.9444444179534912,0.8483033776283264,0.9688502550125122,0.9475030899047852,0.9477059841156006,0.9422825574874878,0.953192174434662,0.988560438156128,False,39.0
Mula,Vembanad,T-Mul_V-Vem_31px_2026-07-23,31,inner,41,0.134998050916308,0.254719268169615,0.897602379322052,0.892275333404541,0.9422863721847534,0.847305417060852,0.968295395374298,0.9513000249862672,0.951599657535553,0.9440104365348816,0.9593119621276855,0.9886990785598756,False,39.0
Mula,Vembanad,T-Mul_V-Vem_31px_2026-07-23,31,inner,42,0.13886783786158,0.2470586277269102,0.9060938954353333,0.9023883938789368,0.9404761791229248,0.8672654628753662,0.9678373336791992,0.9460998773574828,0.9464622735977172,0.9383839964866638,0.9546808004379272,0.9880440831184388,False,39.0
Mula,Vembanad,T-Mul_V-Vem_31px_2026-07-23,31,inner,43,0.1360408432034485,0.2570427393356522,0.8951048851013184,0.8892405033111572,0.9429529905319214,0.841317355632782,0.9679960012435912,0.9499793648719788,0.9501808881759644,0.9445897340774536,0.9558385610580444,0.988534152507782,False,39.0
Mula,Vembanad,T-Mul_V-Vem_31px_2026-07-23,31,inner,44,0.1369132975249363,0.2444010253969606,0.9075924158096312,0.9040954113006592,0.9406688213348388,0.8702594637870789,0.9682893753051758,0.949401557445526,0.9496095180511476,0.9439451098442078,0.9553423523902892,0.9885313510894777,False,39.0
Mula,Vembanad,T-Mul_V-Vem_31px_2026-07-23,31,inner,45,0.1370211917926986,0.252689189620904,0.9005994200706482,0.8957569599151611,0.9426681399345398,0.8532934188842773,0.9685897827148438,0.9475856423377992,0.9478696584701538,0.9409943222999572,0.954846203327179,0.9883702993392944,False,39.0
Mula,Vembanad,T-Mul_V-Vem_31px_2026-07-23,31,inner,46,0.1337962264371125,0.2474383446764755,0.901098906993866,0.8965517282485962,0.9407894611358644,0.85628741979599,0.9682135581970216,0.9498142600059508,0.9500657320022584,0.943556308746338,0.956665575504303,0.98894464969635,False,39.0
Mula,Vembanad,T-Mul_V-Vem_31px_2026-07-23,31,inner,47,0.1352230214723318,0.2699146938624677,0.8911088705062866,0.8837953209877014,0.948512613773346,0.8273453116416931,0.967121720314026,0.9474205374717712,0.9476022124290466,0.9425625801086426,0.9526960253715516,0.9889334440231324,False,39.0
Mula,Vembanad,T-Mul_V-Vem_31px_2026-07-23,31,inner,48,0.1333009468466105,0.2599491619102128,0.8986014127731323,0.8931016325950623,0.9453734755516052,0.8463073968887329,0.9669530987739564,0.9503920674324036,0.9506040811538696,0.9447802901268004,0.9565001726150512,0.989222764968872,False,39.0
Mula,Vembanad,T-Mul_V-Vem_31px_2026-07-23,31,inner,49,0.1337113116039528,0.2517374524480098,0.9005994200706482,0.8958660364151001,0.9416941404342652,0.8542914390563965,0.968374252319336,0.9487412571907043,0.948960304260254,0.9431465268135072,0.954846203327179,0.98916494846344,False,39.0
Mula,Valsequillo,T-Mul_V-Val_31px_2026-07-23,31,inner,1,0.454551656882159,0.5121289000791662,0.7740195989608765,0.790739893913269,0.7362637519836426,0.8539215922355652,0.8662500381469727,0.7853771448135376,0.7810810804367065,0.7955953478813171,0.767086923122406,0.8686621189117432,False,9.0
Mula,Valsequillo,T-Mul_V-Val_31px_2026-07-23,31,inner,2,0.3895027333042465,0.4625534176826477,0.795098066329956,0.7811518311500549,0.8382022380828857,0.7313725352287292,0.8693521618843079,0.8317462801933289,0.8289274573326111,0.8415384888648987,0.8166887760162354,0.907082736492157,False,9.0
Mula,Valsequillo,T-Mul_V-Val_31px_2026-07-23,31,inner,3,0.3439600188487154,0.4533052824583708,0.7926470637321472,0.7765451669692993,0.8419243693351746,0.720588207244873,0.8885467052459717,0.8533576130867004,0.8522319793701172,0.8573107123374939,0.8472130298614502,0.9281753897666932,False,9.0
Mula,Valsequillo,T-Mul_V-Val_31px_2026-07-23,31,inner,4,0.3221661960574247,0.3767068482789338,0.8495097756385803,0.8513317108154297,0.841148316860199,0.8617647290229797,0.9235620498657228,0.8693383932113647,0.8691542148590088,0.8688660264015198,0.8694425821304321,0.9368776082992554,False,9.0
Mula,Valsequillo,T-Mul_V-Val_31px_2026-07-23,31,inner,5,0.2940184564506355,0.3884825017230183,0.8343137502670288,0.8356031179428101,0.8291505575180054,0.8421568870544434,0.9077373743057252,0.8808478713035583,0.8813391327857971,0.8762091994285583,0.8865295052528381,0.94693261384964,False,9.0
Mula,Valsequillo,T-Mul_V-Val_31px_2026-07-23,31,inner,6,0.2614240204090115,0.3614476921803811,0.8470588326454163,0.8455445766448975,0.8539999723434448,0.8372548818588257,0.928096890449524,0.8945102095603943,0.8950576782226562,0.8889070749282837,0.901293933391571,0.95821875333786,False,9.0
Mula,Valsequillo,T-Mul_V-Val_31px_2026-07-23,31,inner,7,0.252152914513102,0.3571060928570874,0.841176450252533,0.8343558311462402,0.8717948794364929,0.800000011920929,0.9349557161331176,0.8999751806259155,0.9004122018814087,0.8949524760246277,0.9059389233589172,0.960661232471466,False,9.0
Mula,Valsequillo,T-Mul_V-Val_31px_2026-07-23,31,inner,8,0.2394076733090896,0.3747521638870239,0.8392156958580017,0.8353413939476013,0.855967104434967,0.8156862854957581,0.91499525308609,0.905026078224182,0.9055267572402954,0.8992311358451843,0.9119110703468324,0.9647356271743774,False,9.0
Mula,Valsequillo,T-Mul_V-Val_31px_2026-07-23,31,inner,9,0.2253574918755989,0.2964867262279286,0.8617647290229797,0.8620352149009705,0.8603515625,0.863725483417511,0.9461649656295776,0.911898672580719,0.9126006364822388,0.9038398861885072,0.9215328693389891,0.968486785888672,False,9.0
Mula,Valsequillo,T-Mul_V-Val_31px_2026-07-23,31,inner,10,0.2190919008534446,0.3342560142278671,0.8539215922355652,0.8572797179222107,0.8380149602890015,0.8774510025978088,0.9363360404968262,0.9147967100143432,0.9152458906173706,0.908882737159729,0.9216987490653992,0.9701127409934998,False,9.0
Mula,Valsequillo,T-Mul_V-Val_31px_2026-07-23,31,inner,11,0.1962038987806876,0.3542912340193402,0.8372548818588257,0.8297435641288757,0.8698924779891968,0.79313725233078,0.9311928153038024,0.9214208722114564,0.9217706918716432,0.9161068201065063,0.9275049567222596,0.9766162633895874,False,9.0
Mula,Valsequillo,T-Mul_V-Val_31px_2026-07-23,31,inner,12,0.1889787454833907,0.3436843212913064,0.8485293984413147,0.8449573516845703,0.8653648495674133,0.8254901766777039,0.9316715002059937,0.9263061881065368,0.9267730712890624,0.919360101222992,0.9343065619468688,0.9776543378829956,False,9.0
Mula,Valsequillo,T-Mul_V-Val_31px_2026-07-23,31,inner,13,0.1864494476947028,0.3982947892710274,0.8328431248664856,0.8241361379623413,0.8694232702255249,0.7833333611488342,0.9203691482543944,0.9278794527053832,0.9282714128494264,0.9216680526733398,0.9349701404571532,0.9784197807312012,False,9.0
Mula,Valsequillo,T-Mul_V-Val_31px_2026-07-23,31,inner,14,0.1806328833298127,0.3273951992538629,0.8480392098426819,0.8453093767166138,0.8607723712921143,0.8303921818733215,0.939904808998108,0.9309431314468384,0.93149334192276,0.9225512742996216,0.9406104683876038,0.9793980121612548,False,9.0
Mula,Valsequillo,T-Mul_V-Val_31px_2026-07-23,31,inner,15,0.1829540490582209,0.3755211284639788,0.841176450252533,0.8355330228805542,0.8663157820701599,0.8068627715110779,0.930324912071228,0.9314399361610411,0.931851863861084,0.9246978163719176,0.939117431640625,0.9786596298217772,False,9.0
Mula,Valsequillo,T-Mul_V-Val_31px_2026-07-23,31,inner,16,0.1698841424183092,0.3746693389818948,0.8333333134651184,0.8277608752250671,0.8563941121101379,0.8009803891181946,0.9247337579727172,0.9365736246109008,0.9369651079177856,0.929621160030365,0.9444260001182556,0.9818358421325684,False,9.0
Mula,Valsequillo,T-Mul_V-Val_31px_2026-07-23,31,inner,17,0.1629153688962544,0.346434229977575,0.8465686440467834,0.8397337198257446,0.8788853287696838,0.8039215803146362,0.9352806806564332,0.9400513172149658,0.9405094385147096,0.9317811727523804,0.9494028091430664,0.9834355115890504,False,9.0
Mula,Valsequillo,T-Mul_V-Val_31px_2026-07-23,31,inner,18,0.1592453488776391,0.3586617854149903,0.8504902124404907,0.8441492319107056,0.8815368413925171,0.8098039031028748,0.9321203231811525,0.9398029446601868,0.9402678608894348,0.9314666986465454,0.9492368698120116,0.9841914176940918,False,9.0
Mula,Valsequillo,T-Mul_V-Val_31px_2026-07-23,31,inner,19,0.1614422968575582,0.3673185747335938,0.8426470756530762,0.8346213102340698,0.8794788122177124,0.7941176295280457,0.9316781759262084,0.9407137632369996,0.9411184191703796,0.9331376552581788,0.9492368698120116,0.9834553003311156,False,9.0
Mula,RawaPening,T-Mul_V-Raw_31px_2026-07-23,31,inner,1,0.4418882741890709,0.4987381796736817,0.7837162613868713,0.8169133067131042,0.7087307572364807,0.9640718698501588,0.8941466808319092,0.7933965921401978,0.7908414602279663,0.7991893291473389,0.7826662063598633,0.8774363398551941,False,14.0
Mula,RawaPening,T-Mul_V-Raw_31px_2026-07-23,31,inner,2,0.374488888982894,0.4261223949514307,0.8251748085021973,0.8449955582618713,0.7595541477203369,0.9520958065986632,0.9243013858795166,0.8367313146591187,0.833220899105072,0.8498452305793762,0.8172345161437988,0.9151345491409302,False,14.0
Mula,RawaPening,T-Mul_V-Raw_31px_2026-07-23,31,inner,3,0.3474491877665069,0.3755696649913426,0.8386613130569458,0.8568896651268005,0.7705179452896118,0.9650698900222778,0.9370309114456176,0.8510111570358276,0.8491937518119812,0.8580111265182495,0.840555727481842,0.927029013633728,False,14.0
Mula,RawaPening,T-Mul_V-Raw_31px_2026-07-23,31,inner,4,0.3264254909677541,0.4797721757040871,0.7702297568321228,0.7769156098365784,0.755660355091095,0.7994012236595154,0.8498727083206177,0.8642179369926453,0.8630422353744507,0.8689019083976746,0.8572610020637512,0.9356430768966676,False,14.0
Mula,RawaPening,T-Mul_V-Raw_31px_2026-07-23,31,inner,5,0.2968107739448842,0.4028071938575683,0.8436563611030579,0.8559594750404358,0.7941929697990417,0.9281437397003174,0.8992984294891357,0.8774246573448181,0.8767123222351074,0.8801466822624207,0.8733046650886536,0.9468002319335938,False,14.0
Mula,RawaPening,T-Mul_V-Raw_31px_2026-07-23,31,inner,6,0.2590756938396482,0.4395793394728021,0.8396603465080261,0.8554705381393433,0.7793273329734802,0.9481037855148317,0.9040215015411376,0.8943458795547485,0.893951952457428,0.8955843448638916,0.8923255205154419,0.9599688053131104,False,14.0
Mula,RawaPening,T-Mul_V-Raw_31px_2026-07-23,31,inner,7,0.2409407081888866,0.388081570605298,0.8451548218727112,0.8623445630073547,0.7767999768257141,0.9690618515014648,0.9417544603347778,0.902847707271576,0.9027031660079956,0.902330219745636,0.9030764102935792,0.9653908610343932,False,14.0
Mula,RawaPening,T-Mul_V-Raw_31px_2026-07-23,31,inner,8,0.2322072340900426,0.5073626560050172,0.8221778273582458,0.8460207581520081,0.7465648651123047,0.976047933101654,0.9186257123947144,0.9078002572059632,0.9077849984169006,0.9062139391899108,0.9093615412712096,0.9673324823379515,False,14.0
Mula,RawaPening,T-Mul_V-Raw_31px_2026-07-23,31,inner,9,0.2173144925331902,0.4477557941273852,0.8316683173179626,0.8514764308929443,0.7624309659004211,0.9640718698501588,0.92477548122406,0.913660764694214,0.9136393666267396,0.9121332168579102,0.91515052318573,0.971520721912384,False,14.0
Mula,RawaPening,T-Mul_V-Raw_31px_2026-07-23,31,inner,10,0.2152560704449607,0.4906102620161973,0.8241758346557617,0.8469565510749817,0.7503852248191833,0.9720559120178224,0.9282469749450684,0.9147338271141052,0.9148041009902954,0.9123210906982422,0.9173007011413574,0.9716411828994752,False,14.0
Mula,RawaPening,T-Mul_V-Raw_31px_2026-07-23,31,inner,11,0.1933984455051768,0.3612738131107269,0.8611388802528381,0.8743218779563904,0.7991735339164734,0.9650698900222778,0.948197603225708,0.9244738221168518,0.9246479272842408,0.9207807183265686,0.9285477995872498,0.9772899150848388,False,14.0
Mula,RawaPening,T-Mul_V-Raw_31px_2026-07-23,31,inner,12,0.1864122772802265,0.3911651633419357,0.8501498699188232,0.8640072345733643,0.7915282249450684,0.9510977864265442,0.9280089735984802,0.9286009073257446,0.9286479949951172,0.9262794256210328,0.9310287833213806,0.9787558317184448,False,14.0
Mula,RawaPening,T-Mul_V-Raw_31px_2026-07-23,31,inner,13,0.1797231866089066,0.3674365502077859,0.8511488437652588,0.8627992868423462,0.8008546829223633,0.9351297616958618,0.9319680333137512,0.931242287158966,0.9312649369239808,0.9291948080062866,0.9333443641662598,0.9803087711334229,False,14.0
Mula,RawaPening,T-Mul_V-Raw_31px_2026-07-23,31,inner,14,0.1754384027917769,0.3190666940007414,0.8751248717308044,0.8837209343910217,0.8275261521339417,0.9481037855148317,0.948572874069214,0.9316549897193908,0.9316493272781372,0.9299604296684264,0.9333443641662598,0.9812206029891968,False,14.0
Mula,RawaPening,T-Mul_V-Raw_31px_2026-07-23,31,inner,15,0.1777715266193676,0.3839995025933443,0.8611388802528381,0.873751163482666,0.8016666769981384,0.9600798487663268,0.9319112300872804,0.9321502447128296,0.9321781992912292,0.9300296306610109,0.9343367218971252,0.9804342985153198,False,14.0
Mula,RawaPening,T-Mul_V-Raw_31px_2026-07-23,31,inner,16,0.1667240823552572,0.3697302718977113,0.8611388802528381,0.8746618628501892,0.7976973652839661,0.9680638909339904,0.948351800441742,0.9358646273612976,0.9359808564186096,0.9325233697891236,0.9394640922546388,0.982976257801056,False,14.0
Mula,RawaPening,T-Mul_V-Raw_31px_2026-07-23,31,inner,17,0.1640186291586206,0.3472907399380957,0.8646353483200073,0.8758589029312134,0.8094834685325623,0.9540917873382568,0.9422584772109984,0.9361947774887084,0.9361947774887084,0.9344208240509032,0.937975525856018,0.9833835363388062,False,14.0
Mula,RawaPening,T-Mul_V-Raw_31px_2026-07-23,31,inner,18,0.1617643433983937,0.3384942209029888,0.8696303963661194,0.8796680569648743,0.817480742931366,0.9520958065986632,0.94684636592865,0.9377630949020386,0.9378708004951476,0.934482753276825,0.9412834644317628,0.9838520288467408,False,14.0
Mula,RawaPening,T-Mul_V-Raw_31px_2026-07-23,31,inner,19,0.1585986330643991,0.3810780955539954,0.8626373410224915,0.8751702308654785,0.8026644587516785,0.9620758295059204,0.9447085857391356,0.9390837550163268,0.93916916847229,0.9360828399658204,0.942275881767273,0.9846950173377992,False,14.0
Mula,RawaPening,T-Mul_V-Raw_31px_2026-07-23,31,inner,20,0.1564948598929195,0.3333026336563693,0.8736263513565063,0.8839981555938721,0.817642092704773,0.9620758295059204,0.9544840455055236,0.94040447473526,0.9404290318489076,0.9382614493370056,0.9426066875457764,0.9847774505615234,False,14.0
Mula,RawaPening,T-Mul_V-Raw_31px_2026-07-23,31,inner,21,0.1524560971430791,0.3434156547416817,0.8676323890686035,0.8774849772453308,0.8173987865447998,0.9471057653427124,0.9439406394958496,0.9410647749900818,0.9412055611610411,0.9371924996376038,0.9452530741691588,0.9858371019363404,False,14.0
Mula,RawaPening,T-Mul_V-Raw_31px_2026-07-23,31,inner,22,0.1486006534276695,0.3650420110125641,0.8636363744735718,0.8749427199363708,0.8086367249488831,0.9530938267707824,0.9420449733734132,0.9448617696762084,0.9449934363365172,0.9409642219543456,0.9490572214126588,0.986384391784668,False,14.0
Mula,RawaPening,T-Mul_V-Raw_31px_2026-07-23,31,inner,23,0.1469620350434656,0.3508415558895507,0.8661338686943054,0.8777372241020203,0.8084033727645874,0.9600798487663268,0.9474360942840576,0.9428807497024536,0.9428665637969972,0.9413122534751892,0.9444260597229004,0.9866006374359132,False,14.0
Mula,RawaPening,T-Mul_V-Raw_31px_2026-07-23,31,inner,24,0.1483508172935068,0.3313511501956772,0.8706293702125549,0.8805901408195496,0.818337619304657,0.9530938267707824,0.9485349655151368,0.9434584975242616,0.94361674785614,0.9392102360725404,0.9480648636817932,0.9862343668937684,False,14.0
Mula,Winam,T-Mul_V-Win_31px_2026-07-23,31,inner,1,0.4417093177797142,0.5643942969217114,0.7543771862983704,0.7249299883842468,0.8242038488388062,0.6470000147819519,0.834342360496521,0.7895692586898804,0.786432147026062,0.7968431711196899,0.776289701461792,0.875552773475647,False,7.0
Mula,Winam,T-Mul_V-Win_31px_2026-07-23,31,inner,2,0.3944800287352318,0.4078715136307308,0.8219109773635864,0.8088077306747437,0.8735498785972595,0.753000020980835,0.909026026725769,0.8254662752151489,0.8226712346076965,0.8344956636428833,0.8111772537231445,0.9039520025253296,False,7.0
Mula,Winam,T-Mul_V-Win_31px_2026-07-23,31,inner,3,0.3637597486143125,0.447806270719469,0.8029014468193054,0.7740825414657593,0.9072580933570862,0.675000011920929,0.9035015106201172,0.8408153057098389,0.8393169641494751,0.8457277417182922,0.8330026268959045,0.9188917279243468,False,7.0
Mula,Winam,T-Mul_V-Win_31px_2026-07-23,31,inner,4,0.346772845900281,0.4384822143076836,0.8279139399528503,0.8013857007026672,0.9480874538421632,0.6940000057220459,0.9271512031555176,0.8493150472640991,0.8483892679214478,0.8520680665969849,0.8447420597076416,0.9270902872085572,False,7.0
Mula,Winam,T-Mul_V-Win_31px_2026-07-23,31,inner,5,0.3169054593518929,0.5674985296103643,0.7923961877822876,0.7582993507385254,0.9079498052597046,0.6510000228881836,0.8610119819641113,0.8694503903388977,0.8691263794898987,0.8697019815444946,0.8685516119003296,0.9392842054367064,False,7.0
Mula,Winam,T-Mul_V-Win_31px_2026-07-23,31,inner,6,0.2851719953111147,0.4304316344076004,0.8319159746170044,0.8125,0.9191918969154358,0.7279999852180481,0.8963843584060669,0.8832315802574158,0.8837209343910217,0.8784512281417847,0.8890542387962341,0.9508572220802308,False,7.0
Mula,Winam,T-Mul_V-Win_31px_2026-07-23,31,inner,7,0.2674331903841299,0.3335579603392372,0.8674337267875671,0.8510398864746094,0.9717586636543274,0.7570000290870667,0.9473473429679872,0.8899158239364624,0.8905301094055176,0.8840013146400452,0.8971560597419739,0.956762671470642,False,7.0
Mula,Winam,T-Mul_V-Win_31px_2026-07-23,31,inner,8,0.2500753232228281,0.5937698713954298,0.775387704372406,0.7191994786262512,0.9599332213401794,0.574999988079071,0.8898028135299683,0.9008086919784546,0.9014107584953308,0.8943684697151184,0.9085648059844972,0.9622007012367249,False,7.0
Mula,Winam,T-Mul_V-Win_31px_2026-07-23,31,inner,9,0.2389127222185068,0.4564338032161587,0.814407229423523,0.790039598941803,0.9100391268730164,0.6980000138282776,0.9366276264190674,0.907080352306366,0.9077351689338684,0.899772584438324,0.9158399701118468,0.965051293373108,False,7.0
Mula,Winam,T-Mul_V-Win_31px_2026-07-23,31,inner,10,0.2306398035846816,0.5471789908743508,0.814907431602478,0.7800237536430359,0.9618768095970154,0.656000018119812,0.9254514575004578,0.907080352306366,0.9074013233184814,0.9026505351066588,0.9122023582458496,0.9677357077598572,False,7.0
Mula,Winam,T-Mul_V-Win_31px_2026-07-23,31,inner,11,0.207023739003175,0.3777992507725164,0.8484241962432861,0.826559841632843,0.966532826423645,0.722000002861023,0.9636426568031312,0.9203664064407348,0.9207652807235718,0.9145327210426332,0.9270833134651184,0.9736934900283812,False,7.0
Mula,Winam,T-Mul_V-Win_31px_2026-07-23,31,inner,12,0.2013635506364974,0.5400556018217287,0.7998999357223511,0.7557997703552246,0.9702194333076476,0.6190000176429749,0.9608067870140076,0.9247400760650636,0.925209105014801,0.9178327322006226,0.9327050447463988,0.9750957489013672,False,7.0
Mula,Winam,T-Mul_V-Win_31px_2026-07-23,31,inner,13,0.1931632753719215,0.5681959837913866,0.8029014468193054,0.7591686844825745,0.9764150977134703,0.6209999918937683,0.9560480117797852,0.9249876141548156,0.92526513338089,0.9201962351799012,0.930390238761902,0.977017879486084,False,7.0
Mula,Winam,T-Mul_V-Win_31px_2026-07-23,31,inner,14,0.1918236552601621,0.3571631077135642,0.8719359636306763,0.8565022349357605,0.9744898080825806,0.7639999985694885,0.9408888816833496,0.9241623878479004,0.924641251564026,0.9171953797340392,0.932209014892578,0.977226495742798,False,7.0
Mula,Winam,T-Mul_V-Win_31px_2026-07-23,31,inner,15,0.1885415642032097,0.4534805504450963,0.819909930229187,0.7887324094772339,0.9545454382896424,0.671999990940094,0.9549679756164552,0.9282059669494628,0.9286534190177916,0.9212495684623718,0.9361772537231444,0.9778173565864564,False,7.0
Mula,Winam,T-Mul_V-Win_31px_2026-07-23,31,inner,16,0.1741058293801956,0.4410433490754102,0.8239119648933411,0.7912217974662781,0.9723032116889954,0.6669999957084656,0.9576056003570556,0.9346426725387572,0.9349967241287231,0.9282920360565186,0.9417989253997804,0.9812138676643372,False,7.0
Mula,Winam,T-Mul_V-Win_31px_2026-07-23,31,inner,17,0.167734483397426,0.4269573340283752,0.8404201865196228,0.814210832118988,0.9748954176902772,0.6990000009536743,0.9637006521224976,0.936623215675354,0.9369872212409972,0.9299674034118652,0.9441137313842772,0.9824342727661132,False,7.0
Mula,,Test_Mul_outer_31px_2026-07-23,31,outer,1,0.4319078142074499,,,,,,,0.8007367253303528,0.7998292446136475,0.8022840619087219,0.7973893284797668,0.8828421235084534,False,
Mula,,Test_Mul_outer_31px_2026-07-23,31,outer,2,0.3750245144315369,,,,,,,0.8382092714309692,0.8364365696907043,0.8444187641143799,0.8286038637161255,0.913688063621521,False,
Mula,,Test_Mul_outer_31px_2026-07-23,31,outer,3,0.3408923961690307,,,,,,,0.8553516864776611,0.8542885780334473,0.8593167066574097,0.8493189811706543,0.9293020367622375,False,
Mula,,Test_Mul_outer_31px_2026-07-23,31,outer,4,0.3134392105064573,,,,,,,0.8688814640045166,0.8691225051879883,0.866243839263916,0.872020423412323,0.9401222467422484,False,
Mula,,Test_Mul_outer_31px_2026-07-23,31,outer,5,0.2994292148252954,,,,,,,0.8775235414505005,0.8778178095817566,0.8744192719459534,0.8812429308891296,0.945228397846222,False,
Mula,,Test_Mul_outer_31px_2026-07-23,31,outer,6,0.2596039196739304,,,,,,,0.8959410786628723,0.8966439366340637,0.8893231153488159,0.9040862917900084,0.9585946798324584,False,
Mula,,Test_Mul_outer_31px_2026-07-23,31,outer,7,0.2438239946084243,,,,,,,0.9032372236251832,0.9035310745239258,0.8994656801223755,0.907633364200592,0.9633944630622864,False,
Mula,,Test_Mul_outer_31px_2026-07-23,31,outer,8,0.2351196484360916,,,,,,,0.9063540697097778,0.9068751931190492,0.9005315899848938,0.9133087396621704,0.96606183052063,False,
Mula,,Test_Mul_outer_31px_2026-07-23,31,outer,9,0.2293083466103371,,,,,,,0.9079124331474304,0.9085022807121276,0.901396632194519,0.915720760822296,0.967475652694702,False,
Mula,,Test_Mul_outer_31px_2026-07-23,31,outer,10,0.2198075714252011,,,,,,,0.9144294261932372,0.9149295687675476,0.90827739238739,0.92167991399765,0.9701880216598512,False,
Mula,,Test_Mul_outer_31px_2026-07-23,31,outer,11,0.1991169530756625,,,,,,,0.9212297201156616,0.9214467406272888,0.917557656764984,0.9253689050674438,0.9757314324378968,False,
Mula,,Test_Mul_outer_31px_2026-07-23,31,outer,12,0.1934378453635068,,,,,,,0.9251257181167604,0.925694227218628,0.9173749685287476,0.9341657161712646,0.9768261313438416,False,
Mula,,Test_Mul_outer_31px_2026-07-23,31,outer,13,0.1894385572629753,,,,,,,0.9269675016403198,0.927460789680481,0.9198883175849916,0.935158908367157,0.9776779413223268,False,
Mula,,Test_Mul_outer_31px_2026-07-23,31,outer,14,0.1793715576099304,,,,,,,0.9302259683609008,0.930658221244812,0.9235713481903076,0.9378547072410583,0.9798496961593628,False,
Inle,Hartbeespoort,T-Inl_V-Har_31px_2026-07-23,31,inner,1,0.5071214106342378,0.560861348519175,0.7401574850082397,0.7365269660949707,0.7365269660949707,0.7365269660949707,0.7820059061050415,0.745496392250061,0.7368600368499756,0.7588018774986267,0.7161514163017273,0.8296475410461426,False,7.0
Inle,Hartbeespoort,T-Inl_V-Har_31px_2026-07-23,31,inner,2,0.4678223851314057,0.6488690182097315,0.7180117964744568,0.7690447568893433,0.6450304388999939,0.9520958065986632,0.8422737121582031,0.7806202173233032,0.7731178402900696,0.7963547110557556,0.7511985301971436,0.8622846603393555,False,7.0
Inle,Hartbeespoort,T-Inl_V-Har_31px_2026-07-23,31,inner,3,0.463659737995505,0.6011167713037626,0.6594488024711609,0.6913470029830933,0.625,0.7734531164169312,0.7716624736785889,0.7834992408752441,0.775042712688446,0.8023358583450317,0.7495453953742981,0.8649752140045166,False,7.0
Inle,Hartbeespoort,T-Inl_V-Har_31px_2026-07-23,31,inner,4,0.4583042125943323,0.4812523675715829,0.7716535329818726,0.7142857313156128,0.9324758648872375,0.5788423418998718,0.9009631276130676,0.7870362997055054,0.7803139686584473,0.8016039133071899,0.7601256370544434,0.8687838315963745,False,7.0
Inle,Hartbeespoort,T-Inl_V-Har_31px_2026-07-23,31,inner,5,0.4417706865630691,0.5140568549473454,0.7244094610214233,0.6391752362251282,0.9018181562423706,0.4950099885463714,0.8819942474365234,0.7965781092643738,0.7918875813484192,0.806479275226593,0.777814507484436,0.8795732855796814,False,7.0
Inle,Hartbeespoort,T-Inl_V-Har_31px_2026-07-23,31,inner,6,0.4094199964367089,0.4072136076416556,0.8223425149917603,0.7940673232078552,0.9267643094062804,0.6946107745170593,0.9296891689300536,0.8155794739723206,0.8141270279884338,0.8165640830993652,0.8117043972015381,0.8971810340881348,False,7.0
Inle,Hartbeespoort,T-Inl_V-Har_31px_2026-07-23,31,inner,7,0.3933442756956498,0.3417855074086527,0.8804134130477905,0.8818668127059937,0.8597156405448914,0.9051896333694458,0.9350706338882446,0.8238052129745483,0.8227407932281494,0.8236951231956482,0.8217887282371521,0.9056779146194458,False,7.0
Inle,Hartbeespoort,T-Inl_V-Har_31px_2026-07-23,31,inner,8,0.3824406824114292,0.7544454880733424,0.6451771855354309,0.4491978585720062,0.9576547145843506,0.2934131622314453,0.90729558467865,0.8319486975669861,0.8313103914260864,0.8304190039634705,0.8322036862373352,0.911447823047638,False,7.0
Inle,Hartbeespoort,T-Inl_V-Har_31px_2026-07-23,31,inner,9,0.3627280960979651,0.42313983310454,0.8159449100494385,0.7812865376472473,0.9435028433799744,0.6666666865348816,0.9406526684761048,0.839927613735199,0.83927983045578,0.83858722448349,0.8399735689163208,0.9203372597694396,False,7.0
Inle,Hartbeespoort,T-Inl_V-Har_31px_2026-07-23,31,inner,10,0.3491235050268056,0.3636792013494987,0.8695865869522095,0.8603057265281677,0.9117318391799928,0.8143712282180786,0.9210870265960692,0.8482356071472168,0.8480355739593506,0.8450427055358887,0.8510497808456421,0.92652690410614,False,7.0
Inle,Hartbeespoort,T-Inl_V-Har_31px_2026-07-23,31,inner,11,0.3276028495836269,0.3550872582150257,0.8607283234596252,0.8457765579223633,0.9315726161003112,0.7744510769844055,0.933568835258484,0.859916090965271,0.8607863783836365,0.8513906598091125,0.8703917860984802,0.935721218585968,False,7.0
Inle,Hartbeespoort,T-Inl_V-Har_31px_2026-07-23,31,inner,12,0.3207905758679418,0.423336068036284,0.8312007784843445,0.8091263175010681,0.9144654273986816,0.7255489230155945,0.9059579968452454,0.8621370196342468,0.8621937036514282,0.8576803803443909,0.8667548298835754,0.938718557357788,False,7.0
Inle,Hartbeespoort,T-Inl_V-Har_31px_2026-07-23,31,inner,13,0.3132647331670739,0.3666854444451219,0.8695865869522095,0.8601583242416382,0.9126539826393129,0.8133732676506042,0.9226489067077636,0.8660030961036682,0.8662671446800232,0.8604044318199158,0.8722102642059326,0.9414269924163818,False,7.0
Inle,Hartbeespoort,T-Inl_V-Har_31px_2026-07-23,31,inner,14,0.3055047813637178,0.3883931869714279,0.8326771855354309,0.8085585832595825,0.9276486039161682,0.7165668606758118,0.9321192502975464,0.8722546696662903,0.872631847858429,0.8658854365348816,0.879484236240387,0.9443671703338624,False,7.0
Inle,Hartbeespoort,T-Inl_V-Har_31px_2026-07-23,31,inner,15,0.3066745726913373,0.4247618347523719,0.8218504190444946,0.791714608669281,0.93478262424469,0.6866267323493958,0.9186171293258668,0.8714321255683899,0.8719797134399414,0.8641234040260315,0.8799801468849182,0.943739652633667,False,7.0
Inle,Hartbeespoort,T-Inl_V-Har_31px_2026-07-23,31,inner,16,0.2850624620031936,0.3648359274535667,0.8592519760131836,0.8440567255020142,0.9302884340286256,0.772455096244812,0.9331957697868348,0.8817964792251587,0.8823962807655334,0.8737439513206482,0.8912217020988464,0.9528937339782716,False,7.0
Inle,Hartbeespoort,T-Inl_V-Har_31px_2026-07-23,31,inner,17,0.2841117554362239,0.3464073879336278,0.8779527544975281,0.8676627278327942,0.9323394298553468,0.811377227306366,0.93452125787735,0.8803158402442932,0.880864679813385,0.8726476430892944,0.8892378807067871,0.9527463912963868,False,7.0
Inle,Rodman,T-Inl_V-Rod_31px_2026-07-23,31,inner,1,0.46630703329775,0.6360355122899682,0.6429970860481262,0.5841414928436279,0.7004104256629944,0.5009784698486328,0.7546299695968628,0.7798633575439453,0.7661769986152649,0.8102459907531738,0.7266545295715332,0.8630680441856384,False,19.0
Inle,Rodman,T-Inl_V-Rod_31px_2026-07-23,31,inner,2,0.4426404137203916,0.8173809416964285,0.6307541728019714,0.6031578779220581,0.6526196002960205,0.5606653690338135,0.7052569389343262,0.7978925108909607,0.7889987230300903,0.8187655806541443,0.7613202929496765,0.8795722126960754,False,19.0
Inle,Rodman,T-Inl_V-Rod_31px_2026-07-23,31,inner,3,0.4340679267163904,0.8293572910618946,0.6077375411987305,0.6056129932403564,0.6095143556594849,0.6017612814903259,0.6558233499526978,0.8002799153327942,0.7925431728363037,0.8180053234100342,0.7686183452606201,0.8850739002227783,False,19.0
Inle,Rodman,T-Inl_V-Rod_31px_2026-07-23,31,inner,4,0.4138700836915052,0.6840491464159048,0.7047012448310852,0.6851174831390381,0.7346024513244629,0.6418786644935608,0.7875863313674927,0.8122169971466064,0.806218683719635,0.8263671398162842,0.7870293855667114,0.897087037563324,False,19.0
Inle,Rodman,T-Inl_V-Rod_31px_2026-07-23,31,inner,5,0.4032744024504925,0.5689963382558421,0.7184132933616638,0.7064828872680664,0.738527238368988,0.6771036982536316,0.8025287389755249,0.8217666745185852,0.8169752359390259,0.8331034779548645,0.8014596104621887,0.9031906723976136,False,19.0
Inle,Rodman,T-Inl_V-Rod_31px_2026-07-23,31,inner,6,0.3603291669097606,0.6004118563262536,0.7522037029266357,0.7562620639801025,0.7447817921638489,0.7681017518043518,0.8210429549217224,0.8446530103683472,0.8429985642433167,0.8457428812980652,0.8402720093727112,0.9224365949630736,False,19.0
Inle,Rodman,T-Inl_V-Rod_31px_2026-07-23,31,inner,7,0.3386870725754309,0.5110234837107046,0.7668951749801636,0.7748344540596008,0.75,0.801369845867157,0.8333765268325806,0.8552728891372681,0.8546627163887024,0.8519861698150635,0.8573561310768127,0.9311079978942872,False,19.0
Inle,Rodman,T-Inl_V-Rod_31px_2026-07-23,31,inner,8,0.337620814310098,0.7851227685356701,0.7512242794036865,0.7931596040725708,0.6792189478874207,0.9530332684516908,0.7773603200912476,0.8579896092414856,0.8573082685470581,0.855115532875061,0.8595123291015625,0.9312801361083984,False,19.0
Inle,Rodman,T-Inl_V-Rod_31px_2026-07-23,31,inner,9,0.3304734523329527,0.5260033524585167,0.7487757205963135,0.7513329982757568,0.7444764375686646,0.7583170533180237,0.8328584432601929,0.8607063293457031,0.860326886177063,0.8563681244850159,0.8643224239349365,0.9343024492263794,False,19.0
Inle,Rodman,T-Inl_V-Rod_31px_2026-07-23,31,inner,10,0.3165440532717968,0.615820797603581,0.7360430955886841,0.736944854259491,0.735150933265686,0.7387475371360779,0.7843146324157715,0.8672923445701599,0.8666666746139526,0.864378809928894,0.8689666390419006,0.9402549266815186,False,19.0
Inle,Rodman,T-Inl_V-Rod_31px_2026-07-23,31,inner,11,0.2977774975927335,0.5073822903703172,0.7820764183998108,0.7889994978904724,0.7654094099998474,0.8140900135040283,0.8481361269950867,0.8752778172492981,0.8747623562812805,0.8719512224197388,0.8775916695594788,0.947425901889801,False,19.0
Inle,Rodman,T-Inl_V-Rod_31px_2026-07-23,31,inner,12,0.2944961222364174,0.6691416628096877,0.7291870713233948,0.7536748051643372,0.6917416453361511,0.8277886509895325,0.8003122806549072,0.8753601908683777,0.875799834728241,0.8664177656173706,0.8853873014450073,0.9482408761978148,False,19.0
Inle,Rodman,T-Inl_V-Rod_31px_2026-07-23,31,inner,13,0.2884821148812059,0.5514195488435631,0.7703232169151306,0.7841693758964539,0.7402259111404419,0.8336594700813293,0.8390707969665527,0.8770066499710083,0.8772592544555664,0.8691193461418152,0.8855531811714172,0.9501636028289796,False,19.0
Inle,Rodman,T-Inl_V-Rod_31px_2026-07-23,31,inner,14,0.2854610360717836,0.5730428249665502,0.7619980573654175,0.7776761054992676,0.730240523815155,0.8317025303840637,0.8202687501907349,0.8798880577087402,0.8802822828292847,0.8710620403289795,0.8896997570991516,0.9509549140930176,False,19.0
Inle,Rodman,T-Inl_V-Rod_31px_2026-07-23,31,inner,15,0.2866966504859092,0.5549068627231385,0.7605289220809937,0.7757909297943115,0.7299395799636841,0.8277886509895325,0.8278318047523499,0.879970371723175,0.8804134130477905,0.8708420991897583,0.8901973962783813,0.9503521919250488,False,19.0
Inle,Rodman,T-Inl_V-Rod_31px_2026-07-23,31,inner,16,0.2685089456139057,0.5498807053140982,0.7600391507148743,0.7693032026290894,0.7413793206214905,0.7994129061698914,0.8297532796859741,0.8871326446533203,0.8876689672470093,0.8771049380302429,0.8984906077384949,0.9570630192756652,False,19.0
Inle,Rodman,T-Inl_V-Rod_31px_2026-07-23,31,inner,17,0.2669358626222712,0.6441770487270673,0.730166494846344,0.7339449524879456,0.724499523639679,0.7436399459838867,0.7874525189399719,0.8900963068008423,0.8905647993087769,0.8803889751434326,0.9009786248207092,0.957221746444702,False,19.0
Inle,Rodman,T-Inl_V-Rod_31px_2026-07-23,31,inner,18,0.2649282947056302,0.7463348326323431,0.7164544463157654,0.7246790528297424,0.7049028873443604,0.7455968856811523,0.765708327293396,0.8910018801689148,0.8917239308357239,0.879496693611145,0.9042959213256836,0.9580650329589844,False,19.0
Inle,Rodman,T-Inl_V-Rod_31px_2026-07-23,31,inner,19,0.2608170253367662,0.4712007978637351,0.7967678904533386,0.8112778663635254,0.7578589916229248,0.8727984428405762,0.8622501492500305,0.8916605114936829,0.892201840877533,0.8813723921775818,0.9033007025718688,0.9596110582351683,False,19.0
Inle,Rodman,T-Inl_V-Rod_31px_2026-07-23,31,inner,20,0.2613404524481383,0.5675669320066342,0.7693437933921814,0.7871667146682739,0.7313182353973389,0.8522505164146423,0.8438711166381836,0.8944595456123352,0.8949697017669678,0.8842480182647705,0.9059545397758484,0.958885669708252,False,19.0
Inle,Rodman,T-Inl_V-Rod_31px_2026-07-23,31,inner,21,0.256442757625928,0.593020718781885,0.7580803036689758,0.7736021876335144,0.7275862097740173,0.8258317112922668,0.8266672492027283,0.8956944346427917,0.896342933177948,0.8844042420387268,0.908608376979828,0.9608488082885742,False,19.0
Inle,Rodman,T-Inl_V-Rod_31px_2026-07-23,31,inner,22,0.2494631380375161,0.6426142847619725,0.7526934146881104,0.7740492224693298,0.7131080031394958,0.8463796377182007,0.7950942516326904,0.8993167281150818,0.8999099731445312,0.8882067799568176,0.9119256734848022,0.9628920555114746,False,19.0
Inle,Rodman,T-Inl_V-Rod_31px_2026-07-23,31,inner,23,0.2497193066757029,0.6168241840618481,0.7448579668998718,0.7564282417297363,0.7242614030838013,0.7915851473808289,0.7925803661346436,0.9012101888656616,0.9016393423080444,0.8912655711174011,0.912257432937622,0.9627676606178284,False,19.0
Inle,Rodman,T-Inl_V-Rod_31px_2026-07-23,31,inner,24,0.2518708829851497,0.5610790813120993,0.767384946346283,0.7928478121757507,0.7151848673820496,0.8894324898719788,0.8353680372238159,0.8976702094078064,0.8983397483825684,0.8860923051834106,0.9109305143356324,0.9616868495941162,False,19.0
Inle,Rodman,T-Inl_V-Rod_31px_2026-07-23,31,inner,25,0.2478615320170721,0.5646484676934597,0.766405463218689,0.7860026955604553,0.7257663607597351,0.8571428656578064,0.8378304839134216,0.9013748168945312,0.9018676280975342,0.890920877456665,0.9130867719650269,0.9634196758270264,False,19.0
Inle,Rodman,T-Inl_V-Rod_31px_2026-07-23,31,inner,26,0.2456706250531885,0.5641078399047329,0.7708129286766052,0.791814923286438,0.7259380221366882,0.8708415031433105,0.8296218514442444,0.900716245174408,0.9015831351280212,0.8873895406723022,0.9162381887435912,0.96371328830719,False,19.0
Inle,Rodman,T-Inl_V-Rod_31px_2026-07-23,31,inner,27,0.240146522835968,0.5298575682457934,0.7737511992454529,0.7888482809066772,0.7401372194290161,0.8444226980209351,0.8412551283836365,0.9034329652786256,0.904017686843872,0.8921188712120056,0.9162381887435912,0.9657981395721436,False,19.0
Inle,Rodman,T-Inl_V-Rod_31px_2026-07-23,31,inner,28,0.2411729112185303,0.594122252314845,0.7512242794036865,0.7736185193061829,0.7103109359741211,0.8493150472640991,0.8226286172866821,0.9035152792930604,0.9043577313423156,0.8901205062866211,0.9190579056739808,0.9651716947555542,False,19.0
Inle,Rodman,T-Inl_V-Rod_31px_2026-07-23,31,inner,29,0.2410904523609321,0.5418041298835448,0.7737511992454529,0.7959364056587219,0.7254428267478943,0.8816046714782715,0.8329362273216248,0.9024450778961182,0.9027493000030518,0.8934373259544373,0.912257432937622,0.9655482769012452,False,19.0
Inle,Mula,T-Inl_V-Mul_31px_2026-07-23,31,inner,1,0.4554661626055107,0.8228260629943439,0.6278957724571228,0.3905138373374939,0.9427480697631836,0.2462612092494964,0.785221517086029,0.7836098074913025,0.7795897722244263,0.7929206490516663,0.7666997313499451,0.8681241869926453,False,3.0
Inle,Mula,T-Inl_V-Mul_31px_2026-07-23,31,inner,2,0.428927635877471,0.8676435344467752,0.5458494424819946,0.124651163816452,0.9305555820465088,0.0667996034026146,0.7253235578536987,0.8115870356559753,0.8081995844841003,0.8215200901031494,0.7953042387962341,0.8863487243652344,False,3.0
Inle,Mula,T-Inl_V-Mul_31px_2026-07-23,31,inner,3,0.4213333398686626,0.5420688365417098,0.7089768052101135,0.6496223211288452,0.7785515189170837,0.5573280453681946,0.8212565183639526,0.8128249645233154,0.8099547624588013,0.8211008906364441,0.7991071343421936,0.8909928798675537,False,3.0
Inle,Mula,T-Inl_V-Mul_31px_2026-07-23,31,inner,4,0.4152540347506683,0.6365923971570596,0.6756756901741028,0.5371900796890259,0.8685969114303589,0.3888334929943084,0.8104386329650879,0.818932056427002,0.8162171244621277,0.8271647095680237,0.8055555820465088,0.8944825530052185,False,3.0
Inle,Mula,T-Inl_V-Mul_31px_2026-07-23,31,inner,5,0.3922826843292414,0.8486640759128862,0.5357142686843872,0.1158088222146034,0.7411764860153198,0.0628115683794021,0.80135178565979,0.8322191834449768,0.8304844498634338,0.8376787304878235,0.8234127163887024,0.9064900875091552,False,3.0
Inle,Mula,T-Inl_V-Mul_31px_2026-07-23,31,inner,6,0.3556890232566757,0.9145301367555346,0.52944016456604,0.0862230584025383,0.71875,0.0458624139428138,0.7759135961532593,0.8526862859725952,0.8535084128379822,0.8473195433616638,0.8597883582115173,0.9234007596969604,False,3.0
Inle,Mula,T-Inl_V-Mul_31px_2026-07-23,31,inner,7,0.3344479620068087,0.6579594014349132,0.6167953610420227,0.4065769910812378,0.8119403123855591,0.2711864411830902,0.8202362060546875,0.8609392046928406,0.8619418144226074,0.8543121814727783,0.8697090148925781,0.9320948719978333,False,3.0
Inle,Mula,T-Inl_V-Mul_31px_2026-07-23,31,inner,8,0.323615207479881,0.6392900550802703,0.5907335877418518,0.374631255865097,0.7195467352867126,0.2532402873039245,0.7454689145088196,0.866716206073761,0.8680663108825684,0.8579040765762329,0.8784722089767456,0.9355649948120116,False,3.0
Inle,Mula,T-Inl_V-Mul_31px_2026-07-23,31,inner,9,0.3103386075364645,0.9949934046542898,0.5873551964759827,0.2710997462272644,0.9352940917015076,0.1585244238376617,0.812346875667572,0.8724106550216675,0.8737340569496155,0.8632988929748535,0.88442462682724,0.9410988092422484,False,3.0
Inle,Mula,T-Inl_V-Mul_31px_2026-07-23,31,inner,10,0.3073660905156344,0.737149450899206,0.6476833820343018,0.4527736008167267,0.91238671541214,0.3010967075824737,0.8248752355575562,0.8719980120658875,0.8730457425117493,0.8644837141036987,0.8817790746688843,0.9424065351486206,False,3.0
Inle,Mula,T-Inl_V-Mul_31px_2026-07-23,31,inner,11,0.2780592676101172,0.7539725583406258,0.5815637111663818,0.2768974006175995,0.8469387888908386,0.1655034869909286,0.8110933303833008,0.8875959515571594,0.8890517950057983,0.876204252243042,0.9022817611694336,0.9535489082336426,False,3.0
Inle,Mula,T-Inl_V-Mul_31px_2026-07-23,31,inner,12,0.2702632040828233,0.7932027968718278,0.5815637111663818,0.27204030752182,0.8617021441459656,0.1615154594182968,0.8100842833518982,0.8918048739433289,0.8929533958435059,0.8820777535438538,0.90410053730011,0.955902934074402,False,3.0
Inle,Mula,T-Inl_V-Mul_31px_2026-07-23,31,inner,13,0.2607399629695074,0.8022760518729457,0.5854247212409973,0.3144453167915344,0.7879999876022339,0.1964107602834701,0.7967005968093872,0.8946934342384338,0.8957856893539429,0.8850871324539185,0.9067460298538208,0.9593751430511476,False,3.0
Inle,Vembanad,T-Inl_V-Vem_31px_2026-07-23,31,inner,1,0.495424889856458,0.4737839880999508,0.7637362480163574,0.736783504486084,0.8327044248580933,0.6606786251068115,0.8746417164802551,0.7641749382019043,0.7541067600250244,0.7815215587615967,0.7285501956939697,0.8428419828414917,False,12.0
Inle,Vembanad,T-Inl_V-Vem_31px_2026-07-23,31,inner,2,0.4590226401939964,0.5207994715138511,0.7197802066802979,0.6335728168487549,0.916824221611023,0.4840319454669952,0.8837015628814697,0.791827380657196,0.7852729558944702,0.8045438528060913,0.7669036388397217,0.8695520162582397,False,12.0
Inle,Vembanad,T-Inl_V-Vem_31px_2026-07-23,31,inner,3,0.4391845092146823,0.5112769854414118,0.7232767343521118,0.6790266633033752,0.8093922734260559,0.5848303437232971,0.8378283381462097,0.8036432266235352,0.7982123494148254,0.8146299719810486,0.7824434041976929,0.8822742104530334,False,12.0
Inle,Vembanad,T-Inl_V-Vem_31px_2026-07-23,31,inner,4,0.436183894412731,0.855114738960247,0.6543456315994263,0.554697573184967,0.7807971239089966,0.4301397204399109,0.6801871061325073,0.8061869144439697,0.8014792203903198,0.815182089805603,0.7882294654846191,0.8830077648162842,False,12.0
Inle,Vembanad,T-Inl_V-Vem_31px_2026-07-23,31,inner,5,0.4145548861353667,0.4489237660473281,0.8296703100204468,0.8510266542434692,0.7567987442016602,0.9720559120178224,0.9175459146499634,0.8162796497344971,0.8126202821731567,0.8228813409805298,0.8026120066642761,0.8954418897628784,False,12.0
Inle,Vembanad,T-Inl_V-Vem_31px_2026-07-23,31,inner,6,0.3925782331804495,0.6205503914977882,0.683316707611084,0.6613247990608215,0.7114942669868469,0.6177644729614258,0.7574779987335205,0.8276031613349915,0.8266072273254395,0.8253130912780762,0.8279054164886475,0.9057172536849976,False,12.0
Inle,Vembanad,T-Inl_V-Vem_31px_2026-07-23,31,inner,7,0.3647776092522997,0.4644308828569197,0.7917082905769348,0.7658618688583374,0.875481367111206,0.6806387305259705,0.8826257586479187,0.8441781997680664,0.8442804217338562,0.8376179337501526,0.8510497808456421,0.9193293452262878,False,12.0
Inle,Vembanad,T-Inl_V-Vem_31px_2026-07-23,31,inner,8,0.3641427682580163,0.4574770052413959,0.7807192802429199,0.7523970603942871,0.8651102185249329,0.6656686663627625,0.8908183574676514,0.8386805653572083,0.838878870010376,0.8317893743515015,0.8460902571678162,0.9194176197052002,False,12.0
Inle,Vembanad,T-Inl_V-Vem_31px_2026-07-23,31,inner,9,0.3539704426192588,0.5569957890412905,0.7237762212753296,0.6466453671455383,0.8987566828727722,0.5049900412559509,0.8831691741943359,0.8433576822280884,0.8435373902320862,0.8364759683609009,0.850719153881073,0.923467755317688,False,12.0
Inle,Vembanad,T-Inl_V-Vem_31px_2026-07-23,31,inner,10,0.3458827611233492,0.5937277190573328,0.7397602200508118,0.6817348599433899,0.878740131855011,0.5568862557411194,0.8631856441497803,0.8493476510047913,0.8497052788734436,0.8415761590003967,0.8579930663108826,0.9275539517402648,False,12.0
Inle,Vembanad,T-Inl_V-Vem_31px_2026-07-23,31,inner,11,0.314174539911118,0.430176292950814,0.8036962747573853,0.7815452814102173,0.8820577263832092,0.7015967965126038,0.906566858291626,0.8647739291191101,0.8653154373168945,0.8556650876998901,0.8751859664916992,0.9406473636627196,False,12.0
Inle,Vembanad,T-Inl_V-Vem_31px_2026-07-23,31,inner,12,0.3120074676970437,0.423453913553135,0.7917082905769348,0.7632027268409729,0.8853754997253418,0.6706587076187134,0.9197405576705932,0.8670714497566223,0.867927610874176,0.8562007546424866,0.8799801468849182,0.9411866664886476,False,12.0
Inle,Vembanad,T-Inl_V-Vem_31px_2026-07-23,31,inner,13,0.3060079620084428,0.4307022222301938,0.7952048182487488,0.7585394382476807,0.9252873659133912,0.6427145600318909,0.927841305732727,0.8692869544029236,0.8697571754455566,0.8604011535644531,0.87931889295578,0.9438002109527588,False,12.0
Inle,Vembanad,T-Inl_V-Vem_31px_2026-07-23,31,inner,14,0.297184976882321,0.5710966154322639,0.7457542419433594,0.6800754070281982,0.9185059666633606,0.5399201512336731,0.8881107568740845,0.8715844750404358,0.8721091747283936,0.8623141646385193,0.8821292519569397,0.9474499821662904,False,12.0
Inle,Vembanad,T-Inl_V-Vem_31px_2026-07-23,31,inner,15,0.2867688731519429,0.5229503982193344,0.7602397799491882,0.7094430923461914,0.9015384912490844,0.5848303437232971,0.8935309052467346,0.8779026865959167,0.8785306215286255,0.8677632808685303,0.8895685076713562,0.9508625864982604,False,12.0
Inle,Vembanad,T-Inl_V-Vem_31px_2026-07-23,31,inner,16,0.2767857956521435,0.4308045842013993,0.7992007732391357,0.7715908885002136,0.8957783579826355,0.6776447296142578,0.9140748977661132,0.8852055668830872,0.8863248825073242,0.871524453163147,0.9016366600990297,0.9543695449829102,False,12.0
Inle,Vembanad,T-Inl_V-Vem_31px_2026-07-23,31,inner,17,0.2656863961294519,0.5034687195445869,0.7812187671661377,0.7386634945869446,0.9183976054191588,0.6177644729614258,0.908294439315796,0.890867292881012,0.8918171525001526,0.8778222799301147,0.9062654972076416,0.9583219289779664,False,12.0
Inle,Vembanad,T-Inl_V-Vem_31px_2026-07-23,31,inner,18,0.269762486615564,0.5022490345812464,0.769730269908905,0.7251043319702148,0.9007407426834106,0.6067864298820496,0.9004650712013245,0.8883236050605774,0.8892325162887573,0.8757614493370056,0.9031245112419128,0.9565096497535706,False,12.0
Inle,Vembanad,T-Inl_V-Vem_31px_2026-07-23,31,inner,19,0.2617689001924089,0.5367680346662109,0.7582417726516724,0.6971213817596436,0.9345637559890748,0.5558882355690002,0.917698621749878,0.8913596272468567,0.8917062282562256,0.8824672102928162,0.9011406898498536,0.9596691727638244,False,12.0
Inle,Vembanad,T-Inl_V-Vem_31px_2026-07-23,31,inner,20,0.2642228200529151,0.6752299880171632,0.717782199382782,0.6230820417404175,0.9396378397941588,0.4660678505897522,0.8890618681907654,0.888077437877655,0.8884344696998596,0.8792294263839722,0.8978343605995178,0.9585168361663818,False,12.0
Inle,Vembanad,T-Inl_V-Vem_31px_2026-07-23,31,inner,21,0.2574818177029332,0.5660783425196781,0.7552447319030762,0.6986469626426697,0.9102563858032228,0.5668662786483765,0.892096757888794,0.8929187059402466,0.8936170339584351,0.8814731240272522,0.9061001539230348,0.961304008960724,False,12.0
Inle,Vembanad,T-Inl_V-Vem_31px_2026-07-23,31,inner,22,0.2474354064678788,0.4612408842627223,0.7862138152122498,0.7467455863952637,0.917151153087616,0.6297405362129211,0.9197165369987488,0.8971855044364929,0.8979226350784302,0.8851590156555176,0.9110596776008606,0.9643992185592652,False,12.0
Inle,Valsequillo,T-Inl_V-Val_31px_2026-07-23,31,inner,1,0.4928624438659597,0.5116990260049409,0.7573529481887817,0.7113702893257141,0.8776978254318237,0.5980392098426819,0.8863648176193237,0.7653304934501648,0.7577534317970276,0.7771000266075134,0.7393466830253601,0.8448229432106018,False,22.0
Inle,Valsequillo,T-Inl_V-Val_31px_2026-07-23,31,inner,2,0.4585278704878979,0.5177329369619781,0.7661764621734619,0.782885730266571,0.730671226978302,0.843137264251709,0.8512985110282898,0.7924109101295471,0.7855077385902405,0.8063558340072632,0.7657104730606079,0.8697212934494019,False,22.0
Inle,Valsequillo,T-Inl_V-Val_31px_2026-07-23,31,inner,3,0.4533411060275242,0.4463513549636392,0.8284313678741455,0.8372092843055725,0.7964601516723633,0.8823529481887817,0.8986851572990417,0.7936455607414246,0.7867290377616882,0.8078266978263855,0.766705334186554,0.8733478784561157,False,22.0
Inle,Valsequillo,T-Inl_V-Val_31px_2026-07-23,31,inner,4,0.4304701638855613,0.4231217746641121,0.8333333134651184,0.8431734442710876,0.796167254447937,0.8960784077644348,0.9085870981216432,0.8076384663581848,0.8040251731872559,0.8133695125579834,0.7948930263519287,0.8867800235748291,False,22.0
Inle,Valsequillo,T-Inl_V-Val_31px_2026-07-23,31,inner,5,0.4202314573792786,0.4274846390181896,0.8269608020782471,0.8435977101325989,0.7696039080619812,0.9333333373069764,0.9193002581596376,0.8156226873397827,0.8128342032432556,0.8192690014839172,0.8064997792243958,0.8928549885749817,False,22.0
Inle,Valsequillo,T-Inl_V-Val_31px_2026-07-23,31,inner,6,0.3825980235798504,0.3827167848745982,0.83186274766922,0.8307844400405884,0.8361469507217407,0.8254901766777039,0.9087494611740112,0.8365297317504883,0.836273729801178,0.8316117525100708,0.8409882187843323,0.911287486553192,False,22.0
Inle,Valsequillo,T-Inl_V-Val_31px_2026-07-23,31,inner,7,0.3643008331078366,0.3619745400606417,0.8647058606147766,0.8698112964630127,0.8381817936897278,0.9039215445518494,0.912972927093506,0.8456662893295288,0.8459705710411072,0.8383262753486633,0.8537555932998657,0.9188302755355836,False,22.0
Inle,Valsequillo,T-Inl_V-Val_31px_2026-07-23,31,inner,8,0.3574144465338105,0.3326401827089927,0.8715686202049255,0.874400794506073,0.8555347323417664,0.8941176533699036,0.9293464422225952,0.8515104055404663,0.8516691327095032,0.8447235226631165,0.858729898929596,0.9219893217086792,False,22.0
Inle,Valsequillo,T-Inl_V-Val_31px_2026-07-23,31,inner,9,0.3494082102486897,0.4352438595949435,0.8446078300476074,0.852076530456543,0.8130009174346924,0.8950980305671692,0.8961197137832642,0.8546382188796997,0.8550558090209961,0.8465788960456848,0.8637042045593262,0.9250563383102416,False,22.0
Inle,Valsequillo,T-Inl_V-Val_31px_2026-07-23,31,inner,10,0.3444289905204235,0.3350851807524176,0.8764705657958984,0.8831169009208679,0.8380281925201416,0.9333333373069764,0.9412600994110109,0.8562844395637512,0.8567913174629211,0.8477519750595093,0.8660255074501038,0.9271131753921508,False,22.0
Inle,Valsequillo,T-Inl_V-Val_31px_2026-07-23,31,inner,11,0.3164428514122953,0.4229685074850625,0.8107843399047852,0.802051305770874,0.8408601880073547,0.7666666507720947,0.8934034705162048,0.8717589974403381,0.8721693754196167,0.8632450699806213,0.8812800645828247,0.9392496943473816,False,22.0
Inle,Valsequillo,T-Inl_V-Val_31px_2026-07-23,31,inner,12,0.3078989309728445,0.4050126757107529,0.8367646932601929,0.8560311198234558,0.7656612396240234,0.970588207244873,0.9172222018241882,0.8731582760810852,0.8740704655647278,0.8617466688156128,0.8867517709732056,0.9427983164787292,False,22.0
Inle,Valsequillo,T-Inl_V-Val_31px_2026-07-23,31,inner,13,0.2995088259980888,0.4003446643259011,0.8348039388656616,0.8447719812393188,0.7966985106468201,0.8990195989608765,0.8966550827026367,0.8772738575935364,0.8780767321586609,0.8662471771240234,0.8902338147163391,0.9455647468566896,False,22.0
Inle,Valsequillo,T-Inl_V-Val_31px_2026-07-23,31,inner,14,0.2984849416956469,0.3353090736211515,0.8607842922210693,0.8691244125366211,0.8199999928474426,0.924509823322296,0.933085322380066,0.8767799735069275,0.8774056434631348,0.8668285012245178,0.888244092464447,0.945649027824402,False,22.0
Inle,Valsequillo,T-Inl_V-Val_31px_2026-07-23,31,inner,15,0.2926782380971352,0.3372379360830083,0.8666666746139526,0.875,0.8235294222831726,0.9333333373069764,0.9332458972930908,0.8814717531204224,0.8822182416915894,0.8705407381057739,0.8942132592201233,0.948080599308014,False,22.0
Inle,Valsequillo,T-Inl_V-Val_31px_2026-07-23,31,inner,16,0.2808977199936219,0.3034352777050991,0.8803921341896057,0.886617124080658,0.8427562117576599,0.9352940917015076,0.9424774050712584,0.8867396712303162,0.8875633478164673,0.8749798536300659,0.9005140066146851,0.9520784616470336,False,22.0
Inle,Valsequillo,T-Inl_V-Val_31px_2026-07-23,31,inner,17,0.2751691160118426,0.3109586410662707,0.8735294342041016,0.8801115155220032,0.8365724086761475,0.9284313917160034,0.9395405650138856,0.8881389498710632,0.8892691135406494,0.8742390275001526,0.9048250913619996,0.9542582035064696,False,22.0
Inle,Valsequillo,T-Inl_V-Val_31px_2026-07-23,31,inner,18,0.2721947516072521,0.304537873116194,0.876960813999176,0.8821042776107788,0.8467087745666504,0.9205882549285888,0.9406949281692504,0.8904436826705933,0.8913912773132324,0.8775706887245178,0.9056541323661804,0.9550118446350098,False,22.0
Inle,Valsequillo,T-Inl_V-Val_31px_2026-07-23,31,inner,19,0.2680512639129787,0.3076604563231562,0.8774510025978088,0.8851103186607361,0.8330450057983398,0.9441176652908324,0.9477344751358032,0.8914313912391663,0.8925282955169678,0.8774431347846985,0.9081412553787231,0.9566144943237304,False,22.0
Inle,Valsequillo,T-Inl_V-Val_31px_2026-07-23,31,inner,20,0.270142744298442,0.3082620500349531,0.8622549176216125,0.8675153255462646,0.8356040120124817,0.901960790157318,0.9419530630111694,0.8908551931381226,0.8917374014854431,0.8783979415893555,0.9054883122444152,0.9558318257331848,False,22.0
Inle,Valsequillo,T-Inl_V-Val_31px_2026-07-23,31,inner,21,0.2608781611637791,0.3237516098162707,0.8705882430076599,0.878341019153595,0.8286956548690796,0.934313714504242,0.9289724826812744,0.8930776119232178,0.8940542936325073,0.8797752857208252,0.9088045358657836,0.9593663215637208,False,22.0
Inle,Valsequillo,T-Inl_V-Val_31px_2026-07-23,31,inner,22,0.2573893519034257,0.2958599272311902,0.8764705657958984,0.8831169009208679,0.8380281925201416,0.9333333373069764,0.9485976696014404,0.8991686701774597,0.9000244736671448,0.8862102031707764,0.9142762422561646,0.9597484469413756,False,22.0
Inle,Valsequillo,T-Inl_V-Val_31px_2026-07-23,31,inner,23,0.2524285319987437,0.3260091193750792,0.8691176176071167,0.8794582486152649,0.8150627613067627,0.954901933670044,0.940826654434204,0.9009795188903807,0.901739776134491,0.8886027336120605,0.9152711033821106,0.9618700742721558,False,22.0
Inle,Valsequillo,T-Inl_V-Val_31px_2026-07-23,31,inner,24,0.256656439017441,0.3103897004150877,0.8759803771972656,0.8811648488044739,0.8458070158958435,0.9196078181266784,0.9356968402862548,0.8977693915367126,0.898429811000824,0.8863966464996338,0.9107942581176758,0.9598774909973145,False,22.0
Inle,Valsequillo,T-Inl_V-Val_31px_2026-07-23,31,inner,25,0.2527272336909247,0.3241460351967344,0.8745098114013672,0.8803738355636597,0.8410714268684387,0.9235293865203856,0.9318608045578004,0.8977693915367126,0.8983134031295776,0.887271523475647,0.9096335768699646,0.9614332318305968,False,22.0
Inle,Valsequillo,T-Inl_V-Val_31px_2026-07-23,31,inner,26,0.2447940316580187,0.3127079226807052,0.8715686202049255,0.8773408532142639,0.8396057486534119,0.9186274409294128,0.940045177936554,0.902790367603302,0.9036626219749452,0.8893705606460571,0.918421506881714,0.9645092487335204,False,22.0
Inle,Valsequillo,T-Inl_V-Val_31px_2026-07-23,31,inner,27,0.2452134465605096,0.3233914439584694,0.8710784316062927,0.8785219192504883,0.8305676579475403,0.9323529601097108,0.93223375082016,0.902378797531128,0.9032942056655884,0.8886571526527405,0.918421506881714,0.9643608331680298,False,22.0
Inle,Valsequillo,T-Inl_V-Val_31px_2026-07-23,31,inner,28,0.2440609036551472,0.3133458510333416,0.875,0.8812296390533447,0.8393966555595398,0.927450954914093,0.9396020770072936,0.9027080535888672,0.9034313559532166,0.8904815316200256,0.9167633652687072,0.964500904083252,False,22.0
Inle,Valsequillo,T-Inl_V-Val_31px_2026-07-23,31,inner,29,0.2450135844496015,0.3126542790263307,0.8735294342041016,0.8803339600563049,0.8353873491287231,0.9303921461105348,0.9399384260177612,0.9022964835166932,0.9031732082366944,0.8888888955116272,0.9179240465164183,0.9639090299606324,False,22.0
Inle,Valsequillo,T-Inl_V-Val_31px_2026-07-23,31,inner,30,0.2379654492799299,0.3147767939988304,0.8725489974021912,0.8804047703742981,0.829289436340332,0.9382352828979492,0.9420636892318726,0.9080582857131958,0.9087194800376892,0.8959071636199951,0.9219034910202026,0.9665677547454834,False,22.0
Inle,Valsequillo,T-Inl_V-Val_31px_2026-07-23,31,inner,31,0.2400037900406948,0.319233022367253,0.8710784316062927,0.8763516545295715,0.8419150710105896,0.91372549533844,0.9335918426513672,0.9036957621574402,0.9042239785194396,0.8929668664932251,0.9157685041427612,0.9656982421875,False,22.0
Inle,Valsequillo,T-Inl_V-Val_31px_2026-07-23,31,inner,32,0.2381733685072012,0.3165139437306161,0.8735294342041016,0.8794392347335815,0.8401785492897034,0.92254900932312,0.933721661567688,0.9080582857131958,0.9087343811988832,0.8957796096801758,0.9220693111419678,0.966033935546875,False,22.0
Inle,RawaPening,T-Inl_V-Raw_31px_2026-07-23,31,inner,1,0.4978687751084832,0.5198377427402195,0.7587412595748901,0.7665538787841797,0.7432052493095398,0.7914171814918518,0.834245502948761,0.7581028938293457,0.7500847578048706,0.769792914390564,0.7313605546951294,0.8406370878219604,False,10.0
Inle,RawaPening,T-Inl_V-Raw_31px_2026-07-23,31,inner,2,0.4711160194377878,0.4304171758336382,0.8191808462142944,0.8249516487121582,0.8001875877380371,0.8512973785400391,0.893032431602478,0.7755805253982544,0.7656986117362976,0.7946301698684692,0.7387998104095459,0.8608448505401611,False,10.0
Inle,RawaPening,T-Inl_V-Raw_31px_2026-07-23,31,inner,3,0.4619973514614518,0.5162106104544946,0.7802197933197021,0.8091934323310852,0.7154908180236816,0.93113774061203,0.8698891997337341,0.7887913584709167,0.7789419293403625,0.8105451464653015,0.7497106790542603,0.8668596744537354,False,10.0
Inle,RawaPening,T-Inl_V-Raw_31px_2026-07-23,31,inner,4,0.4424112561035266,0.4067455119305438,0.8306693434715271,0.8470906615257263,0.7728394865989685,0.9371257424354552,0.9114940166473388,0.8008533716201782,0.793569803237915,0.8172739744186401,0.7712018489837646,0.8806387782096863,False,10.0
Inle,RawaPening,T-Inl_V-Raw_31px_2026-07-23,31,inner,5,0.4220240885301504,0.6522094286405123,0.7647352814674377,0.8070462942123413,0.6845031380653381,0.9830339550971984,0.842453122138977,0.809222936630249,0.8032495379447937,0.8228155374526978,0.7845925092697144,0.8930387496948242,False,10.0
Inle,RawaPening,T-Inl_V-Raw_31px_2026-07-23,31,inner,6,0.3887130122775762,0.4946116787213069,0.8046953082084656,0.8321167826652527,0.7302185297012329,0.9670658707618712,0.8654371500015259,0.830146849155426,0.8291515111923218,0.8279215693473816,0.8303852081298828,0.9085789918899536,False,10.0
Inle,RawaPening,T-Inl_V-Raw_31px_2026-07-23,31,inner,7,0.3758137821148562,0.4398428810821784,0.8161838054656982,0.8411053419113159,0.7412480711936951,0.9720559120178224,0.8923213481903076,0.8368753790855408,0.8357024788856506,0.835564374923706,0.83584064245224,0.9150226712226868,False,10.0
Inle,RawaPening,T-Inl_V-Raw_31px_2026-07-23,31,inner,8,0.3563624334580358,0.5285722986682431,0.7792207598686218,0.8185549974441528,0.6952580213546753,0.9950099587440492,0.893909215927124,0.8454090356826782,0.8451421856880188,0.8404446840286255,0.8498925566673279,0.92325621843338,False,10.0
Inle,RawaPening,T-Inl_V-Raw_31px_2026-07-23,31,inner,9,0.3516085742583587,0.5014992113356347,0.791208803653717,0.8259783387184143,0.7085714340209961,0.9900199770927428,0.9156576991081238,0.8495118021965027,0.8495981693267822,0.8429617285728455,0.8563398718833923,0.924790620803833,False,10.0
Inle,RawaPening,T-Inl_V-Raw_31px_2026-07-23,31,inner,10,0.3419136858836478,0.3700674762139906,0.8431568145751953,0.8600713014602661,0.7769726514816284,0.9630738496780396,0.9180468916893004,0.8552556037902832,0.8552912473678589,0.8488845229148865,0.8617953658103943,0.9297401905059814,False,10.0
Inle,RawaPening,T-Inl_V-Raw_31px_2026-07-23,31,inner,11,0.3242576739850071,0.4401357313850662,0.8011987805366516,0.8307822942733765,0.7237036824226379,0.9750499129295348,0.8911417126655579,0.8655945062637329,0.8664165735244751,0.8549814820289612,0.8781616687774658,0.9361519813537598,False,10.0
Inle,RawaPening,T-Inl_V-Raw_31px_2026-07-23,31,inner,12,0.3144798031894629,0.4677449290926282,0.8066933155059814,0.8363636136054993,0.725605309009552,0.9870259761810304,0.8961387276649475,0.8687125444412231,0.8694090843200684,0.8586167693138123,0.8804761171340942,0.9398164749145508,False,10.0
Inle,RawaPening,T-Inl_V-Raw_31px_2026-07-23,31,inner,13,0.3107039495694918,0.4618587255120635,0.8056942820549011,0.8352392911911011,0.7255334854125977,0.9840319156646729,0.9113253355026244,0.8698613047599792,0.8706994652748108,0.8589351773262024,0.8827905654907227,0.9414395093917848,False,10.0
Inle,RawaPening,T-Inl_V-Raw_31px_2026-07-23,31,inner,14,0.3022361485191411,0.3964133548450755,0.823676347732544,0.8467216491699219,0.7494235038757324,0.9730538725852966,0.925350308418274,0.8735538125038147,0.8741115927696228,0.8640180826187134,0.8844437003135681,0.9446576833724976,False,10.0
Inle,RawaPening,T-Inl_V-Raw_31px_2026-07-23,31,inner,15,0.2965641318504576,0.5655813585151802,0.7842158079147339,0.8217821717262268,0.700421929359436,0.9940119981765748,0.8863971829414368,0.8746204972267151,0.8748361468315125,0.8670238852500916,0.8827905654907227,0.9471123814582824,False,10.0
Inle,RawaPening,T-Inl_V-Raw_31px_2026-07-23,31,inner,16,0.2806982631521756,0.4318889830853198,0.811188817024231,0.8383233547210693,0.7335329055786133,0.9780439138412476,0.9244091510772704,0.8843849897384644,0.8852512240409851,0.8723916411399841,0.898495614528656,0.9528277516365052,False,10.0
Inle,RawaPening,T-Inl_V-Raw_31px_2026-07-23,31,inner,17,0.27614192550789,0.4930852145462722,0.8106893301010132,0.8392024040222168,0.7298892736434937,0.9870259761810304,0.9010229110717772,0.8832362294197083,0.8833702206611633,0.8759753108024597,0.8908910751342773,0.9546948075294496,False,10.0
Inle,RawaPening,T-Inl_V-Raw_31px_2026-07-23,31,inner,18,0.2716016103008025,0.3953005136190713,0.8316683173179626,0.8519982695579529,0.7607843279838562,0.9680638909339904,0.9294551610946656,0.8879954218864441,0.8882521390914917,0.8798248171806335,0.8968424797058105,0.9560471177101136,False,10.0
Inle,RawaPening,T-Inl_V-Raw_31px_2026-07-23,31,inner,19,0.2653753284337122,0.3964721380056558,0.8271728157997131,0.8494343161582947,0.7530864477157593,0.9740518927574158,0.9215997457504272,0.8889800310134888,0.889125645160675,0.8815404772758484,0.8968424797058105,0.9582019448280334,False,10.0
Inle,RawaPening,T-Inl_V-Raw_31px_2026-07-23,31,inner,20,0.2674145785078518,0.48218404877555,0.7977023124694824,0.8299034237861633,0.716461181640625,0.9860279560089112,0.9208462834358216,0.8892261981964111,0.8897238969802856,0.87937992811203,0.9003140926361084,0.9570056200027466,False,10.0
Inle,Winam,T-Inl_V-Win_31px_2026-07-23,31,inner,1,0.5053582850687811,0.5919074384703404,0.7058529257774353,0.6888889074325562,0.731460690498352,0.6510000228881836,0.7669770121574402,0.7554553151130676,0.7463194727897644,0.769298255443573,0.7246736288070679,0.8345099091529846,False,11.0
Inle,Winam,T-Inl_V-Win_31px_2026-07-23,31,inner,2,0.473638597778652,0.5927185431875664,0.6888444423675537,0.6230303049087524,0.7907692193984985,0.5139999985694885,0.7843673229217529,0.7778506875038147,0.7697670459747314,0.7926807999610901,0.748140811920166,0.8587384819984436,False,11.0
Inle,Winam,T-Inl_V-Win_31px_2026-07-23,31,inner,3,0.4735718601448209,0.5316937368711631,0.7568784356117249,0.7300000190734863,0.8212500214576721,0.6570000052452087,0.843925952911377,0.7780147790908813,0.7687574625015259,0.795965313911438,0.7433481812477112,0.8597888946533203,False,11.0
Inle,Winam,T-Inl_V-Win_31px_2026-07-23,31,inner,4,0.4650591136443018,0.5800897149651453,0.7258629202842712,0.6889897584915161,0.7965879440307617,0.6069999933242798,0.8160200119018555,0.782608687877655,0.7763713002204895,0.7932401895523071,0.7602049112319946,0.8654029965400696,False,11.0
Inle,Winam,T-Inl_V-Win_31px_2026-07-23,31,inner,5,0.4568169057222543,0.4744725438238323,0.7828914523124695,0.7753623127937317,0.803648054599762,0.7490000128746033,0.8651962280273438,0.7908941507339478,0.7856361865997314,0.7998287677764893,0.7719385027885437,0.8705931305885315,False,11.0
Inle,Winam,T-Inl_V-Win_31px_2026-07-23,31,inner,6,0.4282953340758839,0.52682028133506,0.7473737001419067,0.7115933895111084,0.8295605778694153,0.6230000257492065,0.8696866035461426,0.8085315823554993,0.805629551410675,0.8119859099388123,0.7993720173835754,0.8874200582504272,False,11.0
Inle,Winam,T-Inl_V-Win_31px_2026-07-23,31,inner,7,0.4165576201369275,0.5037215461599464,0.7738869190216064,0.7454954981803894,0.8530927896499634,0.6620000004768372,0.8708808422088623,0.8182936906814575,0.8171386122703552,0.8163972496986389,0.8178813457489014,0.8931866884231567,False,11.0
Inle,Winam,T-Inl_V-Win_31px_2026-07-23,31,inner,8,0.4089229079716708,0.5025063069155714,0.7828914523124695,0.7548022866249084,0.86753249168396,0.6679999828338623,0.8701441287994385,0.8223133683204651,0.8219335675239563,0.8177654147148132,0.8261444568634033,0.8962798118591309,False,11.0
Inle,Winam,T-Inl_V-Win_31px_2026-07-23,31,inner,9,0.3965160921228235,0.595609033627218,0.7528764605522156,0.6931676864624023,0.9147540926933287,0.5580000281333923,0.8882732391357422,0.825512707233429,0.8257557153701782,0.8187134265899658,0.8329201936721802,0.9028976559638976,False,11.0
Inle,Winam,T-Inl_V-Win_31px_2026-07-23,31,inner,10,0.3885623300828534,0.5652919192509581,0.7668834328651428,0.7340182662010193,0.855053186416626,0.6430000066757202,0.8516846895217896,0.8335520625114441,0.8332374691963196,0.8288096785545349,0.8377127647399902,0.9071556329727172,False,11.0
Inle,Winam,T-Inl_V-Win_31px_2026-07-23,31,inner,11,0.3641130513886724,0.3430159749137541,0.838919460773468,0.8373737335205078,0.8459183573722839,0.8289999961853027,0.9307602643966676,0.8430680632591248,0.8439768552780151,0.8331723213195801,0.8550652861595154,0.9186591506004332,False,11.0
Inle,Winam,T-Inl_V-Win_31px_2026-07-23,31,inner,12,0.3505180381965793,0.5002430377461914,0.7973986864089966,0.7684391140937805,0.8971962332725525,0.671999990940094,0.9217557907104492,0.847169816493988,0.8485488891601562,0.8350399732589722,0.8625020384788513,0.9257500171661376,False,11.0
Inle,Winam,T-Inl_V-Win_31px_2026-07-23,31,inner,13,0.347240036510854,0.4564163717059227,0.809904932975769,0.7838453054428101,0.9089709520339966,0.6890000104904175,0.9302151799201964,0.8515176177024841,0.8518579006195068,0.8438462615013123,0.8600231409072876,0.9267680644989014,False,11.0
Inle,Winam,T-Inl_V-Win_31px_2026-07-23,31,inner,14,0.3403940874108337,0.3539932891707858,0.8359179496765137,0.8253461122512817,0.8826879262924194,0.7749999761581421,0.9375405311584472,0.8559474945068359,0.8565593957901001,0.846874475479126,0.8664683699607849,0.929158091545105,False,11.0
Inle,Winam,T-Inl_V-Win_31px_2026-07-23,31,inner,15,0.3368696493042405,0.4013832337090213,0.8109054565429688,0.7847380638122559,0.9113756418228148,0.6890000104904175,0.9407347440719604,0.8552091717720032,0.8562586307525635,0.8440911769866943,0.8687820434570312,0.93117094039917,False,11.0
Inle,Winam,T-Inl_V-Win_31px_2026-07-23,31,inner,16,0.3215446615140882,0.396618982268243,0.8164082169532776,0.7906445860862732,0.9203187227249146,0.6930000185966492,0.9455485343933104,0.8629204034805298,0.8637586832046509,0.852429986000061,0.875392496585846,0.937926948070526,False,11.0
Inle,Winam,T-Inl_V-Win_31px_2026-07-23,31,inner,17,0.3126746638399152,0.3477881015252775,0.8434216976165771,0.8284931778907776,0.9163636565208436,0.7559999823570251,0.9480645656585692,0.8662018179893494,0.8668897151947021,0.8563366532325745,0.8777061700820923,0.9410894513130188,False,11.0
Inle,Winam,T-Inl_V-Win_31px_2026-07-23,31,inner,18,0.3113333736803807,0.368501257011597,0.8369184732437134,0.8145620226860046,0.9445910453796388,0.7160000205039978,0.95643949508667,0.8691550493240356,0.8702513575553894,0.8569368720054626,0.8839861154556274,0.9414567947387696,False,11.0
Inle,Winam,T-Inl_V-Win_31px_2026-07-23,31,inner,19,0.3099253766305921,0.365799838715252,0.8349174857139587,0.8143982291221619,0.9305912852287292,0.7239999771118164,0.9530019760131836,0.8667760491371155,0.8677093386650085,0.8555823564529419,0.880185067653656,0.9420745968818665,False,11.0
Inle,Winam,T-Inl_V-Win_31px_2026-07-23,31,inner,20,0.3031723186801554,0.3448010408349816,0.8349174857139587,0.8152295351028442,0.9262086749076844,0.7279999852180481,0.9531862139701844,0.8709598183631897,0.8712871074676514,0.8628849387168884,0.8798545598983765,0.945090115070343,False,11.0
Inle,Winam,T-Inl_V-Win_31px_2026-07-23,31,inner,21,0.2988349000995916,0.3904552127161492,0.8219109773635864,0.7939814925193787,0.942307710647583,0.6859999895095825,0.952792763710022,0.873831033706665,0.8749593496322632,0.8610977530479431,0.8892744779586792,0.9468173980712892,False,11.0
Inle,,Test_Inl_outer_31px_2026-07-23,31,outer,1,0.4815039134729622,,,,,,,0.772429347038269,0.7617853283882141,0.7938191890716553,0.7322365641593933,0.8533095121383667,False,
Inle,,Test_Inl_outer_31px_2026-07-23,31,outer,2,0.4641458787057102,,,,,,,0.7879343032836914,0.7802205681800842,0.8043674826622009,0.7574812173843384,0.8664823770523071,False,
Inle,,Test_Inl_outer_31px_2026-07-23,31,outer,3,0.4493658487245979,,,,,,,0.7954049110412598,0.7881795167922974,0.8116922378540039,0.7659906148910522,0.8758220076560974,False,
Inle,,Test_Inl_outer_31px_2026-07-23,31,outer,4,0.4346617513768592,,,,,,,0.8087955713272095,0.8045811653137207,0.8174765706062317,0.7920862436294556,0.8849480748176575,False,
Inle,,Test_Inl_outer_31px_2026-07-23,31,outer,5,0.4185502898349462,,,,,,,0.8178870677947998,0.8157181739807129,0.8203988075256348,0.8110906481742859,0.8936232924461365,False,
Inle,,Test_Inl_outer_31px_2026-07-23,31,outer,6,0.3758412161150831,,,,,,,0.8385369181632996,0.837920069694519,0.8359683752059937,0.8398808836936951,0.9143913984298706,False,
Inle,,Test_Inl_outer_31px_2026-07-23,31,outer,7,0.3618296589052562,,,,,,,0.8452322483062744,0.8448056578636169,0.8419495820999146,0.8476811647415161,0.9200422167778016,False,
Inle,,Test_Inl_outer_31px_2026-07-23,31,outer,8,0.3470703527164371,,,,,,,0.8512932658195496,0.8519505858421326,0.8430773615837097,0.8610126376152039,0.9262906312942504,False,
Inle,,Test_Inl_outer_31px_2026-07-23,31,outer,9,0.3439852740864764,,,,,,,0.8536189794540405,0.8544192910194397,0.8446508049964905,0.8644164204597473,0.9278803467750548,False,
Inle,,Test_Inl_outer_31px_2026-07-23,31,outer,10,0.3356012512638769,,,,,,,0.8568609356880188,0.857102632522583,0.8504607677459717,0.8638491034507751,0.931768536567688,False,
Inle,,Test_Inl_outer_31px_2026-07-23,31,outer,11,0.3168962108899023,,,,,,,0.8653886914253235,0.8658707737922668,0.8575601577758789,0.8743440508842468,0.939461588859558,False,
Vembanad,Hartbeespoort,T-Vem_V-Har_31px_2026-07-23,31,inner,1,0.493368353622041,0.5090760149824338,0.7101377844810486,0.7383385300636292,0.6653322577476501,0.8293412923812866,0.8455429077148438,0.7633072733879089,0.7520468831062317,0.7852771878242493,0.7215148210525513,0.8421343564987183,False,7.0
Vembanad,Hartbeespoort,T-Vem_V-Har_31px_2026-07-23,31,inner,2,0.4413189800738896,0.5814983669932433,0.7007874250411987,0.7241379022598267,0.6638935208320618,0.796407163143158,0.8088986873626709,0.8002468347549438,0.795347273349762,0.81107097864151,0.7802215814590454,0.8772139549255371,False,7.0
Vembanad,Hartbeespoort,T-Vem_V-Har_31px_2026-07-23,31,inner,3,0.4087983376251136,0.4637467704537346,0.8154527544975281,0.7896803021430969,0.9014084339141846,0.7025948166847229,0.8745790123939514,0.8157137036323547,0.8126776814460754,0.8220267295837402,0.8035389184951782,0.8958542346954346,False,7.0
Vembanad,Hartbeespoort,T-Vem_V-Har_31px_2026-07-23,31,inner,4,0.3833435493675782,0.8052878910162318,0.6747047305107117,0.6895256042480469,0.6512866020202637,0.7325349450111389,0.7150775790214539,0.8311805725097656,0.8283419609069824,0.838158130645752,0.8187531232833862,0.9094229936599731,False,7.0
Vembanad,Hartbeespoort,T-Vem_V-Har_31px_2026-07-23,31,inner,5,0.3638001928526597,0.528037518966855,0.8228346705436707,0.8004434704780579,0.9002493619918823,0.7205588817596436,0.8521016240119934,0.8343068957328796,0.8323343396186829,0.8380553126335144,0.8266909122467041,0.9181143045425416,False,7.0
Vembanad,Hartbeespoort,T-Vem_V-Har_31px_2026-07-23,31,inner,6,0.3262624418022014,0.9705028630734428,0.7135826945304871,0.61710524559021,0.9054054021835328,0.4680638611316681,0.7016791701316833,0.8576717376708984,0.8567643761634827,0.857900857925415,0.8556308746337891,0.9351152181625366,False,7.0
Vembanad,Hartbeespoort,T-Vem_V-Har_31px_2026-07-23,31,inner,7,0.3212563772988094,0.3576205504808838,0.8784449100494385,0.8689655065536499,0.9275197982788086,0.817365288734436,0.9262688159942628,0.8599753379821777,0.8582375645637512,0.8645746111869812,0.8519927263259888,0.9371625185012816,False,7.0
Vembanad,Hartbeespoort,T-Vem_V-Har_31px_2026-07-23,31,inner,8,0.305750559800596,0.6485258156037707,0.7972440719604492,0.7547619342803955,0.9351032376289368,0.6327345371246338,0.8432842493057251,0.8696010112762451,0.8683226704597473,0.8724541068077087,0.864230215549469,0.9431084394454956,False,7.0
Vembanad,Hartbeespoort,T-Vem_V-Har_31px_2026-07-23,31,inner,9,0.2874147005713265,0.5317253382421854,0.8252952694892883,0.7960941791534424,0.9377537369728088,0.6916167736053467,0.8812772631645203,0.8787330389022827,0.8778182864189148,0.8800066709518433,0.8756408095359802,0.9498654007911682,False,7.0
Vembanad,Hartbeespoort,T-Vem_V-Har_31px_2026-07-23,31,inner,10,0.2824793353069961,0.7232262795483033,0.8041338324546814,0.763938307762146,0.9415204524993896,0.6427145600318909,0.8497393131256104,0.8780748844146729,0.8771958947181702,0.8790898323059082,0.8753100633621216,0.9514366984367372,False,7.0
Vembanad,Hartbeespoort,T-Vem_V-Har_31px_2026-07-23,31,inner,11,0.2597450761748949,0.6609488289773934,0.8154527544975281,0.7818499207496643,0.9372385144233704,0.6706587076187134,0.8630680441856384,0.8916495442390442,0.891148030757904,0.8907799124717712,0.8915164470672607,0.9590888023376464,False,7.0
Vembanad,Hartbeespoort,T-Vem_V-Har_31px_2026-07-23,31,inner,12,0.2516328696874079,0.6179692829101104,0.8262795209884644,0.7941690683364868,0.9551191926002502,0.6796407103538513,0.8807501196861267,0.8943644762039185,0.8940244317054749,0.8924040198326111,0.8956507444381714,0.961635172367096,False,7.0
Vembanad,Hartbeespoort,T-Vem_V-Har_31px_2026-07-23,31,inner,13,0.245728569357349,0.5568881855294929,0.8129921555519104,0.7777777910232544,0.9392655491828918,0.6636726260185242,0.8983983397483826,0.896256685256958,0.8958625793457031,0.8947542309761047,0.896973729133606,0.9632736444473268,False,7.0
Vembanad,Hartbeespoort,T-Vem_V-Har_31px_2026-07-23,31,inner,14,0.2349282113454411,0.6076987348496914,0.8065944910049438,0.7689594626426697,0.9356223344802856,0.652694582939148,0.8734027147293091,0.903743326663971,0.9038145542144777,0.8986431360244751,0.9090458154678344,0.9664101600646972,False,7.0
Vembanad,Hartbeespoort,T-Vem_V-Har_31px_2026-07-23,31,inner,15,0.2332879745435538,0.5610433063785157,0.8272637724876404,0.7965217232704163,0.9502074718475342,0.6856287717819214,0.901511549949646,0.9056355357170104,0.9055267572402954,0.9020347595214844,0.9090458154678344,0.9668078422546388,False,7.0
Vembanad,Hartbeespoort,T-Vem_V-Har_31px_2026-07-23,31,inner,16,0.2204291354035801,0.6306881396554587,0.8188976645469666,0.7899543642997742,0.9226666688919068,0.6906187534332275,0.8662974834442139,0.9095022678375244,0.9093157649040222,0.9066250324249268,0.9120224714279176,0.9705454111099244,False,7.0
Vembanad,Hartbeespoort,T-Vem_V-Har_31px_2026-07-23,31,inner,17,0.2158868951838676,0.6601361710519538,0.8174212574958801,0.7866590023040771,0.9280868172645568,0.682634711265564,0.8660358786582947,0.9115590453147888,0.911573588848114,0.9068740010261536,0.9163221716880798,0.971733331680298,False,7.0
Vembanad,Rodman,T-Vem_V-Rod_31px_2026-07-23,31,inner,1,0.4655828543507351,0.6338934403325155,0.707149863243103,0.6849315166473389,0.7420091032981873,0.6360078454017639,0.8013324737548828,0.781309187412262,0.7698439955711365,0.8057318925857544,0.7370167374610901,0.8614054918289185,False,15.0
Vembanad,Rodman,T-Vem_V-Rod_31px_2026-07-23,31,inner,2,0.4034495958088356,0.6241843870874717,0.6973555088043213,0.6637649536132812,0.7475489974021912,0.5968688726425171,0.7937991619110107,0.8223960399627686,0.8167219161987305,0.8369905948638916,0.7974116206169128,0.9004157781600952,False,15.0
Vembanad,Rodman,T-Vem_V-Rod_31px_2026-07-23,31,inner,3,0.3771099969063732,0.6721011094902218,0.6346718668937683,0.7302964329719543,0.5791284441947937,0.9882583022117616,0.8508998155593872,0.8348291516304016,0.8304597735404968,0.8463393449783325,0.815165102481842,0.9133287072181702,False,15.0
Vembanad,Rodman,T-Vem_V-Rod_31px_2026-07-23,31,inner,4,0.3445912039392816,0.8037967882707467,0.6341821551322937,0.7315846085548401,0.5780806541442871,0.9960861206054688,0.8445819616317749,0.8518732190132141,0.8498706221580505,0.8549361824989319,0.8448647856712341,0.9277445673942566,False,15.0
Vembanad,Rodman,T-Vem_V-Rod_31px_2026-07-23,31,inner,5,0.3237747957280458,0.7391826501672578,0.6307541728019714,0.7272069454193115,0.5769230723381042,0.9833659529685974,0.863145112991333,0.8615068197250366,0.8602989912033081,0.861300528049469,0.8592998385429382,0.936683714389801,False,15.0
Vembanad,Rodman,T-Vem_V-Rod_31px_2026-07-23,31,inner,6,0.2930428374324035,0.5138551369236452,0.7904015779495239,0.8111209273338318,0.7387459874153137,0.8992172479629517,0.8838542103767395,0.8747632503509521,0.873974621295929,0.8728897571563721,0.8750622272491455,0.9479480981826782,False,15.0
Vembanad,Rodman,T-Vem_V-Rod_31px_2026-07-23,31,inner,7,0.2872268218214299,0.5358917803068469,0.7810969352722168,0.7957971692085266,0.7463581562042236,0.8522505164146423,0.8436130285263062,0.8810210227966309,0.8803709149360657,0.8785525560379028,0.8821967840194702,0.9499342441558838,False,15.0
Vembanad,Rodman,T-Vem_V-Rod_31px_2026-07-23,31,inner,8,0.27343763748453,0.7553292396136292,0.7624877691268921,0.770468533039093,0.7461044788360596,0.7964774966239929,0.8179933428764343,0.8851379156112671,0.884548544883728,0.8824306726455688,0.8866766095161438,0.9545457363128662,False,15.0
Vembanad,Rodman,T-Vem_V-Rod_31px_2026-07-23,31,inner,9,0.2670413400985518,0.5426117843792324,0.7938295602798462,0.8114643692970276,0.7481420040130615,0.8864970803260803,0.8684490323066711,0.8891724944114685,0.8885392546653748,0.8869234323501587,0.8901609182357788,0.9565286040306092,False,15.0
Vembanad,Rodman,T-Vem_V-Rod_31px_2026-07-23,31,inner,10,0.2590627519791879,0.6809016638941676,0.7218413352966309,0.7798449397087097,0.6456996202468872,0.9843444228172302,0.8902795314788818,0.8958418965339661,0.895255446434021,0.8935537338256836,0.8969636559486389,0.95928692817688,False,15.0
Vembanad,Rodman,T-Vem_V-Rod_31px_2026-07-23,31,inner,11,0.2355658682237293,0.5293294911753536,0.8114593625068665,0.8266546726226807,0.7656380534172058,0.8982387185096741,0.8687713146209717,0.9031700491905212,0.9030182957649232,0.8976881504058838,0.9084121584892272,0.9663943648338318,False,15.0
Vembanad,Rodman,T-Vem_V-Rod_31px_2026-07-23,31,inner,12,0.2282337846334896,0.5150044579697403,0.7982370257377625,0.8096118569374084,0.7670753002166748,0.8571428656578064,0.855915904045105,0.908357322216034,0.907795548439026,0.9065188765525818,0.9090757966041564,0.968325972557068,False,15.0
Vembanad,Rodman,T-Vem_V-Rod_31px_2026-07-23,31,inner,13,0.2235271610009812,0.7090515853375576,0.7948089838027954,0.8199398517608643,0.7310344576835632,0.9334638118743896,0.8442984819412231,0.9095924496650696,0.909555196762085,0.9031572341918944,0.9160444736480712,0.9694535732269288,False,15.0
Vembanad,Rodman,T-Vem_V-Rod_31px_2026-07-23,31,inner,14,0.2232459482488047,0.5852495420808073,0.8001958727836609,0.8160504698753357,0.7566889524459839,0.8855186104774475,0.8770298957824707,0.9111568331718444,0.9107453227043152,0.9081161618232728,0.9133897423744202,0.9696243405342102,False,15.0
Vembanad,Rodman,T-Vem_V-Rod_31px_2026-07-23,31,inner,15,0.2158462027332428,0.5039324497732897,0.8246816992759705,0.8417329788208008,0.7677419185638428,0.931506872177124,0.8994724154472351,0.9165911674499512,0.9163570404052734,0.9120644330978394,0.9206902384757996,0.9713106155395508,False,15.0
Vembanad,Rodman,T-Vem_V-Rod_31px_2026-07-23,31,inner,16,0.2100986324229226,0.5591424898582854,0.8178256750106812,0.8385416865348816,0.7535101175308228,0.9452054500579834,0.8949753046035767,0.9171675443649292,0.9170103669166564,0.9118949770927428,0.9221835136413574,0.9729714393615724,False,15.0
Vembanad,Rodman,T-Vem_V-Rod_31px_2026-07-23,31,inner,17,0.2044561766557312,0.5892441250843586,0.8261508345603943,0.8470486998558044,0.7567359805107117,0.9618395566940308,0.9059787392616272,0.9171675443649292,0.9169144630432128,0.9128432869911194,0.9210220575332642,0.9744458794593812,False,15.0
Vembanad,Rodman,T-Vem_V-Rod_31px_2026-07-23,31,inner,18,0.1979542390659249,0.6398845699695135,0.8031342029571533,0.8243007063865662,0.7448657155036926,0.922700583934784,0.8695023059844971,0.9201317429542542,0.9199934005737304,0.914712131023407,0.9253360033035278,0.976104736328125,False,15.0
Vembanad,Rodman,T-Vem_V-Rod_31px_2026-07-23,31,inner,19,0.1960907130905903,0.7389707799698066,0.7575905919075012,0.8020791411399841,0.6781609058380127,0.9814090132713318,0.8847851753234863,0.9248250126838684,0.9247258901596068,0.919042944908142,0.9304795265197754,0.9763364791870116,False,15.0
Vembanad,Rodman,T-Vem_V-Rod_31px_2026-07-23,31,inner,20,0.1949145064254806,0.5784058532039986,0.8129284977912903,0.8282374143600464,0.7662229537963867,0.9011741876602172,0.8917419910430908,0.9253190755844116,0.9251588582992554,0.9202232360839844,0.930147647857666,0.9765466451644896,False,15.0
Vembanad,Rodman,T-Vem_V-Rod_31px_2026-07-23,31,inner,21,0.1797170375982593,0.6822447369019269,0.808521032333374,0.8349514603614807,0.7342242002487183,0.9677103757858276,0.8923630714416504,0.9295183420181274,0.92960524559021,0.9215718507766724,0.93777996301651,0.9802514314651488,False,15.0
Vembanad,Rodman,T-Vem_V-Rod_31px_2026-07-23,31,inner,22,0.1844164807875493,0.6072888841941938,0.8212536573410034,0.8395604491233826,0.7621707916259766,0.9344422817230223,0.8839448690414429,0.930588722229004,0.9306229948997498,0.9232527613639832,0.9381118416786194,0.9789081811904908,False,15.0
Vembanad,Rodman,T-Vem_V-Rod_31px_2026-07-23,31,inner,23,0.1821638679617273,0.7069931923467428,0.8006855845451355,0.8226579427719116,0.741555392742157,0.9236790537834167,0.8768638372421265,0.9290242791175842,0.9289365410804749,0.9231525659561156,0.9347934126853944,0.97974693775177,False,15.0
Vembanad,Rodman,T-Vem_V-Rod_31px_2026-07-23,31,inner,24,0.1810710657061299,0.6331059524641681,0.8168462514877319,0.8371080160140991,0.7543171048164368,0.9403131008148192,0.8849142789840698,0.9286949634552002,0.9284652471542358,0.9244941473007202,0.9324705600738524,0.9797872304916382,False,15.0
Vembanad,Rodman,T-Vem_V-Rod_31px_2026-07-23,31,inner,25,0.178947006344194,0.6339806524359864,0.8158667683601379,0.8372294306755066,0.7507764101028442,0.946183979511261,0.9025814533233644,0.9308357238769532,0.9308528304100036,0.923705279827118,0.9381118416786194,0.9802695512771606,False,15.0
Vembanad,Mula,T-Vem_V-Mul_31px_2026-07-23,31,inner,1,0.4378819648706858,0.6096139810835532,0.7002895474433899,0.6159554719924927,0.8110749125480652,0.4965104758739471,0.766059160232544,0.7933965921401978,0.7928494811058044,0.7934404611587524,0.7922593355178833,0.8782129883766174,False,1.0
Vembanad,Mula,T-Vem_V-Mul_31px_2026-07-23,31,inner,2,0.3929626797453903,1.1178790367708242,0.546332061290741,0.1312384456396103,0.8987341523170471,0.070787638425827,0.7307450771331787,0.8266611695289612,0.8244734406471252,0.8333896398544312,0.8157459497451782,0.9047561883926392,False,1.0
Vembanad,Mula,T-Vem_V-Mul_31px_2026-07-23,31,inner,3,0.3614549529857493,0.9772631997767562,0.5482625365257263,0.1268656700849533,0.9855072498321532,0.0677966102957725,0.6978083848953247,0.8457284569740295,0.8443148732185364,0.8504782915115356,0.8382401466369629,0.9201036095619202,False,1.0
Vembanad,Mula,T-Vem_V-Mul_31px_2026-07-23,31,inner,4,0.3421180344543032,0.7241987318203256,0.5825289487838745,0.3481537401676178,0.7129629850387573,0.2303090691566467,0.7382650971412659,0.859595537185669,0.8588498830795288,0.8617818355560303,0.8559378385543823,0.9287606477737428,False,1.0
Vembanad,Mula,T-Vem_V-Mul_31px_2026-07-23,31,inner,5,0.3114579437269045,0.6403947759088863,0.6370656490325928,0.4835164844989776,0.7770419716835022,0.3509471714496612,0.7962268590927124,0.87214195728302,0.8714202642440796,0.8746875524520874,0.8681772947311401,0.9408323764801024,False,1.0
Vembanad,Mula,T-Vem_V-Mul_31px_2026-07-23,31,inner,6,0.2735962155383822,0.9535415978620412,0.5347490310668945,0.2275640964508056,0.5795918107032776,0.141575276851654,0.702286958694458,0.8874948620796204,0.8873087763786316,0.8870887756347656,0.8875289559364319,0.9544384479522704,False,1.0
Vembanad,Mula,T-Vem_V-Mul_31px_2026-07-23,31,inner,7,0.253802953514736,0.8949644780253927,0.6167953610420227,0.3718354403972626,0.9003831148147583,0.2342971116304397,0.8068115711212158,0.8965744972229004,0.8968469500541687,0.8928044438362122,0.9009262323379515,0.9605597257614136,False,1.0
Vembanad,Mula,T-Vem_V-Mul_31px_2026-07-23,31,inner,8,0.2451742215216578,0.743814045455465,0.6182432174682617,0.4205128252506256,0.7928176522254944,0.286141574382782,0.7837302088737488,0.9001238346099854,0.9006078243255615,0.8945822715759277,0.9067151546478271,0.9631693363189696,False,1.0
Vembanad,Mula,T-Vem_V-Mul_31px_2026-07-23,31,inner,9,0.2292589292735833,0.9319134407090636,0.5482625365257263,0.2212978303432464,0.6683416962623596,0.1326021999120712,0.737548828125,0.9061493873596193,0.9062886238098145,0.9032363891601562,0.9093615412712096,0.9677772521972656,False,1.0
Vembanad,Mula,T-Vem_V-Mul_31px_2026-07-23,31,inner,10,0.2248430737386889,0.9786912946454808,0.5646718144416809,0.2290598303079605,0.802395224571228,0.1335992068052292,0.7625486254692078,0.9107717871665956,0.9113280177116394,0.9039869904518129,0.918789267539978,0.968621015548706,False,1.0
Vembanad,Mula,T-Vem_V-Mul_31px_2026-07-23,31,inner,11,0.2026367512484301,1.005432050380295,0.5603281855583191,0.2139775604009628,0.7948718070983887,0.1236291155219078,0.7929998636245728,0.917292594909668,0.9179629683494568,0.908884584903717,0.9272246360778807,0.9747490882873536,False,1.0
Vembanad,Inle,T-Vem_V-Inl_31px_2026-07-23,31,inner,1,0.4791421174729164,0.6605009727478027,0.6570000052452087,0.5358592867851257,0.8284518718719482,0.3959999978542328,0.789044976234436,0.7737753391265869,0.7641775608062744,0.7917405366897583,0.7384691834449768,0.8547337055206299,False,12.0
Vembanad,Inle,T-Vem_V-Inl_31px_2026-07-23,31,inner,2,0.4230608741116307,0.3873736692667007,0.8694999814033508,0.8782081007957458,0.8232721090316772,0.9409999847412108,0.9471240043640136,0.8108640313148499,0.8056328296661377,0.8222030997276306,0.7897173166275024,0.8902869820594788,False,12.0
Vembanad,Inle,T-Vem_V-Inl_31px_2026-07-23,31,inner,3,0.3872348927459676,0.4532954388856888,0.8090000152587891,0.783691942691803,0.9033942818641664,0.6919999718666077,0.9147659540176392,0.8299827575683594,0.8267558813095093,0.8364067077636719,0.8173251748085022,0.9079729318618774,False,12.0
Vembanad,Inle,T-Vem_V-Inl_31px_2026-07-23,31,inner,4,0.3694882416603866,0.3802133788466453,0.8234999775886536,0.8234117031097412,0.8238238096237183,0.8230000138282776,0.9123330116271972,0.8380241394042969,0.8363997936248779,0.8386238813400269,0.8341874480247498,0.9160937070846558,False,12.0
Vembanad,Inle,T-Vem_V-Inl_31px_2026-07-23,31,inner,5,0.3485982424760751,0.516815039396286,0.7379999756813049,0.683192253112793,0.8639143705368042,0.5649999976158142,0.8718889951705933,0.8492656350135803,0.8493150472640991,0.8428850769996643,0.8558439612388611,0.9250763654708862,False,12.0
Vembanad,Inle,T-Vem_V-Inl_31px_2026-07-23,31,inner,6,0.3232503343280917,0.4825525342226028,0.7724999785423279,0.7501372694969177,0.8319122791290283,0.6830000281333923,0.8735730051994324,0.8607532382011414,0.8602946996688843,0.8568382859230042,0.8637791275978088,0.9361315965652466,False,12.0
Vembanad,Inle,T-Vem_V-Inl_31px_2026-07-23,31,inner,7,0.3033349009370886,0.2772082549929618,0.8845000267028809,0.8837443590164185,0.8895643353462219,0.878000020980835,0.957260012626648,0.873471736907959,0.8736065626144409,0.8663631677627563,0.8809720873832703,0.943790078163147,False,12.0
Vembanad,Inle,T-Vem_V-Inl_31px_2026-07-23,31,inner,8,0.2918991565831507,0.4977006453871727,0.7929999828338623,0.7742639183998108,0.8513189554214478,0.7099999785423279,0.89198899269104,0.8763436675071716,0.8758342266082764,0.8730289340019226,0.8786576390266418,0.9479938745498656,False,12.0
Vembanad,Inle,T-Vem_V-Inl_31px_2026-07-23,31,inner,9,0.2842992432504131,0.2960092812776566,0.875,0.8658798336982727,0.9340277910232544,0.8069999814033508,0.9557349681854248,0.8831541538238525,0.8829717040061951,0.8779212236404419,0.8880806565284729,0.9506254196166992,False,12.0
Vembanad,Inle,T-Vem_V-Inl_31px_2026-07-23,31,inner,10,0.2770860329095515,0.3193812517523766,0.859000027179718,0.8559755086898804,0.8747390508651733,0.8379999995231628,0.93887197971344,0.8852875828742981,0.8848055601119995,0.882043719291687,0.8875847458839417,0.9532855749130248,False,12.0
Vembanad,Inle,T-Vem_V-Inl_31px_2026-07-23,31,inner,11,0.2501651370037254,0.2588375895023346,0.8934999704360962,0.8912710547447205,0.9103232622146606,0.8730000257492065,0.9611369967460632,0.8956264853477478,0.8956350684165955,0.8890698552131653,0.9022979140281676,0.9621639847755432,False,12.0
Vembanad,Inle,T-Vem_V-Inl_31px_2026-07-23,31,inner,12,0.2441208306884926,0.2158726242780685,0.912999987602234,0.9132602214813232,0.910536766052246,0.9160000085830688,0.9731900095939636,0.901862621307373,0.9017093777656556,0.8965517282485962,0.9069267511367798,0.9634052515029908,False,12.0
Vembanad,Inle,T-Vem_V-Inl_31px_2026-07-23,31,inner,13,0.2401345951752108,0.2726240972280502,0.8845000267028809,0.87924724817276,0.921139121055603,0.8410000205039978,0.9618210196495056,0.9015344381332396,0.9016876816749572,0.893779456615448,0.9097371697425842,0.9647379517555236,False,12.0
Vembanad,Inle,T-Vem_V-Inl_31px_2026-07-23,31,inner,14,0.2310164199422614,0.3116980346739292,0.871999979019165,0.8718718886375427,0.8727455139160156,0.8709999918937683,0.9435789585113524,0.9075244069099426,0.9073876142501832,0.9021241664886476,0.9127128720283508,0.9674190878868104,False,12.0
Vembanad,Inle,T-Vem_V-Inl_31px_2026-07-23,31,inner,15,0.2302334133850165,0.3952663581371307,0.8454999923706055,0.8308702707290649,0.9177750945091248,0.7590000033378601,0.9312540292739868,0.9087552428245544,0.908732771873474,0.9023634791374208,0.9151926040649414,0.9674993753433228,False,12.0
Vembanad,Inle,T-Vem_V-Inl_31px_2026-07-23,31,inner,16,0.2144070738909564,0.2601161222457885,0.8989999890327454,0.8945720195770264,0.9355894923210144,0.8569999933242798,0.9666810035705566,0.912857949733734,0.9129936099052428,0.9049862027168274,0.9211440086364746,0.9720419645309448,False,12.0
Vembanad,Inle,T-Vem_V-Inl_31px_2026-07-23,31,inner,17,0.2068779120272018,0.2440723989009857,0.9004999995231628,0.8972638249397278,0.9274279475212096,0.8690000176429749,0.966450035572052,0.9167965650558472,0.9166529774665833,0.9115579724311828,0.9218052625656128,0.9740791916847228,False,12.0
Vembanad,Inle,T-Vem_V-Inl_31px_2026-07-23,31,inner,18,0.2044529357862852,0.2177444366812706,0.9100000262260436,0.9085366129875184,0.923553705215454,0.8939999938011169,0.9722080230712892,0.9181914925575256,0.9180839657783508,0.9126102328300476,0.9236237406730652,0.974587082862854,False,12.0
Vembanad,Inle,T-Vem_V-Inl_31px_2026-07-23,31,inner,19,0.2052461145068345,0.2477569815516472,0.9049999713897704,0.9021627306938172,0.9299362897872924,0.8759999871253967,0.9665889739990234,0.920817255973816,0.9207261800765992,0.9150881767272948,0.9264340996742249,0.974435806274414,False,12.0
Vembanad,Inle,T-Vem_V-Inl_31px_2026-07-23,31,inner,20,0.1996901331687517,0.3731773335337638,0.8544999957084656,0.8427876830101013,0.9165687561035156,0.7799999713897705,0.9355565309524536,0.921555757522583,0.9215621948242188,0.9148069620132446,0.9284179210662842,0.9756362438201904,False,12.0
Vembanad,Inle,T-Vem_V-Inl_31px_2026-07-23,31,inner,21,0.1936217979607868,0.2385163440704345,0.9049999713897704,0.9012473821640016,0.9383116960525512,0.8669999837875366,0.9702659845352172,0.9236071109771729,0.92359459400177,0.9170469641685486,0.9302363991737366,0.9770997762680054,False,12.0
Vembanad,Inle,T-Vem_V-Inl_31px_2026-07-23,31,inner,22,0.1875647783066667,0.2185702399015426,0.912999987602234,0.9121212363243104,0.9214285612106324,0.902999997138977,0.9721480011940002,0.9269713759422302,0.9269294142723083,0.920730710029602,0.9332121014595032,0.9786468744277954,False,12.0
Vembanad,Valsequillo,T-Vem_V-Val_31px_2026-07-23,31,inner,1,0.4856367487470495,0.4238983400896484,0.8289215564727783,0.8335717916488647,0.8115134835243225,0.8568627238273621,0.8961265087127686,0.7670206427574158,0.7566219568252563,0.7856760025024414,0.7296400666236877,0.8497690558433533,False,15.0
Vembanad,Valsequillo,T-Vem_V-Val_31px_2026-07-23,31,inner,2,0.4161557185951158,0.481287304910959,0.7872549295425415,0.8108108043670654,0.7299842834472656,0.911764681339264,0.8791003227233887,0.8153453469276428,0.8096086978912354,0.8291029334068298,0.7910101413726807,0.8936232328414917,False,15.0
Vembanad,Valsequillo,T-Vem_V-Val_31px_2026-07-23,31,inner,3,0.3794804586175342,0.3872465422340468,0.8568627238273621,0.866544783115387,0.8116438388824463,0.929411768913269,0.9248044490814208,0.8321396112442017,0.8291292786598206,0.8379064798355103,0.8205341100692749,0.912521481513977,False,15.0
Vembanad,Valsequillo,T-Vem_V-Val_31px_2026-07-23,31,inner,4,0.3610892598399549,0.399689156518263,0.843137264251709,0.8565022349357605,0.78925621509552,0.936274528503418,0.9220857620239258,0.8442413806915283,0.841541051864624,0.8499407768249512,0.8333057165145874,0.9209884405136108,False,15.0
Vembanad,Valsequillo,T-Vem_V-Val_31px_2026-07-23,31,inner,5,0.3343469518697378,0.4232509975339852,0.8343137502670288,0.8505747318267822,0.7745571732521057,0.943137228488922,0.9360898733139038,0.8616119027137756,0.8605788946151733,0.8606503009796143,0.8605075478553772,0.9320319890975952,False,15.0
Vembanad,Valsequillo,T-Vem_V-Val_31px_2026-07-23,31,inner,6,0.3053345261564115,0.3400032322780759,0.8676470518112183,0.8752310276031494,0.8277971744537354,0.9284313917160034,0.9344472885131836,0.8715732097625732,0.8713296055793762,0.8666119575500488,0.8760988712310791,0.9432747960090636,False,15.0
Vembanad,Valsequillo,T-Vem_V-Val_31px_2026-07-23,31,inner,7,0.2879890271707004,0.3533511073565951,0.8598039150238037,0.868807315826416,0.8163793087005615,0.9284313917160034,0.937373161315918,0.8805466294288635,0.8800925612449646,0.8769763112068176,0.8832310438156128,0.9496538639068604,False,15.0
Vembanad,Valsequillo,T-Vem_V-Val_31px_2026-07-23,31,inner,8,0.2784621061400993,0.363501541491817,0.8514705896377563,0.8511056303977966,0.8532019853591919,0.8490195870399475,0.9205690026283264,0.8850744962692261,0.8847804665565491,0.8805651664733887,0.8890362977981567,0.952773928642273,False,15.0
Vembanad,Valsequillo,T-Vem_V-Val_31px_2026-07-23,31,inner,9,0.2700393992220314,0.3557542858170528,0.8509804010391235,0.8604224324226379,0.8091537356376648,0.9186274409294128,0.9341531991958618,0.8906725645065308,0.8901026248931885,0.8881915807723999,0.892021894454956,0.955616533756256,False,15.0
Vembanad,Valsequillo,T-Vem_V-Val_31px_2026-07-23,31,inner,10,0.2628319132381519,0.3378988309818155,0.8602941036224365,0.8648648858070374,0.8374655842781067,0.8941176533699036,0.925658404827118,0.8901786208152771,0.8899884819984436,0.8850254416465759,0.8950074911117554,0.957965612411499,False,15.0
Vembanad,Valsequillo,T-Vem_V-Val_31px_2026-07-23,31,inner,11,0.2360049880997501,0.3773839623320336,0.8323529362678528,0.8394365906715393,0.8054053783416748,0.8764705657958984,0.907318353652954,0.9031859636306764,0.9030662775039672,0.8975913524627686,0.908608376979828,0.9661270976066588,False,15.0
Vembanad,Valsequillo,T-Vem_V-Val_31px_2026-07-23,31,inner,12,0.2277328026945368,0.4006317924050724,0.8289215564727783,0.8291727900505066,0.8279569745063782,0.8303921818733215,0.9009861350059508,0.9066436290740968,0.9067127108573914,0.8994613885879517,0.9140819311141968,0.9682812094688416,False,15.0
Vembanad,Valsequillo,T-Vem_V-Val_31px_2026-07-23,31,inner,13,0.223898681092431,0.3195654359810492,0.8764705657958984,0.8805687427520752,0.8522935509681702,0.9107843041419984,0.9413907527923584,0.9103482365608216,0.9105103015899658,0.9022801518440248,0.9188920259475708,0.9691144227981568,False,15.0
Vembanad,Valsequillo,T-Vem_V-Val_31px_2026-07-23,31,inner,14,0.2244100832513225,0.3359284184142655,0.8671568632125854,0.8703969120979309,0.8496732115745544,0.8921568393707275,0.9276682138442992,0.9091956615447998,0.9089257717132568,0.9049654603004456,0.9129208922386168,0.9689171314239502,False,15.0
Vembanad,Valsequillo,T-Vem_V-Val_31px_2026-07-23,31,inner,15,0.2103393288947058,0.3171293818190986,0.8651960492134094,0.8679788708686829,0.8504233360290527,0.886274516582489,0.933808207511902,0.918910026550293,0.9191230535507202,0.9100813269615172,0.9283463358879088,0.9724181890487672,False,15.0
Vembanad,Valsequillo,T-Vem_V-Val_31px_2026-07-23,31,inner,16,0.2022035519515103,0.3182882460601189,0.8681372404098511,0.8687164187431335,0.8649173974990845,0.8725489974021912,0.9375191926956176,0.9182513952255248,0.9182245135307312,0.9118416905403136,0.9246972799301147,0.9747644662857056,False,15.0
Vembanad,Valsequillo,T-Vem_V-Val_31px_2026-07-23,31,inner,17,0.1954754832422055,0.3954951985793955,0.8308823704719543,0.8274136781692505,0.844739556312561,0.8107843399047852,0.9121530055999756,0.9212974309921264,0.9212520718574524,0.915071189403534,0.9275169968605042,0.9765650033950806,False,15.0
Vembanad,Valsequillo,T-Vem_V-Val_31px_2026-07-23,31,inner,18,0.1941105201380374,0.3897451688845952,0.8279411792755127,0.8242363333702087,0.8423746228218079,0.8068627715110779,0.9094934463500975,0.9240964651107788,0.9242523908615112,0.9156763553619384,0.932990550994873,0.9766942262649536,False,15.0
Vembanad,Valsequillo,T-Vem_V-Val_31px_2026-07-23,31,inner,19,0.1896826849559251,0.3661473967865402,0.8602941036224365,0.8633093237876892,0.8450704216957092,0.8823529481887817,0.9185596704483032,0.925495982170105,0.9255695343017578,0.9179445505142212,0.933322250843048,0.9779028296470642,False,15.0
Vembanad,Valsequillo,T-Vem_V-Val_31px_2026-07-23,31,inner,20,0.1871055531690196,0.360928306275723,0.8578431606292725,0.8604427576065063,0.8449905514717102,0.8764705657958984,0.9181007742881776,0.9259899854660034,0.9260143041610718,0.9189807176589966,0.933156430721283,0.9782707691192628,False,15.0
Vembanad,Valsequillo,T-Vem_V-Val_31px_2026-07-23,31,inner,21,0.1773073877475286,0.3641681532649433,0.8485293984413147,0.8481572270393372,0.8502463102340698,0.8460784554481506,0.9185803532600404,0.9320819973945618,0.932193636894226,0.9239165782928468,0.9406203627586364,0.980648636817932,False,15.0
Vembanad,Valsequillo,T-Vem_V-Val_31px_2026-07-23,31,inner,22,0.179454504718572,0.3650806211957744,0.852450966835022,0.8532423377037048,0.8486905694007874,0.8578431606292725,0.9192675948143004,0.9300238490104676,0.9300065636634828,0.9234668612480164,0.9366395473480223,0.9798961877822876,False,15.0
Vembanad,Valsequillo,T-Vem_V-Val_31px_2026-07-23,31,inner,23,0.1773325311943288,0.3728692813831217,0.8343137502670288,0.8326732516288757,0.8410000205039978,0.8245097994804382,0.9149288535118104,0.9281303882598876,0.9281303882598876,0.9213795065879822,0.9349809288978576,0.9807584285736084,False,15.0
Vembanad,Valsequillo,T-Vem_V-Val_31px_2026-07-23,31,inner,24,0.1743788813034811,0.3441554326052759,0.8588235378265381,0.8611379265785217,0.8472485542297363,0.8754901885986328,0.9272059202194214,0.9338931441307068,0.9337950348854064,0.928360641002655,0.9392934441566468,0.981003999710083,False,15.0
Vembanad,Valsequillo,T-Vem_V-Val_31px_2026-07-23,31,inner,25,0.1719819928313259,0.4219479575753212,0.8078431487083435,0.7995910048484802,0.8354700803756714,0.7666666507720947,0.903860092163086,0.933152198791504,0.9331907033920288,0.925877571105957,0.9406203627586364,0.98167085647583,False,15.0
Vembanad,RawaPening,T-Vem_V-Raw_31px_2026-07-23,31,inner,1,0.4905135780120414,0.4603826413740526,0.8026973009109497,0.8271334767341614,0.7365549206733704,0.9431137442588806,0.8904350996017456,0.7685679197311401,0.7583961486816406,0.7868444323539734,0.7319331765174866,0.8466106057167053,False,23.0
Vembanad,RawaPening,T-Vem_V-Raw_31px_2026-07-23,31,inner,2,0.4225682967893892,0.419328401436458,0.8121877908706665,0.8252788186073303,0.7721739411354065,0.886227548122406,0.9021965861320496,0.8090274930000305,0.8008898496627808,0.8297872543334961,0.773937463760376,0.8898268938064575,False,23.0
Vembanad,RawaPening,T-Vem_V-Raw_31px_2026-07-23,31,inner,3,0.3972751386546188,0.5062616381730948,0.7932068109512329,0.8196864128112793,0.7272024750709534,0.9391217827796936,0.8551846742630005,0.8228970170021057,0.8164966106414795,0.8403640985488892,0.7939473986625671,0.903669536113739,False,23.0
Vembanad,RawaPening,T-Vem_V-Raw_31px_2026-07-23,31,inner,4,0.3718151039675116,0.4383175223023741,0.8251748085021973,0.845950722694397,0.7566928863525391,0.9590818285942078,0.9040219187736512,0.8392285704612732,0.8350037932395935,0.8508410453796387,0.8197453022003174,0.9166150093078612,False,23.0
Vembanad,RawaPening,T-Vem_V-Raw_31px_2026-07-23,31,inner,5,0.3446387244655208,0.4435465911647061,0.8281718492507935,0.8355640769004822,0.8018348813056946,0.8722555041313171,0.8855758905410767,0.8489125967025757,0.8453850746154785,0.858873724937439,0.8323135375976562,0.928796410560608,False,23.0
Vembanad,RawaPening,T-Vem_V-Raw_31px_2026-07-23,31,inner,6,0.3069723100338404,0.4904457617115664,0.8146852850914001,0.8344489336013794,0.7546408176422119,0.9331337213516236,0.8886905908584595,0.8686910271644592,0.8666666746139526,0.8735091686248779,0.8599305152893066,0.94368177652359,False,23.0
Vembanad,RawaPening,T-Vem_V-Raw_31px_2026-07-23,31,inner,7,0.2961674825696119,0.3984043932818509,0.8491508364677429,0.860443651676178,0.8012048006057739,0.9291417002677916,0.9163771867752076,0.8745178580284119,0.8727211952209473,0.878645658493042,0.8668761253356934,0.947494387626648,False,23.0
Vembanad,RawaPening,T-Vem_V-Raw_31px_2026-07-23,31,inner,8,0.289136460539646,0.4091976568415448,0.8386613130569458,0.8512206077575684,0.7904191613197327,0.9221556782722472,0.9068612456321716,0.8785392045974731,0.8771580457687378,0.8805199265480042,0.8738217353820801,0.9500666856765748,False,23.0
Vembanad,RawaPening,T-Vem_V-Raw_31px_2026-07-23,31,inner,9,0.2779102682333575,0.3896113099989953,0.8481518626213074,0.8586046695709229,0.8040069937705994,0.9211576581001282,0.915975034236908,0.8811653852462769,0.8799336552619934,0.8824214339256287,0.8774598836898804,0.9536112546920776,False,23.0
Vembanad,RawaPening,T-Vem_V-Raw_31px_2026-07-23,31,inner,10,0.2691822470928197,0.481693888758565,0.8106893301010132,0.834570050239563,0.7416601777076721,0.9540917873382568,0.9138542413711548,0.8884694576263428,0.8868160247802734,0.8932886123657227,0.8804365992546082,0.9567890167236328,False,23.0
Vembanad,RawaPening,T-Vem_V-Raw_31px_2026-07-23,31,inner,11,0.2470058339061334,0.4257308979194005,0.841658353805542,0.8590484857559204,0.7746591567993164,0.9640718698501588,0.9204431176185608,0.8986458778381348,0.8976886868476868,0.899402379989624,0.89598149061203,0.9637749195098876,False,23.0
Vembanad,RawaPening,T-Vem_V-Raw_31px_2026-07-23,31,inner,12,0.2381728177059366,0.3585393144772364,0.8551448583602905,0.868061900138855,0.7976588606834412,0.9520958065986632,0.93656587600708,0.902667224407196,0.9018536806106568,0.902600646018982,0.9011079668998718,0.9657270908355712,False,23.0
Vembanad,RawaPening,T-Vem_V-Raw_31px_2026-07-23,31,inner,13,0.2350911001494834,0.4130636169300689,0.8361638188362122,0.8502283096313477,0.7836700081825256,0.9291417002677916,0.9160059690475464,0.9019286036491394,0.9009860157966614,0.902856171131134,0.8991235494613647,0.9669268727302552,False,23.0
Vembanad,RawaPening,T-Vem_V-Raw_31px_2026-07-23,31,inner,14,0.2238223966328785,0.3508544041441156,0.8621378540992737,0.874431312084198,0.8035116791725159,0.9590818285942078,0.9394470453262328,0.9095609188079834,0.9089707732200624,0.9080706238746644,0.9098726511001588,0.9699252843856812,False,23.0
Vembanad,RawaPening,T-Vem_V-Raw_31px_2026-07-23,31,inner,15,0.2201157897056543,0.35787702587756,0.8576423525810242,0.8698035478591919,0.8020219206809998,0.9500998258590698,0.936353325843811,0.9098892211914062,0.9091360569000244,0.909889042377472,0.9083843231201172,0.9709395170211792,False,23.0
Vembanad,RawaPening,T-Vem_V-Raw_31px_2026-07-23,31,inner,16,0.1982037143209306,0.3550849833807626,0.8601398468017578,0.8649951815605164,0.8367537260055542,0.8952096104621887,0.9246975779533386,0.9199835658073424,0.9195876121520996,0.9172425270080566,0.9219447374343872,0.9765461683273317,False,23.0
Vembanad,RawaPening,T-Vem_V-Raw_31px_2026-07-23,31,inner,17,0.1954334211437536,0.391120311650601,0.85964035987854,0.8697264790534973,0.8121212124824524,0.9361277222633362,0.9219111800193788,0.9200656414031982,0.9193307757377625,0.9208561182022096,0.9178104996681212,0.9772480726242064,False,23.0
Vembanad,RawaPening,T-Vem_V-Raw_31px_2026-07-23,31,inner,18,0.1893894029809502,0.3490187420949831,0.8686313629150391,0.8752963542938232,0.8337849974632263,0.9211576581001282,0.932928204536438,0.9212145805358888,0.9206480383872986,0.9203437566757202,0.920952558517456,0.9784946441650392,False,23.0
Vembanad,RawaPening,T-Vem_V-Raw_31px_2026-07-23,31,inner,19,0.1912016385162664,0.3602397004802982,0.8681318759918213,0.8753541111946106,0.8306451439857483,0.92514967918396,0.929201602935791,0.9240869879722596,0.9235979318618774,0.9226072430610656,0.9245907068252563,0.9778841733932496,False,23.0
Vembanad,RawaPening,T-Vem_V-Raw_31px_2026-07-23,31,inner,20,0.1846023955132856,0.4142005866938656,0.8446553349494934,0.8492486476898193,0.8256362080574036,0.8742514848709106,0.9070069789886476,0.9266310930252076,0.926456093788147,0.921754777431488,0.9312055706977844,0.9794371128082277,False,23.0
Vembanad,RawaPening,T-Vem_V-Raw_31px_2026-07-23,31,inner,21,0.1802654369081881,0.3497818323758456,0.8726273775100708,0.8754274845123291,0.8574162721633911,0.8942115902900696,0.92882239818573,0.9290111064910888,0.9286597967147828,0.926291525363922,0.9310401678085328,0.980259895324707,False,23.0
Vembanad,RawaPening,T-Vem_V-Raw_31px_2026-07-23,31,inner,22,0.1752765288558904,0.3688918259683308,0.8651348948478699,0.8703169822692871,0.8388888835906982,0.9041916131973268,0.9250110387802124,0.932539999485016,0.9321222305297852,0.930892288684845,0.9333553910255432,0.9814963340759276,False,23.0
Vembanad,RawaPening,T-Vem_V-Raw_31px_2026-07-23,31,inner,23,0.1781032843537442,0.347914072168576,0.872127890586853,0.8747553825378418,0.8579654693603516,0.8922155499458313,0.9300748705863952,0.9272055625915528,0.9266881346702576,0.92630535364151,0.9270712733268738,0.9808446764945984,False,23.0
Vembanad,RawaPening,T-Vem_V-Raw_31px_2026-07-23,31,inner,24,0.1713586835854847,0.3833198562249556,0.8546453714370728,0.8534005284309387,0.8616480231285095,0.8453093767166138,0.9179431200027466,0.9314731359481812,0.931122660636902,0.9289005994796752,0.9333553910255432,0.9821912050247192,False,23.0
Vembanad,RawaPening,T-Vem_V-Raw_31px_2026-07-23,31,inner,25,0.1728105249185272,0.3747906289049438,0.8646353483200073,0.8696488738059998,0.8393686413764954,0.9021956324577332,0.9238293170928956,0.9314731359481812,0.9310316443443298,0.9300330281257628,0.9320324063301086,0.9820342063903807,False,23.0
Vembanad,RawaPening,T-Vem_V-Raw_31px_2026-07-23,31,inner,26,0.1689247191206055,0.3574546913911293,0.8681318759918213,0.8717201352119446,0.8494318127632141,0.8952096104621887,0.9279381036758424,0.9328683018684388,0.932641625404358,0.9288174510002136,0.936497449874878,0.9826455116271972,False,23.0
Vembanad,RawaPening,T-Vem_V-Raw_31px_2026-07-23,31,inner,27,0.1687602275284676,0.363786569365731,0.8711288571357727,0.8760806918144226,0.8444444537162781,0.910179615020752,0.9288557767868042,0.9326220750808716,0.932288646697998,0.9299111366271972,0.9346783757209778,0.9827158451080322,False,23.0
Vembanad,RawaPening,T-Vem_V-Raw_31px_2026-07-23,31,inner,28,0.1678688577246754,0.3708325906411989,0.8646353483200073,0.8669612407684326,0.853140115737915,0.8812375068664551,0.9233093857765198,0.9327041506767272,0.9322649836540222,0.931341826915741,0.9331899881362916,0.9829974174499512,False,23.0
Vembanad,RawaPening,T-Vem_V-Raw_31px_2026-07-23,31,inner,29,0.1628007993585123,0.3750155845305303,0.863136887550354,0.8636816143989563,0.8611111044883728,0.8662674427032471,0.922516942024231,0.9351661801338196,0.9348077178001404,0.9329599738121032,0.9366627931594848,0.9840738773345948,False,23.0
Vembanad,RawaPening,T-Vem_V-Raw_31px_2026-07-23,31,inner,30,0.165391782362734,0.379563702034069,0.8566433787345886,0.857000470161438,0.8557214140892029,0.8582834601402283,0.9204970002174376,0.9361510276794434,0.9357873797416688,0.9340912699699402,0.937489688396454,0.9833085536956788,False,23.0
Vembanad,RawaPening,T-Vem_V-Raw_31px_2026-07-23,31,inner,31,0.1603060133703233,0.3524339551573152,0.8711288571357727,0.8725296258926392,0.8639921545982361,0.8812375068664551,0.9301097393035888,0.9361510276794434,0.9356918334960938,0.935382604598999,0.9360013008117676,0.9845080375671388,False,23.0
Vembanad,RawaPening,T-Vem_V-Raw_31px_2026-07-23,31,inner,32,0.1615324416816552,0.3668610982961588,0.8661338686943054,0.8688845634460449,0.8522073030471802,0.886227548122406,0.9272096157073976,0.9365613460540771,0.936184287071228,0.9347180724143982,0.9376550316810608,0.984236776828766,False,23.0
Vembanad,RawaPening,T-Vem_V-Raw_31px_2026-07-23,31,inner,33,0.1600548213642055,0.3613484379324641,0.8706293702125549,0.874332845211029,0.8508026599884033,0.8992015719413757,0.9285249710083008,0.937217891216278,0.936948835849762,0.9339467883110046,0.9399702548980712,0.98453950881958,False,23.0
Vembanad,Winam,T-Vem_V-Win_31px_2026-07-23,31,inner,1,0.486841781504396,0.5499776155539249,0.7458729147911072,0.7063583731651306,0.8369863033294678,0.6110000014305115,0.8619139194488525,0.7673121094703674,0.7588435411453247,0.7812992334365845,0.7376425862312317,0.8471107482910156,False,22.0
Vembanad,Winam,T-Vem_V-Win_31px_2026-07-23,31,inner,2,0.4314077972465943,0.4355276131954951,0.809904932975769,0.7956989407539368,0.8604651093482971,0.7400000095367432,0.9052062034606934,0.8043977618217468,0.7984784245491028,0.8169866800308228,0.7807902097702026,0.8840709328651428,False,22.0
Vembanad,Winam,T-Vem_V-Win_31px_2026-07-23,31,inner,3,0.4027167093198261,0.7336877097560651,0.6208103895187378,0.4410029351711273,0.8398876190185547,0.2989999949932098,0.8049719929695129,0.8199048042297363,0.8158093690872192,0.8283912539482117,0.8036038875579834,0.9007806777954102,False,22.0
Vembanad,Winam,T-Vem_V-Win_31px_2026-07-23,31,inner,4,0.3785632356957291,0.4661016323756969,0.8119059801101685,0.7949836254119873,0.8741007447242737,0.7289999723434448,0.8947768211364746,0.8358221054077148,0.8320885896682739,0.8449215888977051,0.8196396231651306,0.912386119365692,False,22.0
Vembanad,Winam,T-Vem_V-Win_31px_2026-07-23,31,inner,5,0.3540689968939566,0.4443229664361226,0.8234117031097412,0.819989800453186,0.8366284966468811,0.8040000200271606,0.885800838470459,0.846078097820282,0.8434840440750122,0.8514401316642761,0.8356752991676331,0.9242266416549684,False,22.0
Vembanad,Winam,T-Vem_V-Win_31px_2026-07-23,31,inner,6,0.3218345068050362,0.5936653264698056,0.7623811960220337,0.7170935273170471,0.8865979313850403,0.6019999980926514,0.8740400075912476,0.8637183904647827,0.8617791533470154,0.8676273226737976,0.8560092449188232,0.9373782873153688,False,22.0
Vembanad,Winam,T-Vem_V-Win_31px_2026-07-23,31,inner,7,0.3049902987061542,0.5281133586210033,0.7763881683349609,0.7295825481414795,0.923430323600769,0.6029999852180481,0.9074965119361876,0.8729077577590942,0.8711636066436768,0.8766320943832397,0.8657629489898682,0.9441158771514891,False,22.0
Vembanad,Winam,T-Vem_V-Win_31px_2026-07-23,31,inner,8,0.2993463859045196,0.3987496345133435,0.8254126906394958,0.8140649795532227,0.8711516261100769,0.7639999985694885,0.9275805950164796,0.8758615255355835,0.8745543360710144,0.8772454857826233,0.8718796372413635,0.946012318134308,False,22.0
Vembanad,Winam,T-Vem_V-Win_31px_2026-07-23,31,inner,9,0.2851371338690622,0.4617752520057218,0.8009004592895508,0.7864806652069092,0.8483796119689941,0.7329999804496765,0.8890920877456665,0.8808664083480835,0.8796219825744629,0.8822551369667053,0.8770044445991516,0.950969099998474,False,22.0
Vembanad,Winam,T-Vem_V-Win_31px_2026-07-23,31,inner,10,0.2784092845606107,0.3918828341625155,0.8549274802207947,0.8529411554336548,0.8652263283729553,0.8410000205039978,0.9320210218429564,0.8849688172340393,0.8839403986930847,0.8852595090866089,0.8826252222061157,0.9532453417778016,False,22.0
Vembanad,Winam,T-Vem_V-Win_31px_2026-07-23,31,inner,11,0.2475748263375267,0.5061933864457807,0.8084042072296143,0.7735068202018738,0.9464544057846068,0.6539999842643738,0.9180590510368348,0.9027732014656068,0.9022196531295776,0.9006589651107788,0.903785765171051,0.9631943702697754,False,22.0
Vembanad,Winam,T-Vem_V-Win_31px_2026-07-23,31,inner,12,0.2414663051107417,0.3557239063051512,0.8619309663772583,0.8509719371795654,0.9248826503753662,0.7879999876022339,0.9441651105880736,0.9028552770614624,0.9021649360656738,0.901866853237152,0.90246319770813,0.9647218585014344,False,22.0
Vembanad,Winam,T-Vem_V-Win_31px_2026-07-23,31,inner,13,0.2370126337976897,0.3750603954019346,0.8659329414367676,0.854347825050354,0.935714304447174,0.7860000133514404,0.933924913406372,0.9069576859474182,0.9063274264335632,0.9057289361953736,0.9069267511367798,0.9659548997879028,False,22.0
Vembanad,Winam,T-Vem_V-Win_31px_2026-07-23,31,inner,14,0.2328172568262386,0.3647646555768372,0.8534266948699951,0.8345567584037781,0.9584954380989076,0.7390000224113464,0.9529739618301392,0.9086806774139404,0.9080393314361572,0.9076643586158752,0.9084146022796632,0.966947078704834,False,22.0
Vembanad,Winam,T-Vem_V-Win_31px_2026-07-23,31,inner,15,0.2296566764252828,0.4299792567763725,0.8369184732437134,0.8115606904029846,0.9616438150405884,0.7020000219345093,0.9543313384056092,0.9081884026527404,0.9078329801559448,0.9046289920806884,0.9110596776008606,0.9678470492362976,False,22.0
Vembanad,Winam,T-Vem_V-Win_31px_2026-07-23,31,inner,16,0.2126382493243125,0.4420220404649046,0.8324162364006042,0.8069164156913757,0.9523809552192688,0.699999988079071,0.950786828994751,0.9152445197105408,0.9150004386901855,0.9108781218528748,0.9191601872444152,0.9725130796432496,False,22.0
Vembanad,Winam,T-Vem_V-Win_31px_2026-07-23,31,inner,17,0.2116715868071215,0.4807978469531111,0.819909930229187,0.7931034564971924,0.9324324131011964,0.6899999976158142,0.9309269189834596,0.9162290692329408,0.9159324765205384,0.912401556968689,0.9194908142089844,0.9727005958557128,False,22.0
Vembanad,Winam,T-Vem_V-Win_31px_2026-07-23,31,inner,18,0.207588850190141,0.3659110763452652,0.8614307045936584,0.8497015833854675,0.928825616836548,0.7829999923706055,0.941181182861328,0.9166393280029296,0.9164060950279236,0.9122031331062316,0.9206480383872986,0.9738293886184692,False,22.0
Vembanad,Winam,T-Vem_V-Win_31px_2026-07-23,31,inner,19,0.2028582460290688,0.4009658818009946,0.8514257073402405,0.8356391787528992,0.9355638027191162,0.7549999952316284,0.9349113702774048,0.9206596612930298,0.9202868938446044,0.9177901744842528,0.92279714345932,0.9748992323875428,False,22.0
Vembanad,Winam,T-Vem_V-Win_31px_2026-07-23,31,inner,20,0.2025572464315078,0.4310039968242118,0.8359179496765137,0.808857798576355,0.9692737460136414,0.6940000057220459,0.9466065764427184,0.9194289445877076,0.9191769361495972,0.9152597784996032,0.9231277704238892,0.9749104976654052,False,22.0
Vembanad,Winam,T-Vem_V-Win_31px_2026-07-23,31,inner,21,0.1937259645551237,0.4222061030566459,0.8434216976165771,0.8232637047767639,0.945525288581848,0.7289999723434448,0.9360300302505492,0.9250902533531188,0.9249239563941956,0.9201570749282836,0.9297404289245604,0.9770922660827636,False,22.0
Vembanad,Winam,T-Vem_V-Win_31px_2026-07-23,31,inner,22,0.1921479271343977,0.3545842315034224,0.872936487197876,0.8613536953926086,0.948317289352417,0.7889999747276306,0.9516756534576416,0.9237774610519408,0.9235831499099731,0.9191224575042723,0.9280872941017152,0.9774726629257202,False,22.0
Vembanad,Winam,T-Vem_V-Win_31px_2026-07-23,31,inner,23,0.1929148769022638,0.4375225993147257,0.8304151892662048,0.8070574998855591,0.9365918040275574,0.7089999914169312,0.9382102489471436,0.9263209700584412,0.926127016544342,0.9217291474342346,0.9305670261383056,0.977185606956482,False,22.0
Vembanad,Winam,T-Vem_V-Win_31px_2026-07-23,31,inner,24,0.188953813873317,0.4247650203263371,0.8424212336540222,0.8223350048065186,0.9430789351463318,0.7289999723434448,0.9335986375808716,0.9242697954177856,0.9239139556884766,0.9214074611663818,0.9264340996742249,0.9782439470291138,False,22.0
Vembanad,Winam,T-Vem_V-Win_31px_2026-07-23,31,inner,25,0.1890362315796851,0.5373639700233528,0.7998999357223511,0.769319474697113,0.9087193608283995,0.6669999957084656,0.9171871542930604,0.9254184365272522,0.9250556230545044,0.922697365283966,0.9274260401725768,0.978212833404541,False,22.0
Vembanad,Winam,T-Vem_V-Win_31px_2026-07-23,31,inner,26,0.1861498771112474,0.4518347813409118,0.8259129524230957,0.8029444813728333,0.9255874752998352,0.7089999914169312,0.9331611394882202,0.9298490285873412,0.9295310378074646,0.9268573522567748,0.932220220565796,0.978827714920044,False,22.0
Vembanad,Winam,T-Vem_V-Win_31px_2026-07-23,31,inner,27,0.1854828453461068,0.4607152280481807,0.819909930229187,0.7966101765632629,0.9155844449996948,0.7049999833106995,0.9317587614059448,0.928618311882019,0.9284892082214355,0.9233283996582032,0.9337080717086792,0.9787521958351136,False,22.0
Vembanad,Winam,T-Vem_V-Win_31px_2026-07-23,31,inner,28,0.1812472300311171,0.4370384195441191,0.833916962146759,0.8107183575630188,0.9429708123207092,0.7110000252723694,0.9439809322357178,0.929931104183197,0.9297235012054444,0.925610363483429,0.9338733553886414,0.9799327850341796,False,22.0
Vembanad,Winam,T-Vem_V-Win_31px_2026-07-23,31,inner,29,0.1851169011770485,0.4385169814271468,0.8359179496765137,0.815315306186676,0.9329897165298462,0.7239999771118164,0.9375134706497192,0.925992786884308,0.9257124066352844,0.9223699569702148,0.9290791749954224,0.9790273904800416,False,22.0
Vembanad,Winam,T-Vem_V-Win_31px_2026-07-23,31,inner,30,0.183263899754179,0.4442688707360581,0.8319159746170044,0.8116592168807983,0.9234693646430968,0.7239999771118164,0.9329389333724976,0.9311618208885192,0.930940806865692,0.927049160003662,0.9348652958869934,0.9792183041572572,False,22.0
Vembanad,Winam,T-Vem_V-Win_31px_2026-07-23,31,inner,31,0.1786270711924312,0.4443896642149756,0.833916962146759,0.8117913603782654,0.9371727705001832,0.7160000205039978,0.9404565095901488,0.9319002032279968,0.9316759705543518,0.9278570413589478,0.9355265498161316,0.98044753074646,False,22.0
Vembanad,Winam,T-Vem_V-Win_31px_2026-07-23,31,inner,32,0.1821385111707447,0.468783227965122,0.8189094662666321,0.7940841913223267,0.920844316482544,0.6980000138282776,0.9318929314613342,0.9276337623596193,0.9271315336227416,0.9266721606254578,0.9275913238525392,0.979639172554016,False,22.0
Vembanad,,Test_Vem_outer_31px_2026-07-23,31,outer,1,0.4826079355096551,,,,,,,0.7707055807113647,0.7611775994300842,0.7888009548187256,0.7354234457015991,0.8509184718132019,False,
Vembanad,,Test_Vem_outer_31px_2026-07-23,31,outer,2,0.4176763625660717,,,,,,,0.8149009943008423,0.8103423118591309,0.8253641128540039,0.7958575487136841,0.8922789096832275,False,
Vembanad,,Test_Vem_outer_31px_2026-07-23,31,outer,3,0.388467449365328,,,,,,,0.8310425281524658,0.8283566236495972,0.8363215923309326,0.8205419182777405,0.907401442527771,False,
Vembanad,,Test_Vem_outer_31px_2026-07-23,31,outer,4,0.3630684801940141,,,,,,,0.8437301516532898,0.8421726822853088,0.8452414870262146,0.8391261100769043,0.919533371925354,False,
Vembanad,,Test_Vem_outer_31px_2026-07-23,31,outer,5,0.3408015065686584,,,,,,,0.8547261357307434,0.8536949157714844,0.8543620109558105,0.8530287742614746,0.9288594126701356,False,
Vembanad,,Test_Vem_outer_31px_2026-07-23,31,outer,6,0.3072822168579714,,,,,,,0.867766261100769,0.8672516345977783,0.8651701211929321,0.8693431615829468,0.942675232887268,False,
Vembanad,,Test_Vem_outer_31px_2026-07-23,31,outer,7,0.2949703094625167,,,,,,,0.8761542439460754,0.8758918046951294,0.8722566366195679,0.8795573711395264,0.9470678567886353,False,
Vembanad,,Test_Vem_outer_31px_2026-07-23,31,outer,8,0.2821787976664889,,,,,,,0.8799605369567871,0.879621148109436,0.8765849471092224,0.8826783895492554,0.9515690803527832,False,
Vembanad,,Test_Vem_outer_31px_2026-07-23,31,outer,9,0.273318649809843,,,,,,,0.8853175640106201,0.8853660225868225,0.8794792890548706,0.8913320899009705,0.9543684124946594,False,
Vembanad,,Test_Vem_outer_31px_2026-07-23,31,outer,10,0.2618796686428062,,,,,,,0.8903926014900208,0.8902223706245422,0.886031448841095,0.8944531083106995,0.9582072496414183,False,
Vembanad,,Test_Vem_outer_31px_2026-07-23,31,outer,11,0.2423754710282114,,,,,,,0.9004722833633423,0.9003387689590454,0.8959123492240906,0.9048091769218444,0.9643515348434448,False,
Vembanad,,Test_Vem_outer_31px_2026-07-23,31,outer,12,0.2353296896676865,,,,,,,0.9054768681526184,0.9052096009254456,0.9020850658416748,0.9083557724952698,0.9662363529205322,False,
Vembanad,,Test_Vem_outer_31px_2026-07-23,31,outer,13,0.2320166477724639,,,,,,,0.907239019870758,0.907049000263214,0.9032212495803832,0.9109093546867372,0.9668569564819336,False,
Vembanad,,Test_Vem_outer_31px_2026-07-23,31,outer,14,0.2263469473331013,,,,,,,0.9093536138534546,0.9093728065490724,0.9035149216651917,0.9153071641921996,0.9687163829803468,False,
Vembanad,,Test_Vem_outer_31px_2026-07-23,31,outer,15,0.2181697019884028,,,,,,,0.91386479139328,0.9137979745864868,0.9087975025177002,0.918853759765625,0.9708709716796876,False,
Valsequillo,Hartbeespoort,T-Val_V-Har_31px_2026-07-23,31,inner,1,0.5177282257851195,0.5707675957773614,0.7440944910049438,0.6878751516342163,0.8629518151283264,0.5718562602996826,0.7817122936248779,0.7419328093528748,0.7369837760925293,0.7476109266281128,0.7266545295715332,0.8231453895568848,False,23.0
Valsequillo,Hartbeespoort,T-Val_V-Har_31px_2026-07-23,31,inner,2,0.4663747456553471,0.5139337325189995,0.7657480239868164,0.7298524379730225,0.8460526466369629,0.6417165398597717,0.8279247283935547,0.7837748527526855,0.7756465077400208,0.8017348051071167,0.7512025237083435,0.8627172708511353,False,23.0
Valsequillo,Hartbeespoort,T-Val_V-Har_31px_2026-07-23,31,inner,3,0.4451270425114053,0.5144953070663092,0.787401556968689,0.7581186890602112,0.8635203838348389,0.6756486892700195,0.8338313698768616,0.7997028827667236,0.7936750650405884,0.8140913844108582,0.7742577791213989,0.8761788606643677,False,23.0
Valsequillo,Hartbeespoort,T-Val_V-Har_31px_2026-07-23,31,inner,4,0.4335699696750189,0.4655077279083372,0.8184055089950562,0.8230215907096863,0.7922437787055969,0.85628741979599,0.8802656531333923,0.8052323460578918,0.799490213394165,0.8195436596870422,0.7803947329521179,0.8834434747695923,False,23.0
Valsequillo,Hartbeespoort,T-Val_V-Har_31px_2026-07-23,31,inner,5,0.4193055984421395,0.4734175702718299,0.8016732335090637,0.76799076795578,0.9074829816818236,0.6656686663627625,0.8785806894302368,0.8173640370368958,0.8124735355377197,0.8305613398551941,0.795156717300415,0.8925725221633911,False,23.0
Valsequillo,Hartbeespoort,T-Val_V-Har_31px_2026-07-23,31,inner,6,0.3774957434923192,0.4104315884939329,0.8464567065238953,0.8302502632141113,0.9126794338226318,0.7614770531654358,0.9040365219116212,0.8356853723526001,0.8339588046073914,0.8386447429656982,0.8293249011039734,0.9135044813156128,False,23.0
Valsequillo,Hartbeespoort,T-Val_V-Har_31px_2026-07-23,31,inner,7,0.3598395317726485,0.3742301565572971,0.8774606585502625,0.8717156052589417,0.9009584784507751,0.8443113565444946,0.9118404388427734,0.8445984721183777,0.8437214493751526,0.8443521857261658,0.8430917263031006,0.92135751247406,False,23.0
Valsequillo,Hartbeespoort,T-Val_V-Har_31px_2026-07-23,31,inner,8,0.3593378802912851,0.4059644422501208,0.8425197005271912,0.8198198080062866,0.9405684471130372,0.7265468835830688,0.9376625418663024,0.8425352573394775,0.8413965106010437,0.8433594107627869,0.8394426703453064,0.921421766281128,False,23.0
Valsequillo,Hartbeespoort,T-Val_V-Har_31px_2026-07-23,31,inner,9,0.3420719434160933,0.7185594041751125,0.811515748500824,0.782014787197113,0.9099337458610536,0.6856287717819214,0.8079869151115417,0.8523561954498291,0.8520142436027527,0.8498349785804749,0.8542046546936035,0.928564190864563,False,23.0
Valsequillo,Hartbeespoort,T-Val_V-Har_31px_2026-07-23,31,inner,10,0.3317510701252936,0.4483273402443082,0.8646653294563293,0.861321210861206,0.8705402612686157,0.8522953987121582,0.8966223001480103,0.8581331968307495,0.8582969307899475,0.8531628847122192,0.8634931445121765,0.933025598526001,False,23.0
Valsequillo,Hartbeespoort,T-Val_V-Har_31px_2026-07-23,31,inner,11,0.3079358415211291,0.3089699313983204,0.8863189220428467,0.8774535655975342,0.9365798234939576,0.8253493309020996,0.9471900463104248,0.8685318231582642,0.8692869544029236,0.8601818680763245,0.8785868287086487,0.9422498941421508,False,23.0
Valsequillo,Hartbeespoort,T-Val_V-Har_31px_2026-07-23,31,inner,12,0.2986655190182448,0.5617641913374578,0.8154527544975281,0.7858366370201111,0.9185580611228944,0.6866267323493958,0.8487151861190796,0.8709251284599304,0.8710847496986389,0.8658037185668945,0.8764305710792542,0.945810079574585,False,23.0
Valsequillo,Hartbeespoort,T-Val_V-Har_31px_2026-07-23,31,inner,13,0.2869672881225809,0.3890574235674434,0.8548228144645691,0.8441627025604248,0.8967452049255371,0.7974051833152771,0.914845049381256,0.8814888000488281,0.8814985752105713,0.8771555423736572,0.8858848810195923,0.9498114585876464,False,23.0
Valsequillo,Hartbeespoort,T-Val_V-Har_31px_2026-07-23,31,inner,14,0.2845368821712239,0.2942128915442373,0.8882874250411987,0.8780225515365601,0.9511059522628784,0.8153692483901978,0.9592368602752686,0.880498468875885,0.8807837963104248,0.8744482398033142,0.887211799621582,0.9507291913032532,False,23.0
Valsequillo,Hartbeespoort,T-Val_V-Har_31px_2026-07-23,31,inner,15,0.2840865948141787,0.5383282553140573,0.8380905389785767,0.8191313743591309,0.9118726849555968,0.7435129880905151,0.8610516786575317,0.8825616836547852,0.8828902840614319,0.8761842250823975,0.8896997570991516,0.9508013725280762,False,23.0
Valsequillo,Hartbeespoort,T-Val_V-Har_31px_2026-07-23,31,inner,16,0.2666404219318894,0.3568377837421387,0.8873031735420227,0.8789000511169434,0.9347581267356871,0.8293412923812866,0.9304895401000975,0.8887513279914856,0.8890169858932495,0.8826221823692322,0.8955050706863403,0.9566388130187988,False,23.0
Valsequillo,Hartbeespoort,T-Val_V-Har_31px_2026-07-23,31,inner,17,0.2622378448382102,0.4605516682224949,0.8558070659637451,0.8418780565261841,0.9165687561035156,0.7784430980682373,0.8956058621406555,0.894940972328186,0.8953039050102234,0.8879282474517822,0.902803122997284,0.9579272270202636,False,23.0
Valsequillo,Hartbeespoort,T-Val_V-Har_31px_2026-07-23,31,inner,18,0.2565529638610972,0.3383972241770564,0.8823819160461426,0.8748035430908203,0.920617401599884,0.8333333134651184,0.932704508304596,0.8955187201499939,0.895990788936615,0.887677013874054,0.9044617414474488,0.9597564339637756,False,23.0
Valsequillo,Hartbeespoort,T-Val_V-Har_31px_2026-07-23,31,inner,19,0.2543305046484397,0.3663323723131746,0.8641732335090637,0.8501628637313843,0.9321428537368774,0.78143709897995,0.9285690188407898,0.8957662582397461,0.8961434364318848,0.8886170983314514,0.903798282146454,0.9605532884597778,False,23.0
Valsequillo,Hartbeespoort,T-Val_V-Har_31px_2026-07-23,31,inner,20,0.2486623403060315,0.3503618201636893,0.8838582634925842,0.875,0.932279884815216,0.8243513107299805,0.932329535484314,0.8987373113632202,0.8991700410842896,0.8910423517227173,0.907447338104248,0.962416410446167,False,23.0
Valsequillo,Hartbeespoort,T-Val_V-Har_31px_2026-07-23,31,inner,21,0.2354598581456425,0.3247856034596604,0.8877952694892883,0.8794925808906555,0.934831440448761,0.8303393125534058,0.940353274345398,0.9065775275230408,0.9068312644958496,0.9000163078308105,0.9137502312660216,0.96632981300354,False,23.0
Valsequillo,Hartbeespoort,T-Val_V-Har_31px_2026-07-23,31,inner,22,0.2349864116515461,0.312183784540948,0.8892716765403748,0.8794857859611511,0.9491329193115234,0.8193612694740295,0.9496346712112428,0.9055046439170836,0.9059702754020692,0.8972023129463196,0.9149112701416016,0.96637761592865,False,23.0
Valsequillo,Hartbeespoort,T-Val_V-Har_31px_2026-07-23,31,inner,23,0.2345532802386066,0.2792602704148593,0.9084645509719848,0.902922749519348,0.9463894963264464,0.8632734417915344,0.9558387994766236,0.9052571058273317,0.90574711561203,0.8967647552490234,0.9149112701416016,0.9664703607559204,False,23.0
Valsequillo,Hartbeespoort,T-Val_V-Har_31px_2026-07-23,31,inner,24,0.2309882471375883,0.3471568021776638,0.8892716765403748,0.880382776260376,0.9419795274734496,0.826347291469574,0.937625765800476,0.9055871963500975,0.9060137867927552,0.8976070284843445,0.9145795106887816,0.9674439430236816,False,23.0
Valsequillo,Hartbeespoort,T-Val_V-Har_31px_2026-07-23,31,inner,25,0.2334719048191181,0.3002741788843954,0.8946850299835205,0.8878406882286072,0.9348785877227784,0.8453093767166138,0.9451127052307128,0.9095485806465148,0.9098239541053772,0.9026938676834106,0.917067527770996,0.9665170907974244,False,23.0
Valsequillo,Hartbeespoort,T-Val_V-Har_31px_2026-07-23,31,inner,26,0.2229715231681525,0.2912549692404082,0.8922244310379028,0.8840656280517578,0.9413754343986512,0.8333333134651184,0.95536208152771,0.909796178340912,0.910358428955078,0.9003893733024597,0.9205506443977356,0.9697524309158324,False,23.0
Valsequillo,Hartbeespoort,T-Val_V-Har_31px_2026-07-23,31,inner,27,0.2204088986810308,0.3119413807225509,0.8927165269851685,0.8845338821411133,0.9424379467964172,0.8333333134651184,0.949394464492798,0.9128497242927552,0.913470983505249,0.9026720523834229,0.9245314598083496,0.9703671336174012,False,23.0
Valsequillo,Hartbeespoort,T-Val_V-Har_31px_2026-07-23,31,inner,28,0.2224908334209136,0.3082540821665385,0.8902559280395508,0.8816975951194763,0.941109836101532,0.8293412923812866,0.9492510557174684,0.912189483642578,0.9127582907676696,0.9025458097457886,0.92320454120636,0.9696865677833556,False,23.0
Valsequillo,Hartbeespoort,T-Val_V-Har_31px_2026-07-23,31,inner,29,0.2239641904132421,0.3791249050927444,0.8607283234596252,0.8444200158119202,0.9400244951248168,0.7664670944213867,0.9377342462539672,0.9136750102043152,0.91402268409729,0.905980110168457,0.9222093224525452,0.9693447947502136,False,23.0
Valsequillo,Hartbeespoort,T-Val_V-Har_31px_2026-07-23,31,inner,30,0.2173732063186791,0.3415089048973219,0.8779527544975281,0.8668099045753479,0.9383720755577089,0.8053892254829407,0.9430711269378662,0.9115292429924012,0.912116765975952,0.9017668962478638,0.92270690202713,0.9712910652160645,False,23.0
Valsequillo,Hartbeespoort,T-Val_V-Har_31px_2026-07-23,31,inner,31,0.2153106834900854,0.3078802447678067,0.8863189220428467,0.876800000667572,0.9415807723999025,0.8203592896461487,0.9526073932647704,0.9135924577713012,0.913805902004242,0.9071592092514038,0.9205506443977356,0.9718822240829468,False,23.0
Valsequillo,Hartbeespoort,T-Val_V-Har_31px_2026-07-23,31,inner,32,0.2172476341890267,0.4040367704354168,0.8626968264579773,0.8472906351089478,0.9381818175315856,0.772455096244812,0.9254607558250428,0.9145002961158752,0.9146482348442078,0.9086593389511108,0.9207165241241456,0.9709310531616212,False,23.0
Valsequillo,Hartbeespoort,T-Val_V-Har_31px_2026-07-23,31,inner,33,0.2142725231554373,0.3911160197490313,0.8666338324546814,0.8515068292617798,0.944106936454773,0.7754490971565247,0.9301862716674804,0.9137575030326844,0.9140695929527284,0.9063926935195924,0.9218775629997252,0.9723404049873352,False,23.0
Valsequillo,Rodman,T-Val_V-Rod_31px_2026-07-23,31,inner,1,0.4719275257767029,0.606216735400836,0.7752203941345215,0.7984189987182617,0.7243027687072754,0.8894324898719788,0.8221182823181152,0.7731890678405762,0.7638865113258362,0.790250837802887,0.7392244935035706,0.8571239709854126,False,7.0
Valsequillo,Rodman,T-Val_V-Rod_31px_2026-07-23,31,inner,2,0.4355442227582332,0.688011991113687,0.6571988463401794,0.5939674973487854,0.7293447256088257,0.5009784698486328,0.7762178182601929,0.8004460334777832,0.7914724946022034,0.822126567363739,0.7630221247673035,0.8828991055488586,False,7.0
Valsequillo,Rodman,T-Val_V-Rod_31px_2026-07-23,31,inner,3,0.4250148486724782,0.5947754217875459,0.667482852935791,0.7465472221374512,0.6035003066062927,0.9784736037254332,0.8302463293075562,0.8095316886901855,0.8019240498542786,0.8286880850791931,0.7768347263336182,0.8890805244445801,False,7.0
Valsequillo,Rodman,T-Val_V-Rod_31px_2026-07-23,31,inner,4,0.4031512456063522,0.5421807383580259,0.7252693176269531,0.7807737588882446,0.6499674916267395,0.9774951338768004,0.8870716691017151,0.8226645588874817,0.8174785375595093,0.8355926275253296,0.8001331090927124,0.9020408987998962,False,7.0
Valsequillo,Rodman,T-Val_V-Rod_31px_2026-07-23,31,inner,5,0.3848913664308558,0.5004705753429163,0.7933398485183716,0.7988560795783997,0.7788103818893433,0.8199608325958252,0.852839469909668,0.8341455459594727,0.8305485248565674,0.8424926996231079,0.8189382553100586,0.91090726852417,False,7.0
Valsequillo,Rodman,T-Val_V-Rod_31px_2026-07-23,31,inner,6,0.3470613594550248,0.5814403908493236,0.7717923521995544,0.8128514289855957,0.6893733143806458,0.9902152419090272,0.868889331817627,0.8541339635848999,0.8519946336746216,0.8581799864768982,0.8458977937698364,0.9282755255699158,False,7.0
Valsequillo,Rodman,T-Val_V-Rod_31px_2026-07-23,31,inner,7,0.3234927546775409,0.4671248139176849,0.8006855845451355,0.8079282641410828,0.7803099155426025,0.8375734090805054,0.8671913743019104,0.8637152314186096,0.8623623847961426,0.8645258545875549,0.8602097034454346,0.9366477727890016,False,7.0
Valsequillo,Rodman,T-Val_V-Rod_31px_2026-07-23,31,inner,8,0.3223402180885947,0.5925498620536722,0.7889324426651001,0.8135006427764893,0.7292474508285522,0.9197651743888856,0.8552310466766357,0.8672668933868408,0.8658485412597656,0.8686767220497131,0.8630387783050537,0.9372254610061646,False,7.0
Valsequillo,Rodman,T-Val_V-Rod_31px_2026-07-23,31,inner,9,0.3011737385364865,0.6247556686518124,0.7884427309036255,0.8181818127632141,0.7178729772567749,0.951076328754425,0.8675780296325684,0.8757743239402771,0.8753108978271484,0.872129499912262,0.8785155415534973,0.9449197053909302,False,7.0
Valsequillo,Rodman,T-Val_V-Rod_31px_2026-07-23,31,inner,10,0.2982851803583384,0.5894217146715618,0.8055827617645264,0.8338216543197632,0.7286027669906616,0.9745596647262572,0.883594274520874,0.8789955973625183,0.8786347508430481,0.8747937679290771,0.8825095891952515,0.9458777904510498,False,7.0
Valsequillo,Rodman,T-Val_V-Rod_31px_2026-07-23,31,inner,11,0.2824515926700811,0.5353416127392641,0.8046033382415771,0.8241516351699829,0.7497994899749756,0.9148728251457214,0.8760159015655518,0.8840340375900269,0.8838901519775391,0.8785138726234436,0.88933265209198,0.9513944387435912,False,7.0
Valsequillo,Rodman,T-Val_V-Rod_31px_2026-07-23,31,inner,12,0.2664718689469132,0.6687381308412692,0.7600391507148743,0.7605082988739014,0.759765625,0.7612524628639221,0.8145466446876526,0.8915503621101379,0.8916040658950806,0.8846657872200012,0.8986520171165466,0.9560629725456238,False,7.0
Valsequillo,Rodman,T-Val_V-Rod_31px_2026-07-23,31,inner,13,0.2718651041436512,0.6274813951287751,0.7987267374992371,0.8281053900718689,0.7231556177139282,0.9686888456344604,0.8845890760421753,0.8870075345039368,0.8870168328285217,0.8804721832275391,0.8936595320701599,0.954758644104004,False,7.0
Valsequillo,Rodman,T-Val_V-Rod_31px_2026-07-23,31,inner,14,0.2693863168704654,0.7970854989695385,0.6709108948707581,0.7456472516059875,0.6080247163772583,0.9637964963912964,0.8736277222633362,0.8933674693107605,0.8932616710662842,0.887610912322998,0.8989848494529724,0.9555103182792664,False,7.0
Valsequillo,Rodman,T-Val_V-Rod_31px_2026-07-23,31,inner,15,0.2660530009587356,0.5393813565942613,0.8070518970489502,0.8165735602378845,0.778863251209259,0.8581213355064392,0.8515372276306152,0.8911373615264893,0.8909662365913391,0.8858364820480347,0.8961557745933533,0.9562761783599854,False,7.0
Valsequillo,Rodman,T-Val_V-Rod_31px_2026-07-23,31,inner,16,0.2531425215594979,0.5347924826777997,0.8075416088104248,0.819144070148468,0.7732406854629517,0.8708415031433105,0.8536644577980042,0.898818850517273,0.8993343710899353,0.8883116841316223,0.9106340408325196,0.96029132604599,False,7.0
Valsequillo,Rodman,T-Val_V-Rod_31px_2026-07-23,31,inner,17,0.2458359333361525,0.5864499709281585,0.8163565397262573,0.8320645093917847,0.7671346068382263,0.9090019464492798,0.8602192997932434,0.9015445709228516,0.902134656906128,0.890293300151825,0.9142951965332032,0.9623878598213196,False,7.0
Valsequillo,Mula,T-Val_V-Mul_31px_2026-07-23,31,inner,1,0.4641937295500387,0.8776296534823634,0.5666022896766663,0.1953404992818832,0.964601755142212,0.1086739748716354,0.7631007432937622,0.7788358330726624,0.7756404876708984,0.7856048941612244,0.7659257054328918,0.8631069660186768,False,7.0
Valsequillo,Mula,T-Val_V-Mul_31px_2026-07-23,31,inner,2,0.407352481549116,0.8947740409480098,0.5555019378662109,0.1725067347288131,0.8727272748947144,0.0957128629088401,0.7277261018753052,0.8192431926727295,0.8156094551086426,0.8308380842208862,0.8009290099143982,0.8984013199806213,False,7.0
Valsequillo,Mula,T-Val_V-Mul_31px_2026-07-23,31,inner,3,0.3988817941721004,0.9611065912143144,0.530888020992279,0.0760456249117851,0.8163265585899353,0.0398803576827049,0.7046409845352173,0.827771782875061,0.8252688050270081,0.835942804813385,0.8148639798164368,0.903084397315979,False,7.0
Valsequillo,Mula,T-Val_V-Mul_31px_2026-07-23,31,inner,4,0.3565572702086129,1.470542918590462,0.5762548446655273,0.22300885617733,0.9921259880065918,0.1256231367588043,0.7359409332275391,0.851701557636261,0.8507872819900513,0.8545606732368469,0.8470470905303955,0.9238512516021729,False,7.0
Valsequillo,Mula,T-Val_V-Mul_31px_2026-07-23,31,inner,5,0.3566985730823029,1.1594040157079235,0.54777991771698,0.1251167207956314,0.9852941036224364,0.0667996034026146,0.7467447519302368,0.8541856408119202,0.8526976108551025,0.8599628806114197,0.8455540537834167,0.9230927228927612,False,7.0
Valsequillo,Mula,T-Val_V-Mul_31px_2026-07-23,31,inner,6,0.3177292975080796,0.94491857500265,0.5699806809425354,0.2325581461191177,0.8544303774833679,0.1345962136983871,0.7301491498947144,0.8725677132606506,0.872694194316864,0.8703184127807617,0.8750829696655273,0.9388768672943116,False,7.0
Valsequillo,Mula,T-Val_V-Mul_31px_2026-07-23,31,inner,7,0.3103844030076446,0.6754032318196241,0.6674710512161255,0.5198606252670288,0.8634259104728699,0.3718843460083008,0.814846396446228,0.8757969737052917,0.8758689165115356,0.8738441467285156,0.8779031038284302,0.9411014318466188,False,7.0
Valsequillo,Mula,T-Val_V-Mul_31px_2026-07-23,31,inner,8,0.2950487886032265,1.0107503302150826,0.5641891956329346,0.2044052928686142,0.8787878751754761,0.1156530380249023,0.7874327898025513,0.8812618851661682,0.8811930418014526,0.8801721334457397,0.8822163343429565,0.946660339832306,False,7.0
Valsequillo,Mula,T-Val_V-Mul_31px_2026-07-23,31,inner,9,0.2765583334265634,1.014041295613101,0.5844594836235046,0.2819015979766845,0.8622449040412903,0.1684945225715637,0.7692371606826782,0.8921917676925659,0.8926274180412292,0.8875041007995605,0.8978102207183838,0.9530036449432372,False,7.0
Valsequillo,Mula,T-Val_V-Mul_31px_2026-07-23,31,inner,10,0.2745151014614058,1.3931102379311495,0.5791505575180054,0.2350877225399017,0.978102207183838,0.1335992068052292,0.7759994268417358,0.8914465308189392,0.8919475674629211,0.8863226771354675,0.8976443409919739,0.953545331954956,False,7.0
Valsequillo,Mula,T-Val_V-Mul_31px_2026-07-23,31,inner,11,0.2535707744403994,1.012993279229634,0.5989382266998291,0.3022670149803161,0.957446813583374,0.1794616132974624,0.8037617802619934,0.8995611667633057,0.9001892805099487,0.8930612206459045,0.907431960105896,0.9596813917160034,False,7.0
Valsequillo,Mula,T-Val_V-Mul_31px_2026-07-23,31,inner,12,0.2393611206613629,0.8764685154191315,0.5622586607933044,0.2078602612018585,0.8380281925201416,0.1186440661549568,0.8061643242835999,0.9070133566856384,0.9080186486244202,0.8967804312705994,0.919542133808136,0.9638773202896118,False,7.0
Valsequillo,Mula,T-Val_V-Mul_31px_2026-07-23,31,inner,13,0.2336653944419849,1.045779217110091,0.5859073400497437,0.2666666805744171,0.9341317415237428,0.1555334031581878,0.8155673146247864,0.9095801711082458,0.9104036688804626,0.90064936876297,0.9203715920448304,0.9659959077835084,False,7.0
Valsequillo,Mula,T-Val_V-Mul_31px_2026-07-23,31,inner,14,0.2327326547344897,1.0497293394691811,0.5834941864013672,0.2704987227916717,0.8888888955116272,0.1595214307308197,0.7871782183647156,0.9103254079818726,0.9114400148391724,0.8987259864807129,0.924518883228302,0.9656550288200378,False,7.0
Valsequillo,Mula,T-Val_V-Mul_31px_2026-07-23,31,inner,15,0.2333198660922789,0.9045248176600482,0.626447856426239,0.3895899057388305,0.9320755004882812,0.2462612092494964,0.8184016942977905,0.9113190174102784,0.912320911884308,0.9005980491638184,0.924353003501892,0.9653558135032654,False,7.0
Valsequillo,Mula,T-Val_V-Mul_31px_2026-07-23,31,inner,16,0.2115986617040662,0.9145192292277992,0.6148648858070374,0.3616000115871429,0.9149797558784484,0.2253240346908569,0.8142998218536377,0.9179431796073914,0.9188702702522278,0.9070631861686708,0.9309887290000916,0.9720515012741088,False,7.0
Valsequillo,Mula,T-Val_V-Mul_31px_2026-07-23,31,inner,17,0.2029512921792244,0.9724612293700224,0.5666022896766663,0.2122807055711746,0.8832116723060608,0.1206380873918533,0.7999593019485474,0.9217520952224731,0.9225600361824036,0.9115789532661438,0.9338088631629944,0.9741410613059998,False,7.0
Valsequillo,Inle,T-Val_V-Inl_31px_2026-07-23,31,inner,1,0.4992893325324823,0.4623659715652465,0.7534999847412109,0.7118644118309021,0.8565400838851929,0.609000027179718,0.8897500038146973,0.7621203660964966,0.7529069781303406,0.777228593826294,0.7300613522529602,0.8407022953033447,False,29.0
Valsequillo,Inle,T-Val_V-Inl_31px_2026-07-23,31,inner,2,0.4661807750701826,0.4124888129234313,0.824999988079071,0.836448609828949,0.7850877046585083,0.8949999809265137,0.9194520115852356,0.7901061773300171,0.7813786268234253,0.808982789516449,0.7555961012840271,0.8646348714828491,False,29.0
Valsequillo,Inle,T-Val_V-Inl_31px_2026-07-23,31,inner,3,0.4484045875421796,0.5204796991348266,0.7164999842643738,0.6315789222717285,0.90166974067688,0.4860000014305115,0.8831650018692017,0.7971026301383972,0.7900519371032715,0.8122591972351074,0.7690266966819763,0.8760544061660767,False,29.0
Valsequillo,Inle,T-Val_V-Inl_31px_2026-07-23,31,inner,4,0.4259834452753391,0.5801154537200928,0.6959999799728394,0.6200000047683716,0.8266666531562805,0.4959999918937683,0.8198040127754211,0.811754047870636,0.8063341379165649,0.8239875435829163,0.7894213199615479,0.8892017602920532,False,29.0
Valsequillo,Inle,T-Val_V-Inl_31px_2026-07-23,31,inner,5,0.4101982752558959,0.4406182893514633,0.8165000081062317,0.7918320894241333,0.9148099422454834,0.6980000138282776,0.9214800000190736,0.820232093334198,0.8158205151557922,0.8301012516021729,0.8020228743553162,0.8976705074310303,False,29.0
Valsequillo,Inle,T-Val_V-Inl_31px_2026-07-23,31,inner,6,0.3734673782747678,0.4426553592681885,0.7570000290870667,0.7990074157714844,0.6812412142753601,0.9660000205039978,0.941923975944519,0.8387521505355835,0.8369538187980652,0.8402406573295593,0.8336926102638245,0.915657877922058,False,29.0
Valsequillo,Inle,T-Val_V-Inl_31px_2026-07-23,31,inner,7,0.3597967455329027,0.341926479935646,0.8744999766349792,0.8821042776107788,0.8317095041275024,0.9390000104904176,0.9464679956436156,0.845583975315094,0.8451122641563416,0.841637909412384,0.8486154675483704,0.9211385846138,False,29.0
Valsequillo,Inle,T-Val_V-Inl_31px_2026-07-23,31,inner,8,0.3451739034615227,0.5433347783088684,0.7519999742507935,0.7181817889213562,0.8315789699554443,0.6320000290870667,0.8346585035324097,0.8527450561523438,0.8525509238243103,0.847590982913971,0.8575692176818848,0.927334189414978,False,29.0
Valsequillo,Inle,T-Val_V-Inl_31px_2026-07-23,31,inner,9,0.3393029354685019,0.3674296338558197,0.8395000100135803,0.8381240367889404,0.8453713059425354,0.8309999704360962,0.9194890260696412,0.8552967309951782,0.8555464148521423,0.8480208516120911,0.8632067441940308,0.9294064044952391,False,29.0
Valsequillo,Inle,T-Val_V-Inl_31px_2026-07-23,31,inner,10,0.3239938851633879,0.3389963353872299,0.8475000262260437,0.8461926579475403,0.8535096645355225,0.8389999866485596,0.929563045501709,0.8639394044876099,0.8641183972358704,0.8568633794784546,0.8714972734451294,0.9359566569328308,False,29.0
Valsequillo,Inle,T-Val_V-Inl_31px_2026-07-23,31,inner,11,0.2974649886700712,0.2960820413231849,0.8690000176429749,0.8718199729919434,0.8534482717514038,0.890999972820282,0.9495580196380616,0.8737344741821289,0.8735992312431335,0.8683046698570251,0.8789587020874023,0.9457563757896424,False,29.0
Valsequillo,Inle,T-Val_V-Inl_31px_2026-07-23,31,inner,12,0.2958586381162495,0.2994081555604935,0.8784999847412109,0.8784392476081848,0.8788788914680481,0.878000020980835,0.9549199938774108,0.877438485622406,0.8777604699134827,0.8692682981491089,0.8864201903343201,0.9465118646621704,False,29.0
Valsequillo,Inle,T-Val_V-Inl_31px_2026-07-23,31,inner,13,0.2912183418589096,0.3277779377698898,0.8654999732971191,0.8551427125930786,0.9264877438545228,0.7940000295639038,0.9525749683380128,0.8768622875213623,0.8772361874580383,0.8683996796607971,0.8862543702125549,0.9480873942375184,False,29.0
Valsequillo,Inle,T-Val_V-Inl_31px_2026-07-23,31,inner,14,0.2835597368618796,0.2808016598224639,0.902999997138977,0.9033864736557008,0.8998016119003296,0.9070000052452089,0.962319016456604,0.8818009495735168,0.8821405172348022,0.8733950853347778,0.89106285572052,0.9507406949996948,False,29.0
Valsequillo,Inle,T-Val_V-Inl_31px_2026-07-23,31,inner,15,0.2780486975373903,0.2323421372175216,0.9235000014305116,0.9270386099815368,0.8860528469085693,0.972000002861023,0.976433038711548,0.8867396712303162,0.8874345421791077,0.8758275508880615,0.8993533253669739,0.9526469707489014,False,29.0
Valsequillo,Inle,T-Val_V-Inl_31px_2026-07-23,31,inner,16,0.264048583741168,0.4316642564535141,0.8159999847412109,0.78899085521698,0.924731194972992,0.6880000233650208,0.9197450280189514,0.8938184380531311,0.8943662047386169,0.8835139870643616,0.9054883122444152,0.9570905566215516,False,29.0
Valsequillo,Inle,T-Val_V-Inl_31px_2026-07-23,31,inner,17,0.2587857959554837,0.224505475282669,0.921500027179718,0.9247002601623536,0.8884792923927307,0.9639999866485596,0.9754669666290284,0.8966993093490601,0.8974757194519043,0.8845410346984863,0.9107942581176758,0.9585281610488892,False,29.0
Valsequillo,Inle,T-Val_V-Inl_31px_2026-07-23,31,inner,18,0.2500548702690354,0.2438215792179107,0.9010000228881836,0.9030362367630004,0.8848368525505066,0.921999990940094,0.9666990041732788,0.9015556573867798,0.9020795822143556,0.8909914493560791,0.9134472012519836,0.961556077003479,False,29.0
Valsequillo,Inle,T-Val_V-Inl_31px_2026-07-23,31,inner,19,0.247638019621593,0.2317490157485008,0.909500002861023,0.9117503762245178,0.8896289467811584,0.9350000023841858,0.969419002532959,0.8968639373779297,0.8974379897117615,0.88619464635849,0.908970296382904,0.9623680114746094,False,29.0
Valsequillo,Inle,T-Val_V-Inl_31px_2026-07-23,31,inner,20,0.2462457556929723,0.2466958962976932,0.8960000276565552,0.8944162726402283,0.908247411251068,0.8809999823570251,0.9655770063400269,0.8996624946594238,0.900367796421051,0.8878143429756165,0.9132813811302184,0.9623805284500122,False,29.0
Valsequillo,Inle,T-Val_V-Inl_31px_2026-07-23,31,inner,21,0.235657678655032,0.237734350323677,0.9049999713897704,0.9044265747070312,0.909919023513794,0.8989999890327454,0.9672819972038268,0.9075644016265868,0.908289074897766,0.8949146866798401,0.9220693111419678,0.965831696987152,False,29.0
Valsequillo,Inle,T-Val_V-Inl_31px_2026-07-23,31,inner,22,0.2284618405630896,0.2766930301189422,0.8924999833106995,0.8879624605178833,0.9270946383476256,0.8519999980926514,0.964576005935669,0.9069058895111084,0.9078615307807922,0.8923766613006592,0.9238932132720948,0.9677990674972534,False,29.0
Valsequillo,Inle,T-Val_V-Inl_31px_2026-07-23,31,inner,23,0.2354356559760502,0.2194758312702178,0.9229999780654908,0.9236111044883728,0.9163385629653932,0.930999994277954,0.9735879898071288,0.9060004949569702,0.9063320159912108,0.8967700004577637,0.9161001443862916,0.9654962420463562,False,29.0
Valsequillo,Inle,T-Val_V-Inl_31px_2026-07-23,31,inner,24,0.2297950838831621,0.2478027665615081,0.8985000252723694,0.8962697982788086,0.916405439376831,0.8769999742507935,0.9663060307502748,0.9077290296554564,0.9083026647567748,0.8963513374328613,0.9205769896507264,0.967397689819336,False,29.0
Valsequillo,Inle,T-Val_V-Inl_31px_2026-07-23,31,inner,25,0.2276039659861665,0.2896962084770202,0.8899999856948853,0.8864809274673462,0.9157782793045044,0.859000027179718,0.9539480209350586,0.9088813662528992,0.9098166823387146,0.8942985534667969,0.9258829355239868,0.9678635597229004,False,29.0
Valsequillo,Inle,T-Val_V-Inl_31px_2026-07-23,31,inner,26,0.219528577349119,0.2441793156862259,0.9120000004768372,0.9122632145881652,0.9095427393913268,0.915000021457672,0.9653940200805664,0.9120915532112122,0.9127023220062256,0.9000483751296997,0.9257171154022216,0.9706000089645386,False,29.0
Valsequillo,Inle,T-Val_V-Inl_31px_2026-07-23,31,inner,27,0.2183942266347644,0.2238674438595772,0.9175000190734864,0.9182763695716858,0.9097154140472412,0.9269999861717224,0.9715819954872132,0.9113507270812988,0.9121461510658264,0.8977199792861938,0.927043616771698,0.9707375764846802,False,29.0
Valsequillo,Inle,T-Val_V-Inl_31px_2026-07-23,31,inner,28,0.214157960357779,0.2259142317771911,0.9179999828338624,0.9197651743888856,0.9003831148147583,0.9399999976158142,0.970149040222168,0.9162070751190186,0.9167212247848512,0.9047311544418336,0.92903333902359,0.9714353680610656,False,29.0
Valsequillo,Inle,T-Val_V-Inl_31px_2026-07-23,31,inner,29,0.2129522599031507,0.2165614030361175,0.9275000095367432,0.9282533526420592,0.9187071323394777,0.9380000233650208,0.9728920459747314,0.913984715938568,0.9148120880126952,0.899775505065918,0.9303597807884216,0.9721555709838868,False,29.0
Valsequillo,Inle,T-Val_V-Inl_31px_2026-07-23,31,inner,30,0.2186802123034772,0.2282305816411972,0.9135000109672546,0.9141439199447632,0.9073891639709472,0.9210000038146972,0.9687340259552002,0.912173867225647,0.9127768874168396,0.9001935124397278,0.9257171154022216,0.9704721570014954,False,29.0
Valsequillo,Inle,T-Val_V-Inl_31px_2026-07-23,31,inner,31,0.2140175118602071,0.2311838603019714,0.9120000004768372,0.912611722946167,0.9063116312026978,0.9190000295639038,0.9681049585342408,0.9139024019241332,0.9146957993507384,0.9000160694122314,0.929862380027771,0.9718880653381348,False,29.0
Valsequillo,Inle,T-Val_V-Inl_31px_2026-07-23,31,inner,32,0.21214174646852,0.2657709591388702,0.8945000171661377,0.8914050459861755,0.9183456897735596,0.8659999966621399,0.9606679677963256,0.9153839945793152,0.9159443974494934,0.9035328030586244,0.9287016987800598,0.9725051522254944,False,29.0
Valsequillo,Inle,T-Val_V-Inl_31px_2026-07-23,31,inner,33,0.2102905844111866,0.2792980635166168,0.8899999856948853,0.8861283659934998,0.9184549450874328,0.8560000061988831,0.9573749899864196,0.91546630859375,0.9158817529678344,0.9049854278564452,0.927043616771698,0.972522497177124,False,29.0
Valsequillo,Inle,T-Val_V-Inl_31px_2026-07-23,31,inner,34,0.209674527315615,0.2751481494903564,0.8945000171661377,0.8900468945503235,0.9292709231376648,0.8539999723434448,0.9614610075950624,0.9167009592056274,0.917522430419922,0.9022279381752014,0.9333443641662598,0.972985029220581,False,29.0
Valsequillo,Inle,T-Val_V-Inl_31px_2026-07-23,31,inner,35,0.2115330923640273,0.2463798304796219,0.9020000100135804,0.9004064798355103,0.9152892827987672,0.8859999775886536,0.9645559787750244,0.9140670299530028,0.9146221876144408,0.9023721218109132,0.9272094368934632,0.9723660945892334,False,29.0
Valsequillo,Inle,T-Val_V-Inl_31px_2026-07-23,31,inner,36,0.2081516570058151,0.2424549828767776,0.9075000286102296,0.9067069888114928,0.914547324180603,0.8989999890327454,0.9664520025253296,0.9176887273788452,0.9181936979293824,0.9061843752861024,0.9305256009101868,0.9731395244598388,False,29.0
Valsequillo,Inle,T-Val_V-Inl_31px_2026-07-23,31,inner,37,0.2089354689044808,0.2376824133396148,0.9100000262260436,0.9096385836601256,0.913306474685669,0.906000018119812,0.966892957687378,0.9153016805648804,0.9163074493408204,0.8992656469345093,0.9340076446533204,0.9730865955352784,False,29.0
Valsequillo,Inle,T-Val_V-Inl_31px_2026-07-23,31,inner,38,0.2086980586013084,0.2288774431943893,0.9160000085830688,0.9162512421607972,0.9135189056396484,0.9190000295639038,0.9696430563926696,0.9191703200340272,0.9197974801063538,0.9063254594802856,0.93367600440979,0.9730366468429564,False,29.0
Valsequillo,Inle,T-Val_V-Inl_31px_2026-07-23,31,inner,39,0.2062544820153946,0.2504962198734283,0.9070000052452089,0.906438648700714,0.9119433164596558,0.9010000228881836,0.9634280204772948,0.918347179889679,0.9190600514411926,0.9047389626502992,0.9338418245315552,0.9739545583724976,False,29.0
Valsequillo,Vembanad,T-Val_V-Vem_31px_2026-07-23,31,inner,1,0.5053205785755661,0.5257501446462416,0.7317682504653931,0.6586140990257263,0.9071803689002992,0.5169660449028015,0.8737654685974121,0.7559068202972412,0.7459079623222351,0.7716311812400818,0.7218444347381592,0.8352488875389099,False,22.0
Valsequillo,Vembanad,T-Val_V-Vem_31px_2026-07-23,31,inner,2,0.4564607694574547,0.5628547613377815,0.692307710647583,0.5786593556404114,0.919565200805664,0.4221556782722473,0.8794331550598145,0.7931176424026489,0.7856350541114807,0.8087460398674011,0.7638082504272461,0.8703887462615967,False,22.0
Valsequillo,Vembanad,T-Val_V-Vem_31px_2026-07-23,31,inner,3,0.4401402324769314,0.5701804295048252,0.7142857313156128,0.6211920380592346,0.9232283234596252,0.4680638611316681,0.85847407579422,0.80546635389328,0.800439178943634,0.8153819441795349,0.7860341668128967,0.8814881443977356,False,22.0
Valsequillo,Vembanad,T-Val_V-Vem_31px_2026-07-23,31,inner,4,0.4158772200731188,0.4830306594247942,0.7612387537956238,0.7137724757194519,0.8922155499458313,0.5948103666305542,0.8826736807823181,0.8175681233406067,0.8132164478302002,0.8267351984977722,0.800132691860199,0.8949407935142517,False,22.0
Valsequillo,Vembanad,T-Val_V-Vem_31px_2026-07-23,31,inner,5,0.3943057484667792,0.5744494376601753,0.710289716720581,0.6600234508514404,0.7997159361839294,0.5618762373924255,0.7994211912155151,0.8315633535385132,0.8290441036224365,0.8353258371353149,0.8228561878204346,0.9051134586334229,False,22.0
Valsequillo,Vembanad,T-Val_V-Vem_31px_2026-07-23,31,inner,6,0.3595154143473028,0.4877390086531758,0.7657342553138733,0.7200000286102295,0.8959881067276001,0.6017963886260986,0.8882874250411987,0.8492631912231445,0.8476831912994385,0.8503003716468811,0.8450821042060852,0.9214633703231812,False,22.0
Valsequillo,Vembanad,T-Val_V-Vem_31px_2026-07-23,31,inner,7,0.3451496866015904,0.510801430140342,0.7652347683906555,0.7154963612556458,0.9092307686805724,0.589820384979248,0.8997395038604736,0.8559315204620361,0.8551803827285767,0.8533443212509155,0.8570243716239929,0.9278860092163086,False,22.0
Valsequillo,Vembanad,T-Val_V-Vem_31px_2026-07-23,31,inner,8,0.3385438617339416,0.5610239390994642,0.7297702431678772,0.6484730243682861,0.9292364716529846,0.4980039894580841,0.9037415385246276,0.8548612594604492,0.8538506031036377,0.8534968495368958,0.8542046546936035,0.9300572872161864,False,22.0
Valsequillo,Vembanad,T-Val_V-Vem_31px_2026-07-23,31,inner,9,0.323368444097889,0.510199752155241,0.7477522492408752,0.6880790591239929,0.9027552604675292,0.5558882355690002,0.8871876001358032,0.8669630289077759,0.8666226267814636,0.8624938130378723,0.8707911968231201,0.9362355470657348,False,22.0
Valsequillo,Vembanad,T-Val_V-Vem_31px_2026-07-23,31,inner,10,0.3127978613977816,0.3219703517474613,0.8646353483200073,0.863613486289978,0.8710659742355347,0.85628741979599,0.940720558166504,0.868362545967102,0.8681454658508301,0.8632338643074036,0.8731132745742798,0.9405999183654784,False,22.0
Valsequillo,Vembanad,T-Val_V-Vem_31px_2026-07-23,31,inner,11,0.2891662589285004,0.6025501957663766,0.7157841920852661,0.6183769106864929,0.942740261554718,0.4600798487663269,0.8996357321739197,0.8803820013999939,0.8804410696029663,0.8736120462417603,0.8873776793479919,0.9493616819381714,False,22.0
Valsequillo,Vembanad,T-Val_V-Vem_31px_2026-07-23,31,inner,12,0.2807924243229509,0.3736117495434148,0.8286713361740112,0.8063241243362427,0.9284785389900208,0.71257483959198,0.9464681148529052,0.8861446976661682,0.8860697150230408,0.8801963925361633,0.892021894454956,0.951848030090332,False,22.0
Valsequillo,Vembanad,T-Val_V-Vem_31px_2026-07-23,31,inner,13,0.2724427771799415,0.4597876203524602,0.7917082905769348,0.7519333958625793,0.9307805299758912,0.6307384967803955,0.9212255477905272,0.8893554210662842,0.8895645141601562,0.8814525604248047,0.8978271484375,0.9548733234405518,False,22.0
Valsequillo,Vembanad,T-Val_V-Vem_31px_2026-07-23,31,inner,14,0.2641322663966408,0.3486109891316512,0.8376623392105103,0.8169013857841492,0.9379042983055116,0.7235528826713562,0.9532355070114136,0.8911665678024292,0.8909780383110046,0.8860095143318176,0.8960026502609253,0.9575256109237672,False,22.0
Valsequillo,Vembanad,T-Val_V-Vem_31px_2026-07-23,31,inner,15,0.2645203437571212,0.6573016520414676,0.6753246784210205,0.5310245156288147,0.9583333134651184,0.3672654628753662,0.9412404894828796,0.8906725645065308,0.8910403847694397,0.8816366195678711,0.9006468653678894,0.9571726322174072,False,22.0
Valsequillo,Vembanad,T-Val_V-Vem_31px_2026-07-23,31,inner,16,0.2461481054614107,0.4012111735927475,0.8056942820549011,0.7744927406311035,0.9239280819892884,0.6666666865348816,0.9410967826843262,0.9029390215873718,0.9029549956321716,0.8962418437004089,0.9097694754600524,0.9628171920776368,False,22.0
Valsequillo,Vembanad,T-Val_V-Vem_31px_2026-07-23,31,inner,17,0.2480584763495276,0.4964851545659335,0.7527472376823425,0.6820809245109558,0.9567567706108092,0.529940128326416,0.9524231553077698,0.9012101888656616,0.90116947889328,0.8949779272079468,0.907447338104248,0.96209454536438,False,22.0
Valsequillo,Vembanad,T-Val_V-Vem_31px_2026-07-23,31,inner,18,0.239945377004758,0.3129002397412901,0.863136887550354,0.8531618714332581,0.9212962985038756,0.7944111824035645,0.95587420463562,0.9032682776451112,0.9033796787261964,0.895792543888092,0.9110963940620422,0.9648436903953552,False,22.0
Valsequillo,Vembanad,T-Val_V-Vem_31px_2026-07-23,31,inner,19,0.2414233285850621,0.6156102230737022,0.7457542419433594,0.6824703812599182,0.9101497530937196,0.5459082126617432,0.8863453269004822,0.9038445949554444,0.9039157629013062,0.8966867923736572,0.9112622141838074,0.9639438390731812,False,22.0
Valsequillo,Vembanad,T-Val_V-Vem_31px_2026-07-23,31,inner,20,0.2360482540242591,0.578117351774331,0.7502497434616089,0.6835442781448364,0.934256076812744,0.538922131061554,0.9174221754074096,0.9071375727653505,0.9076167345046996,0.8964568972587585,0.9190579056739808,0.965989112854004,False,22.0
Valsequillo,Vembanad,T-Val_V-Vem_31px_2026-07-23,31,inner,21,0.2251769317229844,0.3255313112513049,0.8531468510627747,0.8389923572540283,0.9296116232872008,0.7644710540771484,0.9551736116409302,0.9106775522232056,0.9108096957206726,0.9028683304786682,0.9188920259475708,0.9689273834228516,False,22.0
Valsequillo,Vembanad,T-Val_V-Vem_31px_2026-07-23,31,inner,22,0.2200771130825684,0.2750914369846557,0.8881118893623352,0.8830897808074951,0.9256017208099364,0.8443113565444946,0.9609820246696472,0.9115008115768432,0.9117622971534728,0.902502417564392,0.9212141036987304,0.9704405069351196,False,22.0
Valsequillo,Vembanad,T-Val_V-Vem_31px_2026-07-23,31,inner,23,0.226191508338914,0.4900484353408113,0.7612387537956238,0.7005012631416321,0.941077470779419,0.5578842163085938,0.942060887813568,0.9084547758102416,0.9085074663162231,0.9013877511024476,0.9157406091690063,0.968547821044922,False,22.0
Valsequillo,Vembanad,T-Val_V-Vem_31px_2026-07-23,31,inner,24,0.2207659513035497,0.3090713548582869,0.8626373410224915,0.8523886203765869,0.9221835136413574,0.7924151420593262,0.9544321298599244,0.9157816767692566,0.9159477353096008,0.9075219631195068,0.9245314598083496,0.9698565602302552,False,22.0
Valsequillo,Vembanad,T-Val_V-Vem_31px_2026-07-23,31,inner,25,0.2176864937682637,0.3657509280251456,0.8341658115386963,0.8124293684959412,0.9361979365348816,0.7175648808479309,0.9506137371063232,0.913476586341858,0.9135761857032776,0.905903458595276,0.9213799834251404,0.9711055159568788,False,22.0
Valsequillo,Vembanad,T-Val_V-Vem_31px_2026-07-23,31,inner,26,0.2144461129048709,0.3865582115434623,0.8216783404350281,0.7947096228599548,0.9375848174095154,0.6896207332611084,0.947338342666626,0.9140528440475464,0.9138755798339844,0.9090759754180908,0.9187261462211608,0.9719529151916504,False,22.0
Valsequillo,Vembanad,T-Val_V-Vem_31px_2026-07-23,31,inner,27,0.2130253471699704,0.2920751986535755,0.8731268644332886,0.8641711473464966,0.930875599384308,0.8063872456550598,0.9602744579315186,0.915617048740387,0.9158525466918944,0.9066970348358154,0.9251949191093444,0.972132444381714,False,22.0
Valsequillo,Vembanad,T-Val_V-Vem_31px_2026-07-23,31,inner,28,0.2107593620854895,0.4016524999589472,0.8221778273582458,0.7956371903419495,0.9364864826202391,0.6916167736053467,0.9408532977104188,0.914876103401184,0.91510671377182,0.9060315489768982,0.9243655800819396,0.9727791547775269,False,22.0
Valsequillo,Vembanad,T-Val_V-Vem_31px_2026-07-23,31,inner,29,0.2139395246012491,0.392826115811145,0.8316683173179626,0.8097120523452759,0.9323797225952148,0.7155688405036926,0.9435309171676636,0.9145467877388,0.9144975543022156,0.9083619713783264,0.9207165241241456,0.9720089435577391,False,22.0
Valsequillo,Vembanad,T-Val_V-Vem_31px_2026-07-23,31,inner,30,0.2137425124922475,0.3131742815782021,0.863136887550354,0.8509249091148376,0.9354066848754884,0.7804391384124756,0.957957088947296,0.9163579344749452,0.9164473414421082,0.9088240265846252,0.9241997003555298,0.9717002511024476,False,22.0
Valsequillo,Vembanad,T-Val_V-Vem_31px_2026-07-23,31,inner,31,0.2087580100225697,0.3689684389711736,0.8396603465080261,0.8197641968727112,0.9370988607406616,0.7285429239273071,0.9489840269088744,0.91644024848938,0.9165776371955872,0.9084392189979552,0.9248631596565248,0.9733830094337464,False,22.0
Valsequillo,Vembanad,T-Val_V-Vem_31px_2026-07-23,31,inner,32,0.2088683906715966,0.3696146176069171,0.8396603465080261,0.8185415267944336,0.9439374208450316,0.7225548624992371,0.9524401426315308,0.9197332859039308,0.919746458530426,0.9129084944725036,0.9266876578330994,0.9728574156761168,False,22.0
Valsequillo,RawaPening,T-Val_V-Raw_31px_2026-07-23,31,inner,1,0.5146627477277814,0.5421939210577326,0.7307692170143127,0.7366878390312195,0.721531093120575,0.7524949908256531,0.8125598430633545,0.7492384910583496,0.7405451536178589,0.7611626982688904,0.7210150957107544,0.8283677697181702,False,23.0
Valsequillo,RawaPening,T-Val_V-Raw_31px_2026-07-23,31,inner,2,0.4587060272021382,0.4869296393551669,0.7872127890586853,0.8196443915367126,0.7117646932601929,0.9660678505897522,0.897964596748352,0.7908948659896851,0.7811476588249207,0.8128025531768799,0.7518659830093384,0.8698424696922302,False,23.0
Valsequillo,RawaPening,T-Val_V-Raw_31px_2026-07-23,31,inner,3,0.4355219047683114,0.4938647235547388,0.8051947951316833,0.8201106786727905,0.7624356746673584,0.8872255682945251,0.8524196743965149,0.808347761631012,0.7994140982627869,0.8318092226982117,0.7694476842880249,0.8845176696777344,False,23.0
Valsequillo,RawaPening,T-Val_V-Raw_31px_2026-07-23,31,inner,4,0.4082107844299334,0.4577922242266553,0.8056942820549011,0.8254822492599487,0.7497962713241577,0.9181636571884156,0.8657824397087097,0.8241541385650635,0.8189523816108704,0.8374068140983582,0.8012937307357788,0.9002314805984497,False,23.0
Valsequillo,RawaPening,T-Val_V-Raw_31px_2026-07-23,31,inner,5,0.3882368814236658,0.4260946975483165,0.8351648449897766,0.849452555179596,0.7823529243469238,0.9291417002677916,0.8851776123046875,0.8311517238616943,0.8269928097724915,0.8414006233215332,0.8130701780319214,0.9104692935943604,False,23.0
Valsequillo,RawaPening,T-Val_V-Raw_31px_2026-07-23,31,inner,6,0.3457892396704811,0.5473628304935955,0.8161838054656982,0.8426005244255066,0.7372754216194153,0.9830339550971984,0.8812425136566162,0.8540380597114563,0.8514453172683716,0.8603115677833557,0.8427599668502808,0.9297469854354858,False,23.0
Valsequillo,RawaPening,T-Val_V-Raw_31px_2026-07-23,31,inner,7,0.3306815174417534,0.4374849305643544,0.841658353805542,0.8599204421043396,0.7716098427772522,0.9710578918457032,0.9069840312004088,0.8626821637153625,0.8602781295776367,0.8690133690834045,0.8517166972160339,0.935343861579895,False,23.0
Valsequillo,RawaPening,T-Val_V-Raw_31px_2026-07-23,31,inner,8,0.3132422537094891,0.467061942750281,0.8306693434715271,0.8500663638114929,0.7633042335510254,0.9590818285942078,0.881838321685791,0.8704206943511963,0.8691604137420654,0.8711881637573242,0.8671421408653259,0.9412612915039062,False,23.0
Valsequillo,RawaPening,T-Val_V-Raw_31px_2026-07-23,31,inner,9,0.3113820121481044,0.5528445623733185,0.8056942820549011,0.8348195552825928,0.7265336513519287,0.9810379147529602,0.9076966047286988,0.8709969520568848,0.8700339794158936,0.8701061606407166,0.8699618577957153,0.942569375038147,False,23.0
Valsequillo,RawaPening,T-Val_V-Raw_31px_2026-07-23,31,inner,10,0.3070496968293844,0.3705529262731363,0.8556443452835083,0.8642555475234985,0.8163265585899353,0.9181636571884156,0.9044011831283568,0.8740429878234863,0.8731343150138855,0.8729895353317261,0.8732791543006897,0.9435595273971558,False,23.0
Valsequillo,RawaPening,T-Val_V-Raw_31px_2026-07-23,31,inner,11,0.2802202413494208,0.4608801087656697,0.8341658115386963,0.8555265665054321,0.7584876418113708,0.9810379147529602,0.9048892259597778,0.8840866088867188,0.8834630250930786,0.8817115426063538,0.8852214217185974,0.9530975818634032,False,23.0
Valsequillo,RawaPening,T-Val_V-Raw_31px_2026-07-23,31,inner,12,0.2748424761494736,0.4754835770918534,0.8316683173179626,0.8534145355224609,0.7563608288764954,0.9790419340133668,0.9205787777900696,0.8879558444023132,0.8873624205589294,0.8855302333831787,0.8892021775245667,0.9546423554420472,False,23.0
Valsequillo,RawaPening,T-Val_V-Raw_31px_2026-07-23,31,inner,13,0.2669963938758884,0.4192198469684078,0.8391608595848083,0.8597561120986938,0.7627511620521545,0.985029935836792,0.9393483400344848,0.8923190832138062,0.8912537693977356,0.8934822678565979,0.8890362977981567,0.9571627378463744,False,23.0
Valsequillo,RawaPening,T-Val_V-Raw_31px_2026-07-23,31,inner,14,0.2682311690456241,0.5926923433860223,0.7927072644233704,0.8274428248405457,0.7091946005821228,0.9930139780044556,0.9320404529571532,0.8900963068008423,0.8892943263053894,0.8892205357551575,0.8893680572509766,0.9568182229995728,False,23.0
Valsequillo,RawaPening,T-Val_V-Raw_31px_2026-07-23,31,inner,15,0.257441884053777,0.3633819300454337,0.863136887550354,0.8763538002967834,0.7998352646827698,0.9690618515014648,0.9418842792510986,0.8971762657165527,0.8966144919395447,0.8949107527732849,0.8983247876167297,0.959993839263916,False,23.0
Valsequillo,RawaPening,T-Val_V-Raw_31px_2026-07-23,31,inner,16,0.2455748808602791,0.383090347081393,0.8486513495445251,0.8668131828308105,0.7745482921600342,0.9840319156646729,0.9413767457008362,0.9042562246322632,0.903461456298828,0.9042871594429016,0.902637243270874,0.9635403752326964,False,23.0
Valsequillo,RawaPening,T-Val_V-Raw_31px_2026-07-23,31,inner,17,0.2402567907872195,0.3881781207217084,0.8431568145751953,0.8619173169136047,0.7704402804374695,0.9780439138412476,0.9341187477111816,0.9039269089698792,0.9031937122344972,0.9034185409545898,0.9029690027236938,0.9650896787643432,False,23.0
Valsequillo,RawaPening,T-Val_V-Raw_31px_2026-07-23,31,inner,18,0.2359456031756449,0.5287655142399219,0.8131868243217468,0.84112149477005,0.7322485446929932,0.9880239367485046,0.9197883605957032,0.9087840914726256,0.9082021713256836,0.9073001146316528,0.9091060161590576,0.9660672545433044,False,23.0
Valsequillo,RawaPening,T-Val_V-Raw_31px_2026-07-23,31,inner,19,0.2447562050336553,0.4312058316839563,0.8331668376922607,0.8550347089767456,0.7565284371376038,0.9830339550971984,0.9223832488059998,0.8989050984382629,0.8980743885040283,0.8988204002380371,0.897329568862915,0.9638869762420654,False,23.0
Valsequillo,RawaPening,T-Val_V-Raw_31px_2026-07-23,31,inner,20,0.2327350247708075,0.4008910881055819,0.8531468510627747,0.8695651888847351,0.7827476263046265,0.9780439138412476,0.9235448837280272,0.907960832118988,0.907465636730194,0.9056665897369384,0.9092718362808228,0.9673030376434326,False,23.0
Valsequillo,RawaPening,T-Val_V-Raw_31px_2026-07-23,31,inner,21,0.2297474261803559,0.4138226621039025,0.8461538553237915,0.8646748661994934,0.772370457649231,0.9820359349250792,0.9322969317436218,0.9115008115768432,0.91122305393219,0.9074013233184814,0.9150771498680116,0.9677311182022096,False,23.0
Valsequillo,RawaPening,T-Val_V-Raw_31px_2026-07-23,31,inner,22,0.2179781554623024,0.4139050728791243,0.8446553349494934,0.8637757301330566,0.7697111368179321,0.9840319156646729,0.946537971496582,0.9152877330780028,0.9150779843330384,0.9106438755989076,0.9195554852485656,0.9712608456611632,False,23.0
Valsequillo,RawaPening,T-Val_V-Raw_31px_2026-07-23,31,inner,23,0.2214954896400894,0.3497352120164153,0.8641358613967896,0.8781362175941467,0.7967479825019836,0.9780439138412476,0.946002960205078,0.911253809928894,0.9111147522926332,0.9058862328529358,0.9164040684700012,0.9701364040374756,False,23.0
Valsequillo,RawaPening,T-Val_V-Raw_31px_2026-07-23,31,inner,24,0.2197995243312361,0.3580678498947418,0.867132842540741,0.8801801800727844,0.80213463306427,0.9750499129295348,0.9413154125213624,0.9133119583129884,0.9130829572677612,0.908807098865509,0.9173992276191713,0.970569372177124,False,23.0
Valsequillo,RawaPening,T-Val_V-Raw_31px_2026-07-23,31,inner,25,0.222201316400527,0.4158341616660088,0.850649356842041,0.8684557676315308,0.7765538692474365,0.985029935836792,0.9352405071258544,0.9126533269882202,0.9121615886688232,0.9105784893035888,0.9137502312660216,0.969801425933838,False,23.0
Valsequillo,RawaPening,T-Val_V-Raw_31px_2026-07-23,31,inner,26,0.216919979644703,0.4225510015830651,0.8461538553237915,0.8651488423347473,0.7706708312034607,0.9860279560089112,0.942424178123474,0.9142175316810608,0.9140831232070924,0.9088374972343444,0.9193896055221558,0.9711069464683532,False,23.0
Valsequillo,RawaPening,T-Val_V-Raw_31px_2026-07-23,31,inner,27,0.207714530891368,0.4094753931690524,0.8516483306884766,0.8685259222984314,0.7804296016693115,0.9790419340133668,0.9338103532791138,0.9169342517852784,0.9164112210273744,0.9154253602027892,0.9173992276191713,0.9741228222846984,False,23.0
Valsequillo,RawaPening,T-Val_V-Raw_31px_2026-07-23,31,inner,28,0.2154850435973862,0.4119494627048443,0.8476523756980896,0.8661693930625916,0.7729052305221558,0.985029935836792,0.9410259127616882,0.9155346751213074,0.9153186082839966,0.9109577536582948,0.9197213649749756,0.9717549085617064,False,23.0
Valsequillo,RawaPening,T-Val_V-Raw_31px_2026-07-23,31,inner,29,0.2130239272881625,0.3743142182534034,0.8586413860321045,0.8734912872314453,0.791093111038208,0.9750499129295348,0.939753532409668,0.9155346751213074,0.9152766466140748,0.9113632440567015,0.9192237257957458,0.9722856283187866,False,23.0
Valsequillo,RawaPening,T-Val_V-Raw_31px_2026-07-23,31,inner,30,0.2097737800317349,0.4037902112250085,0.8496503233909607,0.8669907450675964,0.7779539823532104,0.9790419340133668,0.9371557235717772,0.9179221391677856,0.9174737334251404,0.915730357170105,0.9192237257957458,0.9732546806335448,False,23.0
Valsequillo,RawaPening,T-Val_V-Raw_31px_2026-07-23,31,inner,31,0.2029549022022467,0.3941195463681674,0.8546453714370728,0.8709534406661987,0.7837190628051758,0.9800398945808412,0.9417564868927002,0.9217090606689452,0.9215799570083618,0.9163660407066344,0.9268535375595092,0.9749769568443298,False,23.0
Valsequillo,RawaPening,T-Val_V-Raw_31px_2026-07-23,31,inner,32,0.2036164421252363,0.3756602046253917,0.8556443452835083,0.8719539046287537,0.7840637564659119,0.9820359349250792,0.9480149745941162,0.9203095436096193,0.9200660586357116,0.9161322116851808,0.92403382062912,0.9747679233551024,False,23.0
Valsequillo,RawaPening,T-Val_V-Raw_31px_2026-07-23,31,inner,33,0.2063147667428932,0.3818777872251345,0.8551448583602905,0.8708815574645996,0.7861736416816711,0.976047933101654,0.9428373575210572,0.9190746545791626,0.9188876748085022,0.9142857193946838,0.9235362410545348,0.97385573387146,False,23.0
Valsequillo,Winam,T-Val_V-Win_31px_2026-07-23,31,inner,1,0.5184343708003009,0.55497202336818,0.7323662042617798,0.6996069550514221,0.7976952791213989,0.6230000257492065,0.8163744211196899,0.7492181062698364,0.7424126863479614,0.7573301196098328,0.7280716300010681,0.8245468139648438,False,9.0
Valsequillo,Winam,T-Val_V-Win_31px_2026-07-23,31,inner,2,0.4773464471420633,0.4604522991830435,0.8369184732437134,0.8355196714401245,0.8431771993637085,0.828000009059906,0.8942853212356567,0.7838683128356934,0.7761296033859253,0.7987366318702698,0.7547670602798462,0.856230616569519,False,9.0
Valsequillo,Winam,T-Val_V-Win_31px_2026-07-23,31,inner,3,0.4695039706465638,0.5259096944194963,0.7448724508285522,0.6882640719413757,0.8852201104164124,0.5630000233650208,0.857506513595581,0.7869135737419128,0.7790390253067017,0.8026732206344604,0.7567567825317383,0.8619835376739502,False,9.0
Valsequillo,Winam,T-Val_V-Win_31px_2026-07-23,31,inner,4,0.4533911336106037,0.5821385468417344,0.7193596959114075,0.6534898281097412,0.854604184627533,0.5289999842643738,0.8685735464096069,0.7933333516120911,0.78584223985672,0.8090972900390625,0.763886570930481,0.8724257946014404,False,9.0
Valsequillo,Winam,T-Val_V-Win_31px_2026-07-23,31,inner,5,0.4337909812004968,0.4697579360777151,0.7938969731330872,0.7755991220474243,0.8516746163368225,0.7120000123977661,0.8773403167724609,0.8079012632369995,0.8016655445098877,0.8222067356109619,0.78212571144104,0.884230375289917,False,9.0
Valsequillo,Winam,T-Val_V-Win_31px_2026-07-23,31,inner,6,0.3906407576823921,0.4009037149060012,0.838919460773468,0.8298097252845764,0.8800448179244995,0.7850000262260437,0.910576581954956,0.8325926065444946,0.8299046754837036,0.8371857404708862,0.822749137878418,0.9070141315460204,False,9.0
Valsequillo,Winam,T-Val_V-Win_31px_2026-07-23,31,inner,7,0.3741772469522531,0.3647473076933351,0.8479239344596863,0.8418314456939697,0.877440333366394,0.8090000152587891,0.9307427406311036,0.8425514698028564,0.8419399857521057,0.8390974998474121,0.8448018431663513,0.9138691425323486,False,9.0
Valsequillo,Winam,T-Val_V-Win_31px_2026-07-23,31,inner,8,0.3583527958245925,0.6833376210679548,0.7418709397315979,0.6675257682800293,0.9384058117866516,0.5180000066757202,0.9264544248580932,0.8498765230178833,0.8493059873580933,0.8463691473007202,0.852263331413269,0.921156406402588,False,9.0
Valsequillo,Winam,T-Val_V-Win_31px_2026-07-23,31,inner,9,0.3441963770703524,0.2980108305321761,0.867933988571167,0.866125762462616,0.8786008358001709,0.8539999723434448,0.9486455917358398,0.8556378483772278,0.8549693822860718,0.8527131676673889,0.8572375774383545,0.9278600811958312,False,9.0
Valsequillo,Winam,T-Val_V-Win_31px_2026-07-23,31,inner,10,0.3363437467936135,0.7300612888522092,0.7443721890449524,0.6679661870002747,0.9536178112030028,0.5139999985694885,0.8599749803543091,0.8610699772834778,0.8611613512039185,0.8544148802757263,0.8680152297019958,0.9302871823310852,False,9.0
Valsequillo,Winam,T-Val_V-Win_31px_2026-07-23,31,inner,11,0.3077381408361741,0.5108648267457669,0.7743871808052063,0.7221195101737976,0.9406099319458008,0.5860000252723694,0.9196316003799438,0.8751440048217773,0.8754822015762329,0.8668725490570068,0.8842646479606628,0.9416762590408324,False,9.0
Valsequillo,Winam,T-Val_V-Win_31px_2026-07-23,31,inner,12,0.2927037144001619,0.4248655677713424,0.8284142017364502,0.8002329468727112,0.9581589698791504,0.6869999766349792,0.95769464969635,0.8813169002532959,0.8820160627365112,0.8706186413764954,0.8937157988548279,0.9473809003829956,False,9.0
Valsequillo,Winam,T-Val_V-Win_31px_2026-07-23,31,inner,13,0.290494783017861,0.3827516656395061,0.82891446352005,0.8025404214859009,0.9494535326957704,0.6949999928474426,0.959144115447998,0.8832921981811523,0.8838276267051697,0.8735222816467285,0.8943790197372437,0.9479925632476808,False,9.0
Valsequillo,Winam,T-Val_V-Win_31px_2026-07-23,31,inner,14,0.2839894260202416,0.4635525621328663,0.8169084787368774,0.7854630947113037,0.9490085244178772,0.6700000166893005,0.9536856412887572,0.885185182094574,0.8859828114509583,0.8736299276351929,0.8986901044845581,0.9498498439788818,False,9.0
Valsequillo,Winam,T-Val_V-Win_31px_2026-07-23,31,inner,15,0.2797636280751522,0.8095099435277794,0.7383691668510437,0.6632324457168579,0.9312838912010192,0.5149999856948853,0.8983273506164551,0.8872427940368652,0.8879070281982422,0.8764335513114929,0.8996849656105042,0.95137220621109,False,9.0
Valsequillo,Winam,T-Val_V-Win_31px_2026-07-23,31,inner,16,0.2630088440626246,0.49858890491104,0.8204101920127869,0.7901811599731445,0.950773537158966,0.6759999990463257,0.9513453245162964,0.8940740823745728,0.8948615193367004,0.8819645643234253,0.9081412553787231,0.9569978713989258,False,9.0
Valsequillo,Winam,T-Val_V-Win_31px_2026-07-23,31,inner,17,0.2619061426321665,0.4588966972272416,0.8174086809158325,0.7864248156547546,0.9478138089179992,0.671999990940094,0.951985001564026,0.8983539342880249,0.8991095423698425,0.8861513733863831,0.9124523401260376,0.9572745561599731,False,9.0
Valsequillo,Winam,T-Val_V-Win_31px_2026-07-23,31,inner,18,0.2620126569663546,0.3731393753285387,0.8484241962432861,0.8273504376411438,0.9615893959999084,0.7260000109672546,0.9610090255737304,0.8970370292663574,0.897702157497406,0.8856082558631897,0.9101309776306152,0.9574426412582396,False,9.0
Valsequillo,Winam,T-Val_V-Win_31px_2026-07-23,31,inner,19,0.2517742757713844,0.4049576602376747,0.8449224829673767,0.8248587846755981,0.948051929473877,0.7300000190734863,0.9513123035430908,0.9010699391365052,0.9019736051559448,0.8874980211257935,0.9169291853904724,0.9606658220291138,False,9.0
Valsequillo,,Test_Val_outer_31px_2026-07-23,31,outer,1,0.5026659996962495,,,,,,,0.7617499232292175,0.753527820110321,0.7753536105155945,0.732897162437439,0.8374409079551697,False,
Valsequillo,,Test_Val_outer_31px_2026-07-23,31,outer,2,0.4552702214422727,,,,,,,0.7941904067993164,0.7850288152694702,0.8161166310310364,0.7562224268913269,0.8700068593025208,False,
Valsequillo,,Test_Val_outer_31px_2026-07-23,31,outer,3,0.4419774894571462,,,,,,,0.80302494764328,0.7952090501785278,0.8225904703140259,0.7695918083190918,0.8801015615463257,False,
Valsequillo,,Test_Val_outer_31px_2026-07-23,31,outer,4,0.4277760188641401,,,,,,,0.8144038319587708,0.8077880144119263,0.8321520090103149,0.7848101258277893,0.8901501893997192,False,
Valsequillo,,Test_Val_outer_31px_2026-07-23,31,outer,5,0.4088512034527918,,,,,,,0.8263481259346008,0.8220468163490295,0.8375147581100464,0.8071398138999939,0.899668276309967,False,
Valsequillo,,Test_Val_outer_31px_2026-07-23,31,outer,6,0.3646534618615042,,,,,,,0.8481164574623108,0.846071183681488,0.8522366285324097,0.8399943113327026,0.9207484722137452,False,
Valsequillo,,Test_Val_outer_31px_2026-07-23,31,outer,7,0.3477572796053916,,,,,,,0.8496713638305664,0.8472970128059387,0.8554653525352478,0.8392831683158875,0.9273654222488404,False,
Valsequillo,,Test_Val_outer_31px_2026-07-23,31,outer,8,0.3406051307741816,,,,,,,0.8549014329910278,0.8542214035987854,0.8529495000839233,0.8554970622062683,0.9297568202018738,False,
Valsequillo,,Test_Val_outer_31px_2026-07-23,31,outer,9,0.3347225494477949,,,,,,,0.8573750853538513,0.8563292026519775,0.8573057651519775,0.8553548455238342,0.9322534799575806,False,
Valsequillo,,Test_Val_outer_31px_2026-07-23,31,outer,10,0.3132329984242962,,,,,,,0.867057740688324,0.8670013546943665,0.8620641231536865,0.8719954490661621,0.9404186606407166,False,
Valsequillo,,Test_Val_outer_31px_2026-07-23,31,outer,11,0.2958604390376515,,,,,,,0.878153920173645,0.8786770105361938,0.8696197271347046,0.8879249095916748,0.9465055465698242,False,
Valsequillo,,Test_Val_outer_31px_2026-07-23,31,outer,12,0.2827235185280226,,,,,,,0.8808396458625793,0.8808480501174927,0.8754038214683533,0.8863604068756104,0.9512297511100768,False,
Valsequillo,,Test_Val_outer_31px_2026-07-23,31,outer,13,0.2855192167601894,,,,,,,0.8842321038246155,0.8840107917785645,0.880270779132843,0.8877826929092407,0.9501775503158568,False,
Valsequillo,,Test_Val_outer_31px_2026-07-23,31,outer,14,0.2820919736744835,,,,,,,0.8835253119468689,0.8835664987564087,0.877860426902771,0.8893471956253052,0.95125013589859,False,
Valsequillo,,Test_Val_outer_31px_2026-07-23,31,outer,15,0.2765157052220131,,,,,,,0.8868471384048462,0.8868790864944458,0.8812131285667419,0.8926184177398682,0.9531915187835692,False,
Valsequillo,,Test_Val_outer_31px_2026-07-23,31,outer,16,0.2571793371767145,,,,,,,0.8951162695884705,0.895595908164978,0.8861200213432312,0.905276656150818,0.9596315622329712,False,
Valsequillo,,Test_Val_outer_31px_2026-07-23,31,outer,17,0.2503899585481195,,,,,,,0.899286150932312,0.899612545967102,0.891261875629425,0.9081211686134338,0.961721420288086,False,
Valsequillo,,Test_Val_outer_31px_2026-07-23,31,outer,18,0.2504412946966277,,,,,,,0.899286150932312,0.8995134234428406,0.8920279741287231,0.9071255922317504,0.9615008234977722,False,
Valsequillo,,Test_Val_outer_31px_2026-07-23,31,outer,19,0.2454193658319511,,,,,,,0.9008410573005676,0.9011345505714417,0.8930167555809021,0.90940123796463,0.9629102349281312,False,
Valsequillo,,Test_Val_outer_31px_2026-07-23,31,outer,20,0.2511655105266969,,,,,,,0.8972365260124207,0.8973018527030945,0.8912585973739624,0.9034276604652404,0.9614232778549194,False,
Valsequillo,,Test_Val_outer_31px_2026-07-23,31,outer,21,0.2372814055419792,,,,,,,0.905435025691986,0.9054283499717712,0.8999578356742859,0.9109657406806946,0.965015709400177,False,
Valsequillo,,Test_Val_outer_31px_2026-07-23,31,outer,22,0.2367226385220983,,,,,,,0.90522301197052,0.905450165271759,0.8977908492088318,0.9132413864135742,0.9652692675590516,False,
RawaPening,Hartbeespoort,T-Raw_V-Har_31px_2026-07-23,31,inner,1,0.5169245981277629,0.4605977345169998,0.8203740119934082,0.8206388354301453,0.8083252906799316,0.8333333134651184,0.8758434653282166,0.7389551401138306,0.7352082133293152,0.7420822381973267,0.7284603714942932,0.823721706867218,False,4.0
RawaPening,Hartbeespoort,T-Raw_V-Har_31px_2026-07-23,31,inner,2,0.4376560080791883,0.7447778374308677,0.7022637724876404,0.6443268656730652,0.7839770913124084,0.5469061732292175,0.7277241945266724,0.7990127801895142,0.7917483448982239,0.8170302510261536,0.76798415184021,0.8805196285247803,False,4.0
RawaPening,Hartbeespoort,T-Raw_V-Har_31px_2026-07-23,31,inner,3,0.4089172967835641,0.4669469104507777,0.8056102395057678,0.8010075688362122,0.808748722076416,0.7934131622314453,0.864503026008606,0.8164541125297546,0.8113319277763367,0.8302180767059326,0.7932859063148499,0.8968934416770935,False,4.0
RawaPening,Hartbeespoort,T-Raw_V-Har_31px_2026-07-23,31,inner,4,0.3783860749641302,0.3171494798514787,0.8922244310379028,0.8903355002403259,0.8934673070907593,0.8872255682945251,0.9410285949707032,0.8301933407783508,0.8272514343261719,0.8374851942062378,0.8172647356987,0.9126089215278624,False,4.0
RawaPening,Hartbeespoort,T-Raw_V-Har_31px_2026-07-23,31,inner,5,0.3506458658855278,0.6000370064999644,0.7514764070510864,0.725095272064209,0.7976047992706299,0.6646706461906433,0.8181859254837036,0.8468120098114014,0.8449883460998535,0.8507962822914124,0.839259147644043,0.9255524277687072,False,4.0
RawaPening,Hartbeespoort,T-Raw_V-Har_31px_2026-07-23,31,inner,6,0.3150806745988554,0.3878610690278331,0.8390747904777527,0.8267090916633606,0.8813559412956238,0.7784430980682373,0.9167412519454956,0.8637597560882568,0.8634339570999146,0.8611613512039185,0.8657185435295105,0.9400411248207092,False,4.0
RawaPening,Hartbeespoort,T-Raw_V-Har_31px_2026-07-23,31,inner,7,0.2951307365674631,0.4290272397553827,0.8444882035255432,0.8317359089851379,0.8915525078773499,0.7794411182403564,0.8919007182121277,0.8756890296936035,0.874240517616272,0.8800268173217773,0.8685298562049866,0.9475802779197692,False,4.0
RawaPening,Hartbeespoort,T-Raw_V-Har_31px_2026-07-23,31,inner,8,0.2828578939461404,0.6772067898840416,0.7229330539703369,0.6327462196350098,0.9133710265159608,0.4840319454669952,0.7903426289558411,0.8800493478775024,0.8791846036911011,0.8810828924179077,0.8772945404052734,0.9518816471099854,False,4.0
RawaPening,Hartbeespoort,T-Raw_V-Har_31px_2026-07-23,31,inner,9,0.2804326385811296,0.3613289443585347,0.8710629940032959,0.8642486929893494,0.8987069129943848,0.832335352897644,0.9180522561073304,0.8830111026763916,0.8821676969528198,0.8840724229812622,0.8802711963653564,0.9525725841522216,False,4.0
RawaPening,Hartbeespoort,T-Raw_V-Har_31px_2026-07-23,31,inner,10,0.2669989181332312,0.4983129796432697,0.8085629940032959,0.7820728421211243,0.8914431929588318,0.6966068148612976,0.8771011829376221,0.8880296349525452,0.8877710700035095,0.8853618502616882,0.8901934623718262,0.9569685459136964,False,4.0
RawaPening,Hartbeespoort,T-Raw_V-Har_31px_2026-07-23,31,inner,11,0.2446467844167887,0.3786863760920022,0.8567913174629211,0.847083568572998,0.8945615887641907,0.8043912053108215,0.9164709448814392,0.9000411629676819,0.899561882019043,0.8993388414382935,0.899785041809082,0.9639071822166444,False,4.0
RawaPening,Hartbeespoort,T-Raw_V-Har_31px_2026-07-23,31,inner,12,0.2419618681422578,0.4628078140846388,0.8262795209884644,0.8026830554008484,0.9123252630233764,0.7165668606758118,0.897619366645813,0.9022624492645264,0.9015578627586364,0.9035043716430664,0.8996196389198303,0.9648099541664124,False,4.0
RawaPening,Hartbeespoort,T-Raw_V-Har_31px_2026-07-23,31,inner,13,0.2290154764922937,0.4700424654306624,0.8208661675453186,0.8008752465248108,0.8861985206604004,0.7305389046669006,0.8879488706588745,0.9089263677597046,0.9086859822273254,0.9065174460411072,0.9108648896217346,0.9681143760681152,False,4.0
RawaPening,Hartbeespoort,T-Raw_V-Har_31px_2026-07-23,31,inner,14,0.2344654769968074,0.4866633416395488,0.8169291615486145,0.7888762950897217,0.9144737124443054,0.6936127543449402,0.8996405601501465,0.9048128128051758,0.9044196605682372,0.9035985469818116,0.9052422642707824,0.9666358828544616,False,4.0
RawaPening,Rodman,T-Raw_V-Rod_31px_2026-07-23,31,inner,1,0.4755435898942975,0.6431997241516187,0.7242898941040039,0.7177944779396057,0.7358684539794922,0.7005870938301086,0.794649600982666,0.7693701386451721,0.7593021988868713,0.7875222563743591,0.7330346703529358,0.8541164398193359,False,18.0
RawaPening,Rodman,T-Raw_V-Rod_31px_2026-07-23,31,inner,2,0.4176642875899106,0.5994425037115024,0.7218413352966309,0.6919739842414856,0.7761557102203369,0.6242661476135254,0.8262566328048706,0.8103746175765991,0.8034815192222595,0.8271257877349854,0.7811514735221863,0.8925724029541016,False,18.0
RawaPening,Rodman,T-Raw_V-Rod_31px_2026-07-23,31,inner,3,0.3971485400258783,0.64627407206611,0.7477962970733643,0.7515677809715271,0.7411988377571106,0.7622309327125549,0.8187224268913269,0.8255249261856079,0.8209850192070007,0.836316704750061,0.8062053918838501,0.9034432768821716,False,18.0
RawaPening,Rodman,T-Raw_V-Rod_31px_2026-07-23,31,inner,4,0.3632809599248801,1.0017066137330657,0.6669931411743164,0.6271929740905762,0.7132169604301453,0.5596868991851807,0.7364126443862915,0.8411691784858704,0.83918297290802,0.8433310985565186,0.8350754976272583,0.9198399782180786,False,18.0
RawaPening,Rodman,T-Raw_V-Rod_31px_2026-07-23,31,inner,5,0.3392441103908936,0.5246650643726988,0.7992164492607117,0.8151487708091736,0.7558528184890747,0.8845401406288147,0.8854150176048279,0.8541786670684814,0.8521085381507874,0.8577673435211182,0.8465240001678467,0.9305483102798462,False,18.0
RawaPening,Rodman,T-Raw_V-Rod_31px_2026-07-23,31,inner,6,0.2971811038321946,0.5272247973431803,0.8016650080680847,0.8317407369613647,0.7227436900138855,0.9794520735740662,0.9220995903015136,0.8746809363365173,0.8733776807785034,0.8758551478385925,0.8709142208099365,0.9465273022651672,False,18.0
RawaPening,Rodman,T-Raw_V-Rod_31px_2026-07-23,31,inner,7,0.2793881998171577,0.4534679638417063,0.8134182095527649,0.8278355002403259,0.769101619720459,0.8962817788124084,0.8862764835357666,0.8848909139633179,0.8836357593536377,0.8865876197814941,0.8807035088539124,0.9528196454048156,False,18.0
RawaPening,Rodman,T-Raw_V-Rod_31px_2026-07-23,31,inner,8,0.2660875924959159,0.6808704885049385,0.665034294128418,0.747787594795227,0.6000000238418579,0.9921721816062928,0.8970856666564941,0.8903252482414246,0.8898080587387085,0.8873123526573181,0.8923178911209106,0.9570873975753784,False,18.0
RawaPening,Rodman,T-Raw_V-Rod_31px_2026-07-23,31,inner,9,0.2560069189389677,0.4634887180295677,0.8241919875144958,0.8399465084075928,0.7714987993240356,0.9217221140861512,0.9089309573173524,0.8979003429412842,0.8973339796066284,0.8955544829368591,0.8991206288337708,0.9600921273231506,False,18.0
RawaPening,Rodman,T-Raw_V-Rod_31px_2026-07-23,31,inner,10,0.2443738905808816,0.6045183428762942,0.808521032333374,0.8335461616516113,0.7377543449401855,0.9579256176948548,0.8858600854873657,0.8992177844047546,0.8989765644073486,0.8943997621536255,0.9036004543304444,0.9635858535766602,False,18.0
RawaPening,Rodman,T-Raw_V-Rod_31px_2026-07-23,31,inner,11,0.2297127289762709,0.5203305515848341,0.8300685882568359,0.8506242036819458,0.7594158053398132,0.9667319059371948,0.922337532043457,0.9068752527236938,0.906381905078888,0.9043607711791992,0.9084121584892272,0.9677380919456482,False,18.0
RawaPening,Rodman,T-Raw_V-Rod_31px_2026-07-23,31,inner,12,0.2175047256896013,0.4894139766985009,0.8354554176330566,0.8435754179954529,0.8046181201934814,0.8864970803260803,0.9038103222846984,0.9116508960723876,0.911534309387207,0.9059324860572816,0.9172059297561646,0.970862627029419,False,18.0
RawaPening,Rodman,T-Raw_V-Rod_31px_2026-07-23,31,inner,13,0.2119705522548715,0.4593042700344388,0.8374143242835999,0.8475666046142578,0.7984429001808167,0.9031311273574828,0.9055456519126892,0.9129682779312134,0.9129109382629396,0.9067103266716005,0.9191969633102416,0.9723116755485536,False,18.0
RawaPening,Rodman,T-Raw_V-Rod_31px_2026-07-23,31,inner,14,0.2086736512667556,0.5007315398897176,0.8241919875144958,0.8297771215438843,0.8049678206443787,0.8561643958091736,0.8727149963378906,0.9153560996055604,0.91509747505188,0.911034345626831,0.9191969633102416,0.973229706287384,False,18.0
RawaPening,Rodman,T-Raw_V-Rod_31px_2026-07-23,31,inner,15,0.2021605925164432,0.4880556831397226,0.8256611227989197,0.846683919429779,0.7561538219451904,0.9618395566940308,0.8987069129943848,0.9188966751098632,0.9186958074569702,0.9140933156013488,0.9233449697494508,0.9748978614807128,False,18.0
RawaPening,Rodman,T-Raw_V-Rod_31px_2026-07-23,31,inner,16,0.1939647953333114,0.38290053932954,0.8486777544021606,0.855133593082428,0.8208820819854736,0.8923678994178772,0.9110875129699708,0.9208728075027466,0.9211325645446776,0.9113348722457886,0.9311431646347046,0.976714849472046,False,18.0
RawaPening,Rodman,T-Raw_V-Rod_31px_2026-07-23,31,inner,17,0.1912919724365476,0.4527992885796961,0.8344759941101074,0.8478847742080688,0.7850000262260437,0.9217221140861512,0.902222216129303,0.9245780110359192,0.9244598150253296,0.919003129005432,0.929981768131256,0.9773549437522888,False,18.0
RawaPening,Rodman,T-Raw_V-Rod_31px_2026-07-23,31,inner,18,0.1849462783339093,0.3398919891015089,0.8751224279403687,0.8805620670318604,0.8445642590522766,0.9197651743888856,0.9265847206115724,0.9247426986694336,0.9247488975524902,0.917797029018402,0.9318068623542786,0.9789864420890808,False,18.0
RawaPening,Rodman,T-Raw_V-Rod_31px_2026-07-23,31,inner,19,0.1857112180246841,0.3913437209213399,0.8550440669059753,0.8642202019691467,0.8134714961051941,0.9217221140861512,0.9141082763671876,0.9254013895988464,0.925481140613556,0.9176316857337952,0.9334660768508912,0.9785747528076172,False,18.0
RawaPening,Rodman,T-Raw_V-Rod_31px_2026-07-23,31,inner,20,0.1805842084764894,0.4023099586031929,0.8628795146942139,0.8728428483009338,0.8144067525863647,0.9403131008148192,0.922144651412964,0.9280362129211426,0.9280184507369996,0.9213409423828124,0.9347934126853944,0.979769766330719,False,18.0
RawaPening,Rodman,T-Raw_V-Rod_31px_2026-07-23,31,inner,21,0.1729202794385771,0.4139794785525726,0.8584721088409424,0.8698784112930298,0.8056713938713074,0.9452054500579834,0.9230996370315552,0.9321531653404236,0.9322368502616882,0.9241806864738464,0.9404346942901612,0.9815763235092164,False,18.0
RawaPening,Rodman,T-Raw_V-Rod_31px_2026-07-23,31,inner,22,0.1702211318437137,0.4065423801059704,0.8506366014480591,0.8619284629821777,0.8020219206809998,0.931506872177124,0.9198179244995116,0.934376299381256,0.934376299381256,0.9274272918701172,0.9414302110671996,0.9820815324783324,False,18.0
RawaPening,Rodman,T-Raw_V-Rod_31px_2026-07-23,31,inner,23,0.1746170986595591,0.3975998116520313,0.8560234904289246,0.8656306862831116,0.812178373336792,0.9266144633293152,0.924185574054718,0.9298476576805116,0.9299111366271972,0.922173261642456,0.93777996301651,0.981026530265808,False,18.0
RawaPening,Rodman,T-Raw_V-Rod_31px_2026-07-23,31,inner,24,0.1698071921875369,0.4171012790032629,0.8619000911712646,0.870046079158783,0.8222996592521667,0.9236790537834167,0.9278538823127748,0.9309180974960328,0.9307926893234252,0.9255249500274658,0.9361208081245422,0.9822356700897216,False,18.0
RawaPening,Rodman,T-Raw_V-Rod_31px_2026-07-23,31,inner,25,0.1668325852984604,0.3763339861599868,0.8653281331062317,0.8765155076980591,0.8099585175514221,0.9549902081489564,0.9293777346611024,0.9321531653404236,0.9320468306541444,0.9265453219413756,0.9376140832901,0.982675313949585,False,18.0
RawaPening,Rodman,T-Raw_V-Rod_31px_2026-07-23,31,inner,26,0.1639607867693008,0.413158616461553,0.8619000911712646,0.8734290599822998,0.8067993521690369,0.952054798603058,0.9236762523651124,0.9354466795921326,0.9354732632637024,0.9281398057937622,0.9429234862327576,0.9832650423049928,False,18.0
RawaPening,Rodman,T-Raw_V-Rod_31px_2026-07-23,31,inner,27,0.1639079855579366,0.3552720282266936,0.8663075566291809,0.8737863898277283,0.8282208442687988,0.9246575236320496,0.9321774244308472,0.933799922466278,0.9338924288749696,0.9256723523139954,0.9422598481178284,0.9834121465682985,False,18.0
RawaPening,Rodman,T-Raw_V-Rod_31px_2026-07-23,31,inner,28,0.1601822136053581,0.3684761461151452,0.8736532926559448,0.8821917772293091,0.8270547986030579,0.9452054500579834,0.9323021173477172,0.9375874996185304,0.937489688396454,0.9319560527801514,0.9430894255638124,0.9840368032455444,False,18.0
RawaPening,Mula,T-Raw_V-Mul_31px_2026-07-23,31,inner,1,0.4669428054970549,0.6729470260124869,0.66361004114151,0.5261726975440979,0.8269230723381042,0.3858424723148346,0.7707560658454895,0.7723483443260193,0.7723671197891235,0.7708401679992676,0.7739000916481018,0.859744131565094,False,10.0
RawaPening,Mula,T-Raw_V-Mul_31px_2026-07-23,31,inner,2,0.3799787621802158,1.3824523392791452,0.5202702879905701,0.0497131943702697,0.604651153087616,0.0259222332388162,0.6718376278877258,0.8365662693977356,0.832260251045227,0.8530739545822144,0.8124379515647888,0.9117224216461182,False,10.0
RawaPening,Mula,T-Raw_V-Mul_31px_2026-07-23,31,inner,3,0.3526914216273588,0.8959350499925006,0.6225868463516235,0.3928571343421936,0.8877192735671997,0.2522432804107666,0.7908183932304382,0.8497729897499084,0.8474434018135071,0.8591094613075256,0.8360899686813354,0.9248436689376832,False,10.0
RawaPening,Mula,T-Raw_V-Mul_31px_2026-07-23,31,inner,4,0.330248437464557,0.8896413653168439,0.58638995885849,0.273112803697586,0.9147727489471436,0.1605184376239776,0.7939260005950928,0.8637226819992065,0.8627027273178101,0.8675363659858704,0.8579226136207581,0.934428870677948,False,10.0
RawaPening,Mula,T-Raw_V-Mul_31px_2026-07-23,31,inner,5,0.3035713895866313,0.613732241237946,0.6766409277915955,0.5527369976043701,0.8363636136054993,0.4127617180347442,0.8133699893951416,0.874040424823761,0.8735498785972595,0.87529057264328,0.871816098690033,0.9443669319152832,False,10.0
RawaPening,Mula,T-Raw_V-Mul_31px_2026-07-23,31,inner,6,0.269814338841027,0.797389776406371,0.5974903702735901,0.3338658213615417,0.8393574357032776,0.208374872803688,0.772883415222168,0.8897234797477722,0.8898416757583618,0.8872081637382507,0.8924909234046936,0.956005334854126,False,10.0
RawaPening,Mula,T-Raw_V-Mul_31px_2026-07-23,31,inner,7,0.2482509223319162,0.6549824999221043,0.6539575457572937,0.5099111199378967,0.810869574546814,0.3718843460083008,0.7982646822929382,0.8994634747505188,0.8995712399482727,0.8969089388847351,0.9022493958473206,0.9626156091690063,False,10.0
RawaPening,Mula,T-Raw_V-Mul_31px_2026-07-23,31,inner,8,0.2387006970203173,0.7367815331602648,0.6230695247650146,0.4033613502979278,0.8627451062202454,0.2632103562355041,0.8140106797218323,0.9050763249397278,0.9052093625068665,0.9022346138954164,0.9082037806510924,0.9650998711586,False,10.0
RawaPening,Mula,T-Raw_V-Mul_31px_2026-07-23,31,inner,9,0.2355116484999607,1.054872806137248,0.5255791544914246,0.0787253975868225,0.65625,0.0418743751943111,0.7559268474578857,0.9078002572059632,0.9081943035125732,0.9026302695274352,0.9138273000717164,0.9655205011367798,False,10.0
RawaPening,Mula,T-Raw_V-Mul_31px_2026-07-23,31,inner,10,0.2231250882296339,0.5327861208367992,0.74083012342453,0.7139051556587219,0.766590416431427,0.6679959893226624,0.8190647959709167,0.9139083623886108,0.91420578956604,0.9093437790870668,0.9191200733184814,0.9691716432571412,False,10.0
RawaPening,Mula,T-Raw_V-Mul_31px_2026-07-23,31,inner,11,0.1981821003134369,0.7426277743688421,0.6626448035240173,0.5060070753097534,0.8689320683479309,0.356929212808609,0.8113461136817932,0.9237309098243712,0.9240631461143494,0.9183273315429688,0.9298709630966188,0.9756243228912354,False,10.0
RawaPening,Mula,T-Raw_V-Mul_31px_2026-07-23,31,inner,12,0.1934918003797137,0.8061148342047189,0.5815637111663818,0.3335895538330078,0.7281879186630249,0.2163509428501129,0.7759006023406982,0.9255468249320984,0.925810158252716,0.9208115339279176,0.9308633804321288,0.9767119884490968,False,10.0
RawaPening,Mula,T-Raw_V-Mul_31px_2026-07-23,31,inner,13,0.1876953498350038,0.6919763050326164,0.6901544332504272,0.5731382966041565,0.8602794408798218,0.4297108650207519,0.8463608026504517,0.927775502204895,0.9280131459236144,0.9232280254364014,0.9328481554985046,0.9781571626663208,False,10.0
RawaPening,Mula,T-Raw_V-Mul_31px_2026-07-23,31,inner,14,0.1850276274322922,0.6917080558174825,0.6665058135986328,0.5217993259429932,0.8529411554336548,0.3758723735809326,0.8332653641700745,0.9306644797325134,0.9309096932411194,0.9258835315704346,0.9359907507896424,0.9785133600234984,False,10.0
RawaPening,Mula,T-Raw_V-Mul_31px_2026-07-23,31,inner,15,0.1846295620442002,0.7508323282923938,0.6467181444168091,0.4703328609466553,0.857519805431366,0.3240279257297516,0.8346457481384277,0.929591417312622,0.929684281349182,0.926705002784729,0.9326827526092528,0.9784966707229614,False,10.0
RawaPening,Mula,T-Raw_V-Mul_31px_2026-07-23,31,inner,16,0.1667301418032963,0.6511518021462968,0.6978764533996582,0.5976863503456116,0.8408679962158203,0.4636091589927673,0.836470901966095,0.9361947774887084,0.9365509152412416,0.9296072721481324,0.9435990452766418,0.982563853263855,False,10.0
RawaPening,Mula,T-Raw_V-Mul_31px_2026-07-23,31,inner,17,0.1629080327492925,0.8800440994504853,0.6085907220840454,0.3649177849292755,0.8503649830818176,0.2323030978441238,0.8318673372268677,0.936855137348175,0.9371353387832642,0.9312428832054138,0.9431028962135316,0.9833368062973022,False,10.0
RawaPening,Mula,T-Raw_V-Mul_31px_2026-07-23,31,inner,18,0.1649995768311296,0.6820860113301332,0.6920849680900574,0.5735294222831726,0.8701825737953186,0.427716851234436,0.8504151105880737,0.938506007194519,0.9387788772583008,0.9328760504722596,0.9447568655014038,0.9826662540435792,False,10.0
RawaPening,Mula,T-Raw_V-Mul_31px_2026-07-23,31,inner,19,0.1583632762870954,0.8736304195461125,0.6274131536483765,0.4097859263420105,0.8786885142326355,0.2671984136104584,0.8303377628326416,0.93883615732193,0.9390875697135924,0.9334858655929564,0.9447568655014038,0.9841145277023317,False,10.0
RawaPening,Mula,T-Raw_V-Mul_31px_2026-07-23,31,inner,20,0.1527118767274592,0.7055716780967234,0.6911196708679199,0.577278733253479,0.8551859259605408,0.4356929063796997,0.8455965518951416,0.9430457949638368,0.9432565569877625,0.938011109828949,0.9485610127449036,0.9851083755493164,False,10.0
RawaPening,Inle,T-Raw_V-Inl_31px_2026-07-23,31,inner,1,0.4890690077473124,0.3843845376968384,0.8429999947547913,0.8440913558006287,0.8382642865180969,0.8500000238418579,0.9210100173950196,0.7614671587944031,0.751983642578125,0.776974618434906,0.7285501956939697,0.8454620242118835,False,29.0
RawaPening,Inle,T-Raw_V-Inl_31px_2026-07-23,31,inner,2,0.4407915621029985,0.4708688215613365,0.7404999732971191,0.7896230220794678,0.6639400124549866,0.9739999771118164,0.9288650155067444,0.7978994250297546,0.7899718880653381,0.8157802224159241,0.7657464146614075,0.8801696300506592,False,29.0
RawaPening,Inle,T-Raw_V-Inl_31px_2026-07-23,31,inner,3,0.4110660529062317,0.5328807641863823,0.7354999780654907,0.6845557689666748,0.847858190536499,0.5740000009536743,0.8456109762191772,0.8207926750183105,0.815665066242218,0.8332471251487732,0.7988097071647644,0.8970369696617126,False,29.0
RawaPening,Inle,T-Raw_V-Inl_31px_2026-07-23,31,inner,4,0.3748994631333749,0.4250638781189919,0.7870000004768372,0.7609427571296692,0.8670076727867126,0.6779999732971191,0.9060360193252563,0.835644543170929,0.8339825868606567,0.8362699747085571,0.8317077159881592,0.9143269062042236,False,29.0
RawaPening,Inle,T-Raw_V-Inl_31px_2026-07-23,31,inner,5,0.3543060010550812,0.3714303523302078,0.8640000224113464,0.8642714619636536,0.8625497817993164,0.8659999966621399,0.9336459636688232,0.8440141081809998,0.8429315090179443,0.842583417892456,0.8432798981666565,0.9235090017318726,False,29.0
RawaPening,Inle,T-Raw_V-Inl_31px_2026-07-23,31,inner,6,0.3183223235481942,0.4355852484703064,0.8084999918937683,0.7966011762619019,0.8493770956993103,0.75,0.8919169902801514,0.8651021718978882,0.8651574850082397,0.8585381507873535,0.8718796372413635,0.9383909702301024,False,29.0
RawaPening,Inle,T-Raw_V-Inl_31px_2026-07-23,31,inner,7,0.3008194527795652,0.3167636757493019,0.8939999938011169,0.9004694819450378,0.8486725687980652,0.9589999914169312,0.9547239542007446,0.8733896613121033,0.8728890419006348,0.8699507117271423,0.8758472204208374,0.9453966617584229,False,29.0
RawaPening,Inle,T-Raw_V-Inl_31px_2026-07-23,31,inner,8,0.2843500948831643,0.3212739506363868,0.8995000123977661,0.9029454588890076,0.8730158805847168,0.9350000023841858,0.9492230415344238,0.8819233775138855,0.8815930485725403,0.8776212334632874,0.8856009244918823,0.9509388208389282,False,29.0
RawaPening,Inle,T-Raw_V-Inl_31px_2026-07-23,31,inner,9,0.2741794297768913,0.2963854269385337,0.8679999709129333,0.8682634830474854,0.8665338754653931,0.8700000047683716,0.9493239521980286,0.8870107531547546,0.8866013288497925,0.883327841758728,0.8898991346359253,0.954348087310791,False,29.0
RawaPening,Inle,T-Raw_V-Inl_31px_2026-07-23,31,inner,10,0.2644602033956375,0.2447603156566619,0.9120000004768372,0.9108409285545348,0.9229979515075684,0.8989999890327454,0.9696170091629028,0.8934930562973022,0.8935367465019226,0.8867003321647644,0.9004794359207153,0.957392156124115,False,29.0
RawaPening,Inle,T-Raw_V-Inl_31px_2026-07-23,31,inner,11,0.2397940300066946,0.2630356323122978,0.8914999961853027,0.8937836289405823,0.8753595352172852,0.912999987602234,0.9610919952392578,0.9025191068649292,0.902302622795105,0.8977254033088684,0.9069267511367798,0.9649784564971924,False,29.0
RawaPening,Inle,T-Raw_V-Inl_31px_2026-07-23,31,inner,12,0.2276925270256812,0.2299038649797439,0.9164999723434448,0.920438289642334,0.8789808750152588,0.9660000205039978,0.974940061569214,0.905308961868286,0.905192255973816,0.8997223377227783,0.9107290506362916,0.9686737060546876,False,29.0
RawaPening,Inle,T-Raw_V-Inl_31px_2026-07-23,31,inner,13,0.2246253198269325,0.290835706114769,0.8755000233650208,0.8725038170814514,0.8940188884735107,0.8519999980926514,0.9506589770317078,0.9106425046920776,0.910613179206848,0.9043039083480836,0.9170110821723938,0.969191551208496,False,29.0
RawaPening,Inle,T-Raw_V-Inl_31px_2026-07-23,31,inner,14,0.2202835289083279,0.2307119346559047,0.9085000157356262,0.9124820828437804,0.8744271397590637,0.9539999961853028,0.97474205493927,0.9079346656799316,0.907821238040924,0.9023354649543762,0.913374125957489,0.9702951908111572,False,29.0
RawaPening,Inle,T-Raw_V-Inl_31px_2026-07-23,31,inner,15,0.2178510146569685,0.2295576299428939,0.9054999947547911,0.905072808265686,0.9091826677322388,0.9010000228881836,0.9677709937095642,0.9112168550491332,0.9112969636917114,0.9038867950439452,0.9188295602798462,0.9709091186523438,False,29.0
RawaPening,Inle,T-Raw_V-Inl_31px_2026-07-23,31,inner,16,0.2013281883154215,0.2037013064026832,0.9235000014305116,0.9264776706695556,0.8917669057846069,0.9639999866485596,0.9769220352172852,0.9201608300209044,0.919924259185791,0.9159291982650756,0.9239543676376344,0.9751088619232178,False,29.0
RawaPening,Inle,T-Raw_V-Inl_31px_2026-07-23,31,inner,17,0.196591698962963,0.2053150763213634,0.9235000014305116,0.9266186952590942,0.8903225660324097,0.9660000205039978,0.9775369763374328,0.9212275147438048,0.9211693406105042,0.915157437324524,0.92726069688797,0.9762514233589172,False,29.0
RawaPening,Inle,T-Raw_V-Inl_31px_2026-07-23,31,inner,18,0.1864410195699266,0.2074293532371521,0.9190000295639038,0.9218146800994872,0.8908582329750061,0.9549999833106996,0.9779030084609984,0.9271354675292968,0.9270336627960204,0.9215814471244812,0.932550847530365,0.9787330627441406,False,29.0
RawaPening,Inle,T-Raw_V-Inl_31px_2026-07-23,31,inner,19,0.1881955808612881,0.1931597530245781,0.9200000166893004,0.9213372468948364,0.9061895608901978,0.9369999766349792,0.9780340194702148,0.9255764484405518,0.9252328872680664,0.9227228164672852,0.927756667137146,0.9782176613807678,False,29.0
RawaPening,Inle,T-Raw_V-Inl_31px_2026-07-23,31,inner,20,0.190247412727886,0.2167301133573055,0.9135000109672546,0.9131962060928344,0.9164149165153505,0.9100000262260436,0.9714239835739136,0.9250020384788512,0.9248231649398804,0.9202815294265748,0.9294098019599916,0.977651298046112,False,29.0
RawaPening,Inle,T-Raw_V-Inl_31px_2026-07-23,31,inner,21,0.1808499332437603,0.2113582228124141,0.9240000247955322,0.9278937578201294,0.8826714754104614,0.977999985218048,0.9792199730873108,0.9317305088043212,0.9316126704216005,0.9264345169067384,0.936849057674408,0.979695439338684,False,29.0
RawaPening,Inle,T-Raw_V-Inl_31px_2026-07-23,31,inner,22,0.1769206852828584,0.1990705460309982,0.9210000038146972,0.923375368118286,0.8964218497276306,0.9520000219345092,0.978193998336792,0.9307458996772766,0.9305235147476196,0.9267092943191528,0.9343693256378174,0.9809269905090332,False,29.0
RawaPening,Inle,T-Raw_V-Inl_31px_2026-07-23,31,inner,23,0.1737779323606179,0.2059996954649686,0.9185000061988832,0.9214457869529724,0.8893023133277893,0.9559999704360962,0.9780440330505372,0.9303355813026428,0.9300485849380492,0.9270696640014648,0.9330467581748962,0.981467604637146,False,29.0
RawaPening,Inle,T-Raw_V-Inl_31px_2026-07-23,31,inner,24,0.1708116232058887,0.1987256808280944,0.9279999732971193,0.9305019378662108,0.8992537260055542,0.9639999866485596,0.9795939922332764,0.9338639378547668,0.9338910579681396,0.9267458915710448,0.9411472678184508,0.9820067286491394,False,29.0
RawaPening,Inle,T-Raw_V-Inl_31px_2026-07-23,31,inner,25,0.170585685241865,0.20315393358469,0.9229999780654908,0.9250243306159972,0.9013282656669616,0.949999988079071,0.9766520261764526,0.9336177706718444,0.9335196018218994,0.9281045794487,0.9389981627464294,0.9820189476013184,False,29.0
RawaPening,Inle,T-Raw_V-Inl_31px_2026-07-23,31,inner,26,0.1652136707438939,0.1980967129170894,0.921999990940094,0.924345314502716,0.8973634839057922,0.953000009059906,0.9784280061721802,0.9350947737693788,0.934881031513214,0.931124985218048,0.9386675357818604,0.983409583568573,False,29.0
RawaPening,Inle,T-Raw_V-Inl_31px_2026-07-23,31,inner,27,0.1646374167136703,0.1868010459840297,0.9235000014305116,0.9250367283821106,0.9068203568458556,0.944000005722046,0.9796290397644044,0.9347665309906006,0.9346378445625304,0.9296696186065674,0.9396594762802124,0.9835229516029358,False,29.0
RawaPening,Inle,T-Raw_V-Inl_31px_2026-07-23,31,inner,28,0.1675956721875434,0.1980528795719146,0.9265000224113464,0.9285367131233216,0.903500497341156,0.9549999833106996,0.9778779745101928,0.9338639378547668,0.9338476657867432,0.927302360534668,0.9404860138893129,0.9827048778533936,False,29.0
RawaPening,Inle,T-Raw_V-Inl_31px_2026-07-23,31,inner,29,0.1641471207739781,0.1751907298862934,0.9350000023841858,0.936274528503418,0.9182692170143129,0.9549999833106996,0.981621026992798,0.9371461272239684,0.9370790123939514,0.9312652945518494,0.942965805530548,0.983368158340454,False,29.0
RawaPening,Inle,T-Raw_V-Inl_31px_2026-07-23,31,inner,30,0.1609550555711736,0.1876491079032421,0.9315000176429749,0.9330073595046996,0.9129186868667604,0.9539999961853028,0.9797149896621704,0.9354230165481568,0.935295581817627,0.930323839187622,0.9403207302093506,0.984127163887024,False,29.0
RawaPening,Inle,T-Raw_V-Inl_31px_2026-07-23,31,inner,31,0.1608592667779295,0.197180727109313,0.9290000200271606,0.931134819984436,0.903954803943634,0.959999978542328,0.9786579608917236,0.9382128715515136,0.9380297660827636,0.9339560866355896,0.942139208316803,0.984298288822174,False,29.0
RawaPening,Inle,T-Raw_V-Inl_31px_2026-07-23,31,inner,32,0.16124332210906,0.189097929239273,0.9279999732971193,0.9290640354156494,0.91553395986557,0.9430000185966492,0.9781360030174256,0.93780255317688,0.9376644492149352,0.9329078793525696,0.942469835281372,0.9839268326759338,False,29.0
RawaPening,Inle,T-Raw_V-Inl_31px_2026-07-23,31,inner,33,0.1615268853076167,0.1834042410850525,0.92849999666214,0.9293827414512634,0.9180487990379332,0.9409999847412108,0.979135036468506,0.9375563859939576,0.9374229311943054,0.9325916171073914,0.9423044919967652,0.9838847517967224,False,29.0
RawaPening,Inle,T-Raw_V-Inl_31px_2026-07-23,31,inner,34,0.1624865174621204,0.1809653910994529,0.9300000071525574,0.931506872177124,0.9118773937225342,0.9520000219345092,0.9808189868927002,0.935340940952301,0.9352506399154664,0.9297500252723694,0.9408166408538818,0.9837530851364136,False,29.0
RawaPening,Inle,T-Raw_V-Inl_31px_2026-07-23,31,inner,35,0.1583716388095772,0.1877233802676201,0.9319999814033508,0.934044599533081,0.906779646873474,0.9629999995231628,0.9800469875335692,0.936982035636902,0.9369251132011414,0.9309613108634948,0.942965805530548,0.9846209287643432,False,29.0
RawaPening,Inle,T-Raw_V-Inl_31px_2026-07-23,31,inner,36,0.1609067507103468,0.183177716165781,0.9325000047683716,0.9340498447418212,0.9130849838256836,0.9559999704360962,0.9804930686950684,0.9383769631385804,0.93817400932312,0.934404730796814,0.941973865032196,0.9839832186698914,False,29.0
RawaPening,Inle,T-Raw_V-Inl_31px_2026-07-23,31,inner,37,0.1558197515203483,0.1805060886740684,0.934499979019165,0.9356897473335266,0.9189971089363098,0.953000009059906,0.9802150130271912,0.9410847425460817,0.9408372044563292,0.9379004240036012,0.9437923431396484,0.985148549079895,False,29.0
RawaPening,Inle,T-Raw_V-Inl_31px_2026-07-23,31,inner,38,0.1619427047967617,0.183868349969387,0.9319999814033508,0.9334638118743896,0.9137930870056152,0.9539999961853028,0.9795989990234376,0.9374743700027466,0.9374897480010986,0.9304673671722412,0.9446189403533936,0.9837366342544556,False,29.0
RawaPening,Inle,T-Raw_V-Inl_31px_2026-07-23,31,inner,39,0.1572391764625578,0.1912408377230167,0.9294999837875366,0.9312530755996704,0.9086584448814392,0.9549999833106996,0.978825032711029,0.9370641112327576,0.9368672370910645,0.932950794696808,0.9408166408538818,0.9849924445152284,False,29.0
RawaPening,Vembanad,T-Raw_V-Vem_31px_2026-07-23,31,inner,1,0.4931874297855817,0.5973203909266126,0.6903097033500671,0.5730027556419373,0.9244444370269777,0.4151696562767029,0.8601276874542236,0.7601149082183838,0.7538111805915833,0.7681084871292114,0.7400363683700562,0.8430734872817993,False,11.0
RawaPening,Vembanad,T-Raw_V-Vem_31px_2026-07-23,31,inner,2,0.4239511099001595,0.4602203523064708,0.7662337422370911,0.7190876603126526,0.9021084308624268,0.5978043675422668,0.9029011726379396,0.8093557357788086,0.8024156093597412,0.8260945677757263,0.7800562381744385,0.888904869556427,False,11.0
RawaPening,Vembanad,T-Raw_V-Vem_31px_2026-07-23,31,inner,3,0.3860483542078579,0.5946858460372025,0.722777247428894,0.6435452699661255,0.9027026891708374,0.5,0.8681297302246094,0.8334017395973206,0.8288364410400391,0.8455186486244202,0.8127997517585754,0.9091032147407532,False,11.0
RawaPening,Vembanad,T-Raw_V-Vem_31px_2026-07-23,31,inner,4,0.3559568726360969,0.370246662156327,0.8456543684005737,0.8500728011131287,0.8271954655647278,0.8742514848709106,0.9194610714912416,0.8452195525169373,0.8431731462478638,0.8479678630828857,0.838432252407074,0.9229416847229004,False,11.0
RawaPening,Vembanad,T-Raw_V-Vem_31px_2026-07-23,31,inner,5,0.3317685244951182,0.6917407470685499,0.7077922224998474,0.6133509874343872,0.908023476600647,0.4630738496780395,0.858786404132843,0.8571193814277649,0.8553866744041443,0.8593124151229858,0.8514966368675232,0.9334946274757384,False,11.0
RawaPening,Vembanad,T-Raw_V-Vem_31px_2026-07-23,31,inner,6,0.2979808142012047,0.7484435525747922,0.6518481373786926,0.487122893333435,0.9271708726882936,0.3303393125534057,0.8631197214126587,0.869101345539093,0.8679745197296143,0.8689095377922058,0.8670415282249451,0.9463976621627808,False,11.0
RawaPening,Vembanad,T-Raw_V-Vem_31px_2026-07-23,31,inner,7,0.289029058551123,0.3064085266866407,0.8681318759918213,0.8665318489074707,0.8780737519264221,0.8552893996238708,0.9439162015914916,0.8795239925384521,0.8785371780395508,0.8791190385818481,0.8779560327529907,0.9496784806251526,False,11.0
RawaPening,Vembanad,T-Raw_V-Vem_31px_2026-07-23,31,inner,8,0.2761744894671254,0.3291348129302471,0.8576423525810242,0.8545176386833191,0.8746081590652466,0.8353293538093567,0.9357993602752686,0.884940505027771,0.8840747475624084,0.8840747475624084,0.8840747475624084,0.9536718130111694,False,11.0
RawaPening,Vembanad,T-Raw_V-Vem_31px_2026-07-23,31,inner,9,0.267278004414144,0.4194305068129426,0.807692289352417,0.7791164517402649,0.916329264640808,0.6776447296142578,0.9297016263008118,0.8901928663253784,0.8897131681442261,0.8869351148605347,0.8925086855888367,0.9565313458442688,False,11.0
RawaPening,Vembanad,T-Raw_V-Vem_31px_2026-07-23,31,inner,10,0.254340637725643,0.558574802630193,0.7837162613868713,0.7402519583702087,0.927819550037384,0.6157684922218323,0.908022940158844,0.896676242351532,0.8961135149002075,0.8942687511444092,0.8979659080505371,0.9607270956039428,False,11.0
RawaPening,Vembanad,T-Raw_V-Vem_31px_2026-07-23,31,inner,11,0.236159182189183,0.2735419529569256,0.8881118893623352,0.8870967626571655,0.8961303234100342,0.8782435059547424,0.9548583030700684,0.9025851488113404,0.9021192193031312,0.8996710777282715,0.9045807719230652,0.9660605192184448,False,11.0
RawaPening,Vembanad,T-Raw_V-Vem_31px_2026-07-23,31,inner,12,0.2330649957678383,0.3522635754886326,0.8431568145751953,0.8340380787849426,0.8865168690681458,0.78742516040802,0.934954047203064,0.9048010110855104,0.9044480919837952,0.9010339975357056,0.9078882336616516,0.9668353796005248,False,11.0
RawaPening,Vembanad,T-Raw_V-Vem_31px_2026-07-23,31,inner,13,0.2252199340475647,0.5201174077335057,0.7957043051719666,0.7661520838737488,0.8969210386276245,0.6686626672744751,0.9051117897033693,0.9089864492416382,0.9088667631149292,0.9032995700836182,0.9145030379295348,0.9689966440200806,False,11.0
RawaPening,Vembanad,T-Raw_V-Vem_31px_2026-07-23,31,inner,14,0.2186115365849932,0.307508024361941,0.8651348948478699,0.8568398952484131,0.9140271544456482,0.8063872456550598,0.9515808820724488,0.9129257202148438,0.9125236868858336,0.909898042678833,0.9151645302772522,0.970832347869873,False,11.0
RawaPening,Vembanad,T-Raw_V-Vem_31px_2026-07-23,31,inner,15,0.2131367114268222,0.3557138793416076,0.838161826133728,0.8191964030265808,0.9291139245033264,0.7325349450111389,0.9446327686309814,0.9136643409729004,0.9136714339256288,0.9068252444267272,0.9206218123435974,0.97213876247406,False,11.0
RawaPening,Vembanad,T-Raw_V-Vem_31px_2026-07-23,31,inner,16,0.1986512498498256,0.4859671783256721,0.8061938285827637,0.7720329165458679,0.9385714530944824,0.6556886434555054,0.930921196937561,0.9196553230285645,0.9194437861442566,0.915001630783081,0.9239292144775392,0.9759490489959716,False,11.0
RawaPening,Vembanad,T-Raw_V-Vem_31px_2026-07-23,31,inner,17,0.1969864443892282,0.3263367116451263,0.8606393337249756,0.8476242423057556,0.936067521572113,0.7744510769844055,0.952582836151123,0.9216249585151672,0.9214702844619752,0.916421353816986,0.9265751838684082,0.97630774974823,False,11.0
RawaPening,Vembanad,T-Raw_V-Vem_31px_2026-07-23,31,inner,18,0.1894288740455982,0.3835262203222507,0.8356643319129944,0.8123217225074768,0.9480692148208618,0.7105788588523865,0.9542604684829712,0.9272876381874084,0.927198052406311,0.92144376039505,0.9330246448516846,0.9780281782150269,False,11.0
RawaPening,Vembanad,T-Raw_V-Vem_31px_2026-07-23,31,inner,19,0.1881897600327156,0.4489119216487124,0.807692289352417,0.774193525314331,0.9388335943222046,0.658682644367218,0.9420878291130066,0.9255642294883728,0.9253436326980592,0.9211733937263488,0.9295518398284912,0.9783293604850768,False,11.0
RawaPening,Vembanad,T-Raw_V-Vem_31px_2026-07-23,31,inner,20,0.182510197327721,0.4309249920742614,0.8191808462142944,0.7973124384880066,0.9081632494926452,0.7105788588523865,0.9271926283836364,0.928682804107666,0.928518533706665,0.923731565475464,0.9333553910255432,0.9795515537261964,False,11.0
RawaPening,Vembanad,T-Raw_V-Vem_31px_2026-07-23,31,inner,21,0.1751665014576413,0.383149893550606,0.8341658115386963,0.8109339475631714,0.9442970752716064,0.7105788588523865,0.950191617012024,0.9285186529159546,0.9283068776130676,0.924123227596283,0.932528555393219,0.9813374876976012,False,11.0
RawaPening,Valsequillo,T-Raw_V-Val_31px_2026-07-23,31,inner,1,0.5279424504933656,0.4203447736945807,0.8093137145042419,0.8073303699493408,0.815815806388855,0.7990196347236633,0.8967944979667664,0.7334321141242981,0.7345030903816223,0.7262850403785706,0.7429092526435852,0.8151200413703918,False,7.0
RawaPening,Valsequillo,T-Raw_V-Val_31px_2026-07-23,31,inner,2,0.4369544716315907,0.4313607709080565,0.8181372284889221,0.8242539167404175,0.7974335551261902,0.8529411554336548,0.8874163627624512,0.8029966354370117,0.7949618697166443,0.8222261667251587,0.7694476842880249,0.8829374313354492,False,7.0
RawaPening,Valsequillo,T-Raw_V-Val_31px_2026-07-23,31,inner,3,0.4061317682079771,0.4792022626773984,0.7955882549285889,0.7926404476165771,0.8042381405830383,0.7813725471496582,0.8547298908233643,0.8172388076782227,0.8104507923126221,0.835122287273407,0.7871952056884766,0.8998273611068726,False,7.0
RawaPening,Valsequillo,T-Raw_V-Val_31px_2026-07-23,31,inner,4,0.3721151890490313,0.4512430690082849,0.8352941274642944,0.852502167224884,0.7718601226806641,0.9519608020782472,0.8916752934455872,0.839631199836731,0.8354173898696899,0.8513862490653992,0.8200364708900452,0.9163252115249634,False,7.0
RawaPening,Valsequillo,T-Raw_V-Val_31px_2026-07-23,31,inner,5,0.3427799452800676,0.4754725796042704,0.7803921699523926,0.7659352421760559,0.8199105262756348,0.7186274528503418,0.8767223954200745,0.8529677987098694,0.8510177135467529,0.8560160994529724,0.8460772633552551,0.9295145273208618,False,7.0
RawaPening,Valsequillo,T-Raw_V-Val_31px_2026-07-23,31,inner,6,0.3146211594193523,0.4503610086207296,0.8063725233078003,0.8098218441009521,0.7956480383872986,0.8245097994804382,0.8753354549407959,0.8670453429222107,0.8652482032775879,0.8705506920814514,0.8600099682807922,0.9407917261123656,False,7.0
RawaPening,Valsequillo,T-Raw_V-Val_31px_2026-07-23,31,inner,7,0.302309835107766,0.3742414376314948,0.8612744808197021,0.8711879849433899,0.8130841255187988,0.9382352828979492,0.920667052268982,0.873055100440979,0.8720968961715698,0.8722415566444397,0.8719522356987,0.9449714422225952,False,7.0
RawaPening,Valsequillo,T-Raw_V-Val_31px_2026-07-23,31,inner,8,0.285095141058038,0.4343665394128537,0.83186274766922,0.8421537280082703,0.7935819625854492,0.8970588445663452,0.9018117785453796,0.8807936310768127,0.879272997379303,0.8839899301528931,0.8746060729026794,0.951513648033142,False,7.0
RawaPening,Valsequillo,T-Raw_V-Val_31px_2026-07-23,31,inner,9,0.2729003390010084,0.4206595965460235,0.8465686440467834,0.8568815588951111,0.8029134273529053,0.9186274409294128,0.9081689119338988,0.8873795866966248,0.8863787651062012,0.8877058625221252,0.8850555419921875,0.9552099704742432,False,7.0
RawaPening,Valsequillo,T-Raw_V-Val_31px_2026-07-23,31,inner,10,0.2680951882961248,0.4477601964099734,0.8357843160629272,0.8494381904602051,0.7842323780059814,0.9264705777168274,0.8952210545539856,0.8913311958312988,0.8907103538513184,0.8892378807067871,0.892187774181366,0.9565143585205078,False,7.0
RawaPening,Valsequillo,T-Raw_V-Val_31px_2026-07-23,31,inner,11,0.2486046931596806,0.4856779354460099,0.8078431487083435,0.8163074254989624,0.7818671464920044,0.8539215922355652,0.8802114725112915,0.8965176343917847,0.8960555791854858,0.8934696316719055,0.8986564874649048,0.9629278182983398,False,7.0
RawaPening,Valsequillo,T-Raw_V-Val_31px_2026-07-23,31,inner,12,0.2340982784798108,0.4744156822270038,0.8073529601097107,0.8104196786880493,0.7977207899093628,0.8235294222831726,0.8748106360435486,0.9059026837348938,0.905357301235199,0.9039351940155028,0.9067838788032532,0.9669840931892396,False,7.0
RawaPening,Valsequillo,T-Raw_V-Val_31px_2026-07-23,31,inner,13,0.2277788570866993,0.4393170888225237,0.8338235020637512,0.8406205773353577,0.8075881004333496,0.8764705657958984,0.9041262865066528,0.9111714959144592,0.9108338356018066,0.907608687877655,0.9140819311141968,0.96836519241333,False,7.0
RawaPening,Valsequillo,T-Raw_V-Val_31px_2026-07-23,31,inner,14,0.2275771625598212,0.455618055135596,0.820588231086731,0.8284910917282104,0.7935367822647095,0.8666666746139526,0.8928614258766174,0.9080431461334229,0.9077697992324828,0.9038145542144777,0.9117598533630372,0.9685182571411132,False,7.0
RawaPening,Valsequillo,T-Raw_V-Val_31px_2026-07-23,31,inner,15,0.22045862808182,0.4077674231108497,0.8450980186462402,0.8528863787651062,0.8120567202568054,0.8980392217636108,0.917710542678833,0.9145467877388,0.914441168308258,0.9088972806930542,0.9200530648231506,0.9699417352676392,False,7.0
RawaPening,Valsequillo,T-Raw_V-Val_31px_2026-07-23,31,inner,16,0.2041770374297978,0.4407474337839612,0.8416666388511658,0.8529813289642334,0.7960917353630066,0.9186274409294128,0.91275954246521,0.9194039702415466,0.9191910624504088,0.9148866534233092,0.9235362410545348,0.9746532440185548,False,7.0
RawaPening,Valsequillo,T-Raw_V-Val_31px_2026-07-23,31,inner,17,0.2008868994104957,0.4471029237789266,0.8264706134796143,0.8333333134651184,0.801630437374115,0.8676470518112183,0.8946414589881897,0.9195685982704164,0.9194625616073608,0.9139626622200012,0.9250290393829346,0.97529399394989,False,7.0
RawaPening,Winam,T-Raw_V-Win_31px_2026-07-23,31,inner,1,0.500918219304296,0.5168654607751478,0.7548774480819702,0.7200000286102295,0.8399999737739563,0.6299999952316284,0.8688558340072632,0.7539383172988892,0.748215913772583,0.760150134563446,0.7366507053375244,0.8360499739646912,False,19.0
RawaPening,Winam,T-Raw_V-Win_31px_2026-07-23,31,inner,2,0.4429635038855508,0.603228176181289,0.7158579230308533,0.6598802208900452,0.8223880529403687,0.5509999990463257,0.8337026834487915,0.7985723614692688,0.790618360042572,0.8165962100028992,0.7662423253059387,0.8780549764633179,False,19.0
RawaPening,Winam,T-Raw_V-Win_31px_2026-07-23,31,inner,3,0.4230525682881734,0.4673723951690253,0.809404730796814,0.7921440005302429,0.871548593044281,0.7260000109672546,0.8857958316802979,0.808336079120636,0.8029689788818359,0.8197003602981567,0.786906898021698,0.8895179033279419,False,19.0
RawaPening,Winam,T-Raw_V-Win_31px_2026-07-23,31,inner,4,0.3985524263036106,0.6316327390371878,0.7173587083816528,0.6295081973075867,0.9142857193946838,0.4799999892711639,0.8797107338905334,0.8235149383544922,0.8192285299301147,0.8331623673439026,0.8057529926300049,0.9025593996047974,False,19.0
RawaPening,Winam,T-Raw_V-Win_31px_2026-07-23,31,inner,5,0.3703820763903444,0.4325591083056945,0.8084042072296143,0.7748383283615112,0.9400855898857116,0.6589999794960022,0.9346966743469238,0.838857889175415,0.8365512490272522,0.8422993421554565,0.8308811187744141,0.9165855646133424,False,19.0
RawaPening,Winam,T-Raw_V-Win_31px_2026-07-23,31,inner,6,0.3403907749627041,0.5286704482675613,0.7558779120445251,0.6987654566764832,0.9129032492637634,0.5659999847412109,0.8820400238037109,0.8533803820610046,0.852788507938385,0.8499178886413574,0.8556786179542542,0.9293848276138306,False,19.0
RawaPening,Winam,T-Raw_V-Win_31px_2026-07-23,31,inner,7,0.3149207596764002,0.4205411279684919,0.8069034814834595,0.7913513779640198,0.8611764907836914,0.7319999933242798,0.9118088483810424,0.8667541742324829,0.8657185435295105,0.8660049438476562,0.8654323220252991,0.9401689767837524,False,19.0
RawaPening,Winam,T-Raw_V-Win_31px_2026-07-23,31,inner,8,0.3074147179453811,0.6329826881727945,0.7128564119338989,0.6267880201339722,0.8959107995033264,0.4819999933242798,0.8820460438728333,0.8749589920043945,0.8741743564605713,0.8731650710105896,0.8751859664916992,0.9425415992736816,False,19.0
RawaPening,Winam,T-Raw_V-Win_31px_2026-07-23,31,inner,9,0.2887462812699292,0.5375045014991648,0.7493746876716614,0.6886264681816101,0.9096879959106444,0.5540000200271606,0.9109779596328736,0.8810304999351501,0.8807173371315002,0.8765351176261902,0.8849396705627441,0.9494673609733582,False,19.0
RawaPening,Winam,T-Raw_V-Win_31px_2026-07-23,31,inner,10,0.2824971485243573,0.4684805750192339,0.7943971753120422,0.7742998600006104,0.858708918094635,0.7049999833106995,0.9016446471214294,0.8829176425933838,0.882231593132019,0.8808503746986389,0.883617103099823,0.9509989023208618,False,19.0
RawaPening,Winam,T-Raw_V-Win_31px_2026-07-23,31,inner,11,0.2550195319205767,0.5345875613392331,0.7448724508285522,0.6747449040412903,0.9313380122184752,0.5289999842643738,0.919553518295288,0.8934197425842285,0.8933410048484802,0.8874388337135315,0.8993222117424011,0.960558533668518,False,19.0
RawaPening,Winam,T-Raw_V-Win_31px_2026-07-23,31,inner,12,0.2529927524320798,0.381239558292181,0.8189094662666321,0.7943181991577148,0.9197368621826172,0.6990000009536743,0.9361591339111328,0.897193968296051,0.8968469500541687,0.893243670463562,0.9004794359207153,0.9609047174453736,False,19.0
RawaPening,Winam,T-Raw_V-Win_31px_2026-07-23,31,inner,13,0.2417585068661383,0.4007297704805093,0.8074036836624146,0.7765524983406067,0.9253112077713012,0.6690000295639038,0.93764066696167,0.9035937190055848,0.9033637642860411,0.8988543152809143,0.9079186916351318,0.9642580151557922,False,19.0
RawaPening,Winam,T-Raw_V-Win_31px_2026-07-23,31,inner,14,0.2411647976999952,0.4098048551267143,0.8109054565429688,0.7794632315635681,0.935574233531952,0.6679999828338623,0.9301801919937134,0.9028552770614624,0.9023102521896362,0.900675356388092,0.9039510488510132,0.9648997783660888,False,19.0
RawaPening,Winam,T-Raw_V-Win_31px_2026-07-23,31,inner,15,0.2376690899245966,0.4112003818191606,0.8134067058563232,0.7860011458396912,0.9219380617141724,0.6850000023841858,0.9141411185264589,0.9025270938873292,0.902222216129303,0.8983772993087769,0.9061001539230348,0.9654549360275269,False,19.0
RawaPening,Winam,T-Raw_V-Win_31px_2026-07-23,31,inner,16,0.2167177706086365,0.4476652785863358,0.7998999357223511,0.7596153616905212,0.9518072009086608,0.6320000290870667,0.9331972002983092,0.9140138030052184,0.9139996767044068,0.9074466228485109,0.9206480383872986,0.971228837966919,False,19.0
RawaPening,Winam,T-Raw_V-Win_31px_2026-07-23,31,inner,17,0.2092036471616881,0.3966743884056181,0.8244122266769409,0.8022535443305969,0.9187096953392028,0.7120000123977661,0.937170147895813,0.9186905026435852,0.918617069721222,0.9126958250999452,0.9246156215667723,0.9732879400253296,False,19.0
RawaPening,Winam,T-Raw_V-Win_31px_2026-07-23,31,inner,18,0.2080149593404523,0.4201666139976285,0.8319159746170044,0.8037382960319519,0.966292142868042,0.6880000233650208,0.9475555419921876,0.9154906272888184,0.9151564836502076,0.9120013117790222,0.9183335900306702,0.9736438989639282,False,19.0
RawaPening,Winam,T-Raw_V-Win_31px_2026-07-23,31,inner,19,0.2037332770391726,0.3323398073540586,0.8604302406311035,0.8452578783035278,0.9489414691925048,0.7620000243186951,0.960817813873291,0.9205776453018188,0.9206557273864746,0.91302227973938,0.9284179210662842,0.9745319485664368,False,19.0
RawaPening,Winam,T-Raw_V-Win_31px_2026-07-23,31,inner,20,0.2044125376596269,0.360413589259249,0.8559279441833496,0.8403547406196594,0.9427860975265504,0.7580000162124634,0.943960964679718,0.9195110201835632,0.9192259907722472,0.9156824350357056,0.92279714345932,0.9743778705596924,False,19.0
RawaPening,Winam,T-Raw_V-Win_31px_2026-07-23,31,inner,21,0.1952472895550109,0.3869920530711245,0.8499249815940857,0.83012455701828,0.9569190740585328,0.7329999804496765,0.9452312588691713,0.9230390787124634,0.9229758381843568,0.9169521927833556,0.9290791749954224,0.9766708016395568,False,19.0
RawaPening,Winam,T-Raw_V-Win_31px_2026-07-23,31,inner,22,0.19148531506247,0.3796706014789646,0.848924458026886,0.8280182480812073,0.961640238761902,0.7269999980926514,0.9558528661727904,0.9265671372413636,0.9266573786735536,0.9187520146369934,0.9346999526023864,0.977274775505066,False,19.0
RawaPening,Winam,T-Raw_V-Win_31px_2026-07-23,31,inner,23,0.1956436455733939,0.3615137273674013,0.8614307045936584,0.8461965322494507,0.9513108730316162,0.7620000243186951,0.9453624486923218,0.9230390787124634,0.9230011701583862,0.9166802763938904,0.9294098019599916,0.9761984944343568,False,19.0
RawaPening,Winam,T-Raw_V-Win_31px_2026-07-23,31,inner,24,0.1869603792614415,0.3865652621064529,0.8474237322807312,0.8252149224281311,0.9664429426193236,0.7200000286102295,0.960054099559784,0.9270594120025636,0.926885426044464,0.9222586154937744,0.9315589070320128,0.9786027669906616,False,19.0
RawaPening,Winam,T-Raw_V-Win_31px_2026-07-23,31,inner,25,0.1901698493599539,0.3756852204829413,0.8464232087135315,0.8274311423301697,0.9448010325431824,0.7360000014305115,0.9514964818954468,0.9255825281143188,0.9254295825958252,0.9205102920532228,0.9304017424583436,0.9777514934539796,False,19.0
RawaPening,Winam,T-Raw_V-Win_31px_2026-07-23,31,inner,26,0.1816871587687099,0.4024922462512963,0.8454226851463318,0.8231253623962402,0.962516725063324,0.718999981880188,0.9475786089897156,0.9288644790649414,0.928694784641266,0.9240589141845704,0.93337744474411,0.979758620262146,False,19.0
RawaPening,Winam,T-Raw_V-Win_31px_2026-07-23,31,inner,27,0.1811747069109609,0.4398916669349731,0.8349174857139587,0.807692289352417,0.9678770899772644,0.6930000185966492,0.9400761127471924,0.9300951957702636,0.9299226999282836,0.9253560304641724,0.9345346093177797,0.979767918586731,False,19.0
RawaPening,Winam,T-Raw_V-Win_31px_2026-07-23,31,inner,28,0.1796600687276898,0.4186918544676783,0.8459229469299316,0.8233944773674011,0.9650537371635436,0.7179999947547913,0.9419249296188354,0.9309977293014526,0.9309126734733582,0.925212264060974,0.9366837739944458,0.9799633026123048,False,19.0
RawaPening,Winam,T-Raw_V-Win_31px_2026-07-23,31,inner,29,0.181858059995715,0.4212963162457105,0.8399199843406677,0.8183882236480713,0.9461942315101624,0.7210000157356262,0.9331661462783812,0.9314900040626526,0.931224763393402,0.9279382824897766,0.9345346093177797,0.9796851873397828,False,19.0
RawaPening,,Test_Raw_outer_31px_2026-07-23,31,outer,1,0.4811622887847707,,,,,,,0.7660534381866455,0.7573652863502502,0.7812971472740173,0.7348560094833374,0.8512986898422241,False,
RawaPening,,Test_Raw_outer_31px_2026-07-23,31,outer,2,0.4102247305418696,,,,,,,0.8145485520362854,0.8092787265777588,0.8274533152580261,0.7918853759765625,0.8973878026008606,False,
RawaPening,,Test_Raw_outer_31px_2026-07-23,31,outer,3,0.3855447153897385,,,,,,,0.8304786086082458,0.826791524887085,0.839672327041626,0.8142998814582825,0.9094929695129396,False,
RawaPening,,Test_Raw_outer_31px_2026-07-23,31,outer,4,0.3531099445700368,,,,,,,0.8478184342384338,0.8458628058433533,0.8513940572738647,0.8404029011726379,0.9247868061065674,False,
RawaPening,,Test_Raw_outer_31px_2026-07-23,31,outer,5,0.3289489712755986,,,,,,,0.8619158267974854,0.8605793118476868,0.8634675741195679,0.8577103018760681,0.934699296951294,False,
RawaPening,,Test_Raw_outer_31px_2026-07-23,31,outer,6,0.295559428411163,,,,,,,0.8763656616210938,0.8756909966468811,0.8749468922615051,0.8764363527297974,0.9473474025726318,False,
RawaPening,,Test_Raw_outer_31px_2026-07-23,31,outer,7,0.2757441001239401,,,,,,,0.8882780075073242,0.8877876400947571,0.8860938549041748,0.8894878625869751,0.9539304971694946,False,
RawaPening,,Test_Raw_outer_31px_2026-07-23,31,outer,8,0.2701187667571407,,,,,,,0.8899697065353394,0.8892829418182373,0.8892198801040649,0.8893460035324097,0.9557545185089112,False,
RawaPening,,Test_Raw_outer_31px_2026-07-23,31,outer,9,0.2555641754027979,,,,,,,0.8959611058235168,0.8954674005508423,0.8940743803977966,0.8968648314476013,0.9602022171020508,False,
RawaPening,,Test_Raw_outer_31px_2026-07-23,31,outer,10,0.2551180880962899,,,,,,,0.8973708152770996,0.8966496586799622,0.8972865343093872,0.896013617515564,0.9606108665466307,False,
RawaPening,,Test_Raw_outer_31px_2026-07-23,31,outer,11,0.228477612600994,,,,,,,0.9101994633674622,0.9100663661956788,0.9057186841964722,0.9144559502601624,0.9682995080947876,False,
Winam,Hartbeespoort,T-Win_V-Har_31px_2026-07-23,31,inner,1,0.4869328121308297,0.5169064779215911,0.7844488024711609,0.7730569839477539,0.8038793206214905,0.7445109486579895,0.8358050584793091,0.7586774230003357,0.7517346143722534,0.7699774503707886,0.734336256980896,0.8445943593978882,False,15.0
Winam,Hartbeespoort,T-Win_V-Har_31px_2026-07-23,31,inner,2,0.4458969596293553,0.4857831485862807,0.7972440719604492,0.7721238732337952,0.8660049438476562,0.6966068148612976,0.856029748916626,0.7911663055419922,0.7840802669525146,0.807355523109436,0.7621094584465027,0.8746771216392517,False,15.0
Winam,Hartbeespoort,T-Win_V-Har_31px_2026-07-23,31,inner,3,0.4181496978276732,0.400868487405026,0.8228346705436707,0.8165137767791748,0.8343750238418579,0.7994012236595154,0.9049454927444458,0.8069583773612976,0.8021246194839478,0.8184790015220642,0.7864109873771667,0.8911311626434326,False,15.0
Winam,Hartbeespoort,T-Win_V-Har_31px_2026-07-23,31,inner,4,0.3967687500838995,0.4446045265892359,0.8489173054695129,0.843447208404541,0.8623566031455994,0.8253493309020996,0.882043719291687,0.8200361728668213,0.8166890144348145,0.8279259204864502,0.8057529926300049,0.9032607078552246,False,15.0
Winam,Hartbeespoort,T-Win_V-Har_31px_2026-07-23,31,inner,5,0.3739437573705972,0.2968771139702459,0.9015747904777528,0.8979591727256775,0.9185803532600404,0.8782435059547424,0.9435963034629822,0.8363217711448669,0.8348273634910583,0.8383063673973083,0.8313770890235901,0.9140266180038452,False,15.0
Winam,Hartbeespoort,T-Win_V-Har_31px_2026-07-23,31,inner,6,0.3269036389344381,0.381373304257712,0.8937007784843445,0.8906882405281067,0.9034907817840576,0.8782435059547424,0.9141982793807985,0.8584471344947815,0.8573796153068542,0.8595879077911377,0.8551826477050781,0.9353049993515016,False,15.0
Winam,Hartbeespoort,T-Win_V-Har_31px_2026-07-23,31,inner,7,0.3187734018003181,0.3523812214220602,0.899114191532135,0.89946049451828,0.884281575679779,0.9151696562767028,0.9267349243164062,0.8657674193382263,0.8651908040046692,0.8646194338798523,0.8657629489898682,0.9383639097213744,False,15.0
Winam,Hartbeespoort,T-Win_V-Har_31px_2026-07-23,31,inner,8,0.3096025453711599,0.4423959842465055,0.8341535329818726,0.8130893111228943,0.9151061177253724,0.7315369248390198,0.9011569023132324,0.8701266646385193,0.8694502115249634,0.8696659207344055,0.869234561920166,0.9419378042221068,False,15.0
Winam,Hartbeespoort,T-Win_V-Har_31px_2026-07-23,31,inner,9,0.2899389163524937,0.3652573924834334,0.8631889820098877,0.8482532501220703,0.9361445903778076,0.7754490971565247,0.9325814247131348,0.8785161972045898,0.8785061836242676,0.8742632865905762,0.8827905654907227,0.949176549911499,False,15.0
Winam,Hartbeespoort,T-Win_V-Har_31px_2026-07-23,31,inner,10,0.2762325042749946,0.3808074206348479,0.8710629940032959,0.8628272414207458,0.907489001750946,0.8223552703857422,0.9163295030593872,0.8826287388801575,0.8823286890983582,0.8802237510681152,0.8844437003135681,0.9540072679519652,False,15.0
Winam,Hartbeespoort,T-Win_V-Har_31px_2026-07-23,31,inner,11,0.2557073251984194,0.3389356762581453,0.8946850299835205,0.8899176716804504,0.9182590246200562,0.8632734417915344,0.9317569136619568,0.8952130079269409,0.8949191570281982,0.8930041193962097,0.8968424797058105,0.9608421921730042,False,15.0
Winam,Hartbeespoort,T-Win_V-Har_31px_2026-07-23,31,inner,12,0.2510985894988763,0.3074128552097974,0.8932086825370789,0.8868023157119751,0.9289617538452148,0.8483033776283264,0.9469546675682068,0.8983385562896729,0.898522138595581,0.8925134539604187,0.904612362384796,0.9618299007415771,False,15.0
Winam,Hartbeespoort,T-Win_V-Har_31px_2026-07-23,31,inner,13,0.238364116271716,0.4792392281155417,0.8444882035255432,0.8273224234580994,0.9142512083053588,0.7554890513420105,0.8870733976364136,0.903191328048706,0.9030078053474426,0.9002628922462463,0.9057695269584656,0.965879201889038,False,15.0
Winam,Hartbeespoort,T-Win_V-Har_31px_2026-07-23,31,inner,14,0.2426941920305322,0.3891119196658998,0.873031497001648,0.8656250238418579,0.9052287340164183,0.8293412923812866,0.9143596291542052,0.90138179063797,0.9012925028800964,0.8976713418960571,0.9049429893493652,0.964541494846344,False,15.0
Winam,Hartbeespoort,T-Win_V-Har_31px_2026-07-23,31,inner,15,0.2395229076874415,0.2687666645332232,0.9148622155189514,0.911418318748474,0.9358569979667664,0.8882235288619995,0.9584026336669922,0.9024510383605956,0.9023064374923706,0.8991955518722534,0.9054388999938964,0.9651658535003662,False,15.0
Winam,Hartbeespoort,T-Win_V-Har_31px_2026-07-23,31,inner,16,0.2205124660225796,0.4049987118603207,0.8622047305107117,0.8486486673355103,0.9257075190544128,0.7834331393241882,0.9181181192398072,0.9123210906982422,0.9122633934020996,0.9083756804466248,0.9161844849586488,0.9707260131835938,False,15.0
Winam,Hartbeespoort,T-Win_V-Har_31px_2026-07-23,31,inner,17,0.2158159197975017,0.3358917705216042,0.8868110179901123,0.8788198232650757,0.9308035969734192,0.832335352897644,0.9393436312675476,0.9126501083374025,0.912419617176056,0.910317599773407,0.9145313501358032,0.972148895263672,False,15.0
Winam,Hartbeespoort,T-Win_V-Har_31px_2026-07-23,31,inner,18,0.2161238491351343,0.3901182742217394,0.8439960479736328,0.8245711326599121,0.9254658222198486,0.7435129880905151,0.9326046705245972,0.9165158867836,0.9164265394210817,0.9128937125205994,0.9199867844581604,0.9718502759933472,False,15.0
Winam,Hartbeespoort,T-Win_V-Har_31px_2026-07-23,31,inner,19,0.2106737626517636,0.3644958050466897,0.8779527544975281,0.8669527769088745,0.9373549818992616,0.8063872456550598,0.936266303062439,0.9156933426856996,0.9156448245048524,0.911668300628662,0.9196561574935912,0.9733001589775084,False,15.0
Winam,Hartbeespoort,T-Win_V-Har_31px_2026-07-23,31,inner,20,0.2080232553119074,0.3320769931769042,0.8937007784843445,0.8879668116569519,0.9244060516357422,0.8542914390563965,0.9402786493301392,0.9162691235542296,0.9162691235542296,0.9117695093154908,0.9208133816719056,0.9737281799316406,False,15.0
Winam,Hartbeespoort,T-Win_V-Har_31px_2026-07-23,31,inner,21,0.206197023220136,0.354101762058228,0.875984251499176,0.8648068904876709,0.9350348114967346,0.8043912053108215,0.9410508871078492,0.9209573864936828,0.9209118485450744,0.9169124960899352,0.9249462485313416,0.9740607738494872,False,15.0
Winam,Hartbeespoort,T-Win_V-Har_31px_2026-07-23,31,inner,22,0.2035065775914575,0.3477557429486489,0.8823819160461426,0.8744088411331177,0.923418402671814,0.8303393125534058,0.9350677132606506,0.919723629951477,0.9198027849197388,0.9143930673599244,0.9252768754959106,0.9749640226364136,False,15.0
Winam,Hartbeespoort,T-Win_V-Har_31px_2026-07-23,31,inner,23,0.2013181567554862,0.3278900613553646,0.8907480239868164,0.8831579089164734,0.9342984557151794,0.8373253345489502,0.9443675875663756,0.9204639196395874,0.9203525185585022,0.917104423046112,0.9236237406730652,0.9754651784896852,False,15.0
Winam,Hartbeespoort,T-Win_V-Har_31px_2026-07-23,31,inner,24,0.2017085784226582,0.3157222301031895,0.8887795209884644,0.8815513849258423,0.928256094455719,0.8393213748931885,0.947604775428772,0.9230136275291444,0.9229629635810852,0.9190296530723572,0.9269300699234008,0.9753401875495912,False,15.0
Winam,Hartbeespoort,T-Win_V-Har_31px_2026-07-23,31,inner,25,0.1987699829599617,0.3220939479592278,0.8912401795387268,0.8837453722953796,0.934371531009674,0.8383233547210693,0.9449712634086608,0.9221088886260986,0.92178076505661,0.9210960865020752,0.922466516494751,0.9762548804283142,False,15.0
Winam,Rodman,T-Win_V-Rod_31px_2026-07-23,31,inner,1,0.4579767361553162,0.6638854236490697,0.6963760852813721,0.6623093485832214,0.7469287514686584,0.5949119329452515,0.7918825149536133,0.7828449010848999,0.7733287215232849,0.8022820353507996,0.7463924288749695,0.8667818307876587,False,20.0
Winam,Rodman,T-Win_V-Rod_31px_2026-07-23,31,inner,2,0.4035913148501769,0.91325699816021,0.6679725646972656,0.7449209690093994,0.6051344871520996,0.9686888456344604,0.84383225440979,0.8190648555755615,0.814733624458313,0.8282776474952698,0.8016254901885986,0.90045166015625,False,20.0
Winam,Rodman,T-Win_V-Rod_31px_2026-07-23,31,inner,3,0.3739702014260516,0.6230681925632577,0.7855044007301331,0.8188585638999939,0.7091690301895142,0.9686888456344604,0.867588996887207,0.835199236869812,0.8320751786231995,0.8416765928268433,0.8226903080940247,0.9148794412612916,False,20.0
Winam,Rodman,T-Win_V-Rod_31px_2026-07-23,31,inner,4,0.3602111649368011,0.8544818991603628,0.6557296514511108,0.7435242533683777,0.5927864909172058,0.9970645904541016,0.8824829459190369,0.845488965511322,0.8433875441551208,0.8485561013221741,0.8382816314697266,0.9213526248931884,False,20.0
Winam,Rodman,T-Win_V-Rod_31px_2026-07-23,31,inner,5,0.3230764640566939,0.6340556949172734,0.740940272808075,0.7594361305236816,0.7094307541847229,0.8170254230499268,0.8209556341171265,0.8649983406066895,0.8632649779319763,0.8678960800170898,0.8586830496788025,0.93742036819458,False,20.0
Winam,Rodman,T-Win_V-Rod_31px_2026-07-23,31,inner,6,0.2892242722853572,0.6029294781773611,0.7899118661880493,0.8233841061592102,0.7107320427894592,0.9784736037254332,0.8781406879425049,0.8792393803596497,0.878609836101532,0.8766512274742126,0.8805772066116333,0.9496951699256896,False,20.0
Winam,Rodman,T-Win_V-Rod_31px_2026-07-23,31,inner,7,0.2783224980592492,0.5831406410714205,0.7923604249954224,0.8117229342460632,0.7430894374847412,0.8943248391151428,0.8622097969055176,0.8859071731567383,0.8858883380889893,0.8795161247253418,0.8923536539077759,0.9532067179679872,False,20.0
Winam,Rodman,T-Win_V-Rod_31px_2026-07-23,31,inner,8,0.2620933182172018,0.6019389611850406,0.7002938389778137,0.7673003673553467,0.6274875402450562,0.9872798323631288,0.8969945907592773,0.8945505619049072,0.8939657211303711,0.8922670483589172,0.8956709504127502,0.958505630493164,False,20.0
Winam,Rodman,T-Win_V-Rod_31px_2026-07-23,31,inner,9,0.258047308720057,0.503325454285049,0.8158667683601379,0.8360941410064697,0.7539308071136475,0.9383561611175536,0.8940246105194092,0.8938919901847839,0.8933917880058289,0.8909600973129272,0.8958367705345154,0.9596641659736632,False,20.0
Winam,Rodman,T-Win_V-Rod_31px_2026-07-23,31,inner,10,0.2415513771024628,0.6002006130867676,0.821743369102478,0.8429680466651917,0.7538580298423767,0.9559686779975892,0.8837012052536011,0.9040171504020692,0.9037318229675292,0.8997205495834351,0.907779097557068,0.964422881603241,False,20.0
Winam,Rodman,T-Win_V-Rod_31px_2026-07-23,31,inner,11,0.2234875490526482,0.5305152774791175,0.8261508345603943,0.8405927419662476,0.7767634987831116,0.9158512949943542,0.8940970301628113,0.9104379415512084,0.9101865887641908,0.9059983491897584,0.9144136905670166,0.9698235988616944,False,20.0
Winam,Rodman,T-Win_V-Rod_31px_2026-07-23,31,inner,12,0.2174983213449882,0.5999126162281466,0.756611168384552,0.8031682968139648,0.6746506690979004,0.9921721816062928,0.8996354937553406,0.913072109222412,0.91279935836792,0.9088965654373168,0.9167357683181764,0.9714606404304504,False,20.0
Winam,Rodman,T-Win_V-Rod_31px_2026-07-23,31,inner,13,0.2168506742612994,0.469466422435469,0.834965705871582,0.8519982695579529,0.7729083895683289,0.9491193890571594,0.8923362493515015,0.9139776229858398,0.913785994052887,0.909061074256897,0.918560266494751,0.9714685082435608,False,20.0
Winam,Rodman,T-Win_V-Rod_31px_2026-07-23,31,inner,14,0.2096073691747594,0.4854710656678875,0.8467189073562622,0.8599552512168884,0.7922506332397461,0.9403131008148192,0.9042717218399048,0.9143068790435792,0.91413015127182,0.909255027770996,0.9190579056739808,0.9734615683555604,False,20.0
Winam,Rodman,T-Win_V-Rod_31px_2026-07-23,31,inner,15,0.2078918507558796,0.4526502422908144,0.8354554176330566,0.8434296250343323,0.8051601648330688,0.8855186104774475,0.895187258720398,0.916858732700348,0.9168450236320496,0.9102501273155212,0.9235362410545348,0.973496437072754,False,20.0
Winam,Rodman,T-Win_V-Rod_31px_2026-07-23,31,inner,16,0.1944010072621735,0.4492085082173698,0.8511263728141785,0.8647686839103699,0.7928221821784973,0.951076328754425,0.9150368571281432,0.924185037612915,0.9238150119781494,0.9214521646499634,0.9261900782585144,0.977037787437439,False,20.0
Winam,Rodman,T-Win_V-Rod_31px_2026-07-23,31,inner,17,0.1905685212116002,0.5529937160353703,0.8369246125221252,0.8487051129341125,0.7921967506408691,0.9138942956924438,0.8749452829360962,0.925008237361908,0.9250760674476624,0.9174551367759703,0.9328246712684632,0.9779534339904784,False,20.0
Winam,Rodman,T-Win_V-Rod_31px_2026-07-23,31,inner,18,0.1889748501765873,0.4791794816847529,0.8472086191177368,0.861579418182373,0.788149356842041,0.9500978589057922,0.9101933836936952,0.9273954629898072,0.927443265914917,0.9200261235237122,0.9349809288978576,0.9780157804489136,False,20.0
Winam,Rodman,T-Win_V-Rod_31px_2026-07-23,31,inner,19,0.1868597280932053,0.4983010781266663,0.8442703485488892,0.8623376488685608,0.7732919454574585,0.9745596647262572,0.9109920263290404,0.9264899492263794,0.9263383746147156,0.921398103237152,0.9313318729400636,0.9786912798881532,False,20.0
Winam,Rodman,T-Win_V-Rod_31px_2026-07-23,31,inner,20,0.1909910946505455,0.4435794102456731,0.8393731713294983,0.8487085103988647,0.8027923107147217,0.9001957178115845,0.8972142338752747,0.9252551794052124,0.92510724067688,0.9200984239578248,0.9301708340644836,0.9775062799453736,False,20.0
Winam,Rodman,T-Win_V-Rod_31px_2026-07-23,31,inner,21,0.1839526037038216,0.4588927443300709,0.8560234904289246,0.8687499761581421,0.7988505959510803,0.952054798603058,0.9119930267333984,0.9283009767532348,0.9282714128494264,0.9218187928199768,0.9348150491714478,0.9793803691864014,False,20.0
Winam,Rodman,T-Win_V-Rod_31px_2026-07-23,31,inner,22,0.1786820163872432,0.4773091108745272,0.8560234904289246,0.8674481511116028,0.804347813129425,0.941291570663452,0.9102845191955566,0.93035888671875,0.9302785396575928,0.924488127231598,0.9361419677734376,0.9806095957756042,False,20.0
Winam,Rodman,T-Win_V-Rod_31px_2026-07-23,31,inner,23,0.1790283838404139,0.4782653387916893,0.8525955080986023,0.8632439970970154,0.8057675957679749,0.9295498728752136,0.8999587297439575,0.9297003746032716,0.9298274517059326,0.9213483333587646,0.938464105129242,0.9800238013267516,False,20.0
Winam,Rodman,T-Win_V-Rod_31px_2026-07-23,31,inner,24,0.173065065569712,0.4920864118651709,0.8584721088409424,0.8719539046287537,0.796761155128479,0.9628180265426636,0.9141993522644044,0.9336516261100768,0.933509349822998,0.9286065697669984,0.938464105129242,0.9818753600120544,False,20.0
Winam,Rodman,T-Win_V-Rod_31px_2026-07-23,31,inner,25,0.1787027717176377,0.501648203399576,0.8467189073562622,0.8584350943565369,0.7981497049331665,0.9285714030265808,0.9016576409339904,0.9325814843177797,0.9324201941490172,0.9277504086494446,0.9371371865272522,0.980332374572754,False,20.0
Winam,Rodman,T-Win_V-Rod_31px_2026-07-23,31,inner,26,0.1765070905664228,0.4715665887081658,0.8545543551445007,0.8661559224128723,0.8028404116630554,0.9403131008148192,0.9061250686645508,0.9301942586898804,0.9300675988197328,0.924881100654602,0.9353126287460328,0.9808225631713868,False,20.0
Winam,Rodman,T-Win_V-Rod_31px_2026-07-23,31,inner,27,0.1720374060410161,0.4705868459705274,0.8540646433830261,0.8658865690231323,0.8016666769981384,0.941291570663452,0.9054919481277466,0.9324991703033448,0.93258798122406,0.9245314002037048,0.9407861828804016,0.982024073600769,False,20.0
Winam,Rodman,T-Win_V-Rod_31px_2026-07-23,31,inner,28,0.1730680763010017,0.4729951867043797,0.8565132021903992,0.8691380023956299,0.7995069622993469,0.952054798603058,0.9092754125595092,0.9334869980812072,0.9333553314208984,0.9283018708229064,0.938464105129242,0.9816123247146606,False,20.0
Winam,Rodman,T-Win_V-Rod_31px_2026-07-23,31,inner,29,0.1778502760404107,0.4622936562856661,0.8560234904289246,0.8689839839935303,0.7978723645210266,0.9540117383003236,0.915165901184082,0.9296180605888368,0.9295077919960022,0.9240983724594116,0.9349809288978576,0.9805173873901368,False,20.0
Winam,Rodman,T-Win_V-Rod_31px_2026-07-23,31,inner,30,0.1715836536297485,0.4587089934264994,0.8560234904289246,0.8664849996566772,0.808474600315094,0.9334638118743896,0.9091353416442872,0.933569312095642,0.9336293935775756,0.9259380102157592,0.9414496421813964,0.9818068146705629,False,20.0
Winam,Mula,T-Win_V-Mul_31px_2026-07-23,31,inner,1,0.4468189599313719,0.6076542970411566,0.6887065768241882,0.5976294279098511,0.7983333468437195,0.4775672852993011,0.7730606198310852,0.793530285358429,0.7910123467445374,0.7992910146713257,0.7829034328460693,0.8729379177093506,False,1.0
Winam,Mula,T-Win_V-Mul_31px_2026-07-23,31,inner,2,0.3836530714976274,0.6262381387493325,0.6563706398010254,0.4943181872367859,0.8592592477798462,0.346959114074707,0.7994248867034912,0.8308301568031311,0.8293657302856445,0.8350653648376465,0.8237434029579163,0.9093804359436036,False,1.0
Winam,Mula,T-Win_V-Mul_31px_2026-07-23,31,inner,3,0.3439743591134039,0.8646256626802982,0.5728764533996582,0.235090747475624,0.8831169009208679,0.1355932205915451,0.7248586416244507,0.8528634905815125,0.8519963622093201,0.855475902557373,0.8485449552536011,0.9283669590950012,False,1.0
Winam,Mula,T-Win_V-Mul_31px_2026-07-23,31,inner,4,0.3255597291989853,0.944953520915338,0.5579150319099426,0.1964912265539169,0.8175182342529297,0.1116650030016899,0.6987932324409485,0.862436056137085,0.8616941571235657,0.8647793531417847,0.8586309552192688,0.9357327222824096,False,1.0
Winam,Mula,T-Win_V-Mul_31px_2026-07-23,31,inner,5,0.3045129349108162,1.06768134181679,0.5931467413902283,0.2980849146842956,0.9040403962135316,0.1784646064043045,0.7326785326004028,0.8743191957473755,0.8744745850563049,0.8718159198760986,0.8771494626998901,0.9435900449752808,False,1.0
Winam,Mula,T-Win_V-Mul_31px_2026-07-23,31,inner,6,0.2689102134171011,0.6670014519949217,0.6298262476921082,0.4228743314743042,0.8619632124900818,0.2801595330238342,0.8021454811096191,0.8908235430717468,0.8906159400939941,0.8906896114349365,0.8905423283576965,0.9562782049179076,False,1.0
Winam,Mula,T-Win_V-Mul_31px_2026-07-23,31,inner,7,0.2541312396791946,0.7851299057250778,0.6196911334991455,0.3966309428215027,0.8547855019569397,0.2582253217697143,0.7776241302490234,0.902294099330902,0.9026476144790648,0.8977755904197693,0.9075727462768556,0.9608336687088012,False,1.0
Winam,Mula,T-Win_V-Mul_31px_2026-07-23,31,inner,8,0.2374582525910196,0.718652642026371,0.6404440402984619,0.4526083767414093,0.8603351712226868,0.3070787489414215,0.8128504753112793,0.9084832668304444,0.9086565971374512,0.9053011536598206,0.9120370149612428,0.9658874273300172,False,1.0
Winam,Mula,T-Win_V-Mul_31px_2026-07-23,31,inner,9,0.2303280815233745,0.7033444297819984,0.6554054021835327,0.4907275438308716,0.8621553778648376,0.3429710865020752,0.8192699551582336,0.9097210764884948,0.9100033044815063,0.905533730983734,0.9145172238349916,0.9675934314727784,False,1.0
Winam,Mula,T-Win_V-Mul_31px_2026-07-23,31,inner,10,0.2279916136969944,0.7665529144230266,0.6066602468490601,0.3677269220352173,0.8286713361740112,0.2362911254167556,0.7956961393356323,0.9103812575340272,0.9105731248855592,0.9069882035255432,0.9141865372657776,0.9681192636489868,False,1.0
Winam,Mula,T-Win_V-Mul_31px_2026-07-23,31,inner,11,0.2040470644406191,0.7417758514665959,0.6346524953842163,0.4338070452213287,0.8682634830474854,0.2891325950622558,0.8244116902351379,0.9240798950195312,0.9243918657302856,0.9189542531967164,0.929894208908081,0.974559485912323,False,1.0
Winam,Inle,T-Win_V-Inl_31px_2026-07-23,31,inner,1,0.4853083502962708,1.0610625236034392,0.5370000004768372,0.2697160840034485,0.638059675693512,0.1710000038146972,0.5856249928474426,0.7682526707649231,0.7570728063583374,0.7891717553138733,0.7274830341339111,0.8489340543746948,False,33.0
Winam,Inle,T-Win_V-Inl_31px_2026-07-23,31,inner,2,0.440994155847019,0.4825245817899704,0.7494999766349792,0.7109059691429138,0.8403819799423218,0.6159999966621399,0.8669920563697815,0.7983593344688416,0.7927137613296509,0.8093680143356323,0.7767311334609985,0.8783096075057983,False,33.0
Winam,Inle,T-Win_V-Inl_31px_2026-07-23,31,inner,3,0.4150766610268005,0.4180962014198303,0.8025000095367432,0.8062775731086731,0.7911453247070312,0.8220000267028809,0.8989019393920898,0.8135356903076172,0.8102829456329346,0.8185497522354126,0.8021814823150635,0.8937594890594482,False,33.0
Winam,Inle,T-Win_V-Inl_31px_2026-07-23,31,inner,4,0.3895012346714417,0.4829464430809021,0.7705000042915344,0.7157894968986511,0.9398373961448668,0.578000009059906,0.9123649597167968,0.8296964764595032,0.8281172513961792,0.829766035079956,0.8264749646186829,0.9072396755218506,False,33.0
Winam,Inle,T-Win_V-Inl_31px_2026-07-23,31,inner,5,0.3641733595540623,0.3559595629572868,0.8349999785423279,0.828125,0.864130437374115,0.7950000166893005,0.9285239577293396,0.8406890630722046,0.8393182158470154,0.8404307961463928,0.8382085561752319,0.9188331365585328,False,33.0
Winam,Inle,T-Win_V-Inl_31px_2026-07-23,31,inner,6,0.3304971858700149,0.256183650135994,0.8865000009536743,0.8848300576210022,0.8980432748794556,0.871999979019165,0.9644820094108582,0.8557013869285583,0.8548320531845093,0.853775143623352,0.8558915853500366,0.9337291717529296,False,33.0
Winam,Inle,T-Win_V-Inl_31px_2026-07-23,31,inner,7,0.3136133164387438,0.2672750137150287,0.8920000195503235,0.8926441073417664,0.8873517513275146,0.8980000019073486,0.9608269929885864,0.8670221567153931,0.8668583035469055,0.8616917133331299,0.8720872402191162,0.9403620958328248,False,33.0
Winam,Inle,T-Win_V-Inl_31px_2026-07-23,31,inner,8,0.3004124562353067,0.2477009041309356,0.9269999861717224,0.9287109375,0.9074427485466005,0.9509999752044678,0.9740149974822998,0.8726004958152771,0.8722546696662903,0.8683262467384338,0.8762187957763672,0.9450007677078248,False,33.0
Winam,Inle,T-Win_V-Inl_31px_2026-07-23,31,inner,9,0.286096350451392,0.2734278093576431,0.8830000162124634,0.8935396075248718,0.8196995258331299,0.9819999933242798,0.9769539833068848,0.8805578351020813,0.8803222179412842,0.875715434551239,0.8849776983261108,0.9502172470092772,False,33.0
Winam,Inle,T-Win_V-Inl_31px_2026-07-23,31,inner,10,0.2739863195167006,0.221728668808937,0.9144999980926514,0.9152206182479858,0.9075713157653807,0.9229999780654908,0.9727919697761536,0.8852338194847107,0.8852244019508362,0.8789507746696472,0.8915881514549255,0.9544177055358888,False,33.0
Winam,Inle,T-Win_V-Inl_31px_2026-07-23,31,inner,11,0.2533343957964762,0.2279647693932056,0.9004999995231628,0.8984175324440002,0.9176225066184998,0.8799999952316284,0.9708909392356871,0.8962264060974121,0.8962008953094482,0.8899934887886047,0.9024954438209534,0.961294949054718,False,33.0
Winam,Inle,T-Win_V-Inl_31px_2026-07-23,31,inner,12,0.2513328677763012,0.1993103119730949,0.9200000166893004,0.9201596975326538,0.9183266758918762,0.921999990940094,0.9784289598464966,0.8978670835494995,0.8978084325790405,0.8918786644935608,0.9038175344467164,0.9616599082946776,False,33.0
Winam,Inle,T-Win_V-Inl_31px_2026-07-23,31,inner,13,0.2447115999078828,0.231085273861885,0.8989999890327454,0.8956611752510071,0.9262820482254028,0.8669999837875366,0.9717389941215516,0.902461051940918,0.9025489687919616,0.8952845335006714,0.909932255744934,0.963809370994568,False,33.0
Winam,Inle,T-Win_V-Inl_31px_2026-07-23,31,inner,14,0.2367706773220466,0.2295938441753387,0.9399999976158142,0.9405351877212524,0.9322200417518616,0.9490000009536744,0.974990963935852,0.9037736058235168,0.9038287997245787,0.8968434929847717,0.9109238386154176,0.966116428375244,False,33.0
Winam,Inle,T-Win_V-Inl_31px_2026-07-23,31,inner,15,0.2323964594034409,0.211218827009201,0.92849999666214,0.9291728734970092,0.9205102920532228,0.9380000233650208,0.9748449921607972,0.909844160079956,0.9099254012107848,0.9026015996932985,0.91736900806427,0.967025637626648,False,33.0
Winam,Inle,T-Win_V-Inl_31px_2026-07-23,31,inner,16,0.2182326179532558,0.1947801229953766,0.925000011920929,0.9258893132209778,0.9150390625,0.9369999766349792,0.978384017944336,0.9122231602668762,0.9119921326637268,0.9078106880187988,0.9162122011184692,0.9714134931564332,False,33.0
Winam,Inle,T-Win_V-Inl_31px_2026-07-23,31,inner,17,0.2153319430067658,0.2023471145629883,0.9235000014305116,0.9212557673454284,0.9490986466407776,0.8949999809265137,0.9805309772491456,0.9135357141494752,0.9135498404502868,0.906855583190918,0.9203437566757202,0.9721157550811768,False,33.0
Winam,Inle,T-Win_V-Inl_31px_2026-07-23,31,inner,18,0.2145839344829296,0.1935094920396805,0.930999994277954,0.9303733706474304,0.9389002323150636,0.921999990940094,0.9789299964904784,0.9153404235839844,0.9152848720550536,0.9093133211135864,0.9213353395462036,0.9720132350921632,False,33.0
Winam,Inle,T-Win_V-Inl_31px_2026-07-23,31,inner,19,0.2112673434984302,0.1930129013061523,0.9275000095367432,0.9273911118507384,0.9287863373756408,0.9259999990463256,0.979369044303894,0.919278085231781,0.9192118048667908,0.913362681865692,0.9251363277435304,0.9728792309761048,False,33.0
Winam,Inle,T-Win_V-Inl_31px_2026-07-23,31,inner,20,0.2098047629426599,0.1904095419645309,0.9319999814033508,0.9315895438194276,0.9372469782829284,0.9259999990463256,0.9794440269470216,0.915504515171051,0.9156843423843384,0.9072181582450868,0.924310028553009,0.973481297492981,False,33.0
Winam,Inle,T-Win_V-Inl_31px_2026-07-23,31,inner,21,0.2028913672558101,0.179219641983509,0.9365000128746032,0.936468243598938,0.9369369149208068,0.9359999895095824,0.9802770018577576,0.9163248538970948,0.9164071679115297,0.9089578986167908,0.9239795207977296,0.9750305414199828,False,33.0
Winam,Inle,T-Win_V-Inl_31px_2026-07-23,31,inner,22,0.1973582905345123,0.2031610929965973,0.9294999837875366,0.9288955926895142,0.9369277954101562,0.9210000038146972,0.9776530265808104,0.922395408153534,0.9225732684135436,0.9138965606689452,0.9314162731170654,0.9765395522117616,False,33.0
Winam,Inle,T-Win_V-Inl_31px_2026-07-23,31,inner,23,0.195668291219245,0.1857574722766876,0.9394999742507936,0.9399503469467164,0.933004915714264,0.9470000267028807,0.9800260066986084,0.9226415157318116,0.9228124618530272,0.9142069220542908,0.9315815567970276,0.9770549535751344,False,33.0
Winam,Inle,T-Win_V-Inl_31px_2026-07-23,31,inner,24,0.1979165040170491,0.2097153841257095,0.915000021457672,0.9136179089546204,0.9287189841270448,0.8989999890327454,0.97564697265625,0.9224774241447448,0.9224711060523988,0.9159335494041444,0.9291025996208192,0.9762890934944152,False,33.0
Winam,Inle,T-Win_V-Inl_31px_2026-07-23,31,inner,25,0.1929742172079266,0.1783869799375534,0.9355000257492064,0.9354031085968018,0.9368104338645936,0.9340000152587892,0.9815930128097534,0.9226415157318116,0.922799825668335,0.9143413305282592,0.9314162731170654,0.9777452945709229,False,33.0
Winam,Inle,T-Win_V-Inl_31px_2026-07-23,31,inner,26,0.1895987925041005,0.1802311825752258,0.9409999847412108,0.9412935376167296,0.9366336464881896,0.9459999799728394,0.981529951095581,0.9258408546447754,0.925792157649994,0.9197520613670348,0.9319120645523072,0.9784425497055054,False,33.0
Winam,Inle,T-Win_V-Inl_31px_2026-07-23,31,inner,27,0.1930463729381952,0.1866133018732071,0.9315000176429749,0.931465744972229,0.9319319128990172,0.930999994277954,0.9795629978179932,0.924200177192688,0.9240880608558656,0.9188041090965272,0.9294331669807434,0.977599799633026,False,33.0
Winam,Inle,T-Win_V-Inl_31px_2026-07-23,31,inner,28,0.1900298726213966,0.1845612024068832,0.9359999895095824,0.9355488419532776,0.942190647125244,0.9290000200271606,0.9811350107192992,0.9237899780273438,0.9237712025642396,0.9173728823661804,0.9302594661712646,0.9782599210739136,False,33.0
Winam,Inle,T-Win_V-Inl_31px_2026-07-23,31,inner,29,0.1902422084707623,0.1873165343999862,0.9290000200271606,0.9292123913764954,0.9264413714408876,0.9319999814033508,0.9791409969329834,0.9233798384666444,0.9234049320220948,0.9164903163909912,0.9304247498512268,0.9781500101089478,False,33.0
Winam,Inle,T-Win_V-Inl_31px_2026-07-23,31,inner,30,0.1922072009327863,0.1798199623823166,0.9325000047683716,0.932330846786499,0.9346733689308168,0.9300000071525574,0.9809499979019164,0.9242821931838988,0.9243008494377136,0.9174535870552064,0.931251049041748,0.9776651263237,False,33.0
Winam,Inle,T-Win_V-Inl_31px_2026-07-23,31,inner,31,0.1879596006146603,0.1770949942469596,0.9340000152587892,0.9335347414016724,0.9401623010635376,0.9269999861717224,0.9832860231399536,0.9276456236839294,0.9276099801063538,0.9214087724685668,0.933895230293274,0.9788628816604614,False,33.0
Winam,Inle,T-Win_V-Inl_31px_2026-07-23,31,inner,32,0.1856708119744839,0.190465362906456,0.930999994277954,0.9316154718399048,0.9233791828155518,0.9399999976158142,0.9775579571723938,0.9290401935577391,0.929150640964508,0.9210782647132874,0.937365710735321,0.9792838096618652,False,33.0
Winam,Inle,T-Win_V-Inl_31px_2026-07-23,31,inner,33,0.1853487466694978,0.174549176454544,0.940500020980835,0.940529763698578,0.9400599598884584,0.9409999847412108,0.9826419949531556,0.9263330698013306,0.92634516954422,0.9195570945739746,0.93323415517807,0.9791755676269532,False,33.0
Winam,Inle,T-Win_V-Inl_31px_2026-07-23,31,inner,34,0.1869108351639688,0.1780799481272697,0.9369999766349792,0.937062919139862,0.9361277222633362,0.9380000233650208,0.9814469814300536,0.9286300539970398,0.9285127520561218,0.9233534932136536,0.9337299466133118,0.9787771701812744,False,33.0
Winam,Inle,T-Win_V-Inl_31px_2026-07-23,31,inner,35,0.1879285921318986,0.1826866384148597,0.92849999666214,0.9284642338752748,0.9289289116859436,0.9279999732971193,0.980381965637207,0.927891731262207,0.9277316331863404,0.923102080821991,0.9324078559875488,0.9784420728683472,False,33.0
Winam,Inle,T-Win_V-Inl_31px_2026-07-23,31,inner,36,0.1838638279113347,0.1753778822422027,0.9424999952316284,0.9429280161857604,0.935960590839386,0.949999988079071,0.9816139936447144,0.9266611933708192,0.9266130328178406,0.9205676317214966,0.9327383637428284,0.979813814163208,False,33.0
Winam,Inle,T-Win_V-Inl_31px_2026-07-23,31,inner,37,0.1851492694624141,0.1872914541959762,0.9290000200271606,0.9290709495544434,0.9281437397003174,0.9300000071525574,0.9790810346603394,0.926004946231842,0.925931990146637,0.9201893210411072,0.9317468404769896,0.979285478591919,False,33.0
Winam,Inle,T-Win_V-Inl_31px_2026-07-23,31,inner,38,0.1849726710141536,0.1831872664690017,0.9334999918937684,0.9334000945091248,0.9348044395446776,0.9319999814033508,0.9805039763450624,0.927399516105652,0.927310049533844,0.9217831492424012,0.9329036474227904,0.9795332551002502,False,33.0
Winam,Inle,T-Win_V-Inl_31px_2026-07-23,31,inner,39,0.1879016966776734,0.1822795801162719,0.9350000023841858,0.9357072114944458,0.9256359934806824,0.9459999799728394,0.9793670177459716,0.9281378388404846,0.9282790422439576,0.9198442101478576,0.9368699193000792,0.9785923957824708,False,33.0
Winam,Inle,T-Win_V-Inl_31px_2026-07-23,31,inner,40,0.1835084186898967,0.1837720407247543,0.9334999918937684,0.9334000945091248,0.9348044395446776,0.9319999814033508,0.9802980422973632,0.9302707314491272,0.9303507208824158,0.9226393699645996,0.9381920099258424,0.97963684797287,False,33.0
Winam,Inle,T-Win_V-Inl_31px_2026-07-23,31,inner,41,0.1859551550913678,0.180897855758667,0.9319999814033508,0.9317953586578368,0.9346076250076294,0.9290000200271606,0.9804339408874512,0.9301886558532716,0.930125653743744,0.9242819547653198,0.936043620109558,0.9789086580276488,False,33.0
Winam,Inle,T-Win_V-Inl_31px_2026-07-23,31,inner,42,0.1821407598988065,0.1850611553788185,0.9325000047683716,0.9322628974914552,0.9355488419532776,0.9290000200271606,0.9803099632263184,0.929942548274994,0.9297466278076172,0.925634741783142,0.933895230293274,0.9801657795906068,False,33.0
Winam,Inle,T-Win_V-Inl_31px_2026-07-23,31,inner,43,0.183699481937365,0.1853794421553611,0.9315000176429749,0.9316025972366332,0.9302093982696532,0.9330000281333924,0.9797279834747314,0.9283018708229064,0.9284778833389282,0.9195979833602904,0.9375309944152832,0.9795914888381958,False,33.0
Winam,Vembanad,T-Win_V-Vem_31px_2026-07-23,31,inner,1,0.4751898056078943,0.8045141829120053,0.6373626589775085,0.4432515203952789,0.9569536447525024,0.2884231507778168,0.8324331045150757,0.7729734182357788,0.7644504904747009,0.7879958152770996,0.7422714233398438,0.8558276891708374,False,21.0
Winam,Vembanad,T-Win_V-Vem_31px_2026-07-23,31,inner,2,0.4235353086144954,0.4107452469034033,0.8041958212852478,0.7831858396530151,0.8784118890762329,0.7065868377685547,0.9168103933334352,0.8105513453483582,0.8053612112998962,0.8216374516487122,0.7897173166275024,0.888584554195404,False,21.0
Winam,Vembanad,T-Win_V-Vem_31px_2026-07-23,31,inner,3,0.3926779766884012,0.4855447809447299,0.7542457580566406,0.6974169611930847,0.9086538553237916,0.5658682584762573,0.9120668768882751,0.8257302045822144,0.8227636814117432,0.8306655287742615,0.8150107264518738,0.905379354953766,False,21.0
Winam,Vembanad,T-Win_V-Vem_31px_2026-07-23,31,inner,4,0.3706766180926399,0.53108496551628,0.7652347683906555,0.79055255651474,0.7141706943511963,0.8852295279502869,0.8290578722953796,0.838447630405426,0.8361760377883911,0.8417085409164429,0.8307158350944519,0.9157785773277284,False,21.0
Winam,Vembanad,T-Win_V-Vem_31px_2026-07-23,31,inner,5,0.3501245329027532,0.4077386400856814,0.8041958212852478,0.7696827054023743,0.935714304447174,0.6536926031112671,0.9396965503692628,0.8516573905944824,0.8495339751243591,0.8553712368011475,0.8437758088111877,0.9256323575973512,False,21.0
Winam,Vembanad,T-Win_V-Vem_31px_2026-07-23,31,inner,6,0.3133354862870096,0.3389681652411595,0.8386613130569458,0.8194522261619568,0.9313849806785583,0.7315369248390198,0.9522984027862548,0.8665900826454163,0.8659079670906067,0.8639131188392639,0.8679120540618896,0.9406198263168336,False,21.0
Winam,Vembanad,T-Win_V-Vem_31px_2026-07-23,31,inner,7,0.3001794400452237,0.4529336233075325,0.7797203063964844,0.7272727489471436,0.9560975432395936,0.5868263244628906,0.9518203735351562,0.8734821081161499,0.8730655312538147,0.8694868087768555,0.8766738176345825,0.9454261660575868,False,21.0
Winam,Vembanad,T-Win_V-Vem_31px_2026-07-23,31,inner,8,0.2889471351122284,0.4228362942134941,0.7892107963562012,0.7436208724975586,0.9503105878829956,0.6107784509658813,0.9500638842582704,0.8790614008903503,0.8778182864189148,0.8802992701530457,0.8753513097763062,0.9494505524635316,False,21.0
Winam,Vembanad,T-Win_V-Vem_31px_2026-07-23,31,inner,9,0.2852814687659868,0.3678937674342812,0.8346653580665588,0.8264289498329163,0.870718240737915,0.7864271402359009,0.9236407279968262,0.8815228343009949,0.8810543417930603,0.8780167698860168,0.884113073348999,0.9505956768989564,False,21.0
Winam,Vembanad,T-Win_V-Vem_31px_2026-07-23,31,inner,10,0.274536513190681,0.4444954756919023,0.7742257714271545,0.7167919874191284,0.9629629850387572,0.5708582997322083,0.9636467099189758,0.8872661590576172,0.8868763446807861,0.8833853006362915,0.8903951048851013,0.9543145895004272,False,21.0
Winam,Vembanad,T-Win_V-Vem_31px_2026-07-23,31,inner,11,0.2494772212267469,0.38030762402164,0.8191808462142944,0.786556601524353,0.961095094680786,0.6656686663627625,0.9643163681030272,0.8985887765884399,0.8984053730964661,0.8934118151664734,0.903455138206482,0.9626586437225342,False,21.0
Winam,Vembanad,T-Win_V-Vem_31px_2026-07-23,31,inner,12,0.2434393573157467,0.3514638508220652,0.8431568145751953,0.8203661441802979,0.9611260294914246,0.7155688405036926,0.9638283848762512,0.9033475518226624,0.903204619884491,0.8978924751281738,0.90857994556427,0.9641607999801636,False,21.0
Winam,Vembanad,T-Win_V-Vem_31px_2026-07-23,31,inner,13,0.2353215813441162,0.3437643321184488,0.8461538553237915,0.8267716765403748,0.9471649527549744,0.7335329055786133,0.9576627016067504,0.9087626934051514,0.9085826873779296,0.9036794900894164,0.9135394096374512,0.9664465188980104,False,21.0
Winam,Vembanad,T-Win_V-Vem_31px_2026-07-23,31,inner,14,0.2337546014457129,0.4862259002281474,0.7657342553138733,0.7044738531112671,0.9555555582046508,0.5578842163085938,0.9529471397399902,0.9069576859474182,0.9066666960716248,0.90280282497406,0.9105637073516846,0.9668081402778624,False,21.0
Winam,Vembanad,T-Win_V-Vem_31px_2026-07-23,31,inner,15,0.2279231226225153,0.4417337472220282,0.8001998066902161,0.7578692436218262,0.963076949119568,0.6247504949569702,0.9604570865631104,0.908926784992218,0.9089865684509276,0.9017406702041626,0.9163498282432556,0.9684398174285888,False,21.0
Winam,Vembanad,T-Win_V-Vem_31px_2026-07-23,31,inner,16,0.2152234341057942,0.3360422739198991,0.8451548218727112,0.8264277577400208,0.9413265585899352,0.7365269660949707,0.9599940180778505,0.9154906272888184,0.9152542352676392,0.9110565185546876,0.9194908142089844,0.9720281362533568,False,21.0
Winam,Vembanad,T-Win_V-Vem_31px_2026-07-23,31,inner,17,0.2104533488413213,0.4252539385225508,0.8136863112449646,0.7799410223960876,0.9538239240646362,0.6596806645393372,0.9588462710380554,0.916967511177063,0.917008340358734,0.9098454117774964,0.9242849946022034,0.9729434251785278,False,21.0
Winam,Vembanad,T-Win_V-Vem_31px_2026-07-23,31,inner,18,0.2037323027761169,0.3463612236491926,0.8441558480262756,0.8225256204605103,0.9563491940498352,0.7215569019317627,0.9645129442214966,0.9215621948242188,0.9214332699775696,0.9161627888679504,0.926764726638794,0.9750009775161744,False,21.0
Winam,Vembanad,T-Win_V-Vem_31px_2026-07-23,31,inner,19,0.2056779304673955,0.4330732540323303,0.8046953082084656,0.7668455839157104,0.9525926113128662,0.6417165398597717,0.9582934379577636,0.9193468689918518,0.9194988012313844,0.9110678434371948,0.9280872941017152,0.9741075038909912,False,21.0
Winam,Vembanad,T-Win_V-Vem_31px_2026-07-23,31,inner,20,0.2050930112257996,0.3232867391733499,0.8611388802528381,0.846238911151886,0.9491314888000488,0.7634730339050293,0.9645628929138184,0.9193468689918518,0.9190746545791626,0.9153820872306824,0.92279714345932,0.974305272102356,False,21.0
Winam,Vembanad,T-Win_V-Vem_31px_2026-07-23,31,inner,21,0.1991558448971785,0.2707877389855914,0.888611376285553,0.8804289698600769,0.9513325691223145,0.8193612694740295,0.9695409536361694,0.92320317029953,0.9235293865203856,0.912938117980957,0.9343693256378174,0.9756622314453124,False,21.0
Winam,Vembanad,T-Win_V-Vem_31px_2026-07-23,31,inner,22,0.195941358012452,0.4278574836822775,0.8156843185424805,0.7815275192260742,0.960698664188385,0.658682644367218,0.960338294506073,0.9234492778778076,0.9232667088508606,0.9186579585075378,0.9279219508171082,0.976887345314026,False,21.0
Winam,Vembanad,T-Win_V-Vem_31px_2026-07-23,31,inner,23,0.1917865830178647,0.3988560439979696,0.8206793069839478,0.7879503965377808,0.9652677178382874,0.6656686663627625,0.9661227464675904,0.9281260371208192,0.92803156375885,0.9224236607551576,0.9337080717086792,0.9774318337440492,False,21.0
Winam,Vembanad,T-Win_V-Vem_31px_2026-07-23,31,inner,24,0.1854746021772941,0.3175482341534012,0.8591408729553223,0.8436806797981262,0.9488778114318848,0.7594810128211975,0.9660040140151978,0.9278798699378968,0.9277909994125366,0.9221097230911256,0.9335427284240724,0.9791427850723268,False,21.0
Winam,Vembanad,T-Win_V-Vem_31px_2026-07-23,31,inner,25,0.1903123749761766,0.3341601932650203,0.8531468510627747,0.8355704545974731,0.9503816962242126,0.7455089688301086,0.9648562669754028,0.9250902533531188,0.925084114074707,0.9183773398399352,0.9318895936012268,0.9780497550964355,False,21.0
Winam,Vembanad,T-Win_V-Vem_31px_2026-07-23,31,inner,26,0.1849132498532465,0.3612134037958039,0.8356643319129944,0.811461329460144,0.9528936743736268,0.7065868377685547,0.9635000228881836,0.9278798699378968,0.9278384447097778,0.9215590357780457,0.9342039823532104,0.9792712926864624,False,21.0
Winam,Vembanad,T-Win_V-Vem_31px_2026-07-23,31,inner,27,0.1889942037079191,0.3445542510022055,0.8461538553237915,0.8255945444107056,0.9541884660720824,0.727544903755188,0.966179609298706,0.9293567538261414,0.9292231798171996,0.9241334199905396,0.9343693256378174,0.9781849980354308,False,21.0
Winam,Vembanad,T-Win_V-Vem_31px_2026-07-23,31,inner,28,0.1837387953551433,0.3169001768325473,0.8636363744735718,0.8489208817481995,0.9527950286865234,0.7654690742492676,0.966793417930603,0.9289464950561525,0.9289115071296692,0.9225501418113708,0.9353612065315248,0.9795721769332886,False,21.0
Winam,Vembanad,T-Win_V-Vem_31px_2026-07-23,31,inner,29,0.1841736106421464,0.34010291086895,0.8431568145751953,0.8223981857299805,0.9490861892700196,0.7255489230155945,0.964702606201172,0.92820805311203,0.9281668066978456,0.9218851923942566,0.9345346093177797,0.9794069528579712,False,21.0
Winam,Vembanad,T-Win_V-Vem_31px_2026-07-23,31,inner,30,0.1896130199809132,0.2863327540851735,0.8771228790283203,0.8655737638473511,0.95652174949646,0.7904191613197327,0.9710519313812256,0.925910711288452,0.9258437752723694,0.919875979423523,0.9318895936012268,0.97789466381073,False,21.0
Winam,Vembanad,T-Win_V-Vem_31px_2026-07-23,31,inner,31,0.1839775904832138,0.3128831761774721,0.8616383671760559,0.8467072248458862,0.9503105878829956,0.7634730339050293,0.9680219292640686,0.9292746782302856,0.9293558597564696,0.9215016961097716,0.937345027923584,0.9794341325759888,False,21.0
Winam,Valsequillo,T-Win_V-Val_31px_2026-07-23,31,inner,1,0.4875204038963396,0.451118885418948,0.7970588207244873,0.794234573841095,0.805443525314331,0.7833333611488342,0.873848557472229,0.7665020823478699,0.759962797164917,0.7759156823158264,0.7446526288986206,0.84795743227005,False,13.0
Winam,Valsequillo,T-Win_V-Val_31px_2026-07-23,31,inner,2,0.4382419052830449,0.4099207988556693,0.822549045085907,0.803260862827301,0.9012194871902466,0.7245097756385803,0.9069559574127196,0.8032099008560181,0.7965971827507019,0.8179594874382019,0.7763223052024841,0.8812476396560669,False,13.0
Winam,Valsequillo,T-Win_V-Val_31px_2026-07-23,31,inner,3,0.4040903561448855,0.405470841772416,0.824999988079071,0.8355596661567688,0.7880104184150696,0.8892157077789307,0.9109496474266052,0.8226337432861328,0.8187705278396606,0.8307167291641235,0.8071630001068115,0.9002077579498291,False,13.0
Winam,Valsequillo,T-Win_V-Val_31px_2026-07-23,31,inner,4,0.3845800299507109,0.352777892701766,0.8578431606292725,0.8557214140892029,0.868686854839325,0.843137264251709,0.9263494610786438,0.8334156274795532,0.8305425047874451,0.8388296961784363,0.8224174976348877,0.909658432006836,False,13.0
Winam,Valsequillo,T-Win_V-Val_31px_2026-07-23,31,inner,5,0.3571795529249764,0.3659036180552314,0.8446078300476074,0.851661205291748,0.8146821856498718,0.8921568393707275,0.9219089150428772,0.8499588370323181,0.8488516807556152,0.848922073841095,0.8487812876701355,0.9224340319633484,False,13.0
Winam,Valsequillo,T-Win_V-Val_31px_2026-07-23,31,inner,6,0.32106641798353,0.3112384619666081,0.8700980544090271,0.8743480443954468,0.8466482758522034,0.9039215445518494,0.9450816512107848,0.8664197325706482,0.86536705493927,0.8658698797225952,0.8648648858070374,0.9379569888114928,False,13.0
Winam,Valsequillo,T-Win_V-Val_31px_2026-07-23,31,inner,7,0.3015193848207654,0.3026057785048204,0.8774510025978088,0.8848987221717834,0.8342013955116272,0.9421568512916564,0.9503085017204284,0.8770370483398438,0.8768545985221863,0.8718242645263672,0.8819432854652405,0.9451489448547364,False,13.0
Winam,Valsequillo,T-Win_V-Val_31px_2026-07-23,31,inner,8,0.2950960354132907,0.3050530290486766,0.8691176176071167,0.8682782649993896,0.8738828301429749,0.8627451062202454,0.9430891871452332,0.8794238567352295,0.878955602645874,0.8759881258010864,0.8819432854652405,0.9470524787902832,False,13.0
Winam,Valsequillo,T-Win_V-Val_31px_2026-07-23,31,inner,9,0.2904494510315082,0.2896360390326556,0.8764705657958984,0.8807947039604187,0.851005494594574,0.9127451181411744,0.9520010948181152,0.8827983736991882,0.882779061794281,0.8765735030174255,0.8890731334686279,0.9482223987579346,False,13.0
Winam,Valsequillo,T-Win_V-Val_31px_2026-07-23,31,inner,10,0.2746270971705393,0.3181378274571662,0.8661764860153198,0.8649183511734009,0.8731268644332886,0.8568627238273621,0.9377412796020508,0.8869135975837708,0.8866897821426392,0.8820344805717468,0.8913944363594055,0.9540348052978516,False,13.0
Winam,Valsequillo,T-Win_V-Val_31px_2026-07-23,31,inner,11,0.252957615521219,0.3161702502007578,0.8622549176216125,0.8633933067321777,0.8563162684440613,0.8705882430076599,0.9377268552780152,0.8990946412086487,0.8989449143409729,0.8937879204750061,0.904161810874939,0.9613690376281738,False,13.0
Winam,Valsequillo,T-Win_V-Val_31px_2026-07-23,31,inner,12,0.2467507999522205,0.3129484795472201,0.8735294342041016,0.8778409361839294,0.848901093006134,0.908823549747467,0.9377979636192322,0.9028806686401368,0.9028326869010924,0.896777331829071,0.908970296382904,0.962774395942688,False,13.0
Winam,Valsequillo,T-Win_V-Val_31px_2026-07-23,31,inner,13,0.2438340267134301,0.2810948981373918,0.8877450823783875,0.8927400708198547,0.8547084927558899,0.934313714504242,0.9546520709991456,0.9021399021148682,0.902099609375,0.8959764242172241,0.9083070755004884,0.9635227918624878,False,13.0
Winam,Valsequillo,T-Win_V-Val_31px_2026-07-23,31,inner,14,0.2373406965987672,0.2981617693807564,0.8691176176071167,0.8758716583251953,0.8328912258148193,0.9235293865203856,0.9513206481933594,0.9089711904525756,0.9093294143676758,0.8993027210235596,0.919582188129425,0.9653043746948242,False,13.0
Winam,Valsequillo,T-Win_V-Val_31px_2026-07-23,31,inner,15,0.2318442463433301,0.2871657172838847,0.8784313797950745,0.8797284364700317,0.8704414367675781,0.8892157077789307,0.950343132019043,0.9097119569778442,0.90960031747818,0.9041612148284912,0.9151052832603456,0.9670220017433168,False,13.0
Winam,Valsequillo,T-Win_V-Val_31px_2026-07-23,31,inner,16,0.2217699326065832,0.2942722386004878,0.8735294342041016,0.8769084215164185,0.8540892004966736,0.9009804129600524,0.949981689453125,0.9134979248046876,0.913519322872162,0.906729817390442,0.920411229133606,0.9696950912475586,False,13.0
Winam,Valsequillo,T-Win_V-Val_31px_2026-07-23,31,inner,17,0.2198349053820464,0.29380783876952,0.8725489974021912,0.8732943534851074,0.8682170510292053,0.8784313797950745,0.9490215182304382,0.9136625528335572,0.9136554598808287,0.9071592092514038,0.9202454090118408,0.9704699516296388,False,13.0
Winam,Valsequillo,T-Win_V-Val_31px_2026-07-23,31,inner,18,0.2167671196720727,0.2884856701481576,0.8779411911964417,0.8778812885284424,0.8783120512962341,0.8774510025978088,0.9505401849746704,0.9162139892578124,0.9162139892578124,0.909625768661499,0.9228983521461488,0.9711403250694276,False,13.0
Winam,Valsequillo,T-Win_V-Val_31px_2026-07-23,31,inner,19,0.213307282944275,0.3341882616865869,0.865686297416687,0.8677605986595154,0.8545627593994141,0.8813725709915161,0.9288870096206664,0.9141563773155212,0.9141634702682496,0.907516360282898,0.9209086298942566,0.9721494317054749,False,13.0
Winam,Valsequillo,T-Win_V-Val_31px_2026-07-23,31,inner,20,0.2145228970786671,0.2900539586941401,0.8764705657958984,0.8805687427520752,0.8522935509681702,0.9107843041419984,0.9504733085632324,0.9161316752433776,0.9161524176597596,0.9093433618545532,0.9230641722679138,0.9714949727058412,False,13.0
Winam,Valsequillo,T-Win_V-Val_31px_2026-07-23,31,inner,21,0.2039865913754137,0.3042000891531215,0.8696078658103943,0.8702439069747925,0.8660194277763367,0.8745098114013672,0.9448010921478271,0.92304527759552,0.923215925693512,0.91457861661911,0.9320179224014282,0.9741958379745485,False,13.0
Winam,Valsequillo,T-Win_V-Val_31px_2026-07-23,31,inner,22,0.199715069228239,0.2844447754177392,0.8828431367874146,0.8844852447509766,0.8722593188285828,0.8970588445663452,0.9526561498641968,0.9241152405738832,0.924140214920044,0.9171974658966064,0.9311888813972472,0.9754290580749512,False,13.0
Winam,Valsequillo,T-Win_V-Val_31px_2026-07-23,31,inner,23,0.2002514869735074,0.3688140709026187,0.822549045085907,0.814168393611908,0.8545258641242981,0.7774509787559509,0.9238706827163696,0.923539102077484,0.9236961007118224,0.9152018427848816,0.9323495030403136,0.9754846096038818,False,13.0
Winam,RawaPening,T-Win_V-Raw_31px_2026-07-23,31,inner,1,0.4862481649093327,0.4760731890961364,0.7947052717208862,0.8082127571105957,0.7589833736419678,0.8642714619636536,0.8582335710525513,0.7666557431221008,0.7577099800109863,0.7816839218139648,0.7351628541946411,0.8475636839866638,False,17.0
Winam,RawaPening,T-Win_V-Raw_31px_2026-07-23,31,inner,2,0.4337972343593963,0.4195602574905792,0.8186812996864319,0.8361173868179321,0.7633965611457825,0.9241517186164856,0.9061846137046814,0.8013619780540466,0.7946739196777344,0.8159177899360657,0.7745081782341003,0.8830270171165466,False,17.0
Winam,RawaPening,T-Win_V-Raw_31px_2026-07-23,31,inner,3,0.3900114783585013,0.456217921458996,0.8106893301010132,0.8339903354644775,0.7431694269180298,0.9500998258590698,0.9028223752975464,0.8262225389480591,0.8229097127914429,0.8325156569480896,0.8135228753089905,0.90671706199646,False,17.0
Winam,RawaPening,T-Win_V-Raw_31px_2026-07-23,31,inner,4,0.3657627048201353,0.5382745264769792,0.8006992936134338,0.8308605551719666,0.7221812605857849,0.9780439138412476,0.8819565773010254,0.8407449722290039,0.8381285667419434,0.8456748723983765,0.8307158350944519,0.9187887907028198,False,17.0
Winam,RawaPening,T-Win_V-Raw_31px_2026-07-23,31,inner,5,0.3423036450161322,0.3857060567839638,0.8421578407287598,0.8555758595466614,0.789207398891449,0.9341317415237428,0.9062385559082032,0.8524778485298157,0.8504906296730042,0.8556131720542908,0.845429003238678,0.9289910793304444,False,17.0
Winam,RawaPening,T-Win_V-Raw_31px_2026-07-23,31,inner,6,0.3025087748428309,0.3571060695848265,0.8501498699188232,0.8647429943084717,0.7886512875556946,0.9570858478546144,0.9242236018180848,0.8752050995826721,0.8746187686920166,0.8722459673881531,0.8770044445991516,0.9450286626815796,False,17.0
Winam,RawaPening,T-Win_V-Raw_31px_2026-07-23,31,inner,7,0.2880369102833581,0.3010567588941915,0.8791208863258362,0.8844317197799683,0.8479853272438049,0.9241517186164856,0.9447175860404968,0.8811125755310059,0.8807505369186401,0.8769255876541138,0.884609043598175,0.949831485748291,False,17.0
Winam,RawaPening,T-Win_V-Raw_31px_2026-07-23,31,inner,8,0.2736041232195298,0.3460955597184874,0.8466533422470093,0.8606445789337158,0.7893422245979309,0.946107804775238,0.9339646100997924,0.8873482346534729,0.8871166706085205,0.8824010491371155,0.8918829560279846,0.9551011323928832,False,17.0
Winam,RawaPening,T-Win_V-Raw_31px_2026-07-23,31,inner,9,0.2614710919331596,0.3380179234615691,0.8551448583602905,0.8684210777282715,0.7961730360984802,0.955089807510376,0.9399351477622986,0.891368567943573,0.8909210562705994,0.8879947662353516,0.893866777420044,0.9588992595672609,False,17.0
Winam,RawaPening,T-Win_V-Raw_31px_2026-07-23,31,inner,10,0.257027960748879,0.4040928774184876,0.8391608595848083,0.8472485542297363,0.8074141144752502,0.8912175893783569,0.8981986045837402,0.8971118927001953,0.8967901468276978,0.8929683566093445,0.9006447196006775,0.9596561193466188,False,17.0
Winam,RawaPening,T-Win_V-Raw_31px_2026-07-23,31,inner,11,0.2327430487794096,0.3263463716168742,0.8696303963661194,0.8808763027191162,0.8116064071655273,0.9630738496780396,0.9440608620643616,0.9075319766998292,0.9075547456741332,0.9006838202476501,0.9145313501358032,0.9672480225563048,False,17.0
Winam,RawaPening,T-Win_V-Raw_31px_2026-07-23,31,inner,12,0.2303738434235698,0.317011932988505,0.8706293702125549,0.8780028223991394,0.8314005136489868,0.9301397204399108,0.9384959936141968,0.9078602194786072,0.90774667263031,0.9021881222724916,0.913374125957489,0.967785120010376,False,17.0
Winam,RawaPening,T-Win_V-Raw_31px_2026-07-23,31,inner,13,0.2221705379214567,0.3058174577328589,0.8781218528747559,0.8877645134925842,0.82337886095047,0.9630738496780396,0.9533492922782898,0.9101575613021852,0.910076379776001,0.9042102098464966,0.9160192012786864,0.9701716899871826,False,17.0
Winam,RawaPening,T-Win_V-Raw_31px_2026-07-23,31,inner,14,0.2133949738879809,0.2839755978022183,0.8891108632087708,0.8947867155075073,0.8519855737686157,0.9421157836914062,0.9525628685951232,0.9152445197105408,0.91490238904953,0.9118226766586304,0.9180029630661012,0.9724279642105104,False,17.0
Winam,RawaPening,T-Win_V-Raw_31px_2026-07-23,31,inner,15,0.2092689140569901,0.3490686498500489,0.8581418395042419,0.8699633479118347,0.8037225008010864,0.9481037855148317,0.9448243379592896,0.9168854355812072,0.9165636897087096,0.9133289456367492,0.9198214411735536,0.9735115766525269,False,17.0
Winam,RawaPening,T-Win_V-Raw_31px_2026-07-23,31,inner,16,0.197770950405528,0.2839176399069471,0.8916084170341492,0.8975932002067566,0.851387619972229,0.9491018056869508,0.9551416635513306,0.9235313534736632,0.9234308004379272,0.9178507328033448,0.9290791749954224,0.9764325618743896,False,17.0
Winam,RawaPening,T-Win_V-Raw_31px_2026-07-23,31,inner,17,0.1941783967264996,0.2765662429871021,0.8901098966598511,0.8949379324913025,0.8580586314201355,0.9351297616958618,0.9541387557983398,0.9235313534736632,0.923681616783142,0.9151387214660645,0.932385504245758,0.9771201014518738,False,17.0
Winam,RawaPening,T-Win_V-Raw_31px_2026-07-23,31,inner,18,0.1959189704335397,0.293102366643233,0.8846153616905212,0.8925081491470337,0.8360941410064697,0.9570858478546144,0.9579970240592957,0.9210699200630188,0.9210828542709352,0.9141833782196044,0.9280872941017152,0.976658284664154,False,17.0
Winam,RawaPening,T-Win_V-Raw_31px_2026-07-23,31,inner,19,0.1902207888743507,0.2887848248550823,0.8841158747673035,0.891791045665741,0.8371278643608093,0.9540917873382568,0.958678662776947,0.9273055195808412,0.9273770451545716,0.9196878671646118,0.9351959228515624,0.978124737739563,False,17.0
Winam,RawaPening,T-Win_V-Raw_31px_2026-07-23,31,inner,20,0.1893762250024058,0.3070928513051032,0.8881118893623352,0.8935361504554749,0.8529945611953735,0.9381237626075744,0.9510039687156676,0.9244338870048524,0.924315869808197,0.9189542531967164,0.9297404289245604,0.9784029722213744,False,17.0
Winam,RawaPening,T-Win_V-Raw_31px_2026-07-23,31,inner,21,0.1825629938399944,0.2913197358171423,0.888611376285553,0.8954524397850037,0.8443855047225952,0.9530938267707824,0.9574770331382751,0.9291926622390748,0.9291170239448548,0.9232778549194336,0.9350305795669556,0.9796014428138732,False,17.0
Winam,RawaPening,T-Win_V-Raw_31px_2026-07-23,31,inner,22,0.1803072670081579,0.3209117722439837,0.8761239051818848,0.8858194947242737,0.8222222328186035,0.9600798487663268,0.9541207551956176,0.9283721446990968,0.9281777143478394,0.9238454103469848,0.932550847530365,0.9803731441497804,False,17.0
Winam,RawaPening,T-Win_V-Raw_31px_2026-07-23,31,inner,23,0.1777531595642072,0.2810256014039347,0.8936063647270203,0.8994808793067932,0.8531781435012817,0.9510977864265442,0.959984004497528,0.929602861404419,0.92964905500412,0.9222384691238404,0.937179684638977,0.9809907674789428,False,17.0
Winam,RawaPening,T-Win_V-Raw_31px_2026-07-23,31,inner,24,0.1782177235328411,0.2972160781418289,0.8891108632087708,0.8966480493545532,0.8403141498565674,0.961077868938446,0.9578572511672974,0.9303413033485411,0.930140733718872,0.9259501695632936,0.9343693256378174,0.9808098077774048,False,17.0
Winam,RawaPening,T-Win_V-Raw_31px_2026-07-23,31,inner,25,0.1791367386163631,0.326648021494592,0.8776223659515381,0.886836051940918,0.8254514336585999,0.9580838084220886,0.9544740319252014,0.9308335781097412,0.930725634098053,0.9253268241882324,0.9361878037452698,0.9804006814956664,False,17.0
Winam,RawaPening,T-Win_V-Raw_31px_2026-07-23,31,inner,26,0.1777430758843627,0.2979608478543761,0.8861138820648193,0.8932584524154663,0.841269850730896,0.9520958065986632,0.956892192363739,0.929602861404419,0.929556667804718,0.923340380191803,0.9358571767807008,0.9806097149848938,False,17.0
Winam,RawaPening,T-Win_V-Raw_31px_2026-07-23,31,inner,27,0.170927676541867,0.2840834273979976,0.8921079039573669,0.8977272510528564,0.8540540337562561,0.946107804775238,0.9579052329063416,0.9342796206474304,0.934025228023529,0.9307288527488708,0.937345027923584,0.9823960065841676,False,17.0
Winam,,Test_Win_outer_31px_2026-07-23,31,outer,1,0.4705682570200054,,,,,,,0.7801268696784973,0.77440345287323,0.7899395227432251,0.7594667673110962,0.8592224717140198,False,
Winam,,Test_Win_outer_31px_2026-07-23,31,outer,2,0.4184573244258835,,,,,,,0.8112755417823792,0.8063910007476807,0.8224450945854187,0.7909516096115112,0.8918279409408569,False,
Winam,,Test_Win_outer_31px_2026-07-23,31,outer,3,0.3882723954548879,,,,,,,0.8300915956497192,0.8269824385643005,0.8370133638381958,0.8171890377998352,0.907858431339264,False,
Winam,,Test_Win_outer_31px_2026-07-23,31,outer,4,0.3555736375409503,,,,,,,0.8460183143615723,0.844517171382904,0.8474721312522888,0.8415827751159668,0.9235124588012696,False,
Winam,,Test_Win_outer_31px_2026-07-23,31,outer,5,0.3430337113003398,,,,,,,0.8517265915870667,0.8503130078315735,0.8531049489974976,0.8475393652915955,0.9285194873809814,False,
Winam,,Test_Win_outer_31px_2026-07-23,31,outer,6,0.307410884716294,,,,,,,0.8727272748947144,0.8720600605010986,0.8711960315704346,0.8729258179664612,0.9432839155197144,False,
Winam,,Test_Win_outer_31px_2026-07-23,31,outer,7,0.2892998951770118,,,,,,,0.8792811632156372,0.8786913156509399,0.8775106072425842,0.8798751831054688,0.9494754076004028,False,
Winam,,Test_Win_outer_31px_2026-07-23,31,outer,8,0.2743142686463982,,,,,,,0.8882311582565308,0.8878517746925354,0.8853476047515869,0.8903701305389404,0.9544551372528076,False,
Winam,,Test_Win_outer_31px_2026-07-23,31,outer,9,0.2652196860275611,,,,,,,0.8940803408622742,0.8939981460571289,0.889169454574585,0.8988795876502991,0.957143783569336,False,
Winam,,Test_Win_outer_31px_2026-07-23,31,outer,10,0.2564596569668331,,,,,,,0.8964059352874756,0.8964496850967407,0.890552818775177,0.9024251699447632,0.959959864616394,False,
Winam,,Test_Win_outer_31px_2026-07-23,31,outer,11,0.2329110515546093,,,,,,,0.9074700474739076,0.9072412848472596,0.9038569927215576,0.9106509685516356,0.9672517776489258,False,
Winam,,Test_Win_outer_31px_2026-07-23,31,outer,12,0.2234989737733474,,,,,,,0.913037359714508,0.9130618572235109,0.9071818590164183,0.919018566608429,0.9695330858230592,False,
Winam,,Test_Win_outer_31px_2026-07-23,31,outer,13,0.2226391292588655,,,,,,,0.91155743598938,0.9113762974739076,0.907594919204712,0.9151893258094788,0.9695751070976256,False,
Winam,,Test_Win_outer_31px_2026-07-23,31,outer,14,0.2159743834457572,,,,,,,0.9150105714797974,0.9149506092071532,0.90994530916214,0.920011341571808,0.9715951085090636,False,
Winam,,Test_Win_outer_31px_2026-07-23,31,outer,15,0.2178790271471217,,,,,,,0.9127554893493652,0.912767767906189,0.9070158004760742,0.9185931086540222,0.9708691239356996,False,
Winam,,Test_Win_outer_31px_2026-07-23,31,outer,16,0.2034245232026958,,,,,,,0.9192389249801636,0.919420599937439,0.911727786064148,0.9272443652153016,0.974577248096466,False,
Winam,,Test_Win_outer_31px_2026-07-23,31,outer,17,0.1971630910969351,,,,,,,0.92283296585083,0.9231309294700624,0.9139560461044312,0.9324918389320374,0.9760944843292236,False,
