,y_true,y_pred,label_id,location,lc,class_int,obs_date
5831,1,1,HA0001_20210121,Hartbeespoort,1,3,2021-01-21
5832,1,1,HA0002_20210121,Hartbeespoort,1,3,2021-01-21
5833,1,1,HA0003_20210121,Hartbeespoort,1,3,2021-01-21
5834,1,1,HA0004_20210121,Hartbeespoort,1,3,2021-01-21
5835,1,1,HA0005_20210121,Hartbeespoort,1,3,2021-01-21
5836,1,1,HA0006_20210121,Hartbeespoort,1,3,2021-01-21
5837,1,1,HA0007_20210121,Hartbeespoort,1,3,2021-01-21
5838,1,1,HA0008_20210121,Hartbeespoort,1,3,2021-01-21
5839,1,1,HA0009_20210121,Hartbeespoort,1,3,2021-01-21
5840,1,1,HA0010_20210121,Hartbeespoort,1,3,2021-01-21
5841,1,1,HA0011_20210121,Hartbeespoort,1,3,2021-01-21
5842,1,1,HA0012_20210121,Hartbeespoort,1,3,2021-01-21
5843,1,1,HA0013_20210121,Hartbeespoort,1,3,2021-01-21
5844,1,1,HA0014_20210121,Hartbeespoort,1,3,2021-01-21
5845,1,1,HA0015_20210121,Hartbeespoort,1,3,2021-01-21
5846,1,1,HA0016_20210121,Hartbeespoort,1,3,2021-01-21
5847,1,1,HA0017_20210121,Hartbeespoort,1,3,2021-01-21
5848,1,1,HA0018_20210121,Hartbeespoort,1,3,2021-01-21
5849,1,0,HA0019_20210121,Hartbeespoort,1,3,2021-01-21
5850,1,0,HA0020_20210121,Hartbeespoort,1,3,2021-01-21
5851,1,0,HA0021_20210121,Hartbeespoort,1,3,2021-01-21
5852,1,1,HA0022_20210121,Hartbeespoort,1,3,2021-01-21
5853,1,1,HA0023_20210121,Hartbeespoort,1,3,2021-01-21
5854,1,1,HA0024_20210121,Hartbeespoort,1,3,2021-01-21
5855,1,1,HA0025_20210121,Hartbeespoort,1,3,2021-01-21
5856,1,1,HA0026_20210121,Hartbeespoort,1,3,2021-01-21
5857,1,1,HA0027_20210121,Hartbeespoort,1,3,2021-01-21
5858,1,1,HA0028_20210121,Hartbeespoort,1,3,2021-01-21
5859,1,1,HA0029_20210121,Hartbeespoort,1,3,2021-01-21
5860,1,1,HA0030_20210121,Hartbeespoort,1,3,2021-01-21
5861,1,1,HA0031_20210121,Hartbeespoort,1,3,2021-01-21
5862,1,1,HA0032_20210121,Hartbeespoort,1,3,2021-01-21
5863,1,1,HA0033_20210121,Hartbeespoort,1,3,2021-01-21
5864,1,1,HA0034_20210121,Hartbeespoort,1,3,2021-01-21
5865,1,1,HA0035_20210121,Hartbeespoort,1,3,2021-01-21
5866,1,1,HA0036_20210121,Hartbeespoort,1,3,2021-01-21
5867,1,1,HA0037_20210121,Hartbeespoort,1,3,2021-01-21
5868,1,1,HA0038_20210121,Hartbeespoort,1,3,2021-01-21
5869,1,1,HA0039_20210121,Hartbeespoort,1,3,2021-01-21
5870,1,1,HA0040_20210121,Hartbeespoort,1,3,2021-01-21
5871,1,1,HA0041_20210121,Hartbeespoort,1,3,2021-01-21
5872,1,1,HA0042_20210121,Hartbeespoort,1,3,2021-01-21
5873,1,1,HA0043_20210121,Hartbeespoort,1,3,2021-01-21
5874,1,1,HA0044_20210121,Hartbeespoort,1,3,2021-01-21
5875,1,1,HA0045_20210121,Hartbeespoort,1,3,2021-01-21
5876,1,1,HA0046_20210121,Hartbeespoort,1,3,2021-01-21
5877,1,1,HA0047_20210121,Hartbeespoort,1,3,2021-01-21
5878,1,1,HA0048_20210121,Hartbeespoort,1,3,2021-01-21
5879,1,1,HA0049_20210121,Hartbeespoort,1,3,2021-01-21
5880,0,0,HA0050_20210121,Hartbeespoort,0,2,2021-01-21
5881,0,0,HA0051_20210121,Hartbeespoort,0,2,2021-01-21
5882,0,0,HA0052_20210121,Hartbeespoort,0,2,2021-01-21
5883,0,0,HA0053_20210121,Hartbeespoort,0,2,2021-01-21
5884,0,0,HA0054_20210121,Hartbeespoort,0,2,2021-01-21
5885,0,0,HA0055_20210121,Hartbeespoort,0,2,2021-01-21
5886,0,0,HA0056_20210121,Hartbeespoort,0,2,2021-01-21
5887,0,0,HA0057_20210121,Hartbeespoort,0,2,2021-01-21
5888,0,0,HA0058_20210121,Hartbeespoort,0,2,2021-01-21
5889,0,0,HA0059_20210121,Hartbeespoort,0,2,2021-01-21
5890,0,0,HA0060_20210121,Hartbeespoort,0,2,2021-01-21
5891,0,0,HA0061_20210121,Hartbeespoort,0,2,2021-01-21
5892,0,0,HA0062_20210121,Hartbeespoort,0,2,2021-01-21
5893,0,0,HA0063_20210121,Hartbeespoort,0,2,2021-01-21
5894,0,0,HA0064_20210121,Hartbeespoort,0,2,2021-01-21
5895,0,0,HA0065_20210121,Hartbeespoort,0,2,2021-01-21
5896,0,0,HA0066_20210121,Hartbeespoort,0,2,2021-01-21
5897,0,0,HA0067_20210121,Hartbeespoort,0,2,2021-01-21
5898,0,0,HA0068_20210121,Hartbeespoort,0,2,2021-01-21
5899,0,0,HA0069_20210121,Hartbeespoort,0,2,2021-01-21
5900,0,0,HA0070_20210121,Hartbeespoort,0,2,2021-01-21
5901,0,0,HA0071_20210121,Hartbeespoort,0,2,2021-01-21
5902,0,0,HA0072_20210121,Hartbeespoort,0,2,2021-01-21
5903,0,0,HA0073_20210121,Hartbeespoort,0,2,2021-01-21
5904,0,0,HA0074_20210121,Hartbeespoort,0,1,2021-01-21
5905,0,0,HA0075_20210121,Hartbeespoort,0,1,2021-01-21
5906,0,0,HA0076_20210121,Hartbeespoort,0,1,2021-01-21
5907,0,0,HA0077_20210121,Hartbeespoort,0,1,2021-01-21
5908,0,0,HA0078_20210121,Hartbeespoort,0,1,2021-01-21
5909,0,0,HA0079_20210121,Hartbeespoort,0,1,2021-01-21
5910,0,0,HA0080_20210121,Hartbeespoort,0,1,2021-01-21
5911,0,0,HA0081_20210121,Hartbeespoort,0,1,2021-01-21
5912,0,0,HA0082_20210121,Hartbeespoort,0,1,2021-01-21
5913,0,0,HA0083_20210121,Hartbeespoort,0,1,2021-01-21
5914,0,0,HA0084_20210121,Hartbeespoort,0,1,2021-01-21
5915,0,0,HA0085_20210121,Hartbeespoort,0,1,2021-01-21
5916,0,0,HA0086_20210121,Hartbeespoort,0,1,2021-01-21
5917,0,0,HA0087_20210121,Hartbeespoort,0,1,2021-01-21
5918,0,0,HA0088_20210121,Hartbeespoort,0,1,2021-01-21
5919,0,0,HA0089_20210121,Hartbeespoort,0,2,2021-01-21
5920,0,0,HA0090_20210121,Hartbeespoort,0,2,2021-01-21
5921,0,0,HA0091_20210121,Hartbeespoort,0,2,2021-01-21
5922,1,1,HA0092_20210121,Hartbeespoort,1,3,2021-01-21
5923,0,0,HA0093_20210121,Hartbeespoort,0,1,2021-01-21
5924,0,0,HA0094_20210121,Hartbeespoort,0,1,2021-01-21
5925,0,0,HA0095_20210121,Hartbeespoort,0,1,2021-01-21
5926,0,0,HA0096_20210121,Hartbeespoort,0,1,2021-01-21
5927,0,0,HA0097_20210121,Hartbeespoort,0,1,2021-01-21
5928,0,0,HA0098_20210121,Hartbeespoort,0,1,2021-01-21
5929,0,0,HA0099_20210121,Hartbeespoort,0,1,2021-01-21
5930,0,0,HA0100_20210121,Hartbeespoort,0,1,2021-01-21
5931,0,1,HA0001_20210429,Hartbeespoort,0,4,2021-04-29
5932,0,0,HA0003_20210429,Hartbeespoort,0,4,2021-04-29
5933,0,0,HA0004_20210429,Hartbeespoort,0,4,2021-04-29
5934,0,1,HA0005_20210429,Hartbeespoort,0,4,2021-04-29
5935,0,0,HA0006_20210429,Hartbeespoort,0,4,2021-04-29
5936,0,0,HA0007_20210429,Hartbeespoort,0,4,2021-04-29
5937,0,1,HA0008_20210429,Hartbeespoort,0,4,2021-04-29
5938,0,0,HA0009_20210429,Hartbeespoort,0,4,2021-04-29
5939,0,0,HA0010_20210429,Hartbeespoort,0,4,2021-04-29
5940,0,1,HA0011_20210429,Hartbeespoort,0,4,2021-04-29
5941,0,1,HA0012_20210429,Hartbeespoort,0,4,2021-04-29
5942,0,1,HA0013_20210429,Hartbeespoort,0,4,2021-04-29
5943,0,1,HA0014_20210429,Hartbeespoort,0,4,2021-04-29
5944,0,0,HA0015_20210429,Hartbeespoort,0,4,2021-04-29
5945,0,0,HA0016_20210429,Hartbeespoort,0,2,2021-04-29
5946,0,0,HA0017_20210429,Hartbeespoort,0,2,2021-04-29
5947,0,0,HA0018_20210429,Hartbeespoort,0,2,2021-04-29
5948,0,0,HA0019_20210429,Hartbeespoort,0,2,2021-04-29
5949,0,0,HA0020_20210429,Hartbeespoort,0,2,2021-04-29
5950,0,0,HA0021_20210429,Hartbeespoort,0,2,2021-04-29
5951,0,0,HA0022_20210429,Hartbeespoort,0,2,2021-04-29
5952,0,0,HA0023_20210429,Hartbeespoort,0,2,2021-04-29
5953,0,0,HA0024_20210429,Hartbeespoort,0,2,2021-04-29
5954,0,0,HA0025_20210429,Hartbeespoort,0,2,2021-04-29
5955,0,0,HA0026_20210429,Hartbeespoort,0,2,2021-04-29
5956,0,0,HA0027_20210429,Hartbeespoort,0,2,2021-04-29
5957,0,0,HA0028_20210429,Hartbeespoort,0,2,2021-04-29
5958,0,0,HA0029_20210429,Hartbeespoort,0,2,2021-04-29
5959,0,0,HA0030_20210429,Hartbeespoort,0,2,2021-04-29
5960,0,0,HA0031_20210429,Hartbeespoort,0,2,2021-04-29
5961,0,1,HA0032_20210429,Hartbeespoort,0,2,2021-04-29
5962,0,1,HA0033_20210429,Hartbeespoort,0,4,2021-04-29
5963,0,1,HA0034_20210429,Hartbeespoort,0,4,2021-04-29
5964,0,1,HA0035_20210429,Hartbeespoort,0,4,2021-04-29
5965,0,1,HA0036_20210429,Hartbeespoort,0,4,2021-04-29
5966,0,1,HA0037_20210429,Hartbeespoort,0,4,2021-04-29
5967,0,0,HA0038_20210429,Hartbeespoort,0,4,2021-04-29
5968,0,1,HA0039_20210429,Hartbeespoort,0,4,2021-04-29
5969,0,0,HA0040_20210429,Hartbeespoort,0,2,2021-04-29
5970,0,0,HA0041_20210429,Hartbeespoort,0,1,2021-04-29
5971,0,0,HA0042_20210429,Hartbeespoort,0,1,2021-04-29
5972,0,0,HA0043_20210429,Hartbeespoort,0,1,2021-04-29
5973,0,0,HA0044_20210429,Hartbeespoort,0,1,2021-04-29
5974,0,0,HA0045_20210429,Hartbeespoort,0,1,2021-04-29
5975,0,0,HA0046_20210429,Hartbeespoort,0,1,2021-04-29
5976,0,0,HA0047_20210429,Hartbeespoort,0,1,2021-04-29
5977,0,0,HA0048_20210429,Hartbeespoort,0,1,2021-04-29
5978,0,0,HA0049_20210429,Hartbeespoort,0,1,2021-04-29
5979,0,0,HA0050_20210429,Hartbeespoort,0,1,2021-04-29
5980,0,0,HA0051_20210429,Hartbeespoort,0,1,2021-04-29
5981,0,0,HA0052_20210429,Hartbeespoort,0,1,2021-04-29
5982,0,0,HA0053_20210429,Hartbeespoort,0,1,2021-04-29
5983,0,0,HA0054_20210429,Hartbeespoort,0,1,2021-04-29
5984,0,0,HA0055_20210429,Hartbeespoort,0,1,2021-04-29
5985,0,0,HA0056_20210429,Hartbeespoort,0,1,2021-04-29
5986,1,1,HA0057_20210429,Hartbeespoort,1,3,2021-04-29
5987,1,1,HA0058_20210429,Hartbeespoort,1,3,2021-04-29
5988,1,1,HA0059_20210429,Hartbeespoort,1,3,2021-04-29
5989,1,1,HA0060_20210429,Hartbeespoort,1,3,2021-04-29
5990,1,1,HA0061_20210429,Hartbeespoort,1,3,2021-04-29
5991,1,1,HA0062_20210429,Hartbeespoort,1,3,2021-04-29
5992,1,1,HA0063_20210429,Hartbeespoort,1,3,2021-04-29
5993,1,1,HA0064_20210429,Hartbeespoort,1,3,2021-04-29
5994,1,1,HA0065_20210429,Hartbeespoort,1,3,2021-04-29
5995,1,1,HA0066_20210429,Hartbeespoort,1,3,2021-04-29
5996,1,1,HA0067_20210429,Hartbeespoort,1,3,2021-04-29
5997,1,1,HA0068_20210429,Hartbeespoort,1,3,2021-04-29
5998,1,1,HA0069_20210429,Hartbeespoort,1,3,2021-04-29
5999,1,1,HA0070_20210429,Hartbeespoort,1,3,2021-04-29
6000,1,0,HA0071_20210429,Hartbeespoort,1,3,2021-04-29
6001,1,1,HA0072_20210429,Hartbeespoort,1,3,2021-04-29
6002,1,1,HA0073_20210429,Hartbeespoort,1,3,2021-04-29
6003,1,1,HA0074_20210429,Hartbeespoort,1,3,2021-04-29
6004,1,1,HA0075_20210429,Hartbeespoort,1,3,2021-04-29
6005,1,1,HA0076_20210429,Hartbeespoort,1,3,2021-04-29
6006,1,0,HA0077_20210429,Hartbeespoort,1,3,2021-04-29
6007,1,0,HA0078_20210429,Hartbeespoort,1,3,2021-04-29
6008,1,0,HA0079_20210429,Hartbeespoort,1,3,2021-04-29
6009,1,0,HA0080_20210429,Hartbeespoort,1,3,2021-04-29
6010,1,1,HA0081_20210429,Hartbeespoort,1,3,2021-04-29
6011,1,1,HA0082_20210429,Hartbeespoort,1,3,2021-04-29
6012,1,1,HA0083_20210429,Hartbeespoort,1,3,2021-04-29
6013,1,1,HA0084_20210429,Hartbeespoort,1,3,2021-04-29
6014,1,1,HA0085_20210429,Hartbeespoort,1,3,2021-04-29
6015,1,1,HA0086_20210429,Hartbeespoort,1,3,2021-04-29
6016,1,0,HA0087_20210429,Hartbeespoort,1,3,2021-04-29
6017,1,1,HA0088_20210429,Hartbeespoort,1,3,2021-04-29
6018,1,1,HA0089_20210429,Hartbeespoort,1,3,2021-04-29
6019,1,1,HA0090_20210429,Hartbeespoort,1,3,2021-04-29
6020,1,1,HA0091_20210429,Hartbeespoort,1,3,2021-04-29
6021,1,1,HA0092_20210429,Hartbeespoort,1,3,2021-04-29
6022,1,1,HA0093_20210429,Hartbeespoort,1,3,2021-04-29
6023,1,1,HA0094_20210429,Hartbeespoort,1,3,2021-04-29
6024,1,1,HA0095_20210429,Hartbeespoort,1,3,2021-04-29
6025,1,1,HA0096_20210429,Hartbeespoort,1,3,2021-04-29
6026,1,1,HA0097_20210429,Hartbeespoort,1,3,2021-04-29
6027,1,1,HA0098_20210429,Hartbeespoort,1,3,2021-04-29
6028,1,1,HA0099_20210429,Hartbeespoort,1,3,2021-04-29
6029,1,1,HA0100_20210429,Hartbeespoort,1,3,2021-04-29
6030,1,1,HA0101_20210429,Hartbeespoort,1,3,2021-04-29
6031,1,1,HA0102_20210429,Hartbeespoort,1,3,2021-04-29
6032,1,1,HA0103_20210429,Hartbeespoort,1,3,2021-04-29
6033,1,1,HA0104_20210429,Hartbeespoort,1,3,2021-04-29
6034,1,1,HA0105_20210429,Hartbeespoort,1,3,2021-04-29
6035,1,1,HA0106_20210429,Hartbeespoort,1,3,2021-04-29
6036,1,1,HA0107_20210429,Hartbeespoort,1,3,2021-04-29
6037,1,1,HA0108_20210429,Hartbeespoort,1,3,2021-04-29
6038,1,1,HA0001_20210710,Hartbeespoort,1,3,2021-07-10
6039,1,1,HA0002_20210710,Hartbeespoort,1,3,2021-07-10
6040,1,1,HA0003_20210710,Hartbeespoort,1,3,2021-07-10
6041,1,1,HA0004_20210710,Hartbeespoort,1,3,2021-07-10
6042,1,1,HA0005_20210710,Hartbeespoort,1,3,2021-07-10
6043,1,1,HA0006_20210710,Hartbeespoort,1,3,2021-07-10
6044,1,1,HA0007_20210710,Hartbeespoort,1,3,2021-07-10
6045,1,1,HA0008_20210710,Hartbeespoort,1,3,2021-07-10
6046,1,1,HA0009_20210710,Hartbeespoort,1,3,2021-07-10
6047,1,1,HA0010_20210710,Hartbeespoort,1,3,2021-07-10
6048,1,1,HA0011_20210710,Hartbeespoort,1,3,2021-07-10
6049,1,1,HA0012_20210710,Hartbeespoort,1,3,2021-07-10
6050,1,1,HA0013_20210710,Hartbeespoort,1,3,2021-07-10
6051,1,1,HA0014_20210710,Hartbeespoort,1,3,2021-07-10
6052,1,1,HA0015_20210710,Hartbeespoort,1,3,2021-07-10
6053,1,1,HA0016_20210710,Hartbeespoort,1,3,2021-07-10
6054,1,1,HA0017_20210710,Hartbeespoort,1,3,2021-07-10
6055,1,1,HA0018_20210710,Hartbeespoort,1,3,2021-07-10
6056,1,1,HA0019_20210710,Hartbeespoort,1,3,2021-07-10
6057,1,1,HA0020_20210710,Hartbeespoort,1,3,2021-07-10
6058,1,1,HA0021_20210710,Hartbeespoort,1,3,2021-07-10
6059,1,1,HA0022_20210710,Hartbeespoort,1,3,2021-07-10
6060,1,1,HA0023_20210710,Hartbeespoort,1,3,2021-07-10
6061,1,1,HA0024_20210710,Hartbeespoort,1,3,2021-07-10
6062,1,1,HA0025_20210710,Hartbeespoort,1,3,2021-07-10
6063,1,1,HA0026_20210710,Hartbeespoort,1,3,2021-07-10
6064,1,1,HA0027_20210710,Hartbeespoort,1,3,2021-07-10
6065,1,1,HA0028_20210710,Hartbeespoort,1,3,2021-07-10
6066,1,1,HA0029_20210710,Hartbeespoort,1,3,2021-07-10
6067,1,1,HA0030_20210710,Hartbeespoort,1,3,2021-07-10
6068,1,1,HA0031_20210710,Hartbeespoort,1,3,2021-07-10
6069,1,1,HA0032_20210710,Hartbeespoort,1,3,2021-07-10
6070,1,1,HA0033_20210710,Hartbeespoort,1,3,2021-07-10
6071,1,1,HA0034_20210710,Hartbeespoort,1,3,2021-07-10
6072,1,1,HA0035_20210710,Hartbeespoort,1,3,2021-07-10
6073,1,1,HA0036_20210710,Hartbeespoort,1,3,2021-07-10
6074,1,1,HA0037_20210710,Hartbeespoort,1,3,2021-07-10
6075,1,1,HA0038_20210710,Hartbeespoort,1,3,2021-07-10
6076,1,1,HA0039_20210710,Hartbeespoort,1,3,2021-07-10
6077,1,1,HA0040_20210710,Hartbeespoort,1,3,2021-07-10
6078,1,1,HA0041_20210710,Hartbeespoort,1,3,2021-07-10
6079,1,1,HA0042_20210710,Hartbeespoort,1,3,2021-07-10
6080,1,1,HA0043_20210710,Hartbeespoort,1,3,2021-07-10
6081,1,1,HA0044_20210710,Hartbeespoort,1,3,2021-07-10
6082,1,1,HA0045_20210710,Hartbeespoort,1,3,2021-07-10
6083,1,1,HA0046_20210710,Hartbeespoort,1,3,2021-07-10
6084,1,1,HA0047_20210710,Hartbeespoort,1,3,2021-07-10
6085,1,1,HA0048_20210710,Hartbeespoort,1,3,2021-07-10
6086,1,1,HA0049_20210710,Hartbeespoort,1,3,2021-07-10
6087,1,1,HA0050_20210710,Hartbeespoort,1,3,2021-07-10
6088,1,1,HA0051_20210710,Hartbeespoort,1,3,2021-07-10
6089,1,1,HA0052_20210710,Hartbeespoort,1,3,2021-07-10
6090,1,1,HA0053_20210710,Hartbeespoort,1,3,2021-07-10
6091,1,0,HA0054_20210710,Hartbeespoort,1,3,2021-07-10
6092,1,1,HA0055_20210710,Hartbeespoort,1,3,2021-07-10
6093,1,1,HA0056_20210710,Hartbeespoort,1,3,2021-07-10
6094,1,1,HA0057_20210710,Hartbeespoort,1,3,2021-07-10
6095,1,1,HA0058_20210710,Hartbeespoort,1,3,2021-07-10
6096,1,1,HA0059_20210710,Hartbeespoort,1,3,2021-07-10
6097,1,1,HA0060_20210710,Hartbeespoort,1,3,2021-07-10
6098,1,1,HA0061_20210710,Hartbeespoort,1,3,2021-07-10
6099,1,1,HA0062_20210710,Hartbeespoort,1,3,2021-07-10
6100,1,1,HA0063_20210710,Hartbeespoort,1,3,2021-07-10
6101,1,1,HA0064_20210710,Hartbeespoort,1,3,2021-07-10
6102,1,1,HA0065_20210710,Hartbeespoort,1,3,2021-07-10
6103,1,1,HA0066_20210710,Hartbeespoort,1,3,2021-07-10
6104,1,1,HA0067_20210710,Hartbeespoort,1,3,2021-07-10
6105,1,1,HA0068_20210710,Hartbeespoort,1,3,2021-07-10
6106,1,1,HA0069_20210710,Hartbeespoort,1,3,2021-07-10
6107,1,1,HA0070_20210710,Hartbeespoort,1,3,2021-07-10
6108,1,1,HA0071_20210710,Hartbeespoort,1,3,2021-07-10
6109,1,1,HA0072_20210710,Hartbeespoort,1,3,2021-07-10
6110,1,1,HA0073_20210710,Hartbeespoort,1,3,2021-07-10
6111,1,1,HA0074_20210710,Hartbeespoort,1,3,2021-07-10
6112,1,1,HA0075_20210710,Hartbeespoort,1,3,2021-07-10
6113,1,1,HA0076_20210710,Hartbeespoort,1,3,2021-07-10
6114,1,1,HA0077_20210710,Hartbeespoort,1,3,2021-07-10
6115,1,1,HA0078_20210710,Hartbeespoort,1,3,2021-07-10
6116,1,1,HA0079_20210710,Hartbeespoort,1,3,2021-07-10
6117,1,1,HA0080_20210710,Hartbeespoort,1,3,2021-07-10
6118,1,1,HA0081_20210710,Hartbeespoort,1,3,2021-07-10
6119,1,1,HA0082_20210710,Hartbeespoort,1,3,2021-07-10
6120,1,1,HA0083_20210710,Hartbeespoort,1,3,2021-07-10
6121,0,0,HA0084_20210710,Hartbeespoort,0,2,2021-07-10
6122,0,0,HA0085_20210710,Hartbeespoort,0,2,2021-07-10
6123,0,0,HA0086_20210710,Hartbeespoort,0,2,2021-07-10
6124,0,0,HA0087_20210710,Hartbeespoort,0,2,2021-07-10
6125,0,0,HA0088_20210710,Hartbeespoort,0,2,2021-07-10
6126,0,0,HA0089_20210710,Hartbeespoort,0,2,2021-07-10
6127,0,0,HA0090_20210710,Hartbeespoort,0,2,2021-07-10
6128,0,0,HA0091_20210710,Hartbeespoort,0,2,2021-07-10
6129,0,0,HA0092_20210710,Hartbeespoort,0,2,2021-07-10
6130,0,0,HA0093_20210710,Hartbeespoort,0,2,2021-07-10
6131,0,0,HA0094_20210710,Hartbeespoort,0,2,2021-07-10
6132,0,0,HA0095_20210710,Hartbeespoort,0,2,2021-07-10
6133,0,0,HA0096_20210710,Hartbeespoort,0,2,2021-07-10
6134,0,0,HA0097_20210710,Hartbeespoort,0,2,2021-07-10
6135,0,0,HA0098_20210710,Hartbeespoort,0,2,2021-07-10
6136,0,0,HA0099_20210710,Hartbeespoort,0,2,2021-07-10
6137,0,0,HA0100_20210710,Hartbeespoort,0,2,2021-07-10
6138,0,0,HA0101_20210710,Hartbeespoort,0,2,2021-07-10
6139,0,0,HA0102_20210710,Hartbeespoort,0,2,2021-07-10
6140,0,0,HA0103_20210710,Hartbeespoort,0,2,2021-07-10
6141,0,0,HA0104_20210710,Hartbeespoort,0,2,2021-07-10
6142,0,0,HA0105_20210710,Hartbeespoort,0,2,2021-07-10
6143,0,0,HA0106_20210710,Hartbeespoort,0,2,2021-07-10
6144,0,0,HA0107_20210710,Hartbeespoort,0,2,2021-07-10
6145,0,0,HA0108_20210710,Hartbeespoort,0,2,2021-07-10
6146,0,0,HA0109_20210710,Hartbeespoort,0,2,2021-07-10
6147,0,0,HA0110_20210710,Hartbeespoort,0,2,2021-07-10
6148,0,0,HA0111_20210710,Hartbeespoort,0,2,2021-07-10
6149,0,0,HA0112_20210710,Hartbeespoort,0,2,2021-07-10
6150,0,0,HA0113_20210710,Hartbeespoort,0,2,2021-07-10
6151,0,0,HA0114_20210710,Hartbeespoort,0,2,2021-07-10
6152,0,0,HA0115_20210710,Hartbeespoort,0,2,2021-07-10
6153,0,0,HA0116_20210710,Hartbeespoort,0,2,2021-07-10
6154,0,0,HA0117_20210710,Hartbeespoort,0,2,2021-07-10
6155,0,0,HA0118_20210710,Hartbeespoort,0,2,2021-07-10
6156,0,0,HA0119_20210710,Hartbeespoort,0,2,2021-07-10
6157,0,0,HA0120_20210710,Hartbeespoort,0,2,2021-07-10
6158,0,0,HA0121_20210710,Hartbeespoort,0,2,2021-07-10
6159,0,0,HA0122_20210710,Hartbeespoort,0,2,2021-07-10
6160,0,0,HA0123_20210710,Hartbeespoort,0,2,2021-07-10
6161,0,0,HA0124_20210710,Hartbeespoort,0,2,2021-07-10
6162,0,0,HA0125_20210710,Hartbeespoort,0,2,2021-07-10
6163,0,0,HA0126_20210710,Hartbeespoort,0,2,2021-07-10
6164,0,0,HA0127_20210710,Hartbeespoort,0,2,2021-07-10
6165,0,0,HA0128_20210710,Hartbeespoort,0,1,2021-07-10
6166,0,0,HA0129_20210710,Hartbeespoort,0,1,2021-07-10
6167,0,0,HA0130_20210710,Hartbeespoort,0,1,2021-07-10
6168,0,0,HA0131_20210710,Hartbeespoort,0,1,2021-07-10
6169,0,0,HA0132_20210710,Hartbeespoort,0,1,2021-07-10
6170,0,0,HA0133_20210710,Hartbeespoort,0,1,2021-07-10
6171,0,0,HA0134_20210710,Hartbeespoort,0,1,2021-07-10
6172,0,0,HA0135_20210710,Hartbeespoort,0,1,2021-07-10
6173,0,0,HA0136_20210710,Hartbeespoort,0,1,2021-07-10
6174,0,0,HA0137_20210710,Hartbeespoort,0,1,2021-07-10
6175,0,0,HA0138_20210710,Hartbeespoort,0,1,2021-07-10
6176,0,0,HA0139_20210710,Hartbeespoort,0,1,2021-07-10
6177,0,0,HA0140_20210710,Hartbeespoort,0,1,2021-07-10
6178,0,0,HA0141_20210710,Hartbeespoort,0,1,2021-07-10
6179,0,0,HA0142_20210710,Hartbeespoort,0,1,2021-07-10
6180,0,0,HA0143_20210710,Hartbeespoort,0,1,2021-07-10
6181,0,0,HA0144_20210710,Hartbeespoort,0,1,2021-07-10
6182,0,0,HA0145_20210710,Hartbeespoort,0,1,2021-07-10
6183,0,0,HA0146_20210710,Hartbeespoort,0,1,2021-07-10
6184,0,0,HA0147_20210710,Hartbeespoort,0,1,2021-07-10
6185,0,0,HA0148_20210710,Hartbeespoort,0,1,2021-07-10
6186,0,0,HA0149_20210710,Hartbeespoort,0,1,2021-07-10
6187,0,0,HA0150_20210710,Hartbeespoort,0,1,2021-07-10
6188,0,0,HA0151_20210710,Hartbeespoort,0,1,2021-07-10
6189,0,0,HA0152_20210710,Hartbeespoort,0,1,2021-07-10
6190,0,0,HA0153_20210710,Hartbeespoort,0,1,2021-07-10
6191,0,0,HA0154_20210710,Hartbeespoort,0,1,2021-07-10
6192,0,0,HA0155_20210710,Hartbeespoort,0,1,2021-07-10
6193,0,0,HA0156_20210710,Hartbeespoort,0,1,2021-07-10
6194,0,0,HA0157_20210710,Hartbeespoort,0,1,2021-07-10
6195,0,0,HA0158_20210710,Hartbeespoort,0,1,2021-07-10
6196,0,0,HA0159_20210710,Hartbeespoort,0,1,2021-07-10
6197,0,0,HA0160_20210710,Hartbeespoort,0,1,2021-07-10
6198,0,0,HA0161_20210710,Hartbeespoort,0,1,2021-07-10
6199,0,0,HA0162_20210710,Hartbeespoort,0,1,2021-07-10
6200,0,0,HA0163_20210710,Hartbeespoort,0,1,2021-07-10
6201,0,0,HA0164_20210710,Hartbeespoort,0,1,2021-07-10
6202,0,0,HA0165_20210710,Hartbeespoort,0,1,2021-07-10
6203,0,0,HA0166_20210710,Hartbeespoort,0,1,2021-07-10
6204,0,0,HA0167_20210710,Hartbeespoort,0,1,2021-07-10
6205,0,0,HA0168_20210710,Hartbeespoort,0,1,2021-07-10
6206,0,0,HA0169_20210710,Hartbeespoort,0,1,2021-07-10
6207,0,0,HA0170_20210710,Hartbeespoort,0,1,2021-07-10
6208,0,0,HA0171_20210710,Hartbeespoort,0,1,2021-07-10
6209,0,0,HA0172_20210710,Hartbeespoort,0,1,2021-07-10
6210,1,1,HA0173_20210710,Hartbeespoort,1,3,2021-07-10
6211,1,1,HA0174_20210710,Hartbeespoort,1,3,2021-07-10
6212,1,1,HA0175_20210710,Hartbeespoort,1,3,2021-07-10
6213,1,1,HA0176_20210710,Hartbeespoort,1,3,2021-07-10
6214,1,1,HA0177_20210710,Hartbeespoort,1,3,2021-07-10
6215,1,1,HA0178_20210710,Hartbeespoort,1,3,2021-07-10
6216,1,1,HA0179_20210710,Hartbeespoort,1,3,2021-07-10
6217,1,1,HA0180_20210710,Hartbeespoort,1,3,2021-07-10
6218,1,1,HA0181_20210710,Hartbeespoort,1,3,2021-07-10
6219,1,1,HA0182_20210710,Hartbeespoort,1,3,2021-07-10
6220,1,1,HA0183_20210710,Hartbeespoort,1,3,2021-07-10
6221,1,1,HA0184_20210710,Hartbeespoort,1,3,2021-07-10
6222,1,1,HA0185_20210710,Hartbeespoort,1,3,2021-07-10
6223,1,1,HA0186_20210710,Hartbeespoort,1,3,2021-07-10
6224,1,1,HA0187_20210710,Hartbeespoort,1,3,2021-07-10
6225,1,1,HA0188_20210710,Hartbeespoort,1,3,2021-07-10
6226,1,1,HA0189_20210710,Hartbeespoort,1,3,2021-07-10
6227,0,0,HA0190_20210710,Hartbeespoort,0,2,2021-07-10
6228,1,1,HA0001_20211107,Hartbeespoort,1,3,2021-11-07
6229,1,1,HA0002_20211107,Hartbeespoort,1,3,2021-11-07
6230,1,1,HA0003_20211107,Hartbeespoort,1,3,2021-11-07
6231,1,1,HA0004_20211107,Hartbeespoort,1,3,2021-11-07
6232,1,1,HA0005_20211107,Hartbeespoort,1,3,2021-11-07
6233,1,1,HA0006_20211107,Hartbeespoort,1,3,2021-11-07
6234,1,1,HA0007_20211107,Hartbeespoort,1,3,2021-11-07
6235,1,1,HA0008_20211107,Hartbeespoort,1,3,2021-11-07
6236,1,1,HA0009_20211107,Hartbeespoort,1,3,2021-11-07
6237,1,1,HA0010_20211107,Hartbeespoort,1,3,2021-11-07
6238,1,1,HA0011_20211107,Hartbeespoort,1,3,2021-11-07
6239,1,1,HA0012_20211107,Hartbeespoort,1,3,2021-11-07
6240,1,1,HA0013_20211107,Hartbeespoort,1,3,2021-11-07
6241,1,1,HA0014_20211107,Hartbeespoort,1,3,2021-11-07
6242,1,1,HA0015_20211107,Hartbeespoort,1,3,2021-11-07
6243,1,1,HA0016_20211107,Hartbeespoort,1,3,2021-11-07
6244,1,1,HA0017_20211107,Hartbeespoort,1,3,2021-11-07
6245,1,1,HA0018_20211107,Hartbeespoort,1,3,2021-11-07
6246,1,1,HA0019_20211107,Hartbeespoort,1,3,2021-11-07
6247,1,1,HA0020_20211107,Hartbeespoort,1,3,2021-11-07
6248,1,1,HA0021_20211107,Hartbeespoort,1,3,2021-11-07
6249,1,1,HA0022_20211107,Hartbeespoort,1,3,2021-11-07
6250,1,1,HA0023_20211107,Hartbeespoort,1,3,2021-11-07
6251,1,1,HA0024_20211107,Hartbeespoort,1,3,2021-11-07
6252,1,1,HA0025_20211107,Hartbeespoort,1,3,2021-11-07
6253,1,1,HA0026_20211107,Hartbeespoort,1,3,2021-11-07
6254,1,1,HA0027_20211107,Hartbeespoort,1,3,2021-11-07
6255,1,1,HA0028_20211107,Hartbeespoort,1,3,2021-11-07
6256,1,1,HA0029_20211107,Hartbeespoort,1,3,2021-11-07
6257,1,1,HA0030_20211107,Hartbeespoort,1,3,2021-11-07
6258,1,1,HA0031_20211107,Hartbeespoort,1,3,2021-11-07
6259,1,1,HA0032_20211107,Hartbeespoort,1,3,2021-11-07
6260,1,1,HA0033_20211107,Hartbeespoort,1,3,2021-11-07
6261,1,1,HA0034_20211107,Hartbeespoort,1,3,2021-11-07
6262,1,1,HA0035_20211107,Hartbeespoort,1,3,2021-11-07
6263,1,1,HA0036_20211107,Hartbeespoort,1,3,2021-11-07
6264,1,1,HA0037_20211107,Hartbeespoort,1,3,2021-11-07
6265,1,1,HA0038_20211107,Hartbeespoort,1,3,2021-11-07
6266,1,1,HA0039_20211107,Hartbeespoort,1,3,2021-11-07
6267,1,1,HA0040_20211107,Hartbeespoort,1,3,2021-11-07
6268,1,1,HA0041_20211107,Hartbeespoort,1,3,2021-11-07
6269,1,1,HA0042_20211107,Hartbeespoort,1,3,2021-11-07
6270,1,1,HA0043_20211107,Hartbeespoort,1,3,2021-11-07
6271,1,1,HA0044_20211107,Hartbeespoort,1,3,2021-11-07
6272,1,1,HA0045_20211107,Hartbeespoort,1,3,2021-11-07
6273,1,1,HA0046_20211107,Hartbeespoort,1,3,2021-11-07
6274,1,1,HA0047_20211107,Hartbeespoort,1,3,2021-11-07
6275,1,1,HA0048_20211107,Hartbeespoort,1,3,2021-11-07
6276,1,1,HA0049_20211107,Hartbeespoort,1,3,2021-11-07
6277,1,1,HA0050_20211107,Hartbeespoort,1,3,2021-11-07
6278,1,1,HA0051_20211107,Hartbeespoort,1,3,2021-11-07
6279,1,1,HA0052_20211107,Hartbeespoort,1,3,2021-11-07
6280,1,1,HA0053_20211107,Hartbeespoort,1,3,2021-11-07
6281,1,1,HA0054_20211107,Hartbeespoort,1,3,2021-11-07
6282,1,1,HA0055_20211107,Hartbeespoort,1,3,2021-11-07
6283,1,1,HA0056_20211107,Hartbeespoort,1,3,2021-11-07
6284,1,1,HA0057_20211107,Hartbeespoort,1,3,2021-11-07
6285,1,1,HA0058_20211107,Hartbeespoort,1,3,2021-11-07
6286,1,1,HA0059_20211107,Hartbeespoort,1,3,2021-11-07
6287,1,1,HA0060_20211107,Hartbeespoort,1,3,2021-11-07
6288,1,1,HA0061_20211107,Hartbeespoort,1,3,2021-11-07
6289,1,1,HA0062_20211107,Hartbeespoort,1,3,2021-11-07
6290,1,1,HA0063_20211107,Hartbeespoort,1,3,2021-11-07
6291,1,1,HA0064_20211107,Hartbeespoort,1,3,2021-11-07
6292,1,1,HA0065_20211107,Hartbeespoort,1,3,2021-11-07
6293,1,1,HA0066_20211107,Hartbeespoort,1,3,2021-11-07
6294,1,1,HA0067_20211107,Hartbeespoort,1,3,2021-11-07
6295,1,1,HA0068_20211107,Hartbeespoort,1,3,2021-11-07
6296,1,1,HA0069_20211107,Hartbeespoort,1,3,2021-11-07
6297,1,1,HA0070_20211107,Hartbeespoort,1,3,2021-11-07
6298,1,1,HA0071_20211107,Hartbeespoort,1,3,2021-11-07
6299,1,1,HA0072_20211107,Hartbeespoort,1,3,2021-11-07
6300,1,1,HA0073_20211107,Hartbeespoort,1,3,2021-11-07
6301,1,1,HA0074_20211107,Hartbeespoort,1,3,2021-11-07
6302,1,1,HA0075_20211107,Hartbeespoort,1,3,2021-11-07
6303,1,1,HA0076_20211107,Hartbeespoort,1,3,2021-11-07
6304,1,1,HA0077_20211107,Hartbeespoort,1,3,2021-11-07
6305,1,1,HA0078_20211107,Hartbeespoort,1,3,2021-11-07
6306,1,1,HA0079_20211107,Hartbeespoort,1,3,2021-11-07
6307,1,1,HA0080_20211107,Hartbeespoort,1,3,2021-11-07
6308,1,1,HA0081_20211107,Hartbeespoort,1,3,2021-11-07
6309,1,1,HA0082_20211107,Hartbeespoort,1,3,2021-11-07
6310,1,1,HA0083_20211107,Hartbeespoort,1,3,2021-11-07
6311,1,1,HA0084_20211107,Hartbeespoort,1,3,2021-11-07
6312,1,1,HA0085_20211107,Hartbeespoort,1,3,2021-11-07
6313,1,1,HA0086_20211107,Hartbeespoort,1,3,2021-11-07
6314,1,1,HA0087_20211107,Hartbeespoort,1,3,2021-11-07
6315,1,1,HA0088_20211107,Hartbeespoort,1,3,2021-11-07
6316,1,1,HA0089_20211107,Hartbeespoort,1,3,2021-11-07
6317,1,1,HA0090_20211107,Hartbeespoort,1,3,2021-11-07
6318,1,1,HA0091_20211107,Hartbeespoort,1,3,2021-11-07
6319,1,1,HA0092_20211107,Hartbeespoort,1,3,2021-11-07
6320,1,1,HA0093_20211107,Hartbeespoort,1,3,2021-11-07
6321,1,1,HA0094_20211107,Hartbeespoort,1,3,2021-11-07
6322,1,1,HA0095_20211107,Hartbeespoort,1,3,2021-11-07
6323,1,1,HA0096_20211107,Hartbeespoort,1,3,2021-11-07
6324,1,1,HA0097_20211107,Hartbeespoort,1,3,2021-11-07
6325,1,1,HA0098_20211107,Hartbeespoort,1,3,2021-11-07
6326,1,1,HA0099_20211107,Hartbeespoort,1,3,2021-11-07
6327,1,1,HA0100_20211107,Hartbeespoort,1,3,2021-11-07
6328,0,0,HA0101_20211107,Hartbeespoort,0,2,2021-11-07
6329,0,0,HA0102_20211107,Hartbeespoort,0,2,2021-11-07
6330,0,0,HA0103_20211107,Hartbeespoort,0,2,2021-11-07
6331,0,0,HA0104_20211107,Hartbeespoort,0,2,2021-11-07
6332,0,0,HA0105_20211107,Hartbeespoort,0,2,2021-11-07
6333,0,0,HA0106_20211107,Hartbeespoort,0,2,2021-11-07
6334,0,0,HA0107_20211107,Hartbeespoort,0,2,2021-11-07
6335,0,0,HA0108_20211107,Hartbeespoort,0,2,2021-11-07
6336,0,0,HA0109_20211107,Hartbeespoort,0,2,2021-11-07
6337,0,0,HA0110_20211107,Hartbeespoort,0,2,2021-11-07
6338,0,0,HA0111_20211107,Hartbeespoort,0,2,2021-11-07
6339,0,0,HA0112_20211107,Hartbeespoort,0,2,2021-11-07
6340,0,0,HA0113_20211107,Hartbeespoort,0,2,2021-11-07
6341,0,0,HA0114_20211107,Hartbeespoort,0,2,2021-11-07
6342,0,0,HA0115_20211107,Hartbeespoort,0,2,2021-11-07
6343,0,0,HA0116_20211107,Hartbeespoort,0,2,2021-11-07
6344,0,0,HA0117_20211107,Hartbeespoort,0,2,2021-11-07
6345,0,0,HA0118_20211107,Hartbeespoort,0,2,2021-11-07
6346,0,0,HA0119_20211107,Hartbeespoort,0,2,2021-11-07
6347,0,0,HA0120_20211107,Hartbeespoort,0,2,2021-11-07
6348,0,0,HA0121_20211107,Hartbeespoort,0,2,2021-11-07
6349,0,0,HA0122_20211107,Hartbeespoort,0,2,2021-11-07
6350,0,0,HA0123_20211107,Hartbeespoort,0,2,2021-11-07
6351,0,0,HA0124_20211107,Hartbeespoort,0,2,2021-11-07
6352,0,0,HA0125_20211107,Hartbeespoort,0,2,2021-11-07
6353,0,0,HA0126_20211107,Hartbeespoort,0,2,2021-11-07
6354,0,0,HA0127_20211107,Hartbeespoort,0,2,2021-11-07
6355,0,0,HA0128_20211107,Hartbeespoort,0,2,2021-11-07
6356,0,0,HA0129_20211107,Hartbeespoort,0,2,2021-11-07
6357,0,0,HA0130_20211107,Hartbeespoort,0,2,2021-11-07
6358,0,0,HA0131_20211107,Hartbeespoort,0,4,2021-11-07
6359,0,0,HA0132_20211107,Hartbeespoort,0,4,2021-11-07
6360,0,0,HA0133_20211107,Hartbeespoort,0,4,2021-11-07
6361,0,0,HA0134_20211107,Hartbeespoort,0,4,2021-11-07
6362,0,0,HA0135_20211107,Hartbeespoort,0,4,2021-11-07
6363,0,0,HA0136_20211107,Hartbeespoort,0,4,2021-11-07
6364,0,0,HA0137_20211107,Hartbeespoort,0,4,2021-11-07
6365,0,0,HA0138_20211107,Hartbeespoort,0,4,2021-11-07
6366,0,0,HA0139_20211107,Hartbeespoort,0,4,2021-11-07
6367,0,0,HA0140_20211107,Hartbeespoort,0,4,2021-11-07
6368,0,0,HA0141_20211107,Hartbeespoort,0,4,2021-11-07
6369,0,0,HA0142_20211107,Hartbeespoort,0,4,2021-11-07
6370,0,0,HA0143_20211107,Hartbeespoort,0,4,2021-11-07
6371,0,0,HA0144_20211107,Hartbeespoort,0,4,2021-11-07
6372,0,0,HA0145_20211107,Hartbeespoort,0,4,2021-11-07
6373,0,0,HA0146_20211107,Hartbeespoort,0,4,2021-11-07
6374,0,0,HA0147_20211107,Hartbeespoort,0,4,2021-11-07
6375,0,0,HA0148_20211107,Hartbeespoort,0,4,2021-11-07
6376,0,0,HA0149_20211107,Hartbeespoort,0,4,2021-11-07
6377,0,0,HA0150_20211107,Hartbeespoort,0,4,2021-11-07
6378,0,0,HA0151_20211107,Hartbeespoort,0,1,2021-11-07
6379,0,0,HA0152_20211107,Hartbeespoort,0,1,2021-11-07
6380,0,0,HA0153_20211107,Hartbeespoort,0,1,2021-11-07
6381,0,0,HA0154_20211107,Hartbeespoort,0,1,2021-11-07
6382,0,0,HA0155_20211107,Hartbeespoort,0,1,2021-11-07
6383,0,0,HA0156_20211107,Hartbeespoort,0,1,2021-11-07
6384,0,0,HA0157_20211107,Hartbeespoort,0,1,2021-11-07
6385,0,0,HA0158_20211107,Hartbeespoort,0,1,2021-11-07
6386,0,0,HA0159_20211107,Hartbeespoort,0,1,2021-11-07
6387,0,0,HA0160_20211107,Hartbeespoort,0,1,2021-11-07
6388,0,0,HA0161_20211107,Hartbeespoort,0,1,2021-11-07
6389,0,0,HA0162_20211107,Hartbeespoort,0,1,2021-11-07
6390,0,0,HA0163_20211107,Hartbeespoort,0,1,2021-11-07
6391,0,0,HA0164_20211107,Hartbeespoort,0,1,2021-11-07
6392,0,0,HA0165_20211107,Hartbeespoort,0,1,2021-11-07
6393,0,0,HA0166_20211107,Hartbeespoort,0,1,2021-11-07
6394,0,0,HA0167_20211107,Hartbeespoort,0,1,2021-11-07
6395,0,0,HA0168_20211107,Hartbeespoort,0,1,2021-11-07
6396,0,0,HA0169_20211107,Hartbeespoort,0,1,2021-11-07
6397,0,0,HA0170_20211107,Hartbeespoort,0,1,2021-11-07
6398,0,0,HA0171_20211107,Hartbeespoort,0,1,2021-11-07
6399,0,0,HA0172_20211107,Hartbeespoort,0,1,2021-11-07
6400,0,0,HA0173_20211107,Hartbeespoort,0,1,2021-11-07
6401,0,0,HA0174_20211107,Hartbeespoort,0,1,2021-11-07
6402,0,0,HA0175_20211107,Hartbeespoort,0,1,2021-11-07
6403,0,0,HA0176_20211107,Hartbeespoort,0,1,2021-11-07
6404,0,0,HA0177_20211107,Hartbeespoort,0,1,2021-11-07
6405,0,0,HA0178_20211107,Hartbeespoort,0,1,2021-11-07
6406,0,0,HA0179_20211107,Hartbeespoort,0,1,2021-11-07
6407,0,0,HA0180_20211107,Hartbeespoort,0,1,2021-11-07
6408,0,0,HA0181_20211107,Hartbeespoort,0,1,2021-11-07
6409,0,0,HA0182_20211107,Hartbeespoort,0,1,2021-11-07
6410,0,0,HA0183_20211107,Hartbeespoort,0,1,2021-11-07
6411,0,0,HA0184_20211107,Hartbeespoort,0,1,2021-11-07
6412,0,0,HA0185_20211107,Hartbeespoort,0,1,2021-11-07
6413,0,0,HA0186_20211107,Hartbeespoort,0,1,2021-11-07
6414,0,0,HA0187_20211107,Hartbeespoort,0,1,2021-11-07
6415,0,0,HA0188_20211107,Hartbeespoort,0,1,2021-11-07
6416,0,0,HA0189_20211107,Hartbeespoort,0,1,2021-11-07
6417,0,0,HA0190_20211107,Hartbeespoort,0,1,2021-11-07
6418,0,0,HA0191_20211107,Hartbeespoort,0,1,2021-11-07
6419,0,0,HA0192_20211107,Hartbeespoort,0,1,2021-11-07
6420,0,0,HA0193_20211107,Hartbeespoort,0,1,2021-11-07
6421,0,0,HA0194_20211107,Hartbeespoort,0,1,2021-11-07
6422,0,0,HA0195_20211107,Hartbeespoort,0,1,2021-11-07
6423,0,0,HA0196_20211107,Hartbeespoort,0,1,2021-11-07
6424,0,0,HA0197_20211107,Hartbeespoort,0,1,2021-11-07
6425,0,0,HA0198_20211107,Hartbeespoort,0,1,2021-11-07
6426,0,0,HA0199_20211107,Hartbeespoort,0,1,2021-11-07
6427,0,0,HA0200_20211107,Hartbeespoort,0,1,2021-11-07
6428,0,0,HA0001_20220516,Hartbeespoort,0,2,2022-05-16
6429,0,0,HA0002_20220516,Hartbeespoort,0,2,2022-05-16
6430,0,0,HA0003_20220516,Hartbeespoort,0,2,2022-05-16
6431,0,0,HA0004_20220516,Hartbeespoort,0,2,2022-05-16
6432,0,0,HA0005_20220516,Hartbeespoort,0,2,2022-05-16
6433,0,0,HA0006_20220516,Hartbeespoort,0,2,2022-05-16
6434,0,0,HA0007_20220516,Hartbeespoort,0,2,2022-05-16
6435,0,0,HA0008_20220516,Hartbeespoort,0,2,2022-05-16
6436,0,0,HA0009_20220516,Hartbeespoort,0,2,2022-05-16
6437,0,0,HA0010_20220516,Hartbeespoort,0,2,2022-05-16
6438,0,0,HA0011_20220516,Hartbeespoort,0,2,2022-05-16
6439,0,0,HA0012_20220516,Hartbeespoort,0,2,2022-05-16
6440,0,0,HA0013_20220516,Hartbeespoort,0,2,2022-05-16
6441,0,0,HA0014_20220516,Hartbeespoort,0,2,2022-05-16
6442,0,0,HA0015_20220516,Hartbeespoort,0,2,2022-05-16
6443,0,0,HA0016_20220516,Hartbeespoort,0,2,2022-05-16
6444,0,0,HA0017_20220516,Hartbeespoort,0,2,2022-05-16
6445,0,0,HA0018_20220516,Hartbeespoort,0,2,2022-05-16
6446,0,0,HA0019_20220516,Hartbeespoort,0,2,2022-05-16
6447,0,0,HA0020_20220516,Hartbeespoort,0,2,2022-05-16
6448,0,0,HA0021_20220516,Hartbeespoort,0,2,2022-05-16
6449,0,0,HA0022_20220516,Hartbeespoort,0,2,2022-05-16
6450,0,0,HA0023_20220516,Hartbeespoort,0,2,2022-05-16
6451,0,0,HA0024_20220516,Hartbeespoort,0,2,2022-05-16
6452,0,0,HA0025_20220516,Hartbeespoort,0,2,2022-05-16
6453,0,0,HA0026_20220516,Hartbeespoort,0,2,2022-05-16
6454,0,0,HA0027_20220516,Hartbeespoort,0,2,2022-05-16
6455,0,0,HA0028_20220516,Hartbeespoort,0,2,2022-05-16
6456,0,0,HA0029_20220516,Hartbeespoort,0,2,2022-05-16
6457,0,0,HA0030_20220516,Hartbeespoort,0,2,2022-05-16
6458,0,0,HA0031_20220516,Hartbeespoort,0,2,2022-05-16
6459,0,0,HA0032_20220516,Hartbeespoort,0,2,2022-05-16
6460,0,0,HA0033_20220516,Hartbeespoort,0,2,2022-05-16
6461,0,0,HA0034_20220516,Hartbeespoort,0,2,2022-05-16
6462,0,0,HA0035_20220516,Hartbeespoort,0,2,2022-05-16
6463,0,0,HA0036_20220516,Hartbeespoort,0,2,2022-05-16
6464,0,0,HA0037_20220516,Hartbeespoort,0,2,2022-05-16
6465,0,0,HA0038_20220516,Hartbeespoort,0,2,2022-05-16
6466,0,0,HA0039_20220516,Hartbeespoort,0,2,2022-05-16
6467,0,0,HA0040_20220516,Hartbeespoort,0,2,2022-05-16
6468,0,0,HA0041_20220516,Hartbeespoort,0,2,2022-05-16
6469,0,0,HA0042_20220516,Hartbeespoort,0,2,2022-05-16
6470,0,0,HA0043_20220516,Hartbeespoort,0,2,2022-05-16
6471,0,0,HA0044_20220516,Hartbeespoort,0,2,2022-05-16
6472,0,0,HA0045_20220516,Hartbeespoort,0,2,2022-05-16
6473,0,0,HA0046_20220516,Hartbeespoort,0,2,2022-05-16
6474,0,0,HA0047_20220516,Hartbeespoort,0,2,2022-05-16
6475,0,0,HA0048_20220516,Hartbeespoort,0,2,2022-05-16
6476,0,0,HA0049_20220516,Hartbeespoort,0,2,2022-05-16
6477,0,0,HA0050_20220516,Hartbeespoort,0,2,2022-05-16
6478,1,0,HA0051_20220516,Hartbeespoort,1,3,2022-05-16
6479,1,0,HA0052_20220516,Hartbeespoort,1,3,2022-05-16
6480,1,0,HA0053_20220516,Hartbeespoort,1,3,2022-05-16
6481,1,0,HA0054_20220516,Hartbeespoort,1,3,2022-05-16
6482,1,0,HA0055_20220516,Hartbeespoort,1,3,2022-05-16
6483,1,1,HA0056_20220516,Hartbeespoort,1,3,2022-05-16
6484,1,1,HA0057_20220516,Hartbeespoort,1,3,2022-05-16
6485,1,0,HA0058_20220516,Hartbeespoort,1,3,2022-05-16
6486,1,0,HA0059_20220516,Hartbeespoort,1,3,2022-05-16
6487,1,0,HA0060_20220516,Hartbeespoort,1,3,2022-05-16
6488,1,0,HA0061_20220516,Hartbeespoort,1,3,2022-05-16
6489,1,0,HA0062_20220516,Hartbeespoort,1,3,2022-05-16
6490,1,0,HA0063_20220516,Hartbeespoort,1,3,2022-05-16
6491,1,1,HA0064_20220516,Hartbeespoort,1,3,2022-05-16
6492,1,0,HA0065_20220516,Hartbeespoort,1,3,2022-05-16
6493,1,0,HA0066_20220516,Hartbeespoort,1,3,2022-05-16
6494,1,1,HA0067_20220516,Hartbeespoort,1,3,2022-05-16
6495,1,1,HA0068_20220516,Hartbeespoort,1,3,2022-05-16
6496,1,0,HA0069_20220516,Hartbeespoort,1,3,2022-05-16
6497,1,1,HA0070_20220516,Hartbeespoort,1,3,2022-05-16
6498,1,0,HA0071_20220516,Hartbeespoort,1,3,2022-05-16
6499,1,1,HA0072_20220516,Hartbeespoort,1,3,2022-05-16
6500,1,1,HA0073_20220516,Hartbeespoort,1,3,2022-05-16
6501,1,1,HA0074_20220516,Hartbeespoort,1,3,2022-05-16
6502,1,1,HA0075_20220516,Hartbeespoort,1,3,2022-05-16
6503,1,1,HA0076_20220516,Hartbeespoort,1,3,2022-05-16
6504,1,1,HA0077_20220516,Hartbeespoort,1,3,2022-05-16
6505,1,1,HA0078_20220516,Hartbeespoort,1,3,2022-05-16
6506,1,1,HA0079_20220516,Hartbeespoort,1,3,2022-05-16
6507,1,1,HA0080_20220516,Hartbeespoort,1,3,2022-05-16
6508,1,1,HA0081_20220516,Hartbeespoort,1,3,2022-05-16
6509,1,1,HA0082_20220516,Hartbeespoort,1,3,2022-05-16
6510,1,1,HA0083_20220516,Hartbeespoort,1,3,2022-05-16
6511,1,1,HA0084_20220516,Hartbeespoort,1,3,2022-05-16
6512,1,1,HA0085_20220516,Hartbeespoort,1,3,2022-05-16
6513,1,1,HA0086_20220516,Hartbeespoort,1,3,2022-05-16
6514,1,1,HA0087_20220516,Hartbeespoort,1,3,2022-05-16
6515,1,1,HA0088_20220516,Hartbeespoort,1,3,2022-05-16
6516,1,1,HA0089_20220516,Hartbeespoort,1,3,2022-05-16
6517,1,1,HA0090_20220516,Hartbeespoort,1,3,2022-05-16
6518,1,1,HA0091_20220516,Hartbeespoort,1,3,2022-05-16
6519,1,1,HA0092_20220516,Hartbeespoort,1,3,2022-05-16
6520,1,1,HA0093_20220516,Hartbeespoort,1,3,2022-05-16
6521,1,1,HA0094_20220516,Hartbeespoort,1,3,2022-05-16
6522,1,1,HA0095_20220516,Hartbeespoort,1,3,2022-05-16
6523,1,1,HA0096_20220516,Hartbeespoort,1,3,2022-05-16
6524,1,1,HA0097_20220516,Hartbeespoort,1,3,2022-05-16
6525,1,1,HA0098_20220516,Hartbeespoort,1,3,2022-05-16
6526,1,1,HA0099_20220516,Hartbeespoort,1,3,2022-05-16
6527,1,1,HA0100_20220516,Hartbeespoort,1,3,2022-05-16
6528,1,1,HA0101_20220516,Hartbeespoort,1,3,2022-05-16
6529,1,0,HA0102_20220516,Hartbeespoort,1,3,2022-05-16
6530,1,1,HA0103_20220516,Hartbeespoort,1,3,2022-05-16
6531,1,1,HA0104_20220516,Hartbeespoort,1,3,2022-05-16
6532,1,1,HA0105_20220516,Hartbeespoort,1,3,2022-05-16
6533,1,1,HA0106_20220516,Hartbeespoort,1,3,2022-05-16
6534,1,1,HA0107_20220516,Hartbeespoort,1,3,2022-05-16
6535,1,1,HA0108_20220516,Hartbeespoort,1,3,2022-05-16
6536,1,1,HA0109_20220516,Hartbeespoort,1,3,2022-05-16
6537,1,1,HA0110_20220516,Hartbeespoort,1,3,2022-05-16
6538,1,1,HA0111_20220516,Hartbeespoort,1,3,2022-05-16
6539,1,1,HA0112_20220516,Hartbeespoort,1,3,2022-05-16
6540,1,1,HA0113_20220516,Hartbeespoort,1,3,2022-05-16
6541,1,1,HA0114_20220516,Hartbeespoort,1,3,2022-05-16
6542,1,1,HA0115_20220516,Hartbeespoort,1,3,2022-05-16
6543,1,1,HA0116_20220516,Hartbeespoort,1,3,2022-05-16
6544,1,1,HA0117_20220516,Hartbeespoort,1,3,2022-05-16
6545,1,1,HA0118_20220516,Hartbeespoort,1,3,2022-05-16
6546,1,1,HA0119_20220516,Hartbeespoort,1,3,2022-05-16
6547,1,1,HA0120_20220516,Hartbeespoort,1,3,2022-05-16
6548,1,1,HA0121_20220516,Hartbeespoort,1,3,2022-05-16
6549,1,1,HA0122_20220516,Hartbeespoort,1,3,2022-05-16
6550,1,1,HA0123_20220516,Hartbeespoort,1,3,2022-05-16
6551,1,1,HA0124_20220516,Hartbeespoort,1,3,2022-05-16
6552,1,1,HA0125_20220516,Hartbeespoort,1,3,2022-05-16
6553,1,0,HA0126_20220516,Hartbeespoort,1,3,2022-05-16
6554,1,1,HA0127_20220516,Hartbeespoort,1,3,2022-05-16
6555,1,1,HA0128_20220516,Hartbeespoort,1,3,2022-05-16
6556,1,1,HA0129_20220516,Hartbeespoort,1,3,2022-05-16
6557,1,1,HA0130_20220516,Hartbeespoort,1,3,2022-05-16
6558,1,1,HA0131_20220516,Hartbeespoort,1,3,2022-05-16
6559,1,1,HA0132_20220516,Hartbeespoort,1,3,2022-05-16
6560,1,1,HA0133_20220516,Hartbeespoort,1,3,2022-05-16
6561,1,1,HA0134_20220516,Hartbeespoort,1,3,2022-05-16
6562,1,1,HA0135_20220516,Hartbeespoort,1,3,2022-05-16
6563,1,1,HA0136_20220516,Hartbeespoort,1,3,2022-05-16
6564,1,0,HA0137_20220516,Hartbeespoort,1,3,2022-05-16
6565,1,0,HA0138_20220516,Hartbeespoort,1,3,2022-05-16
6566,1,0,HA0139_20220516,Hartbeespoort,1,3,2022-05-16
6567,1,0,HA0140_20220516,Hartbeespoort,1,3,2022-05-16
6568,0,0,HA0141_20220516,Hartbeespoort,0,1,2022-05-16
6569,0,0,HA0142_20220516,Hartbeespoort,0,1,2022-05-16
6570,0,0,HA0143_20220516,Hartbeespoort,0,1,2022-05-16
6571,0,0,HA0144_20220516,Hartbeespoort,0,1,2022-05-16
6572,0,0,HA0145_20220516,Hartbeespoort,0,1,2022-05-16
6573,0,0,HA0146_20220516,Hartbeespoort,0,1,2022-05-16
6574,0,0,HA0147_20220516,Hartbeespoort,0,1,2022-05-16
6575,0,0,HA0148_20220516,Hartbeespoort,0,1,2022-05-16
6576,0,0,HA0149_20220516,Hartbeespoort,0,1,2022-05-16
6577,0,0,HA0150_20220516,Hartbeespoort,0,1,2022-05-16
6578,0,0,HA0151_20220516,Hartbeespoort,0,1,2022-05-16
6579,0,0,HA0152_20220516,Hartbeespoort,0,1,2022-05-16
6580,0,0,HA0153_20220516,Hartbeespoort,0,1,2022-05-16
6581,0,0,HA0154_20220516,Hartbeespoort,0,1,2022-05-16
6582,0,0,HA0155_20220516,Hartbeespoort,0,1,2022-05-16
6583,0,0,HA0156_20220516,Hartbeespoort,0,1,2022-05-16
6584,0,0,HA0157_20220516,Hartbeespoort,0,1,2022-05-16
6585,0,0,HA0158_20220516,Hartbeespoort,0,1,2022-05-16
6586,0,0,HA0159_20220516,Hartbeespoort,0,1,2022-05-16
6587,0,0,HA0160_20220516,Hartbeespoort,0,1,2022-05-16
6588,0,0,HA0161_20220516,Hartbeespoort,0,1,2022-05-16
6589,0,0,HA0162_20220516,Hartbeespoort,0,1,2022-05-16
6590,0,0,HA0163_20220516,Hartbeespoort,0,1,2022-05-16
6591,0,0,HA0164_20220516,Hartbeespoort,0,1,2022-05-16
6592,0,0,HA0165_20220516,Hartbeespoort,0,1,2022-05-16
6593,0,0,HA0166_20220516,Hartbeespoort,0,1,2022-05-16
6594,0,0,HA0167_20220516,Hartbeespoort,0,1,2022-05-16
6595,0,1,HA0168_20220516,Hartbeespoort,0,1,2022-05-16
6596,0,0,HA0169_20220516,Hartbeespoort,0,1,2022-05-16
6597,0,0,HA0170_20220516,Hartbeespoort,0,1,2022-05-16
6598,0,0,HA0171_20220516,Hartbeespoort,0,1,2022-05-16
6599,0,0,HA0172_20220516,Hartbeespoort,0,1,2022-05-16
6600,0,0,HA0173_20220516,Hartbeespoort,0,1,2022-05-16
6601,0,0,HA0174_20220516,Hartbeespoort,0,1,2022-05-16
6602,0,0,HA0175_20220516,Hartbeespoort,0,1,2022-05-16
6603,0,0,HA0176_20220516,Hartbeespoort,0,1,2022-05-16
6604,0,0,HA0177_20220516,Hartbeespoort,0,1,2022-05-16
6605,0,0,HA0178_20220516,Hartbeespoort,0,1,2022-05-16
6606,0,0,HA0179_20220516,Hartbeespoort,0,1,2022-05-16
6607,0,0,HA0180_20220516,Hartbeespoort,0,1,2022-05-16
6608,0,0,HA0181_20220516,Hartbeespoort,0,1,2022-05-16
6609,0,0,HA0182_20220516,Hartbeespoort,0,1,2022-05-16
6610,0,0,HA0183_20220516,Hartbeespoort,0,1,2022-05-16
6611,0,0,HA0184_20220516,Hartbeespoort,0,1,2022-05-16
6612,0,0,HA0185_20220516,Hartbeespoort,0,1,2022-05-16
6613,0,0,HA0186_20220516,Hartbeespoort,0,1,2022-05-16
6614,0,0,HA0187_20220516,Hartbeespoort,0,1,2022-05-16
6615,0,1,HA0188_20220516,Hartbeespoort,0,1,2022-05-16
6616,0,0,HA0189_20220516,Hartbeespoort,0,1,2022-05-16
6617,0,0,HA0190_20220516,Hartbeespoort,0,1,2022-05-16
6618,1,1,HA0001_20220715,Hartbeespoort,1,3,2022-07-15
6619,1,1,HA0002_20220715,Hartbeespoort,1,3,2022-07-15
6620,1,1,HA0003_20220715,Hartbeespoort,1,3,2022-07-15
6621,1,1,HA0004_20220715,Hartbeespoort,1,3,2022-07-15
6622,1,1,HA0005_20220715,Hartbeespoort,1,3,2022-07-15
6623,1,1,HA0006_20220715,Hartbeespoort,1,3,2022-07-15
6624,1,1,HA0007_20220715,Hartbeespoort,1,3,2022-07-15
6625,1,1,HA0008_20220715,Hartbeespoort,1,3,2022-07-15
6626,1,1,HA0009_20220715,Hartbeespoort,1,3,2022-07-15
6627,1,1,HA0010_20220715,Hartbeespoort,1,3,2022-07-15
6628,1,1,HA0011_20220715,Hartbeespoort,1,3,2022-07-15
6629,1,1,HA0012_20220715,Hartbeespoort,1,3,2022-07-15
6630,1,1,HA0013_20220715,Hartbeespoort,1,3,2022-07-15
6631,1,1,HA0014_20220715,Hartbeespoort,1,3,2022-07-15
6632,1,1,HA0015_20220715,Hartbeespoort,1,3,2022-07-15
6633,1,1,HA0016_20220715,Hartbeespoort,1,3,2022-07-15
6634,1,1,HA0017_20220715,Hartbeespoort,1,3,2022-07-15
6635,1,1,HA0018_20220715,Hartbeespoort,1,3,2022-07-15
6636,1,1,HA0019_20220715,Hartbeespoort,1,3,2022-07-15
6637,1,1,HA0020_20220715,Hartbeespoort,1,3,2022-07-15
6638,1,1,HA0021_20220715,Hartbeespoort,1,3,2022-07-15
6639,1,1,HA0022_20220715,Hartbeespoort,1,3,2022-07-15
6640,1,1,HA0023_20220715,Hartbeespoort,1,3,2022-07-15
6641,1,1,HA0024_20220715,Hartbeespoort,1,3,2022-07-15
6642,1,1,HA0025_20220715,Hartbeespoort,1,3,2022-07-15
6643,1,1,HA0026_20220715,Hartbeespoort,1,3,2022-07-15
6644,1,1,HA0027_20220715,Hartbeespoort,1,3,2022-07-15
6645,1,1,HA0028_20220715,Hartbeespoort,1,3,2022-07-15
6646,1,1,HA0029_20220715,Hartbeespoort,1,3,2022-07-15
6647,1,1,HA0030_20220715,Hartbeespoort,1,3,2022-07-15
6648,1,1,HA0031_20220715,Hartbeespoort,1,3,2022-07-15
6649,1,1,HA0032_20220715,Hartbeespoort,1,3,2022-07-15
6650,1,1,HA0033_20220715,Hartbeespoort,1,3,2022-07-15
6651,1,1,HA0034_20220715,Hartbeespoort,1,3,2022-07-15
6652,1,1,HA0035_20220715,Hartbeespoort,1,3,2022-07-15
6653,1,1,HA0036_20220715,Hartbeespoort,1,3,2022-07-15
6654,1,1,HA0037_20220715,Hartbeespoort,1,3,2022-07-15
6655,1,1,HA0038_20220715,Hartbeespoort,1,3,2022-07-15
6656,1,1,HA0039_20220715,Hartbeespoort,1,3,2022-07-15
6657,1,1,HA0040_20220715,Hartbeespoort,1,3,2022-07-15
6658,1,1,HA0041_20220715,Hartbeespoort,1,3,2022-07-15
6659,1,1,HA0042_20220715,Hartbeespoort,1,3,2022-07-15
6660,1,1,HA0043_20220715,Hartbeespoort,1,3,2022-07-15
6661,1,1,HA0044_20220715,Hartbeespoort,1,3,2022-07-15
6662,1,1,HA0045_20220715,Hartbeespoort,1,3,2022-07-15
6663,1,1,HA0046_20220715,Hartbeespoort,1,3,2022-07-15
6664,1,1,HA0047_20220715,Hartbeespoort,1,3,2022-07-15
6665,1,1,HA0048_20220715,Hartbeespoort,1,3,2022-07-15
6666,1,1,HA0049_20220715,Hartbeespoort,1,3,2022-07-15
6667,1,1,HA0050_20220715,Hartbeespoort,1,3,2022-07-15
6668,1,1,HA0051_20220715,Hartbeespoort,1,3,2022-07-15
6669,1,1,HA0052_20220715,Hartbeespoort,1,3,2022-07-15
6670,1,1,HA0053_20220715,Hartbeespoort,1,3,2022-07-15
6671,1,1,HA0054_20220715,Hartbeespoort,1,3,2022-07-15
6672,1,1,HA0055_20220715,Hartbeespoort,1,3,2022-07-15
6673,1,1,HA0056_20220715,Hartbeespoort,1,3,2022-07-15
6674,1,1,HA0057_20220715,Hartbeespoort,1,3,2022-07-15
6675,1,1,HA0058_20220715,Hartbeespoort,1,3,2022-07-15
6676,1,1,HA0059_20220715,Hartbeespoort,1,3,2022-07-15
6677,1,1,HA0060_20220715,Hartbeespoort,1,3,2022-07-15
6678,1,1,HA0061_20220715,Hartbeespoort,1,3,2022-07-15
6679,1,1,HA0062_20220715,Hartbeespoort,1,3,2022-07-15
6680,1,1,HA0063_20220715,Hartbeespoort,1,3,2022-07-15
6681,1,1,HA0064_20220715,Hartbeespoort,1,3,2022-07-15
6682,1,1,HA0065_20220715,Hartbeespoort,1,3,2022-07-15
6683,1,1,HA0066_20220715,Hartbeespoort,1,3,2022-07-15
6684,1,1,HA0067_20220715,Hartbeespoort,1,3,2022-07-15
6685,1,1,HA0068_20220715,Hartbeespoort,1,3,2022-07-15
6686,1,1,HA0069_20220715,Hartbeespoort,1,3,2022-07-15
6687,1,1,HA0070_20220715,Hartbeespoort,1,3,2022-07-15
6688,1,1,HA0071_20220715,Hartbeespoort,1,3,2022-07-15
6689,1,1,HA0072_20220715,Hartbeespoort,1,3,2022-07-15
6690,1,1,HA0073_20220715,Hartbeespoort,1,3,2022-07-15
6691,1,1,HA0074_20220715,Hartbeespoort,1,3,2022-07-15
6692,1,1,HA0075_20220715,Hartbeespoort,1,3,2022-07-15
6693,1,1,HA0076_20220715,Hartbeespoort,1,3,2022-07-15
6694,1,1,HA0077_20220715,Hartbeespoort,1,3,2022-07-15
6695,1,1,HA0078_20220715,Hartbeespoort,1,3,2022-07-15
6696,1,1,HA0079_20220715,Hartbeespoort,1,3,2022-07-15
6697,1,1,HA0080_20220715,Hartbeespoort,1,3,2022-07-15
6698,1,1,HA0081_20220715,Hartbeespoort,1,3,2022-07-15
6699,1,1,HA0082_20220715,Hartbeespoort,1,3,2022-07-15
6700,1,1,HA0083_20220715,Hartbeespoort,1,3,2022-07-15
6701,1,1,HA0084_20220715,Hartbeespoort,1,3,2022-07-15
6702,1,1,HA0085_20220715,Hartbeespoort,1,3,2022-07-15
6703,1,1,HA0086_20220715,Hartbeespoort,1,3,2022-07-15
6704,1,1,HA0087_20220715,Hartbeespoort,1,3,2022-07-15
6705,1,1,HA0088_20220715,Hartbeespoort,1,3,2022-07-15
6706,1,1,HA0089_20220715,Hartbeespoort,1,3,2022-07-15
6707,1,1,HA0090_20220715,Hartbeespoort,1,3,2022-07-15
6708,1,1,HA0091_20220715,Hartbeespoort,1,3,2022-07-15
6709,1,1,HA0092_20220715,Hartbeespoort,1,3,2022-07-15
6710,1,1,HA0093_20220715,Hartbeespoort,1,3,2022-07-15
6711,1,1,HA0094_20220715,Hartbeespoort,1,3,2022-07-15
6712,1,1,HA0095_20220715,Hartbeespoort,1,3,2022-07-15
6713,1,1,HA0096_20220715,Hartbeespoort,1,3,2022-07-15
6714,1,1,HA0097_20220715,Hartbeespoort,1,3,2022-07-15
6715,1,1,HA0098_20220715,Hartbeespoort,1,3,2022-07-15
6716,1,1,HA0099_20220715,Hartbeespoort,1,3,2022-07-15
6717,1,1,HA0100_20220715,Hartbeespoort,1,3,2022-07-15
6718,0,0,HA0101_20220715,Hartbeespoort,0,2,2022-07-15
6719,0,0,HA0102_20220715,Hartbeespoort,0,2,2022-07-15
6720,0,0,HA0103_20220715,Hartbeespoort,0,2,2022-07-15
6721,0,0,HA0104_20220715,Hartbeespoort,0,2,2022-07-15
6722,0,0,HA0105_20220715,Hartbeespoort,0,2,2022-07-15
6723,0,0,HA0106_20220715,Hartbeespoort,0,2,2022-07-15
6724,0,0,HA0107_20220715,Hartbeespoort,0,2,2022-07-15
6725,0,0,HA0108_20220715,Hartbeespoort,0,2,2022-07-15
6726,0,0,HA0109_20220715,Hartbeespoort,0,2,2022-07-15
6727,0,0,HA0110_20220715,Hartbeespoort,0,2,2022-07-15
6728,0,0,HA0111_20220715,Hartbeespoort,0,2,2022-07-15
6729,0,0,HA0112_20220715,Hartbeespoort,0,2,2022-07-15
6730,0,0,HA0113_20220715,Hartbeespoort,0,2,2022-07-15
6731,0,0,HA0114_20220715,Hartbeespoort,0,2,2022-07-15
6732,0,0,HA0115_20220715,Hartbeespoort,0,2,2022-07-15
6733,0,0,HA0116_20220715,Hartbeespoort,0,2,2022-07-15
6734,0,0,HA0117_20220715,Hartbeespoort,0,2,2022-07-15
6735,0,0,HA0118_20220715,Hartbeespoort,0,2,2022-07-15
6736,0,0,HA0119_20220715,Hartbeespoort,0,2,2022-07-15
6737,0,0,HA0120_20220715,Hartbeespoort,0,2,2022-07-15
6738,0,0,HA0121_20220715,Hartbeespoort,0,2,2022-07-15
6739,0,0,HA0122_20220715,Hartbeespoort,0,2,2022-07-15
6740,0,0,HA0123_20220715,Hartbeespoort,0,2,2022-07-15
6741,0,0,HA0124_20220715,Hartbeespoort,0,2,2022-07-15
6742,0,0,HA0125_20220715,Hartbeespoort,0,2,2022-07-15
6743,0,0,HA0126_20220715,Hartbeespoort,0,2,2022-07-15
6744,0,0,HA0127_20220715,Hartbeespoort,0,2,2022-07-15
6745,0,0,HA0128_20220715,Hartbeespoort,0,2,2022-07-15
6746,0,0,HA0129_20220715,Hartbeespoort,0,2,2022-07-15
6747,0,0,HA0130_20220715,Hartbeespoort,0,2,2022-07-15
6748,0,0,HA0131_20220715,Hartbeespoort,0,2,2022-07-15
6749,0,0,HA0132_20220715,Hartbeespoort,0,2,2022-07-15
6750,0,0,HA0133_20220715,Hartbeespoort,0,2,2022-07-15
6751,0,0,HA0134_20220715,Hartbeespoort,0,2,2022-07-15
6752,0,0,HA0135_20220715,Hartbeespoort,0,2,2022-07-15
6753,0,0,HA0136_20220715,Hartbeespoort,0,2,2022-07-15
6754,0,0,HA0137_20220715,Hartbeespoort,0,2,2022-07-15
6755,0,0,HA0138_20220715,Hartbeespoort,0,2,2022-07-15
6756,0,0,HA0139_20220715,Hartbeespoort,0,2,2022-07-15
6757,0,0,HA0140_20220715,Hartbeespoort,0,2,2022-07-15
6758,0,0,HA0141_20220715,Hartbeespoort,0,2,2022-07-15
6759,0,0,HA0142_20220715,Hartbeespoort,0,2,2022-07-15
6760,0,0,HA0143_20220715,Hartbeespoort,0,2,2022-07-15
6761,0,0,HA0144_20220715,Hartbeespoort,0,2,2022-07-15
6762,0,0,HA0145_20220715,Hartbeespoort,0,2,2022-07-15
6763,0,0,HA0146_20220715,Hartbeespoort,0,2,2022-07-15
6764,0,0,HA0147_20220715,Hartbeespoort,0,2,2022-07-15
6765,0,0,HA0148_20220715,Hartbeespoort,0,2,2022-07-15
6766,0,0,HA0149_20220715,Hartbeespoort,0,2,2022-07-15
6767,0,0,HA0150_20220715,Hartbeespoort,0,2,2022-07-15
6768,0,0,HA0151_20220715,Hartbeespoort,0,1,2022-07-15
6769,0,0,HA0152_20220715,Hartbeespoort,0,1,2022-07-15
6770,0,0,HA0153_20220715,Hartbeespoort,0,1,2022-07-15
6771,0,0,HA0154_20220715,Hartbeespoort,0,1,2022-07-15
6772,0,0,HA0155_20220715,Hartbeespoort,0,1,2022-07-15
6773,0,0,HA0156_20220715,Hartbeespoort,0,1,2022-07-15
6774,0,0,HA0157_20220715,Hartbeespoort,0,1,2022-07-15
6775,0,0,HA0158_20220715,Hartbeespoort,0,1,2022-07-15
6776,0,0,HA0159_20220715,Hartbeespoort,0,1,2022-07-15
6777,0,0,HA0160_20220715,Hartbeespoort,0,1,2022-07-15
6778,0,0,HA0161_20220715,Hartbeespoort,0,1,2022-07-15
6779,0,0,HA0162_20220715,Hartbeespoort,0,1,2022-07-15
6780,0,0,HA0163_20220715,Hartbeespoort,0,1,2022-07-15
6781,0,0,HA0164_20220715,Hartbeespoort,0,1,2022-07-15
6782,0,0,HA0165_20220715,Hartbeespoort,0,1,2022-07-15
6783,0,0,HA0166_20220715,Hartbeespoort,0,1,2022-07-15
6784,0,0,HA0167_20220715,Hartbeespoort,0,1,2022-07-15
6785,0,0,HA0168_20220715,Hartbeespoort,0,1,2022-07-15
6786,0,0,HA0169_20220715,Hartbeespoort,0,1,2022-07-15
6787,0,0,HA0170_20220715,Hartbeespoort,0,1,2022-07-15
6788,0,0,HA0171_20220715,Hartbeespoort,0,1,2022-07-15
6789,0,0,HA0172_20220715,Hartbeespoort,0,1,2022-07-15
6790,0,0,HA0173_20220715,Hartbeespoort,0,1,2022-07-15
6791,0,0,HA0174_20220715,Hartbeespoort,0,1,2022-07-15
6792,0,0,HA0175_20220715,Hartbeespoort,0,1,2022-07-15
6793,0,0,HA0176_20220715,Hartbeespoort,0,1,2022-07-15
6794,0,0,HA0177_20220715,Hartbeespoort,0,1,2022-07-15
6795,0,0,HA0178_20220715,Hartbeespoort,0,1,2022-07-15
6796,0,0,HA0179_20220715,Hartbeespoort,0,1,2022-07-15
6797,0,0,HA0180_20220715,Hartbeespoort,0,1,2022-07-15
6798,0,0,HA0181_20220715,Hartbeespoort,0,1,2022-07-15
6799,0,0,HA0182_20220715,Hartbeespoort,0,1,2022-07-15
6800,0,0,HA0183_20220715,Hartbeespoort,0,1,2022-07-15
6801,0,0,HA0184_20220715,Hartbeespoort,0,1,2022-07-15
6802,0,0,HA0185_20220715,Hartbeespoort,0,1,2022-07-15
6803,0,0,HA0186_20220715,Hartbeespoort,0,1,2022-07-15
6804,0,0,HA0187_20220715,Hartbeespoort,0,1,2022-07-15
6805,0,0,HA0188_20220715,Hartbeespoort,0,1,2022-07-15
6806,0,0,HA0189_20220715,Hartbeespoort,0,1,2022-07-15
6807,0,0,HA0190_20220715,Hartbeespoort,0,1,2022-07-15
6808,0,0,HA0191_20220715,Hartbeespoort,0,1,2022-07-15
6809,0,0,HA0192_20220715,Hartbeespoort,0,1,2022-07-15
6810,0,0,HA0193_20220715,Hartbeespoort,0,1,2022-07-15
6811,0,0,HA0194_20220715,Hartbeespoort,0,1,2022-07-15
6812,0,0,HA0195_20220715,Hartbeespoort,0,1,2022-07-15
6813,0,0,HA0196_20220715,Hartbeespoort,0,1,2022-07-15
6814,0,0,HA0197_20220715,Hartbeespoort,0,1,2022-07-15
6815,0,0,HA0198_20220715,Hartbeespoort,0,1,2022-07-15
6816,0,0,HA0199_20220715,Hartbeespoort,0,1,2022-07-15
6817,0,0,HA0200_20220715,Hartbeespoort,0,1,2022-07-15
6818,1,1,HA0001_20250828,Hartbeespoort,1,3,2025-08-28
6819,1,1,HA0002_20250828,Hartbeespoort,1,3,2025-08-28
6820,1,1,HA0003_20250828,Hartbeespoort,1,3,2025-08-28
6821,1,1,HA0004_20250828,Hartbeespoort,1,3,2025-08-28
6822,1,1,HA0005_20250828,Hartbeespoort,1,3,2025-08-28
6823,1,1,HA0006_20250828,Hartbeespoort,1,3,2025-08-28
6824,1,1,HA0007_20250828,Hartbeespoort,1,3,2025-08-28
6825,1,1,HA0008_20250828,Hartbeespoort,1,3,2025-08-28
6826,1,1,HA0009_20250828,Hartbeespoort,1,3,2025-08-28
6827,1,1,HA0010_20250828,Hartbeespoort,1,3,2025-08-28
6828,1,1,HA0011_20250828,Hartbeespoort,1,3,2025-08-28
6829,1,1,HA0012_20250828,Hartbeespoort,1,3,2025-08-28
6830,1,1,HA0013_20250828,Hartbeespoort,1,3,2025-08-28
6831,1,1,HA0014_20250828,Hartbeespoort,1,3,2025-08-28
6832,1,1,HA0015_20250828,Hartbeespoort,1,3,2025-08-28
6833,1,1,HA0016_20250828,Hartbeespoort,1,3,2025-08-28
6834,1,1,HA0017_20250828,Hartbeespoort,1,3,2025-08-28
6835,1,1,HA0018_20250828,Hartbeespoort,1,3,2025-08-28
6836,1,1,HA0019_20250828,Hartbeespoort,1,3,2025-08-28
6837,1,1,HA0020_20250828,Hartbeespoort,1,3,2025-08-28
6838,1,1,HA0021_20250828,Hartbeespoort,1,3,2025-08-28
6839,1,1,HA0022_20250828,Hartbeespoort,1,3,2025-08-28
6840,1,1,HA0023_20250828,Hartbeespoort,1,3,2025-08-28
6841,1,1,HA0024_20250828,Hartbeespoort,1,3,2025-08-28
6842,1,1,HA0025_20250828,Hartbeespoort,1,3,2025-08-28
6843,1,1,HA0026_20250828,Hartbeespoort,1,3,2025-08-28
6844,1,1,HA0027_20250828,Hartbeespoort,1,3,2025-08-28
6845,1,1,HA0028_20250828,Hartbeespoort,1,3,2025-08-28
6846,1,1,HA0029_20250828,Hartbeespoort,1,3,2025-08-28
6847,1,1,HA0030_20250828,Hartbeespoort,1,3,2025-08-28
6848,1,1,HA0031_20250828,Hartbeespoort,1,3,2025-08-28
6849,1,1,HA0032_20250828,Hartbeespoort,1,3,2025-08-28
6850,1,1,HA0033_20250828,Hartbeespoort,1,3,2025-08-28
6851,1,1,HA0034_20250828,Hartbeespoort,1,3,2025-08-28
6852,1,1,HA0035_20250828,Hartbeespoort,1,3,2025-08-28
6853,1,1,HA0036_20250828,Hartbeespoort,1,3,2025-08-28
6854,1,1,HA0037_20250828,Hartbeespoort,1,3,2025-08-28
6855,1,1,HA0038_20250828,Hartbeespoort,1,3,2025-08-28
6856,1,1,HA0039_20250828,Hartbeespoort,1,3,2025-08-28
6857,1,1,HA0040_20250828,Hartbeespoort,1,3,2025-08-28
6858,1,1,HA0041_20250828,Hartbeespoort,1,3,2025-08-28
6859,1,1,HA0042_20250828,Hartbeespoort,1,3,2025-08-28
6860,1,1,HA0043_20250828,Hartbeespoort,1,3,2025-08-28
6861,1,1,HA0044_20250828,Hartbeespoort,1,3,2025-08-28
6862,1,1,HA0045_20250828,Hartbeespoort,1,3,2025-08-28
6863,1,1,HA0046_20250828,Hartbeespoort,1,3,2025-08-28
6864,1,1,HA0047_20250828,Hartbeespoort,1,3,2025-08-28
6865,1,1,HA0048_20250828,Hartbeespoort,1,3,2025-08-28
6866,1,1,HA0049_20250828,Hartbeespoort,1,3,2025-08-28
6867,1,1,HA0050_20250828,Hartbeespoort,1,3,2025-08-28
6868,1,1,HA0051_20250828,Hartbeespoort,1,3,2025-08-28
6869,1,1,HA0052_20250828,Hartbeespoort,1,3,2025-08-28
6870,1,1,HA0053_20250828,Hartbeespoort,1,3,2025-08-28
6871,1,1,HA0054_20250828,Hartbeespoort,1,3,2025-08-28
6872,1,1,HA0055_20250828,Hartbeespoort,1,3,2025-08-28
6873,1,1,HA0056_20250828,Hartbeespoort,1,3,2025-08-28
6874,1,1,HA0057_20250828,Hartbeespoort,1,3,2025-08-28
6875,1,1,HA0058_20250828,Hartbeespoort,1,3,2025-08-28
6876,1,1,HA0059_20250828,Hartbeespoort,1,3,2025-08-28
6877,1,1,HA0060_20250828,Hartbeespoort,1,3,2025-08-28
6878,1,1,HA0061_20250828,Hartbeespoort,1,3,2025-08-28
6879,1,1,HA0062_20250828,Hartbeespoort,1,3,2025-08-28
6880,1,1,HA0063_20250828,Hartbeespoort,1,3,2025-08-28
6881,1,1,HA0064_20250828,Hartbeespoort,1,3,2025-08-28
6882,1,1,HA0065_20250828,Hartbeespoort,1,3,2025-08-28
6883,1,1,HA0066_20250828,Hartbeespoort,1,3,2025-08-28
6884,1,1,HA0067_20250828,Hartbeespoort,1,3,2025-08-28
6885,1,1,HA0068_20250828,Hartbeespoort,1,3,2025-08-28
6886,1,1,HA0069_20250828,Hartbeespoort,1,3,2025-08-28
6887,1,1,HA0070_20250828,Hartbeespoort,1,3,2025-08-28
6888,1,1,HA0071_20250828,Hartbeespoort,1,3,2025-08-28
6889,1,1,HA0072_20250828,Hartbeespoort,1,3,2025-08-28
6890,1,1,HA0073_20250828,Hartbeespoort,1,3,2025-08-28
6891,1,1,HA0074_20250828,Hartbeespoort,1,3,2025-08-28
6892,1,1,HA0075_20250828,Hartbeespoort,1,3,2025-08-28
6893,1,1,HA0076_20250828,Hartbeespoort,1,3,2025-08-28
6894,1,1,HA0077_20250828,Hartbeespoort,1,3,2025-08-28
6895,1,1,HA0078_20250828,Hartbeespoort,1,3,2025-08-28
6896,1,1,HA0079_20250828,Hartbeespoort,1,3,2025-08-28
6897,1,1,HA0080_20250828,Hartbeespoort,1,3,2025-08-28
6898,1,1,HA0081_20250828,Hartbeespoort,1,3,2025-08-28
6899,1,1,HA0082_20250828,Hartbeespoort,1,3,2025-08-28
6900,1,1,HA0083_20250828,Hartbeespoort,1,3,2025-08-28
6901,1,1,HA0084_20250828,Hartbeespoort,1,3,2025-08-28
6902,1,1,HA0085_20250828,Hartbeespoort,1,3,2025-08-28
6903,1,1,HA0086_20250828,Hartbeespoort,1,3,2025-08-28
6904,1,1,HA0087_20250828,Hartbeespoort,1,3,2025-08-28
6905,1,1,HA0088_20250828,Hartbeespoort,1,3,2025-08-28
6906,1,1,HA0089_20250828,Hartbeespoort,1,3,2025-08-28
6907,1,1,HA0090_20250828,Hartbeespoort,1,3,2025-08-28
6908,1,1,HA0091_20250828,Hartbeespoort,1,3,2025-08-28
6909,1,1,HA0092_20250828,Hartbeespoort,1,3,2025-08-28
6910,1,1,HA0093_20250828,Hartbeespoort,1,3,2025-08-28
6911,1,1,HA0094_20250828,Hartbeespoort,1,3,2025-08-28
6912,1,1,HA0095_20250828,Hartbeespoort,1,3,2025-08-28
6913,1,1,HA0096_20250828,Hartbeespoort,1,3,2025-08-28
6914,1,1,HA0097_20250828,Hartbeespoort,1,3,2025-08-28
6915,1,1,HA0098_20250828,Hartbeespoort,1,3,2025-08-28
6916,1,1,HA0099_20250828,Hartbeespoort,1,3,2025-08-28
6917,1,1,HA0100_20250828,Hartbeespoort,1,3,2025-08-28
6918,0,0,HA0101_20250828,Hartbeespoort,0,1,2025-08-28
6919,0,0,HA0102_20250828,Hartbeespoort,0,1,2025-08-28
6920,0,0,HA0103_20250828,Hartbeespoort,0,1,2025-08-28
6921,0,0,HA0104_20250828,Hartbeespoort,0,1,2025-08-28
6922,0,0,HA0105_20250828,Hartbeespoort,0,1,2025-08-28
6923,0,1,HA0106_20250828,Hartbeespoort,0,1,2025-08-28
6924,0,0,HA0107_20250828,Hartbeespoort,0,1,2025-08-28
6925,0,1,HA0108_20250828,Hartbeespoort,0,1,2025-08-28
6926,0,1,HA0109_20250828,Hartbeespoort,0,1,2025-08-28
6927,0,0,HA0110_20250828,Hartbeespoort,0,1,2025-08-28
6928,0,0,HA0111_20250828,Hartbeespoort,0,1,2025-08-28
6929,0,0,HA0112_20250828,Hartbeespoort,0,1,2025-08-28
6930,0,0,HA0113_20250828,Hartbeespoort,0,1,2025-08-28
6931,0,0,HA0114_20250828,Hartbeespoort,0,1,2025-08-28
6932,0,0,HA0115_20250828,Hartbeespoort,0,1,2025-08-28
6933,0,0,HA0116_20250828,Hartbeespoort,0,1,2025-08-28
6934,0,0,HA0117_20250828,Hartbeespoort,0,1,2025-08-28
6935,0,0,HA0118_20250828,Hartbeespoort,0,1,2025-08-28
6936,0,0,HA0119_20250828,Hartbeespoort,0,1,2025-08-28
6937,0,0,HA0120_20250828,Hartbeespoort,0,1,2025-08-28
6938,0,0,HA0121_20250828,Hartbeespoort,0,1,2025-08-28
6939,0,0,HA0122_20250828,Hartbeespoort,0,1,2025-08-28
6940,0,0,HA0123_20250828,Hartbeespoort,0,1,2025-08-28
6941,0,0,HA0124_20250828,Hartbeespoort,0,1,2025-08-28
6942,0,0,HA0125_20250828,Hartbeespoort,0,1,2025-08-28
6943,0,0,HA0126_20250828,Hartbeespoort,0,1,2025-08-28
6944,0,0,HA0127_20250828,Hartbeespoort,0,1,2025-08-28
6945,0,0,HA0128_20250828,Hartbeespoort,0,1,2025-08-28
6946,0,0,HA0129_20250828,Hartbeespoort,0,1,2025-08-28
6947,0,0,HA0130_20250828,Hartbeespoort,0,1,2025-08-28
6948,0,0,HA0131_20250828,Hartbeespoort,0,1,2025-08-28
6949,0,0,HA0132_20250828,Hartbeespoort,0,1,2025-08-28
6950,0,0,HA0133_20250828,Hartbeespoort,0,1,2025-08-28
6951,0,0,HA0134_20250828,Hartbeespoort,0,1,2025-08-28
6952,0,0,HA0135_20250828,Hartbeespoort,0,1,2025-08-28
6953,0,0,HA0136_20250828,Hartbeespoort,0,1,2025-08-28
6954,0,0,HA0137_20250828,Hartbeespoort,0,1,2025-08-28
6955,0,0,HA0138_20250828,Hartbeespoort,0,1,2025-08-28
6956,0,0,HA0139_20250828,Hartbeespoort,0,1,2025-08-28
6957,0,0,HA0140_20250828,Hartbeespoort,0,1,2025-08-28
6958,0,0,HA0141_20250828,Hartbeespoort,0,1,2025-08-28
6959,0,0,HA0142_20250828,Hartbeespoort,0,1,2025-08-28
6960,0,0,HA0143_20250828,Hartbeespoort,0,1,2025-08-28
6961,0,0,HA0144_20250828,Hartbeespoort,0,1,2025-08-28
6962,0,0,HA0145_20250828,Hartbeespoort,0,1,2025-08-28
6963,0,0,HA0146_20250828,Hartbeespoort,0,1,2025-08-28
6964,0,0,HA0147_20250828,Hartbeespoort,0,1,2025-08-28
6965,0,0,HA0148_20250828,Hartbeespoort,0,1,2025-08-28
6966,0,0,HA0149_20250828,Hartbeespoort,0,1,2025-08-28
6967,0,0,HA0150_20250828,Hartbeespoort,0,1,2025-08-28
6968,0,0,HA0151_20250828,Hartbeespoort,0,2,2025-08-28
6969,0,0,HA0152_20250828,Hartbeespoort,0,2,2025-08-28
6970,0,0,HA0153_20250828,Hartbeespoort,0,2,2025-08-28
6971,0,0,HA0154_20250828,Hartbeespoort,0,2,2025-08-28
6972,0,0,HA0155_20250828,Hartbeespoort,0,2,2025-08-28
6973,0,0,HA0156_20250828,Hartbeespoort,0,2,2025-08-28
6974,0,0,HA0157_20250828,Hartbeespoort,0,2,2025-08-28
6975,0,0,HA0158_20250828,Hartbeespoort,0,2,2025-08-28
6976,0,0,HA0159_20250828,Hartbeespoort,0,2,2025-08-28
6977,0,0,HA0160_20250828,Hartbeespoort,0,2,2025-08-28
6978,0,0,HA0161_20250828,Hartbeespoort,0,2,2025-08-28
6979,0,0,HA0162_20250828,Hartbeespoort,0,2,2025-08-28
6980,0,0,HA0163_20250828,Hartbeespoort,0,2,2025-08-28
6981,0,0,HA0164_20250828,Hartbeespoort,0,2,2025-08-28
6982,0,0,HA0165_20250828,Hartbeespoort,0,2,2025-08-28
6983,0,0,HA0166_20250828,Hartbeespoort,0,2,2025-08-28
6984,0,0,HA0167_20250828,Hartbeespoort,0,2,2025-08-28
6985,0,0,HA0168_20250828,Hartbeespoort,0,2,2025-08-28
6986,0,0,HA0169_20250828,Hartbeespoort,0,2,2025-08-28
6987,0,0,HA0170_20250828,Hartbeespoort,0,2,2025-08-28
6988,0,0,HA0171_20250828,Hartbeespoort,0,2,2025-08-28
6989,0,0,HA0172_20250828,Hartbeespoort,0,2,2025-08-28
6990,0,0,HA0173_20250828,Hartbeespoort,0,2,2025-08-28
6991,0,0,HA0174_20250828,Hartbeespoort,0,2,2025-08-28
6992,0,0,HA0175_20250828,Hartbeespoort,0,2,2025-08-28
6993,0,0,HA0176_20250828,Hartbeespoort,0,2,2025-08-28
6994,0,0,HA0177_20250828,Hartbeespoort,0,2,2025-08-28
6995,0,0,HA0178_20250828,Hartbeespoort,0,2,2025-08-28
6996,0,0,HA0179_20250828,Hartbeespoort,0,2,2025-08-28
6997,0,0,HA0180_20250828,Hartbeespoort,0,2,2025-08-28
6998,0,0,HA0181_20250828,Hartbeespoort,0,2,2025-08-28
6999,0,0,HA0182_20250828,Hartbeespoort,0,2,2025-08-28
7000,0,0,HA0183_20250828,Hartbeespoort,0,2,2025-08-28
7001,0,0,HA0184_20250828,Hartbeespoort,0,2,2025-08-28
7002,0,0,HA0185_20250828,Hartbeespoort,0,2,2025-08-28
7003,0,0,HA0186_20250828,Hartbeespoort,0,2,2025-08-28
7004,0,0,HA0187_20250828,Hartbeespoort,0,2,2025-08-28
7005,0,0,HA0188_20250828,Hartbeespoort,0,2,2025-08-28
7006,0,0,HA0189_20250828,Hartbeespoort,0,2,2025-08-28
7007,0,0,HA0190_20250828,Hartbeespoort,0,2,2025-08-28
7008,0,0,HA0191_20250828,Hartbeespoort,0,2,2025-08-28
7009,0,0,HA0192_20250828,Hartbeespoort,0,2,2025-08-28
7010,0,0,HA0193_20250828,Hartbeespoort,0,2,2025-08-28
7011,0,0,HA0194_20250828,Hartbeespoort,0,2,2025-08-28
7012,0,0,HA0195_20250828,Hartbeespoort,0,2,2025-08-28
7013,0,0,HA0196_20250828,Hartbeespoort,0,2,2025-08-28
7014,0,0,HA0197_20250828,Hartbeespoort,0,2,2025-08-28
7015,0,0,HA0198_20250828,Hartbeespoort,0,2,2025-08-28
7016,0,0,HA0199_20250828,Hartbeespoort,0,2,2025-08-28
7017,0,0,HA0200_20250828,Hartbeespoort,0,2,2025-08-28
7018,1,1,HA0001_20240704,Hartbeespoort,1,3,2024-07-04
7019,1,1,HA0002_20240704,Hartbeespoort,1,3,2024-07-04
7020,1,1,HA0003_20240704,Hartbeespoort,1,3,2024-07-04
7021,1,1,HA0004_20240704,Hartbeespoort,1,3,2024-07-04
7022,1,1,HA0005_20240704,Hartbeespoort,1,3,2024-07-04
7023,1,1,HA0006_20240704,Hartbeespoort,1,3,2024-07-04
7024,1,1,HA0007_20240704,Hartbeespoort,1,3,2024-07-04
7025,1,1,HA0008_20240704,Hartbeespoort,1,3,2024-07-04
7026,1,1,HA0009_20240704,Hartbeespoort,1,3,2024-07-04
7027,1,1,HA0010_20240704,Hartbeespoort,1,3,2024-07-04
7028,1,1,HA0011_20240704,Hartbeespoort,1,3,2024-07-04
7029,1,1,HA0012_20240704,Hartbeespoort,1,3,2024-07-04
7030,1,1,HA0013_20240704,Hartbeespoort,1,3,2024-07-04
7031,1,1,HA0014_20240704,Hartbeespoort,1,3,2024-07-04
7032,1,1,HA0015_20240704,Hartbeespoort,1,3,2024-07-04
7033,1,1,HA0016_20240704,Hartbeespoort,1,3,2024-07-04
7034,1,1,HA0017_20240704,Hartbeespoort,1,3,2024-07-04
7035,1,1,HA0018_20240704,Hartbeespoort,1,3,2024-07-04
7036,1,1,HA0019_20240704,Hartbeespoort,1,3,2024-07-04
7037,1,1,HA0020_20240704,Hartbeespoort,1,3,2024-07-04
7038,1,1,HA0021_20240704,Hartbeespoort,1,3,2024-07-04
7039,1,1,HA0022_20240704,Hartbeespoort,1,3,2024-07-04
7040,1,1,HA0023_20240704,Hartbeespoort,1,3,2024-07-04
7041,1,1,HA0024_20240704,Hartbeespoort,1,3,2024-07-04
7042,1,1,HA0025_20240704,Hartbeespoort,1,3,2024-07-04
7043,1,1,HA0026_20240704,Hartbeespoort,1,3,2024-07-04
7044,1,1,HA0027_20240704,Hartbeespoort,1,3,2024-07-04
7045,1,1,HA0028_20240704,Hartbeespoort,1,3,2024-07-04
7046,1,1,HA0029_20240704,Hartbeespoort,1,3,2024-07-04
7047,1,1,HA0030_20240704,Hartbeespoort,1,3,2024-07-04
7048,1,1,HA0031_20240704,Hartbeespoort,1,3,2024-07-04
7049,1,1,HA0032_20240704,Hartbeespoort,1,3,2024-07-04
7050,1,1,HA0033_20240704,Hartbeespoort,1,3,2024-07-04
7051,1,1,HA0034_20240704,Hartbeespoort,1,3,2024-07-04
7052,1,1,HA0035_20240704,Hartbeespoort,1,3,2024-07-04
7053,1,1,HA0036_20240704,Hartbeespoort,1,3,2024-07-04
7054,1,1,HA0037_20240704,Hartbeespoort,1,3,2024-07-04
7055,1,1,HA0038_20240704,Hartbeespoort,1,3,2024-07-04
7056,1,1,HA0039_20240704,Hartbeespoort,1,3,2024-07-04
7057,1,1,HA0040_20240704,Hartbeespoort,1,3,2024-07-04
7058,1,1,HA0041_20240704,Hartbeespoort,1,3,2024-07-04
7059,1,1,HA0042_20240704,Hartbeespoort,1,3,2024-07-04
7060,1,1,HA0043_20240704,Hartbeespoort,1,3,2024-07-04
7061,1,1,HA0044_20240704,Hartbeespoort,1,3,2024-07-04
7062,1,1,HA0045_20240704,Hartbeespoort,1,3,2024-07-04
7063,1,1,HA0046_20240704,Hartbeespoort,1,3,2024-07-04
7064,1,1,HA0047_20240704,Hartbeespoort,1,3,2024-07-04
7065,1,1,HA0048_20240704,Hartbeespoort,1,3,2024-07-04
7066,1,1,HA0049_20240704,Hartbeespoort,1,3,2024-07-04
7067,1,1,HA0050_20240704,Hartbeespoort,1,3,2024-07-04
7068,1,1,HA0051_20240704,Hartbeespoort,1,3,2024-07-04
7069,1,1,HA0052_20240704,Hartbeespoort,1,3,2024-07-04
7070,1,1,HA0053_20240704,Hartbeespoort,1,3,2024-07-04
7071,1,1,HA0054_20240704,Hartbeespoort,1,3,2024-07-04
7072,1,1,HA0055_20240704,Hartbeespoort,1,3,2024-07-04
7073,1,1,HA0056_20240704,Hartbeespoort,1,3,2024-07-04
7074,1,1,HA0057_20240704,Hartbeespoort,1,3,2024-07-04
7075,1,1,HA0058_20240704,Hartbeespoort,1,3,2024-07-04
7076,1,1,HA0059_20240704,Hartbeespoort,1,3,2024-07-04
7077,1,1,HA0060_20240704,Hartbeespoort,1,3,2024-07-04
7078,1,1,HA0061_20240704,Hartbeespoort,1,3,2024-07-04
7079,1,1,HA0062_20240704,Hartbeespoort,1,3,2024-07-04
7080,1,1,HA0063_20240704,Hartbeespoort,1,3,2024-07-04
7081,1,1,HA0064_20240704,Hartbeespoort,1,3,2024-07-04
7082,1,1,HA0065_20240704,Hartbeespoort,1,3,2024-07-04
7083,1,1,HA0066_20240704,Hartbeespoort,1,3,2024-07-04
7084,1,1,HA0067_20240704,Hartbeespoort,1,3,2024-07-04
7085,1,1,HA0068_20240704,Hartbeespoort,1,3,2024-07-04
7086,1,1,HA0069_20240704,Hartbeespoort,1,3,2024-07-04
7087,1,1,HA0070_20240704,Hartbeespoort,1,3,2024-07-04
7088,1,1,HA0071_20240704,Hartbeespoort,1,3,2024-07-04
7089,1,1,HA0072_20240704,Hartbeespoort,1,3,2024-07-04
7090,1,1,HA0073_20240704,Hartbeespoort,1,3,2024-07-04
7091,1,1,HA0074_20240704,Hartbeespoort,1,3,2024-07-04
7092,1,1,HA0075_20240704,Hartbeespoort,1,3,2024-07-04
7093,1,1,HA0076_20240704,Hartbeespoort,1,3,2024-07-04
7094,1,1,HA0077_20240704,Hartbeespoort,1,3,2024-07-04
7095,1,1,HA0078_20240704,Hartbeespoort,1,3,2024-07-04
7096,1,1,HA0079_20240704,Hartbeespoort,1,3,2024-07-04
7097,1,1,HA0080_20240704,Hartbeespoort,1,3,2024-07-04
7098,1,0,HA0081_20240704,Hartbeespoort,1,3,2024-07-04
7099,1,1,HA0082_20240704,Hartbeespoort,1,3,2024-07-04
7100,1,1,HA0083_20240704,Hartbeespoort,1,3,2024-07-04
7101,1,1,HA0084_20240704,Hartbeespoort,1,3,2024-07-04
7102,1,1,HA0085_20240704,Hartbeespoort,1,3,2024-07-04
7103,1,1,HA0086_20240704,Hartbeespoort,1,3,2024-07-04
7104,1,1,HA0087_20240704,Hartbeespoort,1,3,2024-07-04
7105,1,1,HA0088_20240704,Hartbeespoort,1,3,2024-07-04
7106,1,1,HA0089_20240704,Hartbeespoort,1,3,2024-07-04
7107,1,1,HA0090_20240704,Hartbeespoort,1,3,2024-07-04
7108,1,1,HA0091_20240704,Hartbeespoort,1,3,2024-07-04
7109,1,1,HA0092_20240704,Hartbeespoort,1,3,2024-07-04
7110,1,1,HA0093_20240704,Hartbeespoort,1,3,2024-07-04
7111,1,1,HA0094_20240704,Hartbeespoort,1,3,2024-07-04
7112,1,1,HA0095_20240704,Hartbeespoort,1,3,2024-07-04
7113,1,1,HA0096_20240704,Hartbeespoort,1,3,2024-07-04
7114,1,1,HA0097_20240704,Hartbeespoort,1,3,2024-07-04
7115,1,1,HA0098_20240704,Hartbeespoort,1,3,2024-07-04
7116,1,1,HA0099_20240704,Hartbeespoort,1,3,2024-07-04
7117,1,1,HA0100_20240704,Hartbeespoort,1,3,2024-07-04
7118,0,0,HA0101_20240704,Hartbeespoort,0,2,2024-07-04
7119,0,0,HA0102_20240704,Hartbeespoort,0,2,2024-07-04
7120,0,0,HA0103_20240704,Hartbeespoort,0,2,2024-07-04
7121,0,0,HA0104_20240704,Hartbeespoort,0,2,2024-07-04
7122,0,0,HA0105_20240704,Hartbeespoort,0,2,2024-07-04
7123,0,0,HA0106_20240704,Hartbeespoort,0,2,2024-07-04
7124,0,0,HA0107_20240704,Hartbeespoort,0,2,2024-07-04
7125,0,0,HA0108_20240704,Hartbeespoort,0,2,2024-07-04
7126,0,0,HA0109_20240704,Hartbeespoort,0,2,2024-07-04
7127,0,0,HA0110_20240704,Hartbeespoort,0,2,2024-07-04
7128,0,0,HA0111_20240704,Hartbeespoort,0,2,2024-07-04
7129,0,0,HA0112_20240704,Hartbeespoort,0,2,2024-07-04
7130,0,0,HA0113_20240704,Hartbeespoort,0,2,2024-07-04
7131,0,0,HA0114_20240704,Hartbeespoort,0,2,2024-07-04
7132,0,0,HA0115_20240704,Hartbeespoort,0,2,2024-07-04
7133,0,0,HA0116_20240704,Hartbeespoort,0,2,2024-07-04
7134,0,0,HA0117_20240704,Hartbeespoort,0,2,2024-07-04
7135,0,0,HA0118_20240704,Hartbeespoort,0,2,2024-07-04
7136,0,0,HA0119_20240704,Hartbeespoort,0,2,2024-07-04
7137,0,0,HA0120_20240704,Hartbeespoort,0,2,2024-07-04
7138,0,0,HA0121_20240704,Hartbeespoort,0,2,2024-07-04
7139,0,0,HA0122_20240704,Hartbeespoort,0,2,2024-07-04
7140,0,0,HA0123_20240704,Hartbeespoort,0,2,2024-07-04
7141,0,0,HA0124_20240704,Hartbeespoort,0,2,2024-07-04
7142,0,0,HA0125_20240704,Hartbeespoort,0,2,2024-07-04
7143,0,0,HA0126_20240704,Hartbeespoort,0,2,2024-07-04
7144,0,0,HA0127_20240704,Hartbeespoort,0,2,2024-07-04
7145,0,0,HA0128_20240704,Hartbeespoort,0,2,2024-07-04
7146,0,0,HA0129_20240704,Hartbeespoort,0,2,2024-07-04
7147,0,0,HA0130_20240704,Hartbeespoort,0,2,2024-07-04
7148,0,0,HA0131_20240704,Hartbeespoort,0,2,2024-07-04
7149,0,0,HA0132_20240704,Hartbeespoort,0,2,2024-07-04
7150,0,0,HA0133_20240704,Hartbeespoort,0,2,2024-07-04
7151,0,0,HA0134_20240704,Hartbeespoort,0,2,2024-07-04
7152,0,0,HA0135_20240704,Hartbeespoort,0,2,2024-07-04
7153,0,1,HA0136_20240704,Hartbeespoort,0,2,2024-07-04
7154,0,0,HA0137_20240704,Hartbeespoort,0,2,2024-07-04
7155,0,0,HA0138_20240704,Hartbeespoort,0,2,2024-07-04
7156,0,0,HA0139_20240704,Hartbeespoort,0,2,2024-07-04
7157,0,0,HA0140_20240704,Hartbeespoort,0,2,2024-07-04
7158,0,0,HA0141_20240704,Hartbeespoort,0,2,2024-07-04
7159,0,0,HA0142_20240704,Hartbeespoort,0,2,2024-07-04
7160,0,0,HA0143_20240704,Hartbeespoort,0,2,2024-07-04
7161,0,0,HA0144_20240704,Hartbeespoort,0,2,2024-07-04
7162,0,0,HA0145_20240704,Hartbeespoort,0,2,2024-07-04
7163,0,0,HA0146_20240704,Hartbeespoort,0,2,2024-07-04
7164,0,0,HA0147_20240704,Hartbeespoort,0,2,2024-07-04
7165,0,0,HA0148_20240704,Hartbeespoort,0,2,2024-07-04
7166,0,0,HA0149_20240704,Hartbeespoort,0,2,2024-07-04
7167,0,0,HA0150_20240704,Hartbeespoort,0,2,2024-07-04
7168,0,0,HA0151_20240704,Hartbeespoort,0,1,2024-07-04
7169,0,0,HA0152_20240704,Hartbeespoort,0,1,2024-07-04
7170,0,0,HA0153_20240704,Hartbeespoort,0,1,2024-07-04
7171,0,0,HA0154_20240704,Hartbeespoort,0,1,2024-07-04
7172,0,0,HA0155_20240704,Hartbeespoort,0,1,2024-07-04
7173,0,0,HA0156_20240704,Hartbeespoort,0,1,2024-07-04
7174,0,0,HA0157_20240704,Hartbeespoort,0,1,2024-07-04
7175,0,0,HA0158_20240704,Hartbeespoort,0,1,2024-07-04
7176,0,0,HA0159_20240704,Hartbeespoort,0,1,2024-07-04
7177,0,0,HA0160_20240704,Hartbeespoort,0,1,2024-07-04
7178,0,0,HA0161_20240704,Hartbeespoort,0,1,2024-07-04
7179,0,0,HA0162_20240704,Hartbeespoort,0,1,2024-07-04
7180,0,0,HA0163_20240704,Hartbeespoort,0,1,2024-07-04
7181,0,0,HA0164_20240704,Hartbeespoort,0,1,2024-07-04
7182,0,0,HA0165_20240704,Hartbeespoort,0,1,2024-07-04
7183,0,0,HA0166_20240704,Hartbeespoort,0,1,2024-07-04
7184,0,0,HA0167_20240704,Hartbeespoort,0,1,2024-07-04
7185,0,0,HA0168_20240704,Hartbeespoort,0,1,2024-07-04
7186,0,0,HA0169_20240704,Hartbeespoort,0,1,2024-07-04
7187,0,0,HA0170_20240704,Hartbeespoort,0,1,2024-07-04
7188,0,0,HA0171_20240704,Hartbeespoort,0,1,2024-07-04
7189,0,0,HA0172_20240704,Hartbeespoort,0,1,2024-07-04
7190,0,0,HA0173_20240704,Hartbeespoort,0,1,2024-07-04
7191,0,0,HA0174_20240704,Hartbeespoort,0,1,2024-07-04
7192,0,0,HA0175_20240704,Hartbeespoort,0,1,2024-07-04
7193,0,0,HA0176_20240704,Hartbeespoort,0,1,2024-07-04
7194,0,0,HA0177_20240704,Hartbeespoort,0,1,2024-07-04
7195,0,0,HA0178_20240704,Hartbeespoort,0,1,2024-07-04
7196,0,0,HA0179_20240704,Hartbeespoort,0,1,2024-07-04
7197,0,0,HA0180_20240704,Hartbeespoort,0,1,2024-07-04
7198,0,0,HA0181_20240704,Hartbeespoort,0,1,2024-07-04
7199,0,0,HA0182_20240704,Hartbeespoort,0,1,2024-07-04
7200,0,0,HA0183_20240704,Hartbeespoort,0,1,2024-07-04
7201,0,0,HA0184_20240704,Hartbeespoort,0,1,2024-07-04
7202,0,0,HA0185_20240704,Hartbeespoort,0,1,2024-07-04
7203,0,0,HA0186_20240704,Hartbeespoort,0,1,2024-07-04
7204,0,0,HA0187_20240704,Hartbeespoort,0,1,2024-07-04
7205,0,0,HA0188_20240704,Hartbeespoort,0,1,2024-07-04
7206,0,0,HA0189_20240704,Hartbeespoort,0,1,2024-07-04
7207,0,0,HA0190_20240704,Hartbeespoort,0,1,2024-07-04
7208,0,0,HA0191_20240704,Hartbeespoort,0,1,2024-07-04
7209,0,0,HA0192_20240704,Hartbeespoort,0,1,2024-07-04
7210,0,0,HA0193_20240704,Hartbeespoort,0,1,2024-07-04
7211,0,0,HA0194_20240704,Hartbeespoort,0,1,2024-07-04
7212,0,0,HA0195_20240704,Hartbeespoort,0,1,2024-07-04
7213,0,0,HA0196_20240704,Hartbeespoort,0,1,2024-07-04
7214,0,0,HA0197_20240704,Hartbeespoort,0,1,2024-07-04
7215,0,0,HA0198_20240704,Hartbeespoort,0,1,2024-07-04
7216,0,0,HA0199_20240704,Hartbeespoort,0,1,2024-07-04
7217,0,0,HA0200_20240704,Hartbeespoort,0,1,2024-07-04
7218,0,0,HA0201_20240704,Hartbeespoort,0,1,2024-07-04
7219,0,0,HA0202_20240704,Hartbeespoort,0,1,2024-07-04
7220,0,0,HA0203_20240704,Hartbeespoort,0,1,2024-07-04
7221,0,0,HA0204_20240704,Hartbeespoort,0,1,2024-07-04
7222,0,0,HA0205_20240704,Hartbeespoort,0,1,2024-07-04
7223,0,0,HA0206_20240704,Hartbeespoort,0,1,2024-07-04
7224,0,0,HA0207_20240704,Hartbeespoort,0,1,2024-07-04
7225,0,0,HA0208_20240704,Hartbeespoort,0,1,2024-07-04
7226,0,0,HA0209_20240704,Hartbeespoort,0,1,2024-07-04
7227,0,0,HA0210_20240704,Hartbeespoort,0,1,2024-07-04
7228,0,0,HA0211_20240704,Hartbeespoort,0,1,2024-07-04
7229,0,0,HA0212_20240704,Hartbeespoort,0,1,2024-07-04
7230,0,0,HA0213_20240704,Hartbeespoort,0,1,2024-07-04
7231,0,0,HA0214_20240704,Hartbeespoort,0,1,2024-07-04
7232,0,0,HA0215_20240704,Hartbeespoort,0,1,2024-07-04
7233,0,0,HA0216_20240704,Hartbeespoort,0,1,2024-07-04
7234,0,0,HA0217_20240704,Hartbeespoort,0,1,2024-07-04
7235,0,0,HA0218_20240704,Hartbeespoort,0,1,2024-07-04
7236,0,0,HA0219_20240704,Hartbeespoort,0,1,2024-07-04
7237,0,0,HA0220_20240704,Hartbeespoort,0,1,2024-07-04
7238,0,0,HA0221_20240704,Hartbeespoort,0,1,2024-07-04
7239,0,0,HA0222_20240704,Hartbeespoort,0,1,2024-07-04
7240,0,0,HA0223_20240704,Hartbeespoort,0,1,2024-07-04
7241,0,0,HA0224_20240704,Hartbeespoort,0,1,2024-07-04
7242,0,0,HA0225_20240704,Hartbeespoort,0,1,2024-07-04
7243,1,1,HA0001_20241101,Hartbeespoort,1,3,2024-11-01
7244,1,1,HA0002_20241101,Hartbeespoort,1,3,2024-11-01
7245,1,1,HA0003_20241101,Hartbeespoort,1,3,2024-11-01
7246,1,1,HA0004_20241101,Hartbeespoort,1,3,2024-11-01
7247,1,1,HA0005_20241101,Hartbeespoort,1,3,2024-11-01
7248,1,1,HA0006_20241101,Hartbeespoort,1,3,2024-11-01
7249,1,1,HA0007_20241101,Hartbeespoort,1,3,2024-11-01
7250,1,1,HA0008_20241101,Hartbeespoort,1,3,2024-11-01
7251,1,1,HA0009_20241101,Hartbeespoort,1,3,2024-11-01
7252,1,1,HA0010_20241101,Hartbeespoort,1,3,2024-11-01
7253,1,1,HA0011_20241101,Hartbeespoort,1,3,2024-11-01
7254,1,1,HA0012_20241101,Hartbeespoort,1,3,2024-11-01
7255,1,1,HA0013_20241101,Hartbeespoort,1,3,2024-11-01
7256,1,1,HA0014_20241101,Hartbeespoort,1,3,2024-11-01
7257,1,1,HA0015_20241101,Hartbeespoort,1,3,2024-11-01
7258,1,1,HA0016_20241101,Hartbeespoort,1,3,2024-11-01
7259,1,1,HA0017_20241101,Hartbeespoort,1,3,2024-11-01
7260,1,1,HA0018_20241101,Hartbeespoort,1,3,2024-11-01
7261,1,1,HA0019_20241101,Hartbeespoort,1,3,2024-11-01
7262,1,1,HA0020_20241101,Hartbeespoort,1,3,2024-11-01
7263,1,1,HA0021_20241101,Hartbeespoort,1,3,2024-11-01
7264,1,1,HA0022_20241101,Hartbeespoort,1,3,2024-11-01
7265,1,1,HA0023_20241101,Hartbeespoort,1,3,2024-11-01
7266,1,1,HA0024_20241101,Hartbeespoort,1,3,2024-11-01
7267,1,1,HA0025_20241101,Hartbeespoort,1,3,2024-11-01
7268,1,1,HA0026_20241101,Hartbeespoort,1,3,2024-11-01
7269,1,1,HA0027_20241101,Hartbeespoort,1,3,2024-11-01
7270,1,1,HA0028_20241101,Hartbeespoort,1,3,2024-11-01
7271,1,0,HA0029_20241101,Hartbeespoort,1,3,2024-11-01
7272,1,1,HA0030_20241101,Hartbeespoort,1,3,2024-11-01
7273,1,1,HA0031_20241101,Hartbeespoort,1,3,2024-11-01
7274,1,1,HA0032_20241101,Hartbeespoort,1,3,2024-11-01
7275,1,1,HA0033_20241101,Hartbeespoort,1,3,2024-11-01
7276,1,1,HA0034_20241101,Hartbeespoort,1,3,2024-11-01
7277,1,1,HA0035_20241101,Hartbeespoort,1,3,2024-11-01
7278,1,1,HA0036_20241101,Hartbeespoort,1,3,2024-11-01
7279,1,1,HA0037_20241101,Hartbeespoort,1,3,2024-11-01
7280,1,1,HA0038_20241101,Hartbeespoort,1,3,2024-11-01
7281,1,1,HA0039_20241101,Hartbeespoort,1,3,2024-11-01
7282,1,1,HA0040_20241101,Hartbeespoort,1,3,2024-11-01
7283,1,1,HA0041_20241101,Hartbeespoort,1,3,2024-11-01
7284,1,1,HA0042_20241101,Hartbeespoort,1,3,2024-11-01
7285,1,1,HA0043_20241101,Hartbeespoort,1,3,2024-11-01
7286,1,1,HA0044_20241101,Hartbeespoort,1,3,2024-11-01
7287,1,1,HA0045_20241101,Hartbeespoort,1,3,2024-11-01
7288,1,1,HA0046_20241101,Hartbeespoort,1,3,2024-11-01
7289,1,1,HA0047_20241101,Hartbeespoort,1,3,2024-11-01
7290,1,1,HA0048_20241101,Hartbeespoort,1,3,2024-11-01
7291,1,1,HA0049_20241101,Hartbeespoort,1,3,2024-11-01
7292,1,1,HA0050_20241101,Hartbeespoort,1,3,2024-11-01
7293,1,1,HA0051_20241101,Hartbeespoort,1,3,2024-11-01
7294,1,1,HA0052_20241101,Hartbeespoort,1,3,2024-11-01
7295,1,1,HA0053_20241101,Hartbeespoort,1,3,2024-11-01
7296,1,1,HA0054_20241101,Hartbeespoort,1,3,2024-11-01
7297,1,1,HA0055_20241101,Hartbeespoort,1,3,2024-11-01
7298,1,1,HA0056_20241101,Hartbeespoort,1,3,2024-11-01
7299,1,1,HA0057_20241101,Hartbeespoort,1,3,2024-11-01
7300,1,1,HA0058_20241101,Hartbeespoort,1,3,2024-11-01
7301,1,0,HA0059_20241101,Hartbeespoort,1,3,2024-11-01
7302,1,1,HA0060_20241101,Hartbeespoort,1,3,2024-11-01
7303,0,0,HA0061_20241101,Hartbeespoort,0,4,2024-11-01
7304,0,0,HA0062_20241101,Hartbeespoort,0,4,2024-11-01
7305,0,0,HA0063_20241101,Hartbeespoort,0,4,2024-11-01
7306,0,0,HA0064_20241101,Hartbeespoort,0,4,2024-11-01
7307,0,0,HA0065_20241101,Hartbeespoort,0,4,2024-11-01
7308,0,0,HA0066_20241101,Hartbeespoort,0,4,2024-11-01
7309,0,0,HA0067_20241101,Hartbeespoort,0,4,2024-11-01
7310,0,0,HA0068_20241101,Hartbeespoort,0,4,2024-11-01
7311,0,0,HA0069_20241101,Hartbeespoort,0,4,2024-11-01
7312,0,0,HA0070_20241101,Hartbeespoort,0,4,2024-11-01
7313,0,0,HA0071_20241101,Hartbeespoort,0,4,2024-11-01
7314,0,0,HA0072_20241101,Hartbeespoort,0,4,2024-11-01
7315,0,0,HA0073_20241101,Hartbeespoort,0,4,2024-11-01
7316,0,0,HA0074_20241101,Hartbeespoort,0,4,2024-11-01
7317,0,0,HA0075_20241101,Hartbeespoort,0,4,2024-11-01
7318,0,0,HA0076_20241101,Hartbeespoort,0,4,2024-11-01
7319,0,0,HA0077_20241101,Hartbeespoort,0,4,2024-11-01
7320,0,0,HA0081_20241101,Hartbeespoort,0,4,2024-11-01
7321,0,0,HA0082_20241101,Hartbeespoort,0,4,2024-11-01
7322,0,0,HA0083_20241101,Hartbeespoort,0,4,2024-11-01
7323,0,0,HA0084_20241101,Hartbeespoort,0,2,2024-11-01
7324,0,0,HA0085_20241101,Hartbeespoort,0,2,2024-11-01
7325,0,0,HA0086_20241101,Hartbeespoort,0,2,2024-11-01
7326,0,0,HA0087_20241101,Hartbeespoort,0,4,2024-11-01
7327,0,0,HA0088_20241101,Hartbeespoort,0,4,2024-11-01
7328,0,0,HA0089_20241101,Hartbeespoort,0,4,2024-11-01
7329,0,0,HA0090_20241101,Hartbeespoort,0,4,2024-11-01
7330,0,0,HA0091_20241101,Hartbeespoort,0,4,2024-11-01
7331,0,0,HA0092_20241101,Hartbeespoort,0,2,2024-11-01
7332,0,0,HA0093_20241101,Hartbeespoort,0,2,2024-11-01
7333,0,0,HA0094_20241101,Hartbeespoort,0,2,2024-11-01
7334,0,0,HA0095_20241101,Hartbeespoort,0,2,2024-11-01
7335,0,0,HA0096_20241101,Hartbeespoort,0,2,2024-11-01
7336,0,0,HA0097_20241101,Hartbeespoort,0,2,2024-11-01
7337,0,0,HA0098_20241101,Hartbeespoort,0,2,2024-11-01
7338,0,0,HA0099_20241101,Hartbeespoort,0,2,2024-11-01
7339,0,0,HA0100_20241101,Hartbeespoort,0,2,2024-11-01
7340,0,0,HA0101_20241101,Hartbeespoort,0,2,2024-11-01
7341,0,0,HA0102_20241101,Hartbeespoort,0,2,2024-11-01
7342,0,0,HA0103_20241101,Hartbeespoort,0,2,2024-11-01
7343,0,0,HA0104_20241101,Hartbeespoort,0,1,2024-11-01
7344,0,0,HA0105_20241101,Hartbeespoort,0,1,2024-11-01
7345,0,0,HA0106_20241101,Hartbeespoort,0,1,2024-11-01
7346,0,0,HA0107_20241101,Hartbeespoort,0,1,2024-11-01
7347,0,0,HA0108_20241101,Hartbeespoort,0,1,2024-11-01
7348,0,0,HA0109_20241101,Hartbeespoort,0,1,2024-11-01
7349,0,0,HA0110_20241101,Hartbeespoort,0,1,2024-11-01
7350,0,0,HA0111_20241101,Hartbeespoort,0,1,2024-11-01
7351,0,0,HA0112_20241101,Hartbeespoort,0,1,2024-11-01
7352,0,0,HA0113_20241101,Hartbeespoort,0,1,2024-11-01
7353,0,0,HA0114_20241101,Hartbeespoort,0,1,2024-11-01
7354,0,0,HA0115_20241101,Hartbeespoort,0,1,2024-11-01
7355,0,0,HA0116_20241101,Hartbeespoort,0,1,2024-11-01
7356,0,0,HA0117_20241101,Hartbeespoort,0,1,2024-11-01
7357,0,0,HA0118_20241101,Hartbeespoort,0,1,2024-11-01
7358,0,0,HA0119_20241101,Hartbeespoort,0,1,2024-11-01
7359,0,0,HA0120_20241101,Hartbeespoort,0,1,2024-11-01
7360,0,0,HA0121_20241101,Hartbeespoort,0,1,2024-11-01
7361,0,0,HA0122_20241101,Hartbeespoort,0,1,2024-11-01
7362,0,0,HA0123_20241101,Hartbeespoort,0,1,2024-11-01
7363,1,1,HA0001_20230111,Hartbeespoort,1,3,2023-01-11
7364,1,1,HA0002_20230111,Hartbeespoort,1,3,2023-01-11
7365,1,1,HA0003_20230111,Hartbeespoort,1,3,2023-01-11
7366,1,1,HA0004_20230111,Hartbeespoort,1,3,2023-01-11
7367,1,1,HA0005_20230111,Hartbeespoort,1,3,2023-01-11
7368,1,1,HA0006_20230111,Hartbeespoort,1,3,2023-01-11
7369,1,1,HA0007_20230111,Hartbeespoort,1,3,2023-01-11
7370,1,0,HA0008_20230111,Hartbeespoort,1,3,2023-01-11
7371,1,1,HA0009_20230111,Hartbeespoort,1,3,2023-01-11
7372,1,1,HA0010_20230111,Hartbeespoort,1,3,2023-01-11
7373,1,1,HA0011_20230111,Hartbeespoort,1,3,2023-01-11
7374,1,1,HA0012_20230111,Hartbeespoort,1,3,2023-01-11
7375,1,1,HA0013_20230111,Hartbeespoort,1,3,2023-01-11
7376,1,1,HA0014_20230111,Hartbeespoort,1,3,2023-01-11
7377,1,1,HA0015_20230111,Hartbeespoort,1,3,2023-01-11
7378,1,1,HA0016_20230111,Hartbeespoort,1,3,2023-01-11
7379,1,1,HA0017_20230111,Hartbeespoort,1,3,2023-01-11
7380,1,1,HA0018_20230111,Hartbeespoort,1,3,2023-01-11
7381,1,1,HA0019_20230111,Hartbeespoort,1,3,2023-01-11
7382,1,1,HA0020_20230111,Hartbeespoort,1,3,2023-01-11
7383,1,1,HA0021_20230111,Hartbeespoort,1,3,2023-01-11
7384,1,1,HA0022_20230111,Hartbeespoort,1,3,2023-01-11
7385,1,1,HA0023_20230111,Hartbeespoort,1,3,2023-01-11
7386,1,1,HA0024_20230111,Hartbeespoort,1,3,2023-01-11
7387,1,1,HA0025_20230111,Hartbeespoort,1,3,2023-01-11
7388,1,1,HA0026_20230111,Hartbeespoort,1,3,2023-01-11
7389,1,1,HA0027_20230111,Hartbeespoort,1,3,2023-01-11
7390,1,1,HA0028_20230111,Hartbeespoort,1,3,2023-01-11
7391,1,1,HA0029_20230111,Hartbeespoort,1,3,2023-01-11
7392,1,1,HA0030_20230111,Hartbeespoort,1,3,2023-01-11
7393,1,1,HA0031_20230111,Hartbeespoort,1,3,2023-01-11
7394,1,1,HA0032_20230111,Hartbeespoort,1,3,2023-01-11
7395,1,1,HA0033_20230111,Hartbeespoort,1,3,2023-01-11
7396,1,1,HA0034_20230111,Hartbeespoort,1,3,2023-01-11
7397,1,1,HA0035_20230111,Hartbeespoort,1,3,2023-01-11
7398,1,1,HA0036_20230111,Hartbeespoort,1,3,2023-01-11
7399,1,1,HA0037_20230111,Hartbeespoort,1,3,2023-01-11
7400,1,1,HA0038_20230111,Hartbeespoort,1,3,2023-01-11
7401,1,1,HA0039_20230111,Hartbeespoort,1,3,2023-01-11
7402,1,1,HA0040_20230111,Hartbeespoort,1,3,2023-01-11
7403,1,1,HA0041_20230111,Hartbeespoort,1,3,2023-01-11
7404,1,1,HA0042_20230111,Hartbeespoort,1,3,2023-01-11
7405,1,1,HA0043_20230111,Hartbeespoort,1,3,2023-01-11
7406,1,1,HA0044_20230111,Hartbeespoort,1,3,2023-01-11
7407,1,1,HA0045_20230111,Hartbeespoort,1,3,2023-01-11
7408,1,1,HA0046_20230111,Hartbeespoort,1,3,2023-01-11
7409,1,1,HA0047_20230111,Hartbeespoort,1,3,2023-01-11
7410,1,1,HA0048_20230111,Hartbeespoort,1,3,2023-01-11
7411,1,1,HA0049_20230111,Hartbeespoort,1,3,2023-01-11
7412,1,1,HA0050_20230111,Hartbeespoort,1,3,2023-01-11
7413,1,1,HA0051_20230111,Hartbeespoort,1,3,2023-01-11
7414,1,1,HA0052_20230111,Hartbeespoort,1,3,2023-01-11
7415,1,1,HA0053_20230111,Hartbeespoort,1,3,2023-01-11
7416,1,1,HA0054_20230111,Hartbeespoort,1,3,2023-01-11
7417,1,1,HA0055_20230111,Hartbeespoort,1,3,2023-01-11
7418,1,1,HA0056_20230111,Hartbeespoort,1,3,2023-01-11
7419,1,1,HA0057_20230111,Hartbeespoort,1,3,2023-01-11
7420,1,1,HA0058_20230111,Hartbeespoort,1,3,2023-01-11
7421,1,1,HA0059_20230111,Hartbeespoort,1,3,2023-01-11
7422,1,1,HA0060_20230111,Hartbeespoort,1,3,2023-01-11
7423,1,1,HA0061_20230111,Hartbeespoort,1,3,2023-01-11
7424,1,1,HA0062_20230111,Hartbeespoort,1,3,2023-01-11
7425,1,1,HA0063_20230111,Hartbeespoort,1,3,2023-01-11
7426,1,1,HA0064_20230111,Hartbeespoort,1,3,2023-01-11
7427,1,1,HA0065_20230111,Hartbeespoort,1,3,2023-01-11
7428,1,1,HA0066_20230111,Hartbeespoort,1,3,2023-01-11
7429,1,1,HA0067_20230111,Hartbeespoort,1,3,2023-01-11
7430,1,1,HA0068_20230111,Hartbeespoort,1,3,2023-01-11
7431,1,1,HA0069_20230111,Hartbeespoort,1,3,2023-01-11
7432,1,1,HA0070_20230111,Hartbeespoort,1,3,2023-01-11
7433,1,1,HA0071_20230111,Hartbeespoort,1,3,2023-01-11
7434,1,1,HA0072_20230111,Hartbeespoort,1,3,2023-01-11
7435,1,1,HA0073_20230111,Hartbeespoort,1,3,2023-01-11
7436,1,1,HA0074_20230111,Hartbeespoort,1,3,2023-01-11
7437,1,1,HA0075_20230111,Hartbeespoort,1,3,2023-01-11
7438,1,1,HA0076_20230111,Hartbeespoort,1,3,2023-01-11
7439,1,1,HA0077_20230111,Hartbeespoort,1,3,2023-01-11
7440,1,1,HA0078_20230111,Hartbeespoort,1,3,2023-01-11
7441,1,1,HA0079_20230111,Hartbeespoort,1,3,2023-01-11
7442,1,1,HA0080_20230111,Hartbeespoort,1,3,2023-01-11
7443,1,1,HA0081_20230111,Hartbeespoort,1,3,2023-01-11
7444,1,1,HA0082_20230111,Hartbeespoort,1,3,2023-01-11
7445,1,1,HA0083_20230111,Hartbeespoort,1,3,2023-01-11
7446,1,1,HA0084_20230111,Hartbeespoort,1,3,2023-01-11
7447,1,1,HA0085_20230111,Hartbeespoort,1,3,2023-01-11
7448,1,1,HA0086_20230111,Hartbeespoort,1,3,2023-01-11
7449,1,1,HA0087_20230111,Hartbeespoort,1,3,2023-01-11
7450,1,1,HA0088_20230111,Hartbeespoort,1,3,2023-01-11
7451,1,1,HA0089_20230111,Hartbeespoort,1,3,2023-01-11
7452,1,1,HA0090_20230111,Hartbeespoort,1,3,2023-01-11
7453,1,1,HA0091_20230111,Hartbeespoort,1,3,2023-01-11
7454,1,1,HA0092_20230111,Hartbeespoort,1,3,2023-01-11
7455,1,1,HA0093_20230111,Hartbeespoort,1,3,2023-01-11
7456,1,1,HA0094_20230111,Hartbeespoort,1,3,2023-01-11
7457,1,1,HA0095_20230111,Hartbeespoort,1,3,2023-01-11
7458,1,1,HA0096_20230111,Hartbeespoort,1,3,2023-01-11
7459,1,1,HA0097_20230111,Hartbeespoort,1,3,2023-01-11
7460,1,1,HA0098_20230111,Hartbeespoort,1,3,2023-01-11
7461,1,1,HA0099_20230111,Hartbeespoort,1,3,2023-01-11
7462,1,1,HA0100_20230111,Hartbeespoort,1,3,2023-01-11
7463,1,1,HA0101_20230111,Hartbeespoort,1,3,2023-01-11
7464,1,1,HA0102_20230111,Hartbeespoort,1,3,2023-01-11
7465,1,1,HA0103_20230111,Hartbeespoort,1,3,2023-01-11
7466,1,1,HA0104_20230111,Hartbeespoort,1,3,2023-01-11
7467,1,1,HA0105_20230111,Hartbeespoort,1,3,2023-01-11
7468,1,1,HA0106_20230111,Hartbeespoort,1,3,2023-01-11
7469,1,1,HA0107_20230111,Hartbeespoort,1,3,2023-01-11
7470,1,1,HA0108_20230111,Hartbeespoort,1,3,2023-01-11
7471,1,1,HA0109_20230111,Hartbeespoort,1,3,2023-01-11
7472,1,1,HA0110_20230111,Hartbeespoort,1,3,2023-01-11
7473,1,1,HA0111_20230111,Hartbeespoort,1,3,2023-01-11
7474,1,1,HA0112_20230111,Hartbeespoort,1,3,2023-01-11
7475,1,1,HA0113_20230111,Hartbeespoort,1,3,2023-01-11
7476,1,1,HA0114_20230111,Hartbeespoort,1,3,2023-01-11
7477,1,1,HA0115_20230111,Hartbeespoort,1,3,2023-01-11
7478,1,1,HA0116_20230111,Hartbeespoort,1,3,2023-01-11
7479,1,1,HA0117_20230111,Hartbeespoort,1,3,2023-01-11
7480,1,1,HA0118_20230111,Hartbeespoort,1,3,2023-01-11
7481,1,1,HA0119_20230111,Hartbeespoort,1,3,2023-01-11
7482,1,1,HA0120_20230111,Hartbeespoort,1,3,2023-01-11
7483,1,1,HA0121_20230111,Hartbeespoort,1,3,2023-01-11
7484,1,1,HA0122_20230111,Hartbeespoort,1,3,2023-01-11
7485,1,1,HA0123_20230111,Hartbeespoort,1,3,2023-01-11
7486,1,1,HA0124_20230111,Hartbeespoort,1,3,2023-01-11
7487,1,1,HA0125_20230111,Hartbeespoort,1,3,2023-01-11
7488,1,1,HA0126_20230111,Hartbeespoort,1,3,2023-01-11
7489,1,1,HA0127_20230111,Hartbeespoort,1,3,2023-01-11
7490,1,1,HA0128_20230111,Hartbeespoort,1,3,2023-01-11
7491,1,1,HA0129_20230111,Hartbeespoort,1,3,2023-01-11
7492,1,1,HA0130_20230111,Hartbeespoort,1,3,2023-01-11
7493,1,1,HA0131_20230111,Hartbeespoort,1,3,2023-01-11
7494,1,1,HA0132_20230111,Hartbeespoort,1,3,2023-01-11
7495,1,1,HA0133_20230111,Hartbeespoort,1,3,2023-01-11
7496,1,1,HA0134_20230111,Hartbeespoort,1,3,2023-01-11
7497,1,1,HA0135_20230111,Hartbeespoort,1,3,2023-01-11
7498,1,1,HA0136_20230111,Hartbeespoort,1,3,2023-01-11
7499,1,1,HA0137_20230111,Hartbeespoort,1,3,2023-01-11
7500,1,1,HA0138_20230111,Hartbeespoort,1,3,2023-01-11
7501,1,1,HA0139_20230111,Hartbeespoort,1,3,2023-01-11
7502,1,1,HA0140_20230111,Hartbeespoort,1,3,2023-01-11
7503,1,1,HA0141_20230111,Hartbeespoort,1,3,2023-01-11
7504,1,1,HA0142_20230111,Hartbeespoort,1,3,2023-01-11
7505,1,1,HA0143_20230111,Hartbeespoort,1,3,2023-01-11
7506,1,1,HA0144_20230111,Hartbeespoort,1,3,2023-01-11
7507,1,1,HA0145_20230111,Hartbeespoort,1,3,2023-01-11
7508,1,1,HA0146_20230111,Hartbeespoort,1,3,2023-01-11
7509,1,1,HA0147_20230111,Hartbeespoort,1,3,2023-01-11
7510,1,1,HA0148_20230111,Hartbeespoort,1,3,2023-01-11
7511,1,1,HA0149_20230111,Hartbeespoort,1,3,2023-01-11
7512,1,1,HA0150_20230111,Hartbeespoort,1,3,2023-01-11
7513,0,0,HA0151_20230111,Hartbeespoort,0,2,2023-01-11
7514,0,0,HA0152_20230111,Hartbeespoort,0,2,2023-01-11
7515,0,0,HA0153_20230111,Hartbeespoort,0,2,2023-01-11
7516,0,0,HA0154_20230111,Hartbeespoort,0,2,2023-01-11
7517,0,0,HA0155_20230111,Hartbeespoort,0,2,2023-01-11
7518,0,0,HA0156_20230111,Hartbeespoort,0,2,2023-01-11
7519,0,0,HA0157_20230111,Hartbeespoort,0,2,2023-01-11
7520,0,0,HA0158_20230111,Hartbeespoort,0,2,2023-01-11
7521,0,0,HA0159_20230111,Hartbeespoort,0,2,2023-01-11
7522,0,0,HA0160_20230111,Hartbeespoort,0,2,2023-01-11
7523,0,0,HA0161_20230111,Hartbeespoort,0,2,2023-01-11
7524,0,0,HA0162_20230111,Hartbeespoort,0,2,2023-01-11
7525,0,0,HA0163_20230111,Hartbeespoort,0,2,2023-01-11
7526,0,0,HA0164_20230111,Hartbeespoort,0,2,2023-01-11
7527,0,0,HA0165_20230111,Hartbeespoort,0,2,2023-01-11
7528,0,0,HA0166_20230111,Hartbeespoort,0,2,2023-01-11
7529,0,0,HA0167_20230111,Hartbeespoort,0,2,2023-01-11
7530,0,0,HA0168_20230111,Hartbeespoort,0,2,2023-01-11
7531,0,0,HA0169_20230111,Hartbeespoort,0,2,2023-01-11
7532,0,0,HA0170_20230111,Hartbeespoort,0,2,2023-01-11
7533,0,0,HA0171_20230111,Hartbeespoort,0,2,2023-01-11
7534,0,0,HA0172_20230111,Hartbeespoort,0,2,2023-01-11
7535,0,0,HA0173_20230111,Hartbeespoort,0,2,2023-01-11
7536,0,0,HA0174_20230111,Hartbeespoort,0,2,2023-01-11
7537,0,0,HA0175_20230111,Hartbeespoort,0,2,2023-01-11
7538,0,0,HA0176_20230111,Hartbeespoort,0,2,2023-01-11
7539,0,0,HA0177_20230111,Hartbeespoort,0,2,2023-01-11
7540,0,0,HA0178_20230111,Hartbeespoort,0,2,2023-01-11
7541,0,0,HA0179_20230111,Hartbeespoort,0,2,2023-01-11
7542,0,0,HA0180_20230111,Hartbeespoort,0,2,2023-01-11
7543,0,0,HA0181_20230111,Hartbeespoort,0,2,2023-01-11
7544,0,0,HA0182_20230111,Hartbeespoort,0,2,2023-01-11
7545,0,0,HA0183_20230111,Hartbeespoort,0,2,2023-01-11
7546,0,0,HA0184_20230111,Hartbeespoort,0,2,2023-01-11
7547,0,0,HA0185_20230111,Hartbeespoort,0,2,2023-01-11
7548,0,0,HA0186_20230111,Hartbeespoort,0,2,2023-01-11
7549,0,0,HA0187_20230111,Hartbeespoort,0,2,2023-01-11
7550,0,0,HA0188_20230111,Hartbeespoort,0,2,2023-01-11
7551,0,0,HA0189_20230111,Hartbeespoort,0,2,2023-01-11
7552,0,0,HA0190_20230111,Hartbeespoort,0,2,2023-01-11
7553,0,0,HA0191_20230111,Hartbeespoort,0,2,2023-01-11
7554,0,0,HA0192_20230111,Hartbeespoort,0,2,2023-01-11
7555,0,0,HA0193_20230111,Hartbeespoort,0,2,2023-01-11
7556,0,0,HA0194_20230111,Hartbeespoort,0,2,2023-01-11
7557,0,0,HA0195_20230111,Hartbeespoort,0,2,2023-01-11
7558,0,0,HA0196_20230111,Hartbeespoort,0,2,2023-01-11
7559,0,0,HA0197_20230111,Hartbeespoort,0,2,2023-01-11
7560,0,0,HA0198_20230111,Hartbeespoort,0,2,2023-01-11
7561,0,0,HA0199_20230111,Hartbeespoort,0,2,2023-01-11
7562,0,0,HA0200_20230111,Hartbeespoort,0,2,2023-01-11
7563,0,0,HA0201_20230111,Hartbeespoort,0,2,2023-01-11
7564,0,0,HA0202_20230111,Hartbeespoort,0,2,2023-01-11
7565,0,0,HA0203_20230111,Hartbeespoort,0,2,2023-01-11
7566,0,0,HA0204_20230111,Hartbeespoort,0,2,2023-01-11
7567,0,0,HA0205_20230111,Hartbeespoort,0,2,2023-01-11
7568,0,0,HA0206_20230111,Hartbeespoort,0,2,2023-01-11
7569,0,0,HA0207_20230111,Hartbeespoort,0,2,2023-01-11
7570,0,0,HA0208_20230111,Hartbeespoort,0,2,2023-01-11
7571,0,0,HA0209_20230111,Hartbeespoort,0,2,2023-01-11
7572,0,0,HA0210_20230111,Hartbeespoort,0,2,2023-01-11
7573,0,0,HA0211_20230111,Hartbeespoort,0,2,2023-01-11
7574,0,0,HA0212_20230111,Hartbeespoort,0,2,2023-01-11
7575,0,0,HA0213_20230111,Hartbeespoort,0,2,2023-01-11
7576,0,0,HA0214_20230111,Hartbeespoort,0,2,2023-01-11
7577,0,0,HA0215_20230111,Hartbeespoort,0,2,2023-01-11
7578,0,0,HA0216_20230111,Hartbeespoort,0,2,2023-01-11
7579,0,0,HA0217_20230111,Hartbeespoort,0,2,2023-01-11
7580,0,0,HA0218_20230111,Hartbeespoort,0,2,2023-01-11
7581,0,0,HA0219_20230111,Hartbeespoort,0,2,2023-01-11
7582,0,0,HA0220_20230111,Hartbeespoort,0,2,2023-01-11
7583,0,0,HA0221_20230111,Hartbeespoort,0,2,2023-01-11
7584,0,0,HA0222_20230111,Hartbeespoort,0,2,2023-01-11
7585,0,0,HA0223_20230111,Hartbeespoort,0,2,2023-01-11
7586,0,0,HA0224_20230111,Hartbeespoort,0,2,2023-01-11
7587,0,0,HA0225_20230111,Hartbeespoort,0,2,2023-01-11
7588,0,0,HA0226_20230111,Hartbeespoort,0,1,2023-01-11
7589,0,0,HA0227_20230111,Hartbeespoort,0,1,2023-01-11
7590,0,0,HA0228_20230111,Hartbeespoort,0,1,2023-01-11
7591,0,0,HA0229_20230111,Hartbeespoort,0,1,2023-01-11
7592,0,0,HA0230_20230111,Hartbeespoort,0,1,2023-01-11
7593,0,0,HA0231_20230111,Hartbeespoort,0,1,2023-01-11
7594,0,0,HA0232_20230111,Hartbeespoort,0,1,2023-01-11
7595,0,1,HA0233_20230111,Hartbeespoort,0,1,2023-01-11
7596,0,0,HA0234_20230111,Hartbeespoort,0,1,2023-01-11
7597,0,0,HA0235_20230111,Hartbeespoort,0,1,2023-01-11
7598,0,0,HA0236_20230111,Hartbeespoort,0,1,2023-01-11
7599,0,0,HA0237_20230111,Hartbeespoort,0,1,2023-01-11
7600,0,0,HA0238_20230111,Hartbeespoort,0,1,2023-01-11
7601,0,0,HA0239_20230111,Hartbeespoort,0,1,2023-01-11
7602,0,0,HA0240_20230111,Hartbeespoort,0,1,2023-01-11
7603,0,0,HA0241_20230111,Hartbeespoort,0,1,2023-01-11
7604,0,0,HA0242_20230111,Hartbeespoort,0,1,2023-01-11
7605,0,0,HA0243_20230111,Hartbeespoort,0,1,2023-01-11
7606,0,0,HA0244_20230111,Hartbeespoort,0,1,2023-01-11
7607,0,0,HA0245_20230111,Hartbeespoort,0,1,2023-01-11
7608,0,0,HA0246_20230111,Hartbeespoort,0,1,2023-01-11
7609,0,0,HA0247_20230111,Hartbeespoort,0,1,2023-01-11
7610,0,0,HA0248_20230111,Hartbeespoort,0,1,2023-01-11
7611,0,0,HA0249_20230111,Hartbeespoort,0,1,2023-01-11
7612,0,0,HA0250_20230111,Hartbeespoort,0,1,2023-01-11
7613,0,0,HA0251_20230111,Hartbeespoort,0,1,2023-01-11
7614,0,0,HA0252_20230111,Hartbeespoort,0,1,2023-01-11
7615,0,0,HA0253_20230111,Hartbeespoort,0,1,2023-01-11
7616,0,0,HA0254_20230111,Hartbeespoort,0,1,2023-01-11
7617,0,0,HA0255_20230111,Hartbeespoort,0,1,2023-01-11
7618,0,0,HA0256_20230111,Hartbeespoort,0,1,2023-01-11
7619,0,0,HA0257_20230111,Hartbeespoort,0,1,2023-01-11
7620,0,0,HA0258_20230111,Hartbeespoort,0,1,2023-01-11
7621,0,0,HA0259_20230111,Hartbeespoort,0,1,2023-01-11
7622,0,0,HA0260_20230111,Hartbeespoort,0,1,2023-01-11
7623,0,0,HA0261_20230111,Hartbeespoort,0,1,2023-01-11
7624,0,0,HA0262_20230111,Hartbeespoort,0,1,2023-01-11
7625,0,0,HA0263_20230111,Hartbeespoort,0,1,2023-01-11
7626,0,0,HA0264_20230111,Hartbeespoort,0,1,2023-01-11
7627,0,0,HA0265_20230111,Hartbeespoort,0,1,2023-01-11
7628,0,0,HA0266_20230111,Hartbeespoort,0,1,2023-01-11
7629,0,0,HA0267_20230111,Hartbeespoort,0,1,2023-01-11
7630,0,0,HA0268_20230111,Hartbeespoort,0,1,2023-01-11
7631,0,0,HA0269_20230111,Hartbeespoort,0,1,2023-01-11
7632,0,0,HA0270_20230111,Hartbeespoort,0,1,2023-01-11
7633,0,0,HA0271_20230111,Hartbeespoort,0,1,2023-01-11
7634,0,1,HA0272_20230111,Hartbeespoort,0,1,2023-01-11
7635,0,0,HA0273_20230111,Hartbeespoort,0,1,2023-01-11
7636,0,0,HA0274_20230111,Hartbeespoort,0,1,2023-01-11
7637,0,0,HA0275_20230111,Hartbeespoort,0,1,2023-01-11
7638,0,0,HA0276_20230111,Hartbeespoort,0,1,2023-01-11
7639,0,0,HA0277_20230111,Hartbeespoort,0,1,2023-01-11
7640,0,0,HA0278_20230111,Hartbeespoort,0,1,2023-01-11
7641,0,0,HA0279_20230111,Hartbeespoort,0,1,2023-01-11
7642,0,0,HA0280_20230111,Hartbeespoort,0,1,2023-01-11
7643,0,0,HA0281_20230111,Hartbeespoort,0,1,2023-01-11
7644,0,0,HA0282_20230111,Hartbeespoort,0,1,2023-01-11
7645,0,0,HA0283_20230111,Hartbeespoort,0,1,2023-01-11
7646,0,0,HA0284_20230111,Hartbeespoort,0,1,2023-01-11
7647,0,0,HA0285_20230111,Hartbeespoort,0,1,2023-01-11
7648,0,0,HA0286_20230111,Hartbeespoort,0,1,2023-01-11
7649,0,0,HA0287_20230111,Hartbeespoort,0,1,2023-01-11
7650,0,0,HA0288_20230111,Hartbeespoort,0,1,2023-01-11
7651,0,0,HA0289_20230111,Hartbeespoort,0,1,2023-01-11
7652,0,0,HA0290_20230111,Hartbeespoort,0,1,2023-01-11
7653,0,0,HA0291_20230111,Hartbeespoort,0,1,2023-01-11
7654,0,0,HA0292_20230111,Hartbeespoort,0,1,2023-01-11
7655,0,0,HA0293_20230111,Hartbeespoort,0,1,2023-01-11
7656,0,0,HA0294_20230111,Hartbeespoort,0,1,2023-01-11
7657,0,0,HA0295_20230111,Hartbeespoort,0,1,2023-01-11
7658,0,0,HA0296_20230111,Hartbeespoort,0,1,2023-01-11
7659,0,0,HA0297_20230111,Hartbeespoort,0,1,2023-01-11
7660,0,0,HA0298_20230111,Hartbeespoort,0,1,2023-01-11
7661,0,0,HA0299_20230111,Hartbeespoort,0,1,2023-01-11
7662,0,0,HA0301_20230111,Hartbeespoort,0,1,2023-01-11
7663,1,0,HA0001_20240223,Hartbeespoort,1,3,2024-02-23
7664,1,0,HA0002_20240223,Hartbeespoort,1,3,2024-02-23
7665,1,0,HA0003_20240223,Hartbeespoort,1,3,2024-02-23
7666,1,0,HA0004_20240223,Hartbeespoort,1,3,2024-02-23
7667,1,0,HA0005_20240223,Hartbeespoort,1,3,2024-02-23
7668,1,0,HA0006_20240223,Hartbeespoort,1,3,2024-02-23
7669,1,0,HA0007_20240223,Hartbeespoort,1,3,2024-02-23
7670,1,0,HA0008_20240223,Hartbeespoort,1,3,2024-02-23
7671,1,0,HA0009_20240223,Hartbeespoort,1,3,2024-02-23
7672,1,1,HA0010_20240223,Hartbeespoort,1,3,2024-02-23
7673,1,1,HA0011_20240223,Hartbeespoort,1,3,2024-02-23
7674,1,1,HA0012_20240223,Hartbeespoort,1,3,2024-02-23
7675,1,1,HA0013_20240223,Hartbeespoort,1,3,2024-02-23
7676,1,1,HA0014_20240223,Hartbeespoort,1,3,2024-02-23
7677,1,1,HA0015_20240223,Hartbeespoort,1,3,2024-02-23
7678,1,1,HA0016_20240223,Hartbeespoort,1,3,2024-02-23
7679,1,1,HA0017_20240223,Hartbeespoort,1,3,2024-02-23
7680,1,1,HA0018_20240223,Hartbeespoort,1,3,2024-02-23
7681,1,1,HA0019_20240223,Hartbeespoort,1,3,2024-02-23
7682,1,1,HA0020_20240223,Hartbeespoort,1,3,2024-02-23
7683,1,1,HA0021_20240223,Hartbeespoort,1,3,2024-02-23
7684,1,1,HA0022_20240223,Hartbeespoort,1,3,2024-02-23
7685,1,1,HA0023_20240223,Hartbeespoort,1,3,2024-02-23
7686,1,1,HA0024_20240223,Hartbeespoort,1,3,2024-02-23
7687,1,1,HA0025_20240223,Hartbeespoort,1,3,2024-02-23
7688,1,1,HA0026_20240223,Hartbeespoort,1,3,2024-02-23
7689,1,1,HA0027_20240223,Hartbeespoort,1,3,2024-02-23
7690,1,1,HA0028_20240223,Hartbeespoort,1,3,2024-02-23
7691,1,0,HA0029_20240223,Hartbeespoort,1,3,2024-02-23
7692,1,0,HA0030_20240223,Hartbeespoort,1,3,2024-02-23
7693,1,0,HA0031_20240223,Hartbeespoort,1,3,2024-02-23
7694,1,1,HA0032_20240223,Hartbeespoort,1,3,2024-02-23
7695,1,0,HA0033_20240223,Hartbeespoort,1,3,2024-02-23
7696,1,1,HA0035_20240223,Hartbeespoort,1,3,2024-02-23
7697,1,1,HA0036_20240223,Hartbeespoort,1,3,2024-02-23
7698,1,1,HA0037_20240223,Hartbeespoort,1,3,2024-02-23
7699,1,0,HA0040_20240223,Hartbeespoort,1,3,2024-02-23
7700,1,1,HA0042_20240223,Hartbeespoort,1,3,2024-02-23
7701,1,1,HA0043_20240223,Hartbeespoort,1,3,2024-02-23
7702,1,0,HA0045_20240223,Hartbeespoort,1,3,2024-02-23
7703,1,1,HA0046_20240223,Hartbeespoort,1,3,2024-02-23
7704,1,1,HA0047_20240223,Hartbeespoort,1,3,2024-02-23
7705,1,1,HA0049_20240223,Hartbeespoort,1,3,2024-02-23
7706,1,1,HA0051_20240223,Hartbeespoort,1,3,2024-02-23
7707,1,1,HA0052_20240223,Hartbeespoort,1,3,2024-02-23
7708,1,1,HA0053_20240223,Hartbeespoort,1,3,2024-02-23
7709,1,1,HA0056_20240223,Hartbeespoort,1,3,2024-02-23
7710,1,1,HA0057_20240223,Hartbeespoort,1,3,2024-02-23
7711,1,1,HA0058_20240223,Hartbeespoort,1,3,2024-02-23
7712,1,1,HA0059_20240223,Hartbeespoort,1,3,2024-02-23
7713,1,1,HA0062_20240223,Hartbeespoort,1,3,2024-02-23
7714,1,1,HA0064_20240223,Hartbeespoort,1,3,2024-02-23
7715,1,1,HA0065_20240223,Hartbeespoort,1,3,2024-02-23
7716,1,1,HA0066_20240223,Hartbeespoort,1,3,2024-02-23
7717,1,0,HA0067_20240223,Hartbeespoort,1,3,2024-02-23
7718,1,0,HA0068_20240223,Hartbeespoort,1,3,2024-02-23
7719,1,0,HA0069_20240223,Hartbeespoort,1,3,2024-02-23
7720,1,1,HA0070_20240223,Hartbeespoort,1,3,2024-02-23
7721,1,1,HA0071_20240223,Hartbeespoort,1,3,2024-02-23
7722,1,0,HA0072_20240223,Hartbeespoort,1,3,2024-02-23
7723,1,1,HA0073_20240223,Hartbeespoort,1,3,2024-02-23
7724,1,1,HA0074_20240223,Hartbeespoort,1,3,2024-02-23
7725,1,1,HA0075_20240223,Hartbeespoort,1,3,2024-02-23
7726,1,0,HA0076_20240223,Hartbeespoort,1,3,2024-02-23
7727,1,0,HA0077_20240223,Hartbeespoort,1,3,2024-02-23
7728,1,1,HA0078_20240223,Hartbeespoort,1,3,2024-02-23
7729,1,1,HA0079_20240223,Hartbeespoort,1,3,2024-02-23
7730,1,0,HA0080_20240223,Hartbeespoort,1,3,2024-02-23
7731,1,0,HA0081_20240223,Hartbeespoort,1,3,2024-02-23
7732,1,1,HA0082_20240223,Hartbeespoort,1,3,2024-02-23
7733,1,1,HA0083_20240223,Hartbeespoort,1,3,2024-02-23
7734,1,1,HA0084_20240223,Hartbeespoort,1,3,2024-02-23
7735,1,0,HA0085_20240223,Hartbeespoort,1,3,2024-02-23
7736,1,1,HA0086_20240223,Hartbeespoort,1,3,2024-02-23
7737,1,1,HA0087_20240223,Hartbeespoort,1,3,2024-02-23
7738,1,1,HA0088_20240223,Hartbeespoort,1,3,2024-02-23
7739,1,0,HA0089_20240223,Hartbeespoort,1,3,2024-02-23
7740,1,0,HA0090_20240223,Hartbeespoort,1,3,2024-02-23
7741,1,0,HA0091_20240223,Hartbeespoort,1,3,2024-02-23
7742,1,0,HA0092_20240223,Hartbeespoort,1,3,2024-02-23
7743,1,0,HA0093_20240223,Hartbeespoort,1,3,2024-02-23
7744,1,0,HA0094_20240223,Hartbeespoort,1,3,2024-02-23
7745,1,0,HA0095_20240223,Hartbeespoort,1,3,2024-02-23
7746,1,1,HA0096_20240223,Hartbeespoort,1,3,2024-02-23
7747,1,1,HA0097_20240223,Hartbeespoort,1,3,2024-02-23
7748,1,1,HA0098_20240223,Hartbeespoort,1,3,2024-02-23
7749,1,1,HA0099_20240223,Hartbeespoort,1,3,2024-02-23
7750,1,0,HA0100_20240223,Hartbeespoort,1,3,2024-02-23
7751,1,0,HA0101_20240223,Hartbeespoort,1,3,2024-02-23
7752,1,1,HA0102_20240223,Hartbeespoort,1,3,2024-02-23
7753,1,1,HA0103_20240223,Hartbeespoort,1,3,2024-02-23
7754,1,1,HA0104_20240223,Hartbeespoort,1,3,2024-02-23
7755,1,1,HA0105_20240223,Hartbeespoort,1,3,2024-02-23
7756,1,1,HA0106_20240223,Hartbeespoort,1,3,2024-02-23
7757,1,0,HA0107_20240223,Hartbeespoort,1,3,2024-02-23
7758,1,0,HA0108_20240223,Hartbeespoort,1,3,2024-02-23
7759,1,1,HA0109_20240223,Hartbeespoort,1,3,2024-02-23
7760,1,0,HA0110_20240223,Hartbeespoort,1,3,2024-02-23
7761,1,1,HA0111_20240223,Hartbeespoort,1,3,2024-02-23
7762,1,1,HA0112_20240223,Hartbeespoort,1,3,2024-02-23
7763,0,0,HA0113_20240223,Hartbeespoort,0,4,2024-02-23
7764,0,0,HA0114_20240223,Hartbeespoort,0,4,2024-02-23
7765,0,0,HA0115_20240223,Hartbeespoort,0,4,2024-02-23
7766,0,0,HA0116_20240223,Hartbeespoort,0,4,2024-02-23
7767,0,0,HA0117_20240223,Hartbeespoort,0,4,2024-02-23
7768,0,0,HA0118_20240223,Hartbeespoort,0,4,2024-02-23
7769,0,0,HA0119_20240223,Hartbeespoort,0,4,2024-02-23
7770,0,0,HA0120_20240223,Hartbeespoort,0,4,2024-02-23
7771,0,0,HA0121_20240223,Hartbeespoort,0,4,2024-02-23
7772,0,0,HA0122_20240223,Hartbeespoort,0,4,2024-02-23
7773,0,0,HA0123_20240223,Hartbeespoort,0,4,2024-02-23
7774,0,0,HA0124_20240223,Hartbeespoort,0,4,2024-02-23
7775,0,0,HA0125_20240223,Hartbeespoort,0,4,2024-02-23
7776,0,0,HA0126_20240223,Hartbeespoort,0,4,2024-02-23
7777,0,0,HA0127_20240223,Hartbeespoort,0,4,2024-02-23
7778,0,0,HA0128_20240223,Hartbeespoort,0,2,2024-02-23
7779,0,0,HA0129_20240223,Hartbeespoort,0,2,2024-02-23
7780,0,0,HA0130_20240223,Hartbeespoort,0,2,2024-02-23
7781,0,0,HA0131_20240223,Hartbeespoort,0,2,2024-02-23
7782,0,0,HA0132_20240223,Hartbeespoort,0,2,2024-02-23
7783,0,0,HA0133_20240223,Hartbeespoort,0,2,2024-02-23
7784,0,0,HA0134_20240223,Hartbeespoort,0,2,2024-02-23
7785,0,0,HA0135_20240223,Hartbeespoort,0,2,2024-02-23
7786,0,0,HA0136_20240223,Hartbeespoort,0,2,2024-02-23
7787,0,0,HA0137_20240223,Hartbeespoort,0,2,2024-02-23
7788,0,0,HA0138_20240223,Hartbeespoort,0,2,2024-02-23
7789,0,0,HA0139_20240223,Hartbeespoort,0,2,2024-02-23
7790,0,0,HA0140_20240223,Hartbeespoort,0,2,2024-02-23
7791,0,0,HA0141_20240223,Hartbeespoort,0,2,2024-02-23
7792,0,0,HA0142_20240223,Hartbeespoort,0,2,2024-02-23
7793,0,0,HA0143_20240223,Hartbeespoort,0,2,2024-02-23
7794,0,0,HA0144_20240223,Hartbeespoort,0,2,2024-02-23
7795,0,0,HA0145_20240223,Hartbeespoort,0,2,2024-02-23
7796,0,0,HA0146_20240223,Hartbeespoort,0,2,2024-02-23
7797,0,0,HA0147_20240223,Hartbeespoort,0,2,2024-02-23
7798,0,0,HA0148_20240223,Hartbeespoort,0,2,2024-02-23
7799,0,0,HA0149_20240223,Hartbeespoort,0,2,2024-02-23
7800,0,0,HA0150_20240223,Hartbeespoort,0,2,2024-02-23
7801,0,0,HA0151_20240223,Hartbeespoort,0,2,2024-02-23
7802,0,0,HA0152_20240223,Hartbeespoort,0,2,2024-02-23
7803,0,0,HA0153_20240223,Hartbeespoort,0,2,2024-02-23
7804,0,0,HA0154_20240223,Hartbeespoort,0,2,2024-02-23
7805,0,0,HA0155_20240223,Hartbeespoort,0,2,2024-02-23
7806,0,0,HA0156_20240223,Hartbeespoort,0,2,2024-02-23
7807,0,0,HA0157_20240223,Hartbeespoort,0,2,2024-02-23
7808,0,0,HA0158_20240223,Hartbeespoort,0,1,2024-02-23
7809,0,0,HA0159_20240223,Hartbeespoort,0,1,2024-02-23
7810,0,0,HA0160_20240223,Hartbeespoort,0,1,2024-02-23
7811,0,0,HA0161_20240223,Hartbeespoort,0,1,2024-02-23
7812,0,0,HA0162_20240223,Hartbeespoort,0,1,2024-02-23
7813,0,0,HA0163_20240223,Hartbeespoort,0,1,2024-02-23
7814,0,0,HA0164_20240223,Hartbeespoort,0,1,2024-02-23
7815,0,0,HA0165_20240223,Hartbeespoort,0,1,2024-02-23
7816,0,0,HA0166_20240223,Hartbeespoort,0,1,2024-02-23
7817,0,0,HA0167_20240223,Hartbeespoort,0,1,2024-02-23
7818,0,0,HA0168_20240223,Hartbeespoort,0,1,2024-02-23
7819,0,0,HA0169_20240223,Hartbeespoort,0,1,2024-02-23
7820,0,0,HA0170_20240223,Hartbeespoort,0,1,2024-02-23
7821,0,0,HA0171_20240223,Hartbeespoort,0,1,2024-02-23
7822,0,1,HA0172_20240223,Hartbeespoort,0,1,2024-02-23
7823,0,0,HA0173_20240223,Hartbeespoort,0,1,2024-02-23
7824,0,0,HA0174_20240223,Hartbeespoort,0,1,2024-02-23
7825,0,0,HA0175_20240223,Hartbeespoort,0,1,2024-02-23
7826,0,0,HA0176_20240223,Hartbeespoort,0,1,2024-02-23
7827,0,0,HA0177_20240223,Hartbeespoort,0,1,2024-02-23
7828,0,0,HA0178_20240223,Hartbeespoort,0,1,2024-02-23
7829,0,0,HA0179_20240223,Hartbeespoort,0,1,2024-02-23
7830,0,0,HA0180_20240223,Hartbeespoort,0,1,2024-02-23
7831,0,0,HA0181_20240223,Hartbeespoort,0,1,2024-02-23
7832,0,0,HA0182_20240223,Hartbeespoort,0,1,2024-02-23
7833,0,0,HA0183_20240223,Hartbeespoort,0,1,2024-02-23
7834,0,0,HA0184_20240223,Hartbeespoort,0,1,2024-02-23
7835,0,0,HA0185_20240223,Hartbeespoort,0,1,2024-02-23
7836,0,0,HA0186_20240223,Hartbeespoort,0,1,2024-02-23
7837,0,0,HA0187_20240223,Hartbeespoort,0,1,2024-02-23
7838,0,0,HA0188_20240223,Hartbeespoort,0,1,2024-02-23
7839,0,0,HA0189_20240223,Hartbeespoort,0,1,2024-02-23
7840,0,0,HA0190_20240223,Hartbeespoort,0,1,2024-02-23
7841,0,0,HA0191_20240223,Hartbeespoort,0,1,2024-02-23
7842,0,0,HA0192_20240223,Hartbeespoort,0,1,2024-02-23
7843,0,0,HA0193_20240223,Hartbeespoort,0,1,2024-02-23
7844,0,0,HA0194_20240223,Hartbeespoort,0,1,2024-02-23
7845,0,0,HA0195_20240223,Hartbeespoort,0,1,2024-02-23
7846,0,0,HA0196_20240223,Hartbeespoort,0,1,2024-02-23
7847,0,0,HA0197_20240223,Hartbeespoort,0,1,2024-02-23
7848,0,0,HA0198_20240223,Hartbeespoort,0,1,2024-02-23
7849,0,0,HA0199_20240223,Hartbeespoort,0,1,2024-02-23
7850,0,0,HA0200_20240223,Hartbeespoort,0,1,2024-02-23
7851,0,0,HA0201_20240223,Hartbeespoort,0,1,2024-02-23
7852,0,0,HA0202_20240223,Hartbeespoort,0,1,2024-02-23
7853,0,0,HA0203_20240223,Hartbeespoort,0,1,2024-02-23
7854,0,0,HA0204_20240223,Hartbeespoort,0,1,2024-02-23
7855,0,0,HA0205_20240223,Hartbeespoort,0,1,2024-02-23
7856,0,0,HA0206_20240223,Hartbeespoort,0,1,2024-02-23
7857,0,0,HA0207_20240223,Hartbeespoort,0,1,2024-02-23
7858,0,0,HA0208_20240223,Hartbeespoort,0,1,2024-02-23
7859,0,0,HA0209_20240223,Hartbeespoort,0,1,2024-02-23
7860,0,0,HA0210_20240223,Hartbeespoort,0,1,2024-02-23
7861,0,0,HA0211_20240223,Hartbeespoort,0,1,2024-02-23
7862,0,0,HA0212_20240223,Hartbeespoort,0,1,2024-02-23
4001,1,1,IN0001_20191020,Inle,1,3,2019-10-20
4002,1,1,IN0002_20191020,Inle,1,3,2019-10-20
4003,1,1,IN0003_20191020,Inle,1,3,2019-10-20
4004,1,1,IN0004_20191020,Inle,1,3,2019-10-20
4005,1,1,IN0005_20191020,Inle,1,3,2019-10-20
4006,1,1,IN0006_20191020,Inle,1,3,2019-10-20
4007,1,1,IN0007_20191020,Inle,1,3,2019-10-20
4008,1,1,IN0008_20191020,Inle,1,3,2019-10-20
4009,1,1,IN0009_20191020,Inle,1,3,2019-10-20
4010,1,1,IN0010_20191020,Inle,1,3,2019-10-20
4011,1,1,IN0011_20191020,Inle,1,3,2019-10-20
4012,1,1,IN0012_20191020,Inle,1,3,2019-10-20
4013,1,1,IN0013_20191020,Inle,1,3,2019-10-20
4014,1,1,IN0014_20191020,Inle,1,3,2019-10-20
4015,1,1,IN0015_20191020,Inle,1,3,2019-10-20
4016,1,1,IN0016_20191020,Inle,1,3,2019-10-20
4017,1,1,IN0017_20191020,Inle,1,3,2019-10-20
4018,1,1,IN0018_20191020,Inle,1,3,2019-10-20
4019,1,1,IN0019_20191020,Inle,1,3,2019-10-20
4020,1,1,IN0020_20191020,Inle,1,3,2019-10-20
4021,1,1,IN0021_20191020,Inle,1,3,2019-10-20
4022,1,1,IN0022_20191020,Inle,1,3,2019-10-20
4023,1,1,IN0023_20191020,Inle,1,3,2019-10-20
4024,1,1,IN0024_20191020,Inle,1,3,2019-10-20
4025,1,1,IN0025_20191020,Inle,1,3,2019-10-20
4026,1,1,IN0026_20191020,Inle,1,3,2019-10-20
4027,1,1,IN0027_20191020,Inle,1,3,2019-10-20
4028,1,1,IN0028_20191020,Inle,1,3,2019-10-20
4029,1,1,IN0029_20191020,Inle,1,3,2019-10-20
4030,1,1,IN0030_20191020,Inle,1,3,2019-10-20
4031,1,1,IN0031_20191020,Inle,1,3,2019-10-20
4032,1,1,IN0032_20191020,Inle,1,3,2019-10-20
4033,1,1,IN0033_20191020,Inle,1,3,2019-10-20
4034,1,1,IN0034_20191020,Inle,1,3,2019-10-20
4035,1,1,IN0035_20191020,Inle,1,3,2019-10-20
4036,1,1,IN0036_20191020,Inle,1,3,2019-10-20
4037,1,1,IN0037_20191020,Inle,1,3,2019-10-20
4038,1,0,IN0038_20191020,Inle,1,3,2019-10-20
4039,1,1,IN0039_20191020,Inle,1,3,2019-10-20
4040,1,1,IN0040_20191020,Inle,1,3,2019-10-20
4041,1,1,IN0041_20191020,Inle,1,3,2019-10-20
4042,1,1,IN0042_20191020,Inle,1,3,2019-10-20
4043,1,1,IN0043_20191020,Inle,1,3,2019-10-20
4044,1,1,IN0044_20191020,Inle,1,3,2019-10-20
4045,1,1,IN0045_20191020,Inle,1,3,2019-10-20
4046,1,1,IN0046_20191020,Inle,1,3,2019-10-20
4047,1,1,IN0047_20191020,Inle,1,3,2019-10-20
4048,1,1,IN0048_20191020,Inle,1,3,2019-10-20
4049,1,1,IN0049_20191020,Inle,1,3,2019-10-20
4050,1,1,IN0050_20191020,Inle,1,3,2019-10-20
4051,1,1,IN0051_20191020,Inle,1,3,2019-10-20
4052,1,1,IN0052_20191020,Inle,1,3,2019-10-20
4053,1,1,IN0053_20191020,Inle,1,3,2019-10-20
4054,1,1,IN0054_20191020,Inle,1,3,2019-10-20
4055,1,1,IN0055_20191020,Inle,1,3,2019-10-20
4056,1,1,IN0056_20191020,Inle,1,3,2019-10-20
4057,1,1,IN0057_20191020,Inle,1,3,2019-10-20
4058,1,1,IN0058_20191020,Inle,1,3,2019-10-20
4059,1,1,IN0059_20191020,Inle,1,3,2019-10-20
4060,1,1,IN0060_20191020,Inle,1,3,2019-10-20
4061,1,1,IN0061_20191020,Inle,1,3,2019-10-20
4062,1,1,IN0062_20191020,Inle,1,3,2019-10-20
4063,1,1,IN0063_20191020,Inle,1,3,2019-10-20
4064,1,1,IN0064_20191020,Inle,1,3,2019-10-20
4065,1,1,IN0065_20191020,Inle,1,3,2019-10-20
4066,1,1,IN0066_20191020,Inle,1,3,2019-10-20
4067,1,1,IN0067_20191020,Inle,1,3,2019-10-20
4068,1,1,IN0068_20191020,Inle,1,3,2019-10-20
4069,1,1,IN0069_20191020,Inle,1,3,2019-10-20
4070,1,1,IN0070_20191020,Inle,1,3,2019-10-20
4071,1,1,IN0071_20191020,Inle,1,3,2019-10-20
4072,1,1,IN0072_20191020,Inle,1,3,2019-10-20
4073,1,1,IN0073_20191020,Inle,1,3,2019-10-20
4074,1,1,IN0074_20191020,Inle,1,3,2019-10-20
4075,1,1,IN0075_20191020,Inle,1,3,2019-10-20
4076,1,1,IN0076_20191020,Inle,1,3,2019-10-20
4077,1,1,IN0077_20191020,Inle,1,3,2019-10-20
4078,1,1,IN0078_20191020,Inle,1,3,2019-10-20
4079,1,1,IN0079_20191020,Inle,1,3,2019-10-20
4080,1,1,IN0080_20191020,Inle,1,3,2019-10-20
4081,1,1,IN0081_20191020,Inle,1,3,2019-10-20
4082,1,1,IN0082_20191020,Inle,1,3,2019-10-20
4083,1,1,IN0083_20191020,Inle,1,3,2019-10-20
4084,1,1,IN0084_20191020,Inle,1,3,2019-10-20
4085,1,1,IN0085_20191020,Inle,1,3,2019-10-20
4086,1,1,IN0086_20191020,Inle,1,3,2019-10-20
4087,1,1,IN0087_20191020,Inle,1,3,2019-10-20
4088,1,1,IN0088_20191020,Inle,1,3,2019-10-20
4089,1,1,IN0089_20191020,Inle,1,3,2019-10-20
4090,1,1,IN0090_20191020,Inle,1,3,2019-10-20
4091,1,1,IN0091_20191020,Inle,1,3,2019-10-20
4092,1,1,IN0092_20191020,Inle,1,3,2019-10-20
4093,1,1,IN0093_20191020,Inle,1,3,2019-10-20
4094,1,1,IN0094_20191020,Inle,1,3,2019-10-20
4095,1,1,IN0095_20191020,Inle,1,3,2019-10-20
4096,1,1,IN0096_20191020,Inle,1,3,2019-10-20
4097,1,1,IN0097_20191020,Inle,1,3,2019-10-20
4098,1,1,IN0098_20191020,Inle,1,3,2019-10-20
4099,1,1,IN0099_20191020,Inle,1,3,2019-10-20
4100,1,1,IN0100_20191020,Inle,1,3,2019-10-20
4101,1,1,IN0101_20191020,Inle,1,3,2019-10-20
4102,1,1,IN0102_20191020,Inle,1,3,2019-10-20
4103,1,1,IN0103_20191020,Inle,1,3,2019-10-20
4104,1,1,IN0104_20191020,Inle,1,3,2019-10-20
4105,1,1,IN0105_20191020,Inle,1,3,2019-10-20
4106,1,1,IN0106_20191020,Inle,1,3,2019-10-20
4107,1,1,IN0107_20191020,Inle,1,3,2019-10-20
4108,1,1,IN0108_20191020,Inle,1,3,2019-10-20
4109,1,1,IN0109_20191020,Inle,1,3,2019-10-20
4110,1,1,IN0110_20191020,Inle,1,3,2019-10-20
4111,1,1,IN0111_20191020,Inle,1,3,2019-10-20
4112,1,1,IN0112_20191020,Inle,1,3,2019-10-20
4113,1,1,IN0113_20191020,Inle,1,3,2019-10-20
4114,1,1,IN0114_20191020,Inle,1,3,2019-10-20
4115,1,1,IN0115_20191020,Inle,1,3,2019-10-20
4116,1,1,IN0116_20191020,Inle,1,3,2019-10-20
4117,1,1,IN0117_20191020,Inle,1,3,2019-10-20
4118,1,1,IN0118_20191020,Inle,1,3,2019-10-20
4119,1,1,IN0119_20191020,Inle,1,3,2019-10-20
4120,1,1,IN0120_20191020,Inle,1,3,2019-10-20
4121,1,1,IN0121_20191020,Inle,1,3,2019-10-20
4122,1,1,IN0122_20191020,Inle,1,3,2019-10-20
4123,1,1,IN0123_20191020,Inle,1,3,2019-10-20
4124,1,1,IN0124_20191020,Inle,1,3,2019-10-20
4125,1,1,IN0125_20191020,Inle,1,3,2019-10-20
4126,1,1,IN0126_20191020,Inle,1,3,2019-10-20
4127,1,1,IN0127_20191020,Inle,1,3,2019-10-20
4128,1,1,IN0128_20191020,Inle,1,3,2019-10-20
4129,1,1,IN0129_20191020,Inle,1,3,2019-10-20
4130,1,1,IN0130_20191020,Inle,1,3,2019-10-20
4131,1,1,IN0131_20191020,Inle,1,3,2019-10-20
4132,1,1,IN0132_20191020,Inle,1,3,2019-10-20
4133,1,1,IN0133_20191020,Inle,1,3,2019-10-20
4134,1,1,IN0134_20191020,Inle,1,3,2019-10-20
4135,1,1,IN0135_20191020,Inle,1,3,2019-10-20
4136,1,1,IN0136_20191020,Inle,1,3,2019-10-20
4137,1,1,IN0137_20191020,Inle,1,3,2019-10-20
4138,1,1,IN0138_20191020,Inle,1,3,2019-10-20
4139,1,1,IN0139_20191020,Inle,1,3,2019-10-20
4140,1,0,IN0140_20191020,Inle,1,3,2019-10-20
4141,1,1,IN0141_20191020,Inle,1,3,2019-10-20
4142,1,1,IN0142_20191020,Inle,1,3,2019-10-20
4143,1,1,IN0143_20191020,Inle,1,3,2019-10-20
4144,1,1,IN0144_20191020,Inle,1,3,2019-10-20
4145,1,1,IN0145_20191020,Inle,1,3,2019-10-20
4146,1,1,IN0146_20191020,Inle,1,3,2019-10-20
4147,1,1,IN0147_20191020,Inle,1,3,2019-10-20
4148,1,1,IN0148_20191020,Inle,1,3,2019-10-20
4149,1,1,IN0149_20191020,Inle,1,3,2019-10-20
4150,1,1,IN0150_20191020,Inle,1,3,2019-10-20
4151,0,0,IN0151_20191020,Inle,0,1,2019-10-20
4152,0,0,IN0152_20191020,Inle,0,1,2019-10-20
4153,0,0,IN0153_20191020,Inle,0,1,2019-10-20
4154,0,0,IN0154_20191020,Inle,0,1,2019-10-20
4155,0,0,IN0155_20191020,Inle,0,1,2019-10-20
4156,0,0,IN0156_20191020,Inle,0,1,2019-10-20
4157,0,0,IN0157_20191020,Inle,0,1,2019-10-20
4158,0,0,IN0158_20191020,Inle,0,1,2019-10-20
4159,0,0,IN0159_20191020,Inle,0,1,2019-10-20
4160,0,0,IN0160_20191020,Inle,0,1,2019-10-20
4161,0,0,IN0161_20191020,Inle,0,1,2019-10-20
4162,0,0,IN0162_20191020,Inle,0,1,2019-10-20
4163,0,0,IN0163_20191020,Inle,0,1,2019-10-20
4164,0,1,IN0164_20191020,Inle,0,1,2019-10-20
4165,0,1,IN0165_20191020,Inle,0,1,2019-10-20
4166,0,0,IN0166_20191020,Inle,0,1,2019-10-20
4167,0,1,IN0167_20191020,Inle,0,1,2019-10-20
4168,0,0,IN0168_20191020,Inle,0,1,2019-10-20
4169,0,0,IN0169_20191020,Inle,0,1,2019-10-20
4170,0,0,IN0170_20191020,Inle,0,1,2019-10-20
4171,0,1,IN0171_20191020,Inle,0,1,2019-10-20
4172,0,0,IN0172_20191020,Inle,0,1,2019-10-20
4173,0,0,IN0173_20191020,Inle,0,1,2019-10-20
4174,0,0,IN0174_20191020,Inle,0,1,2019-10-20
4175,0,1,IN0175_20191020,Inle,0,1,2019-10-20
4176,0,1,IN0176_20191020,Inle,0,1,2019-10-20
4177,0,0,IN0177_20191020,Inle,0,1,2019-10-20
4178,0,0,IN0178_20191020,Inle,0,1,2019-10-20
4179,0,1,IN0179_20191020,Inle,0,1,2019-10-20
4180,0,1,IN0180_20191020,Inle,0,1,2019-10-20
4181,0,1,IN0181_20191020,Inle,0,1,2019-10-20
4182,0,1,IN0182_20191020,Inle,0,1,2019-10-20
4183,0,1,IN0183_20191020,Inle,0,1,2019-10-20
4184,0,1,IN0184_20191020,Inle,0,1,2019-10-20
4185,0,1,IN0185_20191020,Inle,0,1,2019-10-20
4186,0,0,IN0186_20191020,Inle,0,1,2019-10-20
4187,0,0,IN0187_20191020,Inle,0,1,2019-10-20
4188,0,1,IN0188_20191020,Inle,0,1,2019-10-20
4189,0,0,IN0189_20191020,Inle,0,1,2019-10-20
4190,0,1,IN0190_20191020,Inle,0,1,2019-10-20
4191,0,0,IN0191_20191020,Inle,0,1,2019-10-20
4192,0,0,IN0192_20191020,Inle,0,1,2019-10-20
4193,0,0,IN0193_20191020,Inle,0,1,2019-10-20
4194,0,0,IN0194_20191020,Inle,0,1,2019-10-20
4195,0,0,IN0195_20191020,Inle,0,1,2019-10-20
4196,0,0,IN0196_20191020,Inle,0,1,2019-10-20
4197,0,0,IN0197_20191020,Inle,0,1,2019-10-20
4198,0,0,IN0198_20191020,Inle,0,1,2019-10-20
4199,0,0,IN0199_20191020,Inle,0,1,2019-10-20
4200,0,1,IN0200_20191020,Inle,0,1,2019-10-20
4201,0,0,IN0201_20191020,Inle,0,1,2019-10-20
4202,0,1,IN0202_20191020,Inle,0,1,2019-10-20
4203,0,0,IN0203_20191020,Inle,0,1,2019-10-20
4204,0,1,IN0204_20191020,Inle,0,1,2019-10-20
4205,0,1,IN0205_20191020,Inle,0,1,2019-10-20
4206,0,0,IN0206_20191020,Inle,0,1,2019-10-20
4207,0,0,IN0207_20191020,Inle,0,1,2019-10-20
4208,0,0,IN0208_20191020,Inle,0,1,2019-10-20
4209,0,0,IN0209_20191020,Inle,0,1,2019-10-20
4210,0,0,IN0210_20191020,Inle,0,1,2019-10-20
4211,0,0,IN0211_20191020,Inle,0,1,2019-10-20
4212,0,0,IN0212_20191020,Inle,0,1,2019-10-20
4213,0,1,IN0213_20191020,Inle,0,1,2019-10-20
4214,0,0,IN0214_20191020,Inle,0,1,2019-10-20
4215,0,0,IN0215_20191020,Inle,0,1,2019-10-20
4216,0,0,IN0216_20191020,Inle,0,1,2019-10-20
4217,0,0,IN0217_20191020,Inle,0,1,2019-10-20
4218,0,1,IN0218_20191020,Inle,0,1,2019-10-20
4219,0,0,IN0219_20191020,Inle,0,1,2019-10-20
4220,0,0,IN0220_20191020,Inle,0,1,2019-10-20
4221,0,0,IN0221_20191020,Inle,0,1,2019-10-20
4222,0,0,IN0222_20191020,Inle,0,1,2019-10-20
4223,0,0,IN0223_20191020,Inle,0,1,2019-10-20
4224,0,0,IN0224_20191020,Inle,0,1,2019-10-20
4225,0,0,IN0225_20191020,Inle,0,1,2019-10-20
4226,0,0,IN0226_20191020,Inle,0,1,2019-10-20
4227,0,0,IN0227_20191020,Inle,0,1,2019-10-20
4228,0,1,IN0228_20191020,Inle,0,1,2019-10-20
4229,0,1,IN0229_20191020,Inle,0,1,2019-10-20
4230,0,0,IN0230_20191020,Inle,0,1,2019-10-20
4231,0,0,IN0231_20191020,Inle,0,1,2019-10-20
4232,0,0,IN0232_20191020,Inle,0,1,2019-10-20
4233,0,0,IN0233_20191020,Inle,0,1,2019-10-20
4234,0,0,IN0234_20191020,Inle,0,1,2019-10-20
4235,0,0,IN0235_20191020,Inle,0,1,2019-10-20
4236,0,0,IN0236_20191020,Inle,0,1,2019-10-20
4237,0,0,IN0237_20191020,Inle,0,1,2019-10-20
4238,0,1,IN0238_20191020,Inle,0,1,2019-10-20
4239,0,1,IN0239_20191020,Inle,0,1,2019-10-20
4240,0,1,IN0240_20191020,Inle,0,1,2019-10-20
4241,0,0,IN0241_20191020,Inle,0,1,2019-10-20
4242,0,0,IN0242_20191020,Inle,0,1,2019-10-20
4243,0,1,IN0243_20191020,Inle,0,1,2019-10-20
4244,0,0,IN0244_20191020,Inle,0,1,2019-10-20
4245,0,1,IN0245_20191020,Inle,0,1,2019-10-20
4246,0,0,IN0246_20191020,Inle,0,1,2019-10-20
4247,0,0,IN0247_20191020,Inle,0,1,2019-10-20
4248,0,0,IN0248_20191020,Inle,0,1,2019-10-20
4249,0,0,IN0249_20191020,Inle,0,1,2019-10-20
4250,0,1,IN0250_20191020,Inle,0,1,2019-10-20
4251,1,1,IN0251_20191020,Inle,1,3,2019-10-20
4252,1,1,IN0252_20191020,Inle,1,3,2019-10-20
4253,1,1,IN0253_20191020,Inle,1,3,2019-10-20
4254,1,1,IN0254_20191020,Inle,1,3,2019-10-20
4255,1,1,IN0255_20191020,Inle,1,3,2019-10-20
4256,1,1,IN0256_20191020,Inle,1,3,2019-10-20
4257,1,1,IN0257_20191020,Inle,1,3,2019-10-20
4258,1,1,IN0258_20191020,Inle,1,3,2019-10-20
4259,1,1,IN0259_20191020,Inle,1,3,2019-10-20
4260,1,1,IN0260_20191020,Inle,1,3,2019-10-20
4261,1,1,IN0261_20191020,Inle,1,3,2019-10-20
4262,1,1,IN0262_20191020,Inle,1,3,2019-10-20
4263,1,1,IN0263_20191020,Inle,1,3,2019-10-20
4264,1,1,IN0264_20191020,Inle,1,3,2019-10-20
4265,1,1,IN0265_20191020,Inle,1,3,2019-10-20
4266,1,1,IN0266_20191020,Inle,1,3,2019-10-20
4267,1,1,IN0267_20191020,Inle,1,3,2019-10-20
4268,1,1,IN0268_20191020,Inle,1,3,2019-10-20
4269,1,1,IN0269_20191020,Inle,1,3,2019-10-20
4270,1,1,IN0270_20191020,Inle,1,3,2019-10-20
4271,1,1,IN0271_20191020,Inle,1,3,2019-10-20
4272,1,1,IN0272_20191020,Inle,1,3,2019-10-20
4273,1,1,IN0273_20191020,Inle,1,3,2019-10-20
4274,1,1,IN0274_20191020,Inle,1,3,2019-10-20
4275,1,1,IN0275_20191020,Inle,1,3,2019-10-20
4276,1,1,IN0276_20191020,Inle,1,3,2019-10-20
4277,1,1,IN0277_20191020,Inle,1,3,2019-10-20
4278,1,1,IN0278_20191020,Inle,1,3,2019-10-20
4279,1,1,IN0279_20191020,Inle,1,3,2019-10-20
4280,1,1,IN0280_20191020,Inle,1,3,2019-10-20
4281,1,1,IN0281_20191020,Inle,1,3,2019-10-20
4282,1,1,IN0282_20191020,Inle,1,3,2019-10-20
4283,1,1,IN0283_20191020,Inle,1,3,2019-10-20
4284,1,1,IN0284_20191020,Inle,1,3,2019-10-20
4285,1,1,IN0285_20191020,Inle,1,3,2019-10-20
4286,1,1,IN0286_20191020,Inle,1,3,2019-10-20
4287,1,1,IN0287_20191020,Inle,1,3,2019-10-20
4288,1,1,IN0288_20191020,Inle,1,3,2019-10-20
4289,1,1,IN0289_20191020,Inle,1,3,2019-10-20
4290,1,1,IN0290_20191020,Inle,1,3,2019-10-20
4291,1,1,IN0291_20191020,Inle,1,3,2019-10-20
4292,1,1,IN0292_20191020,Inle,1,3,2019-10-20
4293,1,1,IN0293_20191020,Inle,1,3,2019-10-20
4294,1,1,IN0294_20191020,Inle,1,3,2019-10-20
4295,1,1,IN0295_20191020,Inle,1,3,2019-10-20
4296,1,1,IN0296_20191020,Inle,1,3,2019-10-20
4297,1,1,IN0297_20191020,Inle,1,3,2019-10-20
4298,1,1,IN0298_20191020,Inle,1,3,2019-10-20
4299,1,1,IN0299_20191020,Inle,1,3,2019-10-20
4300,1,1,IN0300_20191020,Inle,1,3,2019-10-20
4301,1,1,IN0301_20191020,Inle,1,3,2019-10-20
4302,1,1,IN0302_20191020,Inle,1,3,2019-10-20
4303,1,1,IN0303_20191020,Inle,1,3,2019-10-20
4304,1,1,IN0304_20191020,Inle,1,3,2019-10-20
4305,1,1,IN0305_20191020,Inle,1,3,2019-10-20
4306,1,1,IN0306_20191020,Inle,1,3,2019-10-20
4307,1,1,IN0307_20191020,Inle,1,3,2019-10-20
4308,1,1,IN0308_20191020,Inle,1,3,2019-10-20
4309,1,1,IN0309_20191020,Inle,1,3,2019-10-20
4310,1,1,IN0310_20191020,Inle,1,3,2019-10-20
4311,1,1,IN0311_20191020,Inle,1,3,2019-10-20
4312,1,1,IN0312_20191020,Inle,1,3,2019-10-20
4313,1,1,IN0313_20191020,Inle,1,3,2019-10-20
4314,1,1,IN0314_20191020,Inle,1,3,2019-10-20
4315,1,1,IN0315_20191020,Inle,1,3,2019-10-20
4316,1,1,IN0316_20191020,Inle,1,3,2019-10-20
4317,1,1,IN0317_20191020,Inle,1,3,2019-10-20
4318,1,1,IN0318_20191020,Inle,1,3,2019-10-20
4319,1,1,IN0319_20191020,Inle,1,3,2019-10-20
4320,1,1,IN0320_20191020,Inle,1,3,2019-10-20
4321,1,1,IN0321_20191020,Inle,1,3,2019-10-20
4322,1,1,IN0322_20191020,Inle,1,3,2019-10-20
4323,1,1,IN0323_20191020,Inle,1,3,2019-10-20
4324,1,1,IN0324_20191020,Inle,1,3,2019-10-20
4325,1,1,IN0325_20191020,Inle,1,3,2019-10-20
4326,1,1,IN0326_20191020,Inle,1,3,2019-10-20
4327,1,1,IN0327_20191020,Inle,1,3,2019-10-20
4328,1,1,IN0328_20191020,Inle,1,3,2019-10-20
4329,1,1,IN0329_20191020,Inle,1,3,2019-10-20
4330,1,1,IN0330_20191020,Inle,1,3,2019-10-20
4331,1,1,IN0331_20191020,Inle,1,3,2019-10-20
4332,1,1,IN0332_20191020,Inle,1,3,2019-10-20
4333,1,1,IN0333_20191020,Inle,1,3,2019-10-20
4334,1,1,IN0334_20191020,Inle,1,3,2019-10-20
4335,1,1,IN0335_20191020,Inle,1,3,2019-10-20
4336,1,1,IN0336_20191020,Inle,1,3,2019-10-20
4337,1,1,IN0337_20191020,Inle,1,3,2019-10-20
4338,1,1,IN0338_20191020,Inle,1,3,2019-10-20
4339,1,1,IN0339_20191020,Inle,1,3,2019-10-20
4340,1,1,IN0340_20191020,Inle,1,3,2019-10-20
4341,1,1,IN0341_20191020,Inle,1,3,2019-10-20
4342,1,1,IN0342_20191020,Inle,1,3,2019-10-20
4343,1,1,IN0343_20191020,Inle,1,3,2019-10-20
4344,1,1,IN0344_20191020,Inle,1,3,2019-10-20
4345,1,1,IN0345_20191020,Inle,1,3,2019-10-20
4346,1,1,IN0346_20191020,Inle,1,3,2019-10-20
4347,1,1,IN0347_20191020,Inle,1,3,2019-10-20
4348,1,1,IN0348_20191020,Inle,1,3,2019-10-20
4349,1,1,IN0349_20191020,Inle,1,3,2019-10-20
4350,1,1,IN0350_20191020,Inle,1,3,2019-10-20
4351,0,0,IN0351_20191020,Inle,0,1,2019-10-20
4352,0,0,IN0352_20191020,Inle,0,1,2019-10-20
4353,0,0,IN0353_20191020,Inle,0,1,2019-10-20
4354,0,0,IN0354_20191020,Inle,0,1,2019-10-20
4355,0,0,IN0355_20191020,Inle,0,1,2019-10-20
4356,0,1,IN0356_20191020,Inle,0,1,2019-10-20
4357,0,1,IN0357_20191020,Inle,0,1,2019-10-20
4358,0,1,IN0358_20191020,Inle,0,1,2019-10-20
4359,0,0,IN0359_20191020,Inle,0,1,2019-10-20
4360,0,0,IN0360_20191020,Inle,0,1,2019-10-20
4361,0,1,IN0361_20191020,Inle,0,1,2019-10-20
4362,0,0,IN0362_20191020,Inle,0,1,2019-10-20
4363,0,0,IN0363_20191020,Inle,0,1,2019-10-20
4364,0,0,IN0364_20191020,Inle,0,1,2019-10-20
4365,0,0,IN0365_20191020,Inle,0,1,2019-10-20
4366,0,0,IN0366_20191020,Inle,0,1,2019-10-20
4367,0,0,IN0367_20191020,Inle,0,1,2019-10-20
4368,0,0,IN0368_20191020,Inle,0,1,2019-10-20
4369,0,1,IN0369_20191020,Inle,0,1,2019-10-20
4370,0,0,IN0370_20191020,Inle,0,1,2019-10-20
4371,0,1,IN0371_20191020,Inle,0,1,2019-10-20
4372,0,0,IN0372_20191020,Inle,0,1,2019-10-20
4373,0,0,IN0373_20191020,Inle,0,1,2019-10-20
4374,0,1,IN0374_20191020,Inle,0,1,2019-10-20
4375,0,0,IN0375_20191020,Inle,0,1,2019-10-20
4376,0,0,IN0376_20191020,Inle,0,2,2019-10-20
4377,0,0,IN0377_20191020,Inle,0,2,2019-10-20
4378,0,0,IN0378_20191020,Inle,0,2,2019-10-20
4379,0,0,IN0379_20191020,Inle,0,2,2019-10-20
4380,0,0,IN0380_20191020,Inle,0,2,2019-10-20
4381,0,0,IN0381_20191020,Inle,0,2,2019-10-20
4382,0,0,IN0382_20191020,Inle,0,2,2019-10-20
4383,0,0,IN0383_20191020,Inle,0,2,2019-10-20
4384,0,0,IN0384_20191020,Inle,0,2,2019-10-20
4385,0,0,IN0385_20191020,Inle,0,2,2019-10-20
4386,0,0,IN0386_20191020,Inle,0,2,2019-10-20
4387,0,0,IN0387_20191020,Inle,0,2,2019-10-20
4388,0,0,IN0388_20191020,Inle,0,2,2019-10-20
4389,0,0,IN0389_20191020,Inle,0,2,2019-10-20
4390,0,0,IN0390_20191020,Inle,0,2,2019-10-20
4391,0,0,IN0391_20191020,Inle,0,2,2019-10-20
4392,0,0,IN0392_20191020,Inle,0,2,2019-10-20
4393,0,0,IN0393_20191020,Inle,0,2,2019-10-20
4394,0,0,IN0394_20191020,Inle,0,2,2019-10-20
4395,0,0,IN0395_20191020,Inle,0,2,2019-10-20
4396,0,0,IN0396_20191020,Inle,0,2,2019-10-20
4397,0,0,IN0397_20191020,Inle,0,2,2019-10-20
4398,0,0,IN0398_20191020,Inle,0,2,2019-10-20
4399,0,0,IN0399_20191020,Inle,0,2,2019-10-20
4400,0,0,IN0400_20191020,Inle,0,2,2019-10-20
4401,0,0,IN0401_20191020,Inle,0,2,2019-10-20
4402,0,0,IN0402_20191020,Inle,0,2,2019-10-20
4403,0,0,IN0403_20191020,Inle,0,2,2019-10-20
4404,0,0,IN0404_20191020,Inle,0,2,2019-10-20
4405,0,0,IN0405_20191020,Inle,0,2,2019-10-20
4406,0,0,IN0406_20191020,Inle,0,2,2019-10-20
4407,0,0,IN0407_20191020,Inle,0,2,2019-10-20
4408,0,0,IN0408_20191020,Inle,0,2,2019-10-20
4409,0,0,IN0409_20191020,Inle,0,2,2019-10-20
4410,0,0,IN0410_20191020,Inle,0,2,2019-10-20
4411,0,0,IN0411_20191020,Inle,0,2,2019-10-20
4412,0,0,IN0412_20191020,Inle,0,2,2019-10-20
4413,0,0,IN0413_20191020,Inle,0,2,2019-10-20
4414,0,0,IN0414_20191020,Inle,0,2,2019-10-20
4415,0,0,IN0415_20191020,Inle,0,2,2019-10-20
4416,0,0,IN0416_20191020,Inle,0,2,2019-10-20
4417,0,0,IN0417_20191020,Inle,0,2,2019-10-20
4418,0,0,IN0418_20191020,Inle,0,2,2019-10-20
4419,0,0,IN0419_20191020,Inle,0,2,2019-10-20
4420,0,0,IN0420_20191020,Inle,0,2,2019-10-20
4421,0,0,IN0421_20191020,Inle,0,2,2019-10-20
4422,0,0,IN0422_20191020,Inle,0,2,2019-10-20
4423,0,0,IN0423_20191020,Inle,0,2,2019-10-20
4424,0,0,IN0424_20191020,Inle,0,2,2019-10-20
4425,0,0,IN0425_20191020,Inle,0,2,2019-10-20
4426,0,0,IN0426_20191020,Inle,0,2,2019-10-20
4427,0,0,IN0427_20191020,Inle,0,2,2019-10-20
4428,0,0,IN0428_20191020,Inle,0,2,2019-10-20
4429,0,0,IN0429_20191020,Inle,0,2,2019-10-20
4430,0,0,IN0430_20191020,Inle,0,2,2019-10-20
4431,0,0,IN0431_20191020,Inle,0,2,2019-10-20
4432,0,0,IN0432_20191020,Inle,0,2,2019-10-20
4433,0,0,IN0433_20191020,Inle,0,2,2019-10-20
4434,0,0,IN0434_20191020,Inle,0,2,2019-10-20
4435,0,0,IN0435_20191020,Inle,0,2,2019-10-20
4436,0,0,IN0436_20191020,Inle,0,2,2019-10-20
4437,0,0,IN0437_20191020,Inle,0,2,2019-10-20
4438,0,0,IN0438_20191020,Inle,0,2,2019-10-20
4439,0,0,IN0439_20191020,Inle,0,2,2019-10-20
4440,0,0,IN0440_20191020,Inle,0,2,2019-10-20
4441,0,0,IN0441_20191020,Inle,0,2,2019-10-20
4442,0,0,IN0442_20191020,Inle,0,2,2019-10-20
4443,0,0,IN0443_20191020,Inle,0,2,2019-10-20
4444,0,0,IN0444_20191020,Inle,0,2,2019-10-20
4445,0,0,IN0445_20191020,Inle,0,2,2019-10-20
4446,0,0,IN0446_20191020,Inle,0,2,2019-10-20
4447,0,0,IN0447_20191020,Inle,0,2,2019-10-20
4448,0,0,IN0448_20191020,Inle,0,2,2019-10-20
4449,0,0,IN0449_20191020,Inle,0,2,2019-10-20
4450,0,0,IN0450_20191020,Inle,0,2,2019-10-20
4451,0,0,IN0451_20191020,Inle,0,2,2019-10-20
4452,0,0,IN0452_20191020,Inle,0,2,2019-10-20
4453,0,0,IN0453_20191020,Inle,0,2,2019-10-20
4454,0,0,IN0454_20191020,Inle,0,2,2019-10-20
4455,0,0,IN0455_20191020,Inle,0,2,2019-10-20
4456,0,0,IN0456_20191020,Inle,0,2,2019-10-20
4457,0,0,IN0457_20191020,Inle,0,2,2019-10-20
4458,0,0,IN0458_20191020,Inle,0,2,2019-10-20
4459,0,0,IN0459_20191020,Inle,0,2,2019-10-20
4460,0,0,IN0460_20191020,Inle,0,2,2019-10-20
4461,0,0,IN0461_20191020,Inle,0,2,2019-10-20
4462,0,0,IN0462_20191020,Inle,0,2,2019-10-20
4463,0,0,IN0463_20191020,Inle,0,2,2019-10-20
4464,0,0,IN0464_20191020,Inle,0,2,2019-10-20
4465,0,0,IN0465_20191020,Inle,0,2,2019-10-20
4466,0,0,IN0466_20191020,Inle,0,2,2019-10-20
4467,0,0,IN0467_20191020,Inle,0,2,2019-10-20
4468,0,0,IN0468_20191020,Inle,0,2,2019-10-20
4469,0,0,IN0469_20191020,Inle,0,2,2019-10-20
4470,0,0,IN0470_20191020,Inle,0,2,2019-10-20
4471,0,0,IN0471_20191020,Inle,0,2,2019-10-20
4472,0,0,IN0472_20191020,Inle,0,2,2019-10-20
4473,0,0,IN0473_20191020,Inle,0,2,2019-10-20
4474,0,0,IN0474_20191020,Inle,0,2,2019-10-20
4475,0,0,IN0475_20191020,Inle,0,2,2019-10-20
4476,0,0,IN0476_20191020,Inle,0,2,2019-10-20
4477,0,0,IN0477_20191020,Inle,0,2,2019-10-20
4478,0,0,IN0478_20191020,Inle,0,2,2019-10-20
4479,0,0,IN0479_20191020,Inle,0,2,2019-10-20
4480,0,0,IN0480_20191020,Inle,0,2,2019-10-20
4481,0,0,IN0481_20191020,Inle,0,2,2019-10-20
4482,0,0,IN0482_20191020,Inle,0,2,2019-10-20
4483,0,0,IN0483_20191020,Inle,0,2,2019-10-20
4484,0,0,IN0484_20191020,Inle,0,2,2019-10-20
4485,0,0,IN0485_20191020,Inle,0,2,2019-10-20
4486,0,0,IN0486_20191020,Inle,0,2,2019-10-20
4487,0,0,IN0487_20191020,Inle,0,2,2019-10-20
4488,0,0,IN0488_20191020,Inle,0,2,2019-10-20
4489,0,0,IN0489_20191020,Inle,0,2,2019-10-20
4490,0,0,IN0490_20191020,Inle,0,2,2019-10-20
4491,0,0,IN0491_20191020,Inle,0,2,2019-10-20
4492,0,0,IN0492_20191020,Inle,0,2,2019-10-20
4493,0,0,IN0493_20191020,Inle,0,2,2019-10-20
4494,0,0,IN0494_20191020,Inle,0,2,2019-10-20
4495,0,0,IN0495_20191020,Inle,0,2,2019-10-20
4496,0,0,IN0496_20191020,Inle,0,2,2019-10-20
4497,0,0,IN0497_20191020,Inle,0,2,2019-10-20
4498,0,0,IN0498_20191020,Inle,0,2,2019-10-20
4499,0,0,IN0499_20191020,Inle,0,2,2019-10-20
4500,0,0,IN0500_20191020,Inle,0,2,2019-10-20
4501,1,1,IN0001_20250121,Inle,1,3,2025-01-21
4502,1,1,IN0002_20250121,Inle,1,3,2025-01-21
4503,1,1,IN0003_20250121,Inle,1,3,2025-01-21
4504,1,1,IN0004_20250121,Inle,1,3,2025-01-21
4505,1,1,IN0005_20250121,Inle,1,3,2025-01-21
4506,1,1,IN0006_20250121,Inle,1,3,2025-01-21
4507,1,1,IN0007_20250121,Inle,1,3,2025-01-21
4508,1,1,IN0008_20250121,Inle,1,3,2025-01-21
4509,1,1,IN0009_20250121,Inle,1,3,2025-01-21
4510,1,1,IN0010_20250121,Inle,1,3,2025-01-21
4511,1,0,IN0011_20250121,Inle,1,3,2025-01-21
4512,1,1,IN0012_20250121,Inle,1,3,2025-01-21
4513,1,1,IN0013_20250121,Inle,1,3,2025-01-21
4514,1,1,IN0014_20250121,Inle,1,3,2025-01-21
4515,1,1,IN0015_20250121,Inle,1,3,2025-01-21
4516,1,1,IN0016_20250121,Inle,1,3,2025-01-21
4517,1,1,IN0017_20250121,Inle,1,3,2025-01-21
4518,1,1,IN0018_20250121,Inle,1,3,2025-01-21
4519,1,1,IN0019_20250121,Inle,1,3,2025-01-21
4520,1,1,IN0020_20250121,Inle,1,3,2025-01-21
4521,1,1,IN0021_20250121,Inle,1,3,2025-01-21
4522,1,1,IN0022_20250121,Inle,1,3,2025-01-21
4523,1,1,IN0023_20250121,Inle,1,3,2025-01-21
4524,1,1,IN0024_20250121,Inle,1,3,2025-01-21
4525,1,1,IN0025_20250121,Inle,1,3,2025-01-21
4526,1,1,IN0026_20250121,Inle,1,3,2025-01-21
4527,1,1,IN0027_20250121,Inle,1,3,2025-01-21
4528,1,1,IN0028_20250121,Inle,1,3,2025-01-21
4529,1,1,IN0029_20250121,Inle,1,3,2025-01-21
4530,1,0,IN0030_20250121,Inle,1,3,2025-01-21
4531,1,1,IN0031_20250121,Inle,1,3,2025-01-21
4532,1,1,IN0032_20250121,Inle,1,3,2025-01-21
4533,1,1,IN0033_20250121,Inle,1,3,2025-01-21
4534,1,1,IN0034_20250121,Inle,1,3,2025-01-21
4535,1,1,IN0035_20250121,Inle,1,3,2025-01-21
4536,1,1,IN0036_20250121,Inle,1,3,2025-01-21
4537,1,1,IN0037_20250121,Inle,1,3,2025-01-21
4538,1,1,IN0038_20250121,Inle,1,3,2025-01-21
4539,1,1,IN0039_20250121,Inle,1,3,2025-01-21
4540,1,1,IN0040_20250121,Inle,1,3,2025-01-21
4541,1,1,IN0041_20250121,Inle,1,3,2025-01-21
4542,1,1,IN0042_20250121,Inle,1,3,2025-01-21
4543,1,1,IN0043_20250121,Inle,1,3,2025-01-21
4544,1,1,IN0044_20250121,Inle,1,3,2025-01-21
4545,1,1,IN0045_20250121,Inle,1,3,2025-01-21
4546,1,1,IN0046_20250121,Inle,1,3,2025-01-21
4547,1,1,IN0047_20250121,Inle,1,3,2025-01-21
4548,1,1,IN0048_20250121,Inle,1,3,2025-01-21
4549,1,1,IN0049_20250121,Inle,1,3,2025-01-21
4550,1,1,IN0050_20250121,Inle,1,3,2025-01-21
4551,0,0,IN0051_20250121,Inle,0,2,2025-01-21
4552,0,0,IN0055_20250121,Inle,0,2,2025-01-21
4553,0,0,IN0057_20250121,Inle,0,2,2025-01-21
4554,0,0,IN0066_20250121,Inle,0,2,2025-01-21
4555,0,0,IN0067_20250121,Inle,0,2,2025-01-21
4556,0,0,IN0068_20250121,Inle,0,2,2025-01-21
4557,0,0,IN0071_20250121,Inle,0,2,2025-01-21
4558,0,0,IN0073_20250121,Inle,0,2,2025-01-21
4559,0,0,IN0074_20250121,Inle,0,2,2025-01-21
4560,0,0,IN0077_20250121,Inle,0,2,2025-01-21
4561,0,0,IN0079_20250121,Inle,0,2,2025-01-21
4562,0,0,IN0080_20250121,Inle,0,2,2025-01-21
4563,0,0,IN0081_20250121,Inle,0,2,2025-01-21
4564,0,0,IN0082_20250121,Inle,0,2,2025-01-21
4565,0,0,IN0083_20250121,Inle,0,2,2025-01-21
4566,0,0,IN0088_20250121,Inle,0,2,2025-01-21
4567,0,0,IN0090_20250121,Inle,0,2,2025-01-21
4568,0,0,IN0091_20250121,Inle,0,2,2025-01-21
4569,0,0,IN0092_20250121,Inle,0,2,2025-01-21
4570,0,0,IN0093_20250121,Inle,0,2,2025-01-21
4571,0,0,IN0094_20250121,Inle,0,2,2025-01-21
4572,0,0,IN0095_20250121,Inle,0,2,2025-01-21
4573,0,0,IN0096_20250121,Inle,0,2,2025-01-21
4574,0,0,IN0097_20250121,Inle,0,2,2025-01-21
4575,0,0,IN0098_20250121,Inle,0,1,2025-01-21
4576,0,0,IN0099_20250121,Inle,0,1,2025-01-21
4577,0,0,IN0100_20250121,Inle,0,1,2025-01-21
4578,0,0,IN0101_20250121,Inle,0,1,2025-01-21
4579,0,0,IN0102_20250121,Inle,0,1,2025-01-21
4580,0,0,IN0103_20250121,Inle,0,1,2025-01-21
4581,0,0,IN0104_20250121,Inle,0,1,2025-01-21
4582,0,1,IN0105_20250121,Inle,0,1,2025-01-21
4583,0,0,IN0106_20250121,Inle,0,1,2025-01-21
4584,0,0,IN0107_20250121,Inle,0,1,2025-01-21
4585,0,0,IN0108_20250121,Inle,0,1,2025-01-21
4586,0,0,IN0109_20250121,Inle,0,1,2025-01-21
4587,0,0,IN0110_20250121,Inle,0,1,2025-01-21
4588,0,0,IN0111_20250121,Inle,0,1,2025-01-21
4589,0,0,IN0112_20250121,Inle,0,1,2025-01-21
4590,0,0,IN0113_20250121,Inle,0,1,2025-01-21
4591,0,0,IN0114_20250121,Inle,0,1,2025-01-21
4592,0,0,IN0115_20250121,Inle,0,2,2025-01-21
4593,0,0,IN0116_20250121,Inle,0,1,2025-01-21
4594,0,0,IN0117_20250121,Inle,0,1,2025-01-21
4595,0,0,IN0118_20250121,Inle,0,1,2025-01-21
4596,0,0,IN0119_20250121,Inle,0,1,2025-01-21
4597,0,0,IN0120_20250121,Inle,0,1,2025-01-21
4598,0,0,IN0122_20250121,Inle,0,1,2025-01-21
4599,0,0,IN0123_20250121,Inle,0,1,2025-01-21
4600,0,0,IN0125_20250121,Inle,0,1,2025-01-21
4601,1,1,IN0001_20240112,Inle,1,3,2024-01-12
4602,1,1,IN0002_20240112,Inle,1,3,2024-01-12
4603,1,1,IN0003_20240112,Inle,1,3,2024-01-12
4604,1,1,IN0004_20240112,Inle,1,3,2024-01-12
4605,1,1,IN0005_20240112,Inle,1,3,2024-01-12
4606,1,1,IN0006_20240112,Inle,1,3,2024-01-12
4607,1,1,IN0007_20240112,Inle,1,3,2024-01-12
4608,1,1,IN0008_20240112,Inle,1,3,2024-01-12
4609,1,1,IN0009_20240112,Inle,1,3,2024-01-12
4610,1,1,IN0010_20240112,Inle,1,3,2024-01-12
4611,1,1,IN0011_20240112,Inle,1,3,2024-01-12
4612,1,1,IN0012_20240112,Inle,1,3,2024-01-12
4613,1,1,IN0013_20240112,Inle,1,3,2024-01-12
4614,1,1,IN0014_20240112,Inle,1,3,2024-01-12
4615,1,1,IN0015_20240112,Inle,1,3,2024-01-12
4616,1,1,IN0016_20240112,Inle,1,3,2024-01-12
4617,1,1,IN0017_20240112,Inle,1,3,2024-01-12
4618,1,1,IN0018_20240112,Inle,1,3,2024-01-12
4619,1,1,IN0019_20240112,Inle,1,3,2024-01-12
4620,1,1,IN0020_20240112,Inle,1,3,2024-01-12
4621,1,1,IN0021_20240112,Inle,1,3,2024-01-12
4622,1,1,IN0022_20240112,Inle,1,3,2024-01-12
4623,1,1,IN0024_20240112,Inle,1,3,2024-01-12
4624,1,1,IN0025_20240112,Inle,1,3,2024-01-12
4625,1,1,IN0026_20240112,Inle,1,3,2024-01-12
4626,1,1,IN0027_20240112,Inle,1,3,2024-01-12
4627,1,1,IN0028_20240112,Inle,1,3,2024-01-12
4628,1,1,IN0029_20240112,Inle,1,3,2024-01-12
4629,1,1,IN0030_20240112,Inle,1,3,2024-01-12
4630,1,0,IN0031_20240112,Inle,1,3,2024-01-12
4631,1,1,IN0032_20240112,Inle,1,3,2024-01-12
4632,1,1,IN0033_20240112,Inle,1,3,2024-01-12
4633,1,1,IN0034_20240112,Inle,1,3,2024-01-12
4634,1,1,IN0035_20240112,Inle,1,3,2024-01-12
4635,1,1,IN0036_20240112,Inle,1,3,2024-01-12
4636,1,1,IN0037_20240112,Inle,1,3,2024-01-12
4637,1,1,IN0038_20240112,Inle,1,3,2024-01-12
4638,1,1,IN0039_20240112,Inle,1,3,2024-01-12
4639,1,1,IN0040_20240112,Inle,1,3,2024-01-12
4640,1,1,IN0041_20240112,Inle,1,3,2024-01-12
4641,1,1,IN0042_20240112,Inle,1,3,2024-01-12
4642,1,0,IN0043_20240112,Inle,1,3,2024-01-12
4643,1,1,IN0044_20240112,Inle,1,3,2024-01-12
4644,1,1,IN0045_20240112,Inle,1,3,2024-01-12
4645,1,1,IN0046_20240112,Inle,1,3,2024-01-12
4646,1,1,IN0047_20240112,Inle,1,3,2024-01-12
4647,1,1,IN0048_20240112,Inle,1,3,2024-01-12
4648,1,1,IN0049_20240112,Inle,1,3,2024-01-12
4649,1,1,IN0050_20240112,Inle,1,3,2024-01-12
4650,1,1,IN0051_20240112,Inle,1,3,2024-01-12
4651,1,1,IN0052_20240112,Inle,1,3,2024-01-12
4652,1,1,IN0053_20240112,Inle,1,3,2024-01-12
4653,1,1,IN0054_20240112,Inle,1,3,2024-01-12
4654,1,1,IN0055_20240112,Inle,1,3,2024-01-12
4655,1,1,IN0056_20240112,Inle,1,3,2024-01-12
4656,1,1,IN0057_20240112,Inle,1,3,2024-01-12
4657,1,1,IN0058_20240112,Inle,1,3,2024-01-12
4658,1,1,IN0059_20240112,Inle,1,3,2024-01-12
4659,1,1,IN0060_20240112,Inle,1,3,2024-01-12
4660,1,1,IN0061_20240112,Inle,1,3,2024-01-12
4661,1,1,IN0062_20240112,Inle,1,3,2024-01-12
4662,1,1,IN0063_20240112,Inle,1,3,2024-01-12
4663,1,1,IN0064_20240112,Inle,1,3,2024-01-12
4664,1,1,IN0065_20240112,Inle,1,3,2024-01-12
4665,1,1,IN0066_20240112,Inle,1,3,2024-01-12
4666,1,1,IN0067_20240112,Inle,1,3,2024-01-12
4667,1,1,IN0068_20240112,Inle,1,3,2024-01-12
4668,1,1,IN0069_20240112,Inle,1,3,2024-01-12
4669,1,1,IN0070_20240112,Inle,1,3,2024-01-12
4670,1,1,IN0071_20240112,Inle,1,3,2024-01-12
4671,0,0,IN0072_20240112,Inle,0,1,2024-01-12
4672,0,0,IN0073_20240112,Inle,0,1,2024-01-12
4673,0,0,IN0074_20240112,Inle,0,1,2024-01-12
4674,0,0,IN0075_20240112,Inle,0,1,2024-01-12
4675,0,0,IN0076_20240112,Inle,0,1,2024-01-12
4676,0,0,IN0077_20240112,Inle,0,1,2024-01-12
4677,0,0,IN0078_20240112,Inle,0,1,2024-01-12
4678,0,0,IN0079_20240112,Inle,0,1,2024-01-12
4679,0,0,IN0080_20240112,Inle,0,1,2024-01-12
4680,0,0,IN0081_20240112,Inle,0,1,2024-01-12
4681,0,0,IN0082_20240112,Inle,0,1,2024-01-12
4682,0,0,IN0083_20240112,Inle,0,1,2024-01-12
4683,0,0,IN0084_20240112,Inle,0,1,2024-01-12
4684,0,1,IN0085_20240112,Inle,0,1,2024-01-12
4685,0,0,IN0086_20240112,Inle,0,1,2024-01-12
4686,0,0,IN0087_20240112,Inle,0,1,2024-01-12
4687,0,0,IN0088_20240112,Inle,0,1,2024-01-12
4688,0,0,IN0089_20240112,Inle,0,1,2024-01-12
4689,0,0,IN0090_20240112,Inle,0,1,2024-01-12
4690,0,0,IN0091_20240112,Inle,0,1,2024-01-12
4691,0,0,IN0092_20240112,Inle,0,1,2024-01-12
4692,0,0,IN0093_20240112,Inle,0,1,2024-01-12
4693,0,0,IN0094_20240112,Inle,0,1,2024-01-12
4694,0,0,IN0095_20240112,Inle,0,1,2024-01-12
4695,0,0,IN0096_20240112,Inle,0,1,2024-01-12
4696,0,1,IN0097_20240112,Inle,0,1,2024-01-12
4697,0,0,IN0098_20240112,Inle,0,1,2024-01-12
4698,0,0,IN0099_20240112,Inle,0,1,2024-01-12
4699,0,0,IN0100_20240112,Inle,0,1,2024-01-12
4700,0,0,IN0101_20240112,Inle,0,1,2024-01-12
4701,0,0,IN0102_20240112,Inle,0,2,2024-01-12
4702,0,0,IN0103_20240112,Inle,0,2,2024-01-12
4703,0,0,IN0104_20240112,Inle,0,2,2024-01-12
4704,0,0,IN0105_20240112,Inle,0,2,2024-01-12
4705,0,0,IN0106_20240112,Inle,0,2,2024-01-12
4706,0,0,IN0107_20240112,Inle,0,2,2024-01-12
4707,0,0,IN0108_20240112,Inle,0,2,2024-01-12
4708,0,0,IN0109_20240112,Inle,0,2,2024-01-12
4709,0,0,IN0110_20240112,Inle,0,2,2024-01-12
4710,0,0,IN0111_20240112,Inle,0,2,2024-01-12
4711,0,0,IN0112_20240112,Inle,0,2,2024-01-12
4712,0,0,IN0113_20240112,Inle,0,2,2024-01-12
4713,0,0,IN0114_20240112,Inle,0,2,2024-01-12
4714,0,0,IN0115_20240112,Inle,0,2,2024-01-12
4715,0,0,IN0116_20240112,Inle,0,2,2024-01-12
4716,0,0,IN0117_20240112,Inle,0,2,2024-01-12
4717,0,0,IN0118_20240112,Inle,0,2,2024-01-12
4718,0,0,IN0119_20240112,Inle,0,2,2024-01-12
4719,0,0,IN0120_20240112,Inle,0,2,2024-01-12
4720,0,0,IN0121_20240112,Inle,0,2,2024-01-12
4721,0,0,IN0122_20240112,Inle,0,2,2024-01-12
4722,0,0,IN0123_20240112,Inle,0,2,2024-01-12
4723,0,0,IN0124_20240112,Inle,0,2,2024-01-12
4724,0,0,IN0125_20240112,Inle,0,2,2024-01-12
4725,0,0,IN0126_20240112,Inle,0,2,2024-01-12
4726,0,0,IN0127_20240112,Inle,0,2,2024-01-12
4727,0,0,IN0128_20240112,Inle,0,2,2024-01-12
4728,0,0,IN0129_20240112,Inle,0,2,2024-01-12
4729,0,0,IN0130_20240112,Inle,0,2,2024-01-12
4730,0,0,IN0131_20240112,Inle,0,2,2024-01-12
4731,0,0,IN0132_20240112,Inle,0,2,2024-01-12
4732,0,0,IN0133_20240112,Inle,0,2,2024-01-12
4733,0,0,IN0134_20240112,Inle,0,2,2024-01-12
4734,0,0,IN0135_20240112,Inle,0,2,2024-01-12
4735,0,0,IN0136_20240112,Inle,0,2,2024-01-12
4736,0,1,IN0137_20240112,Inle,0,1,2024-01-12
4737,0,1,IN0138_20240112,Inle,0,1,2024-01-12
4738,0,1,IN0139_20240112,Inle,0,1,2024-01-12
4739,0,0,IN0140_20240112,Inle,0,1,2024-01-12
4740,0,0,IN0141_20240112,Inle,0,1,2024-01-12
4741,1,1,IN0001_20230117,Inle,1,3,2023-01-17
4742,1,1,IN0004_20230117,Inle,1,3,2023-01-17
4743,1,1,IN0017_20230117,Inle,1,3,2023-01-17
4744,1,1,IN0024_20230117,Inle,1,3,2023-01-17
4745,1,1,IN0025_20230117,Inle,1,3,2023-01-17
4746,1,1,IN0030_20230117,Inle,1,3,2023-01-17
4747,1,1,IN0032_20230117,Inle,1,3,2023-01-17
4748,1,1,IN0038_20230117,Inle,1,3,2023-01-17
4749,1,1,IN0039_20230117,Inle,1,3,2023-01-17
4750,1,1,IN0040_20230117,Inle,1,3,2023-01-17
4751,1,1,IN0041_20230117,Inle,1,3,2023-01-17
4752,1,1,IN0042_20230117,Inle,1,3,2023-01-17
4753,1,1,IN0043_20230117,Inle,1,3,2023-01-17
4754,1,1,IN0044_20230117,Inle,1,3,2023-01-17
4755,1,1,IN0045_20230117,Inle,1,3,2023-01-17
4756,1,1,IN0046_20230117,Inle,1,3,2023-01-17
4757,1,1,IN0047_20230117,Inle,1,3,2023-01-17
4758,1,1,IN0048_20230117,Inle,1,3,2023-01-17
4759,1,1,IN0049_20230117,Inle,1,3,2023-01-17
4760,1,1,IN0050_20230117,Inle,1,3,2023-01-17
4761,0,0,IN0051_20230117,Inle,0,2,2023-01-17
4762,0,0,IN0052_20230117,Inle,0,2,2023-01-17
4763,0,0,IN0053_20230117,Inle,0,2,2023-01-17
4764,0,0,IN0057_20230117,Inle,0,2,2023-01-17
4765,0,0,IN0058_20230117,Inle,0,2,2023-01-17
4766,0,0,IN0059_20230117,Inle,0,2,2023-01-17
4767,0,0,IN0060_20230117,Inle,0,2,2023-01-17
4768,0,0,IN0061_20230117,Inle,0,2,2023-01-17
4769,0,0,IN0062_20230117,Inle,0,2,2023-01-17
4770,0,0,IN0065_20230117,Inle,0,2,2023-01-17
4771,0,0,IN0066_20230117,Inle,0,2,2023-01-17
4772,0,0,IN0067_20230117,Inle,0,2,2023-01-17
4773,0,0,IN0068_20230117,Inle,0,2,2023-01-17
4774,0,0,IN0069_20230117,Inle,0,2,2023-01-17
4775,0,0,IN0070_20230117,Inle,0,2,2023-01-17
4776,0,0,IN0071_20230117,Inle,0,2,2023-01-17
4777,0,0,IN0072_20230117,Inle,0,2,2023-01-17
4778,0,0,IN0073_20230117,Inle,0,2,2023-01-17
4779,0,0,IN0075_20230117,Inle,0,2,2023-01-17
4780,0,1,IN0086_20230117,Inle,0,1,2023-01-17
4781,0,1,IN0087_20230117,Inle,0,1,2023-01-17
4782,0,1,IN0088_20230117,Inle,0,1,2023-01-17
4783,0,1,IN0092_20230117,Inle,0,1,2023-01-17
4784,0,0,IN0093_20230117,Inle,0,1,2023-01-17
4785,0,0,IN0094_20230117,Inle,0,1,2023-01-17
4786,0,0,IN0095_20230117,Inle,0,1,2023-01-17
4787,0,0,IN0096_20230117,Inle,0,1,2023-01-17
4788,0,0,IN0097_20230117,Inle,0,1,2023-01-17
4789,0,0,IN0098_20230117,Inle,0,1,2023-01-17
4790,0,0,IN0099_20230117,Inle,0,1,2023-01-17
4791,0,0,IN0100_20230117,Inle,0,1,2023-01-17
4792,0,0,IN0101_20230117,Inle,0,1,2023-01-17
4793,1,1,IN0001_20211009,Inle,1,3,2021-10-09
4794,1,1,IN0002_20211009,Inle,1,3,2021-10-09
4795,1,1,IN0003_20211009,Inle,1,3,2021-10-09
4796,1,1,IN0004_20211009,Inle,1,3,2021-10-09
4797,1,1,IN0005_20211009,Inle,1,3,2021-10-09
4798,1,1,IN0006_20211009,Inle,1,3,2021-10-09
4799,1,1,IN0007_20211009,Inle,1,3,2021-10-09
4800,1,1,IN0008_20211009,Inle,1,3,2021-10-09
4801,1,1,IN0009_20211009,Inle,1,3,2021-10-09
4802,1,1,IN0010_20211009,Inle,1,3,2021-10-09
4803,1,1,IN0011_20211009,Inle,1,3,2021-10-09
4804,1,1,IN0012_20211009,Inle,1,3,2021-10-09
4805,1,1,IN0013_20211009,Inle,1,3,2021-10-09
4806,1,1,IN0014_20211009,Inle,1,3,2021-10-09
4807,1,1,IN0015_20211009,Inle,1,3,2021-10-09
4808,1,1,IN0016_20211009,Inle,1,3,2021-10-09
4809,1,1,IN0017_20211009,Inle,1,3,2021-10-09
4810,1,1,IN0018_20211009,Inle,1,3,2021-10-09
4811,1,1,IN0019_20211009,Inle,1,3,2021-10-09
4812,1,1,IN0020_20211009,Inle,1,3,2021-10-09
4813,1,1,IN0021_20211009,Inle,1,3,2021-10-09
4814,1,1,IN0022_20211009,Inle,1,3,2021-10-09
4815,1,1,IN0023_20211009,Inle,1,3,2021-10-09
4816,1,1,IN0024_20211009,Inle,1,3,2021-10-09
4817,1,1,IN0025_20211009,Inle,1,3,2021-10-09
4818,1,1,IN0027_20211009,Inle,1,3,2021-10-09
4819,1,1,IN0029_20211009,Inle,1,3,2021-10-09
4820,1,1,IN0030_20211009,Inle,1,3,2021-10-09
4821,1,1,IN0031_20211009,Inle,1,3,2021-10-09
4822,1,1,IN0032_20211009,Inle,1,3,2021-10-09
4823,1,1,IN0033_20211009,Inle,1,3,2021-10-09
4824,1,1,IN0034_20211009,Inle,1,3,2021-10-09
4825,1,1,IN0035_20211009,Inle,1,3,2021-10-09
4826,1,1,IN0036_20211009,Inle,1,3,2021-10-09
4827,1,1,IN0037_20211009,Inle,1,3,2021-10-09
4828,1,1,IN0038_20211009,Inle,1,3,2021-10-09
4829,1,1,IN0039_20211009,Inle,1,3,2021-10-09
4830,1,1,IN0040_20211009,Inle,1,3,2021-10-09
4831,1,1,IN0041_20211009,Inle,1,3,2021-10-09
4832,1,1,IN0042_20211009,Inle,1,3,2021-10-09
4833,1,1,IN0043_20211009,Inle,1,3,2021-10-09
4834,1,1,IN0044_20211009,Inle,1,3,2021-10-09
4835,1,1,IN0045_20211009,Inle,1,3,2021-10-09
4836,1,1,IN0046_20211009,Inle,1,3,2021-10-09
4837,1,1,IN0047_20211009,Inle,1,3,2021-10-09
4838,1,0,IN0048_20211009,Inle,1,3,2021-10-09
4839,1,1,IN0049_20211009,Inle,1,3,2021-10-09
4840,1,1,IN0050_20211009,Inle,1,3,2021-10-09
4841,1,1,IN0051_20211009,Inle,1,3,2021-10-09
4842,1,1,IN0052_20211009,Inle,1,3,2021-10-09
4843,1,1,IN0053_20211009,Inle,1,3,2021-10-09
4844,1,1,IN0054_20211009,Inle,1,3,2021-10-09
4845,1,1,IN0055_20211009,Inle,1,3,2021-10-09
4846,1,0,IN0056_20211009,Inle,1,3,2021-10-09
4847,1,1,IN0057_20211009,Inle,1,3,2021-10-09
4848,1,1,IN0058_20211009,Inle,1,3,2021-10-09
4849,1,1,IN0059_20211009,Inle,1,3,2021-10-09
4850,1,1,IN0060_20211009,Inle,1,3,2021-10-09
4851,1,1,IN0061_20211009,Inle,1,3,2021-10-09
4852,1,1,IN0062_20211009,Inle,1,3,2021-10-09
4853,1,1,IN0063_20211009,Inle,1,3,2021-10-09
4854,1,1,IN0064_20211009,Inle,1,3,2021-10-09
4855,1,1,IN0065_20211009,Inle,1,3,2021-10-09
4856,1,1,IN0066_20211009,Inle,1,3,2021-10-09
4857,1,1,IN0067_20211009,Inle,1,3,2021-10-09
4858,1,1,IN0068_20211009,Inle,1,3,2021-10-09
4859,1,1,IN0069_20211009,Inle,1,3,2021-10-09
4860,1,1,IN0070_20211009,Inle,1,3,2021-10-09
4861,1,1,IN0071_20211009,Inle,1,3,2021-10-09
4862,1,1,IN0072_20211009,Inle,1,3,2021-10-09
4863,1,1,IN0073_20211009,Inle,1,3,2021-10-09
4864,1,1,IN0074_20211009,Inle,1,3,2021-10-09
4865,1,1,IN0076_20211009,Inle,1,3,2021-10-09
4866,1,1,IN0079_20211009,Inle,1,3,2021-10-09
4867,1,1,IN0080_20211009,Inle,1,3,2021-10-09
4868,1,1,IN0081_20211009,Inle,1,3,2021-10-09
4869,1,1,IN0082_20211009,Inle,1,3,2021-10-09
4870,1,1,IN0083_20211009,Inle,1,3,2021-10-09
4871,1,1,IN0084_20211009,Inle,1,3,2021-10-09
4872,1,1,IN0085_20211009,Inle,1,3,2021-10-09
4873,1,1,IN0086_20211009,Inle,1,3,2021-10-09
4874,1,1,IN0087_20211009,Inle,1,3,2021-10-09
4875,1,1,IN0088_20211009,Inle,1,3,2021-10-09
4876,1,1,IN0089_20211009,Inle,1,3,2021-10-09
4877,1,1,IN0090_20211009,Inle,1,3,2021-10-09
4878,1,1,IN0091_20211009,Inle,1,3,2021-10-09
4879,1,1,IN0092_20211009,Inle,1,3,2021-10-09
4880,1,1,IN0093_20211009,Inle,1,3,2021-10-09
4881,1,1,IN0094_20211009,Inle,1,3,2021-10-09
4882,1,1,IN0095_20211009,Inle,1,3,2021-10-09
4883,1,1,IN0096_20211009,Inle,1,3,2021-10-09
4884,1,1,IN0097_20211009,Inle,1,3,2021-10-09
4885,1,0,IN0098_20211009,Inle,1,3,2021-10-09
4886,1,1,IN0099_20211009,Inle,1,3,2021-10-09
4887,1,1,IN0100_20211009,Inle,1,3,2021-10-09
4888,1,1,IN0101_20211009,Inle,1,3,2021-10-09
4889,1,1,IN0102_20211009,Inle,1,3,2021-10-09
4890,1,1,IN0103_20211009,Inle,1,3,2021-10-09
4891,1,0,IN0104_20211009,Inle,1,3,2021-10-09
4892,1,1,IN0105_20211009,Inle,1,3,2021-10-09
4893,1,1,IN0106_20211009,Inle,1,3,2021-10-09
4894,1,1,IN0107_20211009,Inle,1,3,2021-10-09
4895,1,1,IN0108_20211009,Inle,1,3,2021-10-09
4896,1,1,IN0109_20211009,Inle,1,3,2021-10-09
4897,1,1,IN0110_20211009,Inle,1,3,2021-10-09
4898,1,0,IN0111_20211009,Inle,1,3,2021-10-09
4899,1,0,IN0112_20211009,Inle,1,3,2021-10-09
4900,1,1,IN0113_20211009,Inle,1,3,2021-10-09
4901,1,1,IN0114_20211009,Inle,1,3,2021-10-09
4902,1,0,IN0115_20211009,Inle,1,3,2021-10-09
4903,1,0,IN0116_20211009,Inle,1,3,2021-10-09
4904,1,1,IN0117_20211009,Inle,1,3,2021-10-09
4905,1,1,IN0118_20211009,Inle,1,3,2021-10-09
4906,1,1,IN0119_20211009,Inle,1,3,2021-10-09
4907,1,1,IN0120_20211009,Inle,1,3,2021-10-09
4908,1,1,IN0121_20211009,Inle,1,3,2021-10-09
4909,1,1,IN0122_20211009,Inle,1,3,2021-10-09
4910,1,1,IN0123_20211009,Inle,1,3,2021-10-09
4911,1,1,IN0124_20211009,Inle,1,3,2021-10-09
4912,1,1,IN0125_20211009,Inle,1,3,2021-10-09
4913,1,1,IN0126_20211009,Inle,1,3,2021-10-09
4914,1,1,IN0127_20211009,Inle,1,3,2021-10-09
4915,1,1,IN0128_20211009,Inle,1,3,2021-10-09
4916,1,0,IN0129_20211009,Inle,1,3,2021-10-09
4917,1,1,IN0130_20211009,Inle,1,3,2021-10-09
4918,0,0,IN0131_20211009,Inle,0,2,2021-10-09
4919,0,0,IN0132_20211009,Inle,0,2,2021-10-09
4920,0,0,IN0133_20211009,Inle,0,2,2021-10-09
4921,0,0,IN0134_20211009,Inle,0,2,2021-10-09
4922,0,0,IN0135_20211009,Inle,0,2,2021-10-09
4923,0,0,IN0136_20211009,Inle,0,2,2021-10-09
4924,0,0,IN0137_20211009,Inle,0,2,2021-10-09
4925,0,0,IN0138_20211009,Inle,0,2,2021-10-09
4926,0,0,IN0139_20211009,Inle,0,2,2021-10-09
4927,0,0,IN0140_20211009,Inle,0,2,2021-10-09
4928,0,0,IN0141_20211009,Inle,0,2,2021-10-09
4929,0,0,IN0142_20211009,Inle,0,2,2021-10-09
4930,0,0,IN0143_20211009,Inle,0,2,2021-10-09
4931,0,0,IN0144_20211009,Inle,0,2,2021-10-09
4932,0,0,IN0145_20211009,Inle,0,2,2021-10-09
4933,0,0,IN0146_20211009,Inle,0,2,2021-10-09
4934,0,0,IN0147_20211009,Inle,0,2,2021-10-09
4935,0,0,IN0148_20211009,Inle,0,2,2021-10-09
4936,0,0,IN0149_20211009,Inle,0,2,2021-10-09
4937,0,0,IN0150_20211009,Inle,0,2,2021-10-09
4938,0,0,IN0151_20211009,Inle,0,2,2021-10-09
4939,0,0,IN0152_20211009,Inle,0,2,2021-10-09
4940,0,0,IN0153_20211009,Inle,0,2,2021-10-09
4941,0,0,IN0154_20211009,Inle,0,2,2021-10-09
4942,0,0,IN0155_20211009,Inle,0,2,2021-10-09
4943,0,0,IN0156_20211009,Inle,0,2,2021-10-09
4944,0,0,IN0157_20211009,Inle,0,2,2021-10-09
4945,0,0,IN0158_20211009,Inle,0,2,2021-10-09
4946,0,0,IN0159_20211009,Inle,0,2,2021-10-09
4947,0,0,IN0160_20211009,Inle,0,2,2021-10-09
4948,0,0,IN0161_20211009,Inle,0,2,2021-10-09
4949,0,0,IN0162_20211009,Inle,0,2,2021-10-09
4950,0,0,IN0163_20211009,Inle,0,2,2021-10-09
4951,0,0,IN0164_20211009,Inle,0,2,2021-10-09
4952,0,0,IN0165_20211009,Inle,0,2,2021-10-09
4953,0,0,IN0166_20211009,Inle,0,2,2021-10-09
4954,0,0,IN0167_20211009,Inle,0,2,2021-10-09
4955,0,0,IN0168_20211009,Inle,0,2,2021-10-09
4956,0,0,IN0169_20211009,Inle,0,2,2021-10-09
4957,0,0,IN0170_20211009,Inle,0,2,2021-10-09
4958,0,0,IN0171_20211009,Inle,0,2,2021-10-09
4959,0,0,IN0172_20211009,Inle,0,2,2021-10-09
4960,0,0,IN0173_20211009,Inle,0,2,2021-10-09
4961,0,0,IN0174_20211009,Inle,0,2,2021-10-09
4962,0,0,IN0175_20211009,Inle,0,2,2021-10-09
4963,0,0,IN0176_20211009,Inle,0,2,2021-10-09
4964,0,0,IN0177_20211009,Inle,0,2,2021-10-09
4965,0,0,IN0178_20211009,Inle,0,2,2021-10-09
4966,0,0,IN0179_20211009,Inle,0,2,2021-10-09
4967,0,0,IN0180_20211009,Inle,0,2,2021-10-09
4968,0,0,IN0181_20211009,Inle,0,2,2021-10-09
4969,0,0,IN0182_20211009,Inle,0,2,2021-10-09
4970,0,0,IN0183_20211009,Inle,0,2,2021-10-09
4971,0,0,IN0184_20211009,Inle,0,2,2021-10-09
4972,0,0,IN0186_20211009,Inle,0,2,2021-10-09
4973,0,0,IN0187_20211009,Inle,0,2,2021-10-09
4974,0,0,IN0188_20211009,Inle,0,2,2021-10-09
4975,0,0,IN0189_20211009,Inle,0,2,2021-10-09
4976,0,0,IN0190_20211009,Inle,0,2,2021-10-09
4977,0,0,IN0191_20211009,Inle,0,2,2021-10-09
4978,0,0,IN0193_20211009,Inle,0,2,2021-10-09
4979,0,0,IN0194_20211009,Inle,0,2,2021-10-09
4980,0,0,IN0196_20211009,Inle,0,1,2021-10-09
4981,0,0,IN0197_20211009,Inle,0,1,2021-10-09
4982,0,0,IN0198_20211009,Inle,0,1,2021-10-09
4983,0,0,IN0199_20211009,Inle,0,1,2021-10-09
4984,0,1,IN0200_20211009,Inle,0,1,2021-10-09
4985,0,1,IN0207_20211009,Inle,0,1,2021-10-09
4986,0,1,IN0210_20211009,Inle,0,1,2021-10-09
4987,0,0,IN0211_20211009,Inle,0,1,2021-10-09
4988,0,0,IN0224_20211009,Inle,0,1,2021-10-09
4989,0,0,IN0227_20211009,Inle,0,1,2021-10-09
4990,0,1,IN0231_20211009,Inle,0,1,2021-10-09
4991,0,1,IN0232_20211009,Inle,0,1,2021-10-09
4992,0,1,IN0234_20211009,Inle,0,1,2021-10-09
4993,0,0,IN0237_20211009,Inle,0,1,2021-10-09
4994,0,1,IN0238_20211009,Inle,0,1,2021-10-09
4995,0,1,IN0239_20211009,Inle,0,1,2021-10-09
4996,0,0,IN0240_20211009,Inle,0,1,2021-10-09
4997,0,0,IN0241_20211009,Inle,0,1,2021-10-09
4998,0,0,IN0242_20211009,Inle,0,1,2021-10-09
4999,0,0,IN0243_20211009,Inle,0,1,2021-10-09
5000,0,0,IN0244_20211009,Inle,0,1,2021-10-09
5001,0,0,IN0245_20211009,Inle,0,1,2021-10-09
5002,0,0,IN0246_20211009,Inle,0,1,2021-10-09
5003,0,0,IN0247_20211009,Inle,0,1,2021-10-09
5004,0,0,IN0248_20211009,Inle,0,1,2021-10-09
5005,0,0,IN0249_20211009,Inle,0,1,2021-10-09
5006,0,0,IN0250_20211009,Inle,0,1,2021-10-09
5007,0,0,IN0251_20211009,Inle,0,1,2021-10-09
5008,0,0,IN0252_20211009,Inle,0,1,2021-10-09
5009,0,1,IN0253_20211009,Inle,0,1,2021-10-09
5010,0,1,IN0254_20211009,Inle,0,1,2021-10-09
5011,0,0,IN0255_20211009,Inle,0,1,2021-10-09
5012,0,1,IN0256_20211009,Inle,0,1,2021-10-09
5013,0,0,IN0257_20211009,Inle,0,1,2021-10-09
5014,0,0,IN0258_20211009,Inle,0,1,2021-10-09
5015,0,1,IN0259_20211009,Inle,0,1,2021-10-09
5016,0,0,IN0260_20211009,Inle,0,1,2021-10-09
5017,1,1,IN0001_20201213,Inle,1,3,2020-12-13
5018,1,0,IN0002_20201213,Inle,1,3,2020-12-13
5019,1,1,IN0003_20201213,Inle,1,3,2020-12-13
5020,1,1,IN0004_20201213,Inle,1,3,2020-12-13
5021,1,1,IN0005_20201213,Inle,1,3,2020-12-13
5022,1,0,IN0006_20201213,Inle,1,3,2020-12-13
5023,1,1,IN0007_20201213,Inle,1,3,2020-12-13
5024,1,1,IN0008_20201213,Inle,1,3,2020-12-13
5025,1,1,IN0009_20201213,Inle,1,3,2020-12-13
5026,1,1,IN0010_20201213,Inle,1,3,2020-12-13
5027,1,1,IN0011_20201213,Inle,1,3,2020-12-13
5028,1,1,IN0012_20201213,Inle,1,3,2020-12-13
5029,1,1,IN0013_20201213,Inle,1,3,2020-12-13
5030,1,1,IN0014_20201213,Inle,1,3,2020-12-13
5031,1,1,IN0015_20201213,Inle,1,3,2020-12-13
5032,1,1,IN0016_20201213,Inle,1,3,2020-12-13
5033,1,1,IN0017_20201213,Inle,1,3,2020-12-13
5034,1,0,IN0018_20201213,Inle,1,3,2020-12-13
5035,1,1,IN0019_20201213,Inle,1,3,2020-12-13
5036,1,1,IN0020_20201213,Inle,1,3,2020-12-13
5037,1,1,IN0021_20201213,Inle,1,3,2020-12-13
5038,1,1,IN0022_20201213,Inle,1,3,2020-12-13
5039,1,1,IN0023_20201213,Inle,1,3,2020-12-13
5040,1,1,IN0024_20201213,Inle,1,3,2020-12-13
5041,1,1,IN0026_20201213,Inle,1,3,2020-12-13
5042,1,1,IN0027_20201213,Inle,1,3,2020-12-13
5043,1,1,IN0028_20201213,Inle,1,3,2020-12-13
5044,1,1,IN0029_20201213,Inle,1,3,2020-12-13
5045,1,1,IN0030_20201213,Inle,1,3,2020-12-13
5046,1,1,IN0031_20201213,Inle,1,3,2020-12-13
5047,1,1,IN0033_20201213,Inle,1,3,2020-12-13
5048,1,1,IN0034_20201213,Inle,1,3,2020-12-13
5049,1,1,IN0035_20201213,Inle,1,3,2020-12-13
5050,1,1,IN0036_20201213,Inle,1,3,2020-12-13
5051,1,1,IN0037_20201213,Inle,1,3,2020-12-13
5052,1,1,IN0038_20201213,Inle,1,3,2020-12-13
5053,1,1,IN0039_20201213,Inle,1,3,2020-12-13
5054,1,1,IN0040_20201213,Inle,1,3,2020-12-13
5055,1,1,IN0043_20201213,Inle,1,3,2020-12-13
5056,1,1,IN0044_20201213,Inle,1,3,2020-12-13
5057,1,1,IN0047_20201213,Inle,1,3,2020-12-13
5058,1,1,IN0048_20201213,Inle,1,3,2020-12-13
5059,1,1,IN0049_20201213,Inle,1,3,2020-12-13
5060,1,1,IN0050_20201213,Inle,1,3,2020-12-13
5061,1,1,IN0051_20201213,Inle,1,3,2020-12-13
5062,1,1,IN0052_20201213,Inle,1,3,2020-12-13
5063,1,1,IN0053_20201213,Inle,1,3,2020-12-13
5064,1,1,IN0054_20201213,Inle,1,3,2020-12-13
5065,1,1,IN0055_20201213,Inle,1,3,2020-12-13
5066,1,1,IN0056_20201213,Inle,1,3,2020-12-13
5067,1,1,IN0057_20201213,Inle,1,3,2020-12-13
5068,1,1,IN0058_20201213,Inle,1,3,2020-12-13
5069,1,1,IN0059_20201213,Inle,1,3,2020-12-13
5070,1,1,IN0060_20201213,Inle,1,3,2020-12-13
5071,1,1,IN0061_20201213,Inle,1,3,2020-12-13
5072,1,1,IN0062_20201213,Inle,1,3,2020-12-13
5073,1,1,IN0063_20201213,Inle,1,3,2020-12-13
5074,1,0,IN0064_20201213,Inle,1,3,2020-12-13
5075,1,1,IN0065_20201213,Inle,1,3,2020-12-13
5076,1,1,IN0066_20201213,Inle,1,3,2020-12-13
5077,1,1,IN0067_20201213,Inle,1,3,2020-12-13
5078,1,1,IN0068_20201213,Inle,1,3,2020-12-13
5079,1,1,IN0069_20201213,Inle,1,3,2020-12-13
5080,1,1,IN0071_20201213,Inle,1,3,2020-12-13
5081,1,1,IN0072_20201213,Inle,1,3,2020-12-13
5082,1,1,IN0073_20201213,Inle,1,3,2020-12-13
5083,1,1,IN0074_20201213,Inle,1,3,2020-12-13
5084,1,1,IN0075_20201213,Inle,1,3,2020-12-13
5085,1,1,IN0076_20201213,Inle,1,3,2020-12-13
5086,1,1,IN0077_20201213,Inle,1,3,2020-12-13
5087,1,1,IN0078_20201213,Inle,1,3,2020-12-13
5088,1,1,IN0079_20201213,Inle,1,3,2020-12-13
5089,1,1,IN0080_20201213,Inle,1,3,2020-12-13
5090,1,1,IN0081_20201213,Inle,1,3,2020-12-13
5091,1,1,IN0082_20201213,Inle,1,3,2020-12-13
5092,1,1,IN0083_20201213,Inle,1,3,2020-12-13
5093,1,0,IN0084_20201213,Inle,1,3,2020-12-13
5094,1,1,IN0085_20201213,Inle,1,3,2020-12-13
5095,1,1,IN0087_20201213,Inle,1,3,2020-12-13
5096,1,1,IN0088_20201213,Inle,1,3,2020-12-13
5097,1,1,IN0089_20201213,Inle,1,3,2020-12-13
5098,1,1,IN0090_20201213,Inle,1,3,2020-12-13
5099,0,0,IN0091_20201213,Inle,0,2,2020-12-13
5100,0,0,IN0092_20201213,Inle,0,2,2020-12-13
5101,0,0,IN0093_20201213,Inle,0,2,2020-12-13
5102,0,0,IN0094_20201213,Inle,0,2,2020-12-13
5103,0,0,IN0095_20201213,Inle,0,2,2020-12-13
5104,0,0,IN0096_20201213,Inle,0,2,2020-12-13
5105,0,0,IN0099_20201213,Inle,0,2,2020-12-13
5106,0,0,IN0100_20201213,Inle,0,2,2020-12-13
5107,0,0,IN0103_20201213,Inle,0,2,2020-12-13
5108,0,0,IN0104_20201213,Inle,0,2,2020-12-13
5109,0,0,IN0108_20201213,Inle,0,2,2020-12-13
5110,0,0,IN0109_20201213,Inle,0,2,2020-12-13
5111,0,0,IN0110_20201213,Inle,0,2,2020-12-13
5112,0,0,IN0111_20201213,Inle,0,2,2020-12-13
5113,0,0,IN0112_20201213,Inle,0,2,2020-12-13
5114,0,0,IN0113_20201213,Inle,0,2,2020-12-13
5115,0,0,IN0114_20201213,Inle,0,2,2020-12-13
5116,0,0,IN0115_20201213,Inle,0,2,2020-12-13
5117,0,0,IN0116_20201213,Inle,0,2,2020-12-13
5118,0,0,IN0117_20201213,Inle,0,2,2020-12-13
5119,0,0,IN0118_20201213,Inle,0,2,2020-12-13
5120,0,0,IN0119_20201213,Inle,0,2,2020-12-13
5121,0,0,IN0120_20201213,Inle,0,2,2020-12-13
5122,0,0,IN0121_20201213,Inle,0,2,2020-12-13
5123,0,0,IN0122_20201213,Inle,0,2,2020-12-13
5124,0,0,IN0123_20201213,Inle,0,2,2020-12-13
5125,0,0,IN0124_20201213,Inle,0,2,2020-12-13
5126,0,0,IN0125_20201213,Inle,0,2,2020-12-13
5127,0,0,IN0126_20201213,Inle,0,2,2020-12-13
5128,0,0,IN0127_20201213,Inle,0,2,2020-12-13
5129,0,0,IN0128_20201213,Inle,0,2,2020-12-13
5130,0,0,IN0129_20201213,Inle,0,2,2020-12-13
5131,0,0,IN0130_20201213,Inle,0,2,2020-12-13
5132,0,0,IN0131_20201213,Inle,0,2,2020-12-13
5133,0,0,IN0132_20201213,Inle,0,2,2020-12-13
5134,0,0,IN0133_20201213,Inle,0,2,2020-12-13
5135,0,0,IN0134_20201213,Inle,0,2,2020-12-13
5136,0,0,IN0135_20201213,Inle,0,2,2020-12-13
5137,0,0,IN0136_20201213,Inle,0,1,2020-12-13
5138,0,0,IN0137_20201213,Inle,0,1,2020-12-13
5139,0,0,IN0138_20201213,Inle,0,1,2020-12-13
5140,0,1,IN0139_20201213,Inle,0,1,2020-12-13
5141,0,1,IN0140_20201213,Inle,0,1,2020-12-13
5142,0,1,IN0141_20201213,Inle,0,1,2020-12-13
5143,0,1,IN0142_20201213,Inle,0,1,2020-12-13
5144,0,0,IN0143_20201213,Inle,0,1,2020-12-13
5145,0,1,IN0145_20201213,Inle,0,1,2020-12-13
5146,0,0,IN0152_20201213,Inle,0,1,2020-12-13
5147,0,0,IN0155_20201213,Inle,0,1,2020-12-13
5148,0,0,IN0156_20201213,Inle,0,1,2020-12-13
5149,0,0,IN0157_20201213,Inle,0,1,2020-12-13
5150,0,0,IN0158_20201213,Inle,0,1,2020-12-13
5151,0,0,IN0159_20201213,Inle,0,1,2020-12-13
5152,0,0,IN0160_20201213,Inle,0,1,2020-12-13
5153,0,0,IN0161_20201213,Inle,0,1,2020-12-13
5154,0,1,IN0162_20201213,Inle,0,1,2020-12-13
5155,0,0,IN0163_20201213,Inle,0,1,2020-12-13
5156,0,0,IN0164_20201213,Inle,0,1,2020-12-13
5157,0,0,IN0166_20201213,Inle,0,1,2020-12-13
5158,0,0,IN0167_20201213,Inle,0,1,2020-12-13
5159,0,0,IN0168_20201213,Inle,0,1,2020-12-13
5160,0,0,IN0169_20201213,Inle,0,1,2020-12-13
5161,0,0,IN0170_20201213,Inle,0,1,2020-12-13
5162,0,0,IN0171_20201213,Inle,0,1,2020-12-13
5163,0,0,IN0172_20201213,Inle,0,1,2020-12-13
5164,0,1,IN0173_20201213,Inle,0,1,2020-12-13
5165,0,0,IN0174_20201213,Inle,0,1,2020-12-13
5166,0,0,IN0175_20201213,Inle,0,1,2020-12-13
5167,0,0,IN0176_20201213,Inle,0,1,2020-12-13
5168,0,0,IN0177_20201213,Inle,0,1,2020-12-13
5169,0,0,IN0178_20201213,Inle,0,1,2020-12-13
5170,0,0,IN0179_20201213,Inle,0,1,2020-12-13
5171,0,0,IN0180_20201213,Inle,0,1,2020-12-13
5172,1,1,IN0001_20201014,Inle,1,3,2020-10-14
5173,1,1,IN0002_20201014,Inle,1,3,2020-10-14
5174,1,1,IN0003_20201014,Inle,1,3,2020-10-14
5175,1,1,IN0004_20201014,Inle,1,3,2020-10-14
5176,1,1,IN0006_20201014,Inle,1,3,2020-10-14
5177,1,0,IN0007_20201014,Inle,1,3,2020-10-14
5178,1,1,IN0008_20201014,Inle,1,3,2020-10-14
5179,1,1,IN0009_20201014,Inle,1,3,2020-10-14
5180,1,1,IN0010_20201014,Inle,1,3,2020-10-14
5181,1,1,IN0011_20201014,Inle,1,3,2020-10-14
5182,1,1,IN0012_20201014,Inle,1,3,2020-10-14
5183,1,1,IN0013_20201014,Inle,1,3,2020-10-14
5184,1,1,IN0014_20201014,Inle,1,3,2020-10-14
5185,1,1,IN0015_20201014,Inle,1,3,2020-10-14
5186,1,1,IN0016_20201014,Inle,1,3,2020-10-14
5187,1,1,IN0017_20201014,Inle,1,3,2020-10-14
5188,1,1,IN0018_20201014,Inle,1,3,2020-10-14
5189,1,1,IN0019_20201014,Inle,1,3,2020-10-14
5190,1,1,IN0020_20201014,Inle,1,3,2020-10-14
5191,1,1,IN0021_20201014,Inle,1,3,2020-10-14
5192,1,1,IN0022_20201014,Inle,1,3,2020-10-14
5193,1,1,IN0023_20201014,Inle,1,3,2020-10-14
5194,1,1,IN0024_20201014,Inle,1,3,2020-10-14
5195,1,1,IN0025_20201014,Inle,1,3,2020-10-14
5196,1,1,IN0026_20201014,Inle,1,3,2020-10-14
5197,1,1,IN0027_20201014,Inle,1,3,2020-10-14
5198,1,1,IN0029_20201014,Inle,1,3,2020-10-14
5199,1,1,IN0030_20201014,Inle,1,3,2020-10-14
5200,1,1,IN0031_20201014,Inle,1,3,2020-10-14
5201,1,1,IN0032_20201014,Inle,1,3,2020-10-14
5202,1,1,IN0033_20201014,Inle,1,3,2020-10-14
5203,1,1,IN0034_20201014,Inle,1,3,2020-10-14
5204,1,1,IN0035_20201014,Inle,1,3,2020-10-14
5205,1,1,IN0036_20201014,Inle,1,3,2020-10-14
5206,1,1,IN0037_20201014,Inle,1,3,2020-10-14
5207,1,1,IN0038_20201014,Inle,1,3,2020-10-14
5208,1,1,IN0039_20201014,Inle,1,3,2020-10-14
5209,1,1,IN0040_20201014,Inle,1,3,2020-10-14
5210,1,1,IN0041_20201014,Inle,1,3,2020-10-14
5211,1,1,IN0042_20201014,Inle,1,3,2020-10-14
5212,1,1,IN0043_20201014,Inle,1,3,2020-10-14
5213,1,1,IN0044_20201014,Inle,1,3,2020-10-14
5214,1,1,IN0045_20201014,Inle,1,3,2020-10-14
5215,1,1,IN0046_20201014,Inle,1,3,2020-10-14
5216,1,1,IN0047_20201014,Inle,1,3,2020-10-14
5217,1,1,IN0048_20201014,Inle,1,3,2020-10-14
5218,1,1,IN0049_20201014,Inle,1,3,2020-10-14
5219,1,1,IN0050_20201014,Inle,1,3,2020-10-14
5220,1,1,IN0051_20201014,Inle,1,3,2020-10-14
5221,1,1,IN0052_20201014,Inle,1,3,2020-10-14
5222,1,1,IN0053_20201014,Inle,1,3,2020-10-14
5223,1,1,IN0054_20201014,Inle,1,3,2020-10-14
5224,1,1,IN0055_20201014,Inle,1,3,2020-10-14
5225,1,1,IN0056_20201014,Inle,1,3,2020-10-14
5226,1,1,IN0057_20201014,Inle,1,3,2020-10-14
5227,1,1,IN0058_20201014,Inle,1,3,2020-10-14
5228,1,1,IN0059_20201014,Inle,1,3,2020-10-14
5229,1,1,IN0060_20201014,Inle,1,3,2020-10-14
5230,1,1,IN0061_20201014,Inle,1,3,2020-10-14
5231,1,1,IN0062_20201014,Inle,1,3,2020-10-14
5232,1,1,IN0063_20201014,Inle,1,3,2020-10-14
5233,1,1,IN0064_20201014,Inle,1,3,2020-10-14
5234,1,1,IN0065_20201014,Inle,1,3,2020-10-14
5235,1,1,IN0066_20201014,Inle,1,3,2020-10-14
5236,1,1,IN0067_20201014,Inle,1,3,2020-10-14
5237,1,1,IN0068_20201014,Inle,1,3,2020-10-14
5238,1,1,IN0069_20201014,Inle,1,3,2020-10-14
5239,1,1,IN0070_20201014,Inle,1,3,2020-10-14
5240,1,1,IN0073_20201014,Inle,1,3,2020-10-14
5241,1,1,IN0074_20201014,Inle,1,3,2020-10-14
5242,1,1,IN0076_20201014,Inle,1,3,2020-10-14
5243,1,1,IN0078_20201014,Inle,1,3,2020-10-14
5244,1,1,IN0079_20201014,Inle,1,3,2020-10-14
5245,1,1,IN0080_20201014,Inle,1,3,2020-10-14
5246,1,1,IN0081_20201014,Inle,1,3,2020-10-14
5247,1,1,IN0082_20201014,Inle,1,3,2020-10-14
5248,1,1,IN0083_20201014,Inle,1,3,2020-10-14
5249,1,1,IN0084_20201014,Inle,1,3,2020-10-14
5250,1,1,IN0085_20201014,Inle,1,3,2020-10-14
5251,1,1,IN0086_20201014,Inle,1,3,2020-10-14
5252,1,1,IN0087_20201014,Inle,1,3,2020-10-14
5253,1,1,IN0088_20201014,Inle,1,3,2020-10-14
5254,1,1,IN0089_20201014,Inle,1,3,2020-10-14
5255,1,0,IN0090_20201014,Inle,1,3,2020-10-14
5256,1,1,IN0091_20201014,Inle,1,3,2020-10-14
5257,1,1,IN0092_20201014,Inle,1,3,2020-10-14
5258,1,1,IN0093_20201014,Inle,1,3,2020-10-14
5259,1,1,IN0094_20201014,Inle,1,3,2020-10-14
5260,1,1,IN0095_20201014,Inle,1,3,2020-10-14
5261,1,1,IN0096_20201014,Inle,1,3,2020-10-14
5262,1,1,IN0097_20201014,Inle,1,3,2020-10-14
5263,1,1,IN0098_20201014,Inle,1,3,2020-10-14
5264,1,1,IN0099_20201014,Inle,1,3,2020-10-14
5265,1,1,IN0100_20201014,Inle,1,3,2020-10-14
5266,1,1,IN0101_20201014,Inle,1,3,2020-10-14
5267,1,1,IN0102_20201014,Inle,1,3,2020-10-14
5268,1,1,IN0103_20201014,Inle,1,3,2020-10-14
5269,1,1,IN0104_20201014,Inle,1,3,2020-10-14
5270,1,1,IN0105_20201014,Inle,1,3,2020-10-14
5271,1,1,IN0106_20201014,Inle,1,3,2020-10-14
5272,1,0,IN0107_20201014,Inle,1,3,2020-10-14
5273,1,1,IN0108_20201014,Inle,1,3,2020-10-14
5274,1,1,IN0109_20201014,Inle,1,3,2020-10-14
5275,1,1,IN0110_20201014,Inle,1,3,2020-10-14
5276,1,1,IN0111_20201014,Inle,1,3,2020-10-14
5277,1,1,IN0112_20201014,Inle,1,3,2020-10-14
5278,1,1,IN0113_20201014,Inle,1,3,2020-10-14
5279,1,1,IN0114_20201014,Inle,1,3,2020-10-14
5280,1,1,IN0115_20201014,Inle,1,3,2020-10-14
5281,1,0,IN0116_20201014,Inle,1,3,2020-10-14
5282,1,1,IN0117_20201014,Inle,1,3,2020-10-14
5283,1,1,IN0118_20201014,Inle,1,3,2020-10-14
5284,1,1,IN0119_20201014,Inle,1,3,2020-10-14
5285,1,1,IN0120_20201014,Inle,1,3,2020-10-14
5286,1,1,IN0121_20201014,Inle,1,3,2020-10-14
5287,1,1,IN0122_20201014,Inle,1,3,2020-10-14
5288,1,1,IN0123_20201014,Inle,1,3,2020-10-14
5289,1,1,IN0124_20201014,Inle,1,3,2020-10-14
5290,1,1,IN0125_20201014,Inle,1,3,2020-10-14
5291,1,1,IN0126_20201014,Inle,1,3,2020-10-14
5292,1,1,IN0127_20201014,Inle,1,3,2020-10-14
5293,1,1,IN0128_20201014,Inle,1,3,2020-10-14
5294,1,1,IN0129_20201014,Inle,1,3,2020-10-14
5295,1,1,IN0130_20201014,Inle,1,3,2020-10-14
5296,1,1,IN0131_20201014,Inle,1,3,2020-10-14
5297,1,1,IN0132_20201014,Inle,1,3,2020-10-14
5298,1,1,IN0133_20201014,Inle,1,3,2020-10-14
5299,1,1,IN0134_20201014,Inle,1,3,2020-10-14
5300,1,1,IN0135_20201014,Inle,1,3,2020-10-14
5301,1,1,IN0136_20201014,Inle,1,3,2020-10-14
5302,1,1,IN0137_20201014,Inle,1,3,2020-10-14
5303,1,1,IN0138_20201014,Inle,1,3,2020-10-14
5304,1,1,IN0139_20201014,Inle,1,3,2020-10-14
5305,1,1,IN0140_20201014,Inle,1,3,2020-10-14
5306,1,1,IN0141_20201014,Inle,1,3,2020-10-14
5307,1,1,IN0142_20201014,Inle,1,3,2020-10-14
5308,1,1,IN0143_20201014,Inle,1,3,2020-10-14
5309,1,1,IN0144_20201014,Inle,1,3,2020-10-14
5310,1,1,IN0145_20201014,Inle,1,3,2020-10-14
5311,1,1,IN0146_20201014,Inle,1,3,2020-10-14
5312,1,1,IN0147_20201014,Inle,1,3,2020-10-14
5313,1,1,IN0148_20201014,Inle,1,3,2020-10-14
5314,1,1,IN0149_20201014,Inle,1,3,2020-10-14
5315,1,1,IN0150_20201014,Inle,1,3,2020-10-14
5316,1,1,IN0151_20201014,Inle,1,3,2020-10-14
5317,1,1,IN0152_20201014,Inle,1,3,2020-10-14
5318,0,0,IN0153_20201014,Inle,0,1,2020-10-14
5319,0,0,IN0154_20201014,Inle,0,1,2020-10-14
5320,0,0,IN0155_20201014,Inle,0,1,2020-10-14
5321,0,0,IN0156_20201014,Inle,0,1,2020-10-14
5322,0,0,IN0157_20201014,Inle,0,1,2020-10-14
5323,0,0,IN0158_20201014,Inle,0,1,2020-10-14
5324,0,0,IN0159_20201014,Inle,0,1,2020-10-14
5325,0,0,IN0160_20201014,Inle,0,1,2020-10-14
5326,0,0,IN0161_20201014,Inle,0,1,2020-10-14
5327,0,0,IN0162_20201014,Inle,0,1,2020-10-14
5328,0,0,IN0163_20201014,Inle,0,1,2020-10-14
5329,0,0,IN0164_20201014,Inle,0,1,2020-10-14
5330,0,0,IN0165_20201014,Inle,0,1,2020-10-14
5331,0,0,IN0167_20201014,Inle,0,1,2020-10-14
5332,0,0,IN0168_20201014,Inle,0,1,2020-10-14
5333,0,0,IN0169_20201014,Inle,0,1,2020-10-14
5334,0,0,IN0171_20201014,Inle,0,1,2020-10-14
5335,0,1,IN0175_20201014,Inle,0,1,2020-10-14
5336,0,0,IN0205_20201014,Inle,0,1,2020-10-14
5337,0,1,IN0206_20201014,Inle,0,1,2020-10-14
5338,0,1,IN0207_20201014,Inle,0,1,2020-10-14
5339,0,0,IN0208_20201014,Inle,0,1,2020-10-14
5340,0,0,IN0209_20201014,Inle,0,1,2020-10-14
5341,0,1,IN0210_20201014,Inle,0,1,2020-10-14
5342,0,0,IN0211_20201014,Inle,0,1,2020-10-14
5343,0,0,IN0212_20201014,Inle,0,1,2020-10-14
5344,0,0,IN0215_20201014,Inle,0,1,2020-10-14
5345,0,0,IN0219_20201014,Inle,0,1,2020-10-14
5346,0,1,IN0220_20201014,Inle,0,1,2020-10-14
5347,0,0,IN0221_20201014,Inle,0,1,2020-10-14
5348,0,1,IN0222_20201014,Inle,0,1,2020-10-14
5349,0,1,IN0223_20201014,Inle,0,1,2020-10-14
5350,0,0,IN0224_20201014,Inle,0,1,2020-10-14
5351,0,0,IN0225_20201014,Inle,0,1,2020-10-14
5352,0,0,IN0226_20201014,Inle,0,1,2020-10-14
5353,0,1,IN0227_20201014,Inle,0,1,2020-10-14
5354,0,0,IN0228_20201014,Inle,0,1,2020-10-14
5355,0,0,IN0229_20201014,Inle,0,1,2020-10-14
5356,0,0,IN0230_20201014,Inle,0,2,2020-10-14
5357,0,0,IN0231_20201014,Inle,0,2,2020-10-14
5358,0,0,IN0232_20201014,Inle,0,2,2020-10-14
5359,0,0,IN0233_20201014,Inle,0,2,2020-10-14
5360,0,0,IN0234_20201014,Inle,0,2,2020-10-14
5361,0,0,IN0235_20201014,Inle,0,2,2020-10-14
5362,0,0,IN0237_20201014,Inle,0,2,2020-10-14
5363,0,0,IN0238_20201014,Inle,0,2,2020-10-14
5364,0,0,IN0239_20201014,Inle,0,2,2020-10-14
5365,0,0,IN0240_20201014,Inle,0,2,2020-10-14
5366,0,0,IN0241_20201014,Inle,0,2,2020-10-14
5367,0,0,IN0242_20201014,Inle,0,2,2020-10-14
5368,0,0,IN0243_20201014,Inle,0,2,2020-10-14
5369,0,0,IN0244_20201014,Inle,0,2,2020-10-14
5370,0,0,IN0245_20201014,Inle,0,2,2020-10-14
5371,0,0,IN0246_20201014,Inle,0,2,2020-10-14
5372,0,0,IN0247_20201014,Inle,0,2,2020-10-14
5373,0,0,IN0248_20201014,Inle,0,2,2020-10-14
5374,0,0,IN0249_20201014,Inle,0,2,2020-10-14
5375,0,0,IN0250_20201014,Inle,0,2,2020-10-14
5376,0,0,IN0251_20201014,Inle,0,2,2020-10-14
5377,0,0,IN0252_20201014,Inle,0,2,2020-10-14
5378,0,0,IN0253_20201014,Inle,0,2,2020-10-14
5379,0,0,IN0254_20201014,Inle,0,2,2020-10-14
5380,0,0,IN0255_20201014,Inle,0,2,2020-10-14
5381,0,0,IN0256_20201014,Inle,0,2,2020-10-14
5382,0,0,IN0257_20201014,Inle,0,2,2020-10-14
5383,0,0,IN0258_20201014,Inle,0,2,2020-10-14
5384,0,0,IN0260_20201014,Inle,0,2,2020-10-14
5385,0,0,IN0261_20201014,Inle,0,2,2020-10-14
5386,0,0,IN0262_20201014,Inle,0,2,2020-10-14
5387,0,0,IN0263_20201014,Inle,0,2,2020-10-14
5388,0,0,IN0264_20201014,Inle,0,2,2020-10-14
5389,0,0,IN0265_20201014,Inle,0,2,2020-10-14
5390,0,0,IN0266_20201014,Inle,0,2,2020-10-14
5391,0,0,IN0267_20201014,Inle,0,2,2020-10-14
5392,0,0,IN0268_20201014,Inle,0,2,2020-10-14
5393,0,0,IN0269_20201014,Inle,0,2,2020-10-14
5394,0,0,IN0270_20201014,Inle,0,2,2020-10-14
5395,0,0,IN0271_20201014,Inle,0,2,2020-10-14
5396,0,0,IN0272_20201014,Inle,0,2,2020-10-14
5397,0,0,IN0273_20201014,Inle,0,2,2020-10-14
5398,0,0,IN0274_20201014,Inle,0,2,2020-10-14
5399,0,0,IN0275_20201014,Inle,0,2,2020-10-14
5400,0,0,IN0276_20201014,Inle,0,2,2020-10-14
5401,0,0,IN0277_20201014,Inle,0,2,2020-10-14
5402,0,0,IN0278_20201014,Inle,0,2,2020-10-14
5403,0,0,IN0279_20201014,Inle,0,2,2020-10-14
5404,0,0,IN0280_20201014,Inle,0,2,2020-10-14
5405,0,0,IN0281_20201014,Inle,0,2,2020-10-14
5406,0,0,IN0282_20201014,Inle,0,2,2020-10-14
5407,0,0,IN0283_20201014,Inle,0,2,2020-10-14
5408,0,0,IN0284_20201014,Inle,0,2,2020-10-14
5409,0,0,IN0285_20201014,Inle,0,2,2020-10-14
5410,0,0,IN0286_20201014,Inle,0,2,2020-10-14
5411,0,0,IN0287_20201014,Inle,0,2,2020-10-14
5412,0,0,IN0288_20201014,Inle,0,2,2020-10-14
5413,0,0,IN0289_20201014,Inle,0,2,2020-10-14
5414,0,0,IN0290_20201014,Inle,0,2,2020-10-14
5415,0,0,IN0291_20201014,Inle,0,2,2020-10-14
5416,0,0,IN0292_20201014,Inle,0,2,2020-10-14
5417,0,0,IN0293_20201014,Inle,0,2,2020-10-14
5418,0,0,IN0294_20201014,Inle,0,2,2020-10-14
5419,0,0,IN0295_20201014,Inle,0,2,2020-10-14
5420,0,0,IN0296_20201014,Inle,0,2,2020-10-14
5421,0,0,IN0297_20201014,Inle,0,2,2020-10-14
5422,0,0,IN0298_20201014,Inle,0,2,2020-10-14
5423,0,0,IN0299_20201014,Inle,0,2,2020-10-14
5424,0,0,IN0300_20201014,Inle,0,2,2020-10-14
5425,0,0,IN0301_20201014,Inle,0,2,2020-10-14
5426,0,0,IN0302_20201014,Inle,0,2,2020-10-14
5427,0,0,IN0303_20201014,Inle,0,2,2020-10-14
5428,0,0,IN0304_20201014,Inle,0,2,2020-10-14
5429,1,1,IN0001_20190207,Inle,1,3,2019-02-07
5430,1,1,IN0002_20190207,Inle,1,3,2019-02-07
5431,1,1,IN0003_20190207,Inle,1,3,2019-02-07
5432,1,0,IN0004_20190207,Inle,1,3,2019-02-07
5433,1,1,IN0005_20190207,Inle,1,3,2019-02-07
5434,1,1,IN0006_20190207,Inle,1,3,2019-02-07
5435,1,1,IN0007_20190207,Inle,1,3,2019-02-07
5436,1,1,IN0009_20190207,Inle,1,3,2019-02-07
5437,1,1,IN0010_20190207,Inle,1,3,2019-02-07
5438,1,1,IN0011_20190207,Inle,1,3,2019-02-07
5439,1,1,IN0012_20190207,Inle,1,3,2019-02-07
5440,1,1,IN0013_20190207,Inle,1,3,2019-02-07
5441,1,1,IN0014_20190207,Inle,1,3,2019-02-07
5442,1,1,IN0015_20190207,Inle,1,3,2019-02-07
5443,1,1,IN0016_20190207,Inle,1,3,2019-02-07
5444,1,1,IN0017_20190207,Inle,1,3,2019-02-07
5445,1,1,IN0018_20190207,Inle,1,3,2019-02-07
5446,1,1,IN0019_20190207,Inle,1,3,2019-02-07
5447,1,1,IN0020_20190207,Inle,1,3,2019-02-07
5448,1,1,IN0022_20190207,Inle,1,3,2019-02-07
5449,1,1,IN0023_20190207,Inle,1,3,2019-02-07
5450,1,1,IN0024_20190207,Inle,1,3,2019-02-07
5451,1,1,IN0025_20190207,Inle,1,3,2019-02-07
5452,1,0,IN0026_20190207,Inle,1,3,2019-02-07
5453,1,1,IN0027_20190207,Inle,1,3,2019-02-07
5454,1,1,IN0029_20190207,Inle,1,3,2019-02-07
5455,1,1,IN0030_20190207,Inle,1,3,2019-02-07
5456,1,0,IN0031_20190207,Inle,1,3,2019-02-07
5457,1,0,IN0032_20190207,Inle,1,3,2019-02-07
5458,1,1,IN0033_20190207,Inle,1,3,2019-02-07
5459,1,1,IN0034_20190207,Inle,1,3,2019-02-07
5460,1,0,IN0035_20190207,Inle,1,3,2019-02-07
5461,1,0,IN0036_20190207,Inle,1,3,2019-02-07
5462,1,1,IN0037_20190207,Inle,1,3,2019-02-07
5463,1,1,IN0038_20190207,Inle,1,3,2019-02-07
5464,0,0,IN0039_20190207,Inle,0,2,2019-02-07
5465,0,0,IN0040_20190207,Inle,0,2,2019-02-07
5466,0,0,IN0041_20190207,Inle,0,2,2019-02-07
5467,0,0,IN0042_20190207,Inle,0,2,2019-02-07
5468,0,0,IN0043_20190207,Inle,0,2,2019-02-07
5469,0,0,IN0044_20190207,Inle,0,2,2019-02-07
5470,0,0,IN0045_20190207,Inle,0,2,2019-02-07
5471,0,0,IN0046_20190207,Inle,0,2,2019-02-07
5472,0,0,IN0047_20190207,Inle,0,2,2019-02-07
5473,0,0,IN0048_20190207,Inle,0,2,2019-02-07
5474,0,0,IN0049_20190207,Inle,0,2,2019-02-07
5475,0,0,IN0050_20190207,Inle,0,2,2019-02-07
5476,0,0,IN0051_20190207,Inle,0,2,2019-02-07
5477,0,0,IN0052_20190207,Inle,0,2,2019-02-07
5478,0,0,IN0053_20190207,Inle,0,2,2019-02-07
5479,0,0,IN0054_20190207,Inle,0,1,2019-02-07
5480,0,0,IN0055_20190207,Inle,0,1,2019-02-07
5481,0,0,IN0056_20190207,Inle,0,1,2019-02-07
5482,0,0,IN0057_20190207,Inle,0,1,2019-02-07
5483,0,0,IN0058_20190207,Inle,0,1,2019-02-07
5484,0,0,IN0059_20190207,Inle,0,1,2019-02-07
5485,0,0,IN0060_20190207,Inle,0,1,2019-02-07
5486,0,0,IN0061_20190207,Inle,0,1,2019-02-07
5487,0,0,IN0062_20190207,Inle,0,1,2019-02-07
5488,0,0,IN0063_20190207,Inle,0,1,2019-02-07
5489,0,1,IN0064_20190207,Inle,0,1,2019-02-07
5490,0,0,IN0065_20190207,Inle,0,1,2019-02-07
5491,0,0,IN0066_20190207,Inle,0,1,2019-02-07
5492,0,0,IN0067_20190207,Inle,0,1,2019-02-07
5493,0,0,IN0068_20190207,Inle,0,1,2019-02-07
5494,0,0,IN0069_20190207,Inle,0,1,2019-02-07
5495,0,0,IN0070_20190207,Inle,0,1,2019-02-07
5496,0,0,IN0071_20190207,Inle,0,1,2019-02-07
5497,0,0,IN0072_20190207,Inle,0,1,2019-02-07
5498,0,0,IN0073_20190207,Inle,0,1,2019-02-07
5499,1,0,IN0001_20200217,Inle,1,3,2020-02-17
5500,1,0,IN0002_20200217,Inle,1,3,2020-02-17
5501,1,0,IN0003_20200217,Inle,1,3,2020-02-17
5502,1,0,IN0004_20200217,Inle,1,3,2020-02-17
5503,1,1,IN0005_20200217,Inle,1,3,2020-02-17
5504,1,0,IN0006_20200217,Inle,1,3,2020-02-17
5505,1,1,IN0007_20200217,Inle,1,3,2020-02-17
5506,1,1,IN0008_20200217,Inle,1,3,2020-02-17
5507,1,0,IN0009_20200217,Inle,1,3,2020-02-17
5508,1,0,IN0010_20200217,Inle,1,3,2020-02-17
5509,1,0,IN0011_20200217,Inle,1,3,2020-02-17
5510,1,1,IN0012_20200217,Inle,1,3,2020-02-17
5511,1,0,IN0013_20200217,Inle,1,3,2020-02-17
5512,1,1,IN0014_20200217,Inle,1,3,2020-02-17
5513,1,0,IN0015_20200217,Inle,1,3,2020-02-17
5514,1,0,IN0016_20200217,Inle,1,3,2020-02-17
5515,1,1,IN0018_20200217,Inle,1,3,2020-02-17
5516,1,1,IN0019_20200217,Inle,1,3,2020-02-17
5517,1,1,IN0020_20200217,Inle,1,3,2020-02-17
5518,1,1,IN0021_20200217,Inle,1,3,2020-02-17
5519,1,1,IN0022_20200217,Inle,1,3,2020-02-17
5520,1,0,IN0023_20200217,Inle,1,3,2020-02-17
5521,1,0,IN0024_20200217,Inle,1,3,2020-02-17
5522,1,0,IN0025_20200217,Inle,1,3,2020-02-17
5523,1,0,IN0026_20200217,Inle,1,3,2020-02-17
5524,1,0,IN0027_20200217,Inle,1,3,2020-02-17
5525,1,1,IN0028_20200217,Inle,1,3,2020-02-17
5526,1,1,IN0029_20200217,Inle,1,3,2020-02-17
5527,1,1,IN0030_20200217,Inle,1,3,2020-02-17
5528,1,1,IN0031_20200217,Inle,1,3,2020-02-17
5529,0,0,IN0032_20200217,Inle,0,2,2020-02-17
5530,0,0,IN0033_20200217,Inle,0,2,2020-02-17
5531,0,0,IN0034_20200217,Inle,0,2,2020-02-17
5532,0,0,IN0035_20200217,Inle,0,2,2020-02-17
5533,0,0,IN0036_20200217,Inle,0,2,2020-02-17
5534,0,0,IN0037_20200217,Inle,0,2,2020-02-17
5535,0,0,IN0038_20200217,Inle,0,2,2020-02-17
5536,0,0,IN0039_20200217,Inle,0,2,2020-02-17
5537,0,0,IN0040_20200217,Inle,0,2,2020-02-17
5538,0,0,IN0041_20200217,Inle,0,2,2020-02-17
5539,0,0,IN0042_20200217,Inle,0,2,2020-02-17
5540,0,0,IN0043_20200217,Inle,0,2,2020-02-17
5541,0,0,IN0044_20200217,Inle,0,2,2020-02-17
5542,0,0,IN0045_20200217,Inle,0,2,2020-02-17
5543,0,0,IN0046_20200217,Inle,0,2,2020-02-17
5544,0,0,IN0047_20200217,Inle,0,1,2020-02-17
5545,0,0,IN0048_20200217,Inle,0,1,2020-02-17
5546,0,0,IN0049_20200217,Inle,0,1,2020-02-17
5547,0,0,IN0050_20200217,Inle,0,1,2020-02-17
5548,0,0,IN0051_20200217,Inle,0,1,2020-02-17
5549,0,0,IN0052_20200217,Inle,0,1,2020-02-17
5550,0,0,IN0053_20200217,Inle,0,1,2020-02-17
5551,0,0,IN0054_20200217,Inle,0,1,2020-02-17
5552,0,0,IN0055_20200217,Inle,0,1,2020-02-17
5553,0,0,IN0056_20200217,Inle,0,1,2020-02-17
5554,0,0,IN0057_20200217,Inle,0,1,2020-02-17
5555,0,0,IN0058_20200217,Inle,0,1,2020-02-17
5556,0,0,IN0059_20200217,Inle,0,1,2020-02-17
5557,0,0,IN0060_20200217,Inle,0,1,2020-02-17
5558,0,0,IN0061_20200217,Inle,0,1,2020-02-17
5559,1,1,IN0001_20250506,Inle,1,3,2025-05-06
5560,0,0,IN0002_20250506,Inle,0,1,2025-05-06
5561,0,0,IN0003_20250506,Inle,0,1,2025-05-06
5562,1,0,IN0004_20250506,Inle,1,3,2025-05-06
5563,1,1,IN0005_20250506,Inle,1,3,2025-05-06
5564,1,1,IN0006_20250506,Inle,1,3,2025-05-06
5565,1,1,IN0007_20250506,Inle,1,3,2025-05-06
5566,1,1,IN0008_20250506,Inle,1,3,2025-05-06
5567,1,0,IN0009_20250506,Inle,1,3,2025-05-06
5568,1,0,IN0010_20250506,Inle,1,3,2025-05-06
5569,1,1,IN0011_20250506,Inle,1,3,2025-05-06
5570,1,1,IN0012_20250506,Inle,1,3,2025-05-06
5571,1,1,IN0013_20250506,Inle,1,3,2025-05-06
5572,1,1,IN0014_20250506,Inle,1,3,2025-05-06
5573,1,1,IN0016_20250506,Inle,1,3,2025-05-06
5574,1,1,IN0017_20250506,Inle,1,3,2025-05-06
5575,1,1,IN0018_20250506,Inle,1,3,2025-05-06
5576,1,1,IN0019_20250506,Inle,1,3,2025-05-06
5577,1,1,IN0020_20250506,Inle,1,3,2025-05-06
5578,1,0,IN0021_20250506,Inle,1,3,2025-05-06
5579,1,1,IN0022_20250506,Inle,1,3,2025-05-06
5580,0,0,IN0023_20250506,Inle,0,2,2025-05-06
5581,0,0,IN0024_20250506,Inle,0,2,2025-05-06
5582,0,0,IN0025_20250506,Inle,0,2,2025-05-06
5583,0,0,IN0026_20250506,Inle,0,2,2025-05-06
5584,0,0,IN0027_20250506,Inle,0,2,2025-05-06
5585,0,0,IN0028_20250506,Inle,0,2,2025-05-06
5586,0,0,IN0029_20250506,Inle,0,2,2025-05-06
5587,0,0,IN0030_20250506,Inle,0,2,2025-05-06
5588,0,0,IN0031_20250506,Inle,0,2,2025-05-06
5589,0,0,IN0032_20250506,Inle,0,2,2025-05-06
5590,0,0,IN0033_20250506,Inle,0,1,2025-05-06
5591,0,1,IN0034_20250506,Inle,0,1,2025-05-06
5592,0,1,IN0035_20250506,Inle,0,1,2025-05-06
5593,0,1,IN0036_20250506,Inle,0,1,2025-05-06
5594,0,1,IN0037_20250506,Inle,0,1,2025-05-06
5595,0,0,IN0038_20250506,Inle,0,1,2025-05-06
5596,0,0,IN0039_20250506,Inle,0,1,2025-05-06
5597,0,0,IN0041_20250506,Inle,0,1,2025-05-06
5598,1,1,IN0001_20211208,Inle,1,3,2021-12-08
5599,1,1,IN0002_20211208,Inle,1,3,2021-12-08
5600,1,1,IN0003_20211208,Inle,1,3,2021-12-08
5601,1,1,IN0004_20211208,Inle,1,3,2021-12-08
5602,1,1,IN0005_20211208,Inle,1,3,2021-12-08
5603,1,1,IN0006_20211208,Inle,1,3,2021-12-08
5604,1,1,IN0007_20211208,Inle,1,3,2021-12-08
5605,1,1,IN0008_20211208,Inle,1,3,2021-12-08
5606,1,1,IN0009_20211208,Inle,1,3,2021-12-08
5607,1,1,IN0010_20211208,Inle,1,3,2021-12-08
5608,1,1,IN0011_20211208,Inle,1,3,2021-12-08
5609,1,1,IN0012_20211208,Inle,1,3,2021-12-08
5610,1,1,IN0013_20211208,Inle,1,3,2021-12-08
5611,1,1,IN0014_20211208,Inle,1,3,2021-12-08
5612,1,1,IN0015_20211208,Inle,1,3,2021-12-08
5613,1,1,IN0016_20211208,Inle,1,3,2021-12-08
5614,1,1,IN0017_20211208,Inle,1,3,2021-12-08
5615,1,1,IN0018_20211208,Inle,1,3,2021-12-08
5616,1,1,IN0019_20211208,Inle,1,3,2021-12-08
5617,1,1,IN0020_20211208,Inle,1,3,2021-12-08
5618,1,1,IN0021_20211208,Inle,1,3,2021-12-08
5619,1,1,IN0022_20211208,Inle,1,3,2021-12-08
5620,1,1,IN0023_20211208,Inle,1,3,2021-12-08
5621,1,1,IN0024_20211208,Inle,1,3,2021-12-08
5622,1,0,IN0039_20211208,Inle,1,3,2021-12-08
5623,1,1,IN0040_20211208,Inle,1,3,2021-12-08
5624,0,0,IN0041_20211208,Inle,0,2,2021-12-08
5625,0,0,IN0042_20211208,Inle,0,2,2021-12-08
5626,0,0,IN0043_20211208,Inle,0,2,2021-12-08
5627,0,0,IN0044_20211208,Inle,0,2,2021-12-08
5628,0,0,IN0045_20211208,Inle,0,2,2021-12-08
5629,0,0,IN0046_20211208,Inle,0,2,2021-12-08
5630,0,0,IN0047_20211208,Inle,0,2,2021-12-08
5631,0,0,IN0048_20211208,Inle,0,2,2021-12-08
5632,0,0,IN0049_20211208,Inle,0,2,2021-12-08
5633,0,0,IN0050_20211208,Inle,0,2,2021-12-08
5634,0,0,IN0051_20211208,Inle,0,2,2021-12-08
5635,0,0,IN0052_20211208,Inle,0,2,2021-12-08
5636,0,0,IN0053_20211208,Inle,0,2,2021-12-08
5637,0,0,IN0054_20211208,Inle,0,2,2021-12-08
5638,0,0,IN0055_20211208,Inle,0,2,2021-12-08
5639,0,0,IN0056_20211208,Inle,0,2,2021-12-08
5640,0,0,IN0057_20211208,Inle,0,2,2021-12-08
5641,0,0,IN0058_20211208,Inle,0,2,2021-12-08
5642,0,0,IN0059_20211208,Inle,0,2,2021-12-08
5643,0,0,IN0060_20211208,Inle,0,2,2021-12-08
5644,0,1,IN0061_20211208,Inle,0,1,2021-12-08
5645,0,1,IN0062_20211208,Inle,0,1,2021-12-08
5646,0,0,IN0063_20211208,Inle,0,1,2021-12-08
5647,0,0,IN0064_20211208,Inle,0,1,2021-12-08
5648,0,0,IN0065_20211208,Inle,0,1,2021-12-08
5649,0,0,IN0066_20211208,Inle,0,1,2021-12-08
5650,0,0,IN0067_20211208,Inle,0,1,2021-12-08
5651,0,0,IN0068_20211208,Inle,0,1,2021-12-08
5652,0,0,IN0069_20211208,Inle,0,1,2021-12-08
5653,0,0,IN0070_20211208,Inle,0,1,2021-12-08
5654,0,0,IN0071_20211208,Inle,0,1,2021-12-08
5655,0,0,IN0072_20211208,Inle,0,1,2021-12-08
5656,0,0,IN0073_20211208,Inle,0,1,2021-12-08
5657,0,0,IN0076_20211208,Inle,0,1,2021-12-08
5658,0,1,IN0077_20211208,Inle,0,1,2021-12-08
5659,0,0,IN0078_20211208,Inle,0,1,2021-12-08
5660,0,1,IN0080_20211208,Inle,0,1,2021-12-08
5661,1,1,IN0001_20201128,Inle,1,3,2020-11-28
5662,1,1,IN0002_20201128,Inle,1,3,2020-11-28
5663,1,1,IN0003_20201128,Inle,1,3,2020-11-28
5664,1,1,IN0004_20201128,Inle,1,3,2020-11-28
5665,1,1,IN0005_20201128,Inle,1,3,2020-11-28
5666,1,1,IN0006_20201128,Inle,1,3,2020-11-28
5667,1,1,IN0007_20201128,Inle,1,3,2020-11-28
5668,1,1,IN0008_20201128,Inle,1,3,2020-11-28
5669,1,1,IN0009_20201128,Inle,1,3,2020-11-28
5670,1,1,IN0010_20201128,Inle,1,3,2020-11-28
5671,1,1,IN0011_20201128,Inle,1,3,2020-11-28
5672,1,1,IN0012_20201128,Inle,1,3,2020-11-28
5673,1,1,IN0013_20201128,Inle,1,3,2020-11-28
5674,1,1,IN0014_20201128,Inle,1,3,2020-11-28
5675,1,1,IN0015_20201128,Inle,1,3,2020-11-28
5676,1,1,IN0016_20201128,Inle,1,3,2020-11-28
5677,1,1,IN0017_20201128,Inle,1,3,2020-11-28
5678,1,1,IN0018_20201128,Inle,1,3,2020-11-28
5679,1,1,IN0019_20201128,Inle,1,3,2020-11-28
5680,1,1,IN0020_20201128,Inle,1,3,2020-11-28
5681,1,1,IN0021_20201128,Inle,1,3,2020-11-28
5682,1,1,IN0022_20201128,Inle,1,3,2020-11-28
5683,1,1,IN0023_20201128,Inle,1,3,2020-11-28
5684,1,1,IN0024_20201128,Inle,1,3,2020-11-28
5685,1,1,IN0025_20201128,Inle,1,3,2020-11-28
5686,1,1,IN0026_20201128,Inle,1,3,2020-11-28
5687,1,1,IN0027_20201128,Inle,1,3,2020-11-28
5688,1,1,IN0028_20201128,Inle,1,3,2020-11-28
5689,1,1,IN0029_20201128,Inle,1,3,2020-11-28
5690,1,1,IN0030_20201128,Inle,1,3,2020-11-28
5691,1,1,IN0031_20201128,Inle,1,3,2020-11-28
5692,1,1,IN0032_20201128,Inle,1,3,2020-11-28
5693,1,1,IN0033_20201128,Inle,1,3,2020-11-28
5694,1,1,IN0034_20201128,Inle,1,3,2020-11-28
5695,1,1,IN0035_20201128,Inle,1,3,2020-11-28
5696,1,1,IN0036_20201128,Inle,1,3,2020-11-28
5697,1,1,IN0037_20201128,Inle,1,3,2020-11-28
5698,1,1,IN0038_20201128,Inle,1,3,2020-11-28
5699,1,1,IN0039_20201128,Inle,1,3,2020-11-28
5700,1,1,IN0040_20201128,Inle,1,3,2020-11-28
5701,1,1,IN0041_20201128,Inle,1,3,2020-11-28
5702,1,1,IN0042_20201128,Inle,1,3,2020-11-28
5703,1,1,IN0043_20201128,Inle,1,3,2020-11-28
5704,1,1,IN0044_20201128,Inle,1,3,2020-11-28
5705,1,0,IN0045_20201128,Inle,1,3,2020-11-28
5706,1,1,IN0046_20201128,Inle,1,3,2020-11-28
5707,1,1,IN0047_20201128,Inle,1,3,2020-11-28
5708,1,1,IN0048_20201128,Inle,1,3,2020-11-28
5709,1,1,IN0049_20201128,Inle,1,3,2020-11-28
5710,1,1,IN0050_20201128,Inle,1,3,2020-11-28
5711,1,0,IN0051_20201128,Inle,1,3,2020-11-28
5712,1,1,IN0052_20201128,Inle,1,3,2020-11-28
5713,1,1,IN0053_20201128,Inle,1,3,2020-11-28
5714,1,1,IN0054_20201128,Inle,1,3,2020-11-28
5715,1,1,IN0055_20201128,Inle,1,3,2020-11-28
5716,1,0,IN0056_20201128,Inle,1,3,2020-11-28
5717,1,1,IN0057_20201128,Inle,1,3,2020-11-28
5718,1,1,IN0058_20201128,Inle,1,3,2020-11-28
5719,1,1,IN0059_20201128,Inle,1,3,2020-11-28
5720,1,1,IN0060_20201128,Inle,1,3,2020-11-28
5721,1,1,IN0061_20201128,Inle,1,3,2020-11-28
5722,1,1,IN0062_20201128,Inle,1,3,2020-11-28
5723,1,1,IN0063_20201128,Inle,1,3,2020-11-28
5724,1,1,IN0064_20201128,Inle,1,3,2020-11-28
5725,1,1,IN0065_20201128,Inle,1,3,2020-11-28
5726,1,1,IN0066_20201128,Inle,1,3,2020-11-28
5727,1,1,IN0067_20201128,Inle,1,3,2020-11-28
5728,1,1,IN0068_20201128,Inle,1,3,2020-11-28
5729,1,1,IN0069_20201128,Inle,1,3,2020-11-28
5730,1,1,IN0070_20201128,Inle,1,3,2020-11-28
5731,1,1,IN0071_20201128,Inle,1,3,2020-11-28
5732,1,1,IN0072_20201128,Inle,1,3,2020-11-28
5733,1,1,IN0073_20201128,Inle,1,3,2020-11-28
5734,1,1,IN0074_20201128,Inle,1,3,2020-11-28
5735,1,1,IN0075_20201128,Inle,1,3,2020-11-28
5736,1,1,IN0076_20201128,Inle,1,3,2020-11-28
5737,1,1,IN0077_20201128,Inle,1,3,2020-11-28
5738,1,1,IN0078_20201128,Inle,1,3,2020-11-28
5739,1,1,IN0079_20201128,Inle,1,3,2020-11-28
5740,1,1,IN0080_20201128,Inle,1,3,2020-11-28
5741,1,1,IN0081_20201128,Inle,1,3,2020-11-28
5742,1,1,IN0082_20201128,Inle,1,3,2020-11-28
5743,1,1,IN0083_20201128,Inle,1,3,2020-11-28
5744,1,1,IN0084_20201128,Inle,1,3,2020-11-28
5745,1,1,IN0085_20201128,Inle,1,3,2020-11-28
5746,0,0,IN0086_20201128,Inle,0,2,2020-11-28
5747,0,0,IN0087_20201128,Inle,0,2,2020-11-28
5748,0,0,IN0088_20201128,Inle,0,2,2020-11-28
5749,0,0,IN0089_20201128,Inle,0,2,2020-11-28
5750,0,0,IN0090_20201128,Inle,0,2,2020-11-28
5751,0,0,IN0091_20201128,Inle,0,2,2020-11-28
5752,0,0,IN0092_20201128,Inle,0,2,2020-11-28
5753,0,0,IN0093_20201128,Inle,0,2,2020-11-28
5754,0,0,IN0094_20201128,Inle,0,2,2020-11-28
5755,0,0,IN0095_20201128,Inle,0,2,2020-11-28
5756,0,0,IN0096_20201128,Inle,0,2,2020-11-28
5757,0,0,IN0097_20201128,Inle,0,2,2020-11-28
5758,0,0,IN0098_20201128,Inle,0,2,2020-11-28
5759,0,0,IN0099_20201128,Inle,0,2,2020-11-28
5760,0,0,IN0100_20201128,Inle,0,2,2020-11-28
5761,0,0,IN0101_20201128,Inle,0,2,2020-11-28
5762,0,0,IN0102_20201128,Inle,0,2,2020-11-28
5763,0,0,IN0103_20201128,Inle,0,2,2020-11-28
5764,0,0,IN0104_20201128,Inle,0,2,2020-11-28
5765,0,0,IN0105_20201128,Inle,0,2,2020-11-28
5766,0,0,IN0106_20201128,Inle,0,2,2020-11-28
5767,0,0,IN0107_20201128,Inle,0,2,2020-11-28
5768,0,0,IN0108_20201128,Inle,0,2,2020-11-28
5769,0,0,IN0109_20201128,Inle,0,2,2020-11-28
5770,0,0,IN0110_20201128,Inle,0,2,2020-11-28
5771,0,0,IN0111_20201128,Inle,0,2,2020-11-28
5772,0,0,IN0112_20201128,Inle,0,2,2020-11-28
5773,0,0,IN0113_20201128,Inle,0,2,2020-11-28
5774,0,0,IN0114_20201128,Inle,0,2,2020-11-28
5775,0,0,IN0115_20201128,Inle,0,2,2020-11-28
5776,0,0,IN0116_20201128,Inle,0,2,2020-11-28
5777,0,0,IN0117_20201128,Inle,0,2,2020-11-28
5778,0,0,IN0118_20201128,Inle,0,2,2020-11-28
5779,0,0,IN0119_20201128,Inle,0,2,2020-11-28
5780,0,0,IN0120_20201128,Inle,0,2,2020-11-28
5781,0,0,IN0121_20201128,Inle,0,2,2020-11-28
5782,0,0,IN0122_20201128,Inle,0,2,2020-11-28
5783,0,0,IN0123_20201128,Inle,0,2,2020-11-28
5784,0,0,IN0124_20201128,Inle,0,2,2020-11-28
5785,0,0,IN0125_20201128,Inle,0,2,2020-11-28
5786,0,0,IN0126_20201128,Inle,0,2,2020-11-28
5787,0,0,IN0127_20201128,Inle,0,2,2020-11-28
5788,0,0,IN0128_20201128,Inle,0,2,2020-11-28
5789,0,0,IN0129_20201128,Inle,0,2,2020-11-28
5790,0,0,IN0130_20201128,Inle,0,2,2020-11-28
5791,0,0,IN0131_20201128,Inle,0,1,2020-11-28
5792,0,0,IN0132_20201128,Inle,0,1,2020-11-28
5793,0,0,IN0133_20201128,Inle,0,1,2020-11-28
5794,0,0,IN0134_20201128,Inle,0,1,2020-11-28
5795,0,0,IN0135_20201128,Inle,0,1,2020-11-28
5796,0,0,IN0136_20201128,Inle,0,1,2020-11-28
5797,0,0,IN0137_20201128,Inle,0,1,2020-11-28
5798,0,0,IN0138_20201128,Inle,0,1,2020-11-28
5799,0,1,IN0139_20201128,Inle,0,1,2020-11-28
5800,0,0,IN0140_20201128,Inle,0,1,2020-11-28
5801,0,0,IN0141_20201128,Inle,0,1,2020-11-28
5802,0,0,IN0142_20201128,Inle,0,1,2020-11-28
5803,0,0,IN0143_20201128,Inle,0,1,2020-11-28
5804,0,0,IN0144_20201128,Inle,0,1,2020-11-28
5805,0,0,IN0145_20201128,Inle,0,1,2020-11-28
5806,0,0,IN0146_20201128,Inle,0,1,2020-11-28
5807,0,0,IN0147_20201128,Inle,0,1,2020-11-28
5808,0,0,IN0148_20201128,Inle,0,1,2020-11-28
5809,0,0,IN0149_20201128,Inle,0,1,2020-11-28
5810,0,0,IN0150_20201128,Inle,0,1,2020-11-28
5811,0,0,IN0151_20201128,Inle,0,1,2020-11-28
5812,0,1,IN0152_20201128,Inle,0,1,2020-11-28
5813,0,1,IN0153_20201128,Inle,0,1,2020-11-28
5814,0,1,IN0154_20201128,Inle,0,1,2020-11-28
5815,0,0,IN0155_20201128,Inle,0,1,2020-11-28
5816,0,1,IN0156_20201128,Inle,0,1,2020-11-28
5817,0,0,IN0157_20201128,Inle,0,1,2020-11-28
5818,0,0,IN0158_20201128,Inle,0,1,2020-11-28
5819,0,0,IN0159_20201128,Inle,0,1,2020-11-28
5820,0,0,IN0160_20201128,Inle,0,1,2020-11-28
5821,0,0,IN0161_20201128,Inle,0,1,2020-11-28
5822,0,0,IN0162_20201128,Inle,0,1,2020-11-28
5823,0,0,IN0163_20201128,Inle,0,1,2020-11-28
5824,0,0,IN0164_20201128,Inle,0,1,2020-11-28
5825,0,0,IN0165_20201128,Inle,0,1,2020-11-28
5826,0,0,IN0166_20201128,Inle,0,1,2020-11-28
5827,0,0,IN0167_20201128,Inle,0,1,2020-11-28
5828,0,0,IN0168_20201128,Inle,0,1,2020-11-28
5829,0,0,IN0169_20201128,Inle,0,1,2020-11-28
5830,0,0,IN0170_20201128,Inle,0,1,2020-11-28
7863,0,0,MU0001_20211026,Mula,0,2,2021-10-26
7864,0,0,MU0002_20211026,Mula,0,2,2021-10-26
7865,0,0,MU0030_20211026,Mula,0,2,2021-10-26
7866,0,0,MU0031_20211026,Mula,0,2,2021-10-26
7867,0,0,MU0032_20211026,Mula,0,2,2021-10-26
7868,0,0,MU0033_20211026,Mula,0,2,2021-10-26
7869,0,0,MU0034_20211026,Mula,0,2,2021-10-26
7870,0,0,MU0035_20211026,Mula,0,2,2021-10-26
7871,0,0,MU0036_20211026,Mula,0,2,2021-10-26
7872,0,0,MU0037_20211026,Mula,0,2,2021-10-26
7873,0,0,MU0038_20211026,Mula,0,2,2021-10-26
7874,0,0,MU0039_20211026,Mula,0,2,2021-10-26
7875,0,0,MU0040_20211026,Mula,0,2,2021-10-26
7876,0,0,MU0041_20211026,Mula,0,2,2021-10-26
7877,0,0,MU0042_20211026,Mula,0,2,2021-10-26
7878,0,0,MU0043_20211026,Mula,0,2,2021-10-26
7879,0,0,MU0044_20211026,Mula,0,2,2021-10-26
7880,0,0,MU0045_20211026,Mula,0,2,2021-10-26
7881,0,0,MU0046_20211026,Mula,0,2,2021-10-26
7882,0,0,MU0047_20211026,Mula,0,2,2021-10-26
7883,0,0,MU0048_20211026,Mula,0,2,2021-10-26
7884,0,0,MU0049_20211026,Mula,0,2,2021-10-26
7885,0,0,MU0050_20211026,Mula,0,2,2021-10-26
7886,0,0,MU0051_20211026,Mula,0,2,2021-10-26
7887,0,0,MU0052_20211026,Mula,0,2,2021-10-26
7888,0,0,MU0053_20211026,Mula,0,2,2021-10-26
7889,0,0,MU0054_20211026,Mula,0,2,2021-10-26
7890,0,0,MU0055_20211026,Mula,0,2,2021-10-26
7891,0,0,MU0056_20211026,Mula,0,2,2021-10-26
7892,0,0,MU0057_20211026,Mula,0,2,2021-10-26
7893,0,0,MU0058_20211026,Mula,0,2,2021-10-26
7894,0,0,MU0059_20211026,Mula,0,2,2021-10-26
7895,0,0,MU0060_20211026,Mula,0,2,2021-10-26
7896,0,0,MU0061_20211026,Mula,0,2,2021-10-26
7897,0,0,MU0062_20211026,Mula,0,2,2021-10-26
7898,0,0,MU0063_20211026,Mula,0,2,2021-10-26
7899,0,0,MU0064_20211026,Mula,0,2,2021-10-26
7900,0,0,MU0065_20211026,Mula,0,2,2021-10-26
7901,0,0,MU0066_20211026,Mula,0,2,2021-10-26
7902,0,0,MU0067_20211026,Mula,0,2,2021-10-26
7903,0,0,MU0068_20211026,Mula,0,2,2021-10-26
7904,0,0,MU0069_20211026,Mula,0,2,2021-10-26
7905,0,0,MU0070_20211026,Mula,0,2,2021-10-26
7906,0,0,MU0071_20211026,Mula,0,2,2021-10-26
7907,0,0,MU0072_20211026,Mula,0,2,2021-10-26
7908,0,0,MU0073_20211026,Mula,0,2,2021-10-26
7909,0,0,MU0074_20211026,Mula,0,2,2021-10-26
7910,0,0,MU0075_20211026,Mula,0,2,2021-10-26
7911,0,0,MU0076_20211026,Mula,0,2,2021-10-26
7912,0,0,MU0077_20211026,Mula,0,2,2021-10-26
7913,0,0,MU0078_20211026,Mula,0,2,2021-10-26
7914,0,0,MU0079_20211026,Mula,0,2,2021-10-26
7915,0,0,MU0080_20211026,Mula,0,2,2021-10-26
7916,0,0,MU0081_20211026,Mula,0,2,2021-10-26
7917,0,0,MU0082_20211026,Mula,0,2,2021-10-26
7918,0,0,MU0083_20211026,Mula,0,2,2021-10-26
7919,0,0,MU0084_20211026,Mula,0,2,2021-10-26
7920,0,0,MU0085_20211026,Mula,0,2,2021-10-26
7921,0,0,MU0086_20211026,Mula,0,2,2021-10-26
7922,0,0,MU0087_20211026,Mula,0,2,2021-10-26
7923,0,0,MU0088_20211026,Mula,0,2,2021-10-26
7924,0,0,MU0089_20211026,Mula,0,2,2021-10-26
7925,0,0,MU0090_20211026,Mula,0,2,2021-10-26
7926,0,0,MU0091_20211026,Mula,0,2,2021-10-26
7927,0,0,MU0092_20211026,Mula,0,2,2021-10-26
7928,0,0,MU0093_20211026,Mula,0,2,2021-10-26
7929,0,0,MU0094_20211026,Mula,0,2,2021-10-26
7930,0,0,MU0095_20211026,Mula,0,2,2021-10-26
7931,0,0,MU0097_20211026,Mula,0,2,2021-10-26
7932,0,0,MU0098_20211026,Mula,0,2,2021-10-26
7933,0,0,MU0099_20211026,Mula,0,2,2021-10-26
7934,0,0,MU0100_20211026,Mula,0,2,2021-10-26
7935,0,0,MU0101_20211026,Mula,0,2,2021-10-26
7936,0,0,MU0102_20211026,Mula,0,2,2021-10-26
7937,0,0,MU0103_20211026,Mula,0,2,2021-10-26
7938,0,0,MU0104_20211026,Mula,0,2,2021-10-26
7939,0,0,MU0105_20211026,Mula,0,2,2021-10-26
7940,0,0,MU0106_20211026,Mula,0,2,2021-10-26
7941,0,0,MU0107_20211026,Mula,0,2,2021-10-26
7942,0,0,MU0108_20211026,Mula,0,2,2021-10-26
7943,0,0,MU0109_20211026,Mula,0,2,2021-10-26
7944,0,0,MU0110_20211026,Mula,0,2,2021-10-26
7945,0,0,MU0111_20211026,Mula,0,2,2021-10-26
7946,0,0,MU0112_20211026,Mula,0,2,2021-10-26
7947,0,0,MU0113_20211026,Mula,0,2,2021-10-26
7948,0,0,MU0114_20211026,Mula,0,2,2021-10-26
7949,0,0,MU0115_20211026,Mula,0,2,2021-10-26
7950,0,0,MU0116_20211026,Mula,0,2,2021-10-26
7951,0,0,MU0117_20211026,Mula,0,2,2021-10-26
7952,0,0,MU0118_20211026,Mula,0,2,2021-10-26
7953,0,0,MU0119_20211026,Mula,0,2,2021-10-26
7954,0,0,MU0120_20211026,Mula,0,2,2021-10-26
7955,0,0,MU0121_20211026,Mula,0,2,2021-10-26
7956,0,0,MU0122_20211026,Mula,0,2,2021-10-26
7957,0,0,MU0123_20211026,Mula,0,2,2021-10-26
7958,0,0,MU0124_20211026,Mula,0,2,2021-10-26
7959,0,0,MU0125_20211026,Mula,0,2,2021-10-26
7960,0,0,MU0126_20211026,Mula,0,2,2021-10-26
7961,0,0,MU0127_20211026,Mula,0,2,2021-10-26
7962,0,0,MU0128_20211026,Mula,0,2,2021-10-26
7963,0,0,MU0129_20211026,Mula,0,2,2021-10-26
7964,0,0,MU0130_20211026,Mula,0,2,2021-10-26
7965,0,0,MU0131_20211026,Mula,0,2,2021-10-26
7966,0,0,MU0132_20211026,Mula,0,2,2021-10-26
7967,0,0,MU0133_20211026,Mula,0,2,2021-10-26
7968,0,0,MU0134_20211026,Mula,0,2,2021-10-26
7969,0,0,MU0135_20211026,Mula,0,2,2021-10-26
7970,0,0,MU0136_20211026,Mula,0,2,2021-10-26
7971,0,0,MU0137_20211026,Mula,0,2,2021-10-26
7972,0,0,MU0138_20211026,Mula,0,2,2021-10-26
7973,0,0,MU0139_20211026,Mula,0,2,2021-10-26
7974,0,0,MU0140_20211026,Mula,0,2,2021-10-26
7975,0,0,MU0141_20211026,Mula,0,2,2021-10-26
7976,0,0,MU0142_20211026,Mula,0,2,2021-10-26
7977,0,0,MU0143_20211026,Mula,0,2,2021-10-26
7978,0,0,MU0144_20211026,Mula,0,2,2021-10-26
7979,0,0,MU0145_20211026,Mula,0,2,2021-10-26
7980,0,0,MU0146_20211026,Mula,0,2,2021-10-26
7981,0,0,MU0147_20211026,Mula,0,2,2021-10-26
7982,0,0,MU0148_20211026,Mula,0,2,2021-10-26
7983,0,0,MU0149_20211026,Mula,0,2,2021-10-26
7984,0,0,MU0150_20211026,Mula,0,2,2021-10-26
7985,1,1,MU0151_20211026,Mula,1,3,2021-10-26
7986,1,1,MU0152_20211026,Mula,1,3,2021-10-26
7987,1,1,MU0153_20211026,Mula,1,3,2021-10-26
7988,1,1,MU0154_20211026,Mula,1,3,2021-10-26
7989,0,0,MU0155_20211026,Mula,0,1,2021-10-26
7990,0,0,MU0156_20211026,Mula,0,1,2021-10-26
7991,0,0,MU0157_20211026,Mula,0,1,2021-10-26
7992,0,0,MU0158_20211026,Mula,0,1,2021-10-26
7993,0,0,MU0159_20211026,Mula,0,1,2021-10-26
7994,0,0,MU0160_20211026,Mula,0,1,2021-10-26
7995,0,0,MU0161_20211026,Mula,0,1,2021-10-26
7996,0,0,MU0162_20211026,Mula,0,1,2021-10-26
7997,0,0,MU0163_20211026,Mula,0,1,2021-10-26
7998,0,0,MU0164_20211026,Mula,0,1,2021-10-26
7999,0,0,MU0165_20211026,Mula,0,1,2021-10-26
8000,0,0,MU0166_20211026,Mula,0,1,2021-10-26
8001,0,0,MU0167_20211026,Mula,0,1,2021-10-26
8002,0,0,MU0168_20211026,Mula,0,1,2021-10-26
8003,0,0,MU0169_20211026,Mula,0,1,2021-10-26
8004,0,0,MU0170_20211026,Mula,0,1,2021-10-26
8005,0,0,MU0171_20211026,Mula,0,1,2021-10-26
8006,0,0,MU0172_20211026,Mula,0,1,2021-10-26
8007,0,0,MU0173_20211026,Mula,0,1,2021-10-26
8008,0,0,MU0174_20211026,Mula,0,1,2021-10-26
8009,0,0,MU0175_20211026,Mula,0,1,2021-10-26
8010,0,0,MU0176_20211026,Mula,0,1,2021-10-26
8011,0,0,MU0177_20211026,Mula,0,1,2021-10-26
8012,0,0,MU0178_20211026,Mula,0,1,2021-10-26
8013,0,0,MU0179_20211026,Mula,0,1,2021-10-26
8014,0,0,MU0180_20211026,Mula,0,1,2021-10-26
8015,0,0,MU0181_20211026,Mula,0,1,2021-10-26
8016,0,0,MU0182_20211026,Mula,0,1,2021-10-26
8017,0,0,MU0183_20211026,Mula,0,1,2021-10-26
8018,0,0,MU0184_20211026,Mula,0,1,2021-10-26
8019,0,0,MU0185_20211026,Mula,0,1,2021-10-26
8020,0,0,MU0186_20211026,Mula,0,1,2021-10-26
8021,0,0,MU0187_20211026,Mula,0,1,2021-10-26
8022,0,0,MU0188_20211026,Mula,0,1,2021-10-26
8023,0,0,MU0189_20211026,Mula,0,1,2021-10-26
8024,0,0,MU0190_20211026,Mula,0,1,2021-10-26
8025,0,0,MU0191_20211026,Mula,0,1,2021-10-26
8026,0,0,MU0192_20211026,Mula,0,1,2021-10-26
8027,0,0,MU0193_20211026,Mula,0,1,2021-10-26
8028,0,0,MU0194_20211026,Mula,0,1,2021-10-26
8029,0,0,MU0195_20211026,Mula,0,1,2021-10-26
8030,0,0,MU0196_20211026,Mula,0,1,2021-10-26
8031,0,0,MU0197_20211026,Mula,0,1,2021-10-26
8032,0,0,MU0198_20211026,Mula,0,1,2021-10-26
8033,0,0,MU0199_20211026,Mula,0,1,2021-10-26
8034,0,0,MU0200_20211026,Mula,0,1,2021-10-26
8035,0,0,MU0201_20211026,Mula,0,1,2021-10-26
8036,0,0,MU0202_20211026,Mula,0,1,2021-10-26
8037,0,0,MU0203_20211026,Mula,0,1,2021-10-26
8038,0,0,MU0204_20211026,Mula,0,1,2021-10-26
8039,0,0,MU0205_20211026,Mula,0,1,2021-10-26
8040,1,1,MU0206_20211026,Mula,1,3,2021-10-26
8041,1,1,MU0207_20211026,Mula,1,3,2021-10-26
8042,1,0,MU0208_20211026,Mula,1,3,2021-10-26
8043,1,1,MU0209_20211026,Mula,1,3,2021-10-26
8044,1,1,MU0210_20211026,Mula,1,3,2021-10-26
8045,1,1,MU0211_20211026,Mula,1,3,2021-10-26
8046,1,1,MU0212_20211026,Mula,1,3,2021-10-26
8047,1,1,MU0213_20211026,Mula,1,3,2021-10-26
8048,1,1,MU0214_20211026,Mula,1,3,2021-10-26
8049,1,1,MU0215_20211026,Mula,1,3,2021-10-26
8050,1,1,MU0216_20211026,Mula,1,3,2021-10-26
8051,1,1,MU0217_20211026,Mula,1,3,2021-10-26
8052,1,0,MU0218_20211026,Mula,1,3,2021-10-26
8053,1,1,MU0219_20211026,Mula,1,3,2021-10-26
8054,1,1,MU0220_20211026,Mula,1,3,2021-10-26
8055,0,0,MU0221_20211026,Mula,0,1,2021-10-26
8056,0,0,MU0222_20211026,Mula,0,1,2021-10-26
8057,0,0,MU0223_20211026,Mula,0,1,2021-10-26
8058,0,0,MU0224_20211026,Mula,0,1,2021-10-26
8059,0,0,MU0225_20211026,Mula,0,1,2021-10-26
8060,0,0,MU0226_20211026,Mula,0,1,2021-10-26
8061,0,0,MU0227_20211026,Mula,0,1,2021-10-26
8062,0,0,MU0228_20211026,Mula,0,1,2021-10-26
8063,0,0,MU0229_20211026,Mula,0,1,2021-10-26
8064,0,0,MU0230_20211026,Mula,0,1,2021-10-26
8065,0,0,MU0231_20211026,Mula,0,1,2021-10-26
8066,0,0,MU0232_20211026,Mula,0,1,2021-10-26
8067,0,0,MU0233_20211026,Mula,0,1,2021-10-26
8068,0,0,MU0234_20211026,Mula,0,1,2021-10-26
8069,0,0,MU0235_20211026,Mula,0,1,2021-10-26
8070,0,0,MU0236_20211026,Mula,0,1,2021-10-26
8071,0,0,MU0237_20211026,Mula,0,1,2021-10-26
8072,0,0,MU0238_20211026,Mula,0,1,2021-10-26
8073,0,0,MU0239_20211026,Mula,0,1,2021-10-26
8074,0,0,MU0240_20211026,Mula,0,1,2021-10-26
8075,0,0,MU0241_20211026,Mula,0,1,2021-10-26
8076,0,0,MU0242_20211026,Mula,0,1,2021-10-26
8077,0,0,MU0243_20211026,Mula,0,1,2021-10-26
8078,0,0,MU0244_20211026,Mula,0,1,2021-10-26
8079,0,0,MU0245_20211026,Mula,0,1,2021-10-26
8080,0,0,MU0246_20211026,Mula,0,1,2021-10-26
8081,0,0,MU0247_20211026,Mula,0,1,2021-10-26
8082,0,0,MU0248_20211026,Mula,0,1,2021-10-26
8083,1,1,MU0001_20220223,Mula,1,3,2022-02-23
8084,1,1,MU0002_20220223,Mula,1,3,2022-02-23
8085,1,1,MU0003_20220223,Mula,1,3,2022-02-23
8086,1,1,MU0004_20220223,Mula,1,3,2022-02-23
8087,1,1,MU0005_20220223,Mula,1,3,2022-02-23
8088,1,1,MU0006_20220223,Mula,1,3,2022-02-23
8089,1,1,MU0007_20220223,Mula,1,3,2022-02-23
8090,1,1,MU0008_20220223,Mula,1,3,2022-02-23
8091,1,1,MU0009_20220223,Mula,1,3,2022-02-23
8092,1,1,MU0010_20220223,Mula,1,3,2022-02-23
8093,1,1,MU0011_20220223,Mula,1,3,2022-02-23
8094,1,1,MU0012_20220223,Mula,1,3,2022-02-23
8095,1,1,MU0013_20220223,Mula,1,3,2022-02-23
8096,1,1,MU0014_20220223,Mula,1,3,2022-02-23
8097,1,1,MU0015_20220223,Mula,1,3,2022-02-23
8098,1,1,MU0016_20220223,Mula,1,3,2022-02-23
8099,1,1,MU0017_20220223,Mula,1,3,2022-02-23
8100,1,1,MU0018_20220223,Mula,1,3,2022-02-23
8101,1,1,MU0019_20220223,Mula,1,3,2022-02-23
8102,1,1,MU0020_20220223,Mula,1,3,2022-02-23
8103,1,1,MU0021_20220223,Mula,1,3,2022-02-23
8104,1,0,MU0022_20220223,Mula,1,3,2022-02-23
8105,1,1,MU0023_20220223,Mula,1,3,2022-02-23
8106,1,1,MU0024_20220223,Mula,1,3,2022-02-23
8107,1,1,MU0025_20220223,Mula,1,3,2022-02-23
8108,1,1,MU0026_20220223,Mula,1,3,2022-02-23
8109,1,1,MU0027_20220223,Mula,1,3,2022-02-23
8110,1,1,MU0028_20220223,Mula,1,3,2022-02-23
8111,1,1,MU0029_20220223,Mula,1,3,2022-02-23
8112,1,1,MU0030_20220223,Mula,1,3,2022-02-23
8113,1,1,MU0031_20220223,Mula,1,3,2022-02-23
8114,1,1,MU0032_20220223,Mula,1,3,2022-02-23
8115,1,1,MU0033_20220223,Mula,1,3,2022-02-23
8116,1,1,MU0034_20220223,Mula,1,3,2022-02-23
8117,1,1,MU0035_20220223,Mula,1,3,2022-02-23
8118,1,1,MU0036_20220223,Mula,1,3,2022-02-23
8119,1,1,MU0037_20220223,Mula,1,3,2022-02-23
8120,1,1,MU0038_20220223,Mula,1,3,2022-02-23
8121,1,1,MU0039_20220223,Mula,1,3,2022-02-23
8122,1,0,MU0040_20220223,Mula,1,3,2022-02-23
8123,1,1,MU0041_20220223,Mula,1,3,2022-02-23
8124,1,1,MU0042_20220223,Mula,1,3,2022-02-23
8125,1,1,MU0043_20220223,Mula,1,3,2022-02-23
8126,1,1,MU0044_20220223,Mula,1,3,2022-02-23
8127,1,1,MU0045_20220223,Mula,1,3,2022-02-23
8128,1,1,MU0046_20220223,Mula,1,3,2022-02-23
8129,1,1,MU0047_20220223,Mula,1,3,2022-02-23
8130,1,1,MU0048_20220223,Mula,1,3,2022-02-23
8131,0,0,MU0049_20220223,Mula,0,1,2022-02-23
8132,1,1,MU0050_20220223,Mula,1,3,2022-02-23
8133,1,1,MU0051_20220223,Mula,1,3,2022-02-23
8134,1,1,MU0052_20220223,Mula,1,3,2022-02-23
8135,1,1,MU0053_20220223,Mula,1,3,2022-02-23
8136,1,1,MU0054_20220223,Mula,1,3,2022-02-23
8137,1,0,MU0055_20220223,Mula,1,3,2022-02-23
8138,1,1,MU0056_20220223,Mula,1,3,2022-02-23
8139,0,0,MU0057_20220223,Mula,0,1,2022-02-23
8140,0,0,MU0058_20220223,Mula,0,1,2022-02-23
8141,0,0,MU0059_20220223,Mula,0,1,2022-02-23
8142,0,0,MU0060_20220223,Mula,0,1,2022-02-23
8143,0,0,MU0061_20220223,Mula,0,1,2022-02-23
8144,0,0,MU0062_20220223,Mula,0,1,2022-02-23
8145,0,0,MU0063_20220223,Mula,0,1,2022-02-23
8146,0,0,MU0064_20220223,Mula,0,1,2022-02-23
8147,0,0,MU0065_20220223,Mula,0,1,2022-02-23
8148,0,1,MU0066_20220223,Mula,0,1,2022-02-23
8149,0,0,MU0067_20220223,Mula,0,1,2022-02-23
8150,0,0,MU0068_20220223,Mula,0,1,2022-02-23
8151,1,0,MU0069_20220223,Mula,1,3,2022-02-23
8152,1,1,MU0070_20220223,Mula,1,3,2022-02-23
8153,1,1,MU0071_20220223,Mula,1,3,2022-02-23
8154,1,1,MU0072_20220223,Mula,1,3,2022-02-23
8155,1,1,MU0073_20220223,Mula,1,3,2022-02-23
8156,0,1,MU0074_20220223,Mula,0,1,2022-02-23
8157,0,0,MU0075_20220223,Mula,0,1,2022-02-23
8158,0,0,MU0076_20220223,Mula,0,1,2022-02-23
8159,0,0,MU0077_20220223,Mula,0,1,2022-02-23
8160,0,0,MU0078_20220223,Mula,0,1,2022-02-23
8161,0,0,MU0079_20220223,Mula,0,1,2022-02-23
8162,1,1,MU0080_20220223,Mula,1,3,2022-02-23
8163,1,1,MU0081_20220223,Mula,1,3,2022-02-23
8164,1,1,MU0082_20220223,Mula,1,3,2022-02-23
8165,1,0,MU0083_20220223,Mula,1,3,2022-02-23
8166,1,1,MU0084_20220223,Mula,1,3,2022-02-23
8167,1,1,MU0085_20220223,Mula,1,3,2022-02-23
8168,1,1,MU0086_20220223,Mula,1,3,2022-02-23
8169,1,1,MU0087_20220223,Mula,1,3,2022-02-23
8170,1,0,MU0088_20220223,Mula,1,3,2022-02-23
8171,1,0,MU0089_20220223,Mula,1,3,2022-02-23
8172,1,0,MU0090_20220223,Mula,1,3,2022-02-23
8173,1,0,MU0091_20220223,Mula,1,3,2022-02-23
8174,1,1,MU0092_20220223,Mula,1,3,2022-02-23
8175,1,1,MU0093_20220223,Mula,1,3,2022-02-23
8176,1,1,MU0094_20220223,Mula,1,3,2022-02-23
8177,1,1,MU0095_20220223,Mula,1,3,2022-02-23
8178,1,1,MU0096_20220223,Mula,1,3,2022-02-23
8179,1,1,MU0097_20220223,Mula,1,3,2022-02-23
8180,1,1,MU0098_20220223,Mula,1,3,2022-02-23
8181,1,1,MU0099_20220223,Mula,1,3,2022-02-23
8182,1,1,MU0100_20220223,Mula,1,3,2022-02-23
8183,1,1,MU0101_20220223,Mula,1,3,2022-02-23
8184,1,1,MU0102_20220223,Mula,1,3,2022-02-23
8185,1,1,MU0103_20220223,Mula,1,3,2022-02-23
8186,1,1,MU0104_20220223,Mula,1,3,2022-02-23
8187,1,1,MU0105_20220223,Mula,1,3,2022-02-23
8188,1,1,MU0106_20220223,Mula,1,3,2022-02-23
8189,1,1,MU0107_20220223,Mula,1,3,2022-02-23
8190,1,1,MU0108_20220223,Mula,1,3,2022-02-23
8191,1,1,MU0109_20220223,Mula,1,3,2022-02-23
8192,1,1,MU0110_20220223,Mula,1,3,2022-02-23
8193,1,1,MU0111_20220223,Mula,1,3,2022-02-23
8194,1,0,MU0112_20220223,Mula,1,3,2022-02-23
8195,1,1,MU0113_20220223,Mula,1,3,2022-02-23
8196,1,1,MU0114_20220223,Mula,1,3,2022-02-23
8197,0,1,MU0115_20220223,Mula,0,1,2022-02-23
8198,0,1,MU0116_20220223,Mula,0,1,2022-02-23
8199,0,1,MU0117_20220223,Mula,0,1,2022-02-23
8200,0,1,MU0118_20220223,Mula,0,1,2022-02-23
8201,1,0,MU0119_20220223,Mula,1,3,2022-02-23
8202,1,1,MU0120_20220223,Mula,1,3,2022-02-23
8203,1,1,MU0121_20220223,Mula,1,3,2022-02-23
8204,1,1,MU0122_20220223,Mula,1,3,2022-02-23
8205,1,0,MU0123_20220223,Mula,1,3,2022-02-23
8206,0,0,MU0124_20220223,Mula,0,1,2022-02-23
8207,0,0,MU0125_20220223,Mula,0,1,2022-02-23
8208,0,0,MU0126_20220223,Mula,0,1,2022-02-23
8209,0,0,MU0127_20220223,Mula,0,1,2022-02-23
8210,0,0,MU0128_20220223,Mula,0,1,2022-02-23
8211,0,0,MU0129_20220223,Mula,0,1,2022-02-23
8212,0,0,MU0130_20220223,Mula,0,1,2022-02-23
8213,0,0,MU0131_20220223,Mula,0,1,2022-02-23
8214,0,0,MU0132_20220223,Mula,0,1,2022-02-23
8215,0,0,MU0133_20220223,Mula,0,1,2022-02-23
8216,0,0,MU0134_20220223,Mula,0,1,2022-02-23
8217,0,0,MU0135_20220223,Mula,0,1,2022-02-23
8218,0,0,MU0136_20220223,Mula,0,1,2022-02-23
8219,0,0,MU0137_20220223,Mula,0,1,2022-02-23
8220,0,0,MU0138_20220223,Mula,0,1,2022-02-23
8221,0,0,MU0139_20220223,Mula,0,1,2022-02-23
8222,0,0,MU0140_20220223,Mula,0,1,2022-02-23
8223,0,0,MU0141_20220223,Mula,0,1,2022-02-23
8224,0,0,MU0142_20220223,Mula,0,1,2022-02-23
8225,0,0,MU0143_20220223,Mula,0,1,2022-02-23
8226,0,0,MU0144_20220223,Mula,0,1,2022-02-23
8227,0,0,MU0145_20220223,Mula,0,1,2022-02-23
8228,0,0,MU0146_20220223,Mula,0,1,2022-02-23
8229,0,0,MU0147_20220223,Mula,0,1,2022-02-23
8230,0,0,MU0148_20220223,Mula,0,1,2022-02-23
8231,0,0,MU0149_20220223,Mula,0,1,2022-02-23
8232,0,0,MU0150_20220223,Mula,0,1,2022-02-23
8233,0,0,MU0151_20220223,Mula,0,2,2022-02-23
8234,0,0,MU0152_20220223,Mula,0,2,2022-02-23
8235,0,0,MU0153_20220223,Mula,0,2,2022-02-23
8236,0,0,MU0154_20220223,Mula,0,2,2022-02-23
8237,0,0,MU0155_20220223,Mula,0,2,2022-02-23
8238,0,0,MU0156_20220223,Mula,0,2,2022-02-23
8239,0,0,MU0157_20220223,Mula,0,2,2022-02-23
8240,0,0,MU0158_20220223,Mula,0,2,2022-02-23
8241,0,0,MU0159_20220223,Mula,0,2,2022-02-23
8242,0,0,MU0160_20220223,Mula,0,2,2022-02-23
8243,0,0,MU0161_20220223,Mula,0,2,2022-02-23
8244,0,0,MU0162_20220223,Mula,0,2,2022-02-23
8245,0,0,MU0163_20220223,Mula,0,2,2022-02-23
8246,0,0,MU0164_20220223,Mula,0,2,2022-02-23
8247,0,0,MU0165_20220223,Mula,0,2,2022-02-23
8248,0,0,MU0166_20220223,Mula,0,2,2022-02-23
8249,0,0,MU0167_20220223,Mula,0,2,2022-02-23
8250,0,0,MU0168_20220223,Mula,0,2,2022-02-23
8251,0,0,MU0169_20220223,Mula,0,2,2022-02-23
8252,0,0,MU0170_20220223,Mula,0,2,2022-02-23
8253,0,0,MU0171_20220223,Mula,0,2,2022-02-23
8254,0,0,MU0172_20220223,Mula,0,2,2022-02-23
8255,0,0,MU0173_20220223,Mula,0,2,2022-02-23
8256,0,0,MU0174_20220223,Mula,0,2,2022-02-23
8257,0,0,MU0175_20220223,Mula,0,2,2022-02-23
8258,0,0,MU0176_20220223,Mula,0,2,2022-02-23
8259,0,0,MU0177_20220223,Mula,0,2,2022-02-23
8260,0,0,MU0178_20220223,Mula,0,2,2022-02-23
8261,0,0,MU0179_20220223,Mula,0,2,2022-02-23
8262,0,0,MU0180_20220223,Mula,0,2,2022-02-23
8263,0,0,MU0181_20220223,Mula,0,2,2022-02-23
8264,0,0,MU0182_20220223,Mula,0,2,2022-02-23
8265,0,0,MU0183_20220223,Mula,0,2,2022-02-23
8266,0,0,MU0184_20220223,Mula,0,2,2022-02-23
8267,0,0,MU0185_20220223,Mula,0,2,2022-02-23
8268,0,0,MU0186_20220223,Mula,0,2,2022-02-23
8269,0,0,MU0187_20220223,Mula,0,2,2022-02-23
8270,0,0,MU0188_20220223,Mula,0,2,2022-02-23
8271,0,0,MU0189_20220223,Mula,0,2,2022-02-23
8272,0,0,MU0190_20220223,Mula,0,2,2022-02-23
8273,0,0,MU0191_20220223,Mula,0,2,2022-02-23
8274,0,0,MU0192_20220223,Mula,0,2,2022-02-23
8275,0,0,MU0193_20220223,Mula,0,2,2022-02-23
8276,0,0,MU0194_20220223,Mula,0,2,2022-02-23
8277,0,0,MU0195_20220223,Mula,0,2,2022-02-23
8278,0,0,MU0196_20220223,Mula,0,2,2022-02-23
8279,0,0,MU0197_20220223,Mula,0,2,2022-02-23
8280,0,0,MU0198_20220223,Mula,0,2,2022-02-23
8281,0,0,MU0199_20220223,Mula,0,2,2022-02-23
8282,0,0,MU0200_20220223,Mula,0,2,2022-02-23
8283,1,0,MU0001_20250420,Mula,1,3,2025-04-20
8284,1,1,MU0002_20250420,Mula,1,3,2025-04-20
8285,1,1,MU0003_20250420,Mula,1,3,2025-04-20
8286,1,1,MU0004_20250420,Mula,1,3,2025-04-20
8287,1,1,MU0005_20250420,Mula,1,3,2025-04-20
8288,1,1,MU0006_20250420,Mula,1,3,2025-04-20
8289,1,1,MU0007_20250420,Mula,1,3,2025-04-20
8290,1,1,MU0008_20250420,Mula,1,3,2025-04-20
8291,1,1,MU0009_20250420,Mula,1,3,2025-04-20
8292,1,1,MU0010_20250420,Mula,1,3,2025-04-20
8293,1,1,MU0011_20250420,Mula,1,3,2025-04-20
8294,1,1,MU0012_20250420,Mula,1,3,2025-04-20
8295,1,1,MU0013_20250420,Mula,1,3,2025-04-20
8296,1,1,MU0014_20250420,Mula,1,3,2025-04-20
8297,1,1,MU0015_20250420,Mula,1,3,2025-04-20
8298,1,1,MU0016_20250420,Mula,1,3,2025-04-20
8299,1,1,MU0017_20250420,Mula,1,3,2025-04-20
8300,1,1,MU0018_20250420,Mula,1,3,2025-04-20
8301,1,1,MU0019_20250420,Mula,1,3,2025-04-20
8302,1,1,MU0020_20250420,Mula,1,3,2025-04-20
8303,0,1,MU0021_20250420,Mula,0,1,2025-04-20
8304,0,0,MU0022_20250420,Mula,0,1,2025-04-20
8305,0,1,MU0023_20250420,Mula,0,1,2025-04-20
8306,0,1,MU0024_20250420,Mula,0,1,2025-04-20
8307,0,1,MU0025_20250420,Mula,0,1,2025-04-20
8308,1,1,MU0026_20250420,Mula,1,3,2025-04-20
8309,1,1,MU0027_20250420,Mula,1,3,2025-04-20
8310,1,1,MU0028_20250420,Mula,1,3,2025-04-20
8311,1,1,MU0029_20250420,Mula,1,3,2025-04-20
8312,1,1,MU0030_20250420,Mula,1,3,2025-04-20
8313,1,1,MU0031_20250420,Mula,1,3,2025-04-20
8314,0,1,MU0032_20250420,Mula,0,1,2025-04-20
8315,0,1,MU0033_20250420,Mula,0,1,2025-04-20
8316,0,0,MU0034_20250420,Mula,0,1,2025-04-20
8317,0,1,MU0035_20250420,Mula,0,1,2025-04-20
8318,1,1,MU0036_20250420,Mula,1,3,2025-04-20
8319,1,1,MU0037_20250420,Mula,1,3,2025-04-20
8320,1,1,MU0038_20250420,Mula,1,3,2025-04-20
8321,1,1,MU0039_20250420,Mula,1,3,2025-04-20
8322,1,1,MU0040_20250420,Mula,1,3,2025-04-20
8323,1,1,MU0041_20250420,Mula,1,3,2025-04-20
8324,1,1,MU0042_20250420,Mula,1,3,2025-04-20
8325,1,1,MU0043_20250420,Mula,1,3,2025-04-20
8326,1,1,MU0044_20250420,Mula,1,3,2025-04-20
8327,1,1,MU0045_20250420,Mula,1,3,2025-04-20
8328,1,1,MU0046_20250420,Mula,1,3,2025-04-20
8329,1,1,MU0047_20250420,Mula,1,3,2025-04-20
8330,1,1,MU0048_20250420,Mula,1,3,2025-04-20
8331,1,1,MU0049_20250420,Mula,1,3,2025-04-20
8332,1,1,MU0050_20250420,Mula,1,3,2025-04-20
8333,1,1,MU0051_20250420,Mula,1,3,2025-04-20
8334,1,1,MU0052_20250420,Mula,1,3,2025-04-20
8335,1,1,MU0053_20250420,Mula,1,3,2025-04-20
8336,1,1,MU0054_20250420,Mula,1,3,2025-04-20
8337,1,1,MU0055_20250420,Mula,1,3,2025-04-20
8338,1,1,MU0056_20250420,Mula,1,3,2025-04-20
8339,0,0,MU0057_20250420,Mula,0,1,2025-04-20
8340,0,0,MU0058_20250420,Mula,0,1,2025-04-20
8341,0,0,MU0059_20250420,Mula,0,2,2025-04-20
8342,0,0,MU0060_20250420,Mula,0,2,2025-04-20
8343,0,0,MU0061_20250420,Mula,0,2,2025-04-20
8344,0,0,MU0062_20250420,Mula,0,2,2025-04-20
8345,0,0,MU0063_20250420,Mula,0,2,2025-04-20
8346,0,0,MU0064_20250420,Mula,0,2,2025-04-20
8347,0,0,MU0065_20250420,Mula,0,2,2025-04-20
8348,0,0,MU0066_20250420,Mula,0,2,2025-04-20
8349,1,1,MU0067_20250420,Mula,1,3,2025-04-20
8350,1,1,MU0068_20250420,Mula,1,3,2025-04-20
8351,1,1,MU0069_20250420,Mula,1,3,2025-04-20
8352,0,0,MU0070_20250420,Mula,0,1,2025-04-20
8353,0,0,MU0071_20250420,Mula,0,1,2025-04-20
8354,1,1,MU0072_20250420,Mula,1,3,2025-04-20
8355,1,1,MU0073_20250420,Mula,1,3,2025-04-20
8356,1,1,MU0074_20250420,Mula,1,3,2025-04-20
8357,1,1,MU0075_20250420,Mula,1,3,2025-04-20
8358,1,1,MU0076_20250420,Mula,1,3,2025-04-20
8359,1,1,MU0077_20250420,Mula,1,3,2025-04-20
8360,0,0,MU0078_20250420,Mula,0,1,2025-04-20
8361,0,0,MU0079_20250420,Mula,0,1,2025-04-20
8362,1,1,MU0080_20250420,Mula,1,3,2025-04-20
8363,1,1,MU0081_20250420,Mula,1,3,2025-04-20
8364,1,0,MU0082_20250420,Mula,1,3,2025-04-20
8365,1,0,MU0083_20250420,Mula,1,3,2025-04-20
8366,1,1,MU0084_20250420,Mula,1,3,2025-04-20
8367,1,1,MU0085_20250420,Mula,1,3,2025-04-20
8368,1,1,MU0086_20250420,Mula,1,3,2025-04-20
8369,1,0,MU0087_20250420,Mula,1,3,2025-04-20
8370,1,1,MU0088_20250420,Mula,1,3,2025-04-20
8371,1,1,MU0089_20250420,Mula,1,3,2025-04-20
8372,1,0,MU0090_20250420,Mula,1,3,2025-04-20
8373,0,0,MU0091_20250420,Mula,0,1,2025-04-20
8374,0,0,MU0092_20250420,Mula,0,1,2025-04-20
8375,0,0,MU0093_20250420,Mula,0,1,2025-04-20
8376,0,0,MU0094_20250420,Mula,0,1,2025-04-20
8377,0,0,MU0095_20250420,Mula,0,1,2025-04-20
8378,1,1,MU0096_20250420,Mula,1,3,2025-04-20
8379,1,0,MU0097_20250420,Mula,1,3,2025-04-20
8380,1,0,MU0098_20250420,Mula,1,3,2025-04-20
8381,1,1,MU0099_20250420,Mula,1,3,2025-04-20
8382,1,1,MU0100_20250420,Mula,1,3,2025-04-20
8383,1,0,MU0101_20250420,Mula,1,3,2025-04-20
8384,1,1,MU0102_20250420,Mula,1,3,2025-04-20
8385,1,1,MU0103_20250420,Mula,1,3,2025-04-20
8386,1,1,MU0104_20250420,Mula,1,3,2025-04-20
8387,1,1,MU0105_20250420,Mula,1,3,2025-04-20
8388,0,0,MU0106_20250420,Mula,0,1,2025-04-20
8389,0,0,MU0107_20250420,Mula,0,1,2025-04-20
8390,0,0,MU0108_20250420,Mula,0,1,2025-04-20
8391,1,1,MU0109_20250420,Mula,1,3,2025-04-20
8392,1,0,MU0110_20250420,Mula,1,3,2025-04-20
8393,1,1,MU0111_20250420,Mula,1,3,2025-04-20
8394,1,1,MU0112_20250420,Mula,1,3,2025-04-20
8395,1,0,MU0113_20250420,Mula,1,3,2025-04-20
8396,1,1,MU0114_20250420,Mula,1,3,2025-04-20
8397,1,1,MU0115_20250420,Mula,1,3,2025-04-20
8398,1,1,MU0116_20250420,Mula,1,3,2025-04-20
8399,1,1,MU0117_20250420,Mula,1,3,2025-04-20
8400,0,1,MU0118_20250420,Mula,0,1,2025-04-20
8401,0,1,MU0119_20250420,Mula,0,1,2025-04-20
8402,0,0,MU0120_20250420,Mula,0,1,2025-04-20
8403,0,0,MU0121_20250420,Mula,0,1,2025-04-20
8404,0,0,MU0122_20250420,Mula,0,1,2025-04-20
8405,1,1,MU0123_20250420,Mula,1,3,2025-04-20
8406,1,1,MU0124_20250420,Mula,1,3,2025-04-20
8407,1,1,MU0125_20250420,Mula,1,3,2025-04-20
8408,1,1,MU0126_20250420,Mula,1,3,2025-04-20
8409,1,1,MU0127_20250420,Mula,1,3,2025-04-20
8410,1,1,MU0128_20250420,Mula,1,3,2025-04-20
8411,1,1,MU0129_20250420,Mula,1,3,2025-04-20
8412,1,1,MU0130_20250420,Mula,1,3,2025-04-20
8413,1,1,MU0131_20250420,Mula,1,3,2025-04-20
8414,1,1,MU0132_20250420,Mula,1,3,2025-04-20
8415,1,1,MU0133_20250420,Mula,1,3,2025-04-20
8416,1,1,MU0134_20250420,Mula,1,3,2025-04-20
8417,1,1,MU0135_20250420,Mula,1,3,2025-04-20
8418,1,1,MU0136_20250420,Mula,1,3,2025-04-20
8419,0,0,MU0137_20250420,Mula,0,1,2025-04-20
8420,0,0,MU0138_20250420,Mula,0,1,2025-04-20
8421,0,0,MU0139_20250420,Mula,0,1,2025-04-20
8422,0,0,MU0140_20250420,Mula,0,1,2025-04-20
8423,0,0,MU0141_20250420,Mula,0,1,2025-04-20
8424,0,0,MU0142_20250420,Mula,0,1,2025-04-20
8425,0,0,MU0143_20250420,Mula,0,1,2025-04-20
8426,0,0,MU0144_20250420,Mula,0,1,2025-04-20
8427,0,0,MU0145_20250420,Mula,0,1,2025-04-20
8428,0,0,MU0146_20250420,Mula,0,1,2025-04-20
8429,0,0,MU0147_20250420,Mula,0,1,2025-04-20
8430,0,0,MU0148_20250420,Mula,0,1,2025-04-20
8431,0,0,MU0149_20250420,Mula,0,1,2025-04-20
8432,0,0,MU0150_20250420,Mula,0,1,2025-04-20
8433,0,0,MU0151_20250420,Mula,0,1,2025-04-20
8434,0,0,MU0152_20250420,Mula,0,1,2025-04-20
8435,0,0,MU0153_20250420,Mula,0,1,2025-04-20
8436,0,0,MU0154_20250420,Mula,0,1,2025-04-20
8437,0,0,MU0155_20250420,Mula,0,1,2025-04-20
8438,0,0,MU0156_20250420,Mula,0,1,2025-04-20
8439,0,0,MU0157_20250420,Mula,0,1,2025-04-20
8440,0,0,MU0158_20250420,Mula,0,1,2025-04-20
8441,0,0,MU0159_20250420,Mula,0,2,2025-04-20
8442,0,0,MU0160_20250420,Mula,0,2,2025-04-20
8443,1,1,MU0161_20250420,Mula,1,3,2025-04-20
8444,1,1,MU0162_20250420,Mula,1,3,2025-04-20
8445,1,1,MU0163_20250420,Mula,1,3,2025-04-20
8446,1,1,MU0164_20250420,Mula,1,3,2025-04-20
8447,1,1,MU0165_20250420,Mula,1,3,2025-04-20
8448,1,1,MU0166_20250420,Mula,1,3,2025-04-20
8449,1,1,MU0167_20250420,Mula,1,3,2025-04-20
8450,1,1,MU0168_20250420,Mula,1,3,2025-04-20
8451,1,1,MU0169_20250420,Mula,1,3,2025-04-20
8452,1,1,MU0170_20250420,Mula,1,3,2025-04-20
8453,1,1,MU0171_20250420,Mula,1,3,2025-04-20
8454,1,1,MU0172_20250420,Mula,1,3,2025-04-20
8455,1,1,MU0173_20250420,Mula,1,3,2025-04-20
8456,1,1,MU0174_20250420,Mula,1,3,2025-04-20
8457,1,1,MU0175_20250420,Mula,1,3,2025-04-20
8458,1,1,MU0176_20250420,Mula,1,3,2025-04-20
8459,1,1,MU0177_20250420,Mula,1,3,2025-04-20
8460,1,1,MU0178_20250420,Mula,1,3,2025-04-20
8461,1,1,MU0179_20250420,Mula,1,3,2025-04-20
8462,0,0,MU0180_20250420,Mula,0,1,2025-04-20
8463,1,1,MU0181_20250420,Mula,1,3,2025-04-20
8464,1,1,MU0182_20250420,Mula,1,3,2025-04-20
8465,1,1,MU0183_20250420,Mula,1,3,2025-04-20
8466,1,1,MU0184_20250420,Mula,1,3,2025-04-20
8467,1,1,MU0185_20250420,Mula,1,3,2025-04-20
8468,1,1,MU0186_20250420,Mula,1,3,2025-04-20
8469,1,1,MU0187_20250420,Mula,1,3,2025-04-20
8470,1,1,MU0188_20250420,Mula,1,3,2025-04-20
8471,1,1,MU0189_20250420,Mula,1,3,2025-04-20
8472,1,1,MU0190_20250420,Mula,1,3,2025-04-20
8473,1,1,MU0191_20250420,Mula,1,3,2025-04-20
8474,1,1,MU0192_20250420,Mula,1,3,2025-04-20
8475,0,0,MU0193_20250420,Mula,0,1,2025-04-20
8476,1,1,MU0001_20251216,Mula,1,3,2025-12-16
8477,1,1,MU0002_20251216,Mula,1,3,2025-12-16
8478,1,0,MU0003_20251216,Mula,1,3,2025-12-16
8479,1,0,MU0004_20251216,Mula,1,3,2025-12-16
8480,0,0,MU0005_20251216,Mula,0,1,2025-12-16
8481,0,0,MU0006_20251216,Mula,0,1,2025-12-16
8482,0,0,MU0007_20251216,Mula,0,1,2025-12-16
8483,1,1,MU0008_20251216,Mula,1,3,2025-12-16
8484,1,1,MU0009_20251216,Mula,1,3,2025-12-16
8485,1,1,MU0010_20251216,Mula,1,3,2025-12-16
8486,1,1,MU0011_20251216,Mula,1,3,2025-12-16
8487,1,1,MU0012_20251216,Mula,1,3,2025-12-16
8488,1,1,MU0013_20251216,Mula,1,3,2025-12-16
8489,0,0,MU0014_20251216,Mula,0,1,2025-12-16
8490,0,0,MU0015_20251216,Mula,0,1,2025-12-16
8491,0,0,MU0016_20251216,Mula,0,1,2025-12-16
8492,0,1,MU0017_20251216,Mula,0,1,2025-12-16
8493,0,1,MU0018_20251216,Mula,0,1,2025-12-16
8494,0,0,MU0019_20251216,Mula,0,1,2025-12-16
8495,0,0,MU0020_20251216,Mula,0,1,2025-12-16
8496,0,0,MU0021_20251216,Mula,0,2,2025-12-16
8497,0,0,MU0022_20251216,Mula,0,2,2025-12-16
8498,0,0,MU0023_20251216,Mula,0,2,2025-12-16
8499,0,0,MU0024_20251216,Mula,0,2,2025-12-16
8500,0,0,MU0025_20251216,Mula,0,2,2025-12-16
8501,0,0,MU0026_20251216,Mula,0,2,2025-12-16
8502,0,0,MU0027_20251216,Mula,0,2,2025-12-16
8503,0,0,MU0028_20251216,Mula,0,2,2025-12-16
8504,0,0,MU0029_20251216,Mula,0,2,2025-12-16
8505,0,0,MU0030_20251216,Mula,0,2,2025-12-16
8506,1,1,MU0031_20251216,Mula,1,3,2025-12-16
8507,1,1,MU0032_20251216,Mula,1,3,2025-12-16
8508,1,1,MU0033_20251216,Mula,1,3,2025-12-16
8509,1,1,MU0034_20251216,Mula,1,3,2025-12-16
8510,1,1,MU0035_20251216,Mula,1,3,2025-12-16
8511,1,1,MU0036_20251216,Mula,1,3,2025-12-16
8512,1,1,MU0037_20251216,Mula,1,3,2025-12-16
8513,1,1,MU0038_20251216,Mula,1,3,2025-12-16
8514,1,1,MU0001_20250207,Mula,1,3,2025-02-07
8515,1,1,MU0002_20250207,Mula,1,3,2025-02-07
8516,1,0,MU0003_20250207,Mula,1,3,2025-02-07
8517,1,1,MU0004_20250207,Mula,1,3,2025-02-07
8518,1,1,MU0005_20250207,Mula,1,3,2025-02-07
8519,1,1,MU0006_20250207,Mula,1,3,2025-02-07
8520,0,1,MU0007_20250207,Mula,0,1,2025-02-07
8521,0,1,MU0008_20250207,Mula,0,1,2025-02-07
8522,0,1,MU0009_20250207,Mula,0,1,2025-02-07
8523,0,0,MU0010_20250207,Mula,0,1,2025-02-07
8524,0,0,MU0011_20250207,Mula,0,1,2025-02-07
8525,0,1,MU0012_20250207,Mula,0,1,2025-02-07
8526,0,1,MU0013_20250207,Mula,0,1,2025-02-07
8527,1,1,MU0014_20250207,Mula,1,3,2025-02-07
8528,1,1,MU0015_20250207,Mula,1,3,2025-02-07
8529,1,1,MU0016_20250207,Mula,1,3,2025-02-07
8530,1,1,MU0017_20250207,Mula,1,3,2025-02-07
8531,1,1,MU0018_20250207,Mula,1,3,2025-02-07
8532,1,1,MU0019_20250207,Mula,1,3,2025-02-07
8533,1,1,MU0020_20250207,Mula,1,3,2025-02-07
8534,1,1,MU0021_20250207,Mula,1,3,2025-02-07
8535,1,1,MU0022_20250207,Mula,1,3,2025-02-07
8536,1,1,MU0023_20250207,Mula,1,3,2025-02-07
8537,1,0,MU0024_20250207,Mula,1,3,2025-02-07
8538,1,0,MU0025_20250207,Mula,1,3,2025-02-07
8539,1,1,MU0026_20250207,Mula,1,3,2025-02-07
8540,1,0,MU0027_20250207,Mula,1,3,2025-02-07
8541,1,0,MU0028_20250207,Mula,1,3,2025-02-07
8542,1,1,MU0029_20250207,Mula,1,3,2025-02-07
8543,0,0,MU0030_20250207,Mula,0,1,2025-02-07
8544,0,0,MU0031_20250207,Mula,0,1,2025-02-07
8545,0,0,MU0032_20250207,Mula,0,1,2025-02-07
8546,0,0,MU0033_20250207,Mula,0,1,2025-02-07
8547,0,0,MU0034_20250207,Mula,0,1,2025-02-07
8548,0,1,MU0035_20250207,Mula,0,1,2025-02-07
8549,0,1,MU0036_20250207,Mula,0,1,2025-02-07
8550,0,1,MU0037_20250207,Mula,0,1,2025-02-07
8551,0,1,MU0038_20250207,Mula,0,1,2025-02-07
8552,0,1,MU0039_20250207,Mula,0,1,2025-02-07
8553,0,1,MU0040_20250207,Mula,0,1,2025-02-07
8554,0,0,MU0041_20250207,Mula,0,1,2025-02-07
8555,1,1,MU0042_20250207,Mula,1,3,2025-02-07
8556,1,1,MU0043_20250207,Mula,1,3,2025-02-07
8557,1,1,MU0044_20250207,Mula,1,3,2025-02-07
8558,1,1,MU0045_20250207,Mula,1,3,2025-02-07
8559,1,1,MU0046_20250207,Mula,1,3,2025-02-07
8560,1,1,MU0047_20250207,Mula,1,3,2025-02-07
8561,1,1,MU0048_20250207,Mula,1,3,2025-02-07
8562,1,1,MU0049_20250207,Mula,1,3,2025-02-07
8563,1,1,MU0050_20250207,Mula,1,3,2025-02-07
8564,1,1,MU0051_20250207,Mula,1,3,2025-02-07
8565,1,1,MU0052_20250207,Mula,1,3,2025-02-07
8566,0,1,MU0053_20250207,Mula,0,1,2025-02-07
8567,0,0,MU0054_20250207,Mula,0,1,2025-02-07
8568,1,0,MU0055_20250207,Mula,1,3,2025-02-07
8569,1,0,MU0056_20250207,Mula,1,3,2025-02-07
8570,1,0,MU0057_20250207,Mula,1,3,2025-02-07
8571,1,1,MU0058_20250207,Mula,1,3,2025-02-07
8572,0,0,MU0059_20250207,Mula,0,1,2025-02-07
8573,0,0,MU0060_20250207,Mula,0,1,2025-02-07
8574,0,0,MU0061_20250207,Mula,0,1,2025-02-07
8575,0,0,MU0062_20250207,Mula,0,1,2025-02-07
8576,1,1,MU0063_20250207,Mula,1,3,2025-02-07
8577,1,1,MU0064_20250207,Mula,1,3,2025-02-07
8578,1,0,MU0065_20250207,Mula,1,3,2025-02-07
8579,1,1,MU0066_20250207,Mula,1,3,2025-02-07
8580,1,1,MU0067_20250207,Mula,1,3,2025-02-07
8581,1,1,MU0068_20250207,Mula,1,3,2025-02-07
8582,1,1,MU0069_20250207,Mula,1,3,2025-02-07
8583,1,1,MU0070_20250207,Mula,1,3,2025-02-07
8584,1,1,MU0071_20250207,Mula,1,3,2025-02-07
8585,1,1,MU0072_20250207,Mula,1,3,2025-02-07
8586,1,0,MU0073_20250207,Mula,1,3,2025-02-07
8587,1,1,MU0074_20250207,Mula,1,3,2025-02-07
8588,1,1,MU0075_20250207,Mula,1,3,2025-02-07
8589,1,1,MU0076_20250207,Mula,1,3,2025-02-07
8590,1,1,MU0077_20250207,Mula,1,3,2025-02-07
8591,1,1,MU0078_20250207,Mula,1,3,2025-02-07
8592,1,1,MU0079_20250207,Mula,1,3,2025-02-07
8593,0,0,MU0080_20250207,Mula,0,1,2025-02-07
8594,0,0,MU0081_20250207,Mula,0,1,2025-02-07
8595,0,0,MU0082_20250207,Mula,0,1,2025-02-07
8596,0,0,MU0083_20250207,Mula,0,1,2025-02-07
8597,1,1,MU0084_20250207,Mula,1,3,2025-02-07
8598,1,1,MU0085_20250207,Mula,1,3,2025-02-07
8599,1,1,MU0086_20250207,Mula,1,3,2025-02-07
8600,0,0,MU0087_20250207,Mula,0,1,2025-02-07
8601,0,0,MU0088_20250207,Mula,0,1,2025-02-07
8602,1,1,MU0089_20250207,Mula,1,3,2025-02-07
8603,1,1,MU0090_20250207,Mula,1,3,2025-02-07
8604,1,1,MU0091_20250207,Mula,1,3,2025-02-07
8605,1,1,MU0092_20250207,Mula,1,3,2025-02-07
8606,1,1,MU0093_20250207,Mula,1,3,2025-02-07
8607,1,1,MU0094_20250207,Mula,1,3,2025-02-07
8608,1,1,MU0095_20250207,Mula,1,3,2025-02-07
8609,1,1,MU0096_20250207,Mula,1,3,2025-02-07
8610,1,1,MU0097_20250207,Mula,1,3,2025-02-07
8611,1,0,MU0098_20250207,Mula,1,3,2025-02-07
8612,1,0,MU0099_20250207,Mula,1,3,2025-02-07
8613,0,0,MU0100_20250207,Mula,0,1,2025-02-07
8614,0,0,MU0101_20250207,Mula,0,1,2025-02-07
8615,0,0,MU0102_20250207,Mula,0,1,2025-02-07
8616,0,0,MU0103_20250207,Mula,0,1,2025-02-07
8617,0,0,MU0105_20250207,Mula,0,1,2025-02-07
8618,1,0,MU0106_20250207,Mula,1,3,2025-02-07
8619,1,1,MU0107_20250207,Mula,1,3,2025-02-07
8620,1,0,MU0108_20250207,Mula,1,3,2025-02-07
8621,1,1,MU0109_20250207,Mula,1,3,2025-02-07
8622,1,1,MU0110_20250207,Mula,1,3,2025-02-07
8623,1,1,MU0111_20250207,Mula,1,3,2025-02-07
8624,0,0,MU0112_20250207,Mula,0,1,2025-02-07
8625,1,1,MU0113_20250207,Mula,1,3,2025-02-07
8626,1,1,MU0114_20250207,Mula,1,3,2025-02-07
8627,1,1,MU0115_20250207,Mula,1,3,2025-02-07
8628,1,1,MU0116_20250207,Mula,1,3,2025-02-07
8629,1,0,MU0117_20250207,Mula,1,3,2025-02-07
8630,1,1,MU0118_20250207,Mula,1,3,2025-02-07
8631,0,0,MU0119_20250207,Mula,0,1,2025-02-07
8632,0,0,MU0120_20250207,Mula,0,1,2025-02-07
8633,0,0,MU0121_20250207,Mula,0,1,2025-02-07
8634,0,0,MU0122_20250207,Mula,0,1,2025-02-07
8635,1,0,MU0123_20250207,Mula,1,3,2025-02-07
8636,1,0,MU0124_20250207,Mula,1,3,2025-02-07
8637,1,1,MU0125_20250207,Mula,1,3,2025-02-07
8638,1,1,MU0126_20250207,Mula,1,3,2025-02-07
8639,1,1,MU0127_20250207,Mula,1,3,2025-02-07
8640,1,1,MU0128_20250207,Mula,1,3,2025-02-07
8641,1,1,MU0129_20250207,Mula,1,3,2025-02-07
8642,1,0,MU0130_20250207,Mula,1,3,2025-02-07
8643,1,1,MU0131_20250207,Mula,1,3,2025-02-07
8644,1,1,MU0132_20250207,Mula,1,3,2025-02-07
8645,1,1,MU0133_20250207,Mula,1,3,2025-02-07
8646,1,1,MU0134_20250207,Mula,1,3,2025-02-07
8647,0,1,MU0135_20250207,Mula,0,1,2025-02-07
8648,0,1,MU0136_20250207,Mula,0,1,2025-02-07
8649,0,1,MU0137_20250207,Mula,0,1,2025-02-07
8650,0,0,MU0138_20250207,Mula,0,1,2025-02-07
8651,1,1,MU0139_20250207,Mula,1,3,2025-02-07
8652,1,1,MU0140_20250207,Mula,1,3,2025-02-07
8653,1,1,MU0141_20250207,Mula,1,3,2025-02-07
8654,1,1,MU0142_20250207,Mula,1,3,2025-02-07
8655,1,1,MU0143_20250207,Mula,1,3,2025-02-07
8656,1,1,MU0144_20250207,Mula,1,3,2025-02-07
8657,1,1,MU0145_20250207,Mula,1,3,2025-02-07
8658,1,1,MU0146_20250207,Mula,1,3,2025-02-07
8659,0,1,MU0147_20250207,Mula,0,1,2025-02-07
8660,0,1,MU0148_20250207,Mula,0,1,2025-02-07
8661,0,0,MU0149_20250207,Mula,0,1,2025-02-07
8662,0,0,MU0150_20250207,Mula,0,1,2025-02-07
8663,0,0,MU0151_20250207,Mula,0,1,2025-02-07
8664,0,0,MU0152_20250207,Mula,0,2,2025-02-07
8665,0,0,MU0153_20250207,Mula,0,2,2025-02-07
8666,0,0,MU0154_20250207,Mula,0,2,2025-02-07
8667,0,0,MU0155_20250207,Mula,0,2,2025-02-07
8668,0,0,MU0156_20250207,Mula,0,2,2025-02-07
8669,0,0,MU0157_20250207,Mula,0,2,2025-02-07
8670,0,0,MU0158_20250207,Mula,0,2,2025-02-07
8671,0,0,MU0159_20250207,Mula,0,2,2025-02-07
8672,0,0,MU0160_20250207,Mula,0,2,2025-02-07
8673,0,0,MU0161_20250207,Mula,0,2,2025-02-07
8674,0,0,MU0162_20250207,Mula,0,2,2025-02-07
8675,0,0,MU0163_20250207,Mula,0,2,2025-02-07
8676,0,0,MU0164_20250207,Mula,0,2,2025-02-07
8677,0,0,MU0165_20250207,Mula,0,2,2025-02-07
8678,0,0,MU0166_20250207,Mula,0,2,2025-02-07
8679,0,0,MU0167_20250207,Mula,0,2,2025-02-07
8680,1,0,MU0001_20240413,Mula,1,3,2024-04-13
8681,1,0,MU0002_20240413,Mula,1,3,2024-04-13
8682,1,0,MU0003_20240413,Mula,1,3,2024-04-13
8683,1,0,MU0004_20240413,Mula,1,3,2024-04-13
8684,1,1,MU0005_20240413,Mula,1,3,2024-04-13
8685,1,1,MU0006_20240413,Mula,1,3,2024-04-13
8686,1,1,MU0007_20240413,Mula,1,3,2024-04-13
8687,1,0,MU0008_20240413,Mula,1,3,2024-04-13
8688,1,0,MU0009_20240413,Mula,1,3,2024-04-13
8689,1,0,MU0010_20240413,Mula,1,3,2024-04-13
8690,1,0,MU0011_20240413,Mula,1,3,2024-04-13
8691,1,0,MU0012_20240413,Mula,1,3,2024-04-13
8692,1,1,MU0013_20240413,Mula,1,3,2024-04-13
8693,1,1,MU0014_20240413,Mula,1,3,2024-04-13
8694,1,0,MU0015_20240413,Mula,1,3,2024-04-13
8695,1,0,MU0016_20240413,Mula,1,3,2024-04-13
8696,1,1,MU0017_20240413,Mula,1,3,2024-04-13
8697,1,1,MU0018_20240413,Mula,1,3,2024-04-13
8698,1,1,MU0019_20240413,Mula,1,3,2024-04-13
8699,1,1,MU0020_20240413,Mula,1,3,2024-04-13
8700,1,1,MU0021_20240413,Mula,1,3,2024-04-13
8701,1,1,MU0022_20240413,Mula,1,3,2024-04-13
8702,1,1,MU0023_20240413,Mula,1,3,2024-04-13
8703,1,0,MU0024_20240413,Mula,1,3,2024-04-13
8704,1,1,MU0025_20240413,Mula,1,3,2024-04-13
8705,1,1,MU0026_20240413,Mula,1,3,2024-04-13
8706,1,1,MU0027_20240413,Mula,1,3,2024-04-13
8707,1,1,MU0028_20240413,Mula,1,3,2024-04-13
8708,1,0,MU0029_20240413,Mula,1,3,2024-04-13
8709,1,0,MU0030_20240413,Mula,1,3,2024-04-13
8710,1,1,MU0031_20240413,Mula,1,3,2024-04-13
8711,1,1,MU0032_20240413,Mula,1,3,2024-04-13
8712,1,1,MU0033_20240413,Mula,1,3,2024-04-13
8713,1,1,MU0034_20240413,Mula,1,3,2024-04-13
8714,1,1,MU0035_20240413,Mula,1,3,2024-04-13
8715,1,1,MU0036_20240413,Mula,1,3,2024-04-13
8716,1,0,MU0037_20240413,Mula,1,3,2024-04-13
8717,1,0,MU0038_20240413,Mula,1,3,2024-04-13
8718,1,1,MU0039_20240413,Mula,1,3,2024-04-13
8719,1,1,MU0040_20240413,Mula,1,3,2024-04-13
8720,1,1,MU0041_20240413,Mula,1,3,2024-04-13
8721,1,1,MU0042_20240413,Mula,1,3,2024-04-13
8722,0,1,MU0043_20240413,Mula,0,1,2024-04-13
8723,0,1,MU0044_20240413,Mula,0,1,2024-04-13
8724,0,0,MU0045_20240413,Mula,0,1,2024-04-13
8725,1,1,MU0046_20240413,Mula,1,3,2024-04-13
8726,1,0,MU0047_20240413,Mula,1,3,2024-04-13
8727,1,0,MU0048_20240413,Mula,1,3,2024-04-13
8728,1,1,MU0049_20240413,Mula,1,3,2024-04-13
8729,1,1,MU0050_20240413,Mula,1,3,2024-04-13
8730,1,1,MU0051_20240413,Mula,1,3,2024-04-13
8731,1,0,MU0052_20240413,Mula,1,3,2024-04-13
8732,1,1,MU0053_20240413,Mula,1,3,2024-04-13
8733,1,1,MU0054_20240413,Mula,1,3,2024-04-13
8734,1,1,MU0055_20240413,Mula,1,3,2024-04-13
8735,1,1,MU0056_20240413,Mula,1,3,2024-04-13
8736,1,1,MU0057_20240413,Mula,1,3,2024-04-13
8737,1,1,MU0058_20240413,Mula,1,3,2024-04-13
8738,1,1,MU0059_20240413,Mula,1,3,2024-04-13
8739,1,0,MU0060_20240413,Mula,1,3,2024-04-13
8740,1,1,MU0061_20240413,Mula,1,3,2024-04-13
8741,1,1,MU0062_20240413,Mula,1,3,2024-04-13
8742,1,0,MU0063_20240413,Mula,1,3,2024-04-13
8743,1,1,MU0064_20240413,Mula,1,3,2024-04-13
8744,1,1,MU0065_20240413,Mula,1,3,2024-04-13
8745,1,1,MU0066_20240413,Mula,1,3,2024-04-13
8746,1,1,MU0067_20240413,Mula,1,3,2024-04-13
8747,1,1,MU0068_20240413,Mula,1,3,2024-04-13
8748,1,1,MU0069_20240413,Mula,1,3,2024-04-13
8749,1,0,MU0070_20240413,Mula,1,3,2024-04-13
8750,1,1,MU0071_20240413,Mula,1,3,2024-04-13
8751,1,1,MU0072_20240413,Mula,1,3,2024-04-13
8752,1,1,MU0073_20240413,Mula,1,3,2024-04-13
8753,1,0,MU0074_20240413,Mula,1,3,2024-04-13
8754,1,1,MU0075_20240413,Mula,1,3,2024-04-13
8755,1,1,MU0076_20240413,Mula,1,3,2024-04-13
8756,1,1,MU0077_20240413,Mula,1,3,2024-04-13
8757,1,1,MU0078_20240413,Mula,1,3,2024-04-13
8758,1,1,MU0079_20240413,Mula,1,3,2024-04-13
8759,1,1,MU0080_20240413,Mula,1,3,2024-04-13
8760,1,1,MU0081_20240413,Mula,1,3,2024-04-13
8761,1,1,MU0082_20240413,Mula,1,3,2024-04-13
8762,1,1,MU0083_20240413,Mula,1,3,2024-04-13
8763,1,1,MU0084_20240413,Mula,1,3,2024-04-13
8764,1,1,MU0085_20240413,Mula,1,3,2024-04-13
8765,1,1,MU0086_20240413,Mula,1,3,2024-04-13
8766,1,1,MU0087_20240413,Mula,1,3,2024-04-13
8767,1,1,MU0088_20240413,Mula,1,3,2024-04-13
8768,1,1,MU0089_20240413,Mula,1,3,2024-04-13
8769,1,0,MU0090_20240413,Mula,1,3,2024-04-13
8770,1,1,MU0091_20240413,Mula,1,3,2024-04-13
8771,1,1,MU0092_20240413,Mula,1,3,2024-04-13
8772,1,1,MU0093_20240413,Mula,1,3,2024-04-13
8773,0,1,MU0094_20240413,Mula,0,1,2024-04-13
8774,0,0,MU0095_20240413,Mula,0,1,2024-04-13
8775,0,0,MU0096_20240413,Mula,0,1,2024-04-13
8776,0,0,MU0097_20240413,Mula,0,1,2024-04-13
8777,0,0,MU0098_20240413,Mula,0,1,2024-04-13
8778,1,1,MU0099_20240413,Mula,1,3,2024-04-13
8779,1,1,MU0100_20240413,Mula,1,3,2024-04-13
8780,1,1,MU0101_20240413,Mula,1,3,2024-04-13
8781,1,1,MU0102_20240413,Mula,1,3,2024-04-13
8782,1,1,MU0103_20240413,Mula,1,3,2024-04-13
8783,1,1,MU0104_20240413,Mula,1,3,2024-04-13
8784,0,1,MU0105_20240413,Mula,0,1,2024-04-13
8785,0,1,MU0106_20240413,Mula,0,1,2024-04-13
8786,0,0,MU0107_20240413,Mula,0,1,2024-04-13
8787,0,1,MU0108_20240413,Mula,0,1,2024-04-13
8788,0,0,MU0109_20240413,Mula,0,1,2024-04-13
8789,0,1,MU0110_20240413,Mula,0,1,2024-04-13
8790,1,1,MU0111_20240413,Mula,1,3,2024-04-13
8791,1,0,MU0112_20240413,Mula,1,3,2024-04-13
8792,1,1,MU0113_20240413,Mula,1,3,2024-04-13
8793,1,1,MU0114_20240413,Mula,1,3,2024-04-13
8794,1,1,MU0115_20240413,Mula,1,3,2024-04-13
8795,1,1,MU0116_20240413,Mula,1,3,2024-04-13
8796,1,1,MU0117_20240413,Mula,1,3,2024-04-13
8797,1,1,MU0118_20240413,Mula,1,3,2024-04-13
8798,1,1,MU0119_20240413,Mula,1,3,2024-04-13
8799,1,1,MU0120_20240413,Mula,1,3,2024-04-13
8800,1,1,MU0121_20240413,Mula,1,3,2024-04-13
8801,1,1,MU0122_20240413,Mula,1,3,2024-04-13
8802,1,1,MU0123_20240413,Mula,1,3,2024-04-13
8803,1,1,MU0124_20240413,Mula,1,3,2024-04-13
8804,1,1,MU0125_20240413,Mula,1,3,2024-04-13
8805,1,1,MU0126_20240413,Mula,1,3,2024-04-13
8806,1,1,MU0127_20240413,Mula,1,3,2024-04-13
8807,1,0,MU0128_20240413,Mula,1,3,2024-04-13
8808,1,1,MU0129_20240413,Mula,1,3,2024-04-13
8809,1,1,MU0130_20240413,Mula,1,3,2024-04-13
8810,1,1,MU0131_20240413,Mula,1,3,2024-04-13
8811,1,1,MU0132_20240413,Mula,1,3,2024-04-13
8812,1,1,MU0133_20240413,Mula,1,3,2024-04-13
8813,1,1,MU0134_20240413,Mula,1,3,2024-04-13
8814,0,0,MU0135_20240413,Mula,0,1,2024-04-13
8815,0,0,MU0136_20240413,Mula,0,1,2024-04-13
8816,0,0,MU0137_20240413,Mula,0,1,2024-04-13
8817,0,0,MU0138_20240413,Mula,0,1,2024-04-13
8818,0,0,MU0139_20240413,Mula,0,1,2024-04-13
8819,0,0,MU0140_20240413,Mula,0,1,2024-04-13
8820,0,0,MU0141_20240413,Mula,0,1,2024-04-13
8821,0,0,MU0142_20240413,Mula,0,1,2024-04-13
8822,0,0,MU0143_20240413,Mula,0,1,2024-04-13
8823,0,0,MU0144_20240413,Mula,0,1,2024-04-13
8824,0,0,MU0145_20240413,Mula,0,1,2024-04-13
8825,0,0,MU0146_20240413,Mula,0,1,2024-04-13
8826,0,0,MU0147_20240413,Mula,0,1,2024-04-13
8827,0,0,MU0148_20240413,Mula,0,1,2024-04-13
8828,0,0,MU0149_20240413,Mula,0,1,2024-04-13
8829,0,0,MU0150_20240413,Mula,0,1,2024-04-13
8830,0,0,MU0151_20240413,Mula,0,1,2024-04-13
8831,0,0,MU0152_20240413,Mula,0,1,2024-04-13
8832,0,0,MU0153_20240413,Mula,0,1,2024-04-13
8833,0,0,MU0154_20240413,Mula,0,1,2024-04-13
8834,0,0,MU0155_20240413,Mula,0,1,2024-04-13
8835,0,0,MU0156_20240413,Mula,0,1,2024-04-13
8836,0,0,MU0157_20240413,Mula,0,1,2024-04-13
8837,0,0,MU0158_20240413,Mula,0,1,2024-04-13
8838,0,0,MU0159_20240413,Mula,0,1,2024-04-13
8839,0,0,MU0160_20240413,Mula,0,1,2024-04-13
8840,0,0,MU0161_20240413,Mula,0,1,2024-04-13
8841,0,0,MU0162_20240413,Mula,0,1,2024-04-13
8842,0,0,MU0163_20240413,Mula,0,1,2024-04-13
8843,0,0,MU0164_20240413,Mula,0,1,2024-04-13
8844,0,1,MU0165_20240413,Mula,0,1,2024-04-13
8845,0,0,MU0166_20240413,Mula,0,1,2024-04-13
8846,0,0,MU0167_20240413,Mula,0,1,2024-04-13
8847,0,0,MU0168_20240413,Mula,0,1,2024-04-13
8848,0,0,MU0169_20240413,Mula,0,1,2024-04-13
8849,0,0,MU0170_20240413,Mula,0,1,2024-04-13
8850,0,0,MU0171_20240413,Mula,0,1,2024-04-13
8851,0,0,MU0172_20240413,Mula,0,1,2024-04-13
8852,0,0,MU0173_20240413,Mula,0,1,2024-04-13
8853,1,1,MU0174_20240413,Mula,1,3,2024-04-13
8854,1,1,MU0175_20240413,Mula,1,3,2024-04-13
8855,1,1,MU0176_20240413,Mula,1,3,2024-04-13
8856,1,1,MU0177_20240413,Mula,1,3,2024-04-13
8857,1,1,MU0178_20240413,Mula,1,3,2024-04-13
8858,1,1,MU0179_20240413,Mula,1,3,2024-04-13
8859,1,1,MU0180_20240413,Mula,1,3,2024-04-13
8860,1,1,MU0181_20240413,Mula,1,3,2024-04-13
8861,1,1,MU0182_20240413,Mula,1,3,2024-04-13
8862,1,1,MU0183_20240413,Mula,1,3,2024-04-13
8863,1,1,MU0184_20240413,Mula,1,3,2024-04-13
8864,1,1,MU0185_20240413,Mula,1,3,2024-04-13
8865,1,1,MU0186_20240413,Mula,1,3,2024-04-13
8866,1,1,MU0187_20240413,Mula,1,3,2024-04-13
8867,1,1,MU0188_20240413,Mula,1,3,2024-04-13
8868,1,1,MU0189_20240413,Mula,1,3,2024-04-13
8869,1,1,MU0190_20240413,Mula,1,3,2024-04-13
8870,1,1,MU0191_20240413,Mula,1,3,2024-04-13
8871,1,1,MU0192_20240413,Mula,1,3,2024-04-13
8872,1,0,MU0193_20240413,Mula,1,3,2024-04-13
8873,1,1,MU0194_20240413,Mula,1,3,2024-04-13
8874,1,1,MU0195_20240413,Mula,1,3,2024-04-13
8875,1,1,MU0196_20240413,Mula,1,3,2024-04-13
8876,1,1,MU0197_20240413,Mula,1,3,2024-04-13
8877,1,1,MU0198_20240413,Mula,1,3,2024-04-13
8878,0,0,MU0199_20240413,Mula,0,1,2024-04-13
8879,0,0,MU0200_20240413,Mula,0,1,2024-04-13
8880,0,0,MU0201_20240413,Mula,0,1,2024-04-13
8881,0,0,MU0202_20240413,Mula,0,1,2024-04-13
8882,0,0,MU0203_20240413,Mula,0,1,2024-04-13
8883,0,0,MU0204_20240413,Mula,0,1,2024-04-13
8884,0,0,MU0205_20240413,Mula,0,1,2024-04-13
8885,0,0,MU0206_20240413,Mula,0,1,2024-04-13
8886,0,0,MU0207_20240413,Mula,0,1,2024-04-13
8887,0,0,MU0208_20240413,Mula,0,1,2024-04-13
8888,0,1,MU0209_20240413,Mula,0,1,2024-04-13
8889,0,1,MU0210_20240413,Mula,0,1,2024-04-13
8890,0,0,MU0211_20240413,Mula,0,1,2024-04-13
8891,1,1,MU0212_20240413,Mula,1,3,2024-04-13
8892,1,1,MU0213_20240413,Mula,1,3,2024-04-13
8893,1,1,MU0214_20240413,Mula,1,3,2024-04-13
8894,1,1,MU0215_20240413,Mula,1,3,2024-04-13
8895,1,1,MU0216_20240413,Mula,1,3,2024-04-13
8896,0,0,MU0217_20240413,Mula,0,1,2024-04-13
8897,0,0,MU0218_20240413,Mula,0,1,2024-04-13
8898,0,0,MU0219_20240413,Mula,0,1,2024-04-13
8899,0,0,MU0220_20240413,Mula,0,1,2024-04-13
8900,0,0,MU0221_20240413,Mula,0,1,2024-04-13
8901,0,0,MU0222_20240413,Mula,0,1,2024-04-13
8902,0,0,MU0223_20240413,Mula,0,1,2024-04-13
8903,0,0,MU0224_20240413,Mula,0,1,2024-04-13
8904,0,0,MU0225_20240413,Mula,0,1,2024-04-13
8905,0,0,MU0226_20240413,Mula,0,2,2024-04-13
8906,0,0,MU0227_20240413,Mula,0,2,2024-04-13
8907,0,0,MU0228_20240413,Mula,0,2,2024-04-13
8908,0,0,MU0229_20240413,Mula,0,2,2024-04-13
8909,0,0,MU0230_20240413,Mula,0,2,2024-04-13
8910,0,0,MU0231_20240413,Mula,0,2,2024-04-13
8911,0,0,MU0232_20240413,Mula,0,2,2024-04-13
8912,0,0,MU0233_20240413,Mula,0,2,2024-04-13
8913,0,0,MU0234_20240413,Mula,0,2,2024-04-13
8914,0,0,MU0235_20240413,Mula,0,2,2024-04-13
8915,0,0,MU0236_20240413,Mula,0,2,2024-04-13
8916,0,0,MU0237_20240413,Mula,0,2,2024-04-13
8917,0,0,MU0238_20240413,Mula,0,2,2024-04-13
8918,0,0,MU0239_20240413,Mula,0,2,2024-04-13
8919,0,0,MU0240_20240413,Mula,0,2,2024-04-13
8920,0,0,MU0241_20240413,Mula,0,2,2024-04-13
8921,0,0,MU0242_20240413,Mula,0,2,2024-04-13
8922,0,0,MU0243_20240413,Mula,0,2,2024-04-13
8923,0,0,MU0244_20240413,Mula,0,2,2024-04-13
8924,0,0,MU0245_20240413,Mula,0,2,2024-04-13
8925,0,0,MU0246_20240413,Mula,0,2,2024-04-13
8926,0,0,MU0247_20240413,Mula,0,2,2024-04-13
8927,0,0,MU0248_20240413,Mula,0,2,2024-04-13
8928,0,0,MU0249_20240413,Mula,0,2,2024-04-13
8929,0,0,MU0250_20240413,Mula,0,2,2024-04-13
8930,0,0,MU0251_20240413,Mula,0,2,2024-04-13
8931,0,0,MU0252_20240413,Mula,0,2,2024-04-13
8932,0,0,MU0253_20240413,Mula,0,2,2024-04-13
8933,0,0,MU0254_20240413,Mula,0,2,2024-04-13
8934,0,0,MU0255_20240413,Mula,0,2,2024-04-13
8935,0,0,MU0256_20240413,Mula,0,2,2024-04-13
8936,0,0,MU0257_20240413,Mula,0,2,2024-04-13
8937,0,0,MU0258_20240413,Mula,0,2,2024-04-13
8938,0,0,MU0259_20240413,Mula,0,2,2024-04-13
8939,0,0,MU0260_20240413,Mula,0,2,2024-04-13
8940,0,0,MU0261_20240413,Mula,0,2,2024-04-13
8941,0,0,MU0262_20240413,Mula,0,2,2024-04-13
8942,0,0,MU0263_20240413,Mula,0,2,2024-04-13
8943,0,0,MU0264_20240413,Mula,0,2,2024-04-13
8944,0,0,MU0265_20240413,Mula,0,2,2024-04-13
8945,0,0,MU0266_20240413,Mula,0,2,2024-04-13
8946,0,0,MU0267_20240413,Mula,0,2,2024-04-13
8947,0,0,MU0268_20240413,Mula,0,2,2024-04-13
8948,0,0,MU0269_20240413,Mula,0,2,2024-04-13
8949,0,0,MU0270_20240413,Mula,0,2,2024-04-13
8950,0,0,MU0271_20240413,Mula,0,2,2024-04-13
8951,0,0,MU0272_20240413,Mula,0,2,2024-04-13
8952,0,0,MU0273_20240413,Mula,0,2,2024-04-13
8953,0,0,MU0274_20240413,Mula,0,2,2024-04-13
8954,0,0,MU0275_20240413,Mula,0,2,2024-04-13
8955,0,0,MU0276_20240413,Mula,0,2,2024-04-13
8956,0,0,MU0277_20240413,Mula,0,2,2024-04-13
8957,0,0,MU0278_20240413,Mula,0,2,2024-04-13
8958,0,0,MU0279_20240413,Mula,0,2,2024-04-13
8959,0,0,MU0280_20240413,Mula,0,2,2024-04-13
8960,0,0,MU0281_20240413,Mula,0,2,2024-04-13
8961,0,0,MU0282_20240413,Mula,0,2,2024-04-13
8962,0,0,MU0283_20240413,Mula,0,2,2024-04-13
8963,0,0,MU0284_20240413,Mula,0,2,2024-04-13
8964,0,0,MU0285_20240413,Mula,0,2,2024-04-13
8965,1,1,MU0001_20230218,Mula,1,3,2023-02-18
8966,1,1,MU0002_20230218,Mula,1,3,2023-02-18
8967,1,1,MU0003_20230218,Mula,1,3,2023-02-18
8968,1,1,MU0004_20230218,Mula,1,3,2023-02-18
8969,1,1,MU0005_20230218,Mula,1,3,2023-02-18
8970,1,1,MU0006_20230218,Mula,1,3,2023-02-18
8971,1,1,MU0007_20230218,Mula,1,3,2023-02-18
8972,1,1,MU0008_20230218,Mula,1,3,2023-02-18
8973,1,1,MU0009_20230218,Mula,1,3,2023-02-18
8974,1,1,MU0010_20230218,Mula,1,3,2023-02-18
8975,1,1,MU0011_20230218,Mula,1,3,2023-02-18
8976,1,1,MU0012_20230218,Mula,1,3,2023-02-18
8977,0,0,MU0013_20230218,Mula,0,1,2023-02-18
8978,0,0,MU0014_20230218,Mula,0,1,2023-02-18
8979,0,0,MU0015_20230218,Mula,0,1,2023-02-18
8980,0,0,MU0016_20230218,Mula,0,1,2023-02-18
8981,0,0,MU0017_20230218,Mula,0,1,2023-02-18
8982,0,1,MU0018_20230218,Mula,0,1,2023-02-18
8983,0,1,MU0019_20230218,Mula,0,1,2023-02-18
8984,0,1,MU0020_20230218,Mula,0,1,2023-02-18
8985,0,0,MU0021_20230218,Mula,0,1,2023-02-18
8986,0,0,MU0022_20230218,Mula,0,1,2023-02-18
8987,0,0,MU0023_20230218,Mula,0,1,2023-02-18
8988,0,0,MU0024_20230218,Mula,0,1,2023-02-18
8989,1,1,MU0025_20230218,Mula,1,3,2023-02-18
8990,1,1,MU0026_20230218,Mula,1,3,2023-02-18
8991,0,1,MU0027_20230218,Mula,0,1,2023-02-18
8992,1,1,MU0028_20230218,Mula,1,3,2023-02-18
8993,1,1,MU0029_20230218,Mula,1,3,2023-02-18
8994,1,1,MU0030_20230218,Mula,1,3,2023-02-18
8995,1,1,MU0031_20230218,Mula,1,3,2023-02-18
8996,1,1,MU0032_20230218,Mula,1,3,2023-02-18
8997,1,1,MU0033_20230218,Mula,1,3,2023-02-18
8998,1,1,MU0034_20230218,Mula,1,3,2023-02-18
8999,0,1,MU0035_20230218,Mula,0,1,2023-02-18
9000,0,1,MU0036_20230218,Mula,0,1,2023-02-18
9001,0,1,MU0037_20230218,Mula,0,1,2023-02-18
9002,1,1,MU0038_20230218,Mula,1,3,2023-02-18
9003,1,1,MU0039_20230218,Mula,1,3,2023-02-18
9004,1,1,MU0040_20230218,Mula,1,3,2023-02-18
9005,1,1,MU0041_20230218,Mula,1,3,2023-02-18
9006,1,1,MU0042_20230218,Mula,1,3,2023-02-18
9007,1,1,MU0043_20230218,Mula,1,3,2023-02-18
9008,0,0,MU0044_20230218,Mula,0,1,2023-02-18
9009,0,1,MU0045_20230218,Mula,0,1,2023-02-18
9010,0,0,MU0046_20230218,Mula,0,1,2023-02-18
9011,0,0,MU0047_20230218,Mula,0,1,2023-02-18
9012,1,1,MU0048_20230218,Mula,1,3,2023-02-18
9013,1,1,MU0049_20230218,Mula,1,3,2023-02-18
9014,1,1,MU0050_20230218,Mula,1,3,2023-02-18
9015,1,0,MU0051_20230218,Mula,1,3,2023-02-18
9016,1,1,MU0052_20230218,Mula,1,3,2023-02-18
9017,1,1,MU0053_20230218,Mula,1,3,2023-02-18
9018,1,1,MU0054_20230218,Mula,1,3,2023-02-18
9019,1,1,MU0055_20230218,Mula,1,3,2023-02-18
9020,0,1,MU0056_20230218,Mula,0,1,2023-02-18
9021,0,0,MU0057_20230218,Mula,0,1,2023-02-18
9022,0,0,MU0058_20230218,Mula,0,1,2023-02-18
9023,0,1,MU0059_20230218,Mula,0,1,2023-02-18
9024,1,1,MU0060_20230218,Mula,1,3,2023-02-18
9025,1,1,MU0061_20230218,Mula,1,3,2023-02-18
9026,1,1,MU0062_20230218,Mula,1,3,2023-02-18
9027,1,1,MU0063_20230218,Mula,1,3,2023-02-18
9028,1,1,MU0064_20230218,Mula,1,3,2023-02-18
9029,1,1,MU0065_20230218,Mula,1,3,2023-02-18
9030,1,1,MU0066_20230218,Mula,1,3,2023-02-18
9031,1,1,MU0067_20230218,Mula,1,3,2023-02-18
9032,0,0,MU0068_20230218,Mula,0,1,2023-02-18
9033,0,0,MU0069_20230218,Mula,0,1,2023-02-18
9034,0,0,MU0070_20230218,Mula,0,1,2023-02-18
9035,0,0,MU0071_20230218,Mula,0,1,2023-02-18
9036,0,0,MU0072_20230218,Mula,0,1,2023-02-18
9037,0,1,MU0073_20230218,Mula,0,1,2023-02-18
9038,0,0,MU0074_20230218,Mula,0,1,2023-02-18
9039,0,0,MU0075_20230218,Mula,0,1,2023-02-18
9040,0,0,MU0076_20230218,Mula,0,1,2023-02-18
9041,0,0,MU0077_20230218,Mula,0,1,2023-02-18
9042,0,0,MU0078_20230218,Mula,0,1,2023-02-18
9043,1,1,MU0079_20230218,Mula,1,3,2023-02-18
9044,1,1,MU0080_20230218,Mula,1,3,2023-02-18
9045,1,1,MU0081_20230218,Mula,1,3,2023-02-18
9046,1,1,MU0082_20230218,Mula,1,3,2023-02-18
9047,1,1,MU0083_20230218,Mula,1,3,2023-02-18
9048,1,1,MU0084_20230218,Mula,1,3,2023-02-18
9049,1,1,MU0085_20230218,Mula,1,3,2023-02-18
9050,1,1,MU0086_20230218,Mula,1,3,2023-02-18
9051,1,1,MU0087_20230218,Mula,1,3,2023-02-18
9052,1,1,MU0088_20230218,Mula,1,3,2023-02-18
9053,1,1,MU0089_20230218,Mula,1,3,2023-02-18
9054,1,1,MU0090_20230218,Mula,1,3,2023-02-18
9055,1,1,MU0091_20230218,Mula,1,3,2023-02-18
9056,1,1,MU0092_20230218,Mula,1,3,2023-02-18
9057,1,1,MU0093_20230218,Mula,1,3,2023-02-18
9058,1,1,MU0094_20230218,Mula,1,3,2023-02-18
9059,0,0,MU0095_20230218,Mula,0,1,2023-02-18
9060,0,0,MU0096_20230218,Mula,0,1,2023-02-18
9061,0,0,MU0097_20230218,Mula,0,1,2023-02-18
9062,1,1,MU0098_20230218,Mula,1,3,2023-02-18
9063,1,1,MU0099_20230218,Mula,1,3,2023-02-18
9064,1,1,MU0100_20230218,Mula,1,3,2023-02-18
9065,1,0,MU0101_20230218,Mula,1,3,2023-02-18
9066,1,1,MU0102_20230218,Mula,1,3,2023-02-18
9067,1,1,MU0103_20230218,Mula,1,3,2023-02-18
9068,1,1,MU0104_20230218,Mula,1,3,2023-02-18
9069,1,1,MU0105_20230218,Mula,1,3,2023-02-18
9070,1,1,MU0106_20230218,Mula,1,3,2023-02-18
9071,1,1,MU0107_20230218,Mula,1,3,2023-02-18
9072,1,1,MU0108_20230218,Mula,1,3,2023-02-18
9073,1,1,MU0109_20230218,Mula,1,3,2023-02-18
9074,1,1,MU0110_20230218,Mula,1,3,2023-02-18
9075,1,1,MU0111_20230218,Mula,1,3,2023-02-18
9076,1,1,MU0112_20230218,Mula,1,3,2023-02-18
9077,1,1,MU0113_20230218,Mula,1,3,2023-02-18
9078,1,1,MU0114_20230218,Mula,1,3,2023-02-18
9079,1,1,MU0115_20230218,Mula,1,3,2023-02-18
9080,1,1,MU0116_20230218,Mula,1,3,2023-02-18
9081,1,1,MU0117_20230218,Mula,1,3,2023-02-18
9082,1,1,MU0118_20230218,Mula,1,3,2023-02-18
9083,0,1,MU0119_20230218,Mula,0,1,2023-02-18
9084,0,0,MU0120_20230218,Mula,0,1,2023-02-18
9085,0,0,MU0121_20230218,Mula,0,1,2023-02-18
9086,0,0,MU0122_20230218,Mula,0,1,2023-02-18
9087,0,0,MU0123_20230218,Mula,0,1,2023-02-18
9088,0,0,MU0124_20230218,Mula,0,1,2023-02-18
9089,0,0,MU0125_20230218,Mula,0,1,2023-02-18
9090,0,0,MU0126_20230218,Mula,0,1,2023-02-18
9091,1,1,MU0127_20230218,Mula,1,3,2023-02-18
9092,1,1,MU0128_20230218,Mula,1,3,2023-02-18
9093,1,1,MU0129_20230218,Mula,1,3,2023-02-18
9094,1,1,MU0130_20230218,Mula,1,3,2023-02-18
9095,0,1,MU0131_20230218,Mula,0,1,2023-02-18
9096,0,1,MU0132_20230218,Mula,0,1,2023-02-18
9097,0,1,MU0133_20230218,Mula,0,1,2023-02-18
9098,0,1,MU0134_20230218,Mula,0,1,2023-02-18
9099,0,0,MU0135_20230218,Mula,0,1,2023-02-18
9100,0,0,MU0136_20230218,Mula,0,1,2023-02-18
9101,0,1,MU0137_20230218,Mula,0,1,2023-02-18
9102,0,1,MU0138_20230218,Mula,0,1,2023-02-18
9103,0,1,MU0139_20230218,Mula,0,1,2023-02-18
9104,1,1,MU0140_20230218,Mula,1,3,2023-02-18
9105,1,1,MU0141_20230218,Mula,1,3,2023-02-18
9106,1,0,MU0142_20230218,Mula,1,3,2023-02-18
9107,1,1,MU0143_20230218,Mula,1,3,2023-02-18
9108,1,1,MU0144_20230218,Mula,1,3,2023-02-18
9109,1,1,MU0145_20230218,Mula,1,3,2023-02-18
9110,1,1,MU0146_20230218,Mula,1,3,2023-02-18
9111,1,1,MU0147_20230218,Mula,1,3,2023-02-18
9112,1,0,MU0148_20230218,Mula,1,3,2023-02-18
9113,1,1,MU0149_20230218,Mula,1,3,2023-02-18
9114,1,1,MU0150_20230218,Mula,1,3,2023-02-18
9115,1,1,MU0151_20230218,Mula,1,3,2023-02-18
9116,1,1,MU0152_20230218,Mula,1,3,2023-02-18
9117,1,0,MU0153_20230218,Mula,1,3,2023-02-18
9118,1,1,MU0154_20230218,Mula,1,3,2023-02-18
9119,1,0,MU0155_20230218,Mula,1,3,2023-02-18
9120,0,0,MU0156_20230218,Mula,0,1,2023-02-18
9121,0,0,MU0157_20230218,Mula,0,1,2023-02-18
9122,0,0,MU0159_20230218,Mula,0,1,2023-02-18
9123,0,0,MU0160_20230218,Mula,0,1,2023-02-18
9124,0,0,MU0161_20230218,Mula,0,1,2023-02-18
9125,0,0,MU0162_20230218,Mula,0,1,2023-02-18
9126,0,0,MU0163_20230218,Mula,0,1,2023-02-18
9127,0,0,MU0164_20230218,Mula,0,1,2023-02-18
9128,0,0,MU0165_20230218,Mula,0,1,2023-02-18
9129,0,0,MU0166_20230218,Mula,0,1,2023-02-18
9130,0,0,MU0167_20230218,Mula,0,2,2023-02-18
9131,0,0,MU0168_20230218,Mula,0,2,2023-02-18
9132,0,0,MU0169_20230218,Mula,0,2,2023-02-18
9133,0,0,MU0170_20230218,Mula,0,2,2023-02-18
9134,0,0,MU0171_20230218,Mula,0,2,2023-02-18
9135,0,0,MU0172_20230218,Mula,0,2,2023-02-18
9136,0,0,MU0173_20230218,Mula,0,2,2023-02-18
9137,0,0,MU0174_20230218,Mula,0,2,2023-02-18
9138,0,0,MU0175_20230218,Mula,0,2,2023-02-18
9139,0,0,MU0176_20230218,Mula,0,2,2023-02-18
9140,0,0,MU0177_20230218,Mula,0,2,2023-02-18
9141,0,0,MU0178_20230218,Mula,0,2,2023-02-18
9142,0,0,MU0179_20230218,Mula,0,2,2023-02-18
9143,0,0,MU0180_20230218,Mula,0,2,2023-02-18
9144,0,0,MU0181_20230218,Mula,0,2,2023-02-18
9145,0,0,MU0182_20230218,Mula,0,2,2023-02-18
9146,0,0,MU0183_20230218,Mula,0,2,2023-02-18
9147,0,0,MU0184_20230218,Mula,0,2,2023-02-18
9148,0,0,MU0185_20230218,Mula,0,2,2023-02-18
9149,0,0,MU0186_20230218,Mula,0,2,2023-02-18
9150,0,0,MU0187_20230218,Mula,0,2,2023-02-18
9151,0,0,MU0188_20230218,Mula,0,2,2023-02-18
9152,0,0,MU0189_20230218,Mula,0,2,2023-02-18
9153,0,0,MU0190_20230218,Mula,0,2,2023-02-18
9154,0,0,MU0191_20230218,Mula,0,2,2023-02-18
9155,0,0,MU0192_20230218,Mula,0,2,2023-02-18
9156,0,0,MU0193_20230218,Mula,0,2,2023-02-18
9157,0,0,MU0194_20230218,Mula,0,2,2023-02-18
9158,0,0,MU0195_20230218,Mula,0,2,2023-02-18
9159,0,0,MU0196_20230218,Mula,0,2,2023-02-18
9160,0,0,MU0197_20230218,Mula,0,2,2023-02-18
9161,0,0,MU0198_20230218,Mula,0,2,2023-02-18
9162,0,0,MU0199_20230218,Mula,0,2,2023-02-18
9163,0,0,MU0200_20230218,Mula,0,2,2023-02-18
9164,0,0,MU0201_20230218,Mula,0,2,2023-02-18
9165,1,1,MU0001_20221220,Mula,1,3,2022-12-20
9166,1,1,MU0002_20221220,Mula,1,3,2022-12-20
9167,1,1,MU0003_20221220,Mula,1,3,2022-12-20
9168,1,1,MU0004_20221220,Mula,1,3,2022-12-20
9169,1,1,MU0005_20221220,Mula,1,3,2022-12-20
9170,1,1,MU0006_20221220,Mula,1,3,2022-12-20
9171,1,0,MU0007_20221220,Mula,1,3,2022-12-20
9172,1,1,MU0008_20221220,Mula,1,3,2022-12-20
9173,1,0,MU0009_20221220,Mula,1,3,2022-12-20
9174,1,0,MU0010_20221220,Mula,1,3,2022-12-20
9175,1,0,MU0011_20221220,Mula,1,3,2022-12-20
9176,1,1,MU0012_20221220,Mula,1,3,2022-12-20
9177,1,0,MU0013_20221220,Mula,1,3,2022-12-20
9178,1,1,MU0014_20221220,Mula,1,3,2022-12-20
9179,1,1,MU0015_20221220,Mula,1,3,2022-12-20
9180,1,1,MU0016_20221220,Mula,1,3,2022-12-20
9181,1,1,MU0017_20221220,Mula,1,3,2022-12-20
9182,1,1,MU0018_20221220,Mula,1,3,2022-12-20
9183,1,1,MU0019_20221220,Mula,1,3,2022-12-20
9184,1,1,MU0020_20221220,Mula,1,3,2022-12-20
9185,1,0,MU0021_20221220,Mula,1,3,2022-12-20
9186,1,1,MU0022_20221220,Mula,1,3,2022-12-20
9187,1,0,MU0023_20221220,Mula,1,3,2022-12-20
9188,1,1,MU0024_20221220,Mula,1,3,2022-12-20
9189,1,1,MU0025_20221220,Mula,1,3,2022-12-20
9190,0,0,MU0026_20221220,Mula,0,2,2022-12-20
9191,0,0,MU0027_20221220,Mula,0,2,2022-12-20
9192,0,0,MU0028_20221220,Mula,0,2,2022-12-20
9193,0,0,MU0029_20221220,Mula,0,2,2022-12-20
9194,0,0,MU0030_20221220,Mula,0,2,2022-12-20
9195,0,0,MU0031_20221220,Mula,0,2,2022-12-20
9196,0,0,MU0032_20221220,Mula,0,2,2022-12-20
9197,0,0,MU0033_20221220,Mula,0,2,2022-12-20
9198,0,0,MU0034_20221220,Mula,0,2,2022-12-20
9199,0,0,MU0035_20221220,Mula,0,2,2022-12-20
9200,0,0,MU0036_20221220,Mula,0,1,2022-12-20
9201,0,1,MU0037_20221220,Mula,0,1,2022-12-20
9202,0,0,MU0038_20221220,Mula,0,1,2022-12-20
9203,0,0,MU0039_20221220,Mula,0,1,2022-12-20
9204,0,0,MU0040_20221220,Mula,0,1,2022-12-20
9205,0,0,MU0041_20221220,Mula,0,1,2022-12-20
9206,0,0,MU0042_20221220,Mula,0,1,2022-12-20
9207,0,0,MU0043_20221220,Mula,0,1,2022-12-20
9208,0,0,MU0044_20221220,Mula,0,1,2022-12-20
9209,0,0,MU0045_20221220,Mula,0,1,2022-12-20
9210,0,0,MU0046_20221220,Mula,0,1,2022-12-20
9211,0,0,MU0047_20221220,Mula,0,1,2022-12-20
9212,0,0,MU0048_20221220,Mula,0,1,2022-12-20
9213,0,0,MU0049_20221220,Mula,0,1,2022-12-20
9214,0,0,MU0050_20221220,Mula,0,1,2022-12-20
9215,1,1,MU0001_20230524,Mula,1,3,2023-05-24
9216,1,1,MU0002_20230524,Mula,1,3,2023-05-24
9217,1,1,MU0003_20230524,Mula,1,3,2023-05-24
9218,1,1,MU0004_20230524,Mula,1,3,2023-05-24
9219,1,1,MU0005_20230524,Mula,1,3,2023-05-24
9220,1,1,MU0006_20230524,Mula,1,3,2023-05-24
9221,1,1,MU0007_20230524,Mula,1,3,2023-05-24
9222,1,1,MU0008_20230524,Mula,1,3,2023-05-24
9223,1,1,MU0009_20230524,Mula,1,3,2023-05-24
9224,1,1,MU0010_20230524,Mula,1,3,2023-05-24
9225,1,1,MU0011_20230524,Mula,1,3,2023-05-24
9226,1,1,MU0012_20230524,Mula,1,3,2023-05-24
9227,1,1,MU0013_20230524,Mula,1,3,2023-05-24
9228,1,1,MU0014_20230524,Mula,1,3,2023-05-24
9229,1,1,MU0015_20230524,Mula,1,3,2023-05-24
9230,1,1,MU0016_20230524,Mula,1,3,2023-05-24
9231,1,1,MU0017_20230524,Mula,1,3,2023-05-24
9232,1,1,MU0018_20230524,Mula,1,3,2023-05-24
9233,1,1,MU0019_20230524,Mula,1,3,2023-05-24
9234,1,1,MU0020_20230524,Mula,1,3,2023-05-24
9235,1,1,MU0021_20230524,Mula,1,3,2023-05-24
9236,1,1,MU0022_20230524,Mula,1,3,2023-05-24
9237,1,1,MU0023_20230524,Mula,1,3,2023-05-24
9238,1,1,MU0024_20230524,Mula,1,3,2023-05-24
9239,1,1,MU0025_20230524,Mula,1,3,2023-05-24
9240,1,1,MU0026_20230524,Mula,1,3,2023-05-24
9241,1,1,MU0027_20230524,Mula,1,3,2023-05-24
9242,1,1,MU0028_20230524,Mula,1,3,2023-05-24
9243,1,1,MU0029_20230524,Mula,1,3,2023-05-24
9244,1,1,MU0030_20230524,Mula,1,3,2023-05-24
9245,1,1,MU0031_20230524,Mula,1,3,2023-05-24
9246,1,1,MU0032_20230524,Mula,1,3,2023-05-24
9247,1,1,MU0033_20230524,Mula,1,3,2023-05-24
9248,1,1,MU0034_20230524,Mula,1,3,2023-05-24
9249,1,1,MU0035_20230524,Mula,1,3,2023-05-24
9250,1,1,MU0036_20230524,Mula,1,3,2023-05-24
9251,1,1,MU0037_20230524,Mula,1,3,2023-05-24
9252,1,1,MU0038_20230524,Mula,1,3,2023-05-24
9253,1,1,MU0039_20230524,Mula,1,3,2023-05-24
9254,1,1,MU0040_20230524,Mula,1,3,2023-05-24
9255,1,1,MU0041_20230524,Mula,1,3,2023-05-24
9256,1,1,MU0042_20230524,Mula,1,3,2023-05-24
9257,1,1,MU0043_20230524,Mula,1,3,2023-05-24
9258,1,1,MU0044_20230524,Mula,1,3,2023-05-24
9259,1,1,MU0045_20230524,Mula,1,3,2023-05-24
9260,1,1,MU0046_20230524,Mula,1,3,2023-05-24
9261,1,1,MU0047_20230524,Mula,1,3,2023-05-24
9262,1,1,MU0048_20230524,Mula,1,3,2023-05-24
9263,1,1,MU0049_20230524,Mula,1,3,2023-05-24
9264,1,1,MU0050_20230524,Mula,1,3,2023-05-24
9265,1,1,MU0051_20230524,Mula,1,3,2023-05-24
9266,1,1,MU0052_20230524,Mula,1,3,2023-05-24
9267,1,1,MU0053_20230524,Mula,1,3,2023-05-24
9268,1,1,MU0054_20230524,Mula,1,3,2023-05-24
9269,1,1,MU0055_20230524,Mula,1,3,2023-05-24
9270,1,1,MU0056_20230524,Mula,1,3,2023-05-24
9271,1,1,MU0057_20230524,Mula,1,3,2023-05-24
9272,1,1,MU0058_20230524,Mula,1,3,2023-05-24
9273,1,1,MU0059_20230524,Mula,1,3,2023-05-24
9274,1,1,MU0060_20230524,Mula,1,3,2023-05-24
9275,1,1,MU0061_20230524,Mula,1,3,2023-05-24
9276,1,1,MU0062_20230524,Mula,1,3,2023-05-24
9277,1,1,MU0063_20230524,Mula,1,3,2023-05-24
9278,1,1,MU0064_20230524,Mula,1,3,2023-05-24
9279,1,1,MU0065_20230524,Mula,1,3,2023-05-24
9280,1,1,MU0066_20230524,Mula,1,3,2023-05-24
9281,1,1,MU0067_20230524,Mula,1,3,2023-05-24
9282,1,1,MU0068_20230524,Mula,1,3,2023-05-24
9283,1,1,MU0069_20230524,Mula,1,3,2023-05-24
9284,1,1,MU0070_20230524,Mula,1,3,2023-05-24
9285,1,1,MU0071_20230524,Mula,1,3,2023-05-24
9286,1,1,MU0072_20230524,Mula,1,3,2023-05-24
9287,1,1,MU0073_20230524,Mula,1,3,2023-05-24
9288,1,1,MU0074_20230524,Mula,1,3,2023-05-24
9289,1,1,MU0075_20230524,Mula,1,3,2023-05-24
9290,1,1,MU0076_20230524,Mula,1,3,2023-05-24
9291,1,1,MU0077_20230524,Mula,1,3,2023-05-24
9292,1,1,MU0078_20230524,Mula,1,3,2023-05-24
9293,1,1,MU0079_20230524,Mula,1,3,2023-05-24
9294,1,1,MU0080_20230524,Mula,1,3,2023-05-24
9295,1,1,MU0081_20230524,Mula,1,3,2023-05-24
9296,1,1,MU0082_20230524,Mula,1,3,2023-05-24
9297,1,1,MU0083_20230524,Mula,1,3,2023-05-24
9298,1,1,MU0084_20230524,Mula,1,3,2023-05-24
9299,1,1,MU0085_20230524,Mula,1,3,2023-05-24
9300,1,1,MU0086_20230524,Mula,1,3,2023-05-24
9301,1,0,MU0087_20230524,Mula,1,3,2023-05-24
9302,1,1,MU0088_20230524,Mula,1,3,2023-05-24
9303,1,1,MU0089_20230524,Mula,1,3,2023-05-24
9304,1,1,MU0090_20230524,Mula,1,3,2023-05-24
9305,1,1,MU0091_20230524,Mula,1,3,2023-05-24
9306,1,1,MU0092_20230524,Mula,1,3,2023-05-24
9307,1,1,MU0093_20230524,Mula,1,3,2023-05-24
9308,1,1,MU0094_20230524,Mula,1,3,2023-05-24
9309,1,1,MU0095_20230524,Mula,1,3,2023-05-24
9310,1,1,MU0096_20230524,Mula,1,3,2023-05-24
9311,1,1,MU0097_20230524,Mula,1,3,2023-05-24
9312,1,0,MU0098_20230524,Mula,1,3,2023-05-24
9313,0,1,MU0099_20230524,Mula,0,1,2023-05-24
9314,0,1,MU0100_20230524,Mula,0,1,2023-05-24
9315,0,0,MU0101_20230524,Mula,0,1,2023-05-24
9316,0,0,MU0102_20230524,Mula,0,1,2023-05-24
9317,0,0,MU0103_20230524,Mula,0,1,2023-05-24
9318,0,0,MU0104_20230524,Mula,0,1,2023-05-24
9319,0,0,MU0105_20230524,Mula,0,1,2023-05-24
9320,0,0,MU0106_20230524,Mula,0,1,2023-05-24
9321,0,0,MU0107_20230524,Mula,0,1,2023-05-24
9322,0,0,MU0108_20230524,Mula,0,1,2023-05-24
9323,1,1,MU0109_20230524,Mula,1,3,2023-05-24
9324,1,0,MU0110_20230524,Mula,1,3,2023-05-24
9325,1,1,MU0111_20230524,Mula,1,3,2023-05-24
9326,1,1,MU0112_20230524,Mula,1,3,2023-05-24
9327,1,1,MU0113_20230524,Mula,1,3,2023-05-24
9328,1,1,MU0114_20230524,Mula,1,3,2023-05-24
9329,1,1,MU0115_20230524,Mula,1,3,2023-05-24
9330,1,1,MU0116_20230524,Mula,1,3,2023-05-24
9331,1,1,MU0117_20230524,Mula,1,3,2023-05-24
9332,1,1,MU0118_20230524,Mula,1,3,2023-05-24
9333,1,1,MU0119_20230524,Mula,1,3,2023-05-24
9334,1,1,MU0120_20230524,Mula,1,3,2023-05-24
9335,1,1,MU0121_20230524,Mula,1,3,2023-05-24
9336,1,1,MU0122_20230524,Mula,1,3,2023-05-24
9337,1,1,MU0123_20230524,Mula,1,3,2023-05-24
9338,1,1,MU0124_20230524,Mula,1,3,2023-05-24
9339,1,1,MU0125_20230524,Mula,1,3,2023-05-24
9340,1,1,MU0126_20230524,Mula,1,3,2023-05-24
9341,1,1,MU0127_20230524,Mula,1,3,2023-05-24
9342,1,1,MU0128_20230524,Mula,1,3,2023-05-24
9343,1,1,MU0129_20230524,Mula,1,3,2023-05-24
9344,1,1,MU0131_20230524,Mula,1,3,2023-05-24
9345,0,0,MU0132_20230524,Mula,0,1,2023-05-24
9346,0,0,MU0133_20230524,Mula,0,1,2023-05-24
9347,0,0,MU0134_20230524,Mula,0,1,2023-05-24
9348,0,0,MU0135_20230524,Mula,0,1,2023-05-24
9349,0,0,MU0136_20230524,Mula,0,1,2023-05-24
9350,0,0,MU0137_20230524,Mula,0,1,2023-05-24
9351,0,0,MU0138_20230524,Mula,0,1,2023-05-24
9352,0,0,MU0139_20230524,Mula,0,1,2023-05-24
9353,0,0,MU0140_20230524,Mula,0,1,2023-05-24
9354,0,0,MU0141_20230524,Mula,0,1,2023-05-24
9355,0,0,MU0142_20230524,Mula,0,1,2023-05-24
9356,0,0,MU0143_20230524,Mula,0,1,2023-05-24
9357,0,0,MU0144_20230524,Mula,0,1,2023-05-24
9358,0,0,MU0145_20230524,Mula,0,1,2023-05-24
9359,0,1,MU0146_20230524,Mula,0,1,2023-05-24
9360,0,1,MU0147_20230524,Mula,0,1,2023-05-24
9361,0,0,MU0148_20230524,Mula,0,1,2023-05-24
9362,0,0,MU0149_20230524,Mula,0,1,2023-05-24
9363,0,0,MU0150_20230524,Mula,0,1,2023-05-24
9364,0,0,MU0151_20230524,Mula,0,1,2023-05-24
9365,0,0,MU0152_20230524,Mula,0,1,2023-05-24
9366,0,0,MU0154_20230524,Mula,0,1,2023-05-24
9367,0,0,MU0155_20230524,Mula,0,1,2023-05-24
9368,0,0,MU0156_20230524,Mula,0,1,2023-05-24
9369,0,0,MU0157_20230524,Mula,0,1,2023-05-24
9370,0,0,MU0158_20230524,Mula,0,1,2023-05-24
9371,0,0,MU0159_20230524,Mula,0,1,2023-05-24
9372,0,0,MU0160_20230524,Mula,0,1,2023-05-24
9373,0,0,MU0161_20230524,Mula,0,1,2023-05-24
9374,0,0,MU0162_20230524,Mula,0,1,2023-05-24
9375,0,0,MU0163_20230524,Mula,0,1,2023-05-24
9376,0,0,MU0164_20230524,Mula,0,1,2023-05-24
9377,0,0,MU0165_20230524,Mula,0,1,2023-05-24
9378,0,0,MU0166_20230524,Mula,0,1,2023-05-24
9379,0,0,MU0167_20230524,Mula,0,1,2023-05-24
9380,0,0,MU0168_20230524,Mula,0,1,2023-05-24
9381,0,0,MU0169_20230524,Mula,0,1,2023-05-24
9382,0,0,MU0170_20230524,Mula,0,1,2023-05-24
9383,0,0,MU0171_20230524,Mula,0,1,2023-05-24
9384,0,0,MU0172_20230524,Mula,0,1,2023-05-24
9385,0,0,MU0173_20230524,Mula,0,1,2023-05-24
9386,0,0,MU0174_20230524,Mula,0,1,2023-05-24
9387,0,0,MU0175_20230524,Mula,0,1,2023-05-24
9388,0,0,MU0176_20230524,Mula,0,1,2023-05-24
9389,0,0,MU0177_20230524,Mula,0,1,2023-05-24
9390,0,0,MU0178_20230524,Mula,0,1,2023-05-24
9391,0,0,MU0179_20230524,Mula,0,1,2023-05-24
9392,0,0,MU0180_20230524,Mula,0,1,2023-05-24
9393,0,0,MU0181_20230524,Mula,0,1,2023-05-24
9394,0,0,MU0182_20230524,Mula,0,1,2023-05-24
9395,0,0,MU0183_20230524,Mula,0,2,2023-05-24
9396,0,0,MU0184_20230524,Mula,0,2,2023-05-24
9397,0,0,MU0185_20230524,Mula,0,2,2023-05-24
9398,0,0,MU0186_20230524,Mula,0,2,2023-05-24
9399,0,0,MU0187_20230524,Mula,0,2,2023-05-24
9400,0,0,MU0188_20230524,Mula,0,2,2023-05-24
9401,0,0,MU0189_20230524,Mula,0,2,2023-05-24
9402,0,0,MU0190_20230524,Mula,0,2,2023-05-24
9403,0,0,MU0191_20230524,Mula,0,2,2023-05-24
9404,0,0,MU0192_20230524,Mula,0,2,2023-05-24
9405,0,0,MU0193_20230524,Mula,0,2,2023-05-24
9406,0,0,MU0194_20230524,Mula,0,2,2023-05-24
9407,0,0,MU0195_20230524,Mula,0,2,2023-05-24
9408,0,0,MU0196_20230524,Mula,0,2,2023-05-24
9409,0,0,MU0197_20230524,Mula,0,2,2023-05-24
9410,0,0,MU0198_20230524,Mula,0,2,2023-05-24
9411,0,0,MU0199_20230524,Mula,0,2,2023-05-24
9412,0,0,MU0200_20230524,Mula,0,2,2023-05-24
9413,0,0,MU0201_20230524,Mula,0,2,2023-05-24
9414,0,0,MU0202_20230524,Mula,0,2,2023-05-24
9415,0,0,MU0203_20230524,Mula,0,2,2023-05-24
9416,0,0,MU0204_20230524,Mula,0,2,2023-05-24
9417,0,0,MU0205_20230524,Mula,0,2,2023-05-24
9418,0,0,MU0206_20230524,Mula,0,2,2023-05-24
9419,0,0,MU0207_20230524,Mula,0,2,2023-05-24
9420,0,0,MU0208_20230524,Mula,0,2,2023-05-24
9421,0,0,MU0209_20230524,Mula,0,2,2023-05-24
9422,0,0,MU0210_20230524,Mula,0,2,2023-05-24
9423,0,0,MU0211_20230524,Mula,0,2,2023-05-24
9424,0,0,MU0212_20230524,Mula,0,2,2023-05-24
9425,0,0,MU0213_20230524,Mula,0,2,2023-05-24
9426,0,0,MU0214_20230524,Mula,0,2,2023-05-24
9427,0,0,MU0215_20230524,Mula,0,2,2023-05-24
9428,0,0,MU0216_20230524,Mula,0,2,2023-05-24
9429,0,0,MU0217_20230524,Mula,0,2,2023-05-24
9430,0,0,MU0218_20230524,Mula,0,2,2023-05-24
9431,0,0,MU0219_20230524,Mula,0,2,2023-05-24
9432,0,0,MU0220_20230524,Mula,0,2,2023-05-24
9433,0,0,MU0221_20230524,Mula,0,2,2023-05-24
9434,0,0,MU0222_20230524,Mula,0,2,2023-05-24
9435,0,0,MU0223_20230524,Mula,0,2,2023-05-24
9436,0,0,MU0224_20230524,Mula,0,2,2023-05-24
9437,0,0,MU0225_20230524,Mula,0,2,2023-05-24
9438,0,0,MU0226_20230524,Mula,0,2,2023-05-24
9439,0,0,MU0227_20230524,Mula,0,2,2023-05-24
9440,0,0,MU0228_20230524,Mula,0,2,2023-05-24
9441,0,0,MU0229_20230524,Mula,0,2,2023-05-24
9442,0,0,MU0230_20230524,Mula,0,2,2023-05-24
9443,0,0,MU0231_20230524,Mula,0,2,2023-05-24
9444,0,0,MU0232_20230524,Mula,0,2,2023-05-24
9445,0,0,MU0233_20230524,Mula,0,2,2023-05-24
9446,0,0,MU0234_20230524,Mula,0,2,2023-05-24
9447,0,0,MU0235_20230524,Mula,0,2,2023-05-24
9448,0,0,MU0236_20230524,Mula,0,2,2023-05-24
9449,0,0,MU0237_20230524,Mula,0,2,2023-05-24
9450,0,0,MU0238_20230524,Mula,0,2,2023-05-24
9451,0,0,MU0239_20230524,Mula,0,2,2023-05-24
9452,0,0,MU0240_20230524,Mula,0,2,2023-05-24
9453,0,0,MU0241_20230524,Mula,0,2,2023-05-24
9454,0,0,MU0242_20230524,Mula,0,2,2023-05-24
9455,1,1,MU0001_20210429,Mula,1,3,2021-04-29
9456,1,1,MU0002_20210429,Mula,1,3,2021-04-29
9457,1,1,MU0003_20210429,Mula,1,3,2021-04-29
9458,1,1,MU0004_20210429,Mula,1,3,2021-04-29
9459,1,1,MU0005_20210429,Mula,1,3,2021-04-29
9460,1,0,MU0006_20210429,Mula,1,3,2021-04-29
9461,1,0,MU0007_20210429,Mula,1,3,2021-04-29
9462,1,1,MU0008_20210429,Mula,1,3,2021-04-29
9463,1,1,MU0009_20210429,Mula,1,3,2021-04-29
9464,1,1,MU0010_20210429,Mula,1,3,2021-04-29
9465,1,1,MU0011_20210429,Mula,1,3,2021-04-29
9466,1,1,MU0012_20210429,Mula,1,3,2021-04-29
9467,1,1,MU0013_20210429,Mula,1,3,2021-04-29
9468,1,1,MU0014_20210429,Mula,1,3,2021-04-29
9469,1,0,MU0015_20210429,Mula,1,3,2021-04-29
9470,1,1,MU0016_20210429,Mula,1,3,2021-04-29
9471,1,1,MU0017_20210429,Mula,1,3,2021-04-29
9472,1,1,MU0018_20210429,Mula,1,3,2021-04-29
9473,1,1,MU0019_20210429,Mula,1,3,2021-04-29
9474,1,1,MU0020_20210429,Mula,1,3,2021-04-29
9475,1,1,MU0021_20210429,Mula,1,3,2021-04-29
9476,1,1,MU0022_20210429,Mula,1,3,2021-04-29
9477,1,1,MU0023_20210429,Mula,1,3,2021-04-29
9478,1,1,MU0024_20210429,Mula,1,3,2021-04-29
9479,1,1,MU0025_20210429,Mula,1,3,2021-04-29
9480,1,1,MU0026_20210429,Mula,1,3,2021-04-29
9481,1,0,MU0027_20210429,Mula,1,3,2021-04-29
9482,1,1,MU0028_20210429,Mula,1,3,2021-04-29
9483,1,0,MU0029_20210429,Mula,1,3,2021-04-29
9484,1,1,MU0030_20210429,Mula,1,3,2021-04-29
9485,1,1,MU0031_20210429,Mula,1,3,2021-04-29
9486,1,1,MU0032_20210429,Mula,1,3,2021-04-29
9487,1,0,MU0033_20210429,Mula,1,3,2021-04-29
9488,1,0,MU0034_20210429,Mula,1,3,2021-04-29
9489,1,0,MU0035_20210429,Mula,1,3,2021-04-29
9490,1,0,MU0036_20210429,Mula,1,3,2021-04-29
9491,1,1,MU0037_20210429,Mula,1,3,2021-04-29
9492,1,1,MU0038_20210429,Mula,1,3,2021-04-29
9493,1,1,MU0039_20210429,Mula,1,3,2021-04-29
9494,1,1,MU0040_20210429,Mula,1,3,2021-04-29
9495,1,1,MU0041_20210429,Mula,1,3,2021-04-29
9496,1,1,MU0042_20210429,Mula,1,3,2021-04-29
9497,1,1,MU0043_20210429,Mula,1,3,2021-04-29
9498,1,1,MU0044_20210429,Mula,1,3,2021-04-29
9499,1,1,MU0045_20210429,Mula,1,3,2021-04-29
9500,1,1,MU0046_20210429,Mula,1,3,2021-04-29
9501,1,0,MU0047_20210429,Mula,1,3,2021-04-29
9502,1,0,MU0048_20210429,Mula,1,3,2021-04-29
9503,1,1,MU0049_20210429,Mula,1,3,2021-04-29
9504,1,0,MU0050_20210429,Mula,1,3,2021-04-29
9505,1,0,MU0051_20210429,Mula,1,3,2021-04-29
9506,1,0,MU0052_20210429,Mula,1,3,2021-04-29
9507,1,1,MU0053_20210429,Mula,1,3,2021-04-29
9508,1,0,MU0054_20210429,Mula,1,3,2021-04-29
9509,1,0,MU0055_20210429,Mula,1,3,2021-04-29
9510,1,0,MU0056_20210429,Mula,1,3,2021-04-29
9511,1,0,MU0057_20210429,Mula,1,3,2021-04-29
9512,1,0,MU0058_20210429,Mula,1,3,2021-04-29
9513,1,1,MU0059_20210429,Mula,1,3,2021-04-29
9514,1,0,MU0060_20210429,Mula,1,3,2021-04-29
9515,1,0,MU0061_20210429,Mula,1,3,2021-04-29
9516,1,1,MU0062_20210429,Mula,1,3,2021-04-29
9517,1,1,MU0063_20210429,Mula,1,3,2021-04-29
9518,1,1,MU0064_20210429,Mula,1,3,2021-04-29
9519,0,1,MU0065_20210429,Mula,0,1,2021-04-29
9520,0,0,MU0066_20210429,Mula,0,1,2021-04-29
9521,0,1,MU0067_20210429,Mula,0,1,2021-04-29
9522,0,0,MU0068_20210429,Mula,0,1,2021-04-29
9523,1,1,MU0069_20210429,Mula,1,3,2021-04-29
9524,1,1,MU0070_20210429,Mula,1,3,2021-04-29
9525,1,1,MU0071_20210429,Mula,1,3,2021-04-29
9526,1,1,MU0072_20210429,Mula,1,3,2021-04-29
9527,1,1,MU0073_20210429,Mula,1,3,2021-04-29
9528,1,1,MU0074_20210429,Mula,1,3,2021-04-29
9529,1,0,MU0075_20210429,Mula,1,3,2021-04-29
9530,1,1,MU0076_20210429,Mula,1,3,2021-04-29
9531,1,1,MU0077_20210429,Mula,1,3,2021-04-29
9532,1,1,MU0078_20210429,Mula,1,3,2021-04-29
9533,1,1,MU0079_20210429,Mula,1,3,2021-04-29
9534,1,1,MU0080_20210429,Mula,1,3,2021-04-29
9535,1,1,MU0081_20210429,Mula,1,3,2021-04-29
9536,0,0,MU0082_20210429,Mula,0,1,2021-04-29
9537,0,0,MU0083_20210429,Mula,0,1,2021-04-29
9538,0,0,MU0084_20210429,Mula,0,1,2021-04-29
9539,0,1,MU0085_20210429,Mula,0,1,2021-04-29
9540,0,0,MU0086_20210429,Mula,0,1,2021-04-29
9541,0,0,MU0087_20210429,Mula,0,1,2021-04-29
9542,1,1,MU0088_20210429,Mula,1,3,2021-04-29
9543,1,0,MU0089_20210429,Mula,1,3,2021-04-29
9544,1,1,MU0090_20210429,Mula,1,3,2021-04-29
9545,1,1,MU0091_20210429,Mula,1,3,2021-04-29
9546,1,1,MU0092_20210429,Mula,1,3,2021-04-29
9547,1,1,MU0093_20210429,Mula,1,3,2021-04-29
9548,1,1,MU0094_20210429,Mula,1,3,2021-04-29
9549,1,1,MU0095_20210429,Mula,1,3,2021-04-29
9550,1,1,MU0096_20210429,Mula,1,3,2021-04-29
9551,1,1,MU0097_20210429,Mula,1,3,2021-04-29
9552,1,1,MU0098_20210429,Mula,1,3,2021-04-29
9553,1,1,MU0099_20210429,Mula,1,3,2021-04-29
9554,1,1,MU0100_20210429,Mula,1,3,2021-04-29
9555,1,1,MU0101_20210429,Mula,1,3,2021-04-29
9556,1,1,MU0102_20210429,Mula,1,3,2021-04-29
9557,1,0,MU0103_20210429,Mula,1,3,2021-04-29
9558,1,1,MU0104_20210429,Mula,1,3,2021-04-29
9559,1,0,MU0105_20210429,Mula,1,3,2021-04-29
9560,1,1,MU0106_20210429,Mula,1,3,2021-04-29
9561,1,1,MU0107_20210429,Mula,1,3,2021-04-29
9562,1,1,MU0108_20210429,Mula,1,3,2021-04-29
9563,1,0,MU0109_20210429,Mula,1,3,2021-04-29
9564,1,1,MU0110_20210429,Mula,1,3,2021-04-29
9565,1,0,MU0111_20210429,Mula,1,3,2021-04-29
9566,1,1,MU0112_20210429,Mula,1,3,2021-04-29
9567,1,1,MU0113_20210429,Mula,1,3,2021-04-29
9568,1,0,MU0114_20210429,Mula,1,3,2021-04-29
9569,1,0,MU0115_20210429,Mula,1,3,2021-04-29
9570,1,1,MU0116_20210429,Mula,1,3,2021-04-29
9571,1,1,MU0117_20210429,Mula,1,3,2021-04-29
9572,1,1,MU0118_20210429,Mula,1,3,2021-04-29
9573,1,0,MU0119_20210429,Mula,1,3,2021-04-29
9574,1,1,MU0120_20210429,Mula,1,3,2021-04-29
9575,1,1,MU0121_20210429,Mula,1,3,2021-04-29
9576,1,1,MU0122_20210429,Mula,1,3,2021-04-29
9577,1,1,MU0123_20210429,Mula,1,3,2021-04-29
9578,1,1,MU0124_20210429,Mula,1,3,2021-04-29
9579,1,1,MU0125_20210429,Mula,1,3,2021-04-29
9580,1,1,MU0126_20210429,Mula,1,3,2021-04-29
9581,1,0,MU0127_20210429,Mula,1,3,2021-04-29
9582,1,1,MU0128_20210429,Mula,1,3,2021-04-29
9583,1,1,MU0129_20210429,Mula,1,3,2021-04-29
9584,1,1,MU0130_20210429,Mula,1,3,2021-04-29
9585,0,0,MU0131_20210429,Mula,0,1,2021-04-29
9586,0,0,MU0132_20210429,Mula,0,1,2021-04-29
9587,0,0,MU0133_20210429,Mula,0,1,2021-04-29
9588,0,0,MU0134_20210429,Mula,0,1,2021-04-29
9589,0,0,MU0135_20210429,Mula,0,1,2021-04-29
9590,0,0,MU0136_20210429,Mula,0,1,2021-04-29
9591,0,0,MU0137_20210429,Mula,0,1,2021-04-29
9592,0,0,MU0138_20210429,Mula,0,1,2021-04-29
9593,0,0,MU0139_20210429,Mula,0,1,2021-04-29
9594,0,0,MU0140_20210429,Mula,0,1,2021-04-29
9595,0,0,MU0141_20210429,Mula,0,1,2021-04-29
9596,0,0,MU0142_20210429,Mula,0,1,2021-04-29
9597,0,0,MU0143_20210429,Mula,0,1,2021-04-29
9598,0,0,MU0144_20210429,Mula,0,1,2021-04-29
9599,0,0,MU0145_20210429,Mula,0,1,2021-04-29
9600,0,0,MU0146_20210429,Mula,0,1,2021-04-29
9601,0,0,MU0147_20210429,Mula,0,1,2021-04-29
9602,0,0,MU0148_20210429,Mula,0,1,2021-04-29
9603,0,0,MU0149_20210429,Mula,0,1,2021-04-29
9604,0,0,MU0150_20210429,Mula,0,1,2021-04-29
9605,0,0,MU0151_20210429,Mula,0,1,2021-04-29
9606,0,0,MU0152_20210429,Mula,0,1,2021-04-29
9607,0,0,MU0153_20210429,Mula,0,1,2021-04-29
9608,0,0,MU0154_20210429,Mula,0,1,2021-04-29
9609,0,0,MU0155_20210429,Mula,0,1,2021-04-29
9610,0,0,MU0156_20210429,Mula,0,1,2021-04-29
9611,0,0,MU0157_20210429,Mula,0,1,2021-04-29
9612,0,0,MU0158_20210429,Mula,0,1,2021-04-29
9613,0,0,MU0159_20210429,Mula,0,1,2021-04-29
9614,0,0,MU0160_20210429,Mula,0,1,2021-04-29
9615,0,0,MU0161_20210429,Mula,0,1,2021-04-29
9616,0,0,MU0162_20210429,Mula,0,1,2021-04-29
9617,0,0,MU0163_20210429,Mula,0,1,2021-04-29
9618,0,0,MU0164_20210429,Mula,0,1,2021-04-29
9619,0,0,MU0165_20210429,Mula,0,1,2021-04-29
9620,0,0,MU0166_20210429,Mula,0,1,2021-04-29
9621,0,0,MU0167_20210429,Mula,0,1,2021-04-29
9622,0,0,MU0168_20210429,Mula,0,1,2021-04-29
9623,0,0,MU0169_20210429,Mula,0,1,2021-04-29
9624,0,0,MU0170_20210429,Mula,0,1,2021-04-29
9625,0,0,MU0171_20210429,Mula,0,1,2021-04-29
9626,0,0,MU0172_20210429,Mula,0,1,2021-04-29
9627,0,0,MU0173_20210429,Mula,0,1,2021-04-29
9628,0,0,MU0174_20210429,Mula,0,1,2021-04-29
9629,0,0,MU0175_20210429,Mula,0,1,2021-04-29
9630,0,0,MU0176_20210429,Mula,0,1,2021-04-29
9631,0,0,MU0177_20210429,Mula,0,1,2021-04-29
9632,0,0,MU0178_20210429,Mula,0,1,2021-04-29
9633,0,0,MU0179_20210429,Mula,0,1,2021-04-29
9634,0,0,MU0180_20210429,Mula,0,1,2021-04-29
9635,0,0,MU0181_20210429,Mula,0,2,2021-04-29
9636,0,0,MU0182_20210429,Mula,0,2,2021-04-29
9637,0,0,MU0183_20210429,Mula,0,2,2021-04-29
9638,0,0,MU0184_20210429,Mula,0,2,2021-04-29
9639,0,0,MU0185_20210429,Mula,0,2,2021-04-29
9640,0,0,MU0186_20210429,Mula,0,2,2021-04-29
9641,0,0,MU0187_20210429,Mula,0,2,2021-04-29
9642,0,0,MU0188_20210429,Mula,0,2,2021-04-29
9643,0,0,MU0189_20210429,Mula,0,2,2021-04-29
9644,0,0,MU0190_20210429,Mula,0,2,2021-04-29
9645,0,0,MU0191_20210429,Mula,0,2,2021-04-29
9646,0,0,MU0192_20210429,Mula,0,2,2021-04-29
9647,0,0,MU0193_20210429,Mula,0,2,2021-04-29
9648,0,0,MU0194_20210429,Mula,0,2,2021-04-29
9649,0,0,MU0195_20210429,Mula,0,2,2021-04-29
9650,0,0,MU0196_20210429,Mula,0,2,2021-04-29
9651,0,0,MU0197_20210429,Mula,0,2,2021-04-29
9652,0,0,MU0198_20210429,Mula,0,2,2021-04-29
9653,0,0,MU0199_20210429,Mula,0,2,2021-04-29
9654,0,0,MU0200_20210429,Mula,0,2,2021-04-29
9655,0,0,MU0201_20210429,Mula,0,2,2021-04-29
9656,0,0,MU0202_20210429,Mula,0,2,2021-04-29
9657,0,0,MU0203_20210429,Mula,0,2,2021-04-29
9658,0,0,MU0204_20210429,Mula,0,2,2021-04-29
9659,0,0,MU0205_20210429,Mula,0,2,2021-04-29
9660,0,0,MU0206_20210429,Mula,0,2,2021-04-29
9661,0,0,MU0207_20210429,Mula,0,2,2021-04-29
9662,0,0,MU0208_20210429,Mula,0,2,2021-04-29
9663,0,0,MU0209_20210429,Mula,0,2,2021-04-29
9664,0,0,MU0210_20210429,Mula,0,2,2021-04-29
9665,0,0,MU0211_20210429,Mula,0,2,2021-04-29
9666,0,0,MU0212_20210429,Mula,0,2,2021-04-29
9667,0,0,MU0213_20210429,Mula,0,2,2021-04-29
9668,0,0,MU0214_20210429,Mula,0,2,2021-04-29
9669,0,0,MU0215_20210429,Mula,0,2,2021-04-29
9670,0,0,MU0216_20210429,Mula,0,2,2021-04-29
9671,0,0,MU0217_20210429,Mula,0,2,2021-04-29
9672,0,0,MU0218_20210429,Mula,0,2,2021-04-29
9673,0,0,MU0219_20210429,Mula,0,2,2021-04-29
9674,0,0,MU0220_20210429,Mula,0,2,2021-04-29
9675,0,0,MU0221_20210429,Mula,0,2,2021-04-29
9676,0,0,MU0222_20210429,Mula,0,2,2021-04-29
9677,0,0,MU0223_20210429,Mula,0,2,2021-04-29
9678,0,0,MU0224_20210429,Mula,0,2,2021-04-29
9679,0,0,MU0225_20210429,Mula,0,2,2021-04-29
9680,0,0,MU0226_20210429,Mula,0,2,2021-04-29
9681,0,0,MU0227_20210429,Mula,0,2,2021-04-29
9682,0,0,MU0228_20210429,Mula,0,2,2021-04-29
9683,0,0,MU0229_20210429,Mula,0,2,2021-04-29
9684,0,0,MU0230_20210429,Mula,0,2,2021-04-29
9685,0,0,MU0231_20210429,Mula,0,2,2021-04-29
9686,0,0,MU0232_20210429,Mula,0,2,2021-04-29
9687,0,0,MU0233_20210429,Mula,0,2,2021-04-29
9688,0,0,MU0234_20210429,Mula,0,2,2021-04-29
9689,0,0,MU0235_20210429,Mula,0,2,2021-04-29
9690,0,0,MU0236_20210429,Mula,0,2,2021-04-29
9691,0,0,MU0237_20210429,Mula,0,2,2021-04-29
9692,0,0,MU0238_20210429,Mula,0,2,2021-04-29
9693,0,0,MU0239_20210429,Mula,0,2,2021-04-29
9694,0,0,MU0240_20210429,Mula,0,2,2021-04-29
9695,1,1,MU0001_20210228,Mula,1,3,2021-02-28
9696,1,1,MU0002_20210228,Mula,1,3,2021-02-28
9697,1,1,MU0003_20210228,Mula,1,3,2021-02-28
9698,1,1,MU0004_20210228,Mula,1,3,2021-02-28
9699,1,1,MU0005_20210228,Mula,1,3,2021-02-28
9700,1,1,MU0006_20210228,Mula,1,3,2021-02-28
9701,1,1,MU0007_20210228,Mula,1,3,2021-02-28
9702,1,1,MU0008_20210228,Mula,1,3,2021-02-28
9703,1,1,MU0009_20210228,Mula,1,3,2021-02-28
9704,1,1,MU0010_20210228,Mula,1,3,2021-02-28
9705,1,1,MU0011_20210228,Mula,1,3,2021-02-28
9706,1,1,MU0012_20210228,Mula,1,3,2021-02-28
9707,1,1,MU0013_20210228,Mula,1,3,2021-02-28
9708,1,1,MU0014_20210228,Mula,1,3,2021-02-28
9709,1,1,MU0015_20210228,Mula,1,3,2021-02-28
9710,1,1,MU0016_20210228,Mula,1,3,2021-02-28
9711,1,1,MU0017_20210228,Mula,1,3,2021-02-28
9712,1,1,MU0018_20210228,Mula,1,3,2021-02-28
9713,1,1,MU0019_20210228,Mula,1,3,2021-02-28
9714,1,1,MU0020_20210228,Mula,1,3,2021-02-28
9715,1,1,MU0021_20210228,Mula,1,3,2021-02-28
9716,1,1,MU0022_20210228,Mula,1,3,2021-02-28
9717,1,1,MU0023_20210228,Mula,1,3,2021-02-28
9718,1,1,MU0024_20210228,Mula,1,3,2021-02-28
9719,1,0,MU0025_20210228,Mula,1,3,2021-02-28
9720,1,1,MU0026_20210228,Mula,1,3,2021-02-28
9721,1,1,MU0027_20210228,Mula,1,3,2021-02-28
9722,1,0,MU0028_20210228,Mula,1,3,2021-02-28
9723,1,1,MU0029_20210228,Mula,1,3,2021-02-28
9724,1,1,MU0030_20210228,Mula,1,3,2021-02-28
9725,1,1,MU0031_20210228,Mula,1,3,2021-02-28
9726,1,1,MU0032_20210228,Mula,1,3,2021-02-28
9727,1,1,MU0033_20210228,Mula,1,3,2021-02-28
9728,1,0,MU0034_20210228,Mula,1,3,2021-02-28
9729,1,1,MU0035_20210228,Mula,1,3,2021-02-28
9730,1,1,MU0036_20210228,Mula,1,3,2021-02-28
9731,1,1,MU0037_20210228,Mula,1,3,2021-02-28
9732,1,1,MU0038_20210228,Mula,1,3,2021-02-28
9733,1,1,MU0039_20210228,Mula,1,3,2021-02-28
9734,1,1,MU0040_20210228,Mula,1,3,2021-02-28
9735,1,1,MU0041_20210228,Mula,1,3,2021-02-28
9736,1,0,MU0042_20210228,Mula,1,3,2021-02-28
9737,1,1,MU0043_20210228,Mula,1,3,2021-02-28
9738,1,1,MU0044_20210228,Mula,1,3,2021-02-28
9739,1,1,MU0045_20210228,Mula,1,3,2021-02-28
9740,1,1,MU0046_20210228,Mula,1,3,2021-02-28
9741,1,0,MU0047_20210228,Mula,1,3,2021-02-28
9742,1,0,MU0048_20210228,Mula,1,3,2021-02-28
9743,1,0,MU0049_20210228,Mula,1,3,2021-02-28
9744,1,0,MU0050_20210228,Mula,1,3,2021-02-28
9745,1,1,MU0051_20210228,Mula,1,3,2021-02-28
9746,1,1,MU0052_20210228,Mula,1,3,2021-02-28
9747,1,1,MU0053_20210228,Mula,1,3,2021-02-28
9748,1,1,MU0054_20210228,Mula,1,3,2021-02-28
9749,1,1,MU0055_20210228,Mula,1,3,2021-02-28
9750,1,1,MU0056_20210228,Mula,1,3,2021-02-28
9751,1,1,MU0057_20210228,Mula,1,3,2021-02-28
9752,1,1,MU0058_20210228,Mula,1,3,2021-02-28
9753,1,1,MU0059_20210228,Mula,1,3,2021-02-28
9754,1,1,MU0060_20210228,Mula,1,3,2021-02-28
9755,1,1,MU0061_20210228,Mula,1,3,2021-02-28
9756,1,1,MU0062_20210228,Mula,1,3,2021-02-28
9757,1,1,MU0063_20210228,Mula,1,3,2021-02-28
9758,1,1,MU0064_20210228,Mula,1,3,2021-02-28
9759,1,0,MU0065_20210228,Mula,1,3,2021-02-28
9760,1,1,MU0066_20210228,Mula,1,3,2021-02-28
9761,1,0,MU0067_20210228,Mula,1,3,2021-02-28
9762,1,0,MU0068_20210228,Mula,1,3,2021-02-28
9763,1,1,MU0069_20210228,Mula,1,3,2021-02-28
9764,1,1,MU0070_20210228,Mula,1,3,2021-02-28
9765,1,1,MU0071_20210228,Mula,1,3,2021-02-28
9766,1,1,MU0072_20210228,Mula,1,3,2021-02-28
9767,1,1,MU0073_20210228,Mula,1,3,2021-02-28
9768,1,1,MU0074_20210228,Mula,1,3,2021-02-28
9769,1,1,MU0075_20210228,Mula,1,3,2021-02-28
9770,1,0,MU0076_20210228,Mula,1,3,2021-02-28
9771,1,1,MU0077_20210228,Mula,1,3,2021-02-28
9772,1,1,MU0078_20210228,Mula,1,3,2021-02-28
9773,1,1,MU0079_20210228,Mula,1,3,2021-02-28
9774,1,0,MU0080_20210228,Mula,1,3,2021-02-28
9775,1,0,MU0081_20210228,Mula,1,3,2021-02-28
9776,1,1,MU0082_20210228,Mula,1,3,2021-02-28
9777,1,1,MU0083_20210228,Mula,1,3,2021-02-28
9778,1,0,MU0084_20210228,Mula,1,3,2021-02-28
9779,1,1,MU0085_20210228,Mula,1,3,2021-02-28
9780,1,1,MU0086_20210228,Mula,1,3,2021-02-28
9781,1,1,MU0087_20210228,Mula,1,3,2021-02-28
9782,1,1,MU0088_20210228,Mula,1,3,2021-02-28
9783,1,1,MU0089_20210228,Mula,1,3,2021-02-28
9784,1,1,MU0090_20210228,Mula,1,3,2021-02-28
9785,1,1,MU0091_20210228,Mula,1,3,2021-02-28
9786,1,1,MU0092_20210228,Mula,1,3,2021-02-28
9787,1,1,MU0093_20210228,Mula,1,3,2021-02-28
9788,1,1,MU0094_20210228,Mula,1,3,2021-02-28
9789,1,1,MU0095_20210228,Mula,1,3,2021-02-28
9790,1,1,MU0096_20210228,Mula,1,3,2021-02-28
9791,1,1,MU0097_20210228,Mula,1,3,2021-02-28
9792,1,1,MU0098_20210228,Mula,1,3,2021-02-28
9793,1,1,MU0099_20210228,Mula,1,3,2021-02-28
9794,1,1,MU0100_20210228,Mula,1,3,2021-02-28
9795,1,1,MU0101_20210228,Mula,1,3,2021-02-28
9796,1,1,MU0102_20210228,Mula,1,3,2021-02-28
9797,1,0,MU0103_20210228,Mula,1,3,2021-02-28
9798,1,1,MU0104_20210228,Mula,1,3,2021-02-28
9799,1,1,MU0105_20210228,Mula,1,3,2021-02-28
9800,1,1,MU0106_20210228,Mula,1,3,2021-02-28
9801,1,1,MU0107_20210228,Mula,1,3,2021-02-28
9802,1,1,MU0108_20210228,Mula,1,3,2021-02-28
9803,1,0,MU0109_20210228,Mula,1,3,2021-02-28
9804,1,1,MU0110_20210228,Mula,1,3,2021-02-28
9805,1,1,MU0111_20210228,Mula,1,3,2021-02-28
9806,1,1,MU0112_20210228,Mula,1,3,2021-02-28
9807,1,1,MU0113_20210228,Mula,1,3,2021-02-28
9808,1,1,MU0114_20210228,Mula,1,3,2021-02-28
9809,1,1,MU0115_20210228,Mula,1,3,2021-02-28
9810,1,1,MU0116_20210228,Mula,1,3,2021-02-28
9811,1,0,MU0117_20210228,Mula,1,3,2021-02-28
9812,1,1,MU0118_20210228,Mula,1,3,2021-02-28
9813,1,1,MU0119_20210228,Mula,1,3,2021-02-28
9814,1,1,MU0120_20210228,Mula,1,3,2021-02-28
9815,0,0,MU0121_20210228,Mula,0,2,2021-02-28
9816,0,0,MU0122_20210228,Mula,0,2,2021-02-28
9817,0,0,MU0123_20210228,Mula,0,2,2021-02-28
9818,0,0,MU0124_20210228,Mula,0,2,2021-02-28
9819,0,0,MU0125_20210228,Mula,0,2,2021-02-28
9820,0,0,MU0126_20210228,Mula,0,2,2021-02-28
9821,0,0,MU0127_20210228,Mula,0,2,2021-02-28
9822,0,0,MU0128_20210228,Mula,0,2,2021-02-28
9823,0,0,MU0129_20210228,Mula,0,2,2021-02-28
9824,0,0,MU0130_20210228,Mula,0,2,2021-02-28
9825,0,0,MU0131_20210228,Mula,0,2,2021-02-28
9826,0,0,MU0132_20210228,Mula,0,2,2021-02-28
9827,0,0,MU0133_20210228,Mula,0,2,2021-02-28
9828,0,0,MU0134_20210228,Mula,0,2,2021-02-28
9829,0,0,MU0135_20210228,Mula,0,2,2021-02-28
9830,0,0,MU0136_20210228,Mula,0,2,2021-02-28
9831,0,0,MU0137_20210228,Mula,0,2,2021-02-28
9832,0,0,MU0138_20210228,Mula,0,2,2021-02-28
9833,0,0,MU0139_20210228,Mula,0,2,2021-02-28
9834,0,0,MU0140_20210228,Mula,0,2,2021-02-28
9835,0,0,MU0141_20210228,Mula,0,2,2021-02-28
9836,0,0,MU0142_20210228,Mula,0,2,2021-02-28
9837,0,0,MU0143_20210228,Mula,0,2,2021-02-28
9838,0,0,MU0144_20210228,Mula,0,2,2021-02-28
9839,0,0,MU0145_20210228,Mula,0,2,2021-02-28
9840,0,0,MU0146_20210228,Mula,0,2,2021-02-28
9841,0,0,MU0147_20210228,Mula,0,2,2021-02-28
9842,0,0,MU0148_20210228,Mula,0,2,2021-02-28
9843,0,0,MU0149_20210228,Mula,0,2,2021-02-28
9844,0,0,MU0150_20210228,Mula,0,2,2021-02-28
9845,0,0,MU0151_20210228,Mula,0,2,2021-02-28
9846,0,0,MU0152_20210228,Mula,0,2,2021-02-28
9847,0,0,MU0153_20210228,Mula,0,2,2021-02-28
9848,0,0,MU0154_20210228,Mula,0,2,2021-02-28
9849,0,0,MU0155_20210228,Mula,0,2,2021-02-28
9850,0,0,MU0156_20210228,Mula,0,2,2021-02-28
9851,0,0,MU0157_20210228,Mula,0,2,2021-02-28
9852,0,0,MU0158_20210228,Mula,0,2,2021-02-28
9853,0,0,MU0159_20210228,Mula,0,2,2021-02-28
9854,0,0,MU0160_20210228,Mula,0,2,2021-02-28
9855,0,0,MU0161_20210228,Mula,0,2,2021-02-28
9856,0,0,MU0162_20210228,Mula,0,2,2021-02-28
9857,0,0,MU0163_20210228,Mula,0,2,2021-02-28
9858,0,0,MU0164_20210228,Mula,0,2,2021-02-28
9859,0,0,MU0165_20210228,Mula,0,2,2021-02-28
9860,0,0,MU0166_20210228,Mula,0,2,2021-02-28
9861,0,0,MU0167_20210228,Mula,0,2,2021-02-28
9862,0,0,MU0168_20210228,Mula,0,2,2021-02-28
9863,0,0,MU0169_20210228,Mula,0,2,2021-02-28
9864,0,0,MU0170_20210228,Mula,0,2,2021-02-28
9865,0,0,MU0171_20210228,Mula,0,2,2021-02-28
9866,0,0,MU0172_20210228,Mula,0,2,2021-02-28
9867,0,0,MU0173_20210228,Mula,0,2,2021-02-28
9868,0,0,MU0174_20210228,Mula,0,2,2021-02-28
9869,0,0,MU0175_20210228,Mula,0,2,2021-02-28
9870,0,0,MU0176_20210228,Mula,0,2,2021-02-28
9871,0,0,MU0177_20210228,Mula,0,2,2021-02-28
9872,0,0,MU0178_20210228,Mula,0,2,2021-02-28
9873,0,0,MU0179_20210228,Mula,0,2,2021-02-28
9874,0,0,MU0180_20210228,Mula,0,2,2021-02-28
9875,0,0,MU0181_20210228,Mula,0,1,2021-02-28
9876,0,0,MU0182_20210228,Mula,0,1,2021-02-28
9877,0,0,MU0183_20210228,Mula,0,1,2021-02-28
9878,0,0,MU0184_20210228,Mula,0,1,2021-02-28
9879,0,0,MU0185_20210228,Mula,0,1,2021-02-28
9880,0,0,MU0186_20210228,Mula,0,1,2021-02-28
9881,0,0,MU0187_20210228,Mula,0,1,2021-02-28
9882,0,0,MU0188_20210228,Mula,0,1,2021-02-28
9883,0,0,MU0189_20210228,Mula,0,1,2021-02-28
9884,0,0,MU0190_20210228,Mula,0,1,2021-02-28
9885,0,0,MU0191_20210228,Mula,0,1,2021-02-28
9886,0,0,MU0192_20210228,Mula,0,1,2021-02-28
9887,0,0,MU0193_20210228,Mula,0,1,2021-02-28
9888,0,0,MU0194_20210228,Mula,0,1,2021-02-28
9889,0,0,MU0195_20210228,Mula,0,1,2021-02-28
9890,0,0,MU0196_20210228,Mula,0,1,2021-02-28
9891,0,0,MU0197_20210228,Mula,0,1,2021-02-28
9892,0,0,MU0198_20210228,Mula,0,1,2021-02-28
9893,0,0,MU0199_20210228,Mula,0,1,2021-02-28
9894,0,0,MU0200_20210228,Mula,0,1,2021-02-28
9895,0,0,MU0201_20210228,Mula,0,1,2021-02-28
9896,0,0,MU0202_20210228,Mula,0,1,2021-02-28
9897,0,0,MU0203_20210228,Mula,0,1,2021-02-28
9898,0,0,MU0204_20210228,Mula,0,1,2021-02-28
9899,0,0,MU0205_20210228,Mula,0,1,2021-02-28
9900,0,0,MU0206_20210228,Mula,0,1,2021-02-28
9901,0,0,MU0207_20210228,Mula,0,1,2021-02-28
9902,0,0,MU0208_20210228,Mula,0,1,2021-02-28
9903,0,0,MU0209_20210228,Mula,0,1,2021-02-28
9904,0,0,MU0210_20210228,Mula,0,1,2021-02-28
9905,0,0,MU0211_20210228,Mula,0,1,2021-02-28
9906,0,0,MU0212_20210228,Mula,0,1,2021-02-28
9907,0,0,MU0213_20210228,Mula,0,1,2021-02-28
9908,0,0,MU0214_20210228,Mula,0,1,2021-02-28
9909,0,0,MU0215_20210228,Mula,0,1,2021-02-28
9910,0,0,MU0216_20210228,Mula,0,1,2021-02-28
9911,0,0,MU0217_20210228,Mula,0,1,2021-02-28
9912,0,0,MU0218_20210228,Mula,0,1,2021-02-28
9913,0,0,MU0219_20210228,Mula,0,1,2021-02-28
9914,0,0,MU0220_20210228,Mula,0,1,2021-02-28
9915,0,0,MU0221_20210228,Mula,0,1,2021-02-28
9916,0,0,MU0222_20210228,Mula,0,1,2021-02-28
9917,0,0,MU0223_20210228,Mula,0,1,2021-02-28
9918,0,0,MU0224_20210228,Mula,0,1,2021-02-28
9919,0,0,MU0225_20210228,Mula,0,1,2021-02-28
9920,0,0,MU0226_20210228,Mula,0,1,2021-02-28
9921,0,0,MU0227_20210228,Mula,0,1,2021-02-28
9922,0,0,MU0228_20210228,Mula,0,1,2021-02-28
9923,0,0,MU0229_20210228,Mula,0,1,2021-02-28
9924,0,0,MU0230_20210228,Mula,0,1,2021-02-28
9925,0,0,MU0231_20210228,Mula,0,1,2021-02-28
9926,0,0,MU0232_20210228,Mula,0,1,2021-02-28
9927,0,0,MU0233_20210228,Mula,0,1,2021-02-28
9928,0,0,MU0234_20210228,Mula,0,1,2021-02-28
9929,0,0,MU0235_20210228,Mula,0,1,2021-02-28
9930,0,0,MU0236_20210228,Mula,0,1,2021-02-28
9931,0,0,MU0237_20210228,Mula,0,1,2021-02-28
9932,0,0,MU0238_20210228,Mula,0,1,2021-02-28
9933,0,0,MU0239_20210228,Mula,0,1,2021-02-28
9934,0,1,MU0240_20210228,Mula,0,1,2021-02-28
9935,1,1,RA0001_20240810,RawaPening,1,3,2024-08-10
9936,1,1,RA0002_20240810,RawaPening,1,3,2024-08-10
9937,1,0,RA0003_20240810,RawaPening,1,3,2024-08-10
9938,1,1,RA0004_20240810,RawaPening,1,3,2024-08-10
9939,1,1,RA0005_20240810,RawaPening,1,3,2024-08-10
9940,1,1,RA0006_20240810,RawaPening,1,3,2024-08-10
9941,1,1,RA0007_20240810,RawaPening,1,3,2024-08-10
9942,1,1,RA0008_20240810,RawaPening,1,3,2024-08-10
9943,1,1,RA0009_20240810,RawaPening,1,3,2024-08-10
9944,1,1,RA0010_20240810,RawaPening,1,3,2024-08-10
9945,1,1,RA0011_20240810,RawaPening,1,3,2024-08-10
9946,1,1,RA0012_20240810,RawaPening,1,3,2024-08-10
9947,1,1,RA0013_20240810,RawaPening,1,3,2024-08-10
9948,1,1,RA0014_20240810,RawaPening,1,3,2024-08-10
9949,1,1,RA0015_20240810,RawaPening,1,3,2024-08-10
9950,1,1,RA0016_20240810,RawaPening,1,3,2024-08-10
9951,1,1,RA0017_20240810,RawaPening,1,3,2024-08-10
9952,1,1,RA0018_20240810,RawaPening,1,3,2024-08-10
9953,1,1,RA0019_20240810,RawaPening,1,3,2024-08-10
9954,1,1,RA0020_20240810,RawaPening,1,3,2024-08-10
9955,1,1,RA0021_20240810,RawaPening,1,3,2024-08-10
9956,1,1,RA0022_20240810,RawaPening,1,3,2024-08-10
9957,1,0,RA0023_20240810,RawaPening,1,3,2024-08-10
9958,1,1,RA0024_20240810,RawaPening,1,3,2024-08-10
9959,1,1,RA0025_20240810,RawaPening,1,3,2024-08-10
9960,1,1,RA0026_20240810,RawaPening,1,3,2024-08-10
9961,1,1,RA0027_20240810,RawaPening,1,3,2024-08-10
9962,1,1,RA0028_20240810,RawaPening,1,3,2024-08-10
9963,1,1,RA0029_20240810,RawaPening,1,3,2024-08-10
9964,1,1,RA0030_20240810,RawaPening,1,3,2024-08-10
9965,1,1,RA0031_20240810,RawaPening,1,3,2024-08-10
9966,1,1,RA0032_20240810,RawaPening,1,3,2024-08-10
9967,1,1,RA0033_20240810,RawaPening,1,3,2024-08-10
9968,1,1,RA0034_20240810,RawaPening,1,3,2024-08-10
9969,1,1,RA0035_20240810,RawaPening,1,3,2024-08-10
9970,1,1,RA0036_20240810,RawaPening,1,3,2024-08-10
9971,1,1,RA0037_20240810,RawaPening,1,3,2024-08-10
9972,1,1,RA0038_20240810,RawaPening,1,3,2024-08-10
9973,1,1,RA0039_20240810,RawaPening,1,3,2024-08-10
9974,1,1,RA0040_20240810,RawaPening,1,3,2024-08-10
9975,1,1,RA0041_20240810,RawaPening,1,3,2024-08-10
9976,1,1,RA0042_20240810,RawaPening,1,3,2024-08-10
9977,1,1,RA0043_20240810,RawaPening,1,3,2024-08-10
9978,1,1,RA0044_20240810,RawaPening,1,3,2024-08-10
9979,1,1,RA0045_20240810,RawaPening,1,3,2024-08-10
9980,1,1,RA0046_20240810,RawaPening,1,3,2024-08-10
9981,1,1,RA0047_20240810,RawaPening,1,3,2024-08-10
9982,1,1,RA0048_20240810,RawaPening,1,3,2024-08-10
9983,1,1,RA0049_20240810,RawaPening,1,3,2024-08-10
9984,1,1,RA0050_20240810,RawaPening,1,3,2024-08-10
9985,1,0,RA0051_20240810,RawaPening,1,3,2024-08-10
9986,1,1,RA0052_20240810,RawaPening,1,3,2024-08-10
9987,1,1,RA0053_20240810,RawaPening,1,3,2024-08-10
9988,1,1,RA0054_20240810,RawaPening,1,3,2024-08-10
9989,1,1,RA0055_20240810,RawaPening,1,3,2024-08-10
9990,1,1,RA0056_20240810,RawaPening,1,3,2024-08-10
9991,1,1,RA0057_20240810,RawaPening,1,3,2024-08-10
9992,1,1,RA0058_20240810,RawaPening,1,3,2024-08-10
9993,1,1,RA0059_20240810,RawaPening,1,3,2024-08-10
9994,1,1,RA0060_20240810,RawaPening,1,3,2024-08-10
9995,1,1,RA0061_20240810,RawaPening,1,3,2024-08-10
9996,1,1,RA0062_20240810,RawaPening,1,3,2024-08-10
9997,1,1,RA0063_20240810,RawaPening,1,3,2024-08-10
9998,1,1,RA0064_20240810,RawaPening,1,3,2024-08-10
9999,1,1,RA0065_20240810,RawaPening,1,3,2024-08-10
10000,1,1,RA0066_20240810,RawaPening,1,3,2024-08-10
10001,1,1,RA0067_20240810,RawaPening,1,3,2024-08-10
10002,1,1,RA0068_20240810,RawaPening,1,3,2024-08-10
10003,1,1,RA0069_20240810,RawaPening,1,3,2024-08-10
10004,1,1,RA0070_20240810,RawaPening,1,3,2024-08-10
10005,1,1,RA0071_20240810,RawaPening,1,3,2024-08-10
10006,1,0,RA0072_20240810,RawaPening,1,3,2024-08-10
10007,1,0,RA0073_20240810,RawaPening,1,3,2024-08-10
10008,1,1,RA0074_20240810,RawaPening,1,3,2024-08-10
10009,1,0,RA0075_20240810,RawaPening,1,3,2024-08-10
10010,1,0,RA0076_20240810,RawaPening,1,3,2024-08-10
10011,1,0,RA0077_20240810,RawaPening,1,3,2024-08-10
10012,1,0,RA0078_20240810,RawaPening,1,3,2024-08-10
10013,1,1,RA0079_20240810,RawaPening,1,3,2024-08-10
10014,1,1,RA0080_20240810,RawaPening,1,3,2024-08-10
10015,1,1,RA0081_20240810,RawaPening,1,3,2024-08-10
10016,1,1,RA0082_20240810,RawaPening,1,3,2024-08-10
10017,1,1,RA0083_20240810,RawaPening,1,3,2024-08-10
10018,1,1,RA0084_20240810,RawaPening,1,3,2024-08-10
10019,1,1,RA0085_20240810,RawaPening,1,3,2024-08-10
10020,1,1,RA0086_20240810,RawaPening,1,3,2024-08-10
10021,1,1,RA0087_20240810,RawaPening,1,3,2024-08-10
10022,1,1,RA0088_20240810,RawaPening,1,3,2024-08-10
10023,1,1,RA0089_20240810,RawaPening,1,3,2024-08-10
10024,1,1,RA0090_20240810,RawaPening,1,3,2024-08-10
10025,1,1,RA0091_20240810,RawaPening,1,3,2024-08-10
10026,1,1,RA0092_20240810,RawaPening,1,3,2024-08-10
10027,1,1,RA0093_20240810,RawaPening,1,3,2024-08-10
10028,1,0,RA0094_20240810,RawaPening,1,3,2024-08-10
10029,1,1,RA0095_20240810,RawaPening,1,3,2024-08-10
10030,1,1,RA0096_20240810,RawaPening,1,3,2024-08-10
10031,1,1,RA0097_20240810,RawaPening,1,3,2024-08-10
10032,1,1,RA0098_20240810,RawaPening,1,3,2024-08-10
10033,1,1,RA0099_20240810,RawaPening,1,3,2024-08-10
10034,1,0,RA0100_20240810,RawaPening,1,3,2024-08-10
10035,1,1,RA0101_20240810,RawaPening,1,3,2024-08-10
10036,1,1,RA0102_20240810,RawaPening,1,3,2024-08-10
10037,0,0,RA0103_20240810,RawaPening,0,2,2024-08-10
10038,0,0,RA0104_20240810,RawaPening,0,2,2024-08-10
10039,0,0,RA0105_20240810,RawaPening,0,2,2024-08-10
10040,0,0,RA0106_20240810,RawaPening,0,2,2024-08-10
10041,0,0,RA0107_20240810,RawaPening,0,2,2024-08-10
10042,0,0,RA0108_20240810,RawaPening,0,2,2024-08-10
10043,0,0,RA0109_20240810,RawaPening,0,2,2024-08-10
10044,0,0,RA0110_20240810,RawaPening,0,2,2024-08-10
10045,0,0,RA0111_20240810,RawaPening,0,2,2024-08-10
10046,0,0,RA0112_20240810,RawaPening,0,2,2024-08-10
10047,0,0,RA0113_20240810,RawaPening,0,2,2024-08-10
10048,0,0,RA0114_20240810,RawaPening,0,2,2024-08-10
10049,0,0,RA0115_20240810,RawaPening,0,2,2024-08-10
10050,0,0,RA0116_20240810,RawaPening,0,2,2024-08-10
10051,0,0,RA0117_20240810,RawaPening,0,2,2024-08-10
10052,0,0,RA0118_20240810,RawaPening,0,2,2024-08-10
10053,0,0,RA0119_20240810,RawaPening,0,2,2024-08-10
10054,0,0,RA0120_20240810,RawaPening,0,2,2024-08-10
10055,0,0,RA0121_20240810,RawaPening,0,2,2024-08-10
10056,0,0,RA0122_20240810,RawaPening,0,2,2024-08-10
10057,0,0,RA0123_20240810,RawaPening,0,2,2024-08-10
10058,0,0,RA0124_20240810,RawaPening,0,2,2024-08-10
10059,0,0,RA0125_20240810,RawaPening,0,2,2024-08-10
10060,0,0,RA0126_20240810,RawaPening,0,2,2024-08-10
10061,0,0,RA0127_20240810,RawaPening,0,2,2024-08-10
10062,0,0,RA0128_20240810,RawaPening,0,2,2024-08-10
10063,0,0,RA0129_20240810,RawaPening,0,2,2024-08-10
10064,0,0,RA0130_20240810,RawaPening,0,2,2024-08-10
10065,0,0,RA0131_20240810,RawaPening,0,2,2024-08-10
10066,0,0,RA0132_20240810,RawaPening,0,2,2024-08-10
10067,0,0,RA0133_20240810,RawaPening,0,2,2024-08-10
10068,0,0,RA0134_20240810,RawaPening,0,2,2024-08-10
10069,0,0,RA0135_20240810,RawaPening,0,2,2024-08-10
10070,0,0,RA0136_20240810,RawaPening,0,2,2024-08-10
10071,0,0,RA0137_20240810,RawaPening,0,2,2024-08-10
10072,0,0,RA0138_20240810,RawaPening,0,2,2024-08-10
10073,0,0,RA0139_20240810,RawaPening,0,2,2024-08-10
10074,0,0,RA0140_20240810,RawaPening,0,2,2024-08-10
10075,0,0,RA0141_20240810,RawaPening,0,2,2024-08-10
10076,0,0,RA0142_20240810,RawaPening,0,2,2024-08-10
10077,0,0,RA0143_20240810,RawaPening,0,2,2024-08-10
10078,0,0,RA0144_20240810,RawaPening,0,2,2024-08-10
10079,0,0,RA0145_20240810,RawaPening,0,2,2024-08-10
10080,0,0,RA0146_20240810,RawaPening,0,2,2024-08-10
10081,0,0,RA0147_20240810,RawaPening,0,2,2024-08-10
10082,0,0,RA0148_20240810,RawaPening,0,2,2024-08-10
10083,0,0,RA0149_20240810,RawaPening,0,2,2024-08-10
10084,0,0,RA0150_20240810,RawaPening,0,2,2024-08-10
10085,0,0,RA0151_20240810,RawaPening,0,2,2024-08-10
10086,0,0,RA0152_20240810,RawaPening,0,2,2024-08-10
10087,0,0,RA0153_20240810,RawaPening,0,1,2024-08-10
10088,0,0,RA0154_20240810,RawaPening,0,1,2024-08-10
10089,0,0,RA0155_20240810,RawaPening,0,1,2024-08-10
10090,0,0,RA0156_20240810,RawaPening,0,1,2024-08-10
10091,0,0,RA0157_20240810,RawaPening,0,1,2024-08-10
10092,0,0,RA0158_20240810,RawaPening,0,1,2024-08-10
10093,0,0,RA0159_20240810,RawaPening,0,1,2024-08-10
10094,0,0,RA0160_20240810,RawaPening,0,1,2024-08-10
10095,0,0,RA0161_20240810,RawaPening,0,1,2024-08-10
10096,0,0,RA0162_20240810,RawaPening,0,1,2024-08-10
10097,0,0,RA0163_20240810,RawaPening,0,1,2024-08-10
10098,0,0,RA0164_20240810,RawaPening,0,1,2024-08-10
10099,0,0,RA0165_20240810,RawaPening,0,1,2024-08-10
10100,0,0,RA0166_20240810,RawaPening,0,1,2024-08-10
10101,0,0,RA0167_20240810,RawaPening,0,1,2024-08-10
10102,0,0,RA0168_20240810,RawaPening,0,1,2024-08-10
10103,0,0,RA0169_20240810,RawaPening,0,1,2024-08-10
10104,0,0,RA0170_20240810,RawaPening,0,1,2024-08-10
10105,0,0,RA0171_20240810,RawaPening,0,1,2024-08-10
10106,0,0,RA0172_20240810,RawaPening,0,1,2024-08-10
10107,0,1,RA0173_20240810,RawaPening,0,1,2024-08-10
10108,0,0,RA0174_20240810,RawaPening,0,1,2024-08-10
10109,0,0,RA0175_20240810,RawaPening,0,1,2024-08-10
10110,0,0,RA0176_20240810,RawaPening,0,1,2024-08-10
10111,0,0,RA0177_20240810,RawaPening,0,1,2024-08-10
10112,0,0,RA0178_20240810,RawaPening,0,1,2024-08-10
10113,0,0,RA0179_20240810,RawaPening,0,1,2024-08-10
10114,0,0,RA0180_20240810,RawaPening,0,1,2024-08-10
10115,0,0,RA0181_20240810,RawaPening,0,1,2024-08-10
10116,0,0,RA0182_20240810,RawaPening,0,1,2024-08-10
10117,0,0,RA0183_20240810,RawaPening,0,1,2024-08-10
10118,0,0,RA0184_20240810,RawaPening,0,1,2024-08-10
10119,0,1,RA0185_20240810,RawaPening,0,1,2024-08-10
10120,0,0,RA0186_20240810,RawaPening,0,1,2024-08-10
10121,0,1,RA0187_20240810,RawaPening,0,1,2024-08-10
10122,0,1,RA0188_20240810,RawaPening,0,1,2024-08-10
10123,0,0,RA0189_20240810,RawaPening,0,1,2024-08-10
10124,0,0,RA0190_20240810,RawaPening,0,1,2024-08-10
10125,0,0,RA0191_20240810,RawaPening,0,1,2024-08-10
10126,0,0,RA0192_20240810,RawaPening,0,1,2024-08-10
10127,0,0,RA0193_20240810,RawaPening,0,1,2024-08-10
10128,0,0,RA0194_20240810,RawaPening,0,1,2024-08-10
10129,0,0,RA0196_20240810,RawaPening,0,1,2024-08-10
10130,0,0,RA0197_20240810,RawaPening,0,1,2024-08-10
10131,0,0,RA0198_20240810,RawaPening,0,1,2024-08-10
10132,0,1,RA0199_20240810,RawaPening,0,1,2024-08-10
10133,0,0,RA0200_20240810,RawaPening,0,1,2024-08-10
10134,0,0,RA0201_20240810,RawaPening,0,1,2024-08-10
10135,0,0,RA0202_20240810,RawaPening,0,1,2024-08-10
10136,0,1,RA0001_20231015,RawaPening,0,1,2023-10-15
10137,0,1,RA0002_20231015,RawaPening,0,1,2023-10-15
10138,1,1,RA0001_20250626,RawaPening,1,3,2025-06-26
10139,1,1,RA0002_20250626,RawaPening,1,3,2025-06-26
10140,1,1,RA0003_20250626,RawaPening,1,3,2025-06-26
10141,1,1,RA0004_20250626,RawaPening,1,3,2025-06-26
10142,1,1,RA0005_20250626,RawaPening,1,3,2025-06-26
10143,1,1,RA0006_20250626,RawaPening,1,3,2025-06-26
10144,1,1,RA0007_20250626,RawaPening,1,3,2025-06-26
10145,1,1,RA0008_20250626,RawaPening,1,3,2025-06-26
10146,1,1,RA0009_20250626,RawaPening,1,3,2025-06-26
10147,1,1,RA0010_20250626,RawaPening,1,3,2025-06-26
10148,1,1,RA0011_20250626,RawaPening,1,3,2025-06-26
10149,1,1,RA0012_20250626,RawaPening,1,3,2025-06-26
10150,1,1,RA0013_20250626,RawaPening,1,3,2025-06-26
10151,1,0,RA0014_20250626,RawaPening,1,3,2025-06-26
10152,1,1,RA0015_20250626,RawaPening,1,3,2025-06-26
10153,1,1,RA0016_20250626,RawaPening,1,3,2025-06-26
10154,1,1,RA0017_20250626,RawaPening,1,3,2025-06-26
10155,1,1,RA0018_20250626,RawaPening,1,3,2025-06-26
10156,1,1,RA0019_20250626,RawaPening,1,3,2025-06-26
10157,1,1,RA0020_20250626,RawaPening,1,3,2025-06-26
10158,1,1,RA0021_20250626,RawaPening,1,3,2025-06-26
10159,1,1,RA0022_20250626,RawaPening,1,3,2025-06-26
10160,1,1,RA0023_20250626,RawaPening,1,3,2025-06-26
10161,1,1,RA0024_20250626,RawaPening,1,3,2025-06-26
10162,1,1,RA0025_20250626,RawaPening,1,3,2025-06-26
10163,1,1,RA0026_20250626,RawaPening,1,3,2025-06-26
10164,1,1,RA0027_20250626,RawaPening,1,3,2025-06-26
10165,1,1,RA0028_20250626,RawaPening,1,3,2025-06-26
10166,1,1,RA0029_20250626,RawaPening,1,3,2025-06-26
10167,1,1,RA0030_20250626,RawaPening,1,3,2025-06-26
10168,1,1,RA0031_20250626,RawaPening,1,3,2025-06-26
10169,1,1,RA0032_20250626,RawaPening,1,3,2025-06-26
10170,1,1,RA0033_20250626,RawaPening,1,3,2025-06-26
10171,1,1,RA0034_20250626,RawaPening,1,3,2025-06-26
10172,1,1,RA0035_20250626,RawaPening,1,3,2025-06-26
10173,1,1,RA0036_20250626,RawaPening,1,3,2025-06-26
10174,1,1,RA0037_20250626,RawaPening,1,3,2025-06-26
10175,1,1,RA0038_20250626,RawaPening,1,3,2025-06-26
10176,1,1,RA0039_20250626,RawaPening,1,3,2025-06-26
10177,1,1,RA0040_20250626,RawaPening,1,3,2025-06-26
10178,1,1,RA0041_20250626,RawaPening,1,3,2025-06-26
10179,1,1,RA0042_20250626,RawaPening,1,3,2025-06-26
10180,1,1,RA0043_20250626,RawaPening,1,3,2025-06-26
10181,1,1,RA0044_20250626,RawaPening,1,3,2025-06-26
10182,1,1,RA0045_20250626,RawaPening,1,3,2025-06-26
10183,1,1,RA0046_20250626,RawaPening,1,3,2025-06-26
10184,1,1,RA0047_20250626,RawaPening,1,3,2025-06-26
10185,1,1,RA0048_20250626,RawaPening,1,3,2025-06-26
10186,1,1,RA0049_20250626,RawaPening,1,3,2025-06-26
10187,1,1,RA0050_20250626,RawaPening,1,3,2025-06-26
10188,1,1,RA0051_20250626,RawaPening,1,3,2025-06-26
10189,1,1,RA0052_20250626,RawaPening,1,3,2025-06-26
10190,1,1,RA0053_20250626,RawaPening,1,3,2025-06-26
10191,1,1,RA0054_20250626,RawaPening,1,3,2025-06-26
10192,1,1,RA0055_20250626,RawaPening,1,3,2025-06-26
10193,1,1,RA0056_20250626,RawaPening,1,3,2025-06-26
10194,1,1,RA0057_20250626,RawaPening,1,3,2025-06-26
10195,1,1,RA0058_20250626,RawaPening,1,3,2025-06-26
10196,1,1,RA0059_20250626,RawaPening,1,3,2025-06-26
10197,1,1,RA0060_20250626,RawaPening,1,3,2025-06-26
10198,1,1,RA0061_20250626,RawaPening,1,3,2025-06-26
10199,1,1,RA0062_20250626,RawaPening,1,3,2025-06-26
10200,1,1,RA0063_20250626,RawaPening,1,3,2025-06-26
10201,1,1,RA0064_20250626,RawaPening,1,3,2025-06-26
10202,1,1,RA0065_20250626,RawaPening,1,3,2025-06-26
10203,1,1,RA0066_20250626,RawaPening,1,3,2025-06-26
10204,1,1,RA0067_20250626,RawaPening,1,3,2025-06-26
10205,1,1,RA0068_20250626,RawaPening,1,3,2025-06-26
10206,1,1,RA0069_20250626,RawaPening,1,3,2025-06-26
10207,1,1,RA0070_20250626,RawaPening,1,3,2025-06-26
10208,1,1,RA0071_20250626,RawaPening,1,3,2025-06-26
10209,1,1,RA0072_20250626,RawaPening,1,3,2025-06-26
10210,1,1,RA0073_20250626,RawaPening,1,3,2025-06-26
10211,1,1,RA0074_20250626,RawaPening,1,3,2025-06-26
10212,1,1,RA0075_20250626,RawaPening,1,3,2025-06-26
10213,1,1,RA0076_20250626,RawaPening,1,3,2025-06-26
10214,1,1,RA0077_20250626,RawaPening,1,3,2025-06-26
10215,1,1,RA0078_20250626,RawaPening,1,3,2025-06-26
10216,1,1,RA0079_20250626,RawaPening,1,3,2025-06-26
10217,1,1,RA0080_20250626,RawaPening,1,3,2025-06-26
10218,1,1,RA0081_20250626,RawaPening,1,3,2025-06-26
10219,1,1,RA0082_20250626,RawaPening,1,3,2025-06-26
10220,1,1,RA0083_20250626,RawaPening,1,3,2025-06-26
10221,1,1,RA0084_20250626,RawaPening,1,3,2025-06-26
10222,1,1,RA0085_20250626,RawaPening,1,3,2025-06-26
10223,1,1,RA0086_20250626,RawaPening,1,3,2025-06-26
10224,1,1,RA0087_20250626,RawaPening,1,3,2025-06-26
10225,1,1,RA0088_20250626,RawaPening,1,3,2025-06-26
10226,1,1,RA0089_20250626,RawaPening,1,3,2025-06-26
10227,1,1,RA0090_20250626,RawaPening,1,3,2025-06-26
10228,1,1,RA0091_20250626,RawaPening,1,3,2025-06-26
10229,1,1,RA0092_20250626,RawaPening,1,3,2025-06-26
10230,1,1,RA0093_20250626,RawaPening,1,3,2025-06-26
10231,1,1,RA0094_20250626,RawaPening,1,3,2025-06-26
10232,1,1,RA0095_20250626,RawaPening,1,3,2025-06-26
10233,1,1,RA0096_20250626,RawaPening,1,3,2025-06-26
10234,1,1,RA0097_20250626,RawaPening,1,3,2025-06-26
10235,1,1,RA0098_20250626,RawaPening,1,3,2025-06-26
10236,1,1,RA0099_20250626,RawaPening,1,3,2025-06-26
10237,1,0,RA0100_20250626,RawaPening,1,3,2025-06-26
10238,0,0,RA0101_20250626,RawaPening,0,2,2025-06-26
10239,0,0,RA0102_20250626,RawaPening,0,2,2025-06-26
10240,0,0,RA0103_20250626,RawaPening,0,2,2025-06-26
10241,0,0,RA0104_20250626,RawaPening,0,2,2025-06-26
10242,0,0,RA0105_20250626,RawaPening,0,2,2025-06-26
10243,0,0,RA0106_20250626,RawaPening,0,2,2025-06-26
10244,0,0,RA0107_20250626,RawaPening,0,2,2025-06-26
10245,0,0,RA0108_20250626,RawaPening,0,2,2025-06-26
10246,0,0,RA0109_20250626,RawaPening,0,2,2025-06-26
10247,0,0,RA0110_20250626,RawaPening,0,2,2025-06-26
10248,0,0,RA0111_20250626,RawaPening,0,2,2025-06-26
10249,0,0,RA0112_20250626,RawaPening,0,2,2025-06-26
10250,0,0,RA0113_20250626,RawaPening,0,2,2025-06-26
10251,0,0,RA0114_20250626,RawaPening,0,2,2025-06-26
10252,0,0,RA0115_20250626,RawaPening,0,2,2025-06-26
10253,0,0,RA0116_20250626,RawaPening,0,2,2025-06-26
10254,0,0,RA0117_20250626,RawaPening,0,2,2025-06-26
10255,0,0,RA0118_20250626,RawaPening,0,2,2025-06-26
10256,0,0,RA0119_20250626,RawaPening,0,2,2025-06-26
10257,0,0,RA0120_20250626,RawaPening,0,2,2025-06-26
10258,0,0,RA0121_20250626,RawaPening,0,2,2025-06-26
10259,0,0,RA0122_20250626,RawaPening,0,2,2025-06-26
10260,0,0,RA0123_20250626,RawaPening,0,2,2025-06-26
10261,0,0,RA0124_20250626,RawaPening,0,2,2025-06-26
10262,0,0,RA0125_20250626,RawaPening,0,2,2025-06-26
10263,0,0,RA0126_20250626,RawaPening,0,2,2025-06-26
10264,0,0,RA0127_20250626,RawaPening,0,2,2025-06-26
10265,0,0,RA0128_20250626,RawaPening,0,2,2025-06-26
10266,0,0,RA0129_20250626,RawaPening,0,2,2025-06-26
10267,0,0,RA0130_20250626,RawaPening,0,2,2025-06-26
10268,0,0,RA0131_20250626,RawaPening,0,2,2025-06-26
10269,0,0,RA0132_20250626,RawaPening,0,2,2025-06-26
10270,0,0,RA0133_20250626,RawaPening,0,2,2025-06-26
10271,0,0,RA0134_20250626,RawaPening,0,2,2025-06-26
10272,0,0,RA0135_20250626,RawaPening,0,2,2025-06-26
10273,0,0,RA0136_20250626,RawaPening,0,2,2025-06-26
10274,0,0,RA0137_20250626,RawaPening,0,2,2025-06-26
10275,0,0,RA0138_20250626,RawaPening,0,2,2025-06-26
10276,0,0,RA0139_20250626,RawaPening,0,2,2025-06-26
10277,0,0,RA0140_20250626,RawaPening,0,2,2025-06-26
10278,0,0,RA0141_20250626,RawaPening,0,2,2025-06-26
10279,0,0,RA0142_20250626,RawaPening,0,2,2025-06-26
10280,0,0,RA0143_20250626,RawaPening,0,2,2025-06-26
10281,0,0,RA0144_20250626,RawaPening,0,2,2025-06-26
10282,0,0,RA0145_20250626,RawaPening,0,2,2025-06-26
10283,0,0,RA0146_20250626,RawaPening,0,2,2025-06-26
10284,0,0,RA0147_20250626,RawaPening,0,2,2025-06-26
10285,0,0,RA0148_20250626,RawaPening,0,2,2025-06-26
10286,0,0,RA0149_20250626,RawaPening,0,2,2025-06-26
10287,0,0,RA0150_20250626,RawaPening,0,2,2025-06-26
10288,0,0,RA0151_20250626,RawaPening,0,1,2025-06-26
10289,0,0,RA0152_20250626,RawaPening,0,1,2025-06-26
10290,0,0,RA0153_20250626,RawaPening,0,1,2025-06-26
10291,0,0,RA0154_20250626,RawaPening,0,1,2025-06-26
10292,0,1,RA0155_20250626,RawaPening,0,1,2025-06-26
10293,0,0,RA0156_20250626,RawaPening,0,1,2025-06-26
10294,0,0,RA0157_20250626,RawaPening,0,1,2025-06-26
10295,0,0,RA0158_20250626,RawaPening,0,1,2025-06-26
10296,0,0,RA0159_20250626,RawaPening,0,1,2025-06-26
10297,0,0,RA0160_20250626,RawaPening,0,1,2025-06-26
10298,0,0,RA0161_20250626,RawaPening,0,1,2025-06-26
10299,0,0,RA0162_20250626,RawaPening,0,1,2025-06-26
10300,0,0,RA0163_20250626,RawaPening,0,1,2025-06-26
10301,0,0,RA0164_20250626,RawaPening,0,1,2025-06-26
10302,0,0,RA0165_20250626,RawaPening,0,1,2025-06-26
10303,0,0,RA0166_20250626,RawaPening,0,1,2025-06-26
10304,0,0,RA0167_20250626,RawaPening,0,1,2025-06-26
10305,0,0,RA0168_20250626,RawaPening,0,1,2025-06-26
10306,0,0,RA0169_20250626,RawaPening,0,1,2025-06-26
10307,0,0,RA0170_20250626,RawaPening,0,1,2025-06-26
10308,0,0,RA0171_20250626,RawaPening,0,1,2025-06-26
10309,0,0,RA0172_20250626,RawaPening,0,1,2025-06-26
10310,0,0,RA0173_20250626,RawaPening,0,1,2025-06-26
10311,0,0,RA0174_20250626,RawaPening,0,1,2025-06-26
10312,0,0,RA0175_20250626,RawaPening,0,1,2025-06-26
10313,0,0,RA0176_20250626,RawaPening,0,1,2025-06-26
10314,0,0,RA0177_20250626,RawaPening,0,1,2025-06-26
10315,0,0,RA0178_20250626,RawaPening,0,1,2025-06-26
10316,0,1,RA0179_20250626,RawaPening,0,1,2025-06-26
10317,0,1,RA0180_20250626,RawaPening,0,1,2025-06-26
10318,0,0,RA0181_20250626,RawaPening,0,1,2025-06-26
10319,0,0,RA0182_20250626,RawaPening,0,1,2025-06-26
10320,0,0,RA0183_20250626,RawaPening,0,1,2025-06-26
10321,0,0,RA0184_20250626,RawaPening,0,1,2025-06-26
10322,0,0,RA0185_20250626,RawaPening,0,1,2025-06-26
10323,0,0,RA0186_20250626,RawaPening,0,1,2025-06-26
10324,0,0,RA0187_20250626,RawaPening,0,1,2025-06-26
10325,0,0,RA0188_20250626,RawaPening,0,1,2025-06-26
10326,0,0,RA0189_20250626,RawaPening,0,1,2025-06-26
10327,0,1,RA0190_20250626,RawaPening,0,1,2025-06-26
10328,0,1,RA0191_20250626,RawaPening,0,1,2025-06-26
10329,0,0,RA0192_20250626,RawaPening,0,1,2025-06-26
10330,0,0,RA0193_20250626,RawaPening,0,1,2025-06-26
10331,0,1,RA0194_20250626,RawaPening,0,1,2025-06-26
10332,0,1,RA0195_20250626,RawaPening,0,1,2025-06-26
10333,0,1,RA0196_20250626,RawaPening,0,1,2025-06-26
10334,0,0,RA0197_20250626,RawaPening,0,1,2025-06-26
10335,0,1,RA0198_20250626,RawaPening,0,1,2025-06-26
10336,0,0,RA0199_20250626,RawaPening,0,1,2025-06-26
10337,0,0,RA0200_20250626,RawaPening,0,1,2025-06-26
10338,1,1,RA0001_20210826,RawaPening,1,3,2021-08-26
10339,1,1,RA0002_20210826,RawaPening,1,3,2021-08-26
10340,1,1,RA0003_20210826,RawaPening,1,3,2021-08-26
10341,1,1,RA0004_20210826,RawaPening,1,3,2021-08-26
10342,1,1,RA0005_20210826,RawaPening,1,3,2021-08-26
10343,1,1,RA0006_20210826,RawaPening,1,3,2021-08-26
10344,1,1,RA0007_20210826,RawaPening,1,3,2021-08-26
10345,1,1,RA0008_20210826,RawaPening,1,3,2021-08-26
10346,1,1,RA0009_20210826,RawaPening,1,3,2021-08-26
10347,1,1,RA0010_20210826,RawaPening,1,3,2021-08-26
10348,1,1,RA0011_20210826,RawaPening,1,3,2021-08-26
10349,1,1,RA0012_20210826,RawaPening,1,3,2021-08-26
10350,1,1,RA0013_20210826,RawaPening,1,3,2021-08-26
10351,1,1,RA0014_20210826,RawaPening,1,3,2021-08-26
10352,1,1,RA0015_20210826,RawaPening,1,3,2021-08-26
10353,1,1,RA0016_20210826,RawaPening,1,3,2021-08-26
10354,1,1,RA0017_20210826,RawaPening,1,3,2021-08-26
10355,1,1,RA0018_20210826,RawaPening,1,3,2021-08-26
10356,1,1,RA0019_20210826,RawaPening,1,3,2021-08-26
10357,1,1,RA0020_20210826,RawaPening,1,3,2021-08-26
10358,1,1,RA0021_20210826,RawaPening,1,3,2021-08-26
10359,1,1,RA0022_20210826,RawaPening,1,3,2021-08-26
10360,1,1,RA0023_20210826,RawaPening,1,3,2021-08-26
10361,1,1,RA0024_20210826,RawaPening,1,3,2021-08-26
10362,1,1,RA0025_20210826,RawaPening,1,3,2021-08-26
10363,1,1,RA0026_20210826,RawaPening,1,3,2021-08-26
10364,1,1,RA0027_20210826,RawaPening,1,3,2021-08-26
10365,1,1,RA0028_20210826,RawaPening,1,3,2021-08-26
10366,1,0,RA0029_20210826,RawaPening,1,3,2021-08-26
10367,1,1,RA0030_20210826,RawaPening,1,3,2021-08-26
10368,1,1,RA0031_20210826,RawaPening,1,3,2021-08-26
10369,1,1,RA0032_20210826,RawaPening,1,3,2021-08-26
10370,1,1,RA0033_20210826,RawaPening,1,3,2021-08-26
10371,1,1,RA0034_20210826,RawaPening,1,3,2021-08-26
10372,1,1,RA0035_20210826,RawaPening,1,3,2021-08-26
10373,1,1,RA0036_20210826,RawaPening,1,3,2021-08-26
10374,1,1,RA0037_20210826,RawaPening,1,3,2021-08-26
10375,1,1,RA0038_20210826,RawaPening,1,3,2021-08-26
10376,1,1,RA0039_20210826,RawaPening,1,3,2021-08-26
10377,1,0,RA0040_20210826,RawaPening,1,3,2021-08-26
10378,1,1,RA0041_20210826,RawaPening,1,3,2021-08-26
10379,1,1,RA0042_20210826,RawaPening,1,3,2021-08-26
10380,1,1,RA0043_20210826,RawaPening,1,3,2021-08-26
10381,1,1,RA0044_20210826,RawaPening,1,3,2021-08-26
10382,1,1,RA0045_20210826,RawaPening,1,3,2021-08-26
10383,1,1,RA0046_20210826,RawaPening,1,3,2021-08-26
10384,1,0,RA0047_20210826,RawaPening,1,3,2021-08-26
10385,1,0,RA0048_20210826,RawaPening,1,3,2021-08-26
10386,1,1,RA0049_20210826,RawaPening,1,3,2021-08-26
10387,1,1,RA0050_20210826,RawaPening,1,3,2021-08-26
10388,1,1,RA0051_20210826,RawaPening,1,3,2021-08-26
10389,1,1,RA0052_20210826,RawaPening,1,3,2021-08-26
10390,1,1,RA0053_20210826,RawaPening,1,3,2021-08-26
10391,1,1,RA0054_20210826,RawaPening,1,3,2021-08-26
10392,1,1,RA0055_20210826,RawaPening,1,3,2021-08-26
10393,1,1,RA0056_20210826,RawaPening,1,3,2021-08-26
10394,1,1,RA0057_20210826,RawaPening,1,3,2021-08-26
10395,1,1,RA0058_20210826,RawaPening,1,3,2021-08-26
10396,1,1,RA0059_20210826,RawaPening,1,3,2021-08-26
10397,1,1,RA0061_20210826,RawaPening,1,3,2021-08-26
10398,1,1,RA0062_20210826,RawaPening,1,3,2021-08-26
10399,1,1,RA0063_20210826,RawaPening,1,3,2021-08-26
10400,1,1,RA0064_20210826,RawaPening,1,3,2021-08-26
10401,1,1,RA0065_20210826,RawaPening,1,3,2021-08-26
10402,1,1,RA0066_20210826,RawaPening,1,3,2021-08-26
10403,1,0,RA0067_20210826,RawaPening,1,3,2021-08-26
10404,1,1,RA0068_20210826,RawaPening,1,3,2021-08-26
10405,1,1,RA0069_20210826,RawaPening,1,3,2021-08-26
10406,1,1,RA0070_20210826,RawaPening,1,3,2021-08-26
10407,1,1,RA0071_20210826,RawaPening,1,3,2021-08-26
10408,1,1,RA0072_20210826,RawaPening,1,3,2021-08-26
10409,1,1,RA0073_20210826,RawaPening,1,3,2021-08-26
10410,1,1,RA0074_20210826,RawaPening,1,3,2021-08-26
10411,1,1,RA0075_20210826,RawaPening,1,3,2021-08-26
10412,1,1,RA0076_20210826,RawaPening,1,3,2021-08-26
10413,1,1,RA0077_20210826,RawaPening,1,3,2021-08-26
10414,1,1,RA0078_20210826,RawaPening,1,3,2021-08-26
10415,1,1,RA0079_20210826,RawaPening,1,3,2021-08-26
10416,1,0,RA0080_20210826,RawaPening,1,3,2021-08-26
10417,1,1,RA0081_20210826,RawaPening,1,3,2021-08-26
10418,1,1,RA0082_20210826,RawaPening,1,3,2021-08-26
10419,1,1,RA0083_20210826,RawaPening,1,3,2021-08-26
10420,1,1,RA0084_20210826,RawaPening,1,3,2021-08-26
10421,1,1,RA0085_20210826,RawaPening,1,3,2021-08-26
10422,1,1,RA0086_20210826,RawaPening,1,3,2021-08-26
10423,1,1,RA0087_20210826,RawaPening,1,3,2021-08-26
10424,1,1,RA0088_20210826,RawaPening,1,3,2021-08-26
10425,1,1,RA0089_20210826,RawaPening,1,3,2021-08-26
10426,1,1,RA0090_20210826,RawaPening,1,3,2021-08-26
10427,1,1,RA0091_20210826,RawaPening,1,3,2021-08-26
10428,1,1,RA0092_20210826,RawaPening,1,3,2021-08-26
10429,1,1,RA0093_20210826,RawaPening,1,3,2021-08-26
10430,1,1,RA0094_20210826,RawaPening,1,3,2021-08-26
10431,1,1,RA0095_20210826,RawaPening,1,3,2021-08-26
10432,1,1,RA0096_20210826,RawaPening,1,3,2021-08-26
10433,1,1,RA0097_20210826,RawaPening,1,3,2021-08-26
10434,1,1,RA0098_20210826,RawaPening,1,3,2021-08-26
10435,1,1,RA0099_20210826,RawaPening,1,3,2021-08-26
10436,1,1,RA0100_20210826,RawaPening,1,3,2021-08-26
10437,1,1,RA0101_20210826,RawaPening,1,3,2021-08-26
10438,0,0,RA0102_20210826,RawaPening,0,2,2021-08-26
10439,0,0,RA0103_20210826,RawaPening,0,2,2021-08-26
10440,0,0,RA0104_20210826,RawaPening,0,2,2021-08-26
10441,0,0,RA0105_20210826,RawaPening,0,2,2021-08-26
10442,0,0,RA0106_20210826,RawaPening,0,2,2021-08-26
10443,0,0,RA0107_20210826,RawaPening,0,2,2021-08-26
10444,0,0,RA0108_20210826,RawaPening,0,2,2021-08-26
10445,0,0,RA0109_20210826,RawaPening,0,2,2021-08-26
10446,0,0,RA0110_20210826,RawaPening,0,2,2021-08-26
10447,0,0,RA0111_20210826,RawaPening,0,2,2021-08-26
10448,0,0,RA0112_20210826,RawaPening,0,2,2021-08-26
10449,0,0,RA0113_20210826,RawaPening,0,2,2021-08-26
10450,0,0,RA0114_20210826,RawaPening,0,2,2021-08-26
10451,0,0,RA0115_20210826,RawaPening,0,2,2021-08-26
10452,0,0,RA0116_20210826,RawaPening,0,2,2021-08-26
10453,0,0,RA0117_20210826,RawaPening,0,2,2021-08-26
10454,0,0,RA0118_20210826,RawaPening,0,2,2021-08-26
10455,0,0,RA0119_20210826,RawaPening,0,2,2021-08-26
10456,0,0,RA0120_20210826,RawaPening,0,2,2021-08-26
10457,0,0,RA0121_20210826,RawaPening,0,2,2021-08-26
10458,0,0,RA0122_20210826,RawaPening,0,2,2021-08-26
10459,0,0,RA0123_20210826,RawaPening,0,2,2021-08-26
10460,0,0,RA0124_20210826,RawaPening,0,2,2021-08-26
10461,0,0,RA0125_20210826,RawaPening,0,2,2021-08-26
10462,0,0,RA0126_20210826,RawaPening,0,2,2021-08-26
10463,0,0,RA0127_20210826,RawaPening,0,2,2021-08-26
10464,0,0,RA0128_20210826,RawaPening,0,2,2021-08-26
10465,0,0,RA0129_20210826,RawaPening,0,2,2021-08-26
10466,0,0,RA0130_20210826,RawaPening,0,2,2021-08-26
10467,0,0,RA0131_20210826,RawaPening,0,2,2021-08-26
10468,0,0,RA0132_20210826,RawaPening,0,2,2021-08-26
10469,0,0,RA0133_20210826,RawaPening,0,2,2021-08-26
10470,0,0,RA0134_20210826,RawaPening,0,2,2021-08-26
10471,0,0,RA0135_20210826,RawaPening,0,2,2021-08-26
10472,0,0,RA0136_20210826,RawaPening,0,2,2021-08-26
10473,0,0,RA0137_20210826,RawaPening,0,2,2021-08-26
10474,0,0,RA0138_20210826,RawaPening,0,2,2021-08-26
10475,0,0,RA0139_20210826,RawaPening,0,2,2021-08-26
10476,0,0,RA0140_20210826,RawaPening,0,2,2021-08-26
10477,0,0,RA0141_20210826,RawaPening,0,2,2021-08-26
10478,0,0,RA0142_20210826,RawaPening,0,2,2021-08-26
10479,0,0,RA0143_20210826,RawaPening,0,2,2021-08-26
10480,0,0,RA0144_20210826,RawaPening,0,2,2021-08-26
10481,0,0,RA0145_20210826,RawaPening,0,2,2021-08-26
10482,0,0,RA0146_20210826,RawaPening,0,2,2021-08-26
10483,0,0,RA0147_20210826,RawaPening,0,2,2021-08-26
10484,0,0,RA0148_20210826,RawaPening,0,2,2021-08-26
10485,0,0,RA0149_20210826,RawaPening,0,2,2021-08-26
10486,0,0,RA0150_20210826,RawaPening,0,2,2021-08-26
10487,0,0,RA0151_20210826,RawaPening,0,2,2021-08-26
10488,0,1,RA0152_20210826,RawaPening,0,1,2021-08-26
10489,0,1,RA0153_20210826,RawaPening,0,1,2021-08-26
10490,0,1,RA0154_20210826,RawaPening,0,1,2021-08-26
10491,0,0,RA0155_20210826,RawaPening,0,1,2021-08-26
10492,0,0,RA0156_20210826,RawaPening,0,1,2021-08-26
10493,0,0,RA0157_20210826,RawaPening,0,1,2021-08-26
10494,0,0,RA0158_20210826,RawaPening,0,1,2021-08-26
10495,0,0,RA0159_20210826,RawaPening,0,1,2021-08-26
10496,0,0,RA0161_20210826,RawaPening,0,1,2021-08-26
10497,0,0,RA0162_20210826,RawaPening,0,1,2021-08-26
10498,0,0,RA0163_20210826,RawaPening,0,1,2021-08-26
10499,0,0,RA0164_20210826,RawaPening,0,1,2021-08-26
10500,0,0,RA0165_20210826,RawaPening,0,1,2021-08-26
10501,0,0,RA0166_20210826,RawaPening,0,1,2021-08-26
10502,0,0,RA0167_20210826,RawaPening,0,1,2021-08-26
10503,0,0,RA0168_20210826,RawaPening,0,1,2021-08-26
10504,0,0,RA0169_20210826,RawaPening,0,1,2021-08-26
10505,0,0,RA0170_20210826,RawaPening,0,1,2021-08-26
10506,0,0,RA0171_20210826,RawaPening,0,1,2021-08-26
10507,0,0,RA0172_20210826,RawaPening,0,1,2021-08-26
10508,0,0,RA0173_20210826,RawaPening,0,1,2021-08-26
10509,0,0,RA0174_20210826,RawaPening,0,1,2021-08-26
10510,0,0,RA0175_20210826,RawaPening,0,1,2021-08-26
10511,0,1,RA0176_20210826,RawaPening,0,1,2021-08-26
10512,0,0,RA0177_20210826,RawaPening,0,1,2021-08-26
10513,0,0,RA0178_20210826,RawaPening,0,1,2021-08-26
10514,0,0,RA0179_20210826,RawaPening,0,1,2021-08-26
10515,0,0,RA0180_20210826,RawaPening,0,1,2021-08-26
10516,0,0,RA0181_20210826,RawaPening,0,1,2021-08-26
10517,0,0,RA0183_20210826,RawaPening,0,1,2021-08-26
10518,0,0,RA0184_20210826,RawaPening,0,1,2021-08-26
10519,0,0,RA0185_20210826,RawaPening,0,1,2021-08-26
10520,0,0,RA0186_20210826,RawaPening,0,1,2021-08-26
10521,0,0,RA0187_20210826,RawaPening,0,1,2021-08-26
10522,0,0,RA0188_20210826,RawaPening,0,1,2021-08-26
10523,0,0,RA0189_20210826,RawaPening,0,1,2021-08-26
10524,0,0,RA0190_20210826,RawaPening,0,1,2021-08-26
10525,0,0,RA0191_20210826,RawaPening,0,1,2021-08-26
10526,0,0,RA0192_20210826,RawaPening,0,1,2021-08-26
10527,0,0,RA0193_20210826,RawaPening,0,1,2021-08-26
10528,0,0,RA0194_20210826,RawaPening,0,1,2021-08-26
10529,0,1,RA0195_20210826,RawaPening,0,1,2021-08-26
10530,0,1,RA0196_20210826,RawaPening,0,1,2021-08-26
10531,0,0,RA0197_20210826,RawaPening,0,1,2021-08-26
10532,0,0,RA0198_20210826,RawaPening,0,1,2021-08-26
10533,0,0,RA0199_20210826,RawaPening,0,1,2021-08-26
10534,0,0,RA0200_20210826,RawaPening,0,1,2021-08-26
10535,0,0,RA0201_20210826,RawaPening,0,1,2021-08-26
10536,0,0,RA0202_20210826,RawaPening,0,1,2021-08-26
10537,0,1,RA0203_20210826,RawaPening,0,1,2021-08-26
10538,1,1,RA0001_20250429,RawaPening,1,3,2025-04-29
10539,1,1,RA0002_20250429,RawaPening,1,3,2025-04-29
10540,1,1,RA0003_20250429,RawaPening,1,3,2025-04-29
10541,1,1,RA0004_20250429,RawaPening,1,3,2025-04-29
10542,1,1,RA0005_20250429,RawaPening,1,3,2025-04-29
10543,1,1,RA0006_20250429,RawaPening,1,3,2025-04-29
10544,1,1,RA0007_20250429,RawaPening,1,3,2025-04-29
10545,1,1,RA0008_20250429,RawaPening,1,3,2025-04-29
10546,1,1,RA0009_20250429,RawaPening,1,3,2025-04-29
10547,1,1,RA0010_20250429,RawaPening,1,3,2025-04-29
10548,1,1,RA0011_20250429,RawaPening,1,3,2025-04-29
10549,1,1,RA0012_20250429,RawaPening,1,3,2025-04-29
10550,1,1,RA0013_20250429,RawaPening,1,3,2025-04-29
10551,1,1,RA0014_20250429,RawaPening,1,3,2025-04-29
10552,1,1,RA0015_20250429,RawaPening,1,3,2025-04-29
10553,1,1,RA0016_20250429,RawaPening,1,3,2025-04-29
10554,1,1,RA0017_20250429,RawaPening,1,3,2025-04-29
10555,1,1,RA0018_20250429,RawaPening,1,3,2025-04-29
10556,1,1,RA0019_20250429,RawaPening,1,3,2025-04-29
10557,1,1,RA0020_20250429,RawaPening,1,3,2025-04-29
10558,1,1,RA0021_20250429,RawaPening,1,3,2025-04-29
10559,1,1,RA0022_20250429,RawaPening,1,3,2025-04-29
10560,1,1,RA0023_20250429,RawaPening,1,3,2025-04-29
10561,1,1,RA0024_20250429,RawaPening,1,3,2025-04-29
10562,1,1,RA0025_20250429,RawaPening,1,3,2025-04-29
10563,1,1,RA0026_20250429,RawaPening,1,3,2025-04-29
10564,1,1,RA0027_20250429,RawaPening,1,3,2025-04-29
10565,1,1,RA0028_20250429,RawaPening,1,3,2025-04-29
10566,1,1,RA0029_20250429,RawaPening,1,3,2025-04-29
10567,1,1,RA0030_20250429,RawaPening,1,3,2025-04-29
10568,1,1,RA0031_20250429,RawaPening,1,3,2025-04-29
10569,1,1,RA0032_20250429,RawaPening,1,3,2025-04-29
10570,1,1,RA0033_20250429,RawaPening,1,3,2025-04-29
10571,1,1,RA0034_20250429,RawaPening,1,3,2025-04-29
10572,1,1,RA0035_20250429,RawaPening,1,3,2025-04-29
10573,1,1,RA0036_20250429,RawaPening,1,3,2025-04-29
10574,1,1,RA0037_20250429,RawaPening,1,3,2025-04-29
10575,1,1,RA0038_20250429,RawaPening,1,3,2025-04-29
10576,1,1,RA0039_20250429,RawaPening,1,3,2025-04-29
10577,1,1,RA0040_20250429,RawaPening,1,3,2025-04-29
10578,1,1,RA0041_20250429,RawaPening,1,3,2025-04-29
10579,1,1,RA0042_20250429,RawaPening,1,3,2025-04-29
10580,1,1,RA0043_20250429,RawaPening,1,3,2025-04-29
10581,1,1,RA0044_20250429,RawaPening,1,3,2025-04-29
10582,1,1,RA0045_20250429,RawaPening,1,3,2025-04-29
10583,1,1,RA0046_20250429,RawaPening,1,3,2025-04-29
10584,1,1,RA0047_20250429,RawaPening,1,3,2025-04-29
10585,1,1,RA0048_20250429,RawaPening,1,3,2025-04-29
10586,1,1,RA0049_20250429,RawaPening,1,3,2025-04-29
10587,1,1,RA0050_20250429,RawaPening,1,3,2025-04-29
10588,1,1,RA0051_20250429,RawaPening,1,3,2025-04-29
10589,1,1,RA0052_20250429,RawaPening,1,3,2025-04-29
10590,1,1,RA0053_20250429,RawaPening,1,3,2025-04-29
10591,1,1,RA0054_20250429,RawaPening,1,3,2025-04-29
10592,1,1,RA0055_20250429,RawaPening,1,3,2025-04-29
10593,1,1,RA0056_20250429,RawaPening,1,3,2025-04-29
10594,1,1,RA0057_20250429,RawaPening,1,3,2025-04-29
10595,1,1,RA0058_20250429,RawaPening,1,3,2025-04-29
10596,1,1,RA0059_20250429,RawaPening,1,3,2025-04-29
10597,1,1,RA0060_20250429,RawaPening,1,3,2025-04-29
10598,1,1,RA0061_20250429,RawaPening,1,3,2025-04-29
10599,1,1,RA0062_20250429,RawaPening,1,3,2025-04-29
10600,1,1,RA0063_20250429,RawaPening,1,3,2025-04-29
10601,1,1,RA0064_20250429,RawaPening,1,3,2025-04-29
10602,1,1,RA0065_20250429,RawaPening,1,3,2025-04-29
10603,1,1,RA0066_20250429,RawaPening,1,3,2025-04-29
10604,1,1,RA0067_20250429,RawaPening,1,3,2025-04-29
10605,1,1,RA0068_20250429,RawaPening,1,3,2025-04-29
10606,1,1,RA0069_20250429,RawaPening,1,3,2025-04-29
10607,1,1,RA0070_20250429,RawaPening,1,3,2025-04-29
10608,1,1,RA0071_20250429,RawaPening,1,3,2025-04-29
10609,1,1,RA0072_20250429,RawaPening,1,3,2025-04-29
10610,1,1,RA0073_20250429,RawaPening,1,3,2025-04-29
10611,1,1,RA0074_20250429,RawaPening,1,3,2025-04-29
10612,1,1,RA0075_20250429,RawaPening,1,3,2025-04-29
10613,1,1,RA0076_20250429,RawaPening,1,3,2025-04-29
10614,1,1,RA0077_20250429,RawaPening,1,3,2025-04-29
10615,1,1,RA0078_20250429,RawaPening,1,3,2025-04-29
10616,1,1,RA0079_20250429,RawaPening,1,3,2025-04-29
10617,1,1,RA0080_20250429,RawaPening,1,3,2025-04-29
10618,1,1,RA0081_20250429,RawaPening,1,3,2025-04-29
10619,1,1,RA0082_20250429,RawaPening,1,3,2025-04-29
10620,1,1,RA0083_20250429,RawaPening,1,3,2025-04-29
10621,1,1,RA0084_20250429,RawaPening,1,3,2025-04-29
10622,1,1,RA0085_20250429,RawaPening,1,3,2025-04-29
10623,1,1,RA0086_20250429,RawaPening,1,3,2025-04-29
10624,1,1,RA0087_20250429,RawaPening,1,3,2025-04-29
10625,1,1,RA0088_20250429,RawaPening,1,3,2025-04-29
10626,1,1,RA0089_20250429,RawaPening,1,3,2025-04-29
10627,1,1,RA0090_20250429,RawaPening,1,3,2025-04-29
10628,1,1,RA0091_20250429,RawaPening,1,3,2025-04-29
10629,1,1,RA0092_20250429,RawaPening,1,3,2025-04-29
10630,1,1,RA0093_20250429,RawaPening,1,3,2025-04-29
10631,1,1,RA0094_20250429,RawaPening,1,3,2025-04-29
10632,1,1,RA0095_20250429,RawaPening,1,3,2025-04-29
10633,1,1,RA0096_20250429,RawaPening,1,3,2025-04-29
10634,1,1,RA0097_20250429,RawaPening,1,3,2025-04-29
10635,1,1,RA0098_20250429,RawaPening,1,3,2025-04-29
10636,1,1,RA0099_20250429,RawaPening,1,3,2025-04-29
10637,1,1,RA0100_20250429,RawaPening,1,3,2025-04-29
10638,1,1,RA0101_20250429,RawaPening,1,3,2025-04-29
10639,1,1,RA0102_20250429,RawaPening,1,3,2025-04-29
10640,1,1,RA0103_20250429,RawaPening,1,3,2025-04-29
10641,1,1,RA0104_20250429,RawaPening,1,3,2025-04-29
10642,1,1,RA0105_20250429,RawaPening,1,3,2025-04-29
10643,1,1,RA0106_20250429,RawaPening,1,3,2025-04-29
10644,1,1,RA0107_20250429,RawaPening,1,3,2025-04-29
10645,1,1,RA0108_20250429,RawaPening,1,3,2025-04-29
10646,1,1,RA0109_20250429,RawaPening,1,3,2025-04-29
10647,1,1,RA0110_20250429,RawaPening,1,3,2025-04-29
10648,1,1,RA0111_20250429,RawaPening,1,3,2025-04-29
10649,1,1,RA0112_20250429,RawaPening,1,3,2025-04-29
10650,1,1,RA0113_20250429,RawaPening,1,3,2025-04-29
10651,1,1,RA0114_20250429,RawaPening,1,3,2025-04-29
10652,1,1,RA0115_20250429,RawaPening,1,3,2025-04-29
10653,1,1,RA0116_20250429,RawaPening,1,3,2025-04-29
10654,1,1,RA0117_20250429,RawaPening,1,3,2025-04-29
10655,1,1,RA0118_20250429,RawaPening,1,3,2025-04-29
10656,1,1,RA0119_20250429,RawaPening,1,3,2025-04-29
10657,1,1,RA0120_20250429,RawaPening,1,3,2025-04-29
10658,1,1,RA0121_20250429,RawaPening,1,3,2025-04-29
10659,1,1,RA0122_20250429,RawaPening,1,3,2025-04-29
10660,1,1,RA0123_20250429,RawaPening,1,3,2025-04-29
10661,1,1,RA0124_20250429,RawaPening,1,3,2025-04-29
10662,1,1,RA0125_20250429,RawaPening,1,3,2025-04-29
10663,1,1,RA0126_20250429,RawaPening,1,3,2025-04-29
10664,1,1,RA0127_20250429,RawaPening,1,3,2025-04-29
10665,1,1,RA0128_20250429,RawaPening,1,3,2025-04-29
10666,1,1,RA0129_20250429,RawaPening,1,3,2025-04-29
10667,1,1,RA0130_20250429,RawaPening,1,3,2025-04-29
10668,1,1,RA0131_20250429,RawaPening,1,3,2025-04-29
10669,1,1,RA0132_20250429,RawaPening,1,3,2025-04-29
10670,1,1,RA0133_20250429,RawaPening,1,3,2025-04-29
10671,1,1,RA0134_20250429,RawaPening,1,3,2025-04-29
10672,1,1,RA0135_20250429,RawaPening,1,3,2025-04-29
10673,1,1,RA0136_20250429,RawaPening,1,3,2025-04-29
10674,1,1,RA0137_20250429,RawaPening,1,3,2025-04-29
10675,1,1,RA0138_20250429,RawaPening,1,3,2025-04-29
10676,1,1,RA0139_20250429,RawaPening,1,3,2025-04-29
10677,1,1,RA0140_20250429,RawaPening,1,3,2025-04-29
10678,1,1,RA0141_20250429,RawaPening,1,3,2025-04-29
10679,1,1,RA0142_20250429,RawaPening,1,3,2025-04-29
10680,1,1,RA0143_20250429,RawaPening,1,3,2025-04-29
10681,1,1,RA0144_20250429,RawaPening,1,3,2025-04-29
10682,1,1,RA0145_20250429,RawaPening,1,3,2025-04-29
10683,1,1,RA0146_20250429,RawaPening,1,3,2025-04-29
10684,1,1,RA0147_20250429,RawaPening,1,3,2025-04-29
10685,1,1,RA0148_20250429,RawaPening,1,3,2025-04-29
10686,1,1,RA0149_20250429,RawaPening,1,3,2025-04-29
10687,1,1,RA0150_20250429,RawaPening,1,3,2025-04-29
10688,0,0,RA0151_20250429,RawaPening,0,2,2025-04-29
10689,0,0,RA0152_20250429,RawaPening,0,2,2025-04-29
10690,0,0,RA0153_20250429,RawaPening,0,2,2025-04-29
10691,0,0,RA0154_20250429,RawaPening,0,2,2025-04-29
10692,0,0,RA0155_20250429,RawaPening,0,2,2025-04-29
10693,0,0,RA0156_20250429,RawaPening,0,2,2025-04-29
10694,0,0,RA0157_20250429,RawaPening,0,2,2025-04-29
10695,0,0,RA0158_20250429,RawaPening,0,2,2025-04-29
10696,0,0,RA0159_20250429,RawaPening,0,2,2025-04-29
10697,0,0,RA0160_20250429,RawaPening,0,2,2025-04-29
10698,0,0,RA0161_20250429,RawaPening,0,2,2025-04-29
10699,0,0,RA0162_20250429,RawaPening,0,2,2025-04-29
10700,0,0,RA0163_20250429,RawaPening,0,2,2025-04-29
10701,0,0,RA0164_20250429,RawaPening,0,2,2025-04-29
10702,0,0,RA0165_20250429,RawaPening,0,2,2025-04-29
10703,0,0,RA0166_20250429,RawaPening,0,2,2025-04-29
10704,0,0,RA0167_20250429,RawaPening,0,2,2025-04-29
10705,0,0,RA0168_20250429,RawaPening,0,2,2025-04-29
10706,0,0,RA0169_20250429,RawaPening,0,2,2025-04-29
10707,0,0,RA0170_20250429,RawaPening,0,2,2025-04-29
10708,0,0,RA0171_20250429,RawaPening,0,2,2025-04-29
10709,0,0,RA0172_20250429,RawaPening,0,2,2025-04-29
10710,0,0,RA0173_20250429,RawaPening,0,2,2025-04-29
10711,0,0,RA0174_20250429,RawaPening,0,2,2025-04-29
10712,0,0,RA0175_20250429,RawaPening,0,2,2025-04-29
10713,0,0,RA0176_20250429,RawaPening,0,2,2025-04-29
10714,0,0,RA0177_20250429,RawaPening,0,2,2025-04-29
10715,0,0,RA0178_20250429,RawaPening,0,2,2025-04-29
10716,0,0,RA0179_20250429,RawaPening,0,2,2025-04-29
10717,0,0,RA0180_20250429,RawaPening,0,2,2025-04-29
10718,0,0,RA0181_20250429,RawaPening,0,2,2025-04-29
10719,0,0,RA0182_20250429,RawaPening,0,2,2025-04-29
10720,0,0,RA0183_20250429,RawaPening,0,2,2025-04-29
10721,0,0,RA0184_20250429,RawaPening,0,2,2025-04-29
10722,0,0,RA0185_20250429,RawaPening,0,2,2025-04-29
10723,0,0,RA0186_20250429,RawaPening,0,2,2025-04-29
10724,0,0,RA0187_20250429,RawaPening,0,2,2025-04-29
10725,0,0,RA0188_20250429,RawaPening,0,2,2025-04-29
10726,0,0,RA0189_20250429,RawaPening,0,2,2025-04-29
10727,0,0,RA0190_20250429,RawaPening,0,2,2025-04-29
10728,0,0,RA0191_20250429,RawaPening,0,2,2025-04-29
10729,0,0,RA0192_20250429,RawaPening,0,2,2025-04-29
10730,0,0,RA0193_20250429,RawaPening,0,2,2025-04-29
10731,0,0,RA0194_20250429,RawaPening,0,2,2025-04-29
10732,0,0,RA0195_20250429,RawaPening,0,2,2025-04-29
10733,0,0,RA0196_20250429,RawaPening,0,2,2025-04-29
10734,0,0,RA0197_20250429,RawaPening,0,2,2025-04-29
10735,0,0,RA0198_20250429,RawaPening,0,2,2025-04-29
10736,0,0,RA0199_20250429,RawaPening,0,2,2025-04-29
10737,0,0,RA0200_20250429,RawaPening,0,2,2025-04-29
10738,0,0,RA0201_20250429,RawaPening,0,2,2025-04-29
10739,0,0,RA0202_20250429,RawaPening,0,2,2025-04-29
10740,0,0,RA0203_20250429,RawaPening,0,2,2025-04-29
10741,0,0,RA0204_20250429,RawaPening,0,2,2025-04-29
10742,0,0,RA0205_20250429,RawaPening,0,2,2025-04-29
10743,0,0,RA0206_20250429,RawaPening,0,2,2025-04-29
10744,0,0,RA0207_20250429,RawaPening,0,2,2025-04-29
10745,0,0,RA0208_20250429,RawaPening,0,2,2025-04-29
10746,0,0,RA0209_20250429,RawaPening,0,2,2025-04-29
10747,0,0,RA0210_20250429,RawaPening,0,2,2025-04-29
10748,0,0,RA0211_20250429,RawaPening,0,2,2025-04-29
10749,0,0,RA0212_20250429,RawaPening,0,2,2025-04-29
10750,0,0,RA0213_20250429,RawaPening,0,2,2025-04-29
10751,0,0,RA0214_20250429,RawaPening,0,2,2025-04-29
10752,0,0,RA0215_20250429,RawaPening,0,2,2025-04-29
10753,0,0,RA0216_20250429,RawaPening,0,2,2025-04-29
10754,0,0,RA0217_20250429,RawaPening,0,2,2025-04-29
10755,0,0,RA0218_20250429,RawaPening,0,2,2025-04-29
10756,0,0,RA0219_20250429,RawaPening,0,2,2025-04-29
10757,0,0,RA0220_20250429,RawaPening,0,2,2025-04-29
10758,0,0,RA0221_20250429,RawaPening,0,2,2025-04-29
10759,0,0,RA0222_20250429,RawaPening,0,2,2025-04-29
10760,0,0,RA0223_20250429,RawaPening,0,2,2025-04-29
10761,0,0,RA0224_20250429,RawaPening,0,2,2025-04-29
10762,0,0,RA0225_20250429,RawaPening,0,2,2025-04-29
10763,0,0,RA0226_20250429,RawaPening,0,1,2025-04-29
10764,0,0,RA0227_20250429,RawaPening,0,1,2025-04-29
10765,0,0,RA0228_20250429,RawaPening,0,1,2025-04-29
10766,0,0,RA0229_20250429,RawaPening,0,1,2025-04-29
10767,0,0,RA0230_20250429,RawaPening,0,1,2025-04-29
10768,0,0,RA0231_20250429,RawaPening,0,1,2025-04-29
10769,0,0,RA0232_20250429,RawaPening,0,1,2025-04-29
10770,0,0,RA0233_20250429,RawaPening,0,1,2025-04-29
10771,0,0,RA0234_20250429,RawaPening,0,1,2025-04-29
10772,0,0,RA0235_20250429,RawaPening,0,1,2025-04-29
10773,0,0,RA0236_20250429,RawaPening,0,1,2025-04-29
10774,0,0,RA0237_20250429,RawaPening,0,1,2025-04-29
10775,0,0,RA0238_20250429,RawaPening,0,1,2025-04-29
10776,0,0,RA0239_20250429,RawaPening,0,1,2025-04-29
10777,0,0,RA0240_20250429,RawaPening,0,1,2025-04-29
10778,0,0,RA0241_20250429,RawaPening,0,1,2025-04-29
10779,0,0,RA0242_20250429,RawaPening,0,1,2025-04-29
10780,0,0,RA0243_20250429,RawaPening,0,1,2025-04-29
10781,0,0,RA0244_20250429,RawaPening,0,1,2025-04-29
10782,0,0,RA0245_20250429,RawaPening,0,1,2025-04-29
10783,0,0,RA0246_20250429,RawaPening,0,1,2025-04-29
10784,0,0,RA0247_20250429,RawaPening,0,1,2025-04-29
10785,0,0,RA0248_20250429,RawaPening,0,1,2025-04-29
10786,0,0,RA0249_20250429,RawaPening,0,1,2025-04-29
10787,0,0,RA0250_20250429,RawaPening,0,1,2025-04-29
10788,0,0,RA0251_20250429,RawaPening,0,1,2025-04-29
10789,0,0,RA0252_20250429,RawaPening,0,1,2025-04-29
10790,0,0,RA0253_20250429,RawaPening,0,1,2025-04-29
10791,0,0,RA0254_20250429,RawaPening,0,1,2025-04-29
10792,0,0,RA0255_20250429,RawaPening,0,1,2025-04-29
10793,0,0,RA0256_20250429,RawaPening,0,1,2025-04-29
10794,0,0,RA0257_20250429,RawaPening,0,1,2025-04-29
10795,0,0,RA0258_20250429,RawaPening,0,1,2025-04-29
10796,0,0,RA0259_20250429,RawaPening,0,1,2025-04-29
10797,0,0,RA0260_20250429,RawaPening,0,1,2025-04-29
10798,0,0,RA0261_20250429,RawaPening,0,1,2025-04-29
10799,0,0,RA0262_20250429,RawaPening,0,1,2025-04-29
10800,0,0,RA0263_20250429,RawaPening,0,1,2025-04-29
10801,0,1,RA0264_20250429,RawaPening,0,1,2025-04-29
10802,0,0,RA0265_20250429,RawaPening,0,1,2025-04-29
10803,0,0,RA0266_20250429,RawaPening,0,1,2025-04-29
10804,0,0,RA0267_20250429,RawaPening,0,1,2025-04-29
10805,0,0,RA0268_20250429,RawaPening,0,1,2025-04-29
10806,0,0,RA0269_20250429,RawaPening,0,1,2025-04-29
10807,0,0,RA0270_20250429,RawaPening,0,1,2025-04-29
10808,0,0,RA0271_20250429,RawaPening,0,1,2025-04-29
10809,0,0,RA0272_20250429,RawaPening,0,1,2025-04-29
10810,0,0,RA0273_20250429,RawaPening,0,1,2025-04-29
10811,0,0,RA0274_20250429,RawaPening,0,1,2025-04-29
10812,0,0,RA0275_20250429,RawaPening,0,1,2025-04-29
10813,0,1,RA0276_20250429,RawaPening,0,1,2025-04-29
10814,0,1,RA0277_20250429,RawaPening,0,1,2025-04-29
10815,0,1,RA0278_20250429,RawaPening,0,1,2025-04-29
10816,0,1,RA0279_20250429,RawaPening,0,1,2025-04-29
10817,0,0,RA0280_20250429,RawaPening,0,1,2025-04-29
10818,0,0,RA0281_20250429,RawaPening,0,1,2025-04-29
10819,0,0,RA0282_20250429,RawaPening,0,1,2025-04-29
10820,0,0,RA0283_20250429,RawaPening,0,1,2025-04-29
10821,0,0,RA0284_20250429,RawaPening,0,1,2025-04-29
10822,0,0,RA0285_20250429,RawaPening,0,1,2025-04-29
10823,0,0,RA0286_20250429,RawaPening,0,1,2025-04-29
10824,0,0,RA0287_20250429,RawaPening,0,1,2025-04-29
10825,0,0,RA0288_20250429,RawaPening,0,1,2025-04-29
10826,0,0,RA0289_20250429,RawaPening,0,1,2025-04-29
10827,0,0,RA0290_20250429,RawaPening,0,1,2025-04-29
10828,0,1,RA0291_20250429,RawaPening,0,1,2025-04-29
10829,0,0,RA0292_20250429,RawaPening,0,1,2025-04-29
10830,0,0,RA0293_20250429,RawaPening,0,1,2025-04-29
10831,0,0,RA0294_20250429,RawaPening,0,1,2025-04-29
10832,0,0,RA0295_20250429,RawaPening,0,1,2025-04-29
10833,0,1,RA0296_20250429,RawaPening,0,1,2025-04-29
10834,0,0,RA0297_20250429,RawaPening,0,1,2025-04-29
10835,0,0,RA0298_20250429,RawaPening,0,1,2025-04-29
10836,0,0,RA0299_20250429,RawaPening,0,1,2025-04-29
10837,0,1,RA0300_20250429,RawaPening,0,1,2025-04-29
10838,1,1,RA0001_20230528,RawaPening,1,3,2023-05-28
10839,1,1,RA0002_20230528,RawaPening,1,3,2023-05-28
10840,1,1,RA0003_20230528,RawaPening,1,3,2023-05-28
10841,1,1,RA0004_20230528,RawaPening,1,3,2023-05-28
10842,1,1,RA0005_20230528,RawaPening,1,3,2023-05-28
10843,1,1,RA0006_20230528,RawaPening,1,3,2023-05-28
10844,1,1,RA0007_20230528,RawaPening,1,3,2023-05-28
10845,1,1,RA0008_20230528,RawaPening,1,3,2023-05-28
10846,1,1,RA0009_20230528,RawaPening,1,3,2023-05-28
10847,1,1,RA0010_20230528,RawaPening,1,3,2023-05-28
10848,1,1,RA0011_20230528,RawaPening,1,3,2023-05-28
10849,1,1,RA0012_20230528,RawaPening,1,3,2023-05-28
10850,1,1,RA0013_20230528,RawaPening,1,3,2023-05-28
10851,1,1,RA0014_20230528,RawaPening,1,3,2023-05-28
10852,1,1,RA0015_20230528,RawaPening,1,3,2023-05-28
10853,1,1,RA0016_20230528,RawaPening,1,3,2023-05-28
10854,1,1,RA0017_20230528,RawaPening,1,3,2023-05-28
10855,1,1,RA0018_20230528,RawaPening,1,3,2023-05-28
10856,1,1,RA0019_20230528,RawaPening,1,3,2023-05-28
10857,1,1,RA0020_20230528,RawaPening,1,3,2023-05-28
10858,1,1,RA0021_20230528,RawaPening,1,3,2023-05-28
10859,1,1,RA0022_20230528,RawaPening,1,3,2023-05-28
10860,1,1,RA0023_20230528,RawaPening,1,3,2023-05-28
10861,1,1,RA0024_20230528,RawaPening,1,3,2023-05-28
10862,1,1,RA0025_20230528,RawaPening,1,3,2023-05-28
10863,1,1,RA0026_20230528,RawaPening,1,3,2023-05-28
10864,1,1,RA0027_20230528,RawaPening,1,3,2023-05-28
10865,1,1,RA0028_20230528,RawaPening,1,3,2023-05-28
10866,1,1,RA0029_20230528,RawaPening,1,3,2023-05-28
10867,1,1,RA0030_20230528,RawaPening,1,3,2023-05-28
10868,1,1,RA0031_20230528,RawaPening,1,3,2023-05-28
10869,1,1,RA0032_20230528,RawaPening,1,3,2023-05-28
10870,1,1,RA0033_20230528,RawaPening,1,3,2023-05-28
10871,1,1,RA0034_20230528,RawaPening,1,3,2023-05-28
10872,1,1,RA0035_20230528,RawaPening,1,3,2023-05-28
10873,1,1,RA0036_20230528,RawaPening,1,3,2023-05-28
10874,1,1,RA0037_20230528,RawaPening,1,3,2023-05-28
10875,1,1,RA0038_20230528,RawaPening,1,3,2023-05-28
10876,1,1,RA0039_20230528,RawaPening,1,3,2023-05-28
10877,1,1,RA0040_20230528,RawaPening,1,3,2023-05-28
10878,1,1,RA0041_20230528,RawaPening,1,3,2023-05-28
10879,1,1,RA0042_20230528,RawaPening,1,3,2023-05-28
10880,1,1,RA0043_20230528,RawaPening,1,3,2023-05-28
10881,1,1,RA0044_20230528,RawaPening,1,3,2023-05-28
10882,1,1,RA0045_20230528,RawaPening,1,3,2023-05-28
10883,1,1,RA0046_20230528,RawaPening,1,3,2023-05-28
10884,1,1,RA0047_20230528,RawaPening,1,3,2023-05-28
10885,1,1,RA0048_20230528,RawaPening,1,3,2023-05-28
10886,1,1,RA0049_20230528,RawaPening,1,3,2023-05-28
10887,1,1,RA0050_20230528,RawaPening,1,3,2023-05-28
10888,1,1,RA0051_20230528,RawaPening,1,3,2023-05-28
10889,1,1,RA0052_20230528,RawaPening,1,3,2023-05-28
10890,1,1,RA0053_20230528,RawaPening,1,3,2023-05-28
10891,1,1,RA0054_20230528,RawaPening,1,3,2023-05-28
10892,1,1,RA0055_20230528,RawaPening,1,3,2023-05-28
10893,1,1,RA0056_20230528,RawaPening,1,3,2023-05-28
10894,1,1,RA0057_20230528,RawaPening,1,3,2023-05-28
10895,1,1,RA0058_20230528,RawaPening,1,3,2023-05-28
10896,1,1,RA0059_20230528,RawaPening,1,3,2023-05-28
10897,1,1,RA0060_20230528,RawaPening,1,3,2023-05-28
10898,1,1,RA0061_20230528,RawaPening,1,3,2023-05-28
10899,1,1,RA0062_20230528,RawaPening,1,3,2023-05-28
10900,1,1,RA0063_20230528,RawaPening,1,3,2023-05-28
10901,1,1,RA0064_20230528,RawaPening,1,3,2023-05-28
10902,1,1,RA0065_20230528,RawaPening,1,3,2023-05-28
10903,1,1,RA0066_20230528,RawaPening,1,3,2023-05-28
10904,1,1,RA0067_20230528,RawaPening,1,3,2023-05-28
10905,1,1,RA0068_20230528,RawaPening,1,3,2023-05-28
10906,1,1,RA0069_20230528,RawaPening,1,3,2023-05-28
10907,1,1,RA0070_20230528,RawaPening,1,3,2023-05-28
10908,1,1,RA0071_20230528,RawaPening,1,3,2023-05-28
10909,1,1,RA0072_20230528,RawaPening,1,3,2023-05-28
10910,1,1,RA0073_20230528,RawaPening,1,3,2023-05-28
10911,1,1,RA0074_20230528,RawaPening,1,3,2023-05-28
10912,1,1,RA0075_20230528,RawaPening,1,3,2023-05-28
10913,1,1,RA0076_20230528,RawaPening,1,3,2023-05-28
10914,1,1,RA0077_20230528,RawaPening,1,3,2023-05-28
10915,1,1,RA0078_20230528,RawaPening,1,3,2023-05-28
10916,1,1,RA0079_20230528,RawaPening,1,3,2023-05-28
10917,1,1,RA0080_20230528,RawaPening,1,3,2023-05-28
10918,1,1,RA0081_20230528,RawaPening,1,3,2023-05-28
10919,1,1,RA0082_20230528,RawaPening,1,3,2023-05-28
10920,1,1,RA0083_20230528,RawaPening,1,3,2023-05-28
10921,1,1,RA0084_20230528,RawaPening,1,3,2023-05-28
10922,1,1,RA0085_20230528,RawaPening,1,3,2023-05-28
10923,1,1,RA0086_20230528,RawaPening,1,3,2023-05-28
10924,1,1,RA0087_20230528,RawaPening,1,3,2023-05-28
10925,1,1,RA0088_20230528,RawaPening,1,3,2023-05-28
10926,1,1,RA0089_20230528,RawaPening,1,3,2023-05-28
10927,1,1,RA0090_20230528,RawaPening,1,3,2023-05-28
10928,1,0,RA0091_20230528,RawaPening,1,3,2023-05-28
10929,1,1,RA0092_20230528,RawaPening,1,3,2023-05-28
10930,1,0,RA0093_20230528,RawaPening,1,3,2023-05-28
10931,0,0,RA0096_20230528,RawaPening,0,2,2023-05-28
10932,1,1,RA0097_20230528,RawaPening,1,3,2023-05-28
10933,1,1,RA0098_20230528,RawaPening,1,3,2023-05-28
10934,1,1,RA0099_20230528,RawaPening,1,3,2023-05-28
10935,1,1,RA0100_20230528,RawaPening,1,3,2023-05-28
10936,1,1,RA0101_20230528,RawaPening,1,3,2023-05-28
10937,1,1,RA0102_20230528,RawaPening,1,3,2023-05-28
10938,1,1,RA0103_20230528,RawaPening,1,3,2023-05-28
10939,0,0,RA0104_20230528,RawaPening,0,2,2023-05-28
10940,0,0,RA0105_20230528,RawaPening,0,2,2023-05-28
10941,0,0,RA0106_20230528,RawaPening,0,2,2023-05-28
10942,0,0,RA0107_20230528,RawaPening,0,2,2023-05-28
10943,0,0,RA0108_20230528,RawaPening,0,2,2023-05-28
10944,0,0,RA0109_20230528,RawaPening,0,2,2023-05-28
10945,0,0,RA0110_20230528,RawaPening,0,2,2023-05-28
10946,0,0,RA0111_20230528,RawaPening,0,2,2023-05-28
10947,0,0,RA0112_20230528,RawaPening,0,2,2023-05-28
10948,0,0,RA0113_20230528,RawaPening,0,2,2023-05-28
10949,0,0,RA0114_20230528,RawaPening,0,2,2023-05-28
10950,0,0,RA0115_20230528,RawaPening,0,2,2023-05-28
10951,0,0,RA0116_20230528,RawaPening,0,2,2023-05-28
10952,0,0,RA0117_20230528,RawaPening,0,2,2023-05-28
10953,0,0,RA0118_20230528,RawaPening,0,2,2023-05-28
10954,0,0,RA0119_20230528,RawaPening,0,2,2023-05-28
10955,0,0,RA0120_20230528,RawaPening,0,2,2023-05-28
10956,0,0,RA0121_20230528,RawaPening,0,2,2023-05-28
10957,0,0,RA0122_20230528,RawaPening,0,2,2023-05-28
10958,0,0,RA0123_20230528,RawaPening,0,2,2023-05-28
10959,0,0,RA0124_20230528,RawaPening,0,2,2023-05-28
10960,0,0,RA0125_20230528,RawaPening,0,2,2023-05-28
10961,0,0,RA0126_20230528,RawaPening,0,2,2023-05-28
10962,0,0,RA0127_20230528,RawaPening,0,2,2023-05-28
10963,0,0,RA0128_20230528,RawaPening,0,2,2023-05-28
10964,0,0,RA0129_20230528,RawaPening,0,2,2023-05-28
10965,0,0,RA0130_20230528,RawaPening,0,2,2023-05-28
10966,0,0,RA0131_20230528,RawaPening,0,2,2023-05-28
10967,0,0,RA0132_20230528,RawaPening,0,2,2023-05-28
10968,0,0,RA0133_20230528,RawaPening,0,2,2023-05-28
10969,0,0,RA0134_20230528,RawaPening,0,2,2023-05-28
10970,0,0,RA0135_20230528,RawaPening,0,2,2023-05-28
10971,0,0,RA0136_20230528,RawaPening,0,2,2023-05-28
10972,0,0,RA0137_20230528,RawaPening,0,2,2023-05-28
10973,0,0,RA0138_20230528,RawaPening,0,2,2023-05-28
10974,0,0,RA0139_20230528,RawaPening,0,2,2023-05-28
10975,0,0,RA0140_20230528,RawaPening,0,2,2023-05-28
10976,0,0,RA0141_20230528,RawaPening,0,2,2023-05-28
10977,0,0,RA0142_20230528,RawaPening,0,2,2023-05-28
10978,0,0,RA0143_20230528,RawaPening,0,2,2023-05-28
10979,0,0,RA0144_20230528,RawaPening,0,2,2023-05-28
10980,0,0,RA0145_20230528,RawaPening,0,2,2023-05-28
10981,0,0,RA0146_20230528,RawaPening,0,2,2023-05-28
10982,0,0,RA0147_20230528,RawaPening,0,2,2023-05-28
10983,0,0,RA0148_20230528,RawaPening,0,2,2023-05-28
10984,0,0,RA0149_20230528,RawaPening,0,2,2023-05-28
10985,0,0,RA0150_20230528,RawaPening,0,2,2023-05-28
10986,0,0,RA0151_20230528,RawaPening,0,2,2023-05-28
10987,0,0,RA0152_20230528,RawaPening,0,2,2023-05-28
10988,0,1,RA0153_20230528,RawaPening,0,1,2023-05-28
10989,0,0,RA0154_20230528,RawaPening,0,1,2023-05-28
10990,0,0,RA0155_20230528,RawaPening,0,1,2023-05-28
10991,0,0,RA0156_20230528,RawaPening,0,1,2023-05-28
10992,0,0,RA0157_20230528,RawaPening,0,1,2023-05-28
10993,0,0,RA0158_20230528,RawaPening,0,1,2023-05-28
10994,0,0,RA0159_20230528,RawaPening,0,1,2023-05-28
10995,0,0,RA0160_20230528,RawaPening,0,1,2023-05-28
10996,0,0,RA0161_20230528,RawaPening,0,1,2023-05-28
10997,0,0,RA0162_20230528,RawaPening,0,1,2023-05-28
10998,0,0,RA0164_20230528,RawaPening,0,1,2023-05-28
10999,0,0,RA0166_20230528,RawaPening,0,1,2023-05-28
11000,0,0,RA0167_20230528,RawaPening,0,1,2023-05-28
11001,0,0,RA0168_20230528,RawaPening,0,1,2023-05-28
11002,0,0,RA0169_20230528,RawaPening,0,1,2023-05-28
11003,0,0,RA0170_20230528,RawaPening,0,1,2023-05-28
11004,0,0,RA0171_20230528,RawaPening,0,1,2023-05-28
11005,0,0,RA0172_20230528,RawaPening,0,1,2023-05-28
11006,0,0,RA0173_20230528,RawaPening,0,1,2023-05-28
11007,0,0,RA0176_20230528,RawaPening,0,1,2023-05-28
11008,0,0,RA0177_20230528,RawaPening,0,1,2023-05-28
11009,0,0,RA0178_20230528,RawaPening,0,1,2023-05-28
11010,0,0,RA0179_20230528,RawaPening,0,1,2023-05-28
11011,0,0,RA0180_20230528,RawaPening,0,1,2023-05-28
11012,0,0,RA0181_20230528,RawaPening,0,1,2023-05-28
11013,0,0,RA0182_20230528,RawaPening,0,1,2023-05-28
11014,0,0,RA0183_20230528,RawaPening,0,1,2023-05-28
11015,0,0,RA0184_20230528,RawaPening,0,1,2023-05-28
11016,0,0,RA0185_20230528,RawaPening,0,1,2023-05-28
11017,0,0,RA0186_20230528,RawaPening,0,1,2023-05-28
11018,0,0,RA0187_20230528,RawaPening,0,1,2023-05-28
11019,0,0,RA0188_20230528,RawaPening,0,1,2023-05-28
11020,0,0,RA0189_20230528,RawaPening,0,1,2023-05-28
11021,0,0,RA0190_20230528,RawaPening,0,1,2023-05-28
11022,0,0,RA0191_20230528,RawaPening,0,1,2023-05-28
11023,0,0,RA0192_20230528,RawaPening,0,1,2023-05-28
11024,0,0,RA0193_20230528,RawaPening,0,1,2023-05-28
11025,0,0,RA0194_20230528,RawaPening,0,1,2023-05-28
11026,0,1,RA0195_20230528,RawaPening,0,1,2023-05-28
11027,0,0,RA0196_20230528,RawaPening,0,1,2023-05-28
11028,0,1,RA0197_20230528,RawaPening,0,1,2023-05-28
11029,0,0,RA0198_20230528,RawaPening,0,1,2023-05-28
11030,0,0,RA0199_20230528,RawaPening,0,1,2023-05-28
11031,0,0,RA0200_20230528,RawaPening,0,1,2023-05-28
11032,0,0,RA0201_20230528,RawaPening,0,1,2023-05-28
11033,0,0,RA0202_20230528,RawaPening,0,1,2023-05-28
11034,0,1,RA0203_20230528,RawaPening,0,1,2023-05-28
11035,0,0,RA0204_20230528,RawaPening,0,1,2023-05-28
11036,0,0,RA0205_20230528,RawaPening,0,1,2023-05-28
11037,0,0,RA0206_20230528,RawaPening,0,1,2023-05-28
11038,1,1,RA0001_20241029,RawaPening,1,3,2024-10-29
11039,1,1,RA0002_20241029,RawaPening,1,3,2024-10-29
11040,1,1,RA0003_20241029,RawaPening,1,3,2024-10-29
11041,1,1,RA0004_20241029,RawaPening,1,3,2024-10-29
11042,1,1,RA0005_20241029,RawaPening,1,3,2024-10-29
11043,1,1,RA0006_20241029,RawaPening,1,3,2024-10-29
11044,1,1,RA0007_20241029,RawaPening,1,3,2024-10-29
11045,1,1,RA0008_20241029,RawaPening,1,3,2024-10-29
11046,1,1,RA0009_20241029,RawaPening,1,3,2024-10-29
11047,1,1,RA0010_20241029,RawaPening,1,3,2024-10-29
11048,1,1,RA0011_20241029,RawaPening,1,3,2024-10-29
11049,1,1,RA0012_20241029,RawaPening,1,3,2024-10-29
11050,1,1,RA0013_20241029,RawaPening,1,3,2024-10-29
11051,1,0,RA0014_20241029,RawaPening,1,3,2024-10-29
11052,1,1,RA0015_20241029,RawaPening,1,3,2024-10-29
11053,1,1,RA0016_20241029,RawaPening,1,3,2024-10-29
11054,1,1,RA0017_20241029,RawaPening,1,3,2024-10-29
11055,1,1,RA0018_20241029,RawaPening,1,3,2024-10-29
11056,1,1,RA0019_20241029,RawaPening,1,3,2024-10-29
11057,1,1,RA0020_20241029,RawaPening,1,3,2024-10-29
11058,1,0,RA0021_20241029,RawaPening,1,3,2024-10-29
11059,1,0,RA0022_20241029,RawaPening,1,3,2024-10-29
11060,1,1,RA0023_20241029,RawaPening,1,3,2024-10-29
11061,1,1,RA0024_20241029,RawaPening,1,3,2024-10-29
11062,1,1,RA0025_20241029,RawaPening,1,3,2024-10-29
11063,1,1,RA0026_20241029,RawaPening,1,3,2024-10-29
11064,1,1,RA0027_20241029,RawaPening,1,3,2024-10-29
11065,1,1,RA0028_20241029,RawaPening,1,3,2024-10-29
11066,1,1,RA0029_20241029,RawaPening,1,3,2024-10-29
11067,1,1,RA0030_20241029,RawaPening,1,3,2024-10-29
11068,1,1,RA0031_20241029,RawaPening,1,3,2024-10-29
11069,1,1,RA0032_20241029,RawaPening,1,3,2024-10-29
11070,0,0,RA0033_20241029,RawaPening,0,1,2024-10-29
11071,0,0,RA0034_20241029,RawaPening,0,1,2024-10-29
11072,0,0,RA0035_20241029,RawaPening,0,1,2024-10-29
11073,0,1,RA0036_20241029,RawaPening,0,1,2024-10-29
11074,0,0,RA0037_20241029,RawaPening,0,1,2024-10-29
11075,0,0,RA0038_20241029,RawaPening,0,1,2024-10-29
11076,0,0,RA0039_20241029,RawaPening,0,1,2024-10-29
11077,0,0,RA0040_20241029,RawaPening,0,1,2024-10-29
11078,0,0,RA0041_20241029,RawaPening,0,1,2024-10-29
11079,0,0,RA0042_20241029,RawaPening,0,1,2024-10-29
11080,0,1,RA0043_20241029,RawaPening,0,1,2024-10-29
11081,0,0,RA0044_20241029,RawaPening,0,1,2024-10-29
11082,1,1,RA0045_20241029,RawaPening,1,3,2024-10-29
11083,1,1,RA0046_20241029,RawaPening,1,3,2024-10-29
11084,1,1,RA0047_20241029,RawaPening,1,3,2024-10-29
11085,1,1,RA0048_20241029,RawaPening,1,3,2024-10-29
11086,1,1,RA0049_20241029,RawaPening,1,3,2024-10-29
11087,1,0,RA0050_20241029,RawaPening,1,3,2024-10-29
11088,0,0,RA0051_20241029,RawaPening,0,1,2024-10-29
11089,0,0,RA0052_20241029,RawaPening,0,1,2024-10-29
11090,0,0,RA0053_20241029,RawaPening,0,1,2024-10-29
11091,0,0,RA0054_20241029,RawaPening,0,1,2024-10-29
11092,0,0,RA0055_20241029,RawaPening,0,1,2024-10-29
11093,0,0,RA0056_20241029,RawaPening,0,1,2024-10-29
11094,0,0,RA0057_20241029,RawaPening,0,1,2024-10-29
11095,0,0,RA0058_20241029,RawaPening,0,1,2024-10-29
11096,1,1,RA0059_20241029,RawaPening,1,3,2024-10-29
11097,1,1,RA0060_20241029,RawaPening,1,3,2024-10-29
11098,0,0,RA0061_20241029,RawaPening,0,2,2024-10-29
11099,0,0,RA0062_20241029,RawaPening,0,2,2024-10-29
11100,0,0,RA0063_20241029,RawaPening,0,2,2024-10-29
11101,0,0,RA0064_20241029,RawaPening,0,2,2024-10-29
11102,0,0,RA0065_20241029,RawaPening,0,2,2024-10-29
11103,0,0,RA0066_20241029,RawaPening,0,2,2024-10-29
11104,0,0,RA0067_20241029,RawaPening,0,2,2024-10-29
11105,0,0,RA0068_20241029,RawaPening,0,2,2024-10-29
11106,0,0,RA0069_20241029,RawaPening,0,2,2024-10-29
11107,0,0,RA0070_20241029,RawaPening,0,2,2024-10-29
11108,0,0,RA0071_20241029,RawaPening,0,2,2024-10-29
11109,0,0,RA0072_20241029,RawaPening,0,2,2024-10-29
11110,0,0,RA0073_20241029,RawaPening,0,2,2024-10-29
11111,0,0,RA0074_20241029,RawaPening,0,2,2024-10-29
11112,0,0,RA0075_20241029,RawaPening,0,2,2024-10-29
11113,0,0,RA0076_20241029,RawaPening,0,2,2024-10-29
11114,0,0,RA0077_20241029,RawaPening,0,2,2024-10-29
11115,0,0,RA0078_20241029,RawaPening,0,2,2024-10-29
11116,0,0,RA0079_20241029,RawaPening,0,2,2024-10-29
11117,0,0,RA0080_20241029,RawaPening,0,2,2024-10-29
11118,1,1,RA0001_20210423,RawaPening,1,3,2021-04-23
11119,1,1,RA0002_20210423,RawaPening,1,3,2021-04-23
11120,1,1,RA0003_20210423,RawaPening,1,3,2021-04-23
11121,1,1,RA0004_20210423,RawaPening,1,3,2021-04-23
11122,1,1,RA0005_20210423,RawaPening,1,3,2021-04-23
11123,1,0,RA0006_20210423,RawaPening,1,3,2021-04-23
11124,1,1,RA0007_20210423,RawaPening,1,3,2021-04-23
11125,1,0,RA0008_20210423,RawaPening,1,3,2021-04-23
11126,1,1,RA0009_20210423,RawaPening,1,3,2021-04-23
11127,1,1,RA0010_20210423,RawaPening,1,3,2021-04-23
11128,1,1,RA0011_20210423,RawaPening,1,3,2021-04-23
11129,1,1,RA0012_20210423,RawaPening,1,3,2021-04-23
11130,1,1,RA0013_20210423,RawaPening,1,3,2021-04-23
11131,1,1,RA0014_20210423,RawaPening,1,3,2021-04-23
11132,1,1,RA0015_20210423,RawaPening,1,3,2021-04-23
11133,1,1,RA0016_20210423,RawaPening,1,3,2021-04-23
11134,1,1,RA0017_20210423,RawaPening,1,3,2021-04-23
11135,1,1,RA0018_20210423,RawaPening,1,3,2021-04-23
11136,1,1,RA0019_20210423,RawaPening,1,3,2021-04-23
11137,1,1,RA0020_20210423,RawaPening,1,3,2021-04-23
11138,1,1,RA0021_20210423,RawaPening,1,3,2021-04-23
11139,1,1,RA0022_20210423,RawaPening,1,3,2021-04-23
11140,1,1,RA0023_20210423,RawaPening,1,3,2021-04-23
11141,1,1,RA0024_20210423,RawaPening,1,3,2021-04-23
11142,1,1,RA0025_20210423,RawaPening,1,3,2021-04-23
11143,1,1,RA0026_20210423,RawaPening,1,3,2021-04-23
11144,1,1,RA0027_20210423,RawaPening,1,3,2021-04-23
11145,1,1,RA0028_20210423,RawaPening,1,3,2021-04-23
11146,1,1,RA0029_20210423,RawaPening,1,3,2021-04-23
11147,1,1,RA0030_20210423,RawaPening,1,3,2021-04-23
11148,1,1,RA0031_20210423,RawaPening,1,3,2021-04-23
11149,1,1,RA0032_20210423,RawaPening,1,3,2021-04-23
11150,1,1,RA0033_20210423,RawaPening,1,3,2021-04-23
11151,1,0,RA0034_20210423,RawaPening,1,3,2021-04-23
11152,1,1,RA0035_20210423,RawaPening,1,3,2021-04-23
11153,1,0,RA0036_20210423,RawaPening,1,3,2021-04-23
11154,1,1,RA0037_20210423,RawaPening,1,3,2021-04-23
11155,1,0,RA0038_20210423,RawaPening,1,3,2021-04-23
11156,1,1,RA0039_20210423,RawaPening,1,3,2021-04-23
11157,1,1,RA0040_20210423,RawaPening,1,3,2021-04-23
11158,1,0,RA0041_20210423,RawaPening,1,3,2021-04-23
11159,1,1,RA0042_20210423,RawaPening,1,3,2021-04-23
11160,1,1,RA0043_20210423,RawaPening,1,3,2021-04-23
11161,1,1,RA0044_20210423,RawaPening,1,3,2021-04-23
11162,1,1,RA0045_20210423,RawaPening,1,3,2021-04-23
11163,1,0,RA0046_20210423,RawaPening,1,3,2021-04-23
11164,1,1,RA0047_20210423,RawaPening,1,3,2021-04-23
11165,1,0,RA0048_20210423,RawaPening,1,3,2021-04-23
11166,1,1,RA0049_20210423,RawaPening,1,3,2021-04-23
11167,1,1,RA0050_20210423,RawaPening,1,3,2021-04-23
11168,1,1,RA0051_20210423,RawaPening,1,3,2021-04-23
11169,1,1,RA0052_20210423,RawaPening,1,3,2021-04-23
11170,1,1,RA0053_20210423,RawaPening,1,3,2021-04-23
11171,1,1,RA0054_20210423,RawaPening,1,3,2021-04-23
11172,1,1,RA0055_20210423,RawaPening,1,3,2021-04-23
11173,1,1,RA0056_20210423,RawaPening,1,3,2021-04-23
11174,1,1,RA0057_20210423,RawaPening,1,3,2021-04-23
11175,1,1,RA0058_20210423,RawaPening,1,3,2021-04-23
11176,1,1,RA0059_20210423,RawaPening,1,3,2021-04-23
11177,1,1,RA0060_20210423,RawaPening,1,3,2021-04-23
11178,1,1,RA0061_20210423,RawaPening,1,3,2021-04-23
11179,1,1,RA0062_20210423,RawaPening,1,3,2021-04-23
11180,1,1,RA0063_20210423,RawaPening,1,3,2021-04-23
11181,1,1,RA0064_20210423,RawaPening,1,3,2021-04-23
11182,1,1,RA0065_20210423,RawaPening,1,3,2021-04-23
11183,1,1,RA0066_20210423,RawaPening,1,3,2021-04-23
11184,1,1,RA0067_20210423,RawaPening,1,3,2021-04-23
11185,1,1,RA0068_20210423,RawaPening,1,3,2021-04-23
11186,1,1,RA0069_20210423,RawaPening,1,3,2021-04-23
11187,1,1,RA0070_20210423,RawaPening,1,3,2021-04-23
11188,1,1,RA0071_20210423,RawaPening,1,3,2021-04-23
11189,1,1,RA0072_20210423,RawaPening,1,3,2021-04-23
11190,1,1,RA0073_20210423,RawaPening,1,3,2021-04-23
11191,1,1,RA0074_20210423,RawaPening,1,3,2021-04-23
11192,1,1,RA0075_20210423,RawaPening,1,3,2021-04-23
11193,1,1,RA0076_20210423,RawaPening,1,3,2021-04-23
11194,1,1,RA0077_20210423,RawaPening,1,3,2021-04-23
11195,1,1,RA0078_20210423,RawaPening,1,3,2021-04-23
11196,1,1,RA0079_20210423,RawaPening,1,3,2021-04-23
11197,1,1,RA0080_20210423,RawaPening,1,3,2021-04-23
11198,1,1,RA0081_20210423,RawaPening,1,3,2021-04-23
11199,1,1,RA0082_20210423,RawaPening,1,3,2021-04-23
11200,1,1,RA0083_20210423,RawaPening,1,3,2021-04-23
11201,1,1,RA0084_20210423,RawaPening,1,3,2021-04-23
11202,1,1,RA0085_20210423,RawaPening,1,3,2021-04-23
11203,1,1,RA0086_20210423,RawaPening,1,3,2021-04-23
11204,1,1,RA0087_20210423,RawaPening,1,3,2021-04-23
11205,1,1,RA0088_20210423,RawaPening,1,3,2021-04-23
11206,1,1,RA0089_20210423,RawaPening,1,3,2021-04-23
11207,1,1,RA0090_20210423,RawaPening,1,3,2021-04-23
11208,1,1,RA0091_20210423,RawaPening,1,3,2021-04-23
11209,1,1,RA0092_20210423,RawaPening,1,3,2021-04-23
11210,1,1,RA0093_20210423,RawaPening,1,3,2021-04-23
11211,1,1,RA0094_20210423,RawaPening,1,3,2021-04-23
11212,1,1,RA0095_20210423,RawaPening,1,3,2021-04-23
11213,1,1,RA0097_20210423,RawaPening,1,3,2021-04-23
11214,1,1,RA0098_20210423,RawaPening,1,3,2021-04-23
11215,1,1,RA0099_20210423,RawaPening,1,3,2021-04-23
11216,1,1,RA0100_20210423,RawaPening,1,3,2021-04-23
11217,1,1,RA0101_20210423,RawaPening,1,3,2021-04-23
11218,1,1,RA0102_20210423,RawaPening,1,3,2021-04-23
11219,1,1,RA0103_20210423,RawaPening,1,3,2021-04-23
11220,1,1,RA0104_20210423,RawaPening,1,3,2021-04-23
11221,1,1,RA0105_20210423,RawaPening,1,3,2021-04-23
11222,1,1,RA0106_20210423,RawaPening,1,3,2021-04-23
11223,1,1,RA0107_20210423,RawaPening,1,3,2021-04-23
11224,1,1,RA0108_20210423,RawaPening,1,3,2021-04-23
11225,1,1,RA0109_20210423,RawaPening,1,3,2021-04-23
11226,1,1,RA0110_20210423,RawaPening,1,3,2021-04-23
11227,1,1,RA0111_20210423,RawaPening,1,3,2021-04-23
11228,1,1,RA0112_20210423,RawaPening,1,3,2021-04-23
11229,1,1,RA0113_20210423,RawaPening,1,3,2021-04-23
11230,1,1,RA0114_20210423,RawaPening,1,3,2021-04-23
11231,1,1,RA0115_20210423,RawaPening,1,3,2021-04-23
11232,1,1,RA0116_20210423,RawaPening,1,3,2021-04-23
11233,1,1,RA0117_20210423,RawaPening,1,3,2021-04-23
11234,1,1,RA0118_20210423,RawaPening,1,3,2021-04-23
11235,1,1,RA0119_20210423,RawaPening,1,3,2021-04-23
11236,1,1,RA0120_20210423,RawaPening,1,3,2021-04-23
11237,1,1,RA0121_20210423,RawaPening,1,3,2021-04-23
11238,1,1,RA0122_20210423,RawaPening,1,3,2021-04-23
11239,1,1,RA0123_20210423,RawaPening,1,3,2021-04-23
11240,1,1,RA0124_20210423,RawaPening,1,3,2021-04-23
11241,1,1,RA0125_20210423,RawaPening,1,3,2021-04-23
11242,1,1,RA0126_20210423,RawaPening,1,3,2021-04-23
11243,1,1,RA0127_20210423,RawaPening,1,3,2021-04-23
11244,1,1,RA0128_20210423,RawaPening,1,3,2021-04-23
11245,1,1,RA0129_20210423,RawaPening,1,3,2021-04-23
11246,1,1,RA0130_20210423,RawaPening,1,3,2021-04-23
11247,1,1,RA0131_20210423,RawaPening,1,3,2021-04-23
11248,1,1,RA0132_20210423,RawaPening,1,3,2021-04-23
11249,1,1,RA0133_20210423,RawaPening,1,3,2021-04-23
11250,1,1,RA0134_20210423,RawaPening,1,3,2021-04-23
11251,1,1,RA0135_20210423,RawaPening,1,3,2021-04-23
11252,1,1,RA0136_20210423,RawaPening,1,3,2021-04-23
11253,1,1,RA0137_20210423,RawaPening,1,3,2021-04-23
11254,1,1,RA0138_20210423,RawaPening,1,3,2021-04-23
11255,1,1,RA0139_20210423,RawaPening,1,3,2021-04-23
11256,1,1,RA0140_20210423,RawaPening,1,3,2021-04-23
11257,1,1,RA0141_20210423,RawaPening,1,3,2021-04-23
11258,1,1,RA0142_20210423,RawaPening,1,3,2021-04-23
11259,1,1,RA0143_20210423,RawaPening,1,3,2021-04-23
11260,1,1,RA0144_20210423,RawaPening,1,3,2021-04-23
11261,1,1,RA0145_20210423,RawaPening,1,3,2021-04-23
11262,1,1,RA0146_20210423,RawaPening,1,3,2021-04-23
11263,1,1,RA0147_20210423,RawaPening,1,3,2021-04-23
11264,1,1,RA0148_20210423,RawaPening,1,3,2021-04-23
11265,1,1,RA0149_20210423,RawaPening,1,3,2021-04-23
11266,1,1,RA0150_20210423,RawaPening,1,3,2021-04-23
11267,1,1,RA0151_20210423,RawaPening,1,3,2021-04-23
11268,0,0,RA0152_20210423,RawaPening,0,2,2021-04-23
11269,0,0,RA0153_20210423,RawaPening,0,2,2021-04-23
11270,0,0,RA0154_20210423,RawaPening,0,2,2021-04-23
11271,0,0,RA0155_20210423,RawaPening,0,2,2021-04-23
11272,0,0,RA0156_20210423,RawaPening,0,2,2021-04-23
11273,0,0,RA0157_20210423,RawaPening,0,2,2021-04-23
11274,0,0,RA0158_20210423,RawaPening,0,2,2021-04-23
11275,0,0,RA0159_20210423,RawaPening,0,2,2021-04-23
11276,0,0,RA0160_20210423,RawaPening,0,2,2021-04-23
11277,0,0,RA0161_20210423,RawaPening,0,2,2021-04-23
11278,0,0,RA0162_20210423,RawaPening,0,2,2021-04-23
11279,0,0,RA0163_20210423,RawaPening,0,2,2021-04-23
11280,0,0,RA0164_20210423,RawaPening,0,2,2021-04-23
11281,0,0,RA0165_20210423,RawaPening,0,2,2021-04-23
11282,0,0,RA0166_20210423,RawaPening,0,2,2021-04-23
11283,0,0,RA0167_20210423,RawaPening,0,2,2021-04-23
11284,0,0,RA0168_20210423,RawaPening,0,2,2021-04-23
11285,0,0,RA0169_20210423,RawaPening,0,2,2021-04-23
11286,0,0,RA0170_20210423,RawaPening,0,2,2021-04-23
11287,0,0,RA0171_20210423,RawaPening,0,2,2021-04-23
11288,0,0,RA0172_20210423,RawaPening,0,2,2021-04-23
11289,0,0,RA0173_20210423,RawaPening,0,2,2021-04-23
11290,0,0,RA0174_20210423,RawaPening,0,2,2021-04-23
11291,0,0,RA0175_20210423,RawaPening,0,2,2021-04-23
11292,0,0,RA0176_20210423,RawaPening,0,2,2021-04-23
11293,0,0,RA0177_20210423,RawaPening,0,2,2021-04-23
11294,0,0,RA0178_20210423,RawaPening,0,2,2021-04-23
11295,0,0,RA0179_20210423,RawaPening,0,2,2021-04-23
11296,0,0,RA0180_20210423,RawaPening,0,2,2021-04-23
11297,0,0,RA0181_20210423,RawaPening,0,2,2021-04-23
11298,0,0,RA0182_20210423,RawaPening,0,2,2021-04-23
11299,0,0,RA0183_20210423,RawaPening,0,2,2021-04-23
11300,0,0,RA0184_20210423,RawaPening,0,2,2021-04-23
11301,0,0,RA0185_20210423,RawaPening,0,2,2021-04-23
11302,0,0,RA0186_20210423,RawaPening,0,2,2021-04-23
11303,0,0,RA0187_20210423,RawaPening,0,2,2021-04-23
11304,0,0,RA0188_20210423,RawaPening,0,2,2021-04-23
11305,0,0,RA0189_20210423,RawaPening,0,2,2021-04-23
11306,0,0,RA0190_20210423,RawaPening,0,2,2021-04-23
11307,0,0,RA0191_20210423,RawaPening,0,2,2021-04-23
11308,0,0,RA0192_20210423,RawaPening,0,2,2021-04-23
11309,0,0,RA0193_20210423,RawaPening,0,2,2021-04-23
11310,0,0,RA0194_20210423,RawaPening,0,2,2021-04-23
11311,0,0,RA0195_20210423,RawaPening,0,2,2021-04-23
11312,0,0,RA0196_20210423,RawaPening,0,2,2021-04-23
11313,0,0,RA0197_20210423,RawaPening,0,2,2021-04-23
11314,0,0,RA0198_20210423,RawaPening,0,2,2021-04-23
11315,0,0,RA0199_20210423,RawaPening,0,2,2021-04-23
11316,0,0,RA0200_20210423,RawaPening,0,2,2021-04-23
11317,0,0,RA0201_20210423,RawaPening,0,2,2021-04-23
11318,0,0,RA0202_20210423,RawaPening,0,2,2021-04-23
11319,0,0,RA0203_20210423,RawaPening,0,2,2021-04-23
11320,0,0,RA0204_20210423,RawaPening,0,2,2021-04-23
11321,0,0,RA0205_20210423,RawaPening,0,2,2021-04-23
11322,0,0,RA0206_20210423,RawaPening,0,2,2021-04-23
11323,0,0,RA0207_20210423,RawaPening,0,2,2021-04-23
11324,0,0,RA0208_20210423,RawaPening,0,2,2021-04-23
11325,0,0,RA0209_20210423,RawaPening,0,2,2021-04-23
11326,0,0,RA0210_20210423,RawaPening,0,2,2021-04-23
11327,0,0,RA0211_20210423,RawaPening,0,2,2021-04-23
11328,0,0,RA0212_20210423,RawaPening,0,2,2021-04-23
11329,0,0,RA0213_20210423,RawaPening,0,2,2021-04-23
11330,0,0,RA0214_20210423,RawaPening,0,2,2021-04-23
11331,0,0,RA0215_20210423,RawaPening,0,2,2021-04-23
11332,0,0,RA0216_20210423,RawaPening,0,2,2021-04-23
11333,0,0,RA0217_20210423,RawaPening,0,2,2021-04-23
11334,0,0,RA0218_20210423,RawaPening,0,2,2021-04-23
11335,0,0,RA0219_20210423,RawaPening,0,2,2021-04-23
11336,0,0,RA0220_20210423,RawaPening,0,2,2021-04-23
11337,0,0,RA0221_20210423,RawaPening,0,2,2021-04-23
11338,0,0,RA0222_20210423,RawaPening,0,2,2021-04-23
11339,0,0,RA0223_20210423,RawaPening,0,2,2021-04-23
11340,0,0,RA0224_20210423,RawaPening,0,2,2021-04-23
11341,0,0,RA0225_20210423,RawaPening,0,2,2021-04-23
11342,0,0,RA0226_20210423,RawaPening,0,2,2021-04-23
11343,0,1,RA0227_20210423,RawaPening,0,1,2021-04-23
11344,0,0,RA0228_20210423,RawaPening,0,1,2021-04-23
11345,0,0,RA0229_20210423,RawaPening,0,1,2021-04-23
11346,0,0,RA0230_20210423,RawaPening,0,1,2021-04-23
11347,0,0,RA0231_20210423,RawaPening,0,1,2021-04-23
11348,0,0,RA0232_20210423,RawaPening,0,1,2021-04-23
11349,0,0,RA0233_20210423,RawaPening,0,1,2021-04-23
11350,0,0,RA0234_20210423,RawaPening,0,1,2021-04-23
11351,0,0,RA0235_20210423,RawaPening,0,1,2021-04-23
11352,0,0,RA0236_20210423,RawaPening,0,1,2021-04-23
11353,0,0,RA0237_20210423,RawaPening,0,1,2021-04-23
11354,0,0,RA0238_20210423,RawaPening,0,1,2021-04-23
11355,0,0,RA0239_20210423,RawaPening,0,1,2021-04-23
11356,0,0,RA0240_20210423,RawaPening,0,1,2021-04-23
11357,0,0,RA0241_20210423,RawaPening,0,1,2021-04-23
11358,0,0,RA0242_20210423,RawaPening,0,1,2021-04-23
11359,0,0,RA0243_20210423,RawaPening,0,1,2021-04-23
11360,0,0,RA0244_20210423,RawaPening,0,1,2021-04-23
11361,0,0,RA0245_20210423,RawaPening,0,1,2021-04-23
11362,0,0,RA0246_20210423,RawaPening,0,1,2021-04-23
11363,0,0,RA0247_20210423,RawaPening,0,1,2021-04-23
11364,0,0,RA0248_20210423,RawaPening,0,1,2021-04-23
11365,0,0,RA0249_20210423,RawaPening,0,1,2021-04-23
11366,0,0,RA0250_20210423,RawaPening,0,1,2021-04-23
11367,0,0,RA0251_20210423,RawaPening,0,1,2021-04-23
11368,0,0,RA0252_20210423,RawaPening,0,1,2021-04-23
11369,0,0,RA0253_20210423,RawaPening,0,1,2021-04-23
11370,0,0,RA0254_20210423,RawaPening,0,1,2021-04-23
11371,0,0,RA0255_20210423,RawaPening,0,1,2021-04-23
11372,0,0,RA0256_20210423,RawaPening,0,1,2021-04-23
11373,0,0,RA0257_20210423,RawaPening,0,1,2021-04-23
11374,0,0,RA0258_20210423,RawaPening,0,1,2021-04-23
11375,0,0,RA0259_20210423,RawaPening,0,1,2021-04-23
11376,0,0,RA0260_20210423,RawaPening,0,1,2021-04-23
11377,0,0,RA0261_20210423,RawaPening,0,1,2021-04-23
11378,0,0,RA0262_20210423,RawaPening,0,1,2021-04-23
11379,0,0,RA0263_20210423,RawaPening,0,1,2021-04-23
11380,0,0,RA0264_20210423,RawaPening,0,1,2021-04-23
11381,0,0,RA0265_20210423,RawaPening,0,1,2021-04-23
11382,0,0,RA0266_20210423,RawaPening,0,1,2021-04-23
11383,0,0,RA0267_20210423,RawaPening,0,1,2021-04-23
11384,0,0,RA0268_20210423,RawaPening,0,1,2021-04-23
11385,0,0,RA0269_20210423,RawaPening,0,1,2021-04-23
11386,0,0,RA0270_20210423,RawaPening,0,1,2021-04-23
11387,0,0,RA0271_20210423,RawaPening,0,1,2021-04-23
11388,0,0,RA0272_20210423,RawaPening,0,1,2021-04-23
11389,0,0,RA0273_20210423,RawaPening,0,1,2021-04-23
11390,0,0,RA0274_20210423,RawaPening,0,1,2021-04-23
11391,0,0,RA0275_20210423,RawaPening,0,1,2021-04-23
11392,0,0,RA0276_20210423,RawaPening,0,1,2021-04-23
11393,0,0,RA0277_20210423,RawaPening,0,1,2021-04-23
11394,0,0,RA0278_20210423,RawaPening,0,1,2021-04-23
11395,0,0,RA0279_20210423,RawaPening,0,1,2021-04-23
11396,0,0,RA0280_20210423,RawaPening,0,1,2021-04-23
11397,0,0,RA0281_20210423,RawaPening,0,1,2021-04-23
11398,0,0,RA0282_20210423,RawaPening,0,1,2021-04-23
11399,0,0,RA0283_20210423,RawaPening,0,1,2021-04-23
11400,0,0,RA0284_20210423,RawaPening,0,1,2021-04-23
11401,0,0,RA0285_20210423,RawaPening,0,1,2021-04-23
11402,0,0,RA0286_20210423,RawaPening,0,1,2021-04-23
11403,0,0,RA0287_20210423,RawaPening,0,1,2021-04-23
11404,0,1,RA0288_20210423,RawaPening,0,1,2021-04-23
11405,0,0,RA0289_20210423,RawaPening,0,1,2021-04-23
11406,0,0,RA0290_20210423,RawaPening,0,1,2021-04-23
11407,0,1,RA0291_20210423,RawaPening,0,1,2021-04-23
11408,0,0,RA0292_20210423,RawaPening,0,1,2021-04-23
11409,0,1,RA0293_20210423,RawaPening,0,1,2021-04-23
11410,0,1,RA0294_20210423,RawaPening,0,1,2021-04-23
11411,0,0,RA0295_20210423,RawaPening,0,1,2021-04-23
11412,0,0,RA0296_20210423,RawaPening,0,1,2021-04-23
11413,0,0,RA0297_20210423,RawaPening,0,1,2021-04-23
11414,0,0,RA0298_20210423,RawaPening,0,1,2021-04-23
11415,0,0,RA0299_20210423,RawaPening,0,1,2021-04-23
11416,0,0,RA0300_20210423,RawaPening,0,1,2021-04-23
11417,0,0,RA0301_20210423,RawaPening,0,1,2021-04-23
11418,1,1,RA0001_20190728,RawaPening,1,3,2019-07-28
11419,1,1,RA0002_20190728,RawaPening,1,3,2019-07-28
11420,1,1,RA0003_20190728,RawaPening,1,3,2019-07-28
11421,1,1,RA0004_20190728,RawaPening,1,3,2019-07-28
11422,1,1,RA0007_20190728,RawaPening,1,3,2019-07-28
11423,1,1,RA0008_20190728,RawaPening,1,3,2019-07-28
11424,1,1,RA0009_20190728,RawaPening,1,3,2019-07-28
11425,1,1,RA0010_20190728,RawaPening,1,3,2019-07-28
11426,1,1,RA0011_20190728,RawaPening,1,3,2019-07-28
11427,1,1,RA0012_20190728,RawaPening,1,3,2019-07-28
11428,1,1,RA0013_20190728,RawaPening,1,3,2019-07-28
11429,1,1,RA0014_20190728,RawaPening,1,3,2019-07-28
11430,1,1,RA0015_20190728,RawaPening,1,3,2019-07-28
11431,1,1,RA0016_20190728,RawaPening,1,3,2019-07-28
11432,1,1,RA0017_20190728,RawaPening,1,3,2019-07-28
11433,1,1,RA0018_20190728,RawaPening,1,3,2019-07-28
11434,1,1,RA0019_20190728,RawaPening,1,3,2019-07-28
11435,1,1,RA0020_20190728,RawaPening,1,3,2019-07-28
11436,1,1,RA0021_20190728,RawaPening,1,3,2019-07-28
11437,1,1,RA0023_20190728,RawaPening,1,3,2019-07-28
11438,1,1,RA0024_20190728,RawaPening,1,3,2019-07-28
11439,1,1,RA0025_20190728,RawaPening,1,3,2019-07-28
11440,1,1,RA0026_20190728,RawaPening,1,3,2019-07-28
11441,1,1,RA0027_20190728,RawaPening,1,3,2019-07-28
11442,1,1,RA0028_20190728,RawaPening,1,3,2019-07-28
11443,1,1,RA0029_20190728,RawaPening,1,3,2019-07-28
11444,1,1,RA0030_20190728,RawaPening,1,3,2019-07-28
11445,1,1,RA0031_20190728,RawaPening,1,3,2019-07-28
11446,1,0,RA0032_20190728,RawaPening,1,3,2019-07-28
11447,1,1,RA0033_20190728,RawaPening,1,3,2019-07-28
11448,1,1,RA0034_20190728,RawaPening,1,3,2019-07-28
11449,1,1,RA0035_20190728,RawaPening,1,3,2019-07-28
11450,1,1,RA0037_20190728,RawaPening,1,3,2019-07-28
11451,1,1,RA0038_20190728,RawaPening,1,3,2019-07-28
11452,1,1,RA0039_20190728,RawaPening,1,3,2019-07-28
11453,1,1,RA0040_20190728,RawaPening,1,3,2019-07-28
11454,1,1,RA0041_20190728,RawaPening,1,3,2019-07-28
11455,1,0,RA0042_20190728,RawaPening,1,3,2019-07-28
11456,1,1,RA0043_20190728,RawaPening,1,3,2019-07-28
11457,1,1,RA0044_20190728,RawaPening,1,3,2019-07-28
11458,1,1,RA0045_20190728,RawaPening,1,3,2019-07-28
11459,1,1,RA0046_20190728,RawaPening,1,3,2019-07-28
11460,1,0,RA0047_20190728,RawaPening,1,3,2019-07-28
11461,1,1,RA0048_20190728,RawaPening,1,3,2019-07-28
11462,1,1,RA0049_20190728,RawaPening,1,3,2019-07-28
11463,1,0,RA0050_20190728,RawaPening,1,3,2019-07-28
11464,1,1,RA0051_20190728,RawaPening,1,3,2019-07-28
11465,1,1,RA0052_20190728,RawaPening,1,3,2019-07-28
11466,1,1,RA0053_20190728,RawaPening,1,3,2019-07-28
11467,1,1,RA0054_20190728,RawaPening,1,3,2019-07-28
11468,1,1,RA0055_20190728,RawaPening,1,3,2019-07-28
11469,1,1,RA0056_20190728,RawaPening,1,3,2019-07-28
11470,1,1,RA0057_20190728,RawaPening,1,3,2019-07-28
11471,1,1,RA0058_20190728,RawaPening,1,3,2019-07-28
11472,1,0,RA0059_20190728,RawaPening,1,3,2019-07-28
11473,1,1,RA0060_20190728,RawaPening,1,3,2019-07-28
11474,1,1,RA0061_20190728,RawaPening,1,3,2019-07-28
11475,1,1,RA0062_20190728,RawaPening,1,3,2019-07-28
11476,1,1,RA0063_20190728,RawaPening,1,3,2019-07-28
11477,1,1,RA0064_20190728,RawaPening,1,3,2019-07-28
11478,1,1,RA0065_20190728,RawaPening,1,3,2019-07-28
11479,1,1,RA0066_20190728,RawaPening,1,3,2019-07-28
11480,1,1,RA0067_20190728,RawaPening,1,3,2019-07-28
11481,1,1,RA0068_20190728,RawaPening,1,3,2019-07-28
11482,1,1,RA0069_20190728,RawaPening,1,3,2019-07-28
11483,1,1,RA0070_20190728,RawaPening,1,3,2019-07-28
11484,1,1,RA0071_20190728,RawaPening,1,3,2019-07-28
11485,1,1,RA0072_20190728,RawaPening,1,3,2019-07-28
11486,1,1,RA0073_20190728,RawaPening,1,3,2019-07-28
11487,1,1,RA0074_20190728,RawaPening,1,3,2019-07-28
11488,1,1,RA0075_20190728,RawaPening,1,3,2019-07-28
11489,1,0,RA0076_20190728,RawaPening,1,3,2019-07-28
11490,1,1,RA0077_20190728,RawaPening,1,3,2019-07-28
11491,1,1,RA0078_20190728,RawaPening,1,3,2019-07-28
11492,1,1,RA0079_20190728,RawaPening,1,3,2019-07-28
11493,1,1,RA0080_20190728,RawaPening,1,3,2019-07-28
11494,1,1,RA0081_20190728,RawaPening,1,3,2019-07-28
11495,1,1,RA0082_20190728,RawaPening,1,3,2019-07-28
11496,1,1,RA0083_20190728,RawaPening,1,3,2019-07-28
11497,1,1,RA0084_20190728,RawaPening,1,3,2019-07-28
11498,1,1,RA0085_20190728,RawaPening,1,3,2019-07-28
11499,1,1,RA0086_20190728,RawaPening,1,3,2019-07-28
11500,1,1,RA0087_20190728,RawaPening,1,3,2019-07-28
11501,1,1,RA0088_20190728,RawaPening,1,3,2019-07-28
11502,1,1,RA0089_20190728,RawaPening,1,3,2019-07-28
11503,1,1,RA0091_20190728,RawaPening,1,3,2019-07-28
11504,1,1,RA0092_20190728,RawaPening,1,3,2019-07-28
11505,1,1,RA0093_20190728,RawaPening,1,3,2019-07-28
11506,1,1,RA0094_20190728,RawaPening,1,3,2019-07-28
11507,1,1,RA0095_20190728,RawaPening,1,3,2019-07-28
11508,1,1,RA0096_20190728,RawaPening,1,3,2019-07-28
11509,1,1,RA0097_20190728,RawaPening,1,3,2019-07-28
11510,1,1,RA0098_20190728,RawaPening,1,3,2019-07-28
11511,1,1,RA0099_20190728,RawaPening,1,3,2019-07-28
11512,1,1,RA0100_20190728,RawaPening,1,3,2019-07-28
11513,1,1,RA0101_20190728,RawaPening,1,3,2019-07-28
11514,1,1,RA0102_20190728,RawaPening,1,3,2019-07-28
11515,1,1,RA0103_20190728,RawaPening,1,3,2019-07-28
11516,1,1,RA0104_20190728,RawaPening,1,3,2019-07-28
11517,1,1,RA0105_20190728,RawaPening,1,3,2019-07-28
11518,0,0,RA0106_20190728,RawaPening,0,1,2019-07-28
11519,0,0,RA0107_20190728,RawaPening,0,1,2019-07-28
11520,0,0,RA0108_20190728,RawaPening,0,1,2019-07-28
11521,0,0,RA0109_20190728,RawaPening,0,1,2019-07-28
11522,0,0,RA0110_20190728,RawaPening,0,1,2019-07-28
11523,0,0,RA0111_20190728,RawaPening,0,1,2019-07-28
11524,0,0,RA0112_20190728,RawaPening,0,1,2019-07-28
11525,0,0,RA0113_20190728,RawaPening,0,1,2019-07-28
11526,0,0,RA0114_20190728,RawaPening,0,1,2019-07-28
11527,0,0,RA0115_20190728,RawaPening,0,1,2019-07-28
11528,0,0,RA0116_20190728,RawaPening,0,1,2019-07-28
11529,0,0,RA0117_20190728,RawaPening,0,1,2019-07-28
11530,0,0,RA0118_20190728,RawaPening,0,1,2019-07-28
11531,0,0,RA0119_20190728,RawaPening,0,1,2019-07-28
11532,0,0,RA0120_20190728,RawaPening,0,1,2019-07-28
11533,0,0,RA0121_20190728,RawaPening,0,1,2019-07-28
11534,0,0,RA0122_20190728,RawaPening,0,1,2019-07-28
11535,0,1,RA0123_20190728,RawaPening,0,1,2019-07-28
11536,0,0,RA0124_20190728,RawaPening,0,1,2019-07-28
11537,0,0,RA0125_20190728,RawaPening,0,1,2019-07-28
11538,0,0,RA0126_20190728,RawaPening,0,1,2019-07-28
11539,0,0,RA0127_20190728,RawaPening,0,1,2019-07-28
11540,0,0,RA0128_20190728,RawaPening,0,1,2019-07-28
11541,0,0,RA0129_20190728,RawaPening,0,1,2019-07-28
11542,0,0,RA0130_20190728,RawaPening,0,1,2019-07-28
11543,0,0,RA0131_20190728,RawaPening,0,1,2019-07-28
11544,0,0,RA0132_20190728,RawaPening,0,1,2019-07-28
11545,0,0,RA0133_20190728,RawaPening,0,1,2019-07-28
11546,0,0,RA0134_20190728,RawaPening,0,1,2019-07-28
11547,0,0,RA0135_20190728,RawaPening,0,1,2019-07-28
11548,0,0,RA0136_20190728,RawaPening,0,1,2019-07-28
11549,0,0,RA0137_20190728,RawaPening,0,1,2019-07-28
11550,0,1,RA0138_20190728,RawaPening,0,1,2019-07-28
11551,0,0,RA0139_20190728,RawaPening,0,1,2019-07-28
11552,0,0,RA0140_20190728,RawaPening,0,1,2019-07-28
11553,0,0,RA0141_20190728,RawaPening,0,1,2019-07-28
11554,0,0,RA0142_20190728,RawaPening,0,1,2019-07-28
11555,0,0,RA0143_20190728,RawaPening,0,1,2019-07-28
11556,0,0,RA0144_20190728,RawaPening,0,1,2019-07-28
11557,0,0,RA0145_20190728,RawaPening,0,1,2019-07-28
11558,0,0,RA0146_20190728,RawaPening,0,1,2019-07-28
11559,0,1,RA0147_20190728,RawaPening,0,1,2019-07-28
11560,0,0,RA0148_20190728,RawaPening,0,1,2019-07-28
11561,0,0,RA0149_20190728,RawaPening,0,1,2019-07-28
11562,0,0,RA0150_20190728,RawaPening,0,1,2019-07-28
11563,0,0,RA0151_20190728,RawaPening,0,1,2019-07-28
11564,0,1,RA0152_20190728,RawaPening,0,1,2019-07-28
11565,0,0,RA0153_20190728,RawaPening,0,1,2019-07-28
11566,0,0,RA0154_20190728,RawaPening,0,1,2019-07-28
11567,0,0,RA0155_20190728,RawaPening,0,1,2019-07-28
11568,0,0,RA0156_20190728,RawaPening,0,1,2019-07-28
11569,0,0,RA0157_20190728,RawaPening,0,1,2019-07-28
11570,0,0,RA0159_20190728,RawaPening,0,1,2019-07-28
11571,0,0,RA0160_20190728,RawaPening,0,1,2019-07-28
11572,0,0,RA0161_20190728,RawaPening,0,1,2019-07-28
11573,0,0,RA0162_20190728,RawaPening,0,1,2019-07-28
11574,0,0,RA0163_20190728,RawaPening,0,1,2019-07-28
11575,0,0,RA0164_20190728,RawaPening,0,1,2019-07-28
11576,0,0,RA0165_20190728,RawaPening,0,1,2019-07-28
11577,1,1,RA0166_20190728,RawaPening,1,3,2019-07-28
11578,1,1,RA0167_20190728,RawaPening,1,3,2019-07-28
11579,1,1,RA0168_20190728,RawaPening,1,3,2019-07-28
11580,1,1,RA0169_20190728,RawaPening,1,3,2019-07-28
11581,1,1,RA0170_20190728,RawaPening,1,3,2019-07-28
11582,1,1,RA0171_20190728,RawaPening,1,3,2019-07-28
11583,1,1,RA0172_20190728,RawaPening,1,3,2019-07-28
11584,1,1,RA0173_20190728,RawaPening,1,3,2019-07-28
11585,1,1,RA0174_20190728,RawaPening,1,3,2019-07-28
11586,1,1,RA0175_20190728,RawaPening,1,3,2019-07-28
11587,1,1,RA0176_20190728,RawaPening,1,3,2019-07-28
11588,1,1,RA0177_20190728,RawaPening,1,3,2019-07-28
11589,1,1,RA0178_20190728,RawaPening,1,3,2019-07-28
11590,1,1,RA0179_20190728,RawaPening,1,3,2019-07-28
11591,1,1,RA0180_20190728,RawaPening,1,3,2019-07-28
11592,1,1,RA0181_20190728,RawaPening,1,3,2019-07-28
11593,1,1,RA0182_20190728,RawaPening,1,3,2019-07-28
11594,1,1,RA0183_20190728,RawaPening,1,3,2019-07-28
11595,1,1,RA0184_20190728,RawaPening,1,3,2019-07-28
11596,1,1,RA0185_20190728,RawaPening,1,3,2019-07-28
11597,0,0,RA0186_20190728,RawaPening,0,2,2019-07-28
11598,0,0,RA0187_20190728,RawaPening,0,2,2019-07-28
11599,0,0,RA0188_20190728,RawaPening,0,2,2019-07-28
11600,0,0,RA0189_20190728,RawaPening,0,2,2019-07-28
11601,0,0,RA0190_20190728,RawaPening,0,2,2019-07-28
11602,0,0,RA0191_20190728,RawaPening,0,2,2019-07-28
11603,0,0,RA0192_20190728,RawaPening,0,2,2019-07-28
11604,0,0,RA0193_20190728,RawaPening,0,2,2019-07-28
11605,0,0,RA0194_20190728,RawaPening,0,2,2019-07-28
11606,0,0,RA0195_20190728,RawaPening,0,2,2019-07-28
11607,0,0,RA0196_20190728,RawaPening,0,2,2019-07-28
11608,0,0,RA0197_20190728,RawaPening,0,2,2019-07-28
11609,0,1,RA0198_20190728,RawaPening,0,2,2019-07-28
11610,0,0,RA0199_20190728,RawaPening,0,2,2019-07-28
11611,0,0,RA0200_20190728,RawaPening,0,2,2019-07-28
11612,0,0,RA0201_20190728,RawaPening,0,2,2019-07-28
11613,0,0,RA0202_20190728,RawaPening,0,2,2019-07-28
11614,0,0,RA0203_20190728,RawaPening,0,2,2019-07-28
11615,0,0,RA0204_20190728,RawaPening,0,2,2019-07-28
11616,0,0,RA0205_20190728,RawaPening,0,2,2019-07-28
11617,0,0,RA0206_20190728,RawaPening,0,2,2019-07-28
11618,0,0,RA0207_20190728,RawaPening,0,2,2019-07-28
11619,0,0,RA0208_20190728,RawaPening,0,2,2019-07-28
11620,0,0,RA0209_20190728,RawaPening,0,2,2019-07-28
11621,0,0,RA0210_20190728,RawaPening,0,2,2019-07-28
11622,0,0,RA0211_20190728,RawaPening,0,2,2019-07-28
11623,0,0,RA0212_20190728,RawaPening,0,2,2019-07-28
11624,0,0,RA0213_20190728,RawaPening,0,2,2019-07-28
11625,0,0,RA0214_20190728,RawaPening,0,2,2019-07-28
11626,0,0,RA0215_20190728,RawaPening,0,2,2019-07-28
11627,0,0,RA0216_20190728,RawaPening,0,2,2019-07-28
11628,0,0,RA0217_20190728,RawaPening,0,2,2019-07-28
11629,0,0,RA0218_20190728,RawaPening,0,2,2019-07-28
11630,0,0,RA0219_20190728,RawaPening,0,2,2019-07-28
11631,0,0,RA0220_20190728,RawaPening,0,2,2019-07-28
11632,0,0,RA0221_20190728,RawaPening,0,2,2019-07-28
11633,0,0,RA0222_20190728,RawaPening,0,2,2019-07-28
11634,0,0,RA0223_20190728,RawaPening,0,2,2019-07-28
11635,0,0,RA0224_20190728,RawaPening,0,2,2019-07-28
11636,0,0,RA0225_20190728,RawaPening,0,2,2019-07-28
11637,0,0,RA0226_20190728,RawaPening,0,2,2019-07-28
11638,0,0,RA0227_20190728,RawaPening,0,2,2019-07-28
11639,0,0,RA0228_20190728,RawaPening,0,2,2019-07-28
11640,0,0,RA0229_20190728,RawaPening,0,2,2019-07-28
11641,0,0,RA0230_20190728,RawaPening,0,2,2019-07-28
11642,0,0,RA0231_20190728,RawaPening,0,2,2019-07-28
11643,0,0,RA0232_20190728,RawaPening,0,2,2019-07-28
11644,0,0,RA0233_20190728,RawaPening,0,2,2019-07-28
11645,0,0,RA0234_20190728,RawaPening,0,2,2019-07-28
11646,0,0,RA0235_20190728,RawaPening,0,2,2019-07-28
11647,0,0,RA0236_20190728,RawaPening,0,2,2019-07-28
11648,0,0,RA0237_20190728,RawaPening,0,2,2019-07-28
11649,0,0,RA0238_20190728,RawaPening,0,2,2019-07-28
11650,0,0,RA0239_20190728,RawaPening,0,2,2019-07-28
11651,0,0,RA0240_20190728,RawaPening,0,2,2019-07-28
11652,0,0,RA0241_20190728,RawaPening,0,2,2019-07-28
11653,0,0,RA0242_20190728,RawaPening,0,2,2019-07-28
11654,0,0,RA0243_20190728,RawaPening,0,2,2019-07-28
11655,0,0,RA0244_20190728,RawaPening,0,2,2019-07-28
11656,0,0,RA0245_20190728,RawaPening,0,2,2019-07-28
11657,1,1,RA0001_20200831,RawaPening,1,3,2020-08-31
11658,1,1,RA0002_20200831,RawaPening,1,3,2020-08-31
11659,1,1,RA0003_20200831,RawaPening,1,3,2020-08-31
11660,1,1,RA0004_20200831,RawaPening,1,3,2020-08-31
11661,1,1,RA0005_20200831,RawaPening,1,3,2020-08-31
11662,1,1,RA0006_20200831,RawaPening,1,3,2020-08-31
11663,1,0,RA0007_20200831,RawaPening,1,3,2020-08-31
11664,1,1,RA0008_20200831,RawaPening,1,3,2020-08-31
11665,1,0,RA0009_20200831,RawaPening,1,3,2020-08-31
11666,1,0,RA0010_20200831,RawaPening,1,3,2020-08-31
11667,1,0,RA0011_20200831,RawaPening,1,3,2020-08-31
11668,1,1,RA0012_20200831,RawaPening,1,3,2020-08-31
11669,1,0,RA0013_20200831,RawaPening,1,3,2020-08-31
11670,1,1,RA0014_20200831,RawaPening,1,3,2020-08-31
11671,1,1,RA0015_20200831,RawaPening,1,3,2020-08-31
11672,1,1,RA0016_20200831,RawaPening,1,3,2020-08-31
11673,1,1,RA0017_20200831,RawaPening,1,3,2020-08-31
11674,1,1,RA0018_20200831,RawaPening,1,3,2020-08-31
11675,1,1,RA0019_20200831,RawaPening,1,3,2020-08-31
11676,1,1,RA0020_20200831,RawaPening,1,3,2020-08-31
11677,1,1,RA0021_20200831,RawaPening,1,3,2020-08-31
11678,1,1,RA0022_20200831,RawaPening,1,3,2020-08-31
11679,1,1,RA0023_20200831,RawaPening,1,3,2020-08-31
11680,1,1,RA0024_20200831,RawaPening,1,3,2020-08-31
11681,1,0,RA0025_20200831,RawaPening,1,3,2020-08-31
11682,1,1,RA0026_20200831,RawaPening,1,3,2020-08-31
11683,1,1,RA0027_20200831,RawaPening,1,3,2020-08-31
11684,1,1,RA0028_20200831,RawaPening,1,3,2020-08-31
11685,1,1,RA0029_20200831,RawaPening,1,3,2020-08-31
11686,1,1,RA0030_20200831,RawaPening,1,3,2020-08-31
11687,1,1,RA0031_20200831,RawaPening,1,3,2020-08-31
11688,1,1,RA0032_20200831,RawaPening,1,3,2020-08-31
11689,1,1,RA0033_20200831,RawaPening,1,3,2020-08-31
11690,1,1,RA0034_20200831,RawaPening,1,3,2020-08-31
11691,1,1,RA0035_20200831,RawaPening,1,3,2020-08-31
11692,1,0,RA0036_20200831,RawaPening,1,3,2020-08-31
11693,1,1,RA0037_20200831,RawaPening,1,3,2020-08-31
11694,1,1,RA0038_20200831,RawaPening,1,3,2020-08-31
11695,1,1,RA0039_20200831,RawaPening,1,3,2020-08-31
11696,1,1,RA0040_20200831,RawaPening,1,3,2020-08-31
11697,1,1,RA0041_20200831,RawaPening,1,3,2020-08-31
11698,1,1,RA0042_20200831,RawaPening,1,3,2020-08-31
11699,1,1,RA0043_20200831,RawaPening,1,3,2020-08-31
11700,1,0,RA0044_20200831,RawaPening,1,3,2020-08-31
11701,1,0,RA0045_20200831,RawaPening,1,3,2020-08-31
11702,1,0,RA0046_20200831,RawaPening,1,3,2020-08-31
11703,1,1,RA0047_20200831,RawaPening,1,3,2020-08-31
11704,1,1,RA0048_20200831,RawaPening,1,3,2020-08-31
11705,1,1,RA0049_20200831,RawaPening,1,3,2020-08-31
11706,1,1,RA0050_20200831,RawaPening,1,3,2020-08-31
11707,1,1,RA0051_20200831,RawaPening,1,3,2020-08-31
11708,1,1,RA0052_20200831,RawaPening,1,3,2020-08-31
11709,1,1,RA0053_20200831,RawaPening,1,3,2020-08-31
11710,1,1,RA0054_20200831,RawaPening,1,3,2020-08-31
11711,1,1,RA0055_20200831,RawaPening,1,3,2020-08-31
11712,1,1,RA0056_20200831,RawaPening,1,3,2020-08-31
11713,1,1,RA0057_20200831,RawaPening,1,3,2020-08-31
11714,1,1,RA0058_20200831,RawaPening,1,3,2020-08-31
11715,1,1,RA0059_20200831,RawaPening,1,3,2020-08-31
11716,1,1,RA0060_20200831,RawaPening,1,3,2020-08-31
11717,1,1,RA0061_20200831,RawaPening,1,3,2020-08-31
11718,1,1,RA0062_20200831,RawaPening,1,3,2020-08-31
11719,1,1,RA0063_20200831,RawaPening,1,3,2020-08-31
11720,1,1,RA0064_20200831,RawaPening,1,3,2020-08-31
11721,1,1,RA0065_20200831,RawaPening,1,3,2020-08-31
11722,1,1,RA0066_20200831,RawaPening,1,3,2020-08-31
11723,1,1,RA0067_20200831,RawaPening,1,3,2020-08-31
11724,1,1,RA0068_20200831,RawaPening,1,3,2020-08-31
11725,1,1,RA0069_20200831,RawaPening,1,3,2020-08-31
11726,1,1,RA0070_20200831,RawaPening,1,3,2020-08-31
11727,1,1,RA0071_20200831,RawaPening,1,3,2020-08-31
11728,1,1,RA0072_20200831,RawaPening,1,3,2020-08-31
11729,1,1,RA0073_20200831,RawaPening,1,3,2020-08-31
11730,1,0,RA0074_20200831,RawaPening,1,3,2020-08-31
11731,1,1,RA0075_20200831,RawaPening,1,3,2020-08-31
11732,1,1,RA0076_20200831,RawaPening,1,3,2020-08-31
11733,1,1,RA0077_20200831,RawaPening,1,3,2020-08-31
11734,1,1,RA0078_20200831,RawaPening,1,3,2020-08-31
11735,1,0,RA0079_20200831,RawaPening,1,3,2020-08-31
11736,1,1,RA0080_20200831,RawaPening,1,3,2020-08-31
11737,1,1,RA0081_20200831,RawaPening,1,3,2020-08-31
11738,1,1,RA0082_20200831,RawaPening,1,3,2020-08-31
11739,1,1,RA0083_20200831,RawaPening,1,3,2020-08-31
11740,1,1,RA0084_20200831,RawaPening,1,3,2020-08-31
11741,1,1,RA0085_20200831,RawaPening,1,3,2020-08-31
11742,1,1,RA0086_20200831,RawaPening,1,3,2020-08-31
11743,1,1,RA0087_20200831,RawaPening,1,3,2020-08-31
11744,1,1,RA0088_20200831,RawaPening,1,3,2020-08-31
11745,1,1,RA0089_20200831,RawaPening,1,3,2020-08-31
11746,1,0,RA0090_20200831,RawaPening,1,3,2020-08-31
11747,1,1,RA0091_20200831,RawaPening,1,3,2020-08-31
11748,1,1,RA0092_20200831,RawaPening,1,3,2020-08-31
11749,1,1,RA0093_20200831,RawaPening,1,3,2020-08-31
11750,1,1,RA0094_20200831,RawaPening,1,3,2020-08-31
11751,1,0,RA0095_20200831,RawaPening,1,3,2020-08-31
11752,1,1,RA0096_20200831,RawaPening,1,3,2020-08-31
11753,1,1,RA0097_20200831,RawaPening,1,3,2020-08-31
11754,1,0,RA0098_20200831,RawaPening,1,3,2020-08-31
11755,1,0,RA0099_20200831,RawaPening,1,3,2020-08-31
11756,1,1,RA0100_20200831,RawaPening,1,3,2020-08-31
11757,0,0,RA0101_20200831,RawaPening,0,2,2020-08-31
11758,0,0,RA0102_20200831,RawaPening,0,2,2020-08-31
11759,0,0,RA0103_20200831,RawaPening,0,2,2020-08-31
11760,0,0,RA0104_20200831,RawaPening,0,2,2020-08-31
11761,0,0,RA0105_20200831,RawaPening,0,2,2020-08-31
11762,0,0,RA0106_20200831,RawaPening,0,2,2020-08-31
11763,0,0,RA0107_20200831,RawaPening,0,2,2020-08-31
11764,0,0,RA0108_20200831,RawaPening,0,2,2020-08-31
11765,0,0,RA0109_20200831,RawaPening,0,2,2020-08-31
11766,0,0,RA0110_20200831,RawaPening,0,2,2020-08-31
11767,0,0,RA0111_20200831,RawaPening,0,2,2020-08-31
11768,0,0,RA0112_20200831,RawaPening,0,2,2020-08-31
11769,0,0,RA0113_20200831,RawaPening,0,2,2020-08-31
11770,0,0,RA0114_20200831,RawaPening,0,2,2020-08-31
11771,0,0,RA0115_20200831,RawaPening,0,2,2020-08-31
11772,0,0,RA0116_20200831,RawaPening,0,2,2020-08-31
11773,0,0,RA0117_20200831,RawaPening,0,2,2020-08-31
11774,0,0,RA0118_20200831,RawaPening,0,2,2020-08-31
11775,0,0,RA0119_20200831,RawaPening,0,2,2020-08-31
11776,0,0,RA0120_20200831,RawaPening,0,2,2020-08-31
11777,0,0,RA0121_20200831,RawaPening,0,2,2020-08-31
11778,0,0,RA0122_20200831,RawaPening,0,2,2020-08-31
11779,0,0,RA0123_20200831,RawaPening,0,2,2020-08-31
11780,0,0,RA0124_20200831,RawaPening,0,2,2020-08-31
11781,0,0,RA0125_20200831,RawaPening,0,2,2020-08-31
11782,0,0,RA0126_20200831,RawaPening,0,2,2020-08-31
11783,0,0,RA0127_20200831,RawaPening,0,2,2020-08-31
11784,0,0,RA0128_20200831,RawaPening,0,2,2020-08-31
11785,0,0,RA0129_20200831,RawaPening,0,2,2020-08-31
11786,0,0,RA0130_20200831,RawaPening,0,2,2020-08-31
11787,0,0,RA0131_20200831,RawaPening,0,2,2020-08-31
11788,0,0,RA0132_20200831,RawaPening,0,2,2020-08-31
11789,0,0,RA0133_20200831,RawaPening,0,2,2020-08-31
11790,0,0,RA0134_20200831,RawaPening,0,2,2020-08-31
11791,0,0,RA0135_20200831,RawaPening,0,2,2020-08-31
11792,0,0,RA0136_20200831,RawaPening,0,2,2020-08-31
11793,0,0,RA0137_20200831,RawaPening,0,2,2020-08-31
11794,0,0,RA0138_20200831,RawaPening,0,2,2020-08-31
11795,0,0,RA0139_20200831,RawaPening,0,2,2020-08-31
11796,0,0,RA0140_20200831,RawaPening,0,2,2020-08-31
11797,0,0,RA0141_20200831,RawaPening,0,2,2020-08-31
11798,0,0,RA0142_20200831,RawaPening,0,2,2020-08-31
11799,0,0,RA0143_20200831,RawaPening,0,2,2020-08-31
11800,0,0,RA0144_20200831,RawaPening,0,2,2020-08-31
11801,0,0,RA0145_20200831,RawaPening,0,2,2020-08-31
11802,0,0,RA0146_20200831,RawaPening,0,2,2020-08-31
11803,0,0,RA0147_20200831,RawaPening,0,2,2020-08-31
11804,0,0,RA0148_20200831,RawaPening,0,2,2020-08-31
11805,0,0,RA0149_20200831,RawaPening,0,2,2020-08-31
11806,0,0,RA0150_20200831,RawaPening,0,2,2020-08-31
11807,0,0,RA0156_20200831,RawaPening,0,1,2020-08-31
11808,0,0,RA0157_20200831,RawaPening,0,1,2020-08-31
11809,0,0,RA0158_20200831,RawaPening,0,1,2020-08-31
11810,0,1,RA0159_20200831,RawaPening,0,1,2020-08-31
11811,0,0,RA0160_20200831,RawaPening,0,1,2020-08-31
11812,0,1,RA0162_20200831,RawaPening,0,1,2020-08-31
11813,0,0,RA0163_20200831,RawaPening,0,1,2020-08-31
11814,0,0,RA0164_20200831,RawaPening,0,1,2020-08-31
11815,0,0,RA0165_20200831,RawaPening,0,1,2020-08-31
11816,0,1,RA0166_20200831,RawaPening,0,1,2020-08-31
11817,0,0,RA0167_20200831,RawaPening,0,1,2020-08-31
11818,0,0,RA0168_20200831,RawaPening,0,1,2020-08-31
11819,0,0,RA0169_20200831,RawaPening,0,1,2020-08-31
11820,0,0,RA0170_20200831,RawaPening,0,1,2020-08-31
11821,0,0,RA0171_20200831,RawaPening,0,1,2020-08-31
11822,0,0,RA0172_20200831,RawaPening,0,1,2020-08-31
11823,0,0,RA0173_20200831,RawaPening,0,1,2020-08-31
11824,0,0,RA0174_20200831,RawaPening,0,1,2020-08-31
11825,0,0,RA0175_20200831,RawaPening,0,1,2020-08-31
11826,0,0,RA0176_20200831,RawaPening,0,1,2020-08-31
11827,0,0,RA0177_20200831,RawaPening,0,1,2020-08-31
11828,0,0,RA0178_20200831,RawaPening,0,1,2020-08-31
11829,0,0,RA0179_20200831,RawaPening,0,1,2020-08-31
11830,0,0,RA0180_20200831,RawaPening,0,1,2020-08-31
11831,0,0,RA0181_20200831,RawaPening,0,1,2020-08-31
11832,0,0,RA0182_20200831,RawaPening,0,1,2020-08-31
11833,0,0,RA0183_20200831,RawaPening,0,1,2020-08-31
11834,0,0,RA0184_20200831,RawaPening,0,1,2020-08-31
11835,0,0,RA0185_20200831,RawaPening,0,1,2020-08-31
11836,0,0,RA0186_20200831,RawaPening,0,1,2020-08-31
11837,0,0,RA0187_20200831,RawaPening,0,1,2020-08-31
11838,0,0,RA0188_20200831,RawaPening,0,1,2020-08-31
11839,0,0,RA0189_20200831,RawaPening,0,1,2020-08-31
11840,0,0,RA0190_20200831,RawaPening,0,1,2020-08-31
11841,0,0,RA0191_20200831,RawaPening,0,1,2020-08-31
11842,0,0,RA0192_20200831,RawaPening,0,1,2020-08-31
11843,0,0,RA0193_20200831,RawaPening,0,1,2020-08-31
11844,0,1,RA0194_20200831,RawaPening,0,1,2020-08-31
11845,0,0,RA0195_20200831,RawaPening,0,1,2020-08-31
11846,0,0,RA0196_20200831,RawaPening,0,1,2020-08-31
11847,0,0,RA0197_20200831,RawaPening,0,1,2020-08-31
11848,0,0,RA0198_20200831,RawaPening,0,1,2020-08-31
11849,0,0,RA0199_20200831,RawaPening,0,1,2020-08-31
11850,0,1,RA0200_20200831,RawaPening,0,1,2020-08-31
11851,0,0,RA0201_20200831,RawaPening,0,1,2020-08-31
11852,0,0,RA0203_20200831,RawaPening,0,1,2020-08-31
11853,0,0,RA0204_20200831,RawaPening,0,1,2020-08-31
11854,0,0,RA0205_20200831,RawaPening,0,1,2020-08-31
11855,0,0,RA0206_20200831,RawaPening,0,1,2020-08-31
11856,0,0,RA0207_20200831,RawaPening,0,1,2020-08-31
11857,0,0,RA0001_20191105,RawaPening,0,1,2019-11-05
11858,0,0,RA0003_20191105,RawaPening,0,1,2019-11-05
11859,0,0,RA0004_20191105,RawaPening,0,1,2019-11-05
11860,0,0,RA0005_20191105,RawaPening,0,1,2019-11-05
11861,0,0,RA0006_20191105,RawaPening,0,1,2019-11-05
11862,0,0,RA0007_20191105,RawaPening,0,1,2019-11-05
11863,0,0,RA0008_20191105,RawaPening,0,1,2019-11-05
11864,0,0,RA0009_20191105,RawaPening,0,1,2019-11-05
11865,0,0,RA0010_20191105,RawaPening,0,1,2019-11-05
11866,0,0,RA0011_20191105,RawaPening,0,1,2019-11-05
11867,0,0,RA0012_20191105,RawaPening,0,1,2019-11-05
11868,0,0,RA0013_20191105,RawaPening,0,1,2019-11-05
11869,0,0,RA0014_20191105,RawaPening,0,1,2019-11-05
11870,0,0,RA0015_20191105,RawaPening,0,1,2019-11-05
11871,0,1,RA0016_20191105,RawaPening,0,1,2019-11-05
11872,0,0,RA0017_20191105,RawaPening,0,1,2019-11-05
11873,0,0,RA0018_20191105,RawaPening,0,1,2019-11-05
11874,0,0,RA0019_20191105,RawaPening,0,1,2019-11-05
11875,0,0,RA0020_20191105,RawaPening,0,1,2019-11-05
11876,0,1,RA0021_20191105,RawaPening,0,1,2019-11-05
11877,0,0,RA0022_20191105,RawaPening,0,1,2019-11-05
11878,0,0,RA0023_20191105,RawaPening,0,1,2019-11-05
11879,0,0,RA0024_20191105,RawaPening,0,1,2019-11-05
11880,0,1,RA0025_20191105,RawaPening,0,1,2019-11-05
11881,0,0,RA0026_20191105,RawaPening,0,1,2019-11-05
11882,0,0,RA0027_20191105,RawaPening,0,1,2019-11-05
11883,0,0,RA0028_20191105,RawaPening,0,1,2019-11-05
11884,0,0,RA0029_20191105,RawaPening,0,1,2019-11-05
11885,0,0,RA0030_20191105,RawaPening,0,1,2019-11-05
11886,0,0,RA0031_20191105,RawaPening,0,1,2019-11-05
11887,1,1,RA0032_20191105,RawaPening,1,3,2019-11-05
11888,1,1,RA0033_20191105,RawaPening,1,3,2019-11-05
11889,1,1,RA0034_20191105,RawaPening,1,3,2019-11-05
11890,1,1,RA0035_20191105,RawaPening,1,3,2019-11-05
11891,1,1,RA0036_20191105,RawaPening,1,3,2019-11-05
11892,1,1,RA0037_20191105,RawaPening,1,3,2019-11-05
11893,1,1,RA0038_20191105,RawaPening,1,3,2019-11-05
11894,1,1,RA0039_20191105,RawaPening,1,3,2019-11-05
11895,1,1,RA0040_20191105,RawaPening,1,3,2019-11-05
11896,1,1,RA0041_20191105,RawaPening,1,3,2019-11-05
11897,1,1,RA0042_20191105,RawaPening,1,3,2019-11-05
11898,1,1,RA0043_20191105,RawaPening,1,3,2019-11-05
11899,1,1,RA0044_20191105,RawaPening,1,3,2019-11-05
11900,1,1,RA0045_20191105,RawaPening,1,3,2019-11-05
11901,1,1,RA0046_20191105,RawaPening,1,3,2019-11-05
11902,1,1,RA0047_20191105,RawaPening,1,3,2019-11-05
11903,1,1,RA0048_20191105,RawaPening,1,3,2019-11-05
11904,1,1,RA0049_20191105,RawaPening,1,3,2019-11-05
11905,1,1,RA0050_20191105,RawaPening,1,3,2019-11-05
11906,1,1,RA0051_20191105,RawaPening,1,3,2019-11-05
11907,1,1,RA0052_20191105,RawaPening,1,3,2019-11-05
11908,1,1,RA0053_20191105,RawaPening,1,3,2019-11-05
11909,1,1,RA0054_20191105,RawaPening,1,3,2019-11-05
11910,1,1,RA0055_20191105,RawaPening,1,3,2019-11-05
11911,1,1,RA0056_20191105,RawaPening,1,3,2019-11-05
11912,1,1,RA0057_20191105,RawaPening,1,3,2019-11-05
11913,1,1,RA0058_20191105,RawaPening,1,3,2019-11-05
11914,1,1,RA0059_20191105,RawaPening,1,3,2019-11-05
11915,1,1,RA0060_20191105,RawaPening,1,3,2019-11-05
11916,1,1,RA0061_20191105,RawaPening,1,3,2019-11-05
11917,1,1,RA0062_20191105,RawaPening,1,3,2019-11-05
11918,1,1,RA0063_20191105,RawaPening,1,3,2019-11-05
11919,1,1,RA0064_20191105,RawaPening,1,3,2019-11-05
11920,1,1,RA0065_20191105,RawaPening,1,3,2019-11-05
11921,1,1,RA0066_20191105,RawaPening,1,3,2019-11-05
11922,1,1,RA0067_20191105,RawaPening,1,3,2019-11-05
11923,1,1,RA0068_20191105,RawaPening,1,3,2019-11-05
11924,1,1,RA0069_20191105,RawaPening,1,3,2019-11-05
11925,1,1,RA0070_20191105,RawaPening,1,3,2019-11-05
11926,1,1,RA0071_20191105,RawaPening,1,3,2019-11-05
11927,0,0,RA0072_20191105,RawaPening,0,2,2019-11-05
11928,0,0,RA0073_20191105,RawaPening,0,2,2019-11-05
11929,0,0,RA0074_20191105,RawaPening,0,2,2019-11-05
11930,0,0,RA0075_20191105,RawaPening,0,2,2019-11-05
11931,0,0,RA0076_20191105,RawaPening,0,2,2019-11-05
11932,0,0,RA0077_20191105,RawaPening,0,2,2019-11-05
11933,0,0,RA0078_20191105,RawaPening,0,2,2019-11-05
11934,0,0,RA0079_20191105,RawaPening,0,2,2019-11-05
11935,0,0,RA0080_20191105,RawaPening,0,2,2019-11-05
11936,0,0,RA0081_20191105,RawaPening,0,2,2019-11-05
11937,1,1,RO0001_20241024,Rodman,1,3,2024-10-24
11938,1,1,RO0002_20241024,Rodman,1,3,2024-10-24
11939,1,1,RO0003_20241024,Rodman,1,3,2024-10-24
11940,1,1,RO0004_20241024,Rodman,1,3,2024-10-24
11941,1,1,RO0005_20241024,Rodman,1,3,2024-10-24
11942,1,1,RO0006_20241024,Rodman,1,3,2024-10-24
11943,1,1,RO0007_20241024,Rodman,1,3,2024-10-24
11944,1,1,RO0008_20241024,Rodman,1,3,2024-10-24
11945,1,1,RO0009_20241024,Rodman,1,3,2024-10-24
11946,1,1,RO0010_20241024,Rodman,1,3,2024-10-24
11947,1,1,RO0011_20241024,Rodman,1,3,2024-10-24
11948,1,1,RO0012_20241024,Rodman,1,3,2024-10-24
11949,1,1,RO0013_20241024,Rodman,1,3,2024-10-24
11950,1,1,RO0014_20241024,Rodman,1,3,2024-10-24
11951,1,1,RO0015_20241024,Rodman,1,3,2024-10-24
11952,1,1,RO0016_20241024,Rodman,1,3,2024-10-24
11953,1,1,RO0017_20241024,Rodman,1,3,2024-10-24
11954,1,1,RO0018_20241024,Rodman,1,3,2024-10-24
11955,1,1,RO0019_20241024,Rodman,1,3,2024-10-24
11956,1,1,RO0020_20241024,Rodman,1,3,2024-10-24
11957,1,1,RO0021_20241024,Rodman,1,3,2024-10-24
11958,1,1,RO0022_20241024,Rodman,1,3,2024-10-24
11959,1,1,RO0023_20241024,Rodman,1,3,2024-10-24
11960,1,1,RO0024_20241024,Rodman,1,3,2024-10-24
11961,1,1,RO0025_20241024,Rodman,1,3,2024-10-24
11962,1,1,RO0026_20241024,Rodman,1,3,2024-10-24
11963,1,1,RO0027_20241024,Rodman,1,3,2024-10-24
11964,1,1,RO0028_20241024,Rodman,1,3,2024-10-24
11965,1,1,RO0029_20241024,Rodman,1,3,2024-10-24
11966,1,1,RO0030_20241024,Rodman,1,3,2024-10-24
11967,1,1,RO0031_20241024,Rodman,1,3,2024-10-24
11968,1,1,RO0032_20241024,Rodman,1,3,2024-10-24
11969,1,1,RO0033_20241024,Rodman,1,3,2024-10-24
11970,1,1,RO0034_20241024,Rodman,1,3,2024-10-24
11971,1,1,RO0035_20241024,Rodman,1,3,2024-10-24
11972,1,1,RO0036_20241024,Rodman,1,3,2024-10-24
11973,1,1,RO0037_20241024,Rodman,1,3,2024-10-24
11974,1,1,RO0038_20241024,Rodman,1,3,2024-10-24
11975,1,1,RO0039_20241024,Rodman,1,3,2024-10-24
11976,1,1,RO0040_20241024,Rodman,1,3,2024-10-24
11977,1,1,RO0041_20241024,Rodman,1,3,2024-10-24
11978,1,1,RO0042_20241024,Rodman,1,3,2024-10-24
11979,1,1,RO0043_20241024,Rodman,1,3,2024-10-24
11980,1,1,RO0044_20241024,Rodman,1,3,2024-10-24
11981,1,1,RO0045_20241024,Rodman,1,3,2024-10-24
11982,1,1,RO0046_20241024,Rodman,1,3,2024-10-24
11983,1,1,RO0047_20241024,Rodman,1,3,2024-10-24
11984,1,1,RO0048_20241024,Rodman,1,3,2024-10-24
11985,1,1,RO0049_20241024,Rodman,1,3,2024-10-24
11986,1,1,RO0050_20241024,Rodman,1,3,2024-10-24
11987,1,1,RO0051_20241024,Rodman,1,3,2024-10-24
11988,1,1,RO0052_20241024,Rodman,1,3,2024-10-24
11989,1,1,RO0053_20241024,Rodman,1,3,2024-10-24
11990,1,1,RO0054_20241024,Rodman,1,3,2024-10-24
11991,1,1,RO0055_20241024,Rodman,1,3,2024-10-24
11992,1,1,RO0056_20241024,Rodman,1,3,2024-10-24
11993,1,1,RO0057_20241024,Rodman,1,3,2024-10-24
11994,1,1,RO0058_20241024,Rodman,1,3,2024-10-24
11995,1,1,RO0059_20241024,Rodman,1,3,2024-10-24
11996,1,1,RO0060_20241024,Rodman,1,3,2024-10-24
11997,1,1,RO0061_20241024,Rodman,1,3,2024-10-24
11998,1,1,RO0062_20241024,Rodman,1,3,2024-10-24
11999,1,1,RO0063_20241024,Rodman,1,3,2024-10-24
12000,1,1,RO0064_20241024,Rodman,1,3,2024-10-24
12001,1,1,RO0065_20241024,Rodman,1,3,2024-10-24
12002,1,1,RO0066_20241024,Rodman,1,3,2024-10-24
12003,1,1,RO0067_20241024,Rodman,1,3,2024-10-24
12004,1,1,RO0068_20241024,Rodman,1,3,2024-10-24
12005,1,1,RO0069_20241024,Rodman,1,3,2024-10-24
12006,1,1,RO0070_20241024,Rodman,1,3,2024-10-24
12007,1,1,RO0071_20241024,Rodman,1,3,2024-10-24
12008,1,1,RO0072_20241024,Rodman,1,3,2024-10-24
12009,1,1,RO0073_20241024,Rodman,1,3,2024-10-24
12010,1,1,RO0074_20241024,Rodman,1,3,2024-10-24
12011,1,1,RO0075_20241024,Rodman,1,3,2024-10-24
12012,1,1,RO0076_20241024,Rodman,1,3,2024-10-24
12013,1,1,RO0077_20241024,Rodman,1,3,2024-10-24
12014,1,1,RO0078_20241024,Rodman,1,3,2024-10-24
12015,1,1,RO0079_20241024,Rodman,1,3,2024-10-24
12016,1,1,RO0080_20241024,Rodman,1,3,2024-10-24
12017,1,1,RO0081_20241024,Rodman,1,3,2024-10-24
12018,1,1,RO0082_20241024,Rodman,1,3,2024-10-24
12019,1,1,RO0083_20241024,Rodman,1,3,2024-10-24
12020,1,1,RO0084_20241024,Rodman,1,3,2024-10-24
12021,1,1,RO0085_20241024,Rodman,1,3,2024-10-24
12022,1,1,RO0086_20241024,Rodman,1,3,2024-10-24
12023,1,1,RO0087_20241024,Rodman,1,3,2024-10-24
12024,1,1,RO0088_20241024,Rodman,1,3,2024-10-24
12025,1,1,RO0089_20241024,Rodman,1,3,2024-10-24
12026,1,1,RO0090_20241024,Rodman,1,3,2024-10-24
12027,1,1,RO0091_20241024,Rodman,1,3,2024-10-24
12028,1,1,RO0092_20241024,Rodman,1,3,2024-10-24
12029,1,1,RO0093_20241024,Rodman,1,3,2024-10-24
12030,1,1,RO0094_20241024,Rodman,1,3,2024-10-24
12031,1,1,RO0095_20241024,Rodman,1,3,2024-10-24
12032,1,1,RO0096_20241024,Rodman,1,3,2024-10-24
12033,1,1,RO0097_20241024,Rodman,1,3,2024-10-24
12034,1,1,RO0098_20241024,Rodman,1,3,2024-10-24
12035,1,1,RO0099_20241024,Rodman,1,3,2024-10-24
12036,0,1,RO0100_20241024,Rodman,0,2,2024-10-24
12037,0,0,RO0101_20241024,Rodman,0,2,2024-10-24
12038,0,0,RO0102_20241024,Rodman,0,2,2024-10-24
12039,0,1,RO0103_20241024,Rodman,0,2,2024-10-24
12040,0,0,RO0104_20241024,Rodman,0,2,2024-10-24
12041,0,0,RO0105_20241024,Rodman,0,2,2024-10-24
12042,0,0,RO0106_20241024,Rodman,0,2,2024-10-24
12043,0,0,RO0107_20241024,Rodman,0,2,2024-10-24
12044,0,0,RO0108_20241024,Rodman,0,2,2024-10-24
12045,0,0,RO0109_20241024,Rodman,0,2,2024-10-24
12046,0,0,RO0110_20241024,Rodman,0,2,2024-10-24
12047,0,0,RO0111_20241024,Rodman,0,2,2024-10-24
12048,0,0,RO0112_20241024,Rodman,0,2,2024-10-24
12049,0,0,RO0113_20241024,Rodman,0,2,2024-10-24
12050,0,0,RO0114_20241024,Rodman,0,2,2024-10-24
12051,0,0,RO0115_20241024,Rodman,0,2,2024-10-24
12052,0,0,RO0116_20241024,Rodman,0,2,2024-10-24
12053,0,0,RO0117_20241024,Rodman,0,2,2024-10-24
12054,0,0,RO0118_20241024,Rodman,0,2,2024-10-24
12055,0,0,RO0119_20241024,Rodman,0,2,2024-10-24
12056,0,0,RO0120_20241024,Rodman,0,2,2024-10-24
12057,0,0,RO0121_20241024,Rodman,0,2,2024-10-24
12058,0,0,RO0122_20241024,Rodman,0,2,2024-10-24
12059,0,1,RO0123_20241024,Rodman,0,2,2024-10-24
12060,0,0,RO0124_20241024,Rodman,0,2,2024-10-24
12061,0,0,RO0125_20241024,Rodman,0,2,2024-10-24
12062,0,0,RO0126_20241024,Rodman,0,2,2024-10-24
12063,0,0,RO0127_20241024,Rodman,0,2,2024-10-24
12064,0,0,RO0128_20241024,Rodman,0,2,2024-10-24
12065,0,1,RO0129_20241024,Rodman,0,2,2024-10-24
12066,0,1,RO0130_20241024,Rodman,0,2,2024-10-24
12067,0,0,RO0131_20241024,Rodman,0,2,2024-10-24
12068,0,0,RO0132_20241024,Rodman,0,2,2024-10-24
12069,0,0,RO0133_20241024,Rodman,0,2,2024-10-24
12070,0,0,RO0134_20241024,Rodman,0,2,2024-10-24
12071,0,0,RO0135_20241024,Rodman,0,2,2024-10-24
12072,0,0,RO0136_20241024,Rodman,0,2,2024-10-24
12073,0,0,RO0137_20241024,Rodman,0,2,2024-10-24
12074,0,0,RO0138_20241024,Rodman,0,2,2024-10-24
12075,0,0,RO0139_20241024,Rodman,0,2,2024-10-24
12076,0,0,RO0140_20241024,Rodman,0,2,2024-10-24
12077,0,0,RO0141_20241024,Rodman,0,2,2024-10-24
12078,0,0,RO0142_20241024,Rodman,0,2,2024-10-24
12079,0,0,RO0143_20241024,Rodman,0,2,2024-10-24
12080,0,0,RO0144_20241024,Rodman,0,2,2024-10-24
12081,0,0,RO0145_20241024,Rodman,0,2,2024-10-24
12082,0,0,RO0146_20241024,Rodman,0,2,2024-10-24
12083,0,0,RO0147_20241024,Rodman,0,2,2024-10-24
12084,0,0,RO0148_20241024,Rodman,0,2,2024-10-24
12085,0,0,RO0149_20241024,Rodman,0,2,2024-10-24
12086,0,1,RO0150_20241024,Rodman,0,1,2024-10-24
12087,0,1,RO0151_20241024,Rodman,0,1,2024-10-24
12088,0,1,RO0152_20241024,Rodman,0,1,2024-10-24
12089,0,1,RO0153_20241024,Rodman,0,1,2024-10-24
12090,0,1,RO0154_20241024,Rodman,0,1,2024-10-24
12091,0,1,RO0155_20241024,Rodman,0,1,2024-10-24
12092,0,0,RO0156_20241024,Rodman,0,1,2024-10-24
12093,0,0,RO0157_20241024,Rodman,0,1,2024-10-24
12094,0,0,RO0158_20241024,Rodman,0,1,2024-10-24
12095,0,1,RO0159_20241024,Rodman,0,1,2024-10-24
12096,0,1,RO0160_20241024,Rodman,0,1,2024-10-24
12097,0,1,RO0161_20241024,Rodman,0,1,2024-10-24
12098,0,0,RO0162_20241024,Rodman,0,1,2024-10-24
12099,0,1,RO0163_20241024,Rodman,0,1,2024-10-24
12100,0,1,RO0164_20241024,Rodman,0,1,2024-10-24
12101,0,0,RO0165_20241024,Rodman,0,1,2024-10-24
12102,0,0,RO0166_20241024,Rodman,0,1,2024-10-24
12103,0,0,RO0167_20241024,Rodman,0,1,2024-10-24
12104,0,1,RO0168_20241024,Rodman,0,1,2024-10-24
12105,0,0,RO0169_20241024,Rodman,0,1,2024-10-24
12106,0,0,RO0170_20241024,Rodman,0,1,2024-10-24
12107,0,0,RO0171_20241024,Rodman,0,1,2024-10-24
12108,0,0,RO0172_20241024,Rodman,0,1,2024-10-24
12109,0,0,RO0173_20241024,Rodman,0,1,2024-10-24
12110,0,0,RO0174_20241024,Rodman,0,1,2024-10-24
12111,0,0,RO0175_20241024,Rodman,0,1,2024-10-24
12112,0,0,RO0176_20241024,Rodman,0,1,2024-10-24
12113,0,0,RO0177_20241024,Rodman,0,1,2024-10-24
12114,0,1,RO0178_20241024,Rodman,0,1,2024-10-24
12115,0,0,RO0179_20241024,Rodman,0,1,2024-10-24
12116,0,0,RO0180_20241024,Rodman,0,1,2024-10-24
12117,0,0,RO0181_20241024,Rodman,0,1,2024-10-24
12118,0,0,RO0182_20241024,Rodman,0,1,2024-10-24
12119,0,1,RO0183_20241024,Rodman,0,1,2024-10-24
12120,0,0,RO0184_20241024,Rodman,0,1,2024-10-24
12121,0,0,RO0185_20241024,Rodman,0,1,2024-10-24
12122,0,0,RO0186_20241024,Rodman,0,1,2024-10-24
12123,0,0,RO0187_20241024,Rodman,0,1,2024-10-24
12124,0,0,RO0188_20241024,Rodman,0,1,2024-10-24
12125,0,0,RO0189_20241024,Rodman,0,1,2024-10-24
12126,0,1,RO0190_20241024,Rodman,0,1,2024-10-24
12127,0,0,RO0191_20241024,Rodman,0,1,2024-10-24
12128,0,0,RO0192_20241024,Rodman,0,1,2024-10-24
12129,0,1,RO0193_20241024,Rodman,0,1,2024-10-24
12130,0,1,RO0194_20241024,Rodman,0,1,2024-10-24
12131,0,1,RO0195_20241024,Rodman,0,1,2024-10-24
12132,0,1,RO0196_20241024,Rodman,0,1,2024-10-24
12133,0,1,RO0197_20241024,Rodman,0,1,2024-10-24
12134,0,1,RO0198_20241024,Rodman,0,1,2024-10-24
12135,0,0,RO0199_20241024,Rodman,0,1,2024-10-24
12136,1,1,RO0200_20241024,Rodman,1,3,2024-10-24
12137,1,1,RO0001_20231119,Rodman,1,3,2023-11-19
12138,1,1,RO0002_20231119,Rodman,1,3,2023-11-19
12139,1,1,RO0003_20231119,Rodman,1,3,2023-11-19
12140,1,1,RO0004_20231119,Rodman,1,3,2023-11-19
12141,1,1,RO0005_20231119,Rodman,1,3,2023-11-19
12142,1,1,RO0006_20231119,Rodman,1,3,2023-11-19
12143,1,1,RO0007_20231119,Rodman,1,3,2023-11-19
12144,1,1,RO0008_20231119,Rodman,1,3,2023-11-19
12145,1,1,RO0009_20231119,Rodman,1,3,2023-11-19
12146,1,1,RO0010_20231119,Rodman,1,3,2023-11-19
12147,1,1,RO0011_20231119,Rodman,1,3,2023-11-19
12148,1,1,RO0012_20231119,Rodman,1,3,2023-11-19
12149,1,1,RO0013_20231119,Rodman,1,3,2023-11-19
12150,1,1,RO0014_20231119,Rodman,1,3,2023-11-19
12151,1,1,RO0015_20231119,Rodman,1,3,2023-11-19
12152,1,1,RO0016_20231119,Rodman,1,3,2023-11-19
12153,1,1,RO0017_20231119,Rodman,1,3,2023-11-19
12154,1,1,RO0018_20231119,Rodman,1,3,2023-11-19
12155,1,1,RO0019_20231119,Rodman,1,3,2023-11-19
12156,1,1,RO0020_20231119,Rodman,1,3,2023-11-19
12157,1,1,RO0021_20231119,Rodman,1,3,2023-11-19
12158,1,1,RO0022_20231119,Rodman,1,3,2023-11-19
12159,1,1,RO0023_20231119,Rodman,1,3,2023-11-19
12160,1,1,RO0024_20231119,Rodman,1,3,2023-11-19
12161,1,1,RO0025_20231119,Rodman,1,3,2023-11-19
12162,1,1,RO0026_20231119,Rodman,1,3,2023-11-19
12163,1,1,RO0027_20231119,Rodman,1,3,2023-11-19
12164,1,1,RO0028_20231119,Rodman,1,3,2023-11-19
12165,1,1,RO0029_20231119,Rodman,1,3,2023-11-19
12166,1,1,RO0030_20231119,Rodman,1,3,2023-11-19
12167,1,1,RO0031_20231119,Rodman,1,3,2023-11-19
12168,1,1,RO0032_20231119,Rodman,1,3,2023-11-19
12169,1,1,RO0033_20231119,Rodman,1,3,2023-11-19
12170,1,1,RO0034_20231119,Rodman,1,3,2023-11-19
12171,1,1,RO0035_20231119,Rodman,1,3,2023-11-19
12172,1,1,RO0036_20231119,Rodman,1,3,2023-11-19
12173,1,1,RO0037_20231119,Rodman,1,3,2023-11-19
12174,1,1,RO0038_20231119,Rodman,1,3,2023-11-19
12175,1,1,RO0039_20231119,Rodman,1,3,2023-11-19
12176,1,1,RO0040_20231119,Rodman,1,3,2023-11-19
12177,1,1,RO0041_20231119,Rodman,1,3,2023-11-19
12178,1,1,RO0042_20231119,Rodman,1,3,2023-11-19
12179,1,1,RO0043_20231119,Rodman,1,3,2023-11-19
12180,1,1,RO0044_20231119,Rodman,1,3,2023-11-19
12181,1,1,RO0045_20231119,Rodman,1,3,2023-11-19
12182,1,1,RO0046_20231119,Rodman,1,3,2023-11-19
12183,1,1,RO0047_20231119,Rodman,1,3,2023-11-19
12184,1,1,RO0048_20231119,Rodman,1,3,2023-11-19
12185,1,1,RO0049_20231119,Rodman,1,3,2023-11-19
12186,1,1,RO0050_20231119,Rodman,1,3,2023-11-19
12187,1,1,RO0051_20231119,Rodman,1,3,2023-11-19
12188,1,1,RO0052_20231119,Rodman,1,3,2023-11-19
12189,1,1,RO0053_20231119,Rodman,1,3,2023-11-19
12190,1,1,RO0054_20231119,Rodman,1,3,2023-11-19
12191,1,1,RO0055_20231119,Rodman,1,3,2023-11-19
12192,1,1,RO0056_20231119,Rodman,1,3,2023-11-19
12193,1,1,RO0057_20231119,Rodman,1,3,2023-11-19
12194,1,1,RO0058_20231119,Rodman,1,3,2023-11-19
12195,1,1,RO0059_20231119,Rodman,1,3,2023-11-19
12196,1,1,RO0060_20231119,Rodman,1,3,2023-11-19
12197,1,1,RO0061_20231119,Rodman,1,3,2023-11-19
12198,1,1,RO0062_20231119,Rodman,1,3,2023-11-19
12199,1,1,RO0063_20231119,Rodman,1,3,2023-11-19
12200,1,1,RO0064_20231119,Rodman,1,3,2023-11-19
12201,1,1,RO0065_20231119,Rodman,1,3,2023-11-19
12202,1,1,RO0066_20231119,Rodman,1,3,2023-11-19
12203,1,1,RO0067_20231119,Rodman,1,3,2023-11-19
12204,1,1,RO0068_20231119,Rodman,1,3,2023-11-19
12205,1,1,RO0069_20231119,Rodman,1,3,2023-11-19
12206,1,1,RO0070_20231119,Rodman,1,3,2023-11-19
12207,1,1,RO0071_20231119,Rodman,1,3,2023-11-19
12208,1,1,RO0072_20231119,Rodman,1,3,2023-11-19
12209,1,1,RO0073_20231119,Rodman,1,3,2023-11-19
12210,1,1,RO0074_20231119,Rodman,1,3,2023-11-19
12211,1,1,RO0075_20231119,Rodman,1,3,2023-11-19
12212,1,1,RO0076_20231119,Rodman,1,3,2023-11-19
12213,1,1,RO0077_20231119,Rodman,1,3,2023-11-19
12214,1,1,RO0078_20231119,Rodman,1,3,2023-11-19
12215,1,1,RO0079_20231119,Rodman,1,3,2023-11-19
12216,1,1,RO0080_20231119,Rodman,1,3,2023-11-19
12217,1,1,RO0081_20231119,Rodman,1,3,2023-11-19
12218,1,1,RO0082_20231119,Rodman,1,3,2023-11-19
12219,1,1,RO0083_20231119,Rodman,1,3,2023-11-19
12220,1,1,RO0084_20231119,Rodman,1,3,2023-11-19
12221,1,1,RO0085_20231119,Rodman,1,3,2023-11-19
12222,1,1,RO0086_20231119,Rodman,1,3,2023-11-19
12223,1,1,RO0087_20231119,Rodman,1,3,2023-11-19
12224,1,1,RO0088_20231119,Rodman,1,3,2023-11-19
12225,1,0,RO0089_20231119,Rodman,1,3,2023-11-19
12226,1,1,RO0090_20231119,Rodman,1,3,2023-11-19
12227,1,1,RO0091_20231119,Rodman,1,3,2023-11-19
12228,1,1,RO0092_20231119,Rodman,1,3,2023-11-19
12229,1,1,RO0093_20231119,Rodman,1,3,2023-11-19
12230,1,0,RO0094_20231119,Rodman,1,3,2023-11-19
12231,1,1,RO0095_20231119,Rodman,1,3,2023-11-19
12232,1,1,RO0096_20231119,Rodman,1,3,2023-11-19
12233,1,1,RO0097_20231119,Rodman,1,3,2023-11-19
12234,1,1,RO0098_20231119,Rodman,1,3,2023-11-19
12235,1,1,RO0099_20231119,Rodman,1,3,2023-11-19
12236,1,1,RO0100_20231119,Rodman,1,3,2023-11-19
12237,0,0,RO0101_20231119,Rodman,0,2,2023-11-19
12238,0,0,RO0102_20231119,Rodman,0,2,2023-11-19
12239,0,0,RO0103_20231119,Rodman,0,2,2023-11-19
12240,0,0,RO0104_20231119,Rodman,0,2,2023-11-19
12241,0,0,RO0105_20231119,Rodman,0,2,2023-11-19
12242,0,0,RO0106_20231119,Rodman,0,2,2023-11-19
12243,0,0,RO0107_20231119,Rodman,0,2,2023-11-19
12244,0,0,RO0108_20231119,Rodman,0,2,2023-11-19
12245,0,0,RO0109_20231119,Rodman,0,2,2023-11-19
12246,0,0,RO0110_20231119,Rodman,0,2,2023-11-19
12247,0,0,RO0111_20231119,Rodman,0,2,2023-11-19
12248,0,0,RO0112_20231119,Rodman,0,2,2023-11-19
12249,0,0,RO0113_20231119,Rodman,0,2,2023-11-19
12250,0,0,RO0114_20231119,Rodman,0,2,2023-11-19
12251,0,0,RO0115_20231119,Rodman,0,2,2023-11-19
12252,0,0,RO0116_20231119,Rodman,0,2,2023-11-19
12253,0,0,RO0117_20231119,Rodman,0,2,2023-11-19
12254,0,0,RO0118_20231119,Rodman,0,2,2023-11-19
12255,0,0,RO0119_20231119,Rodman,0,2,2023-11-19
12256,0,0,RO0120_20231119,Rodman,0,2,2023-11-19
12257,0,0,RO0121_20231119,Rodman,0,2,2023-11-19
12258,0,0,RO0122_20231119,Rodman,0,2,2023-11-19
12259,0,0,RO0123_20231119,Rodman,0,2,2023-11-19
12260,0,0,RO0124_20231119,Rodman,0,2,2023-11-19
12261,0,0,RO0125_20231119,Rodman,0,2,2023-11-19
12262,0,0,RO0126_20231119,Rodman,0,2,2023-11-19
12263,0,0,RO0127_20231119,Rodman,0,2,2023-11-19
12264,0,0,RO0128_20231119,Rodman,0,2,2023-11-19
12265,0,0,RO0129_20231119,Rodman,0,2,2023-11-19
12266,0,0,RO0130_20231119,Rodman,0,2,2023-11-19
12267,0,0,RO0131_20231119,Rodman,0,2,2023-11-19
12268,0,0,RO0132_20231119,Rodman,0,2,2023-11-19
12269,0,0,RO0133_20231119,Rodman,0,2,2023-11-19
12270,0,0,RO0134_20231119,Rodman,0,2,2023-11-19
12271,0,0,RO0135_20231119,Rodman,0,2,2023-11-19
12272,0,0,RO0136_20231119,Rodman,0,2,2023-11-19
12273,0,0,RO0137_20231119,Rodman,0,2,2023-11-19
12274,0,0,RO0138_20231119,Rodman,0,2,2023-11-19
12275,0,0,RO0139_20231119,Rodman,0,2,2023-11-19
12276,0,0,RO0140_20231119,Rodman,0,2,2023-11-19
12277,0,0,RO0141_20231119,Rodman,0,2,2023-11-19
12278,0,0,RO0142_20231119,Rodman,0,2,2023-11-19
12279,0,0,RO0143_20231119,Rodman,0,2,2023-11-19
12280,0,0,RO0144_20231119,Rodman,0,2,2023-11-19
12281,0,0,RO0145_20231119,Rodman,0,2,2023-11-19
12282,0,0,RO0146_20231119,Rodman,0,2,2023-11-19
12283,0,0,RO0147_20231119,Rodman,0,2,2023-11-19
12284,0,0,RO0148_20231119,Rodman,0,2,2023-11-19
12285,0,0,RO0149_20231119,Rodman,0,2,2023-11-19
12286,0,0,RO0150_20231119,Rodman,0,2,2023-11-19
12287,0,0,RO0151_20231119,Rodman,0,2,2023-11-19
12288,0,0,RO0152_20231119,Rodman,0,2,2023-11-19
12289,0,0,RO0153_20231119,Rodman,0,2,2023-11-19
12290,0,0,RO0154_20231119,Rodman,0,2,2023-11-19
12291,0,0,RO0155_20231119,Rodman,0,2,2023-11-19
12292,0,0,RO0156_20231119,Rodman,0,2,2023-11-19
12293,0,0,RO0157_20231119,Rodman,0,2,2023-11-19
12294,0,0,RO0158_20231119,Rodman,0,2,2023-11-19
12295,0,0,RO0159_20231119,Rodman,0,2,2023-11-19
12296,0,0,RO0160_20231119,Rodman,0,2,2023-11-19
12297,1,1,RO0161_20231119,Rodman,1,3,2023-11-19
12298,1,1,RO0162_20231119,Rodman,1,3,2023-11-19
12299,1,1,RO0163_20231119,Rodman,1,3,2023-11-19
12300,1,1,RO0164_20231119,Rodman,1,3,2023-11-19
12301,1,1,RO0165_20231119,Rodman,1,3,2023-11-19
12302,1,1,RO0166_20231119,Rodman,1,3,2023-11-19
12303,1,1,RO0167_20231119,Rodman,1,3,2023-11-19
12304,1,1,RO0168_20231119,Rodman,1,3,2023-11-19
12305,1,1,RO0169_20231119,Rodman,1,3,2023-11-19
12306,1,1,RO0170_20231119,Rodman,1,3,2023-11-19
12307,1,1,RO0171_20231119,Rodman,1,3,2023-11-19
12308,1,1,RO0172_20231119,Rodman,1,3,2023-11-19
12309,1,1,RO0173_20231119,Rodman,1,3,2023-11-19
12310,1,0,RO0174_20231119,Rodman,1,3,2023-11-19
12311,1,0,RO0175_20231119,Rodman,1,3,2023-11-19
12312,1,1,RO0176_20231119,Rodman,1,3,2023-11-19
12313,1,1,RO0177_20231119,Rodman,1,3,2023-11-19
12314,1,1,RO0178_20231119,Rodman,1,3,2023-11-19
12315,1,1,RO0179_20231119,Rodman,1,3,2023-11-19
12316,1,1,RO0180_20231119,Rodman,1,3,2023-11-19
12317,0,1,RO0181_20231119,Rodman,0,1,2023-11-19
12318,0,0,RO0182_20231119,Rodman,0,1,2023-11-19
12319,0,0,RO0183_20231119,Rodman,0,1,2023-11-19
12320,0,0,RO0184_20231119,Rodman,0,1,2023-11-19
12321,0,0,RO0185_20231119,Rodman,0,1,2023-11-19
12322,0,0,RO0186_20231119,Rodman,0,1,2023-11-19
12323,0,0,RO0187_20231119,Rodman,0,1,2023-11-19
12324,0,0,RO0188_20231119,Rodman,0,1,2023-11-19
12325,0,0,RO0189_20231119,Rodman,0,1,2023-11-19
12326,0,1,RO0190_20231119,Rodman,0,1,2023-11-19
12327,0,1,RO0191_20231119,Rodman,0,1,2023-11-19
12328,0,0,RO0192_20231119,Rodman,0,1,2023-11-19
12329,0,0,RO0193_20231119,Rodman,0,1,2023-11-19
12330,0,0,RO0194_20231119,Rodman,0,1,2023-11-19
12331,0,0,RO0195_20231119,Rodman,0,1,2023-11-19
12332,0,0,RO0196_20231119,Rodman,0,1,2023-11-19
12333,0,0,RO0197_20231119,Rodman,0,1,2023-11-19
12334,0,0,RO0198_20231119,Rodman,0,1,2023-11-19
12335,0,0,RO0199_20231119,Rodman,0,1,2023-11-19
12336,0,1,RO0200_20231119,Rodman,0,1,2023-11-19
12337,0,1,RO0201_20231119,Rodman,0,1,2023-11-19
12338,0,0,RO0202_20231119,Rodman,0,1,2023-11-19
12339,0,0,RO0203_20231119,Rodman,0,1,2023-11-19
12340,0,0,RO0204_20231119,Rodman,0,1,2023-11-19
12341,0,1,RO0205_20231119,Rodman,0,1,2023-11-19
12342,0,0,RO0206_20231119,Rodman,0,1,2023-11-19
12343,0,1,RO0207_20231119,Rodman,0,1,2023-11-19
12344,0,0,RO0208_20231119,Rodman,0,1,2023-11-19
12345,0,0,RO0209_20231119,Rodman,0,1,2023-11-19
12346,0,0,RO0210_20231119,Rodman,0,1,2023-11-19
12347,0,1,RO0211_20231119,Rodman,0,1,2023-11-19
12348,0,0,RO0212_20231119,Rodman,0,1,2023-11-19
12349,0,0,RO0213_20231119,Rodman,0,1,2023-11-19
12350,0,0,RO0214_20231119,Rodman,0,1,2023-11-19
12351,0,1,RO0215_20231119,Rodman,0,1,2023-11-19
12352,0,1,RO0216_20231119,Rodman,0,1,2023-11-19
12353,0,1,RO0217_20231119,Rodman,0,1,2023-11-19
12354,0,1,RO0218_20231119,Rodman,0,1,2023-11-19
12355,0,1,RO0219_20231119,Rodman,0,1,2023-11-19
12356,0,1,RO0220_20231119,Rodman,0,1,2023-11-19
12357,0,0,RO0221_20231119,Rodman,0,1,2023-11-19
12358,0,1,RO0222_20231119,Rodman,0,1,2023-11-19
12359,0,1,RO0223_20231119,Rodman,0,1,2023-11-19
12360,0,1,RO0224_20231119,Rodman,0,1,2023-11-19
12361,0,1,RO0225_20231119,Rodman,0,1,2023-11-19
12362,0,1,RO0226_20231119,Rodman,0,1,2023-11-19
12363,0,0,RO0227_20231119,Rodman,0,1,2023-11-19
12364,0,0,RO0228_20231119,Rodman,0,1,2023-11-19
12365,0,1,RO0229_20231119,Rodman,0,1,2023-11-19
12366,0,1,RO0230_20231119,Rodman,0,1,2023-11-19
12367,0,0,RO0231_20231119,Rodman,0,1,2023-11-19
12368,0,0,RO0232_20231119,Rodman,0,1,2023-11-19
12369,0,1,RO0233_20231119,Rodman,0,1,2023-11-19
12370,0,1,RO0234_20231119,Rodman,0,1,2023-11-19
12371,0,0,RO0235_20231119,Rodman,0,1,2023-11-19
12372,0,0,RO0236_20231119,Rodman,0,1,2023-11-19
12373,0,0,RO0237_20231119,Rodman,0,1,2023-11-19
12374,0,0,RO0238_20231119,Rodman,0,1,2023-11-19
12375,0,0,RO0239_20231119,Rodman,0,1,2023-11-19
12376,0,0,RO0240_20231119,Rodman,0,1,2023-11-19
12377,1,1,RO0001_20210905,Rodman,1,3,2021-09-05
12378,1,1,RO0002_20210905,Rodman,1,3,2021-09-05
12379,1,1,RO0003_20210905,Rodman,1,3,2021-09-05
12380,1,1,RO0004_20210905,Rodman,1,3,2021-09-05
12381,1,1,RO0005_20210905,Rodman,1,3,2021-09-05
12382,1,1,RO0006_20210905,Rodman,1,3,2021-09-05
12383,1,1,RO0007_20210905,Rodman,1,3,2021-09-05
12384,1,1,RO0008_20210905,Rodman,1,3,2021-09-05
12385,1,1,RO0009_20210905,Rodman,1,3,2021-09-05
12386,1,1,RO0010_20210905,Rodman,1,3,2021-09-05
12387,1,1,RO0011_20210905,Rodman,1,3,2021-09-05
12388,1,1,RO0012_20210905,Rodman,1,3,2021-09-05
12389,1,1,RO0013_20210905,Rodman,1,3,2021-09-05
12390,1,1,RO0014_20210905,Rodman,1,3,2021-09-05
12391,1,1,RO0015_20210905,Rodman,1,3,2021-09-05
12392,1,1,RO0016_20210905,Rodman,1,3,2021-09-05
12393,1,1,RO0017_20210905,Rodman,1,3,2021-09-05
12394,1,1,RO0018_20210905,Rodman,1,3,2021-09-05
12395,1,1,RO0019_20210905,Rodman,1,3,2021-09-05
12396,1,1,RO0020_20210905,Rodman,1,3,2021-09-05
12397,1,1,RO0021_20210905,Rodman,1,3,2021-09-05
12398,1,1,RO0022_20210905,Rodman,1,3,2021-09-05
12399,1,1,RO0023_20210905,Rodman,1,3,2021-09-05
12400,1,1,RO0024_20210905,Rodman,1,3,2021-09-05
12401,1,1,RO0025_20210905,Rodman,1,3,2021-09-05
12402,1,1,RO0026_20210905,Rodman,1,3,2021-09-05
12403,1,1,RO0027_20210905,Rodman,1,3,2021-09-05
12404,1,1,RO0028_20210905,Rodman,1,3,2021-09-05
12405,1,1,RO0029_20210905,Rodman,1,3,2021-09-05
12406,1,1,RO0030_20210905,Rodman,1,3,2021-09-05
12407,1,1,RO0031_20210905,Rodman,1,3,2021-09-05
12408,1,1,RO0032_20210905,Rodman,1,3,2021-09-05
12409,1,1,RO0033_20210905,Rodman,1,3,2021-09-05
12410,1,1,RO0034_20210905,Rodman,1,3,2021-09-05
12411,1,1,RO0035_20210905,Rodman,1,3,2021-09-05
12412,1,1,RO0036_20210905,Rodman,1,3,2021-09-05
12413,1,1,RO0037_20210905,Rodman,1,3,2021-09-05
12414,1,1,RO0038_20210905,Rodman,1,3,2021-09-05
12415,1,1,RO0039_20210905,Rodman,1,3,2021-09-05
12416,1,1,RO0040_20210905,Rodman,1,3,2021-09-05
12417,1,1,RO0041_20210905,Rodman,1,3,2021-09-05
12418,1,1,RO0042_20210905,Rodman,1,3,2021-09-05
12419,1,1,RO0043_20210905,Rodman,1,3,2021-09-05
12420,1,1,RO0044_20210905,Rodman,1,3,2021-09-05
12421,1,1,RO0045_20210905,Rodman,1,3,2021-09-05
12422,1,1,RO0046_20210905,Rodman,1,3,2021-09-05
12423,1,1,RO0047_20210905,Rodman,1,3,2021-09-05
12424,1,1,RO0048_20210905,Rodman,1,3,2021-09-05
12425,1,1,RO0049_20210905,Rodman,1,3,2021-09-05
12426,1,1,RO0050_20210905,Rodman,1,3,2021-09-05
12427,1,1,RO0051_20210905,Rodman,1,3,2021-09-05
12428,1,1,RO0052_20210905,Rodman,1,3,2021-09-05
12429,1,1,RO0053_20210905,Rodman,1,3,2021-09-05
12430,1,1,RO0054_20210905,Rodman,1,3,2021-09-05
12431,1,1,RO0055_20210905,Rodman,1,3,2021-09-05
12432,1,1,RO0056_20210905,Rodman,1,3,2021-09-05
12433,1,1,RO0057_20210905,Rodman,1,3,2021-09-05
12434,1,1,RO0058_20210905,Rodman,1,3,2021-09-05
12435,1,1,RO0059_20210905,Rodman,1,3,2021-09-05
12436,1,1,RO0060_20210905,Rodman,1,3,2021-09-05
12437,1,1,RO0061_20210905,Rodman,1,3,2021-09-05
12438,1,1,RO0062_20210905,Rodman,1,3,2021-09-05
12439,1,1,RO0063_20210905,Rodman,1,3,2021-09-05
12440,1,1,RO0064_20210905,Rodman,1,3,2021-09-05
12441,1,1,RO0065_20210905,Rodman,1,3,2021-09-05
12442,1,1,RO0066_20210905,Rodman,1,3,2021-09-05
12443,1,1,RO0067_20210905,Rodman,1,3,2021-09-05
12444,1,1,RO0068_20210905,Rodman,1,3,2021-09-05
12445,1,1,RO0069_20210905,Rodman,1,3,2021-09-05
12446,1,1,RO0070_20210905,Rodman,1,3,2021-09-05
12447,1,1,RO0071_20210905,Rodman,1,3,2021-09-05
12448,1,1,RO0072_20210905,Rodman,1,3,2021-09-05
12449,1,1,RO0073_20210905,Rodman,1,3,2021-09-05
12450,1,1,RO0074_20210905,Rodman,1,3,2021-09-05
12451,1,1,RO0075_20210905,Rodman,1,3,2021-09-05
12452,1,1,RO0076_20210905,Rodman,1,3,2021-09-05
12453,1,1,RO0077_20210905,Rodman,1,3,2021-09-05
12454,1,1,RO0078_20210905,Rodman,1,3,2021-09-05
12455,1,1,RO0079_20210905,Rodman,1,3,2021-09-05
12456,1,1,RO0080_20210905,Rodman,1,3,2021-09-05
12457,1,1,RO0081_20210905,Rodman,1,3,2021-09-05
12458,1,1,RO0082_20210905,Rodman,1,3,2021-09-05
12459,1,1,RO0083_20210905,Rodman,1,3,2021-09-05
12460,1,1,RO0084_20210905,Rodman,1,3,2021-09-05
12461,1,1,RO0085_20210905,Rodman,1,3,2021-09-05
12462,1,1,RO0086_20210905,Rodman,1,3,2021-09-05
12463,1,1,RO0087_20210905,Rodman,1,3,2021-09-05
12464,1,1,RO0088_20210905,Rodman,1,3,2021-09-05
12465,1,1,RO0089_20210905,Rodman,1,3,2021-09-05
12466,1,1,RO0090_20210905,Rodman,1,3,2021-09-05
12467,1,1,RO0091_20210905,Rodman,1,3,2021-09-05
12468,1,1,RO0092_20210905,Rodman,1,3,2021-09-05
12469,1,1,RO0093_20210905,Rodman,1,3,2021-09-05
12470,1,1,RO0094_20210905,Rodman,1,3,2021-09-05
12471,1,1,RO0095_20210905,Rodman,1,3,2021-09-05
12472,1,1,RO0096_20210905,Rodman,1,3,2021-09-05
12473,1,1,RO0097_20210905,Rodman,1,3,2021-09-05
12474,1,1,RO0098_20210905,Rodman,1,3,2021-09-05
12475,1,1,RO0099_20210905,Rodman,1,3,2021-09-05
12476,1,1,RO0100_20210905,Rodman,1,3,2021-09-05
12477,1,1,RO0101_20210905,Rodman,1,3,2021-09-05
12478,1,1,RO0102_20210905,Rodman,1,3,2021-09-05
12479,1,1,RO0103_20210905,Rodman,1,3,2021-09-05
12480,1,1,RO0104_20210905,Rodman,1,3,2021-09-05
12481,1,1,RO0105_20210905,Rodman,1,3,2021-09-05
12482,1,1,RO0106_20210905,Rodman,1,3,2021-09-05
12483,1,1,RO0107_20210905,Rodman,1,3,2021-09-05
12484,1,1,RO0108_20210905,Rodman,1,3,2021-09-05
12485,1,1,RO0109_20210905,Rodman,1,3,2021-09-05
12486,1,1,RO0110_20210905,Rodman,1,3,2021-09-05
12487,1,1,RO0111_20210905,Rodman,1,3,2021-09-05
12488,1,1,RO0112_20210905,Rodman,1,3,2021-09-05
12489,1,1,RO0113_20210905,Rodman,1,3,2021-09-05
12490,1,1,RO0114_20210905,Rodman,1,3,2021-09-05
12491,1,1,RO0115_20210905,Rodman,1,3,2021-09-05
12492,1,1,RO0116_20210905,Rodman,1,3,2021-09-05
12493,1,1,RO0117_20210905,Rodman,1,3,2021-09-05
12494,1,1,RO0118_20210905,Rodman,1,3,2021-09-05
12495,1,1,RO0119_20210905,Rodman,1,3,2021-09-05
12496,1,1,RO0120_20210905,Rodman,1,3,2021-09-05
12497,1,1,RO0121_20210905,Rodman,1,3,2021-09-05
12498,1,1,RO0122_20210905,Rodman,1,3,2021-09-05
12499,1,1,RO0123_20210905,Rodman,1,3,2021-09-05
12500,1,1,RO0124_20210905,Rodman,1,3,2021-09-05
12501,1,1,RO0125_20210905,Rodman,1,3,2021-09-05
12502,1,1,RO0126_20210905,Rodman,1,3,2021-09-05
12503,1,1,RO0127_20210905,Rodman,1,3,2021-09-05
12504,1,1,RO0128_20210905,Rodman,1,3,2021-09-05
12505,1,1,RO0129_20210905,Rodman,1,3,2021-09-05
12506,1,1,RO0130_20210905,Rodman,1,3,2021-09-05
12507,1,1,RO0131_20210905,Rodman,1,3,2021-09-05
12508,1,1,RO0132_20210905,Rodman,1,3,2021-09-05
12509,1,1,RO0133_20210905,Rodman,1,3,2021-09-05
12510,1,1,RO0134_20210905,Rodman,1,3,2021-09-05
12511,1,1,RO0135_20210905,Rodman,1,3,2021-09-05
12512,1,1,RO0136_20210905,Rodman,1,3,2021-09-05
12513,1,1,RO0137_20210905,Rodman,1,3,2021-09-05
12514,1,1,RO0138_20210905,Rodman,1,3,2021-09-05
12515,1,1,RO0139_20210905,Rodman,1,3,2021-09-05
12516,1,1,RO0140_20210905,Rodman,1,3,2021-09-05
12517,1,1,RO0141_20210905,Rodman,1,3,2021-09-05
12518,1,1,RO0142_20210905,Rodman,1,3,2021-09-05
12519,1,1,RO0143_20210905,Rodman,1,3,2021-09-05
12520,1,1,RO0144_20210905,Rodman,1,3,2021-09-05
12521,1,1,RO0145_20210905,Rodman,1,3,2021-09-05
12522,1,1,RO0146_20210905,Rodman,1,3,2021-09-05
12523,1,1,RO0147_20210905,Rodman,1,3,2021-09-05
12524,1,1,RO0148_20210905,Rodman,1,3,2021-09-05
12525,1,1,RO0149_20210905,Rodman,1,3,2021-09-05
12526,1,1,RO0150_20210905,Rodman,1,3,2021-09-05
12527,0,1,RO0151_20210905,Rodman,0,1,2021-09-05
12528,0,1,RO0152_20210905,Rodman,0,1,2021-09-05
12529,0,1,RO0153_20210905,Rodman,0,1,2021-09-05
12530,0,1,RO0154_20210905,Rodman,0,1,2021-09-05
12531,0,1,RO0155_20210905,Rodman,0,1,2021-09-05
12532,0,1,RO0156_20210905,Rodman,0,1,2021-09-05
12533,0,1,RO0157_20210905,Rodman,0,1,2021-09-05
12534,0,1,RO0158_20210905,Rodman,0,1,2021-09-05
12535,0,1,RO0159_20210905,Rodman,0,1,2021-09-05
12536,0,1,RO0160_20210905,Rodman,0,1,2021-09-05
12537,0,0,RO0161_20210905,Rodman,0,1,2021-09-05
12538,0,0,RO0162_20210905,Rodman,0,1,2021-09-05
12539,0,0,RO0163_20210905,Rodman,0,1,2021-09-05
12540,0,1,RO0164_20210905,Rodman,0,1,2021-09-05
12541,0,1,RO0165_20210905,Rodman,0,1,2021-09-05
12542,0,1,RO0166_20210905,Rodman,0,1,2021-09-05
12543,0,0,RO0167_20210905,Rodman,0,1,2021-09-05
12544,0,0,RO0168_20210905,Rodman,0,1,2021-09-05
12545,0,0,RO0169_20210905,Rodman,0,1,2021-09-05
12546,0,0,RO0170_20210905,Rodman,0,1,2021-09-05
12547,0,0,RO0171_20210905,Rodman,0,1,2021-09-05
12548,0,1,RO0172_20210905,Rodman,0,1,2021-09-05
12549,0,1,RO0173_20210905,Rodman,0,1,2021-09-05
12550,0,0,RO0174_20210905,Rodman,0,1,2021-09-05
12551,0,0,RO0175_20210905,Rodman,0,1,2021-09-05
12552,0,0,RO0176_20210905,Rodman,0,1,2021-09-05
12553,0,0,RO0177_20210905,Rodman,0,1,2021-09-05
12554,0,0,RO0178_20210905,Rodman,0,1,2021-09-05
12555,0,0,RO0179_20210905,Rodman,0,1,2021-09-05
12556,0,0,RO0180_20210905,Rodman,0,1,2021-09-05
12557,0,1,RO0181_20210905,Rodman,0,1,2021-09-05
12558,0,0,RO0182_20210905,Rodman,0,1,2021-09-05
12559,0,0,RO0183_20210905,Rodman,0,1,2021-09-05
12560,0,0,RO0184_20210905,Rodman,0,1,2021-09-05
12561,0,0,RO0185_20210905,Rodman,0,1,2021-09-05
12562,0,1,RO0186_20210905,Rodman,0,1,2021-09-05
12563,0,0,RO0187_20210905,Rodman,0,1,2021-09-05
12564,0,0,RO0188_20210905,Rodman,0,1,2021-09-05
12565,0,0,RO0189_20210905,Rodman,0,1,2021-09-05
12566,0,0,RO0190_20210905,Rodman,0,1,2021-09-05
12567,0,0,RO0191_20210905,Rodman,0,1,2021-09-05
12568,0,0,RO0192_20210905,Rodman,0,1,2021-09-05
12569,0,0,RO0193_20210905,Rodman,0,1,2021-09-05
12570,0,1,RO0194_20210905,Rodman,0,1,2021-09-05
12571,0,1,RO0195_20210905,Rodman,0,1,2021-09-05
12572,0,0,RO0196_20210905,Rodman,0,1,2021-09-05
12573,0,0,RO0197_20210905,Rodman,0,1,2021-09-05
12574,0,0,RO0198_20210905,Rodman,0,1,2021-09-05
12575,0,0,RO0199_20210905,Rodman,0,1,2021-09-05
12576,0,0,RO0200_20210905,Rodman,0,1,2021-09-05
12577,0,0,RO0201_20210905,Rodman,0,1,2021-09-05
12578,0,0,RO0202_20210905,Rodman,0,1,2021-09-05
12579,0,0,RO0203_20210905,Rodman,0,1,2021-09-05
12580,0,0,RO0204_20210905,Rodman,0,1,2021-09-05
12581,0,1,RO0205_20210905,Rodman,0,1,2021-09-05
12582,0,0,RO0206_20210905,Rodman,0,1,2021-09-05
12583,0,0,RO0207_20210905,Rodman,0,1,2021-09-05
12584,0,0,RO0208_20210905,Rodman,0,1,2021-09-05
12585,0,0,RO0209_20210905,Rodman,0,1,2021-09-05
12586,0,0,RO0210_20210905,Rodman,0,1,2021-09-05
12587,0,0,RO0211_20210905,Rodman,0,1,2021-09-05
12588,0,0,RO0212_20210905,Rodman,0,1,2021-09-05
12589,0,1,RO0213_20210905,Rodman,0,1,2021-09-05
12590,0,0,RO0214_20210905,Rodman,0,1,2021-09-05
12591,0,0,RO0215_20210905,Rodman,0,1,2021-09-05
12592,0,1,RO0216_20210905,Rodman,0,1,2021-09-05
12593,0,0,RO0217_20210905,Rodman,0,1,2021-09-05
12594,0,0,RO0218_20210905,Rodman,0,1,2021-09-05
12595,0,0,RO0219_20210905,Rodman,0,1,2021-09-05
12596,0,0,RO0220_20210905,Rodman,0,1,2021-09-05
12597,0,0,RO0221_20210905,Rodman,0,1,2021-09-05
12598,0,0,RO0222_20210905,Rodman,0,1,2021-09-05
12599,0,1,RO0223_20210905,Rodman,0,1,2021-09-05
12600,0,1,RO0224_20210905,Rodman,0,1,2021-09-05
12601,0,1,RO0225_20210905,Rodman,0,1,2021-09-05
12602,0,0,RO0226_20210905,Rodman,0,2,2021-09-05
12603,0,0,RO0227_20210905,Rodman,0,2,2021-09-05
12604,0,0,RO0228_20210905,Rodman,0,2,2021-09-05
12605,0,0,RO0229_20210905,Rodman,0,2,2021-09-05
12606,0,0,RO0230_20210905,Rodman,0,2,2021-09-05
12607,0,0,RO0231_20210905,Rodman,0,2,2021-09-05
12608,0,0,RO0232_20210905,Rodman,0,2,2021-09-05
12609,0,0,RO0233_20210905,Rodman,0,2,2021-09-05
12610,0,0,RO0234_20210905,Rodman,0,2,2021-09-05
12611,0,0,RO0235_20210905,Rodman,0,2,2021-09-05
12612,0,0,RO0236_20210905,Rodman,0,2,2021-09-05
12613,0,0,RO0237_20210905,Rodman,0,2,2021-09-05
12614,0,0,RO0238_20210905,Rodman,0,2,2021-09-05
12615,0,0,RO0239_20210905,Rodman,0,2,2021-09-05
12616,0,0,RO0240_20210905,Rodman,0,2,2021-09-05
12617,0,0,RO0241_20210905,Rodman,0,2,2021-09-05
12618,0,0,RO0242_20210905,Rodman,0,2,2021-09-05
12619,0,0,RO0243_20210905,Rodman,0,2,2021-09-05
12620,0,0,RO0244_20210905,Rodman,0,2,2021-09-05
12621,0,0,RO0245_20210905,Rodman,0,2,2021-09-05
12622,0,0,RO0246_20210905,Rodman,0,2,2021-09-05
12623,0,0,RO0247_20210905,Rodman,0,2,2021-09-05
12624,0,0,RO0248_20210905,Rodman,0,2,2021-09-05
12625,0,0,RO0249_20210905,Rodman,0,2,2021-09-05
12626,0,0,RO0250_20210905,Rodman,0,2,2021-09-05
12627,0,0,RO0251_20210905,Rodman,0,2,2021-09-05
12628,0,0,RO0252_20210905,Rodman,0,2,2021-09-05
12629,0,0,RO0253_20210905,Rodman,0,2,2021-09-05
12630,0,0,RO0254_20210905,Rodman,0,2,2021-09-05
12631,0,0,RO0255_20210905,Rodman,0,2,2021-09-05
12632,0,0,RO0256_20210905,Rodman,0,2,2021-09-05
12633,0,0,RO0257_20210905,Rodman,0,2,2021-09-05
12634,0,0,RO0258_20210905,Rodman,0,2,2021-09-05
12635,0,0,RO0259_20210905,Rodman,0,2,2021-09-05
12636,0,0,RO0260_20210905,Rodman,0,2,2021-09-05
12637,0,0,RO0261_20210905,Rodman,0,2,2021-09-05
12638,0,0,RO0262_20210905,Rodman,0,2,2021-09-05
12639,0,0,RO0263_20210905,Rodman,0,2,2021-09-05
12640,0,0,RO0264_20210905,Rodman,0,2,2021-09-05
12641,0,0,RO0265_20210905,Rodman,0,2,2021-09-05
12642,0,0,RO0266_20210905,Rodman,0,2,2021-09-05
12643,0,0,RO0267_20210905,Rodman,0,2,2021-09-05
12644,0,0,RO0268_20210905,Rodman,0,2,2021-09-05
12645,0,0,RO0269_20210905,Rodman,0,2,2021-09-05
12646,0,0,RO0270_20210905,Rodman,0,2,2021-09-05
12647,0,0,RO0271_20210905,Rodman,0,2,2021-09-05
12648,0,0,RO0272_20210905,Rodman,0,2,2021-09-05
12649,0,0,RO0273_20210905,Rodman,0,2,2021-09-05
12650,0,0,RO0274_20210905,Rodman,0,2,2021-09-05
12651,0,0,RO0275_20210905,Rodman,0,2,2021-09-05
12652,0,0,RO0276_20210905,Rodman,0,2,2021-09-05
12653,0,0,RO0277_20210905,Rodman,0,2,2021-09-05
12654,0,0,RO0278_20210905,Rodman,0,2,2021-09-05
12655,0,0,RO0279_20210905,Rodman,0,2,2021-09-05
12656,0,0,RO0280_20210905,Rodman,0,2,2021-09-05
12657,0,0,RO0281_20210905,Rodman,0,2,2021-09-05
12658,0,0,RO0282_20210905,Rodman,0,2,2021-09-05
12659,0,0,RO0283_20210905,Rodman,0,2,2021-09-05
12660,0,0,RO0284_20210905,Rodman,0,2,2021-09-05
12661,0,0,RO0285_20210905,Rodman,0,2,2021-09-05
12662,0,0,RO0286_20210905,Rodman,0,2,2021-09-05
12663,0,0,RO0287_20210905,Rodman,0,2,2021-09-05
12664,0,0,RO0288_20210905,Rodman,0,2,2021-09-05
12665,0,0,RO0289_20210905,Rodman,0,2,2021-09-05
12666,0,0,RO0290_20210905,Rodman,0,2,2021-09-05
12667,0,0,RO0291_20210905,Rodman,0,2,2021-09-05
12668,0,0,RO0292_20210905,Rodman,0,2,2021-09-05
12669,0,0,RO0293_20210905,Rodman,0,2,2021-09-05
12670,0,0,RO0294_20210905,Rodman,0,2,2021-09-05
12671,0,0,RO0295_20210905,Rodman,0,2,2021-09-05
12672,0,0,RO0296_20210905,Rodman,0,2,2021-09-05
12673,0,0,RO0297_20210905,Rodman,0,2,2021-09-05
12674,0,0,RO0298_20210905,Rodman,0,2,2021-09-05
12675,0,0,RO0299_20210905,Rodman,0,2,2021-09-05
12676,0,0,RO0300_20210905,Rodman,0,2,2021-09-05
12677,1,1,RO0001_20201030,Rodman,1,3,2020-10-30
12678,1,1,RO0002_20201030,Rodman,1,3,2020-10-30
12679,1,1,RO0003_20201030,Rodman,1,3,2020-10-30
12680,1,1,RO0004_20201030,Rodman,1,3,2020-10-30
12681,1,1,RO0005_20201030,Rodman,1,3,2020-10-30
12682,1,1,RO0006_20201030,Rodman,1,3,2020-10-30
12683,1,1,RO0007_20201030,Rodman,1,3,2020-10-30
12684,1,1,RO0008_20201030,Rodman,1,3,2020-10-30
12685,1,1,RO0009_20201030,Rodman,1,3,2020-10-30
12686,1,1,RO0010_20201030,Rodman,1,3,2020-10-30
12687,1,1,RO0011_20201030,Rodman,1,3,2020-10-30
12688,1,1,RO0012_20201030,Rodman,1,3,2020-10-30
12689,1,1,RO0013_20201030,Rodman,1,3,2020-10-30
12690,1,1,RO0014_20201030,Rodman,1,3,2020-10-30
12691,1,1,RO0015_20201030,Rodman,1,3,2020-10-30
12692,1,1,RO0016_20201030,Rodman,1,3,2020-10-30
12693,1,1,RO0017_20201030,Rodman,1,3,2020-10-30
12694,1,1,RO0018_20201030,Rodman,1,3,2020-10-30
12695,1,1,RO0019_20201030,Rodman,1,3,2020-10-30
12696,1,1,RO0020_20201030,Rodman,1,3,2020-10-30
12697,1,1,RO0021_20201030,Rodman,1,3,2020-10-30
12698,1,1,RO0022_20201030,Rodman,1,3,2020-10-30
12699,1,1,RO0023_20201030,Rodman,1,3,2020-10-30
12700,1,1,RO0024_20201030,Rodman,1,3,2020-10-30
12701,1,1,RO0025_20201030,Rodman,1,3,2020-10-30
12702,1,1,RO0026_20201030,Rodman,1,3,2020-10-30
12703,1,1,RO0027_20201030,Rodman,1,3,2020-10-30
12704,1,1,RO0028_20201030,Rodman,1,3,2020-10-30
12705,1,1,RO0029_20201030,Rodman,1,3,2020-10-30
12706,1,1,RO0030_20201030,Rodman,1,3,2020-10-30
12707,1,1,RO0031_20201030,Rodman,1,3,2020-10-30
12708,1,1,RO0032_20201030,Rodman,1,3,2020-10-30
12709,1,1,RO0033_20201030,Rodman,1,3,2020-10-30
12710,1,1,RO0034_20201030,Rodman,1,3,2020-10-30
12711,1,1,RO0035_20201030,Rodman,1,3,2020-10-30
12712,1,1,RO0036_20201030,Rodman,1,3,2020-10-30
12713,1,1,RO0037_20201030,Rodman,1,3,2020-10-30
12714,1,1,RO0038_20201030,Rodman,1,3,2020-10-30
12715,1,1,RO0039_20201030,Rodman,1,3,2020-10-30
12716,1,1,RO0040_20201030,Rodman,1,3,2020-10-30
12717,1,1,RO0041_20201030,Rodman,1,3,2020-10-30
12718,1,1,RO0042_20201030,Rodman,1,3,2020-10-30
12719,1,1,RO0043_20201030,Rodman,1,3,2020-10-30
12720,1,1,RO0044_20201030,Rodman,1,3,2020-10-30
12721,1,1,RO0045_20201030,Rodman,1,3,2020-10-30
12722,1,1,RO0046_20201030,Rodman,1,3,2020-10-30
12723,1,1,RO0047_20201030,Rodman,1,3,2020-10-30
12724,1,1,RO0048_20201030,Rodman,1,3,2020-10-30
12725,1,1,RO0049_20201030,Rodman,1,3,2020-10-30
12726,1,1,RO0050_20201030,Rodman,1,3,2020-10-30
12727,1,1,RO0051_20201030,Rodman,1,3,2020-10-30
12728,1,1,RO0052_20201030,Rodman,1,3,2020-10-30
12729,1,1,RO0053_20201030,Rodman,1,3,2020-10-30
12730,1,1,RO0054_20201030,Rodman,1,3,2020-10-30
12731,1,1,RO0055_20201030,Rodman,1,3,2020-10-30
12732,1,1,RO0056_20201030,Rodman,1,3,2020-10-30
12733,1,1,RO0057_20201030,Rodman,1,3,2020-10-30
12734,1,1,RO0058_20201030,Rodman,1,3,2020-10-30
12735,1,1,RO0059_20201030,Rodman,1,3,2020-10-30
12736,1,1,RO0060_20201030,Rodman,1,3,2020-10-30
12737,1,1,RO0061_20201030,Rodman,1,3,2020-10-30
12738,1,1,RO0062_20201030,Rodman,1,3,2020-10-30
12739,1,1,RO0063_20201030,Rodman,1,3,2020-10-30
12740,1,1,RO0064_20201030,Rodman,1,3,2020-10-30
12741,1,1,RO0065_20201030,Rodman,1,3,2020-10-30
12742,1,1,RO0066_20201030,Rodman,1,3,2020-10-30
12743,1,1,RO0067_20201030,Rodman,1,3,2020-10-30
12744,1,1,RO0068_20201030,Rodman,1,3,2020-10-30
12745,1,1,RO0069_20201030,Rodman,1,3,2020-10-30
12746,1,1,RO0070_20201030,Rodman,1,3,2020-10-30
12747,1,1,RO0071_20201030,Rodman,1,3,2020-10-30
12748,1,1,RO0072_20201030,Rodman,1,3,2020-10-30
12749,1,1,RO0073_20201030,Rodman,1,3,2020-10-30
12750,1,1,RO0074_20201030,Rodman,1,3,2020-10-30
12751,1,1,RO0075_20201030,Rodman,1,3,2020-10-30
12752,1,1,RO0076_20201030,Rodman,1,3,2020-10-30
12753,1,1,RO0077_20201030,Rodman,1,3,2020-10-30
12754,1,1,RO0078_20201030,Rodman,1,3,2020-10-30
12755,1,1,RO0079_20201030,Rodman,1,3,2020-10-30
12756,1,1,RO0080_20201030,Rodman,1,3,2020-10-30
12757,1,1,RO0081_20201030,Rodman,1,3,2020-10-30
12758,1,1,RO0082_20201030,Rodman,1,3,2020-10-30
12759,1,1,RO0083_20201030,Rodman,1,3,2020-10-30
12760,1,1,RO0084_20201030,Rodman,1,3,2020-10-30
12761,1,1,RO0085_20201030,Rodman,1,3,2020-10-30
12762,1,1,RO0086_20201030,Rodman,1,3,2020-10-30
12763,1,1,RO0087_20201030,Rodman,1,3,2020-10-30
12764,1,1,RO0088_20201030,Rodman,1,3,2020-10-30
12765,1,1,RO0089_20201030,Rodman,1,3,2020-10-30
12766,1,1,RO0090_20201030,Rodman,1,3,2020-10-30
12767,1,1,RO0091_20201030,Rodman,1,3,2020-10-30
12768,1,1,RO0092_20201030,Rodman,1,3,2020-10-30
12769,1,1,RO0093_20201030,Rodman,1,3,2020-10-30
12770,1,1,RO0094_20201030,Rodman,1,3,2020-10-30
12771,1,1,RO0095_20201030,Rodman,1,3,2020-10-30
12772,1,1,RO0096_20201030,Rodman,1,3,2020-10-30
12773,1,1,RO0097_20201030,Rodman,1,3,2020-10-30
12774,1,1,RO0098_20201030,Rodman,1,3,2020-10-30
12775,1,1,RO0099_20201030,Rodman,1,3,2020-10-30
12776,1,1,RO0100_20201030,Rodman,1,3,2020-10-30
12777,1,1,RO0101_20201030,Rodman,1,3,2020-10-30
12778,1,1,RO0102_20201030,Rodman,1,3,2020-10-30
12779,1,1,RO0103_20201030,Rodman,1,3,2020-10-30
12780,1,1,RO0104_20201030,Rodman,1,3,2020-10-30
12781,1,1,RO0105_20201030,Rodman,1,3,2020-10-30
12782,1,1,RO0106_20201030,Rodman,1,3,2020-10-30
12783,1,1,RO0107_20201030,Rodman,1,3,2020-10-30
12784,1,1,RO0108_20201030,Rodman,1,3,2020-10-30
12785,1,1,RO0109_20201030,Rodman,1,3,2020-10-30
12786,1,1,RO0110_20201030,Rodman,1,3,2020-10-30
12787,1,1,RO0111_20201030,Rodman,1,3,2020-10-30
12788,1,1,RO0112_20201030,Rodman,1,3,2020-10-30
12789,1,1,RO0113_20201030,Rodman,1,3,2020-10-30
12790,1,1,RO0114_20201030,Rodman,1,3,2020-10-30
12791,1,1,RO0115_20201030,Rodman,1,3,2020-10-30
12792,1,1,RO0116_20201030,Rodman,1,3,2020-10-30
12793,1,1,RO0117_20201030,Rodman,1,3,2020-10-30
12794,1,1,RO0118_20201030,Rodman,1,3,2020-10-30
12795,1,1,RO0119_20201030,Rodman,1,3,2020-10-30
12796,1,1,RO0120_20201030,Rodman,1,3,2020-10-30
12797,1,1,RO0121_20201030,Rodman,1,3,2020-10-30
12798,1,1,RO0122_20201030,Rodman,1,3,2020-10-30
12799,1,1,RO0123_20201030,Rodman,1,3,2020-10-30
12800,1,1,RO0124_20201030,Rodman,1,3,2020-10-30
12801,1,1,RO0125_20201030,Rodman,1,3,2020-10-30
12802,1,1,RO0126_20201030,Rodman,1,3,2020-10-30
12803,1,1,RO0127_20201030,Rodman,1,3,2020-10-30
12804,1,1,RO0128_20201030,Rodman,1,3,2020-10-30
12805,1,1,RO0129_20201030,Rodman,1,3,2020-10-30
12806,1,1,RO0130_20201030,Rodman,1,3,2020-10-30
12807,1,1,RO0131_20201030,Rodman,1,3,2020-10-30
12808,1,1,RO0132_20201030,Rodman,1,3,2020-10-30
12809,1,1,RO0133_20201030,Rodman,1,3,2020-10-30
12810,1,1,RO0134_20201030,Rodman,1,3,2020-10-30
12811,1,1,RO0135_20201030,Rodman,1,3,2020-10-30
12812,1,1,RO0136_20201030,Rodman,1,3,2020-10-30
12813,1,1,RO0137_20201030,Rodman,1,3,2020-10-30
12814,1,1,RO0138_20201030,Rodman,1,3,2020-10-30
12815,1,1,RO0139_20201030,Rodman,1,3,2020-10-30
12816,1,1,RO0140_20201030,Rodman,1,3,2020-10-30
12817,1,1,RO0141_20201030,Rodman,1,3,2020-10-30
12818,1,1,RO0142_20201030,Rodman,1,3,2020-10-30
12819,1,1,RO0143_20201030,Rodman,1,3,2020-10-30
12820,1,1,RO0144_20201030,Rodman,1,3,2020-10-30
12821,1,1,RO0145_20201030,Rodman,1,3,2020-10-30
12822,1,1,RO0146_20201030,Rodman,1,3,2020-10-30
12823,1,1,RO0147_20201030,Rodman,1,3,2020-10-30
12824,1,1,RO0148_20201030,Rodman,1,3,2020-10-30
12825,1,1,RO0149_20201030,Rodman,1,3,2020-10-30
12826,1,1,RO0150_20201030,Rodman,1,3,2020-10-30
12827,1,1,RO0151_20201030,Rodman,1,3,2020-10-30
12828,1,1,RO0152_20201030,Rodman,1,3,2020-10-30
12829,1,1,RO0153_20201030,Rodman,1,3,2020-10-30
12830,1,1,RO0154_20201030,Rodman,1,3,2020-10-30
12831,1,1,RO0155_20201030,Rodman,1,3,2020-10-30
12832,1,1,RO0156_20201030,Rodman,1,3,2020-10-30
12833,1,1,RO0157_20201030,Rodman,1,3,2020-10-30
12834,1,1,RO0158_20201030,Rodman,1,3,2020-10-30
12835,1,1,RO0159_20201030,Rodman,1,3,2020-10-30
12836,1,1,RO0160_20201030,Rodman,1,3,2020-10-30
12837,1,1,RO0161_20201030,Rodman,1,3,2020-10-30
12838,1,1,RO0162_20201030,Rodman,1,3,2020-10-30
12839,1,1,RO0163_20201030,Rodman,1,3,2020-10-30
12840,1,1,RO0164_20201030,Rodman,1,3,2020-10-30
12841,1,1,RO0165_20201030,Rodman,1,3,2020-10-30
12842,1,1,RO0166_20201030,Rodman,1,3,2020-10-30
12843,1,1,RO0167_20201030,Rodman,1,3,2020-10-30
12844,1,1,RO0168_20201030,Rodman,1,3,2020-10-30
12845,1,1,RO0169_20201030,Rodman,1,3,2020-10-30
12846,1,1,RO0170_20201030,Rodman,1,3,2020-10-30
12847,1,1,RO0171_20201030,Rodman,1,3,2020-10-30
12848,1,1,RO0172_20201030,Rodman,1,3,2020-10-30
12849,1,1,RO0173_20201030,Rodman,1,3,2020-10-30
12850,1,1,RO0174_20201030,Rodman,1,3,2020-10-30
12851,1,1,RO0175_20201030,Rodman,1,3,2020-10-30
12852,1,1,RO0176_20201030,Rodman,1,3,2020-10-30
12853,1,1,RO0177_20201030,Rodman,1,3,2020-10-30
12854,1,1,RO0178_20201030,Rodman,1,3,2020-10-30
12855,1,1,RO0179_20201030,Rodman,1,3,2020-10-30
12856,1,1,RO0180_20201030,Rodman,1,3,2020-10-30
12857,1,1,RO0181_20201030,Rodman,1,3,2020-10-30
12858,1,1,RO0182_20201030,Rodman,1,3,2020-10-30
12859,1,1,RO0183_20201030,Rodman,1,3,2020-10-30
12860,1,1,RO0184_20201030,Rodman,1,3,2020-10-30
12861,1,1,RO0185_20201030,Rodman,1,3,2020-10-30
12862,1,1,RO0186_20201030,Rodman,1,3,2020-10-30
12863,1,1,RO0187_20201030,Rodman,1,3,2020-10-30
12864,1,1,RO0188_20201030,Rodman,1,3,2020-10-30
12865,1,1,RO0189_20201030,Rodman,1,3,2020-10-30
12866,1,1,RO0190_20201030,Rodman,1,3,2020-10-30
12867,1,1,RO0191_20201030,Rodman,1,3,2020-10-30
12868,1,1,RO0192_20201030,Rodman,1,3,2020-10-30
12869,1,1,RO0193_20201030,Rodman,1,3,2020-10-30
12870,1,1,RO0194_20201030,Rodman,1,3,2020-10-30
12871,1,1,RO0195_20201030,Rodman,1,3,2020-10-30
12872,1,1,RO0196_20201030,Rodman,1,3,2020-10-30
12873,1,1,RO0197_20201030,Rodman,1,3,2020-10-30
12874,1,1,RO0198_20201030,Rodman,1,3,2020-10-30
12875,1,1,RO0199_20201030,Rodman,1,3,2020-10-30
12876,1,1,RO0200_20201030,Rodman,1,3,2020-10-30
12877,1,1,RO0201_20201030,Rodman,1,3,2020-10-30
12878,0,0,RO0202_20201030,Rodman,0,2,2020-10-30
12879,0,0,RO0203_20201030,Rodman,0,2,2020-10-30
12880,0,0,RO0204_20201030,Rodman,0,2,2020-10-30
12881,0,0,RO0205_20201030,Rodman,0,2,2020-10-30
12882,0,0,RO0206_20201030,Rodman,0,2,2020-10-30
12883,0,0,RO0207_20201030,Rodman,0,2,2020-10-30
12884,0,1,RO0208_20201030,Rodman,0,2,2020-10-30
12885,0,0,RO0209_20201030,Rodman,0,2,2020-10-30
12886,0,0,RO0210_20201030,Rodman,0,2,2020-10-30
12887,0,0,RO0211_20201030,Rodman,0,2,2020-10-30
12888,0,0,RO0212_20201030,Rodman,0,2,2020-10-30
12889,0,1,RO0213_20201030,Rodman,0,2,2020-10-30
12890,0,0,RO0214_20201030,Rodman,0,2,2020-10-30
12891,0,0,RO0215_20201030,Rodman,0,2,2020-10-30
12892,0,0,RO0216_20201030,Rodman,0,2,2020-10-30
12893,0,0,RO0217_20201030,Rodman,0,2,2020-10-30
12894,0,0,RO0218_20201030,Rodman,0,2,2020-10-30
12895,0,0,RO0219_20201030,Rodman,0,2,2020-10-30
12896,0,0,RO0220_20201030,Rodman,0,2,2020-10-30
12897,0,0,RO0221_20201030,Rodman,0,2,2020-10-30
12898,0,0,RO0222_20201030,Rodman,0,2,2020-10-30
12899,0,0,RO0223_20201030,Rodman,0,2,2020-10-30
12900,0,0,RO0224_20201030,Rodman,0,2,2020-10-30
12901,0,0,RO0225_20201030,Rodman,0,2,2020-10-30
12902,0,1,RO0226_20201030,Rodman,0,2,2020-10-30
12903,0,0,RO0227_20201030,Rodman,0,2,2020-10-30
12904,0,0,RO0228_20201030,Rodman,0,2,2020-10-30
12905,0,0,RO0229_20201030,Rodman,0,2,2020-10-30
12906,0,0,RO0230_20201030,Rodman,0,2,2020-10-30
12907,0,0,RO0231_20201030,Rodman,0,2,2020-10-30
12908,0,0,RO0232_20201030,Rodman,0,2,2020-10-30
12909,0,0,RO0233_20201030,Rodman,0,2,2020-10-30
12910,0,0,RO0234_20201030,Rodman,0,2,2020-10-30
12911,0,0,RO0235_20201030,Rodman,0,2,2020-10-30
12912,0,0,RO0236_20201030,Rodman,0,2,2020-10-30
12913,0,0,RO0237_20201030,Rodman,0,2,2020-10-30
12914,0,0,RO0238_20201030,Rodman,0,2,2020-10-30
12915,0,0,RO0239_20201030,Rodman,0,2,2020-10-30
12916,0,0,RO0240_20201030,Rodman,0,2,2020-10-30
12917,0,0,RO0241_20201030,Rodman,0,2,2020-10-30
12918,0,0,RO0242_20201030,Rodman,0,2,2020-10-30
12919,0,0,RO0243_20201030,Rodman,0,2,2020-10-30
12920,0,0,RO0244_20201030,Rodman,0,2,2020-10-30
12921,0,0,RO0245_20201030,Rodman,0,2,2020-10-30
12922,0,0,RO0246_20201030,Rodman,0,2,2020-10-30
12923,0,0,RO0247_20201030,Rodman,0,2,2020-10-30
12924,0,0,RO0248_20201030,Rodman,0,2,2020-10-30
12925,0,0,RO0249_20201030,Rodman,0,2,2020-10-30
12926,0,0,RO0250_20201030,Rodman,0,2,2020-10-30
12927,0,0,RO0251_20201030,Rodman,0,2,2020-10-30
12928,0,0,RO0252_20201030,Rodman,0,2,2020-10-30
12929,0,0,RO0253_20201030,Rodman,0,2,2020-10-30
12930,0,0,RO0254_20201030,Rodman,0,2,2020-10-30
12931,0,0,RO0255_20201030,Rodman,0,2,2020-10-30
12932,0,0,RO0256_20201030,Rodman,0,2,2020-10-30
12933,0,0,RO0257_20201030,Rodman,0,2,2020-10-30
12934,0,0,RO0258_20201030,Rodman,0,2,2020-10-30
12935,0,0,RO0259_20201030,Rodman,0,2,2020-10-30
12936,0,0,RO0260_20201030,Rodman,0,2,2020-10-30
12937,0,0,RO0261_20201030,Rodman,0,2,2020-10-30
12938,0,1,RO0262_20201030,Rodman,0,2,2020-10-30
12939,0,0,RO0263_20201030,Rodman,0,2,2020-10-30
12940,0,0,RO0264_20201030,Rodman,0,2,2020-10-30
12941,0,0,RO0265_20201030,Rodman,0,2,2020-10-30
12942,0,0,RO0266_20201030,Rodman,0,2,2020-10-30
12943,0,0,RO0267_20201030,Rodman,0,2,2020-10-30
12944,0,0,RO0268_20201030,Rodman,0,2,2020-10-30
12945,0,0,RO0269_20201030,Rodman,0,2,2020-10-30
12946,0,0,RO0270_20201030,Rodman,0,2,2020-10-30
12947,0,0,RO0271_20201030,Rodman,0,2,2020-10-30
12948,0,0,RO0272_20201030,Rodman,0,2,2020-10-30
12949,0,0,RO0273_20201030,Rodman,0,2,2020-10-30
12950,0,0,RO0274_20201030,Rodman,0,2,2020-10-30
12951,0,0,RO0275_20201030,Rodman,0,2,2020-10-30
12952,0,0,RO0276_20201030,Rodman,0,2,2020-10-30
12953,0,0,RO0277_20201030,Rodman,0,2,2020-10-30
12954,0,0,RO0278_20201030,Rodman,0,2,2020-10-30
12955,0,0,RO0279_20201030,Rodman,0,2,2020-10-30
12956,0,0,RO0280_20201030,Rodman,0,2,2020-10-30
12957,0,0,RO0281_20201030,Rodman,0,2,2020-10-30
12958,0,0,RO0282_20201030,Rodman,0,2,2020-10-30
12959,0,0,RO0283_20201030,Rodman,0,2,2020-10-30
12960,0,0,RO0284_20201030,Rodman,0,2,2020-10-30
12961,0,0,RO0285_20201030,Rodman,0,2,2020-10-30
12962,0,0,RO0286_20201030,Rodman,0,2,2020-10-30
12963,0,0,RO0287_20201030,Rodman,0,2,2020-10-30
12964,0,0,RO0288_20201030,Rodman,0,2,2020-10-30
12965,0,0,RO0289_20201030,Rodman,0,2,2020-10-30
12966,0,0,RO0290_20201030,Rodman,0,2,2020-10-30
12967,0,0,RO0291_20201030,Rodman,0,2,2020-10-30
12968,0,1,RO0292_20201030,Rodman,0,1,2020-10-30
12969,0,1,RO0293_20201030,Rodman,0,1,2020-10-30
12970,0,0,RO0294_20201030,Rodman,0,1,2020-10-30
12971,0,0,RO0295_20201030,Rodman,0,1,2020-10-30
12972,0,0,RO0296_20201030,Rodman,0,1,2020-10-30
12973,0,0,RO0297_20201030,Rodman,0,1,2020-10-30
12974,0,0,RO0298_20201030,Rodman,0,1,2020-10-30
12975,0,0,RO0299_20201030,Rodman,0,1,2020-10-30
12976,0,0,RO0300_20201030,Rodman,0,1,2020-10-30
12977,0,0,RO0301_20201030,Rodman,0,1,2020-10-30
12978,0,1,RO0302_20201030,Rodman,0,1,2020-10-30
12979,0,0,RO0303_20201030,Rodman,0,1,2020-10-30
12980,0,0,RO0304_20201030,Rodman,0,1,2020-10-30
12981,0,0,RO0305_20201030,Rodman,0,1,2020-10-30
12982,0,1,RO0306_20201030,Rodman,0,1,2020-10-30
12983,0,0,RO0307_20201030,Rodman,0,1,2020-10-30
12984,0,0,RO0308_20201030,Rodman,0,1,2020-10-30
12985,0,0,RO0309_20201030,Rodman,0,1,2020-10-30
12986,0,0,RO0310_20201030,Rodman,0,1,2020-10-30
12987,0,0,RO0311_20201030,Rodman,0,1,2020-10-30
12988,0,0,RO0312_20201030,Rodman,0,1,2020-10-30
12989,0,0,RO0313_20201030,Rodman,0,1,2020-10-30
12990,0,0,RO0314_20201030,Rodman,0,1,2020-10-30
12991,0,0,RO0315_20201030,Rodman,0,1,2020-10-30
12992,0,0,RO0316_20201030,Rodman,0,1,2020-10-30
12993,0,0,RO0317_20201030,Rodman,0,1,2020-10-30
12994,0,0,RO0318_20201030,Rodman,0,1,2020-10-30
12995,0,1,RO0319_20201030,Rodman,0,1,2020-10-30
12996,0,1,RO0320_20201030,Rodman,0,1,2020-10-30
12997,0,0,RO0321_20201030,Rodman,0,1,2020-10-30
12998,0,0,RO0322_20201030,Rodman,0,1,2020-10-30
12999,0,0,RO0323_20201030,Rodman,0,1,2020-10-30
13000,0,0,RO0324_20201030,Rodman,0,1,2020-10-30
13001,0,0,RO0325_20201030,Rodman,0,1,2020-10-30
13002,0,1,RO0326_20201030,Rodman,0,1,2020-10-30
13003,0,1,RO0327_20201030,Rodman,0,1,2020-10-30
13004,0,0,RO0328_20201030,Rodman,0,1,2020-10-30
13005,0,0,RO0329_20201030,Rodman,0,1,2020-10-30
13006,0,1,RO0330_20201030,Rodman,0,1,2020-10-30
13007,0,0,RO0331_20201030,Rodman,0,1,2020-10-30
13008,0,0,RO0332_20201030,Rodman,0,1,2020-10-30
13009,0,0,RO0333_20201030,Rodman,0,1,2020-10-30
13010,0,0,RO0334_20201030,Rodman,0,1,2020-10-30
13011,0,1,RO0335_20201030,Rodman,0,1,2020-10-30
13012,0,0,RO0336_20201030,Rodman,0,1,2020-10-30
13013,0,1,RO0337_20201030,Rodman,0,1,2020-10-30
13014,0,1,RO0338_20201030,Rodman,0,1,2020-10-30
13015,0,1,RO0339_20201030,Rodman,0,1,2020-10-30
13016,0,1,RO0340_20201030,Rodman,0,1,2020-10-30
13017,0,0,RO0341_20201030,Rodman,0,1,2020-10-30
13018,0,0,RO0342_20201030,Rodman,0,1,2020-10-30
13019,0,1,RO0343_20201030,Rodman,0,1,2020-10-30
13020,0,1,RO0344_20201030,Rodman,0,1,2020-10-30
13021,0,1,RO0345_20201030,Rodman,0,1,2020-10-30
13022,0,1,RO0346_20201030,Rodman,0,1,2020-10-30
13023,0,1,RO0347_20201030,Rodman,0,1,2020-10-30
13024,0,1,RO0348_20201030,Rodman,0,1,2020-10-30
13025,0,1,RO0349_20201030,Rodman,0,1,2020-10-30
13026,0,1,RO0350_20201030,Rodman,0,1,2020-10-30
13027,0,1,RO0351_20201030,Rodman,0,1,2020-10-30
13028,0,0,RO0352_20201030,Rodman,0,1,2020-10-30
13029,0,0,RO0353_20201030,Rodman,0,1,2020-10-30
13030,0,1,RO0354_20201030,Rodman,0,1,2020-10-30
13031,0,1,RO0355_20201030,Rodman,0,1,2020-10-30
13032,0,1,RO0356_20201030,Rodman,0,1,2020-10-30
13033,0,1,RO0357_20201030,Rodman,0,1,2020-10-30
13034,0,1,RO0358_20201030,Rodman,0,1,2020-10-30
13035,0,0,RO0359_20201030,Rodman,0,1,2020-10-30
13036,0,1,RO0360_20201030,Rodman,0,1,2020-10-30
13037,0,0,RO0361_20201030,Rodman,0,1,2020-10-30
13038,0,0,RO0362_20201030,Rodman,0,1,2020-10-30
13039,0,1,RO0363_20201030,Rodman,0,1,2020-10-30
13040,0,0,RO0364_20201030,Rodman,0,1,2020-10-30
13041,0,1,RO0365_20201030,Rodman,0,1,2020-10-30
13042,0,0,RO0366_20201030,Rodman,0,1,2020-10-30
13043,0,0,RO0367_20201030,Rodman,0,1,2020-10-30
13044,0,1,RO0368_20201030,Rodman,0,1,2020-10-30
13045,0,0,RO0369_20201030,Rodman,0,1,2020-10-30
13046,0,1,RO0370_20201030,Rodman,0,1,2020-10-30
13047,0,1,RO0371_20201030,Rodman,0,1,2020-10-30
13048,0,1,RO0372_20201030,Rodman,0,1,2020-10-30
13049,0,1,RO0373_20201030,Rodman,0,1,2020-10-30
13050,0,0,RO0374_20201030,Rodman,0,1,2020-10-30
13051,0,0,RO0375_20201030,Rodman,0,1,2020-10-30
13052,0,1,RO0376_20201030,Rodman,0,1,2020-10-30
13053,0,0,RO0377_20201030,Rodman,0,1,2020-10-30
13054,0,1,RO0378_20201030,Rodman,0,1,2020-10-30
13055,0,1,RO0379_20201030,Rodman,0,1,2020-10-30
13056,0,1,RO0380_20201030,Rodman,0,1,2020-10-30
13057,0,0,RO0381_20201030,Rodman,0,1,2020-10-30
13058,0,0,RO0382_20201030,Rodman,0,1,2020-10-30
13059,0,1,RO0383_20201030,Rodman,0,1,2020-10-30
13060,0,0,RO0384_20201030,Rodman,0,1,2020-10-30
13061,0,0,RO0385_20201030,Rodman,0,1,2020-10-30
13062,0,1,RO0386_20201030,Rodman,0,1,2020-10-30
13063,0,0,RO0387_20201030,Rodman,0,1,2020-10-30
13064,0,0,RO0388_20201030,Rodman,0,1,2020-10-30
13065,0,1,RO0389_20201030,Rodman,0,1,2020-10-30
13066,0,1,RO0390_20201030,Rodman,0,1,2020-10-30
13067,0,0,RO0391_20201030,Rodman,0,1,2020-10-30
13068,0,0,RO0392_20201030,Rodman,0,1,2020-10-30
13069,0,0,RO0393_20201030,Rodman,0,1,2020-10-30
13070,0,0,RO0394_20201030,Rodman,0,1,2020-10-30
13071,0,0,RO0395_20201030,Rodman,0,1,2020-10-30
13072,0,0,RO0396_20201030,Rodman,0,1,2020-10-30
13073,0,1,RO0397_20201030,Rodman,0,1,2020-10-30
13074,0,1,RO0398_20201030,Rodman,0,1,2020-10-30
13075,0,1,RO0399_20201030,Rodman,0,1,2020-10-30
13076,0,1,RO0400_20201030,Rodman,0,1,2020-10-30
13077,0,0,RO0401_20201030,Rodman,0,1,2020-10-30
13078,1,1,RO0001_20191110,Rodman,1,3,2019-11-10
13079,1,1,RO0002_20191110,Rodman,1,3,2019-11-10
13080,1,1,RO0003_20191110,Rodman,1,3,2019-11-10
13081,1,1,RO0004_20191110,Rodman,1,3,2019-11-10
13082,1,1,RO0005_20191110,Rodman,1,3,2019-11-10
13083,1,1,RO0006_20191110,Rodman,1,3,2019-11-10
13084,1,1,RO0007_20191110,Rodman,1,3,2019-11-10
13085,1,1,RO0008_20191110,Rodman,1,3,2019-11-10
13086,1,1,RO0009_20191110,Rodman,1,3,2019-11-10
13087,1,1,RO0010_20191110,Rodman,1,3,2019-11-10
13088,1,1,RO0011_20191110,Rodman,1,3,2019-11-10
13089,1,1,RO0012_20191110,Rodman,1,3,2019-11-10
13090,1,1,RO0013_20191110,Rodman,1,3,2019-11-10
13091,1,1,RO0014_20191110,Rodman,1,3,2019-11-10
13092,1,1,RO0015_20191110,Rodman,1,3,2019-11-10
13093,1,1,RO0016_20191110,Rodman,1,3,2019-11-10
13094,1,1,RO0017_20191110,Rodman,1,3,2019-11-10
13095,1,1,RO0018_20191110,Rodman,1,3,2019-11-10
13096,1,1,RO0019_20191110,Rodman,1,3,2019-11-10
13097,1,1,RO0020_20191110,Rodman,1,3,2019-11-10
13098,1,1,RO0021_20191110,Rodman,1,3,2019-11-10
13099,1,1,RO0022_20191110,Rodman,1,3,2019-11-10
13100,1,1,RO0023_20191110,Rodman,1,3,2019-11-10
13101,1,1,RO0024_20191110,Rodman,1,3,2019-11-10
13102,1,1,RO0025_20191110,Rodman,1,3,2019-11-10
13103,1,1,RO0026_20191110,Rodman,1,3,2019-11-10
13104,1,1,RO0027_20191110,Rodman,1,3,2019-11-10
13105,1,1,RO0028_20191110,Rodman,1,3,2019-11-10
13106,1,1,RO0029_20191110,Rodman,1,3,2019-11-10
13107,1,1,RO0030_20191110,Rodman,1,3,2019-11-10
13108,1,1,RO0031_20191110,Rodman,1,3,2019-11-10
13109,1,1,RO0032_20191110,Rodman,1,3,2019-11-10
13110,1,1,RO0033_20191110,Rodman,1,3,2019-11-10
13111,1,1,RO0034_20191110,Rodman,1,3,2019-11-10
13112,1,1,RO0035_20191110,Rodman,1,3,2019-11-10
13113,1,1,RO0036_20191110,Rodman,1,3,2019-11-10
13114,1,1,RO0037_20191110,Rodman,1,3,2019-11-10
13115,1,1,RO0038_20191110,Rodman,1,3,2019-11-10
13116,1,1,RO0039_20191110,Rodman,1,3,2019-11-10
13117,1,1,RO0040_20191110,Rodman,1,3,2019-11-10
13118,0,1,RO0041_20191110,Rodman,0,1,2019-11-10
13119,0,1,RO0042_20191110,Rodman,0,1,2019-11-10
13120,0,1,RO0043_20191110,Rodman,0,1,2019-11-10
13121,0,1,RO0044_20191110,Rodman,0,1,2019-11-10
13122,0,0,RO0045_20191110,Rodman,0,1,2019-11-10
13123,0,0,RO0046_20191110,Rodman,0,1,2019-11-10
13124,0,1,RO0047_20191110,Rodman,0,1,2019-11-10
13125,0,1,RO0048_20191110,Rodman,0,1,2019-11-10
13126,0,0,RO0049_20191110,Rodman,0,1,2019-11-10
13127,0,0,RO0050_20191110,Rodman,0,1,2019-11-10
13128,0,0,RO0051_20191110,Rodman,0,1,2019-11-10
13129,0,0,RO0052_20191110,Rodman,0,1,2019-11-10
13130,0,0,RO0053_20191110,Rodman,0,1,2019-11-10
13131,0,0,RO0054_20191110,Rodman,0,1,2019-11-10
13132,0,0,RO0055_20191110,Rodman,0,1,2019-11-10
13133,0,0,RO0056_20191110,Rodman,0,1,2019-11-10
13134,0,1,RO0057_20191110,Rodman,0,1,2019-11-10
13135,0,1,RO0058_20191110,Rodman,0,1,2019-11-10
13136,0,0,RO0059_20191110,Rodman,0,1,2019-11-10
13137,0,0,RO0060_20191110,Rodman,0,1,2019-11-10
13138,0,0,RO0061_20191110,Rodman,0,2,2019-11-10
13139,0,0,RO0062_20191110,Rodman,0,2,2019-11-10
13140,0,0,RO0063_20191110,Rodman,0,2,2019-11-10
13141,0,0,RO0064_20191110,Rodman,0,2,2019-11-10
13142,0,0,RO0065_20191110,Rodman,0,2,2019-11-10
13143,0,0,RO0066_20191110,Rodman,0,2,2019-11-10
13144,0,0,RO0067_20191110,Rodman,0,2,2019-11-10
13145,0,0,RO0068_20191110,Rodman,0,2,2019-11-10
13146,0,0,RO0069_20191110,Rodman,0,2,2019-11-10
13147,0,0,RO0070_20191110,Rodman,0,2,2019-11-10
13148,0,0,RO0071_20191110,Rodman,0,2,2019-11-10
13149,0,0,RO0072_20191110,Rodman,0,2,2019-11-10
13150,0,0,RO0073_20191110,Rodman,0,2,2019-11-10
13151,0,0,RO0074_20191110,Rodman,0,2,2019-11-10
13152,0,0,RO0075_20191110,Rodman,0,2,2019-11-10
13153,0,0,RO0076_20191110,Rodman,0,2,2019-11-10
13154,0,0,RO0077_20191110,Rodman,0,2,2019-11-10
13155,0,0,RO0078_20191110,Rodman,0,2,2019-11-10
13156,0,0,RO0079_20191110,Rodman,0,2,2019-11-10
13157,0,0,RO0080_20191110,Rodman,0,2,2019-11-10
13158,1,1,RO0001_20200801,Rodman,1,3,2020-08-01
13159,1,1,RO0002_20200801,Rodman,1,3,2020-08-01
13160,1,1,RO0003_20200801,Rodman,1,3,2020-08-01
13161,1,1,RO0004_20200801,Rodman,1,3,2020-08-01
13162,1,1,RO0005_20200801,Rodman,1,3,2020-08-01
13163,1,1,RO0006_20200801,Rodman,1,3,2020-08-01
13164,1,1,RO0007_20200801,Rodman,1,3,2020-08-01
13165,1,1,RO0008_20200801,Rodman,1,3,2020-08-01
13166,1,1,RO0009_20200801,Rodman,1,3,2020-08-01
13167,1,1,RO0010_20200801,Rodman,1,3,2020-08-01
13168,1,1,RO0011_20200801,Rodman,1,3,2020-08-01
13169,1,1,RO0012_20200801,Rodman,1,3,2020-08-01
13170,1,1,RO0013_20200801,Rodman,1,3,2020-08-01
13171,1,1,RO0014_20200801,Rodman,1,3,2020-08-01
13172,1,1,RO0015_20200801,Rodman,1,3,2020-08-01
13173,1,1,RO0016_20200801,Rodman,1,3,2020-08-01
13174,1,1,RO0017_20200801,Rodman,1,3,2020-08-01
13175,1,1,RO0018_20200801,Rodman,1,3,2020-08-01
13176,1,1,RO0019_20200801,Rodman,1,3,2020-08-01
13177,1,1,RO0020_20200801,Rodman,1,3,2020-08-01
13178,1,1,RO0021_20200801,Rodman,1,3,2020-08-01
13179,1,1,RO0022_20200801,Rodman,1,3,2020-08-01
13180,1,1,RO0023_20200801,Rodman,1,3,2020-08-01
13181,1,1,RO0024_20200801,Rodman,1,3,2020-08-01
13182,1,1,RO0025_20200801,Rodman,1,3,2020-08-01
13183,1,1,RO0026_20200801,Rodman,1,3,2020-08-01
13184,1,1,RO0027_20200801,Rodman,1,3,2020-08-01
13185,1,1,RO0028_20200801,Rodman,1,3,2020-08-01
13186,1,1,RO0029_20200801,Rodman,1,3,2020-08-01
13187,1,1,RO0030_20200801,Rodman,1,3,2020-08-01
13188,1,1,RO0031_20200801,Rodman,1,3,2020-08-01
13189,1,1,RO0032_20200801,Rodman,1,3,2020-08-01
13190,1,1,RO0033_20200801,Rodman,1,3,2020-08-01
13191,1,1,RO0034_20200801,Rodman,1,3,2020-08-01
13192,1,1,RO0035_20200801,Rodman,1,3,2020-08-01
13193,1,1,RO0036_20200801,Rodman,1,3,2020-08-01
13194,1,1,RO0037_20200801,Rodman,1,3,2020-08-01
13195,1,1,RO0038_20200801,Rodman,1,3,2020-08-01
13196,1,1,RO0039_20200801,Rodman,1,3,2020-08-01
13197,1,1,RO0040_20200801,Rodman,1,3,2020-08-01
13198,1,1,RO0041_20200801,Rodman,1,3,2020-08-01
13199,1,1,RO0042_20200801,Rodman,1,3,2020-08-01
13200,1,1,RO0043_20200801,Rodman,1,3,2020-08-01
13201,1,0,RO0044_20200801,Rodman,1,3,2020-08-01
13202,1,1,RO0045_20200801,Rodman,1,3,2020-08-01
13203,1,1,RO0046_20200801,Rodman,1,3,2020-08-01
13204,1,1,RO0047_20200801,Rodman,1,3,2020-08-01
13205,1,1,RO0048_20200801,Rodman,1,3,2020-08-01
13206,1,1,RO0049_20200801,Rodman,1,3,2020-08-01
13207,1,1,RO0050_20200801,Rodman,1,3,2020-08-01
13208,1,1,RO0051_20200801,Rodman,1,3,2020-08-01
13209,1,1,RO0052_20200801,Rodman,1,3,2020-08-01
13210,1,1,RO0053_20200801,Rodman,1,3,2020-08-01
13211,1,1,RO0054_20200801,Rodman,1,3,2020-08-01
13212,1,1,RO0055_20200801,Rodman,1,3,2020-08-01
13213,1,1,RO0056_20200801,Rodman,1,3,2020-08-01
13214,1,1,RO0057_20200801,Rodman,1,3,2020-08-01
13215,1,1,RO0058_20200801,Rodman,1,3,2020-08-01
13216,1,1,RO0059_20200801,Rodman,1,3,2020-08-01
13217,1,1,RO0060_20200801,Rodman,1,3,2020-08-01
13218,1,1,RO0061_20200801,Rodman,1,3,2020-08-01
13219,1,1,RO0062_20200801,Rodman,1,3,2020-08-01
13220,1,1,RO0063_20200801,Rodman,1,3,2020-08-01
13221,1,1,RO0064_20200801,Rodman,1,3,2020-08-01
13222,1,1,RO0065_20200801,Rodman,1,3,2020-08-01
13223,1,1,RO0066_20200801,Rodman,1,3,2020-08-01
13224,1,1,RO0067_20200801,Rodman,1,3,2020-08-01
13225,1,1,RO0068_20200801,Rodman,1,3,2020-08-01
13226,1,1,RO0069_20200801,Rodman,1,3,2020-08-01
13227,1,1,RO0070_20200801,Rodman,1,3,2020-08-01
13228,1,1,RO0071_20200801,Rodman,1,3,2020-08-01
13229,1,1,RO0072_20200801,Rodman,1,3,2020-08-01
13230,1,1,RO0073_20200801,Rodman,1,3,2020-08-01
13231,1,1,RO0074_20200801,Rodman,1,3,2020-08-01
13232,1,1,RO0075_20200801,Rodman,1,3,2020-08-01
13233,1,1,RO0076_20200801,Rodman,1,3,2020-08-01
13234,1,1,RO0077_20200801,Rodman,1,3,2020-08-01
13235,1,1,RO0078_20200801,Rodman,1,3,2020-08-01
13236,1,1,RO0079_20200801,Rodman,1,3,2020-08-01
13237,1,1,RO0080_20200801,Rodman,1,3,2020-08-01
13238,0,0,RO0081_20200801,Rodman,0,1,2020-08-01
13239,0,0,RO0082_20200801,Rodman,0,1,2020-08-01
13240,0,0,RO0083_20200801,Rodman,0,1,2020-08-01
13241,0,0,RO0084_20200801,Rodman,0,1,2020-08-01
13242,0,0,RO0085_20200801,Rodman,0,1,2020-08-01
13243,0,0,RO0086_20200801,Rodman,0,1,2020-08-01
13244,0,0,RO0087_20200801,Rodman,0,1,2020-08-01
13245,0,0,RO0088_20200801,Rodman,0,1,2020-08-01
13246,0,0,RO0089_20200801,Rodman,0,1,2020-08-01
13247,0,0,RO0090_20200801,Rodman,0,1,2020-08-01
13248,0,0,RO0091_20200801,Rodman,0,1,2020-08-01
13249,0,0,RO0092_20200801,Rodman,0,1,2020-08-01
13250,0,1,RO0093_20200801,Rodman,0,1,2020-08-01
13251,0,0,RO0094_20200801,Rodman,0,1,2020-08-01
13252,0,1,RO0095_20200801,Rodman,0,1,2020-08-01
13253,0,0,RO0096_20200801,Rodman,0,1,2020-08-01
13254,0,1,RO0097_20200801,Rodman,0,1,2020-08-01
13255,0,1,RO0098_20200801,Rodman,0,1,2020-08-01
13256,0,0,RO0099_20200801,Rodman,0,1,2020-08-01
13257,0,0,RO0100_20200801,Rodman,0,1,2020-08-01
13258,0,0,RO0101_20200801,Rodman,0,1,2020-08-01
13259,0,0,RO0102_20200801,Rodman,0,1,2020-08-01
13260,0,0,RO0103_20200801,Rodman,0,1,2020-08-01
13261,0,0,RO0104_20200801,Rodman,0,1,2020-08-01
13262,0,0,RO0105_20200801,Rodman,0,1,2020-08-01
13263,0,1,RO0106_20200801,Rodman,0,1,2020-08-01
13264,0,1,RO0107_20200801,Rodman,0,1,2020-08-01
13265,0,0,RO0108_20200801,Rodman,0,1,2020-08-01
13266,0,1,RO0109_20200801,Rodman,0,1,2020-08-01
13267,0,1,RO0110_20200801,Rodman,0,1,2020-08-01
13268,0,1,RO0111_20200801,Rodman,0,1,2020-08-01
13269,0,1,RO0112_20200801,Rodman,0,1,2020-08-01
13270,0,1,RO0113_20200801,Rodman,0,1,2020-08-01
13271,0,1,RO0114_20200801,Rodman,0,1,2020-08-01
13272,0,1,RO0115_20200801,Rodman,0,1,2020-08-01
13273,0,0,RO0116_20200801,Rodman,0,1,2020-08-01
13274,0,1,RO0117_20200801,Rodman,0,1,2020-08-01
13275,0,0,RO0118_20200801,Rodman,0,1,2020-08-01
13276,0,1,RO0119_20200801,Rodman,0,1,2020-08-01
13277,0,1,RO0120_20200801,Rodman,0,1,2020-08-01
13278,0,1,RO0121_20200801,Rodman,0,1,2020-08-01
13279,0,1,RO0122_20200801,Rodman,0,1,2020-08-01
13280,0,1,RO0123_20200801,Rodman,0,1,2020-08-01
13281,0,1,RO0124_20200801,Rodman,0,1,2020-08-01
13282,0,1,RO0125_20200801,Rodman,0,1,2020-08-01
13283,0,1,RO0126_20200801,Rodman,0,1,2020-08-01
13284,0,0,RO0127_20200801,Rodman,0,2,2020-08-01
13285,0,0,RO0128_20200801,Rodman,0,2,2020-08-01
13286,0,0,RO0129_20200801,Rodman,0,2,2020-08-01
13287,0,0,RO0130_20200801,Rodman,0,2,2020-08-01
13288,0,0,RO0131_20200801,Rodman,0,2,2020-08-01
13289,0,0,RO0132_20200801,Rodman,0,2,2020-08-01
13290,0,0,RO0133_20200801,Rodman,0,2,2020-08-01
13291,0,0,RO0134_20200801,Rodman,0,2,2020-08-01
13292,0,0,RO0135_20200801,Rodman,0,2,2020-08-01
13293,0,0,RO0136_20200801,Rodman,0,2,2020-08-01
13294,0,0,RO0137_20200801,Rodman,0,2,2020-08-01
13295,0,0,RO0138_20200801,Rodman,0,2,2020-08-01
13296,0,0,RO0139_20200801,Rodman,0,2,2020-08-01
13297,0,0,RO0141_20200801,Rodman,0,2,2020-08-01
13298,0,0,RO0142_20200801,Rodman,0,2,2020-08-01
13299,0,0,RO0143_20200801,Rodman,0,2,2020-08-01
13300,0,0,RO0144_20200801,Rodman,0,2,2020-08-01
13301,0,0,RO0146_20200801,Rodman,0,2,2020-08-01
13302,0,0,RO0147_20200801,Rodman,0,2,2020-08-01
13303,0,0,RO0149_20200801,Rodman,0,2,2020-08-01
13304,0,0,RO0150_20200801,Rodman,0,2,2020-08-01
13305,0,0,RO0151_20200801,Rodman,0,2,2020-08-01
13306,0,0,RO0152_20200801,Rodman,0,2,2020-08-01
13307,0,0,RO0153_20200801,Rodman,0,2,2020-08-01
13308,0,0,RO0154_20200801,Rodman,0,2,2020-08-01
13309,0,0,RO0155_20200801,Rodman,0,2,2020-08-01
13310,0,0,RO0157_20200801,Rodman,0,2,2020-08-01
13311,0,0,RO0159_20200801,Rodman,0,2,2020-08-01
13312,0,0,RO0160_20200801,Rodman,0,2,2020-08-01
13313,0,0,RO0161_20200801,Rodman,0,2,2020-08-01
13314,0,0,RO0163_20200801,Rodman,0,2,2020-08-01
13315,0,0,RO0164_20200801,Rodman,0,2,2020-08-01
13316,0,0,RO0165_20200801,Rodman,0,2,2020-08-01
13317,0,0,RO0166_20200801,Rodman,0,2,2020-08-01
13318,1,1,RO0001_20211129,Rodman,1,3,2021-11-29
13319,1,1,RO0002_20211129,Rodman,1,3,2021-11-29
13320,1,1,RO0003_20211129,Rodman,1,3,2021-11-29
13321,1,1,RO0004_20211129,Rodman,1,3,2021-11-29
13322,1,1,RO0005_20211129,Rodman,1,3,2021-11-29
13323,1,1,RO0006_20211129,Rodman,1,3,2021-11-29
13324,1,1,RO0007_20211129,Rodman,1,3,2021-11-29
13325,1,1,RO0008_20211129,Rodman,1,3,2021-11-29
13326,1,1,RO0009_20211129,Rodman,1,3,2021-11-29
13327,1,1,RO0010_20211129,Rodman,1,3,2021-11-29
13328,1,1,RO0011_20211129,Rodman,1,3,2021-11-29
13329,1,1,RO0012_20211129,Rodman,1,3,2021-11-29
13330,1,1,RO0013_20211129,Rodman,1,3,2021-11-29
13331,1,1,RO0014_20211129,Rodman,1,3,2021-11-29
13332,1,1,RO0015_20211129,Rodman,1,3,2021-11-29
13333,1,1,RO0016_20211129,Rodman,1,3,2021-11-29
13334,1,1,RO0017_20211129,Rodman,1,3,2021-11-29
13335,1,1,RO0018_20211129,Rodman,1,3,2021-11-29
13336,1,1,RO0019_20211129,Rodman,1,3,2021-11-29
13337,1,1,RO0020_20211129,Rodman,1,3,2021-11-29
13338,1,1,RO0021_20211129,Rodman,1,3,2021-11-29
13339,1,1,RO0022_20211129,Rodman,1,3,2021-11-29
13340,1,1,RO0023_20211129,Rodman,1,3,2021-11-29
13341,1,1,RO0024_20211129,Rodman,1,3,2021-11-29
13342,1,1,RO0025_20211129,Rodman,1,3,2021-11-29
13343,1,1,RO0026_20211129,Rodman,1,3,2021-11-29
13344,1,1,RO0027_20211129,Rodman,1,3,2021-11-29
13345,1,1,RO0028_20211129,Rodman,1,3,2021-11-29
13346,1,1,RO0029_20211129,Rodman,1,3,2021-11-29
13347,1,1,RO0030_20211129,Rodman,1,3,2021-11-29
13348,1,1,RO0031_20211129,Rodman,1,3,2021-11-29
13349,1,1,RO0032_20211129,Rodman,1,3,2021-11-29
13350,1,1,RO0033_20211129,Rodman,1,3,2021-11-29
13351,1,1,RO0034_20211129,Rodman,1,3,2021-11-29
13352,1,1,RO0035_20211129,Rodman,1,3,2021-11-29
13353,1,1,RO0036_20211129,Rodman,1,3,2021-11-29
13354,1,1,RO0037_20211129,Rodman,1,3,2021-11-29
13355,1,1,RO0038_20211129,Rodman,1,3,2021-11-29
13356,1,1,RO0039_20211129,Rodman,1,3,2021-11-29
13357,1,1,RO0040_20211129,Rodman,1,3,2021-11-29
13358,1,1,RO0041_20211129,Rodman,1,3,2021-11-29
13359,1,1,RO0042_20211129,Rodman,1,3,2021-11-29
13360,1,1,RO0043_20211129,Rodman,1,3,2021-11-29
13361,1,1,RO0044_20211129,Rodman,1,3,2021-11-29
13362,1,1,RO0045_20211129,Rodman,1,3,2021-11-29
13363,1,1,RO0046_20211129,Rodman,1,3,2021-11-29
13364,1,1,RO0047_20211129,Rodman,1,3,2021-11-29
13365,1,1,RO0048_20211129,Rodman,1,3,2021-11-29
13366,1,1,RO0049_20211129,Rodman,1,3,2021-11-29
13367,1,1,RO0050_20211129,Rodman,1,3,2021-11-29
13368,1,1,RO0051_20211129,Rodman,1,3,2021-11-29
13369,1,1,RO0052_20211129,Rodman,1,3,2021-11-29
13370,1,1,RO0053_20211129,Rodman,1,3,2021-11-29
13371,1,1,RO0054_20211129,Rodman,1,3,2021-11-29
13372,1,1,RO0055_20211129,Rodman,1,3,2021-11-29
13373,1,1,RO0056_20211129,Rodman,1,3,2021-11-29
13374,1,1,RO0057_20211129,Rodman,1,3,2021-11-29
13375,1,1,RO0058_20211129,Rodman,1,3,2021-11-29
13376,1,1,RO0059_20211129,Rodman,1,3,2021-11-29
13377,1,1,RO0060_20211129,Rodman,1,3,2021-11-29
13378,1,1,RO0061_20211129,Rodman,1,3,2021-11-29
13379,1,1,RO0062_20211129,Rodman,1,3,2021-11-29
13380,1,1,RO0063_20211129,Rodman,1,3,2021-11-29
13381,1,1,RO0064_20211129,Rodman,1,3,2021-11-29
13382,1,1,RO0065_20211129,Rodman,1,3,2021-11-29
13383,1,1,RO0066_20211129,Rodman,1,3,2021-11-29
13384,1,1,RO0067_20211129,Rodman,1,3,2021-11-29
13385,1,1,RO0068_20211129,Rodman,1,3,2021-11-29
13386,1,1,RO0069_20211129,Rodman,1,3,2021-11-29
13387,1,1,RO0070_20211129,Rodman,1,3,2021-11-29
13388,0,1,RO0071_20211129,Rodman,0,1,2021-11-29
13389,0,1,RO0072_20211129,Rodman,0,1,2021-11-29
13390,0,1,RO0073_20211129,Rodman,0,1,2021-11-29
13391,0,1,RO0074_20211129,Rodman,0,1,2021-11-29
13392,0,1,RO0075_20211129,Rodman,0,1,2021-11-29
13393,0,1,RO0076_20211129,Rodman,0,1,2021-11-29
13394,0,1,RO0077_20211129,Rodman,0,1,2021-11-29
13395,0,1,RO0078_20211129,Rodman,0,1,2021-11-29
13396,0,1,RO0079_20211129,Rodman,0,1,2021-11-29
13397,0,0,RO0080_20211129,Rodman,0,1,2021-11-29
13398,0,0,RO0081_20211129,Rodman,0,1,2021-11-29
13399,0,0,RO0082_20211129,Rodman,0,1,2021-11-29
13400,0,0,RO0083_20211129,Rodman,0,1,2021-11-29
13401,0,0,RO0084_20211129,Rodman,0,1,2021-11-29
13402,0,0,RO0085_20211129,Rodman,0,1,2021-11-29
13403,0,0,RO0086_20211129,Rodman,0,1,2021-11-29
13404,0,0,RO0087_20211129,Rodman,0,1,2021-11-29
13405,0,0,RO0088_20211129,Rodman,0,1,2021-11-29
13406,0,0,RO0089_20211129,Rodman,0,1,2021-11-29
13407,0,0,RO0090_20211129,Rodman,0,1,2021-11-29
13408,0,1,RO0091_20211129,Rodman,0,1,2021-11-29
13409,0,1,RO0092_20211129,Rodman,0,1,2021-11-29
13410,0,0,RO0093_20211129,Rodman,0,1,2021-11-29
13411,0,0,RO0094_20211129,Rodman,0,1,2021-11-29
13412,0,1,RO0095_20211129,Rodman,0,1,2021-11-29
13413,0,0,RO0096_20211129,Rodman,0,1,2021-11-29
13414,0,0,RO0097_20211129,Rodman,0,1,2021-11-29
13415,0,1,RO0098_20211129,Rodman,0,1,2021-11-29
13416,0,1,RO0099_20211129,Rodman,0,1,2021-11-29
13417,0,1,RO0100_20211129,Rodman,0,1,2021-11-29
13418,0,1,RO0101_20211129,Rodman,0,1,2021-11-29
13419,0,1,RO0102_20211129,Rodman,0,1,2021-11-29
13420,0,0,RO0103_20211129,Rodman,0,1,2021-11-29
13421,0,0,RO0104_20211129,Rodman,0,1,2021-11-29
13422,0,1,RO0105_20211129,Rodman,0,1,2021-11-29
13423,0,0,RO0106_20211129,Rodman,0,2,2021-11-29
13424,0,0,RO0107_20211129,Rodman,0,2,2021-11-29
13425,0,0,RO0108_20211129,Rodman,0,2,2021-11-29
13426,0,0,RO0109_20211129,Rodman,0,2,2021-11-29
13427,0,0,RO0110_20211129,Rodman,0,2,2021-11-29
13428,0,0,RO0111_20211129,Rodman,0,2,2021-11-29
13429,0,0,RO0112_20211129,Rodman,0,2,2021-11-29
13430,0,0,RO0113_20211129,Rodman,0,2,2021-11-29
13431,0,0,RO0114_20211129,Rodman,0,2,2021-11-29
13432,0,0,RO0115_20211129,Rodman,0,2,2021-11-29
13433,0,0,RO0116_20211129,Rodman,0,2,2021-11-29
13434,0,0,RO0117_20211129,Rodman,0,2,2021-11-29
13435,0,0,RO0118_20211129,Rodman,0,2,2021-11-29
13436,0,0,RO0119_20211129,Rodman,0,2,2021-11-29
13437,0,0,RO0120_20211129,Rodman,0,2,2021-11-29
13438,0,0,RO0121_20211129,Rodman,0,2,2021-11-29
13439,0,0,RO0122_20211129,Rodman,0,2,2021-11-29
13440,0,0,RO0123_20211129,Rodman,0,2,2021-11-29
13441,0,0,RO0124_20211129,Rodman,0,2,2021-11-29
13442,0,0,RO0125_20211129,Rodman,0,2,2021-11-29
13443,0,0,RO0126_20211129,Rodman,0,2,2021-11-29
13444,0,0,RO0127_20211129,Rodman,0,2,2021-11-29
13445,0,0,RO0128_20211129,Rodman,0,2,2021-11-29
13446,0,0,RO0129_20211129,Rodman,0,2,2021-11-29
13447,0,0,RO0130_20211129,Rodman,0,2,2021-11-29
13448,0,0,RO0131_20211129,Rodman,0,2,2021-11-29
13449,0,0,RO0132_20211129,Rodman,0,2,2021-11-29
13450,0,0,RO0133_20211129,Rodman,0,2,2021-11-29
13451,0,0,RO0134_20211129,Rodman,0,2,2021-11-29
13452,0,0,RO0135_20211129,Rodman,0,2,2021-11-29
13453,0,0,RO0136_20211129,Rodman,0,2,2021-11-29
13454,0,0,RO0137_20211129,Rodman,0,2,2021-11-29
13455,0,0,RO0138_20211129,Rodman,0,2,2021-11-29
13456,0,0,RO0139_20211129,Rodman,0,2,2021-11-29
13457,0,0,RO0140_20211129,Rodman,0,2,2021-11-29
13458,1,1,RO0001_20221005,Rodman,1,3,2022-10-05
13459,1,1,RO0002_20221005,Rodman,1,3,2022-10-05
13460,1,1,RO0003_20221005,Rodman,1,3,2022-10-05
13461,1,1,RO0004_20221005,Rodman,1,3,2022-10-05
13462,1,1,RO0005_20221005,Rodman,1,3,2022-10-05
13463,1,1,RO0006_20221005,Rodman,1,3,2022-10-05
13464,1,1,RO0007_20221005,Rodman,1,3,2022-10-05
13465,1,1,RO0008_20221005,Rodman,1,3,2022-10-05
13466,1,1,RO0009_20221005,Rodman,1,3,2022-10-05
13467,1,1,RO0010_20221005,Rodman,1,3,2022-10-05
13468,1,1,RO0011_20221005,Rodman,1,3,2022-10-05
13469,1,1,RO0012_20221005,Rodman,1,3,2022-10-05
13470,1,1,RO0013_20221005,Rodman,1,3,2022-10-05
13471,1,1,RO0014_20221005,Rodman,1,3,2022-10-05
13472,1,1,RO0015_20221005,Rodman,1,3,2022-10-05
13473,1,1,RO0016_20221005,Rodman,1,3,2022-10-05
13474,1,1,RO0017_20221005,Rodman,1,3,2022-10-05
13475,1,1,RO0018_20221005,Rodman,1,3,2022-10-05
13476,1,1,RO0019_20221005,Rodman,1,3,2022-10-05
13477,1,1,RO0020_20221005,Rodman,1,3,2022-10-05
13478,1,1,RO0021_20221005,Rodman,1,3,2022-10-05
13479,1,1,RO0022_20221005,Rodman,1,3,2022-10-05
13480,1,1,RO0023_20221005,Rodman,1,3,2022-10-05
13481,1,1,RO0024_20221005,Rodman,1,3,2022-10-05
13482,1,1,RO0025_20221005,Rodman,1,3,2022-10-05
13483,1,1,RO0026_20221005,Rodman,1,3,2022-10-05
13484,1,1,RO0027_20221005,Rodman,1,3,2022-10-05
13485,1,1,RO0028_20221005,Rodman,1,3,2022-10-05
13486,1,1,RO0029_20221005,Rodman,1,3,2022-10-05
13487,1,1,RO0030_20221005,Rodman,1,3,2022-10-05
13488,1,1,RO0031_20221005,Rodman,1,3,2022-10-05
13489,1,1,RO0032_20221005,Rodman,1,3,2022-10-05
13490,1,1,RO0033_20221005,Rodman,1,3,2022-10-05
13491,1,1,RO0034_20221005,Rodman,1,3,2022-10-05
13492,1,1,RO0035_20221005,Rodman,1,3,2022-10-05
13493,1,1,RO0036_20221005,Rodman,1,3,2022-10-05
13494,1,1,RO0037_20221005,Rodman,1,3,2022-10-05
13495,1,1,RO0038_20221005,Rodman,1,3,2022-10-05
13496,1,1,RO0039_20221005,Rodman,1,3,2022-10-05
13497,1,1,RO0040_20221005,Rodman,1,3,2022-10-05
13498,1,1,RO0041_20221005,Rodman,1,3,2022-10-05
13499,1,1,RO0042_20221005,Rodman,1,3,2022-10-05
13500,1,1,RO0043_20221005,Rodman,1,3,2022-10-05
13501,1,1,RO0044_20221005,Rodman,1,3,2022-10-05
13502,1,1,RO0045_20221005,Rodman,1,3,2022-10-05
13503,1,1,RO0046_20221005,Rodman,1,3,2022-10-05
13504,1,1,RO0047_20221005,Rodman,1,3,2022-10-05
13505,1,1,RO0048_20221005,Rodman,1,3,2022-10-05
13506,1,1,RO0049_20221005,Rodman,1,3,2022-10-05
13507,1,1,RO0050_20221005,Rodman,1,3,2022-10-05
13508,1,1,RO0051_20221005,Rodman,1,3,2022-10-05
13509,1,1,RO0052_20221005,Rodman,1,3,2022-10-05
13510,1,1,RO0053_20221005,Rodman,1,3,2022-10-05
13511,1,1,RO0054_20221005,Rodman,1,3,2022-10-05
13512,1,1,RO0055_20221005,Rodman,1,3,2022-10-05
13513,1,1,RO0056_20221005,Rodman,1,3,2022-10-05
13514,1,1,RO0057_20221005,Rodman,1,3,2022-10-05
13515,1,1,RO0058_20221005,Rodman,1,3,2022-10-05
13516,1,1,RO0059_20221005,Rodman,1,3,2022-10-05
13517,1,1,RO0060_20221005,Rodman,1,3,2022-10-05
13518,1,1,RO0061_20221005,Rodman,1,3,2022-10-05
13519,1,1,RO0062_20221005,Rodman,1,3,2022-10-05
13520,1,1,RO0063_20221005,Rodman,1,3,2022-10-05
13521,1,1,RO0064_20221005,Rodman,1,3,2022-10-05
13522,1,1,RO0065_20221005,Rodman,1,3,2022-10-05
13523,1,1,RO0066_20221005,Rodman,1,3,2022-10-05
13524,1,1,RO0067_20221005,Rodman,1,3,2022-10-05
13525,1,1,RO0068_20221005,Rodman,1,3,2022-10-05
13526,1,1,RO0069_20221005,Rodman,1,3,2022-10-05
13527,1,1,RO0070_20221005,Rodman,1,3,2022-10-05
13528,1,1,RO0071_20221005,Rodman,1,3,2022-10-05
13529,1,1,RO0072_20221005,Rodman,1,3,2022-10-05
13530,1,1,RO0073_20221005,Rodman,1,3,2022-10-05
13531,1,1,RO0074_20221005,Rodman,1,3,2022-10-05
13532,1,1,RO0075_20221005,Rodman,1,3,2022-10-05
13533,1,1,RO0076_20221005,Rodman,1,3,2022-10-05
13534,1,1,RO0077_20221005,Rodman,1,3,2022-10-05
13535,1,1,RO0078_20221005,Rodman,1,3,2022-10-05
13536,1,1,RO0079_20221005,Rodman,1,3,2022-10-05
13537,1,1,RO0080_20221005,Rodman,1,3,2022-10-05
13538,1,1,RO0081_20221005,Rodman,1,3,2022-10-05
13539,1,1,RO0082_20221005,Rodman,1,3,2022-10-05
13540,1,1,RO0083_20221005,Rodman,1,3,2022-10-05
13541,1,1,RO0084_20221005,Rodman,1,3,2022-10-05
13542,1,1,RO0085_20221005,Rodman,1,3,2022-10-05
13543,1,1,RO0086_20221005,Rodman,1,3,2022-10-05
13544,1,1,RO0087_20221005,Rodman,1,3,2022-10-05
13545,1,1,RO0088_20221005,Rodman,1,3,2022-10-05
13546,1,1,RO0089_20221005,Rodman,1,3,2022-10-05
13547,1,1,RO0090_20221005,Rodman,1,3,2022-10-05
13548,1,1,RO0091_20221005,Rodman,1,3,2022-10-05
13549,1,1,RO0092_20221005,Rodman,1,3,2022-10-05
13550,1,0,RO0093_20221005,Rodman,1,3,2022-10-05
13551,1,1,RO0094_20221005,Rodman,1,3,2022-10-05
13552,1,1,RO0095_20221005,Rodman,1,3,2022-10-05
13553,1,1,RO0096_20221005,Rodman,1,3,2022-10-05
13554,1,1,RO0097_20221005,Rodman,1,3,2022-10-05
13555,1,1,RO0098_20221005,Rodman,1,3,2022-10-05
13556,1,1,RO0099_20221005,Rodman,1,3,2022-10-05
13557,1,1,RO0100_20221005,Rodman,1,3,2022-10-05
13558,1,1,RO0101_20221005,Rodman,1,3,2022-10-05
13559,1,1,RO0102_20221005,Rodman,1,3,2022-10-05
13560,1,1,RO0103_20221005,Rodman,1,3,2022-10-05
13561,1,1,RO0104_20221005,Rodman,1,3,2022-10-05
13562,1,1,RO0105_20221005,Rodman,1,3,2022-10-05
13563,1,1,RO0106_20221005,Rodman,1,3,2022-10-05
13564,1,1,RO0107_20221005,Rodman,1,3,2022-10-05
13565,1,1,RO0108_20221005,Rodman,1,3,2022-10-05
13566,1,1,RO0109_20221005,Rodman,1,3,2022-10-05
13567,1,1,RO0110_20221005,Rodman,1,3,2022-10-05
13568,1,1,RO0111_20221005,Rodman,1,3,2022-10-05
13569,1,1,RO0112_20221005,Rodman,1,3,2022-10-05
13570,1,1,RO0113_20221005,Rodman,1,3,2022-10-05
13571,1,1,RO0114_20221005,Rodman,1,3,2022-10-05
13572,1,1,RO0115_20221005,Rodman,1,3,2022-10-05
13573,1,1,RO0116_20221005,Rodman,1,3,2022-10-05
13574,1,1,RO0117_20221005,Rodman,1,3,2022-10-05
13575,1,1,RO0118_20221005,Rodman,1,3,2022-10-05
13576,1,1,RO0119_20221005,Rodman,1,3,2022-10-05
13577,1,1,RO0120_20221005,Rodman,1,3,2022-10-05
13578,1,1,RO0121_20221005,Rodman,1,3,2022-10-05
13579,1,1,RO0122_20221005,Rodman,1,3,2022-10-05
13580,1,1,RO0123_20221005,Rodman,1,3,2022-10-05
13581,1,1,RO0124_20221005,Rodman,1,3,2022-10-05
13582,1,1,RO0125_20221005,Rodman,1,3,2022-10-05
13583,1,1,RO0126_20221005,Rodman,1,3,2022-10-05
13584,1,1,RO0127_20221005,Rodman,1,3,2022-10-05
13585,1,1,RO0128_20221005,Rodman,1,3,2022-10-05
13586,1,1,RO0129_20221005,Rodman,1,3,2022-10-05
13587,1,1,RO0130_20221005,Rodman,1,3,2022-10-05
13588,1,1,RO0131_20221005,Rodman,1,3,2022-10-05
13589,1,1,RO0132_20221005,Rodman,1,3,2022-10-05
13590,1,1,RO0133_20221005,Rodman,1,3,2022-10-05
13591,1,1,RO0134_20221005,Rodman,1,3,2022-10-05
13592,1,1,RO0135_20221005,Rodman,1,3,2022-10-05
13593,1,1,RO0136_20221005,Rodman,1,3,2022-10-05
13594,1,1,RO0137_20221005,Rodman,1,3,2022-10-05
13595,1,1,RO0138_20221005,Rodman,1,3,2022-10-05
13596,1,1,RO0139_20221005,Rodman,1,3,2022-10-05
13597,1,1,RO0140_20221005,Rodman,1,3,2022-10-05
13598,1,1,RO0141_20221005,Rodman,1,3,2022-10-05
13599,1,1,RO0142_20221005,Rodman,1,3,2022-10-05
13600,1,1,RO0143_20221005,Rodman,1,3,2022-10-05
13601,1,1,RO0144_20221005,Rodman,1,3,2022-10-05
13602,1,1,RO0145_20221005,Rodman,1,3,2022-10-05
13603,1,1,RO0146_20221005,Rodman,1,3,2022-10-05
13604,1,1,RO0147_20221005,Rodman,1,3,2022-10-05
13605,1,1,RO0148_20221005,Rodman,1,3,2022-10-05
13606,1,1,RO0149_20221005,Rodman,1,3,2022-10-05
13607,1,1,RO0150_20221005,Rodman,1,3,2022-10-05
13608,1,1,RO0151_20221005,Rodman,1,3,2022-10-05
13609,0,0,RO0152_20221005,Rodman,0,2,2022-10-05
13610,0,0,RO0153_20221005,Rodman,0,2,2022-10-05
13611,0,0,RO0154_20221005,Rodman,0,2,2022-10-05
13612,0,0,RO0155_20221005,Rodman,0,2,2022-10-05
13613,0,0,RO0156_20221005,Rodman,0,2,2022-10-05
13614,0,0,RO0157_20221005,Rodman,0,2,2022-10-05
13615,0,0,RO0158_20221005,Rodman,0,2,2022-10-05
13616,0,0,RO0159_20221005,Rodman,0,2,2022-10-05
13617,0,0,RO0160_20221005,Rodman,0,2,2022-10-05
13618,0,0,RO0161_20221005,Rodman,0,2,2022-10-05
13619,0,0,RO0162_20221005,Rodman,0,2,2022-10-05
13620,0,0,RO0163_20221005,Rodman,0,2,2022-10-05
13621,0,0,RO0164_20221005,Rodman,0,2,2022-10-05
13622,0,0,RO0165_20221005,Rodman,0,2,2022-10-05
13623,0,0,RO0166_20221005,Rodman,0,2,2022-10-05
13624,0,0,RO0167_20221005,Rodman,0,2,2022-10-05
13625,0,0,RO0168_20221005,Rodman,0,2,2022-10-05
13626,0,0,RO0169_20221005,Rodman,0,2,2022-10-05
13627,0,0,RO0170_20221005,Rodman,0,2,2022-10-05
13628,0,0,RO0171_20221005,Rodman,0,2,2022-10-05
13629,0,0,RO0172_20221005,Rodman,0,2,2022-10-05
13630,0,0,RO0173_20221005,Rodman,0,2,2022-10-05
13631,0,0,RO0174_20221005,Rodman,0,2,2022-10-05
13632,0,0,RO0175_20221005,Rodman,0,2,2022-10-05
13633,0,0,RO0176_20221005,Rodman,0,2,2022-10-05
13634,0,0,RO0177_20221005,Rodman,0,2,2022-10-05
13635,0,0,RO0178_20221005,Rodman,0,2,2022-10-05
13636,0,0,RO0179_20221005,Rodman,0,2,2022-10-05
13637,0,0,RO0180_20221005,Rodman,0,2,2022-10-05
13638,0,0,RO0181_20221005,Rodman,0,2,2022-10-05
13639,0,0,RO0182_20221005,Rodman,0,2,2022-10-05
13640,0,0,RO0183_20221005,Rodman,0,2,2022-10-05
13641,0,0,RO0184_20221005,Rodman,0,2,2022-10-05
13642,0,0,RO0185_20221005,Rodman,0,2,2022-10-05
13643,0,0,RO0186_20221005,Rodman,0,2,2022-10-05
13644,0,0,RO0187_20221005,Rodman,0,2,2022-10-05
13645,0,0,RO0188_20221005,Rodman,0,2,2022-10-05
13646,0,0,RO0189_20221005,Rodman,0,2,2022-10-05
13647,0,0,RO0190_20221005,Rodman,0,2,2022-10-05
13648,0,0,RO0191_20221005,Rodman,0,2,2022-10-05
13649,0,0,RO0192_20221005,Rodman,0,2,2022-10-05
13650,0,0,RO0193_20221005,Rodman,0,2,2022-10-05
13651,0,0,RO0194_20221005,Rodman,0,2,2022-10-05
13652,0,0,RO0195_20221005,Rodman,0,2,2022-10-05
13653,0,0,RO0196_20221005,Rodman,0,2,2022-10-05
13654,0,0,RO0197_20221005,Rodman,0,2,2022-10-05
13655,0,0,RO0198_20221005,Rodman,0,2,2022-10-05
13656,0,0,RO0199_20221005,Rodman,0,2,2022-10-05
13657,0,0,RO0200_20221005,Rodman,0,2,2022-10-05
13658,0,0,RO0201_20221005,Rodman,0,2,2022-10-05
13659,0,0,RO0202_20221005,Rodman,0,2,2022-10-05
13660,0,0,RO0203_20221005,Rodman,0,2,2022-10-05
13661,0,0,RO0204_20221005,Rodman,0,2,2022-10-05
13662,0,0,RO0205_20221005,Rodman,0,2,2022-10-05
13663,0,0,RO0206_20221005,Rodman,0,2,2022-10-05
13664,0,0,RO0207_20221005,Rodman,0,2,2022-10-05
13665,0,0,RO0208_20221005,Rodman,0,2,2022-10-05
13666,0,0,RO0209_20221005,Rodman,0,2,2022-10-05
13667,0,0,RO0210_20221005,Rodman,0,2,2022-10-05
13668,0,0,RO0211_20221005,Rodman,0,2,2022-10-05
13669,0,0,RO0212_20221005,Rodman,0,2,2022-10-05
13670,0,0,RO0213_20221005,Rodman,0,2,2022-10-05
13671,0,0,RO0214_20221005,Rodman,0,2,2022-10-05
13672,0,0,RO0215_20221005,Rodman,0,2,2022-10-05
13673,0,0,RO0216_20221005,Rodman,0,2,2022-10-05
13674,0,0,RO0217_20221005,Rodman,0,2,2022-10-05
13675,0,0,RO0218_20221005,Rodman,0,2,2022-10-05
13676,0,0,RO0219_20221005,Rodman,0,2,2022-10-05
13677,0,0,RO0220_20221005,Rodman,0,2,2022-10-05
13678,0,0,RO0221_20221005,Rodman,0,2,2022-10-05
13679,0,0,RO0222_20221005,Rodman,0,2,2022-10-05
13680,0,0,RO0223_20221005,Rodman,0,2,2022-10-05
13681,0,0,RO0224_20221005,Rodman,0,2,2022-10-05
13682,0,0,RO0225_20221005,Rodman,0,2,2022-10-05
13683,0,0,RO0226_20221005,Rodman,0,2,2022-10-05
13684,0,1,RO0227_20221005,Rodman,0,1,2022-10-05
13685,0,1,RO0228_20221005,Rodman,0,1,2022-10-05
13686,0,1,RO0229_20221005,Rodman,0,1,2022-10-05
13687,0,1,RO0230_20221005,Rodman,0,1,2022-10-05
13688,0,1,RO0231_20221005,Rodman,0,1,2022-10-05
13689,0,1,RO0232_20221005,Rodman,0,1,2022-10-05
13690,0,1,RO0233_20221005,Rodman,0,1,2022-10-05
13691,0,0,RO0234_20221005,Rodman,0,1,2022-10-05
13692,0,1,RO0235_20221005,Rodman,0,1,2022-10-05
13693,0,1,RO0236_20221005,Rodman,0,1,2022-10-05
13694,0,1,RO0237_20221005,Rodman,0,1,2022-10-05
13695,0,1,RO0238_20221005,Rodman,0,1,2022-10-05
13696,0,1,RO0239_20221005,Rodman,0,1,2022-10-05
13697,0,0,RO0240_20221005,Rodman,0,1,2022-10-05
13698,0,0,RO0241_20221005,Rodman,0,1,2022-10-05
13699,0,1,RO0242_20221005,Rodman,0,1,2022-10-05
13700,0,1,RO0243_20221005,Rodman,0,1,2022-10-05
13701,0,1,RO0244_20221005,Rodman,0,1,2022-10-05
13702,0,1,RO0245_20221005,Rodman,0,1,2022-10-05
13703,0,1,RO0246_20221005,Rodman,0,1,2022-10-05
13704,0,1,RO0247_20221005,Rodman,0,1,2022-10-05
13705,0,1,RO0248_20221005,Rodman,0,1,2022-10-05
13706,0,1,RO0249_20221005,Rodman,0,1,2022-10-05
13707,0,0,RO0250_20221005,Rodman,0,1,2022-10-05
13708,0,1,RO0251_20221005,Rodman,0,1,2022-10-05
13709,0,0,RO0252_20221005,Rodman,0,1,2022-10-05
13710,0,1,RO0253_20221005,Rodman,0,1,2022-10-05
13711,0,0,RO0254_20221005,Rodman,0,1,2022-10-05
13712,0,0,RO0255_20221005,Rodman,0,1,2022-10-05
13713,0,1,RO0256_20221005,Rodman,0,1,2022-10-05
13714,0,0,RO0257_20221005,Rodman,0,1,2022-10-05
13715,0,0,RO0258_20221005,Rodman,0,1,2022-10-05
13716,0,0,RO0259_20221005,Rodman,0,1,2022-10-05
13717,0,0,RO0260_20221005,Rodman,0,1,2022-10-05
13718,0,0,RO0261_20221005,Rodman,0,1,2022-10-05
13719,0,1,RO0262_20221005,Rodman,0,1,2022-10-05
13720,0,0,RO0263_20221005,Rodman,0,1,2022-10-05
13721,0,0,RO0264_20221005,Rodman,0,1,2022-10-05
13722,0,0,RO0265_20221005,Rodman,0,1,2022-10-05
13723,0,0,RO0266_20221005,Rodman,0,1,2022-10-05
13724,0,0,RO0267_20221005,Rodman,0,1,2022-10-05
13725,0,0,RO0268_20221005,Rodman,0,1,2022-10-05
13726,0,0,RO0269_20221005,Rodman,0,1,2022-10-05
13727,0,0,RO0270_20221005,Rodman,0,1,2022-10-05
13728,0,0,RO0271_20221005,Rodman,0,1,2022-10-05
13729,0,0,RO0272_20221005,Rodman,0,1,2022-10-05
13730,0,0,RO0273_20221005,Rodman,0,1,2022-10-05
13731,0,0,RO0274_20221005,Rodman,0,1,2022-10-05
13732,0,1,RO0275_20221005,Rodman,0,1,2022-10-05
13733,0,0,RO0276_20221005,Rodman,0,1,2022-10-05
13734,0,0,RO0277_20221005,Rodman,0,1,2022-10-05
13735,0,0,RO0278_20221005,Rodman,0,1,2022-10-05
13736,0,0,RO0279_20221005,Rodman,0,1,2022-10-05
13737,0,1,RO0280_20221005,Rodman,0,1,2022-10-05
13738,0,0,RO0281_20221005,Rodman,0,1,2022-10-05
13739,0,1,RO0282_20221005,Rodman,0,1,2022-10-05
13740,0,0,RO0283_20221005,Rodman,0,1,2022-10-05
13741,0,0,RO0284_20221005,Rodman,0,1,2022-10-05
13742,0,1,RO0285_20221005,Rodman,0,1,2022-10-05
13743,0,0,RO0286_20221005,Rodman,0,1,2022-10-05
13744,0,0,RO0287_20221005,Rodman,0,1,2022-10-05
13745,0,0,RO0288_20221005,Rodman,0,1,2022-10-05
13746,0,1,RO0289_20221005,Rodman,0,1,2022-10-05
13747,0,0,RO0290_20221005,Rodman,0,1,2022-10-05
13748,0,0,RO0291_20221005,Rodman,0,1,2022-10-05
13749,0,0,RO0292_20221005,Rodman,0,1,2022-10-05
13750,0,0,RO0293_20221005,Rodman,0,1,2022-10-05
13751,0,0,RO0294_20221005,Rodman,0,1,2022-10-05
13752,0,0,RO0295_20221005,Rodman,0,1,2022-10-05
13753,0,1,RO0296_20221005,Rodman,0,1,2022-10-05
13754,0,0,RO0297_20221005,Rodman,0,1,2022-10-05
13755,0,1,RO0298_20221005,Rodman,0,1,2022-10-05
13756,0,1,RO0299_20221005,Rodman,0,1,2022-10-05
13757,0,0,RO0300_20221005,Rodman,0,1,2022-10-05
13758,0,0,RO0301_20221005,Rodman,0,1,2022-10-05
13759,1,1,RO0001_20231015,Rodman,1,3,2023-10-15
13760,1,1,RO0002_20231015,Rodman,1,3,2023-10-15
13761,1,1,RO0003_20231015,Rodman,1,3,2023-10-15
13762,1,1,RO0004_20231015,Rodman,1,3,2023-10-15
13763,1,1,RO0005_20231015,Rodman,1,3,2023-10-15
13764,1,1,RO0006_20231015,Rodman,1,3,2023-10-15
13765,1,1,RO0007_20231015,Rodman,1,3,2023-10-15
13766,1,1,RO0008_20231015,Rodman,1,3,2023-10-15
13767,1,1,RO0009_20231015,Rodman,1,3,2023-10-15
13768,1,1,RO0010_20231015,Rodman,1,3,2023-10-15
13769,1,1,RO0011_20231015,Rodman,1,3,2023-10-15
13770,1,1,RO0012_20231015,Rodman,1,3,2023-10-15
13771,1,1,RO0013_20231015,Rodman,1,3,2023-10-15
13772,1,1,RO0014_20231015,Rodman,1,3,2023-10-15
13773,1,1,RO0015_20231015,Rodman,1,3,2023-10-15
13774,1,1,RO0016_20231015,Rodman,1,3,2023-10-15
13775,1,1,RO0017_20231015,Rodman,1,3,2023-10-15
13776,1,1,RO0018_20231015,Rodman,1,3,2023-10-15
13777,1,1,RO0019_20231015,Rodman,1,3,2023-10-15
13778,1,1,RO0020_20231015,Rodman,1,3,2023-10-15
13779,1,1,RO0021_20231015,Rodman,1,3,2023-10-15
13780,1,1,RO0022_20231015,Rodman,1,3,2023-10-15
13781,1,1,RO0023_20231015,Rodman,1,3,2023-10-15
13782,1,1,RO0024_20231015,Rodman,1,3,2023-10-15
13783,1,1,RO0025_20231015,Rodman,1,3,2023-10-15
13784,1,1,RO0026_20231015,Rodman,1,3,2023-10-15
13785,1,1,RO0027_20231015,Rodman,1,3,2023-10-15
13786,1,1,RO0028_20231015,Rodman,1,3,2023-10-15
13787,1,1,RO0029_20231015,Rodman,1,3,2023-10-15
13788,1,1,RO0030_20231015,Rodman,1,3,2023-10-15
13789,1,1,RO0031_20231015,Rodman,1,3,2023-10-15
13790,1,1,RO0032_20231015,Rodman,1,3,2023-10-15
13791,1,1,RO0033_20231015,Rodman,1,3,2023-10-15
13792,1,1,RO0034_20231015,Rodman,1,3,2023-10-15
13793,1,1,RO0035_20231015,Rodman,1,3,2023-10-15
13794,1,1,RO0036_20231015,Rodman,1,3,2023-10-15
13795,1,1,RO0037_20231015,Rodman,1,3,2023-10-15
13796,1,1,RO0038_20231015,Rodman,1,3,2023-10-15
13797,1,1,RO0039_20231015,Rodman,1,3,2023-10-15
13798,1,1,RO0040_20231015,Rodman,1,3,2023-10-15
13799,1,1,RO0041_20231015,Rodman,1,3,2023-10-15
13800,1,1,RO0042_20231015,Rodman,1,3,2023-10-15
13801,1,1,RO0043_20231015,Rodman,1,3,2023-10-15
13802,1,1,RO0044_20231015,Rodman,1,3,2023-10-15
13803,1,1,RO0045_20231015,Rodman,1,3,2023-10-15
13804,1,1,RO0046_20231015,Rodman,1,3,2023-10-15
13805,1,1,RO0047_20231015,Rodman,1,3,2023-10-15
13806,1,1,RO0048_20231015,Rodman,1,3,2023-10-15
13807,1,1,RO0049_20231015,Rodman,1,3,2023-10-15
13808,1,1,RO0050_20231015,Rodman,1,3,2023-10-15
13809,1,1,RO0051_20231015,Rodman,1,3,2023-10-15
13810,1,1,RO0052_20231015,Rodman,1,3,2023-10-15
13811,1,1,RO0053_20231015,Rodman,1,3,2023-10-15
13812,1,1,RO0054_20231015,Rodman,1,3,2023-10-15
13813,1,1,RO0055_20231015,Rodman,1,3,2023-10-15
13814,1,1,RO0056_20231015,Rodman,1,3,2023-10-15
13815,1,1,RO0057_20231015,Rodman,1,3,2023-10-15
13816,1,1,RO0058_20231015,Rodman,1,3,2023-10-15
13817,1,1,RO0059_20231015,Rodman,1,3,2023-10-15
13818,1,1,RO0060_20231015,Rodman,1,3,2023-10-15
13819,1,1,RO0061_20231015,Rodman,1,3,2023-10-15
13820,1,1,RO0062_20231015,Rodman,1,3,2023-10-15
13821,1,1,RO0063_20231015,Rodman,1,3,2023-10-15
13822,1,1,RO0064_20231015,Rodman,1,3,2023-10-15
13823,1,1,RO0065_20231015,Rodman,1,3,2023-10-15
13824,1,1,RO0066_20231015,Rodman,1,3,2023-10-15
13825,1,1,RO0067_20231015,Rodman,1,3,2023-10-15
13826,1,1,RO0068_20231015,Rodman,1,3,2023-10-15
13827,1,1,RO0069_20231015,Rodman,1,3,2023-10-15
13828,1,1,RO0070_20231015,Rodman,1,3,2023-10-15
13829,1,1,RO0071_20231015,Rodman,1,3,2023-10-15
13830,1,1,RO0072_20231015,Rodman,1,3,2023-10-15
13831,1,1,RO0073_20231015,Rodman,1,3,2023-10-15
13832,1,1,RO0074_20231015,Rodman,1,3,2023-10-15
13833,1,1,RO0075_20231015,Rodman,1,3,2023-10-15
13834,1,1,RO0076_20231015,Rodman,1,3,2023-10-15
13835,1,1,RO0077_20231015,Rodman,1,3,2023-10-15
13836,1,1,RO0078_20231015,Rodman,1,3,2023-10-15
13837,1,1,RO0079_20231015,Rodman,1,3,2023-10-15
13838,1,1,RO0080_20231015,Rodman,1,3,2023-10-15
13839,1,1,RO0081_20231015,Rodman,1,3,2023-10-15
13840,1,1,RO0082_20231015,Rodman,1,3,2023-10-15
13841,1,1,RO0083_20231015,Rodman,1,3,2023-10-15
13842,1,1,RO0084_20231015,Rodman,1,3,2023-10-15
13843,1,1,RO0085_20231015,Rodman,1,3,2023-10-15
13844,1,1,RO0086_20231015,Rodman,1,3,2023-10-15
13845,1,1,RO0087_20231015,Rodman,1,3,2023-10-15
13846,1,1,RO0088_20231015,Rodman,1,3,2023-10-15
13847,1,0,RO0089_20231015,Rodman,1,3,2023-10-15
13848,1,1,RO0090_20231015,Rodman,1,3,2023-10-15
13849,1,1,RO0091_20231015,Rodman,1,3,2023-10-15
13850,1,1,RO0092_20231015,Rodman,1,3,2023-10-15
13851,1,1,RO0093_20231015,Rodman,1,3,2023-10-15
13852,1,1,RO0094_20231015,Rodman,1,3,2023-10-15
13853,1,1,RO0095_20231015,Rodman,1,3,2023-10-15
13854,1,1,RO0096_20231015,Rodman,1,3,2023-10-15
13855,1,1,RO0097_20231015,Rodman,1,3,2023-10-15
13856,1,1,RO0098_20231015,Rodman,1,3,2023-10-15
13857,1,1,RO0099_20231015,Rodman,1,3,2023-10-15
13858,1,1,RO0100_20231015,Rodman,1,3,2023-10-15
13859,0,0,RO0101_20231015,Rodman,0,2,2023-10-15
13860,0,0,RO0102_20231015,Rodman,0,2,2023-10-15
13861,0,0,RO0103_20231015,Rodman,0,2,2023-10-15
13862,0,0,RO0104_20231015,Rodman,0,2,2023-10-15
13863,0,0,RO0105_20231015,Rodman,0,2,2023-10-15
13864,0,0,RO0106_20231015,Rodman,0,2,2023-10-15
13865,0,0,RO0107_20231015,Rodman,0,2,2023-10-15
13866,0,0,RO0108_20231015,Rodman,0,2,2023-10-15
13867,0,0,RO0109_20231015,Rodman,0,2,2023-10-15
13868,0,0,RO0110_20231015,Rodman,0,2,2023-10-15
13869,0,0,RO0111_20231015,Rodman,0,2,2023-10-15
13870,0,0,RO0112_20231015,Rodman,0,2,2023-10-15
13871,0,0,RO0113_20231015,Rodman,0,2,2023-10-15
13872,0,0,RO0114_20231015,Rodman,0,2,2023-10-15
13873,0,0,RO0115_20231015,Rodman,0,2,2023-10-15
13874,0,0,RO0116_20231015,Rodman,0,2,2023-10-15
13875,0,0,RO0117_20231015,Rodman,0,2,2023-10-15
13876,0,0,RO0118_20231015,Rodman,0,2,2023-10-15
13877,0,0,RO0119_20231015,Rodman,0,2,2023-10-15
13878,0,0,RO0120_20231015,Rodman,0,2,2023-10-15
13879,0,0,RO0121_20231015,Rodman,0,2,2023-10-15
13880,0,0,RO0122_20231015,Rodman,0,2,2023-10-15
13881,0,0,RO0123_20231015,Rodman,0,2,2023-10-15
13882,0,0,RO0124_20231015,Rodman,0,2,2023-10-15
13883,0,0,RO0125_20231015,Rodman,0,2,2023-10-15
13884,0,0,RO0126_20231015,Rodman,0,2,2023-10-15
13885,0,0,RO0127_20231015,Rodman,0,2,2023-10-15
13886,0,0,RO0128_20231015,Rodman,0,2,2023-10-15
13887,0,0,RO0129_20231015,Rodman,0,2,2023-10-15
13888,0,0,RO0130_20231015,Rodman,0,2,2023-10-15
13889,0,0,RO0131_20231015,Rodman,0,2,2023-10-15
13890,0,0,RO0132_20231015,Rodman,0,2,2023-10-15
13891,0,0,RO0133_20231015,Rodman,0,2,2023-10-15
13892,0,0,RO0134_20231015,Rodman,0,2,2023-10-15
13893,0,0,RO0135_20231015,Rodman,0,2,2023-10-15
13894,0,0,RO0136_20231015,Rodman,0,2,2023-10-15
13895,0,0,RO0137_20231015,Rodman,0,2,2023-10-15
13896,0,0,RO0138_20231015,Rodman,0,2,2023-10-15
13897,0,0,RO0139_20231015,Rodman,0,2,2023-10-15
13898,0,0,RO0140_20231015,Rodman,0,2,2023-10-15
13899,0,0,RO0141_20231015,Rodman,0,2,2023-10-15
13900,0,0,RO0142_20231015,Rodman,0,2,2023-10-15
13901,0,0,RO0143_20231015,Rodman,0,2,2023-10-15
13902,0,0,RO0144_20231015,Rodman,0,2,2023-10-15
13903,0,0,RO0145_20231015,Rodman,0,2,2023-10-15
13904,0,0,RO0146_20231015,Rodman,0,2,2023-10-15
13905,0,0,RO0147_20231015,Rodman,0,2,2023-10-15
13906,0,0,RO0148_20231015,Rodman,0,2,2023-10-15
13907,0,0,RO0149_20231015,Rodman,0,2,2023-10-15
13908,0,0,RO0150_20231015,Rodman,0,2,2023-10-15
13909,0,0,RO0151_20231015,Rodman,0,2,2023-10-15
13910,0,0,RO0152_20231015,Rodman,0,2,2023-10-15
13911,0,0,RO0153_20231015,Rodman,0,2,2023-10-15
13912,0,0,RO0154_20231015,Rodman,0,2,2023-10-15
13913,0,0,RO0155_20231015,Rodman,0,2,2023-10-15
13914,0,0,RO0156_20231015,Rodman,0,2,2023-10-15
13915,0,0,RO0157_20231015,Rodman,0,2,2023-10-15
13916,0,0,RO0158_20231015,Rodman,0,2,2023-10-15
13917,0,0,RO0159_20231015,Rodman,0,2,2023-10-15
13918,0,0,RO0160_20231015,Rodman,0,2,2023-10-15
13919,0,0,RO0161_20231015,Rodman,0,1,2023-10-15
13920,0,0,RO0162_20231015,Rodman,0,1,2023-10-15
13921,0,1,RO0163_20231015,Rodman,0,1,2023-10-15
13922,0,0,RO0164_20231015,Rodman,0,1,2023-10-15
13923,0,0,RO0165_20231015,Rodman,0,1,2023-10-15
13924,0,1,RO0166_20231015,Rodman,0,1,2023-10-15
13925,0,0,RO0167_20231015,Rodman,0,1,2023-10-15
13926,0,1,RO0168_20231015,Rodman,0,1,2023-10-15
13927,0,1,RO0169_20231015,Rodman,0,1,2023-10-15
13928,0,0,RO0170_20231015,Rodman,0,1,2023-10-15
13929,0,1,RO0171_20231015,Rodman,0,1,2023-10-15
13930,0,1,RO0172_20231015,Rodman,0,1,2023-10-15
13931,0,1,RO0173_20231015,Rodman,0,1,2023-10-15
13932,0,1,RO0174_20231015,Rodman,0,1,2023-10-15
13933,0,1,RO0175_20231015,Rodman,0,1,2023-10-15
13934,0,1,RO0176_20231015,Rodman,0,1,2023-10-15
13935,0,0,RO0177_20231015,Rodman,0,1,2023-10-15
13936,0,0,RO0178_20231015,Rodman,0,1,2023-10-15
13937,0,1,RO0179_20231015,Rodman,0,1,2023-10-15
13938,0,0,RO0180_20231015,Rodman,0,1,2023-10-15
13939,0,1,RO0181_20231015,Rodman,0,1,2023-10-15
13940,0,1,RO0182_20231015,Rodman,0,1,2023-10-15
13941,0,0,RO0183_20231015,Rodman,0,1,2023-10-15
13942,0,0,RO0184_20231015,Rodman,0,1,2023-10-15
13943,0,1,RO0185_20231015,Rodman,0,1,2023-10-15
13944,0,0,RO0186_20231015,Rodman,0,1,2023-10-15
13945,0,0,RO0187_20231015,Rodman,0,1,2023-10-15
13946,0,0,RO0188_20231015,Rodman,0,1,2023-10-15
13947,0,1,RO0189_20231015,Rodman,0,1,2023-10-15
13948,0,1,RO0190_20231015,Rodman,0,1,2023-10-15
13949,0,1,RO0191_20231015,Rodman,0,1,2023-10-15
13950,0,0,RO0192_20231015,Rodman,0,1,2023-10-15
13951,0,0,RO0193_20231015,Rodman,0,1,2023-10-15
13952,0,0,RO0194_20231015,Rodman,0,1,2023-10-15
13953,0,0,RO0195_20231015,Rodman,0,1,2023-10-15
13954,0,1,RO0196_20231015,Rodman,0,1,2023-10-15
13955,0,0,RO0197_20231015,Rodman,0,1,2023-10-15
13956,0,1,RO0198_20231015,Rodman,0,1,2023-10-15
13957,0,1,RO0199_20231015,Rodman,0,1,2023-10-15
13958,0,0,RO0200_20231015,Rodman,0,1,2023-10-15
13959,0,0,RO0201_20231015,Rodman,0,1,2023-10-15
13960,0,0,RO0202_20231015,Rodman,0,1,2023-10-15
13961,0,1,RO0203_20231015,Rodman,0,1,2023-10-15
13962,0,1,RO0204_20231015,Rodman,0,1,2023-10-15
13963,0,1,RO0205_20231015,Rodman,0,1,2023-10-15
13964,0,0,RO0206_20231015,Rodman,0,1,2023-10-15
13965,0,1,RO0207_20231015,Rodman,0,1,2023-10-15
13966,0,1,RO0208_20231015,Rodman,0,1,2023-10-15
13967,0,1,RO0209_20231015,Rodman,0,1,2023-10-15
13968,0,0,RO0210_20231015,Rodman,0,1,2023-10-15
13969,1,1,RO0211_20231015,Rodman,1,3,2023-10-15
13970,1,1,RO0212_20231015,Rodman,1,3,2023-10-15
13971,1,1,RO0213_20231015,Rodman,1,3,2023-10-15
13972,1,1,RO0214_20231015,Rodman,1,3,2023-10-15
13973,1,1,RO0215_20231015,Rodman,1,3,2023-10-15
13974,1,1,RO0216_20231015,Rodman,1,3,2023-10-15
13975,1,1,RO0217_20231015,Rodman,1,3,2023-10-15
13976,1,1,RO0218_20231015,Rodman,1,3,2023-10-15
13977,1,1,RO0219_20231015,Rodman,1,3,2023-10-15
13978,1,1,RO0220_20231015,Rodman,1,3,2023-10-15
13979,1,1,VA0001_20210725,Valsequillo,1,3,2021-07-25
13980,1,1,VA0002_20210725,Valsequillo,1,3,2021-07-25
13981,1,1,VA0003_20210725,Valsequillo,1,3,2021-07-25
13982,1,1,VA0004_20210725,Valsequillo,1,3,2021-07-25
13983,1,1,VA0005_20210725,Valsequillo,1,3,2021-07-25
13984,1,1,VA0006_20210725,Valsequillo,1,3,2021-07-25
13985,1,1,VA0007_20210725,Valsequillo,1,3,2021-07-25
13986,1,1,VA0008_20210725,Valsequillo,1,3,2021-07-25
13987,1,1,VA0009_20210725,Valsequillo,1,3,2021-07-25
13988,1,1,VA0010_20210725,Valsequillo,1,3,2021-07-25
13989,1,1,VA0011_20210725,Valsequillo,1,3,2021-07-25
13990,1,1,VA0012_20210725,Valsequillo,1,3,2021-07-25
13991,1,1,VA0013_20210725,Valsequillo,1,3,2021-07-25
13992,1,1,VA0014_20210725,Valsequillo,1,3,2021-07-25
13993,1,1,VA0015_20210725,Valsequillo,1,3,2021-07-25
13994,1,1,VA0016_20210725,Valsequillo,1,3,2021-07-25
13995,1,1,VA0017_20210725,Valsequillo,1,3,2021-07-25
13996,1,1,VA0018_20210725,Valsequillo,1,3,2021-07-25
13997,1,1,VA0019_20210725,Valsequillo,1,3,2021-07-25
13998,1,1,VA0020_20210725,Valsequillo,1,3,2021-07-25
13999,1,1,VA0021_20210725,Valsequillo,1,3,2021-07-25
14000,1,1,VA0022_20210725,Valsequillo,1,3,2021-07-25
14001,1,1,VA0023_20210725,Valsequillo,1,3,2021-07-25
14002,1,1,VA0024_20210725,Valsequillo,1,3,2021-07-25
14003,1,1,VA0025_20210725,Valsequillo,1,3,2021-07-25
14004,1,1,VA0026_20210725,Valsequillo,1,3,2021-07-25
14005,1,1,VA0027_20210725,Valsequillo,1,3,2021-07-25
14006,1,1,VA0028_20210725,Valsequillo,1,3,2021-07-25
14007,1,1,VA0029_20210725,Valsequillo,1,3,2021-07-25
14008,1,1,VA0030_20210725,Valsequillo,1,3,2021-07-25
14009,1,1,VA0031_20210725,Valsequillo,1,3,2021-07-25
14010,1,1,VA0032_20210725,Valsequillo,1,3,2021-07-25
14011,1,1,VA0033_20210725,Valsequillo,1,3,2021-07-25
14012,1,1,VA0034_20210725,Valsequillo,1,3,2021-07-25
14013,1,1,VA0035_20210725,Valsequillo,1,3,2021-07-25
14014,1,1,VA0036_20210725,Valsequillo,1,3,2021-07-25
14015,1,1,VA0037_20210725,Valsequillo,1,3,2021-07-25
14016,1,1,VA0038_20210725,Valsequillo,1,3,2021-07-25
14017,1,1,VA0039_20210725,Valsequillo,1,3,2021-07-25
14018,1,1,VA0040_20210725,Valsequillo,1,3,2021-07-25
14019,1,1,VA0041_20210725,Valsequillo,1,3,2021-07-25
14020,1,1,VA0042_20210725,Valsequillo,1,3,2021-07-25
14021,1,1,VA0043_20210725,Valsequillo,1,3,2021-07-25
14022,1,1,VA0044_20210725,Valsequillo,1,3,2021-07-25
14023,1,1,VA0045_20210725,Valsequillo,1,3,2021-07-25
14024,1,1,VA0046_20210725,Valsequillo,1,3,2021-07-25
14025,1,1,VA0047_20210725,Valsequillo,1,3,2021-07-25
14026,1,1,VA0048_20210725,Valsequillo,1,3,2021-07-25
14027,1,1,VA0049_20210725,Valsequillo,1,3,2021-07-25
14028,1,1,VA0050_20210725,Valsequillo,1,3,2021-07-25
14029,1,1,VA0051_20210725,Valsequillo,1,3,2021-07-25
14030,1,1,VA0052_20210725,Valsequillo,1,3,2021-07-25
14031,1,1,VA0053_20210725,Valsequillo,1,3,2021-07-25
14032,1,1,VA0054_20210725,Valsequillo,1,3,2021-07-25
14033,1,1,VA0055_20210725,Valsequillo,1,3,2021-07-25
14034,1,1,VA0056_20210725,Valsequillo,1,3,2021-07-25
14035,0,0,VA0057_20210725,Valsequillo,0,2,2021-07-25
14036,0,0,VA0058_20210725,Valsequillo,0,2,2021-07-25
14037,0,0,VA0059_20210725,Valsequillo,0,2,2021-07-25
14038,0,0,VA0060_20210725,Valsequillo,0,2,2021-07-25
14039,0,0,VA0061_20210725,Valsequillo,0,2,2021-07-25
14040,0,0,VA0062_20210725,Valsequillo,0,2,2021-07-25
14041,0,0,VA0063_20210725,Valsequillo,0,2,2021-07-25
14042,0,0,VA0064_20210725,Valsequillo,0,2,2021-07-25
14043,0,0,VA0065_20210725,Valsequillo,0,2,2021-07-25
14044,0,0,VA0066_20210725,Valsequillo,0,2,2021-07-25
14045,0,0,VA0067_20210725,Valsequillo,0,2,2021-07-25
14046,0,0,VA0068_20210725,Valsequillo,0,2,2021-07-25
14047,0,0,VA0069_20210725,Valsequillo,0,2,2021-07-25
14048,0,0,VA0070_20210725,Valsequillo,0,2,2021-07-25
14049,0,0,VA0071_20210725,Valsequillo,0,2,2021-07-25
14050,0,0,VA0072_20210725,Valsequillo,0,2,2021-07-25
14051,0,0,VA0073_20210725,Valsequillo,0,2,2021-07-25
14052,0,0,VA0074_20210725,Valsequillo,0,2,2021-07-25
14053,0,0,VA0075_20210725,Valsequillo,0,2,2021-07-25
14054,0,0,VA0076_20210725,Valsequillo,0,2,2021-07-25
14055,0,0,VA0077_20210725,Valsequillo,0,2,2021-07-25
14056,0,0,VA0078_20210725,Valsequillo,0,2,2021-07-25
14057,0,0,VA0079_20210725,Valsequillo,0,2,2021-07-25
14058,0,0,VA0080_20210725,Valsequillo,0,2,2021-07-25
14059,0,0,VA0081_20210725,Valsequillo,0,2,2021-07-25
14060,0,0,VA0082_20210725,Valsequillo,0,2,2021-07-25
14061,0,0,VA0083_20210725,Valsequillo,0,2,2021-07-25
14062,0,0,VA0084_20210725,Valsequillo,0,2,2021-07-25
14063,0,0,VA0085_20210725,Valsequillo,0,2,2021-07-25
14064,0,0,VA0086_20210725,Valsequillo,0,2,2021-07-25
14065,0,0,VA0087_20210725,Valsequillo,0,1,2021-07-25
14066,0,0,VA0088_20210725,Valsequillo,0,1,2021-07-25
14067,0,0,VA0089_20210725,Valsequillo,0,1,2021-07-25
14068,0,0,VA0090_20210725,Valsequillo,0,1,2021-07-25
14069,0,0,VA0091_20210725,Valsequillo,0,1,2021-07-25
14070,0,0,VA0092_20210725,Valsequillo,0,1,2021-07-25
14071,0,0,VA0093_20210725,Valsequillo,0,1,2021-07-25
14072,0,0,VA0094_20210725,Valsequillo,0,1,2021-07-25
14073,0,0,VA0095_20210725,Valsequillo,0,1,2021-07-25
14074,0,0,VA0096_20210725,Valsequillo,0,1,2021-07-25
14075,0,0,VA0097_20210725,Valsequillo,0,1,2021-07-25
14076,0,0,VA0098_20210725,Valsequillo,0,1,2021-07-25
14077,0,0,VA0099_20210725,Valsequillo,0,1,2021-07-25
14078,0,0,VA0100_20210725,Valsequillo,0,1,2021-07-25
14079,0,0,VA0101_20210725,Valsequillo,0,1,2021-07-25
14080,0,0,VA0102_20210725,Valsequillo,0,1,2021-07-25
14081,0,0,VA0103_20210725,Valsequillo,0,1,2021-07-25
14082,0,0,VA0104_20210725,Valsequillo,0,1,2021-07-25
14083,0,0,VA0105_20210725,Valsequillo,0,1,2021-07-25
14084,0,1,VA0106_20210725,Valsequillo,0,1,2021-07-25
14085,0,0,VA0107_20210725,Valsequillo,0,1,2021-07-25
14086,0,0,VA0108_20210725,Valsequillo,0,1,2021-07-25
14087,0,0,VA0109_20210725,Valsequillo,0,1,2021-07-25
14088,0,0,VA0110_20210725,Valsequillo,0,1,2021-07-25
14089,0,0,VA0111_20210725,Valsequillo,0,1,2021-07-25
14090,0,0,VA0112_20210725,Valsequillo,0,1,2021-07-25
14091,0,0,VA0113_20210725,Valsequillo,0,1,2021-07-25
14092,0,0,VA0114_20210725,Valsequillo,0,1,2021-07-25
14093,0,0,VA0115_20210725,Valsequillo,0,1,2021-07-25
14094,0,0,VA0116_20210725,Valsequillo,0,1,2021-07-25
14095,1,1,VA0117_20210725,Valsequillo,1,3,2021-07-25
14096,1,1,VA0118_20210725,Valsequillo,1,3,2021-07-25
14097,1,1,VA0119_20210725,Valsequillo,1,3,2021-07-25
14098,1,1,VA0120_20210725,Valsequillo,1,3,2021-07-25
14099,0,0,VA0001_20211107,Valsequillo,0,2,2021-11-07
14100,0,0,VA0002_20211107,Valsequillo,0,2,2021-11-07
14101,0,0,VA0003_20211107,Valsequillo,0,2,2021-11-07
14102,0,0,VA0004_20211107,Valsequillo,0,2,2021-11-07
14103,0,0,VA0005_20211107,Valsequillo,0,2,2021-11-07
14104,0,0,VA0006_20211107,Valsequillo,0,2,2021-11-07
14105,0,0,VA0007_20211107,Valsequillo,0,2,2021-11-07
14106,0,0,VA0008_20211107,Valsequillo,0,2,2021-11-07
14107,0,0,VA0009_20211107,Valsequillo,0,2,2021-11-07
14108,0,0,VA0010_20211107,Valsequillo,0,2,2021-11-07
14109,0,0,VA0011_20211107,Valsequillo,0,2,2021-11-07
14110,0,0,VA0012_20211107,Valsequillo,0,2,2021-11-07
14111,0,0,VA0013_20211107,Valsequillo,0,2,2021-11-07
14112,0,0,VA0014_20211107,Valsequillo,0,2,2021-11-07
14113,0,0,VA0015_20211107,Valsequillo,0,2,2021-11-07
14114,0,0,VA0016_20211107,Valsequillo,0,2,2021-11-07
14115,0,0,VA0017_20211107,Valsequillo,0,2,2021-11-07
14116,0,0,VA0018_20211107,Valsequillo,0,2,2021-11-07
14117,0,0,VA0019_20211107,Valsequillo,0,2,2021-11-07
14118,0,0,VA0020_20211107,Valsequillo,0,2,2021-11-07
14119,0,0,VA0021_20211107,Valsequillo,0,2,2021-11-07
14120,0,0,VA0022_20211107,Valsequillo,0,2,2021-11-07
14121,0,0,VA0023_20211107,Valsequillo,0,2,2021-11-07
14122,0,0,VA0024_20211107,Valsequillo,0,2,2021-11-07
14123,0,0,VA0025_20211107,Valsequillo,0,2,2021-11-07
14124,0,0,VA0026_20211107,Valsequillo,0,2,2021-11-07
14125,0,0,VA0027_20211107,Valsequillo,0,2,2021-11-07
14126,0,0,VA0028_20211107,Valsequillo,0,2,2021-11-07
14127,0,0,VA0029_20211107,Valsequillo,0,2,2021-11-07
14128,0,0,VA0030_20211107,Valsequillo,0,2,2021-11-07
14129,0,0,VA0031_20211107,Valsequillo,0,2,2021-11-07
14130,0,0,VA0032_20211107,Valsequillo,0,2,2021-11-07
14131,0,0,VA0033_20211107,Valsequillo,0,2,2021-11-07
14132,0,0,VA0034_20211107,Valsequillo,0,2,2021-11-07
14133,0,0,VA0035_20211107,Valsequillo,0,2,2021-11-07
14134,0,0,VA0036_20211107,Valsequillo,0,2,2021-11-07
14135,0,0,VA0037_20211107,Valsequillo,0,2,2021-11-07
14136,0,0,VA0038_20211107,Valsequillo,0,2,2021-11-07
14137,0,0,VA0039_20211107,Valsequillo,0,2,2021-11-07
14138,0,0,VA0040_20211107,Valsequillo,0,2,2021-11-07
14139,0,0,VA0041_20211107,Valsequillo,0,2,2021-11-07
14140,0,0,VA0042_20211107,Valsequillo,0,2,2021-11-07
14141,0,0,VA0043_20211107,Valsequillo,0,2,2021-11-07
14142,0,0,VA0044_20211107,Valsequillo,0,2,2021-11-07
14143,0,0,VA0045_20211107,Valsequillo,0,2,2021-11-07
14144,0,0,VA0046_20211107,Valsequillo,0,2,2021-11-07
14145,0,0,VA0047_20211107,Valsequillo,0,2,2021-11-07
14146,0,0,VA0048_20211107,Valsequillo,0,2,2021-11-07
14147,0,0,VA0049_20211107,Valsequillo,0,2,2021-11-07
14148,0,0,VA0050_20211107,Valsequillo,0,2,2021-11-07
14149,1,1,VA0051_20211107,Valsequillo,1,3,2021-11-07
14150,1,1,VA0052_20211107,Valsequillo,1,3,2021-11-07
14151,1,1,VA0053_20211107,Valsequillo,1,3,2021-11-07
14152,1,1,VA0054_20211107,Valsequillo,1,3,2021-11-07
14153,1,1,VA0055_20211107,Valsequillo,1,3,2021-11-07
14154,1,1,VA0056_20211107,Valsequillo,1,3,2021-11-07
14155,1,1,VA0057_20211107,Valsequillo,1,3,2021-11-07
14156,1,1,VA0058_20211107,Valsequillo,1,3,2021-11-07
14157,1,1,VA0059_20211107,Valsequillo,1,3,2021-11-07
14158,1,1,VA0060_20211107,Valsequillo,1,3,2021-11-07
14159,1,1,VA0061_20211107,Valsequillo,1,3,2021-11-07
14160,1,1,VA0062_20211107,Valsequillo,1,3,2021-11-07
14161,1,1,VA0063_20211107,Valsequillo,1,3,2021-11-07
14162,1,1,VA0064_20211107,Valsequillo,1,3,2021-11-07
14163,1,1,VA0065_20211107,Valsequillo,1,3,2021-11-07
14164,1,1,VA0066_20211107,Valsequillo,1,3,2021-11-07
14165,1,1,VA0067_20211107,Valsequillo,1,3,2021-11-07
14166,1,1,VA0068_20211107,Valsequillo,1,3,2021-11-07
14167,1,1,VA0069_20211107,Valsequillo,1,3,2021-11-07
14168,1,1,VA0070_20211107,Valsequillo,1,3,2021-11-07
14169,1,1,VA0071_20211107,Valsequillo,1,3,2021-11-07
14170,1,1,VA0072_20211107,Valsequillo,1,3,2021-11-07
14171,1,1,VA0073_20211107,Valsequillo,1,3,2021-11-07
14172,1,1,VA0074_20211107,Valsequillo,1,3,2021-11-07
14173,1,1,VA0075_20211107,Valsequillo,1,3,2021-11-07
14174,1,1,VA0076_20211107,Valsequillo,1,3,2021-11-07
14175,1,1,VA0077_20211107,Valsequillo,1,3,2021-11-07
14176,1,1,VA0078_20211107,Valsequillo,1,3,2021-11-07
14177,1,1,VA0079_20211107,Valsequillo,1,3,2021-11-07
14178,1,1,VA0080_20211107,Valsequillo,1,3,2021-11-07
14179,1,1,VA0081_20211107,Valsequillo,1,3,2021-11-07
14180,1,1,VA0082_20211107,Valsequillo,1,3,2021-11-07
14181,1,1,VA0083_20211107,Valsequillo,1,3,2021-11-07
14182,1,1,VA0084_20211107,Valsequillo,1,3,2021-11-07
14183,1,1,VA0085_20211107,Valsequillo,1,3,2021-11-07
14184,1,1,VA0086_20211107,Valsequillo,1,3,2021-11-07
14185,1,1,VA0087_20211107,Valsequillo,1,3,2021-11-07
14186,1,1,VA0088_20211107,Valsequillo,1,3,2021-11-07
14187,1,1,VA0089_20211107,Valsequillo,1,3,2021-11-07
14188,1,1,VA0090_20211107,Valsequillo,1,3,2021-11-07
14189,1,1,VA0091_20211107,Valsequillo,1,3,2021-11-07
14190,1,1,VA0092_20211107,Valsequillo,1,3,2021-11-07
14191,1,1,VA0093_20211107,Valsequillo,1,3,2021-11-07
14192,1,1,VA0094_20211107,Valsequillo,1,3,2021-11-07
14193,1,1,VA0095_20211107,Valsequillo,1,3,2021-11-07
14194,1,1,VA0096_20211107,Valsequillo,1,3,2021-11-07
14195,1,1,VA0097_20211107,Valsequillo,1,3,2021-11-07
14196,1,1,VA0098_20211107,Valsequillo,1,3,2021-11-07
14197,1,1,VA0099_20211107,Valsequillo,1,3,2021-11-07
14198,1,1,VA0100_20211107,Valsequillo,1,3,2021-11-07
14199,1,1,VA0101_20211107,Valsequillo,1,3,2021-11-07
14200,1,1,VA0102_20211107,Valsequillo,1,3,2021-11-07
14201,1,1,VA0103_20211107,Valsequillo,1,3,2021-11-07
14202,1,1,VA0104_20211107,Valsequillo,1,3,2021-11-07
14203,1,1,VA0105_20211107,Valsequillo,1,3,2021-11-07
14204,1,1,VA0106_20211107,Valsequillo,1,3,2021-11-07
14205,1,1,VA0107_20211107,Valsequillo,1,3,2021-11-07
14206,1,1,VA0108_20211107,Valsequillo,1,3,2021-11-07
14207,1,1,VA0109_20211107,Valsequillo,1,3,2021-11-07
14208,1,1,VA0110_20211107,Valsequillo,1,3,2021-11-07
14209,1,1,VA0111_20211107,Valsequillo,1,3,2021-11-07
14210,1,1,VA0112_20211107,Valsequillo,1,3,2021-11-07
14211,1,1,VA0113_20211107,Valsequillo,1,3,2021-11-07
14212,1,1,VA0114_20211107,Valsequillo,1,3,2021-11-07
14213,1,1,VA0115_20211107,Valsequillo,1,3,2021-11-07
14214,1,1,VA0116_20211107,Valsequillo,1,3,2021-11-07
14215,1,1,VA0117_20211107,Valsequillo,1,3,2021-11-07
14216,1,1,VA0118_20211107,Valsequillo,1,3,2021-11-07
14217,1,1,VA0119_20211107,Valsequillo,1,3,2021-11-07
14218,1,1,VA0120_20211107,Valsequillo,1,3,2021-11-07
14219,1,1,VA0121_20211107,Valsequillo,1,3,2021-11-07
14220,1,1,VA0122_20211107,Valsequillo,1,3,2021-11-07
14221,1,1,VA0123_20211107,Valsequillo,1,3,2021-11-07
14222,1,1,VA0124_20211107,Valsequillo,1,3,2021-11-07
14223,1,1,VA0125_20211107,Valsequillo,1,3,2021-11-07
14224,1,1,VA0126_20211107,Valsequillo,1,3,2021-11-07
14225,1,1,VA0127_20211107,Valsequillo,1,3,2021-11-07
14226,1,1,VA0128_20211107,Valsequillo,1,3,2021-11-07
14227,1,1,VA0129_20211107,Valsequillo,1,3,2021-11-07
14228,1,1,VA0130_20211107,Valsequillo,1,3,2021-11-07
14229,1,1,VA0131_20211107,Valsequillo,1,3,2021-11-07
14230,1,1,VA0132_20211107,Valsequillo,1,3,2021-11-07
14231,1,1,VA0133_20211107,Valsequillo,1,3,2021-11-07
14232,1,1,VA0134_20211107,Valsequillo,1,3,2021-11-07
14233,1,1,VA0135_20211107,Valsequillo,1,3,2021-11-07
14234,1,1,VA0136_20211107,Valsequillo,1,3,2021-11-07
14235,1,1,VA0137_20211107,Valsequillo,1,3,2021-11-07
14236,1,1,VA0138_20211107,Valsequillo,1,3,2021-11-07
14237,1,1,VA0139_20211107,Valsequillo,1,3,2021-11-07
14238,1,1,VA0140_20211107,Valsequillo,1,3,2021-11-07
14239,1,1,VA0141_20211107,Valsequillo,1,3,2021-11-07
14240,1,1,VA0142_20211107,Valsequillo,1,3,2021-11-07
14241,1,1,VA0143_20211107,Valsequillo,1,3,2021-11-07
14242,1,1,VA0144_20211107,Valsequillo,1,3,2021-11-07
14243,1,1,VA0145_20211107,Valsequillo,1,3,2021-11-07
14244,1,1,VA0146_20211107,Valsequillo,1,3,2021-11-07
14245,1,1,VA0147_20211107,Valsequillo,1,3,2021-11-07
14246,1,1,VA0148_20211107,Valsequillo,1,3,2021-11-07
14247,1,1,VA0149_20211107,Valsequillo,1,3,2021-11-07
14248,1,1,VA0150_20211107,Valsequillo,1,3,2021-11-07
14249,0,0,VA0151_20211107,Valsequillo,0,1,2021-11-07
14250,0,0,VA0152_20211107,Valsequillo,0,1,2021-11-07
14251,0,0,VA0153_20211107,Valsequillo,0,1,2021-11-07
14252,0,0,VA0154_20211107,Valsequillo,0,1,2021-11-07
14253,0,0,VA0155_20211107,Valsequillo,0,1,2021-11-07
14254,0,0,VA0156_20211107,Valsequillo,0,1,2021-11-07
14255,0,0,VA0157_20211107,Valsequillo,0,1,2021-11-07
14256,0,0,VA0158_20211107,Valsequillo,0,1,2021-11-07
14257,0,0,VA0159_20211107,Valsequillo,0,1,2021-11-07
14258,0,0,VA0160_20211107,Valsequillo,0,1,2021-11-07
14259,0,0,VA0161_20211107,Valsequillo,0,1,2021-11-07
14260,0,0,VA0162_20211107,Valsequillo,0,1,2021-11-07
14261,0,0,VA0163_20211107,Valsequillo,0,1,2021-11-07
14262,0,0,VA0164_20211107,Valsequillo,0,1,2021-11-07
14263,0,0,VA0165_20211107,Valsequillo,0,1,2021-11-07
14264,0,0,VA0166_20211107,Valsequillo,0,1,2021-11-07
14265,0,0,VA0167_20211107,Valsequillo,0,1,2021-11-07
14266,0,0,VA0168_20211107,Valsequillo,0,1,2021-11-07
14267,0,0,VA0169_20211107,Valsequillo,0,1,2021-11-07
14268,0,0,VA0170_20211107,Valsequillo,0,1,2021-11-07
14269,0,0,VA0171_20211107,Valsequillo,0,1,2021-11-07
14270,0,0,VA0172_20211107,Valsequillo,0,1,2021-11-07
14271,0,0,VA0173_20211107,Valsequillo,0,1,2021-11-07
14272,0,0,VA0174_20211107,Valsequillo,0,1,2021-11-07
14273,0,0,VA0175_20211107,Valsequillo,0,1,2021-11-07
14274,0,0,VA0176_20211107,Valsequillo,0,1,2021-11-07
14275,0,0,VA0177_20211107,Valsequillo,0,1,2021-11-07
14276,0,0,VA0178_20211107,Valsequillo,0,1,2021-11-07
14277,0,0,VA0179_20211107,Valsequillo,0,1,2021-11-07
14278,0,0,VA0180_20211107,Valsequillo,0,1,2021-11-07
14279,0,0,VA0181_20211107,Valsequillo,0,1,2021-11-07
14280,0,0,VA0182_20211107,Valsequillo,0,1,2021-11-07
14281,0,0,VA0183_20211107,Valsequillo,0,1,2021-11-07
14282,0,0,VA0184_20211107,Valsequillo,0,1,2021-11-07
14283,0,0,VA0185_20211107,Valsequillo,0,1,2021-11-07
14284,0,0,VA0186_20211107,Valsequillo,0,1,2021-11-07
14285,0,0,VA0187_20211107,Valsequillo,0,1,2021-11-07
14286,0,0,VA0188_20211107,Valsequillo,0,1,2021-11-07
14287,0,0,VA0189_20211107,Valsequillo,0,1,2021-11-07
14288,0,0,VA0190_20211107,Valsequillo,0,1,2021-11-07
14289,0,0,VA0191_20211107,Valsequillo,0,1,2021-11-07
14290,0,0,VA0192_20211107,Valsequillo,0,1,2021-11-07
14291,0,0,VA0193_20211107,Valsequillo,0,1,2021-11-07
14292,0,0,VA0194_20211107,Valsequillo,0,1,2021-11-07
14293,0,0,VA0195_20211107,Valsequillo,0,1,2021-11-07
14294,0,0,VA0196_20211107,Valsequillo,0,1,2021-11-07
14295,0,0,VA0197_20211107,Valsequillo,0,1,2021-11-07
14296,0,0,VA0198_20211107,Valsequillo,0,1,2021-11-07
14297,0,0,VA0199_20211107,Valsequillo,0,1,2021-11-07
14298,0,0,VA0200_20211107,Valsequillo,0,1,2021-11-07
14299,1,1,VA0001_20210426,Valsequillo,1,3,2021-04-26
14300,1,1,VA0002_20210426,Valsequillo,1,3,2021-04-26
14301,1,1,VA0003_20210426,Valsequillo,1,3,2021-04-26
14302,1,1,VA0004_20210426,Valsequillo,1,3,2021-04-26
14303,1,1,VA0005_20210426,Valsequillo,1,3,2021-04-26
14304,1,1,VA0006_20210426,Valsequillo,1,3,2021-04-26
14305,1,1,VA0007_20210426,Valsequillo,1,3,2021-04-26
14306,1,1,VA0008_20210426,Valsequillo,1,3,2021-04-26
14307,1,1,VA0009_20210426,Valsequillo,1,3,2021-04-26
14308,1,1,VA0010_20210426,Valsequillo,1,3,2021-04-26
14309,1,1,VA0011_20210426,Valsequillo,1,3,2021-04-26
14310,1,1,VA0012_20210426,Valsequillo,1,3,2021-04-26
14311,1,1,VA0013_20210426,Valsequillo,1,3,2021-04-26
14312,1,1,VA0014_20210426,Valsequillo,1,3,2021-04-26
14313,1,1,VA0015_20210426,Valsequillo,1,3,2021-04-26
14314,1,1,VA0016_20210426,Valsequillo,1,3,2021-04-26
14315,1,1,VA0017_20210426,Valsequillo,1,3,2021-04-26
14316,1,1,VA0018_20210426,Valsequillo,1,3,2021-04-26
14317,1,1,VA0019_20210426,Valsequillo,1,3,2021-04-26
14318,1,1,VA0020_20210426,Valsequillo,1,3,2021-04-26
14319,1,1,VA0021_20210426,Valsequillo,1,3,2021-04-26
14320,1,1,VA0022_20210426,Valsequillo,1,3,2021-04-26
14321,1,1,VA0023_20210426,Valsequillo,1,3,2021-04-26
14322,1,1,VA0024_20210426,Valsequillo,1,3,2021-04-26
14323,1,1,VA0025_20210426,Valsequillo,1,3,2021-04-26
14324,1,1,VA0026_20210426,Valsequillo,1,3,2021-04-26
14325,1,1,VA0027_20210426,Valsequillo,1,3,2021-04-26
14326,1,1,VA0028_20210426,Valsequillo,1,3,2021-04-26
14327,1,1,VA0029_20210426,Valsequillo,1,3,2021-04-26
14328,1,1,VA0030_20210426,Valsequillo,1,3,2021-04-26
14329,1,1,VA0031_20210426,Valsequillo,1,3,2021-04-26
14330,1,1,VA0032_20210426,Valsequillo,1,3,2021-04-26
14331,1,1,VA0033_20210426,Valsequillo,1,3,2021-04-26
14332,1,1,VA0034_20210426,Valsequillo,1,3,2021-04-26
14333,1,1,VA0035_20210426,Valsequillo,1,3,2021-04-26
14334,1,1,VA0036_20210426,Valsequillo,1,3,2021-04-26
14335,1,1,VA0037_20210426,Valsequillo,1,3,2021-04-26
14336,1,1,VA0038_20210426,Valsequillo,1,3,2021-04-26
14337,1,1,VA0039_20210426,Valsequillo,1,3,2021-04-26
14338,1,1,VA0040_20210426,Valsequillo,1,3,2021-04-26
14339,1,1,VA0041_20210426,Valsequillo,1,3,2021-04-26
14340,1,1,VA0042_20210426,Valsequillo,1,3,2021-04-26
14341,1,1,VA0043_20210426,Valsequillo,1,3,2021-04-26
14342,1,1,VA0044_20210426,Valsequillo,1,3,2021-04-26
14343,1,1,VA0045_20210426,Valsequillo,1,3,2021-04-26
14344,1,1,VA0046_20210426,Valsequillo,1,3,2021-04-26
14345,1,1,VA0047_20210426,Valsequillo,1,3,2021-04-26
14346,1,1,VA0048_20210426,Valsequillo,1,3,2021-04-26
14347,1,1,VA0049_20210426,Valsequillo,1,3,2021-04-26
14348,1,1,VA0050_20210426,Valsequillo,1,3,2021-04-26
14349,1,1,VA0051_20210426,Valsequillo,1,3,2021-04-26
14350,1,1,VA0052_20210426,Valsequillo,1,3,2021-04-26
14351,1,1,VA0053_20210426,Valsequillo,1,3,2021-04-26
14352,1,0,VA0054_20210426,Valsequillo,1,3,2021-04-26
14353,1,1,VA0055_20210426,Valsequillo,1,3,2021-04-26
14354,1,1,VA0056_20210426,Valsequillo,1,3,2021-04-26
14355,1,1,VA0057_20210426,Valsequillo,1,3,2021-04-26
14356,1,1,VA0058_20210426,Valsequillo,1,3,2021-04-26
14357,1,1,VA0059_20210426,Valsequillo,1,3,2021-04-26
14358,1,1,VA0060_20210426,Valsequillo,1,3,2021-04-26
14359,1,1,VA0061_20210426,Valsequillo,1,3,2021-04-26
14360,1,1,VA0062_20210426,Valsequillo,1,3,2021-04-26
14361,1,0,VA0063_20210426,Valsequillo,1,3,2021-04-26
14362,1,1,VA0064_20210426,Valsequillo,1,3,2021-04-26
14363,1,0,VA0065_20210426,Valsequillo,1,3,2021-04-26
14364,1,1,VA0066_20210426,Valsequillo,1,3,2021-04-26
14365,1,1,VA0067_20210426,Valsequillo,1,3,2021-04-26
14366,1,1,VA0068_20210426,Valsequillo,1,3,2021-04-26
14367,1,1,VA0069_20210426,Valsequillo,1,3,2021-04-26
14368,1,1,VA0070_20210426,Valsequillo,1,3,2021-04-26
14369,1,0,VA0071_20210426,Valsequillo,1,3,2021-04-26
14370,1,1,VA0072_20210426,Valsequillo,1,3,2021-04-26
14371,1,1,VA0073_20210426,Valsequillo,1,3,2021-04-26
14372,1,0,VA0074_20210426,Valsequillo,1,3,2021-04-26
14373,1,1,VA0075_20210426,Valsequillo,1,3,2021-04-26
14374,1,1,VA0076_20210426,Valsequillo,1,3,2021-04-26
14375,1,0,VA0077_20210426,Valsequillo,1,3,2021-04-26
14376,1,1,VA0078_20210426,Valsequillo,1,3,2021-04-26
14377,1,0,VA0079_20210426,Valsequillo,1,3,2021-04-26
14378,1,0,VA0080_20210426,Valsequillo,1,3,2021-04-26
14379,1,1,VA0081_20210426,Valsequillo,1,3,2021-04-26
14380,1,1,VA0082_20210426,Valsequillo,1,3,2021-04-26
14381,1,1,VA0083_20210426,Valsequillo,1,3,2021-04-26
14382,1,1,VA0084_20210426,Valsequillo,1,3,2021-04-26
14383,1,0,VA0085_20210426,Valsequillo,1,3,2021-04-26
14384,1,1,VA0086_20210426,Valsequillo,1,3,2021-04-26
14385,1,1,VA0087_20210426,Valsequillo,1,3,2021-04-26
14386,1,1,VA0088_20210426,Valsequillo,1,3,2021-04-26
14387,1,0,VA0089_20210426,Valsequillo,1,3,2021-04-26
14388,1,1,VA0090_20210426,Valsequillo,1,3,2021-04-26
14389,1,1,VA0091_20210426,Valsequillo,1,3,2021-04-26
14390,1,1,VA0092_20210426,Valsequillo,1,3,2021-04-26
14391,1,1,VA0093_20210426,Valsequillo,1,3,2021-04-26
14392,1,1,VA0094_20210426,Valsequillo,1,3,2021-04-26
14393,1,1,VA0095_20210426,Valsequillo,1,3,2021-04-26
14394,1,1,VA0096_20210426,Valsequillo,1,3,2021-04-26
14395,1,1,VA0097_20210426,Valsequillo,1,3,2021-04-26
14396,1,1,VA0098_20210426,Valsequillo,1,3,2021-04-26
14397,1,1,VA0099_20210426,Valsequillo,1,3,2021-04-26
14398,1,1,VA0100_20210426,Valsequillo,1,3,2021-04-26
14399,1,1,VA0101_20210426,Valsequillo,1,3,2021-04-26
14400,1,1,VA0102_20210426,Valsequillo,1,3,2021-04-26
14401,1,1,VA0103_20210426,Valsequillo,1,3,2021-04-26
14402,1,1,VA0104_20210426,Valsequillo,1,3,2021-04-26
14403,1,1,VA0105_20210426,Valsequillo,1,3,2021-04-26
14404,1,1,VA0106_20210426,Valsequillo,1,3,2021-04-26
14405,1,1,VA0107_20210426,Valsequillo,1,3,2021-04-26
14406,1,1,VA0108_20210426,Valsequillo,1,3,2021-04-26
14407,1,1,VA0109_20210426,Valsequillo,1,3,2021-04-26
14408,1,0,VA0110_20210426,Valsequillo,1,3,2021-04-26
14409,1,0,VA0111_20210426,Valsequillo,1,3,2021-04-26
14410,1,1,VA0112_20210426,Valsequillo,1,3,2021-04-26
14411,1,1,VA0113_20210426,Valsequillo,1,3,2021-04-26
14412,1,1,VA0114_20210426,Valsequillo,1,3,2021-04-26
14413,1,1,VA0115_20210426,Valsequillo,1,3,2021-04-26
14414,1,1,VA0116_20210426,Valsequillo,1,3,2021-04-26
14415,1,1,VA0117_20210426,Valsequillo,1,3,2021-04-26
14416,1,1,VA0118_20210426,Valsequillo,1,3,2021-04-26
14417,1,1,VA0119_20210426,Valsequillo,1,3,2021-04-26
14418,1,1,VA0120_20210426,Valsequillo,1,3,2021-04-26
14419,1,1,VA0121_20210426,Valsequillo,1,3,2021-04-26
14420,1,1,VA0122_20210426,Valsequillo,1,3,2021-04-26
14421,1,1,VA0123_20210426,Valsequillo,1,3,2021-04-26
14422,1,1,VA0124_20210426,Valsequillo,1,3,2021-04-26
14423,1,1,VA0125_20210426,Valsequillo,1,3,2021-04-26
14424,1,1,VA0126_20210426,Valsequillo,1,3,2021-04-26
14425,1,1,VA0127_20210426,Valsequillo,1,3,2021-04-26
14426,1,1,VA0128_20210426,Valsequillo,1,3,2021-04-26
14427,1,1,VA0129_20210426,Valsequillo,1,3,2021-04-26
14428,1,1,VA0130_20210426,Valsequillo,1,3,2021-04-26
14429,1,1,VA0131_20210426,Valsequillo,1,3,2021-04-26
14430,1,1,VA0132_20210426,Valsequillo,1,3,2021-04-26
14431,1,1,VA0133_20210426,Valsequillo,1,3,2021-04-26
14432,1,1,VA0134_20210426,Valsequillo,1,3,2021-04-26
14433,1,1,VA0135_20210426,Valsequillo,1,3,2021-04-26
14434,1,1,VA0136_20210426,Valsequillo,1,3,2021-04-26
14435,1,1,VA0137_20210426,Valsequillo,1,3,2021-04-26
14436,1,1,VA0138_20210426,Valsequillo,1,3,2021-04-26
14437,1,1,VA0139_20210426,Valsequillo,1,3,2021-04-26
14438,1,1,VA0140_20210426,Valsequillo,1,3,2021-04-26
14439,1,1,VA0141_20210426,Valsequillo,1,3,2021-04-26
14440,1,1,VA0142_20210426,Valsequillo,1,3,2021-04-26
14441,1,1,VA0143_20210426,Valsequillo,1,3,2021-04-26
14442,1,1,VA0144_20210426,Valsequillo,1,3,2021-04-26
14443,1,1,VA0145_20210426,Valsequillo,1,3,2021-04-26
14444,1,1,VA0146_20210426,Valsequillo,1,3,2021-04-26
14445,1,0,VA0147_20210426,Valsequillo,1,3,2021-04-26
14446,1,1,VA0148_20210426,Valsequillo,1,3,2021-04-26
14447,1,0,VA0149_20210426,Valsequillo,1,3,2021-04-26
14448,1,0,VA0150_20210426,Valsequillo,1,3,2021-04-26
14449,0,0,VA0151_20210426,Valsequillo,0,1,2021-04-26
14450,0,0,VA0152_20210426,Valsequillo,0,1,2021-04-26
14451,0,0,VA0153_20210426,Valsequillo,0,1,2021-04-26
14452,0,0,VA0154_20210426,Valsequillo,0,1,2021-04-26
14453,0,0,VA0155_20210426,Valsequillo,0,1,2021-04-26
14454,0,0,VA0156_20210426,Valsequillo,0,1,2021-04-26
14455,0,0,VA0157_20210426,Valsequillo,0,1,2021-04-26
14456,0,0,VA0158_20210426,Valsequillo,0,1,2021-04-26
14457,0,0,VA0159_20210426,Valsequillo,0,1,2021-04-26
14458,0,0,VA0160_20210426,Valsequillo,0,1,2021-04-26
14459,0,0,VA0161_20210426,Valsequillo,0,1,2021-04-26
14460,0,0,VA0162_20210426,Valsequillo,0,1,2021-04-26
14461,0,0,VA0163_20210426,Valsequillo,0,1,2021-04-26
14462,0,0,VA0164_20210426,Valsequillo,0,1,2021-04-26
14463,0,0,VA0165_20210426,Valsequillo,0,1,2021-04-26
14464,0,0,VA0166_20210426,Valsequillo,0,1,2021-04-26
14465,0,0,VA0167_20210426,Valsequillo,0,1,2021-04-26
14466,0,0,VA0168_20210426,Valsequillo,0,1,2021-04-26
14467,0,0,VA0169_20210426,Valsequillo,0,1,2021-04-26
14468,0,0,VA0170_20210426,Valsequillo,0,1,2021-04-26
14469,0,0,VA0171_20210426,Valsequillo,0,1,2021-04-26
14470,0,0,VA0172_20210426,Valsequillo,0,1,2021-04-26
14471,0,0,VA0173_20210426,Valsequillo,0,1,2021-04-26
14472,0,0,VA0174_20210426,Valsequillo,0,1,2021-04-26
14473,0,0,VA0175_20210426,Valsequillo,0,1,2021-04-26
14474,0,0,VA0176_20210426,Valsequillo,0,1,2021-04-26
14475,0,0,VA0177_20210426,Valsequillo,0,1,2021-04-26
14476,0,0,VA0178_20210426,Valsequillo,0,1,2021-04-26
14477,0,0,VA0179_20210426,Valsequillo,0,1,2021-04-26
14478,0,0,VA0180_20210426,Valsequillo,0,1,2021-04-26
14479,0,0,VA0181_20210426,Valsequillo,0,1,2021-04-26
14480,0,0,VA0182_20210426,Valsequillo,0,1,2021-04-26
14481,0,0,VA0183_20210426,Valsequillo,0,1,2021-04-26
14482,0,0,VA0184_20210426,Valsequillo,0,1,2021-04-26
14483,0,0,VA0185_20210426,Valsequillo,0,1,2021-04-26
14484,0,0,VA0186_20210426,Valsequillo,0,1,2021-04-26
14485,0,0,VA0187_20210426,Valsequillo,0,1,2021-04-26
14486,0,0,VA0188_20210426,Valsequillo,0,1,2021-04-26
14487,0,0,VA0189_20210426,Valsequillo,0,1,2021-04-26
14488,0,0,VA0190_20210426,Valsequillo,0,1,2021-04-26
14489,0,0,VA0191_20210426,Valsequillo,0,1,2021-04-26
14490,0,0,VA0192_20210426,Valsequillo,0,1,2021-04-26
14491,0,0,VA0193_20210426,Valsequillo,0,1,2021-04-26
14492,0,0,VA0194_20210426,Valsequillo,0,1,2021-04-26
14493,0,0,VA0195_20210426,Valsequillo,0,1,2021-04-26
14494,0,0,VA0196_20210426,Valsequillo,0,1,2021-04-26
14495,0,0,VA0197_20210426,Valsequillo,0,1,2021-04-26
14496,0,0,VA0198_20210426,Valsequillo,0,1,2021-04-26
14497,0,0,VA0199_20210426,Valsequillo,0,1,2021-04-26
14498,0,0,VA0200_20210426,Valsequillo,0,1,2021-04-26
14499,0,0,VA0201_20210426,Valsequillo,0,1,2021-04-26
14500,0,0,VA0202_20210426,Valsequillo,0,1,2021-04-26
14501,0,0,VA0203_20210426,Valsequillo,0,1,2021-04-26
14502,0,0,VA0204_20210426,Valsequillo,0,1,2021-04-26
14503,0,0,VA0205_20210426,Valsequillo,0,1,2021-04-26
14504,0,0,VA0206_20210426,Valsequillo,0,1,2021-04-26
14505,0,0,VA0207_20210426,Valsequillo,0,1,2021-04-26
14506,0,0,VA0208_20210426,Valsequillo,0,1,2021-04-26
14507,0,0,VA0209_20210426,Valsequillo,0,1,2021-04-26
14508,0,0,VA0210_20210426,Valsequillo,0,1,2021-04-26
14509,0,0,VA0211_20210426,Valsequillo,0,1,2021-04-26
14510,0,0,VA0212_20210426,Valsequillo,0,1,2021-04-26
14511,0,0,VA0213_20210426,Valsequillo,0,1,2021-04-26
14512,0,0,VA0214_20210426,Valsequillo,0,1,2021-04-26
14513,0,0,VA0215_20210426,Valsequillo,0,1,2021-04-26
14514,0,0,VA0216_20210426,Valsequillo,0,1,2021-04-26
14515,0,0,VA0217_20210426,Valsequillo,0,1,2021-04-26
14516,0,0,VA0218_20210426,Valsequillo,0,1,2021-04-26
14517,0,0,VA0219_20210426,Valsequillo,0,1,2021-04-26
14518,0,0,VA0220_20210426,Valsequillo,0,1,2021-04-26
14519,0,0,VA0221_20210426,Valsequillo,0,1,2021-04-26
14520,0,0,VA0222_20210426,Valsequillo,0,1,2021-04-26
14521,0,0,VA0223_20210426,Valsequillo,0,1,2021-04-26
14522,0,0,VA0224_20210426,Valsequillo,0,1,2021-04-26
14523,0,0,VA0225_20210426,Valsequillo,0,1,2021-04-26
14524,0,0,VA0226_20210426,Valsequillo,0,2,2021-04-26
14525,0,0,VA0227_20210426,Valsequillo,0,2,2021-04-26
14526,0,0,VA0228_20210426,Valsequillo,0,2,2021-04-26
14527,0,0,VA0229_20210426,Valsequillo,0,2,2021-04-26
14528,0,0,VA0230_20210426,Valsequillo,0,2,2021-04-26
14529,0,0,VA0231_20210426,Valsequillo,0,2,2021-04-26
14530,0,0,VA0232_20210426,Valsequillo,0,2,2021-04-26
14531,0,0,VA0233_20210426,Valsequillo,0,2,2021-04-26
14532,0,0,VA0234_20210426,Valsequillo,0,2,2021-04-26
14533,0,0,VA0235_20210426,Valsequillo,0,2,2021-04-26
14534,0,0,VA0236_20210426,Valsequillo,0,2,2021-04-26
14535,0,0,VA0237_20210426,Valsequillo,0,2,2021-04-26
14536,0,0,VA0238_20210426,Valsequillo,0,2,2021-04-26
14537,0,0,VA0239_20210426,Valsequillo,0,2,2021-04-26
14538,0,0,VA0240_20210426,Valsequillo,0,2,2021-04-26
14539,0,0,VA0241_20210426,Valsequillo,0,2,2021-04-26
14540,0,0,VA0242_20210426,Valsequillo,0,2,2021-04-26
14541,0,0,VA0243_20210426,Valsequillo,0,2,2021-04-26
14542,0,0,VA0244_20210426,Valsequillo,0,2,2021-04-26
14543,0,0,VA0245_20210426,Valsequillo,0,2,2021-04-26
14544,0,0,VA0246_20210426,Valsequillo,0,2,2021-04-26
14545,0,0,VA0247_20210426,Valsequillo,0,2,2021-04-26
14546,0,0,VA0248_20210426,Valsequillo,0,2,2021-04-26
14547,0,0,VA0249_20210426,Valsequillo,0,2,2021-04-26
14548,0,0,VA0250_20210426,Valsequillo,0,2,2021-04-26
14549,0,0,VA0251_20210426,Valsequillo,0,2,2021-04-26
14550,0,0,VA0252_20210426,Valsequillo,0,2,2021-04-26
14551,0,0,VA0253_20210426,Valsequillo,0,2,2021-04-26
14552,0,0,VA0254_20210426,Valsequillo,0,2,2021-04-26
14553,0,0,VA0255_20210426,Valsequillo,0,2,2021-04-26
14554,0,0,VA0256_20210426,Valsequillo,0,2,2021-04-26
14555,0,0,VA0257_20210426,Valsequillo,0,2,2021-04-26
14556,0,0,VA0258_20210426,Valsequillo,0,2,2021-04-26
14557,0,0,VA0259_20210426,Valsequillo,0,2,2021-04-26
14558,0,0,VA0260_20210426,Valsequillo,0,2,2021-04-26
14559,0,0,VA0261_20210426,Valsequillo,0,2,2021-04-26
14560,0,0,VA0262_20210426,Valsequillo,0,2,2021-04-26
14561,0,0,VA0263_20210426,Valsequillo,0,2,2021-04-26
14562,0,0,VA0264_20210426,Valsequillo,0,2,2021-04-26
14563,0,0,VA0265_20210426,Valsequillo,0,2,2021-04-26
14564,0,0,VA0266_20210426,Valsequillo,0,2,2021-04-26
14565,0,0,VA0267_20210426,Valsequillo,0,2,2021-04-26
14566,0,0,VA0268_20210426,Valsequillo,0,2,2021-04-26
14567,0,0,VA0269_20210426,Valsequillo,0,2,2021-04-26
14568,0,0,VA0270_20210426,Valsequillo,0,2,2021-04-26
14569,0,0,VA0271_20210426,Valsequillo,0,2,2021-04-26
14570,0,0,VA0272_20210426,Valsequillo,0,2,2021-04-26
14571,0,0,VA0273_20210426,Valsequillo,0,2,2021-04-26
14572,0,0,VA0274_20210426,Valsequillo,0,2,2021-04-26
14573,0,0,VA0275_20210426,Valsequillo,0,2,2021-04-26
14574,0,0,VA0276_20210426,Valsequillo,0,2,2021-04-26
14575,0,0,VA0277_20210426,Valsequillo,0,2,2021-04-26
14576,0,0,VA0278_20210426,Valsequillo,0,2,2021-04-26
14577,0,0,VA0279_20210426,Valsequillo,0,2,2021-04-26
14578,0,0,VA0280_20210426,Valsequillo,0,2,2021-04-26
14579,0,0,VA0281_20210426,Valsequillo,0,2,2021-04-26
14580,0,0,VA0282_20210426,Valsequillo,0,2,2021-04-26
14581,0,0,VA0283_20210426,Valsequillo,0,2,2021-04-26
14582,0,0,VA0284_20210426,Valsequillo,0,2,2021-04-26
14583,0,0,VA0285_20210426,Valsequillo,0,2,2021-04-26
14584,0,0,VA0286_20210426,Valsequillo,0,2,2021-04-26
14585,0,0,VA0287_20210426,Valsequillo,0,2,2021-04-26
14586,0,0,VA0288_20210426,Valsequillo,0,2,2021-04-26
14587,0,0,VA0289_20210426,Valsequillo,0,2,2021-04-26
14588,0,0,VA0290_20210426,Valsequillo,0,2,2021-04-26
14589,0,0,VA0291_20210426,Valsequillo,0,2,2021-04-26
14590,0,0,VA0292_20210426,Valsequillo,0,2,2021-04-26
14591,0,0,VA0293_20210426,Valsequillo,0,2,2021-04-26
14592,0,0,VA0294_20210426,Valsequillo,0,2,2021-04-26
14593,0,0,VA0295_20210426,Valsequillo,0,2,2021-04-26
14594,0,0,VA0296_20210426,Valsequillo,0,2,2021-04-26
14595,0,0,VA0297_20210426,Valsequillo,0,2,2021-04-26
14596,0,0,VA0298_20210426,Valsequillo,0,2,2021-04-26
14597,0,0,VA0299_20210426,Valsequillo,0,2,2021-04-26
14598,0,0,VA0300_20210426,Valsequillo,0,2,2021-04-26
14599,0,0,VA0001_20220106,Valsequillo,0,1,2022-01-06
14600,0,0,VA0002_20220106,Valsequillo,0,1,2022-01-06
14601,0,0,VA0003_20220106,Valsequillo,0,1,2022-01-06
14602,0,0,VA0004_20220106,Valsequillo,0,1,2022-01-06
14603,0,0,VA0005_20220106,Valsequillo,0,1,2022-01-06
14604,0,0,VA0006_20220106,Valsequillo,0,1,2022-01-06
14605,0,0,VA0007_20220106,Valsequillo,0,1,2022-01-06
14606,0,1,VA0008_20220106,Valsequillo,0,1,2022-01-06
14607,0,1,VA0009_20220106,Valsequillo,0,1,2022-01-06
14608,0,0,VA0010_20220106,Valsequillo,0,1,2022-01-06
14609,0,0,VA0011_20220106,Valsequillo,0,1,2022-01-06
14610,0,0,VA0012_20220106,Valsequillo,0,1,2022-01-06
14611,1,0,VA0013_20220106,Valsequillo,1,3,2022-01-06
14612,1,0,VA0014_20220106,Valsequillo,1,3,2022-01-06
14613,1,1,VA0015_20220106,Valsequillo,1,3,2022-01-06
14614,1,1,VA0016_20220106,Valsequillo,1,3,2022-01-06
14615,1,1,VA0017_20220106,Valsequillo,1,3,2022-01-06
14616,1,1,VA0018_20220106,Valsequillo,1,3,2022-01-06
14617,1,1,VA0019_20220106,Valsequillo,1,3,2022-01-06
14618,1,1,VA0020_20220106,Valsequillo,1,3,2022-01-06
14619,1,1,VA0021_20220106,Valsequillo,1,3,2022-01-06
14620,1,1,VA0022_20220106,Valsequillo,1,3,2022-01-06
14621,1,0,VA0023_20220106,Valsequillo,1,3,2022-01-06
14622,1,1,VA0024_20220106,Valsequillo,1,3,2022-01-06
14623,1,0,VA0025_20220106,Valsequillo,1,3,2022-01-06
14624,1,1,VA0026_20220106,Valsequillo,1,3,2022-01-06
14625,1,1,VA0027_20220106,Valsequillo,1,3,2022-01-06
14626,1,1,VA0028_20220106,Valsequillo,1,3,2022-01-06
14627,1,0,VA0029_20220106,Valsequillo,1,3,2022-01-06
14628,1,0,VA0030_20220106,Valsequillo,1,3,2022-01-06
14629,1,0,VA0031_20220106,Valsequillo,1,3,2022-01-06
14630,1,0,VA0032_20220106,Valsequillo,1,3,2022-01-06
14631,1,1,VA0033_20220106,Valsequillo,1,3,2022-01-06
14632,1,1,VA0034_20220106,Valsequillo,1,3,2022-01-06
14633,1,1,VA0035_20220106,Valsequillo,1,3,2022-01-06
14634,1,1,VA0036_20220106,Valsequillo,1,3,2022-01-06
14635,1,1,VA0037_20220106,Valsequillo,1,3,2022-01-06
14636,1,1,VA0038_20220106,Valsequillo,1,3,2022-01-06
14637,1,1,VA0039_20220106,Valsequillo,1,3,2022-01-06
14638,1,1,VA0040_20220106,Valsequillo,1,3,2022-01-06
14639,1,1,VA0041_20220106,Valsequillo,1,3,2022-01-06
14640,1,1,VA0042_20220106,Valsequillo,1,3,2022-01-06
14641,1,1,VA0043_20220106,Valsequillo,1,3,2022-01-06
14642,1,1,VA0044_20220106,Valsequillo,1,3,2022-01-06
14643,1,1,VA0045_20220106,Valsequillo,1,3,2022-01-06
14644,1,1,VA0046_20220106,Valsequillo,1,3,2022-01-06
14645,1,1,VA0047_20220106,Valsequillo,1,3,2022-01-06
14646,1,1,VA0048_20220106,Valsequillo,1,3,2022-01-06
14647,1,1,VA0049_20220106,Valsequillo,1,3,2022-01-06
14648,1,1,VA0050_20220106,Valsequillo,1,3,2022-01-06
14649,1,1,VA0051_20220106,Valsequillo,1,3,2022-01-06
14650,1,1,VA0052_20220106,Valsequillo,1,3,2022-01-06
14651,1,1,VA0053_20220106,Valsequillo,1,3,2022-01-06
14652,1,1,VA0054_20220106,Valsequillo,1,3,2022-01-06
14653,1,1,VA0055_20220106,Valsequillo,1,3,2022-01-06
14654,1,1,VA0056_20220106,Valsequillo,1,3,2022-01-06
14655,1,1,VA0057_20220106,Valsequillo,1,3,2022-01-06
14656,1,1,VA0058_20220106,Valsequillo,1,3,2022-01-06
14657,1,1,VA0059_20220106,Valsequillo,1,3,2022-01-06
14658,1,1,VA0060_20220106,Valsequillo,1,3,2022-01-06
14659,1,1,VA0061_20220106,Valsequillo,1,3,2022-01-06
14660,1,1,VA0062_20220106,Valsequillo,1,3,2022-01-06
14661,1,1,VA0063_20220106,Valsequillo,1,3,2022-01-06
14662,1,1,VA0064_20220106,Valsequillo,1,3,2022-01-06
14663,1,1,VA0065_20220106,Valsequillo,1,3,2022-01-06
14664,1,1,VA0066_20220106,Valsequillo,1,3,2022-01-06
14665,1,1,VA0067_20220106,Valsequillo,1,3,2022-01-06
14666,1,1,VA0068_20220106,Valsequillo,1,3,2022-01-06
14667,1,1,VA0069_20220106,Valsequillo,1,3,2022-01-06
14668,1,1,VA0070_20220106,Valsequillo,1,3,2022-01-06
14669,1,1,VA0071_20220106,Valsequillo,1,3,2022-01-06
14670,1,1,VA0072_20220106,Valsequillo,1,3,2022-01-06
14671,1,1,VA0073_20220106,Valsequillo,1,3,2022-01-06
14672,1,1,VA0074_20220106,Valsequillo,1,3,2022-01-06
14673,1,0,VA0075_20220106,Valsequillo,1,3,2022-01-06
14674,1,1,VA0076_20220106,Valsequillo,1,3,2022-01-06
14675,1,1,VA0077_20220106,Valsequillo,1,3,2022-01-06
14676,1,1,VA0078_20220106,Valsequillo,1,3,2022-01-06
14677,1,1,VA0079_20220106,Valsequillo,1,3,2022-01-06
14678,1,1,VA0080_20220106,Valsequillo,1,3,2022-01-06
14679,1,1,VA0081_20220106,Valsequillo,1,3,2022-01-06
14680,1,1,VA0082_20220106,Valsequillo,1,3,2022-01-06
14681,1,1,VA0083_20220106,Valsequillo,1,3,2022-01-06
14682,1,1,VA0084_20220106,Valsequillo,1,3,2022-01-06
14683,1,1,VA0085_20220106,Valsequillo,1,3,2022-01-06
14684,1,1,VA0086_20220106,Valsequillo,1,3,2022-01-06
14685,1,1,VA0087_20220106,Valsequillo,1,3,2022-01-06
14686,1,1,VA0088_20220106,Valsequillo,1,3,2022-01-06
14687,1,1,VA0089_20220106,Valsequillo,1,3,2022-01-06
14688,1,1,VA0090_20220106,Valsequillo,1,3,2022-01-06
14689,1,1,VA0091_20220106,Valsequillo,1,3,2022-01-06
14690,1,0,VA0092_20220106,Valsequillo,1,3,2022-01-06
14691,1,1,VA0093_20220106,Valsequillo,1,3,2022-01-06
14692,1,1,VA0094_20220106,Valsequillo,1,3,2022-01-06
14693,1,1,VA0095_20220106,Valsequillo,1,3,2022-01-06
14694,1,1,VA0096_20220106,Valsequillo,1,3,2022-01-06
14695,1,1,VA0097_20220106,Valsequillo,1,3,2022-01-06
14696,1,1,VA0098_20220106,Valsequillo,1,3,2022-01-06
14697,1,1,VA0099_20220106,Valsequillo,1,3,2022-01-06
14698,1,1,VA0100_20220106,Valsequillo,1,3,2022-01-06
14699,1,1,VA0101_20220106,Valsequillo,1,3,2022-01-06
14700,1,1,VA0102_20220106,Valsequillo,1,3,2022-01-06
14701,1,1,VA0103_20220106,Valsequillo,1,3,2022-01-06
14702,1,1,VA0104_20220106,Valsequillo,1,3,2022-01-06
14703,1,1,VA0105_20220106,Valsequillo,1,3,2022-01-06
14704,1,1,VA0106_20220106,Valsequillo,1,3,2022-01-06
14705,1,1,VA0107_20220106,Valsequillo,1,3,2022-01-06
14706,1,1,VA0108_20220106,Valsequillo,1,3,2022-01-06
14707,1,1,VA0109_20220106,Valsequillo,1,3,2022-01-06
14708,1,1,VA0110_20220106,Valsequillo,1,3,2022-01-06
14709,1,1,VA0111_20220106,Valsequillo,1,3,2022-01-06
14710,1,0,VA0112_20220106,Valsequillo,1,3,2022-01-06
14711,0,0,VA0113_20220106,Valsequillo,0,1,2022-01-06
14712,0,0,VA0114_20220106,Valsequillo,0,1,2022-01-06
14713,0,0,VA0115_20220106,Valsequillo,0,1,2022-01-06
14714,0,0,VA0116_20220106,Valsequillo,0,1,2022-01-06
14715,0,0,VA0117_20220106,Valsequillo,0,1,2022-01-06
14716,0,0,VA0118_20220106,Valsequillo,0,1,2022-01-06
14717,0,0,VA0119_20220106,Valsequillo,0,1,2022-01-06
14718,0,0,VA0120_20220106,Valsequillo,0,1,2022-01-06
14719,0,0,VA0121_20220106,Valsequillo,0,1,2022-01-06
14720,0,0,VA0122_20220106,Valsequillo,0,1,2022-01-06
14721,0,0,VA0123_20220106,Valsequillo,0,1,2022-01-06
14722,0,0,VA0124_20220106,Valsequillo,0,1,2022-01-06
14723,0,0,VA0125_20220106,Valsequillo,0,1,2022-01-06
14724,0,0,VA0126_20220106,Valsequillo,0,1,2022-01-06
14725,0,0,VA0127_20220106,Valsequillo,0,1,2022-01-06
14726,0,0,VA0128_20220106,Valsequillo,0,1,2022-01-06
14727,0,0,VA0129_20220106,Valsequillo,0,1,2022-01-06
14728,0,0,VA0130_20220106,Valsequillo,0,1,2022-01-06
14729,0,0,VA0131_20220106,Valsequillo,0,1,2022-01-06
14730,0,0,VA0132_20220106,Valsequillo,0,1,2022-01-06
14731,0,0,VA0133_20220106,Valsequillo,0,1,2022-01-06
14732,0,0,VA0134_20220106,Valsequillo,0,1,2022-01-06
14733,0,0,VA0135_20220106,Valsequillo,0,1,2022-01-06
14734,0,0,VA0136_20220106,Valsequillo,0,1,2022-01-06
14735,0,0,VA0137_20220106,Valsequillo,0,1,2022-01-06
14736,0,0,VA0138_20220106,Valsequillo,0,1,2022-01-06
14737,0,0,VA0139_20220106,Valsequillo,0,1,2022-01-06
14738,0,0,VA0140_20220106,Valsequillo,0,1,2022-01-06
14739,0,0,VA0141_20220106,Valsequillo,0,1,2022-01-06
14740,0,0,VA0142_20220106,Valsequillo,0,1,2022-01-06
14741,0,0,VA0143_20220106,Valsequillo,0,1,2022-01-06
14742,0,0,VA0144_20220106,Valsequillo,0,1,2022-01-06
14743,0,0,VA0145_20220106,Valsequillo,0,1,2022-01-06
14744,0,0,VA0146_20220106,Valsequillo,0,1,2022-01-06
14745,0,0,VA0147_20220106,Valsequillo,0,1,2022-01-06
14746,0,0,VA0148_20220106,Valsequillo,0,1,2022-01-06
14747,0,0,VA0149_20220106,Valsequillo,0,1,2022-01-06
14748,0,0,VA0150_20220106,Valsequillo,0,1,2022-01-06
14749,0,0,VA0151_20220106,Valsequillo,0,2,2022-01-06
14750,0,0,VA0152_20220106,Valsequillo,0,2,2022-01-06
14751,0,0,VA0153_20220106,Valsequillo,0,2,2022-01-06
14752,0,0,VA0154_20220106,Valsequillo,0,2,2022-01-06
14753,0,0,VA0155_20220106,Valsequillo,0,2,2022-01-06
14754,0,0,VA0156_20220106,Valsequillo,0,2,2022-01-06
14755,0,0,VA0157_20220106,Valsequillo,0,2,2022-01-06
14756,0,0,VA0158_20220106,Valsequillo,0,2,2022-01-06
14757,0,0,VA0159_20220106,Valsequillo,0,2,2022-01-06
14758,0,0,VA0160_20220106,Valsequillo,0,2,2022-01-06
14759,0,0,VA0161_20220106,Valsequillo,0,2,2022-01-06
14760,0,0,VA0162_20220106,Valsequillo,0,2,2022-01-06
14761,0,0,VA0163_20220106,Valsequillo,0,2,2022-01-06
14762,0,0,VA0164_20220106,Valsequillo,0,2,2022-01-06
14763,0,0,VA0165_20220106,Valsequillo,0,2,2022-01-06
14764,0,0,VA0166_20220106,Valsequillo,0,2,2022-01-06
14765,0,0,VA0167_20220106,Valsequillo,0,2,2022-01-06
14766,0,0,VA0168_20220106,Valsequillo,0,2,2022-01-06
14767,0,0,VA0169_20220106,Valsequillo,0,2,2022-01-06
14768,0,0,VA0170_20220106,Valsequillo,0,2,2022-01-06
14769,0,0,VA0171_20220106,Valsequillo,0,2,2022-01-06
14770,0,0,VA0172_20220106,Valsequillo,0,2,2022-01-06
14771,0,0,VA0173_20220106,Valsequillo,0,2,2022-01-06
14772,0,0,VA0174_20220106,Valsequillo,0,2,2022-01-06
14773,0,0,VA0175_20220106,Valsequillo,0,2,2022-01-06
14774,0,0,VA0176_20220106,Valsequillo,0,2,2022-01-06
14775,0,0,VA0177_20220106,Valsequillo,0,2,2022-01-06
14776,0,0,VA0178_20220106,Valsequillo,0,2,2022-01-06
14777,0,0,VA0179_20220106,Valsequillo,0,2,2022-01-06
14778,0,0,VA0180_20220106,Valsequillo,0,2,2022-01-06
14779,0,0,VA0181_20220106,Valsequillo,0,2,2022-01-06
14780,0,0,VA0182_20220106,Valsequillo,0,2,2022-01-06
14781,0,0,VA0183_20220106,Valsequillo,0,2,2022-01-06
14782,0,0,VA0184_20220106,Valsequillo,0,2,2022-01-06
14783,0,0,VA0185_20220106,Valsequillo,0,2,2022-01-06
14784,0,0,VA0186_20220106,Valsequillo,0,2,2022-01-06
14785,0,0,VA0187_20220106,Valsequillo,0,2,2022-01-06
14786,0,0,VA0188_20220106,Valsequillo,0,2,2022-01-06
14787,0,0,VA0189_20220106,Valsequillo,0,2,2022-01-06
14788,0,0,VA0190_20220106,Valsequillo,0,2,2022-01-06
14789,0,0,VA0191_20220106,Valsequillo,0,2,2022-01-06
14790,0,0,VA0192_20220106,Valsequillo,0,2,2022-01-06
14791,0,0,VA0193_20220106,Valsequillo,0,2,2022-01-06
14792,0,0,VA0194_20220106,Valsequillo,0,2,2022-01-06
14793,0,0,VA0195_20220106,Valsequillo,0,2,2022-01-06
14794,0,0,VA0196_20220106,Valsequillo,0,2,2022-01-06
14795,0,0,VA0197_20220106,Valsequillo,0,2,2022-01-06
14796,0,0,VA0198_20220106,Valsequillo,0,2,2022-01-06
14797,0,0,VA0199_20220106,Valsequillo,0,2,2022-01-06
14798,0,0,VA0200_20220106,Valsequillo,0,2,2022-01-06
14799,1,1,VA0001_20250318,Valsequillo,1,3,2025-03-18
14800,1,0,VA0002_20250318,Valsequillo,1,3,2025-03-18
14801,1,1,VA0003_20250318,Valsequillo,1,3,2025-03-18
14802,1,1,VA0004_20250318,Valsequillo,1,3,2025-03-18
14803,1,1,VA0005_20250318,Valsequillo,1,3,2025-03-18
14804,1,1,VA0006_20250318,Valsequillo,1,3,2025-03-18
14805,1,1,VA0007_20250318,Valsequillo,1,3,2025-03-18
14806,1,1,VA0008_20250318,Valsequillo,1,3,2025-03-18
14807,1,1,VA0009_20250318,Valsequillo,1,3,2025-03-18
14808,1,1,VA0010_20250318,Valsequillo,1,3,2025-03-18
14809,1,1,VA0011_20250318,Valsequillo,1,3,2025-03-18
14810,1,1,VA0012_20250318,Valsequillo,1,3,2025-03-18
14811,1,1,VA0013_20250318,Valsequillo,1,3,2025-03-18
14812,1,1,VA0014_20250318,Valsequillo,1,3,2025-03-18
14813,1,1,VA0015_20250318,Valsequillo,1,3,2025-03-18
14814,1,1,VA0016_20250318,Valsequillo,1,3,2025-03-18
14815,1,1,VA0017_20250318,Valsequillo,1,3,2025-03-18
14816,1,1,VA0018_20250318,Valsequillo,1,3,2025-03-18
14817,1,1,VA0019_20250318,Valsequillo,1,3,2025-03-18
14818,1,1,VA0020_20250318,Valsequillo,1,3,2025-03-18
14819,1,1,VA0021_20250318,Valsequillo,1,3,2025-03-18
14820,1,1,VA0022_20250318,Valsequillo,1,3,2025-03-18
14821,1,1,VA0023_20250318,Valsequillo,1,3,2025-03-18
14822,1,1,VA0024_20250318,Valsequillo,1,3,2025-03-18
14823,1,1,VA0025_20250318,Valsequillo,1,3,2025-03-18
14824,1,1,VA0026_20250318,Valsequillo,1,3,2025-03-18
14825,1,1,VA0027_20250318,Valsequillo,1,3,2025-03-18
14826,1,1,VA0028_20250318,Valsequillo,1,3,2025-03-18
14827,1,1,VA0029_20250318,Valsequillo,1,3,2025-03-18
14828,1,1,VA0030_20250318,Valsequillo,1,3,2025-03-18
14829,1,1,VA0031_20250318,Valsequillo,1,3,2025-03-18
14830,1,1,VA0032_20250318,Valsequillo,1,3,2025-03-18
14831,1,1,VA0033_20250318,Valsequillo,1,3,2025-03-18
14832,1,1,VA0034_20250318,Valsequillo,1,3,2025-03-18
14833,1,1,VA0035_20250318,Valsequillo,1,3,2025-03-18
14834,1,1,VA0036_20250318,Valsequillo,1,3,2025-03-18
14835,1,1,VA0037_20250318,Valsequillo,1,3,2025-03-18
14836,1,1,VA0038_20250318,Valsequillo,1,3,2025-03-18
14837,1,1,VA0039_20250318,Valsequillo,1,3,2025-03-18
14838,1,1,VA0040_20250318,Valsequillo,1,3,2025-03-18
14839,1,1,VA0041_20250318,Valsequillo,1,3,2025-03-18
14840,1,1,VA0042_20250318,Valsequillo,1,3,2025-03-18
14841,1,1,VA0043_20250318,Valsequillo,1,3,2025-03-18
14842,1,1,VA0044_20250318,Valsequillo,1,3,2025-03-18
14843,1,1,VA0045_20250318,Valsequillo,1,3,2025-03-18
14844,1,1,VA0046_20250318,Valsequillo,1,3,2025-03-18
14845,1,1,VA0047_20250318,Valsequillo,1,3,2025-03-18
14846,1,1,VA0048_20250318,Valsequillo,1,3,2025-03-18
14847,1,1,VA0049_20250318,Valsequillo,1,3,2025-03-18
14848,1,0,VA0050_20250318,Valsequillo,1,3,2025-03-18
14849,1,1,VA0051_20250318,Valsequillo,1,3,2025-03-18
14850,1,1,VA0052_20250318,Valsequillo,1,3,2025-03-18
14851,1,1,VA0053_20250318,Valsequillo,1,3,2025-03-18
14852,1,1,VA0054_20250318,Valsequillo,1,3,2025-03-18
14853,1,1,VA0055_20250318,Valsequillo,1,3,2025-03-18
14854,1,0,VA0056_20250318,Valsequillo,1,3,2025-03-18
14855,1,0,VA0057_20250318,Valsequillo,1,3,2025-03-18
14856,1,1,VA0058_20250318,Valsequillo,1,3,2025-03-18
14857,1,1,VA0059_20250318,Valsequillo,1,3,2025-03-18
14858,1,1,VA0060_20250318,Valsequillo,1,3,2025-03-18
14859,1,1,VA0061_20250318,Valsequillo,1,3,2025-03-18
14860,1,1,VA0062_20250318,Valsequillo,1,3,2025-03-18
14861,1,1,VA0063_20250318,Valsequillo,1,3,2025-03-18
14862,1,0,VA0064_20250318,Valsequillo,1,3,2025-03-18
14863,1,1,VA0065_20250318,Valsequillo,1,3,2025-03-18
14864,1,1,VA0066_20250318,Valsequillo,1,3,2025-03-18
14865,1,1,VA0067_20250318,Valsequillo,1,3,2025-03-18
14866,1,1,VA0068_20250318,Valsequillo,1,3,2025-03-18
14867,1,1,VA0069_20250318,Valsequillo,1,3,2025-03-18
14868,1,1,VA0070_20250318,Valsequillo,1,3,2025-03-18
14869,1,1,VA0071_20250318,Valsequillo,1,3,2025-03-18
14870,1,1,VA0072_20250318,Valsequillo,1,3,2025-03-18
14871,1,1,VA0073_20250318,Valsequillo,1,3,2025-03-18
14872,1,1,VA0074_20250318,Valsequillo,1,3,2025-03-18
14873,1,1,VA0075_20250318,Valsequillo,1,3,2025-03-18
14874,1,1,VA0076_20250318,Valsequillo,1,3,2025-03-18
14875,1,0,VA0077_20250318,Valsequillo,1,3,2025-03-18
14876,1,1,VA0078_20250318,Valsequillo,1,3,2025-03-18
14877,1,0,VA0079_20250318,Valsequillo,1,3,2025-03-18
14878,1,0,VA0080_20250318,Valsequillo,1,3,2025-03-18
14879,1,1,VA0081_20250318,Valsequillo,1,3,2025-03-18
14880,1,1,VA0082_20250318,Valsequillo,1,3,2025-03-18
14881,1,1,VA0083_20250318,Valsequillo,1,3,2025-03-18
14882,1,1,VA0084_20250318,Valsequillo,1,3,2025-03-18
14883,1,1,VA0085_20250318,Valsequillo,1,3,2025-03-18
14884,1,1,VA0086_20250318,Valsequillo,1,3,2025-03-18
14885,1,1,VA0087_20250318,Valsequillo,1,3,2025-03-18
14886,1,1,VA0088_20250318,Valsequillo,1,3,2025-03-18
14887,1,1,VA0089_20250318,Valsequillo,1,3,2025-03-18
14888,1,1,VA0090_20250318,Valsequillo,1,3,2025-03-18
14889,1,1,VA0091_20250318,Valsequillo,1,3,2025-03-18
14890,1,1,VA0092_20250318,Valsequillo,1,3,2025-03-18
14891,1,1,VA0093_20250318,Valsequillo,1,3,2025-03-18
14892,0,0,VA0094_20250318,Valsequillo,0,1,2025-03-18
14893,0,0,VA0095_20250318,Valsequillo,0,1,2025-03-18
14894,0,0,VA0096_20250318,Valsequillo,0,1,2025-03-18
14895,1,1,VA0097_20250318,Valsequillo,1,3,2025-03-18
14896,1,1,VA0098_20250318,Valsequillo,1,3,2025-03-18
14897,1,1,VA0099_20250318,Valsequillo,1,3,2025-03-18
14898,1,1,VA0100_20250318,Valsequillo,1,3,2025-03-18
14899,1,1,VA0101_20250318,Valsequillo,1,3,2025-03-18
14900,1,1,VA0102_20250318,Valsequillo,1,3,2025-03-18
14901,1,1,VA0103_20250318,Valsequillo,1,3,2025-03-18
14902,1,1,VA0104_20250318,Valsequillo,1,3,2025-03-18
14903,1,1,VA0105_20250318,Valsequillo,1,3,2025-03-18
14904,1,1,VA0106_20250318,Valsequillo,1,3,2025-03-18
14905,1,1,VA0107_20250318,Valsequillo,1,3,2025-03-18
14906,1,1,VA0108_20250318,Valsequillo,1,3,2025-03-18
14907,1,1,VA0109_20250318,Valsequillo,1,3,2025-03-18
14908,1,1,VA0110_20250318,Valsequillo,1,3,2025-03-18
14909,1,1,VA0111_20250318,Valsequillo,1,3,2025-03-18
14910,1,1,VA0112_20250318,Valsequillo,1,3,2025-03-18
14911,1,1,VA0113_20250318,Valsequillo,1,3,2025-03-18
14912,1,1,VA0114_20250318,Valsequillo,1,3,2025-03-18
14913,1,1,VA0115_20250318,Valsequillo,1,3,2025-03-18
14914,1,1,VA0116_20250318,Valsequillo,1,3,2025-03-18
14915,1,1,VA0117_20250318,Valsequillo,1,3,2025-03-18
14916,1,1,VA0118_20250318,Valsequillo,1,3,2025-03-18
14917,1,1,VA0119_20250318,Valsequillo,1,3,2025-03-18
14918,1,1,VA0120_20250318,Valsequillo,1,3,2025-03-18
14919,1,1,VA0121_20250318,Valsequillo,1,3,2025-03-18
14920,1,1,VA0122_20250318,Valsequillo,1,3,2025-03-18
14921,1,1,VA0123_20250318,Valsequillo,1,3,2025-03-18
14922,0,0,VA0124_20250318,Valsequillo,0,2,2025-03-18
14923,0,0,VA0125_20250318,Valsequillo,0,2,2025-03-18
14924,0,0,VA0126_20250318,Valsequillo,0,2,2025-03-18
14925,0,0,VA0127_20250318,Valsequillo,0,2,2025-03-18
14926,0,0,VA0128_20250318,Valsequillo,0,2,2025-03-18
14927,0,0,VA0129_20250318,Valsequillo,0,2,2025-03-18
14928,0,0,VA0130_20250318,Valsequillo,0,2,2025-03-18
14929,0,0,VA0131_20250318,Valsequillo,0,2,2025-03-18
14930,0,0,VA0132_20250318,Valsequillo,0,2,2025-03-18
14931,0,0,VA0133_20250318,Valsequillo,0,2,2025-03-18
14932,0,0,VA0134_20250318,Valsequillo,0,2,2025-03-18
14933,0,0,VA0135_20250318,Valsequillo,0,2,2025-03-18
14934,0,0,VA0136_20250318,Valsequillo,0,2,2025-03-18
14935,0,0,VA0137_20250318,Valsequillo,0,2,2025-03-18
14936,0,0,VA0138_20250318,Valsequillo,0,2,2025-03-18
14937,0,0,VA0139_20250318,Valsequillo,0,2,2025-03-18
14938,0,0,VA0140_20250318,Valsequillo,0,2,2025-03-18
14939,0,0,VA0141_20250318,Valsequillo,0,2,2025-03-18
14940,0,0,VA0142_20250318,Valsequillo,0,2,2025-03-18
14941,0,0,VA0143_20250318,Valsequillo,0,2,2025-03-18
14942,0,0,VA0144_20250318,Valsequillo,0,2,2025-03-18
14943,0,0,VA0145_20250318,Valsequillo,0,2,2025-03-18
14944,0,0,VA0146_20250318,Valsequillo,0,2,2025-03-18
14945,0,0,VA0147_20250318,Valsequillo,0,2,2025-03-18
14946,0,0,VA0148_20250318,Valsequillo,0,2,2025-03-18
14947,0,0,VA0149_20250318,Valsequillo,0,2,2025-03-18
14948,0,0,VA0150_20250318,Valsequillo,0,2,2025-03-18
14949,0,0,VA0151_20250318,Valsequillo,0,2,2025-03-18
14950,0,0,VA0152_20250318,Valsequillo,0,2,2025-03-18
14951,0,0,VA0153_20250318,Valsequillo,0,2,2025-03-18
14952,0,0,VA0154_20250318,Valsequillo,0,2,2025-03-18
14953,0,0,VA0155_20250318,Valsequillo,0,2,2025-03-18
14954,0,0,VA0156_20250318,Valsequillo,0,2,2025-03-18
14955,0,0,VA0157_20250318,Valsequillo,0,2,2025-03-18
14956,0,0,VA0158_20250318,Valsequillo,0,2,2025-03-18
14957,0,0,VA0159_20250318,Valsequillo,0,2,2025-03-18
14958,0,0,VA0160_20250318,Valsequillo,0,2,2025-03-18
14959,0,0,VA0161_20250318,Valsequillo,0,2,2025-03-18
14960,0,0,VA0162_20250318,Valsequillo,0,2,2025-03-18
14961,0,0,VA0163_20250318,Valsequillo,0,2,2025-03-18
14962,0,0,VA0164_20250318,Valsequillo,0,2,2025-03-18
14963,0,0,VA0165_20250318,Valsequillo,0,2,2025-03-18
14964,0,0,VA0166_20250318,Valsequillo,0,2,2025-03-18
14965,0,0,VA0167_20250318,Valsequillo,0,2,2025-03-18
14966,0,0,VA0168_20250318,Valsequillo,0,2,2025-03-18
14967,0,0,VA0169_20250318,Valsequillo,0,2,2025-03-18
14968,0,0,VA0170_20250318,Valsequillo,0,2,2025-03-18
14969,0,0,VA0171_20250318,Valsequillo,0,2,2025-03-18
14970,0,0,VA0172_20250318,Valsequillo,0,2,2025-03-18
14971,0,0,VA0173_20250318,Valsequillo,0,2,2025-03-18
14972,0,0,VA0174_20250318,Valsequillo,0,2,2025-03-18
14973,0,0,VA0175_20250318,Valsequillo,0,2,2025-03-18
14974,0,0,VA0176_20250318,Valsequillo,0,2,2025-03-18
14975,0,0,VA0177_20250318,Valsequillo,0,2,2025-03-18
14976,0,0,VA0178_20250318,Valsequillo,0,2,2025-03-18
14977,0,0,VA0179_20250318,Valsequillo,0,2,2025-03-18
14978,0,0,VA0180_20250318,Valsequillo,0,2,2025-03-18
14979,0,0,VA0181_20250318,Valsequillo,0,2,2025-03-18
14980,0,0,VA0182_20250318,Valsequillo,0,2,2025-03-18
14981,0,0,VA0183_20250318,Valsequillo,0,2,2025-03-18
14982,0,0,VA0184_20250318,Valsequillo,0,1,2025-03-18
14983,0,0,VA0185_20250318,Valsequillo,0,1,2025-03-18
14984,0,0,VA0186_20250318,Valsequillo,0,1,2025-03-18
14985,0,0,VA0187_20250318,Valsequillo,0,1,2025-03-18
14986,0,0,VA0188_20250318,Valsequillo,0,1,2025-03-18
14987,0,0,VA0189_20250318,Valsequillo,0,1,2025-03-18
14988,0,1,VA0190_20250318,Valsequillo,0,1,2025-03-18
14989,0,0,VA0191_20250318,Valsequillo,0,1,2025-03-18
14990,0,0,VA0192_20250318,Valsequillo,0,1,2025-03-18
14991,0,0,VA0193_20250318,Valsequillo,0,1,2025-03-18
14992,0,0,VA0194_20250318,Valsequillo,0,1,2025-03-18
14993,0,0,VA0195_20250318,Valsequillo,0,1,2025-03-18
14994,0,0,VA0196_20250318,Valsequillo,0,1,2025-03-18
14995,0,0,VA0197_20250318,Valsequillo,0,1,2025-03-18
14996,0,0,VA0198_20250318,Valsequillo,0,1,2025-03-18
14997,0,0,VA0199_20250318,Valsequillo,0,1,2025-03-18
14998,0,0,VA0200_20250318,Valsequillo,0,1,2025-03-18
14999,0,0,VA0201_20250318,Valsequillo,0,1,2025-03-18
15000,0,0,VA0202_20250318,Valsequillo,0,1,2025-03-18
15001,0,0,VA0203_20250318,Valsequillo,0,1,2025-03-18
15002,0,0,VA0204_20250318,Valsequillo,0,1,2025-03-18
15003,0,0,VA0205_20250318,Valsequillo,0,1,2025-03-18
15004,0,0,VA0206_20250318,Valsequillo,0,1,2025-03-18
15005,0,0,VA0207_20250318,Valsequillo,0,1,2025-03-18
15006,0,0,VA0208_20250318,Valsequillo,0,1,2025-03-18
15007,0,0,VA0209_20250318,Valsequillo,0,1,2025-03-18
15008,0,0,VA0210_20250318,Valsequillo,0,1,2025-03-18
15009,0,0,VA0211_20250318,Valsequillo,0,1,2025-03-18
15010,0,0,VA0212_20250318,Valsequillo,0,1,2025-03-18
15011,0,0,VA0213_20250318,Valsequillo,0,1,2025-03-18
15012,0,0,VA0214_20250318,Valsequillo,0,1,2025-03-18
15013,0,0,VA0215_20250318,Valsequillo,0,1,2025-03-18
15014,0,0,VA0216_20250318,Valsequillo,0,1,2025-03-18
15015,0,0,VA0217_20250318,Valsequillo,0,1,2025-03-18
15016,0,0,VA0218_20250318,Valsequillo,0,1,2025-03-18
15017,0,0,VA0219_20250318,Valsequillo,0,1,2025-03-18
15018,0,0,VA0220_20250318,Valsequillo,0,1,2025-03-18
15019,0,0,VA0221_20250318,Valsequillo,0,1,2025-03-18
15020,0,0,VA0222_20250318,Valsequillo,0,1,2025-03-18
15021,0,0,VA0223_20250318,Valsequillo,0,1,2025-03-18
15022,0,0,VA0224_20250318,Valsequillo,0,1,2025-03-18
15023,0,0,VA0225_20250318,Valsequillo,0,1,2025-03-18
15024,0,0,VA0226_20250318,Valsequillo,0,1,2025-03-18
15025,0,0,VA0227_20250318,Valsequillo,0,1,2025-03-18
15026,0,0,VA0228_20250318,Valsequillo,0,1,2025-03-18
15027,0,0,VA0229_20250318,Valsequillo,0,1,2025-03-18
15028,0,0,VA0230_20250318,Valsequillo,0,1,2025-03-18
15029,0,0,VA0231_20250318,Valsequillo,0,1,2025-03-18
15030,0,0,VA0232_20250318,Valsequillo,0,1,2025-03-18
15031,0,0,VA0233_20250318,Valsequillo,0,1,2025-03-18
15032,0,0,VA0234_20250318,Valsequillo,0,1,2025-03-18
15033,0,0,VA0235_20250318,Valsequillo,0,1,2025-03-18
15034,0,0,VA0236_20250318,Valsequillo,0,1,2025-03-18
15035,0,0,VA0237_20250318,Valsequillo,0,1,2025-03-18
15036,0,0,VA0238_20250318,Valsequillo,0,1,2025-03-18
15037,0,0,VA0239_20250318,Valsequillo,0,1,2025-03-18
15038,0,0,VA0240_20250318,Valsequillo,0,1,2025-03-18
15039,1,1,VA0001_20250716,Valsequillo,1,3,2025-07-16
15040,1,1,VA0002_20250716,Valsequillo,1,3,2025-07-16
15041,1,1,VA0003_20250716,Valsequillo,1,3,2025-07-16
15042,1,1,VA0004_20250716,Valsequillo,1,3,2025-07-16
15043,1,1,VA0005_20250716,Valsequillo,1,3,2025-07-16
15044,1,1,VA0006_20250716,Valsequillo,1,3,2025-07-16
15045,1,1,VA0007_20250716,Valsequillo,1,3,2025-07-16
15046,1,1,VA0008_20250716,Valsequillo,1,3,2025-07-16
15047,1,1,VA0009_20250716,Valsequillo,1,3,2025-07-16
15048,1,1,VA0010_20250716,Valsequillo,1,3,2025-07-16
15049,1,1,VA0011_20250716,Valsequillo,1,3,2025-07-16
15050,1,1,VA0012_20250716,Valsequillo,1,3,2025-07-16
15051,1,1,VA0013_20250716,Valsequillo,1,3,2025-07-16
15052,1,1,VA0014_20250716,Valsequillo,1,3,2025-07-16
15053,1,1,VA0015_20250716,Valsequillo,1,3,2025-07-16
15054,1,1,VA0016_20250716,Valsequillo,1,3,2025-07-16
15055,1,1,VA0017_20250716,Valsequillo,1,3,2025-07-16
15056,1,1,VA0018_20250716,Valsequillo,1,3,2025-07-16
15057,1,1,VA0019_20250716,Valsequillo,1,3,2025-07-16
15058,1,1,VA0020_20250716,Valsequillo,1,3,2025-07-16
15059,1,1,VA0021_20250716,Valsequillo,1,3,2025-07-16
15060,1,1,VA0022_20250716,Valsequillo,1,3,2025-07-16
15061,1,1,VA0023_20250716,Valsequillo,1,3,2025-07-16
15062,1,1,VA0024_20250716,Valsequillo,1,3,2025-07-16
15063,1,1,VA0025_20250716,Valsequillo,1,3,2025-07-16
15064,1,1,VA0026_20250716,Valsequillo,1,3,2025-07-16
15065,1,1,VA0027_20250716,Valsequillo,1,3,2025-07-16
15066,1,1,VA0028_20250716,Valsequillo,1,3,2025-07-16
15067,1,1,VA0029_20250716,Valsequillo,1,3,2025-07-16
15068,1,1,VA0030_20250716,Valsequillo,1,3,2025-07-16
15069,1,1,VA0031_20250716,Valsequillo,1,3,2025-07-16
15070,1,1,VA0032_20250716,Valsequillo,1,3,2025-07-16
15071,1,1,VA0033_20250716,Valsequillo,1,3,2025-07-16
15072,1,1,VA0034_20250716,Valsequillo,1,3,2025-07-16
15073,1,1,VA0035_20250716,Valsequillo,1,3,2025-07-16
15074,1,1,VA0036_20250716,Valsequillo,1,3,2025-07-16
15075,1,1,VA0037_20250716,Valsequillo,1,3,2025-07-16
15076,1,1,VA0038_20250716,Valsequillo,1,3,2025-07-16
15077,1,1,VA0039_20250716,Valsequillo,1,3,2025-07-16
15078,1,1,VA0040_20250716,Valsequillo,1,3,2025-07-16
15079,1,1,VA0041_20250716,Valsequillo,1,3,2025-07-16
15080,1,1,VA0042_20250716,Valsequillo,1,3,2025-07-16
15081,1,1,VA0043_20250716,Valsequillo,1,3,2025-07-16
15082,1,1,VA0044_20250716,Valsequillo,1,3,2025-07-16
15083,1,1,VA0045_20250716,Valsequillo,1,3,2025-07-16
15084,1,1,VA0046_20250716,Valsequillo,1,3,2025-07-16
15085,1,1,VA0047_20250716,Valsequillo,1,3,2025-07-16
15086,1,1,VA0048_20250716,Valsequillo,1,3,2025-07-16
15087,1,1,VA0049_20250716,Valsequillo,1,3,2025-07-16
15088,1,1,VA0050_20250716,Valsequillo,1,3,2025-07-16
15089,1,1,VA0051_20250716,Valsequillo,1,3,2025-07-16
15090,1,1,VA0052_20250716,Valsequillo,1,3,2025-07-16
15091,1,1,VA0053_20250716,Valsequillo,1,3,2025-07-16
15092,1,1,VA0054_20250716,Valsequillo,1,3,2025-07-16
15093,1,1,VA0055_20250716,Valsequillo,1,3,2025-07-16
15094,1,1,VA0056_20250716,Valsequillo,1,3,2025-07-16
15095,1,1,VA0057_20250716,Valsequillo,1,3,2025-07-16
15096,1,1,VA0058_20250716,Valsequillo,1,3,2025-07-16
15097,1,1,VA0059_20250716,Valsequillo,1,3,2025-07-16
15098,1,1,VA0060_20250716,Valsequillo,1,3,2025-07-16
15099,1,1,VA0061_20250716,Valsequillo,1,3,2025-07-16
15100,1,1,VA0062_20250716,Valsequillo,1,3,2025-07-16
15101,1,1,VA0063_20250716,Valsequillo,1,3,2025-07-16
15102,1,1,VA0064_20250716,Valsequillo,1,3,2025-07-16
15103,1,1,VA0065_20250716,Valsequillo,1,3,2025-07-16
15104,1,1,VA0066_20250716,Valsequillo,1,3,2025-07-16
15105,1,1,VA0067_20250716,Valsequillo,1,3,2025-07-16
15106,1,1,VA0068_20250716,Valsequillo,1,3,2025-07-16
15107,1,1,VA0069_20250716,Valsequillo,1,3,2025-07-16
15108,1,1,VA0070_20250716,Valsequillo,1,3,2025-07-16
15109,1,1,VA0071_20250716,Valsequillo,1,3,2025-07-16
15110,1,1,VA0072_20250716,Valsequillo,1,3,2025-07-16
15111,1,1,VA0073_20250716,Valsequillo,1,3,2025-07-16
15112,1,1,VA0074_20250716,Valsequillo,1,3,2025-07-16
15113,1,1,VA0075_20250716,Valsequillo,1,3,2025-07-16
15114,1,1,VA0076_20250716,Valsequillo,1,3,2025-07-16
15115,1,1,VA0077_20250716,Valsequillo,1,3,2025-07-16
15116,1,1,VA0078_20250716,Valsequillo,1,3,2025-07-16
15117,1,0,VA0079_20250716,Valsequillo,1,3,2025-07-16
15118,1,1,VA0080_20250716,Valsequillo,1,3,2025-07-16
15119,1,1,VA0081_20250716,Valsequillo,1,3,2025-07-16
15120,1,1,VA0082_20250716,Valsequillo,1,3,2025-07-16
15121,1,1,VA0083_20250716,Valsequillo,1,3,2025-07-16
15122,1,1,VA0084_20250716,Valsequillo,1,3,2025-07-16
15123,1,1,VA0085_20250716,Valsequillo,1,3,2025-07-16
15124,1,1,VA0086_20250716,Valsequillo,1,3,2025-07-16
15125,1,1,VA0087_20250716,Valsequillo,1,3,2025-07-16
15126,1,1,VA0088_20250716,Valsequillo,1,3,2025-07-16
15127,1,1,VA0089_20250716,Valsequillo,1,3,2025-07-16
15128,1,1,VA0090_20250716,Valsequillo,1,3,2025-07-16
15129,1,1,VA0091_20250716,Valsequillo,1,3,2025-07-16
15130,1,1,VA0092_20250716,Valsequillo,1,3,2025-07-16
15131,1,1,VA0093_20250716,Valsequillo,1,3,2025-07-16
15132,1,1,VA0094_20250716,Valsequillo,1,3,2025-07-16
15133,1,1,VA0095_20250716,Valsequillo,1,3,2025-07-16
15134,1,1,VA0096_20250716,Valsequillo,1,3,2025-07-16
15135,1,1,VA0097_20250716,Valsequillo,1,3,2025-07-16
15136,1,1,VA0098_20250716,Valsequillo,1,3,2025-07-16
15137,1,1,VA0099_20250716,Valsequillo,1,3,2025-07-16
15138,0,0,VA0100_20250716,Valsequillo,0,1,2025-07-16
15139,0,1,VA0101_20250716,Valsequillo,0,1,2025-07-16
15140,0,0,VA0102_20250716,Valsequillo,0,1,2025-07-16
15141,0,0,VA0103_20250716,Valsequillo,0,1,2025-07-16
15142,0,1,VA0104_20250716,Valsequillo,0,1,2025-07-16
15143,0,1,VA0105_20250716,Valsequillo,0,1,2025-07-16
15144,0,1,VA0106_20250716,Valsequillo,0,1,2025-07-16
15145,0,1,VA0107_20250716,Valsequillo,0,1,2025-07-16
15146,0,0,VA0108_20250716,Valsequillo,0,1,2025-07-16
15147,0,0,VA0109_20250716,Valsequillo,0,1,2025-07-16
15148,0,0,VA0110_20250716,Valsequillo,0,1,2025-07-16
15149,0,0,VA0111_20250716,Valsequillo,0,1,2025-07-16
15150,0,0,VA0112_20250716,Valsequillo,0,1,2025-07-16
15151,0,0,VA0113_20250716,Valsequillo,0,1,2025-07-16
15152,0,1,VA0114_20250716,Valsequillo,0,1,2025-07-16
15153,0,0,VA0115_20250716,Valsequillo,0,1,2025-07-16
15154,0,0,VA0116_20250716,Valsequillo,0,1,2025-07-16
15155,0,0,VA0117_20250716,Valsequillo,0,1,2025-07-16
15156,0,0,VA0118_20250716,Valsequillo,0,1,2025-07-16
15157,0,0,VA0119_20250716,Valsequillo,0,1,2025-07-16
15158,0,0,VA0120_20250716,Valsequillo,0,1,2025-07-16
15159,0,0,VA0121_20250716,Valsequillo,0,1,2025-07-16
15160,0,0,VA0122_20250716,Valsequillo,0,1,2025-07-16
15161,0,1,VA0123_20250716,Valsequillo,0,1,2025-07-16
15162,0,0,VA0124_20250716,Valsequillo,0,1,2025-07-16
15163,0,1,VA0125_20250716,Valsequillo,0,1,2025-07-16
15164,0,0,VA0126_20250716,Valsequillo,0,1,2025-07-16
15165,0,0,VA0127_20250716,Valsequillo,0,1,2025-07-16
15166,0,0,VA0128_20250716,Valsequillo,0,1,2025-07-16
15167,0,1,VA0129_20250716,Valsequillo,0,1,2025-07-16
15168,0,1,VA0130_20250716,Valsequillo,0,1,2025-07-16
15169,0,0,VA0131_20250716,Valsequillo,0,1,2025-07-16
15170,0,1,VA0132_20250716,Valsequillo,0,1,2025-07-16
15171,0,0,VA0133_20250716,Valsequillo,0,1,2025-07-16
15172,0,0,VA0134_20250716,Valsequillo,0,1,2025-07-16
15173,0,0,VA0135_20250716,Valsequillo,0,1,2025-07-16
15174,0,0,VA0136_20250716,Valsequillo,0,1,2025-07-16
15175,0,0,VA0137_20250716,Valsequillo,0,1,2025-07-16
15176,0,0,VA0138_20250716,Valsequillo,0,1,2025-07-16
15177,0,0,VA0139_20250716,Valsequillo,0,1,2025-07-16
15178,0,0,VA0140_20250716,Valsequillo,0,1,2025-07-16
15179,0,0,VA0141_20250716,Valsequillo,0,1,2025-07-16
15180,0,0,VA0142_20250716,Valsequillo,0,1,2025-07-16
15181,0,0,VA0143_20250716,Valsequillo,0,1,2025-07-16
15182,0,0,VA0144_20250716,Valsequillo,0,1,2025-07-16
15183,0,0,VA0145_20250716,Valsequillo,0,1,2025-07-16
15184,0,0,VA0146_20250716,Valsequillo,0,1,2025-07-16
15185,0,0,VA0147_20250716,Valsequillo,0,1,2025-07-16
15186,0,0,VA0148_20250716,Valsequillo,0,1,2025-07-16
15187,0,0,VA0149_20250716,Valsequillo,0,1,2025-07-16
15188,1,1,VA0150_20250716,Valsequillo,1,3,2025-07-16
15189,0,0,VA0151_20250716,Valsequillo,0,2,2025-07-16
15190,0,0,VA0152_20250716,Valsequillo,0,2,2025-07-16
15191,0,0,VA0153_20250716,Valsequillo,0,2,2025-07-16
15192,0,0,VA0154_20250716,Valsequillo,0,2,2025-07-16
15193,0,0,VA0155_20250716,Valsequillo,0,2,2025-07-16
15194,0,0,VA0156_20250716,Valsequillo,0,2,2025-07-16
15195,0,0,VA0157_20250716,Valsequillo,0,2,2025-07-16
15196,0,0,VA0158_20250716,Valsequillo,0,2,2025-07-16
15197,0,0,VA0159_20250716,Valsequillo,0,2,2025-07-16
15198,0,0,VA0160_20250716,Valsequillo,0,2,2025-07-16
15199,0,0,VA0161_20250716,Valsequillo,0,2,2025-07-16
15200,0,0,VA0162_20250716,Valsequillo,0,2,2025-07-16
15201,0,0,VA0163_20250716,Valsequillo,0,2,2025-07-16
15202,0,0,VA0164_20250716,Valsequillo,0,2,2025-07-16
15203,0,0,VA0165_20250716,Valsequillo,0,2,2025-07-16
15204,0,0,VA0166_20250716,Valsequillo,0,2,2025-07-16
15205,0,0,VA0167_20250716,Valsequillo,0,2,2025-07-16
15206,0,0,VA0168_20250716,Valsequillo,0,2,2025-07-16
15207,0,0,VA0169_20250716,Valsequillo,0,2,2025-07-16
15208,0,0,VA0170_20250716,Valsequillo,0,2,2025-07-16
15209,0,0,VA0171_20250716,Valsequillo,0,2,2025-07-16
15210,0,0,VA0172_20250716,Valsequillo,0,2,2025-07-16
15211,0,0,VA0173_20250716,Valsequillo,0,2,2025-07-16
15212,0,0,VA0174_20250716,Valsequillo,0,2,2025-07-16
15213,0,0,VA0175_20250716,Valsequillo,0,2,2025-07-16
15214,0,0,VA0176_20250716,Valsequillo,0,2,2025-07-16
15215,0,0,VA0177_20250716,Valsequillo,0,2,2025-07-16
15216,0,0,VA0178_20250716,Valsequillo,0,2,2025-07-16
15217,0,0,VA0179_20250716,Valsequillo,0,2,2025-07-16
15218,0,0,VA0180_20250716,Valsequillo,0,2,2025-07-16
15219,0,0,VA0181_20250716,Valsequillo,0,2,2025-07-16
15220,0,0,VA0182_20250716,Valsequillo,0,2,2025-07-16
15221,0,0,VA0183_20250716,Valsequillo,0,2,2025-07-16
15222,0,0,VA0184_20250716,Valsequillo,0,2,2025-07-16
15223,0,0,VA0185_20250716,Valsequillo,0,2,2025-07-16
15224,0,0,VA0186_20250716,Valsequillo,0,2,2025-07-16
15225,0,0,VA0187_20250716,Valsequillo,0,2,2025-07-16
15226,0,0,VA0188_20250716,Valsequillo,0,2,2025-07-16
15227,0,0,VA0189_20250716,Valsequillo,0,2,2025-07-16
15228,0,0,VA0190_20250716,Valsequillo,0,2,2025-07-16
15229,0,0,VA0191_20250716,Valsequillo,0,2,2025-07-16
15230,0,0,VA0192_20250716,Valsequillo,0,2,2025-07-16
15231,0,0,VA0193_20250716,Valsequillo,0,2,2025-07-16
15232,0,0,VA0194_20250716,Valsequillo,0,2,2025-07-16
15233,0,0,VA0195_20250716,Valsequillo,0,2,2025-07-16
15234,0,0,VA0196_20250716,Valsequillo,0,2,2025-07-16
15235,0,0,VA0197_20250716,Valsequillo,0,2,2025-07-16
15236,0,0,VA0198_20250716,Valsequillo,0,2,2025-07-16
15237,0,0,VA0199_20250716,Valsequillo,0,2,2025-07-16
15238,0,0,VA0200_20250716,Valsequillo,0,2,2025-07-16
15239,1,1,VA0001_20251014,Valsequillo,1,3,2025-10-14
15240,1,1,VA0002_20251014,Valsequillo,1,3,2025-10-14
15241,1,1,VA0003_20251014,Valsequillo,1,3,2025-10-14
15242,1,1,VA0004_20251014,Valsequillo,1,3,2025-10-14
15243,1,1,VA0005_20251014,Valsequillo,1,3,2025-10-14
15244,1,1,VA0006_20251014,Valsequillo,1,3,2025-10-14
15245,1,1,VA0007_20251014,Valsequillo,1,3,2025-10-14
15246,1,1,VA0008_20251014,Valsequillo,1,3,2025-10-14
15247,1,1,VA0009_20251014,Valsequillo,1,3,2025-10-14
15248,1,1,VA0010_20251014,Valsequillo,1,3,2025-10-14
15249,1,1,VA0011_20251014,Valsequillo,1,3,2025-10-14
15250,1,1,VA0012_20251014,Valsequillo,1,3,2025-10-14
15251,1,1,VA0013_20251014,Valsequillo,1,3,2025-10-14
15252,1,1,VA0014_20251014,Valsequillo,1,3,2025-10-14
15253,1,1,VA0015_20251014,Valsequillo,1,3,2025-10-14
15254,1,1,VA0016_20251014,Valsequillo,1,3,2025-10-14
15255,1,1,VA0017_20251014,Valsequillo,1,3,2025-10-14
15256,1,1,VA0018_20251014,Valsequillo,1,3,2025-10-14
15257,1,1,VA0019_20251014,Valsequillo,1,3,2025-10-14
15258,1,1,VA0020_20251014,Valsequillo,1,3,2025-10-14
15259,1,1,VA0021_20251014,Valsequillo,1,3,2025-10-14
15260,1,1,VA0022_20251014,Valsequillo,1,3,2025-10-14
15261,1,1,VA0023_20251014,Valsequillo,1,3,2025-10-14
15262,1,1,VA0024_20251014,Valsequillo,1,3,2025-10-14
15263,1,1,VA0025_20251014,Valsequillo,1,3,2025-10-14
15264,1,1,VA0026_20251014,Valsequillo,1,3,2025-10-14
15265,1,1,VA0027_20251014,Valsequillo,1,3,2025-10-14
15266,1,1,VA0028_20251014,Valsequillo,1,3,2025-10-14
15267,1,1,VA0029_20251014,Valsequillo,1,3,2025-10-14
15268,1,1,VA0030_20251014,Valsequillo,1,3,2025-10-14
15269,1,1,VA0031_20251014,Valsequillo,1,3,2025-10-14
15270,1,1,VA0032_20251014,Valsequillo,1,3,2025-10-14
15271,1,1,VA0033_20251014,Valsequillo,1,3,2025-10-14
15272,1,1,VA0034_20251014,Valsequillo,1,3,2025-10-14
15273,1,1,VA0035_20251014,Valsequillo,1,3,2025-10-14
15274,1,1,VA0036_20251014,Valsequillo,1,3,2025-10-14
15275,1,1,VA0037_20251014,Valsequillo,1,3,2025-10-14
15276,1,1,VA0038_20251014,Valsequillo,1,3,2025-10-14
15277,1,1,VA0039_20251014,Valsequillo,1,3,2025-10-14
15278,1,1,VA0040_20251014,Valsequillo,1,3,2025-10-14
15279,1,1,VA0041_20251014,Valsequillo,1,3,2025-10-14
15280,1,1,VA0042_20251014,Valsequillo,1,3,2025-10-14
15281,1,1,VA0043_20251014,Valsequillo,1,3,2025-10-14
15282,1,1,VA0044_20251014,Valsequillo,1,3,2025-10-14
15283,1,1,VA0045_20251014,Valsequillo,1,3,2025-10-14
15284,1,1,VA0046_20251014,Valsequillo,1,3,2025-10-14
15285,1,1,VA0047_20251014,Valsequillo,1,3,2025-10-14
15286,1,1,VA0048_20251014,Valsequillo,1,3,2025-10-14
15287,1,1,VA0049_20251014,Valsequillo,1,3,2025-10-14
15288,1,1,VA0050_20251014,Valsequillo,1,3,2025-10-14
15289,1,1,VA0051_20251014,Valsequillo,1,3,2025-10-14
15290,1,1,VA0052_20251014,Valsequillo,1,3,2025-10-14
15291,1,1,VA0053_20251014,Valsequillo,1,3,2025-10-14
15292,1,1,VA0054_20251014,Valsequillo,1,3,2025-10-14
15293,1,1,VA0055_20251014,Valsequillo,1,3,2025-10-14
15294,1,1,VA0056_20251014,Valsequillo,1,3,2025-10-14
15295,1,1,VA0057_20251014,Valsequillo,1,3,2025-10-14
15296,1,1,VA0058_20251014,Valsequillo,1,3,2025-10-14
15297,1,1,VA0059_20251014,Valsequillo,1,3,2025-10-14
15298,1,1,VA0060_20251014,Valsequillo,1,3,2025-10-14
15299,1,1,VA0061_20251014,Valsequillo,1,3,2025-10-14
15300,1,1,VA0062_20251014,Valsequillo,1,3,2025-10-14
15301,1,1,VA0063_20251014,Valsequillo,1,3,2025-10-14
15302,1,1,VA0064_20251014,Valsequillo,1,3,2025-10-14
15303,1,1,VA0065_20251014,Valsequillo,1,3,2025-10-14
15304,1,1,VA0066_20251014,Valsequillo,1,3,2025-10-14
15305,1,1,VA0067_20251014,Valsequillo,1,3,2025-10-14
15306,1,1,VA0068_20251014,Valsequillo,1,3,2025-10-14
15307,1,1,VA0069_20251014,Valsequillo,1,3,2025-10-14
15308,1,1,VA0070_20251014,Valsequillo,1,3,2025-10-14
15309,1,1,VA0071_20251014,Valsequillo,1,3,2025-10-14
15310,1,1,VA0072_20251014,Valsequillo,1,3,2025-10-14
15311,1,1,VA0073_20251014,Valsequillo,1,3,2025-10-14
15312,1,1,VA0074_20251014,Valsequillo,1,3,2025-10-14
15313,1,1,VA0075_20251014,Valsequillo,1,3,2025-10-14
15314,1,1,VA0076_20251014,Valsequillo,1,3,2025-10-14
15315,1,1,VA0077_20251014,Valsequillo,1,3,2025-10-14
15316,1,1,VA0078_20251014,Valsequillo,1,3,2025-10-14
15317,1,1,VA0079_20251014,Valsequillo,1,3,2025-10-14
15318,1,1,VA0080_20251014,Valsequillo,1,3,2025-10-14
15319,1,1,VA0081_20251014,Valsequillo,1,3,2025-10-14
15320,1,1,VA0082_20251014,Valsequillo,1,3,2025-10-14
15321,1,1,VA0083_20251014,Valsequillo,1,3,2025-10-14
15322,1,0,VA0084_20251014,Valsequillo,1,3,2025-10-14
15323,0,0,VA0085_20251014,Valsequillo,0,1,2025-10-14
15324,0,0,VA0086_20251014,Valsequillo,0,1,2025-10-14
15325,1,1,VA0087_20251014,Valsequillo,1,3,2025-10-14
15326,1,1,VA0088_20251014,Valsequillo,1,3,2025-10-14
15327,1,1,VA0089_20251014,Valsequillo,1,3,2025-10-14
15328,1,0,VA0090_20251014,Valsequillo,1,3,2025-10-14
15329,1,1,VA0091_20251014,Valsequillo,1,3,2025-10-14
15330,1,1,VA0092_20251014,Valsequillo,1,3,2025-10-14
15331,1,1,VA0093_20251014,Valsequillo,1,3,2025-10-14
15332,1,1,VA0094_20251014,Valsequillo,1,3,2025-10-14
15333,1,1,VA0095_20251014,Valsequillo,1,3,2025-10-14
15334,1,1,VA0096_20251014,Valsequillo,1,3,2025-10-14
15335,1,1,VA0097_20251014,Valsequillo,1,3,2025-10-14
15336,1,1,VA0098_20251014,Valsequillo,1,3,2025-10-14
15337,1,1,VA0099_20251014,Valsequillo,1,3,2025-10-14
15338,1,1,VA0100_20251014,Valsequillo,1,3,2025-10-14
15339,1,1,VA0101_20251014,Valsequillo,1,3,2025-10-14
15340,1,1,VA0102_20251014,Valsequillo,1,3,2025-10-14
15341,1,1,VA0103_20251014,Valsequillo,1,3,2025-10-14
15342,1,1,VA0104_20251014,Valsequillo,1,3,2025-10-14
15343,1,1,VA0105_20251014,Valsequillo,1,3,2025-10-14
15344,1,1,VA0106_20251014,Valsequillo,1,3,2025-10-14
15345,1,1,VA0107_20251014,Valsequillo,1,3,2025-10-14
15346,1,1,VA0108_20251014,Valsequillo,1,3,2025-10-14
15347,1,1,VA0109_20251014,Valsequillo,1,3,2025-10-14
15348,1,1,VA0110_20251014,Valsequillo,1,3,2025-10-14
15349,1,0,VA0111_20251014,Valsequillo,1,3,2025-10-14
15350,1,1,VA0112_20251014,Valsequillo,1,3,2025-10-14
15351,1,1,VA0113_20251014,Valsequillo,1,3,2025-10-14
15352,1,1,VA0114_20251014,Valsequillo,1,3,2025-10-14
15353,1,1,VA0115_20251014,Valsequillo,1,3,2025-10-14
15354,1,0,VA0116_20251014,Valsequillo,1,3,2025-10-14
15355,1,1,VA0117_20251014,Valsequillo,1,3,2025-10-14
15356,1,1,VA0118_20251014,Valsequillo,1,3,2025-10-14
15357,1,1,VA0119_20251014,Valsequillo,1,3,2025-10-14
15358,1,1,VA0120_20251014,Valsequillo,1,3,2025-10-14
15359,1,1,VA0121_20251014,Valsequillo,1,3,2025-10-14
15360,1,1,VA0122_20251014,Valsequillo,1,3,2025-10-14
15361,1,1,VA0123_20251014,Valsequillo,1,3,2025-10-14
15362,1,1,VA0124_20251014,Valsequillo,1,3,2025-10-14
15363,1,1,VA0125_20251014,Valsequillo,1,3,2025-10-14
15364,1,1,VA0126_20251014,Valsequillo,1,3,2025-10-14
15365,1,1,VA0127_20251014,Valsequillo,1,3,2025-10-14
15366,0,1,VA0128_20251014,Valsequillo,0,4,2025-10-14
15367,0,1,VA0129_20251014,Valsequillo,0,4,2025-10-14
15368,0,0,VA0130_20251014,Valsequillo,0,4,2025-10-14
15369,0,1,VA0131_20251014,Valsequillo,0,4,2025-10-14
15370,0,0,VA0132_20251014,Valsequillo,0,4,2025-10-14
15371,0,1,VA0133_20251014,Valsequillo,0,4,2025-10-14
15372,0,1,VA0134_20251014,Valsequillo,0,4,2025-10-14
15373,0,1,VA0135_20251014,Valsequillo,0,4,2025-10-14
15374,0,1,VA0136_20251014,Valsequillo,0,4,2025-10-14
15375,0,1,VA0137_20251014,Valsequillo,0,4,2025-10-14
15376,0,0,VA0138_20251014,Valsequillo,0,4,2025-10-14
15377,0,0,VA0139_20251014,Valsequillo,0,4,2025-10-14
15378,0,1,VA0140_20251014,Valsequillo,0,4,2025-10-14
15379,0,1,VA0141_20251014,Valsequillo,0,4,2025-10-14
15380,0,1,VA0142_20251014,Valsequillo,0,4,2025-10-14
15381,0,1,VA0143_20251014,Valsequillo,0,4,2025-10-14
15382,0,0,VA0144_20251014,Valsequillo,0,4,2025-10-14
15383,0,1,VA0145_20251014,Valsequillo,0,4,2025-10-14
15384,0,1,VA0146_20251014,Valsequillo,0,4,2025-10-14
15385,0,1,VA0147_20251014,Valsequillo,0,4,2025-10-14
15386,0,1,VA0148_20251014,Valsequillo,0,4,2025-10-14
15387,0,1,VA0149_20251014,Valsequillo,0,4,2025-10-14
15388,0,1,VA0150_20251014,Valsequillo,0,4,2025-10-14
15389,0,0,VA0151_20251014,Valsequillo,0,4,2025-10-14
15390,0,0,VA0152_20251014,Valsequillo,0,4,2025-10-14
15391,0,1,VA0153_20251014,Valsequillo,0,4,2025-10-14
15392,0,1,VA0154_20251014,Valsequillo,0,4,2025-10-14
15393,0,1,VA0155_20251014,Valsequillo,0,4,2025-10-14
15394,0,0,VA0156_20251014,Valsequillo,0,4,2025-10-14
15395,0,1,VA0157_20251014,Valsequillo,0,4,2025-10-14
15396,0,1,VA0158_20251014,Valsequillo,0,4,2025-10-14
15397,0,1,VA0159_20251014,Valsequillo,0,4,2025-10-14
15398,0,1,VA0160_20251014,Valsequillo,0,4,2025-10-14
15399,0,0,VA0161_20251014,Valsequillo,0,2,2025-10-14
15400,0,0,VA0162_20251014,Valsequillo,0,2,2025-10-14
15401,0,0,VA0163_20251014,Valsequillo,0,2,2025-10-14
15402,0,0,VA0164_20251014,Valsequillo,0,2,2025-10-14
15403,0,0,VA0165_20251014,Valsequillo,0,2,2025-10-14
15404,0,0,VA0166_20251014,Valsequillo,0,2,2025-10-14
15405,0,0,VA0167_20251014,Valsequillo,0,2,2025-10-14
15406,0,0,VA0168_20251014,Valsequillo,0,2,2025-10-14
15407,0,0,VA0169_20251014,Valsequillo,0,2,2025-10-14
15408,0,0,VA0170_20251014,Valsequillo,0,2,2025-10-14
15409,0,0,VA0171_20251014,Valsequillo,0,2,2025-10-14
15410,0,0,VA0172_20251014,Valsequillo,0,2,2025-10-14
15411,0,0,VA0173_20251014,Valsequillo,0,2,2025-10-14
15412,0,0,VA0174_20251014,Valsequillo,0,2,2025-10-14
15413,0,0,VA0175_20251014,Valsequillo,0,2,2025-10-14
15414,0,0,VA0176_20251014,Valsequillo,0,2,2025-10-14
15415,0,0,VA0177_20251014,Valsequillo,0,2,2025-10-14
15416,0,0,VA0178_20251014,Valsequillo,0,2,2025-10-14
15417,0,0,VA0179_20251014,Valsequillo,0,2,2025-10-14
15418,0,0,VA0180_20251014,Valsequillo,0,2,2025-10-14
15419,0,0,VA0181_20251014,Valsequillo,0,2,2025-10-14
15420,0,0,VA0182_20251014,Valsequillo,0,2,2025-10-14
15421,0,0,VA0183_20251014,Valsequillo,0,2,2025-10-14
15422,0,0,VA0184_20251014,Valsequillo,0,2,2025-10-14
15423,0,0,VA0185_20251014,Valsequillo,0,2,2025-10-14
15424,0,0,VA0186_20251014,Valsequillo,0,2,2025-10-14
15425,0,0,VA0187_20251014,Valsequillo,0,2,2025-10-14
15426,0,0,VA0188_20251014,Valsequillo,0,2,2025-10-14
15427,0,0,VA0189_20251014,Valsequillo,0,2,2025-10-14
15428,0,0,VA0190_20251014,Valsequillo,0,2,2025-10-14
15429,0,0,VA0191_20251014,Valsequillo,0,2,2025-10-14
15430,0,0,VA0192_20251014,Valsequillo,0,2,2025-10-14
15431,0,0,VA0193_20251014,Valsequillo,0,2,2025-10-14
15432,0,0,VA0194_20251014,Valsequillo,0,2,2025-10-14
15433,0,0,VA0195_20251014,Valsequillo,0,2,2025-10-14
15434,0,0,VA0196_20251014,Valsequillo,0,2,2025-10-14
15435,0,0,VA0197_20251014,Valsequillo,0,2,2025-10-14
15436,0,0,VA0198_20251014,Valsequillo,0,2,2025-10-14
15437,0,0,VA0199_20251014,Valsequillo,0,2,2025-10-14
15438,0,0,VA0200_20251014,Valsequillo,0,2,2025-10-14
15439,0,0,VA0201_20251014,Valsequillo,0,2,2025-10-14
15440,0,0,VA0202_20251014,Valsequillo,0,2,2025-10-14
15441,0,0,VA0203_20251014,Valsequillo,0,2,2025-10-14
15442,0,0,VA0204_20251014,Valsequillo,0,2,2025-10-14
15443,0,0,VA0205_20251014,Valsequillo,0,2,2025-10-14
15444,0,0,VA0206_20251014,Valsequillo,0,2,2025-10-14
15445,0,0,VA0207_20251014,Valsequillo,0,2,2025-10-14
15446,0,0,VA0208_20251014,Valsequillo,0,2,2025-10-14
15447,0,0,VA0209_20251014,Valsequillo,0,2,2025-10-14
15448,0,0,VA0210_20251014,Valsequillo,0,2,2025-10-14
15449,0,0,VA0211_20251014,Valsequillo,0,2,2025-10-14
15450,0,0,VA0212_20251014,Valsequillo,0,2,2025-10-14
15451,0,0,VA0213_20251014,Valsequillo,0,2,2025-10-14
15452,0,0,VA0214_20251014,Valsequillo,0,2,2025-10-14
15453,0,0,VA0215_20251014,Valsequillo,0,2,2025-10-14
15454,0,0,VA0216_20251014,Valsequillo,0,2,2025-10-14
15455,0,0,VA0217_20251014,Valsequillo,0,2,2025-10-14
15456,0,0,VA0218_20251014,Valsequillo,0,2,2025-10-14
15457,0,0,VA0219_20251014,Valsequillo,0,2,2025-10-14
15458,0,0,VA0220_20251014,Valsequillo,0,2,2025-10-14
15459,1,0,VA0221_20251014,Valsequillo,1,3,2025-10-14
15460,1,1,VA0222_20251014,Valsequillo,1,3,2025-10-14
15461,1,1,VA0223_20251014,Valsequillo,1,3,2025-10-14
15462,1,1,VA0224_20251014,Valsequillo,1,3,2025-10-14
15463,1,1,VA0225_20251014,Valsequillo,1,3,2025-10-14
15464,0,0,VA0226_20251014,Valsequillo,0,1,2025-10-14
15465,0,1,VA0227_20251014,Valsequillo,0,1,2025-10-14
15466,0,0,VA0228_20251014,Valsequillo,0,1,2025-10-14
15467,0,0,VA0229_20251014,Valsequillo,0,1,2025-10-14
15468,0,0,VA0230_20251014,Valsequillo,0,1,2025-10-14
15469,0,0,VA0231_20251014,Valsequillo,0,1,2025-10-14
15470,0,0,VA0232_20251014,Valsequillo,0,1,2025-10-14
15471,0,0,VA0233_20251014,Valsequillo,0,1,2025-10-14
15472,0,0,VA0234_20251014,Valsequillo,0,1,2025-10-14
15473,0,0,VA0235_20251014,Valsequillo,0,1,2025-10-14
15474,0,0,VA0236_20251014,Valsequillo,0,1,2025-10-14
15475,0,0,VA0237_20251014,Valsequillo,0,1,2025-10-14
15476,0,0,VA0238_20251014,Valsequillo,0,1,2025-10-14
15477,0,0,VA0239_20251014,Valsequillo,0,1,2025-10-14
15478,0,0,VA0240_20251014,Valsequillo,0,1,2025-10-14
15479,0,0,VA0241_20251014,Valsequillo,0,1,2025-10-14
15480,0,0,VA0242_20251014,Valsequillo,0,1,2025-10-14
15481,0,0,VA0243_20251014,Valsequillo,0,1,2025-10-14
15482,0,0,VA0244_20251014,Valsequillo,0,1,2025-10-14
15483,0,0,VA0245_20251014,Valsequillo,0,1,2025-10-14
15484,0,0,VA0246_20251014,Valsequillo,0,1,2025-10-14
15485,0,0,VA0247_20251014,Valsequillo,0,1,2025-10-14
15486,0,0,VA0248_20251014,Valsequillo,0,1,2025-10-14
15487,0,0,VA0249_20251014,Valsequillo,0,1,2025-10-14
15488,0,0,VA0250_20251014,Valsequillo,0,1,2025-10-14
15489,0,0,VA0251_20251014,Valsequillo,0,1,2025-10-14
15490,0,0,VA0252_20251014,Valsequillo,0,1,2025-10-14
15491,0,0,VA0253_20251014,Valsequillo,0,1,2025-10-14
15492,0,0,VA0254_20251014,Valsequillo,0,1,2025-10-14
15493,0,0,VA0255_20251014,Valsequillo,0,1,2025-10-14
15494,0,0,VA0256_20251014,Valsequillo,0,1,2025-10-14
15495,0,0,VA0257_20251014,Valsequillo,0,1,2025-10-14
15496,0,0,VA0258_20251014,Valsequillo,0,1,2025-10-14
15497,0,0,VA0259_20251014,Valsequillo,0,1,2025-10-14
15498,0,0,VA0260_20251014,Valsequillo,0,1,2025-10-14
15499,1,1,VA0001_20251216,Valsequillo,1,3,2025-12-16
15500,1,1,VA0002_20251216,Valsequillo,1,3,2025-12-16
15501,1,1,VA0003_20251216,Valsequillo,1,3,2025-12-16
15502,1,1,VA0004_20251216,Valsequillo,1,3,2025-12-16
15503,1,1,VA0005_20251216,Valsequillo,1,3,2025-12-16
15504,1,1,VA0006_20251216,Valsequillo,1,3,2025-12-16
15505,1,1,VA0007_20251216,Valsequillo,1,3,2025-12-16
15506,1,1,VA0008_20251216,Valsequillo,1,3,2025-12-16
15507,1,1,VA0009_20251216,Valsequillo,1,3,2025-12-16
15508,1,1,VA0010_20251216,Valsequillo,1,3,2025-12-16
15509,1,1,VA0011_20251216,Valsequillo,1,3,2025-12-16
15510,1,1,VA0012_20251216,Valsequillo,1,3,2025-12-16
15511,1,1,VA0013_20251216,Valsequillo,1,3,2025-12-16
15512,1,1,VA0014_20251216,Valsequillo,1,3,2025-12-16
15513,1,1,VA0015_20251216,Valsequillo,1,3,2025-12-16
15514,1,1,VA0016_20251216,Valsequillo,1,3,2025-12-16
15515,1,1,VA0017_20251216,Valsequillo,1,3,2025-12-16
15516,1,1,VA0018_20251216,Valsequillo,1,3,2025-12-16
15517,1,1,VA0019_20251216,Valsequillo,1,3,2025-12-16
15518,1,1,VA0020_20251216,Valsequillo,1,3,2025-12-16
15519,1,1,VA0021_20251216,Valsequillo,1,3,2025-12-16
15520,1,1,VA0022_20251216,Valsequillo,1,3,2025-12-16
15521,1,1,VA0023_20251216,Valsequillo,1,3,2025-12-16
15522,1,1,VA0024_20251216,Valsequillo,1,3,2025-12-16
15523,1,0,VA0025_20251216,Valsequillo,1,3,2025-12-16
15524,1,1,VA0026_20251216,Valsequillo,1,3,2025-12-16
15525,1,1,VA0027_20251216,Valsequillo,1,3,2025-12-16
15526,1,1,VA0028_20251216,Valsequillo,1,3,2025-12-16
15527,1,1,VA0029_20251216,Valsequillo,1,3,2025-12-16
15528,1,1,VA0030_20251216,Valsequillo,1,3,2025-12-16
15529,1,1,VA0031_20251216,Valsequillo,1,3,2025-12-16
15530,1,1,VA0032_20251216,Valsequillo,1,3,2025-12-16
15531,1,1,VA0033_20251216,Valsequillo,1,3,2025-12-16
15532,1,0,VA0034_20251216,Valsequillo,1,3,2025-12-16
15533,1,1,VA0035_20251216,Valsequillo,1,3,2025-12-16
15534,1,1,VA0036_20251216,Valsequillo,1,3,2025-12-16
15535,1,0,VA0037_20251216,Valsequillo,1,3,2025-12-16
15536,1,1,VA0038_20251216,Valsequillo,1,3,2025-12-16
15537,1,1,VA0039_20251216,Valsequillo,1,3,2025-12-16
15538,1,0,VA0040_20251216,Valsequillo,1,3,2025-12-16
15539,1,1,VA0041_20251216,Valsequillo,1,3,2025-12-16
15540,1,1,VA0042_20251216,Valsequillo,1,3,2025-12-16
15541,1,1,VA0043_20251216,Valsequillo,1,3,2025-12-16
15542,1,1,VA0044_20251216,Valsequillo,1,3,2025-12-16
15543,1,1,VA0045_20251216,Valsequillo,1,3,2025-12-16
15544,1,1,VA0046_20251216,Valsequillo,1,3,2025-12-16
15545,1,1,VA0047_20251216,Valsequillo,1,3,2025-12-16
15546,1,1,VA0048_20251216,Valsequillo,1,3,2025-12-16
15547,1,1,VA0049_20251216,Valsequillo,1,3,2025-12-16
15548,1,1,VA0050_20251216,Valsequillo,1,3,2025-12-16
15549,1,1,VA0051_20251216,Valsequillo,1,3,2025-12-16
15550,1,1,VA0052_20251216,Valsequillo,1,3,2025-12-16
15551,1,1,VA0053_20251216,Valsequillo,1,3,2025-12-16
15552,1,1,VA0054_20251216,Valsequillo,1,3,2025-12-16
15553,1,1,VA0055_20251216,Valsequillo,1,3,2025-12-16
15554,1,1,VA0056_20251216,Valsequillo,1,3,2025-12-16
15555,1,1,VA0057_20251216,Valsequillo,1,3,2025-12-16
15556,1,1,VA0058_20251216,Valsequillo,1,3,2025-12-16
15557,1,0,VA0059_20251216,Valsequillo,1,3,2025-12-16
15558,1,1,VA0060_20251216,Valsequillo,1,3,2025-12-16
15559,1,1,VA0061_20251216,Valsequillo,1,3,2025-12-16
15560,1,1,VA0062_20251216,Valsequillo,1,3,2025-12-16
15561,1,1,VA0063_20251216,Valsequillo,1,3,2025-12-16
15562,1,1,VA0064_20251216,Valsequillo,1,3,2025-12-16
15563,1,1,VA0065_20251216,Valsequillo,1,3,2025-12-16
15564,1,1,VA0066_20251216,Valsequillo,1,3,2025-12-16
15565,1,1,VA0067_20251216,Valsequillo,1,3,2025-12-16
15566,1,1,VA0068_20251216,Valsequillo,1,3,2025-12-16
15567,1,1,VA0069_20251216,Valsequillo,1,3,2025-12-16
15568,1,1,VA0070_20251216,Valsequillo,1,3,2025-12-16
15569,1,1,VA0071_20251216,Valsequillo,1,3,2025-12-16
15570,1,0,VA0072_20251216,Valsequillo,1,3,2025-12-16
15571,1,1,VA0073_20251216,Valsequillo,1,3,2025-12-16
15572,1,1,VA0074_20251216,Valsequillo,1,3,2025-12-16
15573,1,1,VA0075_20251216,Valsequillo,1,3,2025-12-16
15574,1,1,VA0076_20251216,Valsequillo,1,3,2025-12-16
15575,1,1,VA0077_20251216,Valsequillo,1,3,2025-12-16
15576,1,1,VA0078_20251216,Valsequillo,1,3,2025-12-16
15577,1,1,VA0079_20251216,Valsequillo,1,3,2025-12-16
15578,1,1,VA0080_20251216,Valsequillo,1,3,2025-12-16
15579,1,1,VA0081_20251216,Valsequillo,1,3,2025-12-16
15580,1,1,VA0082_20251216,Valsequillo,1,3,2025-12-16
15581,1,1,VA0083_20251216,Valsequillo,1,3,2025-12-16
15582,1,1,VA0084_20251216,Valsequillo,1,3,2025-12-16
15583,1,1,VA0085_20251216,Valsequillo,1,3,2025-12-16
15584,1,1,VA0086_20251216,Valsequillo,1,3,2025-12-16
15585,1,1,VA0087_20251216,Valsequillo,1,3,2025-12-16
15586,1,1,VA0088_20251216,Valsequillo,1,3,2025-12-16
15587,1,1,VA0089_20251216,Valsequillo,1,3,2025-12-16
15588,1,1,VA0090_20251216,Valsequillo,1,3,2025-12-16
15589,1,1,VA0091_20251216,Valsequillo,1,3,2025-12-16
15590,1,1,VA0092_20251216,Valsequillo,1,3,2025-12-16
15591,1,0,VA0093_20251216,Valsequillo,1,3,2025-12-16
15592,1,1,VA0094_20251216,Valsequillo,1,3,2025-12-16
15593,1,1,VA0095_20251216,Valsequillo,1,3,2025-12-16
15594,1,1,VA0096_20251216,Valsequillo,1,3,2025-12-16
15595,1,1,VA0097_20251216,Valsequillo,1,3,2025-12-16
15596,1,1,VA0098_20251216,Valsequillo,1,3,2025-12-16
15597,1,1,VA0099_20251216,Valsequillo,1,3,2025-12-16
15598,0,0,VA0100_20251216,Valsequillo,0,2,2025-12-16
15599,0,0,VA0101_20251216,Valsequillo,0,2,2025-12-16
15600,0,0,VA0102_20251216,Valsequillo,0,2,2025-12-16
15601,0,0,VA0103_20251216,Valsequillo,0,2,2025-12-16
15602,0,0,VA0104_20251216,Valsequillo,0,2,2025-12-16
15603,0,0,VA0105_20251216,Valsequillo,0,2,2025-12-16
15604,0,0,VA0106_20251216,Valsequillo,0,2,2025-12-16
15605,0,0,VA0107_20251216,Valsequillo,0,2,2025-12-16
15606,0,0,VA0108_20251216,Valsequillo,0,2,2025-12-16
15607,0,0,VA0109_20251216,Valsequillo,0,2,2025-12-16
15608,0,0,VA0110_20251216,Valsequillo,0,2,2025-12-16
15609,0,0,VA0111_20251216,Valsequillo,0,2,2025-12-16
15610,0,0,VA0112_20251216,Valsequillo,0,2,2025-12-16
15611,0,0,VA0113_20251216,Valsequillo,0,2,2025-12-16
15612,0,0,VA0114_20251216,Valsequillo,0,2,2025-12-16
15613,0,0,VA0115_20251216,Valsequillo,0,2,2025-12-16
15614,0,0,VA0116_20251216,Valsequillo,0,2,2025-12-16
15615,0,0,VA0117_20251216,Valsequillo,0,2,2025-12-16
15616,0,0,VA0118_20251216,Valsequillo,0,2,2025-12-16
15617,0,0,VA0119_20251216,Valsequillo,0,2,2025-12-16
15618,0,0,VA0120_20251216,Valsequillo,0,2,2025-12-16
15619,0,0,VA0121_20251216,Valsequillo,0,2,2025-12-16
15620,0,0,VA0122_20251216,Valsequillo,0,2,2025-12-16
15621,0,0,VA0123_20251216,Valsequillo,0,2,2025-12-16
15622,0,0,VA0124_20251216,Valsequillo,0,2,2025-12-16
15623,0,0,VA0125_20251216,Valsequillo,0,2,2025-12-16
15624,0,0,VA0126_20251216,Valsequillo,0,2,2025-12-16
15625,0,0,VA0127_20251216,Valsequillo,0,2,2025-12-16
15626,0,0,VA0128_20251216,Valsequillo,0,2,2025-12-16
15627,0,0,VA0129_20251216,Valsequillo,0,2,2025-12-16
15628,0,0,VA0130_20251216,Valsequillo,0,2,2025-12-16
15629,0,0,VA0131_20251216,Valsequillo,0,2,2025-12-16
15630,0,0,VA0132_20251216,Valsequillo,0,2,2025-12-16
15631,0,0,VA0133_20251216,Valsequillo,0,2,2025-12-16
15632,0,0,VA0134_20251216,Valsequillo,0,2,2025-12-16
15633,0,0,VA0135_20251216,Valsequillo,0,2,2025-12-16
15634,0,0,VA0136_20251216,Valsequillo,0,2,2025-12-16
15635,0,0,VA0137_20251216,Valsequillo,0,2,2025-12-16
15636,0,0,VA0138_20251216,Valsequillo,0,2,2025-12-16
15637,0,0,VA0139_20251216,Valsequillo,0,2,2025-12-16
15638,0,0,VA0140_20251216,Valsequillo,0,2,2025-12-16
15639,0,0,VA0141_20251216,Valsequillo,0,2,2025-12-16
15640,0,0,VA0142_20251216,Valsequillo,0,2,2025-12-16
15641,0,0,VA0143_20251216,Valsequillo,0,2,2025-12-16
15642,0,0,VA0144_20251216,Valsequillo,0,2,2025-12-16
15643,0,0,VA0145_20251216,Valsequillo,0,2,2025-12-16
15644,0,0,VA0146_20251216,Valsequillo,0,2,2025-12-16
15645,0,0,VA0147_20251216,Valsequillo,0,2,2025-12-16
15646,0,0,VA0148_20251216,Valsequillo,0,2,2025-12-16
15647,0,0,VA0149_20251216,Valsequillo,0,2,2025-12-16
15648,0,0,VA0150_20251216,Valsequillo,0,1,2025-12-16
15649,0,0,VA0151_20251216,Valsequillo,0,1,2025-12-16
15650,0,0,VA0152_20251216,Valsequillo,0,1,2025-12-16
15651,0,0,VA0153_20251216,Valsequillo,0,1,2025-12-16
15652,0,0,VA0154_20251216,Valsequillo,0,1,2025-12-16
15653,0,0,VA0155_20251216,Valsequillo,0,1,2025-12-16
15654,0,0,VA0156_20251216,Valsequillo,0,1,2025-12-16
15655,0,0,VA0157_20251216,Valsequillo,0,1,2025-12-16
15656,0,0,VA0158_20251216,Valsequillo,0,1,2025-12-16
15657,0,0,VA0159_20251216,Valsequillo,0,1,2025-12-16
15658,0,0,VA0160_20251216,Valsequillo,0,1,2025-12-16
15659,0,0,VA0161_20251216,Valsequillo,0,1,2025-12-16
15660,0,0,VA0162_20251216,Valsequillo,0,1,2025-12-16
15661,0,0,VA0163_20251216,Valsequillo,0,1,2025-12-16
15662,0,0,VA0164_20251216,Valsequillo,0,1,2025-12-16
15663,0,0,VA0165_20251216,Valsequillo,0,1,2025-12-16
15664,0,0,VA0166_20251216,Valsequillo,0,1,2025-12-16
15665,0,0,VA0167_20251216,Valsequillo,0,1,2025-12-16
15666,0,0,VA0168_20251216,Valsequillo,0,1,2025-12-16
15667,0,0,VA0169_20251216,Valsequillo,0,1,2025-12-16
15668,0,0,VA0170_20251216,Valsequillo,0,1,2025-12-16
15669,0,0,VA0171_20251216,Valsequillo,0,1,2025-12-16
15670,0,0,VA0172_20251216,Valsequillo,0,1,2025-12-16
15671,0,0,VA0173_20251216,Valsequillo,0,1,2025-12-16
15672,0,0,VA0174_20251216,Valsequillo,0,1,2025-12-16
15673,0,0,VA0175_20251216,Valsequillo,0,1,2025-12-16
15674,0,0,VA0176_20251216,Valsequillo,0,1,2025-12-16
15675,0,0,VA0177_20251216,Valsequillo,0,1,2025-12-16
15676,0,0,VA0178_20251216,Valsequillo,0,1,2025-12-16
15677,0,0,VA0179_20251216,Valsequillo,0,1,2025-12-16
15678,0,0,VA0180_20251216,Valsequillo,0,1,2025-12-16
15679,0,0,VA0181_20251216,Valsequillo,0,1,2025-12-16
15680,0,0,VA0182_20251216,Valsequillo,0,1,2025-12-16
15681,0,0,VA0183_20251216,Valsequillo,0,1,2025-12-16
15682,0,0,VA0184_20251216,Valsequillo,0,1,2025-12-16
15683,0,0,VA0185_20251216,Valsequillo,0,1,2025-12-16
15684,0,0,VA0186_20251216,Valsequillo,0,1,2025-12-16
15685,0,0,VA0187_20251216,Valsequillo,0,1,2025-12-16
15686,0,0,VA0188_20251216,Valsequillo,0,1,2025-12-16
15687,0,0,VA0189_20251216,Valsequillo,0,1,2025-12-16
15688,0,0,VA0190_20251216,Valsequillo,0,1,2025-12-16
15689,0,0,VA0191_20251216,Valsequillo,0,1,2025-12-16
15690,0,1,VA0192_20251216,Valsequillo,0,1,2025-12-16
15691,0,0,VA0193_20251216,Valsequillo,0,1,2025-12-16
15692,0,0,VA0194_20251216,Valsequillo,0,1,2025-12-16
15693,0,0,VA0195_20251216,Valsequillo,0,1,2025-12-16
15694,0,0,VA0196_20251216,Valsequillo,0,1,2025-12-16
15695,0,0,VA0197_20251216,Valsequillo,0,1,2025-12-16
15696,0,0,VA0198_20251216,Valsequillo,0,1,2025-12-16
15697,0,0,VA0199_20251216,Valsequillo,0,1,2025-12-16
15698,1,1,VA0200_20251216,Valsequillo,1,3,2025-12-16
15699,1,1,VA0001_20230317,Valsequillo,1,3,2023-03-17
15700,1,1,VA0002_20230317,Valsequillo,1,3,2023-03-17
15701,1,1,VA0003_20230317,Valsequillo,1,3,2023-03-17
15702,1,1,VA0004_20230317,Valsequillo,1,3,2023-03-17
15703,1,1,VA0005_20230317,Valsequillo,1,3,2023-03-17
15704,1,1,VA0006_20230317,Valsequillo,1,3,2023-03-17
15705,1,1,VA0007_20230317,Valsequillo,1,3,2023-03-17
15706,1,1,VA0008_20230317,Valsequillo,1,3,2023-03-17
15707,1,1,VA0009_20230317,Valsequillo,1,3,2023-03-17
15708,1,1,VA0010_20230317,Valsequillo,1,3,2023-03-17
15709,1,1,VA0011_20230317,Valsequillo,1,3,2023-03-17
15710,1,1,VA0012_20230317,Valsequillo,1,3,2023-03-17
15711,1,1,VA0013_20230317,Valsequillo,1,3,2023-03-17
15712,1,1,VA0014_20230317,Valsequillo,1,3,2023-03-17
15713,1,1,VA0015_20230317,Valsequillo,1,3,2023-03-17
15714,1,1,VA0016_20230317,Valsequillo,1,3,2023-03-17
15715,1,1,VA0017_20230317,Valsequillo,1,3,2023-03-17
15716,1,1,VA0018_20230317,Valsequillo,1,3,2023-03-17
15717,1,1,VA0019_20230317,Valsequillo,1,3,2023-03-17
15718,1,1,VA0020_20230317,Valsequillo,1,3,2023-03-17
15719,1,1,VA0021_20230317,Valsequillo,1,3,2023-03-17
15720,1,1,VA0022_20230317,Valsequillo,1,3,2023-03-17
15721,1,1,VA0023_20230317,Valsequillo,1,3,2023-03-17
15722,1,1,VA0024_20230317,Valsequillo,1,3,2023-03-17
15723,1,1,VA0025_20230317,Valsequillo,1,3,2023-03-17
15724,1,1,VA0026_20230317,Valsequillo,1,3,2023-03-17
15725,1,1,VA0027_20230317,Valsequillo,1,3,2023-03-17
15726,1,1,VA0028_20230317,Valsequillo,1,3,2023-03-17
15727,1,0,VA0029_20230317,Valsequillo,1,3,2023-03-17
15728,1,0,VA0030_20230317,Valsequillo,1,3,2023-03-17
15729,1,1,VA0031_20230317,Valsequillo,1,3,2023-03-17
15730,1,0,VA0032_20230317,Valsequillo,1,3,2023-03-17
15731,1,1,VA0033_20230317,Valsequillo,1,3,2023-03-17
15732,1,0,VA0034_20230317,Valsequillo,1,3,2023-03-17
15733,1,0,VA0035_20230317,Valsequillo,1,3,2023-03-17
15734,1,0,VA0036_20230317,Valsequillo,1,3,2023-03-17
15735,1,1,VA0037_20230317,Valsequillo,1,3,2023-03-17
15736,1,0,VA0038_20230317,Valsequillo,1,3,2023-03-17
15737,1,0,VA0039_20230317,Valsequillo,1,3,2023-03-17
15738,1,0,VA0040_20230317,Valsequillo,1,3,2023-03-17
15739,1,0,VA0041_20230317,Valsequillo,1,3,2023-03-17
15740,1,0,VA0042_20230317,Valsequillo,1,3,2023-03-17
15741,1,0,VA0043_20230317,Valsequillo,1,3,2023-03-17
15742,1,1,VA0044_20230317,Valsequillo,1,3,2023-03-17
15743,1,1,VA0045_20230317,Valsequillo,1,3,2023-03-17
15744,1,1,VA0046_20230317,Valsequillo,1,3,2023-03-17
15745,1,0,VA0047_20230317,Valsequillo,1,3,2023-03-17
15746,1,1,VA0048_20230317,Valsequillo,1,3,2023-03-17
15747,1,0,VA0049_20230317,Valsequillo,1,3,2023-03-17
15748,1,0,VA0050_20230317,Valsequillo,1,3,2023-03-17
15749,1,1,VA0051_20230317,Valsequillo,1,3,2023-03-17
15750,1,0,VA0052_20230317,Valsequillo,1,3,2023-03-17
15751,1,0,VA0053_20230317,Valsequillo,1,3,2023-03-17
15752,1,1,VA0054_20230317,Valsequillo,1,3,2023-03-17
15753,1,1,VA0055_20230317,Valsequillo,1,3,2023-03-17
15754,1,0,VA0056_20230317,Valsequillo,1,3,2023-03-17
15755,1,1,VA0057_20230317,Valsequillo,1,3,2023-03-17
15756,1,1,VA0058_20230317,Valsequillo,1,3,2023-03-17
15757,1,1,VA0059_20230317,Valsequillo,1,3,2023-03-17
15758,1,1,VA0060_20230317,Valsequillo,1,3,2023-03-17
15759,1,1,VA0061_20230317,Valsequillo,1,3,2023-03-17
15760,1,1,VA0062_20230317,Valsequillo,1,3,2023-03-17
15761,1,1,VA0063_20230317,Valsequillo,1,3,2023-03-17
15762,1,1,VA0064_20230317,Valsequillo,1,3,2023-03-17
15763,1,0,VA0065_20230317,Valsequillo,1,3,2023-03-17
15764,1,1,VA0066_20230317,Valsequillo,1,3,2023-03-17
15765,1,1,VA0067_20230317,Valsequillo,1,3,2023-03-17
15766,1,0,VA0068_20230317,Valsequillo,1,3,2023-03-17
15767,1,0,VA0069_20230317,Valsequillo,1,3,2023-03-17
15768,1,0,VA0070_20230317,Valsequillo,1,3,2023-03-17
15769,1,0,VA0071_20230317,Valsequillo,1,3,2023-03-17
15770,1,0,VA0072_20230317,Valsequillo,1,3,2023-03-17
15771,1,1,VA0073_20230317,Valsequillo,1,3,2023-03-17
15772,1,1,VA0074_20230317,Valsequillo,1,3,2023-03-17
15773,1,1,VA0075_20230317,Valsequillo,1,3,2023-03-17
15774,1,1,VA0076_20230317,Valsequillo,1,3,2023-03-17
15775,1,1,VA0077_20230317,Valsequillo,1,3,2023-03-17
15776,1,1,VA0078_20230317,Valsequillo,1,3,2023-03-17
15777,1,1,VA0079_20230317,Valsequillo,1,3,2023-03-17
15778,1,1,VA0080_20230317,Valsequillo,1,3,2023-03-17
15779,0,0,VA0081_20230317,Valsequillo,0,2,2023-03-17
15780,0,0,VA0082_20230317,Valsequillo,0,2,2023-03-17
15781,0,0,VA0083_20230317,Valsequillo,0,2,2023-03-17
15782,0,0,VA0084_20230317,Valsequillo,0,2,2023-03-17
15783,0,0,VA0085_20230317,Valsequillo,0,2,2023-03-17
15784,0,0,VA0086_20230317,Valsequillo,0,2,2023-03-17
15785,0,0,VA0087_20230317,Valsequillo,0,2,2023-03-17
15786,0,0,VA0088_20230317,Valsequillo,0,2,2023-03-17
15787,0,0,VA0089_20230317,Valsequillo,0,2,2023-03-17
15788,0,0,VA0090_20230317,Valsequillo,0,2,2023-03-17
15789,0,0,VA0091_20230317,Valsequillo,0,2,2023-03-17
15790,0,0,VA0092_20230317,Valsequillo,0,2,2023-03-17
15791,0,0,VA0093_20230317,Valsequillo,0,2,2023-03-17
15792,0,0,VA0094_20230317,Valsequillo,0,2,2023-03-17
15793,0,0,VA0095_20230317,Valsequillo,0,2,2023-03-17
15794,0,0,VA0096_20230317,Valsequillo,0,2,2023-03-17
15795,0,0,VA0097_20230317,Valsequillo,0,2,2023-03-17
15796,0,0,VA0098_20230317,Valsequillo,0,2,2023-03-17
15797,0,0,VA0099_20230317,Valsequillo,0,2,2023-03-17
15798,0,0,VA0100_20230317,Valsequillo,0,2,2023-03-17
15799,0,0,VA0101_20230317,Valsequillo,0,2,2023-03-17
15800,0,0,VA0102_20230317,Valsequillo,0,2,2023-03-17
15801,0,0,VA0103_20230317,Valsequillo,0,2,2023-03-17
15802,0,0,VA0104_20230317,Valsequillo,0,2,2023-03-17
15803,0,0,VA0105_20230317,Valsequillo,0,2,2023-03-17
15804,0,0,VA0106_20230317,Valsequillo,0,2,2023-03-17
15805,0,0,VA0107_20230317,Valsequillo,0,2,2023-03-17
15806,0,0,VA0108_20230317,Valsequillo,0,2,2023-03-17
15807,0,0,VA0109_20230317,Valsequillo,0,2,2023-03-17
15808,0,0,VA0110_20230317,Valsequillo,0,2,2023-03-17
15809,0,0,VA0111_20230317,Valsequillo,0,2,2023-03-17
15810,0,0,VA0112_20230317,Valsequillo,0,2,2023-03-17
15811,0,0,VA0113_20230317,Valsequillo,0,2,2023-03-17
15812,0,0,VA0114_20230317,Valsequillo,0,2,2023-03-17
15813,0,0,VA0115_20230317,Valsequillo,0,2,2023-03-17
15814,0,0,VA0116_20230317,Valsequillo,0,2,2023-03-17
15815,0,0,VA0117_20230317,Valsequillo,0,2,2023-03-17
15816,0,0,VA0118_20230317,Valsequillo,0,2,2023-03-17
15817,0,0,VA0119_20230317,Valsequillo,0,2,2023-03-17
15818,0,0,VA0120_20230317,Valsequillo,0,2,2023-03-17
15819,0,0,VA0121_20230317,Valsequillo,0,1,2023-03-17
15820,0,0,VA0122_20230317,Valsequillo,0,1,2023-03-17
15821,0,0,VA0123_20230317,Valsequillo,0,1,2023-03-17
15822,0,0,VA0124_20230317,Valsequillo,0,1,2023-03-17
15823,0,0,VA0125_20230317,Valsequillo,0,1,2023-03-17
15824,0,0,VA0126_20230317,Valsequillo,0,1,2023-03-17
15825,0,0,VA0128_20230317,Valsequillo,0,1,2023-03-17
15826,0,0,VA0129_20230317,Valsequillo,0,1,2023-03-17
15827,0,0,VA0130_20230317,Valsequillo,0,1,2023-03-17
15828,0,0,VA0131_20230317,Valsequillo,0,1,2023-03-17
15829,0,0,VA0133_20230317,Valsequillo,0,1,2023-03-17
15830,0,0,VA0134_20230317,Valsequillo,0,1,2023-03-17
15831,0,0,VA0135_20230317,Valsequillo,0,1,2023-03-17
15832,0,0,VA0136_20230317,Valsequillo,0,1,2023-03-17
15833,0,0,VA0138_20230317,Valsequillo,0,1,2023-03-17
15834,0,0,VA0139_20230317,Valsequillo,0,1,2023-03-17
15835,0,0,VA0140_20230317,Valsequillo,0,1,2023-03-17
15836,0,0,VA0141_20230317,Valsequillo,0,1,2023-03-17
15837,0,0,VA0143_20230317,Valsequillo,0,1,2023-03-17
15838,0,0,VA0144_20230317,Valsequillo,0,1,2023-03-17
15839,0,0,VA0145_20230317,Valsequillo,0,1,2023-03-17
15840,0,0,VA0147_20230317,Valsequillo,0,1,2023-03-17
15841,0,0,VA0149_20230317,Valsequillo,0,1,2023-03-17
15842,0,0,VA0150_20230317,Valsequillo,0,1,2023-03-17
15843,0,0,VA0151_20230317,Valsequillo,0,1,2023-03-17
15844,0,0,VA0152_20230317,Valsequillo,0,1,2023-03-17
15845,0,0,VA0153_20230317,Valsequillo,0,1,2023-03-17
15846,0,0,VA0154_20230317,Valsequillo,0,1,2023-03-17
15847,0,0,VA0155_20230317,Valsequillo,0,1,2023-03-17
15848,0,0,VA0156_20230317,Valsequillo,0,1,2023-03-17
15849,0,1,VA0157_20230317,Valsequillo,0,1,2023-03-17
15850,0,1,VA0158_20230317,Valsequillo,0,1,2023-03-17
15851,0,1,VA0159_20230317,Valsequillo,0,1,2023-03-17
15852,0,0,VA0160_20230317,Valsequillo,0,1,2023-03-17
15853,0,0,VA0161_20230317,Valsequillo,0,1,2023-03-17
15854,0,0,VA0162_20230317,Valsequillo,0,1,2023-03-17
15855,0,0,VA0163_20230317,Valsequillo,0,1,2023-03-17
15856,0,0,VA0164_20230317,Valsequillo,0,1,2023-03-17
15857,0,0,VA0165_20230317,Valsequillo,0,1,2023-03-17
15858,0,0,VA0166_20230317,Valsequillo,0,1,2023-03-17
15859,1,1,VA0001_20230913,Valsequillo,1,3,2023-09-13
15860,1,1,VA0002_20230913,Valsequillo,1,3,2023-09-13
15861,1,1,VA0003_20230913,Valsequillo,1,3,2023-09-13
15862,1,1,VA0004_20230913,Valsequillo,1,3,2023-09-13
15863,1,1,VA0005_20230913,Valsequillo,1,3,2023-09-13
15864,1,1,VA0006_20230913,Valsequillo,1,3,2023-09-13
15865,1,1,VA0007_20230913,Valsequillo,1,3,2023-09-13
15866,1,1,VA0008_20230913,Valsequillo,1,3,2023-09-13
15867,1,1,VA0009_20230913,Valsequillo,1,3,2023-09-13
15868,1,1,VA0010_20230913,Valsequillo,1,3,2023-09-13
15869,1,1,VA0011_20230913,Valsequillo,1,3,2023-09-13
15870,1,1,VA0012_20230913,Valsequillo,1,3,2023-09-13
15871,1,1,VA0013_20230913,Valsequillo,1,3,2023-09-13
15872,1,1,VA0014_20230913,Valsequillo,1,3,2023-09-13
15873,1,1,VA0015_20230913,Valsequillo,1,3,2023-09-13
15874,1,1,VA0016_20230913,Valsequillo,1,3,2023-09-13
15875,1,1,VA0017_20230913,Valsequillo,1,3,2023-09-13
15876,1,1,VA0018_20230913,Valsequillo,1,3,2023-09-13
15877,1,1,VA0019_20230913,Valsequillo,1,3,2023-09-13
15878,1,1,VA0020_20230913,Valsequillo,1,3,2023-09-13
15879,1,1,VA0021_20230913,Valsequillo,1,3,2023-09-13
15880,1,1,VA0022_20230913,Valsequillo,1,3,2023-09-13
15881,1,1,VA0023_20230913,Valsequillo,1,3,2023-09-13
15882,1,1,VA0024_20230913,Valsequillo,1,3,2023-09-13
15883,1,1,VA0025_20230913,Valsequillo,1,3,2023-09-13
15884,1,1,VA0026_20230913,Valsequillo,1,3,2023-09-13
15885,1,1,VA0027_20230913,Valsequillo,1,3,2023-09-13
15886,1,1,VA0028_20230913,Valsequillo,1,3,2023-09-13
15887,1,1,VA0029_20230913,Valsequillo,1,3,2023-09-13
15888,1,1,VA0030_20230913,Valsequillo,1,3,2023-09-13
15889,1,1,VA0031_20230913,Valsequillo,1,3,2023-09-13
15890,1,1,VA0032_20230913,Valsequillo,1,3,2023-09-13
15891,1,1,VA0033_20230913,Valsequillo,1,3,2023-09-13
15892,1,1,VA0034_20230913,Valsequillo,1,3,2023-09-13
15893,1,1,VA0035_20230913,Valsequillo,1,3,2023-09-13
15894,1,1,VA0036_20230913,Valsequillo,1,3,2023-09-13
15895,1,1,VA0037_20230913,Valsequillo,1,3,2023-09-13
15896,1,1,VA0038_20230913,Valsequillo,1,3,2023-09-13
15897,1,1,VA0039_20230913,Valsequillo,1,3,2023-09-13
15898,1,1,VA0040_20230913,Valsequillo,1,3,2023-09-13
15899,1,1,VA0041_20230913,Valsequillo,1,3,2023-09-13
15900,1,1,VA0042_20230913,Valsequillo,1,3,2023-09-13
15901,1,1,VA0043_20230913,Valsequillo,1,3,2023-09-13
15902,1,1,VA0044_20230913,Valsequillo,1,3,2023-09-13
15903,1,1,VA0045_20230913,Valsequillo,1,3,2023-09-13
15904,1,1,VA0046_20230913,Valsequillo,1,3,2023-09-13
15905,1,1,VA0047_20230913,Valsequillo,1,3,2023-09-13
15906,1,1,VA0048_20230913,Valsequillo,1,3,2023-09-13
15907,1,1,VA0049_20230913,Valsequillo,1,3,2023-09-13
15908,1,1,VA0050_20230913,Valsequillo,1,3,2023-09-13
15909,1,1,VA0051_20230913,Valsequillo,1,3,2023-09-13
15910,1,1,VA0052_20230913,Valsequillo,1,3,2023-09-13
15911,1,1,VA0053_20230913,Valsequillo,1,3,2023-09-13
15912,1,1,VA0054_20230913,Valsequillo,1,3,2023-09-13
15913,1,1,VA0055_20230913,Valsequillo,1,3,2023-09-13
15914,1,1,VA0056_20230913,Valsequillo,1,3,2023-09-13
15915,1,1,VA0057_20230913,Valsequillo,1,3,2023-09-13
15916,1,1,VA0058_20230913,Valsequillo,1,3,2023-09-13
15917,1,1,VA0059_20230913,Valsequillo,1,3,2023-09-13
15918,1,1,VA0060_20230913,Valsequillo,1,3,2023-09-13
15919,1,1,VA0061_20230913,Valsequillo,1,3,2023-09-13
15920,1,1,VA0062_20230913,Valsequillo,1,3,2023-09-13
15921,1,1,VA0063_20230913,Valsequillo,1,3,2023-09-13
15922,1,1,VA0064_20230913,Valsequillo,1,3,2023-09-13
15923,1,1,VA0065_20230913,Valsequillo,1,3,2023-09-13
15924,1,1,VA0066_20230913,Valsequillo,1,3,2023-09-13
15925,1,1,VA0067_20230913,Valsequillo,1,3,2023-09-13
15926,1,1,VA0068_20230913,Valsequillo,1,3,2023-09-13
15927,1,1,VA0069_20230913,Valsequillo,1,3,2023-09-13
15928,1,1,VA0070_20230913,Valsequillo,1,3,2023-09-13
15929,1,1,VA0071_20230913,Valsequillo,1,3,2023-09-13
15930,1,1,VA0072_20230913,Valsequillo,1,3,2023-09-13
15931,1,1,VA0073_20230913,Valsequillo,1,3,2023-09-13
15932,1,1,VA0074_20230913,Valsequillo,1,3,2023-09-13
15933,1,1,VA0075_20230913,Valsequillo,1,3,2023-09-13
15934,1,1,VA0076_20230913,Valsequillo,1,3,2023-09-13
15935,1,1,VA0077_20230913,Valsequillo,1,3,2023-09-13
15936,1,1,VA0078_20230913,Valsequillo,1,3,2023-09-13
15937,1,1,VA0079_20230913,Valsequillo,1,3,2023-09-13
15938,1,1,VA0080_20230913,Valsequillo,1,3,2023-09-13
15939,0,0,VA0081_20230913,Valsequillo,0,1,2023-09-13
15940,0,0,VA0082_20230913,Valsequillo,0,1,2023-09-13
15941,0,0,VA0083_20230913,Valsequillo,0,1,2023-09-13
15942,0,0,VA0084_20230913,Valsequillo,0,1,2023-09-13
15943,0,0,VA0085_20230913,Valsequillo,0,1,2023-09-13
15944,0,0,VA0086_20230913,Valsequillo,0,1,2023-09-13
15945,0,0,VA0087_20230913,Valsequillo,0,1,2023-09-13
15946,0,0,VA0088_20230913,Valsequillo,0,1,2023-09-13
15947,0,0,VA0089_20230913,Valsequillo,0,1,2023-09-13
15948,0,0,VA0090_20230913,Valsequillo,0,1,2023-09-13
15949,0,0,VA0091_20230913,Valsequillo,0,1,2023-09-13
15950,0,0,VA0092_20230913,Valsequillo,0,1,2023-09-13
15951,0,0,VA0093_20230913,Valsequillo,0,1,2023-09-13
15952,0,0,VA0094_20230913,Valsequillo,0,1,2023-09-13
15953,0,0,VA0095_20230913,Valsequillo,0,1,2023-09-13
15954,0,0,VA0096_20230913,Valsequillo,0,1,2023-09-13
15955,0,0,VA0097_20230913,Valsequillo,0,1,2023-09-13
15956,0,0,VA0098_20230913,Valsequillo,0,1,2023-09-13
15957,0,0,VA0099_20230913,Valsequillo,0,1,2023-09-13
15958,0,0,VA0100_20230913,Valsequillo,0,1,2023-09-13
15959,0,0,VA0101_20230913,Valsequillo,0,1,2023-09-13
15960,0,0,VA0102_20230913,Valsequillo,0,1,2023-09-13
15961,0,0,VA0103_20230913,Valsequillo,0,1,2023-09-13
15962,0,0,VA0104_20230913,Valsequillo,0,1,2023-09-13
15963,0,0,VA0105_20230913,Valsequillo,0,1,2023-09-13
15964,0,0,VA0106_20230913,Valsequillo,0,1,2023-09-13
15965,0,0,VA0107_20230913,Valsequillo,0,1,2023-09-13
15966,0,0,VA0108_20230913,Valsequillo,0,1,2023-09-13
15967,0,0,VA0109_20230913,Valsequillo,0,1,2023-09-13
15968,0,0,VA0110_20230913,Valsequillo,0,1,2023-09-13
15969,0,0,VA0111_20230913,Valsequillo,0,1,2023-09-13
15970,0,0,VA0112_20230913,Valsequillo,0,1,2023-09-13
15971,0,1,VA0113_20230913,Valsequillo,0,1,2023-09-13
15972,0,0,VA0114_20230913,Valsequillo,0,1,2023-09-13
15973,0,0,VA0115_20230913,Valsequillo,0,1,2023-09-13
15974,0,0,VA0116_20230913,Valsequillo,0,1,2023-09-13
15975,0,0,VA0117_20230913,Valsequillo,0,1,2023-09-13
15976,0,0,VA0118_20230913,Valsequillo,0,1,2023-09-13
15977,0,0,VA0119_20230913,Valsequillo,0,1,2023-09-13
15978,0,0,VA0120_20230913,Valsequillo,0,1,2023-09-13
15979,0,0,VA0121_20230913,Valsequillo,0,2,2023-09-13
15980,0,0,VA0122_20230913,Valsequillo,0,2,2023-09-13
15981,0,0,VA0123_20230913,Valsequillo,0,2,2023-09-13
15982,0,0,VA0124_20230913,Valsequillo,0,2,2023-09-13
15983,0,0,VA0125_20230913,Valsequillo,0,2,2023-09-13
15984,0,0,VA0126_20230913,Valsequillo,0,2,2023-09-13
15985,0,0,VA0127_20230913,Valsequillo,0,2,2023-09-13
15986,0,0,VA0128_20230913,Valsequillo,0,2,2023-09-13
15987,0,0,VA0129_20230913,Valsequillo,0,2,2023-09-13
15988,0,0,VA0130_20230913,Valsequillo,0,2,2023-09-13
15989,0,0,VA0131_20230913,Valsequillo,0,2,2023-09-13
15990,0,0,VA0132_20230913,Valsequillo,0,2,2023-09-13
15991,0,0,VA0133_20230913,Valsequillo,0,2,2023-09-13
15992,0,0,VA0134_20230913,Valsequillo,0,2,2023-09-13
15993,0,0,VA0135_20230913,Valsequillo,0,2,2023-09-13
15994,0,0,VA0136_20230913,Valsequillo,0,2,2023-09-13
15995,0,0,VA0137_20230913,Valsequillo,0,2,2023-09-13
15996,0,0,VA0138_20230913,Valsequillo,0,2,2023-09-13
15997,0,0,VA0139_20230913,Valsequillo,0,2,2023-09-13
15998,0,0,VA0140_20230913,Valsequillo,0,2,2023-09-13
15999,0,0,VA0141_20230913,Valsequillo,0,2,2023-09-13
16000,0,0,VA0142_20230913,Valsequillo,0,2,2023-09-13
16001,0,0,VA0143_20230913,Valsequillo,0,2,2023-09-13
16002,0,0,VA0144_20230913,Valsequillo,0,2,2023-09-13
16003,0,0,VA0145_20230913,Valsequillo,0,2,2023-09-13
16004,0,0,VA0146_20230913,Valsequillo,0,2,2023-09-13
16005,0,0,VA0147_20230913,Valsequillo,0,2,2023-09-13
16006,0,0,VA0148_20230913,Valsequillo,0,2,2023-09-13
16007,0,0,VA0149_20230913,Valsequillo,0,2,2023-09-13
16008,0,0,VA0150_20230913,Valsequillo,0,2,2023-09-13
16009,0,0,VA0151_20230913,Valsequillo,0,2,2023-09-13
16010,0,0,VA0152_20230913,Valsequillo,0,2,2023-09-13
16011,0,0,VA0153_20230913,Valsequillo,0,2,2023-09-13
16012,0,0,VA0154_20230913,Valsequillo,0,2,2023-09-13
16013,0,0,VA0155_20230913,Valsequillo,0,2,2023-09-13
16014,0,0,VA0156_20230913,Valsequillo,0,2,2023-09-13
16015,0,0,VA0157_20230913,Valsequillo,0,2,2023-09-13
16016,0,0,VA0158_20230913,Valsequillo,0,2,2023-09-13
16017,0,0,VA0159_20230913,Valsequillo,0,2,2023-09-13
16018,0,0,VA0160_20230913,Valsequillo,0,2,2023-09-13
0,1,1,VE0001_20221224,Vembanad,1,3,2022-12-24
1,1,1,VE0002_20221224,Vembanad,1,3,2022-12-24
2,1,0,VE0003_20221224,Vembanad,1,3,2022-12-24
3,1,0,VE0004_20221224,Vembanad,1,3,2022-12-24
4,1,0,VE0005_20221224,Vembanad,1,3,2022-12-24
5,1,1,VE0006_20221224,Vembanad,1,3,2022-12-24
6,1,0,VE0007_20221224,Vembanad,1,3,2022-12-24
7,1,1,VE0008_20221224,Vembanad,1,3,2022-12-24
8,1,1,VE0009_20221224,Vembanad,1,3,2022-12-24
9,1,1,VE0010_20221224,Vembanad,1,3,2022-12-24
10,1,0,VE0011_20221224,Vembanad,1,3,2022-12-24
11,1,1,VE0012_20221224,Vembanad,1,3,2022-12-24
12,1,0,VE0013_20221224,Vembanad,1,3,2022-12-24
13,1,1,VE0014_20221224,Vembanad,1,3,2022-12-24
14,1,0,VE0015_20221224,Vembanad,1,3,2022-12-24
15,1,1,VE0016_20221224,Vembanad,1,3,2022-12-24
16,1,1,VE0017_20221224,Vembanad,1,3,2022-12-24
17,1,1,VE0018_20221224,Vembanad,1,3,2022-12-24
18,1,1,VE0019_20221224,Vembanad,1,3,2022-12-24
19,1,1,VE0020_20221224,Vembanad,1,3,2022-12-24
20,1,1,VE0021_20221224,Vembanad,1,3,2022-12-24
21,1,1,VE0022_20221224,Vembanad,1,3,2022-12-24
22,1,1,VE0023_20221224,Vembanad,1,3,2022-12-24
23,1,1,VE0024_20221224,Vembanad,1,3,2022-12-24
24,1,1,VE0025_20221224,Vembanad,1,3,2022-12-24
25,1,1,VE0026_20221224,Vembanad,1,3,2022-12-24
26,1,0,VE0027_20221224,Vembanad,1,3,2022-12-24
27,1,1,VE0028_20221224,Vembanad,1,3,2022-12-24
28,1,1,VE0029_20221224,Vembanad,1,3,2022-12-24
29,1,1,VE0030_20221224,Vembanad,1,3,2022-12-24
30,1,1,VE0031_20221224,Vembanad,1,3,2022-12-24
31,1,1,VE0032_20221224,Vembanad,1,3,2022-12-24
32,1,1,VE0033_20221224,Vembanad,1,3,2022-12-24
33,1,1,VE0034_20221224,Vembanad,1,3,2022-12-24
34,1,1,VE0035_20221224,Vembanad,1,3,2022-12-24
35,1,1,VE0036_20221224,Vembanad,1,3,2022-12-24
36,1,1,VE0037_20221224,Vembanad,1,3,2022-12-24
37,1,1,VE0038_20221224,Vembanad,1,3,2022-12-24
38,1,1,VE0039_20221224,Vembanad,1,3,2022-12-24
39,1,1,VE0040_20221224,Vembanad,1,3,2022-12-24
40,1,1,VE0041_20221224,Vembanad,1,3,2022-12-24
41,1,1,VE0042_20221224,Vembanad,1,3,2022-12-24
42,1,1,VE0043_20221224,Vembanad,1,3,2022-12-24
43,1,1,VE0044_20221224,Vembanad,1,3,2022-12-24
44,1,1,VE0045_20221224,Vembanad,1,3,2022-12-24
45,1,1,VE0046_20221224,Vembanad,1,3,2022-12-24
46,1,1,VE0047_20221224,Vembanad,1,3,2022-12-24
47,1,1,VE0048_20221224,Vembanad,1,3,2022-12-24
48,1,1,VE0049_20221224,Vembanad,1,3,2022-12-24
49,1,1,VE0050_20221224,Vembanad,1,3,2022-12-24
50,1,1,VE0051_20221224,Vembanad,1,3,2022-12-24
51,0,0,VE0052_20221224,Vembanad,0,1,2022-12-24
52,0,0,VE0053_20221224,Vembanad,0,1,2022-12-24
53,0,0,VE0054_20221224,Vembanad,0,1,2022-12-24
54,0,0,VE0055_20221224,Vembanad,0,1,2022-12-24
55,0,1,VE0056_20221224,Vembanad,0,1,2022-12-24
56,0,0,VE0057_20221224,Vembanad,0,1,2022-12-24
57,0,0,VE0058_20221224,Vembanad,0,1,2022-12-24
58,0,0,VE0059_20221224,Vembanad,0,1,2022-12-24
59,0,0,VE0060_20221224,Vembanad,0,1,2022-12-24
60,1,1,VE0061_20221224,Vembanad,1,3,2022-12-24
61,1,1,VE0062_20221224,Vembanad,1,3,2022-12-24
62,1,1,VE0063_20221224,Vembanad,1,3,2022-12-24
63,1,1,VE0064_20221224,Vembanad,1,3,2022-12-24
64,1,1,VE0065_20221224,Vembanad,1,3,2022-12-24
65,1,1,VE0066_20221224,Vembanad,1,3,2022-12-24
66,1,1,VE0067_20221224,Vembanad,1,3,2022-12-24
67,1,1,VE0068_20221224,Vembanad,1,3,2022-12-24
68,1,1,VE0069_20221224,Vembanad,1,3,2022-12-24
69,1,1,VE0070_20221224,Vembanad,1,3,2022-12-24
70,1,1,VE0071_20221224,Vembanad,1,3,2022-12-24
71,1,1,VE0072_20221224,Vembanad,1,3,2022-12-24
72,1,1,VE0073_20221224,Vembanad,1,3,2022-12-24
73,1,1,VE0074_20221224,Vembanad,1,3,2022-12-24
74,1,0,VE0075_20221224,Vembanad,1,3,2022-12-24
75,1,0,VE0076_20221224,Vembanad,1,3,2022-12-24
76,1,1,VE0077_20221224,Vembanad,1,3,2022-12-24
77,1,1,VE0078_20221224,Vembanad,1,3,2022-12-24
78,1,1,VE0079_20221224,Vembanad,1,3,2022-12-24
79,1,1,VE0080_20221224,Vembanad,1,3,2022-12-24
80,1,1,VE0081_20221224,Vembanad,1,3,2022-12-24
81,1,1,VE0082_20221224,Vembanad,1,3,2022-12-24
82,1,1,VE0083_20221224,Vembanad,1,3,2022-12-24
83,1,1,VE0084_20221224,Vembanad,1,3,2022-12-24
84,1,1,VE0085_20221224,Vembanad,1,3,2022-12-24
85,1,1,VE0086_20221224,Vembanad,1,3,2022-12-24
86,1,1,VE0087_20221224,Vembanad,1,3,2022-12-24
87,1,1,VE0088_20221224,Vembanad,1,3,2022-12-24
88,1,1,VE0089_20221224,Vembanad,1,3,2022-12-24
89,1,1,VE0090_20221224,Vembanad,1,3,2022-12-24
90,1,1,VE0091_20221224,Vembanad,1,3,2022-12-24
91,1,1,VE0092_20221224,Vembanad,1,3,2022-12-24
92,1,1,VE0093_20221224,Vembanad,1,3,2022-12-24
93,1,1,VE0094_20221224,Vembanad,1,3,2022-12-24
94,1,1,VE0095_20221224,Vembanad,1,3,2022-12-24
95,1,1,VE0096_20221224,Vembanad,1,3,2022-12-24
96,1,1,VE0097_20221224,Vembanad,1,3,2022-12-24
97,1,1,VE0098_20221224,Vembanad,1,3,2022-12-24
98,1,1,VE0099_20221224,Vembanad,1,3,2022-12-24
99,1,1,VE0100_20221224,Vembanad,1,3,2022-12-24
100,1,1,VE0101_20221224,Vembanad,1,3,2022-12-24
101,1,1,VE0102_20221224,Vembanad,1,3,2022-12-24
102,1,1,VE0103_20221224,Vembanad,1,3,2022-12-24
103,1,1,VE0104_20221224,Vembanad,1,3,2022-12-24
104,1,1,VE0105_20221224,Vembanad,1,3,2022-12-24
105,1,1,VE0106_20221224,Vembanad,1,3,2022-12-24
106,1,0,VE0107_20221224,Vembanad,1,3,2022-12-24
107,1,1,VE0108_20221224,Vembanad,1,3,2022-12-24
108,1,1,VE0109_20221224,Vembanad,1,3,2022-12-24
109,1,1,VE0110_20221224,Vembanad,1,3,2022-12-24
110,1,1,VE0111_20221224,Vembanad,1,3,2022-12-24
111,1,1,VE0112_20221224,Vembanad,1,3,2022-12-24
112,1,1,VE0113_20221224,Vembanad,1,3,2022-12-24
113,1,1,VE0114_20221224,Vembanad,1,3,2022-12-24
114,1,1,VE0115_20221224,Vembanad,1,3,2022-12-24
115,1,1,VE0116_20221224,Vembanad,1,3,2022-12-24
116,1,1,VE0117_20221224,Vembanad,1,3,2022-12-24
117,1,1,VE0118_20221224,Vembanad,1,3,2022-12-24
118,1,1,VE0119_20221224,Vembanad,1,3,2022-12-24
119,1,1,VE0120_20221224,Vembanad,1,3,2022-12-24
120,1,1,VE0121_20221224,Vembanad,1,3,2022-12-24
121,1,1,VE0122_20221224,Vembanad,1,3,2022-12-24
122,1,1,VE0123_20221224,Vembanad,1,3,2022-12-24
123,1,1,VE0124_20221224,Vembanad,1,3,2022-12-24
124,1,1,VE0125_20221224,Vembanad,1,3,2022-12-24
125,1,1,VE0126_20221224,Vembanad,1,3,2022-12-24
126,1,1,VE0127_20221224,Vembanad,1,3,2022-12-24
127,1,1,VE0128_20221224,Vembanad,1,3,2022-12-24
128,1,1,VE0129_20221224,Vembanad,1,3,2022-12-24
129,1,1,VE0130_20221224,Vembanad,1,3,2022-12-24
130,1,1,VE0131_20221224,Vembanad,1,3,2022-12-24
131,1,1,VE0132_20221224,Vembanad,1,3,2022-12-24
132,1,1,VE0133_20221224,Vembanad,1,3,2022-12-24
133,1,1,VE0134_20221224,Vembanad,1,3,2022-12-24
134,1,1,VE0135_20221224,Vembanad,1,3,2022-12-24
135,1,1,VE0136_20221224,Vembanad,1,3,2022-12-24
136,1,1,VE0137_20221224,Vembanad,1,3,2022-12-24
137,1,1,VE0138_20221224,Vembanad,1,3,2022-12-24
138,1,1,VE0139_20221224,Vembanad,1,3,2022-12-24
139,1,1,VE0140_20221224,Vembanad,1,3,2022-12-24
140,1,1,VE0141_20221224,Vembanad,1,3,2022-12-24
141,1,1,VE0142_20221224,Vembanad,1,3,2022-12-24
142,1,1,VE0143_20221224,Vembanad,1,3,2022-12-24
143,1,1,VE0144_20221224,Vembanad,1,3,2022-12-24
144,1,1,VE0145_20221224,Vembanad,1,3,2022-12-24
145,1,1,VE0146_20221224,Vembanad,1,3,2022-12-24
146,1,1,VE0147_20221224,Vembanad,1,3,2022-12-24
147,1,1,VE0148_20221224,Vembanad,1,3,2022-12-24
148,1,1,VE0149_20221224,Vembanad,1,3,2022-12-24
149,1,1,VE0150_20221224,Vembanad,1,3,2022-12-24
150,1,1,VE0151_20221224,Vembanad,1,3,2022-12-24
151,1,1,VE0152_20221224,Vembanad,1,3,2022-12-24
152,1,1,VE0153_20221224,Vembanad,1,3,2022-12-24
153,1,1,VE0154_20221224,Vembanad,1,3,2022-12-24
154,1,1,VE0155_20221224,Vembanad,1,3,2022-12-24
155,0,0,VE0156_20221224,Vembanad,0,1,2022-12-24
156,0,0,VE0157_20221224,Vembanad,0,1,2022-12-24
157,0,0,VE0158_20221224,Vembanad,0,1,2022-12-24
158,0,0,VE0159_20221224,Vembanad,0,1,2022-12-24
159,0,0,VE0160_20221224,Vembanad,0,1,2022-12-24
160,1,1,VE0161_20221224,Vembanad,1,3,2022-12-24
161,1,1,VE0162_20221224,Vembanad,1,3,2022-12-24
162,1,1,VE0163_20221224,Vembanad,1,3,2022-12-24
163,1,1,VE0164_20221224,Vembanad,1,3,2022-12-24
164,1,1,VE0165_20221224,Vembanad,1,3,2022-12-24
165,1,1,VE0166_20221224,Vembanad,1,3,2022-12-24
166,1,1,VE0167_20221224,Vembanad,1,3,2022-12-24
167,1,1,VE0168_20221224,Vembanad,1,3,2022-12-24
168,1,1,VE0169_20221224,Vembanad,1,3,2022-12-24
169,1,1,VE0170_20221224,Vembanad,1,3,2022-12-24
170,1,1,VE0171_20221224,Vembanad,1,3,2022-12-24
171,1,1,VE0172_20221224,Vembanad,1,3,2022-12-24
172,1,1,VE0173_20221224,Vembanad,1,3,2022-12-24
173,1,1,VE0174_20221224,Vembanad,1,3,2022-12-24
174,1,1,VE0175_20221224,Vembanad,1,3,2022-12-24
175,1,1,VE0176_20221224,Vembanad,1,3,2022-12-24
176,1,1,VE0177_20221224,Vembanad,1,3,2022-12-24
177,1,1,VE0178_20221224,Vembanad,1,3,2022-12-24
178,1,1,VE0179_20221224,Vembanad,1,3,2022-12-24
179,1,0,VE0180_20221224,Vembanad,1,3,2022-12-24
180,1,1,VE0181_20221224,Vembanad,1,3,2022-12-24
181,1,1,VE0182_20221224,Vembanad,1,3,2022-12-24
182,1,1,VE0183_20221224,Vembanad,1,3,2022-12-24
183,1,1,VE0184_20221224,Vembanad,1,3,2022-12-24
184,1,1,VE0185_20221224,Vembanad,1,3,2022-12-24
185,1,1,VE0186_20221224,Vembanad,1,3,2022-12-24
186,1,1,VE0187_20221224,Vembanad,1,3,2022-12-24
187,1,1,VE0188_20221224,Vembanad,1,3,2022-12-24
188,1,0,VE0189_20221224,Vembanad,1,3,2022-12-24
189,1,1,VE0190_20221224,Vembanad,1,3,2022-12-24
190,1,1,VE0191_20221224,Vembanad,1,3,2022-12-24
191,1,1,VE0192_20221224,Vembanad,1,3,2022-12-24
192,1,1,VE0193_20221224,Vembanad,1,3,2022-12-24
193,1,1,VE0194_20221224,Vembanad,1,3,2022-12-24
194,1,0,VE0195_20221224,Vembanad,1,3,2022-12-24
195,1,0,VE0196_20221224,Vembanad,1,3,2022-12-24
196,1,1,VE0197_20221224,Vembanad,1,3,2022-12-24
197,1,1,VE0198_20221224,Vembanad,1,3,2022-12-24
198,1,1,VE0199_20221224,Vembanad,1,3,2022-12-24
199,1,1,VE0200_20221224,Vembanad,1,3,2022-12-24
200,1,1,VE0201_20221224,Vembanad,1,3,2022-12-24
201,1,1,VE0202_20221224,Vembanad,1,3,2022-12-24
202,1,1,VE0203_20221224,Vembanad,1,3,2022-12-24
203,1,1,VE0204_20221224,Vembanad,1,3,2022-12-24
204,1,1,VE0205_20221224,Vembanad,1,3,2022-12-24
205,1,1,VE0206_20221224,Vembanad,1,3,2022-12-24
206,1,0,VE0207_20221224,Vembanad,1,3,2022-12-24
207,1,1,VE0208_20221224,Vembanad,1,3,2022-12-24
208,1,1,VE0209_20221224,Vembanad,1,3,2022-12-24
209,1,1,VE0210_20221224,Vembanad,1,3,2022-12-24
210,1,1,VE0211_20221224,Vembanad,1,3,2022-12-24
211,1,1,VE0212_20221224,Vembanad,1,3,2022-12-24
212,1,1,VE0213_20221224,Vembanad,1,3,2022-12-24
213,1,1,VE0214_20221224,Vembanad,1,3,2022-12-24
214,1,1,VE0215_20221224,Vembanad,1,3,2022-12-24
215,1,1,VE0216_20221224,Vembanad,1,3,2022-12-24
216,1,1,VE0217_20221224,Vembanad,1,3,2022-12-24
217,1,1,VE0218_20221224,Vembanad,1,3,2022-12-24
218,1,1,VE0219_20221224,Vembanad,1,3,2022-12-24
219,1,1,VE0220_20221224,Vembanad,1,3,2022-12-24
220,1,1,VE0221_20221224,Vembanad,1,3,2022-12-24
221,1,1,VE0222_20221224,Vembanad,1,3,2022-12-24
222,1,1,VE0223_20221224,Vembanad,1,3,2022-12-24
223,1,1,VE0224_20221224,Vembanad,1,3,2022-12-24
224,1,1,VE0225_20221224,Vembanad,1,3,2022-12-24
225,1,1,VE0226_20221224,Vembanad,1,3,2022-12-24
226,1,1,VE0227_20221224,Vembanad,1,3,2022-12-24
227,1,1,VE0228_20221224,Vembanad,1,3,2022-12-24
228,1,1,VE0229_20221224,Vembanad,1,3,2022-12-24
229,1,1,VE0230_20221224,Vembanad,1,3,2022-12-24
230,1,1,VE0231_20221224,Vembanad,1,3,2022-12-24
231,1,1,VE0232_20221224,Vembanad,1,3,2022-12-24
232,1,1,VE0233_20221224,Vembanad,1,3,2022-12-24
233,1,1,VE0234_20221224,Vembanad,1,3,2022-12-24
234,1,1,VE0235_20221224,Vembanad,1,3,2022-12-24
235,1,1,VE0236_20221224,Vembanad,1,3,2022-12-24
236,1,1,VE0237_20221224,Vembanad,1,3,2022-12-24
237,1,0,VE0238_20221224,Vembanad,1,3,2022-12-24
238,1,1,VE0239_20221224,Vembanad,1,3,2022-12-24
239,1,1,VE0240_20221224,Vembanad,1,3,2022-12-24
240,1,1,VE0241_20221224,Vembanad,1,3,2022-12-24
241,1,1,VE0242_20221224,Vembanad,1,3,2022-12-24
242,1,1,VE0243_20221224,Vembanad,1,3,2022-12-24
243,1,1,VE0244_20221224,Vembanad,1,3,2022-12-24
244,1,0,VE0245_20221224,Vembanad,1,3,2022-12-24
245,1,1,VE0246_20221224,Vembanad,1,3,2022-12-24
246,1,1,VE0247_20221224,Vembanad,1,3,2022-12-24
247,1,1,VE0248_20221224,Vembanad,1,3,2022-12-24
248,1,1,VE0249_20221224,Vembanad,1,3,2022-12-24
249,1,1,VE0250_20221224,Vembanad,1,3,2022-12-24
250,1,1,VE0251_20221224,Vembanad,1,3,2022-12-24
251,1,1,VE0252_20221224,Vembanad,1,3,2022-12-24
252,1,1,VE0253_20221224,Vembanad,1,3,2022-12-24
253,1,1,VE0254_20221224,Vembanad,1,3,2022-12-24
254,1,1,VE0255_20221224,Vembanad,1,3,2022-12-24
255,1,1,VE0256_20221224,Vembanad,1,3,2022-12-24
256,1,1,VE0257_20221224,Vembanad,1,3,2022-12-24
257,1,1,VE0258_20221224,Vembanad,1,3,2022-12-24
258,1,1,VE0259_20221224,Vembanad,1,3,2022-12-24
259,1,1,VE0260_20221224,Vembanad,1,3,2022-12-24
260,1,1,VE0261_20221224,Vembanad,1,3,2022-12-24
261,1,1,VE0262_20221224,Vembanad,1,3,2022-12-24
262,1,1,VE0263_20221224,Vembanad,1,3,2022-12-24
263,1,0,VE0264_20221224,Vembanad,1,3,2022-12-24
264,1,1,VE0265_20221224,Vembanad,1,3,2022-12-24
265,1,1,VE0266_20221224,Vembanad,1,3,2022-12-24
266,0,0,VE0267_20221224,Vembanad,0,1,2022-12-24
267,0,0,VE0268_20221224,Vembanad,0,1,2022-12-24
268,0,0,VE0269_20221224,Vembanad,0,1,2022-12-24
269,0,0,VE0270_20221224,Vembanad,0,1,2022-12-24
270,0,0,VE0271_20221224,Vembanad,0,1,2022-12-24
271,0,0,VE0272_20221224,Vembanad,0,1,2022-12-24
272,0,0,VE0273_20221224,Vembanad,0,1,2022-12-24
273,0,0,VE0274_20221224,Vembanad,0,1,2022-12-24
274,0,0,VE0275_20221224,Vembanad,0,1,2022-12-24
275,0,0,VE0276_20221224,Vembanad,0,1,2022-12-24
276,0,0,VE0277_20221224,Vembanad,0,1,2022-12-24
277,0,0,VE0278_20221224,Vembanad,0,1,2022-12-24
278,0,0,VE0279_20221224,Vembanad,0,1,2022-12-24
279,0,0,VE0280_20221224,Vembanad,0,1,2022-12-24
280,0,0,VE0281_20221224,Vembanad,0,1,2022-12-24
281,0,0,VE0282_20221224,Vembanad,0,1,2022-12-24
282,0,0,VE0283_20221224,Vembanad,0,1,2022-12-24
283,0,0,VE0284_20221224,Vembanad,0,1,2022-12-24
284,0,0,VE0285_20221224,Vembanad,0,1,2022-12-24
285,0,0,VE0286_20221224,Vembanad,0,1,2022-12-24
286,0,0,VE0287_20221224,Vembanad,0,1,2022-12-24
287,0,0,VE0288_20221224,Vembanad,0,1,2022-12-24
288,0,0,VE0289_20221224,Vembanad,0,1,2022-12-24
289,0,0,VE0290_20221224,Vembanad,0,1,2022-12-24
290,0,0,VE0291_20221224,Vembanad,0,1,2022-12-24
291,0,0,VE0292_20221224,Vembanad,0,1,2022-12-24
292,0,0,VE0293_20221224,Vembanad,0,1,2022-12-24
293,0,0,VE0294_20221224,Vembanad,0,1,2022-12-24
294,0,0,VE0295_20221224,Vembanad,0,1,2022-12-24
295,0,0,VE0296_20221224,Vembanad,0,1,2022-12-24
296,0,0,VE0297_20221224,Vembanad,0,1,2022-12-24
297,0,0,VE0298_20221224,Vembanad,0,1,2022-12-24
298,0,0,VE0299_20221224,Vembanad,0,1,2022-12-24
299,0,0,VE0300_20221224,Vembanad,0,1,2022-12-24
300,0,0,VE0301_20221224,Vembanad,0,1,2022-12-24
301,0,0,VE0302_20221224,Vembanad,0,1,2022-12-24
302,0,0,VE0303_20221224,Vembanad,0,1,2022-12-24
303,0,0,VE0304_20221224,Vembanad,0,1,2022-12-24
304,0,0,VE0305_20221224,Vembanad,0,1,2022-12-24
305,0,0,VE0306_20221224,Vembanad,0,1,2022-12-24
306,0,0,VE0307_20221224,Vembanad,0,1,2022-12-24
307,0,0,VE0308_20221224,Vembanad,0,1,2022-12-24
308,0,0,VE0309_20221224,Vembanad,0,1,2022-12-24
309,0,0,VE0310_20221224,Vembanad,0,1,2022-12-24
310,0,0,VE0311_20221224,Vembanad,0,1,2022-12-24
311,0,0,VE0312_20221224,Vembanad,0,1,2022-12-24
312,0,0,VE0313_20221224,Vembanad,0,1,2022-12-24
313,0,0,VE0314_20221224,Vembanad,0,1,2022-12-24
314,0,0,VE0315_20221224,Vembanad,0,1,2022-12-24
315,0,0,VE0316_20221224,Vembanad,0,1,2022-12-24
316,0,0,VE0317_20221224,Vembanad,0,1,2022-12-24
317,0,0,VE0318_20221224,Vembanad,0,1,2022-12-24
318,0,0,VE0319_20221224,Vembanad,0,1,2022-12-24
319,0,0,VE0320_20221224,Vembanad,0,1,2022-12-24
320,0,0,VE0321_20221224,Vembanad,0,1,2022-12-24
321,0,0,VE0322_20221224,Vembanad,0,1,2022-12-24
322,0,0,VE0323_20221224,Vembanad,0,1,2022-12-24
323,0,0,VE0324_20221224,Vembanad,0,1,2022-12-24
324,0,0,VE0325_20221224,Vembanad,0,1,2022-12-24
325,0,0,VE0326_20221224,Vembanad,0,1,2022-12-24
326,0,0,VE0327_20221224,Vembanad,0,1,2022-12-24
327,0,0,VE0328_20221224,Vembanad,0,1,2022-12-24
328,0,0,VE0329_20221224,Vembanad,0,1,2022-12-24
329,0,0,VE0330_20221224,Vembanad,0,1,2022-12-24
330,0,0,VE0331_20221224,Vembanad,0,1,2022-12-24
331,0,0,VE0332_20221224,Vembanad,0,1,2022-12-24
332,0,0,VE0333_20221224,Vembanad,0,1,2022-12-24
333,0,0,VE0334_20221224,Vembanad,0,1,2022-12-24
334,0,0,VE0335_20221224,Vembanad,0,1,2022-12-24
335,0,0,VE0336_20221224,Vembanad,0,1,2022-12-24
336,0,0,VE0337_20221224,Vembanad,0,1,2022-12-24
337,0,0,VE0338_20221224,Vembanad,0,1,2022-12-24
338,0,0,VE0339_20221224,Vembanad,0,1,2022-12-24
339,0,0,VE0340_20221224,Vembanad,0,1,2022-12-24
340,0,1,VE0341_20221224,Vembanad,0,1,2022-12-24
341,0,0,VE0342_20221224,Vembanad,0,1,2022-12-24
342,0,0,VE0343_20221224,Vembanad,0,1,2022-12-24
343,0,0,VE0344_20221224,Vembanad,0,1,2022-12-24
344,0,0,VE0345_20221224,Vembanad,0,1,2022-12-24
345,0,0,VE0346_20221224,Vembanad,0,1,2022-12-24
346,0,0,VE0347_20221224,Vembanad,0,1,2022-12-24
347,0,0,VE0348_20221224,Vembanad,0,1,2022-12-24
348,0,0,VE0349_20221224,Vembanad,0,1,2022-12-24
349,0,0,VE0350_20221224,Vembanad,0,1,2022-12-24
350,0,0,VE0351_20221224,Vembanad,0,1,2022-12-24
351,0,0,VE0352_20221224,Vembanad,0,1,2022-12-24
352,0,0,VE0353_20221224,Vembanad,0,2,2022-12-24
353,0,0,VE0354_20221224,Vembanad,0,2,2022-12-24
354,0,0,VE0355_20221224,Vembanad,0,2,2022-12-24
355,0,0,VE0356_20221224,Vembanad,0,2,2022-12-24
356,0,0,VE0357_20221224,Vembanad,0,2,2022-12-24
357,0,0,VE0358_20221224,Vembanad,0,2,2022-12-24
358,0,0,VE0359_20221224,Vembanad,0,2,2022-12-24
359,0,0,VE0360_20221224,Vembanad,0,2,2022-12-24
360,0,0,VE0361_20221224,Vembanad,0,2,2022-12-24
361,0,0,VE0362_20221224,Vembanad,0,2,2022-12-24
362,0,0,VE0363_20221224,Vembanad,0,2,2022-12-24
363,0,0,VE0364_20221224,Vembanad,0,2,2022-12-24
364,0,0,VE0365_20221224,Vembanad,0,2,2022-12-24
365,0,0,VE0366_20221224,Vembanad,0,2,2022-12-24
366,0,0,VE0367_20221224,Vembanad,0,2,2022-12-24
367,0,0,VE0368_20221224,Vembanad,0,2,2022-12-24
368,0,0,VE0369_20221224,Vembanad,0,2,2022-12-24
369,0,0,VE0370_20221224,Vembanad,0,2,2022-12-24
370,0,0,VE0371_20221224,Vembanad,0,2,2022-12-24
371,0,0,VE0372_20221224,Vembanad,0,2,2022-12-24
372,0,0,VE0373_20221224,Vembanad,0,2,2022-12-24
373,0,0,VE0374_20221224,Vembanad,0,2,2022-12-24
374,0,0,VE0375_20221224,Vembanad,0,2,2022-12-24
375,0,0,VE0376_20221224,Vembanad,0,2,2022-12-24
376,0,0,VE0377_20221224,Vembanad,0,2,2022-12-24
377,0,0,VE0378_20221224,Vembanad,0,2,2022-12-24
378,0,0,VE0379_20221224,Vembanad,0,2,2022-12-24
379,0,0,VE0380_20221224,Vembanad,0,2,2022-12-24
380,0,0,VE0381_20221224,Vembanad,0,2,2022-12-24
381,0,0,VE0382_20221224,Vembanad,0,2,2022-12-24
382,0,0,VE0383_20221224,Vembanad,0,2,2022-12-24
383,0,0,VE0384_20221224,Vembanad,0,2,2022-12-24
384,0,0,VE0385_20221224,Vembanad,0,2,2022-12-24
385,0,0,VE0386_20221224,Vembanad,0,2,2022-12-24
386,0,0,VE0387_20221224,Vembanad,0,2,2022-12-24
387,0,0,VE0388_20221224,Vembanad,0,2,2022-12-24
388,0,0,VE0390_20221224,Vembanad,0,2,2022-12-24
389,0,0,VE0391_20221224,Vembanad,0,2,2022-12-24
390,0,0,VE0392_20221224,Vembanad,0,2,2022-12-24
391,0,0,VE0393_20221224,Vembanad,0,2,2022-12-24
392,0,0,VE0394_20221224,Vembanad,0,2,2022-12-24
393,0,0,VE0395_20221224,Vembanad,0,2,2022-12-24
394,0,0,VE0396_20221224,Vembanad,0,2,2022-12-24
395,0,0,VE0397_20221224,Vembanad,0,2,2022-12-24
396,0,0,VE0398_20221224,Vembanad,0,2,2022-12-24
397,0,0,VE0399_20221224,Vembanad,0,2,2022-12-24
398,0,0,VE0400_20221224,Vembanad,0,2,2022-12-24
399,0,0,VE0401_20221224,Vembanad,0,2,2022-12-24
400,0,0,VE0402_20221224,Vembanad,0,2,2022-12-24
401,0,0,VE0403_20221224,Vembanad,0,2,2022-12-24
402,0,0,VE0404_20221224,Vembanad,0,2,2022-12-24
403,0,0,VE0405_20221224,Vembanad,0,2,2022-12-24
404,0,0,VE0406_20221224,Vembanad,0,2,2022-12-24
405,0,0,VE0407_20221224,Vembanad,0,2,2022-12-24
406,0,0,VE0408_20221224,Vembanad,0,2,2022-12-24
407,0,0,VE0409_20221224,Vembanad,0,2,2022-12-24
408,0,0,VE0410_20221224,Vembanad,0,2,2022-12-24
409,0,0,VE0411_20221224,Vembanad,0,2,2022-12-24
410,0,0,VE0412_20221224,Vembanad,0,2,2022-12-24
411,0,0,VE0413_20221224,Vembanad,0,2,2022-12-24
412,0,0,VE0414_20221224,Vembanad,0,2,2022-12-24
413,0,0,VE0415_20221224,Vembanad,0,2,2022-12-24
414,0,0,VE0416_20221224,Vembanad,0,2,2022-12-24
415,0,0,VE0417_20221224,Vembanad,0,2,2022-12-24
416,0,0,VE0418_20221224,Vembanad,0,2,2022-12-24
417,0,0,VE0419_20221224,Vembanad,0,2,2022-12-24
418,0,0,VE0420_20221224,Vembanad,0,2,2022-12-24
419,0,0,VE0421_20221224,Vembanad,0,2,2022-12-24
420,0,0,VE0422_20221224,Vembanad,0,2,2022-12-24
421,0,0,VE0423_20221224,Vembanad,0,2,2022-12-24
422,0,0,VE0424_20221224,Vembanad,0,2,2022-12-24
423,0,0,VE0425_20221224,Vembanad,0,2,2022-12-24
424,0,0,VE0426_20221224,Vembanad,0,2,2022-12-24
425,0,0,VE0427_20221224,Vembanad,0,2,2022-12-24
426,0,0,VE0428_20221224,Vembanad,0,2,2022-12-24
427,0,0,VE0429_20221224,Vembanad,0,2,2022-12-24
428,0,0,VE0430_20221224,Vembanad,0,2,2022-12-24
429,0,0,VE0431_20221224,Vembanad,0,2,2022-12-24
430,0,0,VE0432_20221224,Vembanad,0,2,2022-12-24
431,0,0,VE0433_20221224,Vembanad,0,2,2022-12-24
432,0,0,VE0434_20221224,Vembanad,0,2,2022-12-24
433,0,0,VE0435_20221224,Vembanad,0,2,2022-12-24
434,0,0,VE0436_20221224,Vembanad,0,2,2022-12-24
435,0,0,VE0437_20221224,Vembanad,0,2,2022-12-24
436,0,0,VE0438_20221224,Vembanad,0,2,2022-12-24
437,0,0,VE0439_20221224,Vembanad,0,2,2022-12-24
438,0,0,VE0440_20221224,Vembanad,0,2,2022-12-24
439,0,0,VE0441_20221224,Vembanad,0,2,2022-12-24
440,0,0,VE0442_20221224,Vembanad,0,2,2022-12-24
441,0,0,VE0443_20221224,Vembanad,0,2,2022-12-24
442,0,0,VE0444_20221224,Vembanad,0,2,2022-12-24
443,0,0,VE0445_20221224,Vembanad,0,2,2022-12-24
444,0,0,VE0446_20221224,Vembanad,0,2,2022-12-24
445,0,0,VE0447_20221224,Vembanad,0,2,2022-12-24
446,0,0,VE0448_20221224,Vembanad,0,2,2022-12-24
447,0,0,VE0449_20221224,Vembanad,0,2,2022-12-24
448,0,0,VE0450_20221224,Vembanad,0,2,2022-12-24
449,0,0,VE0451_20221224,Vembanad,0,2,2022-12-24
450,0,0,VE0452_20221224,Vembanad,0,2,2022-12-24
451,0,0,VE0453_20221224,Vembanad,0,2,2022-12-24
452,0,0,VE0454_20221224,Vembanad,0,2,2022-12-24
453,0,0,VE0455_20221224,Vembanad,0,2,2022-12-24
454,0,0,VE0456_20221224,Vembanad,0,2,2022-12-24
455,0,0,VE0457_20221224,Vembanad,0,2,2022-12-24
456,0,0,VE0458_20221224,Vembanad,0,2,2022-12-24
457,0,0,VE0459_20221224,Vembanad,0,2,2022-12-24
458,0,0,VE0460_20221224,Vembanad,0,2,2022-12-24
459,0,0,VE0461_20221224,Vembanad,0,2,2022-12-24
460,0,0,VE0462_20221224,Vembanad,0,2,2022-12-24
461,0,0,VE0463_20221224,Vembanad,0,2,2022-12-24
462,0,0,VE0464_20221224,Vembanad,0,2,2022-12-24
463,0,0,VE0465_20221224,Vembanad,0,2,2022-12-24
464,0,0,VE0466_20221224,Vembanad,0,2,2022-12-24
465,0,0,VE0467_20221224,Vembanad,0,2,2022-12-24
466,0,0,VE0468_20221224,Vembanad,0,2,2022-12-24
467,0,0,VE0469_20221224,Vembanad,0,2,2022-12-24
468,0,0,VE0470_20221224,Vembanad,0,2,2022-12-24
469,0,0,VE0471_20221224,Vembanad,0,2,2022-12-24
470,0,0,VE0472_20221224,Vembanad,0,2,2022-12-24
471,0,0,VE0473_20221224,Vembanad,0,2,2022-12-24
472,0,0,VE0474_20221224,Vembanad,0,2,2022-12-24
473,0,0,VE0475_20221224,Vembanad,0,2,2022-12-24
474,0,0,VE0476_20221224,Vembanad,0,2,2022-12-24
475,0,0,VE0477_20221224,Vembanad,0,2,2022-12-24
476,0,0,VE0478_20221224,Vembanad,0,1,2022-12-24
477,0,0,VE0479_20221224,Vembanad,0,1,2022-12-24
478,0,0,VE0480_20221224,Vembanad,0,1,2022-12-24
479,0,1,VE0481_20221224,Vembanad,0,1,2022-12-24
480,0,0,VE0482_20221224,Vembanad,0,1,2022-12-24
481,0,0,VE0483_20221224,Vembanad,0,1,2022-12-24
482,0,0,VE0484_20221224,Vembanad,0,1,2022-12-24
483,0,0,VE0485_20221224,Vembanad,0,1,2022-12-24
484,0,0,VE0486_20221224,Vembanad,0,1,2022-12-24
485,0,0,VE0487_20221224,Vembanad,0,1,2022-12-24
486,0,0,VE0488_20221224,Vembanad,0,1,2022-12-24
487,0,0,VE0489_20221224,Vembanad,0,1,2022-12-24
488,0,0,VE0490_20221224,Vembanad,0,1,2022-12-24
489,0,0,VE0491_20221224,Vembanad,0,1,2022-12-24
490,0,0,VE0492_20221224,Vembanad,0,1,2022-12-24
491,0,0,VE0493_20221224,Vembanad,0,1,2022-12-24
492,0,0,VE0494_20221224,Vembanad,0,1,2022-12-24
493,0,0,VE0495_20221224,Vembanad,0,1,2022-12-24
494,0,1,VE0496_20221224,Vembanad,0,1,2022-12-24
495,0,0,VE0497_20221224,Vembanad,0,1,2022-12-24
496,0,0,VE0498_20221224,Vembanad,0,1,2022-12-24
497,0,0,VE0499_20221224,Vembanad,0,1,2022-12-24
498,0,0,VE0500_20221224,Vembanad,0,1,2022-12-24
499,0,0,VE0501_20221224,Vembanad,0,1,2022-12-24
500,0,0,VE0502_20221224,Vembanad,0,1,2022-12-24
501,0,0,VE0503_20221224,Vembanad,0,2,2022-12-24
502,1,1,VE0001_20241223,Vembanad,1,3,2024-12-23
503,1,1,VE0002_20241223,Vembanad,1,3,2024-12-23
504,1,1,VE0003_20241223,Vembanad,1,3,2024-12-23
505,1,1,VE0004_20241223,Vembanad,1,3,2024-12-23
506,1,1,VE0005_20241223,Vembanad,1,3,2024-12-23
507,1,1,VE0006_20241223,Vembanad,1,3,2024-12-23
508,1,1,VE0007_20241223,Vembanad,1,3,2024-12-23
509,1,1,VE0008_20241223,Vembanad,1,3,2024-12-23
510,1,1,VE0009_20241223,Vembanad,1,3,2024-12-23
511,1,1,VE0010_20241223,Vembanad,1,3,2024-12-23
512,1,1,VE0011_20241223,Vembanad,1,3,2024-12-23
513,1,1,VE0012_20241223,Vembanad,1,3,2024-12-23
514,1,1,VE0013_20241223,Vembanad,1,3,2024-12-23
515,1,1,VE0014_20241223,Vembanad,1,3,2024-12-23
516,1,1,VE0015_20241223,Vembanad,1,3,2024-12-23
517,1,1,VE0016_20241223,Vembanad,1,3,2024-12-23
518,1,1,VE0017_20241223,Vembanad,1,3,2024-12-23
519,1,1,VE0018_20241223,Vembanad,1,3,2024-12-23
520,1,1,VE0019_20241223,Vembanad,1,3,2024-12-23
521,1,1,VE0020_20241223,Vembanad,1,3,2024-12-23
522,1,1,VE0021_20241223,Vembanad,1,3,2024-12-23
523,1,1,VE0022_20241223,Vembanad,1,3,2024-12-23
524,1,1,VE0023_20241223,Vembanad,1,3,2024-12-23
525,1,1,VE0024_20241223,Vembanad,1,3,2024-12-23
526,1,1,VE0025_20241223,Vembanad,1,3,2024-12-23
527,1,1,VE0026_20241223,Vembanad,1,3,2024-12-23
528,1,1,VE0027_20241223,Vembanad,1,3,2024-12-23
529,1,1,VE0028_20241223,Vembanad,1,3,2024-12-23
530,1,1,VE0029_20241223,Vembanad,1,3,2024-12-23
531,1,1,VE0030_20241223,Vembanad,1,3,2024-12-23
532,1,1,VE0031_20241223,Vembanad,1,3,2024-12-23
533,1,1,VE0032_20241223,Vembanad,1,3,2024-12-23
534,1,1,VE0033_20241223,Vembanad,1,3,2024-12-23
535,1,1,VE0034_20241223,Vembanad,1,3,2024-12-23
536,1,1,VE0035_20241223,Vembanad,1,3,2024-12-23
537,1,1,VE0036_20241223,Vembanad,1,3,2024-12-23
538,1,1,VE0037_20241223,Vembanad,1,3,2024-12-23
539,1,1,VE0038_20241223,Vembanad,1,3,2024-12-23
540,1,1,VE0039_20241223,Vembanad,1,3,2024-12-23
541,1,1,VE0040_20241223,Vembanad,1,3,2024-12-23
542,1,1,VE0041_20241223,Vembanad,1,3,2024-12-23
543,1,1,VE0042_20241223,Vembanad,1,3,2024-12-23
544,1,1,VE0043_20241223,Vembanad,1,3,2024-12-23
545,1,1,VE0044_20241223,Vembanad,1,3,2024-12-23
546,1,1,VE0045_20241223,Vembanad,1,3,2024-12-23
547,1,1,VE0046_20241223,Vembanad,1,3,2024-12-23
548,1,0,VE0047_20241223,Vembanad,1,3,2024-12-23
549,1,1,VE0048_20241223,Vembanad,1,3,2024-12-23
550,1,1,VE0049_20241223,Vembanad,1,3,2024-12-23
551,1,1,VE0050_20241223,Vembanad,1,3,2024-12-23
552,1,1,VE0051_20241223,Vembanad,1,3,2024-12-23
553,1,1,VE0052_20241223,Vembanad,1,3,2024-12-23
554,1,1,VE0053_20241223,Vembanad,1,3,2024-12-23
555,1,1,VE0054_20241223,Vembanad,1,3,2024-12-23
556,1,0,VE0055_20241223,Vembanad,1,3,2024-12-23
557,1,1,VE0056_20241223,Vembanad,1,3,2024-12-23
558,1,1,VE0057_20241223,Vembanad,1,3,2024-12-23
559,1,1,VE0058_20241223,Vembanad,1,3,2024-12-23
560,1,1,VE0059_20241223,Vembanad,1,3,2024-12-23
561,1,1,VE0060_20241223,Vembanad,1,3,2024-12-23
562,1,1,VE0061_20241223,Vembanad,1,3,2024-12-23
563,1,1,VE0062_20241223,Vembanad,1,3,2024-12-23
564,1,1,VE0063_20241223,Vembanad,1,3,2024-12-23
565,1,1,VE0064_20241223,Vembanad,1,3,2024-12-23
566,1,0,VE0065_20241223,Vembanad,1,3,2024-12-23
567,1,0,VE0066_20241223,Vembanad,1,3,2024-12-23
568,1,1,VE0067_20241223,Vembanad,1,3,2024-12-23
569,1,1,VE0068_20241223,Vembanad,1,3,2024-12-23
570,1,1,VE0069_20241223,Vembanad,1,3,2024-12-23
571,1,1,VE0070_20241223,Vembanad,1,3,2024-12-23
572,1,1,VE0071_20241223,Vembanad,1,3,2024-12-23
573,1,1,VE0072_20241223,Vembanad,1,3,2024-12-23
574,1,1,VE0073_20241223,Vembanad,1,3,2024-12-23
575,1,1,VE0074_20241223,Vembanad,1,3,2024-12-23
576,1,1,VE0075_20241223,Vembanad,1,3,2024-12-23
577,1,1,VE0076_20241223,Vembanad,1,3,2024-12-23
578,1,1,VE0077_20241223,Vembanad,1,3,2024-12-23
579,1,1,VE0078_20241223,Vembanad,1,3,2024-12-23
580,1,1,VE0079_20241223,Vembanad,1,3,2024-12-23
581,1,1,VE0080_20241223,Vembanad,1,3,2024-12-23
582,1,1,VE0081_20241223,Vembanad,1,3,2024-12-23
583,1,1,VE0082_20241223,Vembanad,1,3,2024-12-23
584,1,1,VE0083_20241223,Vembanad,1,3,2024-12-23
585,1,1,VE0084_20241223,Vembanad,1,3,2024-12-23
586,1,1,VE0085_20241223,Vembanad,1,3,2024-12-23
587,1,1,VE0086_20241223,Vembanad,1,3,2024-12-23
588,1,1,VE0087_20241223,Vembanad,1,3,2024-12-23
589,1,1,VE0088_20241223,Vembanad,1,3,2024-12-23
590,1,1,VE0089_20241223,Vembanad,1,3,2024-12-23
591,1,1,VE0090_20241223,Vembanad,1,3,2024-12-23
592,1,1,VE0091_20241223,Vembanad,1,3,2024-12-23
593,1,1,VE0092_20241223,Vembanad,1,3,2024-12-23
594,1,1,VE0093_20241223,Vembanad,1,3,2024-12-23
595,1,1,VE0094_20241223,Vembanad,1,3,2024-12-23
596,1,1,VE0095_20241223,Vembanad,1,3,2024-12-23
597,1,1,VE0096_20241223,Vembanad,1,3,2024-12-23
598,1,1,VE0097_20241223,Vembanad,1,3,2024-12-23
599,1,1,VE0098_20241223,Vembanad,1,3,2024-12-23
600,1,1,VE0099_20241223,Vembanad,1,3,2024-12-23
601,1,1,VE0100_20241223,Vembanad,1,3,2024-12-23
602,1,1,VE0101_20241223,Vembanad,1,3,2024-12-23
603,1,1,VE0102_20241223,Vembanad,1,3,2024-12-23
604,1,1,VE0103_20241223,Vembanad,1,3,2024-12-23
605,1,1,VE0104_20241223,Vembanad,1,3,2024-12-23
606,1,1,VE0105_20241223,Vembanad,1,3,2024-12-23
607,1,1,VE0106_20241223,Vembanad,1,3,2024-12-23
608,1,1,VE0107_20241223,Vembanad,1,3,2024-12-23
609,1,1,VE0108_20241223,Vembanad,1,3,2024-12-23
610,1,1,VE0109_20241223,Vembanad,1,3,2024-12-23
611,1,1,VE0110_20241223,Vembanad,1,3,2024-12-23
612,1,1,VE0111_20241223,Vembanad,1,3,2024-12-23
613,1,1,VE0112_20241223,Vembanad,1,3,2024-12-23
614,1,1,VE0113_20241223,Vembanad,1,3,2024-12-23
615,1,1,VE0114_20241223,Vembanad,1,3,2024-12-23
616,1,1,VE0115_20241223,Vembanad,1,3,2024-12-23
617,1,1,VE0116_20241223,Vembanad,1,3,2024-12-23
618,1,1,VE0117_20241223,Vembanad,1,3,2024-12-23
619,1,1,VE0118_20241223,Vembanad,1,3,2024-12-23
620,1,1,VE0119_20241223,Vembanad,1,3,2024-12-23
621,1,1,VE0120_20241223,Vembanad,1,3,2024-12-23
622,1,1,VE0121_20241223,Vembanad,1,3,2024-12-23
623,1,1,VE0122_20241223,Vembanad,1,3,2024-12-23
624,1,1,VE0123_20241223,Vembanad,1,3,2024-12-23
625,1,1,VE0124_20241223,Vembanad,1,3,2024-12-23
626,1,1,VE0125_20241223,Vembanad,1,3,2024-12-23
627,1,1,VE0126_20241223,Vembanad,1,3,2024-12-23
628,1,1,VE0127_20241223,Vembanad,1,3,2024-12-23
629,1,1,VE0128_20241223,Vembanad,1,3,2024-12-23
630,1,1,VE0129_20241223,Vembanad,1,3,2024-12-23
631,1,1,VE0130_20241223,Vembanad,1,3,2024-12-23
632,1,1,VE0131_20241223,Vembanad,1,3,2024-12-23
633,1,1,VE0132_20241223,Vembanad,1,3,2024-12-23
634,1,1,VE0133_20241223,Vembanad,1,3,2024-12-23
635,1,1,VE0134_20241223,Vembanad,1,3,2024-12-23
636,1,1,VE0135_20241223,Vembanad,1,3,2024-12-23
637,1,1,VE0136_20241223,Vembanad,1,3,2024-12-23
638,1,1,VE0137_20241223,Vembanad,1,3,2024-12-23
639,1,1,VE0138_20241223,Vembanad,1,3,2024-12-23
640,1,1,VE0139_20241223,Vembanad,1,3,2024-12-23
641,1,1,VE0140_20241223,Vembanad,1,3,2024-12-23
642,1,1,VE0141_20241223,Vembanad,1,3,2024-12-23
643,1,1,VE0142_20241223,Vembanad,1,3,2024-12-23
644,1,1,VE0143_20241223,Vembanad,1,3,2024-12-23
645,1,1,VE0144_20241223,Vembanad,1,3,2024-12-23
646,1,1,VE0145_20241223,Vembanad,1,3,2024-12-23
647,1,1,VE0146_20241223,Vembanad,1,3,2024-12-23
648,1,1,VE0147_20241223,Vembanad,1,3,2024-12-23
649,1,1,VE0148_20241223,Vembanad,1,3,2024-12-23
650,1,1,VE0149_20241223,Vembanad,1,3,2024-12-23
651,1,1,VE0150_20241223,Vembanad,1,3,2024-12-23
652,1,1,VE0151_20241223,Vembanad,1,3,2024-12-23
653,1,1,VE0152_20241223,Vembanad,1,3,2024-12-23
654,1,1,VE0153_20241223,Vembanad,1,3,2024-12-23
655,1,1,VE0154_20241223,Vembanad,1,3,2024-12-23
656,1,1,VE0155_20241223,Vembanad,1,3,2024-12-23
657,1,1,VE0156_20241223,Vembanad,1,3,2024-12-23
658,1,1,VE0157_20241223,Vembanad,1,3,2024-12-23
659,1,1,VE0158_20241223,Vembanad,1,3,2024-12-23
660,1,1,VE0159_20241223,Vembanad,1,3,2024-12-23
661,1,1,VE0160_20241223,Vembanad,1,3,2024-12-23
662,1,1,VE0161_20241223,Vembanad,1,3,2024-12-23
663,1,1,VE0162_20241223,Vembanad,1,3,2024-12-23
664,0,1,VE0163_20241223,Vembanad,0,1,2024-12-23
665,0,1,VE0164_20241223,Vembanad,0,1,2024-12-23
666,1,1,VE0165_20241223,Vembanad,1,3,2024-12-23
667,1,1,VE0166_20241223,Vembanad,1,3,2024-12-23
668,1,1,VE0167_20241223,Vembanad,1,3,2024-12-23
669,1,1,VE0168_20241223,Vembanad,1,3,2024-12-23
670,1,1,VE0169_20241223,Vembanad,1,3,2024-12-23
671,1,1,VE0170_20241223,Vembanad,1,3,2024-12-23
672,1,1,VE0171_20241223,Vembanad,1,3,2024-12-23
673,1,1,VE0172_20241223,Vembanad,1,3,2024-12-23
674,1,1,VE0173_20241223,Vembanad,1,3,2024-12-23
675,1,1,VE0174_20241223,Vembanad,1,3,2024-12-23
676,1,1,VE0175_20241223,Vembanad,1,3,2024-12-23
677,1,1,VE0176_20241223,Vembanad,1,3,2024-12-23
678,1,1,VE0177_20241223,Vembanad,1,3,2024-12-23
679,1,1,VE0178_20241223,Vembanad,1,3,2024-12-23
680,1,1,VE0179_20241223,Vembanad,1,3,2024-12-23
681,1,1,VE0180_20241223,Vembanad,1,3,2024-12-23
682,1,1,VE0181_20241223,Vembanad,1,3,2024-12-23
683,1,1,VE0182_20241223,Vembanad,1,3,2024-12-23
684,1,1,VE0183_20241223,Vembanad,1,3,2024-12-23
685,1,1,VE0184_20241223,Vembanad,1,3,2024-12-23
686,1,1,VE0185_20241223,Vembanad,1,3,2024-12-23
687,1,1,VE0186_20241223,Vembanad,1,3,2024-12-23
688,1,1,VE0187_20241223,Vembanad,1,3,2024-12-23
689,1,1,VE0188_20241223,Vembanad,1,3,2024-12-23
690,1,1,VE0189_20241223,Vembanad,1,3,2024-12-23
691,1,1,VE0190_20241223,Vembanad,1,3,2024-12-23
692,1,1,VE0191_20241223,Vembanad,1,3,2024-12-23
693,1,1,VE0192_20241223,Vembanad,1,3,2024-12-23
694,1,1,VE0193_20241223,Vembanad,1,3,2024-12-23
695,1,1,VE0194_20241223,Vembanad,1,3,2024-12-23
696,1,1,VE0195_20241223,Vembanad,1,3,2024-12-23
697,1,1,VE0196_20241223,Vembanad,1,3,2024-12-23
698,1,1,VE0197_20241223,Vembanad,1,3,2024-12-23
699,1,1,VE0198_20241223,Vembanad,1,3,2024-12-23
700,1,1,VE0199_20241223,Vembanad,1,3,2024-12-23
701,1,1,VE0200_20241223,Vembanad,1,3,2024-12-23
702,1,1,VE0201_20241223,Vembanad,1,3,2024-12-23
703,1,1,VE0202_20241223,Vembanad,1,3,2024-12-23
704,0,0,VE0203_20241223,Vembanad,0,2,2024-12-23
705,0,0,VE0204_20241223,Vembanad,0,2,2024-12-23
706,0,0,VE0205_20241223,Vembanad,0,2,2024-12-23
707,0,0,VE0206_20241223,Vembanad,0,2,2024-12-23
708,0,0,VE0207_20241223,Vembanad,0,2,2024-12-23
709,0,0,VE0208_20241223,Vembanad,0,2,2024-12-23
710,0,0,VE0209_20241223,Vembanad,0,2,2024-12-23
711,0,0,VE0210_20241223,Vembanad,0,2,2024-12-23
712,0,0,VE0211_20241223,Vembanad,0,2,2024-12-23
713,0,0,VE0212_20241223,Vembanad,0,2,2024-12-23
714,0,0,VE0213_20241223,Vembanad,0,2,2024-12-23
715,0,0,VE0214_20241223,Vembanad,0,2,2024-12-23
716,0,0,VE0215_20241223,Vembanad,0,2,2024-12-23
717,0,0,VE0216_20241223,Vembanad,0,2,2024-12-23
718,0,0,VE0217_20241223,Vembanad,0,2,2024-12-23
719,0,0,VE0218_20241223,Vembanad,0,2,2024-12-23
720,0,0,VE0219_20241223,Vembanad,0,2,2024-12-23
721,0,0,VE0220_20241223,Vembanad,0,2,2024-12-23
722,0,0,VE0221_20241223,Vembanad,0,2,2024-12-23
723,0,0,VE0222_20241223,Vembanad,0,2,2024-12-23
724,0,0,VE0223_20241223,Vembanad,0,2,2024-12-23
725,0,0,VE0224_20241223,Vembanad,0,2,2024-12-23
726,0,0,VE0225_20241223,Vembanad,0,2,2024-12-23
727,0,0,VE0226_20241223,Vembanad,0,2,2024-12-23
728,0,0,VE0227_20241223,Vembanad,0,2,2024-12-23
729,0,0,VE0228_20241223,Vembanad,0,2,2024-12-23
730,0,0,VE0229_20241223,Vembanad,0,2,2024-12-23
731,0,0,VE0230_20241223,Vembanad,0,2,2024-12-23
732,0,0,VE0231_20241223,Vembanad,0,2,2024-12-23
733,0,0,VE0232_20241223,Vembanad,0,2,2024-12-23
734,0,0,VE0233_20241223,Vembanad,0,2,2024-12-23
735,0,0,VE0234_20241223,Vembanad,0,2,2024-12-23
736,0,0,VE0235_20241223,Vembanad,0,2,2024-12-23
737,0,0,VE0236_20241223,Vembanad,0,2,2024-12-23
738,0,0,VE0237_20241223,Vembanad,0,2,2024-12-23
739,0,0,VE0238_20241223,Vembanad,0,2,2024-12-23
740,0,0,VE0239_20241223,Vembanad,0,2,2024-12-23
741,0,0,VE0240_20241223,Vembanad,0,2,2024-12-23
742,0,0,VE0241_20241223,Vembanad,0,2,2024-12-23
743,0,0,VE0242_20241223,Vembanad,0,2,2024-12-23
744,0,0,VE0243_20241223,Vembanad,0,2,2024-12-23
745,0,0,VE0244_20241223,Vembanad,0,2,2024-12-23
746,0,0,VE0245_20241223,Vembanad,0,2,2024-12-23
747,0,0,VE0246_20241223,Vembanad,0,2,2024-12-23
748,0,0,VE0247_20241223,Vembanad,0,2,2024-12-23
749,0,0,VE0248_20241223,Vembanad,0,2,2024-12-23
750,0,0,VE0249_20241223,Vembanad,0,2,2024-12-23
751,0,0,VE0250_20241223,Vembanad,0,2,2024-12-23
752,0,0,VE0251_20241223,Vembanad,0,2,2024-12-23
753,0,0,VE0252_20241223,Vembanad,0,2,2024-12-23
754,0,0,VE0253_20241223,Vembanad,0,2,2024-12-23
755,0,0,VE0254_20241223,Vembanad,0,2,2024-12-23
756,0,0,VE0255_20241223,Vembanad,0,2,2024-12-23
757,0,0,VE0256_20241223,Vembanad,0,2,2024-12-23
758,0,0,VE0257_20241223,Vembanad,0,2,2024-12-23
759,0,0,VE0258_20241223,Vembanad,0,2,2024-12-23
760,0,0,VE0259_20241223,Vembanad,0,2,2024-12-23
761,0,0,VE0260_20241223,Vembanad,0,2,2024-12-23
762,0,0,VE0261_20241223,Vembanad,0,2,2024-12-23
763,0,0,VE0262_20241223,Vembanad,0,2,2024-12-23
764,0,0,VE0263_20241223,Vembanad,0,2,2024-12-23
765,0,0,VE0264_20241223,Vembanad,0,2,2024-12-23
766,0,0,VE0265_20241223,Vembanad,0,2,2024-12-23
767,0,0,VE0266_20241223,Vembanad,0,2,2024-12-23
768,0,0,VE0267_20241223,Vembanad,0,2,2024-12-23
769,0,0,VE0268_20241223,Vembanad,0,2,2024-12-23
770,0,0,VE0269_20241223,Vembanad,0,2,2024-12-23
771,0,0,VE0270_20241223,Vembanad,0,2,2024-12-23
772,0,0,VE0271_20241223,Vembanad,0,2,2024-12-23
773,0,0,VE0272_20241223,Vembanad,0,2,2024-12-23
774,0,0,VE0273_20241223,Vembanad,0,2,2024-12-23
775,0,0,VE0274_20241223,Vembanad,0,2,2024-12-23
776,0,0,VE0275_20241223,Vembanad,0,2,2024-12-23
777,0,0,VE0276_20241223,Vembanad,0,2,2024-12-23
778,0,0,VE0277_20241223,Vembanad,0,2,2024-12-23
779,0,0,VE0278_20241223,Vembanad,0,2,2024-12-23
780,0,0,VE0279_20241223,Vembanad,0,2,2024-12-23
781,0,0,VE0280_20241223,Vembanad,0,2,2024-12-23
782,0,0,VE0281_20241223,Vembanad,0,2,2024-12-23
783,0,0,VE0282_20241223,Vembanad,0,2,2024-12-23
784,0,0,VE0283_20241223,Vembanad,0,2,2024-12-23
785,0,0,VE0284_20241223,Vembanad,0,2,2024-12-23
786,0,0,VE0285_20241223,Vembanad,0,2,2024-12-23
787,0,0,VE0286_20241223,Vembanad,0,2,2024-12-23
788,0,0,VE0287_20241223,Vembanad,0,2,2024-12-23
789,0,0,VE0288_20241223,Vembanad,0,2,2024-12-23
790,0,0,VE0289_20241223,Vembanad,0,2,2024-12-23
791,0,0,VE0290_20241223,Vembanad,0,2,2024-12-23
792,0,0,VE0291_20241223,Vembanad,0,2,2024-12-23
793,0,0,VE0292_20241223,Vembanad,0,2,2024-12-23
794,0,0,VE0293_20241223,Vembanad,0,2,2024-12-23
795,0,0,VE0294_20241223,Vembanad,0,2,2024-12-23
796,0,0,VE0295_20241223,Vembanad,0,2,2024-12-23
797,0,0,VE0296_20241223,Vembanad,0,2,2024-12-23
798,0,0,VE0297_20241223,Vembanad,0,2,2024-12-23
799,0,0,VE0298_20241223,Vembanad,0,2,2024-12-23
800,0,0,VE0299_20241223,Vembanad,0,2,2024-12-23
801,0,0,VE0300_20241223,Vembanad,0,2,2024-12-23
802,0,0,VE0301_20241223,Vembanad,0,2,2024-12-23
803,0,0,VE0302_20241223,Vembanad,0,2,2024-12-23
804,0,1,VE0303_20241223,Vembanad,0,1,2024-12-23
805,0,1,VE0304_20241223,Vembanad,0,1,2024-12-23
806,0,1,VE0305_20241223,Vembanad,0,1,2024-12-23
807,0,0,VE0306_20241223,Vembanad,0,1,2024-12-23
808,0,0,VE0307_20241223,Vembanad,0,1,2024-12-23
809,0,0,VE0308_20241223,Vembanad,0,1,2024-12-23
810,0,0,VE0309_20241223,Vembanad,0,1,2024-12-23
811,0,0,VE0310_20241223,Vembanad,0,1,2024-12-23
812,0,0,VE0311_20241223,Vembanad,0,1,2024-12-23
813,0,0,VE0312_20241223,Vembanad,0,1,2024-12-23
814,0,0,VE0313_20241223,Vembanad,0,1,2024-12-23
815,0,1,VE0314_20241223,Vembanad,0,1,2024-12-23
816,0,0,VE0315_20241223,Vembanad,0,1,2024-12-23
817,0,0,VE0316_20241223,Vembanad,0,1,2024-12-23
818,0,0,VE0317_20241223,Vembanad,0,1,2024-12-23
819,0,0,VE0318_20241223,Vembanad,0,1,2024-12-23
820,0,0,VE0319_20241223,Vembanad,0,1,2024-12-23
821,0,0,VE0320_20241223,Vembanad,0,1,2024-12-23
822,0,0,VE0321_20241223,Vembanad,0,1,2024-12-23
823,0,0,VE0322_20241223,Vembanad,0,1,2024-12-23
824,0,0,VE0323_20241223,Vembanad,0,1,2024-12-23
825,0,0,VE0324_20241223,Vembanad,0,1,2024-12-23
826,0,0,VE0325_20241223,Vembanad,0,1,2024-12-23
827,0,1,VE0326_20241223,Vembanad,0,1,2024-12-23
828,0,0,VE0327_20241223,Vembanad,0,1,2024-12-23
829,0,0,VE0328_20241223,Vembanad,0,1,2024-12-23
830,0,0,VE0329_20241223,Vembanad,0,1,2024-12-23
831,0,1,VE0330_20241223,Vembanad,0,1,2024-12-23
832,0,0,VE0331_20241223,Vembanad,0,1,2024-12-23
833,0,0,VE0332_20241223,Vembanad,0,1,2024-12-23
834,0,0,VE0333_20241223,Vembanad,0,1,2024-12-23
835,0,0,VE0334_20241223,Vembanad,0,1,2024-12-23
836,0,0,VE0335_20241223,Vembanad,0,1,2024-12-23
837,0,0,VE0336_20241223,Vembanad,0,1,2024-12-23
838,0,1,VE0337_20241223,Vembanad,0,1,2024-12-23
839,0,1,VE0338_20241223,Vembanad,0,1,2024-12-23
840,0,0,VE0339_20241223,Vembanad,0,1,2024-12-23
841,0,1,VE0340_20241223,Vembanad,0,1,2024-12-23
842,0,0,VE0341_20241223,Vembanad,0,1,2024-12-23
843,0,1,VE0342_20241223,Vembanad,0,1,2024-12-23
844,0,1,VE0343_20241223,Vembanad,0,1,2024-12-23
845,0,0,VE0344_20241223,Vembanad,0,1,2024-12-23
846,0,0,VE0345_20241223,Vembanad,0,1,2024-12-23
847,0,0,VE0346_20241223,Vembanad,0,1,2024-12-23
848,0,0,VE0347_20241223,Vembanad,0,1,2024-12-23
849,0,1,VE0348_20241223,Vembanad,0,1,2024-12-23
850,0,0,VE0349_20241223,Vembanad,0,1,2024-12-23
851,0,1,VE0350_20241223,Vembanad,0,1,2024-12-23
852,0,0,VE0351_20241223,Vembanad,0,1,2024-12-23
853,0,1,VE0352_20241223,Vembanad,0,1,2024-12-23
854,0,1,VE0353_20241223,Vembanad,0,1,2024-12-23
855,0,0,VE0354_20241223,Vembanad,0,1,2024-12-23
856,0,0,VE0355_20241223,Vembanad,0,1,2024-12-23
857,0,0,VE0356_20241223,Vembanad,0,1,2024-12-23
858,0,1,VE0357_20241223,Vembanad,0,1,2024-12-23
859,0,0,VE0358_20241223,Vembanad,0,1,2024-12-23
860,0,1,VE0359_20241223,Vembanad,0,1,2024-12-23
861,0,0,VE0360_20241223,Vembanad,0,1,2024-12-23
862,0,1,VE0361_20241223,Vembanad,0,1,2024-12-23
863,0,0,VE0362_20241223,Vembanad,0,1,2024-12-23
864,0,0,VE0363_20241223,Vembanad,0,1,2024-12-23
865,0,0,VE0364_20241223,Vembanad,0,1,2024-12-23
866,0,0,VE0365_20241223,Vembanad,0,1,2024-12-23
867,0,0,VE0366_20241223,Vembanad,0,1,2024-12-23
868,0,0,VE0367_20241223,Vembanad,0,1,2024-12-23
869,0,0,VE0368_20241223,Vembanad,0,1,2024-12-23
870,0,1,VE0369_20241223,Vembanad,0,1,2024-12-23
871,0,0,VE0370_20241223,Vembanad,0,1,2024-12-23
872,0,0,VE0371_20241223,Vembanad,0,1,2024-12-23
873,0,0,VE0372_20241223,Vembanad,0,1,2024-12-23
874,0,0,VE0373_20241223,Vembanad,0,1,2024-12-23
875,0,0,VE0374_20241223,Vembanad,0,1,2024-12-23
876,0,0,VE0375_20241223,Vembanad,0,1,2024-12-23
877,0,0,VE0376_20241223,Vembanad,0,1,2024-12-23
878,0,0,VE0377_20241223,Vembanad,0,1,2024-12-23
879,0,0,VE0378_20241223,Vembanad,0,1,2024-12-23
880,0,1,VE0379_20241223,Vembanad,0,1,2024-12-23
881,0,0,VE0380_20241223,Vembanad,0,1,2024-12-23
882,0,1,VE0381_20241223,Vembanad,0,1,2024-12-23
883,0,0,VE0382_20241223,Vembanad,0,1,2024-12-23
884,0,1,VE0383_20241223,Vembanad,0,1,2024-12-23
885,0,0,VE0384_20241223,Vembanad,0,1,2024-12-23
886,0,0,VE0385_20241223,Vembanad,0,1,2024-12-23
887,0,1,VE0386_20241223,Vembanad,0,1,2024-12-23
888,0,0,VE0387_20241223,Vembanad,0,1,2024-12-23
889,0,0,VE0388_20241223,Vembanad,0,1,2024-12-23
890,0,1,VE0389_20241223,Vembanad,0,1,2024-12-23
891,0,1,VE0390_20241223,Vembanad,0,1,2024-12-23
892,0,0,VE0391_20241223,Vembanad,0,1,2024-12-23
893,0,1,VE0392_20241223,Vembanad,0,1,2024-12-23
894,0,0,VE0393_20241223,Vembanad,0,1,2024-12-23
895,0,1,VE0394_20241223,Vembanad,0,1,2024-12-23
896,0,0,VE0395_20241223,Vembanad,0,1,2024-12-23
897,0,0,VE0396_20241223,Vembanad,0,1,2024-12-23
898,0,0,VE0397_20241223,Vembanad,0,1,2024-12-23
899,0,1,VE0398_20241223,Vembanad,0,1,2024-12-23
900,0,0,VE0399_20241223,Vembanad,0,1,2024-12-23
901,0,1,VE0400_20241223,Vembanad,0,1,2024-12-23
902,0,1,VE0001_20240303,Vembanad,0,1,2024-03-03
903,0,1,VE0002_20240303,Vembanad,0,1,2024-03-03
904,0,0,VE0003_20240303,Vembanad,0,1,2024-03-03
905,0,1,VE0004_20240303,Vembanad,0,1,2024-03-03
906,1,1,VE0005_20240303,Vembanad,1,3,2024-03-03
907,1,1,VE0006_20240303,Vembanad,1,3,2024-03-03
908,1,1,VE0007_20240303,Vembanad,1,3,2024-03-03
909,1,1,VE0008_20240303,Vembanad,1,3,2024-03-03
910,1,1,VE0009_20240303,Vembanad,1,3,2024-03-03
911,1,1,VE0010_20240303,Vembanad,1,3,2024-03-03
912,1,1,VE0011_20240303,Vembanad,1,3,2024-03-03
913,1,1,VE0012_20240303,Vembanad,1,3,2024-03-03
914,1,1,VE0013_20240303,Vembanad,1,3,2024-03-03
915,1,1,VE0014_20240303,Vembanad,1,3,2024-03-03
916,1,1,VE0015_20240303,Vembanad,1,3,2024-03-03
917,1,1,VE0016_20240303,Vembanad,1,3,2024-03-03
918,1,1,VE0017_20240303,Vembanad,1,3,2024-03-03
919,1,1,VE0018_20240303,Vembanad,1,3,2024-03-03
920,1,1,VE0019_20240303,Vembanad,1,3,2024-03-03
921,1,1,VE0020_20240303,Vembanad,1,3,2024-03-03
922,1,1,VE0021_20240303,Vembanad,1,3,2024-03-03
923,1,1,VE0022_20240303,Vembanad,1,3,2024-03-03
924,1,1,VE0023_20240303,Vembanad,1,3,2024-03-03
925,1,1,VE0024_20240303,Vembanad,1,3,2024-03-03
926,1,1,VE0025_20240303,Vembanad,1,3,2024-03-03
927,1,1,VE0026_20240303,Vembanad,1,3,2024-03-03
928,1,1,VE0027_20240303,Vembanad,1,3,2024-03-03
929,1,1,VE0028_20240303,Vembanad,1,3,2024-03-03
930,1,1,VE0029_20240303,Vembanad,1,3,2024-03-03
931,1,1,VE0030_20240303,Vembanad,1,3,2024-03-03
932,1,1,VE0031_20240303,Vembanad,1,3,2024-03-03
933,1,1,VE0032_20240303,Vembanad,1,3,2024-03-03
934,1,1,VE0033_20240303,Vembanad,1,3,2024-03-03
935,1,1,VE0034_20240303,Vembanad,1,3,2024-03-03
936,1,1,VE0035_20240303,Vembanad,1,3,2024-03-03
937,1,1,VE0036_20240303,Vembanad,1,3,2024-03-03
938,1,1,VE0037_20240303,Vembanad,1,3,2024-03-03
939,1,1,VE0038_20240303,Vembanad,1,3,2024-03-03
940,1,1,VE0039_20240303,Vembanad,1,3,2024-03-03
941,1,1,VE0040_20240303,Vembanad,1,3,2024-03-03
942,1,1,VE0041_20240303,Vembanad,1,3,2024-03-03
943,1,1,VE0042_20240303,Vembanad,1,3,2024-03-03
944,1,1,VE0043_20240303,Vembanad,1,3,2024-03-03
945,1,1,VE0044_20240303,Vembanad,1,3,2024-03-03
946,1,1,VE0045_20240303,Vembanad,1,3,2024-03-03
947,1,1,VE0046_20240303,Vembanad,1,3,2024-03-03
948,1,1,VE0047_20240303,Vembanad,1,3,2024-03-03
949,1,1,VE0048_20240303,Vembanad,1,3,2024-03-03
950,1,1,VE0049_20240303,Vembanad,1,3,2024-03-03
951,1,1,VE0050_20240303,Vembanad,1,3,2024-03-03
952,1,1,VE0051_20240303,Vembanad,1,3,2024-03-03
953,1,1,VE0052_20240303,Vembanad,1,3,2024-03-03
954,1,1,VE0053_20240303,Vembanad,1,3,2024-03-03
955,1,1,VE0054_20240303,Vembanad,1,3,2024-03-03
956,1,1,VE0055_20240303,Vembanad,1,3,2024-03-03
957,1,0,VE0056_20240303,Vembanad,1,3,2024-03-03
958,1,0,VE0057_20240303,Vembanad,1,3,2024-03-03
959,1,1,VE0058_20240303,Vembanad,1,3,2024-03-03
960,1,1,VE0059_20240303,Vembanad,1,3,2024-03-03
961,1,1,VE0060_20240303,Vembanad,1,3,2024-03-03
962,1,1,VE0061_20240303,Vembanad,1,3,2024-03-03
963,1,1,VE0062_20240303,Vembanad,1,3,2024-03-03
964,1,1,VE0063_20240303,Vembanad,1,3,2024-03-03
965,1,1,VE0064_20240303,Vembanad,1,3,2024-03-03
966,1,1,VE0065_20240303,Vembanad,1,3,2024-03-03
967,1,1,VE0066_20240303,Vembanad,1,3,2024-03-03
968,1,1,VE0067_20240303,Vembanad,1,3,2024-03-03
969,1,1,VE0068_20240303,Vembanad,1,3,2024-03-03
970,1,1,VE0069_20240303,Vembanad,1,3,2024-03-03
971,1,1,VE0070_20240303,Vembanad,1,3,2024-03-03
972,1,0,VE0071_20240303,Vembanad,1,3,2024-03-03
973,1,1,VE0072_20240303,Vembanad,1,3,2024-03-03
974,1,1,VE0073_20240303,Vembanad,1,3,2024-03-03
975,1,1,VE0074_20240303,Vembanad,1,3,2024-03-03
976,1,1,VE0075_20240303,Vembanad,1,3,2024-03-03
977,1,1,VE0076_20240303,Vembanad,1,3,2024-03-03
978,1,1,VE0077_20240303,Vembanad,1,3,2024-03-03
979,1,1,VE0078_20240303,Vembanad,1,3,2024-03-03
980,1,1,VE0079_20240303,Vembanad,1,3,2024-03-03
981,1,1,VE0080_20240303,Vembanad,1,3,2024-03-03
982,1,1,VE0081_20240303,Vembanad,1,3,2024-03-03
983,1,1,VE0082_20240303,Vembanad,1,3,2024-03-03
984,1,1,VE0083_20240303,Vembanad,1,3,2024-03-03
985,1,1,VE0084_20240303,Vembanad,1,3,2024-03-03
986,1,1,VE0085_20240303,Vembanad,1,3,2024-03-03
987,1,1,VE0086_20240303,Vembanad,1,3,2024-03-03
988,1,1,VE0087_20240303,Vembanad,1,3,2024-03-03
989,1,1,VE0088_20240303,Vembanad,1,3,2024-03-03
990,1,0,VE0089_20240303,Vembanad,1,3,2024-03-03
991,1,1,VE0090_20240303,Vembanad,1,3,2024-03-03
992,1,1,VE0091_20240303,Vembanad,1,3,2024-03-03
993,1,1,VE0092_20240303,Vembanad,1,3,2024-03-03
994,1,1,VE0093_20240303,Vembanad,1,3,2024-03-03
995,1,1,VE0094_20240303,Vembanad,1,3,2024-03-03
996,1,1,VE0095_20240303,Vembanad,1,3,2024-03-03
997,1,1,VE0096_20240303,Vembanad,1,3,2024-03-03
998,1,1,VE0097_20240303,Vembanad,1,3,2024-03-03
999,1,1,VE0098_20240303,Vembanad,1,3,2024-03-03
1000,1,1,VE0099_20240303,Vembanad,1,3,2024-03-03
1001,1,1,VE0100_20240303,Vembanad,1,3,2024-03-03
1002,1,1,VE0101_20240303,Vembanad,1,3,2024-03-03
1003,1,1,VE0102_20240303,Vembanad,1,3,2024-03-03
1004,1,1,VE0103_20240303,Vembanad,1,3,2024-03-03
1005,1,1,VE0104_20240303,Vembanad,1,3,2024-03-03
1006,1,1,VE0105_20240303,Vembanad,1,3,2024-03-03
1007,1,1,VE0106_20240303,Vembanad,1,3,2024-03-03
1008,1,1,VE0107_20240303,Vembanad,1,3,2024-03-03
1009,1,1,VE0108_20240303,Vembanad,1,3,2024-03-03
1010,1,1,VE0109_20240303,Vembanad,1,3,2024-03-03
1011,1,1,VE0110_20240303,Vembanad,1,3,2024-03-03
1012,1,0,VE0111_20240303,Vembanad,1,3,2024-03-03
1013,1,1,VE0112_20240303,Vembanad,1,3,2024-03-03
1014,1,0,VE0113_20240303,Vembanad,1,3,2024-03-03
1015,1,1,VE0114_20240303,Vembanad,1,3,2024-03-03
1016,1,1,VE0115_20240303,Vembanad,1,3,2024-03-03
1017,1,1,VE0116_20240303,Vembanad,1,3,2024-03-03
1018,1,1,VE0117_20240303,Vembanad,1,3,2024-03-03
1019,1,1,VE0118_20240303,Vembanad,1,3,2024-03-03
1020,1,1,VE0119_20240303,Vembanad,1,3,2024-03-03
1021,1,1,VE0120_20240303,Vembanad,1,3,2024-03-03
1022,1,1,VE0121_20240303,Vembanad,1,3,2024-03-03
1023,1,1,VE0122_20240303,Vembanad,1,3,2024-03-03
1024,1,1,VE0123_20240303,Vembanad,1,3,2024-03-03
1025,1,1,VE0124_20240303,Vembanad,1,3,2024-03-03
1026,1,1,VE0125_20240303,Vembanad,1,3,2024-03-03
1027,1,1,VE0126_20240303,Vembanad,1,3,2024-03-03
1028,1,1,VE0127_20240303,Vembanad,1,3,2024-03-03
1029,1,1,VE0128_20240303,Vembanad,1,3,2024-03-03
1030,1,1,VE0129_20240303,Vembanad,1,3,2024-03-03
1031,1,1,VE0130_20240303,Vembanad,1,3,2024-03-03
1032,1,1,VE0131_20240303,Vembanad,1,3,2024-03-03
1033,1,1,VE0132_20240303,Vembanad,1,3,2024-03-03
1034,1,0,VE0133_20240303,Vembanad,1,3,2024-03-03
1035,1,1,VE0134_20240303,Vembanad,1,3,2024-03-03
1036,1,1,VE0135_20240303,Vembanad,1,3,2024-03-03
1037,1,1,VE0136_20240303,Vembanad,1,3,2024-03-03
1038,1,1,VE0137_20240303,Vembanad,1,3,2024-03-03
1039,1,1,VE0138_20240303,Vembanad,1,3,2024-03-03
1040,1,1,VE0139_20240303,Vembanad,1,3,2024-03-03
1041,1,1,VE0140_20240303,Vembanad,1,3,2024-03-03
1042,1,1,VE0141_20240303,Vembanad,1,3,2024-03-03
1043,1,1,VE0142_20240303,Vembanad,1,3,2024-03-03
1044,1,1,VE0143_20240303,Vembanad,1,3,2024-03-03
1045,1,1,VE0144_20240303,Vembanad,1,3,2024-03-03
1046,1,1,VE0145_20240303,Vembanad,1,3,2024-03-03
1047,1,1,VE0146_20240303,Vembanad,1,3,2024-03-03
1048,1,1,VE0147_20240303,Vembanad,1,3,2024-03-03
1049,1,1,VE0148_20240303,Vembanad,1,3,2024-03-03
1050,1,1,VE0149_20240303,Vembanad,1,3,2024-03-03
1051,1,1,VE0150_20240303,Vembanad,1,3,2024-03-03
1052,1,1,VE0151_20240303,Vembanad,1,3,2024-03-03
1053,1,1,VE0152_20240303,Vembanad,1,3,2024-03-03
1054,1,1,VE0153_20240303,Vembanad,1,3,2024-03-03
1055,1,1,VE0154_20240303,Vembanad,1,3,2024-03-03
1056,0,0,VE0155_20240303,Vembanad,0,2,2024-03-03
1057,0,0,VE0156_20240303,Vembanad,0,2,2024-03-03
1058,0,0,VE0157_20240303,Vembanad,0,2,2024-03-03
1059,0,0,VE0158_20240303,Vembanad,0,2,2024-03-03
1060,0,0,VE0159_20240303,Vembanad,0,2,2024-03-03
1061,0,0,VE0160_20240303,Vembanad,0,2,2024-03-03
1062,0,0,VE0161_20240303,Vembanad,0,2,2024-03-03
1063,0,0,VE0162_20240303,Vembanad,0,2,2024-03-03
1064,0,0,VE0163_20240303,Vembanad,0,2,2024-03-03
1065,0,0,VE0164_20240303,Vembanad,0,2,2024-03-03
1066,0,0,VE0165_20240303,Vembanad,0,2,2024-03-03
1067,0,0,VE0166_20240303,Vembanad,0,2,2024-03-03
1068,0,0,VE0167_20240303,Vembanad,0,2,2024-03-03
1069,0,0,VE0168_20240303,Vembanad,0,2,2024-03-03
1070,0,0,VE0169_20240303,Vembanad,0,2,2024-03-03
1071,0,0,VE0170_20240303,Vembanad,0,2,2024-03-03
1072,0,0,VE0171_20240303,Vembanad,0,2,2024-03-03
1073,0,0,VE0172_20240303,Vembanad,0,2,2024-03-03
1074,0,0,VE0173_20240303,Vembanad,0,2,2024-03-03
1075,0,0,VE0174_20240303,Vembanad,0,2,2024-03-03
1076,0,0,VE0175_20240303,Vembanad,0,2,2024-03-03
1077,0,0,VE0176_20240303,Vembanad,0,2,2024-03-03
1078,0,0,VE0177_20240303,Vembanad,0,2,2024-03-03
1079,0,0,VE0178_20240303,Vembanad,0,2,2024-03-03
1080,0,0,VE0179_20240303,Vembanad,0,2,2024-03-03
1081,0,0,VE0180_20240303,Vembanad,0,2,2024-03-03
1082,0,0,VE0181_20240303,Vembanad,0,2,2024-03-03
1083,0,0,VE0182_20240303,Vembanad,0,2,2024-03-03
1084,0,0,VE0183_20240303,Vembanad,0,2,2024-03-03
1085,0,0,VE0184_20240303,Vembanad,0,2,2024-03-03
1086,0,0,VE0185_20240303,Vembanad,0,2,2024-03-03
1087,0,0,VE0186_20240303,Vembanad,0,2,2024-03-03
1088,0,0,VE0187_20240303,Vembanad,0,2,2024-03-03
1089,0,0,VE0188_20240303,Vembanad,0,2,2024-03-03
1090,0,0,VE0189_20240303,Vembanad,0,2,2024-03-03
1091,0,0,VE0190_20240303,Vembanad,0,2,2024-03-03
1092,0,0,VE0191_20240303,Vembanad,0,2,2024-03-03
1093,0,0,VE0192_20240303,Vembanad,0,2,2024-03-03
1094,0,0,VE0193_20240303,Vembanad,0,2,2024-03-03
1095,0,0,VE0194_20240303,Vembanad,0,2,2024-03-03
1096,0,0,VE0195_20240303,Vembanad,0,2,2024-03-03
1097,0,0,VE0196_20240303,Vembanad,0,2,2024-03-03
1098,0,0,VE0197_20240303,Vembanad,0,2,2024-03-03
1099,0,0,VE0198_20240303,Vembanad,0,2,2024-03-03
1100,0,0,VE0199_20240303,Vembanad,0,2,2024-03-03
1101,0,0,VE0200_20240303,Vembanad,0,2,2024-03-03
1102,0,0,VE0201_20240303,Vembanad,0,2,2024-03-03
1103,0,0,VE0202_20240303,Vembanad,0,2,2024-03-03
1104,0,0,VE0203_20240303,Vembanad,0,2,2024-03-03
1105,0,0,VE0204_20240303,Vembanad,0,2,2024-03-03
1106,0,0,VE0205_20240303,Vembanad,0,2,2024-03-03
1107,0,0,VE0206_20240303,Vembanad,0,2,2024-03-03
1108,0,0,VE0207_20240303,Vembanad,0,2,2024-03-03
1109,0,0,VE0208_20240303,Vembanad,0,2,2024-03-03
1110,0,0,VE0209_20240303,Vembanad,0,2,2024-03-03
1111,0,0,VE0210_20240303,Vembanad,0,2,2024-03-03
1112,0,0,VE0211_20240303,Vembanad,0,2,2024-03-03
1113,0,0,VE0212_20240303,Vembanad,0,2,2024-03-03
1114,0,0,VE0213_20240303,Vembanad,0,2,2024-03-03
1115,0,0,VE0214_20240303,Vembanad,0,2,2024-03-03
1116,0,0,VE0215_20240303,Vembanad,0,2,2024-03-03
1117,0,0,VE0216_20240303,Vembanad,0,2,2024-03-03
1118,0,0,VE0217_20240303,Vembanad,0,2,2024-03-03
1119,0,0,VE0218_20240303,Vembanad,0,2,2024-03-03
1120,0,0,VE0219_20240303,Vembanad,0,2,2024-03-03
1121,0,0,VE0220_20240303,Vembanad,0,2,2024-03-03
1122,0,0,VE0221_20240303,Vembanad,0,2,2024-03-03
1123,0,0,VE0222_20240303,Vembanad,0,2,2024-03-03
1124,0,0,VE0223_20240303,Vembanad,0,2,2024-03-03
1125,0,0,VE0224_20240303,Vembanad,0,2,2024-03-03
1126,0,0,VE0225_20240303,Vembanad,0,2,2024-03-03
1127,0,0,VE0226_20240303,Vembanad,0,2,2024-03-03
1128,0,0,VE0227_20240303,Vembanad,0,2,2024-03-03
1129,0,0,VE0228_20240303,Vembanad,0,2,2024-03-03
1130,0,0,VE0229_20240303,Vembanad,0,2,2024-03-03
1131,0,0,VE0230_20240303,Vembanad,0,1,2024-03-03
1132,0,0,VE0231_20240303,Vembanad,0,1,2024-03-03
1133,0,0,VE0232_20240303,Vembanad,0,1,2024-03-03
1134,0,0,VE0233_20240303,Vembanad,0,1,2024-03-03
1135,0,0,VE0234_20240303,Vembanad,0,1,2024-03-03
1136,0,0,VE0235_20240303,Vembanad,0,1,2024-03-03
1137,0,0,VE0236_20240303,Vembanad,0,1,2024-03-03
1138,0,0,VE0237_20240303,Vembanad,0,1,2024-03-03
1139,0,0,VE0238_20240303,Vembanad,0,1,2024-03-03
1140,0,0,VE0239_20240303,Vembanad,0,1,2024-03-03
1141,0,0,VE0240_20240303,Vembanad,0,1,2024-03-03
1142,0,0,VE0241_20240303,Vembanad,0,1,2024-03-03
1143,0,0,VE0242_20240303,Vembanad,0,1,2024-03-03
1144,0,0,VE0243_20240303,Vembanad,0,1,2024-03-03
1145,0,0,VE0244_20240303,Vembanad,0,1,2024-03-03
1146,0,0,VE0245_20240303,Vembanad,0,1,2024-03-03
1147,0,0,VE0246_20240303,Vembanad,0,1,2024-03-03
1148,0,0,VE0247_20240303,Vembanad,0,1,2024-03-03
1149,0,0,VE0248_20240303,Vembanad,0,1,2024-03-03
1150,0,0,VE0249_20240303,Vembanad,0,1,2024-03-03
1151,0,0,VE0250_20240303,Vembanad,0,1,2024-03-03
1152,0,0,VE0251_20240303,Vembanad,0,1,2024-03-03
1153,0,0,VE0252_20240303,Vembanad,0,1,2024-03-03
1154,0,1,VE0253_20240303,Vembanad,0,1,2024-03-03
1155,0,0,VE0254_20240303,Vembanad,0,1,2024-03-03
1156,0,0,VE0255_20240303,Vembanad,0,1,2024-03-03
1157,0,0,VE0256_20240303,Vembanad,0,1,2024-03-03
1158,0,0,VE0257_20240303,Vembanad,0,1,2024-03-03
1159,0,0,VE0258_20240303,Vembanad,0,1,2024-03-03
1160,0,0,VE0259_20240303,Vembanad,0,1,2024-03-03
1161,0,0,VE0260_20240303,Vembanad,0,1,2024-03-03
1162,0,0,VE0261_20240303,Vembanad,0,1,2024-03-03
1163,0,0,VE0262_20240303,Vembanad,0,1,2024-03-03
1164,0,0,VE0263_20240303,Vembanad,0,1,2024-03-03
1165,0,0,VE0264_20240303,Vembanad,0,1,2024-03-03
1166,0,0,VE0265_20240303,Vembanad,0,1,2024-03-03
1167,0,1,VE0266_20240303,Vembanad,0,1,2024-03-03
1168,0,0,VE0267_20240303,Vembanad,0,1,2024-03-03
1169,0,0,VE0268_20240303,Vembanad,0,1,2024-03-03
1170,0,0,VE0269_20240303,Vembanad,0,1,2024-03-03
1171,0,0,VE0270_20240303,Vembanad,0,1,2024-03-03
1172,0,0,VE0271_20240303,Vembanad,0,1,2024-03-03
1173,0,0,VE0272_20240303,Vembanad,0,1,2024-03-03
1174,0,0,VE0273_20240303,Vembanad,0,1,2024-03-03
1175,0,0,VE0274_20240303,Vembanad,0,1,2024-03-03
1176,0,0,VE0275_20240303,Vembanad,0,1,2024-03-03
1177,0,0,VE0276_20240303,Vembanad,0,1,2024-03-03
1178,0,0,VE0277_20240303,Vembanad,0,1,2024-03-03
1179,0,1,VE0278_20240303,Vembanad,0,1,2024-03-03
1180,0,0,VE0279_20240303,Vembanad,0,1,2024-03-03
1181,0,0,VE0280_20240303,Vembanad,0,1,2024-03-03
1182,0,0,VE0281_20240303,Vembanad,0,1,2024-03-03
1183,0,0,VE0282_20240303,Vembanad,0,1,2024-03-03
1184,0,0,VE0283_20240303,Vembanad,0,1,2024-03-03
1185,0,0,VE0284_20240303,Vembanad,0,1,2024-03-03
1186,0,0,VE0285_20240303,Vembanad,0,1,2024-03-03
1187,0,0,VE0286_20240303,Vembanad,0,1,2024-03-03
1188,0,0,VE0287_20240303,Vembanad,0,1,2024-03-03
1189,0,0,VE0288_20240303,Vembanad,0,1,2024-03-03
1190,0,0,VE0289_20240303,Vembanad,0,1,2024-03-03
1191,0,0,VE0290_20240303,Vembanad,0,1,2024-03-03
1192,0,0,VE0291_20240303,Vembanad,0,1,2024-03-03
1193,0,0,VE0292_20240303,Vembanad,0,1,2024-03-03
1194,0,0,VE0293_20240303,Vembanad,0,1,2024-03-03
1195,0,0,VE0294_20240303,Vembanad,0,1,2024-03-03
1196,0,0,VE0295_20240303,Vembanad,0,1,2024-03-03
1197,0,0,VE0296_20240303,Vembanad,0,1,2024-03-03
1198,0,0,VE0297_20240303,Vembanad,0,1,2024-03-03
1199,0,0,VE0298_20240303,Vembanad,0,1,2024-03-03
1200,0,0,VE0299_20240303,Vembanad,0,1,2024-03-03
1201,0,0,VE0300_20240303,Vembanad,0,1,2024-03-03
1202,1,1,VE0001_20230523,Vembanad,1,3,2023-05-23
1203,1,1,VE0002_20230523,Vembanad,1,3,2023-05-23
1204,1,1,VE0003_20230523,Vembanad,1,3,2023-05-23
1205,1,1,VE0004_20230523,Vembanad,1,3,2023-05-23
1206,1,1,VE0005_20230523,Vembanad,1,3,2023-05-23
1207,1,1,VE0006_20230523,Vembanad,1,3,2023-05-23
1208,1,1,VE0007_20230523,Vembanad,1,3,2023-05-23
1209,1,0,VE0008_20230523,Vembanad,1,3,2023-05-23
1210,1,0,VE0009_20230523,Vembanad,1,3,2023-05-23
1211,1,0,VE0010_20230523,Vembanad,1,3,2023-05-23
1212,1,1,VE0011_20230523,Vembanad,1,3,2023-05-23
1213,1,1,VE0012_20230523,Vembanad,1,3,2023-05-23
1214,1,1,VE0013_20230523,Vembanad,1,3,2023-05-23
1215,1,1,VE0014_20230523,Vembanad,1,3,2023-05-23
1216,1,1,VE0015_20230523,Vembanad,1,3,2023-05-23
1217,1,1,VE0016_20230523,Vembanad,1,3,2023-05-23
1218,1,1,VE0017_20230523,Vembanad,1,3,2023-05-23
1219,1,1,VE0018_20230523,Vembanad,1,3,2023-05-23
1220,1,1,VE0019_20230523,Vembanad,1,3,2023-05-23
1221,1,1,VE0020_20230523,Vembanad,1,3,2023-05-23
1222,1,1,VE0021_20230523,Vembanad,1,3,2023-05-23
1223,1,1,VE0022_20230523,Vembanad,1,3,2023-05-23
1224,1,1,VE0023_20230523,Vembanad,1,3,2023-05-23
1225,1,1,VE0024_20230523,Vembanad,1,3,2023-05-23
1226,1,1,VE0025_20230523,Vembanad,1,3,2023-05-23
1227,1,0,VE0026_20230523,Vembanad,1,3,2023-05-23
1228,1,0,VE0027_20230523,Vembanad,1,3,2023-05-23
1229,1,1,VE0028_20230523,Vembanad,1,3,2023-05-23
1230,1,1,VE0029_20230523,Vembanad,1,3,2023-05-23
1231,1,1,VE0030_20230523,Vembanad,1,3,2023-05-23
1232,1,1,VE0031_20230523,Vembanad,1,3,2023-05-23
1233,1,1,VE0032_20230523,Vembanad,1,3,2023-05-23
1234,1,1,VE0033_20230523,Vembanad,1,3,2023-05-23
1235,1,1,VE0034_20230523,Vembanad,1,3,2023-05-23
1236,1,1,VE0035_20230523,Vembanad,1,3,2023-05-23
1237,1,1,VE0036_20230523,Vembanad,1,3,2023-05-23
1238,1,1,VE0037_20230523,Vembanad,1,3,2023-05-23
1239,1,0,VE0038_20230523,Vembanad,1,3,2023-05-23
1240,1,0,VE0039_20230523,Vembanad,1,3,2023-05-23
1241,1,1,VE0040_20230523,Vembanad,1,3,2023-05-23
1242,1,1,VE0041_20230523,Vembanad,1,3,2023-05-23
1243,1,1,VE0042_20230523,Vembanad,1,3,2023-05-23
1244,1,1,VE0043_20230523,Vembanad,1,3,2023-05-23
1245,1,1,VE0044_20230523,Vembanad,1,3,2023-05-23
1246,1,1,VE0045_20230523,Vembanad,1,3,2023-05-23
1247,1,1,VE0046_20230523,Vembanad,1,3,2023-05-23
1248,1,1,VE0047_20230523,Vembanad,1,3,2023-05-23
1249,1,1,VE0048_20230523,Vembanad,1,3,2023-05-23
1250,1,1,VE0049_20230523,Vembanad,1,3,2023-05-23
1251,1,1,VE0050_20230523,Vembanad,1,3,2023-05-23
1252,1,1,VE0051_20230523,Vembanad,1,3,2023-05-23
1253,1,1,VE0052_20230523,Vembanad,1,3,2023-05-23
1254,1,1,VE0053_20230523,Vembanad,1,3,2023-05-23
1255,1,1,VE0054_20230523,Vembanad,1,3,2023-05-23
1256,1,1,VE0055_20230523,Vembanad,1,3,2023-05-23
1257,1,1,VE0056_20230523,Vembanad,1,3,2023-05-23
1258,1,1,VE0057_20230523,Vembanad,1,3,2023-05-23
1259,1,1,VE0058_20230523,Vembanad,1,3,2023-05-23
1260,1,1,VE0059_20230523,Vembanad,1,3,2023-05-23
1261,1,1,VE0060_20230523,Vembanad,1,3,2023-05-23
1262,1,1,VE0061_20230523,Vembanad,1,3,2023-05-23
1263,1,1,VE0062_20230523,Vembanad,1,3,2023-05-23
1264,1,1,VE0063_20230523,Vembanad,1,3,2023-05-23
1265,1,1,VE0064_20230523,Vembanad,1,3,2023-05-23
1266,1,1,VE0065_20230523,Vembanad,1,3,2023-05-23
1267,1,1,VE0066_20230523,Vembanad,1,3,2023-05-23
1268,1,1,VE0067_20230523,Vembanad,1,3,2023-05-23
1269,1,1,VE0068_20230523,Vembanad,1,3,2023-05-23
1270,1,1,VE0069_20230523,Vembanad,1,3,2023-05-23
1271,1,1,VE0070_20230523,Vembanad,1,3,2023-05-23
1272,1,1,VE0071_20230523,Vembanad,1,3,2023-05-23
1273,1,1,VE0072_20230523,Vembanad,1,3,2023-05-23
1274,1,1,VE0073_20230523,Vembanad,1,3,2023-05-23
1275,1,1,VE0074_20230523,Vembanad,1,3,2023-05-23
1276,1,1,VE0075_20230523,Vembanad,1,3,2023-05-23
1277,1,1,VE0076_20230523,Vembanad,1,3,2023-05-23
1278,1,1,VE0077_20230523,Vembanad,1,3,2023-05-23
1279,1,1,VE0078_20230523,Vembanad,1,3,2023-05-23
1280,1,1,VE0079_20230523,Vembanad,1,3,2023-05-23
1281,1,1,VE0080_20230523,Vembanad,1,3,2023-05-23
1282,1,0,VE0081_20230523,Vembanad,1,3,2023-05-23
1283,1,0,VE0082_20230523,Vembanad,1,3,2023-05-23
1284,1,0,VE0083_20230523,Vembanad,1,3,2023-05-23
1285,1,1,VE0084_20230523,Vembanad,1,3,2023-05-23
1286,1,1,VE0085_20230523,Vembanad,1,3,2023-05-23
1287,1,1,VE0086_20230523,Vembanad,1,3,2023-05-23
1288,1,1,VE0087_20230523,Vembanad,1,3,2023-05-23
1289,1,1,VE0088_20230523,Vembanad,1,3,2023-05-23
1290,1,0,VE0089_20230523,Vembanad,1,3,2023-05-23
1291,1,1,VE0090_20230523,Vembanad,1,3,2023-05-23
1292,1,1,VE0091_20230523,Vembanad,1,3,2023-05-23
1293,1,0,VE0092_20230523,Vembanad,1,3,2023-05-23
1294,1,0,VE0093_20230523,Vembanad,1,3,2023-05-23
1295,1,1,VE0094_20230523,Vembanad,1,3,2023-05-23
1296,1,0,VE0095_20230523,Vembanad,1,3,2023-05-23
1297,1,1,VE0096_20230523,Vembanad,1,3,2023-05-23
1298,1,1,VE0097_20230523,Vembanad,1,3,2023-05-23
1299,1,1,VE0098_20230523,Vembanad,1,3,2023-05-23
1300,1,0,VE0099_20230523,Vembanad,1,3,2023-05-23
1301,1,0,VE0100_20230523,Vembanad,1,3,2023-05-23
1302,1,0,VE0101_20230523,Vembanad,1,3,2023-05-23
1303,1,0,VE0102_20230523,Vembanad,1,3,2023-05-23
1304,1,1,VE0103_20230523,Vembanad,1,3,2023-05-23
1305,1,0,VE0104_20230523,Vembanad,1,3,2023-05-23
1306,1,1,VE0105_20230523,Vembanad,1,3,2023-05-23
1307,1,0,VE0106_20230523,Vembanad,1,3,2023-05-23
1308,1,0,VE0107_20230523,Vembanad,1,3,2023-05-23
1309,1,0,VE0108_20230523,Vembanad,1,3,2023-05-23
1310,1,0,VE0109_20230523,Vembanad,1,3,2023-05-23
1311,1,0,VE0110_20230523,Vembanad,1,3,2023-05-23
1312,1,0,VE0111_20230523,Vembanad,1,3,2023-05-23
1313,1,1,VE0112_20230523,Vembanad,1,3,2023-05-23
1314,1,0,VE0113_20230523,Vembanad,1,3,2023-05-23
1315,1,0,VE0114_20230523,Vembanad,1,3,2023-05-23
1316,1,0,VE0115_20230523,Vembanad,1,3,2023-05-23
1317,1,1,VE0116_20230523,Vembanad,1,3,2023-05-23
1318,1,0,VE0117_20230523,Vembanad,1,3,2023-05-23
1319,1,0,VE0118_20230523,Vembanad,1,3,2023-05-23
1320,1,0,VE0119_20230523,Vembanad,1,3,2023-05-23
1321,1,1,VE0120_20230523,Vembanad,1,3,2023-05-23
1322,1,1,VE0121_20230523,Vembanad,1,3,2023-05-23
1323,1,1,VE0122_20230523,Vembanad,1,3,2023-05-23
1324,1,0,VE0123_20230523,Vembanad,1,3,2023-05-23
1325,1,1,VE0124_20230523,Vembanad,1,3,2023-05-23
1326,1,1,VE0125_20230523,Vembanad,1,3,2023-05-23
1327,1,1,VE0126_20230523,Vembanad,1,3,2023-05-23
1328,1,1,VE0127_20230523,Vembanad,1,3,2023-05-23
1329,1,1,VE0128_20230523,Vembanad,1,3,2023-05-23
1330,1,1,VE0129_20230523,Vembanad,1,3,2023-05-23
1331,1,1,VE0130_20230523,Vembanad,1,3,2023-05-23
1332,1,0,VE0131_20230523,Vembanad,1,3,2023-05-23
1333,1,1,VE0132_20230523,Vembanad,1,3,2023-05-23
1334,1,1,VE0133_20230523,Vembanad,1,3,2023-05-23
1335,1,1,VE0134_20230523,Vembanad,1,3,2023-05-23
1336,1,1,VE0135_20230523,Vembanad,1,3,2023-05-23
1337,1,1,VE0136_20230523,Vembanad,1,3,2023-05-23
1338,1,1,VE0137_20230523,Vembanad,1,3,2023-05-23
1339,1,1,VE0138_20230523,Vembanad,1,3,2023-05-23
1340,1,1,VE0139_20230523,Vembanad,1,3,2023-05-23
1341,1,1,VE0140_20230523,Vembanad,1,3,2023-05-23
1342,1,1,VE0141_20230523,Vembanad,1,3,2023-05-23
1343,1,1,VE0142_20230523,Vembanad,1,3,2023-05-23
1344,1,1,VE0143_20230523,Vembanad,1,3,2023-05-23
1345,1,1,VE0144_20230523,Vembanad,1,3,2023-05-23
1346,1,1,VE0145_20230523,Vembanad,1,3,2023-05-23
1347,1,0,VE0146_20230523,Vembanad,1,3,2023-05-23
1348,1,0,VE0147_20230523,Vembanad,1,3,2023-05-23
1349,1,1,VE0148_20230523,Vembanad,1,3,2023-05-23
1350,1,0,VE0149_20230523,Vembanad,1,3,2023-05-23
1351,1,0,VE0150_20230523,Vembanad,1,3,2023-05-23
1352,0,0,VE0151_20230523,Vembanad,0,2,2023-05-23
1353,0,0,VE0152_20230523,Vembanad,0,2,2023-05-23
1354,0,0,VE0153_20230523,Vembanad,0,2,2023-05-23
1355,0,0,VE0154_20230523,Vembanad,0,2,2023-05-23
1356,0,0,VE0155_20230523,Vembanad,0,2,2023-05-23
1357,0,0,VE0156_20230523,Vembanad,0,2,2023-05-23
1358,0,0,VE0157_20230523,Vembanad,0,2,2023-05-23
1359,0,0,VE0158_20230523,Vembanad,0,2,2023-05-23
1360,0,0,VE0159_20230523,Vembanad,0,2,2023-05-23
1361,0,0,VE0160_20230523,Vembanad,0,2,2023-05-23
1362,0,0,VE0161_20230523,Vembanad,0,2,2023-05-23
1363,0,0,VE0162_20230523,Vembanad,0,2,2023-05-23
1364,0,0,VE0163_20230523,Vembanad,0,2,2023-05-23
1365,0,0,VE0164_20230523,Vembanad,0,2,2023-05-23
1366,0,0,VE0165_20230523,Vembanad,0,2,2023-05-23
1367,0,0,VE0166_20230523,Vembanad,0,2,2023-05-23
1368,0,0,VE0167_20230523,Vembanad,0,2,2023-05-23
1369,0,0,VE0168_20230523,Vembanad,0,2,2023-05-23
1370,0,0,VE0169_20230523,Vembanad,0,2,2023-05-23
1371,0,0,VE0170_20230523,Vembanad,0,2,2023-05-23
1372,0,0,VE0171_20230523,Vembanad,0,2,2023-05-23
1373,0,0,VE0172_20230523,Vembanad,0,2,2023-05-23
1374,0,0,VE0173_20230523,Vembanad,0,2,2023-05-23
1375,0,0,VE0174_20230523,Vembanad,0,2,2023-05-23
1376,0,0,VE0175_20230523,Vembanad,0,2,2023-05-23
1377,0,0,VE0176_20230523,Vembanad,0,2,2023-05-23
1378,0,0,VE0177_20230523,Vembanad,0,2,2023-05-23
1379,0,0,VE0178_20230523,Vembanad,0,2,2023-05-23
1380,0,0,VE0179_20230523,Vembanad,0,2,2023-05-23
1381,0,0,VE0180_20230523,Vembanad,0,2,2023-05-23
1382,0,0,VE0181_20230523,Vembanad,0,2,2023-05-23
1383,0,0,VE0182_20230523,Vembanad,0,2,2023-05-23
1384,0,0,VE0183_20230523,Vembanad,0,2,2023-05-23
1385,0,0,VE0184_20230523,Vembanad,0,2,2023-05-23
1386,0,0,VE0185_20230523,Vembanad,0,2,2023-05-23
1387,0,0,VE0186_20230523,Vembanad,0,2,2023-05-23
1388,0,0,VE0187_20230523,Vembanad,0,2,2023-05-23
1389,0,0,VE0188_20230523,Vembanad,0,2,2023-05-23
1390,0,0,VE0189_20230523,Vembanad,0,2,2023-05-23
1391,0,0,VE0190_20230523,Vembanad,0,2,2023-05-23
1392,0,0,VE0191_20230523,Vembanad,0,2,2023-05-23
1393,0,0,VE0192_20230523,Vembanad,0,2,2023-05-23
1394,0,0,VE0193_20230523,Vembanad,0,2,2023-05-23
1395,0,0,VE0194_20230523,Vembanad,0,2,2023-05-23
1396,0,0,VE0195_20230523,Vembanad,0,2,2023-05-23
1397,0,0,VE0196_20230523,Vembanad,0,2,2023-05-23
1398,0,0,VE0197_20230523,Vembanad,0,2,2023-05-23
1399,0,0,VE0198_20230523,Vembanad,0,2,2023-05-23
1400,0,0,VE0199_20230523,Vembanad,0,2,2023-05-23
1401,0,0,VE0200_20230523,Vembanad,0,2,2023-05-23
1402,0,0,VE0201_20230523,Vembanad,0,2,2023-05-23
1403,0,0,VE0202_20230523,Vembanad,0,2,2023-05-23
1404,0,0,VE0203_20230523,Vembanad,0,2,2023-05-23
1405,0,0,VE0204_20230523,Vembanad,0,2,2023-05-23
1406,0,0,VE0205_20230523,Vembanad,0,2,2023-05-23
1407,0,0,VE0206_20230523,Vembanad,0,2,2023-05-23
1408,0,0,VE0207_20230523,Vembanad,0,2,2023-05-23
1409,0,0,VE0208_20230523,Vembanad,0,2,2023-05-23
1410,0,0,VE0209_20230523,Vembanad,0,2,2023-05-23
1411,0,0,VE0210_20230523,Vembanad,0,2,2023-05-23
1412,0,0,VE0211_20230523,Vembanad,0,2,2023-05-23
1413,0,0,VE0212_20230523,Vembanad,0,2,2023-05-23
1414,0,0,VE0213_20230523,Vembanad,0,2,2023-05-23
1415,0,0,VE0214_20230523,Vembanad,0,2,2023-05-23
1416,0,0,VE0215_20230523,Vembanad,0,2,2023-05-23
1417,0,0,VE0216_20230523,Vembanad,0,2,2023-05-23
1418,0,0,VE0217_20230523,Vembanad,0,2,2023-05-23
1419,0,0,VE0218_20230523,Vembanad,0,2,2023-05-23
1420,0,0,VE0219_20230523,Vembanad,0,2,2023-05-23
1421,0,0,VE0220_20230523,Vembanad,0,2,2023-05-23
1422,0,0,VE0221_20230523,Vembanad,0,2,2023-05-23
1423,0,0,VE0222_20230523,Vembanad,0,2,2023-05-23
1424,0,0,VE0223_20230523,Vembanad,0,2,2023-05-23
1425,0,0,VE0224_20230523,Vembanad,0,2,2023-05-23
1426,0,0,VE0225_20230523,Vembanad,0,2,2023-05-23
1427,0,0,VE0226_20230523,Vembanad,0,1,2023-05-23
1428,0,1,VE0227_20230523,Vembanad,0,1,2023-05-23
1429,0,0,VE0228_20230523,Vembanad,0,1,2023-05-23
1430,0,0,VE0229_20230523,Vembanad,0,1,2023-05-23
1431,0,0,VE0230_20230523,Vembanad,0,1,2023-05-23
1432,0,0,VE0231_20230523,Vembanad,0,1,2023-05-23
1433,0,0,VE0232_20230523,Vembanad,0,1,2023-05-23
1434,0,0,VE0233_20230523,Vembanad,0,1,2023-05-23
1435,0,0,VE0234_20230523,Vembanad,0,1,2023-05-23
1436,0,0,VE0235_20230523,Vembanad,0,1,2023-05-23
1437,0,0,VE0236_20230523,Vembanad,0,1,2023-05-23
1438,0,0,VE0237_20230523,Vembanad,0,1,2023-05-23
1439,0,0,VE0238_20230523,Vembanad,0,1,2023-05-23
1440,0,1,VE0239_20230523,Vembanad,0,1,2023-05-23
1441,0,1,VE0240_20230523,Vembanad,0,1,2023-05-23
1442,0,1,VE0241_20230523,Vembanad,0,1,2023-05-23
1443,0,0,VE0242_20230523,Vembanad,0,1,2023-05-23
1444,0,1,VE0243_20230523,Vembanad,0,1,2023-05-23
1445,0,0,VE0244_20230523,Vembanad,0,1,2023-05-23
1446,0,0,VE0245_20230523,Vembanad,0,1,2023-05-23
1447,0,0,VE0246_20230523,Vembanad,0,1,2023-05-23
1448,0,0,VE0247_20230523,Vembanad,0,1,2023-05-23
1449,0,0,VE0248_20230523,Vembanad,0,1,2023-05-23
1450,0,0,VE0249_20230523,Vembanad,0,1,2023-05-23
1451,0,1,VE0250_20230523,Vembanad,0,1,2023-05-23
1452,0,0,VE0251_20230523,Vembanad,0,1,2023-05-23
1453,0,0,VE0252_20230523,Vembanad,0,1,2023-05-23
1454,0,1,VE0253_20230523,Vembanad,0,1,2023-05-23
1455,0,0,VE0254_20230523,Vembanad,0,1,2023-05-23
1456,0,1,VE0255_20230523,Vembanad,0,1,2023-05-23
1457,0,0,VE0256_20230523,Vembanad,0,1,2023-05-23
1458,0,1,VE0257_20230523,Vembanad,0,1,2023-05-23
1459,0,0,VE0258_20230523,Vembanad,0,1,2023-05-23
1460,0,0,VE0259_20230523,Vembanad,0,1,2023-05-23
1461,0,0,VE0260_20230523,Vembanad,0,1,2023-05-23
1462,0,0,VE0261_20230523,Vembanad,0,1,2023-05-23
1463,0,0,VE0262_20230523,Vembanad,0,1,2023-05-23
1464,0,0,VE0263_20230523,Vembanad,0,1,2023-05-23
1465,0,0,VE0264_20230523,Vembanad,0,1,2023-05-23
1466,0,0,VE0265_20230523,Vembanad,0,1,2023-05-23
1467,0,1,VE0266_20230523,Vembanad,0,1,2023-05-23
1468,0,0,VE0267_20230523,Vembanad,0,1,2023-05-23
1469,0,0,VE0268_20230523,Vembanad,0,1,2023-05-23
1470,0,0,VE0269_20230523,Vembanad,0,1,2023-05-23
1471,0,0,VE0270_20230523,Vembanad,0,1,2023-05-23
1472,0,1,VE0271_20230523,Vembanad,0,1,2023-05-23
1473,0,1,VE0272_20230523,Vembanad,0,1,2023-05-23
1474,0,0,VE0273_20230523,Vembanad,0,1,2023-05-23
1475,0,0,VE0274_20230523,Vembanad,0,1,2023-05-23
1476,0,0,VE0275_20230523,Vembanad,0,1,2023-05-23
1477,0,0,VE0276_20230523,Vembanad,0,1,2023-05-23
1478,0,0,VE0277_20230523,Vembanad,0,1,2023-05-23
1479,0,0,VE0278_20230523,Vembanad,0,1,2023-05-23
1480,0,0,VE0279_20230523,Vembanad,0,1,2023-05-23
1481,0,1,VE0280_20230523,Vembanad,0,1,2023-05-23
1482,0,0,VE0281_20230523,Vembanad,0,1,2023-05-23
1483,0,0,VE0282_20230523,Vembanad,0,1,2023-05-23
1484,0,0,VE0283_20230523,Vembanad,0,1,2023-05-23
1485,0,0,VE0284_20230523,Vembanad,0,1,2023-05-23
1486,0,0,VE0285_20230523,Vembanad,0,1,2023-05-23
1487,0,1,VE0286_20230523,Vembanad,0,1,2023-05-23
1488,0,0,VE0287_20230523,Vembanad,0,1,2023-05-23
1489,0,0,VE0288_20230523,Vembanad,0,1,2023-05-23
1490,0,0,VE0289_20230523,Vembanad,0,1,2023-05-23
1491,0,0,VE0290_20230523,Vembanad,0,1,2023-05-23
1492,0,1,VE0291_20230523,Vembanad,0,1,2023-05-23
1493,0,0,VE0292_20230523,Vembanad,0,1,2023-05-23
1494,0,0,VE0293_20230523,Vembanad,0,1,2023-05-23
1495,0,0,VE0294_20230523,Vembanad,0,1,2023-05-23
1496,0,0,VE0295_20230523,Vembanad,0,1,2023-05-23
1497,0,0,VE0296_20230523,Vembanad,0,1,2023-05-23
1498,0,1,VE0297_20230523,Vembanad,0,1,2023-05-23
1499,0,0,VE0298_20230523,Vembanad,0,1,2023-05-23
1500,0,0,VE0299_20230523,Vembanad,0,1,2023-05-23
1501,0,0,VE0300_20230523,Vembanad,0,1,2023-05-23
1502,1,1,VE0001_20220816,Vembanad,1,3,2022-08-16
1503,1,1,VE0002_20220816,Vembanad,1,3,2022-08-16
1504,1,1,VE0003_20220816,Vembanad,1,3,2022-08-16
1505,1,1,VE0004_20220816,Vembanad,1,3,2022-08-16
1506,1,1,VE0005_20220816,Vembanad,1,3,2022-08-16
1507,1,1,VE0006_20220816,Vembanad,1,3,2022-08-16
1508,1,1,VE0007_20220816,Vembanad,1,3,2022-08-16
1509,1,1,VE0008_20220816,Vembanad,1,3,2022-08-16
1510,1,1,VE0009_20220816,Vembanad,1,3,2022-08-16
1511,1,1,VE0010_20220816,Vembanad,1,3,2022-08-16
1512,1,1,VE0011_20220816,Vembanad,1,3,2022-08-16
1513,1,1,VE0012_20220816,Vembanad,1,3,2022-08-16
1514,1,1,VE0013_20220816,Vembanad,1,3,2022-08-16
1515,1,1,VE0014_20220816,Vembanad,1,3,2022-08-16
1516,1,1,VE0015_20220816,Vembanad,1,3,2022-08-16
1517,1,0,VE0016_20220816,Vembanad,1,3,2022-08-16
1518,1,1,VE0017_20220816,Vembanad,1,3,2022-08-16
1519,1,1,VE0018_20220816,Vembanad,1,3,2022-08-16
1520,1,1,VE0019_20220816,Vembanad,1,3,2022-08-16
1521,1,0,VE0020_20220816,Vembanad,1,3,2022-08-16
1522,1,1,VE0021_20220816,Vembanad,1,3,2022-08-16
1523,1,1,VE0022_20220816,Vembanad,1,3,2022-08-16
1524,1,1,VE0023_20220816,Vembanad,1,3,2022-08-16
1525,1,1,VE0024_20220816,Vembanad,1,3,2022-08-16
1526,1,1,VE0025_20220816,Vembanad,1,3,2022-08-16
1527,1,1,VE0026_20220816,Vembanad,1,3,2022-08-16
1528,1,1,VE0027_20220816,Vembanad,1,3,2022-08-16
1529,1,1,VE0028_20220816,Vembanad,1,3,2022-08-16
1530,1,1,VE0029_20220816,Vembanad,1,3,2022-08-16
1531,1,0,VE0030_20220816,Vembanad,1,3,2022-08-16
1532,1,1,VE0031_20220816,Vembanad,1,3,2022-08-16
1533,1,1,VE0032_20220816,Vembanad,1,3,2022-08-16
1534,1,1,VE0033_20220816,Vembanad,1,3,2022-08-16
1535,1,1,VE0034_20220816,Vembanad,1,3,2022-08-16
1536,1,1,VE0035_20220816,Vembanad,1,3,2022-08-16
1537,1,1,VE0036_20220816,Vembanad,1,3,2022-08-16
1538,1,1,VE0037_20220816,Vembanad,1,3,2022-08-16
1539,1,1,VE0038_20220816,Vembanad,1,3,2022-08-16
1540,1,1,VE0039_20220816,Vembanad,1,3,2022-08-16
1541,1,1,VE0040_20220816,Vembanad,1,3,2022-08-16
1542,1,1,VE0041_20220816,Vembanad,1,3,2022-08-16
1543,1,1,VE0042_20220816,Vembanad,1,3,2022-08-16
1544,1,1,VE0043_20220816,Vembanad,1,3,2022-08-16
1545,1,1,VE0044_20220816,Vembanad,1,3,2022-08-16
1546,1,1,VE0045_20220816,Vembanad,1,3,2022-08-16
1547,1,1,VE0046_20220816,Vembanad,1,3,2022-08-16
1548,1,1,VE0047_20220816,Vembanad,1,3,2022-08-16
1549,1,1,VE0048_20220816,Vembanad,1,3,2022-08-16
1550,1,1,VE0049_20220816,Vembanad,1,3,2022-08-16
1551,1,1,VE0050_20220816,Vembanad,1,3,2022-08-16
1552,1,1,VE0051_20220816,Vembanad,1,3,2022-08-16
1553,1,1,VE0052_20220816,Vembanad,1,3,2022-08-16
1554,1,0,VE0053_20220816,Vembanad,1,3,2022-08-16
1555,1,1,VE0054_20220816,Vembanad,1,3,2022-08-16
1556,1,1,VE0055_20220816,Vembanad,1,3,2022-08-16
1557,1,1,VE0056_20220816,Vembanad,1,3,2022-08-16
1558,1,1,VE0057_20220816,Vembanad,1,3,2022-08-16
1559,1,1,VE0058_20220816,Vembanad,1,3,2022-08-16
1560,1,1,VE0059_20220816,Vembanad,1,3,2022-08-16
1561,1,1,VE0060_20220816,Vembanad,1,3,2022-08-16
1562,1,1,VE0061_20220816,Vembanad,1,3,2022-08-16
1563,1,1,VE0062_20220816,Vembanad,1,3,2022-08-16
1564,1,1,VE0063_20220816,Vembanad,1,3,2022-08-16
1565,1,1,VE0064_20220816,Vembanad,1,3,2022-08-16
1566,1,1,VE0065_20220816,Vembanad,1,3,2022-08-16
1567,1,1,VE0066_20220816,Vembanad,1,3,2022-08-16
1568,1,1,VE0067_20220816,Vembanad,1,3,2022-08-16
1569,1,1,VE0068_20220816,Vembanad,1,3,2022-08-16
1570,1,1,VE0069_20220816,Vembanad,1,3,2022-08-16
1571,1,1,VE0070_20220816,Vembanad,1,3,2022-08-16
1572,1,1,VE0071_20220816,Vembanad,1,3,2022-08-16
1573,1,1,VE0072_20220816,Vembanad,1,3,2022-08-16
1574,1,1,VE0073_20220816,Vembanad,1,3,2022-08-16
1575,1,1,VE0074_20220816,Vembanad,1,3,2022-08-16
1576,1,1,VE0075_20220816,Vembanad,1,3,2022-08-16
1577,1,1,VE0076_20220816,Vembanad,1,3,2022-08-16
1578,1,1,VE0077_20220816,Vembanad,1,3,2022-08-16
1579,1,1,VE0078_20220816,Vembanad,1,3,2022-08-16
1580,1,1,VE0079_20220816,Vembanad,1,3,2022-08-16
1581,1,1,VE0080_20220816,Vembanad,1,3,2022-08-16
1582,1,1,VE0081_20220816,Vembanad,1,3,2022-08-16
1583,1,1,VE0082_20220816,Vembanad,1,3,2022-08-16
1584,1,1,VE0083_20220816,Vembanad,1,3,2022-08-16
1585,1,1,VE0084_20220816,Vembanad,1,3,2022-08-16
1586,1,1,VE0085_20220816,Vembanad,1,3,2022-08-16
1587,1,1,VE0086_20220816,Vembanad,1,3,2022-08-16
1588,1,1,VE0087_20220816,Vembanad,1,3,2022-08-16
1589,1,1,VE0088_20220816,Vembanad,1,3,2022-08-16
1590,1,1,VE0089_20220816,Vembanad,1,3,2022-08-16
1591,1,1,VE0090_20220816,Vembanad,1,3,2022-08-16
1592,1,1,VE0091_20220816,Vembanad,1,3,2022-08-16
1593,1,1,VE0092_20220816,Vembanad,1,3,2022-08-16
1594,1,1,VE0093_20220816,Vembanad,1,3,2022-08-16
1595,1,1,VE0094_20220816,Vembanad,1,3,2022-08-16
1596,1,1,VE0095_20220816,Vembanad,1,3,2022-08-16
1597,1,1,VE0096_20220816,Vembanad,1,3,2022-08-16
1598,1,0,VE0097_20220816,Vembanad,1,3,2022-08-16
1599,1,1,VE0098_20220816,Vembanad,1,3,2022-08-16
1600,1,1,VE0099_20220816,Vembanad,1,3,2022-08-16
1601,1,1,VE0100_20220816,Vembanad,1,3,2022-08-16
1602,0,0,VE0101_20220816,Vembanad,0,1,2022-08-16
1603,0,0,VE0102_20220816,Vembanad,0,1,2022-08-16
1604,0,0,VE0103_20220816,Vembanad,0,1,2022-08-16
1605,0,0,VE0104_20220816,Vembanad,0,1,2022-08-16
1606,0,0,VE0105_20220816,Vembanad,0,1,2022-08-16
1607,0,0,VE0106_20220816,Vembanad,0,1,2022-08-16
1608,0,0,VE0107_20220816,Vembanad,0,1,2022-08-16
1609,0,0,VE0108_20220816,Vembanad,0,1,2022-08-16
1610,0,1,VE0109_20220816,Vembanad,0,1,2022-08-16
1611,0,0,VE0110_20220816,Vembanad,0,1,2022-08-16
1612,0,0,VE0111_20220816,Vembanad,0,1,2022-08-16
1613,0,0,VE0112_20220816,Vembanad,0,1,2022-08-16
1614,0,0,VE0113_20220816,Vembanad,0,1,2022-08-16
1615,0,0,VE0114_20220816,Vembanad,0,1,2022-08-16
1616,0,0,VE0115_20220816,Vembanad,0,1,2022-08-16
1617,0,0,VE0116_20220816,Vembanad,0,1,2022-08-16
1618,0,0,VE0117_20220816,Vembanad,0,1,2022-08-16
1619,0,1,VE0118_20220816,Vembanad,0,1,2022-08-16
1620,0,1,VE0119_20220816,Vembanad,0,1,2022-08-16
1621,0,0,VE0120_20220816,Vembanad,0,1,2022-08-16
1622,0,0,VE0121_20220816,Vembanad,0,1,2022-08-16
1623,0,0,VE0122_20220816,Vembanad,0,1,2022-08-16
1624,0,0,VE0123_20220816,Vembanad,0,1,2022-08-16
1625,0,0,VE0124_20220816,Vembanad,0,1,2022-08-16
1626,0,0,VE0125_20220816,Vembanad,0,1,2022-08-16
1627,0,0,VE0126_20220816,Vembanad,0,1,2022-08-16
1628,0,0,VE0127_20220816,Vembanad,0,1,2022-08-16
1629,0,0,VE0128_20220816,Vembanad,0,1,2022-08-16
1630,0,0,VE0129_20220816,Vembanad,0,1,2022-08-16
1631,0,0,VE0130_20220816,Vembanad,0,1,2022-08-16
1632,0,0,VE0131_20220816,Vembanad,0,1,2022-08-16
1633,0,0,VE0132_20220816,Vembanad,0,1,2022-08-16
1634,0,0,VE0133_20220816,Vembanad,0,1,2022-08-16
1635,0,0,VE0134_20220816,Vembanad,0,1,2022-08-16
1636,0,0,VE0135_20220816,Vembanad,0,1,2022-08-16
1637,0,0,VE0136_20220816,Vembanad,0,1,2022-08-16
1638,0,0,VE0137_20220816,Vembanad,0,1,2022-08-16
1639,0,0,VE0138_20220816,Vembanad,0,1,2022-08-16
1640,0,0,VE0139_20220816,Vembanad,0,1,2022-08-16
1641,0,0,VE0140_20220816,Vembanad,0,1,2022-08-16
1642,0,0,VE0141_20220816,Vembanad,0,1,2022-08-16
1643,0,0,VE0142_20220816,Vembanad,0,1,2022-08-16
1644,0,0,VE0143_20220816,Vembanad,0,1,2022-08-16
1645,0,0,VE0144_20220816,Vembanad,0,1,2022-08-16
1646,0,0,VE0145_20220816,Vembanad,0,1,2022-08-16
1647,0,0,VE0146_20220816,Vembanad,0,1,2022-08-16
1648,0,0,VE0147_20220816,Vembanad,0,1,2022-08-16
1649,0,0,VE0148_20220816,Vembanad,0,1,2022-08-16
1650,0,0,VE0149_20220816,Vembanad,0,1,2022-08-16
1651,0,0,VE0150_20220816,Vembanad,0,1,2022-08-16
1652,0,0,VE0151_20220816,Vembanad,0,2,2022-08-16
1653,0,0,VE0152_20220816,Vembanad,0,2,2022-08-16
1654,0,0,VE0153_20220816,Vembanad,0,2,2022-08-16
1655,0,0,VE0154_20220816,Vembanad,0,2,2022-08-16
1656,0,0,VE0155_20220816,Vembanad,0,2,2022-08-16
1657,0,0,VE0156_20220816,Vembanad,0,2,2022-08-16
1658,0,0,VE0157_20220816,Vembanad,0,2,2022-08-16
1659,0,0,VE0158_20220816,Vembanad,0,2,2022-08-16
1660,0,0,VE0159_20220816,Vembanad,0,2,2022-08-16
1661,0,0,VE0160_20220816,Vembanad,0,2,2022-08-16
1662,0,0,VE0161_20220816,Vembanad,0,2,2022-08-16
1663,0,0,VE0162_20220816,Vembanad,0,2,2022-08-16
1664,0,0,VE0163_20220816,Vembanad,0,2,2022-08-16
1665,0,0,VE0164_20220816,Vembanad,0,2,2022-08-16
1666,0,0,VE0165_20220816,Vembanad,0,2,2022-08-16
1667,0,0,VE0166_20220816,Vembanad,0,2,2022-08-16
1668,0,0,VE0167_20220816,Vembanad,0,2,2022-08-16
1669,0,0,VE0168_20220816,Vembanad,0,2,2022-08-16
1670,0,0,VE0169_20220816,Vembanad,0,2,2022-08-16
1671,0,0,VE0170_20220816,Vembanad,0,2,2022-08-16
1672,0,0,VE0171_20220816,Vembanad,0,2,2022-08-16
1673,0,0,VE0172_20220816,Vembanad,0,2,2022-08-16
1674,0,0,VE0173_20220816,Vembanad,0,2,2022-08-16
1675,0,0,VE0174_20220816,Vembanad,0,2,2022-08-16
1676,0,0,VE0175_20220816,Vembanad,0,2,2022-08-16
1677,0,0,VE0176_20220816,Vembanad,0,2,2022-08-16
1678,0,0,VE0177_20220816,Vembanad,0,2,2022-08-16
1679,0,0,VE0178_20220816,Vembanad,0,2,2022-08-16
1680,0,0,VE0179_20220816,Vembanad,0,2,2022-08-16
1681,0,0,VE0180_20220816,Vembanad,0,2,2022-08-16
1682,0,0,VE0181_20220816,Vembanad,0,2,2022-08-16
1683,0,0,VE0182_20220816,Vembanad,0,2,2022-08-16
1684,0,0,VE0183_20220816,Vembanad,0,2,2022-08-16
1685,0,0,VE0184_20220816,Vembanad,0,2,2022-08-16
1686,0,0,VE0185_20220816,Vembanad,0,2,2022-08-16
1687,0,0,VE0186_20220816,Vembanad,0,2,2022-08-16
1688,0,0,VE0187_20220816,Vembanad,0,2,2022-08-16
1689,0,0,VE0188_20220816,Vembanad,0,2,2022-08-16
1690,0,0,VE0189_20220816,Vembanad,0,2,2022-08-16
1691,0,0,VE0190_20220816,Vembanad,0,2,2022-08-16
1692,0,0,VE0191_20220816,Vembanad,0,2,2022-08-16
1693,0,0,VE0192_20220816,Vembanad,0,2,2022-08-16
1694,0,0,VE0193_20220816,Vembanad,0,2,2022-08-16
1695,0,0,VE0194_20220816,Vembanad,0,2,2022-08-16
1696,0,0,VE0195_20220816,Vembanad,0,2,2022-08-16
1697,0,0,VE0196_20220816,Vembanad,0,2,2022-08-16
1698,0,0,VE0197_20220816,Vembanad,0,2,2022-08-16
1699,0,0,VE0198_20220816,Vembanad,0,2,2022-08-16
1700,0,0,VE0199_20220816,Vembanad,0,2,2022-08-16
1701,0,0,VE0200_20220816,Vembanad,0,2,2022-08-16
1702,1,1,VE0002_20230103,Vembanad,1,3,2023-01-03
1703,1,1,VE0003_20230103,Vembanad,1,3,2023-01-03
1704,1,1,VE0004_20230103,Vembanad,1,3,2023-01-03
1705,1,1,VE0005_20230103,Vembanad,1,3,2023-01-03
1706,1,1,VE0006_20230103,Vembanad,1,3,2023-01-03
1707,1,1,VE0007_20230103,Vembanad,1,3,2023-01-03
1708,1,1,VE0008_20230103,Vembanad,1,3,2023-01-03
1709,1,1,VE0009_20230103,Vembanad,1,3,2023-01-03
1710,1,1,VE0010_20230103,Vembanad,1,3,2023-01-03
1711,1,1,VE0011_20230103,Vembanad,1,3,2023-01-03
1712,1,1,VE0012_20230103,Vembanad,1,3,2023-01-03
1713,1,1,VE0013_20230103,Vembanad,1,3,2023-01-03
1714,1,1,VE0014_20230103,Vembanad,1,3,2023-01-03
1715,1,1,VE0015_20230103,Vembanad,1,3,2023-01-03
1716,1,1,VE0016_20230103,Vembanad,1,3,2023-01-03
1717,1,1,VE0017_20230103,Vembanad,1,3,2023-01-03
1718,1,1,VE0018_20230103,Vembanad,1,3,2023-01-03
1719,1,1,VE0019_20230103,Vembanad,1,3,2023-01-03
1720,1,1,VE0020_20230103,Vembanad,1,3,2023-01-03
1721,1,1,VE0021_20230103,Vembanad,1,3,2023-01-03
1722,1,1,VE0022_20230103,Vembanad,1,3,2023-01-03
1723,1,1,VE0023_20230103,Vembanad,1,3,2023-01-03
1724,1,1,VE0024_20230103,Vembanad,1,3,2023-01-03
1725,1,1,VE0025_20230103,Vembanad,1,3,2023-01-03
1726,1,1,VE0026_20230103,Vembanad,1,3,2023-01-03
1727,1,1,VE0027_20230103,Vembanad,1,3,2023-01-03
1728,1,1,VE0028_20230103,Vembanad,1,3,2023-01-03
1729,1,1,VE0029_20230103,Vembanad,1,3,2023-01-03
1730,1,1,VE0030_20230103,Vembanad,1,3,2023-01-03
1731,1,1,VE0031_20230103,Vembanad,1,3,2023-01-03
1732,1,1,VE0032_20230103,Vembanad,1,3,2023-01-03
1733,1,1,VE0033_20230103,Vembanad,1,3,2023-01-03
1734,1,1,VE0034_20230103,Vembanad,1,3,2023-01-03
1735,1,1,VE0035_20230103,Vembanad,1,3,2023-01-03
1736,1,1,VE0036_20230103,Vembanad,1,3,2023-01-03
1737,1,1,VE0037_20230103,Vembanad,1,3,2023-01-03
1738,1,1,VE0038_20230103,Vembanad,1,3,2023-01-03
1739,1,1,VE0039_20230103,Vembanad,1,3,2023-01-03
1740,1,1,VE0040_20230103,Vembanad,1,3,2023-01-03
1741,1,1,VE0041_20230103,Vembanad,1,3,2023-01-03
1742,1,1,VE0042_20230103,Vembanad,1,3,2023-01-03
1743,1,1,VE0043_20230103,Vembanad,1,3,2023-01-03
1744,1,1,VE0044_20230103,Vembanad,1,3,2023-01-03
1745,1,1,VE0045_20230103,Vembanad,1,3,2023-01-03
1746,1,1,VE0046_20230103,Vembanad,1,3,2023-01-03
1747,1,1,VE0047_20230103,Vembanad,1,3,2023-01-03
1748,1,1,VE0048_20230103,Vembanad,1,3,2023-01-03
1749,1,1,VE0049_20230103,Vembanad,1,3,2023-01-03
1750,1,1,VE0050_20230103,Vembanad,1,3,2023-01-03
1751,1,1,VE0051_20230103,Vembanad,1,3,2023-01-03
1752,1,1,VE0052_20230103,Vembanad,1,3,2023-01-03
1753,1,1,VE0053_20230103,Vembanad,1,3,2023-01-03
1754,1,1,VE0054_20230103,Vembanad,1,3,2023-01-03
1755,1,1,VE0055_20230103,Vembanad,1,3,2023-01-03
1756,1,1,VE0056_20230103,Vembanad,1,3,2023-01-03
1757,1,1,VE0057_20230103,Vembanad,1,3,2023-01-03
1758,1,1,VE0058_20230103,Vembanad,1,3,2023-01-03
1759,1,1,VE0059_20230103,Vembanad,1,3,2023-01-03
1760,1,1,VE0060_20230103,Vembanad,1,3,2023-01-03
1761,1,1,VE0061_20230103,Vembanad,1,3,2023-01-03
1762,1,1,VE0062_20230103,Vembanad,1,3,2023-01-03
1763,1,1,VE0063_20230103,Vembanad,1,3,2023-01-03
1764,1,1,VE0064_20230103,Vembanad,1,3,2023-01-03
1765,1,1,VE0065_20230103,Vembanad,1,3,2023-01-03
1766,1,1,VE0066_20230103,Vembanad,1,3,2023-01-03
1767,1,1,VE0067_20230103,Vembanad,1,3,2023-01-03
1768,1,1,VE0068_20230103,Vembanad,1,3,2023-01-03
1769,1,1,VE0069_20230103,Vembanad,1,3,2023-01-03
1770,1,1,VE0070_20230103,Vembanad,1,3,2023-01-03
1771,1,1,VE0071_20230103,Vembanad,1,3,2023-01-03
1772,1,1,VE0072_20230103,Vembanad,1,3,2023-01-03
1773,1,1,VE0073_20230103,Vembanad,1,3,2023-01-03
1774,1,1,VE0074_20230103,Vembanad,1,3,2023-01-03
1775,1,1,VE0075_20230103,Vembanad,1,3,2023-01-03
1776,1,1,VE0076_20230103,Vembanad,1,3,2023-01-03
1777,1,1,VE0077_20230103,Vembanad,1,3,2023-01-03
1778,1,1,VE0078_20230103,Vembanad,1,3,2023-01-03
1779,1,1,VE0079_20230103,Vembanad,1,3,2023-01-03
1780,1,1,VE0080_20230103,Vembanad,1,3,2023-01-03
1781,1,0,VE0081_20230103,Vembanad,1,3,2023-01-03
1782,1,1,VE0082_20230103,Vembanad,1,3,2023-01-03
1783,1,1,VE0083_20230103,Vembanad,1,3,2023-01-03
1784,1,1,VE0084_20230103,Vembanad,1,3,2023-01-03
1785,1,1,VE0085_20230103,Vembanad,1,3,2023-01-03
1786,1,1,VE0086_20230103,Vembanad,1,3,2023-01-03
1787,1,1,VE0087_20230103,Vembanad,1,3,2023-01-03
1788,1,1,VE0088_20230103,Vembanad,1,3,2023-01-03
1789,1,1,VE0089_20230103,Vembanad,1,3,2023-01-03
1790,1,1,VE0090_20230103,Vembanad,1,3,2023-01-03
1791,1,1,VE0091_20230103,Vembanad,1,3,2023-01-03
1792,1,1,VE0092_20230103,Vembanad,1,3,2023-01-03
1793,1,1,VE0093_20230103,Vembanad,1,3,2023-01-03
1794,1,1,VE0094_20230103,Vembanad,1,3,2023-01-03
1795,1,1,VE0095_20230103,Vembanad,1,3,2023-01-03
1796,1,1,VE0096_20230103,Vembanad,1,3,2023-01-03
1797,1,1,VE0097_20230103,Vembanad,1,3,2023-01-03
1798,1,1,VE0098_20230103,Vembanad,1,3,2023-01-03
1799,1,1,VE0099_20230103,Vembanad,1,3,2023-01-03
1800,1,1,VE0100_20230103,Vembanad,1,3,2023-01-03
1801,1,1,VE0101_20230103,Vembanad,1,3,2023-01-03
1802,0,0,VE0102_20230103,Vembanad,0,1,2023-01-03
1803,0,0,VE0103_20230103,Vembanad,0,1,2023-01-03
1804,0,0,VE0104_20230103,Vembanad,0,1,2023-01-03
1805,0,0,VE0105_20230103,Vembanad,0,1,2023-01-03
1806,0,0,VE0106_20230103,Vembanad,0,1,2023-01-03
1807,0,0,VE0107_20230103,Vembanad,0,1,2023-01-03
1808,0,0,VE0108_20230103,Vembanad,0,1,2023-01-03
1809,0,0,VE0109_20230103,Vembanad,0,1,2023-01-03
1810,0,0,VE0110_20230103,Vembanad,0,1,2023-01-03
1811,0,0,VE0111_20230103,Vembanad,0,1,2023-01-03
1812,0,0,VE0112_20230103,Vembanad,0,1,2023-01-03
1813,0,0,VE0113_20230103,Vembanad,0,1,2023-01-03
1814,0,0,VE0114_20230103,Vembanad,0,1,2023-01-03
1815,0,0,VE0115_20230103,Vembanad,0,1,2023-01-03
1816,0,0,VE0116_20230103,Vembanad,0,1,2023-01-03
1817,0,0,VE0117_20230103,Vembanad,0,1,2023-01-03
1818,0,0,VE0118_20230103,Vembanad,0,1,2023-01-03
1819,0,0,VE0119_20230103,Vembanad,0,1,2023-01-03
1820,0,0,VE0120_20230103,Vembanad,0,1,2023-01-03
1821,0,0,VE0121_20230103,Vembanad,0,1,2023-01-03
1822,0,0,VE0122_20230103,Vembanad,0,1,2023-01-03
1823,0,0,VE0123_20230103,Vembanad,0,1,2023-01-03
1824,0,0,VE0124_20230103,Vembanad,0,1,2023-01-03
1825,0,0,VE0125_20230103,Vembanad,0,1,2023-01-03
1826,0,0,VE0126_20230103,Vembanad,0,1,2023-01-03
1827,0,0,VE0127_20230103,Vembanad,0,1,2023-01-03
1828,0,0,VE0128_20230103,Vembanad,0,1,2023-01-03
1829,0,1,VE0129_20230103,Vembanad,0,1,2023-01-03
1830,0,0,VE0130_20230103,Vembanad,0,1,2023-01-03
1831,0,0,VE0131_20230103,Vembanad,0,1,2023-01-03
1832,0,0,VE0132_20230103,Vembanad,0,1,2023-01-03
1833,0,1,VE0133_20230103,Vembanad,0,1,2023-01-03
1834,0,0,VE0134_20230103,Vembanad,0,1,2023-01-03
1835,0,0,VE0135_20230103,Vembanad,0,1,2023-01-03
1836,0,0,VE0136_20230103,Vembanad,0,1,2023-01-03
1837,0,0,VE0137_20230103,Vembanad,0,1,2023-01-03
1838,0,1,VE0138_20230103,Vembanad,0,1,2023-01-03
1839,0,1,VE0139_20230103,Vembanad,0,1,2023-01-03
1840,0,1,VE0140_20230103,Vembanad,0,1,2023-01-03
1841,0,0,VE0141_20230103,Vembanad,0,1,2023-01-03
1842,0,0,VE0142_20230103,Vembanad,0,1,2023-01-03
1843,0,0,VE0143_20230103,Vembanad,0,1,2023-01-03
1844,0,0,VE0144_20230103,Vembanad,0,1,2023-01-03
1845,0,1,VE0145_20230103,Vembanad,0,1,2023-01-03
1846,0,0,VE0146_20230103,Vembanad,0,1,2023-01-03
1847,0,0,VE0147_20230103,Vembanad,0,1,2023-01-03
1848,0,0,VE0148_20230103,Vembanad,0,1,2023-01-03
1849,0,0,VE0149_20230103,Vembanad,0,1,2023-01-03
1850,0,0,VE0150_20230103,Vembanad,0,1,2023-01-03
1851,0,0,VE0151_20230103,Vembanad,0,1,2023-01-03
1852,1,1,VE0152_20230103,Vembanad,1,3,2023-01-03
1853,1,1,VE0153_20230103,Vembanad,1,3,2023-01-03
1854,1,1,VE0154_20230103,Vembanad,1,3,2023-01-03
1855,1,1,VE0155_20230103,Vembanad,1,3,2023-01-03
1856,1,1,VE0156_20230103,Vembanad,1,3,2023-01-03
1857,1,1,VE0157_20230103,Vembanad,1,3,2023-01-03
1858,1,1,VE0158_20230103,Vembanad,1,3,2023-01-03
1859,1,1,VE0159_20230103,Vembanad,1,3,2023-01-03
1860,1,1,VE0160_20230103,Vembanad,1,3,2023-01-03
1861,1,1,VE0161_20230103,Vembanad,1,3,2023-01-03
1862,1,1,VE0162_20230103,Vembanad,1,3,2023-01-03
1863,1,1,VE0163_20230103,Vembanad,1,3,2023-01-03
1864,1,1,VE0164_20230103,Vembanad,1,3,2023-01-03
1865,1,1,VE0165_20230103,Vembanad,1,3,2023-01-03
1866,1,0,VE0166_20230103,Vembanad,1,3,2023-01-03
1867,1,1,VE0167_20230103,Vembanad,1,3,2023-01-03
1868,1,1,VE0168_20230103,Vembanad,1,3,2023-01-03
1869,1,1,VE0169_20230103,Vembanad,1,3,2023-01-03
1870,1,1,VE0170_20230103,Vembanad,1,3,2023-01-03
1871,1,1,VE0171_20230103,Vembanad,1,3,2023-01-03
1872,1,1,VE0172_20230103,Vembanad,1,3,2023-01-03
1873,1,1,VE0173_20230103,Vembanad,1,3,2023-01-03
1874,1,1,VE0174_20230103,Vembanad,1,3,2023-01-03
1875,1,1,VE0175_20230103,Vembanad,1,3,2023-01-03
1876,1,1,VE0176_20230103,Vembanad,1,3,2023-01-03
1877,1,1,VE0177_20230103,Vembanad,1,3,2023-01-03
1878,1,1,VE0178_20230103,Vembanad,1,3,2023-01-03
1879,1,0,VE0179_20230103,Vembanad,1,3,2023-01-03
1880,1,1,VE0180_20230103,Vembanad,1,3,2023-01-03
1881,1,1,VE0181_20230103,Vembanad,1,3,2023-01-03
1882,1,1,VE0182_20230103,Vembanad,1,3,2023-01-03
1883,1,1,VE0183_20230103,Vembanad,1,3,2023-01-03
1884,1,1,VE0184_20230103,Vembanad,1,3,2023-01-03
1885,1,1,VE0185_20230103,Vembanad,1,3,2023-01-03
1886,1,1,VE0186_20230103,Vembanad,1,3,2023-01-03
1887,1,0,VE0187_20230103,Vembanad,1,3,2023-01-03
1888,1,1,VE0188_20230103,Vembanad,1,3,2023-01-03
1889,1,1,VE0189_20230103,Vembanad,1,3,2023-01-03
1890,1,1,VE0190_20230103,Vembanad,1,3,2023-01-03
1891,1,1,VE0191_20230103,Vembanad,1,3,2023-01-03
1892,1,1,VE0192_20230103,Vembanad,1,3,2023-01-03
1893,1,1,VE0193_20230103,Vembanad,1,3,2023-01-03
1894,1,0,VE0194_20230103,Vembanad,1,3,2023-01-03
1895,1,1,VE0195_20230103,Vembanad,1,3,2023-01-03
1896,1,1,VE0196_20230103,Vembanad,1,3,2023-01-03
1897,1,1,VE0197_20230103,Vembanad,1,3,2023-01-03
1898,1,1,VE0198_20230103,Vembanad,1,3,2023-01-03
1899,1,1,VE0199_20230103,Vembanad,1,3,2023-01-03
1900,1,1,VE0200_20230103,Vembanad,1,3,2023-01-03
1901,0,0,VE0201_20230103,Vembanad,0,2,2023-01-03
1902,0,0,VE0202_20230103,Vembanad,0,2,2023-01-03
1903,0,0,VE0203_20230103,Vembanad,0,2,2023-01-03
1904,0,0,VE0204_20230103,Vembanad,0,2,2023-01-03
1905,0,0,VE0205_20230103,Vembanad,0,2,2023-01-03
1906,0,0,VE0206_20230103,Vembanad,0,2,2023-01-03
1907,0,0,VE0207_20230103,Vembanad,0,2,2023-01-03
1908,0,0,VE0208_20230103,Vembanad,0,2,2023-01-03
1909,0,0,VE0209_20230103,Vembanad,0,2,2023-01-03
1910,0,0,VE0210_20230103,Vembanad,0,2,2023-01-03
1911,0,0,VE0211_20230103,Vembanad,0,2,2023-01-03
1912,0,0,VE0212_20230103,Vembanad,0,2,2023-01-03
1913,0,0,VE0213_20230103,Vembanad,0,2,2023-01-03
1914,0,0,VE0214_20230103,Vembanad,0,2,2023-01-03
1915,0,0,VE0215_20230103,Vembanad,0,2,2023-01-03
1916,0,0,VE0216_20230103,Vembanad,0,2,2023-01-03
1917,0,0,VE0217_20230103,Vembanad,0,2,2023-01-03
1918,0,0,VE0218_20230103,Vembanad,0,2,2023-01-03
1919,0,0,VE0219_20230103,Vembanad,0,2,2023-01-03
1920,0,0,VE0220_20230103,Vembanad,0,2,2023-01-03
1921,0,0,VE0221_20230103,Vembanad,0,2,2023-01-03
1922,0,0,VE0222_20230103,Vembanad,0,2,2023-01-03
1923,0,0,VE0223_20230103,Vembanad,0,2,2023-01-03
1924,0,0,VE0224_20230103,Vembanad,0,2,2023-01-03
1925,0,0,VE0225_20230103,Vembanad,0,2,2023-01-03
1926,0,0,VE0226_20230103,Vembanad,0,2,2023-01-03
1927,0,0,VE0227_20230103,Vembanad,0,2,2023-01-03
1928,0,0,VE0228_20230103,Vembanad,0,2,2023-01-03
1929,0,0,VE0229_20230103,Vembanad,0,2,2023-01-03
1930,0,0,VE0230_20230103,Vembanad,0,2,2023-01-03
1931,0,0,VE0231_20230103,Vembanad,0,2,2023-01-03
1932,0,0,VE0232_20230103,Vembanad,0,2,2023-01-03
1933,0,0,VE0233_20230103,Vembanad,0,2,2023-01-03
1934,0,0,VE0234_20230103,Vembanad,0,2,2023-01-03
1935,0,0,VE0235_20230103,Vembanad,0,2,2023-01-03
1936,0,0,VE0236_20230103,Vembanad,0,2,2023-01-03
1937,0,0,VE0237_20230103,Vembanad,0,2,2023-01-03
1938,0,0,VE0238_20230103,Vembanad,0,2,2023-01-03
1939,0,0,VE0239_20230103,Vembanad,0,2,2023-01-03
1940,0,0,VE0240_20230103,Vembanad,0,2,2023-01-03
1941,0,0,VE0241_20230103,Vembanad,0,2,2023-01-03
1942,0,0,VE0242_20230103,Vembanad,0,2,2023-01-03
1943,0,0,VE0243_20230103,Vembanad,0,2,2023-01-03
1944,0,0,VE0244_20230103,Vembanad,0,2,2023-01-03
1945,0,0,VE0245_20230103,Vembanad,0,2,2023-01-03
1946,0,0,VE0246_20230103,Vembanad,0,2,2023-01-03
1947,0,0,VE0247_20230103,Vembanad,0,2,2023-01-03
1948,0,0,VE0248_20230103,Vembanad,0,2,2023-01-03
1949,0,0,VE0249_20230103,Vembanad,0,2,2023-01-03
1950,0,0,VE0250_20230103,Vembanad,0,2,2023-01-03
1951,0,0,VE0251_20230103,Vembanad,0,2,2023-01-03
1952,0,0,VE0252_20230103,Vembanad,0,2,2023-01-03
1953,0,0,VE0253_20230103,Vembanad,0,2,2023-01-03
1954,0,0,VE0254_20230103,Vembanad,0,2,2023-01-03
1955,0,0,VE0255_20230103,Vembanad,0,2,2023-01-03
1956,0,0,VE0256_20230103,Vembanad,0,2,2023-01-03
1957,0,0,VE0257_20230103,Vembanad,0,2,2023-01-03
1958,0,0,VE0258_20230103,Vembanad,0,2,2023-01-03
1959,0,0,VE0259_20230103,Vembanad,0,2,2023-01-03
1960,0,0,VE0260_20230103,Vembanad,0,2,2023-01-03
1961,0,0,VE0261_20230103,Vembanad,0,2,2023-01-03
1962,0,0,VE0262_20230103,Vembanad,0,2,2023-01-03
1963,0,0,VE0263_20230103,Vembanad,0,2,2023-01-03
1964,0,0,VE0264_20230103,Vembanad,0,2,2023-01-03
1965,0,0,VE0265_20230103,Vembanad,0,2,2023-01-03
1966,0,0,VE0266_20230103,Vembanad,0,2,2023-01-03
1967,0,0,VE0267_20230103,Vembanad,0,2,2023-01-03
1968,0,0,VE0268_20230103,Vembanad,0,2,2023-01-03
1969,0,0,VE0269_20230103,Vembanad,0,2,2023-01-03
1970,0,0,VE0270_20230103,Vembanad,0,2,2023-01-03
1971,0,0,VE0271_20230103,Vembanad,0,2,2023-01-03
1972,0,0,VE0272_20230103,Vembanad,0,2,2023-01-03
1973,0,0,VE0273_20230103,Vembanad,0,2,2023-01-03
1974,0,0,VE0274_20230103,Vembanad,0,2,2023-01-03
1975,0,0,VE0275_20230103,Vembanad,0,2,2023-01-03
1976,0,0,VE0276_20230103,Vembanad,0,1,2023-01-03
1977,0,1,VE0277_20230103,Vembanad,0,1,2023-01-03
1978,0,0,VE0278_20230103,Vembanad,0,1,2023-01-03
1979,0,0,VE0279_20230103,Vembanad,0,1,2023-01-03
1980,0,0,VE0280_20230103,Vembanad,0,1,2023-01-03
1981,0,0,VE0281_20230103,Vembanad,0,1,2023-01-03
1982,0,0,VE0282_20230103,Vembanad,0,1,2023-01-03
1983,0,0,VE0283_20230103,Vembanad,0,1,2023-01-03
1984,0,0,VE0284_20230103,Vembanad,0,1,2023-01-03
1985,0,0,VE0285_20230103,Vembanad,0,1,2023-01-03
1986,0,0,VE0286_20230103,Vembanad,0,1,2023-01-03
1987,0,0,VE0287_20230103,Vembanad,0,1,2023-01-03
1988,0,0,VE0288_20230103,Vembanad,0,1,2023-01-03
1989,0,0,VE0289_20230103,Vembanad,0,1,2023-01-03
1990,0,1,VE0290_20230103,Vembanad,0,1,2023-01-03
1991,0,1,VE0291_20230103,Vembanad,0,1,2023-01-03
1992,0,0,VE0292_20230103,Vembanad,0,1,2023-01-03
1993,0,0,VE0293_20230103,Vembanad,0,1,2023-01-03
1994,0,0,VE0294_20230103,Vembanad,0,1,2023-01-03
1995,0,0,VE0295_20230103,Vembanad,0,1,2023-01-03
1996,0,0,VE0296_20230103,Vembanad,0,1,2023-01-03
1997,0,1,VE0297_20230103,Vembanad,0,1,2023-01-03
1998,0,0,VE0298_20230103,Vembanad,0,1,2023-01-03
1999,0,0,VE0299_20230103,Vembanad,0,1,2023-01-03
2000,0,0,VE0300_20230103,Vembanad,0,1,2023-01-03
2001,1,1,VE0301_20230103,Vembanad,1,3,2023-01-03
2002,1,1,WI0001_20241126,Winam,1,3,2024-11-26
2003,1,1,WI0002_20241126,Winam,1,3,2024-11-26
2004,1,1,WI0003_20241126,Winam,1,3,2024-11-26
2005,1,1,WI0004_20241126,Winam,1,3,2024-11-26
2006,1,1,WI0005_20241126,Winam,1,3,2024-11-26
2007,1,1,WI0006_20241126,Winam,1,3,2024-11-26
2008,1,1,WI0007_20241126,Winam,1,3,2024-11-26
2009,1,1,WI0008_20241126,Winam,1,3,2024-11-26
2010,1,1,WI0009_20241126,Winam,1,3,2024-11-26
2011,1,1,WI0010_20241126,Winam,1,3,2024-11-26
2012,1,1,WI0011_20241126,Winam,1,3,2024-11-26
2013,1,1,WI0012_20241126,Winam,1,3,2024-11-26
2014,1,1,WI0013_20241126,Winam,1,3,2024-11-26
2015,1,1,WI0014_20241126,Winam,1,3,2024-11-26
2016,1,1,WI0015_20241126,Winam,1,3,2024-11-26
2017,1,1,WI0016_20241126,Winam,1,3,2024-11-26
2018,1,1,WI0017_20241126,Winam,1,3,2024-11-26
2019,1,1,WI0018_20241126,Winam,1,3,2024-11-26
2020,1,1,WI0019_20241126,Winam,1,3,2024-11-26
2021,1,1,WI0020_20241126,Winam,1,3,2024-11-26
2022,1,1,WI0021_20241126,Winam,1,3,2024-11-26
2023,1,1,WI0022_20241126,Winam,1,3,2024-11-26
2024,1,1,WI0023_20241126,Winam,1,3,2024-11-26
2025,1,1,WI0024_20241126,Winam,1,3,2024-11-26
2026,1,1,WI0025_20241126,Winam,1,3,2024-11-26
2027,1,1,WI0026_20241126,Winam,1,3,2024-11-26
2028,1,1,WI0027_20241126,Winam,1,3,2024-11-26
2029,1,1,WI0028_20241126,Winam,1,3,2024-11-26
2030,1,1,WI0029_20241126,Winam,1,3,2024-11-26
2031,1,1,WI0030_20241126,Winam,1,3,2024-11-26
2032,1,1,WI0031_20241126,Winam,1,3,2024-11-26
2033,1,1,WI0032_20241126,Winam,1,3,2024-11-26
2034,1,1,WI0033_20241126,Winam,1,3,2024-11-26
2035,1,1,WI0034_20241126,Winam,1,3,2024-11-26
2036,1,1,WI0035_20241126,Winam,1,3,2024-11-26
2037,1,1,WI0036_20241126,Winam,1,3,2024-11-26
2038,1,1,WI0037_20241126,Winam,1,3,2024-11-26
2039,1,0,WI0038_20241126,Winam,1,3,2024-11-26
2040,1,1,WI0039_20241126,Winam,1,3,2024-11-26
2041,1,1,WI0040_20241126,Winam,1,3,2024-11-26
2042,1,1,WI0041_20241126,Winam,1,3,2024-11-26
2043,1,1,WI0042_20241126,Winam,1,3,2024-11-26
2044,1,1,WI0043_20241126,Winam,1,3,2024-11-26
2045,1,1,WI0044_20241126,Winam,1,3,2024-11-26
2046,1,1,WI0045_20241126,Winam,1,3,2024-11-26
2047,1,1,WI0046_20241126,Winam,1,3,2024-11-26
2048,1,1,WI0047_20241126,Winam,1,3,2024-11-26
2049,1,1,WI0048_20241126,Winam,1,3,2024-11-26
2050,1,1,WI0049_20241126,Winam,1,3,2024-11-26
2051,1,1,WI0050_20241126,Winam,1,3,2024-11-26
2052,1,1,WI0051_20241126,Winam,1,3,2024-11-26
2053,1,1,WI0052_20241126,Winam,1,3,2024-11-26
2054,1,1,WI0053_20241126,Winam,1,3,2024-11-26
2055,1,0,WI0054_20241126,Winam,1,3,2024-11-26
2056,1,1,WI0055_20241126,Winam,1,3,2024-11-26
2057,1,1,WI0056_20241126,Winam,1,3,2024-11-26
2058,1,1,WI0057_20241126,Winam,1,3,2024-11-26
2059,1,1,WI0058_20241126,Winam,1,3,2024-11-26
2060,1,1,WI0059_20241126,Winam,1,3,2024-11-26
2061,1,1,WI0060_20241126,Winam,1,3,2024-11-26
2062,1,1,WI0061_20241126,Winam,1,3,2024-11-26
2063,1,1,WI0062_20241126,Winam,1,3,2024-11-26
2064,1,1,WI0063_20241126,Winam,1,3,2024-11-26
2065,1,1,WI0064_20241126,Winam,1,3,2024-11-26
2066,1,1,WI0065_20241126,Winam,1,3,2024-11-26
2067,1,1,WI0066_20241126,Winam,1,3,2024-11-26
2068,1,1,WI0067_20241126,Winam,1,3,2024-11-26
2069,1,1,WI0068_20241126,Winam,1,3,2024-11-26
2070,1,1,WI0069_20241126,Winam,1,3,2024-11-26
2071,1,1,WI0070_20241126,Winam,1,3,2024-11-26
2072,1,1,WI0071_20241126,Winam,1,3,2024-11-26
2073,1,1,WI0072_20241126,Winam,1,3,2024-11-26
2074,1,0,WI0073_20241126,Winam,1,3,2024-11-26
2075,1,1,WI0074_20241126,Winam,1,3,2024-11-26
2076,1,1,WI0075_20241126,Winam,1,3,2024-11-26
2077,1,1,WI0076_20241126,Winam,1,3,2024-11-26
2078,1,1,WI0077_20241126,Winam,1,3,2024-11-26
2079,1,1,WI0078_20241126,Winam,1,3,2024-11-26
2080,1,1,WI0079_20241126,Winam,1,3,2024-11-26
2081,1,1,WI0080_20241126,Winam,1,3,2024-11-26
2082,1,1,WI0081_20241126,Winam,1,3,2024-11-26
2083,1,1,WI0082_20241126,Winam,1,3,2024-11-26
2084,1,1,WI0083_20241126,Winam,1,3,2024-11-26
2085,1,1,WI0084_20241126,Winam,1,3,2024-11-26
2086,1,1,WI0085_20241126,Winam,1,3,2024-11-26
2087,1,1,WI0086_20241126,Winam,1,3,2024-11-26
2088,1,1,WI0087_20241126,Winam,1,3,2024-11-26
2089,1,1,WI0088_20241126,Winam,1,3,2024-11-26
2090,1,1,WI0089_20241126,Winam,1,3,2024-11-26
2091,1,1,WI0090_20241126,Winam,1,3,2024-11-26
2092,1,1,WI0091_20241126,Winam,1,3,2024-11-26
2093,1,1,WI0092_20241126,Winam,1,3,2024-11-26
2094,1,1,WI0093_20241126,Winam,1,3,2024-11-26
2095,1,1,WI0094_20241126,Winam,1,3,2024-11-26
2096,1,1,WI0095_20241126,Winam,1,3,2024-11-26
2097,1,1,WI0096_20241126,Winam,1,3,2024-11-26
2098,1,1,WI0097_20241126,Winam,1,3,2024-11-26
2099,1,1,WI0098_20241126,Winam,1,3,2024-11-26
2100,1,1,WI0099_20241126,Winam,1,3,2024-11-26
2101,1,1,WI0100_20241126,Winam,1,3,2024-11-26
2102,1,1,WI0101_20241126,Winam,1,3,2024-11-26
2103,1,1,WI0102_20241126,Winam,1,3,2024-11-26
2104,1,1,WI0103_20241126,Winam,1,3,2024-11-26
2105,1,1,WI0104_20241126,Winam,1,3,2024-11-26
2106,1,1,WI0105_20241126,Winam,1,3,2024-11-26
2107,1,1,WI0106_20241126,Winam,1,3,2024-11-26
2108,1,1,WI0107_20241126,Winam,1,3,2024-11-26
2109,1,1,WI0108_20241126,Winam,1,3,2024-11-26
2110,1,1,WI0109_20241126,Winam,1,3,2024-11-26
2111,1,1,WI0110_20241126,Winam,1,3,2024-11-26
2112,1,1,WI0111_20241126,Winam,1,3,2024-11-26
2113,1,1,WI0112_20241126,Winam,1,3,2024-11-26
2114,1,1,WI0113_20241126,Winam,1,3,2024-11-26
2115,1,1,WI0114_20241126,Winam,1,3,2024-11-26
2116,1,1,WI0115_20241126,Winam,1,3,2024-11-26
2117,1,1,WI0116_20241126,Winam,1,3,2024-11-26
2118,1,1,WI0117_20241126,Winam,1,3,2024-11-26
2119,1,1,WI0118_20241126,Winam,1,3,2024-11-26
2120,1,1,WI0119_20241126,Winam,1,3,2024-11-26
2121,1,1,WI0120_20241126,Winam,1,3,2024-11-26
2122,1,1,WI0121_20241126,Winam,1,3,2024-11-26
2123,1,1,WI0122_20241126,Winam,1,3,2024-11-26
2124,1,1,WI0123_20241126,Winam,1,3,2024-11-26
2125,1,1,WI0124_20241126,Winam,1,3,2024-11-26
2126,1,1,WI0125_20241126,Winam,1,3,2024-11-26
2127,1,1,WI0126_20241126,Winam,1,3,2024-11-26
2128,1,1,WI0127_20241126,Winam,1,3,2024-11-26
2129,1,1,WI0128_20241126,Winam,1,3,2024-11-26
2130,1,1,WI0129_20241126,Winam,1,3,2024-11-26
2131,1,1,WI0130_20241126,Winam,1,3,2024-11-26
2132,1,1,WI0131_20241126,Winam,1,3,2024-11-26
2133,1,1,WI0132_20241126,Winam,1,3,2024-11-26
2134,1,1,WI0133_20241126,Winam,1,3,2024-11-26
2135,1,1,WI0134_20241126,Winam,1,3,2024-11-26
2136,1,1,WI0135_20241126,Winam,1,3,2024-11-26
2137,1,1,WI0136_20241126,Winam,1,3,2024-11-26
2138,1,1,WI0137_20241126,Winam,1,3,2024-11-26
2139,1,1,WI0138_20241126,Winam,1,3,2024-11-26
2140,1,1,WI0139_20241126,Winam,1,3,2024-11-26
2141,1,1,WI0140_20241126,Winam,1,3,2024-11-26
2142,1,1,WI0141_20241126,Winam,1,3,2024-11-26
2143,1,1,WI0142_20241126,Winam,1,3,2024-11-26
2144,1,1,WI0143_20241126,Winam,1,3,2024-11-26
2145,1,0,WI0144_20241126,Winam,1,3,2024-11-26
2146,1,1,WI0145_20241126,Winam,1,3,2024-11-26
2147,1,1,WI0146_20241126,Winam,1,3,2024-11-26
2148,1,1,WI0147_20241126,Winam,1,3,2024-11-26
2149,1,1,WI0148_20241126,Winam,1,3,2024-11-26
2150,1,1,WI0149_20241126,Winam,1,3,2024-11-26
2151,1,1,WI0150_20241126,Winam,1,3,2024-11-26
2152,0,1,WI0151_20241126,Winam,0,4,2024-11-26
2153,0,1,WI0152_20241126,Winam,0,4,2024-11-26
2154,0,1,WI0153_20241126,Winam,0,4,2024-11-26
2155,0,1,WI0154_20241126,Winam,0,4,2024-11-26
2156,0,1,WI0155_20241126,Winam,0,4,2024-11-26
2157,0,1,WI0156_20241126,Winam,0,4,2024-11-26
2158,0,1,WI0157_20241126,Winam,0,4,2024-11-26
2159,0,1,WI0158_20241126,Winam,0,4,2024-11-26
2160,0,1,WI0159_20241126,Winam,0,4,2024-11-26
2161,0,1,WI0160_20241126,Winam,0,4,2024-11-26
2162,0,1,WI0161_20241126,Winam,0,4,2024-11-26
2163,0,1,WI0162_20241126,Winam,0,4,2024-11-26
2164,0,0,WI0163_20241126,Winam,0,4,2024-11-26
2165,0,1,WI0164_20241126,Winam,0,4,2024-11-26
2166,0,0,WI0165_20241126,Winam,0,4,2024-11-26
2167,0,0,WI0166_20241126,Winam,0,4,2024-11-26
2168,0,0,WI0167_20241126,Winam,0,4,2024-11-26
2169,0,0,WI0168_20241126,Winam,0,4,2024-11-26
2170,0,0,WI0169_20241126,Winam,0,4,2024-11-26
2171,0,1,WI0170_20241126,Winam,0,4,2024-11-26
2172,0,0,WI0171_20241126,Winam,0,4,2024-11-26
2173,0,0,WI0172_20241126,Winam,0,4,2024-11-26
2174,0,0,WI0173_20241126,Winam,0,4,2024-11-26
2175,0,0,WI0174_20241126,Winam,0,4,2024-11-26
2176,0,0,WI0175_20241126,Winam,0,4,2024-11-26
2177,0,0,WI0176_20241126,Winam,0,4,2024-11-26
2178,0,0,WI0177_20241126,Winam,0,4,2024-11-26
2179,0,0,WI0178_20241126,Winam,0,4,2024-11-26
2180,0,0,WI0179_20241126,Winam,0,4,2024-11-26
2181,0,0,WI0180_20241126,Winam,0,4,2024-11-26
2182,0,0,WI0181_20241126,Winam,0,4,2024-11-26
2183,0,0,WI0182_20241126,Winam,0,4,2024-11-26
2184,0,0,WI0183_20241126,Winam,0,4,2024-11-26
2185,0,0,WI0184_20241126,Winam,0,4,2024-11-26
2186,0,0,WI0185_20241126,Winam,0,4,2024-11-26
2187,0,0,WI0186_20241126,Winam,0,4,2024-11-26
2188,0,0,WI0187_20241126,Winam,0,4,2024-11-26
2189,0,0,WI0188_20241126,Winam,0,4,2024-11-26
2190,0,0,WI0189_20241126,Winam,0,4,2024-11-26
2191,0,0,WI0190_20241126,Winam,0,4,2024-11-26
2192,0,0,WI0191_20241126,Winam,0,4,2024-11-26
2193,0,0,WI0192_20241126,Winam,0,4,2024-11-26
2194,0,1,WI0193_20241126,Winam,0,4,2024-11-26
2195,0,1,WI0194_20241126,Winam,0,4,2024-11-26
2196,0,0,WI0195_20241126,Winam,0,4,2024-11-26
2197,0,0,WI0196_20241126,Winam,0,4,2024-11-26
2198,0,1,WI0197_20241126,Winam,0,4,2024-11-26
2199,0,0,WI0198_20241126,Winam,0,4,2024-11-26
2200,0,0,WI0199_20241126,Winam,0,4,2024-11-26
2201,0,0,WI0200_20241126,Winam,0,4,2024-11-26
2202,0,0,WI0201_20241126,Winam,0,2,2024-11-26
2203,0,0,WI0202_20241126,Winam,0,2,2024-11-26
2204,0,0,WI0203_20241126,Winam,0,2,2024-11-26
2205,0,0,WI0204_20241126,Winam,0,2,2024-11-26
2206,0,0,WI0205_20241126,Winam,0,2,2024-11-26
2207,0,0,WI0206_20241126,Winam,0,2,2024-11-26
2208,0,0,WI0207_20241126,Winam,0,2,2024-11-26
2209,0,0,WI0208_20241126,Winam,0,2,2024-11-26
2210,0,0,WI0209_20241126,Winam,0,2,2024-11-26
2211,0,0,WI0210_20241126,Winam,0,2,2024-11-26
2212,0,0,WI0211_20241126,Winam,0,2,2024-11-26
2213,0,0,WI0212_20241126,Winam,0,2,2024-11-26
2214,0,0,WI0213_20241126,Winam,0,2,2024-11-26
2215,0,0,WI0214_20241126,Winam,0,2,2024-11-26
2216,0,0,WI0215_20241126,Winam,0,2,2024-11-26
2217,0,0,WI0216_20241126,Winam,0,2,2024-11-26
2218,0,0,WI0217_20241126,Winam,0,2,2024-11-26
2219,0,0,WI0218_20241126,Winam,0,2,2024-11-26
2220,0,0,WI0219_20241126,Winam,0,2,2024-11-26
2221,0,0,WI0220_20241126,Winam,0,2,2024-11-26
2222,0,0,WI0221_20241126,Winam,0,2,2024-11-26
2223,0,0,WI0222_20241126,Winam,0,2,2024-11-26
2224,0,0,WI0223_20241126,Winam,0,2,2024-11-26
2225,0,0,WI0224_20241126,Winam,0,2,2024-11-26
2226,0,0,WI0225_20241126,Winam,0,2,2024-11-26
2227,0,0,WI0226_20241126,Winam,0,2,2024-11-26
2228,0,0,WI0227_20241126,Winam,0,2,2024-11-26
2229,0,0,WI0228_20241126,Winam,0,2,2024-11-26
2230,0,0,WI0229_20241126,Winam,0,2,2024-11-26
2231,0,0,WI0230_20241126,Winam,0,2,2024-11-26
2232,0,0,WI0231_20241126,Winam,0,2,2024-11-26
2233,0,0,WI0232_20241126,Winam,0,2,2024-11-26
2234,0,0,WI0233_20241126,Winam,0,2,2024-11-26
2235,0,0,WI0234_20241126,Winam,0,2,2024-11-26
2236,0,0,WI0235_20241126,Winam,0,2,2024-11-26
2237,0,0,WI0236_20241126,Winam,0,2,2024-11-26
2238,0,0,WI0237_20241126,Winam,0,2,2024-11-26
2239,0,0,WI0238_20241126,Winam,0,2,2024-11-26
2240,0,0,WI0239_20241126,Winam,0,2,2024-11-26
2241,0,0,WI0240_20241126,Winam,0,2,2024-11-26
2242,0,0,WI0241_20241126,Winam,0,2,2024-11-26
2243,0,0,WI0242_20241126,Winam,0,2,2024-11-26
2244,0,0,WI0243_20241126,Winam,0,2,2024-11-26
2245,0,0,WI0244_20241126,Winam,0,2,2024-11-26
2246,0,0,WI0245_20241126,Winam,0,2,2024-11-26
2247,0,0,WI0246_20241126,Winam,0,2,2024-11-26
2248,0,0,WI0247_20241126,Winam,0,2,2024-11-26
2249,0,0,WI0248_20241126,Winam,0,2,2024-11-26
2250,0,0,WI0249_20241126,Winam,0,2,2024-11-26
2251,0,0,WI0250_20241126,Winam,0,2,2024-11-26
2252,0,0,WI0251_20241126,Winam,0,1,2024-11-26
2253,0,0,WI0252_20241126,Winam,0,1,2024-11-26
2254,0,1,WI0253_20241126,Winam,0,1,2024-11-26
2255,0,0,WI0254_20241126,Winam,0,1,2024-11-26
2256,0,0,WI0255_20241126,Winam,0,1,2024-11-26
2257,0,0,WI0256_20241126,Winam,0,1,2024-11-26
2258,0,1,WI0257_20241126,Winam,0,1,2024-11-26
2259,0,1,WI0258_20241126,Winam,0,1,2024-11-26
2260,0,0,WI0259_20241126,Winam,0,1,2024-11-26
2261,0,0,WI0260_20241126,Winam,0,1,2024-11-26
2262,0,0,WI0261_20241126,Winam,0,1,2024-11-26
2263,0,0,WI0262_20241126,Winam,0,1,2024-11-26
2264,0,0,WI0263_20241126,Winam,0,1,2024-11-26
2265,0,0,WI0264_20241126,Winam,0,1,2024-11-26
2266,0,0,WI0265_20241126,Winam,0,1,2024-11-26
2267,0,0,WI0267_20241126,Winam,0,1,2024-11-26
2268,0,0,WI0268_20241126,Winam,0,1,2024-11-26
2269,0,0,WI0269_20241126,Winam,0,1,2024-11-26
2270,0,0,WI0270_20241126,Winam,0,1,2024-11-26
2271,0,0,WI0271_20241126,Winam,0,1,2024-11-26
2272,0,1,WI0272_20241126,Winam,0,1,2024-11-26
2273,0,1,WI0273_20241126,Winam,0,1,2024-11-26
2274,0,0,WI0274_20241126,Winam,0,1,2024-11-26
2275,0,0,WI0275_20241126,Winam,0,1,2024-11-26
2276,0,0,WI0276_20241126,Winam,0,1,2024-11-26
2277,0,0,WI0277_20241126,Winam,0,1,2024-11-26
2278,0,0,WI0278_20241126,Winam,0,1,2024-11-26
2279,0,0,WI0279_20241126,Winam,0,1,2024-11-26
2280,0,1,WI0280_20241126,Winam,0,1,2024-11-26
2281,0,1,WI0281_20241126,Winam,0,1,2024-11-26
2282,0,0,WI0282_20241126,Winam,0,1,2024-11-26
2283,0,1,WI0283_20241126,Winam,0,1,2024-11-26
2284,0,1,WI0284_20241126,Winam,0,1,2024-11-26
2285,0,1,WI0285_20241126,Winam,0,1,2024-11-26
2286,0,0,WI0286_20241126,Winam,0,1,2024-11-26
2287,0,0,WI0287_20241126,Winam,0,1,2024-11-26
2288,0,0,WI0288_20241126,Winam,0,1,2024-11-26
2289,0,0,WI0289_20241126,Winam,0,1,2024-11-26
2290,0,0,WI0290_20241126,Winam,0,1,2024-11-26
2291,0,0,WI0291_20241126,Winam,0,1,2024-11-26
2292,0,0,WI0292_20241126,Winam,0,1,2024-11-26
2293,0,0,WI0293_20241126,Winam,0,1,2024-11-26
2294,0,0,WI0294_20241126,Winam,0,1,2024-11-26
2295,0,0,WI0295_20241126,Winam,0,1,2024-11-26
2296,0,0,WI0296_20241126,Winam,0,1,2024-11-26
2297,0,0,WI0297_20241126,Winam,0,1,2024-11-26
2298,0,0,WI0298_20241126,Winam,0,1,2024-11-26
2299,0,0,WI0299_20241126,Winam,0,1,2024-11-26
2300,0,1,WI0300_20241126,Winam,0,1,2024-11-26
2301,1,1,WI0001_20250614,Winam,1,3,2025-06-14
2302,1,1,WI0002_20250614,Winam,1,3,2025-06-14
2303,1,1,WI0003_20250614,Winam,1,3,2025-06-14
2304,1,1,WI0004_20250614,Winam,1,3,2025-06-14
2305,1,1,WI0005_20250614,Winam,1,3,2025-06-14
2306,1,1,WI0006_20250614,Winam,1,3,2025-06-14
2307,1,1,WI0007_20250614,Winam,1,3,2025-06-14
2308,1,1,WI0008_20250614,Winam,1,3,2025-06-14
2309,1,1,WI0009_20250614,Winam,1,3,2025-06-14
2310,1,1,WI0010_20250614,Winam,1,3,2025-06-14
2311,1,1,WI0011_20250614,Winam,1,3,2025-06-14
2312,1,1,WI0012_20250614,Winam,1,3,2025-06-14
2313,1,0,WI0013_20250614,Winam,1,3,2025-06-14
2314,1,1,WI0014_20250614,Winam,1,3,2025-06-14
2315,1,1,WI0015_20250614,Winam,1,3,2025-06-14
2316,1,1,WI0016_20250614,Winam,1,3,2025-06-14
2317,1,1,WI0017_20250614,Winam,1,3,2025-06-14
2318,1,1,WI0018_20250614,Winam,1,3,2025-06-14
2319,1,1,WI0019_20250614,Winam,1,3,2025-06-14
2320,1,1,WI0020_20250614,Winam,1,3,2025-06-14
2321,1,1,WI0021_20250614,Winam,1,3,2025-06-14
2322,1,1,WI0022_20250614,Winam,1,3,2025-06-14
2323,1,1,WI0023_20250614,Winam,1,3,2025-06-14
2324,1,1,WI0024_20250614,Winam,1,3,2025-06-14
2325,1,1,WI0025_20250614,Winam,1,3,2025-06-14
2326,1,1,WI0026_20250614,Winam,1,3,2025-06-14
2327,1,1,WI0027_20250614,Winam,1,3,2025-06-14
2328,1,1,WI0028_20250614,Winam,1,3,2025-06-14
2329,1,1,WI0029_20250614,Winam,1,3,2025-06-14
2330,1,1,WI0030_20250614,Winam,1,3,2025-06-14
2331,1,1,WI0031_20250614,Winam,1,3,2025-06-14
2332,1,1,WI0032_20250614,Winam,1,3,2025-06-14
2333,1,1,WI0033_20250614,Winam,1,3,2025-06-14
2334,1,1,WI0034_20250614,Winam,1,3,2025-06-14
2335,1,1,WI0035_20250614,Winam,1,3,2025-06-14
2336,1,1,WI0036_20250614,Winam,1,3,2025-06-14
2337,1,1,WI0037_20250614,Winam,1,3,2025-06-14
2338,1,1,WI0038_20250614,Winam,1,3,2025-06-14
2339,1,1,WI0039_20250614,Winam,1,3,2025-06-14
2340,1,1,WI0040_20250614,Winam,1,3,2025-06-14
2341,1,1,WI0041_20250614,Winam,1,3,2025-06-14
2342,1,1,WI0042_20250614,Winam,1,3,2025-06-14
2343,1,1,WI0043_20250614,Winam,1,3,2025-06-14
2344,1,1,WI0044_20250614,Winam,1,3,2025-06-14
2345,1,1,WI0045_20250614,Winam,1,3,2025-06-14
2346,1,1,WI0046_20250614,Winam,1,3,2025-06-14
2347,1,1,WI0047_20250614,Winam,1,3,2025-06-14
2348,1,1,WI0048_20250614,Winam,1,3,2025-06-14
2349,1,1,WI0049_20250614,Winam,1,3,2025-06-14
2350,1,1,WI0050_20250614,Winam,1,3,2025-06-14
2351,1,0,WI0051_20250614,Winam,1,3,2025-06-14
2352,1,1,WI0052_20250614,Winam,1,3,2025-06-14
2353,1,1,WI0054_20250614,Winam,1,3,2025-06-14
2354,1,1,WI0055_20250614,Winam,1,3,2025-06-14
2355,1,1,WI0056_20250614,Winam,1,3,2025-06-14
2356,1,1,WI0057_20250614,Winam,1,3,2025-06-14
2357,1,1,WI0058_20250614,Winam,1,3,2025-06-14
2358,1,1,WI0059_20250614,Winam,1,3,2025-06-14
2359,1,1,WI0060_20250614,Winam,1,3,2025-06-14
2360,1,1,WI0061_20250614,Winam,1,3,2025-06-14
2361,1,1,WI0062_20250614,Winam,1,3,2025-06-14
2362,1,1,WI0063_20250614,Winam,1,3,2025-06-14
2363,1,1,WI0064_20250614,Winam,1,3,2025-06-14
2364,1,1,WI0065_20250614,Winam,1,3,2025-06-14
2365,1,1,WI0066_20250614,Winam,1,3,2025-06-14
2366,1,1,WI0067_20250614,Winam,1,3,2025-06-14
2367,1,1,WI0068_20250614,Winam,1,3,2025-06-14
2368,1,1,WI0069_20250614,Winam,1,3,2025-06-14
2369,1,1,WI0070_20250614,Winam,1,3,2025-06-14
2370,1,1,WI0071_20250614,Winam,1,3,2025-06-14
2371,1,1,WI0072_20250614,Winam,1,3,2025-06-14
2372,1,1,WI0073_20250614,Winam,1,3,2025-06-14
2373,1,1,WI0074_20250614,Winam,1,3,2025-06-14
2374,1,1,WI0075_20250614,Winam,1,3,2025-06-14
2375,1,1,WI0076_20250614,Winam,1,3,2025-06-14
2376,1,1,WI0077_20250614,Winam,1,3,2025-06-14
2377,1,1,WI0078_20250614,Winam,1,3,2025-06-14
2378,1,1,WI0079_20250614,Winam,1,3,2025-06-14
2379,1,1,WI0080_20250614,Winam,1,3,2025-06-14
2380,1,1,WI0081_20250614,Winam,1,3,2025-06-14
2381,1,1,WI0082_20250614,Winam,1,3,2025-06-14
2382,1,1,WI0083_20250614,Winam,1,3,2025-06-14
2383,1,1,WI0084_20250614,Winam,1,3,2025-06-14
2384,1,1,WI0085_20250614,Winam,1,3,2025-06-14
2385,1,1,WI0086_20250614,Winam,1,3,2025-06-14
2386,1,1,WI0087_20250614,Winam,1,3,2025-06-14
2387,1,1,WI0088_20250614,Winam,1,3,2025-06-14
2388,1,1,WI0089_20250614,Winam,1,3,2025-06-14
2389,1,1,WI0090_20250614,Winam,1,3,2025-06-14
2390,1,1,WI0091_20250614,Winam,1,3,2025-06-14
2391,1,1,WI0092_20250614,Winam,1,3,2025-06-14
2392,1,1,WI0093_20250614,Winam,1,3,2025-06-14
2393,1,1,WI0094_20250614,Winam,1,3,2025-06-14
2394,1,1,WI0095_20250614,Winam,1,3,2025-06-14
2395,1,1,WI0096_20250614,Winam,1,3,2025-06-14
2396,1,1,WI0097_20250614,Winam,1,3,2025-06-14
2397,1,1,WI0098_20250614,Winam,1,3,2025-06-14
2398,1,1,WI0099_20250614,Winam,1,3,2025-06-14
2399,1,1,WI0101_20250614,Winam,1,3,2025-06-14
2400,1,0,WI0102_20250614,Winam,1,3,2025-06-14
2401,1,1,WI0103_20250614,Winam,1,3,2025-06-14
2402,1,0,WI0104_20250614,Winam,1,3,2025-06-14
2403,1,1,WI0105_20250614,Winam,1,3,2025-06-14
2404,1,1,WI0106_20250614,Winam,1,3,2025-06-14
2405,1,1,WI0107_20250614,Winam,1,3,2025-06-14
2406,1,1,WI0108_20250614,Winam,1,3,2025-06-14
2407,1,1,WI0109_20250614,Winam,1,3,2025-06-14
2408,1,1,WI0110_20250614,Winam,1,3,2025-06-14
2409,1,1,WI0111_20250614,Winam,1,3,2025-06-14
2410,1,1,WI0112_20250614,Winam,1,3,2025-06-14
2411,1,1,WI0113_20250614,Winam,1,3,2025-06-14
2412,1,1,WI0114_20250614,Winam,1,3,2025-06-14
2413,1,1,WI0115_20250614,Winam,1,3,2025-06-14
2414,1,1,WI0116_20250614,Winam,1,3,2025-06-14
2415,1,1,WI0117_20250614,Winam,1,3,2025-06-14
2416,1,1,WI0118_20250614,Winam,1,3,2025-06-14
2417,1,1,WI0119_20250614,Winam,1,3,2025-06-14
2418,1,1,WI0120_20250614,Winam,1,3,2025-06-14
2419,1,1,WI0121_20250614,Winam,1,3,2025-06-14
2420,1,1,WI0122_20250614,Winam,1,3,2025-06-14
2421,1,1,WI0123_20250614,Winam,1,3,2025-06-14
2422,1,1,WI0124_20250614,Winam,1,3,2025-06-14
2423,1,1,WI0125_20250614,Winam,1,3,2025-06-14
2424,1,1,WI0126_20250614,Winam,1,3,2025-06-14
2425,1,1,WI0127_20250614,Winam,1,3,2025-06-14
2426,1,1,WI0128_20250614,Winam,1,3,2025-06-14
2427,1,1,WI0129_20250614,Winam,1,3,2025-06-14
2428,1,1,WI0130_20250614,Winam,1,3,2025-06-14
2429,1,1,WI0131_20250614,Winam,1,3,2025-06-14
2430,1,1,WI0132_20250614,Winam,1,3,2025-06-14
2431,1,1,WI0133_20250614,Winam,1,3,2025-06-14
2432,1,1,WI0134_20250614,Winam,1,3,2025-06-14
2433,1,1,WI0135_20250614,Winam,1,3,2025-06-14
2434,1,1,WI0136_20250614,Winam,1,3,2025-06-14
2435,1,1,WI0137_20250614,Winam,1,3,2025-06-14
2436,1,1,WI0138_20250614,Winam,1,3,2025-06-14
2437,1,1,WI0139_20250614,Winam,1,3,2025-06-14
2438,1,1,WI0140_20250614,Winam,1,3,2025-06-14
2439,1,1,WI0141_20250614,Winam,1,3,2025-06-14
2440,1,1,WI0142_20250614,Winam,1,3,2025-06-14
2441,1,1,WI0143_20250614,Winam,1,3,2025-06-14
2442,1,1,WI0144_20250614,Winam,1,3,2025-06-14
2443,1,1,WI0145_20250614,Winam,1,3,2025-06-14
2444,1,1,WI0146_20250614,Winam,1,3,2025-06-14
2445,1,1,WI0147_20250614,Winam,1,3,2025-06-14
2446,1,1,WI0149_20250614,Winam,1,3,2025-06-14
2447,1,1,WI0150_20250614,Winam,1,3,2025-06-14
2448,1,1,WI0151_20250614,Winam,1,3,2025-06-14
2449,1,1,WI0152_20250614,Winam,1,3,2025-06-14
2450,1,1,WI0153_20250614,Winam,1,3,2025-06-14
2451,0,0,WI0154_20250614,Winam,0,4,2025-06-14
2452,0,0,WI0155_20250614,Winam,0,4,2025-06-14
2453,0,0,WI0156_20250614,Winam,0,4,2025-06-14
2454,0,0,WI0157_20250614,Winam,0,4,2025-06-14
2455,0,0,WI0158_20250614,Winam,0,4,2025-06-14
2456,0,0,WI0159_20250614,Winam,0,4,2025-06-14
2457,0,0,WI0160_20250614,Winam,0,4,2025-06-14
2458,0,0,WI0161_20250614,Winam,0,4,2025-06-14
2459,0,0,WI0162_20250614,Winam,0,4,2025-06-14
2460,0,0,WI0163_20250614,Winam,0,4,2025-06-14
2461,0,0,WI0164_20250614,Winam,0,4,2025-06-14
2462,0,0,WI0165_20250614,Winam,0,4,2025-06-14
2463,0,1,WI0166_20250614,Winam,0,4,2025-06-14
2464,0,0,WI0167_20250614,Winam,0,4,2025-06-14
2465,0,0,WI0168_20250614,Winam,0,4,2025-06-14
2466,0,1,WI0169_20250614,Winam,0,4,2025-06-14
2467,0,1,WI0170_20250614,Winam,0,4,2025-06-14
2468,0,0,WI0171_20250614,Winam,0,4,2025-06-14
2469,0,1,WI0172_20250614,Winam,0,4,2025-06-14
2470,0,1,WI0173_20250614,Winam,0,4,2025-06-14
2471,0,1,WI0174_20250614,Winam,0,4,2025-06-14
2472,0,1,WI0175_20250614,Winam,0,4,2025-06-14
2473,0,1,WI0176_20250614,Winam,0,4,2025-06-14
2474,0,1,WI0177_20250614,Winam,0,4,2025-06-14
2475,0,1,WI0178_20250614,Winam,0,4,2025-06-14
2476,0,0,WI0179_20250614,Winam,0,4,2025-06-14
2477,0,0,WI0180_20250614,Winam,0,4,2025-06-14
2478,0,0,WI0181_20250614,Winam,0,4,2025-06-14
2479,0,0,WI0182_20250614,Winam,0,4,2025-06-14
2480,0,0,WI0183_20250614,Winam,0,4,2025-06-14
2481,0,0,WI0184_20250614,Winam,0,4,2025-06-14
2482,0,0,WI0185_20250614,Winam,0,4,2025-06-14
2483,0,0,WI0186_20250614,Winam,0,4,2025-06-14
2484,0,0,WI0187_20250614,Winam,0,4,2025-06-14
2485,0,0,WI0188_20250614,Winam,0,4,2025-06-14
2486,0,0,WI0189_20250614,Winam,0,4,2025-06-14
2487,0,0,WI0190_20250614,Winam,0,4,2025-06-14
2488,0,0,WI0191_20250614,Winam,0,4,2025-06-14
2489,0,0,WI0192_20250614,Winam,0,4,2025-06-14
2490,0,0,WI0193_20250614,Winam,0,4,2025-06-14
2491,0,0,WI0194_20250614,Winam,0,4,2025-06-14
2492,0,0,WI0195_20250614,Winam,0,4,2025-06-14
2493,0,0,WI0196_20250614,Winam,0,4,2025-06-14
2494,0,0,WI0197_20250614,Winam,0,4,2025-06-14
2495,0,0,WI0198_20250614,Winam,0,4,2025-06-14
2496,0,0,WI0199_20250614,Winam,0,4,2025-06-14
2497,0,0,WI0200_20250614,Winam,0,4,2025-06-14
2498,0,0,WI0201_20250614,Winam,0,4,2025-06-14
2499,0,0,WI0202_20250614,Winam,0,4,2025-06-14
2500,0,0,WI0204_20250614,Winam,0,2,2025-06-14
2501,0,0,WI0205_20250614,Winam,0,2,2025-06-14
2502,0,0,WI0206_20250614,Winam,0,2,2025-06-14
2503,0,0,WI0207_20250614,Winam,0,2,2025-06-14
2504,0,0,WI0208_20250614,Winam,0,2,2025-06-14
2505,0,0,WI0210_20250614,Winam,0,2,2025-06-14
2506,0,0,WI0211_20250614,Winam,0,2,2025-06-14
2507,0,0,WI0212_20250614,Winam,0,2,2025-06-14
2508,0,0,WI0213_20250614,Winam,0,2,2025-06-14
2509,0,0,WI0214_20250614,Winam,0,2,2025-06-14
2510,0,0,WI0215_20250614,Winam,0,2,2025-06-14
2511,0,0,WI0216_20250614,Winam,0,2,2025-06-14
2512,0,0,WI0217_20250614,Winam,0,2,2025-06-14
2513,0,0,WI0218_20250614,Winam,0,2,2025-06-14
2514,0,0,WI0219_20250614,Winam,0,2,2025-06-14
2515,0,0,WI0220_20250614,Winam,0,2,2025-06-14
2516,0,0,WI0221_20250614,Winam,0,2,2025-06-14
2517,0,0,WI0223_20250614,Winam,0,2,2025-06-14
2518,0,0,WI0224_20250614,Winam,0,2,2025-06-14
2519,0,0,WI0225_20250614,Winam,0,2,2025-06-14
2520,0,0,WI0226_20250614,Winam,0,2,2025-06-14
2521,0,0,WI0227_20250614,Winam,0,2,2025-06-14
2522,0,0,WI0228_20250614,Winam,0,2,2025-06-14
2523,0,0,WI0229_20250614,Winam,0,2,2025-06-14
2524,0,0,WI0230_20250614,Winam,0,2,2025-06-14
2525,0,0,WI0231_20250614,Winam,0,2,2025-06-14
2526,0,0,WI0232_20250614,Winam,0,2,2025-06-14
2527,0,0,WI0233_20250614,Winam,0,2,2025-06-14
2528,0,0,WI0234_20250614,Winam,0,2,2025-06-14
2529,0,0,WI0235_20250614,Winam,0,2,2025-06-14
2530,0,0,WI0236_20250614,Winam,0,2,2025-06-14
2531,0,0,WI0237_20250614,Winam,0,2,2025-06-14
2532,0,0,WI0238_20250614,Winam,0,2,2025-06-14
2533,0,0,WI0239_20250614,Winam,0,2,2025-06-14
2534,0,0,WI0240_20250614,Winam,0,2,2025-06-14
2535,0,0,WI0241_20250614,Winam,0,2,2025-06-14
2536,0,0,WI0242_20250614,Winam,0,2,2025-06-14
2537,0,0,WI0243_20250614,Winam,0,2,2025-06-14
2538,0,0,WI0244_20250614,Winam,0,2,2025-06-14
2539,0,0,WI0245_20250614,Winam,0,2,2025-06-14
2540,0,0,WI0246_20250614,Winam,0,2,2025-06-14
2541,0,0,WI0247_20250614,Winam,0,2,2025-06-14
2542,0,0,WI0248_20250614,Winam,0,2,2025-06-14
2543,0,0,WI0249_20250614,Winam,0,2,2025-06-14
2544,0,0,WI0250_20250614,Winam,0,2,2025-06-14
2545,0,0,WI0252_20250614,Winam,0,2,2025-06-14
2546,0,0,WI0253_20250614,Winam,0,2,2025-06-14
2547,0,0,WI0254_20250614,Winam,0,2,2025-06-14
2548,0,0,WI0255_20250614,Winam,0,2,2025-06-14
2549,0,0,WI0256_20250614,Winam,0,2,2025-06-14
2550,0,0,WI0257_20250614,Winam,0,4,2025-06-14
2551,0,0,WI0258_20250614,Winam,0,1,2025-06-14
2552,0,0,WI0259_20250614,Winam,0,1,2025-06-14
2553,0,0,WI0260_20250614,Winam,0,1,2025-06-14
2554,0,0,WI0261_20250614,Winam,0,1,2025-06-14
2555,0,0,WI0262_20250614,Winam,0,1,2025-06-14
2556,0,0,WI0263_20250614,Winam,0,1,2025-06-14
2557,0,0,WI0264_20250614,Winam,0,1,2025-06-14
2558,0,0,WI0265_20250614,Winam,0,1,2025-06-14
2559,0,0,WI0266_20250614,Winam,0,1,2025-06-14
2560,0,0,WI0267_20250614,Winam,0,1,2025-06-14
2561,0,0,WI0268_20250614,Winam,0,1,2025-06-14
2562,0,0,WI0269_20250614,Winam,0,1,2025-06-14
2563,0,0,WI0270_20250614,Winam,0,1,2025-06-14
2564,0,0,WI0271_20250614,Winam,0,1,2025-06-14
2565,0,0,WI0272_20250614,Winam,0,1,2025-06-14
2566,0,1,WI0273_20250614,Winam,0,1,2025-06-14
2567,0,0,WI0274_20250614,Winam,0,1,2025-06-14
2568,0,0,WI0275_20250614,Winam,0,1,2025-06-14
2569,0,0,WI0276_20250614,Winam,0,1,2025-06-14
2570,0,1,WI0277_20250614,Winam,0,1,2025-06-14
2571,0,0,WI0278_20250614,Winam,0,1,2025-06-14
2572,0,0,WI0279_20250614,Winam,0,1,2025-06-14
2573,0,0,WI0280_20250614,Winam,0,1,2025-06-14
2574,0,0,WI0281_20250614,Winam,0,1,2025-06-14
2575,0,1,WI0282_20250614,Winam,0,1,2025-06-14
2576,0,0,WI0283_20250614,Winam,0,1,2025-06-14
2577,0,0,WI0284_20250614,Winam,0,1,2025-06-14
2578,0,1,WI0285_20250614,Winam,0,1,2025-06-14
2579,0,0,WI0286_20250614,Winam,0,1,2025-06-14
2580,0,0,WI0287_20250614,Winam,0,1,2025-06-14
2581,0,0,WI0288_20250614,Winam,0,1,2025-06-14
2582,0,0,WI0289_20250614,Winam,0,1,2025-06-14
2583,0,0,WI0290_20250614,Winam,0,1,2025-06-14
2584,0,0,WI0291_20250614,Winam,0,1,2025-06-14
2585,0,1,WI0292_20250614,Winam,0,1,2025-06-14
2586,0,0,WI0293_20250614,Winam,0,1,2025-06-14
2587,0,0,WI0294_20250614,Winam,0,1,2025-06-14
2588,0,0,WI0295_20250614,Winam,0,1,2025-06-14
2589,0,0,WI0296_20250614,Winam,0,1,2025-06-14
2590,0,0,WI0297_20250614,Winam,0,1,2025-06-14
2591,0,0,WI0298_20250614,Winam,0,1,2025-06-14
2592,0,0,WI0299_20250614,Winam,0,1,2025-06-14
2593,0,0,WI0300_20250614,Winam,0,1,2025-06-14
2594,0,0,WI0301_20250614,Winam,0,1,2025-06-14
2595,0,0,WI0302_20250614,Winam,0,1,2025-06-14
2596,0,0,WI0303_20250614,Winam,0,1,2025-06-14
2597,0,0,WI0304_20250614,Winam,0,1,2025-06-14
2598,0,0,WI0305_20250614,Winam,0,1,2025-06-14
2599,0,0,WI0306_20250614,Winam,0,1,2025-06-14
2600,0,0,WI0307_20250614,Winam,0,1,2025-06-14
2601,1,1,WI0001_20210106,Winam,1,3,2021-01-06
2602,1,0,WI0002_20210106,Winam,1,3,2021-01-06
2603,1,1,WI0003_20210106,Winam,1,3,2021-01-06
2604,1,0,WI0004_20210106,Winam,1,3,2021-01-06
2605,1,0,WI0005_20210106,Winam,1,3,2021-01-06
2606,1,0,WI0006_20210106,Winam,1,3,2021-01-06
2607,1,1,WI0007_20210106,Winam,1,3,2021-01-06
2608,1,1,WI0008_20210106,Winam,1,3,2021-01-06
2609,1,0,WI0009_20210106,Winam,1,3,2021-01-06
2610,1,1,WI0010_20210106,Winam,1,3,2021-01-06
2611,1,0,WI0011_20210106,Winam,1,3,2021-01-06
2612,1,0,WI0012_20210106,Winam,1,3,2021-01-06
2613,1,1,WI0013_20210106,Winam,1,3,2021-01-06
2614,1,1,WI0014_20210106,Winam,1,3,2021-01-06
2615,1,0,WI0015_20210106,Winam,1,3,2021-01-06
2616,1,0,WI0016_20210106,Winam,1,3,2021-01-06
2617,1,1,WI0017_20210106,Winam,1,3,2021-01-06
2618,1,1,WI0018_20210106,Winam,1,3,2021-01-06
2619,1,0,WI0019_20210106,Winam,1,3,2021-01-06
2620,1,1,WI0020_20210106,Winam,1,3,2021-01-06
2621,1,0,WI0021_20210106,Winam,1,3,2021-01-06
2622,1,1,WI0022_20210106,Winam,1,3,2021-01-06
2623,1,0,WI0023_20210106,Winam,1,3,2021-01-06
2624,1,0,WI0024_20210106,Winam,1,3,2021-01-06
2625,1,1,WI0025_20210106,Winam,1,3,2021-01-06
2626,1,1,WI0026_20210106,Winam,1,3,2021-01-06
2627,1,1,WI0027_20210106,Winam,1,3,2021-01-06
2628,1,1,WI0028_20210106,Winam,1,3,2021-01-06
2629,1,0,WI0029_20210106,Winam,1,3,2021-01-06
2630,1,1,WI0030_20210106,Winam,1,3,2021-01-06
2631,1,0,WI0031_20210106,Winam,1,3,2021-01-06
2632,1,0,WI0032_20210106,Winam,1,3,2021-01-06
2633,1,0,WI0033_20210106,Winam,1,3,2021-01-06
2634,1,0,WI0034_20210106,Winam,1,3,2021-01-06
2635,1,0,WI0035_20210106,Winam,1,3,2021-01-06
2636,1,1,WI0036_20210106,Winam,1,3,2021-01-06
2637,1,1,WI0037_20210106,Winam,1,3,2021-01-06
2638,1,1,WI0038_20210106,Winam,1,3,2021-01-06
2639,1,1,WI0039_20210106,Winam,1,3,2021-01-06
2640,1,1,WI0040_20210106,Winam,1,3,2021-01-06
2641,1,1,WI0041_20210106,Winam,1,3,2021-01-06
2642,1,1,WI0042_20210106,Winam,1,3,2021-01-06
2643,1,0,WI0043_20210106,Winam,1,3,2021-01-06
2644,1,0,WI0044_20210106,Winam,1,3,2021-01-06
2645,1,0,WI0045_20210106,Winam,1,3,2021-01-06
2646,1,0,WI0046_20210106,Winam,1,3,2021-01-06
2647,1,1,WI0047_20210106,Winam,1,3,2021-01-06
2648,1,0,WI0048_20210106,Winam,1,3,2021-01-06
2649,1,1,WI0049_20210106,Winam,1,3,2021-01-06
2650,1,0,WI0050_20210106,Winam,1,3,2021-01-06
2651,1,0,WI0051_20210106,Winam,1,3,2021-01-06
2652,1,0,WI0052_20210106,Winam,1,3,2021-01-06
2653,1,1,WI0053_20210106,Winam,1,3,2021-01-06
2654,1,1,WI0054_20210106,Winam,1,3,2021-01-06
2655,1,1,WI0055_20210106,Winam,1,3,2021-01-06
2656,1,1,WI0056_20210106,Winam,1,3,2021-01-06
2657,1,1,WI0057_20210106,Winam,1,3,2021-01-06
2658,1,1,WI0058_20210106,Winam,1,3,2021-01-06
2659,1,1,WI0059_20210106,Winam,1,3,2021-01-06
2660,1,1,WI0061_20210106,Winam,1,3,2021-01-06
2661,0,1,WI0062_20210106,Winam,0,4,2021-01-06
2662,0,1,WI0063_20210106,Winam,0,4,2021-01-06
2663,0,0,WI0064_20210106,Winam,0,4,2021-01-06
2664,0,0,WI0065_20210106,Winam,0,4,2021-01-06
2665,0,0,WI0066_20210106,Winam,0,4,2021-01-06
2666,0,1,WI0067_20210106,Winam,0,4,2021-01-06
2667,0,1,WI0068_20210106,Winam,0,4,2021-01-06
2668,0,1,WI0069_20210106,Winam,0,4,2021-01-06
2669,0,0,WI0070_20210106,Winam,0,4,2021-01-06
2670,0,1,WI0071_20210106,Winam,0,4,2021-01-06
2671,0,0,WI0072_20210106,Winam,0,4,2021-01-06
2672,0,0,WI0073_20210106,Winam,0,4,2021-01-06
2673,0,0,WI0074_20210106,Winam,0,4,2021-01-06
2674,0,0,WI0075_20210106,Winam,0,4,2021-01-06
2675,0,0,WI0076_20210106,Winam,0,4,2021-01-06
2676,0,0,WI0077_20210106,Winam,0,4,2021-01-06
2677,0,0,WI0078_20210106,Winam,0,4,2021-01-06
2678,0,0,WI0079_20210106,Winam,0,4,2021-01-06
2679,0,0,WI0080_20210106,Winam,0,4,2021-01-06
2680,0,0,WI0081_20210106,Winam,0,4,2021-01-06
2681,0,1,WI0082_20210106,Winam,0,4,2021-01-06
2682,0,0,WI0083_20210106,Winam,0,4,2021-01-06
2683,0,0,WI0084_20210106,Winam,0,4,2021-01-06
2684,0,1,WI0085_20210106,Winam,0,4,2021-01-06
2685,0,0,WI0086_20210106,Winam,0,4,2021-01-06
2686,0,0,WI0087_20210106,Winam,0,4,2021-01-06
2687,0,0,WI0088_20210106,Winam,0,4,2021-01-06
2688,0,0,WI0089_20210106,Winam,0,4,2021-01-06
2689,0,0,WI0090_20210106,Winam,0,4,2021-01-06
2690,0,0,WI0091_20210106,Winam,0,4,2021-01-06
2691,0,0,WI0092_20210106,Winam,0,4,2021-01-06
2692,0,1,WI0093_20210106,Winam,0,4,2021-01-06
2693,0,1,WI0094_20210106,Winam,0,4,2021-01-06
2694,0,1,WI0095_20210106,Winam,0,4,2021-01-06
2695,0,0,WI0096_20210106,Winam,0,4,2021-01-06
2696,0,0,WI0097_20210106,Winam,0,4,2021-01-06
2697,0,0,WI0098_20210106,Winam,0,4,2021-01-06
2698,0,0,WI0099_20210106,Winam,0,4,2021-01-06
2699,0,0,WI0100_20210106,Winam,0,4,2021-01-06
2700,0,0,WI0101_20210106,Winam,0,4,2021-01-06
2701,0,0,WI0102_20210106,Winam,0,2,2021-01-06
2702,0,0,WI0103_20210106,Winam,0,2,2021-01-06
2703,0,0,WI0104_20210106,Winam,0,2,2021-01-06
2704,0,0,WI0105_20210106,Winam,0,2,2021-01-06
2705,0,0,WI0106_20210106,Winam,0,2,2021-01-06
2706,0,0,WI0107_20210106,Winam,0,2,2021-01-06
2707,0,0,WI0108_20210106,Winam,0,2,2021-01-06
2708,0,0,WI0109_20210106,Winam,0,2,2021-01-06
2709,0,0,WI0110_20210106,Winam,0,2,2021-01-06
2710,0,0,WI0111_20210106,Winam,0,2,2021-01-06
2711,0,0,WI0112_20210106,Winam,0,2,2021-01-06
2712,0,0,WI0113_20210106,Winam,0,2,2021-01-06
2713,0,0,WI0114_20210106,Winam,0,2,2021-01-06
2714,0,0,WI0115_20210106,Winam,0,2,2021-01-06
2715,0,0,WI0116_20210106,Winam,0,2,2021-01-06
2716,0,0,WI0117_20210106,Winam,0,1,2021-01-06
2717,0,0,WI0118_20210106,Winam,0,1,2021-01-06
2718,0,0,WI0119_20210106,Winam,0,1,2021-01-06
2719,0,0,WI0120_20210106,Winam,0,1,2021-01-06
2720,0,0,WI0121_20210106,Winam,0,1,2021-01-06
2721,1,0,WI0001_20210307,Winam,1,3,2021-03-07
2722,1,1,WI0002_20210307,Winam,1,3,2021-03-07
2723,1,0,WI0003_20210307,Winam,1,3,2021-03-07
2724,1,1,WI0006_20210307,Winam,1,3,2021-03-07
2725,1,0,WI0007_20210307,Winam,1,3,2021-03-07
2726,1,0,WI0008_20210307,Winam,1,3,2021-03-07
2727,1,1,WI0009_20210307,Winam,1,3,2021-03-07
2728,1,1,WI0010_20210307,Winam,1,3,2021-03-07
2729,1,1,WI0011_20210307,Winam,1,3,2021-03-07
2730,1,1,WI0012_20210307,Winam,1,3,2021-03-07
2731,1,1,WI0013_20210307,Winam,1,3,2021-03-07
2732,1,1,WI0014_20210307,Winam,1,3,2021-03-07
2733,1,1,WI0015_20210307,Winam,1,3,2021-03-07
2734,1,1,WI0016_20210307,Winam,1,3,2021-03-07
2735,1,0,WI0017_20210307,Winam,1,3,2021-03-07
2736,1,0,WI0018_20210307,Winam,1,3,2021-03-07
2737,1,0,WI0019_20210307,Winam,1,3,2021-03-07
2738,1,0,WI0020_20210307,Winam,1,3,2021-03-07
2739,1,0,WI0021_20210307,Winam,1,3,2021-03-07
2740,1,0,WI0022_20210307,Winam,1,3,2021-03-07
2741,1,0,WI0023_20210307,Winam,1,3,2021-03-07
2742,1,1,WI0024_20210307,Winam,1,3,2021-03-07
2743,1,1,WI0025_20210307,Winam,1,3,2021-03-07
2744,1,1,WI0026_20210307,Winam,1,3,2021-03-07
2745,1,1,WI0027_20210307,Winam,1,3,2021-03-07
2746,1,1,WI0028_20210307,Winam,1,3,2021-03-07
2747,1,0,WI0029_20210307,Winam,1,3,2021-03-07
2748,1,1,WI0030_20210307,Winam,1,3,2021-03-07
2749,1,1,WI0031_20210307,Winam,1,3,2021-03-07
2750,1,1,WI0032_20210307,Winam,1,3,2021-03-07
2751,1,0,WI0033_20210307,Winam,1,3,2021-03-07
2752,1,1,WI0034_20210307,Winam,1,3,2021-03-07
2753,1,0,WI0035_20210307,Winam,1,3,2021-03-07
2754,1,0,WI0036_20210307,Winam,1,3,2021-03-07
2755,1,0,WI0037_20210307,Winam,1,3,2021-03-07
2756,1,1,WI0038_20210307,Winam,1,3,2021-03-07
2757,1,1,WI0039_20210307,Winam,1,3,2021-03-07
2758,1,0,WI0040_20210307,Winam,1,3,2021-03-07
2759,1,0,WI0041_20210307,Winam,1,3,2021-03-07
2760,1,1,WI0042_20210307,Winam,1,3,2021-03-07
2761,1,1,WI0043_20210307,Winam,1,3,2021-03-07
2762,1,0,WI0044_20210307,Winam,1,3,2021-03-07
2763,1,1,WI0045_20210307,Winam,1,3,2021-03-07
2764,1,0,WI0046_20210307,Winam,1,3,2021-03-07
2765,1,1,WI0047_20210307,Winam,1,3,2021-03-07
2766,1,0,WI0048_20210307,Winam,1,3,2021-03-07
2767,1,1,WI0049_20210307,Winam,1,3,2021-03-07
2768,1,1,WI0050_20210307,Winam,1,3,2021-03-07
2769,1,1,WI0051_20210307,Winam,1,3,2021-03-07
2770,1,1,WI0052_20210307,Winam,1,3,2021-03-07
2771,1,1,WI0053_20210307,Winam,1,3,2021-03-07
2772,1,1,WI0054_20210307,Winam,1,3,2021-03-07
2773,1,1,WI0055_20210307,Winam,1,3,2021-03-07
2774,1,1,WI0056_20210307,Winam,1,3,2021-03-07
2775,1,1,WI0057_20210307,Winam,1,3,2021-03-07
2776,1,0,WI0058_20210307,Winam,1,3,2021-03-07
2777,1,0,WI0059_20210307,Winam,1,3,2021-03-07
2778,1,1,WI0060_20210307,Winam,1,3,2021-03-07
2779,1,0,WI0061_20210307,Winam,1,3,2021-03-07
2780,1,1,WI0062_20210307,Winam,1,3,2021-03-07
2781,1,1,WI0063_20210307,Winam,1,3,2021-03-07
2782,1,0,WI0064_20210307,Winam,1,3,2021-03-07
2783,1,0,WI0065_20210307,Winam,1,3,2021-03-07
2784,1,1,WI0066_20210307,Winam,1,3,2021-03-07
2785,1,1,WI0067_20210307,Winam,1,3,2021-03-07
2786,1,1,WI0068_20210307,Winam,1,3,2021-03-07
2787,1,0,WI0069_20210307,Winam,1,3,2021-03-07
2788,1,1,WI0070_20210307,Winam,1,3,2021-03-07
2789,1,1,WI0071_20210307,Winam,1,3,2021-03-07
2790,1,1,WI0072_20210307,Winam,1,3,2021-03-07
2791,1,1,WI0073_20210307,Winam,1,3,2021-03-07
2792,1,0,WI0074_20210307,Winam,1,3,2021-03-07
2793,1,1,WI0075_20210307,Winam,1,3,2021-03-07
2794,1,1,WI0076_20210307,Winam,1,3,2021-03-07
2795,1,1,WI0077_20210307,Winam,1,3,2021-03-07
2796,1,1,WI0078_20210307,Winam,1,3,2021-03-07
2797,1,1,WI0079_20210307,Winam,1,3,2021-03-07
2798,1,1,WI0080_20210307,Winam,1,3,2021-03-07
2799,1,1,WI0081_20210307,Winam,1,3,2021-03-07
2800,1,1,WI0082_20210307,Winam,1,3,2021-03-07
2801,0,1,WI0083_20210307,Winam,0,4,2021-03-07
2802,0,0,WI0084_20210307,Winam,0,4,2021-03-07
2803,0,1,WI0085_20210307,Winam,0,4,2021-03-07
2804,0,0,WI0086_20210307,Winam,0,4,2021-03-07
2805,0,0,WI0087_20210307,Winam,0,4,2021-03-07
2806,0,0,WI0088_20210307,Winam,0,4,2021-03-07
2807,0,1,WI0089_20210307,Winam,0,4,2021-03-07
2808,0,1,WI0090_20210307,Winam,0,4,2021-03-07
2809,0,1,WI0091_20210307,Winam,0,4,2021-03-07
2810,0,0,WI0092_20210307,Winam,0,4,2021-03-07
2811,0,1,WI0093_20210307,Winam,0,4,2021-03-07
2812,0,1,WI0094_20210307,Winam,0,4,2021-03-07
2813,0,1,WI0095_20210307,Winam,0,4,2021-03-07
2814,0,1,WI0096_20210307,Winam,0,4,2021-03-07
2815,0,1,WI0097_20210307,Winam,0,4,2021-03-07
2816,0,1,WI0098_20210307,Winam,0,4,2021-03-07
2817,0,1,WI0099_20210307,Winam,0,4,2021-03-07
2818,0,0,WI0100_20210307,Winam,0,4,2021-03-07
2819,0,0,WI0101_20210307,Winam,0,4,2021-03-07
2820,0,0,WI0102_20210307,Winam,0,4,2021-03-07
2821,0,1,WI0103_20210307,Winam,0,4,2021-03-07
2822,0,1,WI0104_20210307,Winam,0,4,2021-03-07
2823,0,0,WI0105_20210307,Winam,0,4,2021-03-07
2824,0,0,WI0106_20210307,Winam,0,4,2021-03-07
2825,0,1,WI0107_20210307,Winam,0,4,2021-03-07
2826,0,0,WI0108_20210307,Winam,0,4,2021-03-07
2827,0,0,WI0109_20210307,Winam,0,4,2021-03-07
2828,0,0,WI0110_20210307,Winam,0,4,2021-03-07
2829,0,0,WI0111_20210307,Winam,0,4,2021-03-07
2830,0,0,WI0112_20210307,Winam,0,4,2021-03-07
2831,0,0,WI0113_20210307,Winam,0,4,2021-03-07
2832,0,0,WI0114_20210307,Winam,0,4,2021-03-07
2833,0,0,WI0115_20210307,Winam,0,4,2021-03-07
2834,0,0,WI0116_20210307,Winam,0,4,2021-03-07
2835,0,0,WI0117_20210307,Winam,0,4,2021-03-07
2836,0,0,WI0118_20210307,Winam,0,4,2021-03-07
2837,0,0,WI0119_20210307,Winam,0,4,2021-03-07
2838,0,0,WI0120_20210307,Winam,0,4,2021-03-07
2839,0,0,WI0121_20210307,Winam,0,4,2021-03-07
2840,0,0,WI0122_20210307,Winam,0,4,2021-03-07
2841,0,0,WI0123_20210307,Winam,0,4,2021-03-07
2842,0,0,WI0124_20210307,Winam,0,4,2021-03-07
2843,0,0,WI0125_20210307,Winam,0,4,2021-03-07
2844,0,0,WI0127_20210307,Winam,0,4,2021-03-07
2845,0,0,WI0128_20210307,Winam,0,4,2021-03-07
2846,0,0,WI0129_20210307,Winam,0,4,2021-03-07
2847,0,0,WI0130_20210307,Winam,0,4,2021-03-07
2848,0,0,WI0131_20210307,Winam,0,4,2021-03-07
2849,0,0,WI0132_20210307,Winam,0,4,2021-03-07
2850,0,0,WI0133_20210307,Winam,0,4,2021-03-07
2851,0,0,WI0134_20210307,Winam,0,2,2021-03-07
2852,0,0,WI0135_20210307,Winam,0,2,2021-03-07
2853,0,0,WI0136_20210307,Winam,0,2,2021-03-07
2854,0,0,WI0137_20210307,Winam,0,2,2021-03-07
2855,0,0,WI0138_20210307,Winam,0,2,2021-03-07
2856,0,0,WI0139_20210307,Winam,0,2,2021-03-07
2857,0,0,WI0140_20210307,Winam,0,2,2021-03-07
2858,0,0,WI0141_20210307,Winam,0,2,2021-03-07
2859,0,0,WI0142_20210307,Winam,0,2,2021-03-07
2860,0,0,WI0143_20210307,Winam,0,2,2021-03-07
2861,0,0,WI0144_20210307,Winam,0,2,2021-03-07
2862,0,0,WI0145_20210307,Winam,0,2,2021-03-07
2863,0,0,WI0146_20210307,Winam,0,2,2021-03-07
2864,0,0,WI0147_20210307,Winam,0,2,2021-03-07
2865,0,0,WI0148_20210307,Winam,0,2,2021-03-07
2866,0,0,WI0149_20210307,Winam,0,1,2021-03-07
2867,0,0,WI0150_20210307,Winam,0,1,2021-03-07
2868,0,0,WI0151_20210307,Winam,0,1,2021-03-07
2869,0,0,WI0152_20210307,Winam,0,1,2021-03-07
2870,0,1,WI0153_20210307,Winam,0,1,2021-03-07
2871,0,0,WI0154_20210307,Winam,0,1,2021-03-07
2872,0,0,WI0155_20210307,Winam,0,1,2021-03-07
2873,0,0,WI0156_20210307,Winam,0,1,2021-03-07
2874,0,0,WI0157_20210307,Winam,0,1,2021-03-07
2875,0,0,WI0158_20210307,Winam,0,1,2021-03-07
2876,0,0,WI0159_20210307,Winam,0,1,2021-03-07
2877,0,0,WI0160_20210307,Winam,0,1,2021-03-07
2878,0,0,WI0161_20210307,Winam,0,1,2021-03-07
2879,0,0,WI0162_20210307,Winam,0,1,2021-03-07
2880,0,0,WI0163_20210307,Winam,0,1,2021-03-07
2881,1,1,WI0001_20240604,Winam,1,3,2024-06-04
2882,1,1,WI0002_20240604,Winam,1,3,2024-06-04
2883,1,1,WI0003_20240604,Winam,1,3,2024-06-04
2884,1,1,WI0005_20240604,Winam,1,3,2024-06-04
2885,1,1,WI0006_20240604,Winam,1,3,2024-06-04
2886,1,1,WI0007_20240604,Winam,1,3,2024-06-04
2887,1,1,WI0008_20240604,Winam,1,3,2024-06-04
2888,1,1,WI0009_20240604,Winam,1,3,2024-06-04
2889,1,1,WI0010_20240604,Winam,1,3,2024-06-04
2890,1,1,WI0011_20240604,Winam,1,3,2024-06-04
2891,1,1,WI0012_20240604,Winam,1,3,2024-06-04
2892,1,1,WI0013_20240604,Winam,1,3,2024-06-04
2893,1,1,WI0014_20240604,Winam,1,3,2024-06-04
2894,1,1,WI0015_20240604,Winam,1,3,2024-06-04
2895,1,1,WI0016_20240604,Winam,1,3,2024-06-04
2896,1,1,WI0017_20240604,Winam,1,3,2024-06-04
2897,1,1,WI0018_20240604,Winam,1,3,2024-06-04
2898,1,0,WI0019_20240604,Winam,1,3,2024-06-04
2899,1,1,WI0020_20240604,Winam,1,3,2024-06-04
2900,1,1,WI0021_20240604,Winam,1,3,2024-06-04
2901,1,1,WI0022_20240604,Winam,1,3,2024-06-04
2902,1,1,WI0023_20240604,Winam,1,3,2024-06-04
2903,1,1,WI0024_20240604,Winam,1,3,2024-06-04
2904,1,1,WI0025_20240604,Winam,1,3,2024-06-04
2905,1,1,WI0026_20240604,Winam,1,3,2024-06-04
2906,1,1,WI0027_20240604,Winam,1,3,2024-06-04
2907,1,1,WI0028_20240604,Winam,1,3,2024-06-04
2908,1,1,WI0029_20240604,Winam,1,3,2024-06-04
2909,1,1,WI0030_20240604,Winam,1,3,2024-06-04
2910,1,1,WI0031_20240604,Winam,1,3,2024-06-04
2911,1,1,WI0032_20240604,Winam,1,3,2024-06-04
2912,1,1,WI0033_20240604,Winam,1,3,2024-06-04
2913,1,1,WI0034_20240604,Winam,1,3,2024-06-04
2914,1,1,WI0035_20240604,Winam,1,3,2024-06-04
2915,1,1,WI0036_20240604,Winam,1,3,2024-06-04
2916,1,1,WI0037_20240604,Winam,1,3,2024-06-04
2917,1,1,WI0038_20240604,Winam,1,3,2024-06-04
2918,1,1,WI0039_20240604,Winam,1,3,2024-06-04
2919,1,1,WI0040_20240604,Winam,1,3,2024-06-04
2920,1,1,WI0041_20240604,Winam,1,3,2024-06-04
2921,1,1,WI0042_20240604,Winam,1,3,2024-06-04
2922,1,1,WI0043_20240604,Winam,1,3,2024-06-04
2923,1,1,WI0044_20240604,Winam,1,3,2024-06-04
2924,1,1,WI0045_20240604,Winam,1,3,2024-06-04
2925,1,1,WI0046_20240604,Winam,1,3,2024-06-04
2926,1,1,WI0047_20240604,Winam,1,3,2024-06-04
2927,1,1,WI0048_20240604,Winam,1,3,2024-06-04
2928,1,1,WI0049_20240604,Winam,1,3,2024-06-04
2929,1,1,WI0050_20240604,Winam,1,3,2024-06-04
2930,1,1,WI0051_20240604,Winam,1,3,2024-06-04
2931,1,1,WI0052_20240604,Winam,1,3,2024-06-04
2932,1,1,WI0053_20240604,Winam,1,3,2024-06-04
2933,1,1,WI0054_20240604,Winam,1,3,2024-06-04
2934,1,1,WI0055_20240604,Winam,1,3,2024-06-04
2935,1,1,WI0056_20240604,Winam,1,3,2024-06-04
2936,1,1,WI0057_20240604,Winam,1,3,2024-06-04
2937,1,1,WI0058_20240604,Winam,1,3,2024-06-04
2938,1,1,WI0059_20240604,Winam,1,3,2024-06-04
2939,1,1,WI0060_20240604,Winam,1,3,2024-06-04
2940,1,1,WI0061_20240604,Winam,1,3,2024-06-04
2941,1,1,WI0062_20240604,Winam,1,3,2024-06-04
2942,1,1,WI0063_20240604,Winam,1,3,2024-06-04
2943,1,1,WI0064_20240604,Winam,1,3,2024-06-04
2944,1,1,WI0065_20240604,Winam,1,3,2024-06-04
2945,1,1,WI0066_20240604,Winam,1,3,2024-06-04
2946,1,1,WI0067_20240604,Winam,1,3,2024-06-04
2947,1,1,WI0068_20240604,Winam,1,3,2024-06-04
2948,1,1,WI0069_20240604,Winam,1,3,2024-06-04
2949,1,1,WI0070_20240604,Winam,1,3,2024-06-04
2950,1,1,WI0071_20240604,Winam,1,3,2024-06-04
2951,1,1,WI0072_20240604,Winam,1,3,2024-06-04
2952,1,1,WI0073_20240604,Winam,1,3,2024-06-04
2953,1,1,WI0074_20240604,Winam,1,3,2024-06-04
2954,1,1,WI0075_20240604,Winam,1,3,2024-06-04
2955,1,1,WI0076_20240604,Winam,1,3,2024-06-04
2956,1,1,WI0077_20240604,Winam,1,3,2024-06-04
2957,1,1,WI0078_20240604,Winam,1,3,2024-06-04
2958,1,1,WI0079_20240604,Winam,1,3,2024-06-04
2959,1,1,WI0080_20240604,Winam,1,3,2024-06-04
2960,1,1,WI0081_20240604,Winam,1,3,2024-06-04
2961,0,1,WI0082_20240604,Winam,0,4,2024-06-04
2962,0,0,WI0083_20240604,Winam,0,4,2024-06-04
2963,0,0,WI0084_20240604,Winam,0,4,2024-06-04
2964,0,0,WI0085_20240604,Winam,0,4,2024-06-04
2965,0,0,WI0086_20240604,Winam,0,4,2024-06-04
2966,0,0,WI0087_20240604,Winam,0,4,2024-06-04
2967,0,0,WI0088_20240604,Winam,0,4,2024-06-04
2968,0,0,WI0089_20240604,Winam,0,4,2024-06-04
2969,0,0,WI0090_20240604,Winam,0,4,2024-06-04
2970,0,0,WI0091_20240604,Winam,0,4,2024-06-04
2971,0,0,WI0092_20240604,Winam,0,4,2024-06-04
2972,0,0,WI0093_20240604,Winam,0,4,2024-06-04
2973,0,0,WI0094_20240604,Winam,0,4,2024-06-04
2974,0,0,WI0095_20240604,Winam,0,4,2024-06-04
2975,0,0,WI0096_20240604,Winam,0,4,2024-06-04
2976,0,0,WI0097_20240604,Winam,0,4,2024-06-04
2977,0,0,WI0098_20240604,Winam,0,4,2024-06-04
2978,0,0,WI0099_20240604,Winam,0,4,2024-06-04
2979,0,0,WI0100_20240604,Winam,0,4,2024-06-04
2980,0,0,WI0101_20240604,Winam,0,4,2024-06-04
2981,0,1,WI0102_20240604,Winam,0,1,2024-06-04
2982,0,1,WI0103_20240604,Winam,0,1,2024-06-04
2983,0,0,WI0104_20240604,Winam,0,1,2024-06-04
2984,0,0,WI0105_20240604,Winam,0,1,2024-06-04
2985,0,0,WI0106_20240604,Winam,0,1,2024-06-04
2986,0,0,WI0107_20240604,Winam,0,1,2024-06-04
2987,0,1,WI0108_20240604,Winam,0,1,2024-06-04
2988,0,0,WI0109_20240604,Winam,0,1,2024-06-04
2989,0,1,WI0110_20240604,Winam,0,1,2024-06-04
2990,0,0,WI0111_20240604,Winam,0,1,2024-06-04
2991,0,0,WI0112_20240604,Winam,0,1,2024-06-04
2992,0,0,WI0113_20240604,Winam,0,1,2024-06-04
2993,0,0,WI0114_20240604,Winam,0,1,2024-06-04
2994,0,0,WI0115_20240604,Winam,0,1,2024-06-04
2995,0,0,WI0116_20240604,Winam,0,1,2024-06-04
2996,0,0,WI0117_20240604,Winam,0,1,2024-06-04
2997,0,0,WI0118_20240604,Winam,0,1,2024-06-04
2998,0,0,WI0119_20240604,Winam,0,1,2024-06-04
2999,0,0,WI0120_20240604,Winam,0,1,2024-06-04
3000,0,0,WI0121_20240604,Winam,0,1,2024-06-04
3001,0,0,WI0122_20240604,Winam,0,1,2024-06-04
3002,0,0,WI0123_20240604,Winam,0,1,2024-06-04
3003,0,0,WI0124_20240604,Winam,0,1,2024-06-04
3004,0,0,WI0125_20240604,Winam,0,1,2024-06-04
3005,0,0,WI0126_20240604,Winam,0,1,2024-06-04
3006,0,0,WI0127_20240604,Winam,0,4,2024-06-04
3007,0,0,WI0128_20240604,Winam,0,4,2024-06-04
3008,0,0,WI0129_20240604,Winam,0,4,2024-06-04
3009,0,0,WI0130_20240604,Winam,0,4,2024-06-04
3010,0,0,WI0131_20240604,Winam,0,4,2024-06-04
3011,0,0,WI0132_20240604,Winam,0,4,2024-06-04
3012,0,0,WI0133_20240604,Winam,0,4,2024-06-04
3013,0,0,WI0134_20240604,Winam,0,4,2024-06-04
3014,0,0,WI0135_20240604,Winam,0,4,2024-06-04
3015,0,0,WI0136_20240604,Winam,0,4,2024-06-04
3016,0,0,WI0137_20240604,Winam,0,2,2024-06-04
3017,0,0,WI0138_20240604,Winam,0,2,2024-06-04
3018,0,0,WI0139_20240604,Winam,0,2,2024-06-04
3019,0,0,WI0140_20240604,Winam,0,2,2024-06-04
3020,0,0,WI0141_20240604,Winam,0,2,2024-06-04
3021,0,0,WI0142_20240604,Winam,0,2,2024-06-04
3022,0,0,WI0143_20240604,Winam,0,2,2024-06-04
3023,0,0,WI0144_20240604,Winam,0,2,2024-06-04
3024,0,0,WI0145_20240604,Winam,0,2,2024-06-04
3025,0,0,WI0146_20240604,Winam,0,2,2024-06-04
3026,0,0,WI0147_20240604,Winam,0,2,2024-06-04
3027,0,0,WI0148_20240604,Winam,0,2,2024-06-04
3028,0,0,WI0149_20240604,Winam,0,2,2024-06-04
3029,0,0,WI0150_20240604,Winam,0,2,2024-06-04
3030,0,0,WI0151_20240604,Winam,0,2,2024-06-04
3031,0,0,WI0152_20240604,Winam,0,2,2024-06-04
3032,0,0,WI0153_20240604,Winam,0,2,2024-06-04
3033,0,0,WI0154_20240604,Winam,0,2,2024-06-04
3034,0,0,WI0155_20240604,Winam,0,2,2024-06-04
3035,0,0,WI0156_20240604,Winam,0,2,2024-06-04
3036,0,0,WI0157_20240604,Winam,0,2,2024-06-04
3037,0,0,WI0158_20240604,Winam,0,2,2024-06-04
3038,0,0,WI0159_20240604,Winam,0,2,2024-06-04
3039,0,0,WI0160_20240604,Winam,0,2,2024-06-04
3040,0,0,WI0161_20240604,Winam,0,2,2024-06-04
3041,1,1,WI0001_20200913,Winam,1,3,2020-09-13
3042,1,1,WI0002_20200913,Winam,1,3,2020-09-13
3043,1,1,WI0003_20200913,Winam,1,3,2020-09-13
3044,1,1,WI0004_20200913,Winam,1,3,2020-09-13
3045,1,1,WI0005_20200913,Winam,1,3,2020-09-13
3046,1,1,WI0006_20200913,Winam,1,3,2020-09-13
3047,1,1,WI0007_20200913,Winam,1,3,2020-09-13
3048,1,1,WI0008_20200913,Winam,1,3,2020-09-13
3049,1,0,WI0009_20200913,Winam,1,3,2020-09-13
3050,1,0,WI0010_20200913,Winam,1,3,2020-09-13
3051,1,1,WI0011_20200913,Winam,1,3,2020-09-13
3052,1,1,WI0012_20200913,Winam,1,3,2020-09-13
3053,1,1,WI0013_20200913,Winam,1,3,2020-09-13
3054,1,0,WI0014_20200913,Winam,1,3,2020-09-13
3055,1,1,WI0015_20200913,Winam,1,3,2020-09-13
3056,1,1,WI0016_20200913,Winam,1,3,2020-09-13
3057,1,1,WI0017_20200913,Winam,1,3,2020-09-13
3058,1,1,WI0018_20200913,Winam,1,3,2020-09-13
3059,1,1,WI0019_20200913,Winam,1,3,2020-09-13
3060,1,1,WI0020_20200913,Winam,1,3,2020-09-13
3061,1,1,WI0021_20200913,Winam,1,3,2020-09-13
3062,1,1,WI0022_20200913,Winam,1,3,2020-09-13
3063,1,1,WI0023_20200913,Winam,1,3,2020-09-13
3064,1,1,WI0024_20200913,Winam,1,3,2020-09-13
3065,1,1,WI0025_20200913,Winam,1,3,2020-09-13
3066,1,1,WI0026_20200913,Winam,1,3,2020-09-13
3067,1,1,WI0027_20200913,Winam,1,3,2020-09-13
3068,1,1,WI0028_20200913,Winam,1,3,2020-09-13
3069,1,0,WI0029_20200913,Winam,1,3,2020-09-13
3070,1,1,WI0030_20200913,Winam,1,3,2020-09-13
3071,1,1,WI0031_20200913,Winam,1,3,2020-09-13
3072,1,1,WI0032_20200913,Winam,1,3,2020-09-13
3073,1,1,WI0033_20200913,Winam,1,3,2020-09-13
3074,1,1,WI0034_20200913,Winam,1,3,2020-09-13
3075,1,1,WI0035_20200913,Winam,1,3,2020-09-13
3076,1,1,WI0036_20200913,Winam,1,3,2020-09-13
3077,1,1,WI0037_20200913,Winam,1,3,2020-09-13
3078,1,1,WI0038_20200913,Winam,1,3,2020-09-13
3079,1,1,WI0039_20200913,Winam,1,3,2020-09-13
3080,1,0,WI0040_20200913,Winam,1,3,2020-09-13
3081,1,1,WI0041_20200913,Winam,1,3,2020-09-13
3082,1,1,WI0042_20200913,Winam,1,3,2020-09-13
3083,1,1,WI0043_20200913,Winam,1,3,2020-09-13
3084,1,1,WI0044_20200913,Winam,1,3,2020-09-13
3085,1,1,WI0045_20200913,Winam,1,3,2020-09-13
3086,1,1,WI0046_20200913,Winam,1,3,2020-09-13
3087,1,1,WI0047_20200913,Winam,1,3,2020-09-13
3088,1,1,WI0048_20200913,Winam,1,3,2020-09-13
3089,1,1,WI0049_20200913,Winam,1,3,2020-09-13
3090,1,1,WI0050_20200913,Winam,1,3,2020-09-13
3091,1,1,WI0051_20200913,Winam,1,3,2020-09-13
3092,1,1,WI0052_20200913,Winam,1,3,2020-09-13
3093,1,0,WI0053_20200913,Winam,1,3,2020-09-13
3094,1,1,WI0054_20200913,Winam,1,3,2020-09-13
3095,1,1,WI0055_20200913,Winam,1,3,2020-09-13
3096,1,1,WI0056_20200913,Winam,1,3,2020-09-13
3097,1,1,WI0057_20200913,Winam,1,3,2020-09-13
3098,1,1,WI0058_20200913,Winam,1,3,2020-09-13
3099,1,1,WI0059_20200913,Winam,1,3,2020-09-13
3100,1,1,WI0060_20200913,Winam,1,3,2020-09-13
3101,1,1,WI0061_20200913,Winam,1,3,2020-09-13
3102,1,1,WI0062_20200913,Winam,1,3,2020-09-13
3103,1,1,WI0063_20200913,Winam,1,3,2020-09-13
3104,1,1,WI0064_20200913,Winam,1,3,2020-09-13
3105,1,1,WI0065_20200913,Winam,1,3,2020-09-13
3106,1,1,WI0066_20200913,Winam,1,3,2020-09-13
3107,1,1,WI0067_20200913,Winam,1,3,2020-09-13
3108,1,1,WI0068_20200913,Winam,1,3,2020-09-13
3109,1,1,WI0069_20200913,Winam,1,3,2020-09-13
3110,1,1,WI0070_20200913,Winam,1,3,2020-09-13
3111,1,1,WI0071_20200913,Winam,1,3,2020-09-13
3112,1,1,WI0072_20200913,Winam,1,3,2020-09-13
3113,1,1,WI0073_20200913,Winam,1,3,2020-09-13
3114,1,1,WI0074_20200913,Winam,1,3,2020-09-13
3115,1,1,WI0075_20200913,Winam,1,3,2020-09-13
3116,1,1,WI0076_20200913,Winam,1,3,2020-09-13
3117,1,1,WI0077_20200913,Winam,1,3,2020-09-13
3118,1,1,WI0078_20200913,Winam,1,3,2020-09-13
3119,1,1,WI0079_20200913,Winam,1,3,2020-09-13
3120,1,1,WI0080_20200913,Winam,1,3,2020-09-13
3121,1,0,WI0081_20200913,Winam,1,3,2020-09-13
3122,1,1,WI0082_20200913,Winam,1,3,2020-09-13
3123,1,1,WI0083_20200913,Winam,1,3,2020-09-13
3124,1,1,WI0084_20200913,Winam,1,3,2020-09-13
3125,1,1,WI0085_20200913,Winam,1,3,2020-09-13
3126,1,1,WI0086_20200913,Winam,1,3,2020-09-13
3127,1,1,WI0087_20200913,Winam,1,3,2020-09-13
3128,1,1,WI0088_20200913,Winam,1,3,2020-09-13
3129,1,1,WI0089_20200913,Winam,1,3,2020-09-13
3130,1,1,WI0090_20200913,Winam,1,3,2020-09-13
3131,1,1,WI0091_20200913,Winam,1,3,2020-09-13
3132,1,0,WI0092_20200913,Winam,1,3,2020-09-13
3133,1,1,WI0093_20200913,Winam,1,3,2020-09-13
3134,1,1,WI0094_20200913,Winam,1,3,2020-09-13
3135,1,1,WI0095_20200913,Winam,1,3,2020-09-13
3136,1,1,WI0096_20200913,Winam,1,3,2020-09-13
3137,1,1,WI0097_20200913,Winam,1,3,2020-09-13
3138,1,1,WI0098_20200913,Winam,1,3,2020-09-13
3139,1,0,WI0099_20200913,Winam,1,3,2020-09-13
3140,1,1,WI0100_20200913,Winam,1,3,2020-09-13
3141,1,1,WI0101_20200913,Winam,1,3,2020-09-13
3142,1,1,WI0102_20200913,Winam,1,3,2020-09-13
3143,1,1,WI0103_20200913,Winam,1,3,2020-09-13
3144,1,1,WI0104_20200913,Winam,1,3,2020-09-13
3145,1,0,WI0105_20200913,Winam,1,3,2020-09-13
3146,1,1,WI0106_20200913,Winam,1,3,2020-09-13
3147,1,1,WI0107_20200913,Winam,1,3,2020-09-13
3148,1,1,WI0108_20200913,Winam,1,3,2020-09-13
3149,1,1,WI0109_20200913,Winam,1,3,2020-09-13
3150,1,1,WI0110_20200913,Winam,1,3,2020-09-13
3151,1,0,WI0111_20200913,Winam,1,3,2020-09-13
3152,1,1,WI0112_20200913,Winam,1,3,2020-09-13
3153,1,1,WI0113_20200913,Winam,1,3,2020-09-13
3154,1,1,WI0114_20200913,Winam,1,3,2020-09-13
3155,1,1,WI0115_20200913,Winam,1,3,2020-09-13
3156,1,1,WI0116_20200913,Winam,1,3,2020-09-13
3157,1,1,WI0117_20200913,Winam,1,3,2020-09-13
3158,1,1,WI0118_20200913,Winam,1,3,2020-09-13
3159,1,1,WI0119_20200913,Winam,1,3,2020-09-13
3160,1,1,WI0120_20200913,Winam,1,3,2020-09-13
3161,1,1,WI0121_20200913,Winam,1,3,2020-09-13
3162,1,0,WI0122_20200913,Winam,1,3,2020-09-13
3163,1,1,WI0123_20200913,Winam,1,3,2020-09-13
3164,1,1,WI0124_20200913,Winam,1,3,2020-09-13
3165,1,1,WI0125_20200913,Winam,1,3,2020-09-13
3166,1,1,WI0126_20200913,Winam,1,3,2020-09-13
3167,1,1,WI0127_20200913,Winam,1,3,2020-09-13
3168,1,0,WI0128_20200913,Winam,1,3,2020-09-13
3169,1,1,WI0129_20200913,Winam,1,3,2020-09-13
3170,1,1,WI0130_20200913,Winam,1,3,2020-09-13
3171,1,1,WI0131_20200913,Winam,1,3,2020-09-13
3172,1,1,WI0132_20200913,Winam,1,3,2020-09-13
3173,1,1,WI0133_20200913,Winam,1,3,2020-09-13
3174,1,1,WI0134_20200913,Winam,1,3,2020-09-13
3175,1,1,WI0135_20200913,Winam,1,3,2020-09-13
3176,1,1,WI0136_20200913,Winam,1,3,2020-09-13
3177,1,1,WI0137_20200913,Winam,1,3,2020-09-13
3178,1,0,WI0138_20200913,Winam,1,3,2020-09-13
3179,1,1,WI0139_20200913,Winam,1,3,2020-09-13
3180,1,1,WI0140_20200913,Winam,1,3,2020-09-13
3181,1,1,WI0141_20200913,Winam,1,3,2020-09-13
3182,1,1,WI0142_20200913,Winam,1,3,2020-09-13
3183,1,1,WI0143_20200913,Winam,1,3,2020-09-13
3184,1,1,WI0144_20200913,Winam,1,3,2020-09-13
3185,1,1,WI0145_20200913,Winam,1,3,2020-09-13
3186,1,1,WI0146_20200913,Winam,1,3,2020-09-13
3187,1,0,WI0147_20200913,Winam,1,3,2020-09-13
3188,1,1,WI0148_20200913,Winam,1,3,2020-09-13
3189,1,1,WI0149_20200913,Winam,1,3,2020-09-13
3190,1,1,WI0150_20200913,Winam,1,3,2020-09-13
3191,0,1,WI0151_20200913,Winam,0,4,2020-09-13
3192,0,1,WI0152_20200913,Winam,0,4,2020-09-13
3193,0,1,WI0153_20200913,Winam,0,4,2020-09-13
3194,0,0,WI0154_20200913,Winam,0,4,2020-09-13
3195,0,1,WI0155_20200913,Winam,0,4,2020-09-13
3196,0,1,WI0156_20200913,Winam,0,4,2020-09-13
3197,0,1,WI0157_20200913,Winam,0,4,2020-09-13
3198,0,1,WI0158_20200913,Winam,0,4,2020-09-13
3199,0,0,WI0159_20200913,Winam,0,4,2020-09-13
3200,0,1,WI0160_20200913,Winam,0,4,2020-09-13
3201,0,1,WI0161_20200913,Winam,0,4,2020-09-13
3202,0,1,WI0162_20200913,Winam,0,4,2020-09-13
3203,0,1,WI0163_20200913,Winam,0,4,2020-09-13
3204,0,1,WI0164_20200913,Winam,0,4,2020-09-13
3205,0,1,WI0165_20200913,Winam,0,4,2020-09-13
3206,0,1,WI0166_20200913,Winam,0,4,2020-09-13
3207,0,1,WI0167_20200913,Winam,0,4,2020-09-13
3208,0,1,WI0168_20200913,Winam,0,4,2020-09-13
3209,0,1,WI0169_20200913,Winam,0,4,2020-09-13
3210,0,0,WI0170_20200913,Winam,0,4,2020-09-13
3211,0,1,WI0171_20200913,Winam,0,4,2020-09-13
3212,0,1,WI0172_20200913,Winam,0,4,2020-09-13
3213,0,0,WI0173_20200913,Winam,0,4,2020-09-13
3214,0,1,WI0174_20200913,Winam,0,4,2020-09-13
3215,0,1,WI0175_20200913,Winam,0,4,2020-09-13
3216,0,0,WI0176_20200913,Winam,0,4,2020-09-13
3217,0,0,WI0177_20200913,Winam,0,4,2020-09-13
3218,0,1,WI0178_20200913,Winam,0,4,2020-09-13
3219,0,0,WI0179_20200913,Winam,0,4,2020-09-13
3220,0,0,WI0180_20200913,Winam,0,4,2020-09-13
3221,0,0,WI0181_20200913,Winam,0,4,2020-09-13
3222,0,1,WI0182_20200913,Winam,0,4,2020-09-13
3223,0,0,WI0183_20200913,Winam,0,4,2020-09-13
3224,0,0,WI0184_20200913,Winam,0,4,2020-09-13
3225,0,0,WI0185_20200913,Winam,0,4,2020-09-13
3226,0,0,WI0186_20200913,Winam,0,4,2020-09-13
3227,0,1,WI0187_20200913,Winam,0,4,2020-09-13
3228,0,0,WI0188_20200913,Winam,0,4,2020-09-13
3229,0,0,WI0189_20200913,Winam,0,4,2020-09-13
3230,0,0,WI0190_20200913,Winam,0,4,2020-09-13
3231,0,1,WI0191_20200913,Winam,0,4,2020-09-13
3232,0,1,WI0192_20200913,Winam,0,4,2020-09-13
3233,0,1,WI0193_20200913,Winam,0,4,2020-09-13
3234,0,1,WI0194_20200913,Winam,0,4,2020-09-13
3235,0,0,WI0195_20200913,Winam,0,4,2020-09-13
3236,0,0,WI0196_20200913,Winam,0,4,2020-09-13
3237,0,0,WI0197_20200913,Winam,0,4,2020-09-13
3238,0,1,WI0198_20200913,Winam,0,4,2020-09-13
3239,0,0,WI0199_20200913,Winam,0,4,2020-09-13
3240,0,1,WI0200_20200913,Winam,0,4,2020-09-13
3241,0,0,WI0201_20200913,Winam,0,2,2020-09-13
3242,0,0,WI0202_20200913,Winam,0,2,2020-09-13
3243,0,0,WI0203_20200913,Winam,0,2,2020-09-13
3244,0,0,WI0204_20200913,Winam,0,2,2020-09-13
3245,0,0,WI0205_20200913,Winam,0,2,2020-09-13
3246,0,0,WI0206_20200913,Winam,0,2,2020-09-13
3247,0,0,WI0207_20200913,Winam,0,2,2020-09-13
3248,0,0,WI0208_20200913,Winam,0,4,2020-09-13
3249,0,0,WI0209_20200913,Winam,0,4,2020-09-13
3250,0,0,WI0210_20200913,Winam,0,4,2020-09-13
3251,0,0,WI0211_20200913,Winam,0,4,2020-09-13
3252,0,1,WI0212_20200913,Winam,0,4,2020-09-13
3253,0,0,WI0213_20200913,Winam,0,4,2020-09-13
3254,0,0,WI0214_20200913,Winam,0,4,2020-09-13
3255,0,1,WI0215_20200913,Winam,0,4,2020-09-13
3256,0,1,WI0216_20200913,Winam,0,4,2020-09-13
3257,0,0,WI0217_20200913,Winam,0,4,2020-09-13
3258,0,0,WI0218_20200913,Winam,0,4,2020-09-13
3259,0,0,WI0219_20200913,Winam,0,4,2020-09-13
3260,0,0,WI0220_20200913,Winam,0,4,2020-09-13
3261,0,0,WI0221_20200913,Winam,0,4,2020-09-13
3262,0,0,WI0222_20200913,Winam,0,4,2020-09-13
3263,0,0,WI0223_20200913,Winam,0,4,2020-09-13
3264,0,0,WI0224_20200913,Winam,0,4,2020-09-13
3265,0,0,WI0225_20200913,Winam,0,4,2020-09-13
3266,0,0,WI0226_20200913,Winam,0,4,2020-09-13
3267,0,0,WI0227_20200913,Winam,0,4,2020-09-13
3268,0,0,WI0228_20200913,Winam,0,2,2020-09-13
3269,0,0,WI0229_20200913,Winam,0,2,2020-09-13
3270,0,0,WI0230_20200913,Winam,0,2,2020-09-13
3271,0,0,WI0231_20200913,Winam,0,2,2020-09-13
3272,0,0,WI0232_20200913,Winam,0,2,2020-09-13
3273,0,0,WI0233_20200913,Winam,0,2,2020-09-13
3274,0,0,WI0234_20200913,Winam,0,2,2020-09-13
3275,0,0,WI0235_20200913,Winam,0,2,2020-09-13
3276,0,0,WI0236_20200913,Winam,0,2,2020-09-13
3277,0,0,WI0237_20200913,Winam,0,2,2020-09-13
3278,0,0,WI0238_20200913,Winam,0,2,2020-09-13
3279,0,0,WI0239_20200913,Winam,0,2,2020-09-13
3280,0,0,WI0240_20200913,Winam,0,2,2020-09-13
3281,0,0,WI0241_20200913,Winam,0,2,2020-09-13
3282,0,0,WI0242_20200913,Winam,0,2,2020-09-13
3283,0,0,WI0243_20200913,Winam,0,2,2020-09-13
3284,0,0,WI0244_20200913,Winam,0,2,2020-09-13
3285,0,0,WI0245_20200913,Winam,0,2,2020-09-13
3286,0,0,WI0246_20200913,Winam,0,2,2020-09-13
3287,0,0,WI0247_20200913,Winam,0,2,2020-09-13
3288,0,0,WI0248_20200913,Winam,0,2,2020-09-13
3289,0,0,WI0249_20200913,Winam,0,2,2020-09-13
3290,0,0,WI0250_20200913,Winam,0,2,2020-09-13
3291,0,0,WI0251_20200913,Winam,0,2,2020-09-13
3292,0,0,WI0252_20200913,Winam,0,2,2020-09-13
3293,0,0,WI0253_20200913,Winam,0,2,2020-09-13
3294,0,0,WI0254_20200913,Winam,0,2,2020-09-13
3295,0,0,WI0255_20200913,Winam,0,2,2020-09-13
3296,0,0,WI0256_20200913,Winam,0,1,2020-09-13
3297,0,0,WI0257_20200913,Winam,0,1,2020-09-13
3298,0,0,WI0259_20200913,Winam,0,1,2020-09-13
3299,0,0,WI0260_20200913,Winam,0,1,2020-09-13
3300,0,0,WI0262_20200913,Winam,0,1,2020-09-13
3301,0,0,WI0263_20200913,Winam,0,1,2020-09-13
3302,0,0,WI0264_20200913,Winam,0,1,2020-09-13
3303,0,0,WI0265_20200913,Winam,0,1,2020-09-13
3304,0,0,WI0266_20200913,Winam,0,1,2020-09-13
3305,0,0,WI0267_20200913,Winam,0,1,2020-09-13
3306,0,0,WI0269_20200913,Winam,0,1,2020-09-13
3307,0,0,WI0270_20200913,Winam,0,1,2020-09-13
3308,0,1,WI0271_20200913,Winam,0,1,2020-09-13
3309,0,0,WI0272_20200913,Winam,0,1,2020-09-13
3310,0,0,WI0273_20200913,Winam,0,1,2020-09-13
3311,0,0,WI0274_20200913,Winam,0,1,2020-09-13
3312,0,0,WI0275_20200913,Winam,0,1,2020-09-13
3313,0,0,WI0276_20200913,Winam,0,1,2020-09-13
3314,0,0,WI0277_20200913,Winam,0,1,2020-09-13
3315,0,0,WI0278_20200913,Winam,0,1,2020-09-13
3316,0,1,WI0279_20200913,Winam,0,1,2020-09-13
3317,0,0,WI0280_20200913,Winam,0,1,2020-09-13
3318,0,0,WI0281_20200913,Winam,0,1,2020-09-13
3319,0,0,WI0282_20200913,Winam,0,1,2020-09-13
3320,0,0,WI0283_20200913,Winam,0,1,2020-09-13
3321,0,0,WI0284_20200913,Winam,0,1,2020-09-13
3322,0,1,WI0285_20200913,Winam,0,1,2020-09-13
3323,0,1,WI0286_20200913,Winam,0,1,2020-09-13
3324,0,0,WI0287_20200913,Winam,0,1,2020-09-13
3325,0,0,WI0288_20200913,Winam,0,1,2020-09-13
3326,0,0,WI0289_20200913,Winam,0,1,2020-09-13
3327,0,0,WI0290_20200913,Winam,0,1,2020-09-13
3328,0,0,WI0291_20200913,Winam,0,1,2020-09-13
3329,0,0,WI0292_20200913,Winam,0,1,2020-09-13
3330,0,0,WI0293_20200913,Winam,0,1,2020-09-13
3331,0,0,WI0294_20200913,Winam,0,1,2020-09-13
3332,0,0,WI0295_20200913,Winam,0,1,2020-09-13
3333,0,0,WI0296_20200913,Winam,0,1,2020-09-13
3334,0,1,WI0297_20200913,Winam,0,1,2020-09-13
3335,0,0,WI0298_20200913,Winam,0,1,2020-09-13
3336,0,0,WI0299_20200913,Winam,0,1,2020-09-13
3337,0,0,WI0300_20200913,Winam,0,1,2020-09-13
3338,0,1,WI0301_20200913,Winam,0,1,2020-09-13
3339,0,0,WI0302_20200913,Winam,0,1,2020-09-13
3340,0,0,WI0303_20200913,Winam,0,1,2020-09-13
3341,1,1,WI0001_20251012,Winam,1,3,2025-10-12
3342,1,1,WI0002_20251012,Winam,1,3,2025-10-12
3343,1,1,WI0003_20251012,Winam,1,3,2025-10-12
3344,1,1,WI0004_20251012,Winam,1,3,2025-10-12
3345,1,1,WI0005_20251012,Winam,1,3,2025-10-12
3346,1,1,WI0006_20251012,Winam,1,3,2025-10-12
3347,1,1,WI0008_20251012,Winam,1,3,2025-10-12
3348,1,1,WI0009_20251012,Winam,1,3,2025-10-12
3349,1,1,WI0010_20251012,Winam,1,3,2025-10-12
3350,1,1,WI0011_20251012,Winam,1,3,2025-10-12
3351,1,1,WI0012_20251012,Winam,1,3,2025-10-12
3352,1,1,WI0013_20251012,Winam,1,3,2025-10-12
3353,1,1,WI0014_20251012,Winam,1,3,2025-10-12
3354,1,1,WI0015_20251012,Winam,1,3,2025-10-12
3355,1,1,WI0016_20251012,Winam,1,3,2025-10-12
3356,1,1,WI0017_20251012,Winam,1,3,2025-10-12
3357,1,1,WI0018_20251012,Winam,1,3,2025-10-12
3358,1,1,WI0019_20251012,Winam,1,3,2025-10-12
3359,1,1,WI0020_20251012,Winam,1,3,2025-10-12
3360,1,1,WI0021_20251012,Winam,1,3,2025-10-12
3361,1,1,WI0022_20251012,Winam,1,3,2025-10-12
3362,1,1,WI0023_20251012,Winam,1,3,2025-10-12
3363,1,1,WI0024_20251012,Winam,1,3,2025-10-12
3364,1,1,WI0025_20251012,Winam,1,3,2025-10-12
3365,1,1,WI0026_20251012,Winam,1,3,2025-10-12
3366,1,1,WI0027_20251012,Winam,1,3,2025-10-12
3367,1,1,WI0028_20251012,Winam,1,3,2025-10-12
3368,1,1,WI0029_20251012,Winam,1,3,2025-10-12
3369,1,1,WI0030_20251012,Winam,1,3,2025-10-12
3370,1,1,WI0031_20251012,Winam,1,3,2025-10-12
3371,1,1,WI0032_20251012,Winam,1,3,2025-10-12
3372,1,1,WI0033_20251012,Winam,1,3,2025-10-12
3373,1,1,WI0034_20251012,Winam,1,3,2025-10-12
3374,1,1,WI0035_20251012,Winam,1,3,2025-10-12
3375,1,1,WI0036_20251012,Winam,1,3,2025-10-12
3376,1,1,WI0037_20251012,Winam,1,3,2025-10-12
3377,1,1,WI0038_20251012,Winam,1,3,2025-10-12
3378,1,1,WI0039_20251012,Winam,1,3,2025-10-12
3379,1,1,WI0040_20251012,Winam,1,3,2025-10-12
3380,1,1,WI0041_20251012,Winam,1,3,2025-10-12
3381,1,1,WI0042_20251012,Winam,1,3,2025-10-12
3382,1,1,WI0044_20251012,Winam,1,3,2025-10-12
3383,1,1,WI0045_20251012,Winam,1,3,2025-10-12
3384,1,1,WI0046_20251012,Winam,1,3,2025-10-12
3385,1,1,WI0047_20251012,Winam,1,3,2025-10-12
3386,1,1,WI0048_20251012,Winam,1,3,2025-10-12
3387,1,1,WI0049_20251012,Winam,1,3,2025-10-12
3388,1,1,WI0050_20251012,Winam,1,3,2025-10-12
3389,1,1,WI0051_20251012,Winam,1,3,2025-10-12
3390,1,1,WI0052_20251012,Winam,1,3,2025-10-12
3391,1,1,WI0053_20251012,Winam,1,3,2025-10-12
3392,1,1,WI0054_20251012,Winam,1,3,2025-10-12
3393,1,1,WI0055_20251012,Winam,1,3,2025-10-12
3394,1,1,WI0056_20251012,Winam,1,3,2025-10-12
3395,1,1,WI0057_20251012,Winam,1,3,2025-10-12
3396,1,1,WI0058_20251012,Winam,1,3,2025-10-12
3397,1,1,WI0059_20251012,Winam,1,3,2025-10-12
3398,1,1,WI0060_20251012,Winam,1,3,2025-10-12
3399,1,1,WI0061_20251012,Winam,1,3,2025-10-12
3400,1,1,WI0062_20251012,Winam,1,3,2025-10-12
3401,1,1,WI0063_20251012,Winam,1,3,2025-10-12
3402,1,1,WI0064_20251012,Winam,1,3,2025-10-12
3403,1,1,WI0065_20251012,Winam,1,3,2025-10-12
3404,1,1,WI0066_20251012,Winam,1,3,2025-10-12
3405,1,1,WI0067_20251012,Winam,1,3,2025-10-12
3406,1,1,WI0068_20251012,Winam,1,3,2025-10-12
3407,1,1,WI0069_20251012,Winam,1,3,2025-10-12
3408,1,1,WI0070_20251012,Winam,1,3,2025-10-12
3409,1,1,WI0071_20251012,Winam,1,3,2025-10-12
3410,1,1,WI0072_20251012,Winam,1,3,2025-10-12
3411,1,1,WI0073_20251012,Winam,1,3,2025-10-12
3412,1,1,WI0074_20251012,Winam,1,3,2025-10-12
3413,1,1,WI0075_20251012,Winam,1,3,2025-10-12
3414,1,1,WI0076_20251012,Winam,1,3,2025-10-12
3415,1,1,WI0077_20251012,Winam,1,3,2025-10-12
3416,1,1,WI0078_20251012,Winam,1,3,2025-10-12
3417,1,1,WI0079_20251012,Winam,1,3,2025-10-12
3418,1,1,WI0080_20251012,Winam,1,3,2025-10-12
3419,1,1,WI0081_20251012,Winam,1,3,2025-10-12
3420,1,1,WI0082_20251012,Winam,1,3,2025-10-12
3421,1,1,WI0083_20251012,Winam,1,3,2025-10-12
3422,1,1,WI0084_20251012,Winam,1,3,2025-10-12
3423,1,1,WI0085_20251012,Winam,1,3,2025-10-12
3424,1,1,WI0086_20251012,Winam,1,3,2025-10-12
3425,1,1,WI0087_20251012,Winam,1,3,2025-10-12
3426,1,1,WI0088_20251012,Winam,1,3,2025-10-12
3427,1,1,WI0089_20251012,Winam,1,3,2025-10-12
3428,1,1,WI0090_20251012,Winam,1,3,2025-10-12
3429,1,1,WI0091_20251012,Winam,1,3,2025-10-12
3430,1,1,WI0092_20251012,Winam,1,3,2025-10-12
3431,1,1,WI0093_20251012,Winam,1,3,2025-10-12
3432,1,1,WI0094_20251012,Winam,1,3,2025-10-12
3433,1,1,WI0095_20251012,Winam,1,3,2025-10-12
3434,1,1,WI0096_20251012,Winam,1,3,2025-10-12
3435,1,1,WI0097_20251012,Winam,1,3,2025-10-12
3436,1,1,WI0098_20251012,Winam,1,3,2025-10-12
3437,1,1,WI0099_20251012,Winam,1,3,2025-10-12
3438,1,1,WI0100_20251012,Winam,1,3,2025-10-12
3439,1,0,WI0101_20251012,Winam,1,3,2025-10-12
3440,1,1,WI0102_20251012,Winam,1,3,2025-10-12
3441,1,1,WI0103_20251012,Winam,1,3,2025-10-12
3442,1,1,WI0104_20251012,Winam,1,3,2025-10-12
3443,1,1,WI0105_20251012,Winam,1,3,2025-10-12
3444,1,1,WI0106_20251012,Winam,1,3,2025-10-12
3445,1,1,WI0107_20251012,Winam,1,3,2025-10-12
3446,1,1,WI0108_20251012,Winam,1,3,2025-10-12
3447,1,1,WI0109_20251012,Winam,1,3,2025-10-12
3448,1,1,WI0110_20251012,Winam,1,3,2025-10-12
3449,1,1,WI0111_20251012,Winam,1,3,2025-10-12
3450,1,1,WI0112_20251012,Winam,1,3,2025-10-12
3451,1,1,WI0113_20251012,Winam,1,3,2025-10-12
3452,1,1,WI0114_20251012,Winam,1,3,2025-10-12
3453,1,1,WI0115_20251012,Winam,1,3,2025-10-12
3454,1,1,WI0116_20251012,Winam,1,3,2025-10-12
3455,1,1,WI0117_20251012,Winam,1,3,2025-10-12
3456,1,1,WI0118_20251012,Winam,1,3,2025-10-12
3457,1,1,WI0119_20251012,Winam,1,3,2025-10-12
3458,1,1,WI0120_20251012,Winam,1,3,2025-10-12
3459,1,1,WI0121_20251012,Winam,1,3,2025-10-12
3460,1,1,WI0122_20251012,Winam,1,3,2025-10-12
3461,1,1,WI0123_20251012,Winam,1,3,2025-10-12
3462,1,1,WI0124_20251012,Winam,1,3,2025-10-12
3463,1,1,WI0125_20251012,Winam,1,3,2025-10-12
3464,1,1,WI0126_20251012,Winam,1,3,2025-10-12
3465,1,1,WI0127_20251012,Winam,1,3,2025-10-12
3466,1,1,WI0128_20251012,Winam,1,3,2025-10-12
3467,1,1,WI0129_20251012,Winam,1,3,2025-10-12
3468,1,1,WI0130_20251012,Winam,1,3,2025-10-12
3469,1,1,WI0131_20251012,Winam,1,3,2025-10-12
3470,1,1,WI0132_20251012,Winam,1,3,2025-10-12
3471,1,1,WI0133_20251012,Winam,1,3,2025-10-12
3472,1,1,WI0134_20251012,Winam,1,3,2025-10-12
3473,1,1,WI0135_20251012,Winam,1,3,2025-10-12
3474,1,1,WI0136_20251012,Winam,1,3,2025-10-12
3475,1,1,WI0137_20251012,Winam,1,3,2025-10-12
3476,1,1,WI0138_20251012,Winam,1,3,2025-10-12
3477,1,1,WI0139_20251012,Winam,1,3,2025-10-12
3478,1,1,WI0140_20251012,Winam,1,3,2025-10-12
3479,1,1,WI0141_20251012,Winam,1,3,2025-10-12
3480,1,1,WI0142_20251012,Winam,1,3,2025-10-12
3481,1,1,WI0143_20251012,Winam,1,3,2025-10-12
3482,1,1,WI0144_20251012,Winam,1,3,2025-10-12
3483,1,1,WI0145_20251012,Winam,1,3,2025-10-12
3484,1,1,WI0146_20251012,Winam,1,3,2025-10-12
3485,1,1,WI0147_20251012,Winam,1,3,2025-10-12
3486,1,1,WI0148_20251012,Winam,1,3,2025-10-12
3487,1,1,WI0149_20251012,Winam,1,3,2025-10-12
3488,1,1,WI0150_20251012,Winam,1,3,2025-10-12
3489,1,1,WI0151_20251012,Winam,1,3,2025-10-12
3490,1,1,WI0152_20251012,Winam,1,3,2025-10-12
3491,0,0,WI0153_20251012,Winam,0,2,2025-10-12
3492,0,0,WI0154_20251012,Winam,0,2,2025-10-12
3493,0,0,WI0155_20251012,Winam,0,2,2025-10-12
3494,0,0,WI0156_20251012,Winam,0,2,2025-10-12
3495,0,0,WI0157_20251012,Winam,0,2,2025-10-12
3496,0,0,WI0158_20251012,Winam,0,2,2025-10-12
3497,0,0,WI0159_20251012,Winam,0,2,2025-10-12
3498,0,0,WI0160_20251012,Winam,0,2,2025-10-12
3499,0,0,WI0161_20251012,Winam,0,2,2025-10-12
3500,0,0,WI0162_20251012,Winam,0,2,2025-10-12
3501,0,0,WI0163_20251012,Winam,0,2,2025-10-12
3502,0,0,WI0164_20251012,Winam,0,2,2025-10-12
3503,0,0,WI0165_20251012,Winam,0,2,2025-10-12
3504,0,0,WI0166_20251012,Winam,0,2,2025-10-12
3505,0,0,WI0167_20251012,Winam,0,2,2025-10-12
3506,0,0,WI0168_20251012,Winam,0,2,2025-10-12
3507,0,0,WI0169_20251012,Winam,0,2,2025-10-12
3508,0,0,WI0170_20251012,Winam,0,2,2025-10-12
3509,0,0,WI0171_20251012,Winam,0,2,2025-10-12
3510,0,0,WI0172_20251012,Winam,0,2,2025-10-12
3511,0,0,WI0173_20251012,Winam,0,2,2025-10-12
3512,0,0,WI0174_20251012,Winam,0,2,2025-10-12
3513,0,0,WI0175_20251012,Winam,0,2,2025-10-12
3514,0,0,WI0176_20251012,Winam,0,2,2025-10-12
3515,0,0,WI0177_20251012,Winam,0,2,2025-10-12
3516,0,0,WI0178_20251012,Winam,0,2,2025-10-12
3517,0,0,WI0179_20251012,Winam,0,2,2025-10-12
3518,0,0,WI0180_20251012,Winam,0,2,2025-10-12
3519,0,0,WI0181_20251012,Winam,0,2,2025-10-12
3520,0,0,WI0182_20251012,Winam,0,2,2025-10-12
3521,0,0,WI0183_20251012,Winam,0,2,2025-10-12
3522,0,0,WI0184_20251012,Winam,0,2,2025-10-12
3523,0,0,WI0185_20251012,Winam,0,2,2025-10-12
3524,0,0,WI0186_20251012,Winam,0,2,2025-10-12
3525,0,0,WI0187_20251012,Winam,0,2,2025-10-12
3526,0,0,WI0188_20251012,Winam,0,2,2025-10-12
3527,0,0,WI0189_20251012,Winam,0,2,2025-10-12
3528,0,0,WI0190_20251012,Winam,0,2,2025-10-12
3529,0,0,WI0191_20251012,Winam,0,2,2025-10-12
3530,0,0,WI0192_20251012,Winam,0,2,2025-10-12
3531,0,0,WI0193_20251012,Winam,0,2,2025-10-12
3532,0,0,WI0194_20251012,Winam,0,2,2025-10-12
3533,0,0,WI0195_20251012,Winam,0,2,2025-10-12
3534,0,0,WI0196_20251012,Winam,0,2,2025-10-12
3535,0,0,WI0197_20251012,Winam,0,2,2025-10-12
3536,0,0,WI0198_20251012,Winam,0,2,2025-10-12
3537,0,0,WI0199_20251012,Winam,0,2,2025-10-12
3538,0,0,WI0200_20251012,Winam,0,2,2025-10-12
3539,0,0,WI0201_20251012,Winam,0,2,2025-10-12
3540,0,0,WI0202_20251012,Winam,0,2,2025-10-12
3541,0,1,WI0203_20251012,Winam,0,4,2025-10-12
3542,0,1,WI0204_20251012,Winam,0,4,2025-10-12
3543,0,1,WI0205_20251012,Winam,0,4,2025-10-12
3544,0,1,WI0206_20251012,Winam,0,4,2025-10-12
3545,0,1,WI0207_20251012,Winam,0,4,2025-10-12
3546,0,1,WI0208_20251012,Winam,0,4,2025-10-12
3547,0,1,WI0209_20251012,Winam,0,4,2025-10-12
3548,0,1,WI0210_20251012,Winam,0,4,2025-10-12
3549,0,0,WI0211_20251012,Winam,0,4,2025-10-12
3550,0,1,WI0212_20251012,Winam,0,4,2025-10-12
3551,0,0,WI0213_20251012,Winam,0,4,2025-10-12
3552,0,1,WI0214_20251012,Winam,0,4,2025-10-12
3553,0,1,WI0215_20251012,Winam,0,4,2025-10-12
3554,0,1,WI0216_20251012,Winam,0,4,2025-10-12
3555,0,1,WI0217_20251012,Winam,0,4,2025-10-12
3556,0,1,WI0218_20251012,Winam,0,4,2025-10-12
3557,0,1,WI0219_20251012,Winam,0,4,2025-10-12
3558,0,1,WI0220_20251012,Winam,0,4,2025-10-12
3559,0,1,WI0221_20251012,Winam,0,4,2025-10-12
3560,0,1,WI0222_20251012,Winam,0,4,2025-10-12
3561,0,1,WI0223_20251012,Winam,0,4,2025-10-12
3562,0,1,WI0224_20251012,Winam,0,4,2025-10-12
3563,0,0,WI0225_20251012,Winam,0,4,2025-10-12
3564,0,0,WI0226_20251012,Winam,0,4,2025-10-12
3565,0,1,WI0227_20251012,Winam,0,4,2025-10-12
3566,0,0,WI0228_20251012,Winam,0,4,2025-10-12
3567,0,0,WI0229_20251012,Winam,0,4,2025-10-12
3568,0,0,WI0230_20251012,Winam,0,4,2025-10-12
3569,0,0,WI0231_20251012,Winam,0,4,2025-10-12
3570,0,0,WI0232_20251012,Winam,0,4,2025-10-12
3571,0,0,WI0233_20251012,Winam,0,4,2025-10-12
3572,0,0,WI0234_20251012,Winam,0,4,2025-10-12
3573,0,0,WI0235_20251012,Winam,0,4,2025-10-12
3574,0,0,WI0236_20251012,Winam,0,4,2025-10-12
3575,0,0,WI0237_20251012,Winam,0,4,2025-10-12
3576,0,0,WI0238_20251012,Winam,0,4,2025-10-12
3577,0,0,WI0239_20251012,Winam,0,4,2025-10-12
3578,0,0,WI0240_20251012,Winam,0,4,2025-10-12
3579,0,0,WI0241_20251012,Winam,0,4,2025-10-12
3580,0,0,WI0242_20251012,Winam,0,4,2025-10-12
3581,0,0,WI0243_20251012,Winam,0,4,2025-10-12
3582,0,1,WI0244_20251012,Winam,0,4,2025-10-12
3583,0,0,WI0245_20251012,Winam,0,4,2025-10-12
3584,0,1,WI0246_20251012,Winam,0,4,2025-10-12
3585,0,1,WI0247_20251012,Winam,0,4,2025-10-12
3586,0,1,WI0248_20251012,Winam,0,4,2025-10-12
3587,0,1,WI0249_20251012,Winam,0,4,2025-10-12
3588,0,1,WI0250_20251012,Winam,0,4,2025-10-12
3589,0,1,WI0251_20251012,Winam,0,4,2025-10-12
3590,0,1,WI0252_20251012,Winam,0,4,2025-10-12
3591,0,1,WI0253_20251012,Winam,0,1,2025-10-12
3592,0,0,WI0254_20251012,Winam,0,1,2025-10-12
3593,0,0,WI0255_20251012,Winam,0,1,2025-10-12
3594,0,0,WI0256_20251012,Winam,0,1,2025-10-12
3595,0,0,WI0257_20251012,Winam,0,1,2025-10-12
3596,0,0,WI0258_20251012,Winam,0,1,2025-10-12
3597,0,1,WI0259_20251012,Winam,0,1,2025-10-12
3598,0,0,WI0260_20251012,Winam,0,1,2025-10-12
3599,0,0,WI0261_20251012,Winam,0,1,2025-10-12
3600,0,0,WI0262_20251012,Winam,0,1,2025-10-12
3601,0,0,WI0263_20251012,Winam,0,1,2025-10-12
3602,0,0,WI0264_20251012,Winam,0,1,2025-10-12
3603,0,0,WI0265_20251012,Winam,0,1,2025-10-12
3604,0,0,WI0266_20251012,Winam,0,1,2025-10-12
3605,0,0,WI0267_20251012,Winam,0,1,2025-10-12
3606,0,0,WI0268_20251012,Winam,0,1,2025-10-12
3607,0,1,WI0269_20251012,Winam,0,1,2025-10-12
3608,0,0,WI0270_20251012,Winam,0,1,2025-10-12
3609,0,1,WI0271_20251012,Winam,0,1,2025-10-12
3610,0,0,WI0272_20251012,Winam,0,1,2025-10-12
3611,0,0,WI0273_20251012,Winam,0,1,2025-10-12
3612,0,0,WI0274_20251012,Winam,0,1,2025-10-12
3613,0,0,WI0275_20251012,Winam,0,1,2025-10-12
3614,0,0,WI0276_20251012,Winam,0,1,2025-10-12
3615,0,0,WI0277_20251012,Winam,0,1,2025-10-12
3616,0,0,WI0278_20251012,Winam,0,1,2025-10-12
3617,0,0,WI0279_20251012,Winam,0,1,2025-10-12
3618,0,0,WI0280_20251012,Winam,0,1,2025-10-12
3619,0,0,WI0281_20251012,Winam,0,1,2025-10-12
3620,0,0,WI0282_20251012,Winam,0,1,2025-10-12
3621,0,0,WI0283_20251012,Winam,0,1,2025-10-12
3622,0,0,WI0284_20251012,Winam,0,1,2025-10-12
3623,0,0,WI0285_20251012,Winam,0,1,2025-10-12
3624,0,0,WI0286_20251012,Winam,0,1,2025-10-12
3625,0,1,WI0287_20251012,Winam,0,1,2025-10-12
3626,0,0,WI0288_20251012,Winam,0,1,2025-10-12
3627,0,0,WI0289_20251012,Winam,0,1,2025-10-12
3628,0,0,WI0290_20251012,Winam,0,1,2025-10-12
3629,0,0,WI0291_20251012,Winam,0,1,2025-10-12
3630,0,0,WI0292_20251012,Winam,0,1,2025-10-12
3631,0,0,WI0293_20251012,Winam,0,1,2025-10-12
3632,0,0,WI0294_20251012,Winam,0,1,2025-10-12
3633,0,0,WI0295_20251012,Winam,0,1,2025-10-12
3634,0,0,WI0296_20251012,Winam,0,1,2025-10-12
3635,0,0,WI0297_20251012,Winam,0,1,2025-10-12
3636,0,0,WI0298_20251012,Winam,0,1,2025-10-12
3637,0,0,WI0299_20251012,Winam,0,1,2025-10-12
3638,0,0,WI0300_20251012,Winam,0,1,2025-10-12
3639,0,0,WI0301_20251012,Winam,0,1,2025-10-12
3640,0,0,WI0302_20251012,Winam,0,1,2025-10-12
3641,1,1,WI0001_20230205,Winam,1,3,2023-02-05
3642,1,1,WI0002_20230205,Winam,1,3,2023-02-05
3643,1,1,WI0003_20230205,Winam,1,3,2023-02-05
3644,1,1,WI0004_20230205,Winam,1,3,2023-02-05
3645,1,1,WI0005_20230205,Winam,1,3,2023-02-05
3646,1,1,WI0006_20230205,Winam,1,3,2023-02-05
3647,1,1,WI0007_20230205,Winam,1,3,2023-02-05
3648,1,1,WI0008_20230205,Winam,1,3,2023-02-05
3649,1,1,WI0009_20230205,Winam,1,3,2023-02-05
3650,1,1,WI0010_20230205,Winam,1,3,2023-02-05
3651,1,1,WI0011_20230205,Winam,1,3,2023-02-05
3652,1,1,WI0012_20230205,Winam,1,3,2023-02-05
3653,1,1,WI0013_20230205,Winam,1,3,2023-02-05
3654,1,1,WI0014_20230205,Winam,1,3,2023-02-05
3655,1,1,WI0015_20230205,Winam,1,3,2023-02-05
3656,1,1,WI0016_20230205,Winam,1,3,2023-02-05
3657,1,1,WI0017_20230205,Winam,1,3,2023-02-05
3658,1,1,WI0018_20230205,Winam,1,3,2023-02-05
3659,1,1,WI0019_20230205,Winam,1,3,2023-02-05
3660,1,1,WI0020_20230205,Winam,1,3,2023-02-05
3661,1,1,WI0021_20230205,Winam,1,3,2023-02-05
3662,1,1,WI0022_20230205,Winam,1,3,2023-02-05
3663,1,1,WI0023_20230205,Winam,1,3,2023-02-05
3664,1,1,WI0024_20230205,Winam,1,3,2023-02-05
3665,1,1,WI0025_20230205,Winam,1,3,2023-02-05
3666,1,1,WI0026_20230205,Winam,1,3,2023-02-05
3667,1,1,WI0027_20230205,Winam,1,3,2023-02-05
3668,1,1,WI0028_20230205,Winam,1,3,2023-02-05
3669,1,1,WI0029_20230205,Winam,1,3,2023-02-05
3670,1,1,WI0030_20230205,Winam,1,3,2023-02-05
3671,1,1,WI0031_20230205,Winam,1,3,2023-02-05
3672,1,1,WI0032_20230205,Winam,1,3,2023-02-05
3673,1,1,WI0033_20230205,Winam,1,3,2023-02-05
3674,1,1,WI0034_20230205,Winam,1,3,2023-02-05
3675,1,1,WI0035_20230205,Winam,1,3,2023-02-05
3676,1,1,WI0036_20230205,Winam,1,3,2023-02-05
3677,1,1,WI0037_20230205,Winam,1,3,2023-02-05
3678,1,1,WI0038_20230205,Winam,1,3,2023-02-05
3679,1,1,WI0039_20230205,Winam,1,3,2023-02-05
3680,1,1,WI0040_20230205,Winam,1,3,2023-02-05
3681,1,1,WI0041_20230205,Winam,1,3,2023-02-05
3682,1,1,WI0042_20230205,Winam,1,3,2023-02-05
3683,1,1,WI0043_20230205,Winam,1,3,2023-02-05
3684,1,1,WI0044_20230205,Winam,1,3,2023-02-05
3685,1,1,WI0045_20230205,Winam,1,3,2023-02-05
3686,1,1,WI0046_20230205,Winam,1,3,2023-02-05
3687,1,1,WI0047_20230205,Winam,1,3,2023-02-05
3688,1,1,WI0048_20230205,Winam,1,3,2023-02-05
3689,1,1,WI0049_20230205,Winam,1,3,2023-02-05
3690,1,1,WI0050_20230205,Winam,1,3,2023-02-05
3691,1,1,WI0051_20230205,Winam,1,3,2023-02-05
3692,1,1,WI0052_20230205,Winam,1,3,2023-02-05
3693,1,1,WI0053_20230205,Winam,1,3,2023-02-05
3694,1,1,WI0054_20230205,Winam,1,3,2023-02-05
3695,1,1,WI0055_20230205,Winam,1,3,2023-02-05
3696,1,1,WI0056_20230205,Winam,1,3,2023-02-05
3697,1,1,WI0057_20230205,Winam,1,3,2023-02-05
3698,1,1,WI0058_20230205,Winam,1,3,2023-02-05
3699,1,1,WI0059_20230205,Winam,1,3,2023-02-05
3700,1,1,WI0060_20230205,Winam,1,3,2023-02-05
3701,1,1,WI0061_20230205,Winam,1,3,2023-02-05
3702,1,1,WI0062_20230205,Winam,1,3,2023-02-05
3703,1,1,WI0063_20230205,Winam,1,3,2023-02-05
3704,1,1,WI0064_20230205,Winam,1,3,2023-02-05
3705,1,1,WI0065_20230205,Winam,1,3,2023-02-05
3706,1,1,WI0066_20230205,Winam,1,3,2023-02-05
3707,1,1,WI0067_20230205,Winam,1,3,2023-02-05
3708,1,1,WI0068_20230205,Winam,1,3,2023-02-05
3709,1,1,WI0069_20230205,Winam,1,3,2023-02-05
3710,1,1,WI0070_20230205,Winam,1,3,2023-02-05
3711,1,1,WI0071_20230205,Winam,1,3,2023-02-05
3712,1,1,WI0072_20230205,Winam,1,3,2023-02-05
3713,1,1,WI0073_20230205,Winam,1,3,2023-02-05
3714,1,1,WI0074_20230205,Winam,1,3,2023-02-05
3715,1,1,WI0075_20230205,Winam,1,3,2023-02-05
3716,1,1,WI0076_20230205,Winam,1,3,2023-02-05
3717,1,1,WI0077_20230205,Winam,1,3,2023-02-05
3718,1,1,WI0078_20230205,Winam,1,3,2023-02-05
3719,1,1,WI0079_20230205,Winam,1,3,2023-02-05
3720,1,1,WI0080_20230205,Winam,1,3,2023-02-05
3721,0,1,WI0081_20230205,Winam,0,4,2023-02-05
3722,0,1,WI0082_20230205,Winam,0,4,2023-02-05
3723,0,1,WI0083_20230205,Winam,0,4,2023-02-05
3724,0,1,WI0084_20230205,Winam,0,4,2023-02-05
3725,0,1,WI0085_20230205,Winam,0,4,2023-02-05
3726,0,1,WI0086_20230205,Winam,0,4,2023-02-05
3727,0,0,WI0087_20230205,Winam,0,4,2023-02-05
3728,0,1,WI0088_20230205,Winam,0,4,2023-02-05
3729,0,1,WI0089_20230205,Winam,0,4,2023-02-05
3730,0,1,WI0090_20230205,Winam,0,4,2023-02-05
3731,0,1,WI0091_20230205,Winam,0,4,2023-02-05
3732,0,1,WI0092_20230205,Winam,0,4,2023-02-05
3733,0,1,WI0093_20230205,Winam,0,4,2023-02-05
3734,0,1,WI0094_20230205,Winam,0,4,2023-02-05
3735,0,1,WI0095_20230205,Winam,0,4,2023-02-05
3736,0,1,WI0096_20230205,Winam,0,4,2023-02-05
3737,0,1,WI0097_20230205,Winam,0,4,2023-02-05
3738,0,1,WI0098_20230205,Winam,0,4,2023-02-05
3739,0,0,WI0099_20230205,Winam,0,4,2023-02-05
3740,0,0,WI0100_20230205,Winam,0,4,2023-02-05
3741,0,0,WI0101_20230205,Winam,0,4,2023-02-05
3742,0,0,WI0102_20230205,Winam,0,4,2023-02-05
3743,0,1,WI0103_20230205,Winam,0,4,2023-02-05
3744,0,1,WI0104_20230205,Winam,0,4,2023-02-05
3745,0,1,WI0105_20230205,Winam,0,4,2023-02-05
3746,0,1,WI0106_20230205,Winam,0,4,2023-02-05
3747,0,1,WI0107_20230205,Winam,0,4,2023-02-05
3748,0,0,WI0108_20230205,Winam,0,4,2023-02-05
3749,0,0,WI0109_20230205,Winam,0,4,2023-02-05
3750,0,0,WI0110_20230205,Winam,0,4,2023-02-05
3751,0,1,WI0111_20230205,Winam,0,4,2023-02-05
3752,0,1,WI0112_20230205,Winam,0,4,2023-02-05
3753,0,1,WI0113_20230205,Winam,0,4,2023-02-05
3754,0,1,WI0114_20230205,Winam,0,4,2023-02-05
3755,0,1,WI0115_20230205,Winam,0,4,2023-02-05
3756,0,1,WI0116_20230205,Winam,0,4,2023-02-05
3757,0,1,WI0117_20230205,Winam,0,4,2023-02-05
3758,0,1,WI0118_20230205,Winam,0,4,2023-02-05
3759,0,1,WI0119_20230205,Winam,0,4,2023-02-05
3760,0,1,WI0120_20230205,Winam,0,4,2023-02-05
3761,0,0,WI0121_20230205,Winam,0,4,2023-02-05
3762,0,0,WI0122_20230205,Winam,0,4,2023-02-05
3763,0,1,WI0123_20230205,Winam,0,4,2023-02-05
3764,0,1,WI0124_20230205,Winam,0,4,2023-02-05
3765,0,1,WI0125_20230205,Winam,0,4,2023-02-05
3766,0,1,WI0126_20230205,Winam,0,4,2023-02-05
3767,0,1,WI0127_20230205,Winam,0,4,2023-02-05
3768,0,1,WI0128_20230205,Winam,0,4,2023-02-05
3769,0,0,WI0129_20230205,Winam,0,4,2023-02-05
3770,0,0,WI0130_20230205,Winam,0,4,2023-02-05
3771,0,1,WI0131_20230205,Winam,0,1,2023-02-05
3772,0,1,WI0132_20230205,Winam,0,1,2023-02-05
3773,0,0,WI0133_20230205,Winam,0,1,2023-02-05
3774,0,1,WI0134_20230205,Winam,0,1,2023-02-05
3775,0,1,WI0135_20230205,Winam,0,1,2023-02-05
3776,0,0,WI0136_20230205,Winam,0,1,2023-02-05
3777,0,0,WI0137_20230205,Winam,0,1,2023-02-05
3778,0,1,WI0138_20230205,Winam,0,1,2023-02-05
3779,0,0,WI0139_20230205,Winam,0,1,2023-02-05
3780,0,0,WI0140_20230205,Winam,0,1,2023-02-05
3781,0,0,WI0141_20230205,Winam,0,1,2023-02-05
3782,0,0,WI0142_20230205,Winam,0,1,2023-02-05
3783,0,0,WI0143_20230205,Winam,0,1,2023-02-05
3784,0,0,WI0144_20230205,Winam,0,1,2023-02-05
3785,0,1,WI0145_20230205,Winam,0,1,2023-02-05
3786,0,1,WI0146_20230205,Winam,0,1,2023-02-05
3787,0,1,WI0147_20230205,Winam,0,1,2023-02-05
3788,0,1,WI0148_20230205,Winam,0,1,2023-02-05
3789,0,1,WI0149_20230205,Winam,0,1,2023-02-05
3790,0,1,WI0150_20230205,Winam,0,1,2023-02-05
3791,0,0,WI0151_20230205,Winam,0,2,2023-02-05
3792,0,0,WI0152_20230205,Winam,0,2,2023-02-05
3793,0,0,WI0153_20230205,Winam,0,2,2023-02-05
3794,0,0,WI0154_20230205,Winam,0,2,2023-02-05
3795,0,0,WI0155_20230205,Winam,0,2,2023-02-05
3796,0,0,WI0156_20230205,Winam,0,2,2023-02-05
3797,0,0,WI0157_20230205,Winam,0,2,2023-02-05
3798,0,0,WI0158_20230205,Winam,0,2,2023-02-05
3799,0,0,WI0159_20230205,Winam,0,2,2023-02-05
3800,0,0,WI0160_20230205,Winam,0,2,2023-02-05
3801,1,1,WI0001_20200625,Winam,1,3,2020-06-25
3802,1,1,WI0002_20200625,Winam,1,3,2020-06-25
3803,1,1,WI0003_20200625,Winam,1,3,2020-06-25
3804,1,1,WI0004_20200625,Winam,1,3,2020-06-25
3805,1,1,WI0005_20200625,Winam,1,3,2020-06-25
3806,1,1,WI0006_20200625,Winam,1,3,2020-06-25
3807,1,1,WI0007_20200625,Winam,1,3,2020-06-25
3808,1,1,WI0008_20200625,Winam,1,3,2020-06-25
3809,1,0,WI0009_20200625,Winam,1,3,2020-06-25
3810,1,0,WI0010_20200625,Winam,1,3,2020-06-25
3811,1,0,WI0011_20200625,Winam,1,3,2020-06-25
3812,1,0,WI0012_20200625,Winam,1,3,2020-06-25
3813,1,1,WI0013_20200625,Winam,1,3,2020-06-25
3814,1,1,WI0014_20200625,Winam,1,3,2020-06-25
3815,1,1,WI0015_20200625,Winam,1,3,2020-06-25
3816,1,1,WI0016_20200625,Winam,1,3,2020-06-25
3817,1,0,WI0017_20200625,Winam,1,3,2020-06-25
3818,1,1,WI0018_20200625,Winam,1,3,2020-06-25
3819,1,1,WI0019_20200625,Winam,1,3,2020-06-25
3820,1,1,WI0020_20200625,Winam,1,3,2020-06-25
3821,1,1,WI0021_20200625,Winam,1,3,2020-06-25
3822,1,1,WI0022_20200625,Winam,1,3,2020-06-25
3823,1,1,WI0023_20200625,Winam,1,3,2020-06-25
3824,1,1,WI0024_20200625,Winam,1,3,2020-06-25
3825,1,1,WI0025_20200625,Winam,1,3,2020-06-25
3826,1,1,WI0026_20200625,Winam,1,3,2020-06-25
3827,1,1,WI0027_20200625,Winam,1,3,2020-06-25
3828,1,1,WI0028_20200625,Winam,1,3,2020-06-25
3829,1,0,WI0029_20200625,Winam,1,3,2020-06-25
3830,1,0,WI0030_20200625,Winam,1,3,2020-06-25
3831,1,1,WI0031_20200625,Winam,1,3,2020-06-25
3832,1,1,WI0032_20200625,Winam,1,3,2020-06-25
3833,1,1,WI0033_20200625,Winam,1,3,2020-06-25
3834,1,1,WI0034_20200625,Winam,1,3,2020-06-25
3835,1,1,WI0035_20200625,Winam,1,3,2020-06-25
3836,1,1,WI0036_20200625,Winam,1,3,2020-06-25
3837,1,1,WI0037_20200625,Winam,1,3,2020-06-25
3838,1,1,WI0038_20200625,Winam,1,3,2020-06-25
3839,1,1,WI0039_20200625,Winam,1,3,2020-06-25
3840,1,1,WI0040_20200625,Winam,1,3,2020-06-25
3841,1,1,WI0041_20200625,Winam,1,3,2020-06-25
3842,1,1,WI0042_20200625,Winam,1,3,2020-06-25
3843,1,1,WI0043_20200625,Winam,1,3,2020-06-25
3844,1,1,WI0044_20200625,Winam,1,3,2020-06-25
3845,1,1,WI0045_20200625,Winam,1,3,2020-06-25
3846,1,1,WI0046_20200625,Winam,1,3,2020-06-25
3847,1,1,WI0047_20200625,Winam,1,3,2020-06-25
3848,1,1,WI0048_20200625,Winam,1,3,2020-06-25
3849,1,1,WI0049_20200625,Winam,1,3,2020-06-25
3850,1,1,WI0051_20200625,Winam,1,3,2020-06-25
3851,1,1,WI0052_20200625,Winam,1,3,2020-06-25
3852,1,1,WI0054_20200625,Winam,1,3,2020-06-25
3853,1,1,WI0055_20200625,Winam,1,3,2020-06-25
3854,1,0,WI0056_20200625,Winam,1,3,2020-06-25
3855,1,1,WI0057_20200625,Winam,1,3,2020-06-25
3856,1,1,WI0058_20200625,Winam,1,3,2020-06-25
3857,1,1,WI0059_20200625,Winam,1,3,2020-06-25
3858,1,1,WI0060_20200625,Winam,1,3,2020-06-25
3859,1,0,WI0061_20200625,Winam,1,3,2020-06-25
3860,1,1,WI0062_20200625,Winam,1,3,2020-06-25
3861,1,1,WI0063_20200625,Winam,1,3,2020-06-25
3862,1,1,WI0064_20200625,Winam,1,3,2020-06-25
3863,1,1,WI0065_20200625,Winam,1,3,2020-06-25
3864,1,1,WI0066_20200625,Winam,1,3,2020-06-25
3865,1,1,WI0067_20200625,Winam,1,3,2020-06-25
3866,1,1,WI0068_20200625,Winam,1,3,2020-06-25
3867,1,1,WI0069_20200625,Winam,1,3,2020-06-25
3868,1,1,WI0070_20200625,Winam,1,3,2020-06-25
3869,1,1,WI0071_20200625,Winam,1,3,2020-06-25
3870,1,1,WI0072_20200625,Winam,1,3,2020-06-25
3871,1,1,WI0073_20200625,Winam,1,3,2020-06-25
3872,1,1,WI0074_20200625,Winam,1,3,2020-06-25
3873,1,1,WI0075_20200625,Winam,1,3,2020-06-25
3874,1,1,WI0076_20200625,Winam,1,3,2020-06-25
3875,1,1,WI0077_20200625,Winam,1,3,2020-06-25
3876,1,1,WI0078_20200625,Winam,1,3,2020-06-25
3877,1,1,WI0079_20200625,Winam,1,3,2020-06-25
3878,1,1,WI0080_20200625,Winam,1,3,2020-06-25
3879,1,1,WI0081_20200625,Winam,1,3,2020-06-25
3880,1,1,WI0082_20200625,Winam,1,3,2020-06-25
3881,1,1,WI0083_20200625,Winam,1,3,2020-06-25
3882,1,1,WI0084_20200625,Winam,1,3,2020-06-25
3883,1,1,WI0085_20200625,Winam,1,3,2020-06-25
3884,1,1,WI0086_20200625,Winam,1,3,2020-06-25
3885,1,1,WI0087_20200625,Winam,1,3,2020-06-25
3886,1,1,WI0088_20200625,Winam,1,3,2020-06-25
3887,1,1,WI0089_20200625,Winam,1,3,2020-06-25
3888,1,1,WI0090_20200625,Winam,1,3,2020-06-25
3889,1,0,WI0091_20200625,Winam,1,3,2020-06-25
3890,1,1,WI0092_20200625,Winam,1,3,2020-06-25
3891,1,1,WI0093_20200625,Winam,1,3,2020-06-25
3892,1,1,WI0094_20200625,Winam,1,3,2020-06-25
3893,1,1,WI0095_20200625,Winam,1,3,2020-06-25
3894,1,1,WI0096_20200625,Winam,1,3,2020-06-25
3895,1,1,WI0097_20200625,Winam,1,3,2020-06-25
3896,1,1,WI0098_20200625,Winam,1,3,2020-06-25
3897,1,1,WI0099_20200625,Winam,1,3,2020-06-25
3898,1,1,WI0100_20200625,Winam,1,3,2020-06-25
3899,1,1,WI0101_20200625,Winam,1,3,2020-06-25
3900,1,1,WI0102_20200625,Winam,1,3,2020-06-25
3901,0,0,WI0103_20200625,Winam,0,1,2020-06-25
3902,0,0,WI0104_20200625,Winam,0,1,2020-06-25
3903,0,0,WI0105_20200625,Winam,0,1,2020-06-25
3904,0,0,WI0106_20200625,Winam,0,1,2020-06-25
3905,0,0,WI0107_20200625,Winam,0,1,2020-06-25
3906,0,1,WI0108_20200625,Winam,0,1,2020-06-25
3907,0,1,WI0109_20200625,Winam,0,1,2020-06-25
3908,0,0,WI0110_20200625,Winam,0,1,2020-06-25
3909,0,0,WI0111_20200625,Winam,0,1,2020-06-25
3910,0,0,WI0112_20200625,Winam,0,1,2020-06-25
3911,0,0,WI0113_20200625,Winam,0,1,2020-06-25
3912,0,0,WI0114_20200625,Winam,0,1,2020-06-25
3913,0,1,WI0115_20200625,Winam,0,1,2020-06-25
3914,0,0,WI0116_20200625,Winam,0,1,2020-06-25
3915,0,0,WI0117_20200625,Winam,0,1,2020-06-25
3916,0,0,WI0118_20200625,Winam,0,1,2020-06-25
3917,0,0,WI0119_20200625,Winam,0,1,2020-06-25
3918,0,0,WI0120_20200625,Winam,0,1,2020-06-25
3919,0,0,WI0121_20200625,Winam,0,1,2020-06-25
3920,0,0,WI0122_20200625,Winam,0,1,2020-06-25
3921,0,0,WI0123_20200625,Winam,0,1,2020-06-25
3922,0,0,WI0124_20200625,Winam,0,1,2020-06-25
3923,0,0,WI0125_20200625,Winam,0,1,2020-06-25
3924,0,0,WI0126_20200625,Winam,0,1,2020-06-25
3925,0,0,WI0127_20200625,Winam,0,1,2020-06-25
3926,0,0,WI0128_20200625,Winam,0,1,2020-06-25
3927,0,0,WI0129_20200625,Winam,0,1,2020-06-25
3928,0,1,WI0130_20200625,Winam,0,1,2020-06-25
3929,0,0,WI0131_20200625,Winam,0,1,2020-06-25
3930,0,0,WI0132_20200625,Winam,0,1,2020-06-25
3931,0,1,WI0133_20200625,Winam,0,4,2020-06-25
3932,0,1,WI0134_20200625,Winam,0,4,2020-06-25
3933,0,1,WI0135_20200625,Winam,0,4,2020-06-25
3934,0,1,WI0136_20200625,Winam,0,4,2020-06-25
3935,0,1,WI0137_20200625,Winam,0,4,2020-06-25
3936,0,1,WI0138_20200625,Winam,0,4,2020-06-25
3937,0,0,WI0139_20200625,Winam,0,4,2020-06-25
3938,0,0,WI0140_20200625,Winam,0,4,2020-06-25
3939,0,1,WI0141_20200625,Winam,0,4,2020-06-25
3940,0,1,WI0142_20200625,Winam,0,4,2020-06-25
3941,0,1,WI0143_20200625,Winam,0,4,2020-06-25
3942,0,0,WI0144_20200625,Winam,0,4,2020-06-25
3943,0,1,WI0145_20200625,Winam,0,4,2020-06-25
3944,0,1,WI0146_20200625,Winam,0,4,2020-06-25
3945,0,0,WI0147_20200625,Winam,0,4,2020-06-25
3946,0,0,WI0148_20200625,Winam,0,4,2020-06-25
3947,0,1,WI0149_20200625,Winam,0,4,2020-06-25
3948,0,0,WI0150_20200625,Winam,0,4,2020-06-25
3949,0,0,WI0151_20200625,Winam,0,4,2020-06-25
3950,0,0,WI0152_20200625,Winam,0,4,2020-06-25
3951,0,0,WI0153_20200625,Winam,0,4,2020-06-25
3952,0,0,WI0154_20200625,Winam,0,4,2020-06-25
3953,0,0,WI0155_20200625,Winam,0,4,2020-06-25
3954,0,0,WI0156_20200625,Winam,0,4,2020-06-25
3955,0,0,WI0157_20200625,Winam,0,4,2020-06-25
3956,0,0,WI0158_20200625,Winam,0,4,2020-06-25
3957,0,0,WI0159_20200625,Winam,0,4,2020-06-25
3958,0,0,WI0160_20200625,Winam,0,4,2020-06-25
3959,0,1,WI0161_20200625,Winam,0,4,2020-06-25
3960,0,0,WI0162_20200625,Winam,0,4,2020-06-25
3961,0,0,WI0163_20200625,Winam,0,4,2020-06-25
3962,0,0,WI0164_20200625,Winam,0,4,2020-06-25
3963,0,0,WI0165_20200625,Winam,0,4,2020-06-25
3964,0,0,WI0166_20200625,Winam,0,4,2020-06-25
3965,0,0,WI0167_20200625,Winam,0,4,2020-06-25
3966,0,0,WI0168_20200625,Winam,0,4,2020-06-25
3967,0,0,WI0169_20200625,Winam,0,4,2020-06-25
3968,0,1,WI0170_20200625,Winam,0,4,2020-06-25
3969,0,0,WI0171_20200625,Winam,0,4,2020-06-25
3970,0,1,WI0172_20200625,Winam,0,4,2020-06-25
3971,0,0,WI0173_20200625,Winam,0,2,2020-06-25
3972,0,0,WI0174_20200625,Winam,0,2,2020-06-25
3973,0,0,WI0175_20200625,Winam,0,2,2020-06-25
3974,0,0,WI0176_20200625,Winam,0,2,2020-06-25
3975,0,0,WI0177_20200625,Winam,0,2,2020-06-25
3976,0,0,WI0178_20200625,Winam,0,2,2020-06-25
3977,0,0,WI0179_20200625,Winam,0,2,2020-06-25
3978,0,0,WI0180_20200625,Winam,0,2,2020-06-25
3979,0,0,WI0181_20200625,Winam,0,2,2020-06-25
3980,0,0,WI0182_20200625,Winam,0,2,2020-06-25
3981,0,0,WI0183_20200625,Winam,0,2,2020-06-25
3982,0,0,WI0184_20200625,Winam,0,2,2020-06-25
3983,0,0,WI0185_20200625,Winam,0,2,2020-06-25
3984,0,0,WI0186_20200625,Winam,0,2,2020-06-25
3985,0,0,WI0187_20200625,Winam,0,2,2020-06-25
3986,0,0,WI0188_20200625,Winam,0,2,2020-06-25
3987,0,0,WI0189_20200625,Winam,0,2,2020-06-25
3988,0,0,WI0190_20200625,Winam,0,2,2020-06-25
3989,0,0,WI0191_20200625,Winam,0,2,2020-06-25
3990,0,0,WI0192_20200625,Winam,0,2,2020-06-25
3991,0,0,WI0193_20200625,Winam,0,2,2020-06-25
3992,0,0,WI0194_20200625,Winam,0,2,2020-06-25
3993,0,0,WI0195_20200625,Winam,0,2,2020-06-25
3994,0,0,WI0196_20200625,Winam,0,2,2020-06-25
3995,0,0,WI0197_20200625,Winam,0,2,2020-06-25
3996,0,0,WI0198_20200625,Winam,0,2,2020-06-25
3997,0,0,WI0199_20200625,Winam,0,2,2020-06-25
3998,0,0,WI0200_20200625,Winam,0,2,2020-06-25
3999,0,0,WI0201_20200625,Winam,0,2,2020-06-25
4000,0,0,WI0202_20200625,Winam,0,2,2020-06-25
